2026-03-23 09:42:51,530 - INFO - === 4o_vehicle_control API对比工具启动 ===
2026-03-23 09:42:54,374 - DEBUG - CaseID: 1 - parse_multi_results输入 - name_str: 'device_control', args_str: '{"action":"turnon","function_option":"COLD_STORAGE","entity":"REFRIGERATOR"}'
2026-03-23 09:42:54,374 - DEBUG - CaseID: 1 - parse_multi_results输出: [{'name': 'device_control', 'args': {'action': 'turnon', 'entity': 'REFRIGERATOR', 'function_option': 'COLD_STORAGE'}}]
2026-03-23 09:42:54,374 - DEBUG - CaseID: 1 - parse_multi_results输入 - name_str: 'device_control', args_str: '{"action":"turnon","function_option":"COLD_STORAGE","entity":"REFRIGERATOR"}'
2026-03-23 09:42:54,374 - DEBUG - CaseID: 1 - parse_multi_results输出: [{'name': 'device_control', 'args': {'action': 'turnon', 'entity': 'REFRIGERATOR', 'function_option': 'COLD_STORAGE'}}]
2026-03-23 09:42:54,374 - DEBUG - CaseID: 1 - expected_results: [{'name': 'device_control', 'args': {'action': 'turnon', 'entity': 'REFRIGERATOR', 'function_option': 'COLD_STORAGE'}}]
2026-03-23 09:42:54,374 - DEBUG - CaseID: 1 - actual_results: [{'name': 'device_control', 'args': {'action': 'turnon', 'entity': 'REFRIGERATOR', 'function_option': 'COLD_STORAGE'}}]
2026-03-23 09:42:54,374 - DEBUG - CaseID: 1 - expected_keys: {('device_control', '{"action": "turnon", "entity": "REFRIGERATOR", "function_option": "COLD_STORAGE"}')}
2026-03-23 09:42:54,374 - DEBUG - CaseID: 1 - actual_keys: {('device_control', '{"action": "turnon", "entity": "REFRIGERATOR", "function_option": "COLD_STORAGE"}')}
2026-03-23 09:42:54,374 - DEBUG - CaseID: 2 - parse_multi_results输入 - name_str: 'device_control', args_str: '{"action":"turnoff","function_option":"COLD_STORAGE","entity":"REFRIGERATOR"}'
2026-03-23 09:42:54,374 - DEBUG - CaseID: 2 - parse_multi_results输出: [{'name': 'device_control', 'args': {'action': 'turnoff', 'entity': 'REFRIGERATOR', 'function_option': 'COLD_STORAGE'}}]
2026-03-23 09:42:54,374 - DEBUG - CaseID: 2 - parse_multi_results输入 - name_str: 'device_control', args_str: '{"action":"turnoff","function_option":"COLD_STORAGE","entity":"REFRIGERATOR"}'
2026-03-23 09:42:54,374 - DEBUG - CaseID: 2 - parse_multi_results输出: [{'name': 'device_control', 'args': {'action': 'turnoff', 'entity': 'REFRIGERATOR', 'function_option': 'COLD_STORAGE'}}]
2026-03-23 09:42:54,374 - DEBUG - CaseID: 2 - expected_results: [{'name': 'device_control', 'args': {'action': 'turnoff', 'entity': 'REFRIGERATOR', 'function_option': 'COLD_STORAGE'}}]
2026-03-23 09:42:54,374 - DEBUG - CaseID: 2 - actual_results: [{'name': 'device_control', 'args': {'action': 'turnoff', 'entity': 'REFRIGERATOR', 'function_option': 'COLD_STORAGE'}}]
2026-03-23 09:42:54,374 - DEBUG - CaseID: 2 - expected_keys: {('device_control', '{"action": "turnoff", "entity": "REFRIGERATOR", "function_option": "COLD_STORAGE"}')}
2026-03-23 09:42:54,375 - DEBUG - CaseID: 2 - actual_keys: {('device_control', '{"action": "turnoff", "entity": "REFRIGERATOR", "function_option": "COLD_STORAGE"}')}
2026-03-23 09:42:54,375 - DEBUG - CaseID: 3 - parse_multi_results输入 - name_str: 'device_control', args_str: '{"action":"turnon","function_option":"FREEZING","entity":"REFRIGERATOR"}'
2026-03-23 09:42:54,375 - DEBUG - CaseID: 3 - parse_multi_results输出: [{'name': 'device_control', 'args': {'action': 'turnon', 'entity': 'REFRIGERATOR', 'function_option': 'FREEZING'}}]
2026-03-23 09:42:54,375 - DEBUG - CaseID: 3 - parse_multi_results输入 - name_str: 'device_control', args_str: '{"action":"turnon","function_option":"FREEZING","entity":"REFRIGERATOR"}'
2026-03-23 09:42:54,375 - DEBUG - CaseID: 3 - parse_multi_results输出: [{'name': 'device_control', 'args': {'action': 'turnon', 'entity': 'REFRIGERATOR', 'function_option': 'FREEZING'}}]
2026-03-23 09:42:54,375 - DEBUG - CaseID: 3 - expected_results: [{'name': 'device_control', 'args': {'action': 'turnon', 'entity': 'REFRIGERATOR', 'function_option': 'FREEZING'}}]
2026-03-23 09:42:54,375 - DEBUG - CaseID: 3 - actual_results: [{'name': 'device_control', 'args': {'action': 'turnon', 'entity': 'REFRIGERATOR', 'function_option': 'FREEZING'}}]
2026-03-23 09:42:54,375 - DEBUG - CaseID: 3 - expected_keys: {('device_control', '{"action": "turnon", "entity": "REFRIGERATOR", "function_option": "FREEZING"}')}
2026-03-23 09:42:54,375 - DEBUG - CaseID: 3 - actual_keys: {('device_control', '{"action": "turnon", "entity": "REFRIGERATOR", "function_option": "FREEZING"}')}
2026-03-23 09:42:54,375 - DEBUG - CaseID: 4 - parse_multi_results输入 - name_str: 'device_control', args_str: '{"action":"turnoff","function_option":"FREEZING","entity":"REFRIGERATOR"}'
2026-03-23 09:42:54,375 - DEBUG - CaseID: 4 - parse_multi_results输出: [{'name': 'device_control', 'args': {'action': 'turnoff', 'entity': 'REFRIGERATOR', 'function_option': 'FREEZING'}}]
2026-03-23 09:42:54,375 - DEBUG - CaseID: 4 - parse_multi_results输入 - name_str: 'device_control', args_str: '{"action":"turnoff","function_option":"FREEZING","entity":"REFRIGERATOR"}'
2026-03-23 09:42:54,375 - DEBUG - CaseID: 4 - parse_multi_results输出: [{'name': 'device_control', 'args': {'action': 'turnoff', 'entity': 'REFRIGERATOR', 'function_option': 'FREEZING'}}]
2026-03-23 09:42:54,375 - DEBUG - CaseID: 4 - expected_results: [{'name': 'device_control', 'args': {'action': 'turnoff', 'entity': 'REFRIGERATOR', 'function_option': 'FREEZING'}}]
2026-03-23 09:42:54,375 - DEBUG - CaseID: 4 - actual_results: [{'name': 'device_control', 'args': {'action': 'turnoff', 'entity': 'REFRIGERATOR', 'function_option': 'FREEZING'}}]
2026-03-23 09:42:54,375 - DEBUG - CaseID: 4 - expected_keys: {('device_control', '{"action": "turnoff", "entity": "REFRIGERATOR", "function_option": "FREEZING"}')}
2026-03-23 09:42:54,375 - DEBUG - CaseID: 4 - actual_keys: {('device_control', '{"action": "turnoff", "entity": "REFRIGERATOR", "function_option": "FREEZING"}')}
2026-03-23 09:42:54,375 - DEBUG - CaseID: 5 - parse_multi_results输入 - name_str: 'device_control', args_str: '{"action":"turnon","function_option":"ICE_SLUSH","entity":"REFRIGERATOR"}'
2026-03-23 09:42:54,375 - DEBUG - CaseID: 5 - parse_multi_results输出: [{'name': 'device_control', 'args': {'action': 'turnon', 'entity': 'REFRIGERATOR', 'function_option': 'ICE_SLUSH'}}]
2026-03-23 09:42:54,375 - DEBUG - CaseID: 5 - parse_multi_results输入 - name_str: 'device_control', args_str: '{"action":"turnon","function_option":"ICE_SLUSH","entity":"REFRIGERATOR"}'
2026-03-23 09:42:54,375 - DEBUG - CaseID: 5 - parse_multi_results输出: [{'name': 'device_control', 'args': {'action': 'turnon', 'entity': 'REFRIGERATOR', 'function_option': 'ICE_SLUSH'}}]
2026-03-23 09:42:54,375 - DEBUG - CaseID: 5 - expected_results: [{'name': 'device_control', 'args': {'action': 'turnon', 'entity': 'REFRIGERATOR', 'function_option': 'ICE_SLUSH'}}]
2026-03-23 09:42:54,375 - DEBUG - CaseID: 5 - actual_results: [{'name': 'device_control', 'args': {'action': 'turnon', 'entity': 'REFRIGERATOR', 'function_option': 'ICE_SLUSH'}}]
2026-03-23 09:42:54,375 - DEBUG - CaseID: 5 - expected_keys: {('device_control', '{"action": "turnon", "entity": "REFRIGERATOR", "function_option": "ICE_SLUSH"}')}
2026-03-23 09:42:54,375 - DEBUG - CaseID: 5 - actual_keys: {('device_control', '{"action": "turnon", "entity": "REFRIGERATOR", "function_option": "ICE_SLUSH"}')}
2026-03-23 09:42:54,375 - DEBUG - CaseID: 6 - parse_multi_results输入 - name_str: 'device_control', args_str: '{"action":"turnoff","function_option":"ICE_SLUSH","entity":"REFRIGERATOR"}'
2026-03-23 09:42:54,375 - DEBUG - CaseID: 6 - parse_multi_results输出: [{'name': 'device_control', 'args': {'action': 'turnoff', 'entity': 'REFRIGERATOR', 'function_option': 'ICE_SLUSH'}}]
2026-03-23 09:42:54,375 - DEBUG - CaseID: 6 - parse_multi_results输入 - name_str: 'device_control', args_str: '{"action":"turnoff","function_option":"ICE_SLUSH","entity":"REFRIGERATOR"}'
2026-03-23 09:42:54,375 - DEBUG - CaseID: 6 - parse_multi_results输出: [{'name': 'device_control', 'args': {'action': 'turnoff', 'entity': 'REFRIGERATOR', 'function_option': 'ICE_SLUSH'}}]
2026-03-23 09:42:54,375 - DEBUG - CaseID: 6 - expected_results: [{'name': 'device_control', 'args': {'action': 'turnoff', 'entity': 'REFRIGERATOR', 'function_option': 'ICE_SLUSH'}}]
2026-03-23 09:42:54,375 - DEBUG - CaseID: 6 - actual_results: [{'name': 'device_control', 'args': {'action': 'turnoff', 'entity': 'REFRIGERATOR', 'function_option': 'ICE_SLUSH'}}]
2026-03-23 09:42:54,376 - DEBUG - CaseID: 6 - expected_keys: {('device_control', '{"action": "turnoff", "entity": "REFRIGERATOR", "function_option": "ICE_SLUSH"}')}
2026-03-23 09:42:54,376 - DEBUG - CaseID: 6 - actual_keys: {('device_control', '{"action": "turnoff", "entity": "REFRIGERATOR", "function_option": "ICE_SLUSH"}')}
2026-03-23 09:42:54,376 - DEBUG - CaseID: 7 - parse_multi_results输入 - name_str: 'device_control', args_str: '{"action":"turnon","function_option":"COSMETIC","entity":"REFRIGERATOR"}'
2026-03-23 09:42:54,376 - DEBUG - CaseID: 7 - parse_multi_results输出: [{'name': 'device_control', 'args': {'action': 'turnon', 'entity': 'REFRIGERATOR', 'function_option': 'COSMETIC'}}]
2026-03-23 09:42:54,376 - DEBUG - CaseID: 7 - parse_multi_results输入 - name_str: 'device_control', args_str: '{"action":"turnon","function_option":"COSMETIC","entity":"REFRIGERATOR"}'
2026-03-23 09:42:54,376 - DEBUG - CaseID: 7 - parse_multi_results输出: [{'name': 'device_control', 'args': {'action': 'turnon', 'entity': 'REFRIGERATOR', 'function_option': 'COSMETIC'}}]
2026-03-23 09:42:54,376 - DEBUG - CaseID: 7 - expected_results: [{'name': 'device_control', 'args': {'action': 'turnon', 'entity': 'REFRIGERATOR', 'function_option': 'COSMETIC'}}]
2026-03-23 09:42:54,376 - DEBUG - CaseID: 7 - actual_results: [{'name': 'device_control', 'args': {'action': 'turnon', 'entity': 'REFRIGERATOR', 'function_option': 'COSMETIC'}}]
2026-03-23 09:42:54,376 - DEBUG - CaseID: 7 - expected_keys: {('device_control', '{"action": "turnon", "entity": "REFRIGERATOR", "function_option": "COSMETIC"}')}
2026-03-23 09:42:54,376 - DEBUG - CaseID: 7 - actual_keys: {('device_control', '{"action": "turnon", "entity": "REFRIGERATOR", "function_option": "COSMETIC"}')}
2026-03-23 09:42:54,376 - DEBUG - CaseID: 8 - parse_multi_results输入 - name_str: 'device_control', args_str: '{"action":"turnoff","function_option":"COSMETIC","entity":"REFRIGERATOR"}'
2026-03-23 09:42:54,376 - DEBUG - CaseID: 8 - parse_multi_results输出: [{'name': 'device_control', 'args': {'action': 'turnoff', 'entity': 'REFRIGERATOR', 'function_option': 'COSMETIC'}}]
2026-03-23 09:42:54,376 - DEBUG - CaseID: 8 - parse_multi_results输入 - name_str: 'device_control', args_str: '{"action":"turnoff","function_option":"COSMETIC","entity":"REFRIGERATOR"}'
2026-03-23 09:42:54,376 - DEBUG - CaseID: 8 - parse_multi_results输出: [{'name': 'device_control', 'args': {'action': 'turnoff', 'entity': 'REFRIGERATOR', 'function_option': 'COSMETIC'}}]
2026-03-23 09:42:54,376 - DEBUG - CaseID: 8 - expected_results: [{'name': 'device_control', 'args': {'action': 'turnoff', 'entity': 'REFRIGERATOR', 'function_option': 'COSMETIC'}}]
2026-03-23 09:42:54,376 - DEBUG - CaseID: 8 - actual_results: [{'name': 'device_control', 'args': {'action': 'turnoff', 'entity': 'REFRIGERATOR', 'function_option': 'COSMETIC'}}]
2026-03-23 09:42:54,376 - DEBUG - CaseID: 8 - expected_keys: {('device_control', '{"action": "turnoff", "entity": "REFRIGERATOR", "function_option": "COSMETIC"}')}
2026-03-23 09:42:54,376 - DEBUG - CaseID: 8 - actual_keys: {('device_control', '{"action": "turnoff", "entity": "REFRIGERATOR", "function_option": "COSMETIC"}')}
2026-03-23 09:42:54,376 - DEBUG - CaseID: 9 - parse_multi_results输入 - name_str: 'device_control', args_str: '{"action":"turnon","function_option":"HOT_DRINK","entity":"REFRIGERATOR"}'
2026-03-23 09:42:54,376 - DEBUG - CaseID: 9 - parse_multi_results输出: [{'name': 'device_control', 'args': {'action': 'turnon', 'entity': 'REFRIGERATOR', 'function_option': 'HOT_DRINK'}}]
2026-03-23 09:42:54,376 - DEBUG - CaseID: 9 - parse_multi_results输入 - name_str: 'device_control', args_str: '{"action":"turnon","function_option":"HOT_DRINK","entity":"REFRIGERATOR"}'
2026-03-23 09:42:54,376 - DEBUG - CaseID: 9 - parse_multi_results输出: [{'name': 'device_control', 'args': {'action': 'turnon', 'entity': 'REFRIGERATOR', 'function_option': 'HOT_DRINK'}}]
2026-03-23 09:42:54,376 - DEBUG - CaseID: 9 - expected_results: [{'name': 'device_control', 'args': {'action': 'turnon', 'entity': 'REFRIGERATOR', 'function_option': 'HOT_DRINK'}}]
2026-03-23 09:42:54,376 - DEBUG - CaseID: 9 - actual_results: [{'name': 'device_control', 'args': {'action': 'turnon', 'entity': 'REFRIGERATOR', 'function_option': 'HOT_DRINK'}}]
2026-03-23 09:42:54,376 - DEBUG - CaseID: 9 - expected_keys: {('device_control', '{"action": "turnon", "entity": "REFRIGERATOR", "function_option": "HOT_DRINK"}')}
2026-03-23 09:42:54,376 - DEBUG - CaseID: 9 - actual_keys: {('device_control', '{"action": "turnon", "entity": "REFRIGERATOR", "function_option": "HOT_DRINK"}')}
2026-03-23 09:42:54,376 - DEBUG - CaseID: 10 - parse_multi_results输入 - name_str: 'device_control', args_str: '{"action":"turnoff","function_option":"HOT_DRINK","entity":"REFRIGERATOR"}'
2026-03-23 09:42:54,376 - DEBUG - CaseID: 10 - parse_multi_results输出: [{'name': 'device_control', 'args': {'action': 'turnoff', 'entity': 'REFRIGERATOR', 'function_option': 'HOT_DRINK'}}]
2026-03-23 09:42:54,376 - DEBUG - CaseID: 10 - parse_multi_results输入 - name_str: 'device_control', args_str: '{"action":"turnoff","function_option":"HOT_DRINK","entity":"REFRIGERATOR"}'
2026-03-23 09:42:54,376 - DEBUG - CaseID: 10 - parse_multi_results输出: [{'name': 'device_control', 'args': {'action': 'turnoff', 'entity': 'REFRIGERATOR', 'function_option': 'HOT_DRINK'}}]
2026-03-23 09:42:54,376 - DEBUG - CaseID: 10 - expected_results: [{'name': 'device_control', 'args': {'action': 'turnoff', 'entity': 'REFRIGERATOR', 'function_option': 'HOT_DRINK'}}]
2026-03-23 09:42:54,376 - DEBUG - CaseID: 10 - actual_results: [{'name': 'device_control', 'args': {'action': 'turnoff', 'entity': 'REFRIGERATOR', 'function_option': 'HOT_DRINK'}}]
2026-03-23 09:42:54,376 - DEBUG - CaseID: 10 - expected_keys: {('device_control', '{"action": "turnoff", "entity": "REFRIGERATOR", "function_option": "HOT_DRINK"}')}
2026-03-23 09:42:54,376 - DEBUG - CaseID: 10 - actual_keys: {('device_control', '{"action": "turnoff", "entity": "REFRIGERATOR", "function_option": "HOT_DRINK"}')}
2026-03-23 09:42:54,376 - DEBUG - CaseID: 11 - parse_multi_results输入 - name_str: 'device_control', args_str: '{"action":"turnon","function_option":"WARM_MILK","entity":"REFRIGERATOR"}'
2026-03-23 09:42:54,377 - DEBUG - CaseID: 11 - parse_multi_results输出: [{'name': 'device_control', 'args': {'action': 'turnon', 'entity': 'REFRIGERATOR', 'function_option': 'WARM_MILK'}}]
2026-03-23 09:42:54,377 - DEBUG - CaseID: 11 - parse_multi_results输入 - name_str: 'device_control', args_str: '{"action":"turnon","function_option":"WARM_MILK","entity":"REFRIGERATOR"}'
2026-03-23 09:42:54,377 - DEBUG - CaseID: 11 - parse_multi_results输出: [{'name': 'device_control', 'args': {'action': 'turnon', 'entity': 'REFRIGERATOR', 'function_option': 'WARM_MILK'}}]
2026-03-23 09:42:54,377 - DEBUG - CaseID: 11 - expected_results: [{'name': 'device_control', 'args': {'action': 'turnon', 'entity': 'REFRIGERATOR', 'function_option': 'WARM_MILK'}}]
2026-03-23 09:42:54,377 - DEBUG - CaseID: 11 - actual_results: [{'name': 'device_control', 'args': {'action': 'turnon', 'entity': 'REFRIGERATOR', 'function_option': 'WARM_MILK'}}]
2026-03-23 09:42:54,377 - DEBUG - CaseID: 11 - expected_keys: {('device_control', '{"action": "turnon", "entity": "REFRIGERATOR", "function_option": "WARM_MILK"}')}
2026-03-23 09:42:54,377 - DEBUG - CaseID: 11 - actual_keys: {('device_control', '{"action": "turnon", "entity": "REFRIGERATOR", "function_option": "WARM_MILK"}')}
2026-03-23 09:42:54,377 - DEBUG - CaseID: 12 - parse_multi_results输入 - name_str: 'device_control', args_str: '{"action":"turnoff","function_option":"WARM_MILK","entity":"REFRIGERATOR"}'
2026-03-23 09:42:54,377 - DEBUG - CaseID: 12 - parse_multi_results输出: [{'name': 'device_control', 'args': {'action': 'turnoff', 'entity': 'REFRIGERATOR', 'function_option': 'WARM_MILK'}}]
2026-03-23 09:42:54,377 - DEBUG - CaseID: 12 - parse_multi_results输入 - name_str: 'device_control', args_str: '{"action":"turnoff","function_option":"WARM_MILK","entity":"REFRIGERATOR"}'
2026-03-23 09:42:54,377 - DEBUG - CaseID: 12 - parse_multi_results输出: [{'name': 'device_control', 'args': {'action': 'turnoff', 'entity': 'REFRIGERATOR', 'function_option': 'WARM_MILK'}}]
2026-03-23 09:42:54,377 - DEBUG - CaseID: 12 - expected_results: [{'name': 'device_control', 'args': {'action': 'turnoff', 'entity': 'REFRIGERATOR', 'function_option': 'WARM_MILK'}}]
2026-03-23 09:42:54,377 - DEBUG - CaseID: 12 - actual_results: [{'name': 'device_control', 'args': {'action': 'turnoff', 'entity': 'REFRIGERATOR', 'function_option': 'WARM_MILK'}}]
2026-03-23 09:42:54,377 - DEBUG - CaseID: 12 - expected_keys: {('device_control', '{"action": "turnoff", "entity": "REFRIGERATOR", "function_option": "WARM_MILK"}')}
2026-03-23 09:42:54,377 - DEBUG - CaseID: 12 - actual_keys: {('device_control', '{"action": "turnoff", "entity": "REFRIGERATOR", "function_option": "WARM_MILK"}')}
2026-03-23 09:42:54,377 - DEBUG - CaseID: 13 - parse_multi_results输入 - name_str: 'device_control', args_str: '{"action":"turnon","function_option":"COLD_STORAGE","entity":"REFRIGERATOR"}'
2026-03-23 09:42:54,377 - DEBUG - CaseID: 13 - parse_multi_results输出: [{'name': 'device_control', 'args': {'action': 'turnon', 'entity': 'REFRIGERATOR', 'function_option': 'COLD_STORAGE'}}]
2026-03-23 09:42:54,377 - DEBUG - CaseID: 13 - parse_multi_results输入 - name_str: 'device_control', args_str: '{"action":"turnon","function_option":"COLD_STORAGE","entity":"REFRIGERATOR"}'
2026-03-23 09:42:54,377 - DEBUG - CaseID: 13 - parse_multi_results输出: [{'name': 'device_control', 'args': {'action': 'turnon', 'entity': 'REFRIGERATOR', 'function_option': 'COLD_STORAGE'}}]
2026-03-23 09:42:54,377 - DEBUG - CaseID: 13 - expected_results: [{'name': 'device_control', 'args': {'action': 'turnon', 'entity': 'REFRIGERATOR', 'function_option': 'COLD_STORAGE'}}]
2026-03-23 09:42:54,377 - DEBUG - CaseID: 13 - actual_results: [{'name': 'device_control', 'args': {'action': 'turnon', 'entity': 'REFRIGERATOR', 'function_option': 'COLD_STORAGE'}}]
2026-03-23 09:42:54,377 - DEBUG - CaseID: 13 - expected_keys: {('device_control', '{"action": "turnon", "entity": "REFRIGERATOR", "function_option": "COLD_STORAGE"}')}
2026-03-23 09:42:54,377 - DEBUG - CaseID: 13 - actual_keys: {('device_control', '{"action": "turnon", "entity": "REFRIGERATOR", "function_option": "COLD_STORAGE"}')}
2026-03-23 09:42:54,377 - DEBUG - CaseID: 14 - parse_multi_results输入 - name_str: 'device_control', args_str: '{"action":"turnon","function_option":"COLD_STORAGE","entity":"REFRIGERATOR"}'
2026-03-23 09:42:54,377 - DEBUG - CaseID: 14 - parse_multi_results输出: [{'name': 'device_control', 'args': {'action': 'turnon', 'entity': 'REFRIGERATOR', 'function_option': 'COLD_STORAGE'}}]
2026-03-23 09:42:54,377 - DEBUG - CaseID: 14 - parse_multi_results输入 - name_str: 'device_control', args_str: '{"action":"turnon","function_option":"COLD_STORAGE","entity":"REFRIGERATOR"}'
2026-03-23 09:42:54,377 - DEBUG - CaseID: 14 - parse_multi_results输出: [{'name': 'device_control', 'args': {'action': 'turnon', 'entity': 'REFRIGERATOR', 'function_option': 'COLD_STORAGE'}}]
2026-03-23 09:42:54,377 - DEBUG - CaseID: 14 - expected_results: [{'name': 'device_control', 'args': {'action': 'turnon', 'entity': 'REFRIGERATOR', 'function_option': 'COLD_STORAGE'}}]
2026-03-23 09:42:54,377 - DEBUG - CaseID: 14 - actual_results: [{'name': 'device_control', 'args': {'action': 'turnon', 'entity': 'REFRIGERATOR', 'function_option': 'COLD_STORAGE'}}]
2026-03-23 09:42:54,377 - DEBUG - CaseID: 14 - expected_keys: {('device_control', '{"action": "turnon", "entity": "REFRIGERATOR", "function_option": "COLD_STORAGE"}')}
2026-03-23 09:42:54,377 - DEBUG - CaseID: 14 - actual_keys: {('device_control', '{"action": "turnon", "entity": "REFRIGERATOR", "function_option": "COLD_STORAGE"}')}
2026-03-23 09:42:54,377 - DEBUG - CaseID: 15 - parse_multi_results输入 - name_str: 'device_control', args_str: '{"action":"turnon","function_option":"COLD_STORAGE","entity":"REFRIGERATOR"}'
2026-03-23 09:42:54,377 - DEBUG - CaseID: 15 - parse_multi_results输出: [{'name': 'device_control', 'args': {'action': 'turnon', 'entity': 'REFRIGERATOR', 'function_option': 'COLD_STORAGE'}}]
2026-03-23 09:42:54,377 - DEBUG - CaseID: 15 - parse_multi_results输入 - name_str: 'device_control', args_str: '{"action":"turnon","function_option":"COLD_STORAGE","entity":"REFRIGERATOR"}'
2026-03-23 09:42:54,377 - DEBUG - CaseID: 15 - parse_multi_results输出: [{'name': 'device_control', 'args': {'action': 'turnon', 'entity': 'REFRIGERATOR', 'function_option': 'COLD_STORAGE'}}]
2026-03-23 09:42:54,377 - DEBUG - CaseID: 15 - expected_results: [{'name': 'device_control', 'args': {'action': 'turnon', 'entity': 'REFRIGERATOR', 'function_option': 'COLD_STORAGE'}}]
2026-03-23 09:42:54,377 - DEBUG - CaseID: 15 - actual_results: [{'name': 'device_control', 'args': {'action': 'turnon', 'entity': 'REFRIGERATOR', 'function_option': 'COLD_STORAGE'}}]
2026-03-23 09:42:54,377 - DEBUG - CaseID: 15 - expected_keys: {('device_control', '{"action": "turnon", "entity": "REFRIGERATOR", "function_option": "COLD_STORAGE"}')}
2026-03-23 09:42:54,378 - DEBUG - CaseID: 15 - actual_keys: {('device_control', '{"action": "turnon", "entity": "REFRIGERATOR", "function_option": "COLD_STORAGE"}')}
2026-03-23 09:42:54,378 - DEBUG - CaseID: 16 - parse_multi_results输入 - name_str: 'device_control', args_str: '{"action":"turnon","function_option":"COLD_STORAGE","entity":"REFRIGERATOR"}'
2026-03-23 09:42:54,378 - DEBUG - CaseID: 16 - parse_multi_results输出: [{'name': 'device_control', 'args': {'action': 'turnon', 'entity': 'REFRIGERATOR', 'function_option': 'COLD_STORAGE'}}]
2026-03-23 09:42:54,378 - DEBUG - CaseID: 16 - parse_multi_results输入 - name_str: 'device_control', args_str: '{"action":"turnon","function_option":"COLD_STORAGE","entity":"REFRIGERATOR"}'
2026-03-23 09:42:54,378 - DEBUG - CaseID: 16 - parse_multi_results输出: [{'name': 'device_control', 'args': {'action': 'turnon', 'entity': 'REFRIGERATOR', 'function_option': 'COLD_STORAGE'}}]
2026-03-23 09:42:54,378 - DEBUG - CaseID: 16 - expected_results: [{'name': 'device_control', 'args': {'action': 'turnon', 'entity': 'REFRIGERATOR', 'function_option': 'COLD_STORAGE'}}]
2026-03-23 09:42:54,378 - DEBUG - CaseID: 16 - actual_results: [{'name': 'device_control', 'args': {'action': 'turnon', 'entity': 'REFRIGERATOR', 'function_option': 'COLD_STORAGE'}}]
2026-03-23 09:42:54,378 - DEBUG - CaseID: 16 - expected_keys: {('device_control', '{"action": "turnon", "entity": "REFRIGERATOR", "function_option": "COLD_STORAGE"}')}
2026-03-23 09:42:54,378 - DEBUG - CaseID: 16 - actual_keys: {('device_control', '{"action": "turnon", "entity": "REFRIGERATOR", "function_option": "COLD_STORAGE"}')}
2026-03-23 09:42:54,378 - DEBUG - CaseID: 17 - parse_multi_results输入 - name_str: 'device_control', args_str: '{"action":"turnon","function_option":"COLD_STORAGE","entity":"REFRIGERATOR"}'
2026-03-23 09:42:54,378 - DEBUG - CaseID: 17 - parse_multi_results输出: [{'name': 'device_control', 'args': {'action': 'turnon', 'entity': 'REFRIGERATOR', 'function_option': 'COLD_STORAGE'}}]
2026-03-23 09:42:54,378 - DEBUG - CaseID: 17 - parse_multi_results输入 - name_str: 'device_control', args_str: '{"action":"turnon","function_option":"COLD_STORAGE","entity":"REFRIGERATOR"}'
2026-03-23 09:42:54,378 - DEBUG - CaseID: 17 - parse_multi_results输出: [{'name': 'device_control', 'args': {'action': 'turnon', 'entity': 'REFRIGERATOR', 'function_option': 'COLD_STORAGE'}}]
2026-03-23 09:42:54,378 - DEBUG - CaseID: 17 - expected_results: [{'name': 'device_control', 'args': {'action': 'turnon', 'entity': 'REFRIGERATOR', 'function_option': 'COLD_STORAGE'}}]
2026-03-23 09:42:54,378 - DEBUG - CaseID: 17 - actual_results: [{'name': 'device_control', 'args': {'action': 'turnon', 'entity': 'REFRIGERATOR', 'function_option': 'COLD_STORAGE'}}]
2026-03-23 09:42:54,378 - DEBUG - CaseID: 17 - expected_keys: {('device_control', '{"action": "turnon", "entity": "REFRIGERATOR", "function_option": "COLD_STORAGE"}')}
2026-03-23 09:42:54,378 - DEBUG - CaseID: 17 - actual_keys: {('device_control', '{"action": "turnon", "entity": "REFRIGERATOR", "function_option": "COLD_STORAGE"}')}
2026-03-23 09:42:54,378 - DEBUG - CaseID: 18 - parse_multi_results输入 - name_str: 'device_control', args_str: '{"action":"turnon","function_option":"COLD_STORAGE","entity":"REFRIGERATOR"}'
2026-03-23 09:42:54,378 - DEBUG - CaseID: 18 - parse_multi_results输出: [{'name': 'device_control', 'args': {'action': 'turnon', 'entity': 'REFRIGERATOR', 'function_option': 'COLD_STORAGE'}}]
2026-03-23 09:42:54,378 - DEBUG - CaseID: 18 - parse_multi_results输入 - name_str: 'device_control', args_str: '{"action":"turnon","function_option":"COLD_STORAGE","entity":"REFRIGERATOR"}'
2026-03-23 09:42:54,378 - DEBUG - CaseID: 18 - parse_multi_results输出: [{'name': 'device_control', 'args': {'action': 'turnon', 'entity': 'REFRIGERATOR', 'function_option': 'COLD_STORAGE'}}]
2026-03-23 09:42:54,378 - DEBUG - CaseID: 18 - expected_results: [{'name': 'device_control', 'args': {'action': 'turnon', 'entity': 'REFRIGERATOR', 'function_option': 'COLD_STORAGE'}}]
2026-03-23 09:42:54,378 - DEBUG - CaseID: 18 - actual_results: [{'name': 'device_control', 'args': {'action': 'turnon', 'entity': 'REFRIGERATOR', 'function_option': 'COLD_STORAGE'}}]
2026-03-23 09:42:54,378 - DEBUG - CaseID: 18 - expected_keys: {('device_control', '{"action": "turnon", "entity": "REFRIGERATOR", "function_option": "COLD_STORAGE"}')}
2026-03-23 09:42:54,378 - DEBUG - CaseID: 18 - actual_keys: {('device_control', '{"action": "turnon", "entity": "REFRIGERATOR", "function_option": "COLD_STORAGE"}')}
2026-03-23 09:42:54,378 - DEBUG - CaseID: 19 - parse_multi_results输入 - name_str: 'device_control', args_str: '{"action":"turnon","function_option":"COLD_STORAGE","entity":"REFRIGERATOR"}'
2026-03-23 09:42:54,378 - DEBUG - CaseID: 19 - parse_multi_results输出: [{'name': 'device_control', 'args': {'action': 'turnon', 'entity': 'REFRIGERATOR', 'function_option': 'COLD_STORAGE'}}]
2026-03-23 09:42:54,378 - DEBUG - CaseID: 19 - parse_multi_results输入 - name_str: 'device_control', args_str: '{"action":"turnon","function_option":"COLD_STORAGE","entity":"REFRIGERATOR"}'
2026-03-23 09:42:54,378 - DEBUG - CaseID: 19 - parse_multi_results输出: [{'name': 'device_control', 'args': {'action': 'turnon', 'entity': 'REFRIGERATOR', 'function_option': 'COLD_STORAGE'}}]
2026-03-23 09:42:54,378 - DEBUG - CaseID: 19 - expected_results: [{'name': 'device_control', 'args': {'action': 'turnon', 'entity': 'REFRIGERATOR', 'function_option': 'COLD_STORAGE'}}]
2026-03-23 09:42:54,378 - DEBUG - CaseID: 19 - actual_results: [{'name': 'device_control', 'args': {'action': 'turnon', 'entity': 'REFRIGERATOR', 'function_option': 'COLD_STORAGE'}}]
2026-03-23 09:42:54,378 - DEBUG - CaseID: 19 - expected_keys: {('device_control', '{"action": "turnon", "entity": "REFRIGERATOR", "function_option": "COLD_STORAGE"}')}
2026-03-23 09:42:54,378 - DEBUG - CaseID: 19 - actual_keys: {('device_control', '{"action": "turnon", "entity": "REFRIGERATOR", "function_option": "COLD_STORAGE"}')}
2026-03-23 09:42:54,378 - DEBUG - CaseID: 20 - parse_multi_results输入 - name_str: 'device_control', args_str: '{"action":"turnon","function_option":"COLD_STORAGE","entity":"REFRIGERATOR"}'
2026-03-23 09:42:54,378 - DEBUG - CaseID: 20 - parse_multi_results输出: [{'name': 'device_control', 'args': {'action': 'turnon', 'entity': 'REFRIGERATOR', 'function_option': 'COLD_STORAGE'}}]
2026-03-23 09:42:54,378 - DEBUG - CaseID: 20 - parse_multi_results输入 - name_str: 'device_control', args_str: '{"action":"turnon","function_option":"COLD_STORAGE","entity":"REFRIGERATOR"}'
2026-03-23 09:42:54,378 - DEBUG - CaseID: 20 - parse_multi_results输出: [{'name': 'device_control', 'args': {'action': 'turnon', 'entity': 'REFRIGERATOR', 'function_option': 'COLD_STORAGE'}}]
2026-03-23 09:42:54,378 - DEBUG - CaseID: 20 - expected_results: [{'name': 'device_control', 'args': {'action': 'turnon', 'entity': 'REFRIGERATOR', 'function_option': 'COLD_STORAGE'}}]
2026-03-23 09:42:54,378 - DEBUG - CaseID: 20 - actual_results: [{'name': 'device_control', 'args': {'action': 'turnon', 'entity': 'REFRIGERATOR', 'function_option': 'COLD_STORAGE'}}]
2026-03-23 09:42:54,379 - DEBUG - CaseID: 20 - expected_keys: {('device_control', '{"action": "turnon", "entity": "REFRIGERATOR", "function_option": "COLD_STORAGE"}')}
2026-03-23 09:42:54,379 - DEBUG - CaseID: 20 - actual_keys: {('device_control', '{"action": "turnon", "entity": "REFRIGERATOR", "function_option": "COLD_STORAGE"}')}
2026-03-23 09:42:54,379 - DEBUG - CaseID: 21 - parse_multi_results输入 - name_str: 'device_control', args_str: '{"action":"turnon","function_option":"COLD_STORAGE","entity":"REFRIGERATOR"}'
2026-03-23 09:42:54,379 - DEBUG - CaseID: 21 - parse_multi_results输出: [{'name': 'device_control', 'args': {'action': 'turnon', 'entity': 'REFRIGERATOR', 'function_option': 'COLD_STORAGE'}}]
2026-03-23 09:42:54,379 - DEBUG - CaseID: 21 - parse_multi_results输入 - name_str: 'device_control', args_str: '{"action":"turnon","function_option":"COLD_STORAGE","entity":"REFRIGERATOR"}'
2026-03-23 09:42:54,379 - DEBUG - CaseID: 21 - parse_multi_results输出: [{'name': 'device_control', 'args': {'action': 'turnon', 'entity': 'REFRIGERATOR', 'function_option': 'COLD_STORAGE'}}]
2026-03-23 09:42:54,379 - DEBUG - CaseID: 21 - expected_results: [{'name': 'device_control', 'args': {'action': 'turnon', 'entity': 'REFRIGERATOR', 'function_option': 'COLD_STORAGE'}}]
2026-03-23 09:42:54,379 - DEBUG - CaseID: 21 - actual_results: [{'name': 'device_control', 'args': {'action': 'turnon', 'entity': 'REFRIGERATOR', 'function_option': 'COLD_STORAGE'}}]
2026-03-23 09:42:54,379 - DEBUG - CaseID: 21 - expected_keys: {('device_control', '{"action": "turnon", "entity": "REFRIGERATOR", "function_option": "COLD_STORAGE"}')}
2026-03-23 09:42:54,379 - DEBUG - CaseID: 21 - actual_keys: {('device_control', '{"action": "turnon", "entity": "REFRIGERATOR", "function_option": "COLD_STORAGE"}')}
2026-03-23 09:42:54,379 - DEBUG - CaseID: 22 - parse_multi_results输入 - name_str: 'device_control', args_str: '{"action":"turnon","function_option":"COLD_STORAGE","entity":"REFRIGERATOR"}'
2026-03-23 09:42:54,379 - DEBUG - CaseID: 22 - parse_multi_results输出: [{'name': 'device_control', 'args': {'action': 'turnon', 'entity': 'REFRIGERATOR', 'function_option': 'COLD_STORAGE'}}]
2026-03-23 09:42:54,379 - DEBUG - CaseID: 22 - parse_multi_results输入 - name_str: 'device_control', args_str: '{"action":"turnon","function_option":"COLD_STORAGE","entity":"REFRIGERATOR"}'
2026-03-23 09:42:54,379 - DEBUG - CaseID: 22 - parse_multi_results输出: [{'name': 'device_control', 'args': {'action': 'turnon', 'entity': 'REFRIGERATOR', 'function_option': 'COLD_STORAGE'}}]
2026-03-23 09:42:54,379 - DEBUG - CaseID: 22 - expected_results: [{'name': 'device_control', 'args': {'action': 'turnon', 'entity': 'REFRIGERATOR', 'function_option': 'COLD_STORAGE'}}]
2026-03-23 09:42:54,379 - DEBUG - CaseID: 22 - actual_results: [{'name': 'device_control', 'args': {'action': 'turnon', 'entity': 'REFRIGERATOR', 'function_option': 'COLD_STORAGE'}}]
2026-03-23 09:42:54,379 - DEBUG - CaseID: 22 - expected_keys: {('device_control', '{"action": "turnon", "entity": "REFRIGERATOR", "function_option": "COLD_STORAGE"}')}
2026-03-23 09:42:54,379 - DEBUG - CaseID: 22 - actual_keys: {('device_control', '{"action": "turnon", "entity": "REFRIGERATOR", "function_option": "COLD_STORAGE"}')}
2026-03-23 09:42:54,379 - DEBUG - CaseID: 23 - parse_multi_results输入 - name_str: 'device_control', args_str: '{"action":"turnon","function_option":"COLD_STORAGE","entity":"REFRIGERATOR"}'
2026-03-23 09:42:54,379 - DEBUG - CaseID: 23 - parse_multi_results输出: [{'name': 'device_control', 'args': {'action': 'turnon', 'entity': 'REFRIGERATOR', 'function_option': 'COLD_STORAGE'}}]
2026-03-23 09:42:54,379 - DEBUG - CaseID: 23 - parse_multi_results输入 - name_str: 'device_control', args_str: '{"action":"turnon","function_option":"COLD_STORAGE","entity":"REFRIGERATOR"}'
2026-03-23 09:42:54,379 - DEBUG - CaseID: 23 - parse_multi_results输出: [{'name': 'device_control', 'args': {'action': 'turnon', 'entity': 'REFRIGERATOR', 'function_option': 'COLD_STORAGE'}}]
2026-03-23 09:42:54,379 - DEBUG - CaseID: 23 - expected_results: [{'name': 'device_control', 'args': {'action': 'turnon', 'entity': 'REFRIGERATOR', 'function_option': 'COLD_STORAGE'}}]
2026-03-23 09:42:54,379 - DEBUG - CaseID: 23 - actual_results: [{'name': 'device_control', 'args': {'action': 'turnon', 'entity': 'REFRIGERATOR', 'function_option': 'COLD_STORAGE'}}]
2026-03-23 09:42:54,379 - DEBUG - CaseID: 23 - expected_keys: {('device_control', '{"action": "turnon", "entity": "REFRIGERATOR", "function_option": "COLD_STORAGE"}')}
2026-03-23 09:42:54,379 - DEBUG - CaseID: 23 - actual_keys: {('device_control', '{"action": "turnon", "entity": "REFRIGERATOR", "function_option": "COLD_STORAGE"}')}
2026-03-23 09:42:54,379 - DEBUG - CaseID: 24 - parse_multi_results输入 - name_str: 'device_control', args_str: '{"action":"turnon","function_option":"COLD_STORAGE","entity":"REFRIGERATOR"}'
2026-03-23 09:42:54,379 - DEBUG - CaseID: 24 - parse_multi_results输出: [{'name': 'device_control', 'args': {'action': 'turnon', 'entity': 'REFRIGERATOR', 'function_option': 'COLD_STORAGE'}}]
2026-03-23 09:42:54,379 - DEBUG - CaseID: 24 - parse_multi_results输入 - name_str: 'device_control', args_str: '{"action":"turnon","function_option":"COLD_STORAGE","entity":"REFRIGERATOR"}'
2026-03-23 09:42:54,379 - DEBUG - CaseID: 24 - parse_multi_results输出: [{'name': 'device_control', 'args': {'action': 'turnon', 'entity': 'REFRIGERATOR', 'function_option': 'COLD_STORAGE'}}]
2026-03-23 09:42:54,379 - DEBUG - CaseID: 24 - expected_results: [{'name': 'device_control', 'args': {'action': 'turnon', 'entity': 'REFRIGERATOR', 'function_option': 'COLD_STORAGE'}}]
2026-03-23 09:42:54,380 - DEBUG - CaseID: 24 - actual_results: [{'name': 'device_control', 'args': {'action': 'turnon', 'entity': 'REFRIGERATOR', 'function_option': 'COLD_STORAGE'}}]
2026-03-23 09:42:54,380 - DEBUG - CaseID: 24 - expected_keys: {('device_control', '{"action": "turnon", "entity": "REFRIGERATOR", "function_option": "COLD_STORAGE"}')}
2026-03-23 09:42:54,380 - DEBUG - CaseID: 24 - actual_keys: {('device_control', '{"action": "turnon", "entity": "REFRIGERATOR", "function_option": "COLD_STORAGE"}')}
2026-03-23 09:42:54,380 - DEBUG - CaseID: 25 - parse_multi_results输入 - name_str: 'device_control', args_str: '{"action":"turnon","function_option":"COLD_STORAGE","entity":"REFRIGERATOR"}'
2026-03-23 09:42:54,380 - DEBUG - CaseID: 25 - parse_multi_results输出: [{'name': 'device_control', 'args': {'action': 'turnon', 'entity': 'REFRIGERATOR', 'function_option': 'COLD_STORAGE'}}]
2026-03-23 09:42:54,380 - DEBUG - CaseID: 25 - parse_multi_results输入 - name_str: 'device_control', args_str: '{"action":"turnon","function_option":"COLD_STORAGE","entity":"REFRIGERATOR"}'
2026-03-23 09:42:54,380 - DEBUG - CaseID: 25 - parse_multi_results输出: [{'name': 'device_control', 'args': {'action': 'turnon', 'entity': 'REFRIGERATOR', 'function_option': 'COLD_STORAGE'}}]
2026-03-23 09:42:54,380 - DEBUG - CaseID: 25 - expected_results: [{'name': 'device_control', 'args': {'action': 'turnon', 'entity': 'REFRIGERATOR', 'function_option': 'COLD_STORAGE'}}]
2026-03-23 09:42:54,380 - DEBUG - CaseID: 25 - actual_results: [{'name': 'device_control', 'args': {'action': 'turnon', 'entity': 'REFRIGERATOR', 'function_option': 'COLD_STORAGE'}}]
2026-03-23 09:42:54,380 - DEBUG - CaseID: 25 - expected_keys: {('device_control', '{"action": "turnon", "entity": "REFRIGERATOR", "function_option": "COLD_STORAGE"}')}
2026-03-23 09:42:54,380 - DEBUG - CaseID: 25 - actual_keys: {('device_control', '{"action": "turnon", "entity": "REFRIGERATOR", "function_option": "COLD_STORAGE"}')}
2026-03-23 09:42:54,380 - DEBUG - CaseID: 26 - parse_multi_results输入 - name_str: 'device_control', args_str: '{"action":"turnon","function_option":"COLD_STORAGE","entity":"REFRIGERATOR"}'
2026-03-23 09:42:54,380 - DEBUG - CaseID: 26 - parse_multi_results输出: [{'name': 'device_control', 'args': {'action': 'turnon', 'entity': 'REFRIGERATOR', 'function_option': 'COLD_STORAGE'}}]
2026-03-23 09:42:54,380 - DEBUG - CaseID: 26 - parse_multi_results输入 - name_str: 'device_control', args_str: '{"action":"turnon","function_option":"COLD_STORAGE","entity":"REFRIGERATOR"}'
2026-03-23 09:42:54,380 - DEBUG - CaseID: 26 - parse_multi_results输出: [{'name': 'device_control', 'args': {'action': 'turnon', 'entity': 'REFRIGERATOR', 'function_option': 'COLD_STORAGE'}}]
2026-03-23 09:42:54,380 - DEBUG - CaseID: 26 - expected_results: [{'name': 'device_control', 'args': {'action': 'turnon', 'entity': 'REFRIGERATOR', 'function_option': 'COLD_STORAGE'}}]
2026-03-23 09:42:54,380 - DEBUG - CaseID: 26 - actual_results: [{'name': 'device_control', 'args': {'action': 'turnon', 'entity': 'REFRIGERATOR', 'function_option': 'COLD_STORAGE'}}]
2026-03-23 09:42:54,380 - DEBUG - CaseID: 26 - expected_keys: {('device_control', '{"action": "turnon", "entity": "REFRIGERATOR", "function_option": "COLD_STORAGE"}')}
2026-03-23 09:42:54,380 - DEBUG - CaseID: 26 - actual_keys: {('device_control', '{"action": "turnon", "entity": "REFRIGERATOR", "function_option": "COLD_STORAGE"}')}
2026-03-23 09:42:54,380 - DEBUG - CaseID: 27 - parse_multi_results输入 - name_str: 'device_control', args_str: '{"action":"turnon","function_option":"COLD_STORAGE","entity":"REFRIGERATOR"}'
2026-03-23 09:42:54,380 - DEBUG - CaseID: 27 - parse_multi_results输出: [{'name': 'device_control', 'args': {'action': 'turnon', 'entity': 'REFRIGERATOR', 'function_option': 'COLD_STORAGE'}}]
2026-03-23 09:42:54,380 - DEBUG - CaseID: 27 - parse_multi_results输入 - name_str: 'device_control', args_str: '{"action":"turnon","function_option":"COLD_STORAGE","entity":"REFRIGERATOR"}'
2026-03-23 09:42:54,380 - DEBUG - CaseID: 27 - parse_multi_results输出: [{'name': 'device_control', 'args': {'action': 'turnon', 'entity': 'REFRIGERATOR', 'function_option': 'COLD_STORAGE'}}]
2026-03-23 09:42:54,380 - DEBUG - CaseID: 27 - expected_results: [{'name': 'device_control', 'args': {'action': 'turnon', 'entity': 'REFRIGERATOR', 'function_option': 'COLD_STORAGE'}}]
2026-03-23 09:42:54,380 - DEBUG - CaseID: 27 - actual_results: [{'name': 'device_control', 'args': {'action': 'turnon', 'entity': 'REFRIGERATOR', 'function_option': 'COLD_STORAGE'}}]
2026-03-23 09:42:54,380 - DEBUG - CaseID: 27 - expected_keys: {('device_control', '{"action": "turnon", "entity": "REFRIGERATOR", "function_option": "COLD_STORAGE"}')}
2026-03-23 09:42:54,380 - DEBUG - CaseID: 27 - actual_keys: {('device_control', '{"action": "turnon", "entity": "REFRIGERATOR", "function_option": "COLD_STORAGE"}')}
2026-03-23 09:42:54,380 - DEBUG - CaseID: 28 - parse_multi_results输入 - name_str: 'device_control', args_str: '{"action":"turnon","function_option":"COLD_STORAGE","entity":"REFRIGERATOR"}'
2026-03-23 09:42:54,380 - DEBUG - CaseID: 28 - parse_multi_results输出: [{'name': 'device_control', 'args': {'action': 'turnon', 'entity': 'REFRIGERATOR', 'function_option': 'COLD_STORAGE'}}]
2026-03-23 09:42:54,380 - DEBUG - CaseID: 28 - parse_multi_results输入 - name_str: 'device_control', args_str: '{"action":"turnon","function_option":"COLD_STORAGE","entity":"REFRIGERATOR"}'
2026-03-23 09:42:54,380 - DEBUG - CaseID: 28 - parse_multi_results输出: [{'name': 'device_control', 'args': {'action': 'turnon', 'entity': 'REFRIGERATOR', 'function_option': 'COLD_STORAGE'}}]
2026-03-23 09:42:54,380 - DEBUG - CaseID: 28 - expected_results: [{'name': 'device_control', 'args': {'action': 'turnon', 'entity': 'REFRIGERATOR', 'function_option': 'COLD_STORAGE'}}]
2026-03-23 09:42:54,380 - DEBUG - CaseID: 28 - actual_results: [{'name': 'device_control', 'args': {'action': 'turnon', 'entity': 'REFRIGERATOR', 'function_option': 'COLD_STORAGE'}}]
2026-03-23 09:42:54,381 - DEBUG - CaseID: 28 - expected_keys: {('device_control', '{"action": "turnon", "entity": "REFRIGERATOR", "function_option": "COLD_STORAGE"}')}
2026-03-23 09:42:54,381 - DEBUG - CaseID: 28 - actual_keys: {('device_control', '{"action": "turnon", "entity": "REFRIGERATOR", "function_option": "COLD_STORAGE"}')}
2026-03-23 09:42:54,381 - DEBUG - CaseID: 29 - parse_multi_results输入 - name_str: 'device_control', args_str: '{"action":"turnon","function_option":"COLD_STORAGE","entity":"REFRIGERATOR"}'
2026-03-23 09:42:54,381 - DEBUG - CaseID: 29 - parse_multi_results输出: [{'name': 'device_control', 'args': {'action': 'turnon', 'entity': 'REFRIGERATOR', 'function_option': 'COLD_STORAGE'}}]
2026-03-23 09:42:54,381 - DEBUG - CaseID: 29 - parse_multi_results输入 - name_str: 'device_control', args_str: '{"action":"turnon","function_option":"COLD_STORAGE","entity":"REFRIGERATOR"}'
2026-03-23 09:42:54,381 - DEBUG - CaseID: 29 - parse_multi_results输出: [{'name': 'device_control', 'args': {'action': 'turnon', 'entity': 'REFRIGERATOR', 'function_option': 'COLD_STORAGE'}}]
2026-03-23 09:42:54,381 - DEBUG - CaseID: 29 - expected_results: [{'name': 'device_control', 'args': {'action': 'turnon', 'entity': 'REFRIGERATOR', 'function_option': 'COLD_STORAGE'}}]
2026-03-23 09:42:54,381 - DEBUG - CaseID: 29 - actual_results: [{'name': 'device_control', 'args': {'action': 'turnon', 'entity': 'REFRIGERATOR', 'function_option': 'COLD_STORAGE'}}]
2026-03-23 09:42:54,381 - DEBUG - CaseID: 29 - expected_keys: {('device_control', '{"action": "turnon", "entity": "REFRIGERATOR", "function_option": "COLD_STORAGE"}')}
2026-03-23 09:42:54,381 - DEBUG - CaseID: 29 - actual_keys: {('device_control', '{"action": "turnon", "entity": "REFRIGERATOR", "function_option": "COLD_STORAGE"}')}
2026-03-23 09:42:54,381 - DEBUG - CaseID: 30 - parse_multi_results输入 - name_str: 'device_control', args_str: '{"action":"turnon","function_option":"COLD_STORAGE","entity":"REFRIGERATOR"}'
2026-03-23 09:42:54,381 - DEBUG - CaseID: 30 - parse_multi_results输出: [{'name': 'device_control', 'args': {'action': 'turnon', 'entity': 'REFRIGERATOR', 'function_option': 'COLD_STORAGE'}}]
2026-03-23 09:42:54,381 - DEBUG - CaseID: 30 - parse_multi_results输入 - name_str: 'device_control', args_str: '{"action":"turnon","function_option":"COLD_STORAGE","entity":"REFRIGERATOR"}'
2026-03-23 09:42:54,381 - DEBUG - CaseID: 30 - parse_multi_results输出: [{'name': 'device_control', 'args': {'action': 'turnon', 'entity': 'REFRIGERATOR', 'function_option': 'COLD_STORAGE'}}]
2026-03-23 09:42:54,381 - DEBUG - CaseID: 30 - expected_results: [{'name': 'device_control', 'args': {'action': 'turnon', 'entity': 'REFRIGERATOR', 'function_option': 'COLD_STORAGE'}}]
2026-03-23 09:42:54,381 - DEBUG - CaseID: 30 - actual_results: [{'name': 'device_control', 'args': {'action': 'turnon', 'entity': 'REFRIGERATOR', 'function_option': 'COLD_STORAGE'}}]
2026-03-23 09:42:54,381 - DEBUG - CaseID: 30 - expected_keys: {('device_control', '{"action": "turnon", "entity": "REFRIGERATOR", "function_option": "COLD_STORAGE"}')}
2026-03-23 09:42:54,381 - DEBUG - CaseID: 30 - actual_keys: {('device_control', '{"action": "turnon", "entity": "REFRIGERATOR", "function_option": "COLD_STORAGE"}')}
2026-03-23 09:42:54,381 - DEBUG - CaseID: 31 - parse_multi_results输入 - name_str: 'device_control', args_str: '{"action":"turnon","function_option":"COLD_STORAGE","entity":"REFRIGERATOR"}'
2026-03-23 09:42:54,381 - DEBUG - CaseID: 31 - parse_multi_results输出: [{'name': 'device_control', 'args': {'action': 'turnon', 'entity': 'REFRIGERATOR', 'function_option': 'COLD_STORAGE'}}]
2026-03-23 09:42:54,381 - DEBUG - CaseID: 31 - parse_multi_results输入 - name_str: 'device_control', args_str: '{"action":"turnon","function_option":"COLD_STORAGE","entity":"REFRIGERATOR"}'
2026-03-23 09:42:54,381 - DEBUG - CaseID: 31 - parse_multi_results输出: [{'name': 'device_control', 'args': {'action': 'turnon', 'entity': 'REFRIGERATOR', 'function_option': 'COLD_STORAGE'}}]
2026-03-23 09:42:54,381 - DEBUG - CaseID: 31 - expected_results: [{'name': 'device_control', 'args': {'action': 'turnon', 'entity': 'REFRIGERATOR', 'function_option': 'COLD_STORAGE'}}]
2026-03-23 09:42:54,381 - DEBUG - CaseID: 31 - actual_results: [{'name': 'device_control', 'args': {'action': 'turnon', 'entity': 'REFRIGERATOR', 'function_option': 'COLD_STORAGE'}}]
2026-03-23 09:42:54,381 - DEBUG - CaseID: 31 - expected_keys: {('device_control', '{"action": "turnon", "entity": "REFRIGERATOR", "function_option": "COLD_STORAGE"}')}
2026-03-23 09:42:54,381 - DEBUG - CaseID: 31 - actual_keys: {('device_control', '{"action": "turnon", "entity": "REFRIGERATOR", "function_option": "COLD_STORAGE"}')}
2026-03-23 09:42:54,381 - DEBUG - CaseID: 32 - parse_multi_results输入 - name_str: 'device_control', args_str: '{"action":"turnon","function_option":"COLD_STORAGE","entity":"REFRIGERATOR"}'
2026-03-23 09:42:54,381 - DEBUG - CaseID: 32 - parse_multi_results输出: [{'name': 'device_control', 'args': {'action': 'turnon', 'entity': 'REFRIGERATOR', 'function_option': 'COLD_STORAGE'}}]
2026-03-23 09:42:54,381 - DEBUG - CaseID: 32 - parse_multi_results输入 - name_str: 'device_control', args_str: '{"action":"turnon","function_option":"COLD_STORAGE","entity":"REFRIGERATOR"}'
2026-03-23 09:42:54,381 - DEBUG - CaseID: 32 - parse_multi_results输出: [{'name': 'device_control', 'args': {'action': 'turnon', 'entity': 'REFRIGERATOR', 'function_option': 'COLD_STORAGE'}}]
2026-03-23 09:42:54,381 - DEBUG - CaseID: 32 - expected_results: [{'name': 'device_control', 'args': {'action': 'turnon', 'entity': 'REFRIGERATOR', 'function_option': 'COLD_STORAGE'}}]
2026-03-23 09:42:54,382 - DEBUG - CaseID: 32 - actual_results: [{'name': 'device_control', 'args': {'action': 'turnon', 'entity': 'REFRIGERATOR', 'function_option': 'COLD_STORAGE'}}]
2026-03-23 09:42:54,382 - DEBUG - CaseID: 32 - expected_keys: {('device_control', '{"action": "turnon", "entity": "REFRIGERATOR", "function_option": "COLD_STORAGE"}')}
2026-03-23 09:42:54,382 - DEBUG - CaseID: 32 - actual_keys: {('device_control', '{"action": "turnon", "entity": "REFRIGERATOR", "function_option": "COLD_STORAGE"}')}
2026-03-23 09:42:54,382 - DEBUG - CaseID: 33 - parse_multi_results输入 - name_str: 'device_control', args_str: '{"action":"turnoff","function_option":"COLD_STORAGE","entity":"REFRIGERATOR"}'
2026-03-23 09:42:54,382 - DEBUG - CaseID: 33 - parse_multi_results输出: [{'name': 'device_control', 'args': {'action': 'turnoff', 'entity': 'REFRIGERATOR', 'function_option': 'COLD_STORAGE'}}]
2026-03-23 09:42:54,382 - DEBUG - CaseID: 33 - parse_multi_results输入 - name_str: 'device_control', args_str: '{"action":"turnoff","function_option":"COLD_STORAGE","entity":"REFRIGERATOR"}'
2026-03-23 09:42:54,382 - DEBUG - CaseID: 33 - parse_multi_results输出: [{'name': 'device_control', 'args': {'action': 'turnoff', 'entity': 'REFRIGERATOR', 'function_option': 'COLD_STORAGE'}}]
2026-03-23 09:42:54,382 - DEBUG - CaseID: 33 - expected_results: [{'name': 'device_control', 'args': {'action': 'turnoff', 'entity': 'REFRIGERATOR', 'function_option': 'COLD_STORAGE'}}]
2026-03-23 09:42:54,382 - DEBUG - CaseID: 33 - actual_results: [{'name': 'device_control', 'args': {'action': 'turnoff', 'entity': 'REFRIGERATOR', 'function_option': 'COLD_STORAGE'}}]
2026-03-23 09:42:54,382 - DEBUG - CaseID: 33 - expected_keys: {('device_control', '{"action": "turnoff", "entity": "REFRIGERATOR", "function_option": "COLD_STORAGE"}')}
2026-03-23 09:42:54,382 - DEBUG - CaseID: 33 - actual_keys: {('device_control', '{"action": "turnoff", "entity": "REFRIGERATOR", "function_option": "COLD_STORAGE"}')}
2026-03-23 09:42:54,382 - DEBUG - CaseID: 34 - parse_multi_results输入 - name_str: 'device_control', args_str: '{"action":"turnoff","function_option":"COLD_STORAGE","entity":"REFRIGERATOR"}'
2026-03-23 09:42:54,382 - DEBUG - CaseID: 34 - parse_multi_results输出: [{'name': 'device_control', 'args': {'action': 'turnoff', 'entity': 'REFRIGERATOR', 'function_option': 'COLD_STORAGE'}}]
2026-03-23 09:42:54,382 - DEBUG - CaseID: 34 - parse_multi_results输入 - name_str: 'device_control', args_str: '{"action":"turnoff","function_option":"COLD_STORAGE","entity":"REFRIGERATOR"}'
2026-03-23 09:42:54,382 - DEBUG - CaseID: 34 - parse_multi_results输出: [{'name': 'device_control', 'args': {'action': 'turnoff', 'entity': 'REFRIGERATOR', 'function_option': 'COLD_STORAGE'}}]
2026-03-23 09:42:54,382 - DEBUG - CaseID: 34 - expected_results: [{'name': 'device_control', 'args': {'action': 'turnoff', 'entity': 'REFRIGERATOR', 'function_option': 'COLD_STORAGE'}}]
2026-03-23 09:42:54,382 - DEBUG - CaseID: 34 - actual_results: [{'name': 'device_control', 'args': {'action': 'turnoff', 'entity': 'REFRIGERATOR', 'function_option': 'COLD_STORAGE'}}]
2026-03-23 09:42:54,382 - DEBUG - CaseID: 34 - expected_keys: {('device_control', '{"action": "turnoff", "entity": "REFRIGERATOR", "function_option": "COLD_STORAGE"}')}
2026-03-23 09:42:54,382 - DEBUG - CaseID: 34 - actual_keys: {('device_control', '{"action": "turnoff", "entity": "REFRIGERATOR", "function_option": "COLD_STORAGE"}')}
2026-03-23 09:42:54,382 - DEBUG - CaseID: 35 - parse_multi_results输入 - name_str: 'device_control', args_str: '{"action":"turnoff","function_option":"COLD_STORAGE","entity":"REFRIGERATOR"}'
2026-03-23 09:42:54,382 - DEBUG - CaseID: 35 - parse_multi_results输出: [{'name': 'device_control', 'args': {'action': 'turnoff', 'entity': 'REFRIGERATOR', 'function_option': 'COLD_STORAGE'}}]
2026-03-23 09:42:54,382 - DEBUG - CaseID: 35 - parse_multi_results输入 - name_str: 'device_control', args_str: '{"action":"turnoff","function_option":"COLD_STORAGE","entity":"REFRIGERATOR"}'
2026-03-23 09:42:54,382 - DEBUG - CaseID: 35 - parse_multi_results输出: [{'name': 'device_control', 'args': {'action': 'turnoff', 'entity': 'REFRIGERATOR', 'function_option': 'COLD_STORAGE'}}]
2026-03-23 09:42:54,382 - DEBUG - CaseID: 35 - expected_results: [{'name': 'device_control', 'args': {'action': 'turnoff', 'entity': 'REFRIGERATOR', 'function_option': 'COLD_STORAGE'}}]
2026-03-23 09:42:54,382 - DEBUG - CaseID: 35 - actual_results: [{'name': 'device_control', 'args': {'action': 'turnoff', 'entity': 'REFRIGERATOR', 'function_option': 'COLD_STORAGE'}}]
2026-03-23 09:42:54,382 - DEBUG - CaseID: 35 - expected_keys: {('device_control', '{"action": "turnoff", "entity": "REFRIGERATOR", "function_option": "COLD_STORAGE"}')}
2026-03-23 09:42:54,382 - DEBUG - CaseID: 35 - actual_keys: {('device_control', '{"action": "turnoff", "entity": "REFRIGERATOR", "function_option": "COLD_STORAGE"}')}
2026-03-23 09:42:54,382 - DEBUG - CaseID: 36 - parse_multi_results输入 - name_str: 'device_control', args_str: '{"action":"turnoff","function_option":"COLD_STORAGE","entity":"REFRIGERATOR"}'
2026-03-23 09:42:54,382 - DEBUG - CaseID: 36 - parse_multi_results输出: [{'name': 'device_control', 'args': {'action': 'turnoff', 'entity': 'REFRIGERATOR', 'function_option': 'COLD_STORAGE'}}]
2026-03-23 09:42:54,382 - DEBUG - CaseID: 36 - parse_multi_results输入 - name_str: 'device_control', args_str: '{"action":"turnoff","function_option":"COLD_STORAGE","entity":"REFRIGERATOR"}'
2026-03-23 09:42:54,382 - DEBUG - CaseID: 36 - parse_multi_results输出: [{'name': 'device_control', 'args': {'action': 'turnoff', 'entity': 'REFRIGERATOR', 'function_option': 'COLD_STORAGE'}}]
2026-03-23 09:42:54,382 - DEBUG - CaseID: 36 - expected_results: [{'name': 'device_control', 'args': {'action': 'turnoff', 'entity': 'REFRIGERATOR', 'function_option': 'COLD_STORAGE'}}]
2026-03-23 09:42:54,382 - DEBUG - CaseID: 36 - actual_results: [{'name': 'device_control', 'args': {'action': 'turnoff', 'entity': 'REFRIGERATOR', 'function_option': 'COLD_STORAGE'}}]
2026-03-23 09:42:54,382 - DEBUG - CaseID: 36 - expected_keys: {('device_control', '{"action": "turnoff", "entity": "REFRIGERATOR", "function_option": "COLD_STORAGE"}')}
2026-03-23 09:42:54,382 - DEBUG - CaseID: 36 - actual_keys: {('device_control', '{"action": "turnoff", "entity": "REFRIGERATOR", "function_option": "COLD_STORAGE"}')}
2026-03-23 09:42:54,382 - DEBUG - CaseID: 37 - parse_multi_results输入 - name_str: 'device_control', args_str: '{"action":"turnoff","function_option":"COLD_STORAGE","entity":"REFRIGERATOR"}'
2026-03-23 09:42:54,382 - DEBUG - CaseID: 37 - parse_multi_results输出: [{'name': 'device_control', 'args': {'action': 'turnoff', 'entity': 'REFRIGERATOR', 'function_option': 'COLD_STORAGE'}}]
2026-03-23 09:42:54,383 - DEBUG - CaseID: 37 - parse_multi_results输入 - name_str: 'device_control', args_str: '{"action":"turnoff","function_option":"COLD_STORAGE","entity":"REFRIGERATOR"}'
2026-03-23 09:42:54,383 - DEBUG - CaseID: 37 - parse_multi_results输出: [{'name': 'device_control', 'args': {'action': 'turnoff', 'entity': 'REFRIGERATOR', 'function_option': 'COLD_STORAGE'}}]
2026-03-23 09:42:54,383 - DEBUG - CaseID: 37 - expected_results: [{'name': 'device_control', 'args': {'action': 'turnoff', 'entity': 'REFRIGERATOR', 'function_option': 'COLD_STORAGE'}}]
2026-03-23 09:42:54,383 - DEBUG - CaseID: 37 - actual_results: [{'name': 'device_control', 'args': {'action': 'turnoff', 'entity': 'REFRIGERATOR', 'function_option': 'COLD_STORAGE'}}]
2026-03-23 09:42:54,383 - DEBUG - CaseID: 37 - expected_keys: {('device_control', '{"action": "turnoff", "entity": "REFRIGERATOR", "function_option": "COLD_STORAGE"}')}
2026-03-23 09:42:54,383 - DEBUG - CaseID: 37 - actual_keys: {('device_control', '{"action": "turnoff", "entity": "REFRIGERATOR", "function_option": "COLD_STORAGE"}')}
2026-03-23 09:42:54,383 - DEBUG - CaseID: 38 - parse_multi_results输入 - name_str: 'device_control', args_str: '{"action":"turnoff","function_option":"COLD_STORAGE","entity":"REFRIGERATOR"}'
2026-03-23 09:42:54,383 - DEBUG - CaseID: 38 - parse_multi_results输出: [{'name': 'device_control', 'args': {'action': 'turnoff', 'entity': 'REFRIGERATOR', 'function_option': 'COLD_STORAGE'}}]
2026-03-23 09:42:54,383 - DEBUG - CaseID: 38 - parse_multi_results输入 - name_str: 'device_control', args_str: '{"action":"turnoff","function_option":"COLD_STORAGE","entity":"REFRIGERATOR"}'
2026-03-23 09:42:54,383 - DEBUG - CaseID: 38 - parse_multi_results输出: [{'name': 'device_control', 'args': {'action': 'turnoff', 'entity': 'REFRIGERATOR', 'function_option': 'COLD_STORAGE'}}]
2026-03-23 09:42:54,383 - DEBUG - CaseID: 38 - expected_results: [{'name': 'device_control', 'args': {'action': 'turnoff', 'entity': 'REFRIGERATOR', 'function_option': 'COLD_STORAGE'}}]
2026-03-23 09:42:54,383 - DEBUG - CaseID: 38 - actual_results: [{'name': 'device_control', 'args': {'action': 'turnoff', 'entity': 'REFRIGERATOR', 'function_option': 'COLD_STORAGE'}}]
2026-03-23 09:42:54,383 - DEBUG - CaseID: 38 - expected_keys: {('device_control', '{"action": "turnoff", "entity": "REFRIGERATOR", "function_option": "COLD_STORAGE"}')}
2026-03-23 09:42:54,383 - DEBUG - CaseID: 38 - actual_keys: {('device_control', '{"action": "turnoff", "entity": "REFRIGERATOR", "function_option": "COLD_STORAGE"}')}
2026-03-23 09:42:54,383 - DEBUG - CaseID: 39 - parse_multi_results输入 - name_str: 'device_control', args_str: '{"action":"turnoff","function_option":"COLD_STORAGE","entity":"REFRIGERATOR"}'
2026-03-23 09:42:54,383 - DEBUG - CaseID: 39 - parse_multi_results输出: [{'name': 'device_control', 'args': {'action': 'turnoff', 'entity': 'REFRIGERATOR', 'function_option': 'COLD_STORAGE'}}]
2026-03-23 09:42:54,383 - DEBUG - CaseID: 39 - parse_multi_results输入 - name_str: 'device_control', args_str: '{"action":"turnoff","function_option":"COLD_STORAGE","entity":"REFRIGERATOR"}'
2026-03-23 09:42:54,383 - DEBUG - CaseID: 39 - parse_multi_results输出: [{'name': 'device_control', 'args': {'action': 'turnoff', 'entity': 'REFRIGERATOR', 'function_option': 'COLD_STORAGE'}}]
2026-03-23 09:42:54,383 - DEBUG - CaseID: 39 - expected_results: [{'name': 'device_control', 'args': {'action': 'turnoff', 'entity': 'REFRIGERATOR', 'function_option': 'COLD_STORAGE'}}]
2026-03-23 09:42:54,383 - DEBUG - CaseID: 39 - actual_results: [{'name': 'device_control', 'args': {'action': 'turnoff', 'entity': 'REFRIGERATOR', 'function_option': 'COLD_STORAGE'}}]
2026-03-23 09:42:54,383 - DEBUG - CaseID: 39 - expected_keys: {('device_control', '{"action": "turnoff", "entity": "REFRIGERATOR", "function_option": "COLD_STORAGE"}')}
2026-03-23 09:42:54,383 - DEBUG - CaseID: 39 - actual_keys: {('device_control', '{"action": "turnoff", "entity": "REFRIGERATOR", "function_option": "COLD_STORAGE"}')}
2026-03-23 09:42:54,383 - DEBUG - CaseID: 40 - parse_multi_results输入 - name_str: 'device_control', args_str: '{"action":"turnoff","function_option":"COLD_STORAGE","entity":"REFRIGERATOR"}'
2026-03-23 09:42:54,383 - DEBUG - CaseID: 40 - parse_multi_results输出: [{'name': 'device_control', 'args': {'action': 'turnoff', 'entity': 'REFRIGERATOR', 'function_option': 'COLD_STORAGE'}}]
2026-03-23 09:42:54,383 - DEBUG - CaseID: 40 - parse_multi_results输入 - name_str: 'device_control', args_str: '{"action":"turnoff","function_option":"COLD_STORAGE","entity":"REFRIGERATOR"}'
2026-03-23 09:42:54,383 - DEBUG - CaseID: 40 - parse_multi_results输出: [{'name': 'device_control', 'args': {'action': 'turnoff', 'entity': 'REFRIGERATOR', 'function_option': 'COLD_STORAGE'}}]
2026-03-23 09:42:54,383 - DEBUG - CaseID: 40 - expected_results: [{'name': 'device_control', 'args': {'action': 'turnoff', 'entity': 'REFRIGERATOR', 'function_option': 'COLD_STORAGE'}}]
2026-03-23 09:42:54,383 - DEBUG - CaseID: 40 - actual_results: [{'name': 'device_control', 'args': {'action': 'turnoff', 'entity': 'REFRIGERATOR', 'function_option': 'COLD_STORAGE'}}]
2026-03-23 09:42:54,383 - DEBUG - CaseID: 40 - expected_keys: {('device_control', '{"action": "turnoff", "entity": "REFRIGERATOR", "function_option": "COLD_STORAGE"}')}
2026-03-23 09:42:54,383 - DEBUG - CaseID: 40 - actual_keys: {('device_control', '{"action": "turnoff", "entity": "REFRIGERATOR", "function_option": "COLD_STORAGE"}')}
2026-03-23 09:42:54,383 - DEBUG - CaseID: 41 - parse_multi_results输入 - name_str: 'device_control', args_str: '{"action":"turnoff","function_option":"COLD_STORAGE","entity":"REFRIGERATOR"}'
2026-03-23 09:42:54,383 - DEBUG - CaseID: 41 - parse_multi_results输出: [{'name': 'device_control', 'args': {'action': 'turnoff', 'entity': 'REFRIGERATOR', 'function_option': 'COLD_STORAGE'}}]
2026-03-23 09:42:54,383 - DEBUG - CaseID: 41 - parse_multi_results输入 - name_str: 'device_control', args_str: '{"action":"turnoff","function_option":"COLD_STORAGE","entity":"REFRIGERATOR"}'
2026-03-23 09:42:54,383 - DEBUG - CaseID: 41 - parse_multi_results输出: [{'name': 'device_control', 'args': {'action': 'turnoff', 'entity': 'REFRIGERATOR', 'function_option': 'COLD_STORAGE'}}]
2026-03-23 09:42:54,383 - DEBUG - CaseID: 41 - expected_results: [{'name': 'device_control', 'args': {'action': 'turnoff', 'entity': 'REFRIGERATOR', 'function_option': 'COLD_STORAGE'}}]
2026-03-23 09:42:54,383 - DEBUG - CaseID: 41 - actual_results: [{'name': 'device_control', 'args': {'action': 'turnoff', 'entity': 'REFRIGERATOR', 'function_option': 'COLD_STORAGE'}}]
2026-03-23 09:42:54,383 - DEBUG - CaseID: 41 - expected_keys: {('device_control', '{"action": "turnoff", "entity": "REFRIGERATOR", "function_option": "COLD_STORAGE"}')}
2026-03-23 09:42:54,383 - DEBUG - CaseID: 41 - actual_keys: {('device_control', '{"action": "turnoff", "entity": "REFRIGERATOR", "function_option": "COLD_STORAGE"}')}
2026-03-23 09:42:54,384 - DEBUG - CaseID: 42 - parse_multi_results输入 - name_str: 'device_control', args_str: '{"action":"turnoff","function_option":"COLD_STORAGE","entity":"REFRIGERATOR"}'
2026-03-23 09:42:54,384 - DEBUG - CaseID: 42 - parse_multi_results输出: [{'name': 'device_control', 'args': {'action': 'turnoff', 'entity': 'REFRIGERATOR', 'function_option': 'COLD_STORAGE'}}]
2026-03-23 09:42:54,384 - DEBUG - CaseID: 42 - parse_multi_results输入 - name_str: 'device_control', args_str: '{"action":"turnoff","function_option":"COLD_STORAGE","entity":"REFRIGERATOR"}'
2026-03-23 09:42:54,384 - DEBUG - CaseID: 42 - parse_multi_results输出: [{'name': 'device_control', 'args': {'action': 'turnoff', 'entity': 'REFRIGERATOR', 'function_option': 'COLD_STORAGE'}}]
2026-03-23 09:42:54,384 - DEBUG - CaseID: 42 - expected_results: [{'name': 'device_control', 'args': {'action': 'turnoff', 'entity': 'REFRIGERATOR', 'function_option': 'COLD_STORAGE'}}]
2026-03-23 09:42:54,384 - DEBUG - CaseID: 42 - actual_results: [{'name': 'device_control', 'args': {'action': 'turnoff', 'entity': 'REFRIGERATOR', 'function_option': 'COLD_STORAGE'}}]
2026-03-23 09:42:54,384 - DEBUG - CaseID: 42 - expected_keys: {('device_control', '{"action": "turnoff", "entity": "REFRIGERATOR", "function_option": "COLD_STORAGE"}')}
2026-03-23 09:42:54,384 - DEBUG - CaseID: 42 - actual_keys: {('device_control', '{"action": "turnoff", "entity": "REFRIGERATOR", "function_option": "COLD_STORAGE"}')}
2026-03-23 09:42:54,384 - DEBUG - CaseID: 43 - parse_multi_results输入 - name_str: 'device_control', args_str: '{"action":"turnoff","function_option":"COLD_STORAGE","entity":"REFRIGERATOR"}'
2026-03-23 09:42:54,384 - DEBUG - CaseID: 43 - parse_multi_results输出: [{'name': 'device_control', 'args': {'action': 'turnoff', 'entity': 'REFRIGERATOR', 'function_option': 'COLD_STORAGE'}}]
2026-03-23 09:42:54,384 - DEBUG - CaseID: 43 - parse_multi_results输入 - name_str: 'device_control', args_str: '{"action":"turnoff","function_option":"COLD_STORAGE","entity":"REFRIGERATOR"}'
2026-03-23 09:42:54,384 - DEBUG - CaseID: 43 - parse_multi_results输出: [{'name': 'device_control', 'args': {'action': 'turnoff', 'entity': 'REFRIGERATOR', 'function_option': 'COLD_STORAGE'}}]
2026-03-23 09:42:54,384 - DEBUG - CaseID: 43 - expected_results: [{'name': 'device_control', 'args': {'action': 'turnoff', 'entity': 'REFRIGERATOR', 'function_option': 'COLD_STORAGE'}}]
2026-03-23 09:42:54,384 - DEBUG - CaseID: 43 - actual_results: [{'name': 'device_control', 'args': {'action': 'turnoff', 'entity': 'REFRIGERATOR', 'function_option': 'COLD_STORAGE'}}]
2026-03-23 09:42:54,384 - DEBUG - CaseID: 43 - expected_keys: {('device_control', '{"action": "turnoff", "entity": "REFRIGERATOR", "function_option": "COLD_STORAGE"}')}
2026-03-23 09:42:54,384 - DEBUG - CaseID: 43 - actual_keys: {('device_control', '{"action": "turnoff", "entity": "REFRIGERATOR", "function_option": "COLD_STORAGE"}')}
2026-03-23 09:42:54,384 - DEBUG - CaseID: 44 - parse_multi_results输入 - name_str: 'device_control', args_str: '{"action":"turnoff","function_option":"COLD_STORAGE","entity":"REFRIGERATOR"}'
2026-03-23 09:42:54,384 - DEBUG - CaseID: 44 - parse_multi_results输出: [{'name': 'device_control', 'args': {'action': 'turnoff', 'entity': 'REFRIGERATOR', 'function_option': 'COLD_STORAGE'}}]
2026-03-23 09:42:54,384 - DEBUG - CaseID: 44 - parse_multi_results输入 - name_str: 'device_control', args_str: '{"action":"turnoff","function_option":"COLD_STORAGE","entity":"REFRIGERATOR"}'
2026-03-23 09:42:54,384 - DEBUG - CaseID: 44 - parse_multi_results输出: [{'name': 'device_control', 'args': {'action': 'turnoff', 'entity': 'REFRIGERATOR', 'function_option': 'COLD_STORAGE'}}]
2026-03-23 09:42:54,384 - DEBUG - CaseID: 44 - expected_results: [{'name': 'device_control', 'args': {'action': 'turnoff', 'entity': 'REFRIGERATOR', 'function_option': 'COLD_STORAGE'}}]
2026-03-23 09:42:54,384 - DEBUG - CaseID: 44 - actual_results: [{'name': 'device_control', 'args': {'action': 'turnoff', 'entity': 'REFRIGERATOR', 'function_option': 'COLD_STORAGE'}}]
2026-03-23 09:42:54,384 - DEBUG - CaseID: 44 - expected_keys: {('device_control', '{"action": "turnoff", "entity": "REFRIGERATOR", "function_option": "COLD_STORAGE"}')}
2026-03-23 09:42:54,384 - DEBUG - CaseID: 44 - actual_keys: {('device_control', '{"action": "turnoff", "entity": "REFRIGERATOR", "function_option": "COLD_STORAGE"}')}
2026-03-23 09:42:54,384 - DEBUG - CaseID: 45 - parse_multi_results输入 - name_str: 'device_control', args_str: '{"action":"turnoff","function_option":"COLD_STORAGE","entity":"REFRIGERATOR"}'
2026-03-23 09:42:54,384 - DEBUG - CaseID: 45 - parse_multi_results输出: [{'name': 'device_control', 'args': {'action': 'turnoff', 'entity': 'REFRIGERATOR', 'function_option': 'COLD_STORAGE'}}]
2026-03-23 09:42:54,384 - DEBUG - CaseID: 45 - parse_multi_results输入 - name_str: 'device_control', args_str: '{"action":"turnoff","function_option":"COLD_STORAGE","entity":"REFRIGERATOR"}'
2026-03-23 09:42:54,384 - DEBUG - CaseID: 45 - parse_multi_results输出: [{'name': 'device_control', 'args': {'action': 'turnoff', 'entity': 'REFRIGERATOR', 'function_option': 'COLD_STORAGE'}}]
2026-03-23 09:42:54,384 - DEBUG - CaseID: 45 - expected_results: [{'name': 'device_control', 'args': {'action': 'turnoff', 'entity': 'REFRIGERATOR', 'function_option': 'COLD_STORAGE'}}]
2026-03-23 09:42:54,384 - DEBUG - CaseID: 45 - actual_results: [{'name': 'device_control', 'args': {'action': 'turnoff', 'entity': 'REFRIGERATOR', 'function_option': 'COLD_STORAGE'}}]
2026-03-23 09:42:54,384 - DEBUG - CaseID: 45 - expected_keys: {('device_control', '{"action": "turnoff", "entity": "REFRIGERATOR", "function_option": "COLD_STORAGE"}')}
2026-03-23 09:42:54,384 - DEBUG - CaseID: 45 - actual_keys: {('device_control', '{"action": "turnoff", "entity": "REFRIGERATOR", "function_option": "COLD_STORAGE"}')}
2026-03-23 09:42:54,385 - DEBUG - CaseID: 46 - parse_multi_results输入 - name_str: 'device_control', args_str: '{"action":"turnoff","function_option":"COLD_STORAGE","entity":"REFRIGERATOR"}'
2026-03-23 09:42:54,385 - DEBUG - CaseID: 46 - parse_multi_results输出: [{'name': 'device_control', 'args': {'action': 'turnoff', 'entity': 'REFRIGERATOR', 'function_option': 'COLD_STORAGE'}}]
2026-03-23 09:42:54,385 - DEBUG - CaseID: 46 - parse_multi_results输入 - name_str: 'device_control', args_str: '{"action":"turnoff","function_option":"COLD_STORAGE","entity":"REFRIGERATOR"}'
2026-03-23 09:42:54,385 - DEBUG - CaseID: 46 - parse_multi_results输出: [{'name': 'device_control', 'args': {'action': 'turnoff', 'entity': 'REFRIGERATOR', 'function_option': 'COLD_STORAGE'}}]
2026-03-23 09:42:54,385 - DEBUG - CaseID: 46 - expected_results: [{'name': 'device_control', 'args': {'action': 'turnoff', 'entity': 'REFRIGERATOR', 'function_option': 'COLD_STORAGE'}}]
2026-03-23 09:42:54,385 - DEBUG - CaseID: 46 - actual_results: [{'name': 'device_control', 'args': {'action': 'turnoff', 'entity': 'REFRIGERATOR', 'function_option': 'COLD_STORAGE'}}]
2026-03-23 09:42:54,385 - DEBUG - CaseID: 46 - expected_keys: {('device_control', '{"action": "turnoff", "entity": "REFRIGERATOR", "function_option": "COLD_STORAGE"}')}
2026-03-23 09:42:54,385 - DEBUG - CaseID: 46 - actual_keys: {('device_control', '{"action": "turnoff", "entity": "REFRIGERATOR", "function_option": "COLD_STORAGE"}')}
2026-03-23 09:42:54,385 - DEBUG - CaseID: 47 - parse_multi_results输入 - name_str: 'device_control', args_str: '{"action":"turnoff","function_option":"COLD_STORAGE","entity":"REFRIGERATOR"}'
2026-03-23 09:42:54,385 - DEBUG - CaseID: 47 - parse_multi_results输出: [{'name': 'device_control', 'args': {'action': 'turnoff', 'entity': 'REFRIGERATOR', 'function_option': 'COLD_STORAGE'}}]
2026-03-23 09:42:54,385 - DEBUG - CaseID: 47 - parse_multi_results输入 - name_str: 'device_control', args_str: '{"action":"turnoff","function_option":"COLD_STORAGE","entity":"REFRIGERATOR"}'
2026-03-23 09:42:54,385 - DEBUG - CaseID: 47 - parse_multi_results输出: [{'name': 'device_control', 'args': {'action': 'turnoff', 'entity': 'REFRIGERATOR', 'function_option': 'COLD_STORAGE'}}]
2026-03-23 09:42:54,385 - DEBUG - CaseID: 47 - expected_results: [{'name': 'device_control', 'args': {'action': 'turnoff', 'entity': 'REFRIGERATOR', 'function_option': 'COLD_STORAGE'}}]
2026-03-23 09:42:54,385 - DEBUG - CaseID: 47 - actual_results: [{'name': 'device_control', 'args': {'action': 'turnoff', 'entity': 'REFRIGERATOR', 'function_option': 'COLD_STORAGE'}}]
2026-03-23 09:42:54,385 - DEBUG - CaseID: 47 - expected_keys: {('device_control', '{"action": "turnoff", "entity": "REFRIGERATOR", "function_option": "COLD_STORAGE"}')}
2026-03-23 09:42:54,385 - DEBUG - CaseID: 47 - actual_keys: {('device_control', '{"action": "turnoff", "entity": "REFRIGERATOR", "function_option": "COLD_STORAGE"}')}
2026-03-23 09:42:54,385 - DEBUG - CaseID: 48 - parse_multi_results输入 - name_str: 'device_control', args_str: '{"action":"turnoff","function_option":"COLD_STORAGE","entity":"REFRIGERATOR"}'
2026-03-23 09:42:54,385 - DEBUG - CaseID: 48 - parse_multi_results输出: [{'name': 'device_control', 'args': {'action': 'turnoff', 'entity': 'REFRIGERATOR', 'function_option': 'COLD_STORAGE'}}]
2026-03-23 09:42:54,385 - DEBUG - CaseID: 48 - parse_multi_results输入 - name_str: 'device_control', args_str: '{"action":"turnoff","function_option":"COLD_STORAGE","entity":"REFRIGERATOR"}'
2026-03-23 09:42:54,385 - DEBUG - CaseID: 48 - parse_multi_results输出: [{'name': 'device_control', 'args': {'action': 'turnoff', 'entity': 'REFRIGERATOR', 'function_option': 'COLD_STORAGE'}}]
2026-03-23 09:42:54,385 - DEBUG - CaseID: 48 - expected_results: [{'name': 'device_control', 'args': {'action': 'turnoff', 'entity': 'REFRIGERATOR', 'function_option': 'COLD_STORAGE'}}]
2026-03-23 09:42:54,385 - DEBUG - CaseID: 48 - actual_results: [{'name': 'device_control', 'args': {'action': 'turnoff', 'entity': 'REFRIGERATOR', 'function_option': 'COLD_STORAGE'}}]
2026-03-23 09:42:54,385 - DEBUG - CaseID: 48 - expected_keys: {('device_control', '{"action": "turnoff", "entity": "REFRIGERATOR", "function_option": "COLD_STORAGE"}')}
2026-03-23 09:42:54,385 - DEBUG - CaseID: 48 - actual_keys: {('device_control', '{"action": "turnoff", "entity": "REFRIGERATOR", "function_option": "COLD_STORAGE"}')}
2026-03-23 09:42:54,385 - DEBUG - CaseID: 49 - parse_multi_results输入 - name_str: 'device_control', args_str: '{"action":"turnoff","function_option":"COLD_STORAGE","entity":"REFRIGERATOR"}'
2026-03-23 09:42:54,385 - DEBUG - CaseID: 49 - parse_multi_results输出: [{'name': 'device_control', 'args': {'action': 'turnoff', 'entity': 'REFRIGERATOR', 'function_option': 'COLD_STORAGE'}}]
2026-03-23 09:42:54,385 - DEBUG - CaseID: 49 - parse_multi_results输入 - name_str: 'device_control', args_str: '{"action":"turnoff","function_option":"COLD_STORAGE","entity":"REFRIGERATOR"}'
2026-03-23 09:42:54,385 - DEBUG - CaseID: 49 - parse_multi_results输出: [{'name': 'device_control', 'args': {'action': 'turnoff', 'entity': 'REFRIGERATOR', 'function_option': 'COLD_STORAGE'}}]
2026-03-23 09:42:54,385 - DEBUG - CaseID: 49 - expected_results: [{'name': 'device_control', 'args': {'action': 'turnoff', 'entity': 'REFRIGERATOR', 'function_option': 'COLD_STORAGE'}}]
2026-03-23 09:42:54,385 - DEBUG - CaseID: 49 - actual_results: [{'name': 'device_control', 'args': {'action': 'turnoff', 'entity': 'REFRIGERATOR', 'function_option': 'COLD_STORAGE'}}]
2026-03-23 09:42:54,385 - DEBUG - CaseID: 49 - expected_keys: {('device_control', '{"action": "turnoff", "entity": "REFRIGERATOR", "function_option": "COLD_STORAGE"}')}
2026-03-23 09:42:54,385 - DEBUG - CaseID: 49 - actual_keys: {('device_control', '{"action": "turnoff", "entity": "REFRIGERATOR", "function_option": "COLD_STORAGE"}')}
2026-03-23 09:42:54,385 - DEBUG - CaseID: 50 - parse_multi_results输入 - name_str: 'device_control', args_str: '{"action":"turnoff","function_option":"COLD_STORAGE","entity":"REFRIGERATOR"}'
2026-03-23 09:42:54,385 - DEBUG - CaseID: 50 - parse_multi_results输出: [{'name': 'device_control', 'args': {'action': 'turnoff', 'entity': 'REFRIGERATOR', 'function_option': 'COLD_STORAGE'}}]
2026-03-23 09:42:54,385 - DEBUG - CaseID: 50 - parse_multi_results输入 - name_str: 'device_control', args_str: '{"action":"turnoff","function_option":"COLD_STORAGE","entity":"REFRIGERATOR"}'
2026-03-23 09:42:54,386 - DEBUG - CaseID: 50 - parse_multi_results输出: [{'name': 'device_control', 'args': {'action': 'turnoff', 'entity': 'REFRIGERATOR', 'function_option': 'COLD_STORAGE'}}]
2026-03-23 09:42:54,386 - DEBUG - CaseID: 50 - expected_results: [{'name': 'device_control', 'args': {'action': 'turnoff', 'entity': 'REFRIGERATOR', 'function_option': 'COLD_STORAGE'}}]
2026-03-23 09:42:54,386 - DEBUG - CaseID: 50 - actual_results: [{'name': 'device_control', 'args': {'action': 'turnoff', 'entity': 'REFRIGERATOR', 'function_option': 'COLD_STORAGE'}}]
2026-03-23 09:42:54,386 - DEBUG - CaseID: 50 - expected_keys: {('device_control', '{"action": "turnoff", "entity": "REFRIGERATOR", "function_option": "COLD_STORAGE"}')}
2026-03-23 09:42:54,386 - DEBUG - CaseID: 50 - actual_keys: {('device_control', '{"action": "turnoff", "entity": "REFRIGERATOR", "function_option": "COLD_STORAGE"}')}
2026-03-23 09:42:54,386 - DEBUG - CaseID: 51 - parse_multi_results输入 - name_str: 'device_control', args_str: '{"action":"turnoff","function_option":"COLD_STORAGE","entity":"REFRIGERATOR"}'
2026-03-23 09:42:54,386 - DEBUG - CaseID: 51 - parse_multi_results输出: [{'name': 'device_control', 'args': {'action': 'turnoff', 'entity': 'REFRIGERATOR', 'function_option': 'COLD_STORAGE'}}]
2026-03-23 09:42:54,386 - DEBUG - CaseID: 51 - parse_multi_results输入 - name_str: 'device_control', args_str: '{"action":"turnoff","function_option":"COLD_STORAGE","entity":"REFRIGERATOR"}'
2026-03-23 09:42:54,386 - DEBUG - CaseID: 51 - parse_multi_results输出: [{'name': 'device_control', 'args': {'action': 'turnoff', 'entity': 'REFRIGERATOR', 'function_option': 'COLD_STORAGE'}}]
2026-03-23 09:42:54,386 - DEBUG - CaseID: 51 - expected_results: [{'name': 'device_control', 'args': {'action': 'turnoff', 'entity': 'REFRIGERATOR', 'function_option': 'COLD_STORAGE'}}]
2026-03-23 09:42:54,386 - DEBUG - CaseID: 51 - actual_results: [{'name': 'device_control', 'args': {'action': 'turnoff', 'entity': 'REFRIGERATOR', 'function_option': 'COLD_STORAGE'}}]
2026-03-23 09:42:54,386 - DEBUG - CaseID: 51 - expected_keys: {('device_control', '{"action": "turnoff", "entity": "REFRIGERATOR", "function_option": "COLD_STORAGE"}')}
2026-03-23 09:42:54,386 - DEBUG - CaseID: 51 - actual_keys: {('device_control', '{"action": "turnoff", "entity": "REFRIGERATOR", "function_option": "COLD_STORAGE"}')}
2026-03-23 09:42:54,386 - DEBUG - CaseID: 52 - parse_multi_results输入 - name_str: 'device_control', args_str: '{"action":"turnoff","function_option":"COLD_STORAGE","entity":"REFRIGERATOR"}'
2026-03-23 09:42:54,386 - DEBUG - CaseID: 52 - parse_multi_results输出: [{'name': 'device_control', 'args': {'action': 'turnoff', 'entity': 'REFRIGERATOR', 'function_option': 'COLD_STORAGE'}}]
2026-03-23 09:42:54,386 - DEBUG - CaseID: 52 - parse_multi_results输入 - name_str: 'device_control', args_str: '{"action":"turnoff","function_option":"COLD_STORAGE","entity":"REFRIGERATOR"}'
2026-03-23 09:42:54,386 - DEBUG - CaseID: 52 - parse_multi_results输出: [{'name': 'device_control', 'args': {'action': 'turnoff', 'entity': 'REFRIGERATOR', 'function_option': 'COLD_STORAGE'}}]
2026-03-23 09:42:54,386 - DEBUG - CaseID: 52 - expected_results: [{'name': 'device_control', 'args': {'action': 'turnoff', 'entity': 'REFRIGERATOR', 'function_option': 'COLD_STORAGE'}}]
2026-03-23 09:42:54,386 - DEBUG - CaseID: 52 - actual_results: [{'name': 'device_control', 'args': {'action': 'turnoff', 'entity': 'REFRIGERATOR', 'function_option': 'COLD_STORAGE'}}]
2026-03-23 09:42:54,386 - DEBUG - CaseID: 52 - expected_keys: {('device_control', '{"action": "turnoff", "entity": "REFRIGERATOR", "function_option": "COLD_STORAGE"}')}
2026-03-23 09:42:54,386 - DEBUG - CaseID: 52 - actual_keys: {('device_control', '{"action": "turnoff", "entity": "REFRIGERATOR", "function_option": "COLD_STORAGE"}')}
2026-03-23 09:42:54,386 - DEBUG - CaseID: 53 - parse_multi_results输入 - name_str: 'device_control', args_str: '{"action":"turnon","function_option":"FREEZING","entity":"REFRIGERATOR"}'
2026-03-23 09:42:54,386 - DEBUG - CaseID: 53 - parse_multi_results输出: [{'name': 'device_control', 'args': {'action': 'turnon', 'entity': 'REFRIGERATOR', 'function_option': 'FREEZING'}}]
2026-03-23 09:42:54,386 - DEBUG - CaseID: 53 - parse_multi_results输入 - name_str: 'device_control', args_str: '{"action":"turnon","function_option":"FREEZING","entity":"REFRIGERATOR"}'
2026-03-23 09:42:54,386 - DEBUG - CaseID: 53 - parse_multi_results输出: [{'name': 'device_control', 'args': {'action': 'turnon', 'entity': 'REFRIGERATOR', 'function_option': 'FREEZING'}}]
2026-03-23 09:42:54,386 - DEBUG - CaseID: 53 - expected_results: [{'name': 'device_control', 'args': {'action': 'turnon', 'entity': 'REFRIGERATOR', 'function_option': 'FREEZING'}}]
2026-03-23 09:42:54,386 - DEBUG - CaseID: 53 - actual_results: [{'name': 'device_control', 'args': {'action': 'turnon', 'entity': 'REFRIGERATOR', 'function_option': 'FREEZING'}}]
2026-03-23 09:42:54,386 - DEBUG - CaseID: 53 - expected_keys: {('device_control', '{"action": "turnon", "entity": "REFRIGERATOR", "function_option": "FREEZING"}')}
2026-03-23 09:42:54,386 - DEBUG - CaseID: 53 - actual_keys: {('device_control', '{"action": "turnon", "entity": "REFRIGERATOR", "function_option": "FREEZING"}')}
2026-03-23 09:42:54,386 - DEBUG - CaseID: 54 - parse_multi_results输入 - name_str: 'device_control', args_str: '{"action":"turnon","function_option":"FREEZING","entity":"REFRIGERATOR"}'
2026-03-23 09:42:54,386 - DEBUG - CaseID: 54 - parse_multi_results输出: [{'name': 'device_control', 'args': {'action': 'turnon', 'entity': 'REFRIGERATOR', 'function_option': 'FREEZING'}}]
2026-03-23 09:42:54,386 - DEBUG - CaseID: 54 - parse_multi_results输入 - name_str: 'device_control', args_str: '{"action":"turnon","function_option":"FREEZING","entity":"REFRIGERATOR"}'
2026-03-23 09:42:54,386 - DEBUG - CaseID: 54 - parse_multi_results输出: [{'name': 'device_control', 'args': {'action': 'turnon', 'entity': 'REFRIGERATOR', 'function_option': 'FREEZING'}}]
2026-03-23 09:42:54,386 - DEBUG - CaseID: 54 - expected_results: [{'name': 'device_control', 'args': {'action': 'turnon', 'entity': 'REFRIGERATOR', 'function_option': 'FREEZING'}}]
2026-03-23 09:42:54,386 - DEBUG - CaseID: 54 - actual_results: [{'name': 'device_control', 'args': {'action': 'turnon', 'entity': 'REFRIGERATOR', 'function_option': 'FREEZING'}}]
2026-03-23 09:42:54,386 - DEBUG - CaseID: 54 - expected_keys: {('device_control', '{"action": "turnon", "entity": "REFRIGERATOR", "function_option": "FREEZING"}')}
2026-03-23 09:42:54,386 - DEBUG - CaseID: 54 - actual_keys: {('device_control', '{"action": "turnon", "entity": "REFRIGERATOR", "function_option": "FREEZING"}')}
2026-03-23 09:42:54,387 - DEBUG - CaseID: 55 - parse_multi_results输入 - name_str: 'device_control', args_str: '{"action":"turnon","function_option":"FREEZING","entity":"REFRIGERATOR"}'
2026-03-23 09:42:54,387 - DEBUG - CaseID: 55 - parse_multi_results输出: [{'name': 'device_control', 'args': {'action': 'turnon', 'entity': 'REFRIGERATOR', 'function_option': 'FREEZING'}}]
2026-03-23 09:42:54,387 - DEBUG - CaseID: 55 - parse_multi_results输入 - name_str: 'device_control', args_str: '{"action":"turnon","function_option":"FREEZING","entity":"REFRIGERATOR"}'
2026-03-23 09:42:54,387 - DEBUG - CaseID: 55 - parse_multi_results输出: [{'name': 'device_control', 'args': {'action': 'turnon', 'entity': 'REFRIGERATOR', 'function_option': 'FREEZING'}}]
2026-03-23 09:42:54,387 - DEBUG - CaseID: 55 - expected_results: [{'name': 'device_control', 'args': {'action': 'turnon', 'entity': 'REFRIGERATOR', 'function_option': 'FREEZING'}}]
2026-03-23 09:42:54,387 - DEBUG - CaseID: 55 - actual_results: [{'name': 'device_control', 'args': {'action': 'turnon', 'entity': 'REFRIGERATOR', 'function_option': 'FREEZING'}}]
2026-03-23 09:42:54,387 - DEBUG - CaseID: 55 - expected_keys: {('device_control', '{"action": "turnon", "entity": "REFRIGERATOR", "function_option": "FREEZING"}')}
2026-03-23 09:42:54,387 - DEBUG - CaseID: 55 - actual_keys: {('device_control', '{"action": "turnon", "entity": "REFRIGERATOR", "function_option": "FREEZING"}')}
2026-03-23 09:42:54,387 - DEBUG - CaseID: 56 - parse_multi_results输入 - name_str: 'device_control', args_str: '{"action":"turnon","function_option":"FREEZING","entity":"REFRIGERATOR"}'
2026-03-23 09:42:54,387 - DEBUG - CaseID: 56 - parse_multi_results输出: [{'name': 'device_control', 'args': {'action': 'turnon', 'entity': 'REFRIGERATOR', 'function_option': 'FREEZING'}}]
2026-03-23 09:42:54,387 - DEBUG - CaseID: 56 - parse_multi_results输入 - name_str: 'device_control', args_str: '{"action":"turnon","function_option":"FREEZING","entity":"REFRIGERATOR"}'
2026-03-23 09:42:54,387 - DEBUG - CaseID: 56 - parse_multi_results输出: [{'name': 'device_control', 'args': {'action': 'turnon', 'entity': 'REFRIGERATOR', 'function_option': 'FREEZING'}}]
2026-03-23 09:42:54,387 - DEBUG - CaseID: 56 - expected_results: [{'name': 'device_control', 'args': {'action': 'turnon', 'entity': 'REFRIGERATOR', 'function_option': 'FREEZING'}}]
2026-03-23 09:42:54,387 - DEBUG - CaseID: 56 - actual_results: [{'name': 'device_control', 'args': {'action': 'turnon', 'entity': 'REFRIGERATOR', 'function_option': 'FREEZING'}}]
2026-03-23 09:42:54,387 - DEBUG - CaseID: 56 - expected_keys: {('device_control', '{"action": "turnon", "entity": "REFRIGERATOR", "function_option": "FREEZING"}')}
2026-03-23 09:42:54,387 - DEBUG - CaseID: 56 - actual_keys: {('device_control', '{"action": "turnon", "entity": "REFRIGERATOR", "function_option": "FREEZING"}')}
2026-03-23 09:42:54,387 - DEBUG - CaseID: 57 - parse_multi_results输入 - name_str: 'device_control', args_str: '{"action":"turnon","function_option":"FREEZING","entity":"REFRIGERATOR"}'
2026-03-23 09:42:54,387 - DEBUG - CaseID: 57 - parse_multi_results输出: [{'name': 'device_control', 'args': {'action': 'turnon', 'entity': 'REFRIGERATOR', 'function_option': 'FREEZING'}}]
2026-03-23 09:42:54,387 - DEBUG - CaseID: 57 - parse_multi_results输入 - name_str: 'device_control', args_str: '{"action":"turnon","function_option":"FREEZING","entity":"REFRIGERATOR"}'
2026-03-23 09:42:54,387 - DEBUG - CaseID: 57 - parse_multi_results输出: [{'name': 'device_control', 'args': {'action': 'turnon', 'entity': 'REFRIGERATOR', 'function_option': 'FREEZING'}}]
2026-03-23 09:42:54,387 - DEBUG - CaseID: 57 - expected_results: [{'name': 'device_control', 'args': {'action': 'turnon', 'entity': 'REFRIGERATOR', 'function_option': 'FREEZING'}}]
2026-03-23 09:42:54,387 - DEBUG - CaseID: 57 - actual_results: [{'name': 'device_control', 'args': {'action': 'turnon', 'entity': 'REFRIGERATOR', 'function_option': 'FREEZING'}}]
2026-03-23 09:42:54,387 - DEBUG - CaseID: 57 - expected_keys: {('device_control', '{"action": "turnon", "entity": "REFRIGERATOR", "function_option": "FREEZING"}')}
2026-03-23 09:42:54,387 - DEBUG - CaseID: 57 - actual_keys: {('device_control', '{"action": "turnon", "entity": "REFRIGERATOR", "function_option": "FREEZING"}')}
2026-03-23 09:42:54,387 - DEBUG - CaseID: 58 - parse_multi_results输入 - name_str: 'device_control', args_str: '{"action":"turnon","function_option":"FREEZING","entity":"REFRIGERATOR"}'
2026-03-23 09:42:54,387 - DEBUG - CaseID: 58 - parse_multi_results输出: [{'name': 'device_control', 'args': {'action': 'turnon', 'entity': 'REFRIGERATOR', 'function_option': 'FREEZING'}}]
2026-03-23 09:42:54,387 - DEBUG - CaseID: 58 - parse_multi_results输入 - name_str: 'device_control', args_str: '{"action":"turnon","function_option":"FREEZING","entity":"REFRIGERATOR"}'
2026-03-23 09:42:54,387 - DEBUG - CaseID: 58 - parse_multi_results输出: [{'name': 'device_control', 'args': {'action': 'turnon', 'entity': 'REFRIGERATOR', 'function_option': 'FREEZING'}}]
2026-03-23 09:42:54,387 - DEBUG - CaseID: 58 - expected_results: [{'name': 'device_control', 'args': {'action': 'turnon', 'entity': 'REFRIGERATOR', 'function_option': 'FREEZING'}}]
2026-03-23 09:42:54,387 - DEBUG - CaseID: 58 - actual_results: [{'name': 'device_control', 'args': {'action': 'turnon', 'entity': 'REFRIGERATOR', 'function_option': 'FREEZING'}}]
2026-03-23 09:42:54,387 - DEBUG - CaseID: 58 - expected_keys: {('device_control', '{"action": "turnon", "entity": "REFRIGERATOR", "function_option": "FREEZING"}')}
2026-03-23 09:42:54,387 - DEBUG - CaseID: 58 - actual_keys: {('device_control', '{"action": "turnon", "entity": "REFRIGERATOR", "function_option": "FREEZING"}')}
2026-03-23 09:42:54,387 - DEBUG - CaseID: 59 - parse_multi_results输入 - name_str: 'device_control', args_str: '{"action":"turnon","function_option":"FREEZING","entity":"REFRIGERATOR"}'
2026-03-23 09:42:54,387 - DEBUG - CaseID: 59 - parse_multi_results输出: [{'name': 'device_control', 'args': {'action': 'turnon', 'entity': 'REFRIGERATOR', 'function_option': 'FREEZING'}}]
2026-03-23 09:42:54,387 - DEBUG - CaseID: 59 - parse_multi_results输入 - name_str: 'device_control', args_str: '{"action":"turnon","function_option":"FREEZING","entity":"REFRIGERATOR"}'
2026-03-23 09:42:54,387 - DEBUG - CaseID: 59 - parse_multi_results输出: [{'name': 'device_control', 'args': {'action': 'turnon', 'entity': 'REFRIGERATOR', 'function_option': 'FREEZING'}}]
2026-03-23 09:42:54,387 - DEBUG - CaseID: 59 - expected_results: [{'name': 'device_control', 'args': {'action': 'turnon', 'entity': 'REFRIGERATOR', 'function_option': 'FREEZING'}}]
2026-03-23 09:42:54,388 - DEBUG - CaseID: 59 - actual_results: [{'name': 'device_control', 'args': {'action': 'turnon', 'entity': 'REFRIGERATOR', 'function_option': 'FREEZING'}}]
2026-03-23 09:42:54,388 - DEBUG - CaseID: 59 - expected_keys: {('device_control', '{"action": "turnon", "entity": "REFRIGERATOR", "function_option": "FREEZING"}')}
2026-03-23 09:42:54,388 - DEBUG - CaseID: 59 - actual_keys: {('device_control', '{"action": "turnon", "entity": "REFRIGERATOR", "function_option": "FREEZING"}')}
2026-03-23 09:42:54,388 - DEBUG - CaseID: 60 - parse_multi_results输入 - name_str: 'device_control', args_str: '{"action":"turnon","function_option":"FREEZING","entity":"REFRIGERATOR"}'
2026-03-23 09:42:54,388 - DEBUG - CaseID: 60 - parse_multi_results输出: [{'name': 'device_control', 'args': {'action': 'turnon', 'entity': 'REFRIGERATOR', 'function_option': 'FREEZING'}}]
2026-03-23 09:42:54,388 - DEBUG - CaseID: 60 - parse_multi_results输入 - name_str: 'device_control', args_str: '{"action":"turnon","function_option":"FREEZING","entity":"REFRIGERATOR"}'
2026-03-23 09:42:54,388 - DEBUG - CaseID: 60 - parse_multi_results输出: [{'name': 'device_control', 'args': {'action': 'turnon', 'entity': 'REFRIGERATOR', 'function_option': 'FREEZING'}}]
2026-03-23 09:42:54,388 - DEBUG - CaseID: 60 - expected_results: [{'name': 'device_control', 'args': {'action': 'turnon', 'entity': 'REFRIGERATOR', 'function_option': 'FREEZING'}}]
2026-03-23 09:42:54,388 - DEBUG - CaseID: 60 - actual_results: [{'name': 'device_control', 'args': {'action': 'turnon', 'entity': 'REFRIGERATOR', 'function_option': 'FREEZING'}}]
2026-03-23 09:42:54,388 - DEBUG - CaseID: 60 - expected_keys: {('device_control', '{"action": "turnon", "entity": "REFRIGERATOR", "function_option": "FREEZING"}')}
2026-03-23 09:42:54,388 - DEBUG - CaseID: 60 - actual_keys: {('device_control', '{"action": "turnon", "entity": "REFRIGERATOR", "function_option": "FREEZING"}')}
2026-03-23 09:42:54,388 - DEBUG - CaseID: 61 - parse_multi_results输入 - name_str: 'device_control', args_str: '{"action":"turnon","function_option":"FREEZING","entity":"REFRIGERATOR"}'
2026-03-23 09:42:54,388 - DEBUG - CaseID: 61 - parse_multi_results输出: [{'name': 'device_control', 'args': {'action': 'turnon', 'entity': 'REFRIGERATOR', 'function_option': 'FREEZING'}}]
2026-03-23 09:42:54,388 - DEBUG - CaseID: 61 - parse_multi_results输入 - name_str: 'device_control', args_str: '{"action":"turnon","function_option":"FREEZING","entity":"REFRIGERATOR"}'
2026-03-23 09:42:54,388 - DEBUG - CaseID: 61 - parse_multi_results输出: [{'name': 'device_control', 'args': {'action': 'turnon', 'entity': 'REFRIGERATOR', 'function_option': 'FREEZING'}}]
2026-03-23 09:42:54,388 - DEBUG - CaseID: 61 - expected_results: [{'name': 'device_control', 'args': {'action': 'turnon', 'entity': 'REFRIGERATOR', 'function_option': 'FREEZING'}}]
2026-03-23 09:42:54,388 - DEBUG - CaseID: 61 - actual_results: [{'name': 'device_control', 'args': {'action': 'turnon', 'entity': 'REFRIGERATOR', 'function_option': 'FREEZING'}}]
2026-03-23 09:42:54,388 - DEBUG - CaseID: 61 - expected_keys: {('device_control', '{"action": "turnon", "entity": "REFRIGERATOR", "function_option": "FREEZING"}')}
2026-03-23 09:42:54,388 - DEBUG - CaseID: 61 - actual_keys: {('device_control', '{"action": "turnon", "entity": "REFRIGERATOR", "function_option": "FREEZING"}')}
2026-03-23 09:42:54,388 - DEBUG - CaseID: 62 - parse_multi_results输入 - name_str: 'device_control', args_str: '{"action":"turnon","function_option":"FREEZING","entity":"REFRIGERATOR"}'
2026-03-23 09:42:54,388 - DEBUG - CaseID: 62 - parse_multi_results输出: [{'name': 'device_control', 'args': {'action': 'turnon', 'entity': 'REFRIGERATOR', 'function_option': 'FREEZING'}}]
2026-03-23 09:42:54,388 - DEBUG - CaseID: 62 - parse_multi_results输入 - name_str: 'device_control', args_str: '{"action":"turnon","function_option":"FREEZING","entity":"REFRIGERATOR"}'
2026-03-23 09:42:54,388 - DEBUG - CaseID: 62 - parse_multi_results输出: [{'name': 'device_control', 'args': {'action': 'turnon', 'entity': 'REFRIGERATOR', 'function_option': 'FREEZING'}}]
2026-03-23 09:42:54,388 - DEBUG - CaseID: 62 - expected_results: [{'name': 'device_control', 'args': {'action': 'turnon', 'entity': 'REFRIGERATOR', 'function_option': 'FREEZING'}}]
2026-03-23 09:42:54,388 - DEBUG - CaseID: 62 - actual_results: [{'name': 'device_control', 'args': {'action': 'turnon', 'entity': 'REFRIGERATOR', 'function_option': 'FREEZING'}}]
2026-03-23 09:42:54,388 - DEBUG - CaseID: 62 - expected_keys: {('device_control', '{"action": "turnon", "entity": "REFRIGERATOR", "function_option": "FREEZING"}')}
2026-03-23 09:42:54,388 - DEBUG - CaseID: 62 - actual_keys: {('device_control', '{"action": "turnon", "entity": "REFRIGERATOR", "function_option": "FREEZING"}')}
2026-03-23 09:42:54,388 - DEBUG - CaseID: 63 - parse_multi_results输入 - name_str: 'device_control', args_str: '{"action":"turnon","function_option":"FREEZING","entity":"REFRIGERATOR"}'
2026-03-23 09:42:54,388 - DEBUG - CaseID: 63 - parse_multi_results输出: [{'name': 'device_control', 'args': {'action': 'turnon', 'entity': 'REFRIGERATOR', 'function_option': 'FREEZING'}}]
2026-03-23 09:42:54,388 - DEBUG - CaseID: 63 - parse_multi_results输入 - name_str: 'device_control', args_str: '{"action":"turnon","function_option":"FREEZING","entity":"REFRIGERATOR"}'
2026-03-23 09:42:54,388 - DEBUG - CaseID: 63 - parse_multi_results输出: [{'name': 'device_control', 'args': {'action': 'turnon', 'entity': 'REFRIGERATOR', 'function_option': 'FREEZING'}}]
2026-03-23 09:42:54,388 - DEBUG - CaseID: 63 - expected_results: [{'name': 'device_control', 'args': {'action': 'turnon', 'entity': 'REFRIGERATOR', 'function_option': 'FREEZING'}}]
2026-03-23 09:42:54,388 - DEBUG - CaseID: 63 - actual_results: [{'name': 'device_control', 'args': {'action': 'turnon', 'entity': 'REFRIGERATOR', 'function_option': 'FREEZING'}}]
2026-03-23 09:42:54,388 - DEBUG - CaseID: 63 - expected_keys: {('device_control', '{"action": "turnon", "entity": "REFRIGERATOR", "function_option": "FREEZING"}')}
2026-03-23 09:42:54,388 - DEBUG - CaseID: 63 - actual_keys: {('device_control', '{"action": "turnon", "entity": "REFRIGERATOR", "function_option": "FREEZING"}')}
2026-03-23 09:42:54,388 - DEBUG - CaseID: 64 - parse_multi_results输入 - name_str: 'device_control', args_str: '{"action":"turnon","function_option":"FREEZING","entity":"REFRIGERATOR"}'
2026-03-23 09:42:54,388 - DEBUG - CaseID: 64 - parse_multi_results输出: [{'name': 'device_control', 'args': {'action': 'turnon', 'entity': 'REFRIGERATOR', 'function_option': 'FREEZING'}}]
2026-03-23 09:42:54,388 - DEBUG - CaseID: 64 - parse_multi_results输入 - name_str: 'device_control', args_str: '{"action":"turnon","function_option":"FREEZING","entity":"REFRIGERATOR"}'
2026-03-23 09:42:54,389 - DEBUG - CaseID: 64 - parse_multi_results输出: [{'name': 'device_control', 'args': {'action': 'turnon', 'entity': 'REFRIGERATOR', 'function_option': 'FREEZING'}}]
2026-03-23 09:42:54,389 - DEBUG - CaseID: 64 - expected_results: [{'name': 'device_control', 'args': {'action': 'turnon', 'entity': 'REFRIGERATOR', 'function_option': 'FREEZING'}}]
2026-03-23 09:42:54,389 - DEBUG - CaseID: 64 - actual_results: [{'name': 'device_control', 'args': {'action': 'turnon', 'entity': 'REFRIGERATOR', 'function_option': 'FREEZING'}}]
2026-03-23 09:42:54,389 - DEBUG - CaseID: 64 - expected_keys: {('device_control', '{"action": "turnon", "entity": "REFRIGERATOR", "function_option": "FREEZING"}')}
2026-03-23 09:42:54,389 - DEBUG - CaseID: 64 - actual_keys: {('device_control', '{"action": "turnon", "entity": "REFRIGERATOR", "function_option": "FREEZING"}')}
2026-03-23 09:42:54,389 - DEBUG - CaseID: 65 - parse_multi_results输入 - name_str: 'device_control', args_str: '{"action":"turnon","function_option":"FREEZING","entity":"REFRIGERATOR"}'
2026-03-23 09:42:54,389 - DEBUG - CaseID: 65 - parse_multi_results输出: [{'name': 'device_control', 'args': {'action': 'turnon', 'entity': 'REFRIGERATOR', 'function_option': 'FREEZING'}}]
2026-03-23 09:42:54,389 - DEBUG - CaseID: 65 - parse_multi_results输入 - name_str: 'device_control', args_str: '{"action":"turnon","function_option":"FREEZING","entity":"REFRIGERATOR"}'
2026-03-23 09:42:54,389 - DEBUG - CaseID: 65 - parse_multi_results输出: [{'name': 'device_control', 'args': {'action': 'turnon', 'entity': 'REFRIGERATOR', 'function_option': 'FREEZING'}}]
2026-03-23 09:42:54,389 - DEBUG - CaseID: 65 - expected_results: [{'name': 'device_control', 'args': {'action': 'turnon', 'entity': 'REFRIGERATOR', 'function_option': 'FREEZING'}}]
2026-03-23 09:42:54,389 - DEBUG - CaseID: 65 - actual_results: [{'name': 'device_control', 'args': {'action': 'turnon', 'entity': 'REFRIGERATOR', 'function_option': 'FREEZING'}}]
2026-03-23 09:42:54,389 - DEBUG - CaseID: 65 - expected_keys: {('device_control', '{"action": "turnon", "entity": "REFRIGERATOR", "function_option": "FREEZING"}')}
2026-03-23 09:42:54,389 - DEBUG - CaseID: 65 - actual_keys: {('device_control', '{"action": "turnon", "entity": "REFRIGERATOR", "function_option": "FREEZING"}')}
2026-03-23 09:42:54,389 - DEBUG - CaseID: 66 - parse_multi_results输入 - name_str: 'device_control', args_str: '{"action":"turnon","function_option":"FREEZING","entity":"REFRIGERATOR"}'
2026-03-23 09:42:54,389 - DEBUG - CaseID: 66 - parse_multi_results输出: [{'name': 'device_control', 'args': {'action': 'turnon', 'entity': 'REFRIGERATOR', 'function_option': 'FREEZING'}}]
2026-03-23 09:42:54,389 - DEBUG - CaseID: 66 - parse_multi_results输入 - name_str: 'device_control', args_str: '{"action":"turnon","function_option":"FREEZING","entity":"REFRIGERATOR"}'
2026-03-23 09:42:54,389 - DEBUG - CaseID: 66 - parse_multi_results输出: [{'name': 'device_control', 'args': {'action': 'turnon', 'entity': 'REFRIGERATOR', 'function_option': 'FREEZING'}}]
2026-03-23 09:42:54,389 - DEBUG - CaseID: 66 - expected_results: [{'name': 'device_control', 'args': {'action': 'turnon', 'entity': 'REFRIGERATOR', 'function_option': 'FREEZING'}}]
2026-03-23 09:42:54,389 - DEBUG - CaseID: 66 - actual_results: [{'name': 'device_control', 'args': {'action': 'turnon', 'entity': 'REFRIGERATOR', 'function_option': 'FREEZING'}}]
2026-03-23 09:42:54,389 - DEBUG - CaseID: 66 - expected_keys: {('device_control', '{"action": "turnon", "entity": "REFRIGERATOR", "function_option": "FREEZING"}')}
2026-03-23 09:42:54,389 - DEBUG - CaseID: 66 - actual_keys: {('device_control', '{"action": "turnon", "entity": "REFRIGERATOR", "function_option": "FREEZING"}')}
2026-03-23 09:42:54,389 - DEBUG - CaseID: 67 - parse_multi_results输入 - name_str: 'device_control', args_str: '{"action":"turnon","function_option":"FREEZING","entity":"REFRIGERATOR"}'
2026-03-23 09:42:54,389 - DEBUG - CaseID: 67 - parse_multi_results输出: [{'name': 'device_control', 'args': {'action': 'turnon', 'entity': 'REFRIGERATOR', 'function_option': 'FREEZING'}}]
2026-03-23 09:42:54,389 - DEBUG - CaseID: 67 - parse_multi_results输入 - name_str: 'device_control', args_str: '{"action":"turnon","function_option":"FREEZING","entity":"REFRIGERATOR"}'
2026-03-23 09:42:54,389 - DEBUG - CaseID: 67 - parse_multi_results输出: [{'name': 'device_control', 'args': {'action': 'turnon', 'entity': 'REFRIGERATOR', 'function_option': 'FREEZING'}}]
2026-03-23 09:42:54,389 - DEBUG - CaseID: 67 - expected_results: [{'name': 'device_control', 'args': {'action': 'turnon', 'entity': 'REFRIGERATOR', 'function_option': 'FREEZING'}}]
2026-03-23 09:42:54,389 - DEBUG - CaseID: 67 - actual_results: [{'name': 'device_control', 'args': {'action': 'turnon', 'entity': 'REFRIGERATOR', 'function_option': 'FREEZING'}}]
2026-03-23 09:42:54,389 - DEBUG - CaseID: 67 - expected_keys: {('device_control', '{"action": "turnon", "entity": "REFRIGERATOR", "function_option": "FREEZING"}')}
2026-03-23 09:42:54,389 - DEBUG - CaseID: 67 - actual_keys: {('device_control', '{"action": "turnon", "entity": "REFRIGERATOR", "function_option": "FREEZING"}')}
2026-03-23 09:42:54,389 - DEBUG - CaseID: 68 - parse_multi_results输入 - name_str: 'device_control', args_str: '{"action":"turnon","function_option":"FREEZING","entity":"REFRIGERATOR"}'
2026-03-23 09:42:54,389 - DEBUG - CaseID: 68 - parse_multi_results输出: [{'name': 'device_control', 'args': {'action': 'turnon', 'entity': 'REFRIGERATOR', 'function_option': 'FREEZING'}}]
2026-03-23 09:42:54,389 - DEBUG - CaseID: 68 - parse_multi_results输入 - name_str: 'device_control', args_str: '{"action":"turnon","function_option":"FREEZING","entity":"REFRIGERATOR"}'
2026-03-23 09:42:54,389 - DEBUG - CaseID: 68 - parse_multi_results输出: [{'name': 'device_control', 'args': {'action': 'turnon', 'entity': 'REFRIGERATOR', 'function_option': 'FREEZING'}}]
2026-03-23 09:42:54,389 - DEBUG - CaseID: 68 - expected_results: [{'name': 'device_control', 'args': {'action': 'turnon', 'entity': 'REFRIGERATOR', 'function_option': 'FREEZING'}}]
2026-03-23 09:42:54,389 - DEBUG - CaseID: 68 - actual_results: [{'name': 'device_control', 'args': {'action': 'turnon', 'entity': 'REFRIGERATOR', 'function_option': 'FREEZING'}}]
2026-03-23 09:42:54,389 - DEBUG - CaseID: 68 - expected_keys: {('device_control', '{"action": "turnon", "entity": "REFRIGERATOR", "function_option": "FREEZING"}')}
2026-03-23 09:42:54,389 - DEBUG - CaseID: 68 - actual_keys: {('device_control', '{"action": "turnon", "entity": "REFRIGERATOR", "function_option": "FREEZING"}')}
2026-03-23 09:42:54,389 - DEBUG - CaseID: 69 - parse_multi_results输入 - name_str: 'device_control', args_str: '{"action":"turnon","function_option":"FREEZING","entity":"REFRIGERATOR"}'
2026-03-23 09:42:54,389 - DEBUG - CaseID: 69 - parse_multi_results输出: [{'name': 'device_control', 'args': {'action': 'turnon', 'entity': 'REFRIGERATOR', 'function_option': 'FREEZING'}}]
2026-03-23 09:42:54,389 - DEBUG - CaseID: 69 - parse_multi_results输入 - name_str: 'device_control', args_str: '{"action":"turnon","function_option":"FREEZING","entity":"REFRIGERATOR"}'
2026-03-23 09:42:54,390 - DEBUG - CaseID: 69 - parse_multi_results输出: [{'name': 'device_control', 'args': {'action': 'turnon', 'entity': 'REFRIGERATOR', 'function_option': 'FREEZING'}}]
2026-03-23 09:42:54,390 - DEBUG - CaseID: 69 - expected_results: [{'name': 'device_control', 'args': {'action': 'turnon', 'entity': 'REFRIGERATOR', 'function_option': 'FREEZING'}}]
2026-03-23 09:42:54,390 - DEBUG - CaseID: 69 - actual_results: [{'name': 'device_control', 'args': {'action': 'turnon', 'entity': 'REFRIGERATOR', 'function_option': 'FREEZING'}}]
2026-03-23 09:42:54,390 - DEBUG - CaseID: 69 - expected_keys: {('device_control', '{"action": "turnon", "entity": "REFRIGERATOR", "function_option": "FREEZING"}')}
2026-03-23 09:42:54,390 - DEBUG - CaseID: 69 - actual_keys: {('device_control', '{"action": "turnon", "entity": "REFRIGERATOR", "function_option": "FREEZING"}')}
2026-03-23 09:42:54,390 - DEBUG - CaseID: 70 - parse_multi_results输入 - name_str: 'device_control', args_str: '{"action":"turnon","function_option":"FREEZING","entity":"REFRIGERATOR"}'
2026-03-23 09:42:54,390 - DEBUG - CaseID: 70 - parse_multi_results输出: [{'name': 'device_control', 'args': {'action': 'turnon', 'entity': 'REFRIGERATOR', 'function_option': 'FREEZING'}}]
2026-03-23 09:42:54,390 - DEBUG - CaseID: 70 - parse_multi_results输入 - name_str: 'device_control', args_str: '{"action":"turnon","function_option":"FREEZING","entity":"REFRIGERATOR"}'
2026-03-23 09:42:54,390 - DEBUG - CaseID: 70 - parse_multi_results输出: [{'name': 'device_control', 'args': {'action': 'turnon', 'entity': 'REFRIGERATOR', 'function_option': 'FREEZING'}}]
2026-03-23 09:42:54,390 - DEBUG - CaseID: 70 - expected_results: [{'name': 'device_control', 'args': {'action': 'turnon', 'entity': 'REFRIGERATOR', 'function_option': 'FREEZING'}}]
2026-03-23 09:42:54,390 - DEBUG - CaseID: 70 - actual_results: [{'name': 'device_control', 'args': {'action': 'turnon', 'entity': 'REFRIGERATOR', 'function_option': 'FREEZING'}}]
2026-03-23 09:42:54,390 - DEBUG - CaseID: 70 - expected_keys: {('device_control', '{"action": "turnon", "entity": "REFRIGERATOR", "function_option": "FREEZING"}')}
2026-03-23 09:42:54,390 - DEBUG - CaseID: 70 - actual_keys: {('device_control', '{"action": "turnon", "entity": "REFRIGERATOR", "function_option": "FREEZING"}')}
2026-03-23 09:42:54,390 - DEBUG - CaseID: 71 - parse_multi_results输入 - name_str: 'device_control', args_str: '{"action":"turnon","function_option":"FREEZING","entity":"REFRIGERATOR"}'
2026-03-23 09:42:54,390 - DEBUG - CaseID: 71 - parse_multi_results输出: [{'name': 'device_control', 'args': {'action': 'turnon', 'entity': 'REFRIGERATOR', 'function_option': 'FREEZING'}}]
2026-03-23 09:42:54,390 - DEBUG - CaseID: 71 - parse_multi_results输入 - name_str: 'device_control', args_str: '{"action":"turnon","function_option":"FREEZING","entity":"REFRIGERATOR"}'
2026-03-23 09:42:54,390 - DEBUG - CaseID: 71 - parse_multi_results输出: [{'name': 'device_control', 'args': {'action': 'turnon', 'entity': 'REFRIGERATOR', 'function_option': 'FREEZING'}}]
2026-03-23 09:42:54,391 - DEBUG - CaseID: 71 - expected_results: [{'name': 'device_control', 'args': {'action': 'turnon', 'entity': 'REFRIGERATOR', 'function_option': 'FREEZING'}}]
2026-03-23 09:42:54,391 - DEBUG - CaseID: 71 - actual_results: [{'name': 'device_control', 'args': {'action': 'turnon', 'entity': 'REFRIGERATOR', 'function_option': 'FREEZING'}}]
2026-03-23 09:42:54,391 - DEBUG - CaseID: 71 - expected_keys: {('device_control', '{"action": "turnon", "entity": "REFRIGERATOR", "function_option": "FREEZING"}')}
2026-03-23 09:42:54,391 - DEBUG - CaseID: 71 - actual_keys: {('device_control', '{"action": "turnon", "entity": "REFRIGERATOR", "function_option": "FREEZING"}')}
2026-03-23 09:42:54,391 - DEBUG - CaseID: 72 - parse_multi_results输入 - name_str: 'device_control', args_str: '{"action":"turnon","function_option":"FREEZING","entity":"REFRIGERATOR"}'
2026-03-23 09:42:54,391 - DEBUG - CaseID: 72 - parse_multi_results输出: [{'name': 'device_control', 'args': {'action': 'turnon', 'entity': 'REFRIGERATOR', 'function_option': 'FREEZING'}}]
2026-03-23 09:42:54,391 - DEBUG - CaseID: 72 - parse_multi_results输入 - name_str: 'device_control', args_str: '{"action":"turnon","function_option":"FREEZING","entity":"REFRIGERATOR"}'
2026-03-23 09:42:54,391 - DEBUG - CaseID: 72 - parse_multi_results输出: [{'name': 'device_control', 'args': {'action': 'turnon', 'entity': 'REFRIGERATOR', 'function_option': 'FREEZING'}}]
2026-03-23 09:42:54,391 - DEBUG - CaseID: 72 - expected_results: [{'name': 'device_control', 'args': {'action': 'turnon', 'entity': 'REFRIGERATOR', 'function_option': 'FREEZING'}}]
2026-03-23 09:42:54,391 - DEBUG - CaseID: 72 - actual_results: [{'name': 'device_control', 'args': {'action': 'turnon', 'entity': 'REFRIGERATOR', 'function_option': 'FREEZING'}}]
2026-03-23 09:42:54,391 - DEBUG - CaseID: 72 - expected_keys: {('device_control', '{"action": "turnon", "entity": "REFRIGERATOR", "function_option": "FREEZING"}')}
2026-03-23 09:42:54,391 - DEBUG - CaseID: 72 - actual_keys: {('device_control', '{"action": "turnon", "entity": "REFRIGERATOR", "function_option": "FREEZING"}')}
2026-03-23 09:42:54,391 - DEBUG - CaseID: 73 - parse_multi_results输入 - name_str: 'device_control', args_str: '{"action":"turnoff","function_option":"FREEZING","entity":"REFRIGERATOR"}'
2026-03-23 09:42:54,391 - DEBUG - CaseID: 73 - parse_multi_results输出: [{'name': 'device_control', 'args': {'action': 'turnoff', 'entity': 'REFRIGERATOR', 'function_option': 'FREEZING'}}]
2026-03-23 09:42:54,391 - DEBUG - CaseID: 73 - parse_multi_results输入 - name_str: 'device_control', args_str: '{"action":"turnoff","function_option":"FREEZING","entity":"REFRIGERATOR"}'
2026-03-23 09:42:54,391 - DEBUG - CaseID: 73 - parse_multi_results输出: [{'name': 'device_control', 'args': {'action': 'turnoff', 'entity': 'REFRIGERATOR', 'function_option': 'FREEZING'}}]
2026-03-23 09:42:54,391 - DEBUG - CaseID: 73 - expected_results: [{'name': 'device_control', 'args': {'action': 'turnoff', 'entity': 'REFRIGERATOR', 'function_option': 'FREEZING'}}]
2026-03-23 09:42:54,391 - DEBUG - CaseID: 73 - actual_results: [{'name': 'device_control', 'args': {'action': 'turnoff', 'entity': 'REFRIGERATOR', 'function_option': 'FREEZING'}}]
2026-03-23 09:42:54,391 - DEBUG - CaseID: 73 - expected_keys: {('device_control', '{"action": "turnoff", "entity": "REFRIGERATOR", "function_option": "FREEZING"}')}
2026-03-23 09:42:54,391 - DEBUG - CaseID: 73 - actual_keys: {('device_control', '{"action": "turnoff", "entity": "REFRIGERATOR", "function_option": "FREEZING"}')}
2026-03-23 09:42:54,391 - DEBUG - CaseID: 74 - parse_multi_results输入 - name_str: 'device_control', args_str: '{"action":"turnoff","function_option":"FREEZING","entity":"REFRIGERATOR"}'
2026-03-23 09:42:54,391 - DEBUG - CaseID: 74 - parse_multi_results输出: [{'name': 'device_control', 'args': {'action': 'turnoff', 'entity': 'REFRIGERATOR', 'function_option': 'FREEZING'}}]
2026-03-23 09:42:54,391 - DEBUG - CaseID: 74 - parse_multi_results输入 - name_str: 'device_control', args_str: '{"action":"turnoff","function_option":"FREEZING","entity":"REFRIGERATOR"}'
2026-03-23 09:42:54,391 - DEBUG - CaseID: 74 - parse_multi_results输出: [{'name': 'device_control', 'args': {'action': 'turnoff', 'entity': 'REFRIGERATOR', 'function_option': 'FREEZING'}}]
2026-03-23 09:42:54,391 - DEBUG - CaseID: 74 - expected_results: [{'name': 'device_control', 'args': {'action': 'turnoff', 'entity': 'REFRIGERATOR', 'function_option': 'FREEZING'}}]
2026-03-23 09:42:54,391 - DEBUG - CaseID: 74 - actual_results: [{'name': 'device_control', 'args': {'action': 'turnoff', 'entity': 'REFRIGERATOR', 'function_option': 'FREEZING'}}]
2026-03-23 09:42:54,391 - DEBUG - CaseID: 74 - expected_keys: {('device_control', '{"action": "turnoff", "entity": "REFRIGERATOR", "function_option": "FREEZING"}')}
2026-03-23 09:42:54,391 - DEBUG - CaseID: 74 - actual_keys: {('device_control', '{"action": "turnoff", "entity": "REFRIGERATOR", "function_option": "FREEZING"}')}
2026-03-23 09:42:54,391 - DEBUG - CaseID: 75 - parse_multi_results输入 - name_str: 'device_control', args_str: '{"action":"turnoff","function_option":"FREEZING","entity":"REFRIGERATOR"}'
2026-03-23 09:42:54,391 - DEBUG - CaseID: 75 - parse_multi_results输出: [{'name': 'device_control', 'args': {'action': 'turnoff', 'entity': 'REFRIGERATOR', 'function_option': 'FREEZING'}}]
2026-03-23 09:42:54,391 - DEBUG - CaseID: 75 - parse_multi_results输入 - name_str: 'device_control', args_str: '{"action":"turnoff","function_option":"FREEZING","entity":"REFRIGERATOR"}'
2026-03-23 09:42:54,391 - DEBUG - CaseID: 75 - parse_multi_results输出: [{'name': 'device_control', 'args': {'action': 'turnoff', 'entity': 'REFRIGERATOR', 'function_option': 'FREEZING'}}]
2026-03-23 09:42:54,392 - DEBUG - CaseID: 75 - expected_results: [{'name': 'device_control', 'args': {'action': 'turnoff', 'entity': 'REFRIGERATOR', 'function_option': 'FREEZING'}}]
2026-03-23 09:42:54,392 - DEBUG - CaseID: 75 - actual_results: [{'name': 'device_control', 'args': {'action': 'turnoff', 'entity': 'REFRIGERATOR', 'function_option': 'FREEZING'}}]
2026-03-23 09:42:54,392 - DEBUG - CaseID: 75 - expected_keys: {('device_control', '{"action": "turnoff", "entity": "REFRIGERATOR", "function_option": "FREEZING"}')}
2026-03-23 09:42:54,392 - DEBUG - CaseID: 75 - actual_keys: {('device_control', '{"action": "turnoff", "entity": "REFRIGERATOR", "function_option": "FREEZING"}')}
2026-03-23 09:42:54,392 - DEBUG - CaseID: 76 - parse_multi_results输入 - name_str: 'device_control', args_str: '{"action":"turnoff","function_option":"FREEZING","entity":"REFRIGERATOR"}'
2026-03-23 09:42:54,392 - DEBUG - CaseID: 76 - parse_multi_results输出: [{'name': 'device_control', 'args': {'action': 'turnoff', 'entity': 'REFRIGERATOR', 'function_option': 'FREEZING'}}]
2026-03-23 09:42:54,392 - DEBUG - CaseID: 76 - parse_multi_results输入 - name_str: 'device_control', args_str: '{"action":"turnoff","function_option":"FREEZING","entity":"REFRIGERATOR"}'
2026-03-23 09:42:54,392 - DEBUG - CaseID: 76 - parse_multi_results输出: [{'name': 'device_control', 'args': {'action': 'turnoff', 'entity': 'REFRIGERATOR', 'function_option': 'FREEZING'}}]
2026-03-23 09:42:54,392 - DEBUG - CaseID: 76 - expected_results: [{'name': 'device_control', 'args': {'action': 'turnoff', 'entity': 'REFRIGERATOR', 'function_option': 'FREEZING'}}]
2026-03-23 09:42:54,392 - DEBUG - CaseID: 76 - actual_results: [{'name': 'device_control', 'args': {'action': 'turnoff', 'entity': 'REFRIGERATOR', 'function_option': 'FREEZING'}}]
2026-03-23 09:42:54,392 - DEBUG - CaseID: 76 - expected_keys: {('device_control', '{"action": "turnoff", "entity": "REFRIGERATOR", "function_option": "FREEZING"}')}
2026-03-23 09:42:54,392 - DEBUG - CaseID: 76 - actual_keys: {('device_control', '{"action": "turnoff", "entity": "REFRIGERATOR", "function_option": "FREEZING"}')}
2026-03-23 09:42:54,392 - DEBUG - CaseID: 77 - parse_multi_results输入 - name_str: 'device_control', args_str: '{"action":"turnoff","function_option":"FREEZING","entity":"REFRIGERATOR"}'
2026-03-23 09:42:54,392 - DEBUG - CaseID: 77 - parse_multi_results输出: [{'name': 'device_control', 'args': {'action': 'turnoff', 'entity': 'REFRIGERATOR', 'function_option': 'FREEZING'}}]
2026-03-23 09:42:54,392 - DEBUG - CaseID: 77 - parse_multi_results输入 - name_str: 'device_control', args_str: '{"action":"turnoff","function_option":"FREEZING","entity":"REFRIGERATOR"}'
2026-03-23 09:42:54,392 - DEBUG - CaseID: 77 - parse_multi_results输出: [{'name': 'device_control', 'args': {'action': 'turnoff', 'entity': 'REFRIGERATOR', 'function_option': 'FREEZING'}}]
2026-03-23 09:42:54,392 - DEBUG - CaseID: 77 - expected_results: [{'name': 'device_control', 'args': {'action': 'turnoff', 'entity': 'REFRIGERATOR', 'function_option': 'FREEZING'}}]
2026-03-23 09:42:54,392 - DEBUG - CaseID: 77 - actual_results: [{'name': 'device_control', 'args': {'action': 'turnoff', 'entity': 'REFRIGERATOR', 'function_option': 'FREEZING'}}]
2026-03-23 09:42:54,392 - DEBUG - CaseID: 77 - expected_keys: {('device_control', '{"action": "turnoff", "entity": "REFRIGERATOR", "function_option": "FREEZING"}')}
2026-03-23 09:42:54,392 - DEBUG - CaseID: 77 - actual_keys: {('device_control', '{"action": "turnoff", "entity": "REFRIGERATOR", "function_option": "FREEZING"}')}
2026-03-23 09:42:54,392 - DEBUG - CaseID: 78 - parse_multi_results输入 - name_str: 'device_control', args_str: '{"action":"turnoff","function_option":"FREEZING","entity":"REFRIGERATOR"}'
2026-03-23 09:42:54,392 - DEBUG - CaseID: 78 - parse_multi_results输出: [{'name': 'device_control', 'args': {'action': 'turnoff', 'entity': 'REFRIGERATOR', 'function_option': 'FREEZING'}}]
2026-03-23 09:42:54,392 - DEBUG - CaseID: 78 - parse_multi_results输入 - name_str: 'device_control', args_str: '{"action":"turnoff","function_option":"FREEZING","entity":"REFRIGERATOR"}'
2026-03-23 09:42:54,392 - DEBUG - CaseID: 78 - parse_multi_results输出: [{'name': 'device_control', 'args': {'action': 'turnoff', 'entity': 'REFRIGERATOR', 'function_option': 'FREEZING'}}]
2026-03-23 09:42:54,392 - DEBUG - CaseID: 78 - expected_results: [{'name': 'device_control', 'args': {'action': 'turnoff', 'entity': 'REFRIGERATOR', 'function_option': 'FREEZING'}}]
2026-03-23 09:42:54,392 - DEBUG - CaseID: 78 - actual_results: [{'name': 'device_control', 'args': {'action': 'turnoff', 'entity': 'REFRIGERATOR', 'function_option': 'FREEZING'}}]
2026-03-23 09:42:54,392 - DEBUG - CaseID: 78 - expected_keys: {('device_control', '{"action": "turnoff", "entity": "REFRIGERATOR", "function_option": "FREEZING"}')}
2026-03-23 09:42:54,392 - DEBUG - CaseID: 78 - actual_keys: {('device_control', '{"action": "turnoff", "entity": "REFRIGERATOR", "function_option": "FREEZING"}')}
2026-03-23 09:42:54,392 - DEBUG - CaseID: 79 - parse_multi_results输入 - name_str: 'device_control', args_str: '{"action":"turnoff","function_option":"FREEZING","entity":"REFRIGERATOR"}'
2026-03-23 09:42:54,393 - DEBUG - CaseID: 79 - parse_multi_results输出: [{'name': 'device_control', 'args': {'action': 'turnoff', 'entity': 'REFRIGERATOR', 'function_option': 'FREEZING'}}]
2026-03-23 09:42:54,393 - DEBUG - CaseID: 79 - parse_multi_results输入 - name_str: 'device_control', args_str: '{"action":"turnoff","function_option":"FREEZING","entity":"REFRIGERATOR"}'
2026-03-23 09:42:54,393 - DEBUG - CaseID: 79 - parse_multi_results输出: [{'name': 'device_control', 'args': {'action': 'turnoff', 'entity': 'REFRIGERATOR', 'function_option': 'FREEZING'}}]
2026-03-23 09:42:54,393 - DEBUG - CaseID: 79 - expected_results: [{'name': 'device_control', 'args': {'action': 'turnoff', 'entity': 'REFRIGERATOR', 'function_option': 'FREEZING'}}]
2026-03-23 09:42:54,393 - DEBUG - CaseID: 79 - actual_results: [{'name': 'device_control', 'args': {'action': 'turnoff', 'entity': 'REFRIGERATOR', 'function_option': 'FREEZING'}}]
2026-03-23 09:42:54,393 - DEBUG - CaseID: 79 - expected_keys: {('device_control', '{"action": "turnoff", "entity": "REFRIGERATOR", "function_option": "FREEZING"}')}
2026-03-23 09:42:54,393 - DEBUG - CaseID: 79 - actual_keys: {('device_control', '{"action": "turnoff", "entity": "REFRIGERATOR", "function_option": "FREEZING"}')}
2026-03-23 09:42:54,393 - DEBUG - CaseID: 80 - parse_multi_results输入 - name_str: 'device_control', args_str: '{"action":"turnoff","function_option":"FREEZING","entity":"REFRIGERATOR"}'
2026-03-23 09:42:54,394 - DEBUG - CaseID: 80 - parse_multi_results输出: [{'name': 'device_control', 'args': {'action': 'turnoff', 'entity': 'REFRIGERATOR', 'function_option': 'FREEZING'}}]
2026-03-23 09:42:54,394 - DEBUG - CaseID: 80 - parse_multi_results输入 - name_str: 'device_control', args_str: '{"action":"turnoff","function_option":"FREEZING","entity":"REFRIGERATOR"}'
2026-03-23 09:42:54,394 - DEBUG - CaseID: 80 - parse_multi_results输出: [{'name': 'device_control', 'args': {'action': 'turnoff', 'entity': 'REFRIGERATOR', 'function_option': 'FREEZING'}}]
2026-03-23 09:42:54,394 - DEBUG - CaseID: 80 - expected_results: [{'name': 'device_control', 'args': {'action': 'turnoff', 'entity': 'REFRIGERATOR', 'function_option': 'FREEZING'}}]
2026-03-23 09:42:54,394 - DEBUG - CaseID: 80 - actual_results: [{'name': 'device_control', 'args': {'action': 'turnoff', 'entity': 'REFRIGERATOR', 'function_option': 'FREEZING'}}]
2026-03-23 09:42:54,394 - DEBUG - CaseID: 80 - expected_keys: {('device_control', '{"action": "turnoff", "entity": "REFRIGERATOR", "function_option": "FREEZING"}')}
2026-03-23 09:42:54,394 - DEBUG - CaseID: 80 - actual_keys: {('device_control', '{"action": "turnoff", "entity": "REFRIGERATOR", "function_option": "FREEZING"}')}
2026-03-23 09:42:54,394 - DEBUG - CaseID: 81 - parse_multi_results输入 - name_str: 'device_control', args_str: '{"action":"turnoff","function_option":"FREEZING","entity":"REFRIGERATOR"}'
2026-03-23 09:42:54,394 - DEBUG - CaseID: 81 - parse_multi_results输出: [{'name': 'device_control', 'args': {'action': 'turnoff', 'entity': 'REFRIGERATOR', 'function_option': 'FREEZING'}}]
2026-03-23 09:42:54,394 - DEBUG - CaseID: 81 - parse_multi_results输入 - name_str: 'device_control', args_str: '{"action":"turnoff","function_option":"FREEZING","entity":"REFRIGERATOR"}'
2026-03-23 09:42:54,394 - DEBUG - CaseID: 81 - parse_multi_results输出: [{'name': 'device_control', 'args': {'action': 'turnoff', 'entity': 'REFRIGERATOR', 'function_option': 'FREEZING'}}]
2026-03-23 09:42:54,394 - DEBUG - CaseID: 81 - expected_results: [{'name': 'device_control', 'args': {'action': 'turnoff', 'entity': 'REFRIGERATOR', 'function_option': 'FREEZING'}}]
2026-03-23 09:42:54,395 - DEBUG - CaseID: 81 - actual_results: [{'name': 'device_control', 'args': {'action': 'turnoff', 'entity': 'REFRIGERATOR', 'function_option': 'FREEZING'}}]
2026-03-23 09:42:54,395 - DEBUG - CaseID: 81 - expected_keys: {('device_control', '{"action": "turnoff", "entity": "REFRIGERATOR", "function_option": "FREEZING"}')}
2026-03-23 09:42:54,395 - DEBUG - CaseID: 81 - actual_keys: {('device_control', '{"action": "turnoff", "entity": "REFRIGERATOR", "function_option": "FREEZING"}')}
2026-03-23 09:42:54,395 - DEBUG - CaseID: 82 - parse_multi_results输入 - name_str: 'device_control', args_str: '{"action":"turnoff","function_option":"FREEZING","entity":"REFRIGERATOR"}'
2026-03-23 09:42:54,395 - DEBUG - CaseID: 82 - parse_multi_results输出: [{'name': 'device_control', 'args': {'action': 'turnoff', 'entity': 'REFRIGERATOR', 'function_option': 'FREEZING'}}]
2026-03-23 09:42:54,395 - DEBUG - CaseID: 82 - parse_multi_results输入 - name_str: 'device_control', args_str: '{"action":"turnoff","function_option":"FREEZING","entity":"REFRIGERATOR"}'
2026-03-23 09:42:54,395 - DEBUG - CaseID: 82 - parse_multi_results输出: [{'name': 'device_control', 'args': {'action': 'turnoff', 'entity': 'REFRIGERATOR', 'function_option': 'FREEZING'}}]
2026-03-23 09:42:54,395 - DEBUG - CaseID: 82 - expected_results: [{'name': 'device_control', 'args': {'action': 'turnoff', 'entity': 'REFRIGERATOR', 'function_option': 'FREEZING'}}]
2026-03-23 09:42:54,395 - DEBUG - CaseID: 82 - actual_results: [{'name': 'device_control', 'args': {'action': 'turnoff', 'entity': 'REFRIGERATOR', 'function_option': 'FREEZING'}}]
2026-03-23 09:42:54,395 - DEBUG - CaseID: 82 - expected_keys: {('device_control', '{"action": "turnoff", "entity": "REFRIGERATOR", "function_option": "FREEZING"}')}
2026-03-23 09:42:54,395 - DEBUG - CaseID: 82 - actual_keys: {('device_control', '{"action": "turnoff", "entity": "REFRIGERATOR", "function_option": "FREEZING"}')}
2026-03-23 09:42:54,395 - DEBUG - CaseID: 83 - parse_multi_results输入 - name_str: 'device_control', args_str: '{"action":"turnoff","function_option":"FREEZING","entity":"REFRIGERATOR"}'
2026-03-23 09:42:54,395 - DEBUG - CaseID: 83 - parse_multi_results输出: [{'name': 'device_control', 'args': {'action': 'turnoff', 'entity': 'REFRIGERATOR', 'function_option': 'FREEZING'}}]
2026-03-23 09:42:54,395 - DEBUG - CaseID: 83 - parse_multi_results输入 - name_str: 'device_control', args_str: '{"action":"turnoff","function_option":"FREEZING","entity":"REFRIGERATOR"}'
2026-03-23 09:42:54,395 - DEBUG - CaseID: 83 - parse_multi_results输出: [{'name': 'device_control', 'args': {'action': 'turnoff', 'entity': 'REFRIGERATOR', 'function_option': 'FREEZING'}}]
2026-03-23 09:42:54,395 - DEBUG - CaseID: 83 - expected_results: [{'name': 'device_control', 'args': {'action': 'turnoff', 'entity': 'REFRIGERATOR', 'function_option': 'FREEZING'}}]
2026-03-23 09:42:54,395 - DEBUG - CaseID: 83 - actual_results: [{'name': 'device_control', 'args': {'action': 'turnoff', 'entity': 'REFRIGERATOR', 'function_option': 'FREEZING'}}]
2026-03-23 09:42:54,395 - DEBUG - CaseID: 83 - expected_keys: {('device_control', '{"action": "turnoff", "entity": "REFRIGERATOR", "function_option": "FREEZING"}')}
2026-03-23 09:42:54,395 - DEBUG - CaseID: 83 - actual_keys: {('device_control', '{"action": "turnoff", "entity": "REFRIGERATOR", "function_option": "FREEZING"}')}
2026-03-23 09:42:54,395 - DEBUG - CaseID: 84 - parse_multi_results输入 - name_str: 'device_control', args_str: '{"action":"turnoff","function_option":"FREEZING","entity":"REFRIGERATOR"}'
2026-03-23 09:42:54,395 - DEBUG - CaseID: 84 - parse_multi_results输出: [{'name': 'device_control', 'args': {'action': 'turnoff', 'entity': 'REFRIGERATOR', 'function_option': 'FREEZING'}}]
2026-03-23 09:42:54,396 - DEBUG - CaseID: 84 - parse_multi_results输入 - name_str: 'device_control', args_str: '{"action":"turnoff","function_option":"FREEZING","entity":"REFRIGERATOR"}'
2026-03-23 09:42:54,396 - DEBUG - CaseID: 84 - parse_multi_results输出: [{'name': 'device_control', 'args': {'action': 'turnoff', 'entity': 'REFRIGERATOR', 'function_option': 'FREEZING'}}]
2026-03-23 09:42:54,396 - DEBUG - CaseID: 84 - expected_results: [{'name': 'device_control', 'args': {'action': 'turnoff', 'entity': 'REFRIGERATOR', 'function_option': 'FREEZING'}}]
2026-03-23 09:42:54,396 - DEBUG - CaseID: 84 - actual_results: [{'name': 'device_control', 'args': {'action': 'turnoff', 'entity': 'REFRIGERATOR', 'function_option': 'FREEZING'}}]
2026-03-23 09:42:54,396 - DEBUG - CaseID: 84 - expected_keys: {('device_control', '{"action": "turnoff", "entity": "REFRIGERATOR", "function_option": "FREEZING"}')}
2026-03-23 09:42:54,396 - DEBUG - CaseID: 84 - actual_keys: {('device_control', '{"action": "turnoff", "entity": "REFRIGERATOR", "function_option": "FREEZING"}')}
2026-03-23 09:42:54,396 - DEBUG - CaseID: 85 - parse_multi_results输入 - name_str: 'device_control', args_str: '{"action":"turnoff","function_option":"FREEZING","entity":"REFRIGERATOR"}'
2026-03-23 09:42:54,396 - DEBUG - CaseID: 85 - parse_multi_results输出: [{'name': 'device_control', 'args': {'action': 'turnoff', 'entity': 'REFRIGERATOR', 'function_option': 'FREEZING'}}]
2026-03-23 09:42:54,396 - DEBUG - CaseID: 85 - parse_multi_results输入 - name_str: 'device_control', args_str: '{"action":"turnoff","function_option":"FREEZING","entity":"REFRIGERATOR"}'
2026-03-23 09:42:54,396 - DEBUG - CaseID: 85 - parse_multi_results输出: [{'name': 'device_control', 'args': {'action': 'turnoff', 'entity': 'REFRIGERATOR', 'function_option': 'FREEZING'}}]
2026-03-23 09:42:54,396 - DEBUG - CaseID: 85 - expected_results: [{'name': 'device_control', 'args': {'action': 'turnoff', 'entity': 'REFRIGERATOR', 'function_option': 'FREEZING'}}]
2026-03-23 09:42:54,396 - DEBUG - CaseID: 85 - actual_results: [{'name': 'device_control', 'args': {'action': 'turnoff', 'entity': 'REFRIGERATOR', 'function_option': 'FREEZING'}}]
2026-03-23 09:42:54,396 - DEBUG - CaseID: 85 - expected_keys: {('device_control', '{"action": "turnoff", "entity": "REFRIGERATOR", "function_option": "FREEZING"}')}
2026-03-23 09:42:54,396 - DEBUG - CaseID: 85 - actual_keys: {('device_control', '{"action": "turnoff", "entity": "REFRIGERATOR", "function_option": "FREEZING"}')}
2026-03-23 09:42:54,396 - DEBUG - CaseID: 86 - parse_multi_results输入 - name_str: 'device_control', args_str: '{"action":"turnoff","function_option":"FREEZING","entity":"REFRIGERATOR"}'
2026-03-23 09:42:54,397 - DEBUG - CaseID: 86 - parse_multi_results输出: [{'name': 'device_control', 'args': {'action': 'turnoff', 'entity': 'REFRIGERATOR', 'function_option': 'FREEZING'}}]
2026-03-23 09:42:54,397 - DEBUG - CaseID: 86 - parse_multi_results输入 - name_str: 'device_control', args_str: '{"action":"turnoff","function_option":"FREEZING","entity":"REFRIGERATOR"}'
2026-03-23 09:42:54,397 - DEBUG - CaseID: 86 - parse_multi_results输出: [{'name': 'device_control', 'args': {'action': 'turnoff', 'entity': 'REFRIGERATOR', 'function_option': 'FREEZING'}}]
2026-03-23 09:42:54,397 - DEBUG - CaseID: 86 - expected_results: [{'name': 'device_control', 'args': {'action': 'turnoff', 'entity': 'REFRIGERATOR', 'function_option': 'FREEZING'}}]
2026-03-23 09:42:54,397 - DEBUG - CaseID: 86 - actual_results: [{'name': 'device_control', 'args': {'action': 'turnoff', 'entity': 'REFRIGERATOR', 'function_option': 'FREEZING'}}]
2026-03-23 09:42:54,397 - DEBUG - CaseID: 86 - expected_keys: {('device_control', '{"action": "turnoff", "entity": "REFRIGERATOR", "function_option": "FREEZING"}')}
2026-03-23 09:42:54,397 - DEBUG - CaseID: 86 - actual_keys: {('device_control', '{"action": "turnoff", "entity": "REFRIGERATOR", "function_option": "FREEZING"}')}
2026-03-23 09:42:54,397 - DEBUG - CaseID: 87 - parse_multi_results输入 - name_str: 'device_control', args_str: '{"action":"turnoff","function_option":"FREEZING","entity":"REFRIGERATOR"}'
2026-03-23 09:42:54,397 - DEBUG - CaseID: 87 - parse_multi_results输出: [{'name': 'device_control', 'args': {'action': 'turnoff', 'entity': 'REFRIGERATOR', 'function_option': 'FREEZING'}}]
2026-03-23 09:42:54,397 - DEBUG - CaseID: 87 - parse_multi_results输入 - name_str: 'device_control', args_str: '{"action":"turnoff","function_option":"FREEZING","entity":"REFRIGERATOR"}'
2026-03-23 09:42:54,397 - DEBUG - CaseID: 87 - parse_multi_results输出: [{'name': 'device_control', 'args': {'action': 'turnoff', 'entity': 'REFRIGERATOR', 'function_option': 'FREEZING'}}]
2026-03-23 09:42:54,397 - DEBUG - CaseID: 87 - expected_results: [{'name': 'device_control', 'args': {'action': 'turnoff', 'entity': 'REFRIGERATOR', 'function_option': 'FREEZING'}}]
2026-03-23 09:42:54,397 - DEBUG - CaseID: 87 - actual_results: [{'name': 'device_control', 'args': {'action': 'turnoff', 'entity': 'REFRIGERATOR', 'function_option': 'FREEZING'}}]
2026-03-23 09:42:54,397 - DEBUG - CaseID: 87 - expected_keys: {('device_control', '{"action": "turnoff", "entity": "REFRIGERATOR", "function_option": "FREEZING"}')}
2026-03-23 09:42:54,397 - DEBUG - CaseID: 87 - actual_keys: {('device_control', '{"action": "turnoff", "entity": "REFRIGERATOR", "function_option": "FREEZING"}')}
2026-03-23 09:42:54,397 - DEBUG - CaseID: 88 - parse_multi_results输入 - name_str: 'device_control', args_str: '{"action":"turnoff","function_option":"FREEZING","entity":"REFRIGERATOR"}'
2026-03-23 09:42:54,397 - DEBUG - CaseID: 88 - parse_multi_results输出: [{'name': 'device_control', 'args': {'action': 'turnoff', 'entity': 'REFRIGERATOR', 'function_option': 'FREEZING'}}]
2026-03-23 09:42:54,397 - DEBUG - CaseID: 88 - parse_multi_results输入 - name_str: 'device_control', args_str: '{"action":"turnoff","function_option":"FREEZING","entity":"REFRIGERATOR"}'
2026-03-23 09:42:54,397 - DEBUG - CaseID: 88 - parse_multi_results输出: [{'name': 'device_control', 'args': {'action': 'turnoff', 'entity': 'REFRIGERATOR', 'function_option': 'FREEZING'}}]
2026-03-23 09:42:54,397 - DEBUG - CaseID: 88 - expected_results: [{'name': 'device_control', 'args': {'action': 'turnoff', 'entity': 'REFRIGERATOR', 'function_option': 'FREEZING'}}]
2026-03-23 09:42:54,397 - DEBUG - CaseID: 88 - actual_results: [{'name': 'device_control', 'args': {'action': 'turnoff', 'entity': 'REFRIGERATOR', 'function_option': 'FREEZING'}}]
2026-03-23 09:42:54,397 - DEBUG - CaseID: 88 - expected_keys: {('device_control', '{"action": "turnoff", "entity": "REFRIGERATOR", "function_option": "FREEZING"}')}
2026-03-23 09:42:54,397 - DEBUG - CaseID: 88 - actual_keys: {('device_control', '{"action": "turnoff", "entity": "REFRIGERATOR", "function_option": "FREEZING"}')}
2026-03-23 09:42:54,397 - DEBUG - CaseID: 89 - parse_multi_results输入 - name_str: 'device_control', args_str: '{"action":"turnoff","function_option":"FREEZING","entity":"REFRIGERATOR"}'
2026-03-23 09:42:54,397 - DEBUG - CaseID: 89 - parse_multi_results输出: [{'name': 'device_control', 'args': {'action': 'turnoff', 'entity': 'REFRIGERATOR', 'function_option': 'FREEZING'}}]
2026-03-23 09:42:54,397 - DEBUG - CaseID: 89 - parse_multi_results输入 - name_str: 'device_control', args_str: '{"action":"turnoff","function_option":"FREEZING","entity":"REFRIGERATOR"}'
2026-03-23 09:42:54,398 - DEBUG - CaseID: 89 - parse_multi_results输出: [{'name': 'device_control', 'args': {'action': 'turnoff', 'entity': 'REFRIGERATOR', 'function_option': 'FREEZING'}}]
2026-03-23 09:42:54,398 - DEBUG - CaseID: 89 - expected_results: [{'name': 'device_control', 'args': {'action': 'turnoff', 'entity': 'REFRIGERATOR', 'function_option': 'FREEZING'}}]
2026-03-23 09:42:54,398 - DEBUG - CaseID: 89 - actual_results: [{'name': 'device_control', 'args': {'action': 'turnoff', 'entity': 'REFRIGERATOR', 'function_option': 'FREEZING'}}]
2026-03-23 09:42:54,398 - DEBUG - CaseID: 89 - expected_keys: {('device_control', '{"action": "turnoff", "entity": "REFRIGERATOR", "function_option": "FREEZING"}')}
2026-03-23 09:42:54,398 - DEBUG - CaseID: 89 - actual_keys: {('device_control', '{"action": "turnoff", "entity": "REFRIGERATOR", "function_option": "FREEZING"}')}
2026-03-23 09:42:54,398 - DEBUG - CaseID: 90 - parse_multi_results输入 - name_str: 'device_control', args_str: '{"action":"turnoff","function_option":"FREEZING","entity":"REFRIGERATOR"}'
2026-03-23 09:42:54,398 - DEBUG - CaseID: 90 - parse_multi_results输出: [{'name': 'device_control', 'args': {'action': 'turnoff', 'entity': 'REFRIGERATOR', 'function_option': 'FREEZING'}}]
2026-03-23 09:42:54,398 - DEBUG - CaseID: 90 - parse_multi_results输入 - name_str: 'device_control', args_str: '{"action":"turnoff","function_option":"FREEZING","entity":"REFRIGERATOR"}'
2026-03-23 09:42:54,398 - DEBUG - CaseID: 90 - parse_multi_results输出: [{'name': 'device_control', 'args': {'action': 'turnoff', 'entity': 'REFRIGERATOR', 'function_option': 'FREEZING'}}]
2026-03-23 09:42:54,398 - DEBUG - CaseID: 90 - expected_results: [{'name': 'device_control', 'args': {'action': 'turnoff', 'entity': 'REFRIGERATOR', 'function_option': 'FREEZING'}}]
2026-03-23 09:42:54,398 - DEBUG - CaseID: 90 - actual_results: [{'name': 'device_control', 'args': {'action': 'turnoff', 'entity': 'REFRIGERATOR', 'function_option': 'FREEZING'}}]
2026-03-23 09:42:54,398 - DEBUG - CaseID: 90 - expected_keys: {('device_control', '{"action": "turnoff", "entity": "REFRIGERATOR", "function_option": "FREEZING"}')}
2026-03-23 09:42:54,398 - DEBUG - CaseID: 90 - actual_keys: {('device_control', '{"action": "turnoff", "entity": "REFRIGERATOR", "function_option": "FREEZING"}')}
2026-03-23 09:42:54,398 - DEBUG - CaseID: 91 - parse_multi_results输入 - name_str: 'device_control', args_str: '{"action":"turnoff","function_option":"FREEZING","entity":"REFRIGERATOR"}'
2026-03-23 09:42:54,398 - DEBUG - CaseID: 91 - parse_multi_results输出: [{'name': 'device_control', 'args': {'action': 'turnoff', 'entity': 'REFRIGERATOR', 'function_option': 'FREEZING'}}]
2026-03-23 09:42:54,398 - DEBUG - CaseID: 91 - parse_multi_results输入 - name_str: 'device_control', args_str: '{"action":"turnoff","function_option":"FREEZING","entity":"REFRIGERATOR"}'
2026-03-23 09:42:54,398 - DEBUG - CaseID: 91 - parse_multi_results输出: [{'name': 'device_control', 'args': {'action': 'turnoff', 'entity': 'REFRIGERATOR', 'function_option': 'FREEZING'}}]
2026-03-23 09:42:54,399 - DEBUG - CaseID: 91 - expected_results: [{'name': 'device_control', 'args': {'action': 'turnoff', 'entity': 'REFRIGERATOR', 'function_option': 'FREEZING'}}]
2026-03-23 09:42:54,399 - DEBUG - CaseID: 91 - actual_results: [{'name': 'device_control', 'args': {'action': 'turnoff', 'entity': 'REFRIGERATOR', 'function_option': 'FREEZING'}}]
2026-03-23 09:42:54,399 - DEBUG - CaseID: 91 - expected_keys: {('device_control', '{"action": "turnoff", "entity": "REFRIGERATOR", "function_option": "FREEZING"}')}
2026-03-23 09:42:54,399 - DEBUG - CaseID: 91 - actual_keys: {('device_control', '{"action": "turnoff", "entity": "REFRIGERATOR", "function_option": "FREEZING"}')}
2026-03-23 09:42:54,399 - DEBUG - CaseID: 92 - parse_multi_results输入 - name_str: 'device_control', args_str: '{"action":"turnoff","function_option":"FREEZING","entity":"REFRIGERATOR"}'
2026-03-23 09:42:54,399 - DEBUG - CaseID: 92 - parse_multi_results输出: [{'name': 'device_control', 'args': {'action': 'turnoff', 'entity': 'REFRIGERATOR', 'function_option': 'FREEZING'}}]
2026-03-23 09:42:54,399 - DEBUG - CaseID: 92 - parse_multi_results输入 - name_str: 'device_control', args_str: '{"action":"turnoff","function_option":"FREEZING","entity":"REFRIGERATOR"}'
2026-03-23 09:42:54,399 - DEBUG - CaseID: 92 - parse_multi_results输出: [{'name': 'device_control', 'args': {'action': 'turnoff', 'entity': 'REFRIGERATOR', 'function_option': 'FREEZING'}}]
2026-03-23 09:42:54,400 - DEBUG - CaseID: 92 - expected_results: [{'name': 'device_control', 'args': {'action': 'turnoff', 'entity': 'REFRIGERATOR', 'function_option': 'FREEZING'}}]
2026-03-23 09:42:54,400 - DEBUG - CaseID: 92 - actual_results: [{'name': 'device_control', 'args': {'action': 'turnoff', 'entity': 'REFRIGERATOR', 'function_option': 'FREEZING'}}]
2026-03-23 09:42:54,400 - DEBUG - CaseID: 92 - expected_keys: {('device_control', '{"action": "turnoff", "entity": "REFRIGERATOR", "function_option": "FREEZING"}')}
2026-03-23 09:42:54,400 - DEBUG - CaseID: 92 - actual_keys: {('device_control', '{"action": "turnoff", "entity": "REFRIGERATOR", "function_option": "FREEZING"}')}
2026-03-23 09:42:54,400 - DEBUG - CaseID: 93 - parse_multi_results输入 - name_str: 'device_control', args_str: '{"action":"turnon","function_option":"ICE_SLUSH","entity":"REFRIGERATOR"}'
2026-03-23 09:42:54,400 - DEBUG - CaseID: 93 - parse_multi_results输出: [{'name': 'device_control', 'args': {'action': 'turnon', 'entity': 'REFRIGERATOR', 'function_option': 'ICE_SLUSH'}}]
2026-03-23 09:42:54,400 - DEBUG - CaseID: 93 - parse_multi_results输入 - name_str: 'device_control', args_str: '{"action":"turnon","function_option":"ICE_SLUSH","entity":"REFRIGERATOR"}'
2026-03-23 09:42:54,400 - DEBUG - CaseID: 93 - parse_multi_results输出: [{'name': 'device_control', 'args': {'action': 'turnon', 'entity': 'REFRIGERATOR', 'function_option': 'ICE_SLUSH'}}]
2026-03-23 09:42:54,400 - DEBUG - CaseID: 93 - expected_results: [{'name': 'device_control', 'args': {'action': 'turnon', 'entity': 'REFRIGERATOR', 'function_option': 'ICE_SLUSH'}}]
2026-03-23 09:42:54,400 - DEBUG - CaseID: 93 - actual_results: [{'name': 'device_control', 'args': {'action': 'turnon', 'entity': 'REFRIGERATOR', 'function_option': 'ICE_SLUSH'}}]
2026-03-23 09:42:54,400 - DEBUG - CaseID: 93 - expected_keys: {('device_control', '{"action": "turnon", "entity": "REFRIGERATOR", "function_option": "ICE_SLUSH"}')}
2026-03-23 09:42:54,401 - DEBUG - CaseID: 93 - actual_keys: {('device_control', '{"action": "turnon", "entity": "REFRIGERATOR", "function_option": "ICE_SLUSH"}')}
2026-03-23 09:42:54,401 - DEBUG - CaseID: 94 - parse_multi_results输入 - name_str: 'device_control', args_str: '{"action":"turnon","function_option":"ICE_SLUSH","entity":"REFRIGERATOR"}'
2026-03-23 09:42:54,401 - DEBUG - CaseID: 94 - parse_multi_results输出: [{'name': 'device_control', 'args': {'action': 'turnon', 'entity': 'REFRIGERATOR', 'function_option': 'ICE_SLUSH'}}]
2026-03-23 09:42:54,401 - DEBUG - CaseID: 94 - parse_multi_results输入 - name_str: 'device_control', args_str: '{"action":"turnon","function_option":"ICE_SLUSH","entity":"REFRIGERATOR"}'
2026-03-23 09:42:54,401 - DEBUG - CaseID: 94 - parse_multi_results输出: [{'name': 'device_control', 'args': {'action': 'turnon', 'entity': 'REFRIGERATOR', 'function_option': 'ICE_SLUSH'}}]
2026-03-23 09:42:54,401 - DEBUG - CaseID: 94 - expected_results: [{'name': 'device_control', 'args': {'action': 'turnon', 'entity': 'REFRIGERATOR', 'function_option': 'ICE_SLUSH'}}]
2026-03-23 09:42:54,401 - DEBUG - CaseID: 94 - actual_results: [{'name': 'device_control', 'args': {'action': 'turnon', 'entity': 'REFRIGERATOR', 'function_option': 'ICE_SLUSH'}}]
2026-03-23 09:42:54,401 - DEBUG - CaseID: 94 - expected_keys: {('device_control', '{"action": "turnon", "entity": "REFRIGERATOR", "function_option": "ICE_SLUSH"}')}
2026-03-23 09:42:54,401 - DEBUG - CaseID: 94 - actual_keys: {('device_control', '{"action": "turnon", "entity": "REFRIGERATOR", "function_option": "ICE_SLUSH"}')}
2026-03-23 09:42:54,401 - DEBUG - CaseID: 95 - parse_multi_results输入 - name_str: 'device_control', args_str: '{"action":"turnon","function_option":"ICE_SLUSH","entity":"REFRIGERATOR"}'
2026-03-23 09:42:54,401 - DEBUG - CaseID: 95 - parse_multi_results输出: [{'name': 'device_control', 'args': {'action': 'turnon', 'entity': 'REFRIGERATOR', 'function_option': 'ICE_SLUSH'}}]
2026-03-23 09:42:54,401 - DEBUG - CaseID: 95 - parse_multi_results输入 - name_str: 'device_control', args_str: '{"action":"turnon","function_option":"ICE_SLUSH","entity":"REFRIGERATOR"}'
2026-03-23 09:42:54,401 - DEBUG - CaseID: 95 - parse_multi_results输出: [{'name': 'device_control', 'args': {'action': 'turnon', 'entity': 'REFRIGERATOR', 'function_option': 'ICE_SLUSH'}}]
2026-03-23 09:42:54,401 - DEBUG - CaseID: 95 - expected_results: [{'name': 'device_control', 'args': {'action': 'turnon', 'entity': 'REFRIGERATOR', 'function_option': 'ICE_SLUSH'}}]
2026-03-23 09:42:54,401 - DEBUG - CaseID: 95 - actual_results: [{'name': 'device_control', 'args': {'action': 'turnon', 'entity': 'REFRIGERATOR', 'function_option': 'ICE_SLUSH'}}]
2026-03-23 09:42:54,401 - DEBUG - CaseID: 95 - expected_keys: {('device_control', '{"action": "turnon", "entity": "REFRIGERATOR", "function_option": "ICE_SLUSH"}')}
2026-03-23 09:42:54,401 - DEBUG - CaseID: 95 - actual_keys: {('device_control', '{"action": "turnon", "entity": "REFRIGERATOR", "function_option": "ICE_SLUSH"}')}
2026-03-23 09:42:54,401 - DEBUG - CaseID: 96 - parse_multi_results输入 - name_str: 'device_control', args_str: '{"action":"turnon","function_option":"ICE_SLUSH","entity":"REFRIGERATOR"}'
2026-03-23 09:42:54,401 - DEBUG - CaseID: 96 - parse_multi_results输出: [{'name': 'device_control', 'args': {'action': 'turnon', 'entity': 'REFRIGERATOR', 'function_option': 'ICE_SLUSH'}}]
2026-03-23 09:42:54,401 - DEBUG - CaseID: 96 - parse_multi_results输入 - name_str: 'device_control', args_str: '{"action":"turnon","function_option":"ICE_SLUSH","entity":"REFRIGERATOR"}'
2026-03-23 09:42:54,401 - DEBUG - CaseID: 96 - parse_multi_results输出: [{'name': 'device_control', 'args': {'action': 'turnon', 'entity': 'REFRIGERATOR', 'function_option': 'ICE_SLUSH'}}]
2026-03-23 09:42:54,401 - DEBUG - CaseID: 96 - expected_results: [{'name': 'device_control', 'args': {'action': 'turnon', 'entity': 'REFRIGERATOR', 'function_option': 'ICE_SLUSH'}}]
2026-03-23 09:42:54,401 - DEBUG - CaseID: 96 - actual_results: [{'name': 'device_control', 'args': {'action': 'turnon', 'entity': 'REFRIGERATOR', 'function_option': 'ICE_SLUSH'}}]
2026-03-23 09:42:54,401 - DEBUG - CaseID: 96 - expected_keys: {('device_control', '{"action": "turnon", "entity": "REFRIGERATOR", "function_option": "ICE_SLUSH"}')}
2026-03-23 09:42:54,401 - DEBUG - CaseID: 96 - actual_keys: {('device_control', '{"action": "turnon", "entity": "REFRIGERATOR", "function_option": "ICE_SLUSH"}')}
2026-03-23 09:42:54,401 - DEBUG - CaseID: 97 - parse_multi_results输入 - name_str: 'device_control', args_str: '{"action":"turnon","function_option":"ICE_SLUSH","entity":"REFRIGERATOR"}'
2026-03-23 09:42:54,401 - DEBUG - CaseID: 97 - parse_multi_results输出: [{'name': 'device_control', 'args': {'action': 'turnon', 'entity': 'REFRIGERATOR', 'function_option': 'ICE_SLUSH'}}]
2026-03-23 09:42:54,401 - DEBUG - CaseID: 97 - parse_multi_results输入 - name_str: 'device_control', args_str: '{"action":"turnon","function_option":"ICE_SLUSH","entity":"REFRIGERATOR"}'
2026-03-23 09:42:54,401 - DEBUG - CaseID: 97 - parse_multi_results输出: [{'name': 'device_control', 'args': {'action': 'turnon', 'entity': 'REFRIGERATOR', 'function_option': 'ICE_SLUSH'}}]
2026-03-23 09:42:54,401 - DEBUG - CaseID: 97 - expected_results: [{'name': 'device_control', 'args': {'action': 'turnon', 'entity': 'REFRIGERATOR', 'function_option': 'ICE_SLUSH'}}]
2026-03-23 09:42:54,401 - DEBUG - CaseID: 97 - actual_results: [{'name': 'device_control', 'args': {'action': 'turnon', 'entity': 'REFRIGERATOR', 'function_option': 'ICE_SLUSH'}}]
2026-03-23 09:42:54,401 - DEBUG - CaseID: 97 - expected_keys: {('device_control', '{"action": "turnon", "entity": "REFRIGERATOR", "function_option": "ICE_SLUSH"}')}
2026-03-23 09:42:54,401 - DEBUG - CaseID: 97 - actual_keys: {('device_control', '{"action": "turnon", "entity": "REFRIGERATOR", "function_option": "ICE_SLUSH"}')}
2026-03-23 09:42:54,401 - DEBUG - CaseID: 98 - parse_multi_results输入 - name_str: 'device_control', args_str: '{"action":"turnon","function_option":"ICE_SLUSH","entity":"REFRIGERATOR"}'
2026-03-23 09:42:54,401 - DEBUG - CaseID: 98 - parse_multi_results输出: [{'name': 'device_control', 'args': {'action': 'turnon', 'entity': 'REFRIGERATOR', 'function_option': 'ICE_SLUSH'}}]
2026-03-23 09:42:54,402 - DEBUG - CaseID: 98 - parse_multi_results输入 - name_str: 'device_control', args_str: '{"action":"turnon","function_option":"ICE_SLUSH","entity":"REFRIGERATOR"}'
2026-03-23 09:42:54,402 - DEBUG - CaseID: 98 - parse_multi_results输出: [{'name': 'device_control', 'args': {'action': 'turnon', 'entity': 'REFRIGERATOR', 'function_option': 'ICE_SLUSH'}}]
2026-03-23 09:42:54,402 - DEBUG - CaseID: 98 - expected_results: [{'name': 'device_control', 'args': {'action': 'turnon', 'entity': 'REFRIGERATOR', 'function_option': 'ICE_SLUSH'}}]
2026-03-23 09:42:54,402 - DEBUG - CaseID: 98 - actual_results: [{'name': 'device_control', 'args': {'action': 'turnon', 'entity': 'REFRIGERATOR', 'function_option': 'ICE_SLUSH'}}]
2026-03-23 09:42:54,402 - DEBUG - CaseID: 98 - expected_keys: {('device_control', '{"action": "turnon", "entity": "REFRIGERATOR", "function_option": "ICE_SLUSH"}')}
2026-03-23 09:42:54,402 - DEBUG - CaseID: 98 - actual_keys: {('device_control', '{"action": "turnon", "entity": "REFRIGERATOR", "function_option": "ICE_SLUSH"}')}
2026-03-23 09:42:54,402 - DEBUG - CaseID: 99 - parse_multi_results输入 - name_str: 'device_control', args_str: '{"action":"turnon","function_option":"ICE_SLUSH","entity":"REFRIGERATOR"}'
2026-03-23 09:42:54,402 - DEBUG - CaseID: 99 - parse_multi_results输出: [{'name': 'device_control', 'args': {'action': 'turnon', 'entity': 'REFRIGERATOR', 'function_option': 'ICE_SLUSH'}}]
2026-03-23 09:42:54,402 - DEBUG - CaseID: 99 - parse_multi_results输入 - name_str: 'device_control', args_str: '{"action":"turnon","function_option":"ICE_SLUSH","entity":"REFRIGERATOR"}'
2026-03-23 09:42:54,402 - DEBUG - CaseID: 99 - parse_multi_results输出: [{'name': 'device_control', 'args': {'action': 'turnon', 'entity': 'REFRIGERATOR', 'function_option': 'ICE_SLUSH'}}]
2026-03-23 09:42:54,402 - DEBUG - CaseID: 99 - expected_results: [{'name': 'device_control', 'args': {'action': 'turnon', 'entity': 'REFRIGERATOR', 'function_option': 'ICE_SLUSH'}}]
2026-03-23 09:42:54,402 - DEBUG - CaseID: 99 - actual_results: [{'name': 'device_control', 'args': {'action': 'turnon', 'entity': 'REFRIGERATOR', 'function_option': 'ICE_SLUSH'}}]
2026-03-23 09:42:54,402 - DEBUG - CaseID: 99 - expected_keys: {('device_control', '{"action": "turnon", "entity": "REFRIGERATOR", "function_option": "ICE_SLUSH"}')}
2026-03-23 09:42:54,402 - DEBUG - CaseID: 99 - actual_keys: {('device_control', '{"action": "turnon", "entity": "REFRIGERATOR", "function_option": "ICE_SLUSH"}')}
2026-03-23 09:42:54,402 - DEBUG - CaseID: 100 - parse_multi_results输入 - name_str: 'device_control', args_str: '{"action":"turnon","function_option":"ICE_SLUSH","entity":"REFRIGERATOR"}'
2026-03-23 09:42:54,402 - DEBUG - CaseID: 100 - parse_multi_results输出: [{'name': 'device_control', 'args': {'action': 'turnon', 'entity': 'REFRIGERATOR', 'function_option': 'ICE_SLUSH'}}]
2026-03-23 09:42:54,402 - DEBUG - CaseID: 100 - parse_multi_results输入 - name_str: 'device_control', args_str: '{"action":"turnon","function_option":"ICE_SLUSH","entity":"REFRIGERATOR"}'
2026-03-23 09:42:54,402 - DEBUG - CaseID: 100 - parse_multi_results输出: [{'name': 'device_control', 'args': {'action': 'turnon', 'entity': 'REFRIGERATOR', 'function_option': 'ICE_SLUSH'}}]
2026-03-23 09:42:54,402 - DEBUG - CaseID: 100 - expected_results: [{'name': 'device_control', 'args': {'action': 'turnon', 'entity': 'REFRIGERATOR', 'function_option': 'ICE_SLUSH'}}]
2026-03-23 09:42:54,403 - DEBUG - CaseID: 100 - actual_results: [{'name': 'device_control', 'args': {'action': 'turnon', 'entity': 'REFRIGERATOR', 'function_option': 'ICE_SLUSH'}}]
2026-03-23 09:42:54,403 - DEBUG - CaseID: 100 - expected_keys: {('device_control', '{"action": "turnon", "entity": "REFRIGERATOR", "function_option": "ICE_SLUSH"}')}
2026-03-23 09:42:54,403 - DEBUG - CaseID: 100 - actual_keys: {('device_control', '{"action": "turnon", "entity": "REFRIGERATOR", "function_option": "ICE_SLUSH"}')}
2026-03-23 09:42:54,403 - DEBUG - CaseID: 101 - parse_multi_results输入 - name_str: 'device_control', args_str: '{"action":"turnon","function_option":"ICE_SLUSH","entity":"REFRIGERATOR"}'
2026-03-23 09:42:54,403 - DEBUG - CaseID: 101 - parse_multi_results输出: [{'name': 'device_control', 'args': {'action': 'turnon', 'entity': 'REFRIGERATOR', 'function_option': 'ICE_SLUSH'}}]
2026-03-23 09:42:54,403 - DEBUG - CaseID: 101 - parse_multi_results输入 - name_str: 'device_control', args_str: '{"action":"turnon","function_option":"ICE_SLUSH","entity":"REFRIGERATOR"}'
2026-03-23 09:42:54,403 - DEBUG - CaseID: 101 - parse_multi_results输出: [{'name': 'device_control', 'args': {'action': 'turnon', 'entity': 'REFRIGERATOR', 'function_option': 'ICE_SLUSH'}}]
2026-03-23 09:42:54,403 - DEBUG - CaseID: 101 - expected_results: [{'name': 'device_control', 'args': {'action': 'turnon', 'entity': 'REFRIGERATOR', 'function_option': 'ICE_SLUSH'}}]
2026-03-23 09:42:54,403 - DEBUG - CaseID: 101 - actual_results: [{'name': 'device_control', 'args': {'action': 'turnon', 'entity': 'REFRIGERATOR', 'function_option': 'ICE_SLUSH'}}]
2026-03-23 09:42:54,403 - DEBUG - CaseID: 101 - expected_keys: {('device_control', '{"action": "turnon", "entity": "REFRIGERATOR", "function_option": "ICE_SLUSH"}')}
2026-03-23 09:42:54,404 - DEBUG - CaseID: 101 - actual_keys: {('device_control', '{"action": "turnon", "entity": "REFRIGERATOR", "function_option": "ICE_SLUSH"}')}
2026-03-23 09:42:54,404 - DEBUG - CaseID: 102 - parse_multi_results输入 - name_str: 'device_control', args_str: '{"action":"turnon","function_option":"ICE_SLUSH","entity":"REFRIGERATOR"}'
2026-03-23 09:42:54,404 - DEBUG - CaseID: 102 - parse_multi_results输出: [{'name': 'device_control', 'args': {'action': 'turnon', 'entity': 'REFRIGERATOR', 'function_option': 'ICE_SLUSH'}}]
2026-03-23 09:42:54,404 - DEBUG - CaseID: 102 - parse_multi_results输入 - name_str: 'device_control', args_str: '{"action":"turnon","function_option":"ICE_SLUSH","entity":"REFRIGERATOR"}'
2026-03-23 09:42:54,404 - DEBUG - CaseID: 102 - parse_multi_results输出: [{'name': 'device_control', 'args': {'action': 'turnon', 'entity': 'REFRIGERATOR', 'function_option': 'ICE_SLUSH'}}]
2026-03-23 09:42:54,404 - DEBUG - CaseID: 102 - expected_results: [{'name': 'device_control', 'args': {'action': 'turnon', 'entity': 'REFRIGERATOR', 'function_option': 'ICE_SLUSH'}}]
2026-03-23 09:42:54,404 - DEBUG - CaseID: 102 - actual_results: [{'name': 'device_control', 'args': {'action': 'turnon', 'entity': 'REFRIGERATOR', 'function_option': 'ICE_SLUSH'}}]
2026-03-23 09:42:54,404 - DEBUG - CaseID: 102 - expected_keys: {('device_control', '{"action": "turnon", "entity": "REFRIGERATOR", "function_option": "ICE_SLUSH"}')}
2026-03-23 09:42:54,404 - DEBUG - CaseID: 102 - actual_keys: {('device_control', '{"action": "turnon", "entity": "REFRIGERATOR", "function_option": "ICE_SLUSH"}')}
2026-03-23 09:42:54,404 - DEBUG - CaseID: 103 - parse_multi_results输入 - name_str: 'device_control', args_str: '{"action":"turnon","function_option":"ICE_SLUSH","entity":"REFRIGERATOR"}'
2026-03-23 09:42:54,404 - DEBUG - CaseID: 103 - parse_multi_results输出: [{'name': 'device_control', 'args': {'action': 'turnon', 'entity': 'REFRIGERATOR', 'function_option': 'ICE_SLUSH'}}]
2026-03-23 09:42:54,404 - DEBUG - CaseID: 103 - parse_multi_results输入 - name_str: 'device_control', args_str: '{"action":"turnon","function_option":"ICE_SLUSH","entity":"REFRIGERATOR"}'
2026-03-23 09:42:54,404 - DEBUG - CaseID: 103 - parse_multi_results输出: [{'name': 'device_control', 'args': {'action': 'turnon', 'entity': 'REFRIGERATOR', 'function_option': 'ICE_SLUSH'}}]
2026-03-23 09:42:54,404 - DEBUG - CaseID: 103 - expected_results: [{'name': 'device_control', 'args': {'action': 'turnon', 'entity': 'REFRIGERATOR', 'function_option': 'ICE_SLUSH'}}]
2026-03-23 09:42:54,404 - DEBUG - CaseID: 103 - actual_results: [{'name': 'device_control', 'args': {'action': 'turnon', 'entity': 'REFRIGERATOR', 'function_option': 'ICE_SLUSH'}}]
2026-03-23 09:42:54,404 - DEBUG - CaseID: 103 - expected_keys: {('device_control', '{"action": "turnon", "entity": "REFRIGERATOR", "function_option": "ICE_SLUSH"}')}
2026-03-23 09:42:54,404 - DEBUG - CaseID: 103 - actual_keys: {('device_control', '{"action": "turnon", "entity": "REFRIGERATOR", "function_option": "ICE_SLUSH"}')}
2026-03-23 09:42:54,404 - DEBUG - CaseID: 104 - parse_multi_results输入 - name_str: 'device_control', args_str: '{"action":"turnon","function_option":"ICE_SLUSH","entity":"REFRIGERATOR"}'
2026-03-23 09:42:54,404 - DEBUG - CaseID: 104 - parse_multi_results输出: [{'name': 'device_control', 'args': {'action': 'turnon', 'entity': 'REFRIGERATOR', 'function_option': 'ICE_SLUSH'}}]
2026-03-23 09:42:54,404 - DEBUG - CaseID: 104 - parse_multi_results输入 - name_str: 'device_control', args_str: '{"action":"turnon","function_option":"ICE_SLUSH","entity":"REFRIGERATOR"}'
2026-03-23 09:42:54,404 - DEBUG - CaseID: 104 - parse_multi_results输出: [{'name': 'device_control', 'args': {'action': 'turnon', 'entity': 'REFRIGERATOR', 'function_option': 'ICE_SLUSH'}}]
2026-03-23 09:42:54,404 - DEBUG - CaseID: 104 - expected_results: [{'name': 'device_control', 'args': {'action': 'turnon', 'entity': 'REFRIGERATOR', 'function_option': 'ICE_SLUSH'}}]
2026-03-23 09:42:54,404 - DEBUG - CaseID: 104 - actual_results: [{'name': 'device_control', 'args': {'action': 'turnon', 'entity': 'REFRIGERATOR', 'function_option': 'ICE_SLUSH'}}]
2026-03-23 09:42:54,404 - DEBUG - CaseID: 104 - expected_keys: {('device_control', '{"action": "turnon", "entity": "REFRIGERATOR", "function_option": "ICE_SLUSH"}')}
2026-03-23 09:42:54,404 - DEBUG - CaseID: 104 - actual_keys: {('device_control', '{"action": "turnon", "entity": "REFRIGERATOR", "function_option": "ICE_SLUSH"}')}
2026-03-23 09:42:54,404 - DEBUG - CaseID: 105 - parse_multi_results输入 - name_str: 'device_control', args_str: '{"action":"turnon","function_option":"ICE_SLUSH","entity":"REFRIGERATOR"}'
2026-03-23 09:42:54,404 - DEBUG - CaseID: 105 - parse_multi_results输出: [{'name': 'device_control', 'args': {'action': 'turnon', 'entity': 'REFRIGERATOR', 'function_option': 'ICE_SLUSH'}}]
2026-03-23 09:42:54,404 - DEBUG - CaseID: 105 - parse_multi_results输入 - name_str: 'device_control', args_str: '{"action":"turnon","function_option":"ICE_SLUSH","entity":"REFRIGERATOR"}'
2026-03-23 09:42:54,404 - DEBUG - CaseID: 105 - parse_multi_results输出: [{'name': 'device_control', 'args': {'action': 'turnon', 'entity': 'REFRIGERATOR', 'function_option': 'ICE_SLUSH'}}]
2026-03-23 09:42:54,404 - DEBUG - CaseID: 105 - expected_results: [{'name': 'device_control', 'args': {'action': 'turnon', 'entity': 'REFRIGERATOR', 'function_option': 'ICE_SLUSH'}}]
2026-03-23 09:42:54,404 - DEBUG - CaseID: 105 - actual_results: [{'name': 'device_control', 'args': {'action': 'turnon', 'entity': 'REFRIGERATOR', 'function_option': 'ICE_SLUSH'}}]
2026-03-23 09:42:54,404 - DEBUG - CaseID: 105 - expected_keys: {('device_control', '{"action": "turnon", "entity": "REFRIGERATOR", "function_option": "ICE_SLUSH"}')}
2026-03-23 09:42:54,404 - DEBUG - CaseID: 105 - actual_keys: {('device_control', '{"action": "turnon", "entity": "REFRIGERATOR", "function_option": "ICE_SLUSH"}')}
2026-03-23 09:42:54,404 - DEBUG - CaseID: 106 - parse_multi_results输入 - name_str: 'device_control', args_str: '{"action":"turnon","function_option":"ICE_SLUSH","entity":"REFRIGERATOR"}'
2026-03-23 09:42:54,404 - DEBUG - CaseID: 106 - parse_multi_results输出: [{'name': 'device_control', 'args': {'action': 'turnon', 'entity': 'REFRIGERATOR', 'function_option': 'ICE_SLUSH'}}]
2026-03-23 09:42:54,405 - DEBUG - CaseID: 106 - parse_multi_results输入 - name_str: 'device_control', args_str: '{"action":"turnon","function_option":"ICE_SLUSH","entity":"REFRIGERATOR"}'
2026-03-23 09:42:54,405 - DEBUG - CaseID: 106 - parse_multi_results输出: [{'name': 'device_control', 'args': {'action': 'turnon', 'entity': 'REFRIGERATOR', 'function_option': 'ICE_SLUSH'}}]
2026-03-23 09:42:54,405 - DEBUG - CaseID: 106 - expected_results: [{'name': 'device_control', 'args': {'action': 'turnon', 'entity': 'REFRIGERATOR', 'function_option': 'ICE_SLUSH'}}]
2026-03-23 09:42:54,405 - DEBUG - CaseID: 106 - actual_results: [{'name': 'device_control', 'args': {'action': 'turnon', 'entity': 'REFRIGERATOR', 'function_option': 'ICE_SLUSH'}}]
2026-03-23 09:42:54,405 - DEBUG - CaseID: 106 - expected_keys: {('device_control', '{"action": "turnon", "entity": "REFRIGERATOR", "function_option": "ICE_SLUSH"}')}
2026-03-23 09:42:54,405 - DEBUG - CaseID: 106 - actual_keys: {('device_control', '{"action": "turnon", "entity": "REFRIGERATOR", "function_option": "ICE_SLUSH"}')}
2026-03-23 09:42:54,405 - DEBUG - CaseID: 107 - parse_multi_results输入 - name_str: 'device_control', args_str: '{"action":"turnon","function_option":"ICE_SLUSH","entity":"REFRIGERATOR"}'
2026-03-23 09:42:54,405 - DEBUG - CaseID: 107 - parse_multi_results输出: [{'name': 'device_control', 'args': {'action': 'turnon', 'entity': 'REFRIGERATOR', 'function_option': 'ICE_SLUSH'}}]
2026-03-23 09:42:54,405 - DEBUG - CaseID: 107 - parse_multi_results输入 - name_str: 'device_control', args_str: '{"action":"turnon","function_option":"ICE_SLUSH","entity":"REFRIGERATOR"}'
2026-03-23 09:42:54,405 - DEBUG - CaseID: 107 - parse_multi_results输出: [{'name': 'device_control', 'args': {'action': 'turnon', 'entity': 'REFRIGERATOR', 'function_option': 'ICE_SLUSH'}}]
2026-03-23 09:42:54,405 - DEBUG - CaseID: 107 - expected_results: [{'name': 'device_control', 'args': {'action': 'turnon', 'entity': 'REFRIGERATOR', 'function_option': 'ICE_SLUSH'}}]
2026-03-23 09:42:54,405 - DEBUG - CaseID: 107 - actual_results: [{'name': 'device_control', 'args': {'action': 'turnon', 'entity': 'REFRIGERATOR', 'function_option': 'ICE_SLUSH'}}]
2026-03-23 09:42:54,405 - DEBUG - CaseID: 107 - expected_keys: {('device_control', '{"action": "turnon", "entity": "REFRIGERATOR", "function_option": "ICE_SLUSH"}')}
2026-03-23 09:42:54,405 - DEBUG - CaseID: 107 - actual_keys: {('device_control', '{"action": "turnon", "entity": "REFRIGERATOR", "function_option": "ICE_SLUSH"}')}
2026-03-23 09:42:54,405 - DEBUG - CaseID: 108 - parse_multi_results输入 - name_str: 'device_control', args_str: '{"action":"turnon","function_option":"ICE_SLUSH","entity":"REFRIGERATOR"}'
2026-03-23 09:42:54,405 - DEBUG - CaseID: 108 - parse_multi_results输出: [{'name': 'device_control', 'args': {'action': 'turnon', 'entity': 'REFRIGERATOR', 'function_option': 'ICE_SLUSH'}}]
2026-03-23 09:42:54,405 - DEBUG - CaseID: 108 - parse_multi_results输入 - name_str: 'device_control', args_str: '{"action":"turnon","function_option":"ICE_SLUSH","entity":"REFRIGERATOR"}'
2026-03-23 09:42:54,405 - DEBUG - CaseID: 108 - parse_multi_results输出: [{'name': 'device_control', 'args': {'action': 'turnon', 'entity': 'REFRIGERATOR', 'function_option': 'ICE_SLUSH'}}]
2026-03-23 09:42:54,405 - DEBUG - CaseID: 108 - expected_results: [{'name': 'device_control', 'args': {'action': 'turnon', 'entity': 'REFRIGERATOR', 'function_option': 'ICE_SLUSH'}}]
2026-03-23 09:42:54,405 - DEBUG - CaseID: 108 - actual_results: [{'name': 'device_control', 'args': {'action': 'turnon', 'entity': 'REFRIGERATOR', 'function_option': 'ICE_SLUSH'}}]
2026-03-23 09:42:54,405 - DEBUG - CaseID: 108 - expected_keys: {('device_control', '{"action": "turnon", "entity": "REFRIGERATOR", "function_option": "ICE_SLUSH"}')}
2026-03-23 09:42:54,405 - DEBUG - CaseID: 108 - actual_keys: {('device_control', '{"action": "turnon", "entity": "REFRIGERATOR", "function_option": "ICE_SLUSH"}')}
2026-03-23 09:42:54,405 - DEBUG - CaseID: 109 - parse_multi_results输入 - name_str: 'device_control', args_str: '{"action":"turnon","function_option":"ICE_SLUSH","entity":"REFRIGERATOR"}'
2026-03-23 09:42:54,405 - DEBUG - CaseID: 109 - parse_multi_results输出: [{'name': 'device_control', 'args': {'action': 'turnon', 'entity': 'REFRIGERATOR', 'function_option': 'ICE_SLUSH'}}]
2026-03-23 09:42:54,405 - DEBUG - CaseID: 109 - parse_multi_results输入 - name_str: 'device_control', args_str: '{"action":"turnon","function_option":"ICE_SLUSH","entity":"REFRIGERATOR"}'
2026-03-23 09:42:54,405 - DEBUG - CaseID: 109 - parse_multi_results输出: [{'name': 'device_control', 'args': {'action': 'turnon', 'entity': 'REFRIGERATOR', 'function_option': 'ICE_SLUSH'}}]
2026-03-23 09:42:54,405 - DEBUG - CaseID: 109 - expected_results: [{'name': 'device_control', 'args': {'action': 'turnon', 'entity': 'REFRIGERATOR', 'function_option': 'ICE_SLUSH'}}]
2026-03-23 09:42:54,405 - DEBUG - CaseID: 109 - actual_results: [{'name': 'device_control', 'args': {'action': 'turnon', 'entity': 'REFRIGERATOR', 'function_option': 'ICE_SLUSH'}}]
2026-03-23 09:42:54,405 - DEBUG - CaseID: 109 - expected_keys: {('device_control', '{"action": "turnon", "entity": "REFRIGERATOR", "function_option": "ICE_SLUSH"}')}
2026-03-23 09:42:54,405 - DEBUG - CaseID: 109 - actual_keys: {('device_control', '{"action": "turnon", "entity": "REFRIGERATOR", "function_option": "ICE_SLUSH"}')}
2026-03-23 09:42:54,405 - DEBUG - CaseID: 110 - parse_multi_results输入 - name_str: 'device_control', args_str: '{"action":"turnon","function_option":"ICE_SLUSH","entity":"REFRIGERATOR"}'
2026-03-23 09:42:54,405 - DEBUG - CaseID: 110 - parse_multi_results输出: [{'name': 'device_control', 'args': {'action': 'turnon', 'entity': 'REFRIGERATOR', 'function_option': 'ICE_SLUSH'}}]
2026-03-23 09:42:54,405 - DEBUG - CaseID: 110 - parse_multi_results输入 - name_str: 'device_control', args_str: '{"action":"turnon","function_option":"ICE_SLUSH","entity":"REFRIGERATOR"}'
2026-03-23 09:42:54,405 - DEBUG - CaseID: 110 - parse_multi_results输出: [{'name': 'device_control', 'args': {'action': 'turnon', 'entity': 'REFRIGERATOR', 'function_option': 'ICE_SLUSH'}}]
2026-03-23 09:42:54,405 - DEBUG - CaseID: 110 - expected_results: [{'name': 'device_control', 'args': {'action': 'turnon', 'entity': 'REFRIGERATOR', 'function_option': 'ICE_SLUSH'}}]
2026-03-23 09:42:54,405 - DEBUG - CaseID: 110 - actual_results: [{'name': 'device_control', 'args': {'action': 'turnon', 'entity': 'REFRIGERATOR', 'function_option': 'ICE_SLUSH'}}]
2026-03-23 09:42:54,405 - DEBUG - CaseID: 110 - expected_keys: {('device_control', '{"action": "turnon", "entity": "REFRIGERATOR", "function_option": "ICE_SLUSH"}')}
2026-03-23 09:42:54,406 - DEBUG - CaseID: 110 - actual_keys: {('device_control', '{"action": "turnon", "entity": "REFRIGERATOR", "function_option": "ICE_SLUSH"}')}
2026-03-23 09:42:54,406 - DEBUG - CaseID: 111 - parse_multi_results输入 - name_str: 'device_control', args_str: '{"action":"turnon","function_option":"ICE_SLUSH","entity":"REFRIGERATOR"}'
2026-03-23 09:42:54,406 - DEBUG - CaseID: 111 - parse_multi_results输出: [{'name': 'device_control', 'args': {'action': 'turnon', 'entity': 'REFRIGERATOR', 'function_option': 'ICE_SLUSH'}}]
2026-03-23 09:42:54,406 - DEBUG - CaseID: 111 - parse_multi_results输入 - name_str: 'device_control', args_str: '{"action":"turnon","function_option":"ICE_SLUSH","entity":"REFRIGERATOR"}'
2026-03-23 09:42:54,406 - DEBUG - CaseID: 111 - parse_multi_results输出: [{'name': 'device_control', 'args': {'action': 'turnon', 'entity': 'REFRIGERATOR', 'function_option': 'ICE_SLUSH'}}]
2026-03-23 09:42:54,406 - DEBUG - CaseID: 111 - expected_results: [{'name': 'device_control', 'args': {'action': 'turnon', 'entity': 'REFRIGERATOR', 'function_option': 'ICE_SLUSH'}}]
2026-03-23 09:42:54,406 - DEBUG - CaseID: 111 - actual_results: [{'name': 'device_control', 'args': {'action': 'turnon', 'entity': 'REFRIGERATOR', 'function_option': 'ICE_SLUSH'}}]
2026-03-23 09:42:54,406 - DEBUG - CaseID: 111 - expected_keys: {('device_control', '{"action": "turnon", "entity": "REFRIGERATOR", "function_option": "ICE_SLUSH"}')}
2026-03-23 09:42:54,406 - DEBUG - CaseID: 111 - actual_keys: {('device_control', '{"action": "turnon", "entity": "REFRIGERATOR", "function_option": "ICE_SLUSH"}')}
2026-03-23 09:42:54,406 - DEBUG - CaseID: 112 - parse_multi_results输入 - name_str: 'device_control', args_str: '{"action":"turnon","function_option":"ICE_SLUSH","entity":"REFRIGERATOR"}'
2026-03-23 09:42:54,406 - DEBUG - CaseID: 112 - parse_multi_results输出: [{'name': 'device_control', 'args': {'action': 'turnon', 'entity': 'REFRIGERATOR', 'function_option': 'ICE_SLUSH'}}]
2026-03-23 09:42:54,406 - DEBUG - CaseID: 112 - parse_multi_results输入 - name_str: 'device_control', args_str: '{"action":"turnon","function_option":"ICE_SLUSH","entity":"REFRIGERATOR"}'
2026-03-23 09:42:54,406 - DEBUG - CaseID: 112 - parse_multi_results输出: [{'name': 'device_control', 'args': {'action': 'turnon', 'entity': 'REFRIGERATOR', 'function_option': 'ICE_SLUSH'}}]
2026-03-23 09:42:54,406 - DEBUG - CaseID: 112 - expected_results: [{'name': 'device_control', 'args': {'action': 'turnon', 'entity': 'REFRIGERATOR', 'function_option': 'ICE_SLUSH'}}]
2026-03-23 09:42:54,406 - DEBUG - CaseID: 112 - actual_results: [{'name': 'device_control', 'args': {'action': 'turnon', 'entity': 'REFRIGERATOR', 'function_option': 'ICE_SLUSH'}}]
2026-03-23 09:42:54,406 - DEBUG - CaseID: 112 - expected_keys: {('device_control', '{"action": "turnon", "entity": "REFRIGERATOR", "function_option": "ICE_SLUSH"}')}
2026-03-23 09:42:54,406 - DEBUG - CaseID: 112 - actual_keys: {('device_control', '{"action": "turnon", "entity": "REFRIGERATOR", "function_option": "ICE_SLUSH"}')}
2026-03-23 09:42:54,406 - DEBUG - CaseID: 113 - parse_multi_results输入 - name_str: 'device_control', args_str: '{"action":"turnoff","function_option":"ICE_SLUSH","entity":"REFRIGERATOR"}'
2026-03-23 09:42:54,406 - DEBUG - CaseID: 113 - parse_multi_results输出: [{'name': 'device_control', 'args': {'action': 'turnoff', 'entity': 'REFRIGERATOR', 'function_option': 'ICE_SLUSH'}}]
2026-03-23 09:42:54,407 - DEBUG - CaseID: 113 - parse_multi_results输入 - name_str: 'device_control', args_str: '{"action":"turnoff","function_option":"ICE_SLUSH","entity":"REFRIGERATOR"}'
2026-03-23 09:42:54,407 - DEBUG - CaseID: 113 - parse_multi_results输出: [{'name': 'device_control', 'args': {'action': 'turnoff', 'entity': 'REFRIGERATOR', 'function_option': 'ICE_SLUSH'}}]
2026-03-23 09:42:54,407 - DEBUG - CaseID: 113 - expected_results: [{'name': 'device_control', 'args': {'action': 'turnoff', 'entity': 'REFRIGERATOR', 'function_option': 'ICE_SLUSH'}}]
2026-03-23 09:42:54,407 - DEBUG - CaseID: 113 - actual_results: [{'name': 'device_control', 'args': {'action': 'turnoff', 'entity': 'REFRIGERATOR', 'function_option': 'ICE_SLUSH'}}]
2026-03-23 09:42:54,407 - DEBUG - CaseID: 113 - expected_keys: {('device_control', '{"action": "turnoff", "entity": "REFRIGERATOR", "function_option": "ICE_SLUSH"}')}
2026-03-23 09:42:54,407 - DEBUG - CaseID: 113 - actual_keys: {('device_control', '{"action": "turnoff", "entity": "REFRIGERATOR", "function_option": "ICE_SLUSH"}')}
2026-03-23 09:42:54,407 - DEBUG - CaseID: 114 - parse_multi_results输入 - name_str: 'device_control', args_str: '{"action":"turnoff","function_option":"ICE_SLUSH","entity":"REFRIGERATOR"}'
2026-03-23 09:42:54,407 - DEBUG - CaseID: 114 - parse_multi_results输出: [{'name': 'device_control', 'args': {'action': 'turnoff', 'entity': 'REFRIGERATOR', 'function_option': 'ICE_SLUSH'}}]
2026-03-23 09:42:54,407 - DEBUG - CaseID: 114 - parse_multi_results输入 - name_str: 'device_control', args_str: '{"action":"turnoff","function_option":"ICE_SLUSH","entity":"REFRIGERATOR"}'
2026-03-23 09:42:54,407 - DEBUG - CaseID: 114 - parse_multi_results输出: [{'name': 'device_control', 'args': {'action': 'turnoff', 'entity': 'REFRIGERATOR', 'function_option': 'ICE_SLUSH'}}]
2026-03-23 09:42:54,407 - DEBUG - CaseID: 114 - expected_results: [{'name': 'device_control', 'args': {'action': 'turnoff', 'entity': 'REFRIGERATOR', 'function_option': 'ICE_SLUSH'}}]
2026-03-23 09:42:54,407 - DEBUG - CaseID: 114 - actual_results: [{'name': 'device_control', 'args': {'action': 'turnoff', 'entity': 'REFRIGERATOR', 'function_option': 'ICE_SLUSH'}}]
2026-03-23 09:42:54,407 - DEBUG - CaseID: 114 - expected_keys: {('device_control', '{"action": "turnoff", "entity": "REFRIGERATOR", "function_option": "ICE_SLUSH"}')}
2026-03-23 09:42:54,407 - DEBUG - CaseID: 114 - actual_keys: {('device_control', '{"action": "turnoff", "entity": "REFRIGERATOR", "function_option": "ICE_SLUSH"}')}
2026-03-23 09:42:54,407 - DEBUG - CaseID: 115 - parse_multi_results输入 - name_str: 'device_control', args_str: '{"action":"turnoff","function_option":"ICE_SLUSH","entity":"REFRIGERATOR"}'
2026-03-23 09:42:54,407 - DEBUG - CaseID: 115 - parse_multi_results输出: [{'name': 'device_control', 'args': {'action': 'turnoff', 'entity': 'REFRIGERATOR', 'function_option': 'ICE_SLUSH'}}]
2026-03-23 09:42:54,407 - DEBUG - CaseID: 115 - parse_multi_results输入 - name_str: 'device_control', args_str: '{"action":"turnoff","function_option":"ICE_SLUSH","entity":"REFRIGERATOR"}'
2026-03-23 09:42:54,407 - DEBUG - CaseID: 115 - parse_multi_results输出: [{'name': 'device_control', 'args': {'action': 'turnoff', 'entity': 'REFRIGERATOR', 'function_option': 'ICE_SLUSH'}}]
2026-03-23 09:42:54,407 - DEBUG - CaseID: 115 - expected_results: [{'name': 'device_control', 'args': {'action': 'turnoff', 'entity': 'REFRIGERATOR', 'function_option': 'ICE_SLUSH'}}]
2026-03-23 09:42:54,407 - DEBUG - CaseID: 115 - actual_results: [{'name': 'device_control', 'args': {'action': 'turnoff', 'entity': 'REFRIGERATOR', 'function_option': 'ICE_SLUSH'}}]
2026-03-23 09:42:54,407 - DEBUG - CaseID: 115 - expected_keys: {('device_control', '{"action": "turnoff", "entity": "REFRIGERATOR", "function_option": "ICE_SLUSH"}')}
2026-03-23 09:42:54,407 - DEBUG - CaseID: 115 - actual_keys: {('device_control', '{"action": "turnoff", "entity": "REFRIGERATOR", "function_option": "ICE_SLUSH"}')}
2026-03-23 09:42:54,408 - DEBUG - CaseID: 116 - parse_multi_results输入 - name_str: 'device_control', args_str: '{"action":"turnoff","function_option":"ICE_SLUSH","entity":"REFRIGERATOR"}'
2026-03-23 09:42:54,408 - DEBUG - CaseID: 116 - parse_multi_results输出: [{'name': 'device_control', 'args': {'action': 'turnoff', 'entity': 'REFRIGERATOR', 'function_option': 'ICE_SLUSH'}}]
2026-03-23 09:42:54,475 - DEBUG - CaseID: 116 - parse_multi_results输入 - name_str: 'device_control', args_str: '{"action":"turnoff","function_option":"ICE_SLUSH","entity":"REFRIGERATOR"}'
2026-03-23 09:42:54,476 - DEBUG - CaseID: 116 - parse_multi_results输出: [{'name': 'device_control', 'args': {'action': 'turnoff', 'entity': 'REFRIGERATOR', 'function_option': 'ICE_SLUSH'}}]
2026-03-23 09:42:54,476 - DEBUG - CaseID: 116 - expected_results: [{'name': 'device_control', 'args': {'action': 'turnoff', 'entity': 'REFRIGERATOR', 'function_option': 'ICE_SLUSH'}}]
2026-03-23 09:42:54,476 - DEBUG - CaseID: 116 - actual_results: [{'name': 'device_control', 'args': {'action': 'turnoff', 'entity': 'REFRIGERATOR', 'function_option': 'ICE_SLUSH'}}]
2026-03-23 09:42:54,476 - DEBUG - CaseID: 116 - expected_keys: {('device_control', '{"action": "turnoff", "entity": "REFRIGERATOR", "function_option": "ICE_SLUSH"}')}
2026-03-23 09:42:54,476 - DEBUG - CaseID: 116 - actual_keys: {('device_control', '{"action": "turnoff", "entity": "REFRIGERATOR", "function_option": "ICE_SLUSH"}')}
2026-03-23 09:42:54,476 - DEBUG - CaseID: 117 - parse_multi_results输入 - name_str: 'device_control', args_str: '{"action":"turnoff","function_option":"ICE_SLUSH","entity":"REFRIGERATOR"}'
2026-03-23 09:42:54,477 - DEBUG - CaseID: 117 - parse_multi_results输出: [{'name': 'device_control', 'args': {'action': 'turnoff', 'entity': 'REFRIGERATOR', 'function_option': 'ICE_SLUSH'}}]
2026-03-23 09:42:54,477 - DEBUG - CaseID: 117 - parse_multi_results输入 - name_str: 'device_control', args_str: '{"action":"turnoff","function_option":"ICE_SLUSH","entity":"REFRIGERATOR"}'
2026-03-23 09:42:54,477 - DEBUG - CaseID: 117 - parse_multi_results输出: [{'name': 'device_control', 'args': {'action': 'turnoff', 'entity': 'REFRIGERATOR', 'function_option': 'ICE_SLUSH'}}]
2026-03-23 09:42:54,477 - DEBUG - CaseID: 117 - expected_results: [{'name': 'device_control', 'args': {'action': 'turnoff', 'entity': 'REFRIGERATOR', 'function_option': 'ICE_SLUSH'}}]
2026-03-23 09:42:54,477 - DEBUG - CaseID: 117 - actual_results: [{'name': 'device_control', 'args': {'action': 'turnoff', 'entity': 'REFRIGERATOR', 'function_option': 'ICE_SLUSH'}}]
2026-03-23 09:42:54,477 - DEBUG - CaseID: 117 - expected_keys: {('device_control', '{"action": "turnoff", "entity": "REFRIGERATOR", "function_option": "ICE_SLUSH"}')}
2026-03-23 09:42:54,477 - DEBUG - CaseID: 117 - actual_keys: {('device_control', '{"action": "turnoff", "entity": "REFRIGERATOR", "function_option": "ICE_SLUSH"}')}
2026-03-23 09:42:54,477 - DEBUG - CaseID: 118 - parse_multi_results输入 - name_str: 'device_control', args_str: '{"action":"turnoff","function_option":"ICE_SLUSH","entity":"REFRIGERATOR"}'
2026-03-23 09:42:54,477 - DEBUG - CaseID: 118 - parse_multi_results输出: [{'name': 'device_control', 'args': {'action': 'turnoff', 'entity': 'REFRIGERATOR', 'function_option': 'ICE_SLUSH'}}]
2026-03-23 09:42:54,477 - DEBUG - CaseID: 118 - parse_multi_results输入 - name_str: 'device_control', args_str: '{"action":"turnoff","function_option":"ICE_SLUSH","entity":"REFRIGERATOR"}'
2026-03-23 09:42:54,477 - DEBUG - CaseID: 118 - parse_multi_results输出: [{'name': 'device_control', 'args': {'action': 'turnoff', 'entity': 'REFRIGERATOR', 'function_option': 'ICE_SLUSH'}}]
2026-03-23 09:42:54,477 - DEBUG - CaseID: 118 - expected_results: [{'name': 'device_control', 'args': {'action': 'turnoff', 'entity': 'REFRIGERATOR', 'function_option': 'ICE_SLUSH'}}]
2026-03-23 09:42:54,477 - DEBUG - CaseID: 118 - actual_results: [{'name': 'device_control', 'args': {'action': 'turnoff', 'entity': 'REFRIGERATOR', 'function_option': 'ICE_SLUSH'}}]
2026-03-23 09:42:54,477 - DEBUG - CaseID: 118 - expected_keys: {('device_control', '{"action": "turnoff", "entity": "REFRIGERATOR", "function_option": "ICE_SLUSH"}')}
2026-03-23 09:42:54,477 - DEBUG - CaseID: 118 - actual_keys: {('device_control', '{"action": "turnoff", "entity": "REFRIGERATOR", "function_option": "ICE_SLUSH"}')}
2026-03-23 09:42:54,477 - DEBUG - CaseID: 119 - parse_multi_results输入 - name_str: 'device_control', args_str: '{"action":"turnoff","function_option":"ICE_SLUSH","entity":"REFRIGERATOR"}'
2026-03-23 09:42:54,477 - DEBUG - CaseID: 119 - parse_multi_results输出: [{'name': 'device_control', 'args': {'action': 'turnoff', 'entity': 'REFRIGERATOR', 'function_option': 'ICE_SLUSH'}}]
2026-03-23 09:42:54,477 - DEBUG - CaseID: 119 - parse_multi_results输入 - name_str: 'device_control', args_str: '{"action":"turnoff","function_option":"ICE_SLUSH","entity":"REFRIGERATOR"}'
2026-03-23 09:42:54,477 - DEBUG - CaseID: 119 - parse_multi_results输出: [{'name': 'device_control', 'args': {'action': 'turnoff', 'entity': 'REFRIGERATOR', 'function_option': 'ICE_SLUSH'}}]
2026-03-23 09:42:54,477 - DEBUG - CaseID: 119 - expected_results: [{'name': 'device_control', 'args': {'action': 'turnoff', 'entity': 'REFRIGERATOR', 'function_option': 'ICE_SLUSH'}}]
2026-03-23 09:42:54,477 - DEBUG - CaseID: 119 - actual_results: [{'name': 'device_control', 'args': {'action': 'turnoff', 'entity': 'REFRIGERATOR', 'function_option': 'ICE_SLUSH'}}]
2026-03-23 09:42:54,478 - DEBUG - CaseID: 119 - expected_keys: {('device_control', '{"action": "turnoff", "entity": "REFRIGERATOR", "function_option": "ICE_SLUSH"}')}
2026-03-23 09:42:54,478 - DEBUG - CaseID: 119 - actual_keys: {('device_control', '{"action": "turnoff", "entity": "REFRIGERATOR", "function_option": "ICE_SLUSH"}')}
2026-03-23 09:42:54,478 - DEBUG - CaseID: 120 - parse_multi_results输入 - name_str: 'device_control', args_str: '{"action":"turnoff","function_option":"ICE_SLUSH","entity":"REFRIGERATOR"}'
2026-03-23 09:42:54,478 - DEBUG - CaseID: 120 - parse_multi_results输出: [{'name': 'device_control', 'args': {'action': 'turnoff', 'entity': 'REFRIGERATOR', 'function_option': 'ICE_SLUSH'}}]
2026-03-23 09:42:54,478 - DEBUG - CaseID: 120 - parse_multi_results输入 - name_str: 'device_control', args_str: '{"action":"turnoff","function_option":"ICE_SLUSH","entity":"REFRIGERATOR"}'
2026-03-23 09:42:54,478 - DEBUG - CaseID: 120 - parse_multi_results输出: [{'name': 'device_control', 'args': {'action': 'turnoff', 'entity': 'REFRIGERATOR', 'function_option': 'ICE_SLUSH'}}]
2026-03-23 09:42:54,478 - DEBUG - CaseID: 120 - expected_results: [{'name': 'device_control', 'args': {'action': 'turnoff', 'entity': 'REFRIGERATOR', 'function_option': 'ICE_SLUSH'}}]
2026-03-23 09:42:54,478 - DEBUG - CaseID: 120 - actual_results: [{'name': 'device_control', 'args': {'action': 'turnoff', 'entity': 'REFRIGERATOR', 'function_option': 'ICE_SLUSH'}}]
2026-03-23 09:42:54,478 - DEBUG - CaseID: 120 - expected_keys: {('device_control', '{"action": "turnoff", "entity": "REFRIGERATOR", "function_option": "ICE_SLUSH"}')}
2026-03-23 09:42:54,478 - DEBUG - CaseID: 120 - actual_keys: {('device_control', '{"action": "turnoff", "entity": "REFRIGERATOR", "function_option": "ICE_SLUSH"}')}
2026-03-23 09:42:54,478 - DEBUG - CaseID: 121 - parse_multi_results输入 - name_str: 'device_control', args_str: '{"action":"turnoff","function_option":"ICE_SLUSH","entity":"REFRIGERATOR"}'
2026-03-23 09:42:54,478 - DEBUG - CaseID: 121 - parse_multi_results输出: [{'name': 'device_control', 'args': {'action': 'turnoff', 'entity': 'REFRIGERATOR', 'function_option': 'ICE_SLUSH'}}]
2026-03-23 09:42:54,478 - DEBUG - CaseID: 121 - parse_multi_results输入 - name_str: 'device_control', args_str: '{"action":"turnoff","function_option":"ICE_SLUSH","entity":"REFRIGERATOR"}'
2026-03-23 09:42:54,478 - DEBUG - CaseID: 121 - parse_multi_results输出: [{'name': 'device_control', 'args': {'action': 'turnoff', 'entity': 'REFRIGERATOR', 'function_option': 'ICE_SLUSH'}}]
2026-03-23 09:42:54,478 - DEBUG - CaseID: 121 - expected_results: [{'name': 'device_control', 'args': {'action': 'turnoff', 'entity': 'REFRIGERATOR', 'function_option': 'ICE_SLUSH'}}]
2026-03-23 09:42:54,478 - DEBUG - CaseID: 121 - actual_results: [{'name': 'device_control', 'args': {'action': 'turnoff', 'entity': 'REFRIGERATOR', 'function_option': 'ICE_SLUSH'}}]
2026-03-23 09:42:54,478 - DEBUG - CaseID: 121 - expected_keys: {('device_control', '{"action": "turnoff", "entity": "REFRIGERATOR", "function_option": "ICE_SLUSH"}')}
2026-03-23 09:42:54,478 - DEBUG - CaseID: 121 - actual_keys: {('device_control', '{"action": "turnoff", "entity": "REFRIGERATOR", "function_option": "ICE_SLUSH"}')}
2026-03-23 09:42:54,478 - DEBUG - CaseID: 122 - parse_multi_results输入 - name_str: 'device_control', args_str: '{"action":"turnoff","function_option":"ICE_SLUSH","entity":"REFRIGERATOR"}'
2026-03-23 09:42:54,478 - DEBUG - CaseID: 122 - parse_multi_results输出: [{'name': 'device_control', 'args': {'action': 'turnoff', 'entity': 'REFRIGERATOR', 'function_option': 'ICE_SLUSH'}}]
2026-03-23 09:42:54,478 - DEBUG - CaseID: 122 - parse_multi_results输入 - name_str: 'device_control', args_str: '{"action":"turnoff","function_option":"ICE_SLUSH","entity":"REFRIGERATOR"}'
2026-03-23 09:42:54,478 - DEBUG - CaseID: 122 - parse_multi_results输出: [{'name': 'device_control', 'args': {'action': 'turnoff', 'entity': 'REFRIGERATOR', 'function_option': 'ICE_SLUSH'}}]
2026-03-23 09:42:54,478 - DEBUG - CaseID: 122 - expected_results: [{'name': 'device_control', 'args': {'action': 'turnoff', 'entity': 'REFRIGERATOR', 'function_option': 'ICE_SLUSH'}}]
2026-03-23 09:42:54,478 - DEBUG - CaseID: 122 - actual_results: [{'name': 'device_control', 'args': {'action': 'turnoff', 'entity': 'REFRIGERATOR', 'function_option': 'ICE_SLUSH'}}]
2026-03-23 09:42:54,478 - DEBUG - CaseID: 122 - expected_keys: {('device_control', '{"action": "turnoff", "entity": "REFRIGERATOR", "function_option": "ICE_SLUSH"}')}
2026-03-23 09:42:54,479 - DEBUG - CaseID: 122 - actual_keys: {('device_control', '{"action": "turnoff", "entity": "REFRIGERATOR", "function_option": "ICE_SLUSH"}')}
2026-03-23 09:42:54,479 - DEBUG - CaseID: 123 - parse_multi_results输入 - name_str: 'device_control', args_str: '{"action":"turnoff","function_option":"ICE_SLUSH","entity":"REFRIGERATOR"}'
2026-03-23 09:42:54,479 - DEBUG - CaseID: 123 - parse_multi_results输出: [{'name': 'device_control', 'args': {'action': 'turnoff', 'entity': 'REFRIGERATOR', 'function_option': 'ICE_SLUSH'}}]
2026-03-23 09:42:54,479 - DEBUG - CaseID: 123 - parse_multi_results输入 - name_str: 'device_control', args_str: '{"action":"turnoff","function_option":"ICE_SLUSH","entity":"REFRIGERATOR"}'
2026-03-23 09:42:54,479 - DEBUG - CaseID: 123 - parse_multi_results输出: [{'name': 'device_control', 'args': {'action': 'turnoff', 'entity': 'REFRIGERATOR', 'function_option': 'ICE_SLUSH'}}]
2026-03-23 09:42:54,479 - DEBUG - CaseID: 123 - expected_results: [{'name': 'device_control', 'args': {'action': 'turnoff', 'entity': 'REFRIGERATOR', 'function_option': 'ICE_SLUSH'}}]
2026-03-23 09:42:54,479 - DEBUG - CaseID: 123 - actual_results: [{'name': 'device_control', 'args': {'action': 'turnoff', 'entity': 'REFRIGERATOR', 'function_option': 'ICE_SLUSH'}}]
2026-03-23 09:42:54,479 - DEBUG - CaseID: 123 - expected_keys: {('device_control', '{"action": "turnoff", "entity": "REFRIGERATOR", "function_option": "ICE_SLUSH"}')}
2026-03-23 09:42:54,479 - DEBUG - CaseID: 123 - actual_keys: {('device_control', '{"action": "turnoff", "entity": "REFRIGERATOR", "function_option": "ICE_SLUSH"}')}
2026-03-23 09:42:54,479 - DEBUG - CaseID: 124 - parse_multi_results输入 - name_str: 'device_control', args_str: '{"action":"turnoff","function_option":"ICE_SLUSH","entity":"REFRIGERATOR"}'
2026-03-23 09:42:54,479 - DEBUG - CaseID: 124 - parse_multi_results输出: [{'name': 'device_control', 'args': {'action': 'turnoff', 'entity': 'REFRIGERATOR', 'function_option': 'ICE_SLUSH'}}]
2026-03-23 09:42:54,479 - DEBUG - CaseID: 124 - parse_multi_results输入 - name_str: 'device_control', args_str: '{"action":"turnoff","function_option":"ICE_SLUSH","entity":"REFRIGERATOR"}'
2026-03-23 09:42:54,479 - DEBUG - CaseID: 124 - parse_multi_results输出: [{'name': 'device_control', 'args': {'action': 'turnoff', 'entity': 'REFRIGERATOR', 'function_option': 'ICE_SLUSH'}}]
2026-03-23 09:42:54,479 - DEBUG - CaseID: 124 - expected_results: [{'name': 'device_control', 'args': {'action': 'turnoff', 'entity': 'REFRIGERATOR', 'function_option': 'ICE_SLUSH'}}]
2026-03-23 09:42:54,479 - DEBUG - CaseID: 124 - actual_results: [{'name': 'device_control', 'args': {'action': 'turnoff', 'entity': 'REFRIGERATOR', 'function_option': 'ICE_SLUSH'}}]
2026-03-23 09:42:54,479 - DEBUG - CaseID: 124 - expected_keys: {('device_control', '{"action": "turnoff", "entity": "REFRIGERATOR", "function_option": "ICE_SLUSH"}')}
2026-03-23 09:42:54,479 - DEBUG - CaseID: 124 - actual_keys: {('device_control', '{"action": "turnoff", "entity": "REFRIGERATOR", "function_option": "ICE_SLUSH"}')}
2026-03-23 09:42:54,479 - DEBUG - CaseID: 125 - parse_multi_results输入 - name_str: 'device_control', args_str: '{"action":"turnoff","function_option":"ICE_SLUSH","entity":"REFRIGERATOR"}'
2026-03-23 09:42:54,479 - DEBUG - CaseID: 125 - parse_multi_results输出: [{'name': 'device_control', 'args': {'action': 'turnoff', 'entity': 'REFRIGERATOR', 'function_option': 'ICE_SLUSH'}}]
2026-03-23 09:42:54,479 - DEBUG - CaseID: 125 - parse_multi_results输入 - name_str: 'device_control', args_str: '{"action":"turnoff","function_option":"ICE_SLUSH","entity":"REFRIGERATOR"}'
2026-03-23 09:42:54,479 - DEBUG - CaseID: 125 - parse_multi_results输出: [{'name': 'device_control', 'args': {'action': 'turnoff', 'entity': 'REFRIGERATOR', 'function_option': 'ICE_SLUSH'}}]
2026-03-23 09:42:54,479 - DEBUG - CaseID: 125 - expected_results: [{'name': 'device_control', 'args': {'action': 'turnoff', 'entity': 'REFRIGERATOR', 'function_option': 'ICE_SLUSH'}}]
2026-03-23 09:42:54,479 - DEBUG - CaseID: 125 - actual_results: [{'name': 'device_control', 'args': {'action': 'turnoff', 'entity': 'REFRIGERATOR', 'function_option': 'ICE_SLUSH'}}]
2026-03-23 09:42:54,479 - DEBUG - CaseID: 125 - expected_keys: {('device_control', '{"action": "turnoff", "entity": "REFRIGERATOR", "function_option": "ICE_SLUSH"}')}
2026-03-23 09:42:54,479 - DEBUG - CaseID: 125 - actual_keys: {('device_control', '{"action": "turnoff", "entity": "REFRIGERATOR", "function_option": "ICE_SLUSH"}')}
2026-03-23 09:42:54,479 - DEBUG - CaseID: 126 - parse_multi_results输入 - name_str: 'device_control', args_str: '{"action":"turnoff","function_option":"ICE_SLUSH","entity":"REFRIGERATOR"}'
2026-03-23 09:42:54,479 - DEBUG - CaseID: 126 - parse_multi_results输出: [{'name': 'device_control', 'args': {'action': 'turnoff', 'entity': 'REFRIGERATOR', 'function_option': 'ICE_SLUSH'}}]
2026-03-23 09:42:54,479 - DEBUG - CaseID: 126 - parse_multi_results输入 - name_str: 'device_control', args_str: '{"action":"turnoff","function_option":"ICE_SLUSH","entity":"REFRIGERATOR"}'
2026-03-23 09:42:54,479 - DEBUG - CaseID: 126 - parse_multi_results输出: [{'name': 'device_control', 'args': {'action': 'turnoff', 'entity': 'REFRIGERATOR', 'function_option': 'ICE_SLUSH'}}]
2026-03-23 09:42:54,479 - DEBUG - CaseID: 126 - expected_results: [{'name': 'device_control', 'args': {'action': 'turnoff', 'entity': 'REFRIGERATOR', 'function_option': 'ICE_SLUSH'}}]
2026-03-23 09:42:54,479 - DEBUG - CaseID: 126 - actual_results: [{'name': 'device_control', 'args': {'action': 'turnoff', 'entity': 'REFRIGERATOR', 'function_option': 'ICE_SLUSH'}}]
2026-03-23 09:42:54,480 - DEBUG - CaseID: 126 - expected_keys: {('device_control', '{"action": "turnoff", "entity": "REFRIGERATOR", "function_option": "ICE_SLUSH"}')}
2026-03-23 09:42:54,480 - DEBUG - CaseID: 126 - actual_keys: {('device_control', '{"action": "turnoff", "entity": "REFRIGERATOR", "function_option": "ICE_SLUSH"}')}
2026-03-23 09:42:54,480 - DEBUG - CaseID: 127 - parse_multi_results输入 - name_str: 'device_control', args_str: '{"action":"turnoff","function_option":"ICE_SLUSH","entity":"REFRIGERATOR"}'
2026-03-23 09:42:54,480 - DEBUG - CaseID: 127 - parse_multi_results输出: [{'name': 'device_control', 'args': {'action': 'turnoff', 'entity': 'REFRIGERATOR', 'function_option': 'ICE_SLUSH'}}]
2026-03-23 09:42:54,480 - DEBUG - CaseID: 127 - parse_multi_results输入 - name_str: 'device_control', args_str: '{"action":"turnoff","function_option":"ICE_SLUSH","entity":"REFRIGERATOR"}'
2026-03-23 09:42:54,480 - DEBUG - CaseID: 127 - parse_multi_results输出: [{'name': 'device_control', 'args': {'action': 'turnoff', 'entity': 'REFRIGERATOR', 'function_option': 'ICE_SLUSH'}}]
2026-03-23 09:42:54,480 - DEBUG - CaseID: 127 - expected_results: [{'name': 'device_control', 'args': {'action': 'turnoff', 'entity': 'REFRIGERATOR', 'function_option': 'ICE_SLUSH'}}]
2026-03-23 09:42:54,480 - DEBUG - CaseID: 127 - actual_results: [{'name': 'device_control', 'args': {'action': 'turnoff', 'entity': 'REFRIGERATOR', 'function_option': 'ICE_SLUSH'}}]
2026-03-23 09:42:54,480 - DEBUG - CaseID: 127 - expected_keys: {('device_control', '{"action": "turnoff", "entity": "REFRIGERATOR", "function_option": "ICE_SLUSH"}')}
2026-03-23 09:42:54,480 - DEBUG - CaseID: 127 - actual_keys: {('device_control', '{"action": "turnoff", "entity": "REFRIGERATOR", "function_option": "ICE_SLUSH"}')}
2026-03-23 09:42:54,480 - DEBUG - CaseID: 128 - parse_multi_results输入 - name_str: 'device_control', args_str: '{"action":"turnoff","function_option":"ICE_SLUSH","entity":"REFRIGERATOR"}'
2026-03-23 09:42:54,480 - DEBUG - CaseID: 128 - parse_multi_results输出: [{'name': 'device_control', 'args': {'action': 'turnoff', 'entity': 'REFRIGERATOR', 'function_option': 'ICE_SLUSH'}}]
2026-03-23 09:42:54,480 - DEBUG - CaseID: 128 - parse_multi_results输入 - name_str: 'device_control', args_str: '{"action":"turnoff","function_option":"ICE_SLUSH","entity":"REFRIGERATOR"}'
2026-03-23 09:42:54,480 - DEBUG - CaseID: 128 - parse_multi_results输出: [{'name': 'device_control', 'args': {'action': 'turnoff', 'entity': 'REFRIGERATOR', 'function_option': 'ICE_SLUSH'}}]
2026-03-23 09:42:54,480 - DEBUG - CaseID: 128 - expected_results: [{'name': 'device_control', 'args': {'action': 'turnoff', 'entity': 'REFRIGERATOR', 'function_option': 'ICE_SLUSH'}}]
2026-03-23 09:42:54,480 - DEBUG - CaseID: 128 - actual_results: [{'name': 'device_control', 'args': {'action': 'turnoff', 'entity': 'REFRIGERATOR', 'function_option': 'ICE_SLUSH'}}]
2026-03-23 09:42:54,480 - DEBUG - CaseID: 128 - expected_keys: {('device_control', '{"action": "turnoff", "entity": "REFRIGERATOR", "function_option": "ICE_SLUSH"}')}
2026-03-23 09:42:54,480 - DEBUG - CaseID: 128 - actual_keys: {('device_control', '{"action": "turnoff", "entity": "REFRIGERATOR", "function_option": "ICE_SLUSH"}')}
2026-03-23 09:42:54,480 - DEBUG - CaseID: 129 - parse_multi_results输入 - name_str: 'device_control', args_str: '{"action":"turnoff","function_option":"ICE_SLUSH","entity":"REFRIGERATOR"}'
2026-03-23 09:42:54,480 - DEBUG - CaseID: 129 - parse_multi_results输出: [{'name': 'device_control', 'args': {'action': 'turnoff', 'entity': 'REFRIGERATOR', 'function_option': 'ICE_SLUSH'}}]
2026-03-23 09:42:54,480 - DEBUG - CaseID: 129 - parse_multi_results输入 - name_str: 'device_control', args_str: '{"action":"turnoff","function_option":"ICE_SLUSH","entity":"REFRIGERATOR"}'
2026-03-23 09:42:54,480 - DEBUG - CaseID: 129 - parse_multi_results输出: [{'name': 'device_control', 'args': {'action': 'turnoff', 'entity': 'REFRIGERATOR', 'function_option': 'ICE_SLUSH'}}]
2026-03-23 09:42:54,480 - DEBUG - CaseID: 129 - expected_results: [{'name': 'device_control', 'args': {'action': 'turnoff', 'entity': 'REFRIGERATOR', 'function_option': 'ICE_SLUSH'}}]
2026-03-23 09:42:54,480 - DEBUG - CaseID: 129 - actual_results: [{'name': 'device_control', 'args': {'action': 'turnoff', 'entity': 'REFRIGERATOR', 'function_option': 'ICE_SLUSH'}}]
2026-03-23 09:42:54,480 - DEBUG - CaseID: 129 - expected_keys: {('device_control', '{"action": "turnoff", "entity": "REFRIGERATOR", "function_option": "ICE_SLUSH"}')}
2026-03-23 09:42:54,480 - DEBUG - CaseID: 129 - actual_keys: {('device_control', '{"action": "turnoff", "entity": "REFRIGERATOR", "function_option": "ICE_SLUSH"}')}
2026-03-23 09:42:54,480 - DEBUG - CaseID: 130 - parse_multi_results输入 - name_str: 'device_control', args_str: '{"action":"turnoff","function_option":"ICE_SLUSH","entity":"REFRIGERATOR"}'
2026-03-23 09:42:54,480 - DEBUG - CaseID: 130 - parse_multi_results输出: [{'name': 'device_control', 'args': {'action': 'turnoff', 'entity': 'REFRIGERATOR', 'function_option': 'ICE_SLUSH'}}]
2026-03-23 09:42:54,480 - DEBUG - CaseID: 130 - parse_multi_results输入 - name_str: 'device_control', args_str: '{"action":"turnoff","function_option":"ICE_SLUSH","entity":"REFRIGERATOR"}'
2026-03-23 09:42:54,480 - DEBUG - CaseID: 130 - parse_multi_results输出: [{'name': 'device_control', 'args': {'action': 'turnoff', 'entity': 'REFRIGERATOR', 'function_option': 'ICE_SLUSH'}}]
2026-03-23 09:42:54,480 - DEBUG - CaseID: 130 - expected_results: [{'name': 'device_control', 'args': {'action': 'turnoff', 'entity': 'REFRIGERATOR', 'function_option': 'ICE_SLUSH'}}]
2026-03-23 09:42:54,480 - DEBUG - CaseID: 130 - actual_results: [{'name': 'device_control', 'args': {'action': 'turnoff', 'entity': 'REFRIGERATOR', 'function_option': 'ICE_SLUSH'}}]
2026-03-23 09:42:54,480 - DEBUG - CaseID: 130 - expected_keys: {('device_control', '{"action": "turnoff", "entity": "REFRIGERATOR", "function_option": "ICE_SLUSH"}')}
2026-03-23 09:42:54,481 - DEBUG - CaseID: 130 - actual_keys: {('device_control', '{"action": "turnoff", "entity": "REFRIGERATOR", "function_option": "ICE_SLUSH"}')}
2026-03-23 09:42:54,481 - DEBUG - CaseID: 131 - parse_multi_results输入 - name_str: 'device_control', args_str: '{"action":"turnoff","function_option":"ICE_SLUSH","entity":"REFRIGERATOR"}'
2026-03-23 09:42:54,481 - DEBUG - CaseID: 131 - parse_multi_results输出: [{'name': 'device_control', 'args': {'action': 'turnoff', 'entity': 'REFRIGERATOR', 'function_option': 'ICE_SLUSH'}}]
2026-03-23 09:42:54,481 - DEBUG - CaseID: 131 - parse_multi_results输入 - name_str: 'device_control', args_str: '{"action":"turnoff","function_option":"ICE_SLUSH","entity":"REFRIGERATOR"}'
2026-03-23 09:42:54,481 - DEBUG - CaseID: 131 - parse_multi_results输出: [{'name': 'device_control', 'args': {'action': 'turnoff', 'entity': 'REFRIGERATOR', 'function_option': 'ICE_SLUSH'}}]
2026-03-23 09:42:54,481 - DEBUG - CaseID: 131 - expected_results: [{'name': 'device_control', 'args': {'action': 'turnoff', 'entity': 'REFRIGERATOR', 'function_option': 'ICE_SLUSH'}}]
2026-03-23 09:42:54,481 - DEBUG - CaseID: 131 - actual_results: [{'name': 'device_control', 'args': {'action': 'turnoff', 'entity': 'REFRIGERATOR', 'function_option': 'ICE_SLUSH'}}]
2026-03-23 09:42:54,481 - DEBUG - CaseID: 131 - expected_keys: {('device_control', '{"action": "turnoff", "entity": "REFRIGERATOR", "function_option": "ICE_SLUSH"}')}
2026-03-23 09:42:54,481 - DEBUG - CaseID: 131 - actual_keys: {('device_control', '{"action": "turnoff", "entity": "REFRIGERATOR", "function_option": "ICE_SLUSH"}')}
2026-03-23 09:42:54,481 - DEBUG - CaseID: 132 - parse_multi_results输入 - name_str: 'device_control', args_str: '{"action":"turnoff","function_option":"ICE_SLUSH","entity":"REFRIGERATOR"}'
2026-03-23 09:42:54,481 - DEBUG - CaseID: 132 - parse_multi_results输出: [{'name': 'device_control', 'args': {'action': 'turnoff', 'entity': 'REFRIGERATOR', 'function_option': 'ICE_SLUSH'}}]
2026-03-23 09:42:54,481 - DEBUG - CaseID: 132 - parse_multi_results输入 - name_str: 'device_control', args_str: '{"action":"turnoff","function_option":"ICE_SLUSH","entity":"REFRIGERATOR"}'
2026-03-23 09:42:54,481 - DEBUG - CaseID: 132 - parse_multi_results输出: [{'name': 'device_control', 'args': {'action': 'turnoff', 'entity': 'REFRIGERATOR', 'function_option': 'ICE_SLUSH'}}]
2026-03-23 09:42:54,481 - DEBUG - CaseID: 132 - expected_results: [{'name': 'device_control', 'args': {'action': 'turnoff', 'entity': 'REFRIGERATOR', 'function_option': 'ICE_SLUSH'}}]
2026-03-23 09:42:54,481 - DEBUG - CaseID: 132 - actual_results: [{'name': 'device_control', 'args': {'action': 'turnoff', 'entity': 'REFRIGERATOR', 'function_option': 'ICE_SLUSH'}}]
2026-03-23 09:42:54,481 - DEBUG - CaseID: 132 - expected_keys: {('device_control', '{"action": "turnoff", "entity": "REFRIGERATOR", "function_option": "ICE_SLUSH"}')}
2026-03-23 09:42:54,481 - DEBUG - CaseID: 132 - actual_keys: {('device_control', '{"action": "turnoff", "entity": "REFRIGERATOR", "function_option": "ICE_SLUSH"}')}
2026-03-23 09:42:54,481 - DEBUG - CaseID: 133 - parse_multi_results输入 - name_str: 'device_control', args_str: '{"action":"turnon","function_option":"COSMETIC","entity":"REFRIGERATOR"}'
2026-03-23 09:42:54,481 - DEBUG - CaseID: 133 - parse_multi_results输出: [{'name': 'device_control', 'args': {'action': 'turnon', 'entity': 'REFRIGERATOR', 'function_option': 'COSMETIC'}}]
2026-03-23 09:42:54,481 - DEBUG - CaseID: 133 - parse_multi_results输入 - name_str: 'device_control', args_str: '{"action":"turnon","function_option":"COSMETIC","entity":"REFRIGERATOR"}'
2026-03-23 09:42:54,481 - DEBUG - CaseID: 133 - parse_multi_results输出: [{'name': 'device_control', 'args': {'action': 'turnon', 'entity': 'REFRIGERATOR', 'function_option': 'COSMETIC'}}]
2026-03-23 09:42:54,481 - DEBUG - CaseID: 133 - expected_results: [{'name': 'device_control', 'args': {'action': 'turnon', 'entity': 'REFRIGERATOR', 'function_option': 'COSMETIC'}}]
2026-03-23 09:42:54,481 - DEBUG - CaseID: 133 - actual_results: [{'name': 'device_control', 'args': {'action': 'turnon', 'entity': 'REFRIGERATOR', 'function_option': 'COSMETIC'}}]
2026-03-23 09:42:54,481 - DEBUG - CaseID: 133 - expected_keys: {('device_control', '{"action": "turnon", "entity": "REFRIGERATOR", "function_option": "COSMETIC"}')}
2026-03-23 09:42:54,481 - DEBUG - CaseID: 133 - actual_keys: {('device_control', '{"action": "turnon", "entity": "REFRIGERATOR", "function_option": "COSMETIC"}')}
2026-03-23 09:42:54,481 - DEBUG - CaseID: 134 - parse_multi_results输入 - name_str: 'device_control', args_str: '{"action":"turnon","function_option":"COSMETIC","entity":"REFRIGERATOR"}'
2026-03-23 09:42:54,481 - DEBUG - CaseID: 134 - parse_multi_results输出: [{'name': 'device_control', 'args': {'action': 'turnon', 'entity': 'REFRIGERATOR', 'function_option': 'COSMETIC'}}]
2026-03-23 09:42:54,481 - DEBUG - CaseID: 134 - parse_multi_results输入 - name_str: 'device_control', args_str: '{"action":"turnon","function_option":"COSMETIC","entity":"REFRIGERATOR"}'
2026-03-23 09:42:54,481 - DEBUG - CaseID: 134 - parse_multi_results输出: [{'name': 'device_control', 'args': {'action': 'turnon', 'entity': 'REFRIGERATOR', 'function_option': 'COSMETIC'}}]
2026-03-23 09:42:54,481 - DEBUG - CaseID: 134 - expected_results: [{'name': 'device_control', 'args': {'action': 'turnon', 'entity': 'REFRIGERATOR', 'function_option': 'COSMETIC'}}]
2026-03-23 09:42:54,481 - DEBUG - CaseID: 134 - actual_results: [{'name': 'device_control', 'args': {'action': 'turnon', 'entity': 'REFRIGERATOR', 'function_option': 'COSMETIC'}}]
2026-03-23 09:42:54,481 - DEBUG - CaseID: 134 - expected_keys: {('device_control', '{"action": "turnon", "entity": "REFRIGERATOR", "function_option": "COSMETIC"}')}
2026-03-23 09:42:54,481 - DEBUG - CaseID: 134 - actual_keys: {('device_control', '{"action": "turnon", "entity": "REFRIGERATOR", "function_option": "COSMETIC"}')}
2026-03-23 09:42:54,481 - DEBUG - CaseID: 135 - parse_multi_results输入 - name_str: 'device_control', args_str: '{"action":"turnon","function_option":"COSMETIC","entity":"REFRIGERATOR"}'
2026-03-23 09:42:54,482 - DEBUG - CaseID: 135 - parse_multi_results输出: [{'name': 'device_control', 'args': {'action': 'turnon', 'entity': 'REFRIGERATOR', 'function_option': 'COSMETIC'}}]
2026-03-23 09:42:54,482 - DEBUG - CaseID: 135 - parse_multi_results输入 - name_str: 'device_control', args_str: '{"action":"turnon","function_option":"COSMETIC","entity":"REFRIGERATOR"}'
2026-03-23 09:42:54,482 - DEBUG - CaseID: 135 - parse_multi_results输出: [{'name': 'device_control', 'args': {'action': 'turnon', 'entity': 'REFRIGERATOR', 'function_option': 'COSMETIC'}}]
2026-03-23 09:42:54,482 - DEBUG - CaseID: 135 - expected_results: [{'name': 'device_control', 'args': {'action': 'turnon', 'entity': 'REFRIGERATOR', 'function_option': 'COSMETIC'}}]
2026-03-23 09:42:54,482 - DEBUG - CaseID: 135 - actual_results: [{'name': 'device_control', 'args': {'action': 'turnon', 'entity': 'REFRIGERATOR', 'function_option': 'COSMETIC'}}]
2026-03-23 09:42:54,482 - DEBUG - CaseID: 135 - expected_keys: {('device_control', '{"action": "turnon", "entity": "REFRIGERATOR", "function_option": "COSMETIC"}')}
2026-03-23 09:42:54,482 - DEBUG - CaseID: 135 - actual_keys: {('device_control', '{"action": "turnon", "entity": "REFRIGERATOR", "function_option": "COSMETIC"}')}
2026-03-23 09:42:54,482 - DEBUG - CaseID: 136 - parse_multi_results输入 - name_str: 'device_control', args_str: '{"action":"turnon","function_option":"COSMETIC","entity":"REFRIGERATOR"}'
2026-03-23 09:42:54,482 - DEBUG - CaseID: 136 - parse_multi_results输出: [{'name': 'device_control', 'args': {'action': 'turnon', 'entity': 'REFRIGERATOR', 'function_option': 'COSMETIC'}}]
2026-03-23 09:42:54,482 - DEBUG - CaseID: 136 - parse_multi_results输入 - name_str: 'device_control', args_str: '{"action":"turnon","function_option":"COSMETIC","entity":"REFRIGERATOR"}'
2026-03-23 09:42:54,482 - DEBUG - CaseID: 136 - parse_multi_results输出: [{'name': 'device_control', 'args': {'action': 'turnon', 'entity': 'REFRIGERATOR', 'function_option': 'COSMETIC'}}]
2026-03-23 09:42:54,482 - DEBUG - CaseID: 136 - expected_results: [{'name': 'device_control', 'args': {'action': 'turnon', 'entity': 'REFRIGERATOR', 'function_option': 'COSMETIC'}}]
2026-03-23 09:42:54,482 - DEBUG - CaseID: 136 - actual_results: [{'name': 'device_control', 'args': {'action': 'turnon', 'entity': 'REFRIGERATOR', 'function_option': 'COSMETIC'}}]
2026-03-23 09:42:54,482 - DEBUG - CaseID: 136 - expected_keys: {('device_control', '{"action": "turnon", "entity": "REFRIGERATOR", "function_option": "COSMETIC"}')}
2026-03-23 09:42:54,482 - DEBUG - CaseID: 136 - actual_keys: {('device_control', '{"action": "turnon", "entity": "REFRIGERATOR", "function_option": "COSMETIC"}')}
2026-03-23 09:42:54,482 - DEBUG - CaseID: 137 - parse_multi_results输入 - name_str: 'device_control', args_str: '{"action":"turnon","function_option":"COSMETIC","entity":"REFRIGERATOR"}'
2026-03-23 09:42:54,482 - DEBUG - CaseID: 137 - parse_multi_results输出: [{'name': 'device_control', 'args': {'action': 'turnon', 'entity': 'REFRIGERATOR', 'function_option': 'COSMETIC'}}]
2026-03-23 09:42:54,482 - DEBUG - CaseID: 137 - parse_multi_results输入 - name_str: 'device_control', args_str: '{"action":"turnon","function_option":"COSMETIC","entity":"REFRIGERATOR"}'
2026-03-23 09:42:54,482 - DEBUG - CaseID: 137 - parse_multi_results输出: [{'name': 'device_control', 'args': {'action': 'turnon', 'entity': 'REFRIGERATOR', 'function_option': 'COSMETIC'}}]
2026-03-23 09:42:54,482 - DEBUG - CaseID: 137 - expected_results: [{'name': 'device_control', 'args': {'action': 'turnon', 'entity': 'REFRIGERATOR', 'function_option': 'COSMETIC'}}]
2026-03-23 09:42:54,482 - DEBUG - CaseID: 137 - actual_results: [{'name': 'device_control', 'args': {'action': 'turnon', 'entity': 'REFRIGERATOR', 'function_option': 'COSMETIC'}}]
2026-03-23 09:42:54,482 - DEBUG - CaseID: 137 - expected_keys: {('device_control', '{"action": "turnon", "entity": "REFRIGERATOR", "function_option": "COSMETIC"}')}
2026-03-23 09:42:54,482 - DEBUG - CaseID: 137 - actual_keys: {('device_control', '{"action": "turnon", "entity": "REFRIGERATOR", "function_option": "COSMETIC"}')}
2026-03-23 09:42:54,482 - DEBUG - CaseID: 138 - parse_multi_results输入 - name_str: 'device_control', args_str: '{"action":"turnon","function_option":"COSMETIC","entity":"REFRIGERATOR"}'
2026-03-23 09:42:54,482 - DEBUG - CaseID: 138 - parse_multi_results输出: [{'name': 'device_control', 'args': {'action': 'turnon', 'entity': 'REFRIGERATOR', 'function_option': 'COSMETIC'}}]
2026-03-23 09:42:54,482 - DEBUG - CaseID: 138 - parse_multi_results输入 - name_str: 'device_control', args_str: '{"action":"turnon","function_option":"COSMETIC","entity":"REFRIGERATOR"}'
2026-03-23 09:42:54,482 - DEBUG - CaseID: 138 - parse_multi_results输出: [{'name': 'device_control', 'args': {'action': 'turnon', 'entity': 'REFRIGERATOR', 'function_option': 'COSMETIC'}}]
2026-03-23 09:42:54,482 - DEBUG - CaseID: 138 - expected_results: [{'name': 'device_control', 'args': {'action': 'turnon', 'entity': 'REFRIGERATOR', 'function_option': 'COSMETIC'}}]
2026-03-23 09:42:54,482 - DEBUG - CaseID: 138 - actual_results: [{'name': 'device_control', 'args': {'action': 'turnon', 'entity': 'REFRIGERATOR', 'function_option': 'COSMETIC'}}]
2026-03-23 09:42:54,482 - DEBUG - CaseID: 138 - expected_keys: {('device_control', '{"action": "turnon", "entity": "REFRIGERATOR", "function_option": "COSMETIC"}')}
2026-03-23 09:42:54,482 - DEBUG - CaseID: 138 - actual_keys: {('device_control', '{"action": "turnon", "entity": "REFRIGERATOR", "function_option": "COSMETIC"}')}
2026-03-23 09:42:54,483 - DEBUG - CaseID: 139 - parse_multi_results输入 - name_str: 'device_control', args_str: '{"action":"turnon","function_option":"COSMETIC","entity":"REFRIGERATOR"}'
2026-03-23 09:42:54,483 - DEBUG - CaseID: 139 - parse_multi_results输出: [{'name': 'device_control', 'args': {'action': 'turnon', 'entity': 'REFRIGERATOR', 'function_option': 'COSMETIC'}}]
2026-03-23 09:42:54,483 - DEBUG - CaseID: 139 - parse_multi_results输入 - name_str: 'device_control', args_str: '{"action":"turnon","function_option":"COSMETIC","entity":"REFRIGERATOR"}'
2026-03-23 09:42:54,483 - DEBUG - CaseID: 139 - parse_multi_results输出: [{'name': 'device_control', 'args': {'action': 'turnon', 'entity': 'REFRIGERATOR', 'function_option': 'COSMETIC'}}]
2026-03-23 09:42:54,483 - DEBUG - CaseID: 139 - expected_results: [{'name': 'device_control', 'args': {'action': 'turnon', 'entity': 'REFRIGERATOR', 'function_option': 'COSMETIC'}}]
2026-03-23 09:42:54,483 - DEBUG - CaseID: 139 - actual_results: [{'name': 'device_control', 'args': {'action': 'turnon', 'entity': 'REFRIGERATOR', 'function_option': 'COSMETIC'}}]
2026-03-23 09:42:54,483 - DEBUG - CaseID: 139 - expected_keys: {('device_control', '{"action": "turnon", "entity": "REFRIGERATOR", "function_option": "COSMETIC"}')}
2026-03-23 09:42:54,483 - DEBUG - CaseID: 139 - actual_keys: {('device_control', '{"action": "turnon", "entity": "REFRIGERATOR", "function_option": "COSMETIC"}')}
2026-03-23 09:42:54,483 - DEBUG - CaseID: 140 - parse_multi_results输入 - name_str: 'device_control', args_str: '{"action":"turnon","function_option":"COSMETIC","entity":"REFRIGERATOR"}'
2026-03-23 09:42:54,483 - DEBUG - CaseID: 140 - parse_multi_results输出: [{'name': 'device_control', 'args': {'action': 'turnon', 'entity': 'REFRIGERATOR', 'function_option': 'COSMETIC'}}]
2026-03-23 09:42:54,483 - DEBUG - CaseID: 140 - parse_multi_results输入 - name_str: 'device_control', args_str: '{"action":"turnon","function_option":"COSMETIC","entity":"REFRIGERATOR"}'
2026-03-23 09:42:54,483 - DEBUG - CaseID: 140 - parse_multi_results输出: [{'name': 'device_control', 'args': {'action': 'turnon', 'entity': 'REFRIGERATOR', 'function_option': 'COSMETIC'}}]
2026-03-23 09:42:54,483 - DEBUG - CaseID: 140 - expected_results: [{'name': 'device_control', 'args': {'action': 'turnon', 'entity': 'REFRIGERATOR', 'function_option': 'COSMETIC'}}]
2026-03-23 09:42:54,483 - DEBUG - CaseID: 140 - actual_results: [{'name': 'device_control', 'args': {'action': 'turnon', 'entity': 'REFRIGERATOR', 'function_option': 'COSMETIC'}}]
2026-03-23 09:42:54,483 - DEBUG - CaseID: 140 - expected_keys: {('device_control', '{"action": "turnon", "entity": "REFRIGERATOR", "function_option": "COSMETIC"}')}
2026-03-23 09:42:54,483 - DEBUG - CaseID: 140 - actual_keys: {('device_control', '{"action": "turnon", "entity": "REFRIGERATOR", "function_option": "COSMETIC"}')}
2026-03-23 09:42:54,483 - DEBUG - CaseID: 141 - parse_multi_results输入 - name_str: 'device_control', args_str: '{"action":"turnon","function_option":"COSMETIC","entity":"REFRIGERATOR"}'
2026-03-23 09:42:54,483 - DEBUG - CaseID: 141 - parse_multi_results输出: [{'name': 'device_control', 'args': {'action': 'turnon', 'entity': 'REFRIGERATOR', 'function_option': 'COSMETIC'}}]
2026-03-23 09:42:54,483 - DEBUG - CaseID: 141 - parse_multi_results输入 - name_str: 'device_control', args_str: '{"action":"turnon","function_option":"COSMETIC","entity":"REFRIGERATOR"}'
2026-03-23 09:42:54,483 - DEBUG - CaseID: 141 - parse_multi_results输出: [{'name': 'device_control', 'args': {'action': 'turnon', 'entity': 'REFRIGERATOR', 'function_option': 'COSMETIC'}}]
2026-03-23 09:42:54,483 - DEBUG - CaseID: 141 - expected_results: [{'name': 'device_control', 'args': {'action': 'turnon', 'entity': 'REFRIGERATOR', 'function_option': 'COSMETIC'}}]
2026-03-23 09:42:54,483 - DEBUG - CaseID: 141 - actual_results: [{'name': 'device_control', 'args': {'action': 'turnon', 'entity': 'REFRIGERATOR', 'function_option': 'COSMETIC'}}]
2026-03-23 09:42:54,483 - DEBUG - CaseID: 141 - expected_keys: {('device_control', '{"action": "turnon", "entity": "REFRIGERATOR", "function_option": "COSMETIC"}')}
2026-03-23 09:42:54,483 - DEBUG - CaseID: 141 - actual_keys: {('device_control', '{"action": "turnon", "entity": "REFRIGERATOR", "function_option": "COSMETIC"}')}
2026-03-23 09:42:54,483 - DEBUG - CaseID: 142 - parse_multi_results输入 - name_str: 'device_control', args_str: '{"action":"turnon","function_option":"COSMETIC","entity":"REFRIGERATOR"}'
2026-03-23 09:42:54,483 - DEBUG - CaseID: 142 - parse_multi_results输出: [{'name': 'device_control', 'args': {'action': 'turnon', 'entity': 'REFRIGERATOR', 'function_option': 'COSMETIC'}}]
2026-03-23 09:42:54,483 - DEBUG - CaseID: 142 - parse_multi_results输入 - name_str: 'device_control', args_str: '{"action":"turnon","function_option":"COSMETIC","entity":"REFRIGERATOR"}'
2026-03-23 09:42:54,483 - DEBUG - CaseID: 142 - parse_multi_results输出: [{'name': 'device_control', 'args': {'action': 'turnon', 'entity': 'REFRIGERATOR', 'function_option': 'COSMETIC'}}]
2026-03-23 09:42:54,483 - DEBUG - CaseID: 142 - expected_results: [{'name': 'device_control', 'args': {'action': 'turnon', 'entity': 'REFRIGERATOR', 'function_option': 'COSMETIC'}}]
2026-03-23 09:42:54,483 - DEBUG - CaseID: 142 - actual_results: [{'name': 'device_control', 'args': {'action': 'turnon', 'entity': 'REFRIGERATOR', 'function_option': 'COSMETIC'}}]
2026-03-23 09:42:54,483 - DEBUG - CaseID: 142 - expected_keys: {('device_control', '{"action": "turnon", "entity": "REFRIGERATOR", "function_option": "COSMETIC"}')}
2026-03-23 09:42:54,483 - DEBUG - CaseID: 142 - actual_keys: {('device_control', '{"action": "turnon", "entity": "REFRIGERATOR", "function_option": "COSMETIC"}')}
2026-03-23 09:42:54,484 - DEBUG - CaseID: 143 - parse_multi_results输入 - name_str: 'device_control', args_str: '{"action":"turnon","function_option":"COSMETIC","entity":"REFRIGERATOR"}'
2026-03-23 09:42:54,484 - DEBUG - CaseID: 143 - parse_multi_results输出: [{'name': 'device_control', 'args': {'action': 'turnon', 'entity': 'REFRIGERATOR', 'function_option': 'COSMETIC'}}]
2026-03-23 09:42:54,484 - DEBUG - CaseID: 143 - parse_multi_results输入 - name_str: 'device_control', args_str: '{"action":"turnon","function_option":"COSMETIC","entity":"REFRIGERATOR"}'
2026-03-23 09:42:54,484 - DEBUG - CaseID: 143 - parse_multi_results输出: [{'name': 'device_control', 'args': {'action': 'turnon', 'entity': 'REFRIGERATOR', 'function_option': 'COSMETIC'}}]
2026-03-23 09:42:54,484 - DEBUG - CaseID: 143 - expected_results: [{'name': 'device_control', 'args': {'action': 'turnon', 'entity': 'REFRIGERATOR', 'function_option': 'COSMETIC'}}]
2026-03-23 09:42:54,484 - DEBUG - CaseID: 143 - actual_results: [{'name': 'device_control', 'args': {'action': 'turnon', 'entity': 'REFRIGERATOR', 'function_option': 'COSMETIC'}}]
2026-03-23 09:42:54,484 - DEBUG - CaseID: 143 - expected_keys: {('device_control', '{"action": "turnon", "entity": "REFRIGERATOR", "function_option": "COSMETIC"}')}
2026-03-23 09:42:54,484 - DEBUG - CaseID: 143 - actual_keys: {('device_control', '{"action": "turnon", "entity": "REFRIGERATOR", "function_option": "COSMETIC"}')}
2026-03-23 09:42:54,484 - DEBUG - CaseID: 144 - parse_multi_results输入 - name_str: 'device_control', args_str: '{"action":"turnon","function_option":"COSMETIC","entity":"REFRIGERATOR"}'
2026-03-23 09:42:54,484 - DEBUG - CaseID: 144 - parse_multi_results输出: [{'name': 'device_control', 'args': {'action': 'turnon', 'entity': 'REFRIGERATOR', 'function_option': 'COSMETIC'}}]
2026-03-23 09:42:54,484 - DEBUG - CaseID: 144 - parse_multi_results输入 - name_str: 'device_control', args_str: '{"action":"turnon","function_option":"COSMETIC","entity":"REFRIGERATOR"}'
2026-03-23 09:42:54,484 - DEBUG - CaseID: 144 - parse_multi_results输出: [{'name': 'device_control', 'args': {'action': 'turnon', 'entity': 'REFRIGERATOR', 'function_option': 'COSMETIC'}}]
2026-03-23 09:42:54,484 - DEBUG - CaseID: 144 - expected_results: [{'name': 'device_control', 'args': {'action': 'turnon', 'entity': 'REFRIGERATOR', 'function_option': 'COSMETIC'}}]
2026-03-23 09:42:54,484 - DEBUG - CaseID: 144 - actual_results: [{'name': 'device_control', 'args': {'action': 'turnon', 'entity': 'REFRIGERATOR', 'function_option': 'COSMETIC'}}]
2026-03-23 09:42:54,484 - DEBUG - CaseID: 144 - expected_keys: {('device_control', '{"action": "turnon", "entity": "REFRIGERATOR", "function_option": "COSMETIC"}')}
2026-03-23 09:42:54,484 - DEBUG - CaseID: 144 - actual_keys: {('device_control', '{"action": "turnon", "entity": "REFRIGERATOR", "function_option": "COSMETIC"}')}
2026-03-23 09:42:54,484 - DEBUG - CaseID: 145 - parse_multi_results输入 - name_str: 'device_control', args_str: '{"action":"turnon","function_option":"COSMETIC","entity":"REFRIGERATOR"}'
2026-03-23 09:42:54,484 - DEBUG - CaseID: 145 - parse_multi_results输出: [{'name': 'device_control', 'args': {'action': 'turnon', 'entity': 'REFRIGERATOR', 'function_option': 'COSMETIC'}}]
2026-03-23 09:42:54,484 - DEBUG - CaseID: 145 - parse_multi_results输入 - name_str: 'device_control', args_str: '{"action":"turnon","function_option":"COSMETIC","entity":"REFRIGERATOR"}'
2026-03-23 09:42:54,484 - DEBUG - CaseID: 145 - parse_multi_results输出: [{'name': 'device_control', 'args': {'action': 'turnon', 'entity': 'REFRIGERATOR', 'function_option': 'COSMETIC'}}]
2026-03-23 09:42:54,484 - DEBUG - CaseID: 145 - expected_results: [{'name': 'device_control', 'args': {'action': 'turnon', 'entity': 'REFRIGERATOR', 'function_option': 'COSMETIC'}}]
2026-03-23 09:42:54,484 - DEBUG - CaseID: 145 - actual_results: [{'name': 'device_control', 'args': {'action': 'turnon', 'entity': 'REFRIGERATOR', 'function_option': 'COSMETIC'}}]
2026-03-23 09:42:54,484 - DEBUG - CaseID: 145 - expected_keys: {('device_control', '{"action": "turnon", "entity": "REFRIGERATOR", "function_option": "COSMETIC"}')}
2026-03-23 09:42:54,484 - DEBUG - CaseID: 145 - actual_keys: {('device_control', '{"action": "turnon", "entity": "REFRIGERATOR", "function_option": "COSMETIC"}')}
2026-03-23 09:42:54,484 - DEBUG - CaseID: 146 - parse_multi_results输入 - name_str: 'device_control', args_str: '{"action":"turnon","function_option":"COSMETIC","entity":"REFRIGERATOR"}'
2026-03-23 09:42:54,484 - DEBUG - CaseID: 146 - parse_multi_results输出: [{'name': 'device_control', 'args': {'action': 'turnon', 'entity': 'REFRIGERATOR', 'function_option': 'COSMETIC'}}]
2026-03-23 09:42:54,484 - DEBUG - CaseID: 146 - parse_multi_results输入 - name_str: 'device_control', args_str: '{"action":"turnon","function_option":"COSMETIC","entity":"REFRIGERATOR"}'
2026-03-23 09:42:54,484 - DEBUG - CaseID: 146 - parse_multi_results输出: [{'name': 'device_control', 'args': {'action': 'turnon', 'entity': 'REFRIGERATOR', 'function_option': 'COSMETIC'}}]
2026-03-23 09:42:54,484 - DEBUG - CaseID: 146 - expected_results: [{'name': 'device_control', 'args': {'action': 'turnon', 'entity': 'REFRIGERATOR', 'function_option': 'COSMETIC'}}]
2026-03-23 09:42:54,484 - DEBUG - CaseID: 146 - actual_results: [{'name': 'device_control', 'args': {'action': 'turnon', 'entity': 'REFRIGERATOR', 'function_option': 'COSMETIC'}}]
2026-03-23 09:42:54,484 - DEBUG - CaseID: 146 - expected_keys: {('device_control', '{"action": "turnon", "entity": "REFRIGERATOR", "function_option": "COSMETIC"}')}
2026-03-23 09:42:54,484 - DEBUG - CaseID: 146 - actual_keys: {('device_control', '{"action": "turnon", "entity": "REFRIGERATOR", "function_option": "COSMETIC"}')}
2026-03-23 09:42:54,484 - DEBUG - CaseID: 147 - parse_multi_results输入 - name_str: 'device_control', args_str: '{"action":"turnon","function_option":"COSMETIC","entity":"REFRIGERATOR"}'
2026-03-23 09:42:54,485 - DEBUG - CaseID: 147 - parse_multi_results输出: [{'name': 'device_control', 'args': {'action': 'turnon', 'entity': 'REFRIGERATOR', 'function_option': 'COSMETIC'}}]
2026-03-23 09:42:54,485 - DEBUG - CaseID: 147 - parse_multi_results输入 - name_str: 'device_control', args_str: '{"action":"turnon","function_option":"COSMETIC","entity":"REFRIGERATOR"}'
2026-03-23 09:42:54,485 - DEBUG - CaseID: 147 - parse_multi_results输出: [{'name': 'device_control', 'args': {'action': 'turnon', 'entity': 'REFRIGERATOR', 'function_option': 'COSMETIC'}}]
2026-03-23 09:42:54,485 - DEBUG - CaseID: 147 - expected_results: [{'name': 'device_control', 'args': {'action': 'turnon', 'entity': 'REFRIGERATOR', 'function_option': 'COSMETIC'}}]
2026-03-23 09:42:54,485 - DEBUG - CaseID: 147 - actual_results: [{'name': 'device_control', 'args': {'action': 'turnon', 'entity': 'REFRIGERATOR', 'function_option': 'COSMETIC'}}]
2026-03-23 09:42:54,485 - DEBUG - CaseID: 147 - expected_keys: {('device_control', '{"action": "turnon", "entity": "REFRIGERATOR", "function_option": "COSMETIC"}')}
2026-03-23 09:42:54,485 - DEBUG - CaseID: 147 - actual_keys: {('device_control', '{"action": "turnon", "entity": "REFRIGERATOR", "function_option": "COSMETIC"}')}
2026-03-23 09:42:54,485 - DEBUG - CaseID: 148 - parse_multi_results输入 - name_str: 'device_control', args_str: '{"action":"turnon","function_option":"COSMETIC","entity":"REFRIGERATOR"}'
2026-03-23 09:42:54,485 - DEBUG - CaseID: 148 - parse_multi_results输出: [{'name': 'device_control', 'args': {'action': 'turnon', 'entity': 'REFRIGERATOR', 'function_option': 'COSMETIC'}}]
2026-03-23 09:42:54,485 - DEBUG - CaseID: 148 - parse_multi_results输入 - name_str: 'device_control', args_str: '{"action":"turnon","function_option":"COSMETIC","entity":"REFRIGERATOR"}'
2026-03-23 09:42:54,485 - DEBUG - CaseID: 148 - parse_multi_results输出: [{'name': 'device_control', 'args': {'action': 'turnon', 'entity': 'REFRIGERATOR', 'function_option': 'COSMETIC'}}]
2026-03-23 09:42:54,485 - DEBUG - CaseID: 148 - expected_results: [{'name': 'device_control', 'args': {'action': 'turnon', 'entity': 'REFRIGERATOR', 'function_option': 'COSMETIC'}}]
2026-03-23 09:42:54,485 - DEBUG - CaseID: 148 - actual_results: [{'name': 'device_control', 'args': {'action': 'turnon', 'entity': 'REFRIGERATOR', 'function_option': 'COSMETIC'}}]
2026-03-23 09:42:54,485 - DEBUG - CaseID: 148 - expected_keys: {('device_control', '{"action": "turnon", "entity": "REFRIGERATOR", "function_option": "COSMETIC"}')}
2026-03-23 09:42:54,485 - DEBUG - CaseID: 148 - actual_keys: {('device_control', '{"action": "turnon", "entity": "REFRIGERATOR", "function_option": "COSMETIC"}')}
2026-03-23 09:42:54,485 - DEBUG - CaseID: 149 - parse_multi_results输入 - name_str: 'device_control', args_str: '{"action":"turnon","function_option":"COSMETIC","entity":"REFRIGERATOR"}'
2026-03-23 09:42:54,485 - DEBUG - CaseID: 149 - parse_multi_results输出: [{'name': 'device_control', 'args': {'action': 'turnon', 'entity': 'REFRIGERATOR', 'function_option': 'COSMETIC'}}]
2026-03-23 09:42:54,485 - DEBUG - CaseID: 149 - parse_multi_results输入 - name_str: 'device_control', args_str: '{"action":"turnon","function_option":"COSMETIC","entity":"REFRIGERATOR"}'
2026-03-23 09:42:54,485 - DEBUG - CaseID: 149 - parse_multi_results输出: [{'name': 'device_control', 'args': {'action': 'turnon', 'entity': 'REFRIGERATOR', 'function_option': 'COSMETIC'}}]
2026-03-23 09:42:54,485 - DEBUG - CaseID: 149 - expected_results: [{'name': 'device_control', 'args': {'action': 'turnon', 'entity': 'REFRIGERATOR', 'function_option': 'COSMETIC'}}]
2026-03-23 09:42:54,485 - DEBUG - CaseID: 149 - actual_results: [{'name': 'device_control', 'args': {'action': 'turnon', 'entity': 'REFRIGERATOR', 'function_option': 'COSMETIC'}}]
2026-03-23 09:42:54,485 - DEBUG - CaseID: 149 - expected_keys: {('device_control', '{"action": "turnon", "entity": "REFRIGERATOR", "function_option": "COSMETIC"}')}
2026-03-23 09:42:54,485 - DEBUG - CaseID: 149 - actual_keys: {('device_control', '{"action": "turnon", "entity": "REFRIGERATOR", "function_option": "COSMETIC"}')}
2026-03-23 09:42:54,485 - DEBUG - CaseID: 150 - parse_multi_results输入 - name_str: 'device_control', args_str: '{"action":"turnon","function_option":"COSMETIC","entity":"REFRIGERATOR"}'
2026-03-23 09:42:54,485 - DEBUG - CaseID: 150 - parse_multi_results输出: [{'name': 'device_control', 'args': {'action': 'turnon', 'entity': 'REFRIGERATOR', 'function_option': 'COSMETIC'}}]
2026-03-23 09:42:54,485 - DEBUG - CaseID: 150 - parse_multi_results输入 - name_str: 'device_control', args_str: '{"action":"turnon","function_option":"COSMETIC","entity":"REFRIGERATOR"}'
2026-03-23 09:42:54,485 - DEBUG - CaseID: 150 - parse_multi_results输出: [{'name': 'device_control', 'args': {'action': 'turnon', 'entity': 'REFRIGERATOR', 'function_option': 'COSMETIC'}}]
2026-03-23 09:42:54,485 - DEBUG - CaseID: 150 - expected_results: [{'name': 'device_control', 'args': {'action': 'turnon', 'entity': 'REFRIGERATOR', 'function_option': 'COSMETIC'}}]
2026-03-23 09:42:54,485 - DEBUG - CaseID: 150 - actual_results: [{'name': 'device_control', 'args': {'action': 'turnon', 'entity': 'REFRIGERATOR', 'function_option': 'COSMETIC'}}]
2026-03-23 09:42:54,485 - DEBUG - CaseID: 150 - expected_keys: {('device_control', '{"action": "turnon", "entity": "REFRIGERATOR", "function_option": "COSMETIC"}')}
2026-03-23 09:42:54,485 - DEBUG - CaseID: 150 - actual_keys: {('device_control', '{"action": "turnon", "entity": "REFRIGERATOR", "function_option": "COSMETIC"}')}
2026-03-23 09:42:54,485 - DEBUG - CaseID: 151 - parse_multi_results输入 - name_str: 'device_control', args_str: '{"action":"turnon","function_option":"COSMETIC","entity":"REFRIGERATOR"}'
2026-03-23 09:42:54,485 - DEBUG - CaseID: 151 - parse_multi_results输出: [{'name': 'device_control', 'args': {'action': 'turnon', 'entity': 'REFRIGERATOR', 'function_option': 'COSMETIC'}}]
2026-03-23 09:42:54,485 - DEBUG - CaseID: 151 - parse_multi_results输入 - name_str: 'device_control', args_str: '{"action":"turnon","function_option":"COSMETIC","entity":"REFRIGERATOR"}'
2026-03-23 09:42:54,485 - DEBUG - CaseID: 151 - parse_multi_results输出: [{'name': 'device_control', 'args': {'action': 'turnon', 'entity': 'REFRIGERATOR', 'function_option': 'COSMETIC'}}]
2026-03-23 09:42:54,486 - DEBUG - CaseID: 151 - expected_results: [{'name': 'device_control', 'args': {'action': 'turnon', 'entity': 'REFRIGERATOR', 'function_option': 'COSMETIC'}}]
2026-03-23 09:42:54,486 - DEBUG - CaseID: 151 - actual_results: [{'name': 'device_control', 'args': {'action': 'turnon', 'entity': 'REFRIGERATOR', 'function_option': 'COSMETIC'}}]
2026-03-23 09:42:54,486 - DEBUG - CaseID: 151 - expected_keys: {('device_control', '{"action": "turnon", "entity": "REFRIGERATOR", "function_option": "COSMETIC"}')}
2026-03-23 09:42:54,486 - DEBUG - CaseID: 151 - actual_keys: {('device_control', '{"action": "turnon", "entity": "REFRIGERATOR", "function_option": "COSMETIC"}')}
2026-03-23 09:42:54,486 - DEBUG - CaseID: 152 - parse_multi_results输入 - name_str: 'device_control', args_str: '{"action":"turnon","function_option":"COSMETIC","entity":"REFRIGERATOR"}'
2026-03-23 09:42:54,486 - DEBUG - CaseID: 152 - parse_multi_results输出: [{'name': 'device_control', 'args': {'action': 'turnon', 'entity': 'REFRIGERATOR', 'function_option': 'COSMETIC'}}]
2026-03-23 09:42:54,486 - DEBUG - CaseID: 152 - parse_multi_results输入 - name_str: 'device_control', args_str: '{"action":"turnon","function_option":"COSMETIC","entity":"REFRIGERATOR"}'
2026-03-23 09:42:54,486 - DEBUG - CaseID: 152 - parse_multi_results输出: [{'name': 'device_control', 'args': {'action': 'turnon', 'entity': 'REFRIGERATOR', 'function_option': 'COSMETIC'}}]
2026-03-23 09:42:54,486 - DEBUG - CaseID: 152 - expected_results: [{'name': 'device_control', 'args': {'action': 'turnon', 'entity': 'REFRIGERATOR', 'function_option': 'COSMETIC'}}]
2026-03-23 09:42:54,486 - DEBUG - CaseID: 152 - actual_results: [{'name': 'device_control', 'args': {'action': 'turnon', 'entity': 'REFRIGERATOR', 'function_option': 'COSMETIC'}}]
2026-03-23 09:42:54,486 - DEBUG - CaseID: 152 - expected_keys: {('device_control', '{"action": "turnon", "entity": "REFRIGERATOR", "function_option": "COSMETIC"}')}
2026-03-23 09:42:54,486 - DEBUG - CaseID: 152 - actual_keys: {('device_control', '{"action": "turnon", "entity": "REFRIGERATOR", "function_option": "COSMETIC"}')}
2026-03-23 09:42:54,486 - DEBUG - CaseID: 153 - parse_multi_results输入 - name_str: 'device_control', args_str: '{"action":"turnoff","function_option":"COSMETIC","entity":"REFRIGERATOR"}'
2026-03-23 09:42:54,486 - DEBUG - CaseID: 153 - parse_multi_results输出: [{'name': 'device_control', 'args': {'action': 'turnoff', 'entity': 'REFRIGERATOR', 'function_option': 'COSMETIC'}}]
2026-03-23 09:42:54,486 - DEBUG - CaseID: 153 - parse_multi_results输入 - name_str: 'device_control', args_str: '{"action":"turnoff","function_option":"COSMETIC","entity":"REFRIGERATOR"}'
2026-03-23 09:42:54,486 - DEBUG - CaseID: 153 - parse_multi_results输出: [{'name': 'device_control', 'args': {'action': 'turnoff', 'entity': 'REFRIGERATOR', 'function_option': 'COSMETIC'}}]
2026-03-23 09:42:54,486 - DEBUG - CaseID: 153 - expected_results: [{'name': 'device_control', 'args': {'action': 'turnoff', 'entity': 'REFRIGERATOR', 'function_option': 'COSMETIC'}}]
2026-03-23 09:42:54,486 - DEBUG - CaseID: 153 - actual_results: [{'name': 'device_control', 'args': {'action': 'turnoff', 'entity': 'REFRIGERATOR', 'function_option': 'COSMETIC'}}]
2026-03-23 09:42:54,486 - DEBUG - CaseID: 153 - expected_keys: {('device_control', '{"action": "turnoff", "entity": "REFRIGERATOR", "function_option": "COSMETIC"}')}
2026-03-23 09:42:54,486 - DEBUG - CaseID: 153 - actual_keys: {('device_control', '{"action": "turnoff", "entity": "REFRIGERATOR", "function_option": "COSMETIC"}')}
2026-03-23 09:42:54,486 - DEBUG - CaseID: 154 - parse_multi_results输入 - name_str: 'device_control', args_str: '{"action":"turnoff","function_option":"COSMETIC","entity":"REFRIGERATOR"}'
2026-03-23 09:42:54,486 - DEBUG - CaseID: 154 - parse_multi_results输出: [{'name': 'device_control', 'args': {'action': 'turnoff', 'entity': 'REFRIGERATOR', 'function_option': 'COSMETIC'}}]
2026-03-23 09:42:54,486 - DEBUG - CaseID: 154 - parse_multi_results输入 - name_str: 'device_control', args_str: '{"action":"turnoff","function_option":"COSMETIC","entity":"REFRIGERATOR"}'
2026-03-23 09:42:54,486 - DEBUG - CaseID: 154 - parse_multi_results输出: [{'name': 'device_control', 'args': {'action': 'turnoff', 'entity': 'REFRIGERATOR', 'function_option': 'COSMETIC'}}]
2026-03-23 09:42:54,486 - DEBUG - CaseID: 154 - expected_results: [{'name': 'device_control', 'args': {'action': 'turnoff', 'entity': 'REFRIGERATOR', 'function_option': 'COSMETIC'}}]
2026-03-23 09:42:54,486 - DEBUG - CaseID: 154 - actual_results: [{'name': 'device_control', 'args': {'action': 'turnoff', 'entity': 'REFRIGERATOR', 'function_option': 'COSMETIC'}}]
2026-03-23 09:42:54,486 - DEBUG - CaseID: 154 - expected_keys: {('device_control', '{"action": "turnoff", "entity": "REFRIGERATOR", "function_option": "COSMETIC"}')}
2026-03-23 09:42:54,486 - DEBUG - CaseID: 154 - actual_keys: {('device_control', '{"action": "turnoff", "entity": "REFRIGERATOR", "function_option": "COSMETIC"}')}
2026-03-23 09:42:54,486 - DEBUG - CaseID: 155 - parse_multi_results输入 - name_str: 'device_control', args_str: '{"action":"turnoff","function_option":"COSMETIC","entity":"REFRIGERATOR"}'
2026-03-23 09:42:54,486 - DEBUG - CaseID: 155 - parse_multi_results输出: [{'name': 'device_control', 'args': {'action': 'turnoff', 'entity': 'REFRIGERATOR', 'function_option': 'COSMETIC'}}]
2026-03-23 09:42:54,486 - DEBUG - CaseID: 155 - parse_multi_results输入 - name_str: 'device_control', args_str: '{"action":"turnoff","function_option":"COSMETIC","entity":"REFRIGERATOR"}'
2026-03-23 09:42:54,486 - DEBUG - CaseID: 155 - parse_multi_results输出: [{'name': 'device_control', 'args': {'action': 'turnoff', 'entity': 'REFRIGERATOR', 'function_option': 'COSMETIC'}}]
2026-03-23 09:42:54,487 - DEBUG - CaseID: 155 - expected_results: [{'name': 'device_control', 'args': {'action': 'turnoff', 'entity': 'REFRIGERATOR', 'function_option': 'COSMETIC'}}]
2026-03-23 09:42:54,487 - DEBUG - CaseID: 155 - actual_results: [{'name': 'device_control', 'args': {'action': 'turnoff', 'entity': 'REFRIGERATOR', 'function_option': 'COSMETIC'}}]
2026-03-23 09:42:54,487 - DEBUG - CaseID: 155 - expected_keys: {('device_control', '{"action": "turnoff", "entity": "REFRIGERATOR", "function_option": "COSMETIC"}')}
2026-03-23 09:42:54,487 - DEBUG - CaseID: 155 - actual_keys: {('device_control', '{"action": "turnoff", "entity": "REFRIGERATOR", "function_option": "COSMETIC"}')}
2026-03-23 09:42:54,487 - DEBUG - CaseID: 156 - parse_multi_results输入 - name_str: 'device_control', args_str: '{"action":"turnoff","function_option":"COSMETIC","entity":"REFRIGERATOR"}'
2026-03-23 09:42:54,487 - DEBUG - CaseID: 156 - parse_multi_results输出: [{'name': 'device_control', 'args': {'action': 'turnoff', 'entity': 'REFRIGERATOR', 'function_option': 'COSMETIC'}}]
2026-03-23 09:42:54,487 - DEBUG - CaseID: 156 - parse_multi_results输入 - name_str: 'device_control', args_str: '{"action":"turnoff","function_option":"COSMETIC","entity":"REFRIGERATOR"}'
2026-03-23 09:42:54,487 - DEBUG - CaseID: 156 - parse_multi_results输出: [{'name': 'device_control', 'args': {'action': 'turnoff', 'entity': 'REFRIGERATOR', 'function_option': 'COSMETIC'}}]
2026-03-23 09:42:54,487 - DEBUG - CaseID: 156 - expected_results: [{'name': 'device_control', 'args': {'action': 'turnoff', 'entity': 'REFRIGERATOR', 'function_option': 'COSMETIC'}}]
2026-03-23 09:42:54,487 - DEBUG - CaseID: 156 - actual_results: [{'name': 'device_control', 'args': {'action': 'turnoff', 'entity': 'REFRIGERATOR', 'function_option': 'COSMETIC'}}]
2026-03-23 09:42:54,487 - DEBUG - CaseID: 156 - expected_keys: {('device_control', '{"action": "turnoff", "entity": "REFRIGERATOR", "function_option": "COSMETIC"}')}
2026-03-23 09:42:54,487 - DEBUG - CaseID: 156 - actual_keys: {('device_control', '{"action": "turnoff", "entity": "REFRIGERATOR", "function_option": "COSMETIC"}')}
2026-03-23 09:42:54,487 - DEBUG - CaseID: 157 - parse_multi_results输入 - name_str: 'device_control', args_str: '{"action":"turnoff","function_option":"COSMETIC","entity":"REFRIGERATOR"}'
2026-03-23 09:42:54,487 - DEBUG - CaseID: 157 - parse_multi_results输出: [{'name': 'device_control', 'args': {'action': 'turnoff', 'entity': 'REFRIGERATOR', 'function_option': 'COSMETIC'}}]
2026-03-23 09:42:54,487 - DEBUG - CaseID: 157 - parse_multi_results输入 - name_str: 'device_control', args_str: '{"action":"turnoff","function_option":"COSMETIC","entity":"REFRIGERATOR"}'
2026-03-23 09:42:54,487 - DEBUG - CaseID: 157 - parse_multi_results输出: [{'name': 'device_control', 'args': {'action': 'turnoff', 'entity': 'REFRIGERATOR', 'function_option': 'COSMETIC'}}]
2026-03-23 09:42:54,487 - DEBUG - CaseID: 157 - expected_results: [{'name': 'device_control', 'args': {'action': 'turnoff', 'entity': 'REFRIGERATOR', 'function_option': 'COSMETIC'}}]
2026-03-23 09:42:54,487 - DEBUG - CaseID: 157 - actual_results: [{'name': 'device_control', 'args': {'action': 'turnoff', 'entity': 'REFRIGERATOR', 'function_option': 'COSMETIC'}}]
2026-03-23 09:42:54,487 - DEBUG - CaseID: 157 - expected_keys: {('device_control', '{"action": "turnoff", "entity": "REFRIGERATOR", "function_option": "COSMETIC"}')}
2026-03-23 09:42:54,487 - DEBUG - CaseID: 157 - actual_keys: {('device_control', '{"action": "turnoff", "entity": "REFRIGERATOR", "function_option": "COSMETIC"}')}
2026-03-23 09:42:54,487 - DEBUG - CaseID: 158 - parse_multi_results输入 - name_str: 'device_control', args_str: '{"action":"turnoff","function_option":"COSMETIC","entity":"REFRIGERATOR"}'
2026-03-23 09:42:54,487 - DEBUG - CaseID: 158 - parse_multi_results输出: [{'name': 'device_control', 'args': {'action': 'turnoff', 'entity': 'REFRIGERATOR', 'function_option': 'COSMETIC'}}]
2026-03-23 09:42:54,487 - DEBUG - CaseID: 158 - parse_multi_results输入 - name_str: 'device_control', args_str: '{"action":"turnoff","function_option":"COSMETIC","entity":"REFRIGERATOR"}'
2026-03-23 09:42:54,487 - DEBUG - CaseID: 158 - parse_multi_results输出: [{'name': 'device_control', 'args': {'action': 'turnoff', 'entity': 'REFRIGERATOR', 'function_option': 'COSMETIC'}}]
2026-03-23 09:42:54,487 - DEBUG - CaseID: 158 - expected_results: [{'name': 'device_control', 'args': {'action': 'turnoff', 'entity': 'REFRIGERATOR', 'function_option': 'COSMETIC'}}]
2026-03-23 09:42:54,487 - DEBUG - CaseID: 158 - actual_results: [{'name': 'device_control', 'args': {'action': 'turnoff', 'entity': 'REFRIGERATOR', 'function_option': 'COSMETIC'}}]
2026-03-23 09:42:54,487 - DEBUG - CaseID: 158 - expected_keys: {('device_control', '{"action": "turnoff", "entity": "REFRIGERATOR", "function_option": "COSMETIC"}')}
2026-03-23 09:42:54,487 - DEBUG - CaseID: 158 - actual_keys: {('device_control', '{"action": "turnoff", "entity": "REFRIGERATOR", "function_option": "COSMETIC"}')}
2026-03-23 09:42:54,487 - DEBUG - CaseID: 159 - parse_multi_results输入 - name_str: 'device_control', args_str: '{"action":"turnoff","function_option":"COSMETIC","entity":"REFRIGERATOR"}'
2026-03-23 09:42:54,487 - DEBUG - CaseID: 159 - parse_multi_results输出: [{'name': 'device_control', 'args': {'action': 'turnoff', 'entity': 'REFRIGERATOR', 'function_option': 'COSMETIC'}}]
2026-03-23 09:42:54,487 - DEBUG - CaseID: 159 - parse_multi_results输入 - name_str: 'device_control', args_str: '{"action":"turnoff","function_option":"COSMETIC","entity":"REFRIGERATOR"}'
2026-03-23 09:42:54,487 - DEBUG - CaseID: 159 - parse_multi_results输出: [{'name': 'device_control', 'args': {'action': 'turnoff', 'entity': 'REFRIGERATOR', 'function_option': 'COSMETIC'}}]
2026-03-23 09:42:54,487 - DEBUG - CaseID: 159 - expected_results: [{'name': 'device_control', 'args': {'action': 'turnoff', 'entity': 'REFRIGERATOR', 'function_option': 'COSMETIC'}}]
2026-03-23 09:42:54,488 - DEBUG - CaseID: 159 - actual_results: [{'name': 'device_control', 'args': {'action': 'turnoff', 'entity': 'REFRIGERATOR', 'function_option': 'COSMETIC'}}]
2026-03-23 09:42:54,488 - DEBUG - CaseID: 159 - expected_keys: {('device_control', '{"action": "turnoff", "entity": "REFRIGERATOR", "function_option": "COSMETIC"}')}
2026-03-23 09:42:54,488 - DEBUG - CaseID: 159 - actual_keys: {('device_control', '{"action": "turnoff", "entity": "REFRIGERATOR", "function_option": "COSMETIC"}')}
2026-03-23 09:42:54,488 - DEBUG - CaseID: 160 - parse_multi_results输入 - name_str: 'device_control', args_str: '{"action":"turnoff","function_option":"COSMETIC","entity":"REFRIGERATOR"}'
2026-03-23 09:42:54,488 - DEBUG - CaseID: 160 - parse_multi_results输出: [{'name': 'device_control', 'args': {'action': 'turnoff', 'entity': 'REFRIGERATOR', 'function_option': 'COSMETIC'}}]
2026-03-23 09:42:54,488 - DEBUG - CaseID: 160 - parse_multi_results输入 - name_str: 'device_control', args_str: '{"action":"turnoff","function_option":"COSMETIC","entity":"REFRIGERATOR"}'
2026-03-23 09:42:54,488 - DEBUG - CaseID: 160 - parse_multi_results输出: [{'name': 'device_control', 'args': {'action': 'turnoff', 'entity': 'REFRIGERATOR', 'function_option': 'COSMETIC'}}]
2026-03-23 09:42:54,488 - DEBUG - CaseID: 160 - expected_results: [{'name': 'device_control', 'args': {'action': 'turnoff', 'entity': 'REFRIGERATOR', 'function_option': 'COSMETIC'}}]
2026-03-23 09:42:54,488 - DEBUG - CaseID: 160 - actual_results: [{'name': 'device_control', 'args': {'action': 'turnoff', 'entity': 'REFRIGERATOR', 'function_option': 'COSMETIC'}}]
2026-03-23 09:42:54,488 - DEBUG - CaseID: 160 - expected_keys: {('device_control', '{"action": "turnoff", "entity": "REFRIGERATOR", "function_option": "COSMETIC"}')}
2026-03-23 09:42:54,488 - DEBUG - CaseID: 160 - actual_keys: {('device_control', '{"action": "turnoff", "entity": "REFRIGERATOR", "function_option": "COSMETIC"}')}
2026-03-23 09:42:54,488 - DEBUG - CaseID: 161 - parse_multi_results输入 - name_str: 'device_control', args_str: '{"action":"turnoff","function_option":"COSMETIC","entity":"REFRIGERATOR"}'
2026-03-23 09:42:54,488 - DEBUG - CaseID: 161 - parse_multi_results输出: [{'name': 'device_control', 'args': {'action': 'turnoff', 'entity': 'REFRIGERATOR', 'function_option': 'COSMETIC'}}]
2026-03-23 09:42:54,488 - DEBUG - CaseID: 161 - parse_multi_results输入 - name_str: 'device_control', args_str: '{"action":"turnoff","function_option":"COSMETIC","entity":"REFRIGERATOR"}'
2026-03-23 09:42:54,488 - DEBUG - CaseID: 161 - parse_multi_results输出: [{'name': 'device_control', 'args': {'action': 'turnoff', 'entity': 'REFRIGERATOR', 'function_option': 'COSMETIC'}}]
2026-03-23 09:42:54,488 - DEBUG - CaseID: 161 - expected_results: [{'name': 'device_control', 'args': {'action': 'turnoff', 'entity': 'REFRIGERATOR', 'function_option': 'COSMETIC'}}]
2026-03-23 09:42:54,488 - DEBUG - CaseID: 161 - actual_results: [{'name': 'device_control', 'args': {'action': 'turnoff', 'entity': 'REFRIGERATOR', 'function_option': 'COSMETIC'}}]
2026-03-23 09:42:54,488 - DEBUG - CaseID: 161 - expected_keys: {('device_control', '{"action": "turnoff", "entity": "REFRIGERATOR", "function_option": "COSMETIC"}')}
2026-03-23 09:42:54,488 - DEBUG - CaseID: 161 - actual_keys: {('device_control', '{"action": "turnoff", "entity": "REFRIGERATOR", "function_option": "COSMETIC"}')}
2026-03-23 09:42:54,488 - DEBUG - CaseID: 162 - parse_multi_results输入 - name_str: 'device_control', args_str: '{"action":"turnoff","function_option":"COSMETIC","entity":"REFRIGERATOR"}'
2026-03-23 09:42:54,488 - DEBUG - CaseID: 162 - parse_multi_results输出: [{'name': 'device_control', 'args': {'action': 'turnoff', 'entity': 'REFRIGERATOR', 'function_option': 'COSMETIC'}}]
2026-03-23 09:42:54,488 - DEBUG - CaseID: 162 - parse_multi_results输入 - name_str: 'device_control', args_str: '{"action":"turnoff","function_option":"COSMETIC","entity":"REFRIGERATOR"}'
2026-03-23 09:42:54,488 - DEBUG - CaseID: 162 - parse_multi_results输出: [{'name': 'device_control', 'args': {'action': 'turnoff', 'entity': 'REFRIGERATOR', 'function_option': 'COSMETIC'}}]
2026-03-23 09:42:54,488 - DEBUG - CaseID: 162 - expected_results: [{'name': 'device_control', 'args': {'action': 'turnoff', 'entity': 'REFRIGERATOR', 'function_option': 'COSMETIC'}}]
2026-03-23 09:42:54,488 - DEBUG - CaseID: 162 - actual_results: [{'name': 'device_control', 'args': {'action': 'turnoff', 'entity': 'REFRIGERATOR', 'function_option': 'COSMETIC'}}]
2026-03-23 09:42:54,488 - DEBUG - CaseID: 162 - expected_keys: {('device_control', '{"action": "turnoff", "entity": "REFRIGERATOR", "function_option": "COSMETIC"}')}
2026-03-23 09:42:54,488 - DEBUG - CaseID: 162 - actual_keys: {('device_control', '{"action": "turnoff", "entity": "REFRIGERATOR", "function_option": "COSMETIC"}')}
2026-03-23 09:42:54,488 - DEBUG - CaseID: 163 - parse_multi_results输入 - name_str: 'device_control', args_str: '{"action":"turnoff","function_option":"COSMETIC","entity":"REFRIGERATOR"}'
2026-03-23 09:42:54,488 - DEBUG - CaseID: 163 - parse_multi_results输出: [{'name': 'device_control', 'args': {'action': 'turnoff', 'entity': 'REFRIGERATOR', 'function_option': 'COSMETIC'}}]
2026-03-23 09:42:54,488 - DEBUG - CaseID: 163 - parse_multi_results输入 - name_str: 'device_control', args_str: '{"action":"turnoff","function_option":"COSMETIC","entity":"REFRIGERATOR"}'
2026-03-23 09:42:54,488 - DEBUG - CaseID: 163 - parse_multi_results输出: [{'name': 'device_control', 'args': {'action': 'turnoff', 'entity': 'REFRIGERATOR', 'function_option': 'COSMETIC'}}]
2026-03-23 09:42:54,488 - DEBUG - CaseID: 163 - expected_results: [{'name': 'device_control', 'args': {'action': 'turnoff', 'entity': 'REFRIGERATOR', 'function_option': 'COSMETIC'}}]
2026-03-23 09:42:54,488 - DEBUG - CaseID: 163 - actual_results: [{'name': 'device_control', 'args': {'action': 'turnoff', 'entity': 'REFRIGERATOR', 'function_option': 'COSMETIC'}}]
2026-03-23 09:42:54,489 - DEBUG - CaseID: 163 - expected_keys: {('device_control', '{"action": "turnoff", "entity": "REFRIGERATOR", "function_option": "COSMETIC"}')}
2026-03-23 09:42:54,489 - DEBUG - CaseID: 163 - actual_keys: {('device_control', '{"action": "turnoff", "entity": "REFRIGERATOR", "function_option": "COSMETIC"}')}
2026-03-23 09:42:54,489 - DEBUG - CaseID: 164 - parse_multi_results输入 - name_str: 'device_control', args_str: '{"action":"turnoff","function_option":"COSMETIC","entity":"REFRIGERATOR"}'
2026-03-23 09:42:54,489 - DEBUG - CaseID: 164 - parse_multi_results输出: [{'name': 'device_control', 'args': {'action': 'turnoff', 'entity': 'REFRIGERATOR', 'function_option': 'COSMETIC'}}]
2026-03-23 09:42:54,489 - DEBUG - CaseID: 164 - parse_multi_results输入 - name_str: 'device_control', args_str: '{"action":"turnoff","function_option":"COSMETIC","entity":"REFRIGERATOR"}'
2026-03-23 09:42:54,489 - DEBUG - CaseID: 164 - parse_multi_results输出: [{'name': 'device_control', 'args': {'action': 'turnoff', 'entity': 'REFRIGERATOR', 'function_option': 'COSMETIC'}}]
2026-03-23 09:42:54,489 - DEBUG - CaseID: 164 - expected_results: [{'name': 'device_control', 'args': {'action': 'turnoff', 'entity': 'REFRIGERATOR', 'function_option': 'COSMETIC'}}]
2026-03-23 09:42:54,489 - DEBUG - CaseID: 164 - actual_results: [{'name': 'device_control', 'args': {'action': 'turnoff', 'entity': 'REFRIGERATOR', 'function_option': 'COSMETIC'}}]
2026-03-23 09:42:54,489 - DEBUG - CaseID: 164 - expected_keys: {('device_control', '{"action": "turnoff", "entity": "REFRIGERATOR", "function_option": "COSMETIC"}')}
2026-03-23 09:42:54,489 - DEBUG - CaseID: 164 - actual_keys: {('device_control', '{"action": "turnoff", "entity": "REFRIGERATOR", "function_option": "COSMETIC"}')}
2026-03-23 09:42:54,489 - DEBUG - CaseID: 165 - parse_multi_results输入 - name_str: 'device_control', args_str: '{"action":"turnoff","function_option":"COSMETIC","entity":"REFRIGERATOR"}'
2026-03-23 09:42:54,489 - DEBUG - CaseID: 165 - parse_multi_results输出: [{'name': 'device_control', 'args': {'action': 'turnoff', 'entity': 'REFRIGERATOR', 'function_option': 'COSMETIC'}}]
2026-03-23 09:42:54,489 - DEBUG - CaseID: 165 - parse_multi_results输入 - name_str: 'device_control', args_str: '{"action":"turnoff","function_option":"COSMETIC","entity":"REFRIGERATOR"}'
2026-03-23 09:42:54,489 - DEBUG - CaseID: 165 - parse_multi_results输出: [{'name': 'device_control', 'args': {'action': 'turnoff', 'entity': 'REFRIGERATOR', 'function_option': 'COSMETIC'}}]
2026-03-23 09:42:54,489 - DEBUG - CaseID: 165 - expected_results: [{'name': 'device_control', 'args': {'action': 'turnoff', 'entity': 'REFRIGERATOR', 'function_option': 'COSMETIC'}}]
2026-03-23 09:42:54,489 - DEBUG - CaseID: 165 - actual_results: [{'name': 'device_control', 'args': {'action': 'turnoff', 'entity': 'REFRIGERATOR', 'function_option': 'COSMETIC'}}]
2026-03-23 09:42:54,489 - DEBUG - CaseID: 165 - expected_keys: {('device_control', '{"action": "turnoff", "entity": "REFRIGERATOR", "function_option": "COSMETIC"}')}
2026-03-23 09:42:54,489 - DEBUG - CaseID: 165 - actual_keys: {('device_control', '{"action": "turnoff", "entity": "REFRIGERATOR", "function_option": "COSMETIC"}')}
2026-03-23 09:42:54,489 - DEBUG - CaseID: 166 - parse_multi_results输入 - name_str: 'device_control', args_str: '{"action":"turnoff","function_option":"COSMETIC","entity":"REFRIGERATOR"}'
2026-03-23 09:42:54,489 - DEBUG - CaseID: 166 - parse_multi_results输出: [{'name': 'device_control', 'args': {'action': 'turnoff', 'entity': 'REFRIGERATOR', 'function_option': 'COSMETIC'}}]
2026-03-23 09:42:54,489 - DEBUG - CaseID: 166 - parse_multi_results输入 - name_str: 'device_control', args_str: '{"action":"turnoff","function_option":"COSMETIC","entity":"REFRIGERATOR"}'
2026-03-23 09:42:54,489 - DEBUG - CaseID: 166 - parse_multi_results输出: [{'name': 'device_control', 'args': {'action': 'turnoff', 'entity': 'REFRIGERATOR', 'function_option': 'COSMETIC'}}]
2026-03-23 09:42:54,489 - DEBUG - CaseID: 166 - expected_results: [{'name': 'device_control', 'args': {'action': 'turnoff', 'entity': 'REFRIGERATOR', 'function_option': 'COSMETIC'}}]
2026-03-23 09:42:54,489 - DEBUG - CaseID: 166 - actual_results: [{'name': 'device_control', 'args': {'action': 'turnoff', 'entity': 'REFRIGERATOR', 'function_option': 'COSMETIC'}}]
2026-03-23 09:42:54,489 - DEBUG - CaseID: 166 - expected_keys: {('device_control', '{"action": "turnoff", "entity": "REFRIGERATOR", "function_option": "COSMETIC"}')}
2026-03-23 09:42:54,489 - DEBUG - CaseID: 166 - actual_keys: {('device_control', '{"action": "turnoff", "entity": "REFRIGERATOR", "function_option": "COSMETIC"}')}
2026-03-23 09:42:54,489 - DEBUG - CaseID: 167 - parse_multi_results输入 - name_str: 'device_control', args_str: '{"action":"turnoff","function_option":"COSMETIC","entity":"REFRIGERATOR"}'
2026-03-23 09:42:54,489 - DEBUG - CaseID: 167 - parse_multi_results输出: [{'name': 'device_control', 'args': {'action': 'turnoff', 'entity': 'REFRIGERATOR', 'function_option': 'COSMETIC'}}]
2026-03-23 09:42:54,489 - DEBUG - CaseID: 167 - parse_multi_results输入 - name_str: 'device_control', args_str: '{"action":"turnoff","function_option":"COSMETIC","entity":"REFRIGERATOR"}'
2026-03-23 09:42:54,489 - DEBUG - CaseID: 167 - parse_multi_results输出: [{'name': 'device_control', 'args': {'action': 'turnoff', 'entity': 'REFRIGERATOR', 'function_option': 'COSMETIC'}}]
2026-03-23 09:42:54,489 - DEBUG - CaseID: 167 - expected_results: [{'name': 'device_control', 'args': {'action': 'turnoff', 'entity': 'REFRIGERATOR', 'function_option': 'COSMETIC'}}]
2026-03-23 09:42:54,489 - DEBUG - CaseID: 167 - actual_results: [{'name': 'device_control', 'args': {'action': 'turnoff', 'entity': 'REFRIGERATOR', 'function_option': 'COSMETIC'}}]
2026-03-23 09:42:54,489 - DEBUG - CaseID: 167 - expected_keys: {('device_control', '{"action": "turnoff", "entity": "REFRIGERATOR", "function_option": "COSMETIC"}')}
2026-03-23 09:42:54,489 - DEBUG - CaseID: 167 - actual_keys: {('device_control', '{"action": "turnoff", "entity": "REFRIGERATOR", "function_option": "COSMETIC"}')}
2026-03-23 09:42:54,489 - DEBUG - CaseID: 168 - parse_multi_results输入 - name_str: 'device_control', args_str: '{"action":"turnoff","function_option":"COSMETIC","entity":"REFRIGERATOR"}'
2026-03-23 09:42:54,490 - DEBUG - CaseID: 168 - parse_multi_results输出: [{'name': 'device_control', 'args': {'action': 'turnoff', 'entity': 'REFRIGERATOR', 'function_option': 'COSMETIC'}}]
2026-03-23 09:42:54,490 - DEBUG - CaseID: 168 - parse_multi_results输入 - name_str: 'device_control', args_str: '{"action":"turnoff","function_option":"COSMETIC","entity":"REFRIGERATOR"}'
2026-03-23 09:42:54,490 - DEBUG - CaseID: 168 - parse_multi_results输出: [{'name': 'device_control', 'args': {'action': 'turnoff', 'entity': 'REFRIGERATOR', 'function_option': 'COSMETIC'}}]
2026-03-23 09:42:54,490 - DEBUG - CaseID: 168 - expected_results: [{'name': 'device_control', 'args': {'action': 'turnoff', 'entity': 'REFRIGERATOR', 'function_option': 'COSMETIC'}}]
2026-03-23 09:42:54,490 - DEBUG - CaseID: 168 - actual_results: [{'name': 'device_control', 'args': {'action': 'turnoff', 'entity': 'REFRIGERATOR', 'function_option': 'COSMETIC'}}]
2026-03-23 09:42:54,490 - DEBUG - CaseID: 168 - expected_keys: {('device_control', '{"action": "turnoff", "entity": "REFRIGERATOR", "function_option": "COSMETIC"}')}
2026-03-23 09:42:54,490 - DEBUG - CaseID: 168 - actual_keys: {('device_control', '{"action": "turnoff", "entity": "REFRIGERATOR", "function_option": "COSMETIC"}')}
2026-03-23 09:42:54,490 - DEBUG - CaseID: 169 - parse_multi_results输入 - name_str: 'device_control', args_str: '{"action":"turnoff","function_option":"COSMETIC","entity":"REFRIGERATOR"}'
2026-03-23 09:42:54,490 - DEBUG - CaseID: 169 - parse_multi_results输出: [{'name': 'device_control', 'args': {'action': 'turnoff', 'entity': 'REFRIGERATOR', 'function_option': 'COSMETIC'}}]
2026-03-23 09:42:54,490 - DEBUG - CaseID: 169 - parse_multi_results输入 - name_str: 'device_control', args_str: '{"action":"turnoff","function_option":"COSMETIC","entity":"REFRIGERATOR"}'
2026-03-23 09:42:54,490 - DEBUG - CaseID: 169 - parse_multi_results输出: [{'name': 'device_control', 'args': {'action': 'turnoff', 'entity': 'REFRIGERATOR', 'function_option': 'COSMETIC'}}]
2026-03-23 09:42:54,490 - DEBUG - CaseID: 169 - expected_results: [{'name': 'device_control', 'args': {'action': 'turnoff', 'entity': 'REFRIGERATOR', 'function_option': 'COSMETIC'}}]
2026-03-23 09:42:54,490 - DEBUG - CaseID: 169 - actual_results: [{'name': 'device_control', 'args': {'action': 'turnoff', 'entity': 'REFRIGERATOR', 'function_option': 'COSMETIC'}}]
2026-03-23 09:42:54,490 - DEBUG - CaseID: 169 - expected_keys: {('device_control', '{"action": "turnoff", "entity": "REFRIGERATOR", "function_option": "COSMETIC"}')}
2026-03-23 09:42:54,490 - DEBUG - CaseID: 169 - actual_keys: {('device_control', '{"action": "turnoff", "entity": "REFRIGERATOR", "function_option": "COSMETIC"}')}
2026-03-23 09:42:54,490 - DEBUG - CaseID: 170 - parse_multi_results输入 - name_str: 'device_control', args_str: '{"action":"turnoff","function_option":"COSMETIC","entity":"REFRIGERATOR"}'
2026-03-23 09:42:54,490 - DEBUG - CaseID: 170 - parse_multi_results输出: [{'name': 'device_control', 'args': {'action': 'turnoff', 'entity': 'REFRIGERATOR', 'function_option': 'COSMETIC'}}]
2026-03-23 09:42:54,490 - DEBUG - CaseID: 170 - parse_multi_results输入 - name_str: 'device_control', args_str: '{"action":"turnoff","function_option":"COSMETIC","entity":"REFRIGERATOR"}'
2026-03-23 09:42:54,490 - DEBUG - CaseID: 170 - parse_multi_results输出: [{'name': 'device_control', 'args': {'action': 'turnoff', 'entity': 'REFRIGERATOR', 'function_option': 'COSMETIC'}}]
2026-03-23 09:42:54,490 - DEBUG - CaseID: 170 - expected_results: [{'name': 'device_control', 'args': {'action': 'turnoff', 'entity': 'REFRIGERATOR', 'function_option': 'COSMETIC'}}]
2026-03-23 09:42:54,490 - DEBUG - CaseID: 170 - actual_results: [{'name': 'device_control', 'args': {'action': 'turnoff', 'entity': 'REFRIGERATOR', 'function_option': 'COSMETIC'}}]
2026-03-23 09:42:54,490 - DEBUG - CaseID: 170 - expected_keys: {('device_control', '{"action": "turnoff", "entity": "REFRIGERATOR", "function_option": "COSMETIC"}')}
2026-03-23 09:42:54,490 - DEBUG - CaseID: 170 - actual_keys: {('device_control', '{"action": "turnoff", "entity": "REFRIGERATOR", "function_option": "COSMETIC"}')}
2026-03-23 09:42:54,490 - DEBUG - CaseID: 171 - parse_multi_results输入 - name_str: 'device_control', args_str: '{"action":"turnoff","function_option":"COSMETIC","entity":"REFRIGERATOR"}'
2026-03-23 09:42:54,490 - DEBUG - CaseID: 171 - parse_multi_results输出: [{'name': 'device_control', 'args': {'action': 'turnoff', 'entity': 'REFRIGERATOR', 'function_option': 'COSMETIC'}}]
2026-03-23 09:42:54,490 - DEBUG - CaseID: 171 - parse_multi_results输入 - name_str: 'device_control', args_str: '{"action":"turnoff","entity":"REFRIGERATOR"}'
2026-03-23 09:42:54,490 - DEBUG - CaseID: 171 - parse_multi_results输出: [{'name': 'device_control', 'args': {'action': 'turnoff', 'entity': 'REFRIGERATOR'}}]
2026-03-23 09:42:54,490 - DEBUG - CaseID: 171 - expected_results: [{'name': 'device_control', 'args': {'action': 'turnoff', 'entity': 'REFRIGERATOR', 'function_option': 'COSMETIC'}}]
2026-03-23 09:42:54,490 - DEBUG - CaseID: 171 - actual_results: [{'name': 'device_control', 'args': {'action': 'turnoff', 'entity': 'REFRIGERATOR'}}]
2026-03-23 09:42:54,490 - DEBUG - CaseID: 171 - expected_keys: {('device_control', '{"action": "turnoff", "entity": "REFRIGERATOR", "function_option": "COSMETIC"}')}
2026-03-23 09:42:54,491 - DEBUG - CaseID: 171 - actual_keys: {('device_control', '{"action": "turnoff", "entity": "REFRIGERATOR"}')}
2026-03-23 09:42:54,491 - ERROR - CaseID: 171
实际结果缺少以下预期项：
  名称: device_control, 参数: {"action": "turnoff", "entity": "REFRIGERATOR", "function_option": "COSMETIC"}
实际结果多出以下非预期项：
  名称: device_control, 参数: {"action": "turnoff", "entity": "REFRIGERATOR"}
2026-03-23 09:42:54,491 - DEBUG - CaseID: 172 - parse_multi_results输入 - name_str: 'device_control', args_str: '{"action":"turnoff","function_option":"COSMETIC","entity":"REFRIGERATOR"}'
2026-03-23 09:42:54,491 - DEBUG - CaseID: 172 - parse_multi_results输出: [{'name': 'device_control', 'args': {'action': 'turnoff', 'entity': 'REFRIGERATOR', 'function_option': 'COSMETIC'}}]
2026-03-23 09:42:54,491 - DEBUG - CaseID: 172 - parse_multi_results输入 - name_str: 'device_control', args_str: '{"action":"turnoff","function_option":"REFRIGERATION","entity":"REFRIGERATOR"}'
2026-03-23 09:42:54,491 - DEBUG - CaseID: 172 - parse_multi_results输出: [{'name': 'device_control', 'args': {'action': 'turnoff', 'entity': 'REFRIGERATOR', 'function_option': 'REFRIGERATION'}}]
2026-03-23 09:42:54,491 - DEBUG - CaseID: 172 - expected_results: [{'name': 'device_control', 'args': {'action': 'turnoff', 'entity': 'REFRIGERATOR', 'function_option': 'COSMETIC'}}]
2026-03-23 09:42:54,491 - DEBUG - CaseID: 172 - actual_results: [{'name': 'device_control', 'args': {'action': 'turnoff', 'entity': 'REFRIGERATOR', 'function_option': 'REFRIGERATION'}}]
2026-03-23 09:42:54,491 - DEBUG - CaseID: 172 - expected_keys: {('device_control', '{"action": "turnoff", "entity": "REFRIGERATOR", "function_option": "COSMETIC"}')}
2026-03-23 09:42:54,491 - DEBUG - CaseID: 172 - actual_keys: {('device_control', '{"action": "turnoff", "entity": "REFRIGERATOR", "function_option": "REFRIGERATION"}')}
2026-03-23 09:42:54,491 - ERROR - CaseID: 172
实际结果缺少以下预期项：
  名称: device_control, 参数: {"action": "turnoff", "entity": "REFRIGERATOR", "function_option": "COSMETIC"}
实际结果多出以下非预期项：
  名称: device_control, 参数: {"action": "turnoff", "entity": "REFRIGERATOR", "function_option": "REFRIGERATION"}
2026-03-23 09:42:54,491 - DEBUG - CaseID: 173 - parse_multi_results输入 - name_str: 'device_control', args_str: '{"action":"turnon","function_option":"WARM_MILK","entity":"REFRIGERATOR"}'
2026-03-23 09:42:54,491 - DEBUG - CaseID: 173 - parse_multi_results输出: [{'name': 'device_control', 'args': {'action': 'turnon', 'entity': 'REFRIGERATOR', 'function_option': 'WARM_MILK'}}]
2026-03-23 09:42:54,491 - DEBUG - CaseID: 173 - parse_multi_results输入 - name_str: 'device_control', args_str: '{"action":"turnon","function_option":"WARM_MILK","entity":"REFRIGERATOR"}'
2026-03-23 09:42:54,491 - DEBUG - CaseID: 173 - parse_multi_results输出: [{'name': 'device_control', 'args': {'action': 'turnon', 'entity': 'REFRIGERATOR', 'function_option': 'WARM_MILK'}}]
2026-03-23 09:42:54,491 - DEBUG - CaseID: 173 - expected_results: [{'name': 'device_control', 'args': {'action': 'turnon', 'entity': 'REFRIGERATOR', 'function_option': 'WARM_MILK'}}]
2026-03-23 09:42:54,491 - DEBUG - CaseID: 173 - actual_results: [{'name': 'device_control', 'args': {'action': 'turnon', 'entity': 'REFRIGERATOR', 'function_option': 'WARM_MILK'}}]
2026-03-23 09:42:54,491 - DEBUG - CaseID: 173 - expected_keys: {('device_control', '{"action": "turnon", "entity": "REFRIGERATOR", "function_option": "WARM_MILK"}')}
2026-03-23 09:42:54,491 - DEBUG - CaseID: 173 - actual_keys: {('device_control', '{"action": "turnon", "entity": "REFRIGERATOR", "function_option": "WARM_MILK"}')}
2026-03-23 09:42:54,491 - DEBUG - CaseID: 174 - parse_multi_results输入 - name_str: 'device_control', args_str: '{"action":"turnon","function_option":"WARM_MILK","entity":"REFRIGERATOR"}'
2026-03-23 09:42:54,491 - DEBUG - CaseID: 174 - parse_multi_results输出: [{'name': 'device_control', 'args': {'action': 'turnon', 'entity': 'REFRIGERATOR', 'function_option': 'WARM_MILK'}}]
2026-03-23 09:42:54,491 - DEBUG - CaseID: 174 - parse_multi_results输入 - name_str: 'device_control', args_str: '{"action":"turnon","function_option":"WARM_MILK","entity":"REFRIGERATOR"}'
2026-03-23 09:42:54,491 - DEBUG - CaseID: 174 - parse_multi_results输出: [{'name': 'device_control', 'args': {'action': 'turnon', 'entity': 'REFRIGERATOR', 'function_option': 'WARM_MILK'}}]
2026-03-23 09:42:54,491 - DEBUG - CaseID: 174 - expected_results: [{'name': 'device_control', 'args': {'action': 'turnon', 'entity': 'REFRIGERATOR', 'function_option': 'WARM_MILK'}}]
2026-03-23 09:42:54,491 - DEBUG - CaseID: 174 - actual_results: [{'name': 'device_control', 'args': {'action': 'turnon', 'entity': 'REFRIGERATOR', 'function_option': 'WARM_MILK'}}]
2026-03-23 09:42:54,491 - DEBUG - CaseID: 174 - expected_keys: {('device_control', '{"action": "turnon", "entity": "REFRIGERATOR", "function_option": "WARM_MILK"}')}
2026-03-23 09:42:54,491 - DEBUG - CaseID: 174 - actual_keys: {('device_control', '{"action": "turnon", "entity": "REFRIGERATOR", "function_option": "WARM_MILK"}')}
2026-03-23 09:42:54,491 - DEBUG - CaseID: 175 - parse_multi_results输入 - name_str: 'device_control', args_str: '{"action":"turnon","function_option":"WARM_MILK","entity":"REFRIGERATOR"}'
2026-03-23 09:42:54,491 - DEBUG - CaseID: 175 - parse_multi_results输出: [{'name': 'device_control', 'args': {'action': 'turnon', 'entity': 'REFRIGERATOR', 'function_option': 'WARM_MILK'}}]
2026-03-23 09:42:54,491 - DEBUG - CaseID: 175 - parse_multi_results输入 - name_str: 'device_control', args_str: '{"action":"turnon","function_option":"WARM_MILK","entity":"REFRIGERATOR"}'
2026-03-23 09:42:54,491 - DEBUG - CaseID: 175 - parse_multi_results输出: [{'name': 'device_control', 'args': {'action': 'turnon', 'entity': 'REFRIGERATOR', 'function_option': 'WARM_MILK'}}]
2026-03-23 09:42:54,492 - DEBUG - CaseID: 175 - expected_results: [{'name': 'device_control', 'args': {'action': 'turnon', 'entity': 'REFRIGERATOR', 'function_option': 'WARM_MILK'}}]
2026-03-23 09:42:54,492 - DEBUG - CaseID: 175 - actual_results: [{'name': 'device_control', 'args': {'action': 'turnon', 'entity': 'REFRIGERATOR', 'function_option': 'WARM_MILK'}}]
2026-03-23 09:42:54,492 - DEBUG - CaseID: 175 - expected_keys: {('device_control', '{"action": "turnon", "entity": "REFRIGERATOR", "function_option": "WARM_MILK"}')}
2026-03-23 09:42:54,492 - DEBUG - CaseID: 175 - actual_keys: {('device_control', '{"action": "turnon", "entity": "REFRIGERATOR", "function_option": "WARM_MILK"}')}
2026-03-23 09:42:54,492 - DEBUG - CaseID: 176 - parse_multi_results输入 - name_str: 'device_control', args_str: '{"action":"turnon","function_option":"WARM_MILK","entity":"REFRIGERATOR"}'
2026-03-23 09:42:54,492 - DEBUG - CaseID: 176 - parse_multi_results输出: [{'name': 'device_control', 'args': {'action': 'turnon', 'entity': 'REFRIGERATOR', 'function_option': 'WARM_MILK'}}]
2026-03-23 09:42:54,492 - DEBUG - CaseID: 176 - parse_multi_results输入 - name_str: 'device_control', args_str: '{"action":"turnon","function_option":"WARM_MILK","entity":"REFRIGERATOR"}'
2026-03-23 09:42:54,492 - DEBUG - CaseID: 176 - parse_multi_results输出: [{'name': 'device_control', 'args': {'action': 'turnon', 'entity': 'REFRIGERATOR', 'function_option': 'WARM_MILK'}}]
2026-03-23 09:42:54,492 - DEBUG - CaseID: 176 - expected_results: [{'name': 'device_control', 'args': {'action': 'turnon', 'entity': 'REFRIGERATOR', 'function_option': 'WARM_MILK'}}]
2026-03-23 09:42:54,492 - DEBUG - CaseID: 176 - actual_results: [{'name': 'device_control', 'args': {'action': 'turnon', 'entity': 'REFRIGERATOR', 'function_option': 'WARM_MILK'}}]
2026-03-23 09:42:54,492 - DEBUG - CaseID: 176 - expected_keys: {('device_control', '{"action": "turnon", "entity": "REFRIGERATOR", "function_option": "WARM_MILK"}')}
2026-03-23 09:42:54,492 - DEBUG - CaseID: 176 - actual_keys: {('device_control', '{"action": "turnon", "entity": "REFRIGERATOR", "function_option": "WARM_MILK"}')}
2026-03-23 09:42:54,492 - DEBUG - CaseID: 177 - parse_multi_results输入 - name_str: 'device_control', args_str: '{"action":"turnon","function_option":"WARM_MILK","entity":"REFRIGERATOR"}'
2026-03-23 09:42:54,492 - DEBUG - CaseID: 177 - parse_multi_results输出: [{'name': 'device_control', 'args': {'action': 'turnon', 'entity': 'REFRIGERATOR', 'function_option': 'WARM_MILK'}}]
2026-03-23 09:42:54,492 - DEBUG - CaseID: 177 - parse_multi_results输入 - name_str: 'device_control', args_str: '{"action":"turnon","function_option":"WARM_MILK","entity":"REFRIGERATOR"}'
2026-03-23 09:42:54,492 - DEBUG - CaseID: 177 - parse_multi_results输出: [{'name': 'device_control', 'args': {'action': 'turnon', 'entity': 'REFRIGERATOR', 'function_option': 'WARM_MILK'}}]
2026-03-23 09:42:54,492 - DEBUG - CaseID: 177 - expected_results: [{'name': 'device_control', 'args': {'action': 'turnon', 'entity': 'REFRIGERATOR', 'function_option': 'WARM_MILK'}}]
2026-03-23 09:42:54,492 - DEBUG - CaseID: 177 - actual_results: [{'name': 'device_control', 'args': {'action': 'turnon', 'entity': 'REFRIGERATOR', 'function_option': 'WARM_MILK'}}]
2026-03-23 09:42:54,492 - DEBUG - CaseID: 177 - expected_keys: {('device_control', '{"action": "turnon", "entity": "REFRIGERATOR", "function_option": "WARM_MILK"}')}
2026-03-23 09:42:54,492 - DEBUG - CaseID: 177 - actual_keys: {('device_control', '{"action": "turnon", "entity": "REFRIGERATOR", "function_option": "WARM_MILK"}')}
2026-03-23 09:42:54,492 - DEBUG - CaseID: 178 - parse_multi_results输入 - name_str: 'device_control', args_str: '{"action":"turnon","function_option":"WARM_MILK","entity":"REFRIGERATOR"}'
2026-03-23 09:42:54,492 - DEBUG - CaseID: 178 - parse_multi_results输出: [{'name': 'device_control', 'args': {'action': 'turnon', 'entity': 'REFRIGERATOR', 'function_option': 'WARM_MILK'}}]
2026-03-23 09:42:54,492 - DEBUG - CaseID: 178 - parse_multi_results输入 - name_str: 'device_control', args_str: '{"action":"turnon","function_option":"WARM_MILK","entity":"REFRIGERATOR"}'
2026-03-23 09:42:54,492 - DEBUG - CaseID: 178 - parse_multi_results输出: [{'name': 'device_control', 'args': {'action': 'turnon', 'entity': 'REFRIGERATOR', 'function_option': 'WARM_MILK'}}]
2026-03-23 09:42:54,492 - DEBUG - CaseID: 178 - expected_results: [{'name': 'device_control', 'args': {'action': 'turnon', 'entity': 'REFRIGERATOR', 'function_option': 'WARM_MILK'}}]
2026-03-23 09:42:54,492 - DEBUG - CaseID: 178 - actual_results: [{'name': 'device_control', 'args': {'action': 'turnon', 'entity': 'REFRIGERATOR', 'function_option': 'WARM_MILK'}}]
2026-03-23 09:42:54,492 - DEBUG - CaseID: 178 - expected_keys: {('device_control', '{"action": "turnon", "entity": "REFRIGERATOR", "function_option": "WARM_MILK"}')}
2026-03-23 09:42:54,492 - DEBUG - CaseID: 178 - actual_keys: {('device_control', '{"action": "turnon", "entity": "REFRIGERATOR", "function_option": "WARM_MILK"}')}
2026-03-23 09:42:54,492 - DEBUG - CaseID: 179 - parse_multi_results输入 - name_str: 'device_control', args_str: '{"action":"turnon","function_option":"WARM_MILK","entity":"REFRIGERATOR"}'
2026-03-23 09:42:54,492 - DEBUG - CaseID: 179 - parse_multi_results输出: [{'name': 'device_control', 'args': {'action': 'turnon', 'entity': 'REFRIGERATOR', 'function_option': 'WARM_MILK'}}]
2026-03-23 09:42:54,492 - DEBUG - CaseID: 179 - parse_multi_results输入 - name_str: 'device_control', args_str: '{"action":"turnon","function_option":"WARM_MILK","entity":"REFRIGERATOR"}'
2026-03-23 09:42:54,492 - DEBUG - CaseID: 179 - parse_multi_results输出: [{'name': 'device_control', 'args': {'action': 'turnon', 'entity': 'REFRIGERATOR', 'function_option': 'WARM_MILK'}}]
2026-03-23 09:42:54,492 - DEBUG - CaseID: 179 - expected_results: [{'name': 'device_control', 'args': {'action': 'turnon', 'entity': 'REFRIGERATOR', 'function_option': 'WARM_MILK'}}]
2026-03-23 09:42:54,493 - DEBUG - CaseID: 179 - actual_results: [{'name': 'device_control', 'args': {'action': 'turnon', 'entity': 'REFRIGERATOR', 'function_option': 'WARM_MILK'}}]
2026-03-23 09:42:54,493 - DEBUG - CaseID: 179 - expected_keys: {('device_control', '{"action": "turnon", "entity": "REFRIGERATOR", "function_option": "WARM_MILK"}')}
2026-03-23 09:42:54,493 - DEBUG - CaseID: 179 - actual_keys: {('device_control', '{"action": "turnon", "entity": "REFRIGERATOR", "function_option": "WARM_MILK"}')}
2026-03-23 09:42:54,493 - DEBUG - CaseID: 180 - parse_multi_results输入 - name_str: 'device_control', args_str: '{"action":"turnon","function_option":"WARM_MILK","entity":"REFRIGERATOR"}'
2026-03-23 09:42:54,493 - DEBUG - CaseID: 180 - parse_multi_results输出: [{'name': 'device_control', 'args': {'action': 'turnon', 'entity': 'REFRIGERATOR', 'function_option': 'WARM_MILK'}}]
2026-03-23 09:42:54,493 - DEBUG - CaseID: 180 - parse_multi_results输入 - name_str: 'device_control', args_str: '{"action":"turnon","function_option":"WARM_MILK","entity":"REFRIGERATOR"}'
2026-03-23 09:42:54,493 - DEBUG - CaseID: 180 - parse_multi_results输出: [{'name': 'device_control', 'args': {'action': 'turnon', 'entity': 'REFRIGERATOR', 'function_option': 'WARM_MILK'}}]
2026-03-23 09:42:54,493 - DEBUG - CaseID: 180 - expected_results: [{'name': 'device_control', 'args': {'action': 'turnon', 'entity': 'REFRIGERATOR', 'function_option': 'WARM_MILK'}}]
2026-03-23 09:42:54,493 - DEBUG - CaseID: 180 - actual_results: [{'name': 'device_control', 'args': {'action': 'turnon', 'entity': 'REFRIGERATOR', 'function_option': 'WARM_MILK'}}]
2026-03-23 09:42:54,493 - DEBUG - CaseID: 180 - expected_keys: {('device_control', '{"action": "turnon", "entity": "REFRIGERATOR", "function_option": "WARM_MILK"}')}
2026-03-23 09:42:54,493 - DEBUG - CaseID: 180 - actual_keys: {('device_control', '{"action": "turnon", "entity": "REFRIGERATOR", "function_option": "WARM_MILK"}')}
2026-03-23 09:42:54,493 - DEBUG - CaseID: 181 - parse_multi_results输入 - name_str: 'device_control', args_str: '{"action":"turnon","function_option":"WARM_MILK","entity":"REFRIGERATOR"}'
2026-03-23 09:42:54,493 - DEBUG - CaseID: 181 - parse_multi_results输出: [{'name': 'device_control', 'args': {'action': 'turnon', 'entity': 'REFRIGERATOR', 'function_option': 'WARM_MILK'}}]
2026-03-23 09:42:54,493 - DEBUG - CaseID: 181 - parse_multi_results输入 - name_str: 'device_control', args_str: '{"action":"turnon","function_option":"WARM_MILK","entity":"REFRIGERATOR"}'
2026-03-23 09:42:54,493 - DEBUG - CaseID: 181 - parse_multi_results输出: [{'name': 'device_control', 'args': {'action': 'turnon', 'entity': 'REFRIGERATOR', 'function_option': 'WARM_MILK'}}]
2026-03-23 09:42:54,493 - DEBUG - CaseID: 181 - expected_results: [{'name': 'device_control', 'args': {'action': 'turnon', 'entity': 'REFRIGERATOR', 'function_option': 'WARM_MILK'}}]
2026-03-23 09:42:54,493 - DEBUG - CaseID: 181 - actual_results: [{'name': 'device_control', 'args': {'action': 'turnon', 'entity': 'REFRIGERATOR', 'function_option': 'WARM_MILK'}}]
2026-03-23 09:42:54,493 - DEBUG - CaseID: 181 - expected_keys: {('device_control', '{"action": "turnon", "entity": "REFRIGERATOR", "function_option": "WARM_MILK"}')}
2026-03-23 09:42:54,493 - DEBUG - CaseID: 181 - actual_keys: {('device_control', '{"action": "turnon", "entity": "REFRIGERATOR", "function_option": "WARM_MILK"}')}
2026-03-23 09:42:54,493 - DEBUG - CaseID: 182 - parse_multi_results输入 - name_str: 'device_control', args_str: '{"action":"turnon","function_option":"WARM_MILK","entity":"REFRIGERATOR"}'
2026-03-23 09:42:54,493 - DEBUG - CaseID: 182 - parse_multi_results输出: [{'name': 'device_control', 'args': {'action': 'turnon', 'entity': 'REFRIGERATOR', 'function_option': 'WARM_MILK'}}]
2026-03-23 09:42:54,493 - DEBUG - CaseID: 182 - parse_multi_results输入 - name_str: 'device_control', args_str: '{"action":"turnon","function_option":"WARM_MILK","entity":"REFRIGERATOR"}'
2026-03-23 09:42:54,493 - DEBUG - CaseID: 182 - parse_multi_results输出: [{'name': 'device_control', 'args': {'action': 'turnon', 'entity': 'REFRIGERATOR', 'function_option': 'WARM_MILK'}}]
2026-03-23 09:42:54,493 - DEBUG - CaseID: 182 - expected_results: [{'name': 'device_control', 'args': {'action': 'turnon', 'entity': 'REFRIGERATOR', 'function_option': 'WARM_MILK'}}]
2026-03-23 09:42:54,493 - DEBUG - CaseID: 182 - actual_results: [{'name': 'device_control', 'args': {'action': 'turnon', 'entity': 'REFRIGERATOR', 'function_option': 'WARM_MILK'}}]
2026-03-23 09:42:54,493 - DEBUG - CaseID: 182 - expected_keys: {('device_control', '{"action": "turnon", "entity": "REFRIGERATOR", "function_option": "WARM_MILK"}')}
2026-03-23 09:42:54,493 - DEBUG - CaseID: 182 - actual_keys: {('device_control', '{"action": "turnon", "entity": "REFRIGERATOR", "function_option": "WARM_MILK"}')}
2026-03-23 09:42:54,493 - DEBUG - CaseID: 183 - parse_multi_results输入 - name_str: 'device_control', args_str: '{"action":"turnon","function_option":"WARM_MILK","entity":"REFRIGERATOR"}'
2026-03-23 09:42:54,493 - DEBUG - CaseID: 183 - parse_multi_results输出: [{'name': 'device_control', 'args': {'action': 'turnon', 'entity': 'REFRIGERATOR', 'function_option': 'WARM_MILK'}}]
2026-03-23 09:42:54,493 - DEBUG - CaseID: 183 - parse_multi_results输入 - name_str: 'device_control', args_str: '{"action":"turnon","function_option":"WARM_MILK","entity":"REFRIGERATOR"}'
2026-03-23 09:42:54,493 - DEBUG - CaseID: 183 - parse_multi_results输出: [{'name': 'device_control', 'args': {'action': 'turnon', 'entity': 'REFRIGERATOR', 'function_option': 'WARM_MILK'}}]
2026-03-23 09:42:54,494 - DEBUG - CaseID: 183 - expected_results: [{'name': 'device_control', 'args': {'action': 'turnon', 'entity': 'REFRIGERATOR', 'function_option': 'WARM_MILK'}}]
2026-03-23 09:42:54,494 - DEBUG - CaseID: 183 - actual_results: [{'name': 'device_control', 'args': {'action': 'turnon', 'entity': 'REFRIGERATOR', 'function_option': 'WARM_MILK'}}]
2026-03-23 09:42:54,494 - DEBUG - CaseID: 183 - expected_keys: {('device_control', '{"action": "turnon", "entity": "REFRIGERATOR", "function_option": "WARM_MILK"}')}
2026-03-23 09:42:54,494 - DEBUG - CaseID: 183 - actual_keys: {('device_control', '{"action": "turnon", "entity": "REFRIGERATOR", "function_option": "WARM_MILK"}')}
2026-03-23 09:42:54,494 - DEBUG - CaseID: 184 - parse_multi_results输入 - name_str: 'device_control', args_str: '{"action":"turnon","function_option":"WARM_MILK","entity":"REFRIGERATOR"}'
2026-03-23 09:42:54,494 - DEBUG - CaseID: 184 - parse_multi_results输出: [{'name': 'device_control', 'args': {'action': 'turnon', 'entity': 'REFRIGERATOR', 'function_option': 'WARM_MILK'}}]
2026-03-23 09:42:54,494 - DEBUG - CaseID: 184 - parse_multi_results输入 - name_str: 'device_control', args_str: '{"action":"turnon","function_option":"WARM_MILK","entity":"REFRIGERATOR"}'
2026-03-23 09:42:54,494 - DEBUG - CaseID: 184 - parse_multi_results输出: [{'name': 'device_control', 'args': {'action': 'turnon', 'entity': 'REFRIGERATOR', 'function_option': 'WARM_MILK'}}]
2026-03-23 09:42:54,494 - DEBUG - CaseID: 184 - expected_results: [{'name': 'device_control', 'args': {'action': 'turnon', 'entity': 'REFRIGERATOR', 'function_option': 'WARM_MILK'}}]
2026-03-23 09:42:54,494 - DEBUG - CaseID: 184 - actual_results: [{'name': 'device_control', 'args': {'action': 'turnon', 'entity': 'REFRIGERATOR', 'function_option': 'WARM_MILK'}}]
2026-03-23 09:42:54,494 - DEBUG - CaseID: 184 - expected_keys: {('device_control', '{"action": "turnon", "entity": "REFRIGERATOR", "function_option": "WARM_MILK"}')}
2026-03-23 09:42:54,494 - DEBUG - CaseID: 184 - actual_keys: {('device_control', '{"action": "turnon", "entity": "REFRIGERATOR", "function_option": "WARM_MILK"}')}
2026-03-23 09:42:54,494 - DEBUG - CaseID: 185 - parse_multi_results输入 - name_str: 'device_control', args_str: '{"action":"turnon","function_option":"WARM_MILK","entity":"REFRIGERATOR"}'
2026-03-23 09:42:54,494 - DEBUG - CaseID: 185 - parse_multi_results输出: [{'name': 'device_control', 'args': {'action': 'turnon', 'entity': 'REFRIGERATOR', 'function_option': 'WARM_MILK'}}]
2026-03-23 09:42:54,494 - DEBUG - CaseID: 185 - parse_multi_results输入 - name_str: 'device_control', args_str: '{"action":"turnon","function_option":"WARM_MILK","entity":"REFRIGERATOR"}'
2026-03-23 09:42:54,494 - DEBUG - CaseID: 185 - parse_multi_results输出: [{'name': 'device_control', 'args': {'action': 'turnon', 'entity': 'REFRIGERATOR', 'function_option': 'WARM_MILK'}}]
2026-03-23 09:42:54,494 - DEBUG - CaseID: 185 - expected_results: [{'name': 'device_control', 'args': {'action': 'turnon', 'entity': 'REFRIGERATOR', 'function_option': 'WARM_MILK'}}]
2026-03-23 09:42:54,494 - DEBUG - CaseID: 185 - actual_results: [{'name': 'device_control', 'args': {'action': 'turnon', 'entity': 'REFRIGERATOR', 'function_option': 'WARM_MILK'}}]
2026-03-23 09:42:54,494 - DEBUG - CaseID: 185 - expected_keys: {('device_control', '{"action": "turnon", "entity": "REFRIGERATOR", "function_option": "WARM_MILK"}')}
2026-03-23 09:42:54,494 - DEBUG - CaseID: 185 - actual_keys: {('device_control', '{"action": "turnon", "entity": "REFRIGERATOR", "function_option": "WARM_MILK"}')}
2026-03-23 09:42:54,494 - DEBUG - CaseID: 186 - parse_multi_results输入 - name_str: 'device_control', args_str: '{"action":"turnon","function_option":"WARM_MILK","entity":"REFRIGERATOR"}'
2026-03-23 09:42:54,494 - DEBUG - CaseID: 186 - parse_multi_results输出: [{'name': 'device_control', 'args': {'action': 'turnon', 'entity': 'REFRIGERATOR', 'function_option': 'WARM_MILK'}}]
2026-03-23 09:42:54,494 - DEBUG - CaseID: 186 - parse_multi_results输入 - name_str: 'device_control', args_str: '{"action":"turnon","function_option":"WARM_MILK","entity":"REFRIGERATOR"}'
2026-03-23 09:42:54,494 - DEBUG - CaseID: 186 - parse_multi_results输出: [{'name': 'device_control', 'args': {'action': 'turnon', 'entity': 'REFRIGERATOR', 'function_option': 'WARM_MILK'}}]
2026-03-23 09:42:54,494 - DEBUG - CaseID: 186 - expected_results: [{'name': 'device_control', 'args': {'action': 'turnon', 'entity': 'REFRIGERATOR', 'function_option': 'WARM_MILK'}}]
2026-03-23 09:42:54,494 - DEBUG - CaseID: 186 - actual_results: [{'name': 'device_control', 'args': {'action': 'turnon', 'entity': 'REFRIGERATOR', 'function_option': 'WARM_MILK'}}]
2026-03-23 09:42:54,494 - DEBUG - CaseID: 186 - expected_keys: {('device_control', '{"action": "turnon", "entity": "REFRIGERATOR", "function_option": "WARM_MILK"}')}
2026-03-23 09:42:54,494 - DEBUG - CaseID: 186 - actual_keys: {('device_control', '{"action": "turnon", "entity": "REFRIGERATOR", "function_option": "WARM_MILK"}')}
2026-03-23 09:42:54,494 - DEBUG - CaseID: 187 - parse_multi_results输入 - name_str: 'device_control', args_str: '{"action":"turnon","function_option":"WARM_MILK","entity":"REFRIGERATOR"}'
2026-03-23 09:42:54,494 - DEBUG - CaseID: 187 - parse_multi_results输出: [{'name': 'device_control', 'args': {'action': 'turnon', 'entity': 'REFRIGERATOR', 'function_option': 'WARM_MILK'}}]
2026-03-23 09:42:54,494 - DEBUG - CaseID: 187 - parse_multi_results输入 - name_str: 'device_control', args_str: '{"action":"turnon","function_option":"WARM_MILK","entity":"REFRIGERATOR"}'
2026-03-23 09:42:54,494 - DEBUG - CaseID: 187 - parse_multi_results输出: [{'name': 'device_control', 'args': {'action': 'turnon', 'entity': 'REFRIGERATOR', 'function_option': 'WARM_MILK'}}]
2026-03-23 09:42:54,494 - DEBUG - CaseID: 187 - expected_results: [{'name': 'device_control', 'args': {'action': 'turnon', 'entity': 'REFRIGERATOR', 'function_option': 'WARM_MILK'}}]
2026-03-23 09:42:54,494 - DEBUG - CaseID: 187 - actual_results: [{'name': 'device_control', 'args': {'action': 'turnon', 'entity': 'REFRIGERATOR', 'function_option': 'WARM_MILK'}}]
2026-03-23 09:42:54,494 - DEBUG - CaseID: 187 - expected_keys: {('device_control', '{"action": "turnon", "entity": "REFRIGERATOR", "function_option": "WARM_MILK"}')}
2026-03-23 09:42:54,495 - DEBUG - CaseID: 187 - actual_keys: {('device_control', '{"action": "turnon", "entity": "REFRIGERATOR", "function_option": "WARM_MILK"}')}
2026-03-23 09:42:54,495 - DEBUG - CaseID: 188 - parse_multi_results输入 - name_str: 'device_control', args_str: '{"action":"turnon","function_option":"WARM_MILK","entity":"REFRIGERATOR"}'
2026-03-23 09:42:54,495 - DEBUG - CaseID: 188 - parse_multi_results输出: [{'name': 'device_control', 'args': {'action': 'turnon', 'entity': 'REFRIGERATOR', 'function_option': 'WARM_MILK'}}]
2026-03-23 09:42:54,495 - DEBUG - CaseID: 188 - parse_multi_results输入 - name_str: 'device_control', args_str: '{"action":"turnon","function_option":"WARM_MILK","entity":"REFRIGERATOR"}'
2026-03-23 09:42:54,495 - DEBUG - CaseID: 188 - parse_multi_results输出: [{'name': 'device_control', 'args': {'action': 'turnon', 'entity': 'REFRIGERATOR', 'function_option': 'WARM_MILK'}}]
2026-03-23 09:42:54,495 - DEBUG - CaseID: 188 - expected_results: [{'name': 'device_control', 'args': {'action': 'turnon', 'entity': 'REFRIGERATOR', 'function_option': 'WARM_MILK'}}]
2026-03-23 09:42:54,495 - DEBUG - CaseID: 188 - actual_results: [{'name': 'device_control', 'args': {'action': 'turnon', 'entity': 'REFRIGERATOR', 'function_option': 'WARM_MILK'}}]
2026-03-23 09:42:54,495 - DEBUG - CaseID: 188 - expected_keys: {('device_control', '{"action": "turnon", "entity": "REFRIGERATOR", "function_option": "WARM_MILK"}')}
2026-03-23 09:42:54,495 - DEBUG - CaseID: 188 - actual_keys: {('device_control', '{"action": "turnon", "entity": "REFRIGERATOR", "function_option": "WARM_MILK"}')}
2026-03-23 09:42:54,495 - DEBUG - CaseID: 189 - parse_multi_results输入 - name_str: 'device_control', args_str: '{"action":"turnon","function_option":"WARM_MILK","entity":"REFRIGERATOR"}'
2026-03-23 09:42:54,495 - DEBUG - CaseID: 189 - parse_multi_results输出: [{'name': 'device_control', 'args': {'action': 'turnon', 'entity': 'REFRIGERATOR', 'function_option': 'WARM_MILK'}}]
2026-03-23 09:42:54,495 - DEBUG - CaseID: 189 - parse_multi_results输入 - name_str: 'device_control', args_str: '{"action":"turnon","function_option":"WARM_MILK","entity":"REFRIGERATOR"}'
2026-03-23 09:42:54,495 - DEBUG - CaseID: 189 - parse_multi_results输出: [{'name': 'device_control', 'args': {'action': 'turnon', 'entity': 'REFRIGERATOR', 'function_option': 'WARM_MILK'}}]
2026-03-23 09:42:54,495 - DEBUG - CaseID: 189 - expected_results: [{'name': 'device_control', 'args': {'action': 'turnon', 'entity': 'REFRIGERATOR', 'function_option': 'WARM_MILK'}}]
2026-03-23 09:42:54,495 - DEBUG - CaseID: 189 - actual_results: [{'name': 'device_control', 'args': {'action': 'turnon', 'entity': 'REFRIGERATOR', 'function_option': 'WARM_MILK'}}]
2026-03-23 09:42:54,495 - DEBUG - CaseID: 189 - expected_keys: {('device_control', '{"action": "turnon", "entity": "REFRIGERATOR", "function_option": "WARM_MILK"}')}
2026-03-23 09:42:54,495 - DEBUG - CaseID: 189 - actual_keys: {('device_control', '{"action": "turnon", "entity": "REFRIGERATOR", "function_option": "WARM_MILK"}')}
2026-03-23 09:42:54,495 - DEBUG - CaseID: 190 - parse_multi_results输入 - name_str: 'device_control', args_str: '{"action":"turnon","function_option":"WARM_MILK","entity":"REFRIGERATOR"}'
2026-03-23 09:42:54,495 - DEBUG - CaseID: 190 - parse_multi_results输出: [{'name': 'device_control', 'args': {'action': 'turnon', 'entity': 'REFRIGERATOR', 'function_option': 'WARM_MILK'}}]
2026-03-23 09:42:54,495 - DEBUG - CaseID: 190 - parse_multi_results输入 - name_str: 'device_control', args_str: '{"action":"turnon","function_option":"WARM_MILK","entity":"REFRIGERATOR"}'
2026-03-23 09:42:54,495 - DEBUG - CaseID: 190 - parse_multi_results输出: [{'name': 'device_control', 'args': {'action': 'turnon', 'entity': 'REFRIGERATOR', 'function_option': 'WARM_MILK'}}]
2026-03-23 09:42:54,495 - DEBUG - CaseID: 190 - expected_results: [{'name': 'device_control', 'args': {'action': 'turnon', 'entity': 'REFRIGERATOR', 'function_option': 'WARM_MILK'}}]
2026-03-23 09:42:54,495 - DEBUG - CaseID: 190 - actual_results: [{'name': 'device_control', 'args': {'action': 'turnon', 'entity': 'REFRIGERATOR', 'function_option': 'WARM_MILK'}}]
2026-03-23 09:42:54,495 - DEBUG - CaseID: 190 - expected_keys: {('device_control', '{"action": "turnon", "entity": "REFRIGERATOR", "function_option": "WARM_MILK"}')}
2026-03-23 09:42:54,495 - DEBUG - CaseID: 190 - actual_keys: {('device_control', '{"action": "turnon", "entity": "REFRIGERATOR", "function_option": "WARM_MILK"}')}
2026-03-23 09:42:54,495 - DEBUG - CaseID: 191 - parse_multi_results输入 - name_str: 'device_control', args_str: '{"action":"turnon","function_option":"WARM_MILK","entity":"REFRIGERATOR"}'
2026-03-23 09:42:54,495 - DEBUG - CaseID: 191 - parse_multi_results输出: [{'name': 'device_control', 'args': {'action': 'turnon', 'entity': 'REFRIGERATOR', 'function_option': 'WARM_MILK'}}]
2026-03-23 09:42:54,495 - DEBUG - CaseID: 191 - parse_multi_results输入 - name_str: 'device_control', args_str: '{"action":"turnon","function_option":"WARM_MILK","entity":"REFRIGERATOR"}'
2026-03-23 09:42:54,495 - DEBUG - CaseID: 191 - parse_multi_results输出: [{'name': 'device_control', 'args': {'action': 'turnon', 'entity': 'REFRIGERATOR', 'function_option': 'WARM_MILK'}}]
2026-03-23 09:42:54,495 - DEBUG - CaseID: 191 - expected_results: [{'name': 'device_control', 'args': {'action': 'turnon', 'entity': 'REFRIGERATOR', 'function_option': 'WARM_MILK'}}]
2026-03-23 09:42:54,495 - DEBUG - CaseID: 191 - actual_results: [{'name': 'device_control', 'args': {'action': 'turnon', 'entity': 'REFRIGERATOR', 'function_option': 'WARM_MILK'}}]
2026-03-23 09:42:54,495 - DEBUG - CaseID: 191 - expected_keys: {('device_control', '{"action": "turnon", "entity": "REFRIGERATOR", "function_option": "WARM_MILK"}')}
2026-03-23 09:42:54,495 - DEBUG - CaseID: 191 - actual_keys: {('device_control', '{"action": "turnon", "entity": "REFRIGERATOR", "function_option": "WARM_MILK"}')}
2026-03-23 09:42:54,495 - DEBUG - CaseID: 192 - parse_multi_results输入 - name_str: 'device_control', args_str: '{"action":"turnon","function_option":"WARM_MILK","entity":"REFRIGERATOR"}'
2026-03-23 09:42:54,495 - DEBUG - CaseID: 192 - parse_multi_results输出: [{'name': 'device_control', 'args': {'action': 'turnon', 'entity': 'REFRIGERATOR', 'function_option': 'WARM_MILK'}}]
2026-03-23 09:42:54,496 - DEBUG - CaseID: 192 - parse_multi_results输入 - name_str: 'device_control', args_str: '{"action":"turnon","function_option":"WARM_MILK","entity":"REFRIGERATOR"}'
2026-03-23 09:42:54,496 - DEBUG - CaseID: 192 - parse_multi_results输出: [{'name': 'device_control', 'args': {'action': 'turnon', 'entity': 'REFRIGERATOR', 'function_option': 'WARM_MILK'}}]
2026-03-23 09:42:54,496 - DEBUG - CaseID: 192 - expected_results: [{'name': 'device_control', 'args': {'action': 'turnon', 'entity': 'REFRIGERATOR', 'function_option': 'WARM_MILK'}}]
2026-03-23 09:42:54,496 - DEBUG - CaseID: 192 - actual_results: [{'name': 'device_control', 'args': {'action': 'turnon', 'entity': 'REFRIGERATOR', 'function_option': 'WARM_MILK'}}]
2026-03-23 09:42:54,496 - DEBUG - CaseID: 192 - expected_keys: {('device_control', '{"action": "turnon", "entity": "REFRIGERATOR", "function_option": "WARM_MILK"}')}
2026-03-23 09:42:54,496 - DEBUG - CaseID: 192 - actual_keys: {('device_control', '{"action": "turnon", "entity": "REFRIGERATOR", "function_option": "WARM_MILK"}')}
2026-03-23 09:42:54,496 - DEBUG - CaseID: 193 - parse_multi_results输入 - name_str: 'device_control', args_str: '{"action":"turnoff","function_option":"WARM_MILK","entity":"REFRIGERATOR"}'
2026-03-23 09:42:54,496 - DEBUG - CaseID: 193 - parse_multi_results输出: [{'name': 'device_control', 'args': {'action': 'turnoff', 'entity': 'REFRIGERATOR', 'function_option': 'WARM_MILK'}}]
2026-03-23 09:42:54,496 - DEBUG - CaseID: 193 - parse_multi_results输入 - name_str: 'device_control', args_str: '{"action":"turnoff","function_option":"WARM_MILK","entity":"REFRIGERATOR"}'
2026-03-23 09:42:54,496 - DEBUG - CaseID: 193 - parse_multi_results输出: [{'name': 'device_control', 'args': {'action': 'turnoff', 'entity': 'REFRIGERATOR', 'function_option': 'WARM_MILK'}}]
2026-03-23 09:42:54,496 - DEBUG - CaseID: 193 - expected_results: [{'name': 'device_control', 'args': {'action': 'turnoff', 'entity': 'REFRIGERATOR', 'function_option': 'WARM_MILK'}}]
2026-03-23 09:42:54,496 - DEBUG - CaseID: 193 - actual_results: [{'name': 'device_control', 'args': {'action': 'turnoff', 'entity': 'REFRIGERATOR', 'function_option': 'WARM_MILK'}}]
2026-03-23 09:42:54,496 - DEBUG - CaseID: 193 - expected_keys: {('device_control', '{"action": "turnoff", "entity": "REFRIGERATOR", "function_option": "WARM_MILK"}')}
2026-03-23 09:42:54,496 - DEBUG - CaseID: 193 - actual_keys: {('device_control', '{"action": "turnoff", "entity": "REFRIGERATOR", "function_option": "WARM_MILK"}')}
2026-03-23 09:42:54,496 - DEBUG - CaseID: 194 - parse_multi_results输入 - name_str: 'device_control', args_str: '{"action":"turnoff","function_option":"WARM_MILK","entity":"REFRIGERATOR"}'
2026-03-23 09:42:54,496 - DEBUG - CaseID: 194 - parse_multi_results输出: [{'name': 'device_control', 'args': {'action': 'turnoff', 'entity': 'REFRIGERATOR', 'function_option': 'WARM_MILK'}}]
2026-03-23 09:42:54,496 - DEBUG - CaseID: 194 - parse_multi_results输入 - name_str: 'device_control', args_str: '{"action":"turnoff","function_option":"WARM_MILK","entity":"REFRIGERATOR"}'
2026-03-23 09:42:54,496 - DEBUG - CaseID: 194 - parse_multi_results输出: [{'name': 'device_control', 'args': {'action': 'turnoff', 'entity': 'REFRIGERATOR', 'function_option': 'WARM_MILK'}}]
2026-03-23 09:42:54,496 - DEBUG - CaseID: 194 - expected_results: [{'name': 'device_control', 'args': {'action': 'turnoff', 'entity': 'REFRIGERATOR', 'function_option': 'WARM_MILK'}}]
2026-03-23 09:42:54,496 - DEBUG - CaseID: 194 - actual_results: [{'name': 'device_control', 'args': {'action': 'turnoff', 'entity': 'REFRIGERATOR', 'function_option': 'WARM_MILK'}}]
2026-03-23 09:42:54,496 - DEBUG - CaseID: 194 - expected_keys: {('device_control', '{"action": "turnoff", "entity": "REFRIGERATOR", "function_option": "WARM_MILK"}')}
2026-03-23 09:42:54,496 - DEBUG - CaseID: 194 - actual_keys: {('device_control', '{"action": "turnoff", "entity": "REFRIGERATOR", "function_option": "WARM_MILK"}')}
2026-03-23 09:42:54,496 - DEBUG - CaseID: 195 - parse_multi_results输入 - name_str: 'device_control', args_str: '{"action":"turnoff","function_option":"WARM_MILK","entity":"REFRIGERATOR"}'
2026-03-23 09:42:54,496 - DEBUG - CaseID: 195 - parse_multi_results输出: [{'name': 'device_control', 'args': {'action': 'turnoff', 'entity': 'REFRIGERATOR', 'function_option': 'WARM_MILK'}}]
2026-03-23 09:42:54,496 - DEBUG - CaseID: 195 - parse_multi_results输入 - name_str: 'device_control', args_str: '{"action":"turnoff","function_option":"WARM_MILK","entity":"REFRIGERATOR"}'
2026-03-23 09:42:54,496 - DEBUG - CaseID: 195 - parse_multi_results输出: [{'name': 'device_control', 'args': {'action': 'turnoff', 'entity': 'REFRIGERATOR', 'function_option': 'WARM_MILK'}}]
2026-03-23 09:42:54,496 - DEBUG - CaseID: 195 - expected_results: [{'name': 'device_control', 'args': {'action': 'turnoff', 'entity': 'REFRIGERATOR', 'function_option': 'WARM_MILK'}}]
2026-03-23 09:42:54,496 - DEBUG - CaseID: 195 - actual_results: [{'name': 'device_control', 'args': {'action': 'turnoff', 'entity': 'REFRIGERATOR', 'function_option': 'WARM_MILK'}}]
2026-03-23 09:42:54,496 - DEBUG - CaseID: 195 - expected_keys: {('device_control', '{"action": "turnoff", "entity": "REFRIGERATOR", "function_option": "WARM_MILK"}')}
2026-03-23 09:42:54,496 - DEBUG - CaseID: 195 - actual_keys: {('device_control', '{"action": "turnoff", "entity": "REFRIGERATOR", "function_option": "WARM_MILK"}')}
2026-03-23 09:42:54,496 - DEBUG - CaseID: 196 - parse_multi_results输入 - name_str: 'device_control', args_str: '{"action":"turnoff","function_option":"WARM_MILK","entity":"REFRIGERATOR"}'
2026-03-23 09:42:54,496 - DEBUG - CaseID: 196 - parse_multi_results输出: [{'name': 'device_control', 'args': {'action': 'turnoff', 'entity': 'REFRIGERATOR', 'function_option': 'WARM_MILK'}}]
2026-03-23 09:42:54,496 - DEBUG - CaseID: 196 - parse_multi_results输入 - name_str: 'device_control', args_str: '{"action":"turnoff","function_option":"WARM_MILK","entity":"REFRIGERATOR"}'
2026-03-23 09:42:54,496 - DEBUG - CaseID: 196 - parse_multi_results输出: [{'name': 'device_control', 'args': {'action': 'turnoff', 'entity': 'REFRIGERATOR', 'function_option': 'WARM_MILK'}}]
2026-03-23 09:42:54,496 - DEBUG - CaseID: 196 - expected_results: [{'name': 'device_control', 'args': {'action': 'turnoff', 'entity': 'REFRIGERATOR', 'function_option': 'WARM_MILK'}}]
2026-03-23 09:42:54,496 - DEBUG - CaseID: 196 - actual_results: [{'name': 'device_control', 'args': {'action': 'turnoff', 'entity': 'REFRIGERATOR', 'function_option': 'WARM_MILK'}}]
2026-03-23 09:42:54,496 - DEBUG - CaseID: 196 - expected_keys: {('device_control', '{"action": "turnoff", "entity": "REFRIGERATOR", "function_option": "WARM_MILK"}')}
2026-03-23 09:42:54,496 - DEBUG - CaseID: 196 - actual_keys: {('device_control', '{"action": "turnoff", "entity": "REFRIGERATOR", "function_option": "WARM_MILK"}')}
2026-03-23 09:42:54,496 - DEBUG - CaseID: 197 - parse_multi_results输入 - name_str: 'device_control', args_str: '{"action":"turnoff","function_option":"WARM_MILK","entity":"REFRIGERATOR"}'
2026-03-23 09:42:54,497 - DEBUG - CaseID: 197 - parse_multi_results输出: [{'name': 'device_control', 'args': {'action': 'turnoff', 'entity': 'REFRIGERATOR', 'function_option': 'WARM_MILK'}}]
2026-03-23 09:42:54,497 - DEBUG - CaseID: 197 - parse_multi_results输入 - name_str: 'device_control', args_str: '{"action":"turnoff","function_option":"WARM_MILK","entity":"REFRIGERATOR"}'
2026-03-23 09:42:54,497 - DEBUG - CaseID: 197 - parse_multi_results输出: [{'name': 'device_control', 'args': {'action': 'turnoff', 'entity': 'REFRIGERATOR', 'function_option': 'WARM_MILK'}}]
2026-03-23 09:42:54,497 - DEBUG - CaseID: 197 - expected_results: [{'name': 'device_control', 'args': {'action': 'turnoff', 'entity': 'REFRIGERATOR', 'function_option': 'WARM_MILK'}}]
2026-03-23 09:42:54,497 - DEBUG - CaseID: 197 - actual_results: [{'name': 'device_control', 'args': {'action': 'turnoff', 'entity': 'REFRIGERATOR', 'function_option': 'WARM_MILK'}}]
2026-03-23 09:42:54,497 - DEBUG - CaseID: 197 - expected_keys: {('device_control', '{"action": "turnoff", "entity": "REFRIGERATOR", "function_option": "WARM_MILK"}')}
2026-03-23 09:42:54,497 - DEBUG - CaseID: 197 - actual_keys: {('device_control', '{"action": "turnoff", "entity": "REFRIGERATOR", "function_option": "WARM_MILK"}')}
2026-03-23 09:42:54,497 - DEBUG - CaseID: 198 - parse_multi_results输入 - name_str: 'device_control', args_str: '{"action":"turnoff","function_option":"WARM_MILK","entity":"REFRIGERATOR"}'
2026-03-23 09:42:54,497 - DEBUG - CaseID: 198 - parse_multi_results输出: [{'name': 'device_control', 'args': {'action': 'turnoff', 'entity': 'REFRIGERATOR', 'function_option': 'WARM_MILK'}}]
2026-03-23 09:42:54,497 - DEBUG - CaseID: 198 - parse_multi_results输入 - name_str: 'device_control', args_str: '{"action":"turnoff","function_option":"WARM_MILK","entity":"REFRIGERATOR"}'
2026-03-23 09:42:54,497 - DEBUG - CaseID: 198 - parse_multi_results输出: [{'name': 'device_control', 'args': {'action': 'turnoff', 'entity': 'REFRIGERATOR', 'function_option': 'WARM_MILK'}}]
2026-03-23 09:42:54,497 - DEBUG - CaseID: 198 - expected_results: [{'name': 'device_control', 'args': {'action': 'turnoff', 'entity': 'REFRIGERATOR', 'function_option': 'WARM_MILK'}}]
2026-03-23 09:42:54,497 - DEBUG - CaseID: 198 - actual_results: [{'name': 'device_control', 'args': {'action': 'turnoff', 'entity': 'REFRIGERATOR', 'function_option': 'WARM_MILK'}}]
2026-03-23 09:42:54,497 - DEBUG - CaseID: 198 - expected_keys: {('device_control', '{"action": "turnoff", "entity": "REFRIGERATOR", "function_option": "WARM_MILK"}')}
2026-03-23 09:42:54,497 - DEBUG - CaseID: 198 - actual_keys: {('device_control', '{"action": "turnoff", "entity": "REFRIGERATOR", "function_option": "WARM_MILK"}')}
2026-03-23 09:42:54,497 - DEBUG - CaseID: 199 - parse_multi_results输入 - name_str: 'device_control', args_str: '{"action":"turnoff","function_option":"WARM_MILK","entity":"REFRIGERATOR"}'
2026-03-23 09:42:54,497 - DEBUG - CaseID: 199 - parse_multi_results输出: [{'name': 'device_control', 'args': {'action': 'turnoff', 'entity': 'REFRIGERATOR', 'function_option': 'WARM_MILK'}}]
2026-03-23 09:42:54,497 - DEBUG - CaseID: 199 - parse_multi_results输入 - name_str: 'device_control', args_str: '{"action":"turnoff","function_option":"WARM_MILK","entity":"REFRIGERATOR"}'
2026-03-23 09:42:54,497 - DEBUG - CaseID: 199 - parse_multi_results输出: [{'name': 'device_control', 'args': {'action': 'turnoff', 'entity': 'REFRIGERATOR', 'function_option': 'WARM_MILK'}}]
2026-03-23 09:42:54,497 - DEBUG - CaseID: 199 - expected_results: [{'name': 'device_control', 'args': {'action': 'turnoff', 'entity': 'REFRIGERATOR', 'function_option': 'WARM_MILK'}}]
2026-03-23 09:42:54,497 - DEBUG - CaseID: 199 - actual_results: [{'name': 'device_control', 'args': {'action': 'turnoff', 'entity': 'REFRIGERATOR', 'function_option': 'WARM_MILK'}}]
2026-03-23 09:42:54,497 - DEBUG - CaseID: 199 - expected_keys: {('device_control', '{"action": "turnoff", "entity": "REFRIGERATOR", "function_option": "WARM_MILK"}')}
2026-03-23 09:42:54,497 - DEBUG - CaseID: 199 - actual_keys: {('device_control', '{"action": "turnoff", "entity": "REFRIGERATOR", "function_option": "WARM_MILK"}')}
2026-03-23 09:42:54,497 - DEBUG - CaseID: 200 - parse_multi_results输入 - name_str: 'device_control', args_str: '{"action":"turnoff","function_option":"WARM_MILK","entity":"REFRIGERATOR"}'
2026-03-23 09:42:54,497 - DEBUG - CaseID: 200 - parse_multi_results输出: [{'name': 'device_control', 'args': {'action': 'turnoff', 'entity': 'REFRIGERATOR', 'function_option': 'WARM_MILK'}}]
2026-03-23 09:42:54,497 - DEBUG - CaseID: 200 - parse_multi_results输入 - name_str: 'device_control', args_str: '{"action":"turnoff","function_option":"WARM_MILK","entity":"REFRIGERATOR"}'
2026-03-23 09:42:54,497 - DEBUG - CaseID: 200 - parse_multi_results输出: [{'name': 'device_control', 'args': {'action': 'turnoff', 'entity': 'REFRIGERATOR', 'function_option': 'WARM_MILK'}}]
2026-03-23 09:42:54,497 - DEBUG - CaseID: 200 - expected_results: [{'name': 'device_control', 'args': {'action': 'turnoff', 'entity': 'REFRIGERATOR', 'function_option': 'WARM_MILK'}}]
2026-03-23 09:42:54,497 - DEBUG - CaseID: 200 - actual_results: [{'name': 'device_control', 'args': {'action': 'turnoff', 'entity': 'REFRIGERATOR', 'function_option': 'WARM_MILK'}}]
2026-03-23 09:42:54,497 - DEBUG - CaseID: 200 - expected_keys: {('device_control', '{"action": "turnoff", "entity": "REFRIGERATOR", "function_option": "WARM_MILK"}')}
2026-03-23 09:42:54,497 - DEBUG - CaseID: 200 - actual_keys: {('device_control', '{"action": "turnoff", "entity": "REFRIGERATOR", "function_option": "WARM_MILK"}')}
2026-03-23 09:42:54,497 - DEBUG - CaseID: 201 - parse_multi_results输入 - name_str: 'device_control', args_str: '{"action":"turnoff","function_option":"WARM_MILK","entity":"REFRIGERATOR"}'
2026-03-23 09:42:54,497 - DEBUG - CaseID: 201 - parse_multi_results输出: [{'name': 'device_control', 'args': {'action': 'turnoff', 'entity': 'REFRIGERATOR', 'function_option': 'WARM_MILK'}}]
2026-03-23 09:42:54,497 - DEBUG - CaseID: 201 - parse_multi_results输入 - name_str: 'device_control', args_str: '{"action":"turnoff","function_option":"WARM_MILK","entity":"REFRIGERATOR"}'
2026-03-23 09:42:54,497 - DEBUG - CaseID: 201 - parse_multi_results输出: [{'name': 'device_control', 'args': {'action': 'turnoff', 'entity': 'REFRIGERATOR', 'function_option': 'WARM_MILK'}}]
2026-03-23 09:42:54,497 - DEBUG - CaseID: 201 - expected_results: [{'name': 'device_control', 'args': {'action': 'turnoff', 'entity': 'REFRIGERATOR', 'function_option': 'WARM_MILK'}}]
2026-03-23 09:42:54,497 - DEBUG - CaseID: 201 - actual_results: [{'name': 'device_control', 'args': {'action': 'turnoff', 'entity': 'REFRIGERATOR', 'function_option': 'WARM_MILK'}}]
2026-03-23 09:42:54,497 - DEBUG - CaseID: 201 - expected_keys: {('device_control', '{"action": "turnoff", "entity": "REFRIGERATOR", "function_option": "WARM_MILK"}')}
2026-03-23 09:42:54,497 - DEBUG - CaseID: 201 - actual_keys: {('device_control', '{"action": "turnoff", "entity": "REFRIGERATOR", "function_option": "WARM_MILK"}')}
2026-03-23 09:42:54,498 - DEBUG - CaseID: 202 - parse_multi_results输入 - name_str: 'device_control', args_str: '{"action":"turnoff","function_option":"WARM_MILK","entity":"REFRIGERATOR"}'
2026-03-23 09:42:54,498 - DEBUG - CaseID: 202 - parse_multi_results输出: [{'name': 'device_control', 'args': {'action': 'turnoff', 'entity': 'REFRIGERATOR', 'function_option': 'WARM_MILK'}}]
2026-03-23 09:42:54,498 - DEBUG - CaseID: 202 - parse_multi_results输入 - name_str: 'device_control', args_str: '{"action":"turnoff","function_option":"WARM_MILK","entity":"REFRIGERATOR"}'
2026-03-23 09:42:54,498 - DEBUG - CaseID: 202 - parse_multi_results输出: [{'name': 'device_control', 'args': {'action': 'turnoff', 'entity': 'REFRIGERATOR', 'function_option': 'WARM_MILK'}}]
2026-03-23 09:42:54,498 - DEBUG - CaseID: 202 - expected_results: [{'name': 'device_control', 'args': {'action': 'turnoff', 'entity': 'REFRIGERATOR', 'function_option': 'WARM_MILK'}}]
2026-03-23 09:42:54,498 - DEBUG - CaseID: 202 - actual_results: [{'name': 'device_control', 'args': {'action': 'turnoff', 'entity': 'REFRIGERATOR', 'function_option': 'WARM_MILK'}}]
2026-03-23 09:42:54,498 - DEBUG - CaseID: 202 - expected_keys: {('device_control', '{"action": "turnoff", "entity": "REFRIGERATOR", "function_option": "WARM_MILK"}')}
2026-03-23 09:42:54,498 - DEBUG - CaseID: 202 - actual_keys: {('device_control', '{"action": "turnoff", "entity": "REFRIGERATOR", "function_option": "WARM_MILK"}')}
2026-03-23 09:42:54,498 - DEBUG - CaseID: 203 - parse_multi_results输入 - name_str: 'device_control', args_str: '{"action":"turnoff","function_option":"WARM_MILK","entity":"REFRIGERATOR"}'
2026-03-23 09:42:54,498 - DEBUG - CaseID: 203 - parse_multi_results输出: [{'name': 'device_control', 'args': {'action': 'turnoff', 'entity': 'REFRIGERATOR', 'function_option': 'WARM_MILK'}}]
2026-03-23 09:42:54,498 - DEBUG - CaseID: 203 - parse_multi_results输入 - name_str: 'device_control', args_str: '{"action":"turnoff","function_option":"WARM_MILK","entity":"REFRIGERATOR"}'
2026-03-23 09:42:54,498 - DEBUG - CaseID: 203 - parse_multi_results输出: [{'name': 'device_control', 'args': {'action': 'turnoff', 'entity': 'REFRIGERATOR', 'function_option': 'WARM_MILK'}}]
2026-03-23 09:42:54,498 - DEBUG - CaseID: 203 - expected_results: [{'name': 'device_control', 'args': {'action': 'turnoff', 'entity': 'REFRIGERATOR', 'function_option': 'WARM_MILK'}}]
2026-03-23 09:42:54,498 - DEBUG - CaseID: 203 - actual_results: [{'name': 'device_control', 'args': {'action': 'turnoff', 'entity': 'REFRIGERATOR', 'function_option': 'WARM_MILK'}}]
2026-03-23 09:42:54,498 - DEBUG - CaseID: 203 - expected_keys: {('device_control', '{"action": "turnoff", "entity": "REFRIGERATOR", "function_option": "WARM_MILK"}')}
2026-03-23 09:42:54,498 - DEBUG - CaseID: 203 - actual_keys: {('device_control', '{"action": "turnoff", "entity": "REFRIGERATOR", "function_option": "WARM_MILK"}')}
2026-03-23 09:42:54,498 - DEBUG - CaseID: 204 - parse_multi_results输入 - name_str: 'device_control', args_str: '{"action":"turnoff","function_option":"WARM_MILK","entity":"REFRIGERATOR"}'
2026-03-23 09:42:54,498 - DEBUG - CaseID: 204 - parse_multi_results输出: [{'name': 'device_control', 'args': {'action': 'turnoff', 'entity': 'REFRIGERATOR', 'function_option': 'WARM_MILK'}}]
2026-03-23 09:42:54,498 - DEBUG - CaseID: 204 - parse_multi_results输入 - name_str: 'device_control', args_str: '{"action":"turnoff","function_option":"WARM_MILK","entity":"REFRIGERATOR"}'
2026-03-23 09:42:54,498 - DEBUG - CaseID: 204 - parse_multi_results输出: [{'name': 'device_control', 'args': {'action': 'turnoff', 'entity': 'REFRIGERATOR', 'function_option': 'WARM_MILK'}}]
2026-03-23 09:42:54,498 - DEBUG - CaseID: 204 - expected_results: [{'name': 'device_control', 'args': {'action': 'turnoff', 'entity': 'REFRIGERATOR', 'function_option': 'WARM_MILK'}}]
2026-03-23 09:42:54,498 - DEBUG - CaseID: 204 - actual_results: [{'name': 'device_control', 'args': {'action': 'turnoff', 'entity': 'REFRIGERATOR', 'function_option': 'WARM_MILK'}}]
2026-03-23 09:42:54,498 - DEBUG - CaseID: 204 - expected_keys: {('device_control', '{"action": "turnoff", "entity": "REFRIGERATOR", "function_option": "WARM_MILK"}')}
2026-03-23 09:42:54,498 - DEBUG - CaseID: 204 - actual_keys: {('device_control', '{"action": "turnoff", "entity": "REFRIGERATOR", "function_option": "WARM_MILK"}')}
2026-03-23 09:42:54,498 - DEBUG - CaseID: 205 - parse_multi_results输入 - name_str: 'device_control', args_str: '{"action":"turnoff","function_option":"WARM_MILK","entity":"REFRIGERATOR"}'
2026-03-23 09:42:54,498 - DEBUG - CaseID: 205 - parse_multi_results输出: [{'name': 'device_control', 'args': {'action': 'turnoff', 'entity': 'REFRIGERATOR', 'function_option': 'WARM_MILK'}}]
2026-03-23 09:42:54,498 - DEBUG - CaseID: 205 - parse_multi_results输入 - name_str: 'device_control', args_str: '{"action":"turnoff","function_option":"WARM_MILK","entity":"REFRIGERATOR"}'
2026-03-23 09:42:54,498 - DEBUG - CaseID: 205 - parse_multi_results输出: [{'name': 'device_control', 'args': {'action': 'turnoff', 'entity': 'REFRIGERATOR', 'function_option': 'WARM_MILK'}}]
2026-03-23 09:42:54,498 - DEBUG - CaseID: 205 - expected_results: [{'name': 'device_control', 'args': {'action': 'turnoff', 'entity': 'REFRIGERATOR', 'function_option': 'WARM_MILK'}}]
2026-03-23 09:42:54,498 - DEBUG - CaseID: 205 - actual_results: [{'name': 'device_control', 'args': {'action': 'turnoff', 'entity': 'REFRIGERATOR', 'function_option': 'WARM_MILK'}}]
2026-03-23 09:42:54,498 - DEBUG - CaseID: 205 - expected_keys: {('device_control', '{"action": "turnoff", "entity": "REFRIGERATOR", "function_option": "WARM_MILK"}')}
2026-03-23 09:42:54,498 - DEBUG - CaseID: 205 - actual_keys: {('device_control', '{"action": "turnoff", "entity": "REFRIGERATOR", "function_option": "WARM_MILK"}')}
2026-03-23 09:42:54,498 - DEBUG - CaseID: 206 - parse_multi_results输入 - name_str: 'device_control', args_str: '{"action":"turnoff","function_option":"WARM_MILK","entity":"REFRIGERATOR"}'
2026-03-23 09:42:54,498 - DEBUG - CaseID: 206 - parse_multi_results输出: [{'name': 'device_control', 'args': {'action': 'turnoff', 'entity': 'REFRIGERATOR', 'function_option': 'WARM_MILK'}}]
2026-03-23 09:42:54,498 - DEBUG - CaseID: 206 - parse_multi_results输入 - name_str: 'device_control', args_str: '{"action":"turnoff","function_option":"WARM_MILK","entity":"REFRIGERATOR"}'
2026-03-23 09:42:54,498 - DEBUG - CaseID: 206 - parse_multi_results输出: [{'name': 'device_control', 'args': {'action': 'turnoff', 'entity': 'REFRIGERATOR', 'function_option': 'WARM_MILK'}}]
2026-03-23 09:42:54,498 - DEBUG - CaseID: 206 - expected_results: [{'name': 'device_control', 'args': {'action': 'turnoff', 'entity': 'REFRIGERATOR', 'function_option': 'WARM_MILK'}}]
2026-03-23 09:42:54,498 - DEBUG - CaseID: 206 - actual_results: [{'name': 'device_control', 'args': {'action': 'turnoff', 'entity': 'REFRIGERATOR', 'function_option': 'WARM_MILK'}}]
2026-03-23 09:42:54,499 - DEBUG - CaseID: 206 - expected_keys: {('device_control', '{"action": "turnoff", "entity": "REFRIGERATOR", "function_option": "WARM_MILK"}')}
2026-03-23 09:42:54,499 - DEBUG - CaseID: 206 - actual_keys: {('device_control', '{"action": "turnoff", "entity": "REFRIGERATOR", "function_option": "WARM_MILK"}')}
2026-03-23 09:42:54,499 - DEBUG - CaseID: 207 - parse_multi_results输入 - name_str: 'device_control', args_str: '{"action":"turnoff","function_option":"WARM_MILK","entity":"REFRIGERATOR"}'
2026-03-23 09:42:54,499 - DEBUG - CaseID: 207 - parse_multi_results输出: [{'name': 'device_control', 'args': {'action': 'turnoff', 'entity': 'REFRIGERATOR', 'function_option': 'WARM_MILK'}}]
2026-03-23 09:42:54,499 - DEBUG - CaseID: 207 - parse_multi_results输入 - name_str: 'device_control', args_str: '{"action":"turnoff","function_option":"WARM_MILK","entity":"REFRIGERATOR"}'
2026-03-23 09:42:54,499 - DEBUG - CaseID: 207 - parse_multi_results输出: [{'name': 'device_control', 'args': {'action': 'turnoff', 'entity': 'REFRIGERATOR', 'function_option': 'WARM_MILK'}}]
2026-03-23 09:42:54,499 - DEBUG - CaseID: 207 - expected_results: [{'name': 'device_control', 'args': {'action': 'turnoff', 'entity': 'REFRIGERATOR', 'function_option': 'WARM_MILK'}}]
2026-03-23 09:42:54,499 - DEBUG - CaseID: 207 - actual_results: [{'name': 'device_control', 'args': {'action': 'turnoff', 'entity': 'REFRIGERATOR', 'function_option': 'WARM_MILK'}}]
2026-03-23 09:42:54,499 - DEBUG - CaseID: 207 - expected_keys: {('device_control', '{"action": "turnoff", "entity": "REFRIGERATOR", "function_option": "WARM_MILK"}')}
2026-03-23 09:42:54,499 - DEBUG - CaseID: 207 - actual_keys: {('device_control', '{"action": "turnoff", "entity": "REFRIGERATOR", "function_option": "WARM_MILK"}')}
2026-03-23 09:42:54,499 - DEBUG - CaseID: 208 - parse_multi_results输入 - name_str: 'device_control', args_str: '{"action":"turnoff","function_option":"WARM_MILK","entity":"REFRIGERATOR"}'
2026-03-23 09:42:54,499 - DEBUG - CaseID: 208 - parse_multi_results输出: [{'name': 'device_control', 'args': {'action': 'turnoff', 'entity': 'REFRIGERATOR', 'function_option': 'WARM_MILK'}}]
2026-03-23 09:42:54,499 - DEBUG - CaseID: 208 - parse_multi_results输入 - name_str: 'device_control', args_str: '{"action":"turnoff","function_option":"WARM_MILK","entity":"REFRIGERATOR"}'
2026-03-23 09:42:54,499 - DEBUG - CaseID: 208 - parse_multi_results输出: [{'name': 'device_control', 'args': {'action': 'turnoff', 'entity': 'REFRIGERATOR', 'function_option': 'WARM_MILK'}}]
2026-03-23 09:42:54,499 - DEBUG - CaseID: 208 - expected_results: [{'name': 'device_control', 'args': {'action': 'turnoff', 'entity': 'REFRIGERATOR', 'function_option': 'WARM_MILK'}}]
2026-03-23 09:42:54,499 - DEBUG - CaseID: 208 - actual_results: [{'name': 'device_control', 'args': {'action': 'turnoff', 'entity': 'REFRIGERATOR', 'function_option': 'WARM_MILK'}}]
2026-03-23 09:42:54,499 - DEBUG - CaseID: 208 - expected_keys: {('device_control', '{"action": "turnoff", "entity": "REFRIGERATOR", "function_option": "WARM_MILK"}')}
2026-03-23 09:42:54,499 - DEBUG - CaseID: 208 - actual_keys: {('device_control', '{"action": "turnoff", "entity": "REFRIGERATOR", "function_option": "WARM_MILK"}')}
2026-03-23 09:42:54,499 - DEBUG - CaseID: 209 - parse_multi_results输入 - name_str: 'device_control', args_str: '{"action":"turnoff","function_option":"WARM_MILK","entity":"REFRIGERATOR"}'
2026-03-23 09:42:54,499 - DEBUG - CaseID: 209 - parse_multi_results输出: [{'name': 'device_control', 'args': {'action': 'turnoff', 'entity': 'REFRIGERATOR', 'function_option': 'WARM_MILK'}}]
2026-03-23 09:42:54,499 - DEBUG - CaseID: 209 - parse_multi_results输入 - name_str: 'device_control', args_str: '{"action":"turnoff","function_option":"WARM_MILK","entity":"REFRIGERATOR"}'
2026-03-23 09:42:54,499 - DEBUG - CaseID: 209 - parse_multi_results输出: [{'name': 'device_control', 'args': {'action': 'turnoff', 'entity': 'REFRIGERATOR', 'function_option': 'WARM_MILK'}}]
2026-03-23 09:42:54,499 - DEBUG - CaseID: 209 - expected_results: [{'name': 'device_control', 'args': {'action': 'turnoff', 'entity': 'REFRIGERATOR', 'function_option': 'WARM_MILK'}}]
2026-03-23 09:42:54,499 - DEBUG - CaseID: 209 - actual_results: [{'name': 'device_control', 'args': {'action': 'turnoff', 'entity': 'REFRIGERATOR', 'function_option': 'WARM_MILK'}}]
2026-03-23 09:42:54,499 - DEBUG - CaseID: 209 - expected_keys: {('device_control', '{"action": "turnoff", "entity": "REFRIGERATOR", "function_option": "WARM_MILK"}')}
2026-03-23 09:42:54,499 - DEBUG - CaseID: 209 - actual_keys: {('device_control', '{"action": "turnoff", "entity": "REFRIGERATOR", "function_option": "WARM_MILK"}')}
2026-03-23 09:42:54,499 - DEBUG - CaseID: 210 - parse_multi_results输入 - name_str: 'device_control', args_str: '{"action":"turnoff","function_option":"WARM_MILK","entity":"REFRIGERATOR"}'
2026-03-23 09:42:54,499 - DEBUG - CaseID: 210 - parse_multi_results输出: [{'name': 'device_control', 'args': {'action': 'turnoff', 'entity': 'REFRIGERATOR', 'function_option': 'WARM_MILK'}}]
2026-03-23 09:42:54,499 - DEBUG - CaseID: 210 - parse_multi_results输入 - name_str: 'device_control', args_str: '{"action":"turnoff","function_option":"WARM_MILK","entity":"REFRIGERATOR"}'
2026-03-23 09:42:54,499 - DEBUG - CaseID: 210 - parse_multi_results输出: [{'name': 'device_control', 'args': {'action': 'turnoff', 'entity': 'REFRIGERATOR', 'function_option': 'WARM_MILK'}}]
2026-03-23 09:42:54,499 - DEBUG - CaseID: 210 - expected_results: [{'name': 'device_control', 'args': {'action': 'turnoff', 'entity': 'REFRIGERATOR', 'function_option': 'WARM_MILK'}}]
2026-03-23 09:42:54,499 - DEBUG - CaseID: 210 - actual_results: [{'name': 'device_control', 'args': {'action': 'turnoff', 'entity': 'REFRIGERATOR', 'function_option': 'WARM_MILK'}}]
2026-03-23 09:42:54,499 - DEBUG - CaseID: 210 - expected_keys: {('device_control', '{"action": "turnoff", "entity": "REFRIGERATOR", "function_option": "WARM_MILK"}')}
2026-03-23 09:42:54,499 - DEBUG - CaseID: 210 - actual_keys: {('device_control', '{"action": "turnoff", "entity": "REFRIGERATOR", "function_option": "WARM_MILK"}')}
2026-03-23 09:42:54,499 - DEBUG - CaseID: 211 - parse_multi_results输入 - name_str: 'device_control', args_str: '{"action":"turnoff","function_option":"WARM_MILK","entity":"REFRIGERATOR"}'
2026-03-23 09:42:54,499 - DEBUG - CaseID: 211 - parse_multi_results输出: [{'name': 'device_control', 'args': {'action': 'turnoff', 'entity': 'REFRIGERATOR', 'function_option': 'WARM_MILK'}}]
2026-03-23 09:42:54,499 - DEBUG - CaseID: 211 - parse_multi_results输入 - name_str: 'device_control', args_str: '{"action":"turnoff","function_option":"WARM_MILK","entity":"REFRIGERATOR"}'
2026-03-23 09:42:54,500 - DEBUG - CaseID: 211 - parse_multi_results输出: [{'name': 'device_control', 'args': {'action': 'turnoff', 'entity': 'REFRIGERATOR', 'function_option': 'WARM_MILK'}}]
2026-03-23 09:42:54,500 - DEBUG - CaseID: 211 - expected_results: [{'name': 'device_control', 'args': {'action': 'turnoff', 'entity': 'REFRIGERATOR', 'function_option': 'WARM_MILK'}}]
2026-03-23 09:42:54,500 - DEBUG - CaseID: 211 - actual_results: [{'name': 'device_control', 'args': {'action': 'turnoff', 'entity': 'REFRIGERATOR', 'function_option': 'WARM_MILK'}}]
2026-03-23 09:42:54,500 - DEBUG - CaseID: 211 - expected_keys: {('device_control', '{"action": "turnoff", "entity": "REFRIGERATOR", "function_option": "WARM_MILK"}')}
2026-03-23 09:42:54,500 - DEBUG - CaseID: 211 - actual_keys: {('device_control', '{"action": "turnoff", "entity": "REFRIGERATOR", "function_option": "WARM_MILK"}')}
2026-03-23 09:42:54,500 - DEBUG - CaseID: 212 - parse_multi_results输入 - name_str: 'device_control', args_str: '{"action":"turnoff","function_option":"WARM_MILK","entity":"REFRIGERATOR"}'
2026-03-23 09:42:54,500 - DEBUG - CaseID: 212 - parse_multi_results输出: [{'name': 'device_control', 'args': {'action': 'turnoff', 'entity': 'REFRIGERATOR', 'function_option': 'WARM_MILK'}}]
2026-03-23 09:42:54,500 - DEBUG - CaseID: 212 - parse_multi_results输入 - name_str: 'device_control', args_str: '{"action":"turnoff","function_option":"WARM_MILK","entity":"REFRIGERATOR"}'
2026-03-23 09:42:54,500 - DEBUG - CaseID: 212 - parse_multi_results输出: [{'name': 'device_control', 'args': {'action': 'turnoff', 'entity': 'REFRIGERATOR', 'function_option': 'WARM_MILK'}}]
2026-03-23 09:42:54,500 - DEBUG - CaseID: 212 - expected_results: [{'name': 'device_control', 'args': {'action': 'turnoff', 'entity': 'REFRIGERATOR', 'function_option': 'WARM_MILK'}}]
2026-03-23 09:42:54,500 - DEBUG - CaseID: 212 - actual_results: [{'name': 'device_control', 'args': {'action': 'turnoff', 'entity': 'REFRIGERATOR', 'function_option': 'WARM_MILK'}}]
2026-03-23 09:42:54,500 - DEBUG - CaseID: 212 - expected_keys: {('device_control', '{"action": "turnoff", "entity": "REFRIGERATOR", "function_option": "WARM_MILK"}')}
2026-03-23 09:42:54,500 - DEBUG - CaseID: 212 - actual_keys: {('device_control', '{"action": "turnoff", "entity": "REFRIGERATOR", "function_option": "WARM_MILK"}')}
2026-03-23 09:42:54,500 - DEBUG - CaseID: 213 - parse_multi_results输入 - name_str: 'device_control', args_str: '{"action":"turnon","function_option":"HOT_DRINK","entity":"REFRIGERATOR"}'
2026-03-23 09:42:54,500 - DEBUG - CaseID: 213 - parse_multi_results输出: [{'name': 'device_control', 'args': {'action': 'turnon', 'entity': 'REFRIGERATOR', 'function_option': 'HOT_DRINK'}}]
2026-03-23 09:42:54,500 - DEBUG - CaseID: 213 - parse_multi_results输入 - name_str: 'device_control', args_str: '{"action":"turnon","function_option":"HOT_DRINK","entity":"REFRIGERATOR"}'
2026-03-23 09:42:54,500 - DEBUG - CaseID: 213 - parse_multi_results输出: [{'name': 'device_control', 'args': {'action': 'turnon', 'entity': 'REFRIGERATOR', 'function_option': 'HOT_DRINK'}}]
2026-03-23 09:42:54,500 - DEBUG - CaseID: 213 - expected_results: [{'name': 'device_control', 'args': {'action': 'turnon', 'entity': 'REFRIGERATOR', 'function_option': 'HOT_DRINK'}}]
2026-03-23 09:42:54,500 - DEBUG - CaseID: 213 - actual_results: [{'name': 'device_control', 'args': {'action': 'turnon', 'entity': 'REFRIGERATOR', 'function_option': 'HOT_DRINK'}}]
2026-03-23 09:42:54,500 - DEBUG - CaseID: 213 - expected_keys: {('device_control', '{"action": "turnon", "entity": "REFRIGERATOR", "function_option": "HOT_DRINK"}')}
2026-03-23 09:42:54,500 - DEBUG - CaseID: 213 - actual_keys: {('device_control', '{"action": "turnon", "entity": "REFRIGERATOR", "function_option": "HOT_DRINK"}')}
2026-03-23 09:42:54,500 - DEBUG - CaseID: 214 - parse_multi_results输入 - name_str: 'device_control', args_str: '{"action":"turnon","function_option":"HOT_DRINK","entity":"REFRIGERATOR"}'
2026-03-23 09:42:54,500 - DEBUG - CaseID: 214 - parse_multi_results输出: [{'name': 'device_control', 'args': {'action': 'turnon', 'entity': 'REFRIGERATOR', 'function_option': 'HOT_DRINK'}}]
2026-03-23 09:42:54,500 - DEBUG - CaseID: 214 - parse_multi_results输入 - name_str: 'device_control', args_str: '{"action":"turnon","function_option":"HOT_DRINK","entity":"REFRIGERATOR"}'
2026-03-23 09:42:54,500 - DEBUG - CaseID: 214 - parse_multi_results输出: [{'name': 'device_control', 'args': {'action': 'turnon', 'entity': 'REFRIGERATOR', 'function_option': 'HOT_DRINK'}}]
2026-03-23 09:42:54,500 - DEBUG - CaseID: 214 - expected_results: [{'name': 'device_control', 'args': {'action': 'turnon', 'entity': 'REFRIGERATOR', 'function_option': 'HOT_DRINK'}}]
2026-03-23 09:42:54,500 - DEBUG - CaseID: 214 - actual_results: [{'name': 'device_control', 'args': {'action': 'turnon', 'entity': 'REFRIGERATOR', 'function_option': 'HOT_DRINK'}}]
2026-03-23 09:42:54,500 - DEBUG - CaseID: 214 - expected_keys: {('device_control', '{"action": "turnon", "entity": "REFRIGERATOR", "function_option": "HOT_DRINK"}')}
2026-03-23 09:42:54,500 - DEBUG - CaseID: 214 - actual_keys: {('device_control', '{"action": "turnon", "entity": "REFRIGERATOR", "function_option": "HOT_DRINK"}')}
2026-03-23 09:42:54,500 - DEBUG - CaseID: 215 - parse_multi_results输入 - name_str: 'device_control', args_str: '{"action":"turnon","function_option":"HOT_DRINK","entity":"REFRIGERATOR"}'
2026-03-23 09:42:54,500 - DEBUG - CaseID: 215 - parse_multi_results输出: [{'name': 'device_control', 'args': {'action': 'turnon', 'entity': 'REFRIGERATOR', 'function_option': 'HOT_DRINK'}}]
2026-03-23 09:42:54,500 - DEBUG - CaseID: 215 - parse_multi_results输入 - name_str: 'device_control', args_str: '{"action":"turnon","function_option":"HOT_DRINK","entity":"REFRIGERATOR"}'
2026-03-23 09:42:54,500 - DEBUG - CaseID: 215 - parse_multi_results输出: [{'name': 'device_control', 'args': {'action': 'turnon', 'entity': 'REFRIGERATOR', 'function_option': 'HOT_DRINK'}}]
2026-03-23 09:42:54,500 - DEBUG - CaseID: 215 - expected_results: [{'name': 'device_control', 'args': {'action': 'turnon', 'entity': 'REFRIGERATOR', 'function_option': 'HOT_DRINK'}}]
2026-03-23 09:42:54,500 - DEBUG - CaseID: 215 - actual_results: [{'name': 'device_control', 'args': {'action': 'turnon', 'entity': 'REFRIGERATOR', 'function_option': 'HOT_DRINK'}}]
2026-03-23 09:42:54,500 - DEBUG - CaseID: 215 - expected_keys: {('device_control', '{"action": "turnon", "entity": "REFRIGERATOR", "function_option": "HOT_DRINK"}')}
2026-03-23 09:42:54,500 - DEBUG - CaseID: 215 - actual_keys: {('device_control', '{"action": "turnon", "entity": "REFRIGERATOR", "function_option": "HOT_DRINK"}')}
2026-03-23 09:42:54,500 - DEBUG - CaseID: 216 - parse_multi_results输入 - name_str: 'device_control', args_str: '{"action":"turnon","function_option":"HOT_DRINK","entity":"REFRIGERATOR"}'
2026-03-23 09:42:54,501 - DEBUG - CaseID: 216 - parse_multi_results输出: [{'name': 'device_control', 'args': {'action': 'turnon', 'entity': 'REFRIGERATOR', 'function_option': 'HOT_DRINK'}}]
2026-03-23 09:42:54,501 - DEBUG - CaseID: 216 - parse_multi_results输入 - name_str: 'device_control', args_str: '{"action":"turnon","function_option":"HOT_DRINK","entity":"REFRIGERATOR"}'
2026-03-23 09:42:54,501 - DEBUG - CaseID: 216 - parse_multi_results输出: [{'name': 'device_control', 'args': {'action': 'turnon', 'entity': 'REFRIGERATOR', 'function_option': 'HOT_DRINK'}}]
2026-03-23 09:42:54,501 - DEBUG - CaseID: 216 - expected_results: [{'name': 'device_control', 'args': {'action': 'turnon', 'entity': 'REFRIGERATOR', 'function_option': 'HOT_DRINK'}}]
2026-03-23 09:42:54,501 - DEBUG - CaseID: 216 - actual_results: [{'name': 'device_control', 'args': {'action': 'turnon', 'entity': 'REFRIGERATOR', 'function_option': 'HOT_DRINK'}}]
2026-03-23 09:42:54,501 - DEBUG - CaseID: 216 - expected_keys: {('device_control', '{"action": "turnon", "entity": "REFRIGERATOR", "function_option": "HOT_DRINK"}')}
2026-03-23 09:42:54,501 - DEBUG - CaseID: 216 - actual_keys: {('device_control', '{"action": "turnon", "entity": "REFRIGERATOR", "function_option": "HOT_DRINK"}')}
2026-03-23 09:42:54,501 - DEBUG - CaseID: 217 - parse_multi_results输入 - name_str: 'device_control', args_str: '{"action":"turnon","function_option":"HOT_DRINK","entity":"REFRIGERATOR"}'
2026-03-23 09:42:54,501 - DEBUG - CaseID: 217 - parse_multi_results输出: [{'name': 'device_control', 'args': {'action': 'turnon', 'entity': 'REFRIGERATOR', 'function_option': 'HOT_DRINK'}}]
2026-03-23 09:42:54,501 - DEBUG - CaseID: 217 - parse_multi_results输入 - name_str: 'device_control', args_str: '{"action":"turnon","function_option":"HOT_DRINK","entity":"REFRIGERATOR"}'
2026-03-23 09:42:54,501 - DEBUG - CaseID: 217 - parse_multi_results输出: [{'name': 'device_control', 'args': {'action': 'turnon', 'entity': 'REFRIGERATOR', 'function_option': 'HOT_DRINK'}}]
2026-03-23 09:42:54,501 - DEBUG - CaseID: 217 - expected_results: [{'name': 'device_control', 'args': {'action': 'turnon', 'entity': 'REFRIGERATOR', 'function_option': 'HOT_DRINK'}}]
2026-03-23 09:42:54,501 - DEBUG - CaseID: 217 - actual_results: [{'name': 'device_control', 'args': {'action': 'turnon', 'entity': 'REFRIGERATOR', 'function_option': 'HOT_DRINK'}}]
2026-03-23 09:42:54,501 - DEBUG - CaseID: 217 - expected_keys: {('device_control', '{"action": "turnon", "entity": "REFRIGERATOR", "function_option": "HOT_DRINK"}')}
2026-03-23 09:42:54,501 - DEBUG - CaseID: 217 - actual_keys: {('device_control', '{"action": "turnon", "entity": "REFRIGERATOR", "function_option": "HOT_DRINK"}')}
2026-03-23 09:42:54,501 - DEBUG - CaseID: 218 - parse_multi_results输入 - name_str: 'device_control', args_str: '{"action":"turnon","function_option":"HOT_DRINK","entity":"REFRIGERATOR"}'
2026-03-23 09:42:54,501 - DEBUG - CaseID: 218 - parse_multi_results输出: [{'name': 'device_control', 'args': {'action': 'turnon', 'entity': 'REFRIGERATOR', 'function_option': 'HOT_DRINK'}}]
2026-03-23 09:42:54,501 - DEBUG - CaseID: 218 - parse_multi_results输入 - name_str: 'device_control', args_str: '{"action":"turnon","function_option":"HOT_DRINK","entity":"REFRIGERATOR"}'
2026-03-23 09:42:54,501 - DEBUG - CaseID: 218 - parse_multi_results输出: [{'name': 'device_control', 'args': {'action': 'turnon', 'entity': 'REFRIGERATOR', 'function_option': 'HOT_DRINK'}}]
2026-03-23 09:42:54,501 - DEBUG - CaseID: 218 - expected_results: [{'name': 'device_control', 'args': {'action': 'turnon', 'entity': 'REFRIGERATOR', 'function_option': 'HOT_DRINK'}}]
2026-03-23 09:42:54,501 - DEBUG - CaseID: 218 - actual_results: [{'name': 'device_control', 'args': {'action': 'turnon', 'entity': 'REFRIGERATOR', 'function_option': 'HOT_DRINK'}}]
2026-03-23 09:42:54,501 - DEBUG - CaseID: 218 - expected_keys: {('device_control', '{"action": "turnon", "entity": "REFRIGERATOR", "function_option": "HOT_DRINK"}')}
2026-03-23 09:42:54,501 - DEBUG - CaseID: 218 - actual_keys: {('device_control', '{"action": "turnon", "entity": "REFRIGERATOR", "function_option": "HOT_DRINK"}')}
2026-03-23 09:42:54,501 - DEBUG - CaseID: 219 - parse_multi_results输入 - name_str: 'device_control', args_str: '{"action":"turnon","function_option":"HOT_DRINK","entity":"REFRIGERATOR"}'
2026-03-23 09:42:54,501 - DEBUG - CaseID: 219 - parse_multi_results输出: [{'name': 'device_control', 'args': {'action': 'turnon', 'entity': 'REFRIGERATOR', 'function_option': 'HOT_DRINK'}}]
2026-03-23 09:42:54,501 - DEBUG - CaseID: 219 - parse_multi_results输入 - name_str: 'device_control', args_str: '{"action":"turnon","function_option":"HOT_DRINK","entity":"REFRIGERATOR"}'
2026-03-23 09:42:54,501 - DEBUG - CaseID: 219 - parse_multi_results输出: [{'name': 'device_control', 'args': {'action': 'turnon', 'entity': 'REFRIGERATOR', 'function_option': 'HOT_DRINK'}}]
2026-03-23 09:42:54,501 - DEBUG - CaseID: 219 - expected_results: [{'name': 'device_control', 'args': {'action': 'turnon', 'entity': 'REFRIGERATOR', 'function_option': 'HOT_DRINK'}}]
2026-03-23 09:42:54,501 - DEBUG - CaseID: 219 - actual_results: [{'name': 'device_control', 'args': {'action': 'turnon', 'entity': 'REFRIGERATOR', 'function_option': 'HOT_DRINK'}}]
2026-03-23 09:42:54,501 - DEBUG - CaseID: 219 - expected_keys: {('device_control', '{"action": "turnon", "entity": "REFRIGERATOR", "function_option": "HOT_DRINK"}')}
2026-03-23 09:42:54,501 - DEBUG - CaseID: 219 - actual_keys: {('device_control', '{"action": "turnon", "entity": "REFRIGERATOR", "function_option": "HOT_DRINK"}')}
2026-03-23 09:42:54,501 - DEBUG - CaseID: 220 - parse_multi_results输入 - name_str: 'device_control', args_str: '{"action":"turnon","function_option":"HOT_DRINK","entity":"REFRIGERATOR"}'
2026-03-23 09:42:54,501 - DEBUG - CaseID: 220 - parse_multi_results输出: [{'name': 'device_control', 'args': {'action': 'turnon', 'entity': 'REFRIGERATOR', 'function_option': 'HOT_DRINK'}}]
2026-03-23 09:42:54,501 - DEBUG - CaseID: 220 - parse_multi_results输入 - name_str: 'device_control', args_str: '{"action":"turnon","function_option":"HOT_DRINK","entity":"REFRIGERATOR"}'
2026-03-23 09:42:54,501 - DEBUG - CaseID: 220 - parse_multi_results输出: [{'name': 'device_control', 'args': {'action': 'turnon', 'entity': 'REFRIGERATOR', 'function_option': 'HOT_DRINK'}}]
2026-03-23 09:42:54,501 - DEBUG - CaseID: 220 - expected_results: [{'name': 'device_control', 'args': {'action': 'turnon', 'entity': 'REFRIGERATOR', 'function_option': 'HOT_DRINK'}}]
2026-03-23 09:42:54,501 - DEBUG - CaseID: 220 - actual_results: [{'name': 'device_control', 'args': {'action': 'turnon', 'entity': 'REFRIGERATOR', 'function_option': 'HOT_DRINK'}}]
2026-03-23 09:42:54,501 - DEBUG - CaseID: 220 - expected_keys: {('device_control', '{"action": "turnon", "entity": "REFRIGERATOR", "function_option": "HOT_DRINK"}')}
2026-03-23 09:42:54,501 - DEBUG - CaseID: 220 - actual_keys: {('device_control', '{"action": "turnon", "entity": "REFRIGERATOR", "function_option": "HOT_DRINK"}')}
2026-03-23 09:42:54,502 - DEBUG - CaseID: 221 - parse_multi_results输入 - name_str: 'device_control', args_str: '{"action":"turnon","function_option":"HOT_DRINK","entity":"REFRIGERATOR"}'
2026-03-23 09:42:54,502 - DEBUG - CaseID: 221 - parse_multi_results输出: [{'name': 'device_control', 'args': {'action': 'turnon', 'entity': 'REFRIGERATOR', 'function_option': 'HOT_DRINK'}}]
2026-03-23 09:42:54,502 - DEBUG - CaseID: 221 - parse_multi_results输入 - name_str: 'device_control', args_str: '{"action":"turnon","function_option":"HOT_DRINK","entity":"REFRIGERATOR"}'
2026-03-23 09:42:54,502 - DEBUG - CaseID: 221 - parse_multi_results输出: [{'name': 'device_control', 'args': {'action': 'turnon', 'entity': 'REFRIGERATOR', 'function_option': 'HOT_DRINK'}}]
2026-03-23 09:42:54,502 - DEBUG - CaseID: 221 - expected_results: [{'name': 'device_control', 'args': {'action': 'turnon', 'entity': 'REFRIGERATOR', 'function_option': 'HOT_DRINK'}}]
2026-03-23 09:42:54,502 - DEBUG - CaseID: 221 - actual_results: [{'name': 'device_control', 'args': {'action': 'turnon', 'entity': 'REFRIGERATOR', 'function_option': 'HOT_DRINK'}}]
2026-03-23 09:42:54,502 - DEBUG - CaseID: 221 - expected_keys: {('device_control', '{"action": "turnon", "entity": "REFRIGERATOR", "function_option": "HOT_DRINK"}')}
2026-03-23 09:42:54,502 - DEBUG - CaseID: 221 - actual_keys: {('device_control', '{"action": "turnon", "entity": "REFRIGERATOR", "function_option": "HOT_DRINK"}')}
2026-03-23 09:42:54,502 - DEBUG - CaseID: 222 - parse_multi_results输入 - name_str: 'device_control', args_str: '{"action":"turnon","function_option":"HOT_DRINK","entity":"REFRIGERATOR"}'
2026-03-23 09:42:54,502 - DEBUG - CaseID: 222 - parse_multi_results输出: [{'name': 'device_control', 'args': {'action': 'turnon', 'entity': 'REFRIGERATOR', 'function_option': 'HOT_DRINK'}}]
2026-03-23 09:42:54,502 - DEBUG - CaseID: 222 - parse_multi_results输入 - name_str: 'device_control', args_str: '{"action":"turnon","function_option":"HOT_DRINK","entity":"REFRIGERATOR"}'
2026-03-23 09:42:54,502 - DEBUG - CaseID: 222 - parse_multi_results输出: [{'name': 'device_control', 'args': {'action': 'turnon', 'entity': 'REFRIGERATOR', 'function_option': 'HOT_DRINK'}}]
2026-03-23 09:42:54,502 - DEBUG - CaseID: 222 - expected_results: [{'name': 'device_control', 'args': {'action': 'turnon', 'entity': 'REFRIGERATOR', 'function_option': 'HOT_DRINK'}}]
2026-03-23 09:42:54,502 - DEBUG - CaseID: 222 - actual_results: [{'name': 'device_control', 'args': {'action': 'turnon', 'entity': 'REFRIGERATOR', 'function_option': 'HOT_DRINK'}}]
2026-03-23 09:42:54,502 - DEBUG - CaseID: 222 - expected_keys: {('device_control', '{"action": "turnon", "entity": "REFRIGERATOR", "function_option": "HOT_DRINK"}')}
2026-03-23 09:42:54,502 - DEBUG - CaseID: 222 - actual_keys: {('device_control', '{"action": "turnon", "entity": "REFRIGERATOR", "function_option": "HOT_DRINK"}')}
2026-03-23 09:42:54,502 - DEBUG - CaseID: 223 - parse_multi_results输入 - name_str: 'device_control', args_str: '{"action":"turnon","function_option":"HOT_DRINK","entity":"REFRIGERATOR"}'
2026-03-23 09:42:54,502 - DEBUG - CaseID: 223 - parse_multi_results输出: [{'name': 'device_control', 'args': {'action': 'turnon', 'entity': 'REFRIGERATOR', 'function_option': 'HOT_DRINK'}}]
2026-03-23 09:42:54,502 - DEBUG - CaseID: 223 - parse_multi_results输入 - name_str: 'device_control', args_str: '{"action":"turnon","function_option":"HOT_DRINK","entity":"REFRIGERATOR"}'
2026-03-23 09:42:54,502 - DEBUG - CaseID: 223 - parse_multi_results输出: [{'name': 'device_control', 'args': {'action': 'turnon', 'entity': 'REFRIGERATOR', 'function_option': 'HOT_DRINK'}}]
2026-03-23 09:42:54,502 - DEBUG - CaseID: 223 - expected_results: [{'name': 'device_control', 'args': {'action': 'turnon', 'entity': 'REFRIGERATOR', 'function_option': 'HOT_DRINK'}}]
2026-03-23 09:42:54,502 - DEBUG - CaseID: 223 - actual_results: [{'name': 'device_control', 'args': {'action': 'turnon', 'entity': 'REFRIGERATOR', 'function_option': 'HOT_DRINK'}}]
2026-03-23 09:42:54,502 - DEBUG - CaseID: 223 - expected_keys: {('device_control', '{"action": "turnon", "entity": "REFRIGERATOR", "function_option": "HOT_DRINK"}')}
2026-03-23 09:42:54,502 - DEBUG - CaseID: 223 - actual_keys: {('device_control', '{"action": "turnon", "entity": "REFRIGERATOR", "function_option": "HOT_DRINK"}')}
2026-03-23 09:42:54,502 - DEBUG - CaseID: 224 - parse_multi_results输入 - name_str: 'device_control', args_str: '{"action":"turnon","function_option":"HOT_DRINK","entity":"REFRIGERATOR"}'
2026-03-23 09:42:54,502 - DEBUG - CaseID: 224 - parse_multi_results输出: [{'name': 'device_control', 'args': {'action': 'turnon', 'entity': 'REFRIGERATOR', 'function_option': 'HOT_DRINK'}}]
2026-03-23 09:42:54,502 - DEBUG - CaseID: 224 - parse_multi_results输入 - name_str: 'device_control', args_str: '{"action":"turnon","function_option":"HOT_DRINK","entity":"REFRIGERATOR"}'
2026-03-23 09:42:54,502 - DEBUG - CaseID: 224 - parse_multi_results输出: [{'name': 'device_control', 'args': {'action': 'turnon', 'entity': 'REFRIGERATOR', 'function_option': 'HOT_DRINK'}}]
2026-03-23 09:42:54,502 - DEBUG - CaseID: 224 - expected_results: [{'name': 'device_control', 'args': {'action': 'turnon', 'entity': 'REFRIGERATOR', 'function_option': 'HOT_DRINK'}}]
2026-03-23 09:42:54,502 - DEBUG - CaseID: 224 - actual_results: [{'name': 'device_control', 'args': {'action': 'turnon', 'entity': 'REFRIGERATOR', 'function_option': 'HOT_DRINK'}}]
2026-03-23 09:42:54,502 - DEBUG - CaseID: 224 - expected_keys: {('device_control', '{"action": "turnon", "entity": "REFRIGERATOR", "function_option": "HOT_DRINK"}')}
2026-03-23 09:42:54,502 - DEBUG - CaseID: 224 - actual_keys: {('device_control', '{"action": "turnon", "entity": "REFRIGERATOR", "function_option": "HOT_DRINK"}')}
2026-03-23 09:42:54,502 - DEBUG - CaseID: 225 - parse_multi_results输入 - name_str: 'device_control', args_str: '{"action":"turnon","function_option":"HOT_DRINK","entity":"REFRIGERATOR"}'
2026-03-23 09:42:54,502 - DEBUG - CaseID: 225 - parse_multi_results输出: [{'name': 'device_control', 'args': {'action': 'turnon', 'entity': 'REFRIGERATOR', 'function_option': 'HOT_DRINK'}}]
2026-03-23 09:42:54,502 - DEBUG - CaseID: 225 - parse_multi_results输入 - name_str: 'device_control', args_str: '{"action":"turnon","function_option":"HOT_DRINK","entity":"REFRIGERATOR"}'
2026-03-23 09:42:54,502 - DEBUG - CaseID: 225 - parse_multi_results输出: [{'name': 'device_control', 'args': {'action': 'turnon', 'entity': 'REFRIGERATOR', 'function_option': 'HOT_DRINK'}}]
2026-03-23 09:42:54,502 - DEBUG - CaseID: 225 - expected_results: [{'name': 'device_control', 'args': {'action': 'turnon', 'entity': 'REFRIGERATOR', 'function_option': 'HOT_DRINK'}}]
2026-03-23 09:42:54,503 - DEBUG - CaseID: 225 - actual_results: [{'name': 'device_control', 'args': {'action': 'turnon', 'entity': 'REFRIGERATOR', 'function_option': 'HOT_DRINK'}}]
2026-03-23 09:42:54,503 - DEBUG - CaseID: 225 - expected_keys: {('device_control', '{"action": "turnon", "entity": "REFRIGERATOR", "function_option": "HOT_DRINK"}')}
2026-03-23 09:42:54,503 - DEBUG - CaseID: 225 - actual_keys: {('device_control', '{"action": "turnon", "entity": "REFRIGERATOR", "function_option": "HOT_DRINK"}')}
2026-03-23 09:42:54,503 - DEBUG - CaseID: 226 - parse_multi_results输入 - name_str: 'device_control', args_str: '{"action":"turnon","function_option":"HOT_DRINK","entity":"REFRIGERATOR"}'
2026-03-23 09:42:54,503 - DEBUG - CaseID: 226 - parse_multi_results输出: [{'name': 'device_control', 'args': {'action': 'turnon', 'entity': 'REFRIGERATOR', 'function_option': 'HOT_DRINK'}}]
2026-03-23 09:42:54,503 - DEBUG - CaseID: 226 - parse_multi_results输入 - name_str: 'device_control', args_str: '{"action":"turnon","function_option":"HOT_DRINK","entity":"REFRIGERATOR"}'
2026-03-23 09:42:54,503 - DEBUG - CaseID: 226 - parse_multi_results输出: [{'name': 'device_control', 'args': {'action': 'turnon', 'entity': 'REFRIGERATOR', 'function_option': 'HOT_DRINK'}}]
2026-03-23 09:42:54,503 - DEBUG - CaseID: 226 - expected_results: [{'name': 'device_control', 'args': {'action': 'turnon', 'entity': 'REFRIGERATOR', 'function_option': 'HOT_DRINK'}}]
2026-03-23 09:42:54,503 - DEBUG - CaseID: 226 - actual_results: [{'name': 'device_control', 'args': {'action': 'turnon', 'entity': 'REFRIGERATOR', 'function_option': 'HOT_DRINK'}}]
2026-03-23 09:42:54,503 - DEBUG - CaseID: 226 - expected_keys: {('device_control', '{"action": "turnon", "entity": "REFRIGERATOR", "function_option": "HOT_DRINK"}')}
2026-03-23 09:42:54,503 - DEBUG - CaseID: 226 - actual_keys: {('device_control', '{"action": "turnon", "entity": "REFRIGERATOR", "function_option": "HOT_DRINK"}')}
2026-03-23 09:42:54,503 - DEBUG - CaseID: 227 - parse_multi_results输入 - name_str: 'device_control', args_str: '{"action":"turnon","function_option":"HOT_DRINK","entity":"REFRIGERATOR"}'
2026-03-23 09:42:54,503 - DEBUG - CaseID: 227 - parse_multi_results输出: [{'name': 'device_control', 'args': {'action': 'turnon', 'entity': 'REFRIGERATOR', 'function_option': 'HOT_DRINK'}}]
2026-03-23 09:42:54,503 - DEBUG - CaseID: 227 - parse_multi_results输入 - name_str: 'device_control', args_str: '{"action":"turnon","function_option":"HOT_DRINK","entity":"REFRIGERATOR"}'
2026-03-23 09:42:54,503 - DEBUG - CaseID: 227 - parse_multi_results输出: [{'name': 'device_control', 'args': {'action': 'turnon', 'entity': 'REFRIGERATOR', 'function_option': 'HOT_DRINK'}}]
2026-03-23 09:42:54,503 - DEBUG - CaseID: 227 - expected_results: [{'name': 'device_control', 'args': {'action': 'turnon', 'entity': 'REFRIGERATOR', 'function_option': 'HOT_DRINK'}}]
2026-03-23 09:42:54,503 - DEBUG - CaseID: 227 - actual_results: [{'name': 'device_control', 'args': {'action': 'turnon', 'entity': 'REFRIGERATOR', 'function_option': 'HOT_DRINK'}}]
2026-03-23 09:42:54,503 - DEBUG - CaseID: 227 - expected_keys: {('device_control', '{"action": "turnon", "entity": "REFRIGERATOR", "function_option": "HOT_DRINK"}')}
2026-03-23 09:42:54,503 - DEBUG - CaseID: 227 - actual_keys: {('device_control', '{"action": "turnon", "entity": "REFRIGERATOR", "function_option": "HOT_DRINK"}')}
2026-03-23 09:42:54,503 - DEBUG - CaseID: 228 - parse_multi_results输入 - name_str: 'device_control', args_str: '{"action":"turnon","function_option":"HOT_DRINK","entity":"REFRIGERATOR"}'
2026-03-23 09:42:54,503 - DEBUG - CaseID: 228 - parse_multi_results输出: [{'name': 'device_control', 'args': {'action': 'turnon', 'entity': 'REFRIGERATOR', 'function_option': 'HOT_DRINK'}}]
2026-03-23 09:42:54,503 - DEBUG - CaseID: 228 - parse_multi_results输入 - name_str: 'device_control', args_str: '{"action":"turnon","function_option":"HOT_DRINK","entity":"REFRIGERATOR"}'
2026-03-23 09:42:54,503 - DEBUG - CaseID: 228 - parse_multi_results输出: [{'name': 'device_control', 'args': {'action': 'turnon', 'entity': 'REFRIGERATOR', 'function_option': 'HOT_DRINK'}}]
2026-03-23 09:42:54,503 - DEBUG - CaseID: 228 - expected_results: [{'name': 'device_control', 'args': {'action': 'turnon', 'entity': 'REFRIGERATOR', 'function_option': 'HOT_DRINK'}}]
2026-03-23 09:42:54,503 - DEBUG - CaseID: 228 - actual_results: [{'name': 'device_control', 'args': {'action': 'turnon', 'entity': 'REFRIGERATOR', 'function_option': 'HOT_DRINK'}}]
2026-03-23 09:42:54,503 - DEBUG - CaseID: 228 - expected_keys: {('device_control', '{"action": "turnon", "entity": "REFRIGERATOR", "function_option": "HOT_DRINK"}')}
2026-03-23 09:42:54,503 - DEBUG - CaseID: 228 - actual_keys: {('device_control', '{"action": "turnon", "entity": "REFRIGERATOR", "function_option": "HOT_DRINK"}')}
2026-03-23 09:42:54,503 - DEBUG - CaseID: 229 - parse_multi_results输入 - name_str: 'device_control', args_str: '{"action":"turnon","function_option":"HOT_DRINK","entity":"REFRIGERATOR"}'
2026-03-23 09:42:54,503 - DEBUG - CaseID: 229 - parse_multi_results输出: [{'name': 'device_control', 'args': {'action': 'turnon', 'entity': 'REFRIGERATOR', 'function_option': 'HOT_DRINK'}}]
2026-03-23 09:42:54,503 - DEBUG - CaseID: 229 - parse_multi_results输入 - name_str: 'device_control', args_str: '{"action":"turnon","function_option":"HOT_DRINK","entity":"REFRIGERATOR"}'
2026-03-23 09:42:54,503 - DEBUG - CaseID: 229 - parse_multi_results输出: [{'name': 'device_control', 'args': {'action': 'turnon', 'entity': 'REFRIGERATOR', 'function_option': 'HOT_DRINK'}}]
2026-03-23 09:42:54,503 - DEBUG - CaseID: 229 - expected_results: [{'name': 'device_control', 'args': {'action': 'turnon', 'entity': 'REFRIGERATOR', 'function_option': 'HOT_DRINK'}}]
2026-03-23 09:42:54,503 - DEBUG - CaseID: 229 - actual_results: [{'name': 'device_control', 'args': {'action': 'turnon', 'entity': 'REFRIGERATOR', 'function_option': 'HOT_DRINK'}}]
2026-03-23 09:42:54,503 - DEBUG - CaseID: 229 - expected_keys: {('device_control', '{"action": "turnon", "entity": "REFRIGERATOR", "function_option": "HOT_DRINK"}')}
2026-03-23 09:42:54,503 - DEBUG - CaseID: 229 - actual_keys: {('device_control', '{"action": "turnon", "entity": "REFRIGERATOR", "function_option": "HOT_DRINK"}')}
2026-03-23 09:42:54,503 - DEBUG - CaseID: 230 - parse_multi_results输入 - name_str: 'device_control', args_str: '{"action":"turnon","function_option":"HOT_DRINK","entity":"REFRIGERATOR"}'
2026-03-23 09:42:54,503 - DEBUG - CaseID: 230 - parse_multi_results输出: [{'name': 'device_control', 'args': {'action': 'turnon', 'entity': 'REFRIGERATOR', 'function_option': 'HOT_DRINK'}}]
2026-03-23 09:42:54,503 - DEBUG - CaseID: 230 - parse_multi_results输入 - name_str: 'device_control', args_str: '{"action":"turnon","function_option":"HOT_DRINK","entity":"REFRIGERATOR"}'
2026-03-23 09:42:54,504 - DEBUG - CaseID: 230 - parse_multi_results输出: [{'name': 'device_control', 'args': {'action': 'turnon', 'entity': 'REFRIGERATOR', 'function_option': 'HOT_DRINK'}}]
2026-03-23 09:42:54,504 - DEBUG - CaseID: 230 - expected_results: [{'name': 'device_control', 'args': {'action': 'turnon', 'entity': 'REFRIGERATOR', 'function_option': 'HOT_DRINK'}}]
2026-03-23 09:42:54,504 - DEBUG - CaseID: 230 - actual_results: [{'name': 'device_control', 'args': {'action': 'turnon', 'entity': 'REFRIGERATOR', 'function_option': 'HOT_DRINK'}}]
2026-03-23 09:42:54,504 - DEBUG - CaseID: 230 - expected_keys: {('device_control', '{"action": "turnon", "entity": "REFRIGERATOR", "function_option": "HOT_DRINK"}')}
2026-03-23 09:42:54,504 - DEBUG - CaseID: 230 - actual_keys: {('device_control', '{"action": "turnon", "entity": "REFRIGERATOR", "function_option": "HOT_DRINK"}')}
2026-03-23 09:42:54,504 - DEBUG - CaseID: 231 - parse_multi_results输入 - name_str: 'device_control', args_str: '{"action":"turnon","function_option":"HOT_DRINK","entity":"REFRIGERATOR"}'
2026-03-23 09:42:54,504 - DEBUG - CaseID: 231 - parse_multi_results输出: [{'name': 'device_control', 'args': {'action': 'turnon', 'entity': 'REFRIGERATOR', 'function_option': 'HOT_DRINK'}}]
2026-03-23 09:42:54,504 - DEBUG - CaseID: 231 - parse_multi_results输入 - name_str: 'device_control', args_str: '{"action":"turnon","function_option":"HOT_DRINK","entity":"REFRIGERATOR"}'
2026-03-23 09:42:54,504 - DEBUG - CaseID: 231 - parse_multi_results输出: [{'name': 'device_control', 'args': {'action': 'turnon', 'entity': 'REFRIGERATOR', 'function_option': 'HOT_DRINK'}}]
2026-03-23 09:42:54,504 - DEBUG - CaseID: 231 - expected_results: [{'name': 'device_control', 'args': {'action': 'turnon', 'entity': 'REFRIGERATOR', 'function_option': 'HOT_DRINK'}}]
2026-03-23 09:42:54,504 - DEBUG - CaseID: 231 - actual_results: [{'name': 'device_control', 'args': {'action': 'turnon', 'entity': 'REFRIGERATOR', 'function_option': 'HOT_DRINK'}}]
2026-03-23 09:42:54,504 - DEBUG - CaseID: 231 - expected_keys: {('device_control', '{"action": "turnon", "entity": "REFRIGERATOR", "function_option": "HOT_DRINK"}')}
2026-03-23 09:42:54,504 - DEBUG - CaseID: 231 - actual_keys: {('device_control', '{"action": "turnon", "entity": "REFRIGERATOR", "function_option": "HOT_DRINK"}')}
2026-03-23 09:42:54,504 - DEBUG - CaseID: 232 - parse_multi_results输入 - name_str: 'device_control', args_str: '{"action":"turnon","function_option":"HOT_DRINK","entity":"REFRIGERATOR"}'
2026-03-23 09:42:54,504 - DEBUG - CaseID: 232 - parse_multi_results输出: [{'name': 'device_control', 'args': {'action': 'turnon', 'entity': 'REFRIGERATOR', 'function_option': 'HOT_DRINK'}}]
2026-03-23 09:42:54,504 - DEBUG - CaseID: 232 - parse_multi_results输入 - name_str: 'device_control', args_str: '{"action":"turnon","function_option":"HOT_DRINK","entity":"REFRIGERATOR"}'
2026-03-23 09:42:54,504 - DEBUG - CaseID: 232 - parse_multi_results输出: [{'name': 'device_control', 'args': {'action': 'turnon', 'entity': 'REFRIGERATOR', 'function_option': 'HOT_DRINK'}}]
2026-03-23 09:42:54,504 - DEBUG - CaseID: 232 - expected_results: [{'name': 'device_control', 'args': {'action': 'turnon', 'entity': 'REFRIGERATOR', 'function_option': 'HOT_DRINK'}}]
2026-03-23 09:42:54,504 - DEBUG - CaseID: 232 - actual_results: [{'name': 'device_control', 'args': {'action': 'turnon', 'entity': 'REFRIGERATOR', 'function_option': 'HOT_DRINK'}}]
2026-03-23 09:42:54,504 - DEBUG - CaseID: 232 - expected_keys: {('device_control', '{"action": "turnon", "entity": "REFRIGERATOR", "function_option": "HOT_DRINK"}')}
2026-03-23 09:42:54,504 - DEBUG - CaseID: 232 - actual_keys: {('device_control', '{"action": "turnon", "entity": "REFRIGERATOR", "function_option": "HOT_DRINK"}')}
2026-03-23 09:42:54,504 - DEBUG - CaseID: 233 - parse_multi_results输入 - name_str: 'device_control', args_str: '{"action":"turnoff","function_option":"HOT_DRINK","entity":"REFRIGERATOR"}'
2026-03-23 09:42:54,504 - DEBUG - CaseID: 233 - parse_multi_results输出: [{'name': 'device_control', 'args': {'action': 'turnoff', 'entity': 'REFRIGERATOR', 'function_option': 'HOT_DRINK'}}]
2026-03-23 09:42:54,504 - DEBUG - CaseID: 233 - parse_multi_results输入 - name_str: 'device_control', args_str: '{"action":"turnoff","function_option":"HOT_DRINK","entity":"REFRIGERATOR"}'
2026-03-23 09:42:54,504 - DEBUG - CaseID: 233 - parse_multi_results输出: [{'name': 'device_control', 'args': {'action': 'turnoff', 'entity': 'REFRIGERATOR', 'function_option': 'HOT_DRINK'}}]
2026-03-23 09:42:54,504 - DEBUG - CaseID: 233 - expected_results: [{'name': 'device_control', 'args': {'action': 'turnoff', 'entity': 'REFRIGERATOR', 'function_option': 'HOT_DRINK'}}]
2026-03-23 09:42:54,504 - DEBUG - CaseID: 233 - actual_results: [{'name': 'device_control', 'args': {'action': 'turnoff', 'entity': 'REFRIGERATOR', 'function_option': 'HOT_DRINK'}}]
2026-03-23 09:42:54,504 - DEBUG - CaseID: 233 - expected_keys: {('device_control', '{"action": "turnoff", "entity": "REFRIGERATOR", "function_option": "HOT_DRINK"}')}
2026-03-23 09:42:54,504 - DEBUG - CaseID: 233 - actual_keys: {('device_control', '{"action": "turnoff", "entity": "REFRIGERATOR", "function_option": "HOT_DRINK"}')}
2026-03-23 09:42:54,504 - DEBUG - CaseID: 234 - parse_multi_results输入 - name_str: 'device_control', args_str: '{"action":"turnoff","function_option":"HOT_DRINK","entity":"REFRIGERATOR"}'
2026-03-23 09:42:54,504 - DEBUG - CaseID: 234 - parse_multi_results输出: [{'name': 'device_control', 'args': {'action': 'turnoff', 'entity': 'REFRIGERATOR', 'function_option': 'HOT_DRINK'}}]
2026-03-23 09:42:54,504 - DEBUG - CaseID: 234 - parse_multi_results输入 - name_str: 'device_control', args_str: '{"action":"turnoff","function_option":"HOT_DRINK","entity":"REFRIGERATOR"}'
2026-03-23 09:42:54,504 - DEBUG - CaseID: 234 - parse_multi_results输出: [{'name': 'device_control', 'args': {'action': 'turnoff', 'entity': 'REFRIGERATOR', 'function_option': 'HOT_DRINK'}}]
2026-03-23 09:42:54,504 - DEBUG - CaseID: 234 - expected_results: [{'name': 'device_control', 'args': {'action': 'turnoff', 'entity': 'REFRIGERATOR', 'function_option': 'HOT_DRINK'}}]
2026-03-23 09:42:54,504 - DEBUG - CaseID: 234 - actual_results: [{'name': 'device_control', 'args': {'action': 'turnoff', 'entity': 'REFRIGERATOR', 'function_option': 'HOT_DRINK'}}]
2026-03-23 09:42:54,504 - DEBUG - CaseID: 234 - expected_keys: {('device_control', '{"action": "turnoff", "entity": "REFRIGERATOR", "function_option": "HOT_DRINK"}')}
2026-03-23 09:42:54,504 - DEBUG - CaseID: 234 - actual_keys: {('device_control', '{"action": "turnoff", "entity": "REFRIGERATOR", "function_option": "HOT_DRINK"}')}
2026-03-23 09:42:54,504 - DEBUG - CaseID: 235 - parse_multi_results输入 - name_str: 'device_control', args_str: '{"action":"turnoff","function_option":"HOT_DRINK","entity":"REFRIGERATOR"}'
2026-03-23 09:42:54,504 - DEBUG - CaseID: 235 - parse_multi_results输出: [{'name': 'device_control', 'args': {'action': 'turnoff', 'entity': 'REFRIGERATOR', 'function_option': 'HOT_DRINK'}}]
2026-03-23 09:42:54,504 - DEBUG - CaseID: 235 - parse_multi_results输入 - name_str: 'device_control', args_str: '{"action":"turnoff","function_option":"HOT_DRINK","entity":"REFRIGERATOR"}'
2026-03-23 09:42:54,505 - DEBUG - CaseID: 235 - parse_multi_results输出: [{'name': 'device_control', 'args': {'action': 'turnoff', 'entity': 'REFRIGERATOR', 'function_option': 'HOT_DRINK'}}]
2026-03-23 09:42:54,505 - DEBUG - CaseID: 235 - expected_results: [{'name': 'device_control', 'args': {'action': 'turnoff', 'entity': 'REFRIGERATOR', 'function_option': 'HOT_DRINK'}}]
2026-03-23 09:42:54,505 - DEBUG - CaseID: 235 - actual_results: [{'name': 'device_control', 'args': {'action': 'turnoff', 'entity': 'REFRIGERATOR', 'function_option': 'HOT_DRINK'}}]
2026-03-23 09:42:54,505 - DEBUG - CaseID: 235 - expected_keys: {('device_control', '{"action": "turnoff", "entity": "REFRIGERATOR", "function_option": "HOT_DRINK"}')}
2026-03-23 09:42:54,505 - DEBUG - CaseID: 235 - actual_keys: {('device_control', '{"action": "turnoff", "entity": "REFRIGERATOR", "function_option": "HOT_DRINK"}')}
2026-03-23 09:42:54,505 - DEBUG - CaseID: 236 - parse_multi_results输入 - name_str: 'device_control', args_str: '{"action":"turnoff","function_option":"HOT_DRINK","entity":"REFRIGERATOR"}'
2026-03-23 09:42:54,505 - DEBUG - CaseID: 236 - parse_multi_results输出: [{'name': 'device_control', 'args': {'action': 'turnoff', 'entity': 'REFRIGERATOR', 'function_option': 'HOT_DRINK'}}]
2026-03-23 09:42:54,505 - DEBUG - CaseID: 236 - parse_multi_results输入 - name_str: 'device_control', args_str: '{"action":"turnoff","function_option":"HOT_DRINK","entity":"REFRIGERATOR"}'
2026-03-23 09:42:54,505 - DEBUG - CaseID: 236 - parse_multi_results输出: [{'name': 'device_control', 'args': {'action': 'turnoff', 'entity': 'REFRIGERATOR', 'function_option': 'HOT_DRINK'}}]
2026-03-23 09:42:54,505 - DEBUG - CaseID: 236 - expected_results: [{'name': 'device_control', 'args': {'action': 'turnoff', 'entity': 'REFRIGERATOR', 'function_option': 'HOT_DRINK'}}]
2026-03-23 09:42:54,505 - DEBUG - CaseID: 236 - actual_results: [{'name': 'device_control', 'args': {'action': 'turnoff', 'entity': 'REFRIGERATOR', 'function_option': 'HOT_DRINK'}}]
2026-03-23 09:42:54,505 - DEBUG - CaseID: 236 - expected_keys: {('device_control', '{"action": "turnoff", "entity": "REFRIGERATOR", "function_option": "HOT_DRINK"}')}
2026-03-23 09:42:54,505 - DEBUG - CaseID: 236 - actual_keys: {('device_control', '{"action": "turnoff", "entity": "REFRIGERATOR", "function_option": "HOT_DRINK"}')}
2026-03-23 09:42:54,505 - DEBUG - CaseID: 237 - parse_multi_results输入 - name_str: 'device_control', args_str: '{"action":"turnoff","function_option":"HOT_DRINK","entity":"REFRIGERATOR"}'
2026-03-23 09:42:54,505 - DEBUG - CaseID: 237 - parse_multi_results输出: [{'name': 'device_control', 'args': {'action': 'turnoff', 'entity': 'REFRIGERATOR', 'function_option': 'HOT_DRINK'}}]
2026-03-23 09:42:54,505 - DEBUG - CaseID: 237 - parse_multi_results输入 - name_str: 'device_control', args_str: '{"action":"turnoff","function_option":"HOT_DRINK","entity":"REFRIGERATOR"}'
2026-03-23 09:42:54,505 - DEBUG - CaseID: 237 - parse_multi_results输出: [{'name': 'device_control', 'args': {'action': 'turnoff', 'entity': 'REFRIGERATOR', 'function_option': 'HOT_DRINK'}}]
2026-03-23 09:42:54,505 - DEBUG - CaseID: 237 - expected_results: [{'name': 'device_control', 'args': {'action': 'turnoff', 'entity': 'REFRIGERATOR', 'function_option': 'HOT_DRINK'}}]
2026-03-23 09:42:54,505 - DEBUG - CaseID: 237 - actual_results: [{'name': 'device_control', 'args': {'action': 'turnoff', 'entity': 'REFRIGERATOR', 'function_option': 'HOT_DRINK'}}]
2026-03-23 09:42:54,505 - DEBUG - CaseID: 237 - expected_keys: {('device_control', '{"action": "turnoff", "entity": "REFRIGERATOR", "function_option": "HOT_DRINK"}')}
2026-03-23 09:42:54,505 - DEBUG - CaseID: 237 - actual_keys: {('device_control', '{"action": "turnoff", "entity": "REFRIGERATOR", "function_option": "HOT_DRINK"}')}
2026-03-23 09:42:54,505 - DEBUG - CaseID: 238 - parse_multi_results输入 - name_str: 'device_control', args_str: '{"action":"turnoff","function_option":"HOT_DRINK","entity":"REFRIGERATOR"}'
2026-03-23 09:42:54,505 - DEBUG - CaseID: 238 - parse_multi_results输出: [{'name': 'device_control', 'args': {'action': 'turnoff', 'entity': 'REFRIGERATOR', 'function_option': 'HOT_DRINK'}}]
2026-03-23 09:42:54,505 - DEBUG - CaseID: 238 - parse_multi_results输入 - name_str: 'device_control', args_str: '{"action":"turnoff","function_option":"HOT_DRINK","entity":"REFRIGERATOR"}'
2026-03-23 09:42:54,505 - DEBUG - CaseID: 238 - parse_multi_results输出: [{'name': 'device_control', 'args': {'action': 'turnoff', 'entity': 'REFRIGERATOR', 'function_option': 'HOT_DRINK'}}]
2026-03-23 09:42:54,505 - DEBUG - CaseID: 238 - expected_results: [{'name': 'device_control', 'args': {'action': 'turnoff', 'entity': 'REFRIGERATOR', 'function_option': 'HOT_DRINK'}}]
2026-03-23 09:42:54,505 - DEBUG - CaseID: 238 - actual_results: [{'name': 'device_control', 'args': {'action': 'turnoff', 'entity': 'REFRIGERATOR', 'function_option': 'HOT_DRINK'}}]
2026-03-23 09:42:54,505 - DEBUG - CaseID: 238 - expected_keys: {('device_control', '{"action": "turnoff", "entity": "REFRIGERATOR", "function_option": "HOT_DRINK"}')}
2026-03-23 09:42:54,505 - DEBUG - CaseID: 238 - actual_keys: {('device_control', '{"action": "turnoff", "entity": "REFRIGERATOR", "function_option": "HOT_DRINK"}')}
2026-03-23 09:42:54,505 - DEBUG - CaseID: 239 - parse_multi_results输入 - name_str: 'device_control', args_str: '{"action":"turnoff","function_option":"HOT_DRINK","entity":"REFRIGERATOR"}'
2026-03-23 09:42:54,505 - DEBUG - CaseID: 239 - parse_multi_results输出: [{'name': 'device_control', 'args': {'action': 'turnoff', 'entity': 'REFRIGERATOR', 'function_option': 'HOT_DRINK'}}]
2026-03-23 09:42:54,505 - DEBUG - CaseID: 239 - parse_multi_results输入 - name_str: 'device_control', args_str: '{"action":"turnoff","function_option":"HOT_DRINK","entity":"REFRIGERATOR"}'
2026-03-23 09:42:54,505 - DEBUG - CaseID: 239 - parse_multi_results输出: [{'name': 'device_control', 'args': {'action': 'turnoff', 'entity': 'REFRIGERATOR', 'function_option': 'HOT_DRINK'}}]
2026-03-23 09:42:54,505 - DEBUG - CaseID: 239 - expected_results: [{'name': 'device_control', 'args': {'action': 'turnoff', 'entity': 'REFRIGERATOR', 'function_option': 'HOT_DRINK'}}]
2026-03-23 09:42:54,505 - DEBUG - CaseID: 239 - actual_results: [{'name': 'device_control', 'args': {'action': 'turnoff', 'entity': 'REFRIGERATOR', 'function_option': 'HOT_DRINK'}}]
2026-03-23 09:42:54,505 - DEBUG - CaseID: 239 - expected_keys: {('device_control', '{"action": "turnoff", "entity": "REFRIGERATOR", "function_option": "HOT_DRINK"}')}
2026-03-23 09:42:54,505 - DEBUG - CaseID: 239 - actual_keys: {('device_control', '{"action": "turnoff", "entity": "REFRIGERATOR", "function_option": "HOT_DRINK"}')}
2026-03-23 09:42:54,506 - DEBUG - CaseID: 240 - parse_multi_results输入 - name_str: 'device_control', args_str: '{"action":"turnoff","function_option":"HOT_DRINK","entity":"REFRIGERATOR"}'
2026-03-23 09:42:54,506 - DEBUG - CaseID: 240 - parse_multi_results输出: [{'name': 'device_control', 'args': {'action': 'turnoff', 'entity': 'REFRIGERATOR', 'function_option': 'HOT_DRINK'}}]
2026-03-23 09:42:54,506 - DEBUG - CaseID: 240 - parse_multi_results输入 - name_str: 'device_control', args_str: '{"action":"turnoff","function_option":"HOT_DRINK","entity":"REFRIGERATOR"}'
2026-03-23 09:42:54,506 - DEBUG - CaseID: 240 - parse_multi_results输出: [{'name': 'device_control', 'args': {'action': 'turnoff', 'entity': 'REFRIGERATOR', 'function_option': 'HOT_DRINK'}}]
2026-03-23 09:42:54,506 - DEBUG - CaseID: 240 - expected_results: [{'name': 'device_control', 'args': {'action': 'turnoff', 'entity': 'REFRIGERATOR', 'function_option': 'HOT_DRINK'}}]
2026-03-23 09:42:54,506 - DEBUG - CaseID: 240 - actual_results: [{'name': 'device_control', 'args': {'action': 'turnoff', 'entity': 'REFRIGERATOR', 'function_option': 'HOT_DRINK'}}]
2026-03-23 09:42:54,506 - DEBUG - CaseID: 240 - expected_keys: {('device_control', '{"action": "turnoff", "entity": "REFRIGERATOR", "function_option": "HOT_DRINK"}')}
2026-03-23 09:42:54,506 - DEBUG - CaseID: 240 - actual_keys: {('device_control', '{"action": "turnoff", "entity": "REFRIGERATOR", "function_option": "HOT_DRINK"}')}
2026-03-23 09:42:54,506 - DEBUG - CaseID: 241 - parse_multi_results输入 - name_str: 'device_control', args_str: '{"action":"turnoff","function_option":"HOT_DRINK","entity":"REFRIGERATOR"}'
2026-03-23 09:42:54,506 - DEBUG - CaseID: 241 - parse_multi_results输出: [{'name': 'device_control', 'args': {'action': 'turnoff', 'entity': 'REFRIGERATOR', 'function_option': 'HOT_DRINK'}}]
2026-03-23 09:42:54,506 - DEBUG - CaseID: 241 - parse_multi_results输入 - name_str: 'device_control', args_str: '{"action":"turnoff","function_option":"HOT_DRINK","entity":"REFRIGERATOR"}'
2026-03-23 09:42:54,506 - DEBUG - CaseID: 241 - parse_multi_results输出: [{'name': 'device_control', 'args': {'action': 'turnoff', 'entity': 'REFRIGERATOR', 'function_option': 'HOT_DRINK'}}]
2026-03-23 09:42:54,506 - DEBUG - CaseID: 241 - expected_results: [{'name': 'device_control', 'args': {'action': 'turnoff', 'entity': 'REFRIGERATOR', 'function_option': 'HOT_DRINK'}}]
2026-03-23 09:42:54,506 - DEBUG - CaseID: 241 - actual_results: [{'name': 'device_control', 'args': {'action': 'turnoff', 'entity': 'REFRIGERATOR', 'function_option': 'HOT_DRINK'}}]
2026-03-23 09:42:54,506 - DEBUG - CaseID: 241 - expected_keys: {('device_control', '{"action": "turnoff", "entity": "REFRIGERATOR", "function_option": "HOT_DRINK"}')}
2026-03-23 09:42:54,506 - DEBUG - CaseID: 241 - actual_keys: {('device_control', '{"action": "turnoff", "entity": "REFRIGERATOR", "function_option": "HOT_DRINK"}')}
2026-03-23 09:42:54,506 - DEBUG - CaseID: 242 - parse_multi_results输入 - name_str: 'device_control', args_str: '{"action":"turnoff","function_option":"HOT_DRINK","entity":"REFRIGERATOR"}'
2026-03-23 09:42:54,506 - DEBUG - CaseID: 242 - parse_multi_results输出: [{'name': 'device_control', 'args': {'action': 'turnoff', 'entity': 'REFRIGERATOR', 'function_option': 'HOT_DRINK'}}]
2026-03-23 09:42:54,506 - DEBUG - CaseID: 242 - parse_multi_results输入 - name_str: 'device_control', args_str: '{"action":"turnoff","function_option":"HOT_DRINK","entity":"REFRIGERATOR"}'
2026-03-23 09:42:54,506 - DEBUG - CaseID: 242 - parse_multi_results输出: [{'name': 'device_control', 'args': {'action': 'turnoff', 'entity': 'REFRIGERATOR', 'function_option': 'HOT_DRINK'}}]
2026-03-23 09:42:54,506 - DEBUG - CaseID: 242 - expected_results: [{'name': 'device_control', 'args': {'action': 'turnoff', 'entity': 'REFRIGERATOR', 'function_option': 'HOT_DRINK'}}]
2026-03-23 09:42:54,506 - DEBUG - CaseID: 242 - actual_results: [{'name': 'device_control', 'args': {'action': 'turnoff', 'entity': 'REFRIGERATOR', 'function_option': 'HOT_DRINK'}}]
2026-03-23 09:42:54,506 - DEBUG - CaseID: 242 - expected_keys: {('device_control', '{"action": "turnoff", "entity": "REFRIGERATOR", "function_option": "HOT_DRINK"}')}
2026-03-23 09:42:54,506 - DEBUG - CaseID: 242 - actual_keys: {('device_control', '{"action": "turnoff", "entity": "REFRIGERATOR", "function_option": "HOT_DRINK"}')}
2026-03-23 09:42:54,506 - DEBUG - CaseID: 243 - parse_multi_results输入 - name_str: 'device_control', args_str: '{"action":"turnoff","function_option":"HOT_DRINK","entity":"REFRIGERATOR"}'
2026-03-23 09:42:54,506 - DEBUG - CaseID: 243 - parse_multi_results输出: [{'name': 'device_control', 'args': {'action': 'turnoff', 'entity': 'REFRIGERATOR', 'function_option': 'HOT_DRINK'}}]
2026-03-23 09:42:54,506 - DEBUG - CaseID: 243 - parse_multi_results输入 - name_str: 'device_control', args_str: '{"action":"turnoff","function_option":"HOT_DRINK","entity":"REFRIGERATOR"}'
2026-03-23 09:42:54,506 - DEBUG - CaseID: 243 - parse_multi_results输出: [{'name': 'device_control', 'args': {'action': 'turnoff', 'entity': 'REFRIGERATOR', 'function_option': 'HOT_DRINK'}}]
2026-03-23 09:42:54,506 - DEBUG - CaseID: 243 - expected_results: [{'name': 'device_control', 'args': {'action': 'turnoff', 'entity': 'REFRIGERATOR', 'function_option': 'HOT_DRINK'}}]
2026-03-23 09:42:54,506 - DEBUG - CaseID: 243 - actual_results: [{'name': 'device_control', 'args': {'action': 'turnoff', 'entity': 'REFRIGERATOR', 'function_option': 'HOT_DRINK'}}]
2026-03-23 09:42:54,506 - DEBUG - CaseID: 243 - expected_keys: {('device_control', '{"action": "turnoff", "entity": "REFRIGERATOR", "function_option": "HOT_DRINK"}')}
2026-03-23 09:42:54,506 - DEBUG - CaseID: 243 - actual_keys: {('device_control', '{"action": "turnoff", "entity": "REFRIGERATOR", "function_option": "HOT_DRINK"}')}
2026-03-23 09:42:54,506 - DEBUG - CaseID: 244 - parse_multi_results输入 - name_str: 'device_control', args_str: '{"action":"turnoff","function_option":"HOT_DRINK","entity":"REFRIGERATOR"}'
2026-03-23 09:42:54,506 - DEBUG - CaseID: 244 - parse_multi_results输出: [{'name': 'device_control', 'args': {'action': 'turnoff', 'entity': 'REFRIGERATOR', 'function_option': 'HOT_DRINK'}}]
2026-03-23 09:42:54,506 - DEBUG - CaseID: 244 - parse_multi_results输入 - name_str: 'device_control', args_str: '{"action":"turnoff","function_option":"HOT_DRINK","entity":"REFRIGERATOR"}'
2026-03-23 09:42:54,506 - DEBUG - CaseID: 244 - parse_multi_results输出: [{'name': 'device_control', 'args': {'action': 'turnoff', 'entity': 'REFRIGERATOR', 'function_option': 'HOT_DRINK'}}]
2026-03-23 09:42:54,506 - DEBUG - CaseID: 244 - expected_results: [{'name': 'device_control', 'args': {'action': 'turnoff', 'entity': 'REFRIGERATOR', 'function_option': 'HOT_DRINK'}}]
2026-03-23 09:42:54,506 - DEBUG - CaseID: 244 - actual_results: [{'name': 'device_control', 'args': {'action': 'turnoff', 'entity': 'REFRIGERATOR', 'function_option': 'HOT_DRINK'}}]
2026-03-23 09:42:54,506 - DEBUG - CaseID: 244 - expected_keys: {('device_control', '{"action": "turnoff", "entity": "REFRIGERATOR", "function_option": "HOT_DRINK"}')}
2026-03-23 09:42:54,507 - DEBUG - CaseID: 244 - actual_keys: {('device_control', '{"action": "turnoff", "entity": "REFRIGERATOR", "function_option": "HOT_DRINK"}')}
2026-03-23 09:42:54,507 - DEBUG - CaseID: 245 - parse_multi_results输入 - name_str: 'device_control', args_str: '{"action":"turnoff","function_option":"HOT_DRINK","entity":"REFRIGERATOR"}'
2026-03-23 09:42:54,507 - DEBUG - CaseID: 245 - parse_multi_results输出: [{'name': 'device_control', 'args': {'action': 'turnoff', 'entity': 'REFRIGERATOR', 'function_option': 'HOT_DRINK'}}]
2026-03-23 09:42:54,507 - DEBUG - CaseID: 245 - parse_multi_results输入 - name_str: 'device_control', args_str: '{"action":"turnoff","function_option":"HOT_DRINK","entity":"REFRIGERATOR"}'
2026-03-23 09:42:54,507 - DEBUG - CaseID: 245 - parse_multi_results输出: [{'name': 'device_control', 'args': {'action': 'turnoff', 'entity': 'REFRIGERATOR', 'function_option': 'HOT_DRINK'}}]
2026-03-23 09:42:54,507 - DEBUG - CaseID: 245 - expected_results: [{'name': 'device_control', 'args': {'action': 'turnoff', 'entity': 'REFRIGERATOR', 'function_option': 'HOT_DRINK'}}]
2026-03-23 09:42:54,507 - DEBUG - CaseID: 245 - actual_results: [{'name': 'device_control', 'args': {'action': 'turnoff', 'entity': 'REFRIGERATOR', 'function_option': 'HOT_DRINK'}}]
2026-03-23 09:42:54,507 - DEBUG - CaseID: 245 - expected_keys: {('device_control', '{"action": "turnoff", "entity": "REFRIGERATOR", "function_option": "HOT_DRINK"}')}
2026-03-23 09:42:54,507 - DEBUG - CaseID: 245 - actual_keys: {('device_control', '{"action": "turnoff", "entity": "REFRIGERATOR", "function_option": "HOT_DRINK"}')}
2026-03-23 09:42:54,507 - DEBUG - CaseID: 246 - parse_multi_results输入 - name_str: 'device_control', args_str: '{"action":"turnoff","function_option":"HOT_DRINK","entity":"REFRIGERATOR"}'
2026-03-23 09:42:54,507 - DEBUG - CaseID: 246 - parse_multi_results输出: [{'name': 'device_control', 'args': {'action': 'turnoff', 'entity': 'REFRIGERATOR', 'function_option': 'HOT_DRINK'}}]
2026-03-23 09:42:54,507 - DEBUG - CaseID: 246 - parse_multi_results输入 - name_str: 'device_control', args_str: '{"action":"turnoff","function_option":"HOT_DRINK","entity":"REFRIGERATOR"}'
2026-03-23 09:42:54,507 - DEBUG - CaseID: 246 - parse_multi_results输出: [{'name': 'device_control', 'args': {'action': 'turnoff', 'entity': 'REFRIGERATOR', 'function_option': 'HOT_DRINK'}}]
2026-03-23 09:42:54,507 - DEBUG - CaseID: 246 - expected_results: [{'name': 'device_control', 'args': {'action': 'turnoff', 'entity': 'REFRIGERATOR', 'function_option': 'HOT_DRINK'}}]
2026-03-23 09:42:54,507 - DEBUG - CaseID: 246 - actual_results: [{'name': 'device_control', 'args': {'action': 'turnoff', 'entity': 'REFRIGERATOR', 'function_option': 'HOT_DRINK'}}]
2026-03-23 09:42:54,507 - DEBUG - CaseID: 246 - expected_keys: {('device_control', '{"action": "turnoff", "entity": "REFRIGERATOR", "function_option": "HOT_DRINK"}')}
2026-03-23 09:42:54,507 - DEBUG - CaseID: 246 - actual_keys: {('device_control', '{"action": "turnoff", "entity": "REFRIGERATOR", "function_option": "HOT_DRINK"}')}
2026-03-23 09:42:54,507 - DEBUG - CaseID: 247 - parse_multi_results输入 - name_str: 'device_control', args_str: '{"action":"turnoff","function_option":"HOT_DRINK","entity":"REFRIGERATOR"}'
2026-03-23 09:42:54,507 - DEBUG - CaseID: 247 - parse_multi_results输出: [{'name': 'device_control', 'args': {'action': 'turnoff', 'entity': 'REFRIGERATOR', 'function_option': 'HOT_DRINK'}}]
2026-03-23 09:42:54,507 - DEBUG - CaseID: 247 - parse_multi_results输入 - name_str: 'device_control', args_str: '{"action":"turnoff","function_option":"HOT_DRINK","entity":"REFRIGERATOR"}'
2026-03-23 09:42:54,507 - DEBUG - CaseID: 247 - parse_multi_results输出: [{'name': 'device_control', 'args': {'action': 'turnoff', 'entity': 'REFRIGERATOR', 'function_option': 'HOT_DRINK'}}]
2026-03-23 09:42:54,507 - DEBUG - CaseID: 247 - expected_results: [{'name': 'device_control', 'args': {'action': 'turnoff', 'entity': 'REFRIGERATOR', 'function_option': 'HOT_DRINK'}}]
2026-03-23 09:42:54,507 - DEBUG - CaseID: 247 - actual_results: [{'name': 'device_control', 'args': {'action': 'turnoff', 'entity': 'REFRIGERATOR', 'function_option': 'HOT_DRINK'}}]
2026-03-23 09:42:54,507 - DEBUG - CaseID: 247 - expected_keys: {('device_control', '{"action": "turnoff", "entity": "REFRIGERATOR", "function_option": "HOT_DRINK"}')}
2026-03-23 09:42:54,507 - DEBUG - CaseID: 247 - actual_keys: {('device_control', '{"action": "turnoff", "entity": "REFRIGERATOR", "function_option": "HOT_DRINK"}')}
2026-03-23 09:42:54,507 - DEBUG - CaseID: 248 - parse_multi_results输入 - name_str: 'device_control', args_str: '{"action":"turnoff","function_option":"HOT_DRINK","entity":"REFRIGERATOR"}'
2026-03-23 09:42:54,507 - DEBUG - CaseID: 248 - parse_multi_results输出: [{'name': 'device_control', 'args': {'action': 'turnoff', 'entity': 'REFRIGERATOR', 'function_option': 'HOT_DRINK'}}]
2026-03-23 09:42:54,507 - DEBUG - CaseID: 248 - parse_multi_results输入 - name_str: 'device_control', args_str: '{"action":"turnoff","function_option":"HOT_DRINK","entity":"REFRIGERATOR"}'
2026-03-23 09:42:54,507 - DEBUG - CaseID: 248 - parse_multi_results输出: [{'name': 'device_control', 'args': {'action': 'turnoff', 'entity': 'REFRIGERATOR', 'function_option': 'HOT_DRINK'}}]
2026-03-23 09:42:54,507 - DEBUG - CaseID: 248 - expected_results: [{'name': 'device_control', 'args': {'action': 'turnoff', 'entity': 'REFRIGERATOR', 'function_option': 'HOT_DRINK'}}]
2026-03-23 09:42:54,507 - DEBUG - CaseID: 248 - actual_results: [{'name': 'device_control', 'args': {'action': 'turnoff', 'entity': 'REFRIGERATOR', 'function_option': 'HOT_DRINK'}}]
2026-03-23 09:42:54,507 - DEBUG - CaseID: 248 - expected_keys: {('device_control', '{"action": "turnoff", "entity": "REFRIGERATOR", "function_option": "HOT_DRINK"}')}
2026-03-23 09:42:54,507 - DEBUG - CaseID: 248 - actual_keys: {('device_control', '{"action": "turnoff", "entity": "REFRIGERATOR", "function_option": "HOT_DRINK"}')}
2026-03-23 09:42:54,507 - DEBUG - CaseID: 249 - parse_multi_results输入 - name_str: 'device_control', args_str: '{"action":"turnoff","function_option":"HOT_DRINK","entity":"REFRIGERATOR"}'
2026-03-23 09:42:54,507 - DEBUG - CaseID: 249 - parse_multi_results输出: [{'name': 'device_control', 'args': {'action': 'turnoff', 'entity': 'REFRIGERATOR', 'function_option': 'HOT_DRINK'}}]
2026-03-23 09:42:54,507 - DEBUG - CaseID: 249 - parse_multi_results输入 - name_str: 'device_control', args_str: '{"action":"turnoff","function_option":"HOT_DRINK","entity":"REFRIGERATOR"}'
2026-03-23 09:42:54,507 - DEBUG - CaseID: 249 - parse_multi_results输出: [{'name': 'device_control', 'args': {'action': 'turnoff', 'entity': 'REFRIGERATOR', 'function_option': 'HOT_DRINK'}}]
2026-03-23 09:42:54,507 - DEBUG - CaseID: 249 - expected_results: [{'name': 'device_control', 'args': {'action': 'turnoff', 'entity': 'REFRIGERATOR', 'function_option': 'HOT_DRINK'}}]
2026-03-23 09:42:54,507 - DEBUG - CaseID: 249 - actual_results: [{'name': 'device_control', 'args': {'action': 'turnoff', 'entity': 'REFRIGERATOR', 'function_option': 'HOT_DRINK'}}]
2026-03-23 09:42:54,508 - DEBUG - CaseID: 249 - expected_keys: {('device_control', '{"action": "turnoff", "entity": "REFRIGERATOR", "function_option": "HOT_DRINK"}')}
2026-03-23 09:42:54,508 - DEBUG - CaseID: 249 - actual_keys: {('device_control', '{"action": "turnoff", "entity": "REFRIGERATOR", "function_option": "HOT_DRINK"}')}
2026-03-23 09:42:54,508 - DEBUG - CaseID: 250 - parse_multi_results输入 - name_str: 'device_control', args_str: '{"action":"turnoff","function_option":"HOT_DRINK","entity":"REFRIGERATOR"}'
2026-03-23 09:42:54,508 - DEBUG - CaseID: 250 - parse_multi_results输出: [{'name': 'device_control', 'args': {'action': 'turnoff', 'entity': 'REFRIGERATOR', 'function_option': 'HOT_DRINK'}}]
2026-03-23 09:42:54,508 - DEBUG - CaseID: 250 - parse_multi_results输入 - name_str: 'device_control', args_str: '{"action":"turnoff","function_option":"HOT_DRINK","entity":"REFRIGERATOR"}'
2026-03-23 09:42:54,508 - DEBUG - CaseID: 250 - parse_multi_results输出: [{'name': 'device_control', 'args': {'action': 'turnoff', 'entity': 'REFRIGERATOR', 'function_option': 'HOT_DRINK'}}]
2026-03-23 09:42:54,508 - DEBUG - CaseID: 250 - expected_results: [{'name': 'device_control', 'args': {'action': 'turnoff', 'entity': 'REFRIGERATOR', 'function_option': 'HOT_DRINK'}}]
2026-03-23 09:42:54,508 - DEBUG - CaseID: 250 - actual_results: [{'name': 'device_control', 'args': {'action': 'turnoff', 'entity': 'REFRIGERATOR', 'function_option': 'HOT_DRINK'}}]
2026-03-23 09:42:54,508 - DEBUG - CaseID: 250 - expected_keys: {('device_control', '{"action": "turnoff", "entity": "REFRIGERATOR", "function_option": "HOT_DRINK"}')}
2026-03-23 09:42:54,508 - DEBUG - CaseID: 250 - actual_keys: {('device_control', '{"action": "turnoff", "entity": "REFRIGERATOR", "function_option": "HOT_DRINK"}')}
2026-03-23 09:42:54,508 - DEBUG - CaseID: 251 - parse_multi_results输入 - name_str: 'device_control', args_str: '{"action":"turnoff","function_option":"HOT_DRINK","entity":"REFRIGERATOR"}'
2026-03-23 09:42:54,508 - DEBUG - CaseID: 251 - parse_multi_results输出: [{'name': 'device_control', 'args': {'action': 'turnoff', 'entity': 'REFRIGERATOR', 'function_option': 'HOT_DRINK'}}]
2026-03-23 09:42:54,508 - DEBUG - CaseID: 251 - parse_multi_results输入 - name_str: 'device_control', args_str: '{"action":"turnoff","function_option":"HOT_DRINK","entity":"REFRIGERATOR"}'
2026-03-23 09:42:54,508 - DEBUG - CaseID: 251 - parse_multi_results输出: [{'name': 'device_control', 'args': {'action': 'turnoff', 'entity': 'REFRIGERATOR', 'function_option': 'HOT_DRINK'}}]
2026-03-23 09:42:54,508 - DEBUG - CaseID: 251 - expected_results: [{'name': 'device_control', 'args': {'action': 'turnoff', 'entity': 'REFRIGERATOR', 'function_option': 'HOT_DRINK'}}]
2026-03-23 09:42:54,508 - DEBUG - CaseID: 251 - actual_results: [{'name': 'device_control', 'args': {'action': 'turnoff', 'entity': 'REFRIGERATOR', 'function_option': 'HOT_DRINK'}}]
2026-03-23 09:42:54,508 - DEBUG - CaseID: 251 - expected_keys: {('device_control', '{"action": "turnoff", "entity": "REFRIGERATOR", "function_option": "HOT_DRINK"}')}
2026-03-23 09:42:54,508 - DEBUG - CaseID: 251 - actual_keys: {('device_control', '{"action": "turnoff", "entity": "REFRIGERATOR", "function_option": "HOT_DRINK"}')}
2026-03-23 09:42:54,508 - DEBUG - CaseID: 252 - parse_multi_results输入 - name_str: 'device_control', args_str: '{"action":"turnoff","function_option":"HOT_DRINK","entity":"REFRIGERATOR"}'
2026-03-23 09:42:54,508 - DEBUG - CaseID: 252 - parse_multi_results输出: [{'name': 'device_control', 'args': {'action': 'turnoff', 'entity': 'REFRIGERATOR', 'function_option': 'HOT_DRINK'}}]
2026-03-23 09:42:54,508 - DEBUG - CaseID: 252 - parse_multi_results输入 - name_str: 'device_control', args_str: '{"action":"turnoff","function_option":"HOT_DRINK","entity":"REFRIGERATOR"}'
2026-03-23 09:42:54,508 - DEBUG - CaseID: 252 - parse_multi_results输出: [{'name': 'device_control', 'args': {'action': 'turnoff', 'entity': 'REFRIGERATOR', 'function_option': 'HOT_DRINK'}}]
2026-03-23 09:42:54,508 - DEBUG - CaseID: 252 - expected_results: [{'name': 'device_control', 'args': {'action': 'turnoff', 'entity': 'REFRIGERATOR', 'function_option': 'HOT_DRINK'}}]
2026-03-23 09:42:54,508 - DEBUG - CaseID: 252 - actual_results: [{'name': 'device_control', 'args': {'action': 'turnoff', 'entity': 'REFRIGERATOR', 'function_option': 'HOT_DRINK'}}]
2026-03-23 09:42:54,509 - DEBUG - CaseID: 252 - expected_keys: {('device_control', '{"action": "turnoff", "entity": "REFRIGERATOR", "function_option": "HOT_DRINK"}')}
2026-03-23 09:42:54,509 - DEBUG - CaseID: 252 - actual_keys: {('device_control', '{"action": "turnoff", "entity": "REFRIGERATOR", "function_option": "HOT_DRINK"}')}
2026-03-23 09:42:54,509 - DEBUG - CaseID: 253 - parse_multi_results输入 - name_str: 'device_control', args_str: '{"action":"turnon", "entity":"SUNSHADE","position":"SECOND_ROW"}'
2026-03-23 09:42:54,509 - DEBUG - CaseID: 253 - parse_multi_results输出: [{'name': 'device_control', 'args': {'action': 'turnon', 'entity': 'SUNSHADE', 'position': 'SECOND_ROW'}}]
2026-03-23 09:42:54,509 - DEBUG - CaseID: 253 - parse_multi_results输入 - name_str: 'device_control', args_str: '{"action":"turnon","position":"SECOND_ROW","entity":"SUNSHADE"}'
2026-03-23 09:42:54,509 - DEBUG - CaseID: 253 - parse_multi_results输出: [{'name': 'device_control', 'args': {'action': 'turnon', 'entity': 'SUNSHADE', 'position': 'SECOND_ROW'}}]
2026-03-23 09:42:54,509 - DEBUG - CaseID: 253 - expected_results: [{'name': 'device_control', 'args': {'action': 'turnon', 'entity': 'SUNSHADE', 'position': 'SECOND_ROW'}}]
2026-03-23 09:42:54,509 - DEBUG - CaseID: 253 - actual_results: [{'name': 'device_control', 'args': {'action': 'turnon', 'entity': 'SUNSHADE', 'position': 'SECOND_ROW'}}]
2026-03-23 09:42:54,509 - DEBUG - CaseID: 253 - expected_keys: {('device_control', '{"action": "turnon", "entity": "SUNSHADE", "position": "SECOND_ROW"}')}
2026-03-23 09:42:54,509 - DEBUG - CaseID: 253 - actual_keys: {('device_control', '{"action": "turnon", "entity": "SUNSHADE", "position": "SECOND_ROW"}')}
2026-03-23 09:42:54,509 - DEBUG - CaseID: 254 - parse_multi_results输入 - name_str: 'device_control', args_str: '{"action":"turnon", "entity":"SUNSHADE","position":"LEFT_SEAT_OF_SECOND_ROW"}'
2026-03-23 09:42:54,509 - DEBUG - CaseID: 254 - parse_multi_results输出: [{'name': 'device_control', 'args': {'action': 'turnon', 'entity': 'SUNSHADE', 'position': 'LEFT_SEAT_OF_SECOND_ROW'}}]
2026-03-23 09:42:54,509 - DEBUG - CaseID: 254 - parse_multi_results输入 - name_str: 'device_control', args_str: '{"action":"turnon","position":"LEFT_SEAT_OF_SECOND_ROW","entity":"SUNSHADE"}'
2026-03-23 09:42:54,509 - DEBUG - CaseID: 254 - parse_multi_results输出: [{'name': 'device_control', 'args': {'action': 'turnon', 'entity': 'SUNSHADE', 'position': 'LEFT_SEAT_OF_SECOND_ROW'}}]
2026-03-23 09:42:54,509 - DEBUG - CaseID: 254 - expected_results: [{'name': 'device_control', 'args': {'action': 'turnon', 'entity': 'SUNSHADE', 'position': 'LEFT_SEAT_OF_SECOND_ROW'}}]
2026-03-23 09:42:54,509 - DEBUG - CaseID: 254 - actual_results: [{'name': 'device_control', 'args': {'action': 'turnon', 'entity': 'SUNSHADE', 'position': 'LEFT_SEAT_OF_SECOND_ROW'}}]
2026-03-23 09:42:54,509 - DEBUG - CaseID: 254 - expected_keys: {('device_control', '{"action": "turnon", "entity": "SUNSHADE", "position": "LEFT_SEAT_OF_SECOND_ROW"}')}
2026-03-23 09:42:54,509 - DEBUG - CaseID: 254 - actual_keys: {('device_control', '{"action": "turnon", "entity": "SUNSHADE", "position": "LEFT_SEAT_OF_SECOND_ROW"}')}
2026-03-23 09:42:54,509 - DEBUG - CaseID: 255 - parse_multi_results输入 - name_str: 'device_control', args_str: '{"action":"turnoff", "entity":"SUNSHADE","position":"SECOND_ROW"}'
2026-03-23 09:42:54,510 - DEBUG - CaseID: 255 - parse_multi_results输出: [{'name': 'device_control', 'args': {'action': 'turnoff', 'entity': 'SUNSHADE', 'position': 'SECOND_ROW'}}]
2026-03-23 09:42:54,510 - DEBUG - CaseID: 255 - parse_multi_results输入 - name_str: 'device_control', args_str: '{"action":"turnoff","position":"SECOND_ROW","entity":"SUNSHADE"}'
2026-03-23 09:42:54,510 - DEBUG - CaseID: 255 - parse_multi_results输出: [{'name': 'device_control', 'args': {'action': 'turnoff', 'entity': 'SUNSHADE', 'position': 'SECOND_ROW'}}]
2026-03-23 09:42:54,510 - DEBUG - CaseID: 255 - expected_results: [{'name': 'device_control', 'args': {'action': 'turnoff', 'entity': 'SUNSHADE', 'position': 'SECOND_ROW'}}]
2026-03-23 09:42:54,510 - DEBUG - CaseID: 255 - actual_results: [{'name': 'device_control', 'args': {'action': 'turnoff', 'entity': 'SUNSHADE', 'position': 'SECOND_ROW'}}]
2026-03-23 09:42:54,510 - DEBUG - CaseID: 255 - expected_keys: {('device_control', '{"action": "turnoff", "entity": "SUNSHADE", "position": "SECOND_ROW"}')}
2026-03-23 09:42:54,510 - DEBUG - CaseID: 255 - actual_keys: {('device_control', '{"action": "turnoff", "entity": "SUNSHADE", "position": "SECOND_ROW"}')}
2026-03-23 09:42:54,510 - DEBUG - CaseID: 256 - parse_multi_results输入 - name_str: 'device_control', args_str: '{"action":"turnoff", "entity":"SUNSHADE","position":"LEFT_SEAT_OF_SECOND_ROW"}'
2026-03-23 09:42:54,510 - DEBUG - CaseID: 256 - parse_multi_results输出: [{'name': 'device_control', 'args': {'action': 'turnoff', 'entity': 'SUNSHADE', 'position': 'LEFT_SEAT_OF_SECOND_ROW'}}]
2026-03-23 09:42:54,510 - DEBUG - CaseID: 256 - parse_multi_results输入 - name_str: 'device_control', args_str: '{"action":"turnoff","position":"LEFT_SEAT_OF_SECOND_ROW","entity":"SUNSHADE"}'
2026-03-23 09:42:54,510 - DEBUG - CaseID: 256 - parse_multi_results输出: [{'name': 'device_control', 'args': {'action': 'turnoff', 'entity': 'SUNSHADE', 'position': 'LEFT_SEAT_OF_SECOND_ROW'}}]
2026-03-23 09:42:54,510 - DEBUG - CaseID: 256 - expected_results: [{'name': 'device_control', 'args': {'action': 'turnoff', 'entity': 'SUNSHADE', 'position': 'LEFT_SEAT_OF_SECOND_ROW'}}]
2026-03-23 09:42:54,510 - DEBUG - CaseID: 256 - actual_results: [{'name': 'device_control', 'args': {'action': 'turnoff', 'entity': 'SUNSHADE', 'position': 'LEFT_SEAT_OF_SECOND_ROW'}}]
2026-03-23 09:42:54,510 - DEBUG - CaseID: 256 - expected_keys: {('device_control', '{"action": "turnoff", "entity": "SUNSHADE", "position": "LEFT_SEAT_OF_SECOND_ROW"}')}
2026-03-23 09:42:54,510 - DEBUG - CaseID: 256 - actual_keys: {('device_control', '{"action": "turnoff", "entity": "SUNSHADE", "position": "LEFT_SEAT_OF_SECOND_ROW"}')}
2026-03-23 09:42:54,510 - DEBUG - CaseID: 257 - parse_multi_results输入 - name_str: 'device_control', args_str: '{"action":"turnon", "entity":"SUNSHADE","position":"SECOND_ROW"}'
2026-03-23 09:42:54,510 - DEBUG - CaseID: 257 - parse_multi_results输出: [{'name': 'device_control', 'args': {'action': 'turnon', 'entity': 'SUNSHADE', 'position': 'SECOND_ROW'}}]
2026-03-23 09:42:54,510 - DEBUG - CaseID: 257 - parse_multi_results输入 - name_str: 'device_control', args_str: '{"action":"turnon","position":"BOTH_SIDES_OF_SECOND_ROW","entity":"SUNSHADE"}'
2026-03-23 09:42:54,510 - DEBUG - CaseID: 257 - parse_multi_results输出: [{'name': 'device_control', 'args': {'action': 'turnon', 'entity': 'SUNSHADE', 'position': 'BOTH_SIDES_OF_SECOND_ROW'}}]
2026-03-23 09:42:54,510 - DEBUG - CaseID: 257 - expected_results: [{'name': 'device_control', 'args': {'action': 'turnon', 'entity': 'SUNSHADE', 'position': 'SECOND_ROW'}}]
2026-03-23 09:42:54,510 - DEBUG - CaseID: 257 - actual_results: [{'name': 'device_control', 'args': {'action': 'turnon', 'entity': 'SUNSHADE', 'position': 'BOTH_SIDES_OF_SECOND_ROW'}}]
2026-03-23 09:42:54,510 - DEBUG - CaseID: 257 - expected_keys: {('device_control', '{"action": "turnon", "entity": "SUNSHADE", "position": "SECOND_ROW"}')}
2026-03-23 09:42:54,510 - DEBUG - CaseID: 257 - actual_keys: {('device_control', '{"action": "turnon", "entity": "SUNSHADE", "position": "BOTH_SIDES_OF_SECOND_ROW"}')}
2026-03-23 09:42:54,510 - ERROR - CaseID: 257
实际结果缺少以下预期项：
  名称: device_control, 参数: {"action": "turnon", "entity": "SUNSHADE", "position": "SECOND_ROW"}
实际结果多出以下非预期项：
  名称: device_control, 参数: {"action": "turnon", "entity": "SUNSHADE", "position": "BOTH_SIDES_OF_SECOND_ROW"}
2026-03-23 09:42:54,510 - DEBUG - CaseID: 258 - parse_multi_results输入 - name_str: 'device_control', args_str: '{"action":"turnon", "entity":"SUNSHADE","position":"SECOND_ROW"}'
2026-03-23 09:42:54,510 - DEBUG - CaseID: 258 - parse_multi_results输出: [{'name': 'device_control', 'args': {'action': 'turnon', 'entity': 'SUNSHADE', 'position': 'SECOND_ROW'}}]
2026-03-23 09:42:54,510 - DEBUG - CaseID: 258 - parse_multi_results输入 - name_str: 'device_control', args_str: '{"action":"turnon","position":"SECOND_ROW","entity":"SUNSHADE"}'
2026-03-23 09:42:54,510 - DEBUG - CaseID: 258 - parse_multi_results输出: [{'name': 'device_control', 'args': {'action': 'turnon', 'entity': 'SUNSHADE', 'position': 'SECOND_ROW'}}]
2026-03-23 09:42:54,510 - DEBUG - CaseID: 258 - expected_results: [{'name': 'device_control', 'args': {'action': 'turnon', 'entity': 'SUNSHADE', 'position': 'SECOND_ROW'}}]
2026-03-23 09:42:54,510 - DEBUG - CaseID: 258 - actual_results: [{'name': 'device_control', 'args': {'action': 'turnon', 'entity': 'SUNSHADE', 'position': 'SECOND_ROW'}}]
2026-03-23 09:42:54,510 - DEBUG - CaseID: 258 - expected_keys: {('device_control', '{"action": "turnon", "entity": "SUNSHADE", "position": "SECOND_ROW"}')}
2026-03-23 09:42:54,510 - DEBUG - CaseID: 258 - actual_keys: {('device_control', '{"action": "turnon", "entity": "SUNSHADE", "position": "SECOND_ROW"}')}
2026-03-23 09:42:54,510 - DEBUG - CaseID: 259 - parse_multi_results输入 - name_str: 'device_control', args_str: '{"action":"turnon", "entity":"SUNSHADE","position":"SECOND_ROW"}'
2026-03-23 09:42:54,511 - DEBUG - CaseID: 259 - parse_multi_results输出: [{'name': 'device_control', 'args': {'action': 'turnon', 'entity': 'SUNSHADE', 'position': 'SECOND_ROW'}}]
2026-03-23 09:42:54,511 - DEBUG - CaseID: 259 - parse_multi_results输入 - name_str: 'device_control', args_str: '{"action":"turnon","position":"SECOND_ROW","entity":"SUNSHADE"}'
2026-03-23 09:42:54,511 - DEBUG - CaseID: 259 - parse_multi_results输出: [{'name': 'device_control', 'args': {'action': 'turnon', 'entity': 'SUNSHADE', 'position': 'SECOND_ROW'}}]
2026-03-23 09:42:54,511 - DEBUG - CaseID: 259 - expected_results: [{'name': 'device_control', 'args': {'action': 'turnon', 'entity': 'SUNSHADE', 'position': 'SECOND_ROW'}}]
2026-03-23 09:42:54,511 - DEBUG - CaseID: 259 - actual_results: [{'name': 'device_control', 'args': {'action': 'turnon', 'entity': 'SUNSHADE', 'position': 'SECOND_ROW'}}]
2026-03-23 09:42:54,511 - DEBUG - CaseID: 259 - expected_keys: {('device_control', '{"action": "turnon", "entity": "SUNSHADE", "position": "SECOND_ROW"}')}
2026-03-23 09:42:54,511 - DEBUG - CaseID: 259 - actual_keys: {('device_control', '{"action": "turnon", "entity": "SUNSHADE", "position": "SECOND_ROW"}')}
2026-03-23 09:42:54,511 - DEBUG - CaseID: 260 - parse_multi_results输入 - name_str: 'device_control', args_str: '{"action":"turnon", "entity":"SUNSHADE","position":"SECOND_ROW"}'
2026-03-23 09:42:54,511 - DEBUG - CaseID: 260 - parse_multi_results输出: [{'name': 'device_control', 'args': {'action': 'turnon', 'entity': 'SUNSHADE', 'position': 'SECOND_ROW'}}]
2026-03-23 09:42:54,511 - DEBUG - CaseID: 260 - parse_multi_results输入 - name_str: 'device_control', args_str: '{"action":"turnon","position":"SECOND_ROW","entity":"SUNSHADE"}'
2026-03-23 09:42:54,511 - DEBUG - CaseID: 260 - parse_multi_results输出: [{'name': 'device_control', 'args': {'action': 'turnon', 'entity': 'SUNSHADE', 'position': 'SECOND_ROW'}}]
2026-03-23 09:42:54,511 - DEBUG - CaseID: 260 - expected_results: [{'name': 'device_control', 'args': {'action': 'turnon', 'entity': 'SUNSHADE', 'position': 'SECOND_ROW'}}]
2026-03-23 09:42:54,511 - DEBUG - CaseID: 260 - actual_results: [{'name': 'device_control', 'args': {'action': 'turnon', 'entity': 'SUNSHADE', 'position': 'SECOND_ROW'}}]
2026-03-23 09:42:54,511 - DEBUG - CaseID: 260 - expected_keys: {('device_control', '{"action": "turnon", "entity": "SUNSHADE", "position": "SECOND_ROW"}')}
2026-03-23 09:42:54,511 - DEBUG - CaseID: 260 - actual_keys: {('device_control', '{"action": "turnon", "entity": "SUNSHADE", "position": "SECOND_ROW"}')}
2026-03-23 09:42:54,511 - DEBUG - CaseID: 261 - parse_multi_results输入 - name_str: 'device_control', args_str: '{"action":"turnon", "entity":"SUNSHADE","position":"SECOND_ROW"}'
2026-03-23 09:42:54,511 - DEBUG - CaseID: 261 - parse_multi_results输出: [{'name': 'device_control', 'args': {'action': 'turnon', 'entity': 'SUNSHADE', 'position': 'SECOND_ROW'}}]
2026-03-23 09:42:54,511 - DEBUG - CaseID: 261 - parse_multi_results输入 - name_str: 'device_control', args_str: '{"action":"turnon","position":"SECOND_ROW","entity":"SUNSHADE"}'
2026-03-23 09:42:54,511 - DEBUG - CaseID: 261 - parse_multi_results输出: [{'name': 'device_control', 'args': {'action': 'turnon', 'entity': 'SUNSHADE', 'position': 'SECOND_ROW'}}]
2026-03-23 09:42:54,511 - DEBUG - CaseID: 261 - expected_results: [{'name': 'device_control', 'args': {'action': 'turnon', 'entity': 'SUNSHADE', 'position': 'SECOND_ROW'}}]
2026-03-23 09:42:54,511 - DEBUG - CaseID: 261 - actual_results: [{'name': 'device_control', 'args': {'action': 'turnon', 'entity': 'SUNSHADE', 'position': 'SECOND_ROW'}}]
2026-03-23 09:42:54,511 - DEBUG - CaseID: 261 - expected_keys: {('device_control', '{"action": "turnon", "entity": "SUNSHADE", "position": "SECOND_ROW"}')}
2026-03-23 09:42:54,511 - DEBUG - CaseID: 261 - actual_keys: {('device_control', '{"action": "turnon", "entity": "SUNSHADE", "position": "SECOND_ROW"}')}
2026-03-23 09:42:54,511 - DEBUG - CaseID: 262 - parse_multi_results输入 - name_str: 'device_control', args_str: '{"action":"turnon", "entity":"SUNSHADE","position":"SECOND_ROW"}'
2026-03-23 09:42:54,511 - DEBUG - CaseID: 262 - parse_multi_results输出: [{'name': 'device_control', 'args': {'action': 'turnon', 'entity': 'SUNSHADE', 'position': 'SECOND_ROW'}}]
2026-03-23 09:42:54,511 - DEBUG - CaseID: 262 - parse_multi_results输入 - name_str: 'device_control', args_str: '{"action":"turnon","position":"SECOND_ROW","entity":"SUNSHADE"}'
2026-03-23 09:42:54,511 - DEBUG - CaseID: 262 - parse_multi_results输出: [{'name': 'device_control', 'args': {'action': 'turnon', 'entity': 'SUNSHADE', 'position': 'SECOND_ROW'}}]
2026-03-23 09:42:54,511 - DEBUG - CaseID: 262 - expected_results: [{'name': 'device_control', 'args': {'action': 'turnon', 'entity': 'SUNSHADE', 'position': 'SECOND_ROW'}}]
2026-03-23 09:42:54,511 - DEBUG - CaseID: 262 - actual_results: [{'name': 'device_control', 'args': {'action': 'turnon', 'entity': 'SUNSHADE', 'position': 'SECOND_ROW'}}]
2026-03-23 09:42:54,511 - DEBUG - CaseID: 262 - expected_keys: {('device_control', '{"action": "turnon", "entity": "SUNSHADE", "position": "SECOND_ROW"}')}
2026-03-23 09:42:54,511 - DEBUG - CaseID: 262 - actual_keys: {('device_control', '{"action": "turnon", "entity": "SUNSHADE", "position": "SECOND_ROW"}')}
2026-03-23 09:42:54,512 - DEBUG - CaseID: 263 - parse_multi_results输入 - name_str: 'device_control', args_str: '{"action":"turnon", "entity":"SUNSHADE","position":"SECOND_ROW"}'
2026-03-23 09:42:54,512 - DEBUG - CaseID: 263 - parse_multi_results输出: [{'name': 'device_control', 'args': {'action': 'turnon', 'entity': 'SUNSHADE', 'position': 'SECOND_ROW'}}]
2026-03-23 09:42:54,512 - DEBUG - CaseID: 263 - parse_multi_results输入 - name_str: 'device_control', args_str: '{"action":"turnon","position":"SECOND_ROW","entity":"SUNSHADE"}'
2026-03-23 09:42:54,512 - DEBUG - CaseID: 263 - parse_multi_results输出: [{'name': 'device_control', 'args': {'action': 'turnon', 'entity': 'SUNSHADE', 'position': 'SECOND_ROW'}}]
2026-03-23 09:42:54,512 - DEBUG - CaseID: 263 - expected_results: [{'name': 'device_control', 'args': {'action': 'turnon', 'entity': 'SUNSHADE', 'position': 'SECOND_ROW'}}]
2026-03-23 09:42:54,512 - DEBUG - CaseID: 263 - actual_results: [{'name': 'device_control', 'args': {'action': 'turnon', 'entity': 'SUNSHADE', 'position': 'SECOND_ROW'}}]
2026-03-23 09:42:54,512 - DEBUG - CaseID: 263 - expected_keys: {('device_control', '{"action": "turnon", "entity": "SUNSHADE", "position": "SECOND_ROW"}')}
2026-03-23 09:42:54,512 - DEBUG - CaseID: 263 - actual_keys: {('device_control', '{"action": "turnon", "entity": "SUNSHADE", "position": "SECOND_ROW"}')}
2026-03-23 09:42:54,512 - DEBUG - CaseID: 264 - parse_multi_results输入 - name_str: 'device_control', args_str: '{"action":"turnon", "entity":"SUNSHADE","position":"SECOND_ROW"}'
2026-03-23 09:42:54,512 - DEBUG - CaseID: 264 - parse_multi_results输出: [{'name': 'device_control', 'args': {'action': 'turnon', 'entity': 'SUNSHADE', 'position': 'SECOND_ROW'}}]
2026-03-23 09:42:54,512 - DEBUG - CaseID: 264 - parse_multi_results输入 - name_str: 'device_control', args_str: '{"action":"turnon","position":"SECOND_ROW","entity":"SUNSHADE"}'
2026-03-23 09:42:54,512 - DEBUG - CaseID: 264 - parse_multi_results输出: [{'name': 'device_control', 'args': {'action': 'turnon', 'entity': 'SUNSHADE', 'position': 'SECOND_ROW'}}]
2026-03-23 09:42:54,512 - DEBUG - CaseID: 264 - expected_results: [{'name': 'device_control', 'args': {'action': 'turnon', 'entity': 'SUNSHADE', 'position': 'SECOND_ROW'}}]
2026-03-23 09:42:54,512 - DEBUG - CaseID: 264 - actual_results: [{'name': 'device_control', 'args': {'action': 'turnon', 'entity': 'SUNSHADE', 'position': 'SECOND_ROW'}}]
2026-03-23 09:42:54,512 - DEBUG - CaseID: 264 - expected_keys: {('device_control', '{"action": "turnon", "entity": "SUNSHADE", "position": "SECOND_ROW"}')}
2026-03-23 09:42:54,512 - DEBUG - CaseID: 264 - actual_keys: {('device_control', '{"action": "turnon", "entity": "SUNSHADE", "position": "SECOND_ROW"}')}
2026-03-23 09:42:54,512 - DEBUG - CaseID: 265 - parse_multi_results输入 - name_str: 'device_control', args_str: '{"action":"turnon", "entity":"SUNSHADE","position":"SECOND_ROW"}'
2026-03-23 09:42:54,512 - DEBUG - CaseID: 265 - parse_multi_results输出: [{'name': 'device_control', 'args': {'action': 'turnon', 'entity': 'SUNSHADE', 'position': 'SECOND_ROW'}}]
2026-03-23 09:42:54,512 - DEBUG - CaseID: 265 - parse_multi_results输入 - name_str: 'device_control', args_str: '{"action":"turnon","position":"SECOND_ROW","entity":"SUNSHADE"}'
2026-03-23 09:42:54,512 - DEBUG - CaseID: 265 - parse_multi_results输出: [{'name': 'device_control', 'args': {'action': 'turnon', 'entity': 'SUNSHADE', 'position': 'SECOND_ROW'}}]
2026-03-23 09:42:54,512 - DEBUG - CaseID: 265 - expected_results: [{'name': 'device_control', 'args': {'action': 'turnon', 'entity': 'SUNSHADE', 'position': 'SECOND_ROW'}}]
2026-03-23 09:42:54,512 - DEBUG - CaseID: 265 - actual_results: [{'name': 'device_control', 'args': {'action': 'turnon', 'entity': 'SUNSHADE', 'position': 'SECOND_ROW'}}]
2026-03-23 09:42:54,512 - DEBUG - CaseID: 265 - expected_keys: {('device_control', '{"action": "turnon", "entity": "SUNSHADE", "position": "SECOND_ROW"}')}
2026-03-23 09:42:54,512 - DEBUG - CaseID: 265 - actual_keys: {('device_control', '{"action": "turnon", "entity": "SUNSHADE", "position": "SECOND_ROW"}')}
2026-03-23 09:42:54,512 - DEBUG - CaseID: 266 - parse_multi_results输入 - name_str: 'device_control', args_str: '{"action":"turnon", "entity":"SUNSHADE","position":"SECOND_ROW"}'
2026-03-23 09:42:54,512 - DEBUG - CaseID: 266 - parse_multi_results输出: [{'name': 'device_control', 'args': {'action': 'turnon', 'entity': 'SUNSHADE', 'position': 'SECOND_ROW'}}]
2026-03-23 09:42:54,512 - DEBUG - CaseID: 266 - parse_multi_results输入 - name_str: 'device_control', args_str: '{"action":"turnon","position":"SECOND_ROW","entity":"SUNSHADE"}'
2026-03-23 09:42:54,512 - DEBUG - CaseID: 266 - parse_multi_results输出: [{'name': 'device_control', 'args': {'action': 'turnon', 'entity': 'SUNSHADE', 'position': 'SECOND_ROW'}}]
2026-03-23 09:42:54,512 - DEBUG - CaseID: 266 - expected_results: [{'name': 'device_control', 'args': {'action': 'turnon', 'entity': 'SUNSHADE', 'position': 'SECOND_ROW'}}]
2026-03-23 09:42:54,512 - DEBUG - CaseID: 266 - actual_results: [{'name': 'device_control', 'args': {'action': 'turnon', 'entity': 'SUNSHADE', 'position': 'SECOND_ROW'}}]
2026-03-23 09:42:54,512 - DEBUG - CaseID: 266 - expected_keys: {('device_control', '{"action": "turnon", "entity": "SUNSHADE", "position": "SECOND_ROW"}')}
2026-03-23 09:42:54,512 - DEBUG - CaseID: 266 - actual_keys: {('device_control', '{"action": "turnon", "entity": "SUNSHADE", "position": "SECOND_ROW"}')}
2026-03-23 09:42:54,512 - DEBUG - CaseID: 267 - parse_multi_results输入 - name_str: 'device_control', args_str: '{"action":"turnon", "entity":"SUNSHADE","position":"SECOND_ROW"}'
2026-03-23 09:42:54,513 - DEBUG - CaseID: 267 - parse_multi_results输出: [{'name': 'device_control', 'args': {'action': 'turnon', 'entity': 'SUNSHADE', 'position': 'SECOND_ROW'}}]
2026-03-23 09:42:54,513 - DEBUG - CaseID: 267 - parse_multi_results输入 - name_str: 'device_control', args_str: '{"action":"turnon","position":"SECOND_ROW","entity":"SUNSHADE"}'
2026-03-23 09:42:54,513 - DEBUG - CaseID: 267 - parse_multi_results输出: [{'name': 'device_control', 'args': {'action': 'turnon', 'entity': 'SUNSHADE', 'position': 'SECOND_ROW'}}]
2026-03-23 09:42:54,513 - DEBUG - CaseID: 267 - expected_results: [{'name': 'device_control', 'args': {'action': 'turnon', 'entity': 'SUNSHADE', 'position': 'SECOND_ROW'}}]
2026-03-23 09:42:54,513 - DEBUG - CaseID: 267 - actual_results: [{'name': 'device_control', 'args': {'action': 'turnon', 'entity': 'SUNSHADE', 'position': 'SECOND_ROW'}}]
2026-03-23 09:42:54,513 - DEBUG - CaseID: 267 - expected_keys: {('device_control', '{"action": "turnon", "entity": "SUNSHADE", "position": "SECOND_ROW"}')}
2026-03-23 09:42:54,513 - DEBUG - CaseID: 267 - actual_keys: {('device_control', '{"action": "turnon", "entity": "SUNSHADE", "position": "SECOND_ROW"}')}
2026-03-23 09:42:54,513 - DEBUG - CaseID: 268 - parse_multi_results输入 - name_str: 'device_control', args_str: '{"action":"turnon", "entity":"SUNSHADE","position":"SECOND_ROW"}'
2026-03-23 09:42:54,513 - DEBUG - CaseID: 268 - parse_multi_results输出: [{'name': 'device_control', 'args': {'action': 'turnon', 'entity': 'SUNSHADE', 'position': 'SECOND_ROW'}}]
2026-03-23 09:42:54,513 - DEBUG - CaseID: 268 - parse_multi_results输入 - name_str: 'device_control', args_str: '{"action":"turnon","position":"SECOND_ROW","entity":"SUNSHADE"}'
2026-03-23 09:42:54,513 - DEBUG - CaseID: 268 - parse_multi_results输出: [{'name': 'device_control', 'args': {'action': 'turnon', 'entity': 'SUNSHADE', 'position': 'SECOND_ROW'}}]
2026-03-23 09:42:54,513 - DEBUG - CaseID: 268 - expected_results: [{'name': 'device_control', 'args': {'action': 'turnon', 'entity': 'SUNSHADE', 'position': 'SECOND_ROW'}}]
2026-03-23 09:42:54,513 - DEBUG - CaseID: 268 - actual_results: [{'name': 'device_control', 'args': {'action': 'turnon', 'entity': 'SUNSHADE', 'position': 'SECOND_ROW'}}]
2026-03-23 09:42:54,513 - DEBUG - CaseID: 268 - expected_keys: {('device_control', '{"action": "turnon", "entity": "SUNSHADE", "position": "SECOND_ROW"}')}
2026-03-23 09:42:54,513 - DEBUG - CaseID: 268 - actual_keys: {('device_control', '{"action": "turnon", "entity": "SUNSHADE", "position": "SECOND_ROW"}')}
2026-03-23 09:42:54,513 - DEBUG - CaseID: 269 - parse_multi_results输入 - name_str: 'device_control', args_str: '{"action":"turnon", "entity":"SUNSHADE","position":"SECOND_ROW"}'
2026-03-23 09:42:54,513 - DEBUG - CaseID: 269 - parse_multi_results输出: [{'name': 'device_control', 'args': {'action': 'turnon', 'entity': 'SUNSHADE', 'position': 'SECOND_ROW'}}]
2026-03-23 09:42:54,513 - DEBUG - CaseID: 269 - parse_multi_results输入 - name_str: 'device_control', args_str: '{"action":"turnon","position":"SECOND_ROW","entity":"SUNSHADE"}'
2026-03-23 09:42:54,513 - DEBUG - CaseID: 269 - parse_multi_results输出: [{'name': 'device_control', 'args': {'action': 'turnon', 'entity': 'SUNSHADE', 'position': 'SECOND_ROW'}}]
2026-03-23 09:42:54,513 - DEBUG - CaseID: 269 - expected_results: [{'name': 'device_control', 'args': {'action': 'turnon', 'entity': 'SUNSHADE', 'position': 'SECOND_ROW'}}]
2026-03-23 09:42:54,513 - DEBUG - CaseID: 269 - actual_results: [{'name': 'device_control', 'args': {'action': 'turnon', 'entity': 'SUNSHADE', 'position': 'SECOND_ROW'}}]
2026-03-23 09:42:54,513 - DEBUG - CaseID: 269 - expected_keys: {('device_control', '{"action": "turnon", "entity": "SUNSHADE", "position": "SECOND_ROW"}')}
2026-03-23 09:42:54,513 - DEBUG - CaseID: 269 - actual_keys: {('device_control', '{"action": "turnon", "entity": "SUNSHADE", "position": "SECOND_ROW"}')}
2026-03-23 09:42:54,513 - DEBUG - CaseID: 270 - parse_multi_results输入 - name_str: 'device_control', args_str: '{"action":"turnon", "entity":"SUNSHADE","position":"SECOND_ROW"}'
2026-03-23 09:42:54,513 - DEBUG - CaseID: 270 - parse_multi_results输出: [{'name': 'device_control', 'args': {'action': 'turnon', 'entity': 'SUNSHADE', 'position': 'SECOND_ROW'}}]
2026-03-23 09:42:54,513 - DEBUG - CaseID: 270 - parse_multi_results输入 - name_str: 'device_control', args_str: '{"action":"turnon","position":"SECOND_ROW","entity":"SUNSHADE"}'
2026-03-23 09:42:54,513 - DEBUG - CaseID: 270 - parse_multi_results输出: [{'name': 'device_control', 'args': {'action': 'turnon', 'entity': 'SUNSHADE', 'position': 'SECOND_ROW'}}]
2026-03-23 09:42:54,513 - DEBUG - CaseID: 270 - expected_results: [{'name': 'device_control', 'args': {'action': 'turnon', 'entity': 'SUNSHADE', 'position': 'SECOND_ROW'}}]
2026-03-23 09:42:54,513 - DEBUG - CaseID: 270 - actual_results: [{'name': 'device_control', 'args': {'action': 'turnon', 'entity': 'SUNSHADE', 'position': 'SECOND_ROW'}}]
2026-03-23 09:42:54,513 - DEBUG - CaseID: 270 - expected_keys: {('device_control', '{"action": "turnon", "entity": "SUNSHADE", "position": "SECOND_ROW"}')}
2026-03-23 09:42:54,513 - DEBUG - CaseID: 270 - actual_keys: {('device_control', '{"action": "turnon", "entity": "SUNSHADE", "position": "SECOND_ROW"}')}
2026-03-23 09:42:54,513 - DEBUG - CaseID: 271 - parse_multi_results输入 - name_str: 'device_control', args_str: '{"action":"turnon", "entity":"SUNSHADE","position":"SECOND_ROW"}'
2026-03-23 09:42:54,514 - DEBUG - CaseID: 271 - parse_multi_results输出: [{'name': 'device_control', 'args': {'action': 'turnon', 'entity': 'SUNSHADE', 'position': 'SECOND_ROW'}}]
2026-03-23 09:42:54,514 - DEBUG - CaseID: 271 - parse_multi_results输入 - name_str: 'device_control', args_str: '{"action":"turnon","position":"SECOND_ROW","entity":"SUNSHADE"}'
2026-03-23 09:42:54,514 - DEBUG - CaseID: 271 - parse_multi_results输出: [{'name': 'device_control', 'args': {'action': 'turnon', 'entity': 'SUNSHADE', 'position': 'SECOND_ROW'}}]
2026-03-23 09:42:54,514 - DEBUG - CaseID: 271 - expected_results: [{'name': 'device_control', 'args': {'action': 'turnon', 'entity': 'SUNSHADE', 'position': 'SECOND_ROW'}}]
2026-03-23 09:42:54,514 - DEBUG - CaseID: 271 - actual_results: [{'name': 'device_control', 'args': {'action': 'turnon', 'entity': 'SUNSHADE', 'position': 'SECOND_ROW'}}]
2026-03-23 09:42:54,514 - DEBUG - CaseID: 271 - expected_keys: {('device_control', '{"action": "turnon", "entity": "SUNSHADE", "position": "SECOND_ROW"}')}
2026-03-23 09:42:54,514 - DEBUG - CaseID: 271 - actual_keys: {('device_control', '{"action": "turnon", "entity": "SUNSHADE", "position": "SECOND_ROW"}')}
2026-03-23 09:42:54,514 - DEBUG - CaseID: 272 - parse_multi_results输入 - name_str: 'device_control', args_str: '{"action":"turnon", "entity":"SUNSHADE","position":"SECOND_ROW"}'
2026-03-23 09:42:54,514 - DEBUG - CaseID: 272 - parse_multi_results输出: [{'name': 'device_control', 'args': {'action': 'turnon', 'entity': 'SUNSHADE', 'position': 'SECOND_ROW'}}]
2026-03-23 09:42:54,514 - DEBUG - CaseID: 272 - parse_multi_results输入 - name_str: 'device_control', args_str: '{"action":"turnon","position":"SECOND_ROW","entity":"SUNSHADE"}'
2026-03-23 09:42:54,514 - DEBUG - CaseID: 272 - parse_multi_results输出: [{'name': 'device_control', 'args': {'action': 'turnon', 'entity': 'SUNSHADE', 'position': 'SECOND_ROW'}}]
2026-03-23 09:42:54,514 - DEBUG - CaseID: 272 - expected_results: [{'name': 'device_control', 'args': {'action': 'turnon', 'entity': 'SUNSHADE', 'position': 'SECOND_ROW'}}]
2026-03-23 09:42:54,514 - DEBUG - CaseID: 272 - actual_results: [{'name': 'device_control', 'args': {'action': 'turnon', 'entity': 'SUNSHADE', 'position': 'SECOND_ROW'}}]
2026-03-23 09:42:54,514 - DEBUG - CaseID: 272 - expected_keys: {('device_control', '{"action": "turnon", "entity": "SUNSHADE", "position": "SECOND_ROW"}')}
2026-03-23 09:42:54,514 - DEBUG - CaseID: 272 - actual_keys: {('device_control', '{"action": "turnon", "entity": "SUNSHADE", "position": "SECOND_ROW"}')}
2026-03-23 09:42:54,514 - DEBUG - CaseID: 273 - parse_multi_results输入 - name_str: 'device_control', args_str: '{"action":"turnon", "entity":"SUNSHADE","position":"SECOND_ROW"}'
2026-03-23 09:42:54,514 - DEBUG - CaseID: 273 - parse_multi_results输出: [{'name': 'device_control', 'args': {'action': 'turnon', 'entity': 'SUNSHADE', 'position': 'SECOND_ROW'}}]
2026-03-23 09:42:54,514 - DEBUG - CaseID: 273 - parse_multi_results输入 - name_str: 'device_control', args_str: '{"action":"turnon","position":"SECOND_ROW","entity":"SUNSHADE"}'
2026-03-23 09:42:54,514 - DEBUG - CaseID: 273 - parse_multi_results输出: [{'name': 'device_control', 'args': {'action': 'turnon', 'entity': 'SUNSHADE', 'position': 'SECOND_ROW'}}]
2026-03-23 09:42:54,514 - DEBUG - CaseID: 273 - expected_results: [{'name': 'device_control', 'args': {'action': 'turnon', 'entity': 'SUNSHADE', 'position': 'SECOND_ROW'}}]
2026-03-23 09:42:54,514 - DEBUG - CaseID: 273 - actual_results: [{'name': 'device_control', 'args': {'action': 'turnon', 'entity': 'SUNSHADE', 'position': 'SECOND_ROW'}}]
2026-03-23 09:42:54,514 - DEBUG - CaseID: 273 - expected_keys: {('device_control', '{"action": "turnon", "entity": "SUNSHADE", "position": "SECOND_ROW"}')}
2026-03-23 09:42:54,514 - DEBUG - CaseID: 273 - actual_keys: {('device_control', '{"action": "turnon", "entity": "SUNSHADE", "position": "SECOND_ROW"}')}
2026-03-23 09:42:54,514 - DEBUG - CaseID: 274 - parse_multi_results输入 - name_str: 'device_control', args_str: '{"action":"turnon", "entity":"SUNSHADE","position":"SECOND_ROW"}'
2026-03-23 09:42:54,514 - DEBUG - CaseID: 274 - parse_multi_results输出: [{'name': 'device_control', 'args': {'action': 'turnon', 'entity': 'SUNSHADE', 'position': 'SECOND_ROW'}}]
2026-03-23 09:42:54,514 - DEBUG - CaseID: 274 - parse_multi_results输入 - name_str: 'device_control', args_str: '{"action":"turnon","position":"SECOND_ROW","entity":"SUNSHADE"}'
2026-03-23 09:42:54,514 - DEBUG - CaseID: 274 - parse_multi_results输出: [{'name': 'device_control', 'args': {'action': 'turnon', 'entity': 'SUNSHADE', 'position': 'SECOND_ROW'}}]
2026-03-23 09:42:54,514 - DEBUG - CaseID: 274 - expected_results: [{'name': 'device_control', 'args': {'action': 'turnon', 'entity': 'SUNSHADE', 'position': 'SECOND_ROW'}}]
2026-03-23 09:42:54,514 - DEBUG - CaseID: 274 - actual_results: [{'name': 'device_control', 'args': {'action': 'turnon', 'entity': 'SUNSHADE', 'position': 'SECOND_ROW'}}]
2026-03-23 09:42:54,514 - DEBUG - CaseID: 274 - expected_keys: {('device_control', '{"action": "turnon", "entity": "SUNSHADE", "position": "SECOND_ROW"}')}
2026-03-23 09:42:54,514 - DEBUG - CaseID: 274 - actual_keys: {('device_control', '{"action": "turnon", "entity": "SUNSHADE", "position": "SECOND_ROW"}')}
2026-03-23 09:42:54,514 - DEBUG - CaseID: 275 - parse_multi_results输入 - name_str: 'device_control', args_str: '{"action":"turnon", "entity":"SUNSHADE","position":"SECOND_ROW"}'
2026-03-23 09:42:54,514 - DEBUG - CaseID: 275 - parse_multi_results输出: [{'name': 'device_control', 'args': {'action': 'turnon', 'entity': 'SUNSHADE', 'position': 'SECOND_ROW'}}]
2026-03-23 09:42:54,515 - DEBUG - CaseID: 275 - parse_multi_results输入 - name_str: 'device_control', args_str: '{"action":"turnon","position":"SECOND_ROW","entity":"SUNSHADE"}'
2026-03-23 09:42:54,515 - DEBUG - CaseID: 275 - parse_multi_results输出: [{'name': 'device_control', 'args': {'action': 'turnon', 'entity': 'SUNSHADE', 'position': 'SECOND_ROW'}}]
2026-03-23 09:42:54,515 - DEBUG - CaseID: 275 - expected_results: [{'name': 'device_control', 'args': {'action': 'turnon', 'entity': 'SUNSHADE', 'position': 'SECOND_ROW'}}]
2026-03-23 09:42:54,515 - DEBUG - CaseID: 275 - actual_results: [{'name': 'device_control', 'args': {'action': 'turnon', 'entity': 'SUNSHADE', 'position': 'SECOND_ROW'}}]
2026-03-23 09:42:54,515 - DEBUG - CaseID: 275 - expected_keys: {('device_control', '{"action": "turnon", "entity": "SUNSHADE", "position": "SECOND_ROW"}')}
2026-03-23 09:42:54,515 - DEBUG - CaseID: 275 - actual_keys: {('device_control', '{"action": "turnon", "entity": "SUNSHADE", "position": "SECOND_ROW"}')}
2026-03-23 09:42:54,515 - DEBUG - CaseID: 276 - parse_multi_results输入 - name_str: 'device_control', args_str: '{"action":"turnon", "entity":"SUNSHADE","position":"SECOND_ROW"}'
2026-03-23 09:42:54,515 - DEBUG - CaseID: 276 - parse_multi_results输出: [{'name': 'device_control', 'args': {'action': 'turnon', 'entity': 'SUNSHADE', 'position': 'SECOND_ROW'}}]
2026-03-23 09:42:54,515 - DEBUG - CaseID: 276 - parse_multi_results输入 - name_str: 'device_control', args_str: '{"action":"turnon","position":"SECOND_ROW","entity":"SUNSHADE"}'
2026-03-23 09:42:54,515 - DEBUG - CaseID: 276 - parse_multi_results输出: [{'name': 'device_control', 'args': {'action': 'turnon', 'entity': 'SUNSHADE', 'position': 'SECOND_ROW'}}]
2026-03-23 09:42:54,515 - DEBUG - CaseID: 276 - expected_results: [{'name': 'device_control', 'args': {'action': 'turnon', 'entity': 'SUNSHADE', 'position': 'SECOND_ROW'}}]
2026-03-23 09:42:54,515 - DEBUG - CaseID: 276 - actual_results: [{'name': 'device_control', 'args': {'action': 'turnon', 'entity': 'SUNSHADE', 'position': 'SECOND_ROW'}}]
2026-03-23 09:42:54,515 - DEBUG - CaseID: 276 - expected_keys: {('device_control', '{"action": "turnon", "entity": "SUNSHADE", "position": "SECOND_ROW"}')}
2026-03-23 09:42:54,515 - DEBUG - CaseID: 276 - actual_keys: {('device_control', '{"action": "turnon", "entity": "SUNSHADE", "position": "SECOND_ROW"}')}
2026-03-23 09:42:54,515 - DEBUG - CaseID: 277 - parse_multi_results输入 - name_str: 'device_control', args_str: '{"action":"turnon", "entity":"SUNSHADE","position":"LEFT_SEAT_OF_SECOND_ROW"}'
2026-03-23 09:42:54,515 - DEBUG - CaseID: 277 - parse_multi_results输出: [{'name': 'device_control', 'args': {'action': 'turnon', 'entity': 'SUNSHADE', 'position': 'LEFT_SEAT_OF_SECOND_ROW'}}]
2026-03-23 09:42:54,515 - DEBUG - CaseID: 277 - parse_multi_results输入 - name_str: 'device_control', args_str: '{"action":"turnon","position":"LEFT_SEAT_OF_SECOND_ROW","entity":"SUNSHADE"}'
2026-03-23 09:42:54,515 - DEBUG - CaseID: 277 - parse_multi_results输出: [{'name': 'device_control', 'args': {'action': 'turnon', 'entity': 'SUNSHADE', 'position': 'LEFT_SEAT_OF_SECOND_ROW'}}]
2026-03-23 09:42:54,515 - DEBUG - CaseID: 277 - expected_results: [{'name': 'device_control', 'args': {'action': 'turnon', 'entity': 'SUNSHADE', 'position': 'LEFT_SEAT_OF_SECOND_ROW'}}]
2026-03-23 09:42:54,515 - DEBUG - CaseID: 277 - actual_results: [{'name': 'device_control', 'args': {'action': 'turnon', 'entity': 'SUNSHADE', 'position': 'LEFT_SEAT_OF_SECOND_ROW'}}]
2026-03-23 09:42:54,515 - DEBUG - CaseID: 277 - expected_keys: {('device_control', '{"action": "turnon", "entity": "SUNSHADE", "position": "LEFT_SEAT_OF_SECOND_ROW"}')}
2026-03-23 09:42:54,515 - DEBUG - CaseID: 277 - actual_keys: {('device_control', '{"action": "turnon", "entity": "SUNSHADE", "position": "LEFT_SEAT_OF_SECOND_ROW"}')}
2026-03-23 09:42:54,515 - DEBUG - CaseID: 278 - parse_multi_results输入 - name_str: 'device_control', args_str: '{"action":"turnon", "entity":"SUNSHADE","position":"LEFT_SEAT_OF_SECOND_ROW"}'
2026-03-23 09:42:54,515 - DEBUG - CaseID: 278 - parse_multi_results输出: [{'name': 'device_control', 'args': {'action': 'turnon', 'entity': 'SUNSHADE', 'position': 'LEFT_SEAT_OF_SECOND_ROW'}}]
2026-03-23 09:42:54,515 - DEBUG - CaseID: 278 - parse_multi_results输入 - name_str: 'device_control', args_str: '{"action":"turnon","position":"LEFT_SEAT_OF_SECOND_ROW","entity":"SUNSHADE"}'
2026-03-23 09:42:54,515 - DEBUG - CaseID: 278 - parse_multi_results输出: [{'name': 'device_control', 'args': {'action': 'turnon', 'entity': 'SUNSHADE', 'position': 'LEFT_SEAT_OF_SECOND_ROW'}}]
2026-03-23 09:42:54,515 - DEBUG - CaseID: 278 - expected_results: [{'name': 'device_control', 'args': {'action': 'turnon', 'entity': 'SUNSHADE', 'position': 'LEFT_SEAT_OF_SECOND_ROW'}}]
2026-03-23 09:42:54,515 - DEBUG - CaseID: 278 - actual_results: [{'name': 'device_control', 'args': {'action': 'turnon', 'entity': 'SUNSHADE', 'position': 'LEFT_SEAT_OF_SECOND_ROW'}}]
2026-03-23 09:42:54,515 - DEBUG - CaseID: 278 - expected_keys: {('device_control', '{"action": "turnon", "entity": "SUNSHADE", "position": "LEFT_SEAT_OF_SECOND_ROW"}')}
2026-03-23 09:42:54,515 - DEBUG - CaseID: 278 - actual_keys: {('device_control', '{"action": "turnon", "entity": "SUNSHADE", "position": "LEFT_SEAT_OF_SECOND_ROW"}')}
2026-03-23 09:42:54,515 - DEBUG - CaseID: 279 - parse_multi_results输入 - name_str: 'device_control', args_str: '{"action":"turnon", "entity":"SUNSHADE","position":"LEFT_SEAT_OF_SECOND_ROW"}'
2026-03-23 09:42:54,515 - DEBUG - CaseID: 279 - parse_multi_results输出: [{'name': 'device_control', 'args': {'action': 'turnon', 'entity': 'SUNSHADE', 'position': 'LEFT_SEAT_OF_SECOND_ROW'}}]
2026-03-23 09:42:54,516 - DEBUG - CaseID: 279 - parse_multi_results输入 - name_str: 'device_control', args_str: '{"action":"turnon","position":"LEFT_SEAT_OF_SECOND_ROW","entity":"SUNSHADE"}'
2026-03-23 09:42:54,516 - DEBUG - CaseID: 279 - parse_multi_results输出: [{'name': 'device_control', 'args': {'action': 'turnon', 'entity': 'SUNSHADE', 'position': 'LEFT_SEAT_OF_SECOND_ROW'}}]
2026-03-23 09:42:54,516 - DEBUG - CaseID: 279 - expected_results: [{'name': 'device_control', 'args': {'action': 'turnon', 'entity': 'SUNSHADE', 'position': 'LEFT_SEAT_OF_SECOND_ROW'}}]
2026-03-23 09:42:54,516 - DEBUG - CaseID: 279 - actual_results: [{'name': 'device_control', 'args': {'action': 'turnon', 'entity': 'SUNSHADE', 'position': 'LEFT_SEAT_OF_SECOND_ROW'}}]
2026-03-23 09:42:54,516 - DEBUG - CaseID: 279 - expected_keys: {('device_control', '{"action": "turnon", "entity": "SUNSHADE", "position": "LEFT_SEAT_OF_SECOND_ROW"}')}
2026-03-23 09:42:54,516 - DEBUG - CaseID: 279 - actual_keys: {('device_control', '{"action": "turnon", "entity": "SUNSHADE", "position": "LEFT_SEAT_OF_SECOND_ROW"}')}
2026-03-23 09:42:54,516 - DEBUG - CaseID: 280 - parse_multi_results输入 - name_str: 'device_control', args_str: '{"action":"turnon", "entity":"SUNSHADE","position":"LEFT_SEAT_OF_SECOND_ROW"}'
2026-03-23 09:42:54,516 - DEBUG - CaseID: 280 - parse_multi_results输出: [{'name': 'device_control', 'args': {'action': 'turnon', 'entity': 'SUNSHADE', 'position': 'LEFT_SEAT_OF_SECOND_ROW'}}]
2026-03-23 09:42:54,516 - DEBUG - CaseID: 280 - parse_multi_results输入 - name_str: 'device_control', args_str: '{"action":"turnon","position":"LEFT_SEAT_OF_SECOND_ROW","entity":"SUNSHADE"}'
2026-03-23 09:42:54,516 - DEBUG - CaseID: 280 - parse_multi_results输出: [{'name': 'device_control', 'args': {'action': 'turnon', 'entity': 'SUNSHADE', 'position': 'LEFT_SEAT_OF_SECOND_ROW'}}]
2026-03-23 09:42:54,516 - DEBUG - CaseID: 280 - expected_results: [{'name': 'device_control', 'args': {'action': 'turnon', 'entity': 'SUNSHADE', 'position': 'LEFT_SEAT_OF_SECOND_ROW'}}]
2026-03-23 09:42:54,516 - DEBUG - CaseID: 280 - actual_results: [{'name': 'device_control', 'args': {'action': 'turnon', 'entity': 'SUNSHADE', 'position': 'LEFT_SEAT_OF_SECOND_ROW'}}]
2026-03-23 09:42:54,516 - DEBUG - CaseID: 280 - expected_keys: {('device_control', '{"action": "turnon", "entity": "SUNSHADE", "position": "LEFT_SEAT_OF_SECOND_ROW"}')}
2026-03-23 09:42:54,516 - DEBUG - CaseID: 280 - actual_keys: {('device_control', '{"action": "turnon", "entity": "SUNSHADE", "position": "LEFT_SEAT_OF_SECOND_ROW"}')}
2026-03-23 09:42:54,516 - DEBUG - CaseID: 281 - parse_multi_results输入 - name_str: 'device_control', args_str: '{"action":"turnon", "entity":"SUNSHADE","position":"LEFT_SEAT_OF_SECOND_ROW"}'
2026-03-23 09:42:54,516 - DEBUG - CaseID: 281 - parse_multi_results输出: [{'name': 'device_control', 'args': {'action': 'turnon', 'entity': 'SUNSHADE', 'position': 'LEFT_SEAT_OF_SECOND_ROW'}}]
2026-03-23 09:42:54,516 - DEBUG - CaseID: 281 - parse_multi_results输入 - name_str: 'device_control', args_str: '{"action":"turnon","position":"LEFT_SEAT_OF_SECOND_ROW","entity":"SUNSHADE"}'
2026-03-23 09:42:54,516 - DEBUG - CaseID: 281 - parse_multi_results输出: [{'name': 'device_control', 'args': {'action': 'turnon', 'entity': 'SUNSHADE', 'position': 'LEFT_SEAT_OF_SECOND_ROW'}}]
2026-03-23 09:42:54,516 - DEBUG - CaseID: 281 - expected_results: [{'name': 'device_control', 'args': {'action': 'turnon', 'entity': 'SUNSHADE', 'position': 'LEFT_SEAT_OF_SECOND_ROW'}}]
2026-03-23 09:42:54,516 - DEBUG - CaseID: 281 - actual_results: [{'name': 'device_control', 'args': {'action': 'turnon', 'entity': 'SUNSHADE', 'position': 'LEFT_SEAT_OF_SECOND_ROW'}}]
2026-03-23 09:42:54,516 - DEBUG - CaseID: 281 - expected_keys: {('device_control', '{"action": "turnon", "entity": "SUNSHADE", "position": "LEFT_SEAT_OF_SECOND_ROW"}')}
2026-03-23 09:42:54,516 - DEBUG - CaseID: 281 - actual_keys: {('device_control', '{"action": "turnon", "entity": "SUNSHADE", "position": "LEFT_SEAT_OF_SECOND_ROW"}')}
2026-03-23 09:42:54,516 - DEBUG - CaseID: 282 - parse_multi_results输入 - name_str: 'device_control', args_str: '{"action":"turnon", "entity":"SUNSHADE","position":"LEFT_SEAT_OF_SECOND_ROW"}'
2026-03-23 09:42:54,516 - DEBUG - CaseID: 282 - parse_multi_results输出: [{'name': 'device_control', 'args': {'action': 'turnon', 'entity': 'SUNSHADE', 'position': 'LEFT_SEAT_OF_SECOND_ROW'}}]
2026-03-23 09:42:54,516 - DEBUG - CaseID: 282 - parse_multi_results输入 - name_str: 'device_control', args_str: '{"action":"turnon","position":"LEFT_SEAT_OF_SECOND_ROW","entity":"SUNSHADE"}'
2026-03-23 09:42:54,517 - DEBUG - CaseID: 282 - parse_multi_results输出: [{'name': 'device_control', 'args': {'action': 'turnon', 'entity': 'SUNSHADE', 'position': 'LEFT_SEAT_OF_SECOND_ROW'}}]
2026-03-23 09:42:54,517 - DEBUG - CaseID: 282 - expected_results: [{'name': 'device_control', 'args': {'action': 'turnon', 'entity': 'SUNSHADE', 'position': 'LEFT_SEAT_OF_SECOND_ROW'}}]
2026-03-23 09:42:54,517 - DEBUG - CaseID: 282 - actual_results: [{'name': 'device_control', 'args': {'action': 'turnon', 'entity': 'SUNSHADE', 'position': 'LEFT_SEAT_OF_SECOND_ROW'}}]
2026-03-23 09:42:54,517 - DEBUG - CaseID: 282 - expected_keys: {('device_control', '{"action": "turnon", "entity": "SUNSHADE", "position": "LEFT_SEAT_OF_SECOND_ROW"}')}
2026-03-23 09:42:54,517 - DEBUG - CaseID: 282 - actual_keys: {('device_control', '{"action": "turnon", "entity": "SUNSHADE", "position": "LEFT_SEAT_OF_SECOND_ROW"}')}
2026-03-23 09:42:54,517 - DEBUG - CaseID: 283 - parse_multi_results输入 - name_str: 'device_control', args_str: '{"action":"turnon", "entity":"SUNSHADE","position":"LEFT_SEAT_OF_SECOND_ROW"}'
2026-03-23 09:42:54,517 - DEBUG - CaseID: 283 - parse_multi_results输出: [{'name': 'device_control', 'args': {'action': 'turnon', 'entity': 'SUNSHADE', 'position': 'LEFT_SEAT_OF_SECOND_ROW'}}]
2026-03-23 09:42:54,517 - DEBUG - CaseID: 283 - parse_multi_results输入 - name_str: 'device_control', args_str: '{"action":"turnon","position":"LEFT_SEAT_OF_SECOND_ROW","entity":"SUNSHADE"}'
2026-03-23 09:42:54,517 - DEBUG - CaseID: 283 - parse_multi_results输出: [{'name': 'device_control', 'args': {'action': 'turnon', 'entity': 'SUNSHADE', 'position': 'LEFT_SEAT_OF_SECOND_ROW'}}]
2026-03-23 09:42:54,517 - DEBUG - CaseID: 283 - expected_results: [{'name': 'device_control', 'args': {'action': 'turnon', 'entity': 'SUNSHADE', 'position': 'LEFT_SEAT_OF_SECOND_ROW'}}]
2026-03-23 09:42:54,517 - DEBUG - CaseID: 283 - actual_results: [{'name': 'device_control', 'args': {'action': 'turnon', 'entity': 'SUNSHADE', 'position': 'LEFT_SEAT_OF_SECOND_ROW'}}]
2026-03-23 09:42:54,517 - DEBUG - CaseID: 283 - expected_keys: {('device_control', '{"action": "turnon", "entity": "SUNSHADE", "position": "LEFT_SEAT_OF_SECOND_ROW"}')}
2026-03-23 09:42:54,517 - DEBUG - CaseID: 283 - actual_keys: {('device_control', '{"action": "turnon", "entity": "SUNSHADE", "position": "LEFT_SEAT_OF_SECOND_ROW"}')}
2026-03-23 09:42:54,517 - DEBUG - CaseID: 284 - parse_multi_results输入 - name_str: 'device_control', args_str: '{"action":"turnon", "entity":"SUNSHADE","position":"LEFT_SEAT_OF_SECOND_ROW"}'
2026-03-23 09:42:54,517 - DEBUG - CaseID: 284 - parse_multi_results输出: [{'name': 'device_control', 'args': {'action': 'turnon', 'entity': 'SUNSHADE', 'position': 'LEFT_SEAT_OF_SECOND_ROW'}}]
2026-03-23 09:42:54,517 - DEBUG - CaseID: 284 - parse_multi_results输入 - name_str: 'device_control', args_str: '{"action":"turnon","position":"LEFT_SEAT_OF_SECOND_ROW","entity":"SUNSHADE"}'
2026-03-23 09:42:54,517 - DEBUG - CaseID: 284 - parse_multi_results输出: [{'name': 'device_control', 'args': {'action': 'turnon', 'entity': 'SUNSHADE', 'position': 'LEFT_SEAT_OF_SECOND_ROW'}}]
2026-03-23 09:42:54,517 - DEBUG - CaseID: 284 - expected_results: [{'name': 'device_control', 'args': {'action': 'turnon', 'entity': 'SUNSHADE', 'position': 'LEFT_SEAT_OF_SECOND_ROW'}}]
2026-03-23 09:42:54,517 - DEBUG - CaseID: 284 - actual_results: [{'name': 'device_control', 'args': {'action': 'turnon', 'entity': 'SUNSHADE', 'position': 'LEFT_SEAT_OF_SECOND_ROW'}}]
2026-03-23 09:42:54,517 - DEBUG - CaseID: 284 - expected_keys: {('device_control', '{"action": "turnon", "entity": "SUNSHADE", "position": "LEFT_SEAT_OF_SECOND_ROW"}')}
2026-03-23 09:42:54,517 - DEBUG - CaseID: 284 - actual_keys: {('device_control', '{"action": "turnon", "entity": "SUNSHADE", "position": "LEFT_SEAT_OF_SECOND_ROW"}')}
2026-03-23 09:42:54,517 - DEBUG - CaseID: 285 - parse_multi_results输入 - name_str: 'device_control', args_str: '{"action":"turnon", "entity":"SUNSHADE","position":"LEFT_SEAT_OF_SECOND_ROW"}'
2026-03-23 09:42:54,517 - DEBUG - CaseID: 285 - parse_multi_results输出: [{'name': 'device_control', 'args': {'action': 'turnon', 'entity': 'SUNSHADE', 'position': 'LEFT_SEAT_OF_SECOND_ROW'}}]
2026-03-23 09:42:54,517 - DEBUG - CaseID: 285 - parse_multi_results输入 - name_str: 'device_control', args_str: '{"action":"turnon","position":"LEFT_SEAT_OF_SECOND_ROW","entity":"SUNSHADE"}'
2026-03-23 09:42:54,517 - DEBUG - CaseID: 285 - parse_multi_results输出: [{'name': 'device_control', 'args': {'action': 'turnon', 'entity': 'SUNSHADE', 'position': 'LEFT_SEAT_OF_SECOND_ROW'}}]
2026-03-23 09:42:54,517 - DEBUG - CaseID: 285 - expected_results: [{'name': 'device_control', 'args': {'action': 'turnon', 'entity': 'SUNSHADE', 'position': 'LEFT_SEAT_OF_SECOND_ROW'}}]
2026-03-23 09:42:54,517 - DEBUG - CaseID: 285 - actual_results: [{'name': 'device_control', 'args': {'action': 'turnon', 'entity': 'SUNSHADE', 'position': 'LEFT_SEAT_OF_SECOND_ROW'}}]
2026-03-23 09:42:54,517 - DEBUG - CaseID: 285 - expected_keys: {('device_control', '{"action": "turnon", "entity": "SUNSHADE", "position": "LEFT_SEAT_OF_SECOND_ROW"}')}
2026-03-23 09:42:54,517 - DEBUG - CaseID: 285 - actual_keys: {('device_control', '{"action": "turnon", "entity": "SUNSHADE", "position": "LEFT_SEAT_OF_SECOND_ROW"}')}
2026-03-23 09:42:54,517 - DEBUG - CaseID: 286 - parse_multi_results输入 - name_str: 'device_control', args_str: '{"action":"turnon", "entity":"SUNSHADE","position":"LEFT_SEAT_OF_SECOND_ROW"}'
2026-03-23 09:42:54,517 - DEBUG - CaseID: 286 - parse_multi_results输出: [{'name': 'device_control', 'args': {'action': 'turnon', 'entity': 'SUNSHADE', 'position': 'LEFT_SEAT_OF_SECOND_ROW'}}]
2026-03-23 09:42:54,517 - DEBUG - CaseID: 286 - parse_multi_results输入 - name_str: 'device_control', args_str: '{"action":"turnon","position":"LEFT_SEAT_OF_SECOND_ROW","entity":"SUNSHADE"}'
2026-03-23 09:42:54,517 - DEBUG - CaseID: 286 - parse_multi_results输出: [{'name': 'device_control', 'args': {'action': 'turnon', 'entity': 'SUNSHADE', 'position': 'LEFT_SEAT_OF_SECOND_ROW'}}]
2026-03-23 09:42:54,517 - DEBUG - CaseID: 286 - expected_results: [{'name': 'device_control', 'args': {'action': 'turnon', 'entity': 'SUNSHADE', 'position': 'LEFT_SEAT_OF_SECOND_ROW'}}]
2026-03-23 09:42:54,518 - DEBUG - CaseID: 286 - actual_results: [{'name': 'device_control', 'args': {'action': 'turnon', 'entity': 'SUNSHADE', 'position': 'LEFT_SEAT_OF_SECOND_ROW'}}]
2026-03-23 09:42:54,518 - DEBUG - CaseID: 286 - expected_keys: {('device_control', '{"action": "turnon", "entity": "SUNSHADE", "position": "LEFT_SEAT_OF_SECOND_ROW"}')}
2026-03-23 09:42:54,518 - DEBUG - CaseID: 286 - actual_keys: {('device_control', '{"action": "turnon", "entity": "SUNSHADE", "position": "LEFT_SEAT_OF_SECOND_ROW"}')}
2026-03-23 09:42:54,518 - DEBUG - CaseID: 287 - parse_multi_results输入 - name_str: 'device_control', args_str: '{"action":"turnon", "entity":"SUNSHADE","position":"RIGHT_SEAT_OF_SECOND_ROW"}'
2026-03-23 09:42:54,518 - DEBUG - CaseID: 287 - parse_multi_results输出: [{'name': 'device_control', 'args': {'action': 'turnon', 'entity': 'SUNSHADE', 'position': 'RIGHT_SEAT_OF_SECOND_ROW'}}]
2026-03-23 09:42:54,518 - DEBUG - CaseID: 287 - parse_multi_results输入 - name_str: 'device_control', args_str: '{"action":"turnon","position":"RIGHT_SEAT_OF_SECOND_ROW","entity":"SUNSHADE"}'
2026-03-23 09:42:54,518 - DEBUG - CaseID: 287 - parse_multi_results输出: [{'name': 'device_control', 'args': {'action': 'turnon', 'entity': 'SUNSHADE', 'position': 'RIGHT_SEAT_OF_SECOND_ROW'}}]
2026-03-23 09:42:54,518 - DEBUG - CaseID: 287 - expected_results: [{'name': 'device_control', 'args': {'action': 'turnon', 'entity': 'SUNSHADE', 'position': 'RIGHT_SEAT_OF_SECOND_ROW'}}]
2026-03-23 09:42:54,518 - DEBUG - CaseID: 287 - actual_results: [{'name': 'device_control', 'args': {'action': 'turnon', 'entity': 'SUNSHADE', 'position': 'RIGHT_SEAT_OF_SECOND_ROW'}}]
2026-03-23 09:42:54,518 - DEBUG - CaseID: 287 - expected_keys: {('device_control', '{"action": "turnon", "entity": "SUNSHADE", "position": "RIGHT_SEAT_OF_SECOND_ROW"}')}
2026-03-23 09:42:54,518 - DEBUG - CaseID: 287 - actual_keys: {('device_control', '{"action": "turnon", "entity": "SUNSHADE", "position": "RIGHT_SEAT_OF_SECOND_ROW"}')}
2026-03-23 09:42:54,518 - DEBUG - CaseID: 288 - parse_multi_results输入 - name_str: 'device_control', args_str: '{"action":"turnon", "entity":"SUNSHADE","position":"RIGHT_SEAT_OF_SECOND_ROW"}'
2026-03-23 09:42:54,518 - DEBUG - CaseID: 288 - parse_multi_results输出: [{'name': 'device_control', 'args': {'action': 'turnon', 'entity': 'SUNSHADE', 'position': 'RIGHT_SEAT_OF_SECOND_ROW'}}]
2026-03-23 09:42:54,518 - DEBUG - CaseID: 288 - parse_multi_results输入 - name_str: 'device_control', args_str: '{"action":"turnon","position":"RIGHT_SEAT_OF_SECOND_ROW","entity":"SUNSHADE"}'
2026-03-23 09:42:54,518 - DEBUG - CaseID: 288 - parse_multi_results输出: [{'name': 'device_control', 'args': {'action': 'turnon', 'entity': 'SUNSHADE', 'position': 'RIGHT_SEAT_OF_SECOND_ROW'}}]
2026-03-23 09:42:54,518 - DEBUG - CaseID: 288 - expected_results: [{'name': 'device_control', 'args': {'action': 'turnon', 'entity': 'SUNSHADE', 'position': 'RIGHT_SEAT_OF_SECOND_ROW'}}]
2026-03-23 09:42:54,518 - DEBUG - CaseID: 288 - actual_results: [{'name': 'device_control', 'args': {'action': 'turnon', 'entity': 'SUNSHADE', 'position': 'RIGHT_SEAT_OF_SECOND_ROW'}}]
2026-03-23 09:42:54,518 - DEBUG - CaseID: 288 - expected_keys: {('device_control', '{"action": "turnon", "entity": "SUNSHADE", "position": "RIGHT_SEAT_OF_SECOND_ROW"}')}
2026-03-23 09:42:54,518 - DEBUG - CaseID: 288 - actual_keys: {('device_control', '{"action": "turnon", "entity": "SUNSHADE", "position": "RIGHT_SEAT_OF_SECOND_ROW"}')}
2026-03-23 09:42:54,518 - DEBUG - CaseID: 289 - parse_multi_results输入 - name_str: 'device_control', args_str: '{"action":"turnon", "entity":"SUNSHADE","position":"RIGHT_SEAT_OF_SECOND_ROW"}'
2026-03-23 09:42:54,518 - DEBUG - CaseID: 289 - parse_multi_results输出: [{'name': 'device_control', 'args': {'action': 'turnon', 'entity': 'SUNSHADE', 'position': 'RIGHT_SEAT_OF_SECOND_ROW'}}]
2026-03-23 09:42:54,518 - DEBUG - CaseID: 289 - parse_multi_results输入 - name_str: 'device_control', args_str: '{"action":"turnon","position":"RIGHT_SEAT_OF_SECOND_ROW","entity":"SUNSHADE"}'
2026-03-23 09:42:54,518 - DEBUG - CaseID: 289 - parse_multi_results输出: [{'name': 'device_control', 'args': {'action': 'turnon', 'entity': 'SUNSHADE', 'position': 'RIGHT_SEAT_OF_SECOND_ROW'}}]
2026-03-23 09:42:54,518 - DEBUG - CaseID: 289 - expected_results: [{'name': 'device_control', 'args': {'action': 'turnon', 'entity': 'SUNSHADE', 'position': 'RIGHT_SEAT_OF_SECOND_ROW'}}]
2026-03-23 09:42:54,518 - DEBUG - CaseID: 289 - actual_results: [{'name': 'device_control', 'args': {'action': 'turnon', 'entity': 'SUNSHADE', 'position': 'RIGHT_SEAT_OF_SECOND_ROW'}}]
2026-03-23 09:42:54,518 - DEBUG - CaseID: 289 - expected_keys: {('device_control', '{"action": "turnon", "entity": "SUNSHADE", "position": "RIGHT_SEAT_OF_SECOND_ROW"}')}
2026-03-23 09:42:54,518 - DEBUG - CaseID: 289 - actual_keys: {('device_control', '{"action": "turnon", "entity": "SUNSHADE", "position": "RIGHT_SEAT_OF_SECOND_ROW"}')}
2026-03-23 09:42:54,518 - DEBUG - CaseID: 290 - parse_multi_results输入 - name_str: 'device_control', args_str: '{"action":"turnon", "entity":"SUNSHADE","position":"RIGHT_SEAT_OF_SECOND_ROW"}'
2026-03-23 09:42:54,518 - DEBUG - CaseID: 290 - parse_multi_results输出: [{'name': 'device_control', 'args': {'action': 'turnon', 'entity': 'SUNSHADE', 'position': 'RIGHT_SEAT_OF_SECOND_ROW'}}]
2026-03-23 09:42:54,518 - DEBUG - CaseID: 290 - parse_multi_results输入 - name_str: 'device_control', args_str: '{"action":"turnon","position":"RIGHT_SEAT_OF_SECOND_ROW","entity":"SUNSHADE"}'
2026-03-23 09:42:54,518 - DEBUG - CaseID: 290 - parse_multi_results输出: [{'name': 'device_control', 'args': {'action': 'turnon', 'entity': 'SUNSHADE', 'position': 'RIGHT_SEAT_OF_SECOND_ROW'}}]
2026-03-23 09:42:54,518 - DEBUG - CaseID: 290 - expected_results: [{'name': 'device_control', 'args': {'action': 'turnon', 'entity': 'SUNSHADE', 'position': 'RIGHT_SEAT_OF_SECOND_ROW'}}]
2026-03-23 09:42:54,519 - DEBUG - CaseID: 290 - actual_results: [{'name': 'device_control', 'args': {'action': 'turnon', 'entity': 'SUNSHADE', 'position': 'RIGHT_SEAT_OF_SECOND_ROW'}}]
2026-03-23 09:42:54,519 - DEBUG - CaseID: 290 - expected_keys: {('device_control', '{"action": "turnon", "entity": "SUNSHADE", "position": "RIGHT_SEAT_OF_SECOND_ROW"}')}
2026-03-23 09:42:54,519 - DEBUG - CaseID: 290 - actual_keys: {('device_control', '{"action": "turnon", "entity": "SUNSHADE", "position": "RIGHT_SEAT_OF_SECOND_ROW"}')}
2026-03-23 09:42:54,519 - DEBUG - CaseID: 291 - parse_multi_results输入 - name_str: 'device_control', args_str: '{"action":"turnon", "entity":"SUNSHADE","position":"RIGHT_SEAT_OF_SECOND_ROW"}'
2026-03-23 09:42:54,519 - DEBUG - CaseID: 291 - parse_multi_results输出: [{'name': 'device_control', 'args': {'action': 'turnon', 'entity': 'SUNSHADE', 'position': 'RIGHT_SEAT_OF_SECOND_ROW'}}]
2026-03-23 09:42:54,519 - DEBUG - CaseID: 291 - parse_multi_results输入 - name_str: 'device_control', args_str: '{"action":"turnon","position":"RIGHT_SEAT_OF_SECOND_ROW","entity":"SUNSHADE"}'
2026-03-23 09:42:54,519 - DEBUG - CaseID: 291 - parse_multi_results输出: [{'name': 'device_control', 'args': {'action': 'turnon', 'entity': 'SUNSHADE', 'position': 'RIGHT_SEAT_OF_SECOND_ROW'}}]
2026-03-23 09:42:54,519 - DEBUG - CaseID: 291 - expected_results: [{'name': 'device_control', 'args': {'action': 'turnon', 'entity': 'SUNSHADE', 'position': 'RIGHT_SEAT_OF_SECOND_ROW'}}]
2026-03-23 09:42:54,519 - DEBUG - CaseID: 291 - actual_results: [{'name': 'device_control', 'args': {'action': 'turnon', 'entity': 'SUNSHADE', 'position': 'RIGHT_SEAT_OF_SECOND_ROW'}}]
2026-03-23 09:42:54,519 - DEBUG - CaseID: 291 - expected_keys: {('device_control', '{"action": "turnon", "entity": "SUNSHADE", "position": "RIGHT_SEAT_OF_SECOND_ROW"}')}
2026-03-23 09:42:54,519 - DEBUG - CaseID: 291 - actual_keys: {('device_control', '{"action": "turnon", "entity": "SUNSHADE", "position": "RIGHT_SEAT_OF_SECOND_ROW"}')}
2026-03-23 09:42:54,519 - DEBUG - CaseID: 292 - parse_multi_results输入 - name_str: 'device_control', args_str: '{"action":"turnon", "entity":"SUNSHADE","position":"RIGHT_SEAT_OF_SECOND_ROW"}'
2026-03-23 09:42:54,519 - DEBUG - CaseID: 292 - parse_multi_results输出: [{'name': 'device_control', 'args': {'action': 'turnon', 'entity': 'SUNSHADE', 'position': 'RIGHT_SEAT_OF_SECOND_ROW'}}]
2026-03-23 09:42:54,519 - DEBUG - CaseID: 292 - parse_multi_results输入 - name_str: 'device_control', args_str: '{"action":"turnon","position":"RIGHT_SEAT_OF_SECOND_ROW","entity":"SUNSHADE"}'
2026-03-23 09:42:54,519 - DEBUG - CaseID: 292 - parse_multi_results输出: [{'name': 'device_control', 'args': {'action': 'turnon', 'entity': 'SUNSHADE', 'position': 'RIGHT_SEAT_OF_SECOND_ROW'}}]
2026-03-23 09:42:54,519 - DEBUG - CaseID: 292 - expected_results: [{'name': 'device_control', 'args': {'action': 'turnon', 'entity': 'SUNSHADE', 'position': 'RIGHT_SEAT_OF_SECOND_ROW'}}]
2026-03-23 09:42:54,519 - DEBUG - CaseID: 292 - actual_results: [{'name': 'device_control', 'args': {'action': 'turnon', 'entity': 'SUNSHADE', 'position': 'RIGHT_SEAT_OF_SECOND_ROW'}}]
2026-03-23 09:42:54,519 - DEBUG - CaseID: 292 - expected_keys: {('device_control', '{"action": "turnon", "entity": "SUNSHADE", "position": "RIGHT_SEAT_OF_SECOND_ROW"}')}
2026-03-23 09:42:54,519 - DEBUG - CaseID: 292 - actual_keys: {('device_control', '{"action": "turnon", "entity": "SUNSHADE", "position": "RIGHT_SEAT_OF_SECOND_ROW"}')}
2026-03-23 09:42:54,519 - DEBUG - CaseID: 293 - parse_multi_results输入 - name_str: 'device_control', args_str: '{"action":"turnon", "entity":"SUNSHADE","position":"RIGHT_SEAT_OF_SECOND_ROW"}'
2026-03-23 09:42:54,519 - DEBUG - CaseID: 293 - parse_multi_results输出: [{'name': 'device_control', 'args': {'action': 'turnon', 'entity': 'SUNSHADE', 'position': 'RIGHT_SEAT_OF_SECOND_ROW'}}]
2026-03-23 09:42:54,519 - DEBUG - CaseID: 293 - parse_multi_results输入 - name_str: 'device_control', args_str: '{"action":"turnon","position":"RIGHT_SEAT_OF_SECOND_ROW","entity":"SUNSHADE"}'
2026-03-23 09:42:54,519 - DEBUG - CaseID: 293 - parse_multi_results输出: [{'name': 'device_control', 'args': {'action': 'turnon', 'entity': 'SUNSHADE', 'position': 'RIGHT_SEAT_OF_SECOND_ROW'}}]
2026-03-23 09:42:54,519 - DEBUG - CaseID: 293 - expected_results: [{'name': 'device_control', 'args': {'action': 'turnon', 'entity': 'SUNSHADE', 'position': 'RIGHT_SEAT_OF_SECOND_ROW'}}]
2026-03-23 09:42:54,519 - DEBUG - CaseID: 293 - actual_results: [{'name': 'device_control', 'args': {'action': 'turnon', 'entity': 'SUNSHADE', 'position': 'RIGHT_SEAT_OF_SECOND_ROW'}}]
2026-03-23 09:42:54,519 - DEBUG - CaseID: 293 - expected_keys: {('device_control', '{"action": "turnon", "entity": "SUNSHADE", "position": "RIGHT_SEAT_OF_SECOND_ROW"}')}
2026-03-23 09:42:54,519 - DEBUG - CaseID: 293 - actual_keys: {('device_control', '{"action": "turnon", "entity": "SUNSHADE", "position": "RIGHT_SEAT_OF_SECOND_ROW"}')}
2026-03-23 09:42:54,519 - DEBUG - CaseID: 294 - parse_multi_results输入 - name_str: 'device_control', args_str: '{"action":"turnon", "entity":"SUNSHADE","position":"RIGHT_SEAT_OF_SECOND_ROW"}'
2026-03-23 09:42:54,519 - DEBUG - CaseID: 294 - parse_multi_results输出: [{'name': 'device_control', 'args': {'action': 'turnon', 'entity': 'SUNSHADE', 'position': 'RIGHT_SEAT_OF_SECOND_ROW'}}]
2026-03-23 09:42:54,519 - DEBUG - CaseID: 294 - parse_multi_results输入 - name_str: 'device_control', args_str: '{"action":"turnon","position":"RIGHT_SEAT_OF_SECOND_ROW","entity":"SUNSHADE"}'
2026-03-23 09:42:54,519 - DEBUG - CaseID: 294 - parse_multi_results输出: [{'name': 'device_control', 'args': {'action': 'turnon', 'entity': 'SUNSHADE', 'position': 'RIGHT_SEAT_OF_SECOND_ROW'}}]
2026-03-23 09:42:54,519 - DEBUG - CaseID: 294 - expected_results: [{'name': 'device_control', 'args': {'action': 'turnon', 'entity': 'SUNSHADE', 'position': 'RIGHT_SEAT_OF_SECOND_ROW'}}]
2026-03-23 09:42:54,519 - DEBUG - CaseID: 294 - actual_results: [{'name': 'device_control', 'args': {'action': 'turnon', 'entity': 'SUNSHADE', 'position': 'RIGHT_SEAT_OF_SECOND_ROW'}}]
2026-03-23 09:42:54,519 - DEBUG - CaseID: 294 - expected_keys: {('device_control', '{"action": "turnon", "entity": "SUNSHADE", "position": "RIGHT_SEAT_OF_SECOND_ROW"}')}
2026-03-23 09:42:54,519 - DEBUG - CaseID: 294 - actual_keys: {('device_control', '{"action": "turnon", "entity": "SUNSHADE", "position": "RIGHT_SEAT_OF_SECOND_ROW"}')}
2026-03-23 09:42:54,520 - DEBUG - CaseID: 295 - parse_multi_results输入 - name_str: 'device_control', args_str: '{"action":"turnon", "entity":"SUNSHADE","position":"RIGHT_SEAT_OF_SECOND_ROW"}'
2026-03-23 09:42:54,520 - DEBUG - CaseID: 295 - parse_multi_results输出: [{'name': 'device_control', 'args': {'action': 'turnon', 'entity': 'SUNSHADE', 'position': 'RIGHT_SEAT_OF_SECOND_ROW'}}]
2026-03-23 09:42:54,520 - DEBUG - CaseID: 295 - parse_multi_results输入 - name_str: 'device_control', args_str: '{"action":"turnon","position":"RIGHT_SEAT_OF_SECOND_ROW","entity":"SUNSHADE"}'
2026-03-23 09:42:54,520 - DEBUG - CaseID: 295 - parse_multi_results输出: [{'name': 'device_control', 'args': {'action': 'turnon', 'entity': 'SUNSHADE', 'position': 'RIGHT_SEAT_OF_SECOND_ROW'}}]
2026-03-23 09:42:54,520 - DEBUG - CaseID: 295 - expected_results: [{'name': 'device_control', 'args': {'action': 'turnon', 'entity': 'SUNSHADE', 'position': 'RIGHT_SEAT_OF_SECOND_ROW'}}]
2026-03-23 09:42:54,520 - DEBUG - CaseID: 295 - actual_results: [{'name': 'device_control', 'args': {'action': 'turnon', 'entity': 'SUNSHADE', 'position': 'RIGHT_SEAT_OF_SECOND_ROW'}}]
2026-03-23 09:42:54,520 - DEBUG - CaseID: 295 - expected_keys: {('device_control', '{"action": "turnon", "entity": "SUNSHADE", "position": "RIGHT_SEAT_OF_SECOND_ROW"}')}
2026-03-23 09:42:54,520 - DEBUG - CaseID: 295 - actual_keys: {('device_control', '{"action": "turnon", "entity": "SUNSHADE", "position": "RIGHT_SEAT_OF_SECOND_ROW"}')}
2026-03-23 09:42:54,520 - DEBUG - CaseID: 296 - parse_multi_results输入 - name_str: 'device_control', args_str: '{"action":"turnon", "entity":"SUNSHADE","position":"RIGHT_SEAT_OF_SECOND_ROW"}'
2026-03-23 09:42:54,520 - DEBUG - CaseID: 296 - parse_multi_results输出: [{'name': 'device_control', 'args': {'action': 'turnon', 'entity': 'SUNSHADE', 'position': 'RIGHT_SEAT_OF_SECOND_ROW'}}]
2026-03-23 09:42:54,520 - DEBUG - CaseID: 296 - parse_multi_results输入 - name_str: 'device_control', args_str: '{"action":"turnon","position":"RIGHT_SEAT_OF_SECOND_ROW","entity":"SUNSHADE"}'
2026-03-23 09:42:54,520 - DEBUG - CaseID: 296 - parse_multi_results输出: [{'name': 'device_control', 'args': {'action': 'turnon', 'entity': 'SUNSHADE', 'position': 'RIGHT_SEAT_OF_SECOND_ROW'}}]
2026-03-23 09:42:54,520 - DEBUG - CaseID: 296 - expected_results: [{'name': 'device_control', 'args': {'action': 'turnon', 'entity': 'SUNSHADE', 'position': 'RIGHT_SEAT_OF_SECOND_ROW'}}]
2026-03-23 09:42:54,520 - DEBUG - CaseID: 296 - actual_results: [{'name': 'device_control', 'args': {'action': 'turnon', 'entity': 'SUNSHADE', 'position': 'RIGHT_SEAT_OF_SECOND_ROW'}}]
2026-03-23 09:42:54,520 - DEBUG - CaseID: 296 - expected_keys: {('device_control', '{"action": "turnon", "entity": "SUNSHADE", "position": "RIGHT_SEAT_OF_SECOND_ROW"}')}
2026-03-23 09:42:54,520 - DEBUG - CaseID: 296 - actual_keys: {('device_control', '{"action": "turnon", "entity": "SUNSHADE", "position": "RIGHT_SEAT_OF_SECOND_ROW"}')}
2026-03-23 09:42:54,520 - DEBUG - CaseID: 297 - parse_multi_results输入 - name_str: 'device_control', args_str: '{"action":"turnoff", "entity":"SUNSHADE","position":"SECOND_ROW"}'
2026-03-23 09:42:54,520 - DEBUG - CaseID: 297 - parse_multi_results输出: [{'name': 'device_control', 'args': {'action': 'turnoff', 'entity': 'SUNSHADE', 'position': 'SECOND_ROW'}}]
2026-03-23 09:42:54,520 - DEBUG - CaseID: 297 - parse_multi_results输入 - name_str: 'device_control', args_str: '{"action":"turnoff","position":"BOTH_SIDES_OF_SECOND_ROW","entity":"SUNSHADE"}'
2026-03-23 09:42:54,520 - DEBUG - CaseID: 297 - parse_multi_results输出: [{'name': 'device_control', 'args': {'action': 'turnoff', 'entity': 'SUNSHADE', 'position': 'BOTH_SIDES_OF_SECOND_ROW'}}]
2026-03-23 09:42:54,520 - DEBUG - CaseID: 297 - expected_results: [{'name': 'device_control', 'args': {'action': 'turnoff', 'entity': 'SUNSHADE', 'position': 'SECOND_ROW'}}]
2026-03-23 09:42:54,520 - DEBUG - CaseID: 297 - actual_results: [{'name': 'device_control', 'args': {'action': 'turnoff', 'entity': 'SUNSHADE', 'position': 'BOTH_SIDES_OF_SECOND_ROW'}}]
2026-03-23 09:42:54,520 - DEBUG - CaseID: 297 - expected_keys: {('device_control', '{"action": "turnoff", "entity": "SUNSHADE", "position": "SECOND_ROW"}')}
2026-03-23 09:42:54,520 - DEBUG - CaseID: 297 - actual_keys: {('device_control', '{"action": "turnoff", "entity": "SUNSHADE", "position": "BOTH_SIDES_OF_SECOND_ROW"}')}
2026-03-23 09:42:54,520 - ERROR - CaseID: 297
实际结果缺少以下预期项：
  名称: device_control, 参数: {"action": "turnoff", "entity": "SUNSHADE", "position": "SECOND_ROW"}
实际结果多出以下非预期项：
  名称: device_control, 参数: {"action": "turnoff", "entity": "SUNSHADE", "position": "BOTH_SIDES_OF_SECOND_ROW"}
2026-03-23 09:42:54,520 - DEBUG - CaseID: 298 - parse_multi_results输入 - name_str: 'device_control', args_str: '{"action":"turnoff", "entity":"SUNSHADE","position":"SECOND_ROW"}'
2026-03-23 09:42:54,520 - DEBUG - CaseID: 298 - parse_multi_results输出: [{'name': 'device_control', 'args': {'action': 'turnoff', 'entity': 'SUNSHADE', 'position': 'SECOND_ROW'}}]
2026-03-23 09:42:54,520 - DEBUG - CaseID: 298 - parse_multi_results输入 - name_str: 'device_control', args_str: '{"action":"turnoff","position":"SECOND_ROW","entity":"SUNSHADE"}'
2026-03-23 09:42:54,520 - DEBUG - CaseID: 298 - parse_multi_results输出: [{'name': 'device_control', 'args': {'action': 'turnoff', 'entity': 'SUNSHADE', 'position': 'SECOND_ROW'}}]
2026-03-23 09:42:54,520 - DEBUG - CaseID: 298 - expected_results: [{'name': 'device_control', 'args': {'action': 'turnoff', 'entity': 'SUNSHADE', 'position': 'SECOND_ROW'}}]
2026-03-23 09:42:54,520 - DEBUG - CaseID: 298 - actual_results: [{'name': 'device_control', 'args': {'action': 'turnoff', 'entity': 'SUNSHADE', 'position': 'SECOND_ROW'}}]
2026-03-23 09:42:54,520 - DEBUG - CaseID: 298 - expected_keys: {('device_control', '{"action": "turnoff", "entity": "SUNSHADE", "position": "SECOND_ROW"}')}
2026-03-23 09:42:54,520 - DEBUG - CaseID: 298 - actual_keys: {('device_control', '{"action": "turnoff", "entity": "SUNSHADE", "position": "SECOND_ROW"}')}
2026-03-23 09:42:54,521 - DEBUG - CaseID: 299 - parse_multi_results输入 - name_str: 'device_control', args_str: '{"action":"turnoff", "entity":"SUNSHADE","position":"SECOND_ROW"}'
2026-03-23 09:42:54,521 - DEBUG - CaseID: 299 - parse_multi_results输出: [{'name': 'device_control', 'args': {'action': 'turnoff', 'entity': 'SUNSHADE', 'position': 'SECOND_ROW'}}]
2026-03-23 09:42:54,521 - DEBUG - CaseID: 299 - parse_multi_results输入 - name_str: 'device_control', args_str: '{"action":"turnoff","position":"SECOND_ROW","entity":"SUNSHADE"}'
2026-03-23 09:42:54,521 - DEBUG - CaseID: 299 - parse_multi_results输出: [{'name': 'device_control', 'args': {'action': 'turnoff', 'entity': 'SUNSHADE', 'position': 'SECOND_ROW'}}]
2026-03-23 09:42:54,521 - DEBUG - CaseID: 299 - expected_results: [{'name': 'device_control', 'args': {'action': 'turnoff', 'entity': 'SUNSHADE', 'position': 'SECOND_ROW'}}]
2026-03-23 09:42:54,521 - DEBUG - CaseID: 299 - actual_results: [{'name': 'device_control', 'args': {'action': 'turnoff', 'entity': 'SUNSHADE', 'position': 'SECOND_ROW'}}]
2026-03-23 09:42:54,521 - DEBUG - CaseID: 299 - expected_keys: {('device_control', '{"action": "turnoff", "entity": "SUNSHADE", "position": "SECOND_ROW"}')}
2026-03-23 09:42:54,521 - DEBUG - CaseID: 299 - actual_keys: {('device_control', '{"action": "turnoff", "entity": "SUNSHADE", "position": "SECOND_ROW"}')}
2026-03-23 09:42:54,521 - DEBUG - CaseID: 300 - parse_multi_results输入 - name_str: 'device_control', args_str: '{"action":"turnoff", "entity":"SUNSHADE","position":"SECOND_ROW"}'
2026-03-23 09:42:54,521 - DEBUG - CaseID: 300 - parse_multi_results输出: [{'name': 'device_control', 'args': {'action': 'turnoff', 'entity': 'SUNSHADE', 'position': 'SECOND_ROW'}}]
2026-03-23 09:42:54,521 - DEBUG - CaseID: 300 - parse_multi_results输入 - name_str: 'device_control', args_str: '{"action":"turnoff","position":"SECOND_ROW","entity":"SUNSHADE"}'
2026-03-23 09:42:54,521 - DEBUG - CaseID: 300 - parse_multi_results输出: [{'name': 'device_control', 'args': {'action': 'turnoff', 'entity': 'SUNSHADE', 'position': 'SECOND_ROW'}}]
2026-03-23 09:42:54,521 - DEBUG - CaseID: 300 - expected_results: [{'name': 'device_control', 'args': {'action': 'turnoff', 'entity': 'SUNSHADE', 'position': 'SECOND_ROW'}}]
2026-03-23 09:42:54,521 - DEBUG - CaseID: 300 - actual_results: [{'name': 'device_control', 'args': {'action': 'turnoff', 'entity': 'SUNSHADE', 'position': 'SECOND_ROW'}}]
2026-03-23 09:42:54,521 - DEBUG - CaseID: 300 - expected_keys: {('device_control', '{"action": "turnoff", "entity": "SUNSHADE", "position": "SECOND_ROW"}')}
2026-03-23 09:42:54,521 - DEBUG - CaseID: 300 - actual_keys: {('device_control', '{"action": "turnoff", "entity": "SUNSHADE", "position": "SECOND_ROW"}')}
2026-03-23 09:42:54,521 - DEBUG - CaseID: 301 - parse_multi_results输入 - name_str: 'device_control', args_str: '{"action":"turnoff", "entity":"SUNSHADE","position":"SECOND_ROW"}'
2026-03-23 09:42:54,521 - DEBUG - CaseID: 301 - parse_multi_results输出: [{'name': 'device_control', 'args': {'action': 'turnoff', 'entity': 'SUNSHADE', 'position': 'SECOND_ROW'}}]
2026-03-23 09:42:54,521 - DEBUG - CaseID: 301 - parse_multi_results输入 - name_str: 'device_control', args_str: '{"action":"turnoff","position":"SECOND_ROW","entity":"SUNSHADE"}'
2026-03-23 09:42:54,521 - DEBUG - CaseID: 301 - parse_multi_results输出: [{'name': 'device_control', 'args': {'action': 'turnoff', 'entity': 'SUNSHADE', 'position': 'SECOND_ROW'}}]
2026-03-23 09:42:54,521 - DEBUG - CaseID: 301 - expected_results: [{'name': 'device_control', 'args': {'action': 'turnoff', 'entity': 'SUNSHADE', 'position': 'SECOND_ROW'}}]
2026-03-23 09:42:54,521 - DEBUG - CaseID: 301 - actual_results: [{'name': 'device_control', 'args': {'action': 'turnoff', 'entity': 'SUNSHADE', 'position': 'SECOND_ROW'}}]
2026-03-23 09:42:54,521 - DEBUG - CaseID: 301 - expected_keys: {('device_control', '{"action": "turnoff", "entity": "SUNSHADE", "position": "SECOND_ROW"}')}
2026-03-23 09:42:54,521 - DEBUG - CaseID: 301 - actual_keys: {('device_control', '{"action": "turnoff", "entity": "SUNSHADE", "position": "SECOND_ROW"}')}
2026-03-23 09:42:54,521 - DEBUG - CaseID: 302 - parse_multi_results输入 - name_str: 'device_control', args_str: '{"action":"turnoff", "entity":"SUNSHADE","position":"SECOND_ROW"}'
2026-03-23 09:42:54,521 - DEBUG - CaseID: 302 - parse_multi_results输出: [{'name': 'device_control', 'args': {'action': 'turnoff', 'entity': 'SUNSHADE', 'position': 'SECOND_ROW'}}]
2026-03-23 09:42:54,521 - DEBUG - CaseID: 302 - parse_multi_results输入 - name_str: 'device_control', args_str: '{"action":"turnoff","position":"SECOND_ROW","entity":"SUNSHADE"}'
2026-03-23 09:42:54,521 - DEBUG - CaseID: 302 - parse_multi_results输出: [{'name': 'device_control', 'args': {'action': 'turnoff', 'entity': 'SUNSHADE', 'position': 'SECOND_ROW'}}]
2026-03-23 09:42:54,521 - DEBUG - CaseID: 302 - expected_results: [{'name': 'device_control', 'args': {'action': 'turnoff', 'entity': 'SUNSHADE', 'position': 'SECOND_ROW'}}]
2026-03-23 09:42:54,521 - DEBUG - CaseID: 302 - actual_results: [{'name': 'device_control', 'args': {'action': 'turnoff', 'entity': 'SUNSHADE', 'position': 'SECOND_ROW'}}]
2026-03-23 09:42:54,521 - DEBUG - CaseID: 302 - expected_keys: {('device_control', '{"action": "turnoff", "entity": "SUNSHADE", "position": "SECOND_ROW"}')}
2026-03-23 09:42:54,521 - DEBUG - CaseID: 302 - actual_keys: {('device_control', '{"action": "turnoff", "entity": "SUNSHADE", "position": "SECOND_ROW"}')}
2026-03-23 09:42:54,522 - DEBUG - CaseID: 303 - parse_multi_results输入 - name_str: 'device_control', args_str: '{"action":"turnoff", "entity":"SUNSHADE","position":"SECOND_ROW"}'
2026-03-23 09:42:54,522 - DEBUG - CaseID: 303 - parse_multi_results输出: [{'name': 'device_control', 'args': {'action': 'turnoff', 'entity': 'SUNSHADE', 'position': 'SECOND_ROW'}}]
2026-03-23 09:42:54,522 - DEBUG - CaseID: 303 - parse_multi_results输入 - name_str: 'device_control', args_str: '{"action":"turnoff","position":"SECOND_ROW","entity":"SUNSHADE"}'
2026-03-23 09:42:54,522 - DEBUG - CaseID: 303 - parse_multi_results输出: [{'name': 'device_control', 'args': {'action': 'turnoff', 'entity': 'SUNSHADE', 'position': 'SECOND_ROW'}}]
2026-03-23 09:42:54,522 - DEBUG - CaseID: 303 - expected_results: [{'name': 'device_control', 'args': {'action': 'turnoff', 'entity': 'SUNSHADE', 'position': 'SECOND_ROW'}}]
2026-03-23 09:42:54,522 - DEBUG - CaseID: 303 - actual_results: [{'name': 'device_control', 'args': {'action': 'turnoff', 'entity': 'SUNSHADE', 'position': 'SECOND_ROW'}}]
2026-03-23 09:42:54,522 - DEBUG - CaseID: 303 - expected_keys: {('device_control', '{"action": "turnoff", "entity": "SUNSHADE", "position": "SECOND_ROW"}')}
2026-03-23 09:42:54,522 - DEBUG - CaseID: 303 - actual_keys: {('device_control', '{"action": "turnoff", "entity": "SUNSHADE", "position": "SECOND_ROW"}')}
2026-03-23 09:42:54,522 - DEBUG - CaseID: 304 - parse_multi_results输入 - name_str: 'device_control', args_str: '{"action":"turnoff", "entity":"SUNSHADE","position":"SECOND_ROW"}'
2026-03-23 09:42:54,522 - DEBUG - CaseID: 304 - parse_multi_results输出: [{'name': 'device_control', 'args': {'action': 'turnoff', 'entity': 'SUNSHADE', 'position': 'SECOND_ROW'}}]
2026-03-23 09:42:54,522 - DEBUG - CaseID: 304 - parse_multi_results输入 - name_str: 'device_control', args_str: '{"action":"turnoff","position":"SECOND_ROW","entity":"SUNSHADE"}'
2026-03-23 09:42:54,522 - DEBUG - CaseID: 304 - parse_multi_results输出: [{'name': 'device_control', 'args': {'action': 'turnoff', 'entity': 'SUNSHADE', 'position': 'SECOND_ROW'}}]
2026-03-23 09:42:54,522 - DEBUG - CaseID: 304 - expected_results: [{'name': 'device_control', 'args': {'action': 'turnoff', 'entity': 'SUNSHADE', 'position': 'SECOND_ROW'}}]
2026-03-23 09:42:54,522 - DEBUG - CaseID: 304 - actual_results: [{'name': 'device_control', 'args': {'action': 'turnoff', 'entity': 'SUNSHADE', 'position': 'SECOND_ROW'}}]
2026-03-23 09:42:54,522 - DEBUG - CaseID: 304 - expected_keys: {('device_control', '{"action": "turnoff", "entity": "SUNSHADE", "position": "SECOND_ROW"}')}
2026-03-23 09:42:54,522 - DEBUG - CaseID: 304 - actual_keys: {('device_control', '{"action": "turnoff", "entity": "SUNSHADE", "position": "SECOND_ROW"}')}
2026-03-23 09:42:54,522 - DEBUG - CaseID: 305 - parse_multi_results输入 - name_str: 'device_control', args_str: '{"action":"turnoff", "entity":"SUNSHADE","position":"SECOND_ROW"}'
2026-03-23 09:42:54,522 - DEBUG - CaseID: 305 - parse_multi_results输出: [{'name': 'device_control', 'args': {'action': 'turnoff', 'entity': 'SUNSHADE', 'position': 'SECOND_ROW'}}]
2026-03-23 09:42:54,522 - DEBUG - CaseID: 305 - parse_multi_results输入 - name_str: 'device_control', args_str: '{"action":"turnoff","position":"SECOND_ROW","entity":"SUNSHADE"}'
2026-03-23 09:42:54,522 - DEBUG - CaseID: 305 - parse_multi_results输出: [{'name': 'device_control', 'args': {'action': 'turnoff', 'entity': 'SUNSHADE', 'position': 'SECOND_ROW'}}]
2026-03-23 09:42:54,522 - DEBUG - CaseID: 305 - expected_results: [{'name': 'device_control', 'args': {'action': 'turnoff', 'entity': 'SUNSHADE', 'position': 'SECOND_ROW'}}]
2026-03-23 09:42:54,522 - DEBUG - CaseID: 305 - actual_results: [{'name': 'device_control', 'args': {'action': 'turnoff', 'entity': 'SUNSHADE', 'position': 'SECOND_ROW'}}]
2026-03-23 09:42:54,522 - DEBUG - CaseID: 305 - expected_keys: {('device_control', '{"action": "turnoff", "entity": "SUNSHADE", "position": "SECOND_ROW"}')}
2026-03-23 09:42:54,522 - DEBUG - CaseID: 305 - actual_keys: {('device_control', '{"action": "turnoff", "entity": "SUNSHADE", "position": "SECOND_ROW"}')}
2026-03-23 09:42:54,522 - DEBUG - CaseID: 306 - parse_multi_results输入 - name_str: 'device_control', args_str: '{"action":"turnoff", "entity":"SUNSHADE","position":"SECOND_ROW"}'
2026-03-23 09:42:54,522 - DEBUG - CaseID: 306 - parse_multi_results输出: [{'name': 'device_control', 'args': {'action': 'turnoff', 'entity': 'SUNSHADE', 'position': 'SECOND_ROW'}}]
2026-03-23 09:42:54,522 - DEBUG - CaseID: 306 - parse_multi_results输入 - name_str: 'device_control', args_str: '{"action":"turnoff","position":"SECOND_ROW","entity":"SUNSHADE"}'
2026-03-23 09:42:54,522 - DEBUG - CaseID: 306 - parse_multi_results输出: [{'name': 'device_control', 'args': {'action': 'turnoff', 'entity': 'SUNSHADE', 'position': 'SECOND_ROW'}}]
2026-03-23 09:42:54,522 - DEBUG - CaseID: 306 - expected_results: [{'name': 'device_control', 'args': {'action': 'turnoff', 'entity': 'SUNSHADE', 'position': 'SECOND_ROW'}}]
2026-03-23 09:42:54,523 - DEBUG - CaseID: 306 - actual_results: [{'name': 'device_control', 'args': {'action': 'turnoff', 'entity': 'SUNSHADE', 'position': 'SECOND_ROW'}}]
2026-03-23 09:42:54,523 - DEBUG - CaseID: 306 - expected_keys: {('device_control', '{"action": "turnoff", "entity": "SUNSHADE", "position": "SECOND_ROW"}')}
2026-03-23 09:42:54,523 - DEBUG - CaseID: 306 - actual_keys: {('device_control', '{"action": "turnoff", "entity": "SUNSHADE", "position": "SECOND_ROW"}')}
2026-03-23 09:42:54,523 - DEBUG - CaseID: 307 - parse_multi_results输入 - name_str: 'device_control', args_str: '{"action":"turnoff", "entity":"SUNSHADE","position":"SECOND_ROW"}'
2026-03-23 09:42:54,523 - DEBUG - CaseID: 307 - parse_multi_results输出: [{'name': 'device_control', 'args': {'action': 'turnoff', 'entity': 'SUNSHADE', 'position': 'SECOND_ROW'}}]
2026-03-23 09:42:54,523 - DEBUG - CaseID: 307 - parse_multi_results输入 - name_str: 'device_control', args_str: '{"action":"turnoff","position":"SECOND_ROW","entity":"SUNSHADE"}'
2026-03-23 09:42:54,523 - DEBUG - CaseID: 307 - parse_multi_results输出: [{'name': 'device_control', 'args': {'action': 'turnoff', 'entity': 'SUNSHADE', 'position': 'SECOND_ROW'}}]
2026-03-23 09:42:54,523 - DEBUG - CaseID: 307 - expected_results: [{'name': 'device_control', 'args': {'action': 'turnoff', 'entity': 'SUNSHADE', 'position': 'SECOND_ROW'}}]
2026-03-23 09:42:54,523 - DEBUG - CaseID: 307 - actual_results: [{'name': 'device_control', 'args': {'action': 'turnoff', 'entity': 'SUNSHADE', 'position': 'SECOND_ROW'}}]
2026-03-23 09:42:54,523 - DEBUG - CaseID: 307 - expected_keys: {('device_control', '{"action": "turnoff", "entity": "SUNSHADE", "position": "SECOND_ROW"}')}
2026-03-23 09:42:54,523 - DEBUG - CaseID: 307 - actual_keys: {('device_control', '{"action": "turnoff", "entity": "SUNSHADE", "position": "SECOND_ROW"}')}
2026-03-23 09:42:54,523 - DEBUG - CaseID: 308 - parse_multi_results输入 - name_str: 'device_control', args_str: '{"action":"turnoff", "entity":"SUNSHADE","position":"SECOND_ROW"}'
2026-03-23 09:42:54,523 - DEBUG - CaseID: 308 - parse_multi_results输出: [{'name': 'device_control', 'args': {'action': 'turnoff', 'entity': 'SUNSHADE', 'position': 'SECOND_ROW'}}]
2026-03-23 09:42:54,523 - DEBUG - CaseID: 308 - parse_multi_results输入 - name_str: 'device_control', args_str: '{"action":"turnoff","position":"SECOND_ROW","entity":"SUNSHADE"}'
2026-03-23 09:42:54,523 - DEBUG - CaseID: 308 - parse_multi_results输出: [{'name': 'device_control', 'args': {'action': 'turnoff', 'entity': 'SUNSHADE', 'position': 'SECOND_ROW'}}]
2026-03-23 09:42:54,523 - DEBUG - CaseID: 308 - expected_results: [{'name': 'device_control', 'args': {'action': 'turnoff', 'entity': 'SUNSHADE', 'position': 'SECOND_ROW'}}]
2026-03-23 09:42:54,523 - DEBUG - CaseID: 308 - actual_results: [{'name': 'device_control', 'args': {'action': 'turnoff', 'entity': 'SUNSHADE', 'position': 'SECOND_ROW'}}]
2026-03-23 09:42:54,523 - DEBUG - CaseID: 308 - expected_keys: {('device_control', '{"action": "turnoff", "entity": "SUNSHADE", "position": "SECOND_ROW"}')}
2026-03-23 09:42:54,523 - DEBUG - CaseID: 308 - actual_keys: {('device_control', '{"action": "turnoff", "entity": "SUNSHADE", "position": "SECOND_ROW"}')}
2026-03-23 09:42:54,523 - DEBUG - CaseID: 309 - parse_multi_results输入 - name_str: 'device_control', args_str: '{"action":"turnoff", "entity":"SUNSHADE","position":"SECOND_ROW"}'
2026-03-23 09:42:54,523 - DEBUG - CaseID: 309 - parse_multi_results输出: [{'name': 'device_control', 'args': {'action': 'turnoff', 'entity': 'SUNSHADE', 'position': 'SECOND_ROW'}}]
2026-03-23 09:42:54,523 - DEBUG - CaseID: 309 - parse_multi_results输入 - name_str: 'device_control', args_str: '{"action":"turnoff","position":"SECOND_ROW","entity":"SUNSHADE"}'
2026-03-23 09:42:54,523 - DEBUG - CaseID: 309 - parse_multi_results输出: [{'name': 'device_control', 'args': {'action': 'turnoff', 'entity': 'SUNSHADE', 'position': 'SECOND_ROW'}}]
2026-03-23 09:42:54,523 - DEBUG - CaseID: 309 - expected_results: [{'name': 'device_control', 'args': {'action': 'turnoff', 'entity': 'SUNSHADE', 'position': 'SECOND_ROW'}}]
2026-03-23 09:42:54,523 - DEBUG - CaseID: 309 - actual_results: [{'name': 'device_control', 'args': {'action': 'turnoff', 'entity': 'SUNSHADE', 'position': 'SECOND_ROW'}}]
2026-03-23 09:42:54,523 - DEBUG - CaseID: 309 - expected_keys: {('device_control', '{"action": "turnoff", "entity": "SUNSHADE", "position": "SECOND_ROW"}')}
2026-03-23 09:42:54,523 - DEBUG - CaseID: 309 - actual_keys: {('device_control', '{"action": "turnoff", "entity": "SUNSHADE", "position": "SECOND_ROW"}')}
2026-03-23 09:42:54,523 - DEBUG - CaseID: 310 - parse_multi_results输入 - name_str: 'device_control', args_str: '{"action":"turnoff", "entity":"SUNSHADE","position":"SECOND_ROW"}'
2026-03-23 09:42:54,523 - DEBUG - CaseID: 310 - parse_multi_results输出: [{'name': 'device_control', 'args': {'action': 'turnoff', 'entity': 'SUNSHADE', 'position': 'SECOND_ROW'}}]
2026-03-23 09:42:54,523 - DEBUG - CaseID: 310 - parse_multi_results输入 - name_str: 'device_control', args_str: '{"action":"turnoff","position":"SECOND_ROW","entity":"SUNSHADE"}'
2026-03-23 09:42:54,523 - DEBUG - CaseID: 310 - parse_multi_results输出: [{'name': 'device_control', 'args': {'action': 'turnoff', 'entity': 'SUNSHADE', 'position': 'SECOND_ROW'}}]
2026-03-23 09:42:54,523 - DEBUG - CaseID: 310 - expected_results: [{'name': 'device_control', 'args': {'action': 'turnoff', 'entity': 'SUNSHADE', 'position': 'SECOND_ROW'}}]
2026-03-23 09:42:54,523 - DEBUG - CaseID: 310 - actual_results: [{'name': 'device_control', 'args': {'action': 'turnoff', 'entity': 'SUNSHADE', 'position': 'SECOND_ROW'}}]
2026-03-23 09:42:54,524 - DEBUG - CaseID: 310 - expected_keys: {('device_control', '{"action": "turnoff", "entity": "SUNSHADE", "position": "SECOND_ROW"}')}
2026-03-23 09:42:54,524 - DEBUG - CaseID: 310 - actual_keys: {('device_control', '{"action": "turnoff", "entity": "SUNSHADE", "position": "SECOND_ROW"}')}
2026-03-23 09:42:54,524 - DEBUG - CaseID: 311 - parse_multi_results输入 - name_str: 'device_control', args_str: '{"action":"turnoff", "entity":"SUNSHADE","position":"SECOND_ROW"}'
2026-03-23 09:42:54,524 - DEBUG - CaseID: 311 - parse_multi_results输出: [{'name': 'device_control', 'args': {'action': 'turnoff', 'entity': 'SUNSHADE', 'position': 'SECOND_ROW'}}]
2026-03-23 09:42:54,524 - DEBUG - CaseID: 311 - parse_multi_results输入 - name_str: 'device_control', args_str: '{"action":"turnoff","position":"SECOND_ROW","entity":"SUNSHADE"}'
2026-03-23 09:42:54,524 - DEBUG - CaseID: 311 - parse_multi_results输出: [{'name': 'device_control', 'args': {'action': 'turnoff', 'entity': 'SUNSHADE', 'position': 'SECOND_ROW'}}]
2026-03-23 09:42:54,524 - DEBUG - CaseID: 311 - expected_results: [{'name': 'device_control', 'args': {'action': 'turnoff', 'entity': 'SUNSHADE', 'position': 'SECOND_ROW'}}]
2026-03-23 09:42:54,524 - DEBUG - CaseID: 311 - actual_results: [{'name': 'device_control', 'args': {'action': 'turnoff', 'entity': 'SUNSHADE', 'position': 'SECOND_ROW'}}]
2026-03-23 09:42:54,524 - DEBUG - CaseID: 311 - expected_keys: {('device_control', '{"action": "turnoff", "entity": "SUNSHADE", "position": "SECOND_ROW"}')}
2026-03-23 09:42:54,524 - DEBUG - CaseID: 311 - actual_keys: {('device_control', '{"action": "turnoff", "entity": "SUNSHADE", "position": "SECOND_ROW"}')}
2026-03-23 09:42:54,524 - DEBUG - CaseID: 312 - parse_multi_results输入 - name_str: 'device_control', args_str: '{"action":"turnoff", "entity":"SUNSHADE","position":"SECOND_ROW"}'
2026-03-23 09:42:54,524 - DEBUG - CaseID: 312 - parse_multi_results输出: [{'name': 'device_control', 'args': {'action': 'turnoff', 'entity': 'SUNSHADE', 'position': 'SECOND_ROW'}}]
2026-03-23 09:42:54,524 - DEBUG - CaseID: 312 - parse_multi_results输入 - name_str: 'device_control', args_str: '{"action":"turnoff","position":"SECOND_ROW","entity":"SUNSHADE"}'
2026-03-23 09:42:54,524 - DEBUG - CaseID: 312 - parse_multi_results输出: [{'name': 'device_control', 'args': {'action': 'turnoff', 'entity': 'SUNSHADE', 'position': 'SECOND_ROW'}}]
2026-03-23 09:42:54,524 - DEBUG - CaseID: 312 - expected_results: [{'name': 'device_control', 'args': {'action': 'turnoff', 'entity': 'SUNSHADE', 'position': 'SECOND_ROW'}}]
2026-03-23 09:42:54,524 - DEBUG - CaseID: 312 - actual_results: [{'name': 'device_control', 'args': {'action': 'turnoff', 'entity': 'SUNSHADE', 'position': 'SECOND_ROW'}}]
2026-03-23 09:42:54,524 - DEBUG - CaseID: 312 - expected_keys: {('device_control', '{"action": "turnoff", "entity": "SUNSHADE", "position": "SECOND_ROW"}')}
2026-03-23 09:42:54,524 - DEBUG - CaseID: 312 - actual_keys: {('device_control', '{"action": "turnoff", "entity": "SUNSHADE", "position": "SECOND_ROW"}')}
2026-03-23 09:42:54,524 - DEBUG - CaseID: 313 - parse_multi_results输入 - name_str: 'device_control', args_str: '{"action":"turnoff", "entity":"SUNSHADE","position":"SECOND_ROW"}'
2026-03-23 09:42:54,524 - DEBUG - CaseID: 313 - parse_multi_results输出: [{'name': 'device_control', 'args': {'action': 'turnoff', 'entity': 'SUNSHADE', 'position': 'SECOND_ROW'}}]
2026-03-23 09:42:54,524 - DEBUG - CaseID: 313 - parse_multi_results输入 - name_str: 'device_control', args_str: '{"action":"turnoff","position":"SECOND_ROW","entity":"SUNSHADE"}'
2026-03-23 09:42:54,524 - DEBUG - CaseID: 313 - parse_multi_results输出: [{'name': 'device_control', 'args': {'action': 'turnoff', 'entity': 'SUNSHADE', 'position': 'SECOND_ROW'}}]
2026-03-23 09:42:54,524 - DEBUG - CaseID: 313 - expected_results: [{'name': 'device_control', 'args': {'action': 'turnoff', 'entity': 'SUNSHADE', 'position': 'SECOND_ROW'}}]
2026-03-23 09:42:54,524 - DEBUG - CaseID: 313 - actual_results: [{'name': 'device_control', 'args': {'action': 'turnoff', 'entity': 'SUNSHADE', 'position': 'SECOND_ROW'}}]
2026-03-23 09:42:54,524 - DEBUG - CaseID: 313 - expected_keys: {('device_control', '{"action": "turnoff", "entity": "SUNSHADE", "position": "SECOND_ROW"}')}
2026-03-23 09:42:54,524 - DEBUG - CaseID: 313 - actual_keys: {('device_control', '{"action": "turnoff", "entity": "SUNSHADE", "position": "SECOND_ROW"}')}
2026-03-23 09:42:54,524 - DEBUG - CaseID: 314 - parse_multi_results输入 - name_str: 'device_control', args_str: '{"action":"turnoff", "entity":"SUNSHADE","position":"SECOND_ROW"}'
2026-03-23 09:42:54,524 - DEBUG - CaseID: 314 - parse_multi_results输出: [{'name': 'device_control', 'args': {'action': 'turnoff', 'entity': 'SUNSHADE', 'position': 'SECOND_ROW'}}]
2026-03-23 09:42:54,524 - DEBUG - CaseID: 314 - parse_multi_results输入 - name_str: 'device_control', args_str: '{"action":"turnoff","position":"SECOND_ROW","entity":"SUNSHADE"}'
2026-03-23 09:42:54,524 - DEBUG - CaseID: 314 - parse_multi_results输出: [{'name': 'device_control', 'args': {'action': 'turnoff', 'entity': 'SUNSHADE', 'position': 'SECOND_ROW'}}]
2026-03-23 09:42:54,524 - DEBUG - CaseID: 314 - expected_results: [{'name': 'device_control', 'args': {'action': 'turnoff', 'entity': 'SUNSHADE', 'position': 'SECOND_ROW'}}]
2026-03-23 09:42:54,524 - DEBUG - CaseID: 314 - actual_results: [{'name': 'device_control', 'args': {'action': 'turnoff', 'entity': 'SUNSHADE', 'position': 'SECOND_ROW'}}]
2026-03-23 09:42:54,524 - DEBUG - CaseID: 314 - expected_keys: {('device_control', '{"action": "turnoff", "entity": "SUNSHADE", "position": "SECOND_ROW"}')}
2026-03-23 09:42:54,525 - DEBUG - CaseID: 314 - actual_keys: {('device_control', '{"action": "turnoff", "entity": "SUNSHADE", "position": "SECOND_ROW"}')}
2026-03-23 09:42:54,525 - DEBUG - CaseID: 315 - parse_multi_results输入 - name_str: 'device_control', args_str: '{"action":"turnoff", "entity":"SUNSHADE","position":"SECOND_ROW"}'
2026-03-23 09:42:54,525 - DEBUG - CaseID: 315 - parse_multi_results输出: [{'name': 'device_control', 'args': {'action': 'turnoff', 'entity': 'SUNSHADE', 'position': 'SECOND_ROW'}}]
2026-03-23 09:42:54,525 - DEBUG - CaseID: 315 - parse_multi_results输入 - name_str: 'device_control', args_str: '{"action":"turnoff","position":"SECOND_ROW","entity":"SUNSHADE"}'
2026-03-23 09:42:54,525 - DEBUG - CaseID: 315 - parse_multi_results输出: [{'name': 'device_control', 'args': {'action': 'turnoff', 'entity': 'SUNSHADE', 'position': 'SECOND_ROW'}}]
2026-03-23 09:42:54,525 - DEBUG - CaseID: 315 - expected_results: [{'name': 'device_control', 'args': {'action': 'turnoff', 'entity': 'SUNSHADE', 'position': 'SECOND_ROW'}}]
2026-03-23 09:42:54,525 - DEBUG - CaseID: 315 - actual_results: [{'name': 'device_control', 'args': {'action': 'turnoff', 'entity': 'SUNSHADE', 'position': 'SECOND_ROW'}}]
2026-03-23 09:42:54,525 - DEBUG - CaseID: 315 - expected_keys: {('device_control', '{"action": "turnoff", "entity": "SUNSHADE", "position": "SECOND_ROW"}')}
2026-03-23 09:42:54,525 - DEBUG - CaseID: 315 - actual_keys: {('device_control', '{"action": "turnoff", "entity": "SUNSHADE", "position": "SECOND_ROW"}')}
2026-03-23 09:42:54,525 - DEBUG - CaseID: 316 - parse_multi_results输入 - name_str: 'device_control', args_str: '{"action":"turnoff", "entity":"SUNSHADE","position":"SECOND_ROW"}'
2026-03-23 09:42:54,525 - DEBUG - CaseID: 316 - parse_multi_results输出: [{'name': 'device_control', 'args': {'action': 'turnoff', 'entity': 'SUNSHADE', 'position': 'SECOND_ROW'}}]
2026-03-23 09:42:54,525 - DEBUG - CaseID: 316 - parse_multi_results输入 - name_str: 'device_control', args_str: '{"action":"turnoff","position":"SECOND_ROW","entity":"SUNSHADE"}'
2026-03-23 09:42:54,525 - DEBUG - CaseID: 316 - parse_multi_results输出: [{'name': 'device_control', 'args': {'action': 'turnoff', 'entity': 'SUNSHADE', 'position': 'SECOND_ROW'}}]
2026-03-23 09:42:54,525 - DEBUG - CaseID: 316 - expected_results: [{'name': 'device_control', 'args': {'action': 'turnoff', 'entity': 'SUNSHADE', 'position': 'SECOND_ROW'}}]
2026-03-23 09:42:54,525 - DEBUG - CaseID: 316 - actual_results: [{'name': 'device_control', 'args': {'action': 'turnoff', 'entity': 'SUNSHADE', 'position': 'SECOND_ROW'}}]
2026-03-23 09:42:54,525 - DEBUG - CaseID: 316 - expected_keys: {('device_control', '{"action": "turnoff", "entity": "SUNSHADE", "position": "SECOND_ROW"}')}
2026-03-23 09:42:54,525 - DEBUG - CaseID: 316 - actual_keys: {('device_control', '{"action": "turnoff", "entity": "SUNSHADE", "position": "SECOND_ROW"}')}
2026-03-23 09:42:54,525 - DEBUG - CaseID: 317 - parse_multi_results输入 - name_str: 'device_control', args_str: '{"action":"turnoff", "entity":"SUNSHADE","position":"RIGHT_SEAT_OF_SECOND_ROW"}'
2026-03-23 09:42:54,525 - DEBUG - CaseID: 317 - parse_multi_results输出: [{'name': 'device_control', 'args': {'action': 'turnoff', 'entity': 'SUNSHADE', 'position': 'RIGHT_SEAT_OF_SECOND_ROW'}}]
2026-03-23 09:42:54,525 - DEBUG - CaseID: 317 - parse_multi_results输入 - name_str: 'device_control', args_str: '{"action":"turnoff","position":"RIGHT_SEAT_OF_SECOND_ROW","entity":"SUNSHADE"}'
2026-03-23 09:42:54,525 - DEBUG - CaseID: 317 - parse_multi_results输出: [{'name': 'device_control', 'args': {'action': 'turnoff', 'entity': 'SUNSHADE', 'position': 'RIGHT_SEAT_OF_SECOND_ROW'}}]
2026-03-23 09:42:54,525 - DEBUG - CaseID: 317 - expected_results: [{'name': 'device_control', 'args': {'action': 'turnoff', 'entity': 'SUNSHADE', 'position': 'RIGHT_SEAT_OF_SECOND_ROW'}}]
2026-03-23 09:42:54,525 - DEBUG - CaseID: 317 - actual_results: [{'name': 'device_control', 'args': {'action': 'turnoff', 'entity': 'SUNSHADE', 'position': 'RIGHT_SEAT_OF_SECOND_ROW'}}]
2026-03-23 09:42:54,525 - DEBUG - CaseID: 317 - expected_keys: {('device_control', '{"action": "turnoff", "entity": "SUNSHADE", "position": "RIGHT_SEAT_OF_SECOND_ROW"}')}
2026-03-23 09:42:54,525 - DEBUG - CaseID: 317 - actual_keys: {('device_control', '{"action": "turnoff", "entity": "SUNSHADE", "position": "RIGHT_SEAT_OF_SECOND_ROW"}')}
2026-03-23 09:42:54,525 - DEBUG - CaseID: 318 - parse_multi_results输入 - name_str: 'device_control', args_str: '{"action":"turnoff", "entity":"SUNSHADE","position":"RIGHT_SEAT_OF_SECOND_ROW"}'
2026-03-23 09:42:54,525 - DEBUG - CaseID: 318 - parse_multi_results输出: [{'name': 'device_control', 'args': {'action': 'turnoff', 'entity': 'SUNSHADE', 'position': 'RIGHT_SEAT_OF_SECOND_ROW'}}]
2026-03-23 09:42:54,525 - DEBUG - CaseID: 318 - parse_multi_results输入 - name_str: 'device_control', args_str: '{"action":"turnoff","position":"RIGHT_SEAT_OF_SECOND_ROW","entity":"SUNSHADE"}'
2026-03-23 09:42:54,525 - DEBUG - CaseID: 318 - parse_multi_results输出: [{'name': 'device_control', 'args': {'action': 'turnoff', 'entity': 'SUNSHADE', 'position': 'RIGHT_SEAT_OF_SECOND_ROW'}}]
2026-03-23 09:42:54,525 - DEBUG - CaseID: 318 - expected_results: [{'name': 'device_control', 'args': {'action': 'turnoff', 'entity': 'SUNSHADE', 'position': 'RIGHT_SEAT_OF_SECOND_ROW'}}]
2026-03-23 09:42:54,525 - DEBUG - CaseID: 318 - actual_results: [{'name': 'device_control', 'args': {'action': 'turnoff', 'entity': 'SUNSHADE', 'position': 'RIGHT_SEAT_OF_SECOND_ROW'}}]
2026-03-23 09:42:54,525 - DEBUG - CaseID: 318 - expected_keys: {('device_control', '{"action": "turnoff", "entity": "SUNSHADE", "position": "RIGHT_SEAT_OF_SECOND_ROW"}')}
2026-03-23 09:42:54,525 - DEBUG - CaseID: 318 - actual_keys: {('device_control', '{"action": "turnoff", "entity": "SUNSHADE", "position": "RIGHT_SEAT_OF_SECOND_ROW"}')}
2026-03-23 09:42:54,525 - DEBUG - CaseID: 319 - parse_multi_results输入 - name_str: 'device_control', args_str: '{"action":"turnoff", "entity":"SUNSHADE","position":"RIGHT_SEAT_OF_SECOND_ROW"}'
2026-03-23 09:42:54,525 - DEBUG - CaseID: 319 - parse_multi_results输出: [{'name': 'device_control', 'args': {'action': 'turnoff', 'entity': 'SUNSHADE', 'position': 'RIGHT_SEAT_OF_SECOND_ROW'}}]
2026-03-23 09:42:54,525 - DEBUG - CaseID: 319 - parse_multi_results输入 - name_str: 'device_control', args_str: '{"action":"turnoff","position":"RIGHT_SEAT_OF_SECOND_ROW","entity":"SUNSHADE"}'
2026-03-23 09:42:54,526 - DEBUG - CaseID: 319 - parse_multi_results输出: [{'name': 'device_control', 'args': {'action': 'turnoff', 'entity': 'SUNSHADE', 'position': 'RIGHT_SEAT_OF_SECOND_ROW'}}]
2026-03-23 09:42:54,526 - DEBUG - CaseID: 319 - expected_results: [{'name': 'device_control', 'args': {'action': 'turnoff', 'entity': 'SUNSHADE', 'position': 'RIGHT_SEAT_OF_SECOND_ROW'}}]
2026-03-23 09:42:54,526 - DEBUG - CaseID: 319 - actual_results: [{'name': 'device_control', 'args': {'action': 'turnoff', 'entity': 'SUNSHADE', 'position': 'RIGHT_SEAT_OF_SECOND_ROW'}}]
2026-03-23 09:42:54,526 - DEBUG - CaseID: 319 - expected_keys: {('device_control', '{"action": "turnoff", "entity": "SUNSHADE", "position": "RIGHT_SEAT_OF_SECOND_ROW"}')}
2026-03-23 09:42:54,526 - DEBUG - CaseID: 319 - actual_keys: {('device_control', '{"action": "turnoff", "entity": "SUNSHADE", "position": "RIGHT_SEAT_OF_SECOND_ROW"}')}
2026-03-23 09:42:54,526 - DEBUG - CaseID: 320 - parse_multi_results输入 - name_str: 'device_control', args_str: '{"action":"turnoff", "entity":"SUNSHADE","position":"RIGHT_SEAT_OF_SECOND_ROW"}'
2026-03-23 09:42:54,526 - DEBUG - CaseID: 320 - parse_multi_results输出: [{'name': 'device_control', 'args': {'action': 'turnoff', 'entity': 'SUNSHADE', 'position': 'RIGHT_SEAT_OF_SECOND_ROW'}}]
2026-03-23 09:42:54,526 - DEBUG - CaseID: 320 - parse_multi_results输入 - name_str: 'device_control', args_str: '{"action":"turnoff","position":"RIGHT_SEAT_OF_SECOND_ROW","entity":"SUNSHADE"}'
2026-03-23 09:42:54,526 - DEBUG - CaseID: 320 - parse_multi_results输出: [{'name': 'device_control', 'args': {'action': 'turnoff', 'entity': 'SUNSHADE', 'position': 'RIGHT_SEAT_OF_SECOND_ROW'}}]
2026-03-23 09:42:54,526 - DEBUG - CaseID: 320 - expected_results: [{'name': 'device_control', 'args': {'action': 'turnoff', 'entity': 'SUNSHADE', 'position': 'RIGHT_SEAT_OF_SECOND_ROW'}}]
2026-03-23 09:42:54,526 - DEBUG - CaseID: 320 - actual_results: [{'name': 'device_control', 'args': {'action': 'turnoff', 'entity': 'SUNSHADE', 'position': 'RIGHT_SEAT_OF_SECOND_ROW'}}]
2026-03-23 09:42:54,526 - DEBUG - CaseID: 320 - expected_keys: {('device_control', '{"action": "turnoff", "entity": "SUNSHADE", "position": "RIGHT_SEAT_OF_SECOND_ROW"}')}
2026-03-23 09:42:54,526 - DEBUG - CaseID: 320 - actual_keys: {('device_control', '{"action": "turnoff", "entity": "SUNSHADE", "position": "RIGHT_SEAT_OF_SECOND_ROW"}')}
2026-03-23 09:42:54,526 - DEBUG - CaseID: 321 - parse_multi_results输入 - name_str: 'device_control', args_str: '{"action":"turnoff", "entity":"SUNSHADE","position":"RIGHT_SEAT_OF_SECOND_ROW"}'
2026-03-23 09:42:54,526 - DEBUG - CaseID: 321 - parse_multi_results输出: [{'name': 'device_control', 'args': {'action': 'turnoff', 'entity': 'SUNSHADE', 'position': 'RIGHT_SEAT_OF_SECOND_ROW'}}]
2026-03-23 09:42:54,526 - DEBUG - CaseID: 321 - parse_multi_results输入 - name_str: 'device_control', args_str: '{"action":"turnoff","position":"RIGHT_SEAT_OF_SECOND_ROW","entity":"SUNSHADE"}'
2026-03-23 09:42:54,526 - DEBUG - CaseID: 321 - parse_multi_results输出: [{'name': 'device_control', 'args': {'action': 'turnoff', 'entity': 'SUNSHADE', 'position': 'RIGHT_SEAT_OF_SECOND_ROW'}}]
2026-03-23 09:42:54,526 - DEBUG - CaseID: 321 - expected_results: [{'name': 'device_control', 'args': {'action': 'turnoff', 'entity': 'SUNSHADE', 'position': 'RIGHT_SEAT_OF_SECOND_ROW'}}]
2026-03-23 09:42:54,526 - DEBUG - CaseID: 321 - actual_results: [{'name': 'device_control', 'args': {'action': 'turnoff', 'entity': 'SUNSHADE', 'position': 'RIGHT_SEAT_OF_SECOND_ROW'}}]
2026-03-23 09:42:54,526 - DEBUG - CaseID: 321 - expected_keys: {('device_control', '{"action": "turnoff", "entity": "SUNSHADE", "position": "RIGHT_SEAT_OF_SECOND_ROW"}')}
2026-03-23 09:42:54,526 - DEBUG - CaseID: 321 - actual_keys: {('device_control', '{"action": "turnoff", "entity": "SUNSHADE", "position": "RIGHT_SEAT_OF_SECOND_ROW"}')}
2026-03-23 09:42:54,526 - DEBUG - CaseID: 322 - parse_multi_results输入 - name_str: 'device_control', args_str: '{"action":"turnoff", "entity":"SUNSHADE","position":"RIGHT_SEAT_OF_SECOND_ROW"}'
2026-03-23 09:42:54,526 - DEBUG - CaseID: 322 - parse_multi_results输出: [{'name': 'device_control', 'args': {'action': 'turnoff', 'entity': 'SUNSHADE', 'position': 'RIGHT_SEAT_OF_SECOND_ROW'}}]
2026-03-23 09:42:54,526 - DEBUG - CaseID: 322 - parse_multi_results输入 - name_str: 'device_control', args_str: '{"action":"turnoff","position":"RIGHT_SEAT_OF_SECOND_ROW","entity":"SUNSHADE"}'
2026-03-23 09:42:54,526 - DEBUG - CaseID: 322 - parse_multi_results输出: [{'name': 'device_control', 'args': {'action': 'turnoff', 'entity': 'SUNSHADE', 'position': 'RIGHT_SEAT_OF_SECOND_ROW'}}]
2026-03-23 09:42:54,526 - DEBUG - CaseID: 322 - expected_results: [{'name': 'device_control', 'args': {'action': 'turnoff', 'entity': 'SUNSHADE', 'position': 'RIGHT_SEAT_OF_SECOND_ROW'}}]
2026-03-23 09:42:54,526 - DEBUG - CaseID: 322 - actual_results: [{'name': 'device_control', 'args': {'action': 'turnoff', 'entity': 'SUNSHADE', 'position': 'RIGHT_SEAT_OF_SECOND_ROW'}}]
2026-03-23 09:42:54,526 - DEBUG - CaseID: 322 - expected_keys: {('device_control', '{"action": "turnoff", "entity": "SUNSHADE", "position": "RIGHT_SEAT_OF_SECOND_ROW"}')}
2026-03-23 09:42:54,526 - DEBUG - CaseID: 322 - actual_keys: {('device_control', '{"action": "turnoff", "entity": "SUNSHADE", "position": "RIGHT_SEAT_OF_SECOND_ROW"}')}
2026-03-23 09:42:54,526 - DEBUG - CaseID: 323 - parse_multi_results输入 - name_str: 'device_control', args_str: '{"action":"turnoff", "entity":"SUNSHADE","position":"RIGHT_SEAT_OF_SECOND_ROW"}'
2026-03-23 09:42:54,526 - DEBUG - CaseID: 323 - parse_multi_results输出: [{'name': 'device_control', 'args': {'action': 'turnoff', 'entity': 'SUNSHADE', 'position': 'RIGHT_SEAT_OF_SECOND_ROW'}}]
2026-03-23 09:42:54,526 - DEBUG - CaseID: 323 - parse_multi_results输入 - name_str: 'device_control', args_str: '{"action":"turnoff","position":"RIGHT_SEAT_OF_SECOND_ROW","entity":"SUNSHADE"}'
2026-03-23 09:42:54,526 - DEBUG - CaseID: 323 - parse_multi_results输出: [{'name': 'device_control', 'args': {'action': 'turnoff', 'entity': 'SUNSHADE', 'position': 'RIGHT_SEAT_OF_SECOND_ROW'}}]
2026-03-23 09:42:54,526 - DEBUG - CaseID: 323 - expected_results: [{'name': 'device_control', 'args': {'action': 'turnoff', 'entity': 'SUNSHADE', 'position': 'RIGHT_SEAT_OF_SECOND_ROW'}}]
2026-03-23 09:42:54,526 - DEBUG - CaseID: 323 - actual_results: [{'name': 'device_control', 'args': {'action': 'turnoff', 'entity': 'SUNSHADE', 'position': 'RIGHT_SEAT_OF_SECOND_ROW'}}]
2026-03-23 09:42:54,527 - DEBUG - CaseID: 323 - expected_keys: {('device_control', '{"action": "turnoff", "entity": "SUNSHADE", "position": "RIGHT_SEAT_OF_SECOND_ROW"}')}
2026-03-23 09:42:54,527 - DEBUG - CaseID: 323 - actual_keys: {('device_control', '{"action": "turnoff", "entity": "SUNSHADE", "position": "RIGHT_SEAT_OF_SECOND_ROW"}')}
2026-03-23 09:42:54,527 - DEBUG - CaseID: 324 - parse_multi_results输入 - name_str: 'device_control', args_str: '{"action":"turnoff", "entity":"SUNSHADE","position":"RIGHT_SEAT_OF_SECOND_ROW"}'
2026-03-23 09:42:54,527 - DEBUG - CaseID: 324 - parse_multi_results输出: [{'name': 'device_control', 'args': {'action': 'turnoff', 'entity': 'SUNSHADE', 'position': 'RIGHT_SEAT_OF_SECOND_ROW'}}]
2026-03-23 09:42:54,527 - DEBUG - CaseID: 324 - parse_multi_results输入 - name_str: 'device_control', args_str: '{"action":"turnoff","position":"RIGHT_SEAT_OF_SECOND_ROW","entity":"SUNSHADE"}'
2026-03-23 09:42:54,527 - DEBUG - CaseID: 324 - parse_multi_results输出: [{'name': 'device_control', 'args': {'action': 'turnoff', 'entity': 'SUNSHADE', 'position': 'RIGHT_SEAT_OF_SECOND_ROW'}}]
2026-03-23 09:42:54,527 - DEBUG - CaseID: 324 - expected_results: [{'name': 'device_control', 'args': {'action': 'turnoff', 'entity': 'SUNSHADE', 'position': 'RIGHT_SEAT_OF_SECOND_ROW'}}]
2026-03-23 09:42:54,527 - DEBUG - CaseID: 324 - actual_results: [{'name': 'device_control', 'args': {'action': 'turnoff', 'entity': 'SUNSHADE', 'position': 'RIGHT_SEAT_OF_SECOND_ROW'}}]
2026-03-23 09:42:54,527 - DEBUG - CaseID: 324 - expected_keys: {('device_control', '{"action": "turnoff", "entity": "SUNSHADE", "position": "RIGHT_SEAT_OF_SECOND_ROW"}')}
2026-03-23 09:42:54,527 - DEBUG - CaseID: 324 - actual_keys: {('device_control', '{"action": "turnoff", "entity": "SUNSHADE", "position": "RIGHT_SEAT_OF_SECOND_ROW"}')}
2026-03-23 09:42:54,527 - DEBUG - CaseID: 325 - parse_multi_results输入 - name_str: 'device_control', args_str: '{"action":"turnoff", "entity":"SUNSHADE","position":"RIGHT_SEAT_OF_SECOND_ROW"}'
2026-03-23 09:42:54,527 - DEBUG - CaseID: 325 - parse_multi_results输出: [{'name': 'device_control', 'args': {'action': 'turnoff', 'entity': 'SUNSHADE', 'position': 'RIGHT_SEAT_OF_SECOND_ROW'}}]
2026-03-23 09:42:54,527 - DEBUG - CaseID: 325 - parse_multi_results输入 - name_str: 'device_control', args_str: '{"action":"turnoff","position":"RIGHT_SEAT_OF_SECOND_ROW","entity":"SUNSHADE"}'
2026-03-23 09:42:54,527 - DEBUG - CaseID: 325 - parse_multi_results输出: [{'name': 'device_control', 'args': {'action': 'turnoff', 'entity': 'SUNSHADE', 'position': 'RIGHT_SEAT_OF_SECOND_ROW'}}]
2026-03-23 09:42:54,527 - DEBUG - CaseID: 325 - expected_results: [{'name': 'device_control', 'args': {'action': 'turnoff', 'entity': 'SUNSHADE', 'position': 'RIGHT_SEAT_OF_SECOND_ROW'}}]
2026-03-23 09:42:54,527 - DEBUG - CaseID: 325 - actual_results: [{'name': 'device_control', 'args': {'action': 'turnoff', 'entity': 'SUNSHADE', 'position': 'RIGHT_SEAT_OF_SECOND_ROW'}}]
2026-03-23 09:42:54,527 - DEBUG - CaseID: 325 - expected_keys: {('device_control', '{"action": "turnoff", "entity": "SUNSHADE", "position": "RIGHT_SEAT_OF_SECOND_ROW"}')}
2026-03-23 09:42:54,527 - DEBUG - CaseID: 325 - actual_keys: {('device_control', '{"action": "turnoff", "entity": "SUNSHADE", "position": "RIGHT_SEAT_OF_SECOND_ROW"}')}
2026-03-23 09:42:54,527 - DEBUG - CaseID: 326 - parse_multi_results输入 - name_str: 'device_control', args_str: '{"action":"turnoff", "entity":"SUNSHADE","position":"RIGHT_SEAT_OF_SECOND_ROW"}'
2026-03-23 09:42:54,527 - DEBUG - CaseID: 326 - parse_multi_results输出: [{'name': 'device_control', 'args': {'action': 'turnoff', 'entity': 'SUNSHADE', 'position': 'RIGHT_SEAT_OF_SECOND_ROW'}}]
2026-03-23 09:42:54,527 - DEBUG - CaseID: 326 - parse_multi_results输入 - name_str: 'device_control', args_str: '{"action":"turnoff","position":"RIGHT_SEAT_OF_SECOND_ROW","entity":"SUNSHADE"}'
2026-03-23 09:42:54,527 - DEBUG - CaseID: 326 - parse_multi_results输出: [{'name': 'device_control', 'args': {'action': 'turnoff', 'entity': 'SUNSHADE', 'position': 'RIGHT_SEAT_OF_SECOND_ROW'}}]
2026-03-23 09:42:54,527 - DEBUG - CaseID: 326 - expected_results: [{'name': 'device_control', 'args': {'action': 'turnoff', 'entity': 'SUNSHADE', 'position': 'RIGHT_SEAT_OF_SECOND_ROW'}}]
2026-03-23 09:42:54,527 - DEBUG - CaseID: 326 - actual_results: [{'name': 'device_control', 'args': {'action': 'turnoff', 'entity': 'SUNSHADE', 'position': 'RIGHT_SEAT_OF_SECOND_ROW'}}]
2026-03-23 09:42:54,527 - DEBUG - CaseID: 326 - expected_keys: {('device_control', '{"action": "turnoff", "entity": "SUNSHADE", "position": "RIGHT_SEAT_OF_SECOND_ROW"}')}
2026-03-23 09:42:54,527 - DEBUG - CaseID: 326 - actual_keys: {('device_control', '{"action": "turnoff", "entity": "SUNSHADE", "position": "RIGHT_SEAT_OF_SECOND_ROW"}')}
2026-03-23 09:42:54,527 - DEBUG - CaseID: 327 - parse_multi_results输入 - name_str: 'device_control', args_str: '{"action":"turnoff", "entity":"SUNSHADE","position":"LEFT_SEAT_OF_SECOND_ROW"}'
2026-03-23 09:42:54,527 - DEBUG - CaseID: 327 - parse_multi_results输出: [{'name': 'device_control', 'args': {'action': 'turnoff', 'entity': 'SUNSHADE', 'position': 'LEFT_SEAT_OF_SECOND_ROW'}}]
2026-03-23 09:42:54,527 - DEBUG - CaseID: 327 - parse_multi_results输入 - name_str: 'device_control', args_str: '{"action":"turnoff","position":"LEFT_SEAT_OF_SECOND_ROW","entity":"SUNSHADE"}'
2026-03-23 09:42:54,527 - DEBUG - CaseID: 327 - parse_multi_results输出: [{'name': 'device_control', 'args': {'action': 'turnoff', 'entity': 'SUNSHADE', 'position': 'LEFT_SEAT_OF_SECOND_ROW'}}]
2026-03-23 09:42:54,527 - DEBUG - CaseID: 327 - expected_results: [{'name': 'device_control', 'args': {'action': 'turnoff', 'entity': 'SUNSHADE', 'position': 'LEFT_SEAT_OF_SECOND_ROW'}}]
2026-03-23 09:42:54,527 - DEBUG - CaseID: 327 - actual_results: [{'name': 'device_control', 'args': {'action': 'turnoff', 'entity': 'SUNSHADE', 'position': 'LEFT_SEAT_OF_SECOND_ROW'}}]
2026-03-23 09:42:54,527 - DEBUG - CaseID: 327 - expected_keys: {('device_control', '{"action": "turnoff", "entity": "SUNSHADE", "position": "LEFT_SEAT_OF_SECOND_ROW"}')}
2026-03-23 09:42:54,527 - DEBUG - CaseID: 327 - actual_keys: {('device_control', '{"action": "turnoff", "entity": "SUNSHADE", "position": "LEFT_SEAT_OF_SECOND_ROW"}')}
2026-03-23 09:42:54,527 - DEBUG - CaseID: 328 - parse_multi_results输入 - name_str: 'device_control', args_str: '{"action":"turnoff", "entity":"SUNSHADE","position":"LEFT_SEAT_OF_SECOND_ROW"}'
2026-03-23 09:42:54,528 - DEBUG - CaseID: 328 - parse_multi_results输出: [{'name': 'device_control', 'args': {'action': 'turnoff', 'entity': 'SUNSHADE', 'position': 'LEFT_SEAT_OF_SECOND_ROW'}}]
2026-03-23 09:42:54,528 - DEBUG - CaseID: 328 - parse_multi_results输入 - name_str: 'device_control', args_str: '{"action":"turnoff","position":"LEFT_SEAT_OF_SECOND_ROW","entity":"SUNSHADE"}'
2026-03-23 09:42:54,528 - DEBUG - CaseID: 328 - parse_multi_results输出: [{'name': 'device_control', 'args': {'action': 'turnoff', 'entity': 'SUNSHADE', 'position': 'LEFT_SEAT_OF_SECOND_ROW'}}]
2026-03-23 09:42:54,528 - DEBUG - CaseID: 328 - expected_results: [{'name': 'device_control', 'args': {'action': 'turnoff', 'entity': 'SUNSHADE', 'position': 'LEFT_SEAT_OF_SECOND_ROW'}}]
2026-03-23 09:42:54,528 - DEBUG - CaseID: 328 - actual_results: [{'name': 'device_control', 'args': {'action': 'turnoff', 'entity': 'SUNSHADE', 'position': 'LEFT_SEAT_OF_SECOND_ROW'}}]
2026-03-23 09:42:54,528 - DEBUG - CaseID: 328 - expected_keys: {('device_control', '{"action": "turnoff", "entity": "SUNSHADE", "position": "LEFT_SEAT_OF_SECOND_ROW"}')}
2026-03-23 09:42:54,528 - DEBUG - CaseID: 328 - actual_keys: {('device_control', '{"action": "turnoff", "entity": "SUNSHADE", "position": "LEFT_SEAT_OF_SECOND_ROW"}')}
2026-03-23 09:42:54,528 - DEBUG - CaseID: 329 - parse_multi_results输入 - name_str: 'device_control', args_str: '{"action":"turnoff", "entity":"SUNSHADE","position":"LEFT_SEAT_OF_SECOND_ROW"}'
2026-03-23 09:42:54,528 - DEBUG - CaseID: 329 - parse_multi_results输出: [{'name': 'device_control', 'args': {'action': 'turnoff', 'entity': 'SUNSHADE', 'position': 'LEFT_SEAT_OF_SECOND_ROW'}}]
2026-03-23 09:42:54,528 - DEBUG - CaseID: 329 - parse_multi_results输入 - name_str: 'device_control', args_str: '{"action":"turnoff","position":"LEFT_SEAT_OF_SECOND_ROW","entity":"SUNSHADE"}'
2026-03-23 09:42:54,528 - DEBUG - CaseID: 329 - parse_multi_results输出: [{'name': 'device_control', 'args': {'action': 'turnoff', 'entity': 'SUNSHADE', 'position': 'LEFT_SEAT_OF_SECOND_ROW'}}]
2026-03-23 09:42:54,528 - DEBUG - CaseID: 329 - expected_results: [{'name': 'device_control', 'args': {'action': 'turnoff', 'entity': 'SUNSHADE', 'position': 'LEFT_SEAT_OF_SECOND_ROW'}}]
2026-03-23 09:42:54,528 - DEBUG - CaseID: 329 - actual_results: [{'name': 'device_control', 'args': {'action': 'turnoff', 'entity': 'SUNSHADE', 'position': 'LEFT_SEAT_OF_SECOND_ROW'}}]
2026-03-23 09:42:54,528 - DEBUG - CaseID: 329 - expected_keys: {('device_control', '{"action": "turnoff", "entity": "SUNSHADE", "position": "LEFT_SEAT_OF_SECOND_ROW"}')}
2026-03-23 09:42:54,528 - DEBUG - CaseID: 329 - actual_keys: {('device_control', '{"action": "turnoff", "entity": "SUNSHADE", "position": "LEFT_SEAT_OF_SECOND_ROW"}')}
2026-03-23 09:42:54,528 - DEBUG - CaseID: 330 - parse_multi_results输入 - name_str: 'device_control', args_str: '{"action":"turnoff", "entity":"SUNSHADE","position":"LEFT_SEAT_OF_SECOND_ROW"}'
2026-03-23 09:42:54,528 - DEBUG - CaseID: 330 - parse_multi_results输出: [{'name': 'device_control', 'args': {'action': 'turnoff', 'entity': 'SUNSHADE', 'position': 'LEFT_SEAT_OF_SECOND_ROW'}}]
2026-03-23 09:42:54,528 - DEBUG - CaseID: 330 - parse_multi_results输入 - name_str: 'device_control', args_str: '{"action":"turnoff","position":"LEFT_SEAT_OF_SECOND_ROW","entity":"SUNSHADE"}'
2026-03-23 09:42:54,528 - DEBUG - CaseID: 330 - parse_multi_results输出: [{'name': 'device_control', 'args': {'action': 'turnoff', 'entity': 'SUNSHADE', 'position': 'LEFT_SEAT_OF_SECOND_ROW'}}]
2026-03-23 09:42:54,528 - DEBUG - CaseID: 330 - expected_results: [{'name': 'device_control', 'args': {'action': 'turnoff', 'entity': 'SUNSHADE', 'position': 'LEFT_SEAT_OF_SECOND_ROW'}}]
2026-03-23 09:42:54,528 - DEBUG - CaseID: 330 - actual_results: [{'name': 'device_control', 'args': {'action': 'turnoff', 'entity': 'SUNSHADE', 'position': 'LEFT_SEAT_OF_SECOND_ROW'}}]
2026-03-23 09:42:54,528 - DEBUG - CaseID: 330 - expected_keys: {('device_control', '{"action": "turnoff", "entity": "SUNSHADE", "position": "LEFT_SEAT_OF_SECOND_ROW"}')}
2026-03-23 09:42:54,528 - DEBUG - CaseID: 330 - actual_keys: {('device_control', '{"action": "turnoff", "entity": "SUNSHADE", "position": "LEFT_SEAT_OF_SECOND_ROW"}')}
2026-03-23 09:42:54,528 - DEBUG - CaseID: 331 - parse_multi_results输入 - name_str: 'device_control', args_str: '{"action":"turnoff", "entity":"SUNSHADE","position":"LEFT_SEAT_OF_SECOND_ROW"}'
2026-03-23 09:42:54,528 - DEBUG - CaseID: 331 - parse_multi_results输出: [{'name': 'device_control', 'args': {'action': 'turnoff', 'entity': 'SUNSHADE', 'position': 'LEFT_SEAT_OF_SECOND_ROW'}}]
2026-03-23 09:42:54,528 - DEBUG - CaseID: 331 - parse_multi_results输入 - name_str: 'device_control', args_str: '{"action":"turnoff","position":"LEFT_SEAT_OF_SECOND_ROW","entity":"SUNSHADE"}'
2026-03-23 09:42:54,528 - DEBUG - CaseID: 331 - parse_multi_results输出: [{'name': 'device_control', 'args': {'action': 'turnoff', 'entity': 'SUNSHADE', 'position': 'LEFT_SEAT_OF_SECOND_ROW'}}]
2026-03-23 09:42:54,528 - DEBUG - CaseID: 331 - expected_results: [{'name': 'device_control', 'args': {'action': 'turnoff', 'entity': 'SUNSHADE', 'position': 'LEFT_SEAT_OF_SECOND_ROW'}}]
2026-03-23 09:42:54,528 - DEBUG - CaseID: 331 - actual_results: [{'name': 'device_control', 'args': {'action': 'turnoff', 'entity': 'SUNSHADE', 'position': 'LEFT_SEAT_OF_SECOND_ROW'}}]
2026-03-23 09:42:54,528 - DEBUG - CaseID: 331 - expected_keys: {('device_control', '{"action": "turnoff", "entity": "SUNSHADE", "position": "LEFT_SEAT_OF_SECOND_ROW"}')}
2026-03-23 09:42:54,528 - DEBUG - CaseID: 331 - actual_keys: {('device_control', '{"action": "turnoff", "entity": "SUNSHADE", "position": "LEFT_SEAT_OF_SECOND_ROW"}')}
2026-03-23 09:42:54,528 - DEBUG - CaseID: 332 - parse_multi_results输入 - name_str: 'device_control', args_str: '{"action":"turnoff", "entity":"SUNSHADE","position":"LEFT_SEAT_OF_SECOND_ROW"}'
2026-03-23 09:42:54,528 - DEBUG - CaseID: 332 - parse_multi_results输出: [{'name': 'device_control', 'args': {'action': 'turnoff', 'entity': 'SUNSHADE', 'position': 'LEFT_SEAT_OF_SECOND_ROW'}}]
2026-03-23 09:42:54,528 - DEBUG - CaseID: 332 - parse_multi_results输入 - name_str: 'device_control', args_str: '{"action":"turnoff","position":"LEFT_SEAT_OF_SECOND_ROW","entity":"SUNSHADE"}'
2026-03-23 09:42:54,529 - DEBUG - CaseID: 332 - parse_multi_results输出: [{'name': 'device_control', 'args': {'action': 'turnoff', 'entity': 'SUNSHADE', 'position': 'LEFT_SEAT_OF_SECOND_ROW'}}]
2026-03-23 09:42:54,529 - DEBUG - CaseID: 332 - expected_results: [{'name': 'device_control', 'args': {'action': 'turnoff', 'entity': 'SUNSHADE', 'position': 'LEFT_SEAT_OF_SECOND_ROW'}}]
2026-03-23 09:42:54,529 - DEBUG - CaseID: 332 - actual_results: [{'name': 'device_control', 'args': {'action': 'turnoff', 'entity': 'SUNSHADE', 'position': 'LEFT_SEAT_OF_SECOND_ROW'}}]
2026-03-23 09:42:54,529 - DEBUG - CaseID: 332 - expected_keys: {('device_control', '{"action": "turnoff", "entity": "SUNSHADE", "position": "LEFT_SEAT_OF_SECOND_ROW"}')}
2026-03-23 09:42:54,529 - DEBUG - CaseID: 332 - actual_keys: {('device_control', '{"action": "turnoff", "entity": "SUNSHADE", "position": "LEFT_SEAT_OF_SECOND_ROW"}')}
2026-03-23 09:42:54,529 - DEBUG - CaseID: 333 - parse_multi_results输入 - name_str: 'device_control', args_str: '{"action":"turnoff", "entity":"SUNSHADE","position":"LEFT_SEAT_OF_SECOND_ROW"}'
2026-03-23 09:42:54,529 - DEBUG - CaseID: 333 - parse_multi_results输出: [{'name': 'device_control', 'args': {'action': 'turnoff', 'entity': 'SUNSHADE', 'position': 'LEFT_SEAT_OF_SECOND_ROW'}}]
2026-03-23 09:42:54,529 - DEBUG - CaseID: 333 - parse_multi_results输入 - name_str: 'device_control', args_str: '{"action":"turnoff","position":"LEFT_SEAT_OF_SECOND_ROW","entity":"SUNSHADE"}'
2026-03-23 09:42:54,529 - DEBUG - CaseID: 333 - parse_multi_results输出: [{'name': 'device_control', 'args': {'action': 'turnoff', 'entity': 'SUNSHADE', 'position': 'LEFT_SEAT_OF_SECOND_ROW'}}]
2026-03-23 09:42:54,529 - DEBUG - CaseID: 333 - expected_results: [{'name': 'device_control', 'args': {'action': 'turnoff', 'entity': 'SUNSHADE', 'position': 'LEFT_SEAT_OF_SECOND_ROW'}}]
2026-03-23 09:42:54,529 - DEBUG - CaseID: 333 - actual_results: [{'name': 'device_control', 'args': {'action': 'turnoff', 'entity': 'SUNSHADE', 'position': 'LEFT_SEAT_OF_SECOND_ROW'}}]
2026-03-23 09:42:54,529 - DEBUG - CaseID: 333 - expected_keys: {('device_control', '{"action": "turnoff", "entity": "SUNSHADE", "position": "LEFT_SEAT_OF_SECOND_ROW"}')}
2026-03-23 09:42:54,529 - DEBUG - CaseID: 333 - actual_keys: {('device_control', '{"action": "turnoff", "entity": "SUNSHADE", "position": "LEFT_SEAT_OF_SECOND_ROW"}')}
2026-03-23 09:42:54,529 - DEBUG - CaseID: 334 - parse_multi_results输入 - name_str: 'device_control', args_str: '{"action":"turnoff", "entity":"SUNSHADE","position":"LEFT_SEAT_OF_SECOND_ROW"}'
2026-03-23 09:42:54,529 - DEBUG - CaseID: 334 - parse_multi_results输出: [{'name': 'device_control', 'args': {'action': 'turnoff', 'entity': 'SUNSHADE', 'position': 'LEFT_SEAT_OF_SECOND_ROW'}}]
2026-03-23 09:42:54,529 - DEBUG - CaseID: 334 - parse_multi_results输入 - name_str: 'device_control', args_str: '{"action":"turnoff","position":"LEFT_SEAT_OF_SECOND_ROW","entity":"SUNSHADE"}'
2026-03-23 09:42:54,529 - DEBUG - CaseID: 334 - parse_multi_results输出: [{'name': 'device_control', 'args': {'action': 'turnoff', 'entity': 'SUNSHADE', 'position': 'LEFT_SEAT_OF_SECOND_ROW'}}]
2026-03-23 09:42:54,529 - DEBUG - CaseID: 334 - expected_results: [{'name': 'device_control', 'args': {'action': 'turnoff', 'entity': 'SUNSHADE', 'position': 'LEFT_SEAT_OF_SECOND_ROW'}}]
2026-03-23 09:42:54,529 - DEBUG - CaseID: 334 - actual_results: [{'name': 'device_control', 'args': {'action': 'turnoff', 'entity': 'SUNSHADE', 'position': 'LEFT_SEAT_OF_SECOND_ROW'}}]
2026-03-23 09:42:54,529 - DEBUG - CaseID: 334 - expected_keys: {('device_control', '{"action": "turnoff", "entity": "SUNSHADE", "position": "LEFT_SEAT_OF_SECOND_ROW"}')}
2026-03-23 09:42:54,529 - DEBUG - CaseID: 334 - actual_keys: {('device_control', '{"action": "turnoff", "entity": "SUNSHADE", "position": "LEFT_SEAT_OF_SECOND_ROW"}')}
2026-03-23 09:42:54,529 - DEBUG - CaseID: 335 - parse_multi_results输入 - name_str: 'device_control', args_str: '{"action":"turnoff", "entity":"SUNSHADE","position":"LEFT_SEAT_OF_SECOND_ROW"}'
2026-03-23 09:42:54,529 - DEBUG - CaseID: 335 - parse_multi_results输出: [{'name': 'device_control', 'args': {'action': 'turnoff', 'entity': 'SUNSHADE', 'position': 'LEFT_SEAT_OF_SECOND_ROW'}}]
2026-03-23 09:42:54,529 - DEBUG - CaseID: 335 - parse_multi_results输入 - name_str: 'device_control', args_str: '{"action":"turnoff","position":"LEFT_SEAT_OF_SECOND_ROW","entity":"SUNSHADE"}'
2026-03-23 09:42:54,529 - DEBUG - CaseID: 335 - parse_multi_results输出: [{'name': 'device_control', 'args': {'action': 'turnoff', 'entity': 'SUNSHADE', 'position': 'LEFT_SEAT_OF_SECOND_ROW'}}]
2026-03-23 09:42:54,529 - DEBUG - CaseID: 335 - expected_results: [{'name': 'device_control', 'args': {'action': 'turnoff', 'entity': 'SUNSHADE', 'position': 'LEFT_SEAT_OF_SECOND_ROW'}}]
2026-03-23 09:42:54,529 - DEBUG - CaseID: 335 - actual_results: [{'name': 'device_control', 'args': {'action': 'turnoff', 'entity': 'SUNSHADE', 'position': 'LEFT_SEAT_OF_SECOND_ROW'}}]
2026-03-23 09:42:54,529 - DEBUG - CaseID: 335 - expected_keys: {('device_control', '{"action": "turnoff", "entity": "SUNSHADE", "position": "LEFT_SEAT_OF_SECOND_ROW"}')}
2026-03-23 09:42:54,529 - DEBUG - CaseID: 335 - actual_keys: {('device_control', '{"action": "turnoff", "entity": "SUNSHADE", "position": "LEFT_SEAT_OF_SECOND_ROW"}')}
2026-03-23 09:42:54,529 - DEBUG - CaseID: 336 - parse_multi_results输入 - name_str: 'device_control', args_str: '{"action":"turnoff", "entity":"SUNSHADE","position":"LEFT_SEAT_OF_SECOND_ROW"}'
2026-03-23 09:42:54,529 - DEBUG - CaseID: 336 - parse_multi_results输出: [{'name': 'device_control', 'args': {'action': 'turnoff', 'entity': 'SUNSHADE', 'position': 'LEFT_SEAT_OF_SECOND_ROW'}}]
2026-03-23 09:42:54,529 - DEBUG - CaseID: 336 - parse_multi_results输入 - name_str: 'device_control', args_str: '{"action":"turnoff","position":"LEFT_SEAT_OF_SECOND_ROW","entity":"SUNSHADE"}'
2026-03-23 09:42:54,529 - DEBUG - CaseID: 336 - parse_multi_results输出: [{'name': 'device_control', 'args': {'action': 'turnoff', 'entity': 'SUNSHADE', 'position': 'LEFT_SEAT_OF_SECOND_ROW'}}]
2026-03-23 09:42:54,529 - DEBUG - CaseID: 336 - expected_results: [{'name': 'device_control', 'args': {'action': 'turnoff', 'entity': 'SUNSHADE', 'position': 'LEFT_SEAT_OF_SECOND_ROW'}}]
2026-03-23 09:42:54,529 - DEBUG - CaseID: 336 - actual_results: [{'name': 'device_control', 'args': {'action': 'turnoff', 'entity': 'SUNSHADE', 'position': 'LEFT_SEAT_OF_SECOND_ROW'}}]
2026-03-23 09:42:54,529 - DEBUG - CaseID: 336 - expected_keys: {('device_control', '{"action": "turnoff", "entity": "SUNSHADE", "position": "LEFT_SEAT_OF_SECOND_ROW"}')}
2026-03-23 09:42:54,529 - DEBUG - CaseID: 336 - actual_keys: {('device_control', '{"action": "turnoff", "entity": "SUNSHADE", "position": "LEFT_SEAT_OF_SECOND_ROW"}')}
2026-03-23 09:42:54,529 - DEBUG - CaseID: 337 - parse_multi_results输入 - name_str: 'device_control', args_str: '{"action":"turnoff", "entity":"SUNSHADE","position":"WHOLE"}'
2026-03-23 09:42:54,530 - DEBUG - CaseID: 337 - parse_multi_results输出: [{'name': 'device_control', 'args': {'action': 'turnoff', 'entity': 'SUNSHADE', 'position': 'WHOLE'}}]
2026-03-23 09:42:54,530 - DEBUG - CaseID: 337 - parse_multi_results输入 - name_str: 'device_control', args_str: '{"action":"turnoff","position":"WHOLE","entity":"SUNSHADE"}'
2026-03-23 09:42:54,530 - DEBUG - CaseID: 337 - parse_multi_results输出: [{'name': 'device_control', 'args': {'action': 'turnoff', 'entity': 'SUNSHADE', 'position': 'WHOLE'}}]
2026-03-23 09:42:54,530 - DEBUG - CaseID: 337 - expected_results: [{'name': 'device_control', 'args': {'action': 'turnoff', 'entity': 'SUNSHADE', 'position': 'WHOLE'}}]
2026-03-23 09:42:54,530 - DEBUG - CaseID: 337 - actual_results: [{'name': 'device_control', 'args': {'action': 'turnoff', 'entity': 'SUNSHADE', 'position': 'WHOLE'}}]
2026-03-23 09:42:54,530 - DEBUG - CaseID: 337 - expected_keys: {('device_control', '{"action": "turnoff", "entity": "SUNSHADE", "position": "WHOLE"}')}
2026-03-23 09:42:54,530 - DEBUG - CaseID: 337 - actual_keys: {('device_control', '{"action": "turnoff", "entity": "SUNSHADE", "position": "WHOLE"}')}
2026-03-23 09:42:54,530 - DEBUG - CaseID: 338 - parse_multi_results输入 - name_str: 'device_control', args_str: '{"action":"turnoff", "entity":"SUNSHADE","position":"WHOLE"}'
2026-03-23 09:42:54,530 - DEBUG - CaseID: 338 - parse_multi_results输出: [{'name': 'device_control', 'args': {'action': 'turnoff', 'entity': 'SUNSHADE', 'position': 'WHOLE'}}]
2026-03-23 09:42:54,530 - DEBUG - CaseID: 338 - parse_multi_results输入 - name_str: 'device_control', args_str: '{"action":"turnoff","position":"WHOLE","entity":"SUNSHADE"}'
2026-03-23 09:42:54,530 - DEBUG - CaseID: 338 - parse_multi_results输出: [{'name': 'device_control', 'args': {'action': 'turnoff', 'entity': 'SUNSHADE', 'position': 'WHOLE'}}]
2026-03-23 09:42:54,530 - DEBUG - CaseID: 338 - expected_results: [{'name': 'device_control', 'args': {'action': 'turnoff', 'entity': 'SUNSHADE', 'position': 'WHOLE'}}]
2026-03-23 09:42:54,530 - DEBUG - CaseID: 338 - actual_results: [{'name': 'device_control', 'args': {'action': 'turnoff', 'entity': 'SUNSHADE', 'position': 'WHOLE'}}]
2026-03-23 09:42:54,530 - DEBUG - CaseID: 338 - expected_keys: {('device_control', '{"action": "turnoff", "entity": "SUNSHADE", "position": "WHOLE"}')}
2026-03-23 09:42:54,530 - DEBUG - CaseID: 338 - actual_keys: {('device_control', '{"action": "turnoff", "entity": "SUNSHADE", "position": "WHOLE"}')}
2026-03-23 09:42:54,530 - DEBUG - CaseID: 339 - parse_multi_results输入 - name_str: 'device_control', args_str: '{"action":"turnoff", "entity":"SUNSHADE","position":"WHOLE"}'
2026-03-23 09:42:54,530 - DEBUG - CaseID: 339 - parse_multi_results输出: [{'name': 'device_control', 'args': {'action': 'turnoff', 'entity': 'SUNSHADE', 'position': 'WHOLE'}}]
2026-03-23 09:42:54,530 - DEBUG - CaseID: 339 - parse_multi_results输入 - name_str: 'device_control', args_str: '{"action":"turnoff","position":"WHOLE","entity":"SUNSHADE"}'
2026-03-23 09:42:54,530 - DEBUG - CaseID: 339 - parse_multi_results输出: [{'name': 'device_control', 'args': {'action': 'turnoff', 'entity': 'SUNSHADE', 'position': 'WHOLE'}}]
2026-03-23 09:42:54,530 - DEBUG - CaseID: 339 - expected_results: [{'name': 'device_control', 'args': {'action': 'turnoff', 'entity': 'SUNSHADE', 'position': 'WHOLE'}}]
2026-03-23 09:42:54,530 - DEBUG - CaseID: 339 - actual_results: [{'name': 'device_control', 'args': {'action': 'turnoff', 'entity': 'SUNSHADE', 'position': 'WHOLE'}}]
2026-03-23 09:42:54,530 - DEBUG - CaseID: 339 - expected_keys: {('device_control', '{"action": "turnoff", "entity": "SUNSHADE", "position": "WHOLE"}')}
2026-03-23 09:42:54,530 - DEBUG - CaseID: 339 - actual_keys: {('device_control', '{"action": "turnoff", "entity": "SUNSHADE", "position": "WHOLE"}')}
2026-03-23 09:42:54,530 - DEBUG - CaseID: 340 - parse_multi_results输入 - name_str: 'device_control', args_str: '{"action":"turnoff", "entity":"SUNSHADE","position":"WHOLE"}'
2026-03-23 09:42:54,530 - DEBUG - CaseID: 340 - parse_multi_results输出: [{'name': 'device_control', 'args': {'action': 'turnoff', 'entity': 'SUNSHADE', 'position': 'WHOLE'}}]
2026-03-23 09:42:54,530 - DEBUG - CaseID: 340 - parse_multi_results输入 - name_str: 'device_control', args_str: '{"action":"turnoff","position":"WHOLE","entity":"SUNSHADE"}'
2026-03-23 09:42:54,530 - DEBUG - CaseID: 340 - parse_multi_results输出: [{'name': 'device_control', 'args': {'action': 'turnoff', 'entity': 'SUNSHADE', 'position': 'WHOLE'}}]
2026-03-23 09:42:54,530 - DEBUG - CaseID: 340 - expected_results: [{'name': 'device_control', 'args': {'action': 'turnoff', 'entity': 'SUNSHADE', 'position': 'WHOLE'}}]
2026-03-23 09:42:54,530 - DEBUG - CaseID: 340 - actual_results: [{'name': 'device_control', 'args': {'action': 'turnoff', 'entity': 'SUNSHADE', 'position': 'WHOLE'}}]
2026-03-23 09:42:54,530 - DEBUG - CaseID: 340 - expected_keys: {('device_control', '{"action": "turnoff", "entity": "SUNSHADE", "position": "WHOLE"}')}
2026-03-23 09:42:54,530 - DEBUG - CaseID: 340 - actual_keys: {('device_control', '{"action": "turnoff", "entity": "SUNSHADE", "position": "WHOLE"}')}
2026-03-23 09:42:54,530 - DEBUG - CaseID: 341 - parse_multi_results输入 - name_str: 'device_control', args_str: '{"action":"turnoff", "entity":"SUNSHADE","position":"WHOLE"}'
2026-03-23 09:42:54,530 - DEBUG - CaseID: 341 - parse_multi_results输出: [{'name': 'device_control', 'args': {'action': 'turnoff', 'entity': 'SUNSHADE', 'position': 'WHOLE'}}]
2026-03-23 09:42:54,530 - DEBUG - CaseID: 341 - parse_multi_results输入 - name_str: 'device_control', args_str: '{"action":"turnoff","position":"WHOLE","entity":"SUNSHADE"}'
2026-03-23 09:42:54,530 - DEBUG - CaseID: 341 - parse_multi_results输出: [{'name': 'device_control', 'args': {'action': 'turnoff', 'entity': 'SUNSHADE', 'position': 'WHOLE'}}]
2026-03-23 09:42:54,530 - DEBUG - CaseID: 341 - expected_results: [{'name': 'device_control', 'args': {'action': 'turnoff', 'entity': 'SUNSHADE', 'position': 'WHOLE'}}]
2026-03-23 09:42:54,530 - DEBUG - CaseID: 341 - actual_results: [{'name': 'device_control', 'args': {'action': 'turnoff', 'entity': 'SUNSHADE', 'position': 'WHOLE'}}]
2026-03-23 09:42:54,530 - DEBUG - CaseID: 341 - expected_keys: {('device_control', '{"action": "turnoff", "entity": "SUNSHADE", "position": "WHOLE"}')}
2026-03-23 09:42:54,531 - DEBUG - CaseID: 341 - actual_keys: {('device_control', '{"action": "turnoff", "entity": "SUNSHADE", "position": "WHOLE"}')}
2026-03-23 09:42:54,531 - DEBUG - CaseID: 342 - parse_multi_results输入 - name_str: 'device_control', args_str: '{"action":"turnoff", "entity":"SUNSHADE","position":"WHOLE"}'
2026-03-23 09:42:54,531 - DEBUG - CaseID: 342 - parse_multi_results输出: [{'name': 'device_control', 'args': {'action': 'turnoff', 'entity': 'SUNSHADE', 'position': 'WHOLE'}}]
2026-03-23 09:42:54,531 - DEBUG - CaseID: 342 - parse_multi_results输入 - name_str: 'device_control', args_str: '{"action":"turnoff","position":"WHOLE","entity":"SUNSHADE"}'
2026-03-23 09:42:54,531 - DEBUG - CaseID: 342 - parse_multi_results输出: [{'name': 'device_control', 'args': {'action': 'turnoff', 'entity': 'SUNSHADE', 'position': 'WHOLE'}}]
2026-03-23 09:42:54,531 - DEBUG - CaseID: 342 - expected_results: [{'name': 'device_control', 'args': {'action': 'turnoff', 'entity': 'SUNSHADE', 'position': 'WHOLE'}}]
2026-03-23 09:42:54,531 - DEBUG - CaseID: 342 - actual_results: [{'name': 'device_control', 'args': {'action': 'turnoff', 'entity': 'SUNSHADE', 'position': 'WHOLE'}}]
2026-03-23 09:42:54,531 - DEBUG - CaseID: 342 - expected_keys: {('device_control', '{"action": "turnoff", "entity": "SUNSHADE", "position": "WHOLE"}')}
2026-03-23 09:42:54,531 - DEBUG - CaseID: 342 - actual_keys: {('device_control', '{"action": "turnoff", "entity": "SUNSHADE", "position": "WHOLE"}')}
2026-03-23 09:42:54,531 - DEBUG - CaseID: 343 - parse_multi_results输入 - name_str: 'device_control', args_str: '{"action":"turnoff", "entity":"SUNSHADE","position":"WHOLE"}'
2026-03-23 09:42:54,531 - DEBUG - CaseID: 343 - parse_multi_results输出: [{'name': 'device_control', 'args': {'action': 'turnoff', 'entity': 'SUNSHADE', 'position': 'WHOLE'}}]
2026-03-23 09:42:54,531 - DEBUG - CaseID: 343 - parse_multi_results输入 - name_str: 'device_control', args_str: '{"action":"turnoff","position":"WHOLE","entity":"SUNSHADE"}'
2026-03-23 09:42:54,531 - DEBUG - CaseID: 343 - parse_multi_results输出: [{'name': 'device_control', 'args': {'action': 'turnoff', 'entity': 'SUNSHADE', 'position': 'WHOLE'}}]
2026-03-23 09:42:54,531 - DEBUG - CaseID: 343 - expected_results: [{'name': 'device_control', 'args': {'action': 'turnoff', 'entity': 'SUNSHADE', 'position': 'WHOLE'}}]
2026-03-23 09:42:54,531 - DEBUG - CaseID: 343 - actual_results: [{'name': 'device_control', 'args': {'action': 'turnoff', 'entity': 'SUNSHADE', 'position': 'WHOLE'}}]
2026-03-23 09:42:54,531 - DEBUG - CaseID: 343 - expected_keys: {('device_control', '{"action": "turnoff", "entity": "SUNSHADE", "position": "WHOLE"}')}
2026-03-23 09:42:54,531 - DEBUG - CaseID: 343 - actual_keys: {('device_control', '{"action": "turnoff", "entity": "SUNSHADE", "position": "WHOLE"}')}
2026-03-23 09:42:54,531 - DEBUG - CaseID: 344 - parse_multi_results输入 - name_str: 'device_control', args_str: '{"action":"turnoff", "entity":"SUNSHADE","position":"WHOLE"}'
2026-03-23 09:42:54,531 - DEBUG - CaseID: 344 - parse_multi_results输出: [{'name': 'device_control', 'args': {'action': 'turnoff', 'entity': 'SUNSHADE', 'position': 'WHOLE'}}]
2026-03-23 09:42:54,531 - DEBUG - CaseID: 344 - parse_multi_results输入 - name_str: 'device_control', args_str: '{"action":"turnoff","position":"WHOLE","entity":"SUNSHADE"}'
2026-03-23 09:42:54,531 - DEBUG - CaseID: 344 - parse_multi_results输出: [{'name': 'device_control', 'args': {'action': 'turnoff', 'entity': 'SUNSHADE', 'position': 'WHOLE'}}]
2026-03-23 09:42:54,531 - DEBUG - CaseID: 344 - expected_results: [{'name': 'device_control', 'args': {'action': 'turnoff', 'entity': 'SUNSHADE', 'position': 'WHOLE'}}]
2026-03-23 09:42:54,531 - DEBUG - CaseID: 344 - actual_results: [{'name': 'device_control', 'args': {'action': 'turnoff', 'entity': 'SUNSHADE', 'position': 'WHOLE'}}]
2026-03-23 09:42:54,531 - DEBUG - CaseID: 344 - expected_keys: {('device_control', '{"action": "turnoff", "entity": "SUNSHADE", "position": "WHOLE"}')}
2026-03-23 09:42:54,531 - DEBUG - CaseID: 344 - actual_keys: {('device_control', '{"action": "turnoff", "entity": "SUNSHADE", "position": "WHOLE"}')}
2026-03-23 09:42:54,531 - DEBUG - CaseID: 345 - parse_multi_results输入 - name_str: 'device_control', args_str: '{"action":"turnoff", "entity":"SUNSHADE","position":"WHOLE"}'
2026-03-23 09:42:54,531 - DEBUG - CaseID: 345 - parse_multi_results输出: [{'name': 'device_control', 'args': {'action': 'turnoff', 'entity': 'SUNSHADE', 'position': 'WHOLE'}}]
2026-03-23 09:42:54,531 - DEBUG - CaseID: 345 - parse_multi_results输入 - name_str: 'device_control', args_str: '{"action":"turnoff","position":"WHOLE","entity":"SUNSHADE"}'
2026-03-23 09:42:54,531 - DEBUG - CaseID: 345 - parse_multi_results输出: [{'name': 'device_control', 'args': {'action': 'turnoff', 'entity': 'SUNSHADE', 'position': 'WHOLE'}}]
2026-03-23 09:42:54,531 - DEBUG - CaseID: 345 - expected_results: [{'name': 'device_control', 'args': {'action': 'turnoff', 'entity': 'SUNSHADE', 'position': 'WHOLE'}}]
2026-03-23 09:42:54,531 - DEBUG - CaseID: 345 - actual_results: [{'name': 'device_control', 'args': {'action': 'turnoff', 'entity': 'SUNSHADE', 'position': 'WHOLE'}}]
2026-03-23 09:42:54,531 - DEBUG - CaseID: 345 - expected_keys: {('device_control', '{"action": "turnoff", "entity": "SUNSHADE", "position": "WHOLE"}')}
2026-03-23 09:42:54,531 - DEBUG - CaseID: 345 - actual_keys: {('device_control', '{"action": "turnoff", "entity": "SUNSHADE", "position": "WHOLE"}')}
2026-03-23 09:42:54,531 - DEBUG - CaseID: 346 - parse_multi_results输入 - name_str: 'device_control', args_str: '{"action":"turnoff", "entity":"SUNSHADE","position":"WHOLE"}'
2026-03-23 09:42:54,531 - DEBUG - CaseID: 346 - parse_multi_results输出: [{'name': 'device_control', 'args': {'action': 'turnoff', 'entity': 'SUNSHADE', 'position': 'WHOLE'}}]
2026-03-23 09:42:54,531 - DEBUG - CaseID: 346 - parse_multi_results输入 - name_str: 'device_control', args_str: '{"action":"turnoff","position":"WHOLE","entity":"SUNSHADE"}'
2026-03-23 09:42:54,531 - DEBUG - CaseID: 346 - parse_multi_results输出: [{'name': 'device_control', 'args': {'action': 'turnoff', 'entity': 'SUNSHADE', 'position': 'WHOLE'}}]
2026-03-23 09:42:54,532 - DEBUG - CaseID: 346 - expected_results: [{'name': 'device_control', 'args': {'action': 'turnoff', 'entity': 'SUNSHADE', 'position': 'WHOLE'}}]
2026-03-23 09:42:54,532 - DEBUG - CaseID: 346 - actual_results: [{'name': 'device_control', 'args': {'action': 'turnoff', 'entity': 'SUNSHADE', 'position': 'WHOLE'}}]
2026-03-23 09:42:54,532 - DEBUG - CaseID: 346 - expected_keys: {('device_control', '{"action": "turnoff", "entity": "SUNSHADE", "position": "WHOLE"}')}
2026-03-23 09:42:54,532 - DEBUG - CaseID: 346 - actual_keys: {('device_control', '{"action": "turnoff", "entity": "SUNSHADE", "position": "WHOLE"}')}
2026-03-23 09:42:54,532 - DEBUG - CaseID: 347 - parse_multi_results输入 - name_str: 'device_control', args_str: '{"action":"turnon", "entity":"SUNSHADE","position":"WHOLE"}'
2026-03-23 09:42:54,532 - DEBUG - CaseID: 347 - parse_multi_results输出: [{'name': 'device_control', 'args': {'action': 'turnon', 'entity': 'SUNSHADE', 'position': 'WHOLE'}}]
2026-03-23 09:42:54,532 - DEBUG - CaseID: 347 - parse_multi_results输入 - name_str: 'device_control', args_str: '{"action":"turnon","position":"WHOLE","entity":"SUNSHADE"}'
2026-03-23 09:42:54,532 - DEBUG - CaseID: 347 - parse_multi_results输出: [{'name': 'device_control', 'args': {'action': 'turnon', 'entity': 'SUNSHADE', 'position': 'WHOLE'}}]
2026-03-23 09:42:54,532 - DEBUG - CaseID: 347 - expected_results: [{'name': 'device_control', 'args': {'action': 'turnon', 'entity': 'SUNSHADE', 'position': 'WHOLE'}}]
2026-03-23 09:42:54,532 - DEBUG - CaseID: 347 - actual_results: [{'name': 'device_control', 'args': {'action': 'turnon', 'entity': 'SUNSHADE', 'position': 'WHOLE'}}]
2026-03-23 09:42:54,532 - DEBUG - CaseID: 347 - expected_keys: {('device_control', '{"action": "turnon", "entity": "SUNSHADE", "position": "WHOLE"}')}
2026-03-23 09:42:54,532 - DEBUG - CaseID: 347 - actual_keys: {('device_control', '{"action": "turnon", "entity": "SUNSHADE", "position": "WHOLE"}')}
2026-03-23 09:42:54,532 - DEBUG - CaseID: 348 - parse_multi_results输入 - name_str: 'device_control', args_str: '{"action":"turnon", "entity":"SUNSHADE","position":"WHOLE"}'
2026-03-23 09:42:54,532 - DEBUG - CaseID: 348 - parse_multi_results输出: [{'name': 'device_control', 'args': {'action': 'turnon', 'entity': 'SUNSHADE', 'position': 'WHOLE'}}]
2026-03-23 09:42:54,532 - DEBUG - CaseID: 348 - parse_multi_results输入 - name_str: 'device_control', args_str: '{"action":"turnon","position":"WHOLE","entity":"SUNSHADE"}'
2026-03-23 09:42:54,532 - DEBUG - CaseID: 348 - parse_multi_results输出: [{'name': 'device_control', 'args': {'action': 'turnon', 'entity': 'SUNSHADE', 'position': 'WHOLE'}}]
2026-03-23 09:42:54,532 - DEBUG - CaseID: 348 - expected_results: [{'name': 'device_control', 'args': {'action': 'turnon', 'entity': 'SUNSHADE', 'position': 'WHOLE'}}]
2026-03-23 09:42:54,532 - DEBUG - CaseID: 348 - actual_results: [{'name': 'device_control', 'args': {'action': 'turnon', 'entity': 'SUNSHADE', 'position': 'WHOLE'}}]
2026-03-23 09:42:54,532 - DEBUG - CaseID: 348 - expected_keys: {('device_control', '{"action": "turnon", "entity": "SUNSHADE", "position": "WHOLE"}')}
2026-03-23 09:42:54,532 - DEBUG - CaseID: 348 - actual_keys: {('device_control', '{"action": "turnon", "entity": "SUNSHADE", "position": "WHOLE"}')}
2026-03-23 09:42:54,532 - DEBUG - CaseID: 349 - parse_multi_results输入 - name_str: 'device_control', args_str: '{"action":"turnon", "entity":"SUNSHADE","position":"WHOLE"}'
2026-03-23 09:42:54,532 - DEBUG - CaseID: 349 - parse_multi_results输出: [{'name': 'device_control', 'args': {'action': 'turnon', 'entity': 'SUNSHADE', 'position': 'WHOLE'}}]
2026-03-23 09:42:54,532 - DEBUG - CaseID: 349 - parse_multi_results输入 - name_str: 'device_control', args_str: '{"action":"turnon","position":"WHOLE","entity":"SUNSHADE"}'
2026-03-23 09:42:54,532 - DEBUG - CaseID: 349 - parse_multi_results输出: [{'name': 'device_control', 'args': {'action': 'turnon', 'entity': 'SUNSHADE', 'position': 'WHOLE'}}]
2026-03-23 09:42:54,532 - DEBUG - CaseID: 349 - expected_results: [{'name': 'device_control', 'args': {'action': 'turnon', 'entity': 'SUNSHADE', 'position': 'WHOLE'}}]
2026-03-23 09:42:54,532 - DEBUG - CaseID: 349 - actual_results: [{'name': 'device_control', 'args': {'action': 'turnon', 'entity': 'SUNSHADE', 'position': 'WHOLE'}}]
2026-03-23 09:42:54,532 - DEBUG - CaseID: 349 - expected_keys: {('device_control', '{"action": "turnon", "entity": "SUNSHADE", "position": "WHOLE"}')}
2026-03-23 09:42:54,532 - DEBUG - CaseID: 349 - actual_keys: {('device_control', '{"action": "turnon", "entity": "SUNSHADE", "position": "WHOLE"}')}
2026-03-23 09:42:54,532 - DEBUG - CaseID: 350 - parse_multi_results输入 - name_str: 'device_control', args_str: '{"action":"turnon", "entity":"SUNSHADE","position":"WHOLE"}'
2026-03-23 09:42:54,532 - DEBUG - CaseID: 350 - parse_multi_results输出: [{'name': 'device_control', 'args': {'action': 'turnon', 'entity': 'SUNSHADE', 'position': 'WHOLE'}}]
2026-03-23 09:42:54,532 - DEBUG - CaseID: 350 - parse_multi_results输入 - name_str: 'device_control', args_str: '{"action":"turnon","position":"WHOLE","entity":"SUNSHADE"}'
2026-03-23 09:42:54,532 - DEBUG - CaseID: 350 - parse_multi_results输出: [{'name': 'device_control', 'args': {'action': 'turnon', 'entity': 'SUNSHADE', 'position': 'WHOLE'}}]
2026-03-23 09:42:54,532 - DEBUG - CaseID: 350 - expected_results: [{'name': 'device_control', 'args': {'action': 'turnon', 'entity': 'SUNSHADE', 'position': 'WHOLE'}}]
2026-03-23 09:42:54,532 - DEBUG - CaseID: 350 - actual_results: [{'name': 'device_control', 'args': {'action': 'turnon', 'entity': 'SUNSHADE', 'position': 'WHOLE'}}]
2026-03-23 09:42:54,532 - DEBUG - CaseID: 350 - expected_keys: {('device_control', '{"action": "turnon", "entity": "SUNSHADE", "position": "WHOLE"}')}
2026-03-23 09:42:54,532 - DEBUG - CaseID: 350 - actual_keys: {('device_control', '{"action": "turnon", "entity": "SUNSHADE", "position": "WHOLE"}')}
2026-03-23 09:42:54,532 - DEBUG - CaseID: 351 - parse_multi_results输入 - name_str: 'device_control', args_str: '{"action":"turnon", "entity":"SUNSHADE","position":"WHOLE"}'
2026-03-23 09:42:54,532 - DEBUG - CaseID: 351 - parse_multi_results输出: [{'name': 'device_control', 'args': {'action': 'turnon', 'entity': 'SUNSHADE', 'position': 'WHOLE'}}]
2026-03-23 09:42:54,533 - DEBUG - CaseID: 351 - parse_multi_results输入 - name_str: 'device_control', args_str: '{"action":"turnon","position":"WHOLE","entity":"SUNSHADE"}'
2026-03-23 09:42:54,533 - DEBUG - CaseID: 351 - parse_multi_results输出: [{'name': 'device_control', 'args': {'action': 'turnon', 'entity': 'SUNSHADE', 'position': 'WHOLE'}}]
2026-03-23 09:42:54,533 - DEBUG - CaseID: 351 - expected_results: [{'name': 'device_control', 'args': {'action': 'turnon', 'entity': 'SUNSHADE', 'position': 'WHOLE'}}]
2026-03-23 09:42:54,533 - DEBUG - CaseID: 351 - actual_results: [{'name': 'device_control', 'args': {'action': 'turnon', 'entity': 'SUNSHADE', 'position': 'WHOLE'}}]
2026-03-23 09:42:54,533 - DEBUG - CaseID: 351 - expected_keys: {('device_control', '{"action": "turnon", "entity": "SUNSHADE", "position": "WHOLE"}')}
2026-03-23 09:42:54,533 - DEBUG - CaseID: 351 - actual_keys: {('device_control', '{"action": "turnon", "entity": "SUNSHADE", "position": "WHOLE"}')}
2026-03-23 09:42:54,533 - DEBUG - CaseID: 352 - parse_multi_results输入 - name_str: 'device_control', args_str: '{"action":"turnon", "entity":"SUNSHADE","position":"WHOLE"}'
2026-03-23 09:42:54,533 - DEBUG - CaseID: 352 - parse_multi_results输出: [{'name': 'device_control', 'args': {'action': 'turnon', 'entity': 'SUNSHADE', 'position': 'WHOLE'}}]
2026-03-23 09:42:54,533 - DEBUG - CaseID: 352 - parse_multi_results输入 - name_str: 'device_control', args_str: '{"action":"turnon","position":"WHOLE","entity":"SUNSHADE"}'
2026-03-23 09:42:54,533 - DEBUG - CaseID: 352 - parse_multi_results输出: [{'name': 'device_control', 'args': {'action': 'turnon', 'entity': 'SUNSHADE', 'position': 'WHOLE'}}]
2026-03-23 09:42:54,533 - DEBUG - CaseID: 352 - expected_results: [{'name': 'device_control', 'args': {'action': 'turnon', 'entity': 'SUNSHADE', 'position': 'WHOLE'}}]
2026-03-23 09:42:54,533 - DEBUG - CaseID: 352 - actual_results: [{'name': 'device_control', 'args': {'action': 'turnon', 'entity': 'SUNSHADE', 'position': 'WHOLE'}}]
2026-03-23 09:42:54,533 - DEBUG - CaseID: 352 - expected_keys: {('device_control', '{"action": "turnon", "entity": "SUNSHADE", "position": "WHOLE"}')}
2026-03-23 09:42:54,533 - DEBUG - CaseID: 352 - actual_keys: {('device_control', '{"action": "turnon", "entity": "SUNSHADE", "position": "WHOLE"}')}
2026-03-23 09:42:54,533 - DEBUG - CaseID: 353 - parse_multi_results输入 - name_str: 'device_control', args_str: '{"action":"turnon", "entity":"SUNSHADE","position":"WHOLE"}'
2026-03-23 09:42:54,533 - DEBUG - CaseID: 353 - parse_multi_results输出: [{'name': 'device_control', 'args': {'action': 'turnon', 'entity': 'SUNSHADE', 'position': 'WHOLE'}}]
2026-03-23 09:42:54,533 - DEBUG - CaseID: 353 - parse_multi_results输入 - name_str: 'device_control', args_str: '{"action":"turnon","position":"WHOLE","entity":"SUNSHADE"}'
2026-03-23 09:42:54,533 - DEBUG - CaseID: 353 - parse_multi_results输出: [{'name': 'device_control', 'args': {'action': 'turnon', 'entity': 'SUNSHADE', 'position': 'WHOLE'}}]
2026-03-23 09:42:54,533 - DEBUG - CaseID: 353 - expected_results: [{'name': 'device_control', 'args': {'action': 'turnon', 'entity': 'SUNSHADE', 'position': 'WHOLE'}}]
2026-03-23 09:42:54,533 - DEBUG - CaseID: 353 - actual_results: [{'name': 'device_control', 'args': {'action': 'turnon', 'entity': 'SUNSHADE', 'position': 'WHOLE'}}]
2026-03-23 09:42:54,533 - DEBUG - CaseID: 353 - expected_keys: {('device_control', '{"action": "turnon", "entity": "SUNSHADE", "position": "WHOLE"}')}
2026-03-23 09:42:54,533 - DEBUG - CaseID: 353 - actual_keys: {('device_control', '{"action": "turnon", "entity": "SUNSHADE", "position": "WHOLE"}')}
2026-03-23 09:42:54,533 - DEBUG - CaseID: 354 - parse_multi_results输入 - name_str: 'device_control', args_str: '{"action":"turnon", "entity":"SUNSHADE","position":"WHOLE"}'
2026-03-23 09:42:54,533 - DEBUG - CaseID: 354 - parse_multi_results输出: [{'name': 'device_control', 'args': {'action': 'turnon', 'entity': 'SUNSHADE', 'position': 'WHOLE'}}]
2026-03-23 09:42:54,533 - DEBUG - CaseID: 354 - parse_multi_results输入 - name_str: 'device_control', args_str: '{"action":"turnon","position":"WHOLE","entity":"SUNSHADE"}'
2026-03-23 09:42:54,533 - DEBUG - CaseID: 354 - parse_multi_results输出: [{'name': 'device_control', 'args': {'action': 'turnon', 'entity': 'SUNSHADE', 'position': 'WHOLE'}}]
2026-03-23 09:42:54,533 - DEBUG - CaseID: 354 - expected_results: [{'name': 'device_control', 'args': {'action': 'turnon', 'entity': 'SUNSHADE', 'position': 'WHOLE'}}]
2026-03-23 09:42:54,533 - DEBUG - CaseID: 354 - actual_results: [{'name': 'device_control', 'args': {'action': 'turnon', 'entity': 'SUNSHADE', 'position': 'WHOLE'}}]
2026-03-23 09:42:54,533 - DEBUG - CaseID: 354 - expected_keys: {('device_control', '{"action": "turnon", "entity": "SUNSHADE", "position": "WHOLE"}')}
2026-03-23 09:42:54,533 - DEBUG - CaseID: 354 - actual_keys: {('device_control', '{"action": "turnon", "entity": "SUNSHADE", "position": "WHOLE"}')}
2026-03-23 09:42:54,533 - DEBUG - CaseID: 355 - parse_multi_results输入 - name_str: 'device_control', args_str: '{"action":"turnon", "entity":"SUNSHADE","position":"WHOLE"}'
2026-03-23 09:42:54,533 - DEBUG - CaseID: 355 - parse_multi_results输出: [{'name': 'device_control', 'args': {'action': 'turnon', 'entity': 'SUNSHADE', 'position': 'WHOLE'}}]
2026-03-23 09:42:54,533 - DEBUG - CaseID: 355 - parse_multi_results输入 - name_str: 'device_control', args_str: '{"action":"turnon","position":"WHOLE","entity":"SUNSHADE"}'
2026-03-23 09:42:54,533 - DEBUG - CaseID: 355 - parse_multi_results输出: [{'name': 'device_control', 'args': {'action': 'turnon', 'entity': 'SUNSHADE', 'position': 'WHOLE'}}]
2026-03-23 09:42:54,533 - DEBUG - CaseID: 355 - expected_results: [{'name': 'device_control', 'args': {'action': 'turnon', 'entity': 'SUNSHADE', 'position': 'WHOLE'}}]
2026-03-23 09:42:54,533 - DEBUG - CaseID: 355 - actual_results: [{'name': 'device_control', 'args': {'action': 'turnon', 'entity': 'SUNSHADE', 'position': 'WHOLE'}}]
2026-03-23 09:42:54,533 - DEBUG - CaseID: 355 - expected_keys: {('device_control', '{"action": "turnon", "entity": "SUNSHADE", "position": "WHOLE"}')}
2026-03-23 09:42:54,533 - DEBUG - CaseID: 355 - actual_keys: {('device_control', '{"action": "turnon", "entity": "SUNSHADE", "position": "WHOLE"}')}
2026-03-23 09:42:54,534 - DEBUG - CaseID: 356 - parse_multi_results输入 - name_str: 'device_control', args_str: '{"action":"turnon", "entity":"SUNSHADE","position":"WHOLE"}'
2026-03-23 09:42:54,534 - DEBUG - CaseID: 356 - parse_multi_results输出: [{'name': 'device_control', 'args': {'action': 'turnon', 'entity': 'SUNSHADE', 'position': 'WHOLE'}}]
2026-03-23 09:42:54,534 - DEBUG - CaseID: 356 - parse_multi_results输入 - name_str: 'device_control', args_str: '{"action":"turnon","position":"WHOLE","entity":"SUNSHADE"}'
2026-03-23 09:42:54,534 - DEBUG - CaseID: 356 - parse_multi_results输出: [{'name': 'device_control', 'args': {'action': 'turnon', 'entity': 'SUNSHADE', 'position': 'WHOLE'}}]
2026-03-23 09:42:54,534 - DEBUG - CaseID: 356 - expected_results: [{'name': 'device_control', 'args': {'action': 'turnon', 'entity': 'SUNSHADE', 'position': 'WHOLE'}}]
2026-03-23 09:42:54,534 - DEBUG - CaseID: 356 - actual_results: [{'name': 'device_control', 'args': {'action': 'turnon', 'entity': 'SUNSHADE', 'position': 'WHOLE'}}]
2026-03-23 09:42:54,534 - DEBUG - CaseID: 356 - expected_keys: {('device_control', '{"action": "turnon", "entity": "SUNSHADE", "position": "WHOLE"}')}
2026-03-23 09:42:54,534 - DEBUG - CaseID: 356 - actual_keys: {('device_control', '{"action": "turnon", "entity": "SUNSHADE", "position": "WHOLE"}')}
2026-03-23 09:42:54,534 - DEBUG - CaseID: 357 - parse_multi_results输入 - name_str: 'device_control', args_str: '{"action":"turnoff", "entity":"SUNSHADE","position":"FRONT"}'
2026-03-23 09:42:54,534 - DEBUG - CaseID: 357 - parse_multi_results输出: [{'name': 'device_control', 'args': {'action': 'turnoff', 'entity': 'SUNSHADE', 'position': 'FRONT'}}]
2026-03-23 09:42:54,534 - DEBUG - CaseID: 357 - parse_multi_results输入 - name_str: 'device_control', args_str: '{"action":"turnoff","position":"FRONT","entity":"SUNSHADE"}'
2026-03-23 09:42:54,534 - DEBUG - CaseID: 357 - parse_multi_results输出: [{'name': 'device_control', 'args': {'action': 'turnoff', 'entity': 'SUNSHADE', 'position': 'FRONT'}}]
2026-03-23 09:42:54,534 - DEBUG - CaseID: 357 - expected_results: [{'name': 'device_control', 'args': {'action': 'turnoff', 'entity': 'SUNSHADE', 'position': 'FRONT'}}]
2026-03-23 09:42:54,534 - DEBUG - CaseID: 357 - actual_results: [{'name': 'device_control', 'args': {'action': 'turnoff', 'entity': 'SUNSHADE', 'position': 'FRONT'}}]
2026-03-23 09:42:54,534 - DEBUG - CaseID: 357 - expected_keys: {('device_control', '{"action": "turnoff", "entity": "SUNSHADE", "position": "FRONT"}')}
2026-03-23 09:42:54,534 - DEBUG - CaseID: 357 - actual_keys: {('device_control', '{"action": "turnoff", "entity": "SUNSHADE", "position": "FRONT"}')}
2026-03-23 09:42:54,534 - DEBUG - CaseID: 358 - parse_multi_results输入 - name_str: 'device_control', args_str: '{"action":"turnoff", "entity":"SUNSHADE","position":"FRONT"}'
2026-03-23 09:42:54,534 - DEBUG - CaseID: 358 - parse_multi_results输出: [{'name': 'device_control', 'args': {'action': 'turnoff', 'entity': 'SUNSHADE', 'position': 'FRONT'}}]
2026-03-23 09:42:54,534 - DEBUG - CaseID: 358 - parse_multi_results输入 - name_str: 'device_control', args_str: '{"action":"turnoff","position":"FRONT","entity":"SUNSHADE"}'
2026-03-23 09:42:54,534 - DEBUG - CaseID: 358 - parse_multi_results输出: [{'name': 'device_control', 'args': {'action': 'turnoff', 'entity': 'SUNSHADE', 'position': 'FRONT'}}]
2026-03-23 09:42:54,534 - DEBUG - CaseID: 358 - expected_results: [{'name': 'device_control', 'args': {'action': 'turnoff', 'entity': 'SUNSHADE', 'position': 'FRONT'}}]
2026-03-23 09:42:54,534 - DEBUG - CaseID: 358 - actual_results: [{'name': 'device_control', 'args': {'action': 'turnoff', 'entity': 'SUNSHADE', 'position': 'FRONT'}}]
2026-03-23 09:42:54,534 - DEBUG - CaseID: 358 - expected_keys: {('device_control', '{"action": "turnoff", "entity": "SUNSHADE", "position": "FRONT"}')}
2026-03-23 09:42:54,534 - DEBUG - CaseID: 358 - actual_keys: {('device_control', '{"action": "turnoff", "entity": "SUNSHADE", "position": "FRONT"}')}
2026-03-23 09:42:54,534 - DEBUG - CaseID: 359 - parse_multi_results输入 - name_str: 'device_control', args_str: '{"action":"turnoff", "entity":"SUNSHADE","position":"FRONT"}'
2026-03-23 09:42:54,534 - DEBUG - CaseID: 359 - parse_multi_results输出: [{'name': 'device_control', 'args': {'action': 'turnoff', 'entity': 'SUNSHADE', 'position': 'FRONT'}}]
2026-03-23 09:42:54,534 - DEBUG - CaseID: 359 - parse_multi_results输入 - name_str: 'device_control', args_str: '{"action":"turnoff","position":"FRONT","entity":"SUNSHADE"}'
2026-03-23 09:42:54,534 - DEBUG - CaseID: 359 - parse_multi_results输出: [{'name': 'device_control', 'args': {'action': 'turnoff', 'entity': 'SUNSHADE', 'position': 'FRONT'}}]
2026-03-23 09:42:54,534 - DEBUG - CaseID: 359 - expected_results: [{'name': 'device_control', 'args': {'action': 'turnoff', 'entity': 'SUNSHADE', 'position': 'FRONT'}}]
2026-03-23 09:42:54,534 - DEBUG - CaseID: 359 - actual_results: [{'name': 'device_control', 'args': {'action': 'turnoff', 'entity': 'SUNSHADE', 'position': 'FRONT'}}]
2026-03-23 09:42:54,534 - DEBUG - CaseID: 359 - expected_keys: {('device_control', '{"action": "turnoff", "entity": "SUNSHADE", "position": "FRONT"}')}
2026-03-23 09:42:54,534 - DEBUG - CaseID: 359 - actual_keys: {('device_control', '{"action": "turnoff", "entity": "SUNSHADE", "position": "FRONT"}')}
2026-03-23 09:42:54,534 - DEBUG - CaseID: 360 - parse_multi_results输入 - name_str: 'device_control', args_str: '{"action":"turnoff", "entity":"SUNSHADE","position":"FRONT"}'
2026-03-23 09:42:54,534 - DEBUG - CaseID: 360 - parse_multi_results输出: [{'name': 'device_control', 'args': {'action': 'turnoff', 'entity': 'SUNSHADE', 'position': 'FRONT'}}]
2026-03-23 09:42:54,534 - DEBUG - CaseID: 360 - parse_multi_results输入 - name_str: 'device_control', args_str: '{"action":"turnoff","position":"FRONT","entity":"SUNSHADE"}'
2026-03-23 09:42:54,534 - DEBUG - CaseID: 360 - parse_multi_results输出: [{'name': 'device_control', 'args': {'action': 'turnoff', 'entity': 'SUNSHADE', 'position': 'FRONT'}}]
2026-03-23 09:42:54,534 - DEBUG - CaseID: 360 - expected_results: [{'name': 'device_control', 'args': {'action': 'turnoff', 'entity': 'SUNSHADE', 'position': 'FRONT'}}]
2026-03-23 09:42:54,535 - DEBUG - CaseID: 360 - actual_results: [{'name': 'device_control', 'args': {'action': 'turnoff', 'entity': 'SUNSHADE', 'position': 'FRONT'}}]
2026-03-23 09:42:54,535 - DEBUG - CaseID: 360 - expected_keys: {('device_control', '{"action": "turnoff", "entity": "SUNSHADE", "position": "FRONT"}')}
2026-03-23 09:42:54,535 - DEBUG - CaseID: 360 - actual_keys: {('device_control', '{"action": "turnoff", "entity": "SUNSHADE", "position": "FRONT"}')}
2026-03-23 09:42:54,535 - DEBUG - CaseID: 361 - parse_multi_results输入 - name_str: 'device_control', args_str: '{"action":"turnoff", "entity":"SUNSHADE","position":"FRONT"}'
2026-03-23 09:42:54,535 - DEBUG - CaseID: 361 - parse_multi_results输出: [{'name': 'device_control', 'args': {'action': 'turnoff', 'entity': 'SUNSHADE', 'position': 'FRONT'}}]
2026-03-23 09:42:54,535 - DEBUG - CaseID: 361 - parse_multi_results输入 - name_str: 'device_control', args_str: '{"action":"turnoff","position":"FRONT","entity":"SUNSHADE"}'
2026-03-23 09:42:54,535 - DEBUG - CaseID: 361 - parse_multi_results输出: [{'name': 'device_control', 'args': {'action': 'turnoff', 'entity': 'SUNSHADE', 'position': 'FRONT'}}]
2026-03-23 09:42:54,535 - DEBUG - CaseID: 361 - expected_results: [{'name': 'device_control', 'args': {'action': 'turnoff', 'entity': 'SUNSHADE', 'position': 'FRONT'}}]
2026-03-23 09:42:54,535 - DEBUG - CaseID: 361 - actual_results: [{'name': 'device_control', 'args': {'action': 'turnoff', 'entity': 'SUNSHADE', 'position': 'FRONT'}}]
2026-03-23 09:42:54,535 - DEBUG - CaseID: 361 - expected_keys: {('device_control', '{"action": "turnoff", "entity": "SUNSHADE", "position": "FRONT"}')}
2026-03-23 09:42:54,535 - DEBUG - CaseID: 361 - actual_keys: {('device_control', '{"action": "turnoff", "entity": "SUNSHADE", "position": "FRONT"}')}
2026-03-23 09:42:54,535 - DEBUG - CaseID: 362 - parse_multi_results输入 - name_str: 'device_control', args_str: '{"action":"turnoff", "entity":"SUNSHADE","position":"FRONT"}'
2026-03-23 09:42:54,535 - DEBUG - CaseID: 362 - parse_multi_results输出: [{'name': 'device_control', 'args': {'action': 'turnoff', 'entity': 'SUNSHADE', 'position': 'FRONT'}}]
2026-03-23 09:42:54,535 - DEBUG - CaseID: 362 - parse_multi_results输入 - name_str: 'device_control', args_str: '{"action":"turnoff","position":"FRONT","entity":"SUNSHADE"}'
2026-03-23 09:42:54,535 - DEBUG - CaseID: 362 - parse_multi_results输出: [{'name': 'device_control', 'args': {'action': 'turnoff', 'entity': 'SUNSHADE', 'position': 'FRONT'}}]
2026-03-23 09:42:54,535 - DEBUG - CaseID: 362 - expected_results: [{'name': 'device_control', 'args': {'action': 'turnoff', 'entity': 'SUNSHADE', 'position': 'FRONT'}}]
2026-03-23 09:42:54,535 - DEBUG - CaseID: 362 - actual_results: [{'name': 'device_control', 'args': {'action': 'turnoff', 'entity': 'SUNSHADE', 'position': 'FRONT'}}]
2026-03-23 09:42:54,535 - DEBUG - CaseID: 362 - expected_keys: {('device_control', '{"action": "turnoff", "entity": "SUNSHADE", "position": "FRONT"}')}
2026-03-23 09:42:54,535 - DEBUG - CaseID: 362 - actual_keys: {('device_control', '{"action": "turnoff", "entity": "SUNSHADE", "position": "FRONT"}')}
2026-03-23 09:42:54,535 - DEBUG - CaseID: 363 - parse_multi_results输入 - name_str: 'device_control', args_str: '{"action":"turnoff", "entity":"SUNSHADE","position":"FRONT"}'
2026-03-23 09:42:54,535 - DEBUG - CaseID: 363 - parse_multi_results输出: [{'name': 'device_control', 'args': {'action': 'turnoff', 'entity': 'SUNSHADE', 'position': 'FRONT'}}]
2026-03-23 09:42:54,535 - DEBUG - CaseID: 363 - parse_multi_results输入 - name_str: 'device_control', args_str: '{"action":"turnoff","position":"FRONT","entity":"SUNSHADE"}'
2026-03-23 09:42:54,535 - DEBUG - CaseID: 363 - parse_multi_results输出: [{'name': 'device_control', 'args': {'action': 'turnoff', 'entity': 'SUNSHADE', 'position': 'FRONT'}}]
2026-03-23 09:42:54,535 - DEBUG - CaseID: 363 - expected_results: [{'name': 'device_control', 'args': {'action': 'turnoff', 'entity': 'SUNSHADE', 'position': 'FRONT'}}]
2026-03-23 09:42:54,535 - DEBUG - CaseID: 363 - actual_results: [{'name': 'device_control', 'args': {'action': 'turnoff', 'entity': 'SUNSHADE', 'position': 'FRONT'}}]
2026-03-23 09:42:54,535 - DEBUG - CaseID: 363 - expected_keys: {('device_control', '{"action": "turnoff", "entity": "SUNSHADE", "position": "FRONT"}')}
2026-03-23 09:42:54,535 - DEBUG - CaseID: 363 - actual_keys: {('device_control', '{"action": "turnoff", "entity": "SUNSHADE", "position": "FRONT"}')}
2026-03-23 09:42:54,535 - DEBUG - CaseID: 364 - parse_multi_results输入 - name_str: 'device_control', args_str: '{"action":"turnoff", "entity":"SUNSHADE","position":"FRONT"}'
2026-03-23 09:42:54,535 - DEBUG - CaseID: 364 - parse_multi_results输出: [{'name': 'device_control', 'args': {'action': 'turnoff', 'entity': 'SUNSHADE', 'position': 'FRONT'}}]
2026-03-23 09:42:54,535 - DEBUG - CaseID: 364 - parse_multi_results输入 - name_str: 'device_control', args_str: '{"action":"turnoff","position":"FRONT","entity":"SUNSHADE"}'
2026-03-23 09:42:54,535 - DEBUG - CaseID: 364 - parse_multi_results输出: [{'name': 'device_control', 'args': {'action': 'turnoff', 'entity': 'SUNSHADE', 'position': 'FRONT'}}]
2026-03-23 09:42:54,535 - DEBUG - CaseID: 364 - expected_results: [{'name': 'device_control', 'args': {'action': 'turnoff', 'entity': 'SUNSHADE', 'position': 'FRONT'}}]
2026-03-23 09:42:54,535 - DEBUG - CaseID: 364 - actual_results: [{'name': 'device_control', 'args': {'action': 'turnoff', 'entity': 'SUNSHADE', 'position': 'FRONT'}}]
2026-03-23 09:42:54,535 - DEBUG - CaseID: 364 - expected_keys: {('device_control', '{"action": "turnoff", "entity": "SUNSHADE", "position": "FRONT"}')}
2026-03-23 09:42:54,535 - DEBUG - CaseID: 364 - actual_keys: {('device_control', '{"action": "turnoff", "entity": "SUNSHADE", "position": "FRONT"}')}
2026-03-23 09:42:54,536 - DEBUG - CaseID: 365 - parse_multi_results输入 - name_str: 'device_control', args_str: '{"action":"turnoff", "entity":"SUNSHADE","position":"FRONT"}'
2026-03-23 09:42:54,536 - DEBUG - CaseID: 365 - parse_multi_results输出: [{'name': 'device_control', 'args': {'action': 'turnoff', 'entity': 'SUNSHADE', 'position': 'FRONT'}}]
2026-03-23 09:42:54,536 - DEBUG - CaseID: 365 - parse_multi_results输入 - name_str: 'device_control', args_str: '{"action":"turnoff","position":"FRONT","entity":"SUNSHADE"}'
2026-03-23 09:42:54,536 - DEBUG - CaseID: 365 - parse_multi_results输出: [{'name': 'device_control', 'args': {'action': 'turnoff', 'entity': 'SUNSHADE', 'position': 'FRONT'}}]
2026-03-23 09:42:54,536 - DEBUG - CaseID: 365 - expected_results: [{'name': 'device_control', 'args': {'action': 'turnoff', 'entity': 'SUNSHADE', 'position': 'FRONT'}}]
2026-03-23 09:42:54,536 - DEBUG - CaseID: 365 - actual_results: [{'name': 'device_control', 'args': {'action': 'turnoff', 'entity': 'SUNSHADE', 'position': 'FRONT'}}]
2026-03-23 09:42:54,536 - DEBUG - CaseID: 365 - expected_keys: {('device_control', '{"action": "turnoff", "entity": "SUNSHADE", "position": "FRONT"}')}
2026-03-23 09:42:54,536 - DEBUG - CaseID: 365 - actual_keys: {('device_control', '{"action": "turnoff", "entity": "SUNSHADE", "position": "FRONT"}')}
2026-03-23 09:42:54,536 - DEBUG - CaseID: 366 - parse_multi_results输入 - name_str: 'device_control', args_str: '{"action":"turnoff", "entity":"SUNSHADE","position":"FRONT"}'
2026-03-23 09:42:54,536 - DEBUG - CaseID: 366 - parse_multi_results输出: [{'name': 'device_control', 'args': {'action': 'turnoff', 'entity': 'SUNSHADE', 'position': 'FRONT'}}]
2026-03-23 09:42:54,536 - DEBUG - CaseID: 366 - parse_multi_results输入 - name_str: 'device_control', args_str: '{"action":"turnoff","position":"FRONT","entity":"SUNSHADE"}'
2026-03-23 09:42:54,536 - DEBUG - CaseID: 366 - parse_multi_results输出: [{'name': 'device_control', 'args': {'action': 'turnoff', 'entity': 'SUNSHADE', 'position': 'FRONT'}}]
2026-03-23 09:42:54,536 - DEBUG - CaseID: 366 - expected_results: [{'name': 'device_control', 'args': {'action': 'turnoff', 'entity': 'SUNSHADE', 'position': 'FRONT'}}]
2026-03-23 09:42:54,536 - DEBUG - CaseID: 366 - actual_results: [{'name': 'device_control', 'args': {'action': 'turnoff', 'entity': 'SUNSHADE', 'position': 'FRONT'}}]
2026-03-23 09:42:54,536 - DEBUG - CaseID: 366 - expected_keys: {('device_control', '{"action": "turnoff", "entity": "SUNSHADE", "position": "FRONT"}')}
2026-03-23 09:42:54,536 - DEBUG - CaseID: 366 - actual_keys: {('device_control', '{"action": "turnoff", "entity": "SUNSHADE", "position": "FRONT"}')}
2026-03-23 09:42:54,536 - DEBUG - CaseID: 367 - parse_multi_results输入 - name_str: 'device_control', args_str: '{"action":"turnon", "entity":"SUNSHADE","position":"FRONT"}'
2026-03-23 09:42:54,536 - DEBUG - CaseID: 367 - parse_multi_results输出: [{'name': 'device_control', 'args': {'action': 'turnon', 'entity': 'SUNSHADE', 'position': 'FRONT'}}]
2026-03-23 09:42:54,536 - DEBUG - CaseID: 367 - parse_multi_results输入 - name_str: 'device_control', args_str: '{"action":"turnon","position":"FRONT","entity":"SUNSHADE"}'
2026-03-23 09:42:54,536 - DEBUG - CaseID: 367 - parse_multi_results输出: [{'name': 'device_control', 'args': {'action': 'turnon', 'entity': 'SUNSHADE', 'position': 'FRONT'}}]
2026-03-23 09:42:54,536 - DEBUG - CaseID: 367 - expected_results: [{'name': 'device_control', 'args': {'action': 'turnon', 'entity': 'SUNSHADE', 'position': 'FRONT'}}]
2026-03-23 09:42:54,536 - DEBUG - CaseID: 367 - actual_results: [{'name': 'device_control', 'args': {'action': 'turnon', 'entity': 'SUNSHADE', 'position': 'FRONT'}}]
2026-03-23 09:42:54,536 - DEBUG - CaseID: 367 - expected_keys: {('device_control', '{"action": "turnon", "entity": "SUNSHADE", "position": "FRONT"}')}
2026-03-23 09:42:54,536 - DEBUG - CaseID: 367 - actual_keys: {('device_control', '{"action": "turnon", "entity": "SUNSHADE", "position": "FRONT"}')}
2026-03-23 09:42:54,536 - DEBUG - CaseID: 368 - parse_multi_results输入 - name_str: 'device_control', args_str: '{"action":"turnon", "entity":"SUNSHADE","position":"FRONT"}'
2026-03-23 09:42:54,536 - DEBUG - CaseID: 368 - parse_multi_results输出: [{'name': 'device_control', 'args': {'action': 'turnon', 'entity': 'SUNSHADE', 'position': 'FRONT'}}]
2026-03-23 09:42:54,536 - DEBUG - CaseID: 368 - parse_multi_results输入 - name_str: 'device_control', args_str: '{"action":"turnon","position":"FRONT","entity":"SUNSHADE"}'
2026-03-23 09:42:54,536 - DEBUG - CaseID: 368 - parse_multi_results输出: [{'name': 'device_control', 'args': {'action': 'turnon', 'entity': 'SUNSHADE', 'position': 'FRONT'}}]
2026-03-23 09:42:54,536 - DEBUG - CaseID: 368 - expected_results: [{'name': 'device_control', 'args': {'action': 'turnon', 'entity': 'SUNSHADE', 'position': 'FRONT'}}]
2026-03-23 09:42:54,536 - DEBUG - CaseID: 368 - actual_results: [{'name': 'device_control', 'args': {'action': 'turnon', 'entity': 'SUNSHADE', 'position': 'FRONT'}}]
2026-03-23 09:42:54,536 - DEBUG - CaseID: 368 - expected_keys: {('device_control', '{"action": "turnon", "entity": "SUNSHADE", "position": "FRONT"}')}
2026-03-23 09:42:54,536 - DEBUG - CaseID: 368 - actual_keys: {('device_control', '{"action": "turnon", "entity": "SUNSHADE", "position": "FRONT"}')}
2026-03-23 09:42:54,536 - DEBUG - CaseID: 369 - parse_multi_results输入 - name_str: 'device_control', args_str: '{"action":"turnon", "entity":"SUNSHADE","position":"FRONT"}'
2026-03-23 09:42:54,536 - DEBUG - CaseID: 369 - parse_multi_results输出: [{'name': 'device_control', 'args': {'action': 'turnon', 'entity': 'SUNSHADE', 'position': 'FRONT'}}]
2026-03-23 09:42:54,536 - DEBUG - CaseID: 369 - parse_multi_results输入 - name_str: 'device_control', args_str: '{"action":"turnon","position":"FRONT","entity":"SUNSHADE"}'
2026-03-23 09:42:54,536 - DEBUG - CaseID: 369 - parse_multi_results输出: [{'name': 'device_control', 'args': {'action': 'turnon', 'entity': 'SUNSHADE', 'position': 'FRONT'}}]
2026-03-23 09:42:54,537 - DEBUG - CaseID: 369 - expected_results: [{'name': 'device_control', 'args': {'action': 'turnon', 'entity': 'SUNSHADE', 'position': 'FRONT'}}]
2026-03-23 09:42:54,537 - DEBUG - CaseID: 369 - actual_results: [{'name': 'device_control', 'args': {'action': 'turnon', 'entity': 'SUNSHADE', 'position': 'FRONT'}}]
2026-03-23 09:42:54,537 - DEBUG - CaseID: 369 - expected_keys: {('device_control', '{"action": "turnon", "entity": "SUNSHADE", "position": "FRONT"}')}
2026-03-23 09:42:54,537 - DEBUG - CaseID: 369 - actual_keys: {('device_control', '{"action": "turnon", "entity": "SUNSHADE", "position": "FRONT"}')}
2026-03-23 09:42:54,537 - DEBUG - CaseID: 370 - parse_multi_results输入 - name_str: 'device_control', args_str: '{"action":"turnon", "entity":"SUNSHADE","position":"FRONT"}'
2026-03-23 09:42:54,537 - DEBUG - CaseID: 370 - parse_multi_results输出: [{'name': 'device_control', 'args': {'action': 'turnon', 'entity': 'SUNSHADE', 'position': 'FRONT'}}]
2026-03-23 09:42:54,537 - DEBUG - CaseID: 370 - parse_multi_results输入 - name_str: 'device_control', args_str: '{"action":"turnon","position":"FRONT","entity":"SUNSHADE"}'
2026-03-23 09:42:54,537 - DEBUG - CaseID: 370 - parse_multi_results输出: [{'name': 'device_control', 'args': {'action': 'turnon', 'entity': 'SUNSHADE', 'position': 'FRONT'}}]
2026-03-23 09:42:54,537 - DEBUG - CaseID: 370 - expected_results: [{'name': 'device_control', 'args': {'action': 'turnon', 'entity': 'SUNSHADE', 'position': 'FRONT'}}]
2026-03-23 09:42:54,537 - DEBUG - CaseID: 370 - actual_results: [{'name': 'device_control', 'args': {'action': 'turnon', 'entity': 'SUNSHADE', 'position': 'FRONT'}}]
2026-03-23 09:42:54,537 - DEBUG - CaseID: 370 - expected_keys: {('device_control', '{"action": "turnon", "entity": "SUNSHADE", "position": "FRONT"}')}
2026-03-23 09:42:54,537 - DEBUG - CaseID: 370 - actual_keys: {('device_control', '{"action": "turnon", "entity": "SUNSHADE", "position": "FRONT"}')}
2026-03-23 09:42:54,537 - DEBUG - CaseID: 371 - parse_multi_results输入 - name_str: 'device_control', args_str: '{"action":"turnon", "entity":"SUNSHADE","position":"FRONT"}'
2026-03-23 09:42:54,537 - DEBUG - CaseID: 371 - parse_multi_results输出: [{'name': 'device_control', 'args': {'action': 'turnon', 'entity': 'SUNSHADE', 'position': 'FRONT'}}]
2026-03-23 09:42:54,537 - DEBUG - CaseID: 371 - parse_multi_results输入 - name_str: 'device_control', args_str: '{"action":"turnon","position":"FRONT","entity":"SUNSHADE"}'
2026-03-23 09:42:54,537 - DEBUG - CaseID: 371 - parse_multi_results输出: [{'name': 'device_control', 'args': {'action': 'turnon', 'entity': 'SUNSHADE', 'position': 'FRONT'}}]
2026-03-23 09:42:54,537 - DEBUG - CaseID: 371 - expected_results: [{'name': 'device_control', 'args': {'action': 'turnon', 'entity': 'SUNSHADE', 'position': 'FRONT'}}]
2026-03-23 09:42:54,537 - DEBUG - CaseID: 371 - actual_results: [{'name': 'device_control', 'args': {'action': 'turnon', 'entity': 'SUNSHADE', 'position': 'FRONT'}}]
2026-03-23 09:42:54,537 - DEBUG - CaseID: 371 - expected_keys: {('device_control', '{"action": "turnon", "entity": "SUNSHADE", "position": "FRONT"}')}
2026-03-23 09:42:54,537 - DEBUG - CaseID: 371 - actual_keys: {('device_control', '{"action": "turnon", "entity": "SUNSHADE", "position": "FRONT"}')}
2026-03-23 09:42:54,537 - DEBUG - CaseID: 372 - parse_multi_results输入 - name_str: 'device_control', args_str: '{"action":"turnon", "entity":"SUNSHADE","position":"FRONT"}'
2026-03-23 09:42:54,537 - DEBUG - CaseID: 372 - parse_multi_results输出: [{'name': 'device_control', 'args': {'action': 'turnon', 'entity': 'SUNSHADE', 'position': 'FRONT'}}]
2026-03-23 09:42:54,537 - DEBUG - CaseID: 372 - parse_multi_results输入 - name_str: 'device_control', args_str: '{"action":"turnon","position":"FRONT","entity":"SUNSHADE"}'
2026-03-23 09:42:54,537 - DEBUG - CaseID: 372 - parse_multi_results输出: [{'name': 'device_control', 'args': {'action': 'turnon', 'entity': 'SUNSHADE', 'position': 'FRONT'}}]
2026-03-23 09:42:54,537 - DEBUG - CaseID: 372 - expected_results: [{'name': 'device_control', 'args': {'action': 'turnon', 'entity': 'SUNSHADE', 'position': 'FRONT'}}]
2026-03-23 09:42:54,537 - DEBUG - CaseID: 372 - actual_results: [{'name': 'device_control', 'args': {'action': 'turnon', 'entity': 'SUNSHADE', 'position': 'FRONT'}}]
2026-03-23 09:42:54,537 - DEBUG - CaseID: 372 - expected_keys: {('device_control', '{"action": "turnon", "entity": "SUNSHADE", "position": "FRONT"}')}
2026-03-23 09:42:54,537 - DEBUG - CaseID: 372 - actual_keys: {('device_control', '{"action": "turnon", "entity": "SUNSHADE", "position": "FRONT"}')}
2026-03-23 09:42:54,537 - DEBUG - CaseID: 373 - parse_multi_results输入 - name_str: 'device_control', args_str: '{"action":"turnon", "entity":"SUNSHADE","position":"FRONT"}'
2026-03-23 09:42:54,537 - DEBUG - CaseID: 373 - parse_multi_results输出: [{'name': 'device_control', 'args': {'action': 'turnon', 'entity': 'SUNSHADE', 'position': 'FRONT'}}]
2026-03-23 09:42:54,537 - DEBUG - CaseID: 373 - parse_multi_results输入 - name_str: 'device_control', args_str: '{"action":"turnon","position":"FRONT","entity":"SUNSHADE"}'
2026-03-23 09:42:54,537 - DEBUG - CaseID: 373 - parse_multi_results输出: [{'name': 'device_control', 'args': {'action': 'turnon', 'entity': 'SUNSHADE', 'position': 'FRONT'}}]
2026-03-23 09:42:54,537 - DEBUG - CaseID: 373 - expected_results: [{'name': 'device_control', 'args': {'action': 'turnon', 'entity': 'SUNSHADE', 'position': 'FRONT'}}]
2026-03-23 09:42:54,537 - DEBUG - CaseID: 373 - actual_results: [{'name': 'device_control', 'args': {'action': 'turnon', 'entity': 'SUNSHADE', 'position': 'FRONT'}}]
2026-03-23 09:42:54,537 - DEBUG - CaseID: 373 - expected_keys: {('device_control', '{"action": "turnon", "entity": "SUNSHADE", "position": "FRONT"}')}
2026-03-23 09:42:54,537 - DEBUG - CaseID: 373 - actual_keys: {('device_control', '{"action": "turnon", "entity": "SUNSHADE", "position": "FRONT"}')}
2026-03-23 09:42:54,537 - DEBUG - CaseID: 374 - parse_multi_results输入 - name_str: 'device_control', args_str: '{"action":"turnon", "entity":"SUNSHADE","position":"FRONT"}'
2026-03-23 09:42:54,537 - DEBUG - CaseID: 374 - parse_multi_results输出: [{'name': 'device_control', 'args': {'action': 'turnon', 'entity': 'SUNSHADE', 'position': 'FRONT'}}]
2026-03-23 09:42:54,538 - DEBUG - CaseID: 374 - parse_multi_results输入 - name_str: 'device_control', args_str: '{"action":"turnon","position":"FRONT","entity":"SUNSHADE"}'
2026-03-23 09:42:54,538 - DEBUG - CaseID: 374 - parse_multi_results输出: [{'name': 'device_control', 'args': {'action': 'turnon', 'entity': 'SUNSHADE', 'position': 'FRONT'}}]
2026-03-23 09:42:54,538 - DEBUG - CaseID: 374 - expected_results: [{'name': 'device_control', 'args': {'action': 'turnon', 'entity': 'SUNSHADE', 'position': 'FRONT'}}]
2026-03-23 09:42:54,538 - DEBUG - CaseID: 374 - actual_results: [{'name': 'device_control', 'args': {'action': 'turnon', 'entity': 'SUNSHADE', 'position': 'FRONT'}}]
2026-03-23 09:42:54,538 - DEBUG - CaseID: 374 - expected_keys: {('device_control', '{"action": "turnon", "entity": "SUNSHADE", "position": "FRONT"}')}
2026-03-23 09:42:54,538 - DEBUG - CaseID: 374 - actual_keys: {('device_control', '{"action": "turnon", "entity": "SUNSHADE", "position": "FRONT"}')}
2026-03-23 09:42:54,538 - DEBUG - CaseID: 375 - parse_multi_results输入 - name_str: 'device_control', args_str: '{"action":"turnon", "entity":"SUNSHADE","position":"FRONT"}'
2026-03-23 09:42:54,538 - DEBUG - CaseID: 375 - parse_multi_results输出: [{'name': 'device_control', 'args': {'action': 'turnon', 'entity': 'SUNSHADE', 'position': 'FRONT'}}]
2026-03-23 09:42:54,538 - DEBUG - CaseID: 375 - parse_multi_results输入 - name_str: 'device_control', args_str: '{"action":"turnon","position":"FRONT","entity":"SUNSHADE"}'
2026-03-23 09:42:54,538 - DEBUG - CaseID: 375 - parse_multi_results输出: [{'name': 'device_control', 'args': {'action': 'turnon', 'entity': 'SUNSHADE', 'position': 'FRONT'}}]
2026-03-23 09:42:54,538 - DEBUG - CaseID: 375 - expected_results: [{'name': 'device_control', 'args': {'action': 'turnon', 'entity': 'SUNSHADE', 'position': 'FRONT'}}]
2026-03-23 09:42:54,538 - DEBUG - CaseID: 375 - actual_results: [{'name': 'device_control', 'args': {'action': 'turnon', 'entity': 'SUNSHADE', 'position': 'FRONT'}}]
2026-03-23 09:42:54,538 - DEBUG - CaseID: 375 - expected_keys: {('device_control', '{"action": "turnon", "entity": "SUNSHADE", "position": "FRONT"}')}
2026-03-23 09:42:54,538 - DEBUG - CaseID: 375 - actual_keys: {('device_control', '{"action": "turnon", "entity": "SUNSHADE", "position": "FRONT"}')}
2026-03-23 09:42:54,538 - DEBUG - CaseID: 376 - parse_multi_results输入 - name_str: 'device_control', args_str: '{"action":"turnon", "entity":"SUNSHADE","position":"FRONT"}'
2026-03-23 09:42:54,538 - DEBUG - CaseID: 376 - parse_multi_results输出: [{'name': 'device_control', 'args': {'action': 'turnon', 'entity': 'SUNSHADE', 'position': 'FRONT'}}]
2026-03-23 09:42:54,538 - DEBUG - CaseID: 376 - parse_multi_results输入 - name_str: 'device_control', args_str: '{"action":"turnon","position":"FRONT","entity":"SUNSHADE"}'
2026-03-23 09:42:54,538 - DEBUG - CaseID: 376 - parse_multi_results输出: [{'name': 'device_control', 'args': {'action': 'turnon', 'entity': 'SUNSHADE', 'position': 'FRONT'}}]
2026-03-23 09:42:54,538 - DEBUG - CaseID: 376 - expected_results: [{'name': 'device_control', 'args': {'action': 'turnon', 'entity': 'SUNSHADE', 'position': 'FRONT'}}]
2026-03-23 09:42:54,538 - DEBUG - CaseID: 376 - actual_results: [{'name': 'device_control', 'args': {'action': 'turnon', 'entity': 'SUNSHADE', 'position': 'FRONT'}}]
2026-03-23 09:42:54,538 - DEBUG - CaseID: 376 - expected_keys: {('device_control', '{"action": "turnon", "entity": "SUNSHADE", "position": "FRONT"}')}
2026-03-23 09:42:54,538 - DEBUG - CaseID: 376 - actual_keys: {('device_control', '{"action": "turnon", "entity": "SUNSHADE", "position": "FRONT"}')}
2026-03-23 09:42:54,538 - DEBUG - CaseID: 377 - parse_multi_results输入 - name_str: 'device_control', args_str: '{"action":"turnoff", "entity":"SUNSHADE","position":"REAR"}'
2026-03-23 09:42:54,538 - DEBUG - CaseID: 377 - parse_multi_results输出: [{'name': 'device_control', 'args': {'action': 'turnoff', 'entity': 'SUNSHADE', 'position': 'REAR'}}]
2026-03-23 09:42:54,538 - DEBUG - CaseID: 377 - parse_multi_results输入 - name_str: 'device_control', args_str: '{"action":"turnoff","position":"REAR","entity":"SUNSHADE"}'
2026-03-23 09:42:54,538 - DEBUG - CaseID: 377 - parse_multi_results输出: [{'name': 'device_control', 'args': {'action': 'turnoff', 'entity': 'SUNSHADE', 'position': 'REAR'}}]
2026-03-23 09:42:54,538 - DEBUG - CaseID: 377 - expected_results: [{'name': 'device_control', 'args': {'action': 'turnoff', 'entity': 'SUNSHADE', 'position': 'REAR'}}]
2026-03-23 09:42:54,538 - DEBUG - CaseID: 377 - actual_results: [{'name': 'device_control', 'args': {'action': 'turnoff', 'entity': 'SUNSHADE', 'position': 'REAR'}}]
2026-03-23 09:42:54,538 - DEBUG - CaseID: 377 - expected_keys: {('device_control', '{"action": "turnoff", "entity": "SUNSHADE", "position": "REAR"}')}
2026-03-23 09:42:54,538 - DEBUG - CaseID: 377 - actual_keys: {('device_control', '{"action": "turnoff", "entity": "SUNSHADE", "position": "REAR"}')}
2026-03-23 09:42:54,538 - DEBUG - CaseID: 378 - parse_multi_results输入 - name_str: 'device_control', args_str: '{"action":"turnoff", "entity":"SUNSHADE","position":"REAR"}'
2026-03-23 09:42:54,538 - DEBUG - CaseID: 378 - parse_multi_results输出: [{'name': 'device_control', 'args': {'action': 'turnoff', 'entity': 'SUNSHADE', 'position': 'REAR'}}]
2026-03-23 09:42:54,538 - DEBUG - CaseID: 378 - parse_multi_results输入 - name_str: 'device_control', args_str: '{"action":"turnoff","position":"REAR","entity":"SUNSHADE"}'
2026-03-23 09:42:54,538 - DEBUG - CaseID: 378 - parse_multi_results输出: [{'name': 'device_control', 'args': {'action': 'turnoff', 'entity': 'SUNSHADE', 'position': 'REAR'}}]
2026-03-23 09:42:54,538 - DEBUG - CaseID: 378 - expected_results: [{'name': 'device_control', 'args': {'action': 'turnoff', 'entity': 'SUNSHADE', 'position': 'REAR'}}]
2026-03-23 09:42:54,538 - DEBUG - CaseID: 378 - actual_results: [{'name': 'device_control', 'args': {'action': 'turnoff', 'entity': 'SUNSHADE', 'position': 'REAR'}}]
2026-03-23 09:42:54,538 - DEBUG - CaseID: 378 - expected_keys: {('device_control', '{"action": "turnoff", "entity": "SUNSHADE", "position": "REAR"}')}
2026-03-23 09:42:54,539 - DEBUG - CaseID: 378 - actual_keys: {('device_control', '{"action": "turnoff", "entity": "SUNSHADE", "position": "REAR"}')}
2026-03-23 09:42:54,539 - DEBUG - CaseID: 379 - parse_multi_results输入 - name_str: 'device_control', args_str: '{"action":"turnoff", "entity":"SUNSHADE","position":"REAR"}'
2026-03-23 09:42:54,539 - DEBUG - CaseID: 379 - parse_multi_results输出: [{'name': 'device_control', 'args': {'action': 'turnoff', 'entity': 'SUNSHADE', 'position': 'REAR'}}]
2026-03-23 09:42:54,539 - DEBUG - CaseID: 379 - parse_multi_results输入 - name_str: 'device_control', args_str: '{"action":"turnoff","position":"REAR","entity":"SUNSHADE"}'
2026-03-23 09:42:54,539 - DEBUG - CaseID: 379 - parse_multi_results输出: [{'name': 'device_control', 'args': {'action': 'turnoff', 'entity': 'SUNSHADE', 'position': 'REAR'}}]
2026-03-23 09:42:54,539 - DEBUG - CaseID: 379 - expected_results: [{'name': 'device_control', 'args': {'action': 'turnoff', 'entity': 'SUNSHADE', 'position': 'REAR'}}]
2026-03-23 09:42:54,539 - DEBUG - CaseID: 379 - actual_results: [{'name': 'device_control', 'args': {'action': 'turnoff', 'entity': 'SUNSHADE', 'position': 'REAR'}}]
2026-03-23 09:42:54,539 - DEBUG - CaseID: 379 - expected_keys: {('device_control', '{"action": "turnoff", "entity": "SUNSHADE", "position": "REAR"}')}
2026-03-23 09:42:54,539 - DEBUG - CaseID: 379 - actual_keys: {('device_control', '{"action": "turnoff", "entity": "SUNSHADE", "position": "REAR"}')}
2026-03-23 09:42:54,539 - DEBUG - CaseID: 380 - parse_multi_results输入 - name_str: 'device_control', args_str: '{"action":"turnoff", "entity":"SUNSHADE","position":"REAR"}'
2026-03-23 09:42:54,539 - DEBUG - CaseID: 380 - parse_multi_results输出: [{'name': 'device_control', 'args': {'action': 'turnoff', 'entity': 'SUNSHADE', 'position': 'REAR'}}]
2026-03-23 09:42:54,539 - DEBUG - CaseID: 380 - parse_multi_results输入 - name_str: 'device_control', args_str: '{"action":"turnoff","position":"REAR","entity":"SUNSHADE"}'
2026-03-23 09:42:54,539 - DEBUG - CaseID: 380 - parse_multi_results输出: [{'name': 'device_control', 'args': {'action': 'turnoff', 'entity': 'SUNSHADE', 'position': 'REAR'}}]
2026-03-23 09:42:54,539 - DEBUG - CaseID: 380 - expected_results: [{'name': 'device_control', 'args': {'action': 'turnoff', 'entity': 'SUNSHADE', 'position': 'REAR'}}]
2026-03-23 09:42:54,539 - DEBUG - CaseID: 380 - actual_results: [{'name': 'device_control', 'args': {'action': 'turnoff', 'entity': 'SUNSHADE', 'position': 'REAR'}}]
2026-03-23 09:42:54,539 - DEBUG - CaseID: 380 - expected_keys: {('device_control', '{"action": "turnoff", "entity": "SUNSHADE", "position": "REAR"}')}
2026-03-23 09:42:54,539 - DEBUG - CaseID: 380 - actual_keys: {('device_control', '{"action": "turnoff", "entity": "SUNSHADE", "position": "REAR"}')}
2026-03-23 09:42:54,539 - DEBUG - CaseID: 381 - parse_multi_results输入 - name_str: 'device_control', args_str: '{"action":"turnoff", "entity":"SUNSHADE","position":"REAR"}'
2026-03-23 09:42:54,539 - DEBUG - CaseID: 381 - parse_multi_results输出: [{'name': 'device_control', 'args': {'action': 'turnoff', 'entity': 'SUNSHADE', 'position': 'REAR'}}]
2026-03-23 09:42:54,539 - DEBUG - CaseID: 381 - parse_multi_results输入 - name_str: 'device_control', args_str: '{"action":"turnoff","position":"REAR","entity":"SUNSHADE"}'
2026-03-23 09:42:54,539 - DEBUG - CaseID: 381 - parse_multi_results输出: [{'name': 'device_control', 'args': {'action': 'turnoff', 'entity': 'SUNSHADE', 'position': 'REAR'}}]
2026-03-23 09:42:54,539 - DEBUG - CaseID: 381 - expected_results: [{'name': 'device_control', 'args': {'action': 'turnoff', 'entity': 'SUNSHADE', 'position': 'REAR'}}]
2026-03-23 09:42:54,539 - DEBUG - CaseID: 381 - actual_results: [{'name': 'device_control', 'args': {'action': 'turnoff', 'entity': 'SUNSHADE', 'position': 'REAR'}}]
2026-03-23 09:42:54,539 - DEBUG - CaseID: 381 - expected_keys: {('device_control', '{"action": "turnoff", "entity": "SUNSHADE", "position": "REAR"}')}
2026-03-23 09:42:54,539 - DEBUG - CaseID: 381 - actual_keys: {('device_control', '{"action": "turnoff", "entity": "SUNSHADE", "position": "REAR"}')}
2026-03-23 09:42:54,539 - DEBUG - CaseID: 382 - parse_multi_results输入 - name_str: 'device_control', args_str: '{"action":"turnoff", "entity":"SUNSHADE","position":"REAR"}'
2026-03-23 09:42:54,539 - DEBUG - CaseID: 382 - parse_multi_results输出: [{'name': 'device_control', 'args': {'action': 'turnoff', 'entity': 'SUNSHADE', 'position': 'REAR'}}]
2026-03-23 09:42:54,539 - DEBUG - CaseID: 382 - parse_multi_results输入 - name_str: 'device_control', args_str: '{"action":"turnoff","position":"REAR","entity":"SUNSHADE"}'
2026-03-23 09:42:54,539 - DEBUG - CaseID: 382 - parse_multi_results输出: [{'name': 'device_control', 'args': {'action': 'turnoff', 'entity': 'SUNSHADE', 'position': 'REAR'}}]
2026-03-23 09:42:54,539 - DEBUG - CaseID: 382 - expected_results: [{'name': 'device_control', 'args': {'action': 'turnoff', 'entity': 'SUNSHADE', 'position': 'REAR'}}]
2026-03-23 09:42:54,539 - DEBUG - CaseID: 382 - actual_results: [{'name': 'device_control', 'args': {'action': 'turnoff', 'entity': 'SUNSHADE', 'position': 'REAR'}}]
2026-03-23 09:42:54,539 - DEBUG - CaseID: 382 - expected_keys: {('device_control', '{"action": "turnoff", "entity": "SUNSHADE", "position": "REAR"}')}
2026-03-23 09:42:54,539 - DEBUG - CaseID: 382 - actual_keys: {('device_control', '{"action": "turnoff", "entity": "SUNSHADE", "position": "REAR"}')}
2026-03-23 09:42:54,539 - DEBUG - CaseID: 383 - parse_multi_results输入 - name_str: 'device_control', args_str: '{"action":"turnoff", "entity":"SUNSHADE","position":"REAR"}'
2026-03-23 09:42:54,540 - DEBUG - CaseID: 383 - parse_multi_results输出: [{'name': 'device_control', 'args': {'action': 'turnoff', 'entity': 'SUNSHADE', 'position': 'REAR'}}]
2026-03-23 09:42:54,540 - DEBUG - CaseID: 383 - parse_multi_results输入 - name_str: 'device_control', args_str: '{"action":"turnoff","position":"REAR","entity":"SUNSHADE"}'
2026-03-23 09:42:54,540 - DEBUG - CaseID: 383 - parse_multi_results输出: [{'name': 'device_control', 'args': {'action': 'turnoff', 'entity': 'SUNSHADE', 'position': 'REAR'}}]
2026-03-23 09:42:54,540 - DEBUG - CaseID: 383 - expected_results: [{'name': 'device_control', 'args': {'action': 'turnoff', 'entity': 'SUNSHADE', 'position': 'REAR'}}]
2026-03-23 09:42:54,540 - DEBUG - CaseID: 383 - actual_results: [{'name': 'device_control', 'args': {'action': 'turnoff', 'entity': 'SUNSHADE', 'position': 'REAR'}}]
2026-03-23 09:42:54,540 - DEBUG - CaseID: 383 - expected_keys: {('device_control', '{"action": "turnoff", "entity": "SUNSHADE", "position": "REAR"}')}
2026-03-23 09:42:54,540 - DEBUG - CaseID: 383 - actual_keys: {('device_control', '{"action": "turnoff", "entity": "SUNSHADE", "position": "REAR"}')}
2026-03-23 09:42:54,540 - DEBUG - CaseID: 384 - parse_multi_results输入 - name_str: 'device_control', args_str: '{"action":"turnoff", "entity":"SUNSHADE","position":"REAR"}'
2026-03-23 09:42:54,540 - DEBUG - CaseID: 384 - parse_multi_results输出: [{'name': 'device_control', 'args': {'action': 'turnoff', 'entity': 'SUNSHADE', 'position': 'REAR'}}]
2026-03-23 09:42:54,540 - DEBUG - CaseID: 384 - parse_multi_results输入 - name_str: 'device_control', args_str: '{"action":"turnoff","position":"REAR","entity":"SUNSHADE"}'
2026-03-23 09:42:54,540 - DEBUG - CaseID: 384 - parse_multi_results输出: [{'name': 'device_control', 'args': {'action': 'turnoff', 'entity': 'SUNSHADE', 'position': 'REAR'}}]
2026-03-23 09:42:54,540 - DEBUG - CaseID: 384 - expected_results: [{'name': 'device_control', 'args': {'action': 'turnoff', 'entity': 'SUNSHADE', 'position': 'REAR'}}]
2026-03-23 09:42:54,540 - DEBUG - CaseID: 384 - actual_results: [{'name': 'device_control', 'args': {'action': 'turnoff', 'entity': 'SUNSHADE', 'position': 'REAR'}}]
2026-03-23 09:42:54,540 - DEBUG - CaseID: 384 - expected_keys: {('device_control', '{"action": "turnoff", "entity": "SUNSHADE", "position": "REAR"}')}
2026-03-23 09:42:54,540 - DEBUG - CaseID: 384 - actual_keys: {('device_control', '{"action": "turnoff", "entity": "SUNSHADE", "position": "REAR"}')}
2026-03-23 09:42:54,540 - DEBUG - CaseID: 385 - parse_multi_results输入 - name_str: 'device_control', args_str: '{"action":"turnoff", "entity":"SUNSHADE","position":"REAR"}'
2026-03-23 09:42:54,540 - DEBUG - CaseID: 385 - parse_multi_results输出: [{'name': 'device_control', 'args': {'action': 'turnoff', 'entity': 'SUNSHADE', 'position': 'REAR'}}]
2026-03-23 09:42:54,540 - DEBUG - CaseID: 385 - parse_multi_results输入 - name_str: 'device_control', args_str: '{"action":"turnoff","position":"REAR","entity":"SUNSHADE"}'
2026-03-23 09:42:54,540 - DEBUG - CaseID: 385 - parse_multi_results输出: [{'name': 'device_control', 'args': {'action': 'turnoff', 'entity': 'SUNSHADE', 'position': 'REAR'}}]
2026-03-23 09:42:54,540 - DEBUG - CaseID: 385 - expected_results: [{'name': 'device_control', 'args': {'action': 'turnoff', 'entity': 'SUNSHADE', 'position': 'REAR'}}]
2026-03-23 09:42:54,540 - DEBUG - CaseID: 385 - actual_results: [{'name': 'device_control', 'args': {'action': 'turnoff', 'entity': 'SUNSHADE', 'position': 'REAR'}}]
2026-03-23 09:42:54,540 - DEBUG - CaseID: 385 - expected_keys: {('device_control', '{"action": "turnoff", "entity": "SUNSHADE", "position": "REAR"}')}
2026-03-23 09:42:54,540 - DEBUG - CaseID: 385 - actual_keys: {('device_control', '{"action": "turnoff", "entity": "SUNSHADE", "position": "REAR"}')}
2026-03-23 09:42:54,540 - DEBUG - CaseID: 386 - parse_multi_results输入 - name_str: 'device_control', args_str: '{"action":"turnoff", "entity":"SUNSHADE","position":"REAR"}'
2026-03-23 09:42:54,540 - DEBUG - CaseID: 386 - parse_multi_results输出: [{'name': 'device_control', 'args': {'action': 'turnoff', 'entity': 'SUNSHADE', 'position': 'REAR'}}]
2026-03-23 09:42:54,540 - DEBUG - CaseID: 386 - parse_multi_results输入 - name_str: 'device_control', args_str: '{"action":"turnoff","position":"REAR","entity":"SUNSHADE"}'
2026-03-23 09:42:54,540 - DEBUG - CaseID: 386 - parse_multi_results输出: [{'name': 'device_control', 'args': {'action': 'turnoff', 'entity': 'SUNSHADE', 'position': 'REAR'}}]
2026-03-23 09:42:54,540 - DEBUG - CaseID: 386 - expected_results: [{'name': 'device_control', 'args': {'action': 'turnoff', 'entity': 'SUNSHADE', 'position': 'REAR'}}]
2026-03-23 09:42:54,540 - DEBUG - CaseID: 386 - actual_results: [{'name': 'device_control', 'args': {'action': 'turnoff', 'entity': 'SUNSHADE', 'position': 'REAR'}}]
2026-03-23 09:42:54,540 - DEBUG - CaseID: 386 - expected_keys: {('device_control', '{"action": "turnoff", "entity": "SUNSHADE", "position": "REAR"}')}
2026-03-23 09:42:54,540 - DEBUG - CaseID: 386 - actual_keys: {('device_control', '{"action": "turnoff", "entity": "SUNSHADE", "position": "REAR"}')}
2026-03-23 09:42:54,540 - DEBUG - CaseID: 387 - parse_multi_results输入 - name_str: 'device_control', args_str: '{"action":"turnon", "entity":"SUNSHADE","position":"REAR"}'
2026-03-23 09:42:54,540 - DEBUG - CaseID: 387 - parse_multi_results输出: [{'name': 'device_control', 'args': {'action': 'turnon', 'entity': 'SUNSHADE', 'position': 'REAR'}}]
2026-03-23 09:42:54,541 - DEBUG - CaseID: 387 - parse_multi_results输入 - name_str: 'device_control', args_str: '{"action":"turnon","position":"REAR","entity":"SUNSHADE"}'
2026-03-23 09:42:54,541 - DEBUG - CaseID: 387 - parse_multi_results输出: [{'name': 'device_control', 'args': {'action': 'turnon', 'entity': 'SUNSHADE', 'position': 'REAR'}}]
2026-03-23 09:42:54,541 - DEBUG - CaseID: 387 - expected_results: [{'name': 'device_control', 'args': {'action': 'turnon', 'entity': 'SUNSHADE', 'position': 'REAR'}}]
2026-03-23 09:42:54,541 - DEBUG - CaseID: 387 - actual_results: [{'name': 'device_control', 'args': {'action': 'turnon', 'entity': 'SUNSHADE', 'position': 'REAR'}}]
2026-03-23 09:42:54,541 - DEBUG - CaseID: 387 - expected_keys: {('device_control', '{"action": "turnon", "entity": "SUNSHADE", "position": "REAR"}')}
2026-03-23 09:42:54,541 - DEBUG - CaseID: 387 - actual_keys: {('device_control', '{"action": "turnon", "entity": "SUNSHADE", "position": "REAR"}')}
2026-03-23 09:42:54,541 - DEBUG - CaseID: 388 - parse_multi_results输入 - name_str: 'device_control', args_str: '{"action":"turnon", "entity":"SUNSHADE","position":"REAR"}'
2026-03-23 09:42:54,541 - DEBUG - CaseID: 388 - parse_multi_results输出: [{'name': 'device_control', 'args': {'action': 'turnon', 'entity': 'SUNSHADE', 'position': 'REAR'}}]
2026-03-23 09:42:54,541 - DEBUG - CaseID: 388 - parse_multi_results输入 - name_str: 'device_control', args_str: '{"action":"turnon","position":"REAR","entity":"SUNSHADE"}'
2026-03-23 09:42:54,541 - DEBUG - CaseID: 388 - parse_multi_results输出: [{'name': 'device_control', 'args': {'action': 'turnon', 'entity': 'SUNSHADE', 'position': 'REAR'}}]
2026-03-23 09:42:54,541 - DEBUG - CaseID: 388 - expected_results: [{'name': 'device_control', 'args': {'action': 'turnon', 'entity': 'SUNSHADE', 'position': 'REAR'}}]
2026-03-23 09:42:54,541 - DEBUG - CaseID: 388 - actual_results: [{'name': 'device_control', 'args': {'action': 'turnon', 'entity': 'SUNSHADE', 'position': 'REAR'}}]
2026-03-23 09:42:54,541 - DEBUG - CaseID: 388 - expected_keys: {('device_control', '{"action": "turnon", "entity": "SUNSHADE", "position": "REAR"}')}
2026-03-23 09:42:54,541 - DEBUG - CaseID: 388 - actual_keys: {('device_control', '{"action": "turnon", "entity": "SUNSHADE", "position": "REAR"}')}
2026-03-23 09:42:54,541 - DEBUG - CaseID: 389 - parse_multi_results输入 - name_str: 'device_control', args_str: '{"action":"turnon", "entity":"SUNSHADE","position":"REAR"}'
2026-03-23 09:42:54,541 - DEBUG - CaseID: 389 - parse_multi_results输出: [{'name': 'device_control', 'args': {'action': 'turnon', 'entity': 'SUNSHADE', 'position': 'REAR'}}]
2026-03-23 09:42:54,541 - DEBUG - CaseID: 389 - parse_multi_results输入 - name_str: 'device_control', args_str: '{"action":"turnon","position":"REAR","entity":"SUNSHADE"}'
2026-03-23 09:42:54,541 - DEBUG - CaseID: 389 - parse_multi_results输出: [{'name': 'device_control', 'args': {'action': 'turnon', 'entity': 'SUNSHADE', 'position': 'REAR'}}]
2026-03-23 09:42:54,541 - DEBUG - CaseID: 389 - expected_results: [{'name': 'device_control', 'args': {'action': 'turnon', 'entity': 'SUNSHADE', 'position': 'REAR'}}]
2026-03-23 09:42:54,541 - DEBUG - CaseID: 389 - actual_results: [{'name': 'device_control', 'args': {'action': 'turnon', 'entity': 'SUNSHADE', 'position': 'REAR'}}]
2026-03-23 09:42:54,541 - DEBUG - CaseID: 389 - expected_keys: {('device_control', '{"action": "turnon", "entity": "SUNSHADE", "position": "REAR"}')}
2026-03-23 09:42:54,541 - DEBUG - CaseID: 389 - actual_keys: {('device_control', '{"action": "turnon", "entity": "SUNSHADE", "position": "REAR"}')}
2026-03-23 09:42:54,541 - DEBUG - CaseID: 390 - parse_multi_results输入 - name_str: 'device_control', args_str: '{"action":"turnon", "entity":"SUNSHADE","position":"REAR"}'
2026-03-23 09:42:54,541 - DEBUG - CaseID: 390 - parse_multi_results输出: [{'name': 'device_control', 'args': {'action': 'turnon', 'entity': 'SUNSHADE', 'position': 'REAR'}}]
2026-03-23 09:42:54,541 - DEBUG - CaseID: 390 - parse_multi_results输入 - name_str: 'device_control', args_str: '{"action":"turnon","position":"REAR","entity":"SUNSHADE"}'
2026-03-23 09:42:54,541 - DEBUG - CaseID: 390 - parse_multi_results输出: [{'name': 'device_control', 'args': {'action': 'turnon', 'entity': 'SUNSHADE', 'position': 'REAR'}}]
2026-03-23 09:42:54,541 - DEBUG - CaseID: 390 - expected_results: [{'name': 'device_control', 'args': {'action': 'turnon', 'entity': 'SUNSHADE', 'position': 'REAR'}}]
2026-03-23 09:42:54,541 - DEBUG - CaseID: 390 - actual_results: [{'name': 'device_control', 'args': {'action': 'turnon', 'entity': 'SUNSHADE', 'position': 'REAR'}}]
2026-03-23 09:42:54,541 - DEBUG - CaseID: 390 - expected_keys: {('device_control', '{"action": "turnon", "entity": "SUNSHADE", "position": "REAR"}')}
2026-03-23 09:42:54,541 - DEBUG - CaseID: 390 - actual_keys: {('device_control', '{"action": "turnon", "entity": "SUNSHADE", "position": "REAR"}')}
2026-03-23 09:42:54,541 - DEBUG - CaseID: 391 - parse_multi_results输入 - name_str: 'device_control', args_str: '{"action":"turnon", "entity":"SUNSHADE","position":"REAR"}'
2026-03-23 09:42:54,541 - DEBUG - CaseID: 391 - parse_multi_results输出: [{'name': 'device_control', 'args': {'action': 'turnon', 'entity': 'SUNSHADE', 'position': 'REAR'}}]
2026-03-23 09:42:54,541 - DEBUG - CaseID: 391 - parse_multi_results输入 - name_str: 'device_control', args_str: '{"action":"turnon","position":"REAR","entity":"SUNSHADE"}'
2026-03-23 09:42:54,542 - DEBUG - CaseID: 391 - parse_multi_results输出: [{'name': 'device_control', 'args': {'action': 'turnon', 'entity': 'SUNSHADE', 'position': 'REAR'}}]
2026-03-23 09:42:54,542 - DEBUG - CaseID: 391 - expected_results: [{'name': 'device_control', 'args': {'action': 'turnon', 'entity': 'SUNSHADE', 'position': 'REAR'}}]
2026-03-23 09:42:54,542 - DEBUG - CaseID: 391 - actual_results: [{'name': 'device_control', 'args': {'action': 'turnon', 'entity': 'SUNSHADE', 'position': 'REAR'}}]
2026-03-23 09:42:54,542 - DEBUG - CaseID: 391 - expected_keys: {('device_control', '{"action": "turnon", "entity": "SUNSHADE", "position": "REAR"}')}
2026-03-23 09:42:54,542 - DEBUG - CaseID: 391 - actual_keys: {('device_control', '{"action": "turnon", "entity": "SUNSHADE", "position": "REAR"}')}
2026-03-23 09:42:54,542 - DEBUG - CaseID: 392 - parse_multi_results输入 - name_str: 'device_control', args_str: '{"action":"turnon", "entity":"SUNSHADE","position":"REAR"}'
2026-03-23 09:42:54,542 - DEBUG - CaseID: 392 - parse_multi_results输出: [{'name': 'device_control', 'args': {'action': 'turnon', 'entity': 'SUNSHADE', 'position': 'REAR'}}]
2026-03-23 09:42:54,542 - DEBUG - CaseID: 392 - parse_multi_results输入 - name_str: 'device_control', args_str: '{"action":"turnon","position":"REAR","entity":"SUNSHADE"}'
2026-03-23 09:42:54,542 - DEBUG - CaseID: 392 - parse_multi_results输出: [{'name': 'device_control', 'args': {'action': 'turnon', 'entity': 'SUNSHADE', 'position': 'REAR'}}]
2026-03-23 09:42:54,542 - DEBUG - CaseID: 392 - expected_results: [{'name': 'device_control', 'args': {'action': 'turnon', 'entity': 'SUNSHADE', 'position': 'REAR'}}]
2026-03-23 09:42:54,542 - DEBUG - CaseID: 392 - actual_results: [{'name': 'device_control', 'args': {'action': 'turnon', 'entity': 'SUNSHADE', 'position': 'REAR'}}]
2026-03-23 09:42:54,542 - DEBUG - CaseID: 392 - expected_keys: {('device_control', '{"action": "turnon", "entity": "SUNSHADE", "position": "REAR"}')}
2026-03-23 09:42:54,542 - DEBUG - CaseID: 392 - actual_keys: {('device_control', '{"action": "turnon", "entity": "SUNSHADE", "position": "REAR"}')}
2026-03-23 09:42:54,542 - DEBUG - CaseID: 393 - parse_multi_results输入 - name_str: 'device_control', args_str: '{"action":"turnon", "entity":"SUNSHADE","position":"REAR"}'
2026-03-23 09:42:54,542 - DEBUG - CaseID: 393 - parse_multi_results输出: [{'name': 'device_control', 'args': {'action': 'turnon', 'entity': 'SUNSHADE', 'position': 'REAR'}}]
2026-03-23 09:42:54,542 - DEBUG - CaseID: 393 - parse_multi_results输入 - name_str: 'device_control', args_str: '{"action":"turnon","position":"REAR","entity":"SUNSHADE"}'
2026-03-23 09:42:54,542 - DEBUG - CaseID: 393 - parse_multi_results输出: [{'name': 'device_control', 'args': {'action': 'turnon', 'entity': 'SUNSHADE', 'position': 'REAR'}}]
2026-03-23 09:42:54,542 - DEBUG - CaseID: 393 - expected_results: [{'name': 'device_control', 'args': {'action': 'turnon', 'entity': 'SUNSHADE', 'position': 'REAR'}}]
2026-03-23 09:42:54,542 - DEBUG - CaseID: 393 - actual_results: [{'name': 'device_control', 'args': {'action': 'turnon', 'entity': 'SUNSHADE', 'position': 'REAR'}}]
2026-03-23 09:42:54,542 - DEBUG - CaseID: 393 - expected_keys: {('device_control', '{"action": "turnon", "entity": "SUNSHADE", "position": "REAR"}')}
2026-03-23 09:42:54,542 - DEBUG - CaseID: 393 - actual_keys: {('device_control', '{"action": "turnon", "entity": "SUNSHADE", "position": "REAR"}')}
2026-03-23 09:42:54,542 - DEBUG - CaseID: 394 - parse_multi_results输入 - name_str: 'device_control', args_str: '{"action":"turnon", "entity":"SUNSHADE","position":"REAR"}'
2026-03-23 09:42:54,542 - DEBUG - CaseID: 394 - parse_multi_results输出: [{'name': 'device_control', 'args': {'action': 'turnon', 'entity': 'SUNSHADE', 'position': 'REAR'}}]
2026-03-23 09:42:54,542 - DEBUG - CaseID: 394 - parse_multi_results输入 - name_str: 'device_control', args_str: '{"action":"turnon","position":"REAR","entity":"SUNSHADE"}'
2026-03-23 09:42:54,542 - DEBUG - CaseID: 394 - parse_multi_results输出: [{'name': 'device_control', 'args': {'action': 'turnon', 'entity': 'SUNSHADE', 'position': 'REAR'}}]
2026-03-23 09:42:54,542 - DEBUG - CaseID: 394 - expected_results: [{'name': 'device_control', 'args': {'action': 'turnon', 'entity': 'SUNSHADE', 'position': 'REAR'}}]
2026-03-23 09:42:54,542 - DEBUG - CaseID: 394 - actual_results: [{'name': 'device_control', 'args': {'action': 'turnon', 'entity': 'SUNSHADE', 'position': 'REAR'}}]
2026-03-23 09:42:54,542 - DEBUG - CaseID: 394 - expected_keys: {('device_control', '{"action": "turnon", "entity": "SUNSHADE", "position": "REAR"}')}
2026-03-23 09:42:54,542 - DEBUG - CaseID: 394 - actual_keys: {('device_control', '{"action": "turnon", "entity": "SUNSHADE", "position": "REAR"}')}
2026-03-23 09:42:54,542 - DEBUG - CaseID: 395 - parse_multi_results输入 - name_str: 'device_control', args_str: '{"action":"turnon", "entity":"SUNSHADE","position":"REAR"}'
2026-03-23 09:42:54,542 - DEBUG - CaseID: 395 - parse_multi_results输出: [{'name': 'device_control', 'args': {'action': 'turnon', 'entity': 'SUNSHADE', 'position': 'REAR'}}]
2026-03-23 09:42:54,542 - DEBUG - CaseID: 395 - parse_multi_results输入 - name_str: 'device_control', args_str: '{"action":"turnon","position":"REAR","entity":"SUNSHADE"}'
2026-03-23 09:42:54,542 - DEBUG - CaseID: 395 - parse_multi_results输出: [{'name': 'device_control', 'args': {'action': 'turnon', 'entity': 'SUNSHADE', 'position': 'REAR'}}]
2026-03-23 09:42:54,542 - DEBUG - CaseID: 395 - expected_results: [{'name': 'device_control', 'args': {'action': 'turnon', 'entity': 'SUNSHADE', 'position': 'REAR'}}]
2026-03-23 09:42:54,542 - DEBUG - CaseID: 395 - actual_results: [{'name': 'device_control', 'args': {'action': 'turnon', 'entity': 'SUNSHADE', 'position': 'REAR'}}]
2026-03-23 09:42:54,543 - DEBUG - CaseID: 395 - expected_keys: {('device_control', '{"action": "turnon", "entity": "SUNSHADE", "position": "REAR"}')}
2026-03-23 09:42:54,543 - DEBUG - CaseID: 395 - actual_keys: {('device_control', '{"action": "turnon", "entity": "SUNSHADE", "position": "REAR"}')}
2026-03-23 09:42:54,543 - DEBUG - CaseID: 396 - parse_multi_results输入 - name_str: 'device_control', args_str: '{"action":"turnon", "entity":"SUNSHADE","position":"REAR"}'
2026-03-23 09:42:54,543 - DEBUG - CaseID: 396 - parse_multi_results输出: [{'name': 'device_control', 'args': {'action': 'turnon', 'entity': 'SUNSHADE', 'position': 'REAR'}}]
2026-03-23 09:42:54,543 - DEBUG - CaseID: 396 - parse_multi_results输入 - name_str: 'device_control', args_str: '{"action":"turnon","position":"REAR","entity":"SUNSHADE"}'
2026-03-23 09:42:54,543 - DEBUG - CaseID: 396 - parse_multi_results输出: [{'name': 'device_control', 'args': {'action': 'turnon', 'entity': 'SUNSHADE', 'position': 'REAR'}}]
2026-03-23 09:42:54,543 - DEBUG - CaseID: 396 - expected_results: [{'name': 'device_control', 'args': {'action': 'turnon', 'entity': 'SUNSHADE', 'position': 'REAR'}}]
2026-03-23 09:42:54,543 - DEBUG - CaseID: 396 - actual_results: [{'name': 'device_control', 'args': {'action': 'turnon', 'entity': 'SUNSHADE', 'position': 'REAR'}}]
2026-03-23 09:42:54,543 - DEBUG - CaseID: 396 - expected_keys: {('device_control', '{"action": "turnon", "entity": "SUNSHADE", "position": "REAR"}')}
2026-03-23 09:42:54,543 - DEBUG - CaseID: 396 - actual_keys: {('device_control', '{"action": "turnon", "entity": "SUNSHADE", "position": "REAR"}')}
2026-03-23 09:42:54,543 - DEBUG - CaseID: 397 - parse_multi_results输入 - name_str: 'device_control', args_str: '{"action":"turnon","entity":"CAR_DOOR","position":"WHOLE"}'
2026-03-23 09:42:54,543 - DEBUG - CaseID: 397 - parse_multi_results输出: [{'name': 'device_control', 'args': {'action': 'turnon', 'entity': 'CAR_DOOR', 'position': 'WHOLE'}}]
2026-03-23 09:42:54,543 - DEBUG - CaseID: 397 - parse_multi_results输入 - name_str: 'device_control', args_str: '{"action":"turnon","position":"WHOLE","entity":"CAR_DOOR"}'
2026-03-23 09:42:54,543 - DEBUG - CaseID: 397 - parse_multi_results输出: [{'name': 'device_control', 'args': {'action': 'turnon', 'entity': 'CAR_DOOR', 'position': 'WHOLE'}}]
2026-03-23 09:42:54,543 - DEBUG - CaseID: 397 - expected_results: [{'name': 'device_control', 'args': {'action': 'turnon', 'entity': 'CAR_DOOR', 'position': 'WHOLE'}}]
2026-03-23 09:42:54,543 - DEBUG - CaseID: 397 - actual_results: [{'name': 'device_control', 'args': {'action': 'turnon', 'entity': 'CAR_DOOR', 'position': 'WHOLE'}}]
2026-03-23 09:42:54,543 - DEBUG - CaseID: 397 - expected_keys: {('device_control', '{"action": "turnon", "entity": "CAR_DOOR", "position": "WHOLE"}')}
2026-03-23 09:42:54,543 - DEBUG - CaseID: 397 - actual_keys: {('device_control', '{"action": "turnon", "entity": "CAR_DOOR", "position": "WHOLE"}')}
2026-03-23 09:42:54,543 - DEBUG - CaseID: 398 - parse_multi_results输入 - name_str: 'device_control', args_str: '{"action":"turnon","entity":"CAR_DOOR","position":"WHOLE"}'
2026-03-23 09:42:54,543 - DEBUG - CaseID: 398 - parse_multi_results输出: [{'name': 'device_control', 'args': {'action': 'turnon', 'entity': 'CAR_DOOR', 'position': 'WHOLE'}}]
2026-03-23 09:42:54,543 - DEBUG - CaseID: 398 - parse_multi_results输入 - name_str: 'device_control', args_str: '{"action":"turnon","position":"WHOLE","entity":"CAR_DOOR"}'
2026-03-23 09:42:54,543 - DEBUG - CaseID: 398 - parse_multi_results输出: [{'name': 'device_control', 'args': {'action': 'turnon', 'entity': 'CAR_DOOR', 'position': 'WHOLE'}}]
2026-03-23 09:42:54,543 - DEBUG - CaseID: 398 - expected_results: [{'name': 'device_control', 'args': {'action': 'turnon', 'entity': 'CAR_DOOR', 'position': 'WHOLE'}}]
2026-03-23 09:42:54,543 - DEBUG - CaseID: 398 - actual_results: [{'name': 'device_control', 'args': {'action': 'turnon', 'entity': 'CAR_DOOR', 'position': 'WHOLE'}}]
2026-03-23 09:42:54,543 - DEBUG - CaseID: 398 - expected_keys: {('device_control', '{"action": "turnon", "entity": "CAR_DOOR", "position": "WHOLE"}')}
2026-03-23 09:42:54,543 - DEBUG - CaseID: 398 - actual_keys: {('device_control', '{"action": "turnon", "entity": "CAR_DOOR", "position": "WHOLE"}')}
2026-03-23 09:42:54,543 - DEBUG - CaseID: 399 - parse_multi_results输入 - name_str: 'device_control', args_str: '{"action":"turnon","entity":"CAR_DOOR","position":"WHOLE"}'
2026-03-23 09:42:54,543 - DEBUG - CaseID: 399 - parse_multi_results输出: [{'name': 'device_control', 'args': {'action': 'turnon', 'entity': 'CAR_DOOR', 'position': 'WHOLE'}}]
2026-03-23 09:42:54,543 - DEBUG - CaseID: 399 - parse_multi_results输入 - name_str: 'device_control', args_str: '{"action":"turnon","position":"WHOLE","entity":"CAR_DOOR"}'
2026-03-23 09:42:54,543 - DEBUG - CaseID: 399 - parse_multi_results输出: [{'name': 'device_control', 'args': {'action': 'turnon', 'entity': 'CAR_DOOR', 'position': 'WHOLE'}}]
2026-03-23 09:42:54,543 - DEBUG - CaseID: 399 - expected_results: [{'name': 'device_control', 'args': {'action': 'turnon', 'entity': 'CAR_DOOR', 'position': 'WHOLE'}}]
2026-03-23 09:42:54,543 - DEBUG - CaseID: 399 - actual_results: [{'name': 'device_control', 'args': {'action': 'turnon', 'entity': 'CAR_DOOR', 'position': 'WHOLE'}}]
2026-03-23 09:42:54,543 - DEBUG - CaseID: 399 - expected_keys: {('device_control', '{"action": "turnon", "entity": "CAR_DOOR", "position": "WHOLE"}')}
2026-03-23 09:42:54,543 - DEBUG - CaseID: 399 - actual_keys: {('device_control', '{"action": "turnon", "entity": "CAR_DOOR", "position": "WHOLE"}')}
2026-03-23 09:42:54,543 - DEBUG - CaseID: 400 - parse_multi_results输入 - name_str: 'device_control', args_str: '{"action":"turnon","entity":"CAR_DOOR","position":"WHOLE"}'
2026-03-23 09:42:54,544 - DEBUG - CaseID: 400 - parse_multi_results输出: [{'name': 'device_control', 'args': {'action': 'turnon', 'entity': 'CAR_DOOR', 'position': 'WHOLE'}}]
2026-03-23 09:42:54,544 - DEBUG - CaseID: 400 - parse_multi_results输入 - name_str: 'device_control', args_str: '{"action":"turnon","position":"WHOLE","entity":"CAR_DOOR"}'
2026-03-23 09:42:54,544 - DEBUG - CaseID: 400 - parse_multi_results输出: [{'name': 'device_control', 'args': {'action': 'turnon', 'entity': 'CAR_DOOR', 'position': 'WHOLE'}}]
2026-03-23 09:42:54,544 - DEBUG - CaseID: 400 - expected_results: [{'name': 'device_control', 'args': {'action': 'turnon', 'entity': 'CAR_DOOR', 'position': 'WHOLE'}}]
2026-03-23 09:42:54,544 - DEBUG - CaseID: 400 - actual_results: [{'name': 'device_control', 'args': {'action': 'turnon', 'entity': 'CAR_DOOR', 'position': 'WHOLE'}}]
2026-03-23 09:42:54,544 - DEBUG - CaseID: 400 - expected_keys: {('device_control', '{"action": "turnon", "entity": "CAR_DOOR", "position": "WHOLE"}')}
2026-03-23 09:42:54,544 - DEBUG - CaseID: 400 - actual_keys: {('device_control', '{"action": "turnon", "entity": "CAR_DOOR", "position": "WHOLE"}')}
2026-03-23 09:42:54,544 - DEBUG - CaseID: 401 - parse_multi_results输入 - name_str: 'device_control', args_str: '{"action":"turnon","entity":"CAR_DOOR","position":"WHOLE"}'
2026-03-23 09:42:54,544 - DEBUG - CaseID: 401 - parse_multi_results输出: [{'name': 'device_control', 'args': {'action': 'turnon', 'entity': 'CAR_DOOR', 'position': 'WHOLE'}}]
2026-03-23 09:42:54,544 - DEBUG - CaseID: 401 - parse_multi_results输入 - name_str: 'device_control', args_str: '{"action":"turnon","position":"WHOLE","entity":"CAR_DOOR"}'
2026-03-23 09:42:54,544 - DEBUG - CaseID: 401 - parse_multi_results输出: [{'name': 'device_control', 'args': {'action': 'turnon', 'entity': 'CAR_DOOR', 'position': 'WHOLE'}}]
2026-03-23 09:42:54,544 - DEBUG - CaseID: 401 - expected_results: [{'name': 'device_control', 'args': {'action': 'turnon', 'entity': 'CAR_DOOR', 'position': 'WHOLE'}}]
2026-03-23 09:42:54,544 - DEBUG - CaseID: 401 - actual_results: [{'name': 'device_control', 'args': {'action': 'turnon', 'entity': 'CAR_DOOR', 'position': 'WHOLE'}}]
2026-03-23 09:42:54,544 - DEBUG - CaseID: 401 - expected_keys: {('device_control', '{"action": "turnon", "entity": "CAR_DOOR", "position": "WHOLE"}')}
2026-03-23 09:42:54,544 - DEBUG - CaseID: 401 - actual_keys: {('device_control', '{"action": "turnon", "entity": "CAR_DOOR", "position": "WHOLE"}')}
2026-03-23 09:42:54,544 - DEBUG - CaseID: 402 - parse_multi_results输入 - name_str: 'device_control', args_str: '{"action":"turnoff","entity":"CAR_DOOR","position":"WHOLE"}'
2026-03-23 09:42:54,544 - DEBUG - CaseID: 402 - parse_multi_results输出: [{'name': 'device_control', 'args': {'action': 'turnoff', 'entity': 'CAR_DOOR', 'position': 'WHOLE'}}]
2026-03-23 09:42:54,544 - DEBUG - CaseID: 402 - parse_multi_results输入 - name_str: 'device_control', args_str: '{"action":"turnoff","position":"WHOLE","entity":"CAR_DOOR"}'
2026-03-23 09:42:54,544 - DEBUG - CaseID: 402 - parse_multi_results输出: [{'name': 'device_control', 'args': {'action': 'turnoff', 'entity': 'CAR_DOOR', 'position': 'WHOLE'}}]
2026-03-23 09:42:54,544 - DEBUG - CaseID: 402 - expected_results: [{'name': 'device_control', 'args': {'action': 'turnoff', 'entity': 'CAR_DOOR', 'position': 'WHOLE'}}]
2026-03-23 09:42:54,544 - DEBUG - CaseID: 402 - actual_results: [{'name': 'device_control', 'args': {'action': 'turnoff', 'entity': 'CAR_DOOR', 'position': 'WHOLE'}}]
2026-03-23 09:42:54,544 - DEBUG - CaseID: 402 - expected_keys: {('device_control', '{"action": "turnoff", "entity": "CAR_DOOR", "position": "WHOLE"}')}
2026-03-23 09:42:54,544 - DEBUG - CaseID: 402 - actual_keys: {('device_control', '{"action": "turnoff", "entity": "CAR_DOOR", "position": "WHOLE"}')}
2026-03-23 09:42:54,544 - DEBUG - CaseID: 403 - parse_multi_results输入 - name_str: 'device_control', args_str: '{"action":"turnoff","entity":"CAR_DOOR","position":"WHOLE"}'
2026-03-23 09:42:54,544 - DEBUG - CaseID: 403 - parse_multi_results输出: [{'name': 'device_control', 'args': {'action': 'turnoff', 'entity': 'CAR_DOOR', 'position': 'WHOLE'}}]
2026-03-23 09:42:54,544 - DEBUG - CaseID: 403 - parse_multi_results输入 - name_str: 'device_control', args_str: '{"action":"turnoff","position":"BOTH_SIDES","entity":"CAR_DOOR"}'
2026-03-23 09:42:54,544 - DEBUG - CaseID: 403 - parse_multi_results输出: [{'name': 'device_control', 'args': {'action': 'turnoff', 'entity': 'CAR_DOOR', 'position': 'BOTH_SIDES'}}]
2026-03-23 09:42:54,544 - DEBUG - CaseID: 403 - expected_results: [{'name': 'device_control', 'args': {'action': 'turnoff', 'entity': 'CAR_DOOR', 'position': 'WHOLE'}}]
2026-03-23 09:42:54,544 - DEBUG - CaseID: 403 - actual_results: [{'name': 'device_control', 'args': {'action': 'turnoff', 'entity': 'CAR_DOOR', 'position': 'BOTH_SIDES'}}]
2026-03-23 09:42:54,544 - DEBUG - CaseID: 403 - expected_keys: {('device_control', '{"action": "turnoff", "entity": "CAR_DOOR", "position": "WHOLE"}')}
2026-03-23 09:42:54,544 - DEBUG - CaseID: 403 - actual_keys: {('device_control', '{"action": "turnoff", "entity": "CAR_DOOR", "position": "BOTH_SIDES"}')}
2026-03-23 09:42:54,544 - ERROR - CaseID: 403
实际结果缺少以下预期项：
  名称: device_control, 参数: {"action": "turnoff", "entity": "CAR_DOOR", "position": "WHOLE"}
实际结果多出以下非预期项：
  名称: device_control, 参数: {"action": "turnoff", "entity": "CAR_DOOR", "position": "BOTH_SIDES"}
2026-03-23 09:42:54,544 - DEBUG - CaseID: 404 - parse_multi_results输入 - name_str: 'device_control', args_str: '{"action":"turnoff","entity":"CAR_DOOR","position":"WHOLE"}'
2026-03-23 09:42:54,544 - DEBUG - CaseID: 404 - parse_multi_results输出: [{'name': 'device_control', 'args': {'action': 'turnoff', 'entity': 'CAR_DOOR', 'position': 'WHOLE'}}]
2026-03-23 09:42:54,544 - DEBUG - CaseID: 404 - parse_multi_results输入 - name_str: 'device_control', args_str: '{"action":"turnoff","position":"BOTH_SIDES","entity":"CAR_DOOR"}'
2026-03-23 09:42:54,544 - DEBUG - CaseID: 404 - parse_multi_results输出: [{'name': 'device_control', 'args': {'action': 'turnoff', 'entity': 'CAR_DOOR', 'position': 'BOTH_SIDES'}}]
2026-03-23 09:42:54,544 - DEBUG - CaseID: 404 - expected_results: [{'name': 'device_control', 'args': {'action': 'turnoff', 'entity': 'CAR_DOOR', 'position': 'WHOLE'}}]
2026-03-23 09:42:54,544 - DEBUG - CaseID: 404 - actual_results: [{'name': 'device_control', 'args': {'action': 'turnoff', 'entity': 'CAR_DOOR', 'position': 'BOTH_SIDES'}}]
2026-03-23 09:42:54,544 - DEBUG - CaseID: 404 - expected_keys: {('device_control', '{"action": "turnoff", "entity": "CAR_DOOR", "position": "WHOLE"}')}
2026-03-23 09:42:54,545 - DEBUG - CaseID: 404 - actual_keys: {('device_control', '{"action": "turnoff", "entity": "CAR_DOOR", "position": "BOTH_SIDES"}')}
2026-03-23 09:42:54,545 - ERROR - CaseID: 404
实际结果缺少以下预期项：
  名称: device_control, 参数: {"action": "turnoff", "entity": "CAR_DOOR", "position": "WHOLE"}
实际结果多出以下非预期项：
  名称: device_control, 参数: {"action": "turnoff", "entity": "CAR_DOOR", "position": "BOTH_SIDES"}
2026-03-23 09:42:54,545 - DEBUG - CaseID: 405 - parse_multi_results输入 - name_str: 'device_control', args_str: '{"action":"turnoff","entity":"CAR_DOOR","position":"WHOLE"}'
2026-03-23 09:42:54,545 - DEBUG - CaseID: 405 - parse_multi_results输出: [{'name': 'device_control', 'args': {'action': 'turnoff', 'entity': 'CAR_DOOR', 'position': 'WHOLE'}}]
2026-03-23 09:42:54,545 - DEBUG - CaseID: 405 - parse_multi_results输入 - name_str: 'device_control', args_str: '{"action":"turnoff","position":"WHOLE","entity":"CAR_DOOR"}'
2026-03-23 09:42:54,545 - DEBUG - CaseID: 405 - parse_multi_results输出: [{'name': 'device_control', 'args': {'action': 'turnoff', 'entity': 'CAR_DOOR', 'position': 'WHOLE'}}]
2026-03-23 09:42:54,545 - DEBUG - CaseID: 405 - expected_results: [{'name': 'device_control', 'args': {'action': 'turnoff', 'entity': 'CAR_DOOR', 'position': 'WHOLE'}}]
2026-03-23 09:42:54,545 - DEBUG - CaseID: 405 - actual_results: [{'name': 'device_control', 'args': {'action': 'turnoff', 'entity': 'CAR_DOOR', 'position': 'WHOLE'}}]
2026-03-23 09:42:54,545 - DEBUG - CaseID: 405 - expected_keys: {('device_control', '{"action": "turnoff", "entity": "CAR_DOOR", "position": "WHOLE"}')}
2026-03-23 09:42:54,545 - DEBUG - CaseID: 405 - actual_keys: {('device_control', '{"action": "turnoff", "entity": "CAR_DOOR", "position": "WHOLE"}')}
2026-03-23 09:42:54,545 - DEBUG - CaseID: 406 - parse_multi_results输入 - name_str: 'device_control', args_str: '{"action":"turnoff","entity":"CAR_DOOR","position":"WHOLE"}'
2026-03-23 09:42:54,545 - DEBUG - CaseID: 406 - parse_multi_results输出: [{'name': 'device_control', 'args': {'action': 'turnoff', 'entity': 'CAR_DOOR', 'position': 'WHOLE'}}]
2026-03-23 09:42:54,545 - DEBUG - CaseID: 406 - parse_multi_results输入 - name_str: 'device_control', args_str: '{"action":"turnoff","position":"BOTH_SIDES","entity":"CAR_DOOR"}'
2026-03-23 09:42:54,545 - DEBUG - CaseID: 406 - parse_multi_results输出: [{'name': 'device_control', 'args': {'action': 'turnoff', 'entity': 'CAR_DOOR', 'position': 'BOTH_SIDES'}}]
2026-03-23 09:42:54,545 - DEBUG - CaseID: 406 - expected_results: [{'name': 'device_control', 'args': {'action': 'turnoff', 'entity': 'CAR_DOOR', 'position': 'WHOLE'}}]
2026-03-23 09:42:54,545 - DEBUG - CaseID: 406 - actual_results: [{'name': 'device_control', 'args': {'action': 'turnoff', 'entity': 'CAR_DOOR', 'position': 'BOTH_SIDES'}}]
2026-03-23 09:42:54,545 - DEBUG - CaseID: 406 - expected_keys: {('device_control', '{"action": "turnoff", "entity": "CAR_DOOR", "position": "WHOLE"}')}
2026-03-23 09:42:54,545 - DEBUG - CaseID: 406 - actual_keys: {('device_control', '{"action": "turnoff", "entity": "CAR_DOOR", "position": "BOTH_SIDES"}')}
2026-03-23 09:42:54,545 - ERROR - CaseID: 406
实际结果缺少以下预期项：
  名称: device_control, 参数: {"action": "turnoff", "entity": "CAR_DOOR", "position": "WHOLE"}
实际结果多出以下非预期项：
  名称: device_control, 参数: {"action": "turnoff", "entity": "CAR_DOOR", "position": "BOTH_SIDES"}
2026-03-23 09:42:54,545 - DEBUG - CaseID: 407 - parse_multi_results输入 - name_str: 'device_control', args_str: '{"action":"turnon","entity":"CAR_DOOR","position":"DRIVER"}'
2026-03-23 09:42:54,545 - DEBUG - CaseID: 407 - parse_multi_results输出: [{'name': 'device_control', 'args': {'action': 'turnon', 'entity': 'CAR_DOOR', 'position': 'DRIVER'}}]
2026-03-23 09:42:54,545 - DEBUG - CaseID: 407 - parse_multi_results输入 - name_str: 'device_control', args_str: '{"action":"turnon","position":"DRIVER","entity":"CAR_DOOR"}'
2026-03-23 09:42:54,545 - DEBUG - CaseID: 407 - parse_multi_results输出: [{'name': 'device_control', 'args': {'action': 'turnon', 'entity': 'CAR_DOOR', 'position': 'DRIVER'}}]
2026-03-23 09:42:54,545 - DEBUG - CaseID: 407 - expected_results: [{'name': 'device_control', 'args': {'action': 'turnon', 'entity': 'CAR_DOOR', 'position': 'DRIVER'}}]
2026-03-23 09:42:54,545 - DEBUG - CaseID: 407 - actual_results: [{'name': 'device_control', 'args': {'action': 'turnon', 'entity': 'CAR_DOOR', 'position': 'DRIVER'}}]
2026-03-23 09:42:54,545 - DEBUG - CaseID: 407 - expected_keys: {('device_control', '{"action": "turnon", "entity": "CAR_DOOR", "position": "DRIVER"}')}
2026-03-23 09:42:54,545 - DEBUG - CaseID: 407 - actual_keys: {('device_control', '{"action": "turnon", "entity": "CAR_DOOR", "position": "DRIVER"}')}
2026-03-23 09:42:54,545 - DEBUG - CaseID: 408 - parse_multi_results输入 - name_str: 'device_control', args_str: '{"action":"turnon","entity":"CAR_DOOR","position":"DRIVER"}'
2026-03-23 09:42:54,545 - DEBUG - CaseID: 408 - parse_multi_results输出: [{'name': 'device_control', 'args': {'action': 'turnon', 'entity': 'CAR_DOOR', 'position': 'DRIVER'}}]
2026-03-23 09:42:54,545 - DEBUG - CaseID: 408 - parse_multi_results输入 - name_str: 'device_control', args_str: '{"action":"turnon","position":"DRIVER","entity":"CAR_DOOR"}'
2026-03-23 09:42:54,545 - DEBUG - CaseID: 408 - parse_multi_results输出: [{'name': 'device_control', 'args': {'action': 'turnon', 'entity': 'CAR_DOOR', 'position': 'DRIVER'}}]
2026-03-23 09:42:54,545 - DEBUG - CaseID: 408 - expected_results: [{'name': 'device_control', 'args': {'action': 'turnon', 'entity': 'CAR_DOOR', 'position': 'DRIVER'}}]
2026-03-23 09:42:54,545 - DEBUG - CaseID: 408 - actual_results: [{'name': 'device_control', 'args': {'action': 'turnon', 'entity': 'CAR_DOOR', 'position': 'DRIVER'}}]
2026-03-23 09:42:54,545 - DEBUG - CaseID: 408 - expected_keys: {('device_control', '{"action": "turnon", "entity": "CAR_DOOR", "position": "DRIVER"}')}
2026-03-23 09:42:54,545 - DEBUG - CaseID: 408 - actual_keys: {('device_control', '{"action": "turnon", "entity": "CAR_DOOR", "position": "DRIVER"}')}
2026-03-23 09:42:54,545 - DEBUG - CaseID: 409 - parse_multi_results输入 - name_str: 'device_control', args_str: '{"action":"turnoff","entity":"CAR_DOOR","position":"DRIVER"}'
2026-03-23 09:42:54,545 - DEBUG - CaseID: 409 - parse_multi_results输出: [{'name': 'device_control', 'args': {'action': 'turnoff', 'entity': 'CAR_DOOR', 'position': 'DRIVER'}}]
2026-03-23 09:42:54,545 - DEBUG - CaseID: 409 - parse_multi_results输入 - name_str: 'device_control', args_str: '{"action":"turnoff","position":"DRIVER","entity":"CAR_DOOR"}'
2026-03-23 09:42:54,545 - DEBUG - CaseID: 409 - parse_multi_results输出: [{'name': 'device_control', 'args': {'action': 'turnoff', 'entity': 'CAR_DOOR', 'position': 'DRIVER'}}]
2026-03-23 09:42:54,545 - DEBUG - CaseID: 409 - expected_results: [{'name': 'device_control', 'args': {'action': 'turnoff', 'entity': 'CAR_DOOR', 'position': 'DRIVER'}}]
2026-03-23 09:42:54,545 - DEBUG - CaseID: 409 - actual_results: [{'name': 'device_control', 'args': {'action': 'turnoff', 'entity': 'CAR_DOOR', 'position': 'DRIVER'}}]
2026-03-23 09:42:54,546 - DEBUG - CaseID: 409 - expected_keys: {('device_control', '{"action": "turnoff", "entity": "CAR_DOOR", "position": "DRIVER"}')}
2026-03-23 09:42:54,546 - DEBUG - CaseID: 409 - actual_keys: {('device_control', '{"action": "turnoff", "entity": "CAR_DOOR", "position": "DRIVER"}')}
2026-03-23 09:42:54,546 - DEBUG - CaseID: 410 - parse_multi_results输入 - name_str: 'device_control', args_str: '{"action":"turnoff","entity":"CAR_DOOR","position":"DRIVER"}'
2026-03-23 09:42:54,546 - DEBUG - CaseID: 410 - parse_multi_results输出: [{'name': 'device_control', 'args': {'action': 'turnoff', 'entity': 'CAR_DOOR', 'position': 'DRIVER'}}]
2026-03-23 09:42:54,546 - DEBUG - CaseID: 410 - parse_multi_results输入 - name_str: 'device_control', args_str: '{"action":"turnoff","position":"DRIVER","entity":"CAR_DOOR"}'
2026-03-23 09:42:54,546 - DEBUG - CaseID: 410 - parse_multi_results输出: [{'name': 'device_control', 'args': {'action': 'turnoff', 'entity': 'CAR_DOOR', 'position': 'DRIVER'}}]
2026-03-23 09:42:54,546 - DEBUG - CaseID: 410 - expected_results: [{'name': 'device_control', 'args': {'action': 'turnoff', 'entity': 'CAR_DOOR', 'position': 'DRIVER'}}]
2026-03-23 09:42:54,546 - DEBUG - CaseID: 410 - actual_results: [{'name': 'device_control', 'args': {'action': 'turnoff', 'entity': 'CAR_DOOR', 'position': 'DRIVER'}}]
2026-03-23 09:42:54,546 - DEBUG - CaseID: 410 - expected_keys: {('device_control', '{"action": "turnoff", "entity": "CAR_DOOR", "position": "DRIVER"}')}
2026-03-23 09:42:54,546 - DEBUG - CaseID: 410 - actual_keys: {('device_control', '{"action": "turnoff", "entity": "CAR_DOOR", "position": "DRIVER"}')}
2026-03-23 09:42:54,546 - DEBUG - CaseID: 411 - parse_multi_results输入 - name_str: 'device_control', args_str: '{"action":"turnon","entity":"CAR_DOOR","position":"PASSENGER"}'
2026-03-23 09:42:54,546 - DEBUG - CaseID: 411 - parse_multi_results输出: [{'name': 'device_control', 'args': {'action': 'turnon', 'entity': 'CAR_DOOR', 'position': 'PASSENGER'}}]
2026-03-23 09:42:54,546 - DEBUG - CaseID: 411 - parse_multi_results输入 - name_str: 'device_control', args_str: '{"action":"turnon","position":"PASSENGER","entity":"CAR_DOOR"}'
2026-03-23 09:42:54,546 - DEBUG - CaseID: 411 - parse_multi_results输出: [{'name': 'device_control', 'args': {'action': 'turnon', 'entity': 'CAR_DOOR', 'position': 'PASSENGER'}}]
2026-03-23 09:42:54,546 - DEBUG - CaseID: 411 - expected_results: [{'name': 'device_control', 'args': {'action': 'turnon', 'entity': 'CAR_DOOR', 'position': 'PASSENGER'}}]
2026-03-23 09:42:54,546 - DEBUG - CaseID: 411 - actual_results: [{'name': 'device_control', 'args': {'action': 'turnon', 'entity': 'CAR_DOOR', 'position': 'PASSENGER'}}]
2026-03-23 09:42:54,546 - DEBUG - CaseID: 411 - expected_keys: {('device_control', '{"action": "turnon", "entity": "CAR_DOOR", "position": "PASSENGER"}')}
2026-03-23 09:42:54,546 - DEBUG - CaseID: 411 - actual_keys: {('device_control', '{"action": "turnon", "entity": "CAR_DOOR", "position": "PASSENGER"}')}
2026-03-23 09:42:54,546 - DEBUG - CaseID: 412 - parse_multi_results输入 - name_str: 'device_control', args_str: '{"action":"turnon","entity":"CAR_DOOR","position":"PASSENGER"}'
2026-03-23 09:42:54,546 - DEBUG - CaseID: 412 - parse_multi_results输出: [{'name': 'device_control', 'args': {'action': 'turnon', 'entity': 'CAR_DOOR', 'position': 'PASSENGER'}}]
2026-03-23 09:42:54,546 - DEBUG - CaseID: 412 - parse_multi_results输入 - name_str: 'device_control', args_str: '{"action":"turnon","position":"PASSENGER","entity":"CAR_DOOR"}'
2026-03-23 09:42:54,546 - DEBUG - CaseID: 412 - parse_multi_results输出: [{'name': 'device_control', 'args': {'action': 'turnon', 'entity': 'CAR_DOOR', 'position': 'PASSENGER'}}]
2026-03-23 09:42:54,546 - DEBUG - CaseID: 412 - expected_results: [{'name': 'device_control', 'args': {'action': 'turnon', 'entity': 'CAR_DOOR', 'position': 'PASSENGER'}}]
2026-03-23 09:42:54,546 - DEBUG - CaseID: 412 - actual_results: [{'name': 'device_control', 'args': {'action': 'turnon', 'entity': 'CAR_DOOR', 'position': 'PASSENGER'}}]
2026-03-23 09:42:54,546 - DEBUG - CaseID: 412 - expected_keys: {('device_control', '{"action": "turnon", "entity": "CAR_DOOR", "position": "PASSENGER"}')}
2026-03-23 09:42:54,546 - DEBUG - CaseID: 412 - actual_keys: {('device_control', '{"action": "turnon", "entity": "CAR_DOOR", "position": "PASSENGER"}')}
2026-03-23 09:42:54,546 - DEBUG - CaseID: 413 - parse_multi_results输入 - name_str: 'device_control', args_str: '{"action":"turnoff","entity":"CAR_DOOR","position":"PASSENGER"}'
2026-03-23 09:42:54,546 - DEBUG - CaseID: 413 - parse_multi_results输出: [{'name': 'device_control', 'args': {'action': 'turnoff', 'entity': 'CAR_DOOR', 'position': 'PASSENGER'}}]
2026-03-23 09:42:54,546 - DEBUG - CaseID: 413 - parse_multi_results输入 - name_str: 'device_control', args_str: '{"action":"turnoff","position":"PASSENGER","entity":"CAR_DOOR"}'
2026-03-23 09:42:54,546 - DEBUG - CaseID: 413 - parse_multi_results输出: [{'name': 'device_control', 'args': {'action': 'turnoff', 'entity': 'CAR_DOOR', 'position': 'PASSENGER'}}]
2026-03-23 09:42:54,547 - DEBUG - CaseID: 413 - expected_results: [{'name': 'device_control', 'args': {'action': 'turnoff', 'entity': 'CAR_DOOR', 'position': 'PASSENGER'}}]
2026-03-23 09:42:54,547 - DEBUG - CaseID: 413 - actual_results: [{'name': 'device_control', 'args': {'action': 'turnoff', 'entity': 'CAR_DOOR', 'position': 'PASSENGER'}}]
2026-03-23 09:42:54,547 - DEBUG - CaseID: 413 - expected_keys: {('device_control', '{"action": "turnoff", "entity": "CAR_DOOR", "position": "PASSENGER"}')}
2026-03-23 09:42:54,547 - DEBUG - CaseID: 413 - actual_keys: {('device_control', '{"action": "turnoff", "entity": "CAR_DOOR", "position": "PASSENGER"}')}
2026-03-23 09:42:54,547 - DEBUG - CaseID: 414 - parse_multi_results输入 - name_str: 'device_control', args_str: '{"action":"turnoff","entity":"CAR_DOOR","position":"PASSENGER"}'
2026-03-23 09:42:54,547 - DEBUG - CaseID: 414 - parse_multi_results输出: [{'name': 'device_control', 'args': {'action': 'turnoff', 'entity': 'CAR_DOOR', 'position': 'PASSENGER'}}]
2026-03-23 09:42:54,547 - DEBUG - CaseID: 414 - parse_multi_results输入 - name_str: 'device_control', args_str: '{"action":"turnoff","position":"PASSENGER","entity":"CAR_DOOR"}'
2026-03-23 09:42:54,547 - DEBUG - CaseID: 414 - parse_multi_results输出: [{'name': 'device_control', 'args': {'action': 'turnoff', 'entity': 'CAR_DOOR', 'position': 'PASSENGER'}}]
2026-03-23 09:42:54,547 - DEBUG - CaseID: 414 - expected_results: [{'name': 'device_control', 'args': {'action': 'turnoff', 'entity': 'CAR_DOOR', 'position': 'PASSENGER'}}]
2026-03-23 09:42:54,547 - DEBUG - CaseID: 414 - actual_results: [{'name': 'device_control', 'args': {'action': 'turnoff', 'entity': 'CAR_DOOR', 'position': 'PASSENGER'}}]
2026-03-23 09:42:54,547 - DEBUG - CaseID: 414 - expected_keys: {('device_control', '{"action": "turnoff", "entity": "CAR_DOOR", "position": "PASSENGER"}')}
2026-03-23 09:42:54,547 - DEBUG - CaseID: 414 - actual_keys: {('device_control', '{"action": "turnoff", "entity": "CAR_DOOR", "position": "PASSENGER"}')}
2026-03-23 09:42:54,547 - DEBUG - CaseID: 415 - parse_multi_results输入 - name_str: 'device_control', args_str: '{"action":"turnon","entity":"CAR_DOOR","position":"SECOND_ROW"}'
2026-03-23 09:42:54,547 - DEBUG - CaseID: 415 - parse_multi_results输出: [{'name': 'device_control', 'args': {'action': 'turnon', 'entity': 'CAR_DOOR', 'position': 'SECOND_ROW'}}]
2026-03-23 09:42:54,547 - DEBUG - CaseID: 415 - parse_multi_results输入 - name_str: 'device_control', args_str: '{"action":"turnon","position":"SECOND_ROW","entity":"CAR_DOOR"}'
2026-03-23 09:42:54,547 - DEBUG - CaseID: 415 - parse_multi_results输出: [{'name': 'device_control', 'args': {'action': 'turnon', 'entity': 'CAR_DOOR', 'position': 'SECOND_ROW'}}]
2026-03-23 09:42:54,547 - DEBUG - CaseID: 415 - expected_results: [{'name': 'device_control', 'args': {'action': 'turnon', 'entity': 'CAR_DOOR', 'position': 'SECOND_ROW'}}]
2026-03-23 09:42:54,547 - DEBUG - CaseID: 415 - actual_results: [{'name': 'device_control', 'args': {'action': 'turnon', 'entity': 'CAR_DOOR', 'position': 'SECOND_ROW'}}]
2026-03-23 09:42:54,547 - DEBUG - CaseID: 415 - expected_keys: {('device_control', '{"action": "turnon", "entity": "CAR_DOOR", "position": "SECOND_ROW"}')}
2026-03-23 09:42:54,547 - DEBUG - CaseID: 415 - actual_keys: {('device_control', '{"action": "turnon", "entity": "CAR_DOOR", "position": "SECOND_ROW"}')}
2026-03-23 09:42:54,547 - DEBUG - CaseID: 416 - parse_multi_results输入 - name_str: 'device_control', args_str: '{"action":"turnon","entity":"CAR_DOOR","position":"SECOND_ROW"}'
2026-03-23 09:42:54,547 - DEBUG - CaseID: 416 - parse_multi_results输出: [{'name': 'device_control', 'args': {'action': 'turnon', 'entity': 'CAR_DOOR', 'position': 'SECOND_ROW'}}]
2026-03-23 09:42:54,547 - DEBUG - CaseID: 416 - parse_multi_results输入 - name_str: 'device_control', args_str: '{"action":"turnon","position":"SECOND_ROW","entity":"CAR_DOOR"}'
2026-03-23 09:42:54,547 - DEBUG - CaseID: 416 - parse_multi_results输出: [{'name': 'device_control', 'args': {'action': 'turnon', 'entity': 'CAR_DOOR', 'position': 'SECOND_ROW'}}]
2026-03-23 09:42:54,547 - DEBUG - CaseID: 416 - expected_results: [{'name': 'device_control', 'args': {'action': 'turnon', 'entity': 'CAR_DOOR', 'position': 'SECOND_ROW'}}]
2026-03-23 09:42:54,547 - DEBUG - CaseID: 416 - actual_results: [{'name': 'device_control', 'args': {'action': 'turnon', 'entity': 'CAR_DOOR', 'position': 'SECOND_ROW'}}]
2026-03-23 09:42:54,547 - DEBUG - CaseID: 416 - expected_keys: {('device_control', '{"action": "turnon", "entity": "CAR_DOOR", "position": "SECOND_ROW"}')}
2026-03-23 09:42:54,548 - DEBUG - CaseID: 416 - actual_keys: {('device_control', '{"action": "turnon", "entity": "CAR_DOOR", "position": "SECOND_ROW"}')}
2026-03-23 09:42:54,548 - DEBUG - CaseID: 417 - parse_multi_results输入 - name_str: 'device_control', args_str: '{"action":"turnoff","entity":"CAR_DOOR","position":"SECOND_ROW"}'
2026-03-23 09:42:54,548 - DEBUG - CaseID: 417 - parse_multi_results输出: [{'name': 'device_control', 'args': {'action': 'turnoff', 'entity': 'CAR_DOOR', 'position': 'SECOND_ROW'}}]
2026-03-23 09:42:54,548 - DEBUG - CaseID: 417 - parse_multi_results输入 - name_str: 'device_control', args_str: '{"action":"turnoff","position":"SECOND_ROW","entity":"CAR_DOOR"}'
2026-03-23 09:42:54,548 - DEBUG - CaseID: 417 - parse_multi_results输出: [{'name': 'device_control', 'args': {'action': 'turnoff', 'entity': 'CAR_DOOR', 'position': 'SECOND_ROW'}}]
2026-03-23 09:42:54,548 - DEBUG - CaseID: 417 - expected_results: [{'name': 'device_control', 'args': {'action': 'turnoff', 'entity': 'CAR_DOOR', 'position': 'SECOND_ROW'}}]
2026-03-23 09:42:54,548 - DEBUG - CaseID: 417 - actual_results: [{'name': 'device_control', 'args': {'action': 'turnoff', 'entity': 'CAR_DOOR', 'position': 'SECOND_ROW'}}]
2026-03-23 09:42:54,548 - DEBUG - CaseID: 417 - expected_keys: {('device_control', '{"action": "turnoff", "entity": "CAR_DOOR", "position": "SECOND_ROW"}')}
2026-03-23 09:42:54,548 - DEBUG - CaseID: 417 - actual_keys: {('device_control', '{"action": "turnoff", "entity": "CAR_DOOR", "position": "SECOND_ROW"}')}
2026-03-23 09:42:54,548 - DEBUG - CaseID: 418 - parse_multi_results输入 - name_str: 'device_control', args_str: '{"action":"turnoff","entity":"CAR_DOOR","position":"SECOND_ROW"}'
2026-03-23 09:42:54,548 - DEBUG - CaseID: 418 - parse_multi_results输出: [{'name': 'device_control', 'args': {'action': 'turnoff', 'entity': 'CAR_DOOR', 'position': 'SECOND_ROW'}}]
2026-03-23 09:42:54,548 - DEBUG - CaseID: 418 - parse_multi_results输入 - name_str: 'device_control', args_str: '{"action":"turnoff","position":"SECOND_ROW","entity":"CAR_DOOR"}'
2026-03-23 09:42:54,548 - DEBUG - CaseID: 418 - parse_multi_results输出: [{'name': 'device_control', 'args': {'action': 'turnoff', 'entity': 'CAR_DOOR', 'position': 'SECOND_ROW'}}]
2026-03-23 09:42:54,548 - DEBUG - CaseID: 418 - expected_results: [{'name': 'device_control', 'args': {'action': 'turnoff', 'entity': 'CAR_DOOR', 'position': 'SECOND_ROW'}}]
2026-03-23 09:42:54,548 - DEBUG - CaseID: 418 - actual_results: [{'name': 'device_control', 'args': {'action': 'turnoff', 'entity': 'CAR_DOOR', 'position': 'SECOND_ROW'}}]
2026-03-23 09:42:54,548 - DEBUG - CaseID: 418 - expected_keys: {('device_control', '{"action": "turnoff", "entity": "CAR_DOOR", "position": "SECOND_ROW"}')}
2026-03-23 09:42:54,548 - DEBUG - CaseID: 418 - actual_keys: {('device_control', '{"action": "turnoff", "entity": "CAR_DOOR", "position": "SECOND_ROW"}')}
2026-03-23 09:42:54,548 - DEBUG - CaseID: 419 - parse_multi_results输入 - name_str: 'device_control', args_str: '{"action":"turnon","entity":"CAR_DOOR","position":"LEFT_SEAT_OF_SECOND_ROW"}'
2026-03-23 09:42:54,548 - DEBUG - CaseID: 419 - parse_multi_results输出: [{'name': 'device_control', 'args': {'action': 'turnon', 'entity': 'CAR_DOOR', 'position': 'LEFT_SEAT_OF_SECOND_ROW'}}]
2026-03-23 09:42:54,548 - DEBUG - CaseID: 419 - parse_multi_results输入 - name_str: 'device_control', args_str: '{"action":"turnon","position":"LEFT_SEAT_OF_SECOND_ROW","entity":"CAR_DOOR"}'
2026-03-23 09:42:54,548 - DEBUG - CaseID: 419 - parse_multi_results输出: [{'name': 'device_control', 'args': {'action': 'turnon', 'entity': 'CAR_DOOR', 'position': 'LEFT_SEAT_OF_SECOND_ROW'}}]
2026-03-23 09:42:54,548 - DEBUG - CaseID: 419 - expected_results: [{'name': 'device_control', 'args': {'action': 'turnon', 'entity': 'CAR_DOOR', 'position': 'LEFT_SEAT_OF_SECOND_ROW'}}]
2026-03-23 09:42:54,548 - DEBUG - CaseID: 419 - actual_results: [{'name': 'device_control', 'args': {'action': 'turnon', 'entity': 'CAR_DOOR', 'position': 'LEFT_SEAT_OF_SECOND_ROW'}}]
2026-03-23 09:42:54,548 - DEBUG - CaseID: 419 - expected_keys: {('device_control', '{"action": "turnon", "entity": "CAR_DOOR", "position": "LEFT_SEAT_OF_SECOND_ROW"}')}
2026-03-23 09:42:54,548 - DEBUG - CaseID: 419 - actual_keys: {('device_control', '{"action": "turnon", "entity": "CAR_DOOR", "position": "LEFT_SEAT_OF_SECOND_ROW"}')}
2026-03-23 09:42:54,548 - DEBUG - CaseID: 420 - parse_multi_results输入 - name_str: 'device_control', args_str: '{"action":"turnon","entity":"CAR_DOOR","position":"LEFT_SEAT_OF_SECOND_ROW"}'
2026-03-23 09:42:54,548 - DEBUG - CaseID: 420 - parse_multi_results输出: [{'name': 'device_control', 'args': {'action': 'turnon', 'entity': 'CAR_DOOR', 'position': 'LEFT_SEAT_OF_SECOND_ROW'}}]
2026-03-23 09:42:54,548 - DEBUG - CaseID: 420 - parse_multi_results输入 - name_str: 'device_control', args_str: '{"action":"turnon","position":"LEFT_SEAT_OF_SECOND_ROW","entity":"CAR_DOOR"}'
2026-03-23 09:42:54,548 - DEBUG - CaseID: 420 - parse_multi_results输出: [{'name': 'device_control', 'args': {'action': 'turnon', 'entity': 'CAR_DOOR', 'position': 'LEFT_SEAT_OF_SECOND_ROW'}}]
2026-03-23 09:42:54,548 - DEBUG - CaseID: 420 - expected_results: [{'name': 'device_control', 'args': {'action': 'turnon', 'entity': 'CAR_DOOR', 'position': 'LEFT_SEAT_OF_SECOND_ROW'}}]
2026-03-23 09:42:54,548 - DEBUG - CaseID: 420 - actual_results: [{'name': 'device_control', 'args': {'action': 'turnon', 'entity': 'CAR_DOOR', 'position': 'LEFT_SEAT_OF_SECOND_ROW'}}]
2026-03-23 09:42:54,548 - DEBUG - CaseID: 420 - expected_keys: {('device_control', '{"action": "turnon", "entity": "CAR_DOOR", "position": "LEFT_SEAT_OF_SECOND_ROW"}')}
2026-03-23 09:42:54,548 - DEBUG - CaseID: 420 - actual_keys: {('device_control', '{"action": "turnon", "entity": "CAR_DOOR", "position": "LEFT_SEAT_OF_SECOND_ROW"}')}
2026-03-23 09:42:54,548 - DEBUG - CaseID: 421 - parse_multi_results输入 - name_str: 'device_control', args_str: '{"action":"turnoff","entity":"CAR_DOOR","position":"LEFT_SEAT_OF_SECOND_ROW"}'
2026-03-23 09:42:54,548 - DEBUG - CaseID: 421 - parse_multi_results输出: [{'name': 'device_control', 'args': {'action': 'turnoff', 'entity': 'CAR_DOOR', 'position': 'LEFT_SEAT_OF_SECOND_ROW'}}]
2026-03-23 09:42:54,548 - DEBUG - CaseID: 421 - parse_multi_results输入 - name_str: 'device_control', args_str: '{"action":"turnoff","position":"LEFT_SEAT_OF_SECOND_ROW","entity":"CAR_DOOR"}'
2026-03-23 09:42:54,549 - DEBUG - CaseID: 421 - parse_multi_results输出: [{'name': 'device_control', 'args': {'action': 'turnoff', 'entity': 'CAR_DOOR', 'position': 'LEFT_SEAT_OF_SECOND_ROW'}}]
2026-03-23 09:42:54,549 - DEBUG - CaseID: 421 - expected_results: [{'name': 'device_control', 'args': {'action': 'turnoff', 'entity': 'CAR_DOOR', 'position': 'LEFT_SEAT_OF_SECOND_ROW'}}]
2026-03-23 09:42:54,549 - DEBUG - CaseID: 421 - actual_results: [{'name': 'device_control', 'args': {'action': 'turnoff', 'entity': 'CAR_DOOR', 'position': 'LEFT_SEAT_OF_SECOND_ROW'}}]
2026-03-23 09:42:54,549 - DEBUG - CaseID: 421 - expected_keys: {('device_control', '{"action": "turnoff", "entity": "CAR_DOOR", "position": "LEFT_SEAT_OF_SECOND_ROW"}')}
2026-03-23 09:42:54,549 - DEBUG - CaseID: 421 - actual_keys: {('device_control', '{"action": "turnoff", "entity": "CAR_DOOR", "position": "LEFT_SEAT_OF_SECOND_ROW"}')}
2026-03-23 09:42:54,549 - DEBUG - CaseID: 422 - parse_multi_results输入 - name_str: 'device_control', args_str: '{"action":"turnoff","entity":"CAR_DOOR","position":"LEFT_SEAT_OF_SECOND_ROW"}'
2026-03-23 09:42:54,549 - DEBUG - CaseID: 422 - parse_multi_results输出: [{'name': 'device_control', 'args': {'action': 'turnoff', 'entity': 'CAR_DOOR', 'position': 'LEFT_SEAT_OF_SECOND_ROW'}}]
2026-03-23 09:42:54,549 - DEBUG - CaseID: 422 - parse_multi_results输入 - name_str: 'device_control', args_str: '{"action":"turnoff","position":"LEFT_SEAT_OF_SECOND_ROW","entity":"CAR_DOOR"}'
2026-03-23 09:42:54,549 - DEBUG - CaseID: 422 - parse_multi_results输出: [{'name': 'device_control', 'args': {'action': 'turnoff', 'entity': 'CAR_DOOR', 'position': 'LEFT_SEAT_OF_SECOND_ROW'}}]
2026-03-23 09:42:54,549 - DEBUG - CaseID: 422 - expected_results: [{'name': 'device_control', 'args': {'action': 'turnoff', 'entity': 'CAR_DOOR', 'position': 'LEFT_SEAT_OF_SECOND_ROW'}}]
2026-03-23 09:42:54,549 - DEBUG - CaseID: 422 - actual_results: [{'name': 'device_control', 'args': {'action': 'turnoff', 'entity': 'CAR_DOOR', 'position': 'LEFT_SEAT_OF_SECOND_ROW'}}]
2026-03-23 09:42:54,549 - DEBUG - CaseID: 422 - expected_keys: {('device_control', '{"action": "turnoff", "entity": "CAR_DOOR", "position": "LEFT_SEAT_OF_SECOND_ROW"}')}
2026-03-23 09:42:54,549 - DEBUG - CaseID: 422 - actual_keys: {('device_control', '{"action": "turnoff", "entity": "CAR_DOOR", "position": "LEFT_SEAT_OF_SECOND_ROW"}')}
2026-03-23 09:42:54,549 - DEBUG - CaseID: 423 - parse_multi_results输入 - name_str: 'device_control', args_str: '{"action":"turnon","entity":"CAR_DOOR","position":"RIGHT_SEAT_OF_SECOND_ROW"}'
2026-03-23 09:42:54,549 - DEBUG - CaseID: 423 - parse_multi_results输出: [{'name': 'device_control', 'args': {'action': 'turnon', 'entity': 'CAR_DOOR', 'position': 'RIGHT_SEAT_OF_SECOND_ROW'}}]
2026-03-23 09:42:54,549 - DEBUG - CaseID: 423 - parse_multi_results输入 - name_str: 'device_control', args_str: '{"action":"turnon","position":"RIGHT_SEAT_OF_SECOND_ROW","entity":"CAR_DOOR"}'
2026-03-23 09:42:54,549 - DEBUG - CaseID: 423 - parse_multi_results输出: [{'name': 'device_control', 'args': {'action': 'turnon', 'entity': 'CAR_DOOR', 'position': 'RIGHT_SEAT_OF_SECOND_ROW'}}]
2026-03-23 09:42:54,549 - DEBUG - CaseID: 423 - expected_results: [{'name': 'device_control', 'args': {'action': 'turnon', 'entity': 'CAR_DOOR', 'position': 'RIGHT_SEAT_OF_SECOND_ROW'}}]
2026-03-23 09:42:54,549 - DEBUG - CaseID: 423 - actual_results: [{'name': 'device_control', 'args': {'action': 'turnon', 'entity': 'CAR_DOOR', 'position': 'RIGHT_SEAT_OF_SECOND_ROW'}}]
2026-03-23 09:42:54,549 - DEBUG - CaseID: 423 - expected_keys: {('device_control', '{"action": "turnon", "entity": "CAR_DOOR", "position": "RIGHT_SEAT_OF_SECOND_ROW"}')}
2026-03-23 09:42:54,549 - DEBUG - CaseID: 423 - actual_keys: {('device_control', '{"action": "turnon", "entity": "CAR_DOOR", "position": "RIGHT_SEAT_OF_SECOND_ROW"}')}
2026-03-23 09:42:54,549 - DEBUG - CaseID: 424 - parse_multi_results输入 - name_str: 'device_control', args_str: '{"action":"turnon","entity":"CAR_DOOR","position":"RIGHT_SEAT_OF_SECOND_ROW"}'
2026-03-23 09:42:54,549 - DEBUG - CaseID: 424 - parse_multi_results输出: [{'name': 'device_control', 'args': {'action': 'turnon', 'entity': 'CAR_DOOR', 'position': 'RIGHT_SEAT_OF_SECOND_ROW'}}]
2026-03-23 09:42:54,549 - DEBUG - CaseID: 424 - parse_multi_results输入 - name_str: 'device_control', args_str: '{"action":"turnon","position":"RIGHT_SEAT_OF_SECOND_ROW","entity":"CAR_DOOR"}'
2026-03-23 09:42:54,549 - DEBUG - CaseID: 424 - parse_multi_results输出: [{'name': 'device_control', 'args': {'action': 'turnon', 'entity': 'CAR_DOOR', 'position': 'RIGHT_SEAT_OF_SECOND_ROW'}}]
2026-03-23 09:42:54,549 - DEBUG - CaseID: 424 - expected_results: [{'name': 'device_control', 'args': {'action': 'turnon', 'entity': 'CAR_DOOR', 'position': 'RIGHT_SEAT_OF_SECOND_ROW'}}]
2026-03-23 09:42:54,549 - DEBUG - CaseID: 424 - actual_results: [{'name': 'device_control', 'args': {'action': 'turnon', 'entity': 'CAR_DOOR', 'position': 'RIGHT_SEAT_OF_SECOND_ROW'}}]
2026-03-23 09:42:54,549 - DEBUG - CaseID: 424 - expected_keys: {('device_control', '{"action": "turnon", "entity": "CAR_DOOR", "position": "RIGHT_SEAT_OF_SECOND_ROW"}')}
2026-03-23 09:42:54,549 - DEBUG - CaseID: 424 - actual_keys: {('device_control', '{"action": "turnon", "entity": "CAR_DOOR", "position": "RIGHT_SEAT_OF_SECOND_ROW"}')}
2026-03-23 09:42:54,549 - DEBUG - CaseID: 425 - parse_multi_results输入 - name_str: 'device_control', args_str: '{"action":"turnoff","entity":"CAR_DOOR","position":"RIGHT_SEAT_OF_SECOND_ROW"}'
2026-03-23 09:42:54,549 - DEBUG - CaseID: 425 - parse_multi_results输出: [{'name': 'device_control', 'args': {'action': 'turnoff', 'entity': 'CAR_DOOR', 'position': 'RIGHT_SEAT_OF_SECOND_ROW'}}]
2026-03-23 09:42:54,549 - DEBUG - CaseID: 425 - parse_multi_results输入 - name_str: 'device_control', args_str: '{"action":"turnoff","position":"RIGHT_SEAT_OF_SECOND_ROW","entity":"CAR_DOOR"}'
2026-03-23 09:42:54,549 - DEBUG - CaseID: 425 - parse_multi_results输出: [{'name': 'device_control', 'args': {'action': 'turnoff', 'entity': 'CAR_DOOR', 'position': 'RIGHT_SEAT_OF_SECOND_ROW'}}]
2026-03-23 09:42:54,549 - DEBUG - CaseID: 425 - expected_results: [{'name': 'device_control', 'args': {'action': 'turnoff', 'entity': 'CAR_DOOR', 'position': 'RIGHT_SEAT_OF_SECOND_ROW'}}]
2026-03-23 09:42:54,549 - DEBUG - CaseID: 425 - actual_results: [{'name': 'device_control', 'args': {'action': 'turnoff', 'entity': 'CAR_DOOR', 'position': 'RIGHT_SEAT_OF_SECOND_ROW'}}]
2026-03-23 09:42:54,550 - DEBUG - CaseID: 425 - expected_keys: {('device_control', '{"action": "turnoff", "entity": "CAR_DOOR", "position": "RIGHT_SEAT_OF_SECOND_ROW"}')}
2026-03-23 09:42:54,550 - DEBUG - CaseID: 425 - actual_keys: {('device_control', '{"action": "turnoff", "entity": "CAR_DOOR", "position": "RIGHT_SEAT_OF_SECOND_ROW"}')}
2026-03-23 09:42:54,550 - DEBUG - CaseID: 426 - parse_multi_results输入 - name_str: 'device_control', args_str: '{"action":"turnoff","entity":"CAR_DOOR","position":"RIGHT_SEAT_OF_SECOND_ROW"}'
2026-03-23 09:42:54,550 - DEBUG - CaseID: 426 - parse_multi_results输出: [{'name': 'device_control', 'args': {'action': 'turnoff', 'entity': 'CAR_DOOR', 'position': 'RIGHT_SEAT_OF_SECOND_ROW'}}]
2026-03-23 09:42:54,550 - DEBUG - CaseID: 426 - parse_multi_results输入 - name_str: 'device_control', args_str: '{"action":"turnoff","position":"RIGHT_SEAT_OF_SECOND_ROW","entity":"CAR_DOOR"}'
2026-03-23 09:42:54,550 - DEBUG - CaseID: 426 - parse_multi_results输出: [{'name': 'device_control', 'args': {'action': 'turnoff', 'entity': 'CAR_DOOR', 'position': 'RIGHT_SEAT_OF_SECOND_ROW'}}]
2026-03-23 09:42:54,550 - DEBUG - CaseID: 426 - expected_results: [{'name': 'device_control', 'args': {'action': 'turnoff', 'entity': 'CAR_DOOR', 'position': 'RIGHT_SEAT_OF_SECOND_ROW'}}]
2026-03-23 09:42:54,550 - DEBUG - CaseID: 426 - actual_results: [{'name': 'device_control', 'args': {'action': 'turnoff', 'entity': 'CAR_DOOR', 'position': 'RIGHT_SEAT_OF_SECOND_ROW'}}]
2026-03-23 09:42:54,550 - DEBUG - CaseID: 426 - expected_keys: {('device_control', '{"action": "turnoff", "entity": "CAR_DOOR", "position": "RIGHT_SEAT_OF_SECOND_ROW"}')}
2026-03-23 09:42:54,550 - DEBUG - CaseID: 426 - actual_keys: {('device_control', '{"action": "turnoff", "entity": "CAR_DOOR", "position": "RIGHT_SEAT_OF_SECOND_ROW"}')}
2026-03-23 09:42:54,550 - DEBUG - CaseID: 427 - parse_multi_results输入 - name_str: 'device_control', args_str: '{"action":"turnon","entity":"CAR_DOOR","position":"SECOND_ROW"}'
2026-03-23 09:42:54,550 - DEBUG - CaseID: 427 - parse_multi_results输出: [{'name': 'device_control', 'args': {'action': 'turnon', 'entity': 'CAR_DOOR', 'position': 'SECOND_ROW'}}]
2026-03-23 09:42:54,550 - DEBUG - CaseID: 427 - parse_multi_results输入 - name_str: 'device_control', args_str: '{"action":"turnon","position":"BOTH_SIDES","entity":"CAR_DOOR"}'
2026-03-23 09:42:54,550 - DEBUG - CaseID: 427 - parse_multi_results输出: [{'name': 'device_control', 'args': {'action': 'turnon', 'entity': 'CAR_DOOR', 'position': 'BOTH_SIDES'}}]
2026-03-23 09:42:54,550 - DEBUG - CaseID: 427 - expected_results: [{'name': 'device_control', 'args': {'action': 'turnon', 'entity': 'CAR_DOOR', 'position': 'SECOND_ROW'}}]
2026-03-23 09:42:54,550 - DEBUG - CaseID: 427 - actual_results: [{'name': 'device_control', 'args': {'action': 'turnon', 'entity': 'CAR_DOOR', 'position': 'BOTH_SIDES'}}]
2026-03-23 09:42:54,550 - DEBUG - CaseID: 427 - expected_keys: {('device_control', '{"action": "turnon", "entity": "CAR_DOOR", "position": "SECOND_ROW"}')}
2026-03-23 09:42:54,550 - DEBUG - CaseID: 427 - actual_keys: {('device_control', '{"action": "turnon", "entity": "CAR_DOOR", "position": "BOTH_SIDES"}')}
2026-03-23 09:42:54,550 - ERROR - CaseID: 427
实际结果缺少以下预期项：
  名称: device_control, 参数: {"action": "turnon", "entity": "CAR_DOOR", "position": "SECOND_ROW"}
实际结果多出以下非预期项：
  名称: device_control, 参数: {"action": "turnon", "entity": "CAR_DOOR", "position": "BOTH_SIDES"}
2026-03-23 09:42:54,550 - DEBUG - CaseID: 428 - parse_multi_results输入 - name_str: 'device_control', args_str: '{"action":"turnon","entity":"CAR_DOOR","position":"SECOND_ROW"}'
2026-03-23 09:42:54,550 - DEBUG - CaseID: 428 - parse_multi_results输出: [{'name': 'device_control', 'args': {'action': 'turnon', 'entity': 'CAR_DOOR', 'position': 'SECOND_ROW'}}]
2026-03-23 09:42:54,550 - DEBUG - CaseID: 428 - parse_multi_results输入 - name_str: 'device_control', args_str: '{"action":"turnon","position":"BOTH_SIDES","entity":"CAR_DOOR"}'
2026-03-23 09:42:54,550 - DEBUG - CaseID: 428 - parse_multi_results输出: [{'name': 'device_control', 'args': {'action': 'turnon', 'entity': 'CAR_DOOR', 'position': 'BOTH_SIDES'}}]
2026-03-23 09:42:54,550 - DEBUG - CaseID: 428 - expected_results: [{'name': 'device_control', 'args': {'action': 'turnon', 'entity': 'CAR_DOOR', 'position': 'SECOND_ROW'}}]
2026-03-23 09:42:54,550 - DEBUG - CaseID: 428 - actual_results: [{'name': 'device_control', 'args': {'action': 'turnon', 'entity': 'CAR_DOOR', 'position': 'BOTH_SIDES'}}]
2026-03-23 09:42:54,550 - DEBUG - CaseID: 428 - expected_keys: {('device_control', '{"action": "turnon", "entity": "CAR_DOOR", "position": "SECOND_ROW"}')}
2026-03-23 09:42:54,550 - DEBUG - CaseID: 428 - actual_keys: {('device_control', '{"action": "turnon", "entity": "CAR_DOOR", "position": "BOTH_SIDES"}')}
2026-03-23 09:42:54,550 - ERROR - CaseID: 428
实际结果缺少以下预期项：
  名称: device_control, 参数: {"action": "turnon", "entity": "CAR_DOOR", "position": "SECOND_ROW"}
实际结果多出以下非预期项：
  名称: device_control, 参数: {"action": "turnon", "entity": "CAR_DOOR", "position": "BOTH_SIDES"}
2026-03-23 09:42:54,550 - DEBUG - CaseID: 429 - parse_multi_results输入 - name_str: 'device_control', args_str: '{"action":"turnoff","entity":"CAR_DOOR","position":"SECOND_ROW"}'
2026-03-23 09:42:54,550 - DEBUG - CaseID: 429 - parse_multi_results输出: [{'name': 'device_control', 'args': {'action': 'turnoff', 'entity': 'CAR_DOOR', 'position': 'SECOND_ROW'}}]
2026-03-23 09:42:54,550 - DEBUG - CaseID: 429 - parse_multi_results输入 - name_str: 'device_control', args_str: '{"action":"turnoff","position":"BOTH_SIDES","entity":"CAR_DOOR"}'
2026-03-23 09:42:54,550 - DEBUG - CaseID: 429 - parse_multi_results输出: [{'name': 'device_control', 'args': {'action': 'turnoff', 'entity': 'CAR_DOOR', 'position': 'BOTH_SIDES'}}]
2026-03-23 09:42:54,550 - DEBUG - CaseID: 429 - expected_results: [{'name': 'device_control', 'args': {'action': 'turnoff', 'entity': 'CAR_DOOR', 'position': 'SECOND_ROW'}}]
2026-03-23 09:42:54,550 - DEBUG - CaseID: 429 - actual_results: [{'name': 'device_control', 'args': {'action': 'turnoff', 'entity': 'CAR_DOOR', 'position': 'BOTH_SIDES'}}]
2026-03-23 09:42:54,550 - DEBUG - CaseID: 429 - expected_keys: {('device_control', '{"action": "turnoff", "entity": "CAR_DOOR", "position": "SECOND_ROW"}')}
2026-03-23 09:42:54,550 - DEBUG - CaseID: 429 - actual_keys: {('device_control', '{"action": "turnoff", "entity": "CAR_DOOR", "position": "BOTH_SIDES"}')}
2026-03-23 09:42:54,550 - ERROR - CaseID: 429
实际结果缺少以下预期项：
  名称: device_control, 参数: {"action": "turnoff", "entity": "CAR_DOOR", "position": "SECOND_ROW"}
实际结果多出以下非预期项：
  名称: device_control, 参数: {"action": "turnoff", "entity": "CAR_DOOR", "position": "BOTH_SIDES"}
2026-03-23 09:42:54,550 - DEBUG - CaseID: 430 - parse_multi_results输入 - name_str: 'device_control', args_str: '{"action":"turnoff","entity":"CAR_DOOR","position":"SECOND_ROW"}'
2026-03-23 09:42:54,550 - DEBUG - CaseID: 430 - parse_multi_results输出: [{'name': 'device_control', 'args': {'action': 'turnoff', 'entity': 'CAR_DOOR', 'position': 'SECOND_ROW'}}]
2026-03-23 09:42:54,550 - DEBUG - CaseID: 430 - parse_multi_results输入 - name_str: 'device_control', args_str: '{"action":"turnoff","position":"BOTH_SIDES","entity":"CAR_DOOR"}'
2026-03-23 09:42:54,551 - DEBUG - CaseID: 430 - parse_multi_results输出: [{'name': 'device_control', 'args': {'action': 'turnoff', 'entity': 'CAR_DOOR', 'position': 'BOTH_SIDES'}}]
2026-03-23 09:42:54,551 - DEBUG - CaseID: 430 - expected_results: [{'name': 'device_control', 'args': {'action': 'turnoff', 'entity': 'CAR_DOOR', 'position': 'SECOND_ROW'}}]
2026-03-23 09:42:54,551 - DEBUG - CaseID: 430 - actual_results: [{'name': 'device_control', 'args': {'action': 'turnoff', 'entity': 'CAR_DOOR', 'position': 'BOTH_SIDES'}}]
2026-03-23 09:42:54,551 - DEBUG - CaseID: 430 - expected_keys: {('device_control', '{"action": "turnoff", "entity": "CAR_DOOR", "position": "SECOND_ROW"}')}
2026-03-23 09:42:54,551 - DEBUG - CaseID: 430 - actual_keys: {('device_control', '{"action": "turnoff", "entity": "CAR_DOOR", "position": "BOTH_SIDES"}')}
2026-03-23 09:42:54,551 - ERROR - CaseID: 430
实际结果缺少以下预期项：
  名称: device_control, 参数: {"action": "turnoff", "entity": "CAR_DOOR", "position": "SECOND_ROW"}
实际结果多出以下非预期项：
  名称: device_control, 参数: {"action": "turnoff", "entity": "CAR_DOOR", "position": "BOTH_SIDES"}
2026-03-23 09:42:54,551 - DEBUG - CaseID: 431 - parse_multi_results输入 - name_str: 'device_control', args_str: '{"action":"turnon","entity":"CAR_DOOR","position":"FIRST_ROW"}'
2026-03-23 09:42:54,551 - DEBUG - CaseID: 431 - parse_multi_results输出: [{'name': 'device_control', 'args': {'action': 'turnon', 'entity': 'CAR_DOOR', 'position': 'FIRST_ROW'}}]
2026-03-23 09:42:54,551 - DEBUG - CaseID: 431 - parse_multi_results输入 - name_str: 'device_control', args_str: '{"action":"turnon","position":"FIRST_ROW","entity":"CAR_DOOR"}'
2026-03-23 09:42:54,551 - DEBUG - CaseID: 431 - parse_multi_results输出: [{'name': 'device_control', 'args': {'action': 'turnon', 'entity': 'CAR_DOOR', 'position': 'FIRST_ROW'}}]
2026-03-23 09:42:54,551 - DEBUG - CaseID: 431 - expected_results: [{'name': 'device_control', 'args': {'action': 'turnon', 'entity': 'CAR_DOOR', 'position': 'FIRST_ROW'}}]
2026-03-23 09:42:54,551 - DEBUG - CaseID: 431 - actual_results: [{'name': 'device_control', 'args': {'action': 'turnon', 'entity': 'CAR_DOOR', 'position': 'FIRST_ROW'}}]
2026-03-23 09:42:54,551 - DEBUG - CaseID: 431 - expected_keys: {('device_control', '{"action": "turnon", "entity": "CAR_DOOR", "position": "FIRST_ROW"}')}
2026-03-23 09:42:54,551 - DEBUG - CaseID: 431 - actual_keys: {('device_control', '{"action": "turnon", "entity": "CAR_DOOR", "position": "FIRST_ROW"}')}
2026-03-23 09:42:54,551 - DEBUG - CaseID: 432 - parse_multi_results输入 - name_str: 'device_control', args_str: '{"action":"turnon","entity":"CAR_DOOR","position":"FIRST_ROW"}'
2026-03-23 09:42:54,551 - DEBUG - CaseID: 432 - parse_multi_results输出: [{'name': 'device_control', 'args': {'action': 'turnon', 'entity': 'CAR_DOOR', 'position': 'FIRST_ROW'}}]
2026-03-23 09:42:54,551 - DEBUG - CaseID: 432 - parse_multi_results输入 - name_str: 'device_control', args_str: '{"action":"turnon","position":"FIRST_ROW","entity":"CAR_DOOR"}'
2026-03-23 09:42:54,551 - DEBUG - CaseID: 432 - parse_multi_results输出: [{'name': 'device_control', 'args': {'action': 'turnon', 'entity': 'CAR_DOOR', 'position': 'FIRST_ROW'}}]
2026-03-23 09:42:54,551 - DEBUG - CaseID: 432 - expected_results: [{'name': 'device_control', 'args': {'action': 'turnon', 'entity': 'CAR_DOOR', 'position': 'FIRST_ROW'}}]
2026-03-23 09:42:54,551 - DEBUG - CaseID: 432 - actual_results: [{'name': 'device_control', 'args': {'action': 'turnon', 'entity': 'CAR_DOOR', 'position': 'FIRST_ROW'}}]
2026-03-23 09:42:54,551 - DEBUG - CaseID: 432 - expected_keys: {('device_control', '{"action": "turnon", "entity": "CAR_DOOR", "position": "FIRST_ROW"}')}
2026-03-23 09:42:54,551 - DEBUG - CaseID: 432 - actual_keys: {('device_control', '{"action": "turnon", "entity": "CAR_DOOR", "position": "FIRST_ROW"}')}
2026-03-23 09:42:54,551 - DEBUG - CaseID: 433 - parse_multi_results输入 - name_str: 'device_control', args_str: '{"action":"turnoff","entity":"CAR_DOOR","position":"FIRST_ROW"}'
2026-03-23 09:42:54,551 - DEBUG - CaseID: 433 - parse_multi_results输出: [{'name': 'device_control', 'args': {'action': 'turnoff', 'entity': 'CAR_DOOR', 'position': 'FIRST_ROW'}}]
2026-03-23 09:42:54,551 - DEBUG - CaseID: 433 - parse_multi_results输入 - name_str: 'device_control', args_str: '{"action":"turnoff","position":"FIRST_ROW","entity":"CAR_DOOR"}'
2026-03-23 09:42:54,551 - DEBUG - CaseID: 433 - parse_multi_results输出: [{'name': 'device_control', 'args': {'action': 'turnoff', 'entity': 'CAR_DOOR', 'position': 'FIRST_ROW'}}]
2026-03-23 09:42:54,551 - DEBUG - CaseID: 433 - expected_results: [{'name': 'device_control', 'args': {'action': 'turnoff', 'entity': 'CAR_DOOR', 'position': 'FIRST_ROW'}}]
2026-03-23 09:42:54,551 - DEBUG - CaseID: 433 - actual_results: [{'name': 'device_control', 'args': {'action': 'turnoff', 'entity': 'CAR_DOOR', 'position': 'FIRST_ROW'}}]
2026-03-23 09:42:54,551 - DEBUG - CaseID: 433 - expected_keys: {('device_control', '{"action": "turnoff", "entity": "CAR_DOOR", "position": "FIRST_ROW"}')}
2026-03-23 09:42:54,551 - DEBUG - CaseID: 433 - actual_keys: {('device_control', '{"action": "turnoff", "entity": "CAR_DOOR", "position": "FIRST_ROW"}')}
2026-03-23 09:42:54,551 - DEBUG - CaseID: 434 - parse_multi_results输入 - name_str: 'device_control', args_str: '{"action":"turnoff","entity":"CAR_DOOR","position":"FIRST_ROW"}'
2026-03-23 09:42:54,551 - DEBUG - CaseID: 434 - parse_multi_results输出: [{'name': 'device_control', 'args': {'action': 'turnoff', 'entity': 'CAR_DOOR', 'position': 'FIRST_ROW'}}]
2026-03-23 09:42:54,551 - DEBUG - CaseID: 434 - parse_multi_results输入 - name_str: 'device_control', args_str: '{"action":"turnoff","position":"FIRST_ROW","entity":"CAR_DOOR"}'
2026-03-23 09:42:54,552 - DEBUG - CaseID: 434 - parse_multi_results输出: [{'name': 'device_control', 'args': {'action': 'turnoff', 'entity': 'CAR_DOOR', 'position': 'FIRST_ROW'}}]
2026-03-23 09:42:54,552 - DEBUG - CaseID: 434 - expected_results: [{'name': 'device_control', 'args': {'action': 'turnoff', 'entity': 'CAR_DOOR', 'position': 'FIRST_ROW'}}]
2026-03-23 09:42:54,552 - DEBUG - CaseID: 434 - actual_results: [{'name': 'device_control', 'args': {'action': 'turnoff', 'entity': 'CAR_DOOR', 'position': 'FIRST_ROW'}}]
2026-03-23 09:42:54,552 - DEBUG - CaseID: 434 - expected_keys: {('device_control', '{"action": "turnoff", "entity": "CAR_DOOR", "position": "FIRST_ROW"}')}
2026-03-23 09:42:54,552 - DEBUG - CaseID: 434 - actual_keys: {('device_control', '{"action": "turnoff", "entity": "CAR_DOOR", "position": "FIRST_ROW"}')}
2026-03-23 09:42:54,552 - DEBUG - CaseID: 435 - parse_multi_results输入 - name_str: 'device_control', args_str: '{"action":"turnon","entity":"CAR_DOOR","position":"LEFT"}'
2026-03-23 09:42:54,552 - DEBUG - CaseID: 435 - parse_multi_results输出: [{'name': 'device_control', 'args': {'action': 'turnon', 'entity': 'CAR_DOOR', 'position': 'LEFT'}}]
2026-03-23 09:42:54,552 - DEBUG - CaseID: 435 - parse_multi_results输入 - name_str: 'device_control', args_str: '{"action":"turnon","position":"LEFT","entity":"CAR_DOOR"}'
2026-03-23 09:42:54,552 - DEBUG - CaseID: 435 - parse_multi_results输出: [{'name': 'device_control', 'args': {'action': 'turnon', 'entity': 'CAR_DOOR', 'position': 'LEFT'}}]
2026-03-23 09:42:54,552 - DEBUG - CaseID: 435 - expected_results: [{'name': 'device_control', 'args': {'action': 'turnon', 'entity': 'CAR_DOOR', 'position': 'LEFT'}}]
2026-03-23 09:42:54,552 - DEBUG - CaseID: 435 - actual_results: [{'name': 'device_control', 'args': {'action': 'turnon', 'entity': 'CAR_DOOR', 'position': 'LEFT'}}]
2026-03-23 09:42:54,552 - DEBUG - CaseID: 435 - expected_keys: {('device_control', '{"action": "turnon", "entity": "CAR_DOOR", "position": "LEFT"}')}
2026-03-23 09:42:54,552 - DEBUG - CaseID: 435 - actual_keys: {('device_control', '{"action": "turnon", "entity": "CAR_DOOR", "position": "LEFT"}')}
2026-03-23 09:42:54,552 - DEBUG - CaseID: 436 - parse_multi_results输入 - name_str: 'device_control', args_str: '{"action":"turnon","entity":"CAR_DOOR","position":"LEFT"}'
2026-03-23 09:42:54,552 - DEBUG - CaseID: 436 - parse_multi_results输出: [{'name': 'device_control', 'args': {'action': 'turnon', 'entity': 'CAR_DOOR', 'position': 'LEFT'}}]
2026-03-23 09:42:54,552 - DEBUG - CaseID: 436 - parse_multi_results输入 - name_str: 'device_control', args_str: '{"action":"turnon","position":"LEFT","entity":"CAR_DOOR"}'
2026-03-23 09:42:54,552 - DEBUG - CaseID: 436 - parse_multi_results输出: [{'name': 'device_control', 'args': {'action': 'turnon', 'entity': 'CAR_DOOR', 'position': 'LEFT'}}]
2026-03-23 09:42:54,552 - DEBUG - CaseID: 436 - expected_results: [{'name': 'device_control', 'args': {'action': 'turnon', 'entity': 'CAR_DOOR', 'position': 'LEFT'}}]
2026-03-23 09:42:54,552 - DEBUG - CaseID: 436 - actual_results: [{'name': 'device_control', 'args': {'action': 'turnon', 'entity': 'CAR_DOOR', 'position': 'LEFT'}}]
2026-03-23 09:42:54,552 - DEBUG - CaseID: 436 - expected_keys: {('device_control', '{"action": "turnon", "entity": "CAR_DOOR", "position": "LEFT"}')}
2026-03-23 09:42:54,552 - DEBUG - CaseID: 436 - actual_keys: {('device_control', '{"action": "turnon", "entity": "CAR_DOOR", "position": "LEFT"}')}
2026-03-23 09:42:54,552 - DEBUG - CaseID: 437 - parse_multi_results输入 - name_str: 'device_control', args_str: '{"action":"turnoff","entity":"CAR_DOOR","position":"LEFT"}'
2026-03-23 09:42:54,552 - DEBUG - CaseID: 437 - parse_multi_results输出: [{'name': 'device_control', 'args': {'action': 'turnoff', 'entity': 'CAR_DOOR', 'position': 'LEFT'}}]
2026-03-23 09:42:54,552 - DEBUG - CaseID: 437 - parse_multi_results输入 - name_str: 'device_control', args_str: '{"action":"turnoff","position":"LEFT","entity":"CAR_DOOR"}'
2026-03-23 09:42:54,552 - DEBUG - CaseID: 437 - parse_multi_results输出: [{'name': 'device_control', 'args': {'action': 'turnoff', 'entity': 'CAR_DOOR', 'position': 'LEFT'}}]
2026-03-23 09:42:54,552 - DEBUG - CaseID: 437 - expected_results: [{'name': 'device_control', 'args': {'action': 'turnoff', 'entity': 'CAR_DOOR', 'position': 'LEFT'}}]
2026-03-23 09:42:54,552 - DEBUG - CaseID: 437 - actual_results: [{'name': 'device_control', 'args': {'action': 'turnoff', 'entity': 'CAR_DOOR', 'position': 'LEFT'}}]
2026-03-23 09:42:54,552 - DEBUG - CaseID: 437 - expected_keys: {('device_control', '{"action": "turnoff", "entity": "CAR_DOOR", "position": "LEFT"}')}
2026-03-23 09:42:54,552 - DEBUG - CaseID: 437 - actual_keys: {('device_control', '{"action": "turnoff", "entity": "CAR_DOOR", "position": "LEFT"}')}
2026-03-23 09:42:54,552 - DEBUG - CaseID: 438 - parse_multi_results输入 - name_str: 'device_control', args_str: '{"action":"turnoff","entity":"CAR_DOOR","position":"LEFT"}'
2026-03-23 09:42:54,552 - DEBUG - CaseID: 438 - parse_multi_results输出: [{'name': 'device_control', 'args': {'action': 'turnoff', 'entity': 'CAR_DOOR', 'position': 'LEFT'}}]
2026-03-23 09:42:54,552 - DEBUG - CaseID: 438 - parse_multi_results输入 - name_str: 'device_control', args_str: '{"action":"turnoff","position":"LEFT","entity":"CAR_DOOR"}'
2026-03-23 09:42:54,552 - DEBUG - CaseID: 438 - parse_multi_results输出: [{'name': 'device_control', 'args': {'action': 'turnoff', 'entity': 'CAR_DOOR', 'position': 'LEFT'}}]
2026-03-23 09:42:54,552 - DEBUG - CaseID: 438 - expected_results: [{'name': 'device_control', 'args': {'action': 'turnoff', 'entity': 'CAR_DOOR', 'position': 'LEFT'}}]
2026-03-23 09:42:54,552 - DEBUG - CaseID: 438 - actual_results: [{'name': 'device_control', 'args': {'action': 'turnoff', 'entity': 'CAR_DOOR', 'position': 'LEFT'}}]
2026-03-23 09:42:54,552 - DEBUG - CaseID: 438 - expected_keys: {('device_control', '{"action": "turnoff", "entity": "CAR_DOOR", "position": "LEFT"}')}
2026-03-23 09:42:54,552 - DEBUG - CaseID: 438 - actual_keys: {('device_control', '{"action": "turnoff", "entity": "CAR_DOOR", "position": "LEFT"}')}
2026-03-23 09:42:54,552 - DEBUG - CaseID: 439 - parse_multi_results输入 - name_str: 'device_control', args_str: '{"action":"turnon","entity":"CAR_DOOR","position":"RIGHT"}'
2026-03-23 09:42:54,553 - DEBUG - CaseID: 439 - parse_multi_results输出: [{'name': 'device_control', 'args': {'action': 'turnon', 'entity': 'CAR_DOOR', 'position': 'RIGHT'}}]
2026-03-23 09:42:54,553 - DEBUG - CaseID: 439 - parse_multi_results输入 - name_str: 'device_control', args_str: '{"action":"turnon","position":"RIGHT","entity":"CAR_DOOR"}'
2026-03-23 09:42:54,553 - DEBUG - CaseID: 439 - parse_multi_results输出: [{'name': 'device_control', 'args': {'action': 'turnon', 'entity': 'CAR_DOOR', 'position': 'RIGHT'}}]
2026-03-23 09:42:54,553 - DEBUG - CaseID: 439 - expected_results: [{'name': 'device_control', 'args': {'action': 'turnon', 'entity': 'CAR_DOOR', 'position': 'RIGHT'}}]
2026-03-23 09:42:54,553 - DEBUG - CaseID: 439 - actual_results: [{'name': 'device_control', 'args': {'action': 'turnon', 'entity': 'CAR_DOOR', 'position': 'RIGHT'}}]
2026-03-23 09:42:54,553 - DEBUG - CaseID: 439 - expected_keys: {('device_control', '{"action": "turnon", "entity": "CAR_DOOR", "position": "RIGHT"}')}
2026-03-23 09:42:54,553 - DEBUG - CaseID: 439 - actual_keys: {('device_control', '{"action": "turnon", "entity": "CAR_DOOR", "position": "RIGHT"}')}
2026-03-23 09:42:54,553 - DEBUG - CaseID: 440 - parse_multi_results输入 - name_str: 'device_control', args_str: '{"action":"turnon","entity":"CAR_DOOR","position":"RIGHT"}'
2026-03-23 09:42:54,553 - DEBUG - CaseID: 440 - parse_multi_results输出: [{'name': 'device_control', 'args': {'action': 'turnon', 'entity': 'CAR_DOOR', 'position': 'RIGHT'}}]
2026-03-23 09:42:54,553 - DEBUG - CaseID: 440 - parse_multi_results输入 - name_str: 'device_control', args_str: '{"action":"turnon","position":"RIGHT","entity":"CAR_DOOR"}'
2026-03-23 09:42:54,553 - DEBUG - CaseID: 440 - parse_multi_results输出: [{'name': 'device_control', 'args': {'action': 'turnon', 'entity': 'CAR_DOOR', 'position': 'RIGHT'}}]
2026-03-23 09:42:54,553 - DEBUG - CaseID: 440 - expected_results: [{'name': 'device_control', 'args': {'action': 'turnon', 'entity': 'CAR_DOOR', 'position': 'RIGHT'}}]
2026-03-23 09:42:54,553 - DEBUG - CaseID: 440 - actual_results: [{'name': 'device_control', 'args': {'action': 'turnon', 'entity': 'CAR_DOOR', 'position': 'RIGHT'}}]
2026-03-23 09:42:54,553 - DEBUG - CaseID: 440 - expected_keys: {('device_control', '{"action": "turnon", "entity": "CAR_DOOR", "position": "RIGHT"}')}
2026-03-23 09:42:54,553 - DEBUG - CaseID: 440 - actual_keys: {('device_control', '{"action": "turnon", "entity": "CAR_DOOR", "position": "RIGHT"}')}
2026-03-23 09:42:54,553 - DEBUG - CaseID: 441 - parse_multi_results输入 - name_str: 'device_control', args_str: '{"action":"turnoff","entity":"CAR_DOOR","position":"RIGHT"}'
2026-03-23 09:42:54,553 - DEBUG - CaseID: 441 - parse_multi_results输出: [{'name': 'device_control', 'args': {'action': 'turnoff', 'entity': 'CAR_DOOR', 'position': 'RIGHT'}}]
2026-03-23 09:42:54,553 - DEBUG - CaseID: 441 - parse_multi_results输入 - name_str: 'device_control', args_str: '{"action":"turnoff","position":"RIGHT","entity":"CAR_DOOR"}'
2026-03-23 09:42:54,553 - DEBUG - CaseID: 441 - parse_multi_results输出: [{'name': 'device_control', 'args': {'action': 'turnoff', 'entity': 'CAR_DOOR', 'position': 'RIGHT'}}]
2026-03-23 09:42:54,553 - DEBUG - CaseID: 441 - expected_results: [{'name': 'device_control', 'args': {'action': 'turnoff', 'entity': 'CAR_DOOR', 'position': 'RIGHT'}}]
2026-03-23 09:42:54,553 - DEBUG - CaseID: 441 - actual_results: [{'name': 'device_control', 'args': {'action': 'turnoff', 'entity': 'CAR_DOOR', 'position': 'RIGHT'}}]
2026-03-23 09:42:54,553 - DEBUG - CaseID: 441 - expected_keys: {('device_control', '{"action": "turnoff", "entity": "CAR_DOOR", "position": "RIGHT"}')}
2026-03-23 09:42:54,553 - DEBUG - CaseID: 441 - actual_keys: {('device_control', '{"action": "turnoff", "entity": "CAR_DOOR", "position": "RIGHT"}')}
2026-03-23 09:42:54,553 - DEBUG - CaseID: 442 - parse_multi_results输入 - name_str: 'device_control', args_str: '{"action":"turnoff","entity":"CAR_DOOR","position":"RIGHT"}'
2026-03-23 09:42:54,553 - DEBUG - CaseID: 442 - parse_multi_results输出: [{'name': 'device_control', 'args': {'action': 'turnoff', 'entity': 'CAR_DOOR', 'position': 'RIGHT'}}]
2026-03-23 09:42:54,553 - DEBUG - CaseID: 442 - parse_multi_results输入 - name_str: 'device_control', args_str: '{"action":"turnoff","position":"RIGHT","entity":"CAR_DOOR"}'
2026-03-23 09:42:54,553 - DEBUG - CaseID: 442 - parse_multi_results输出: [{'name': 'device_control', 'args': {'action': 'turnoff', 'entity': 'CAR_DOOR', 'position': 'RIGHT'}}]
2026-03-23 09:42:54,553 - DEBUG - CaseID: 442 - expected_results: [{'name': 'device_control', 'args': {'action': 'turnoff', 'entity': 'CAR_DOOR', 'position': 'RIGHT'}}]
2026-03-23 09:42:54,553 - DEBUG - CaseID: 442 - actual_results: [{'name': 'device_control', 'args': {'action': 'turnoff', 'entity': 'CAR_DOOR', 'position': 'RIGHT'}}]
2026-03-23 09:42:54,553 - DEBUG - CaseID: 442 - expected_keys: {('device_control', '{"action": "turnoff", "entity": "CAR_DOOR", "position": "RIGHT"}')}
2026-03-23 09:42:54,553 - DEBUG - CaseID: 442 - actual_keys: {('device_control', '{"action": "turnoff", "entity": "CAR_DOOR", "position": "RIGHT"}')}
2026-03-23 09:42:54,553 - DEBUG - CaseID: 443 - parse_multi_results输入 - name_str: 'device_control', args_str: '{"action":"turnon","entity":"CAR_DOOR","position":"FIRST_ROW"}'
2026-03-23 09:42:54,553 - DEBUG - CaseID: 443 - parse_multi_results输出: [{'name': 'device_control', 'args': {'action': 'turnon', 'entity': 'CAR_DOOR', 'position': 'FIRST_ROW'}}]
2026-03-23 09:42:54,553 - DEBUG - CaseID: 443 - parse_multi_results输入 - name_str: 'device_control', args_str: '{"action":"turnon","position":"FIRST_ROW","entity":"CAR_DOOR"}'
2026-03-23 09:42:54,553 - DEBUG - CaseID: 443 - parse_multi_results输出: [{'name': 'device_control', 'args': {'action': 'turnon', 'entity': 'CAR_DOOR', 'position': 'FIRST_ROW'}}]
2026-03-23 09:42:54,553 - DEBUG - CaseID: 443 - expected_results: [{'name': 'device_control', 'args': {'action': 'turnon', 'entity': 'CAR_DOOR', 'position': 'FIRST_ROW'}}]
2026-03-23 09:42:54,553 - DEBUG - CaseID: 443 - actual_results: [{'name': 'device_control', 'args': {'action': 'turnon', 'entity': 'CAR_DOOR', 'position': 'FIRST_ROW'}}]
2026-03-23 09:42:54,553 - DEBUG - CaseID: 443 - expected_keys: {('device_control', '{"action": "turnon", "entity": "CAR_DOOR", "position": "FIRST_ROW"}')}
2026-03-23 09:42:54,553 - DEBUG - CaseID: 443 - actual_keys: {('device_control', '{"action": "turnon", "entity": "CAR_DOOR", "position": "FIRST_ROW"}')}
2026-03-23 09:42:54,554 - DEBUG - CaseID: 444 - parse_multi_results输入 - name_str: 'device_control', args_str: '{"action":"turnon","entity":"CAR_DOOR","position":"FIRST_ROW"}'
2026-03-23 09:42:54,554 - DEBUG - CaseID: 444 - parse_multi_results输出: [{'name': 'device_control', 'args': {'action': 'turnon', 'entity': 'CAR_DOOR', 'position': 'FIRST_ROW'}}]
2026-03-23 09:42:54,554 - DEBUG - CaseID: 444 - parse_multi_results输入 - name_str: 'device_control', args_str: '{"action":"turnon","position":"FIRST_ROW","entity":"CAR_DOOR"}'
2026-03-23 09:42:54,554 - DEBUG - CaseID: 444 - parse_multi_results输出: [{'name': 'device_control', 'args': {'action': 'turnon', 'entity': 'CAR_DOOR', 'position': 'FIRST_ROW'}}]
2026-03-23 09:42:54,554 - DEBUG - CaseID: 444 - expected_results: [{'name': 'device_control', 'args': {'action': 'turnon', 'entity': 'CAR_DOOR', 'position': 'FIRST_ROW'}}]
2026-03-23 09:42:54,554 - DEBUG - CaseID: 444 - actual_results: [{'name': 'device_control', 'args': {'action': 'turnon', 'entity': 'CAR_DOOR', 'position': 'FIRST_ROW'}}]
2026-03-23 09:42:54,554 - DEBUG - CaseID: 444 - expected_keys: {('device_control', '{"action": "turnon", "entity": "CAR_DOOR", "position": "FIRST_ROW"}')}
2026-03-23 09:42:54,554 - DEBUG - CaseID: 444 - actual_keys: {('device_control', '{"action": "turnon", "entity": "CAR_DOOR", "position": "FIRST_ROW"}')}
2026-03-23 09:42:54,554 - DEBUG - CaseID: 445 - parse_multi_results输入 - name_str: 'device_control', args_str: '{"action":"turnoff","entity":"CAR_DOOR","position":"FIRST_ROW"}'
2026-03-23 09:42:54,554 - DEBUG - CaseID: 445 - parse_multi_results输出: [{'name': 'device_control', 'args': {'action': 'turnoff', 'entity': 'CAR_DOOR', 'position': 'FIRST_ROW'}}]
2026-03-23 09:42:54,554 - DEBUG - CaseID: 445 - parse_multi_results输入 - name_str: 'device_control', args_str: '{"action":"turnoff","position":"FIRST_ROW","entity":"CAR_DOOR"}'
2026-03-23 09:42:54,554 - DEBUG - CaseID: 445 - parse_multi_results输出: [{'name': 'device_control', 'args': {'action': 'turnoff', 'entity': 'CAR_DOOR', 'position': 'FIRST_ROW'}}]
2026-03-23 09:42:54,554 - DEBUG - CaseID: 445 - expected_results: [{'name': 'device_control', 'args': {'action': 'turnoff', 'entity': 'CAR_DOOR', 'position': 'FIRST_ROW'}}]
2026-03-23 09:42:54,554 - DEBUG - CaseID: 445 - actual_results: [{'name': 'device_control', 'args': {'action': 'turnoff', 'entity': 'CAR_DOOR', 'position': 'FIRST_ROW'}}]
2026-03-23 09:42:54,554 - DEBUG - CaseID: 445 - expected_keys: {('device_control', '{"action": "turnoff", "entity": "CAR_DOOR", "position": "FIRST_ROW"}')}
2026-03-23 09:42:54,554 - DEBUG - CaseID: 445 - actual_keys: {('device_control', '{"action": "turnoff", "entity": "CAR_DOOR", "position": "FIRST_ROW"}')}
2026-03-23 09:42:54,554 - DEBUG - CaseID: 446 - parse_multi_results输入 - name_str: 'device_control', args_str: '{"action":"turnoff","entity":"CAR_DOOR","position":"FIRST_ROW"}'
2026-03-23 09:42:54,554 - DEBUG - CaseID: 446 - parse_multi_results输出: [{'name': 'device_control', 'args': {'action': 'turnoff', 'entity': 'CAR_DOOR', 'position': 'FIRST_ROW'}}]
2026-03-23 09:42:54,554 - DEBUG - CaseID: 446 - parse_multi_results输入 - name_str: 'device_control', args_str: '{"action":"turnoff","position":"FIRST_ROW","entity":"CAR_DOOR"}'
2026-03-23 09:42:54,554 - DEBUG - CaseID: 446 - parse_multi_results输出: [{'name': 'device_control', 'args': {'action': 'turnoff', 'entity': 'CAR_DOOR', 'position': 'FIRST_ROW'}}]
2026-03-23 09:42:54,554 - DEBUG - CaseID: 446 - expected_results: [{'name': 'device_control', 'args': {'action': 'turnoff', 'entity': 'CAR_DOOR', 'position': 'FIRST_ROW'}}]
2026-03-23 09:42:54,554 - DEBUG - CaseID: 446 - actual_results: [{'name': 'device_control', 'args': {'action': 'turnoff', 'entity': 'CAR_DOOR', 'position': 'FIRST_ROW'}}]
2026-03-23 09:42:54,554 - DEBUG - CaseID: 446 - expected_keys: {('device_control', '{"action": "turnoff", "entity": "CAR_DOOR", "position": "FIRST_ROW"}')}
2026-03-23 09:42:54,554 - DEBUG - CaseID: 446 - actual_keys: {('device_control', '{"action": "turnoff", "entity": "CAR_DOOR", "position": "FIRST_ROW"}')}
2026-03-23 09:42:54,554 - DEBUG - CaseID: 447 - parse_multi_results输入 - name_str: 'device_control', args_str: '{"action":"turnon","entity":"CAR_DOOR","position":"WHOLE"}'
2026-03-23 09:42:54,554 - DEBUG - CaseID: 447 - parse_multi_results输出: [{'name': 'device_control', 'args': {'action': 'turnon', 'entity': 'CAR_DOOR', 'position': 'WHOLE'}}]
2026-03-23 09:42:54,554 - DEBUG - CaseID: 447 - parse_multi_results输入 - name_str: 'device_control', args_str: '{"action":"turnon","position":"WHOLE","entity":"CAR_DOOR"}'
2026-03-23 09:42:54,554 - DEBUG - CaseID: 447 - parse_multi_results输出: [{'name': 'device_control', 'args': {'action': 'turnon', 'entity': 'CAR_DOOR', 'position': 'WHOLE'}}]
2026-03-23 09:42:54,554 - DEBUG - CaseID: 447 - expected_results: [{'name': 'device_control', 'args': {'action': 'turnon', 'entity': 'CAR_DOOR', 'position': 'WHOLE'}}]
2026-03-23 09:42:54,554 - DEBUG - CaseID: 447 - actual_results: [{'name': 'device_control', 'args': {'action': 'turnon', 'entity': 'CAR_DOOR', 'position': 'WHOLE'}}]
2026-03-23 09:42:54,554 - DEBUG - CaseID: 447 - expected_keys: {('device_control', '{"action": "turnon", "entity": "CAR_DOOR", "position": "WHOLE"}')}
2026-03-23 09:42:54,554 - DEBUG - CaseID: 447 - actual_keys: {('device_control', '{"action": "turnon", "entity": "CAR_DOOR", "position": "WHOLE"}')}
2026-03-23 09:42:54,554 - DEBUG - CaseID: 448 - parse_multi_results输入 - name_str: 'device_control', args_str: '{"action":"turnon","entity":"CAR_DOOR","position":"DRIVER"}'
2026-03-23 09:42:54,554 - DEBUG - CaseID: 448 - parse_multi_results输出: [{'name': 'device_control', 'args': {'action': 'turnon', 'entity': 'CAR_DOOR', 'position': 'DRIVER'}}]
2026-03-23 09:42:54,554 - DEBUG - CaseID: 448 - parse_multi_results输入 - name_str: 'device_control', args_str: '{"action":"turnon","position":"DRIVER","entity":"CAR_DOOR"}'
2026-03-23 09:42:54,554 - DEBUG - CaseID: 448 - parse_multi_results输出: [{'name': 'device_control', 'args': {'action': 'turnon', 'entity': 'CAR_DOOR', 'position': 'DRIVER'}}]
2026-03-23 09:42:54,555 - DEBUG - CaseID: 448 - expected_results: [{'name': 'device_control', 'args': {'action': 'turnon', 'entity': 'CAR_DOOR', 'position': 'DRIVER'}}]
2026-03-23 09:42:54,555 - DEBUG - CaseID: 448 - actual_results: [{'name': 'device_control', 'args': {'action': 'turnon', 'entity': 'CAR_DOOR', 'position': 'DRIVER'}}]
2026-03-23 09:42:54,555 - DEBUG - CaseID: 448 - expected_keys: {('device_control', '{"action": "turnon", "entity": "CAR_DOOR", "position": "DRIVER"}')}
2026-03-23 09:42:54,555 - DEBUG - CaseID: 448 - actual_keys: {('device_control', '{"action": "turnon", "entity": "CAR_DOOR", "position": "DRIVER"}')}
2026-03-23 09:42:54,555 - DEBUG - CaseID: 449 - parse_multi_results输入 - name_str: 'device_control', args_str: '{"action":"turnon","entity":"CAR_DOOR","position":"PASSENGER"}'
2026-03-23 09:42:54,555 - DEBUG - CaseID: 449 - parse_multi_results输出: [{'name': 'device_control', 'args': {'action': 'turnon', 'entity': 'CAR_DOOR', 'position': 'PASSENGER'}}]
2026-03-23 09:42:54,555 - DEBUG - CaseID: 449 - parse_multi_results输入 - name_str: 'device_control', args_str: '{"action":"turnon","position":"PASSENGER","entity":"CAR_DOOR"}'
2026-03-23 09:42:54,555 - DEBUG - CaseID: 449 - parse_multi_results输出: [{'name': 'device_control', 'args': {'action': 'turnon', 'entity': 'CAR_DOOR', 'position': 'PASSENGER'}}]
2026-03-23 09:42:54,555 - DEBUG - CaseID: 449 - expected_results: [{'name': 'device_control', 'args': {'action': 'turnon', 'entity': 'CAR_DOOR', 'position': 'PASSENGER'}}]
2026-03-23 09:42:54,555 - DEBUG - CaseID: 449 - actual_results: [{'name': 'device_control', 'args': {'action': 'turnon', 'entity': 'CAR_DOOR', 'position': 'PASSENGER'}}]
2026-03-23 09:42:54,555 - DEBUG - CaseID: 449 - expected_keys: {('device_control', '{"action": "turnon", "entity": "CAR_DOOR", "position": "PASSENGER"}')}
2026-03-23 09:42:54,555 - DEBUG - CaseID: 449 - actual_keys: {('device_control', '{"action": "turnon", "entity": "CAR_DOOR", "position": "PASSENGER"}')}
2026-03-23 09:42:54,555 - DEBUG - CaseID: 450 - parse_multi_results输入 - name_str: 'device_control', args_str: '{"action":"turnon","entity":"CAR_DOOR","position":"SECOND_ROW"}'
2026-03-23 09:42:54,555 - DEBUG - CaseID: 450 - parse_multi_results输出: [{'name': 'device_control', 'args': {'action': 'turnon', 'entity': 'CAR_DOOR', 'position': 'SECOND_ROW'}}]
2026-03-23 09:42:54,555 - DEBUG - CaseID: 450 - parse_multi_results输入 - name_str: 'device_control', args_str: '{"action":"turnon","position":"SECOND_ROW","entity":"CAR_DOOR"}'
2026-03-23 09:42:54,555 - DEBUG - CaseID: 450 - parse_multi_results输出: [{'name': 'device_control', 'args': {'action': 'turnon', 'entity': 'CAR_DOOR', 'position': 'SECOND_ROW'}}]
2026-03-23 09:42:54,555 - DEBUG - CaseID: 450 - expected_results: [{'name': 'device_control', 'args': {'action': 'turnon', 'entity': 'CAR_DOOR', 'position': 'SECOND_ROW'}}]
2026-03-23 09:42:54,555 - DEBUG - CaseID: 450 - actual_results: [{'name': 'device_control', 'args': {'action': 'turnon', 'entity': 'CAR_DOOR', 'position': 'SECOND_ROW'}}]
2026-03-23 09:42:54,555 - DEBUG - CaseID: 450 - expected_keys: {('device_control', '{"action": "turnon", "entity": "CAR_DOOR", "position": "SECOND_ROW"}')}
2026-03-23 09:42:54,555 - DEBUG - CaseID: 450 - actual_keys: {('device_control', '{"action": "turnon", "entity": "CAR_DOOR", "position": "SECOND_ROW"}')}
2026-03-23 09:42:54,555 - DEBUG - CaseID: 451 - parse_multi_results输入 - name_str: 'device_control', args_str: '{"action":"turnon","entity":"CAR_DOOR","position":"LEFT_SEAT_OF_SECOND_ROW"}'
2026-03-23 09:42:54,555 - DEBUG - CaseID: 451 - parse_multi_results输出: [{'name': 'device_control', 'args': {'action': 'turnon', 'entity': 'CAR_DOOR', 'position': 'LEFT_SEAT_OF_SECOND_ROW'}}]
2026-03-23 09:42:54,555 - DEBUG - CaseID: 451 - parse_multi_results输入 - name_str: 'device_control', args_str: '{"action":"turnon","position":"LEFT_SEAT_OF_SECOND_ROW","entity":"CAR_DOOR"}'
2026-03-23 09:42:54,555 - DEBUG - CaseID: 451 - parse_multi_results输出: [{'name': 'device_control', 'args': {'action': 'turnon', 'entity': 'CAR_DOOR', 'position': 'LEFT_SEAT_OF_SECOND_ROW'}}]
2026-03-23 09:42:54,555 - DEBUG - CaseID: 451 - expected_results: [{'name': 'device_control', 'args': {'action': 'turnon', 'entity': 'CAR_DOOR', 'position': 'LEFT_SEAT_OF_SECOND_ROW'}}]
2026-03-23 09:42:54,555 - DEBUG - CaseID: 451 - actual_results: [{'name': 'device_control', 'args': {'action': 'turnon', 'entity': 'CAR_DOOR', 'position': 'LEFT_SEAT_OF_SECOND_ROW'}}]
2026-03-23 09:42:54,555 - DEBUG - CaseID: 451 - expected_keys: {('device_control', '{"action": "turnon", "entity": "CAR_DOOR", "position": "LEFT_SEAT_OF_SECOND_ROW"}')}
2026-03-23 09:42:54,555 - DEBUG - CaseID: 451 - actual_keys: {('device_control', '{"action": "turnon", "entity": "CAR_DOOR", "position": "LEFT_SEAT_OF_SECOND_ROW"}')}
2026-03-23 09:42:54,555 - DEBUG - CaseID: 452 - parse_multi_results输入 - name_str: 'device_control', args_str: '{"action":"turnon","entity":"CAR_DOOR","position":"RIGHT_SEAT_OF_SECOND_ROW"}'
2026-03-23 09:42:54,555 - DEBUG - CaseID: 452 - parse_multi_results输出: [{'name': 'device_control', 'args': {'action': 'turnon', 'entity': 'CAR_DOOR', 'position': 'RIGHT_SEAT_OF_SECOND_ROW'}}]
2026-03-23 09:42:54,555 - DEBUG - CaseID: 452 - parse_multi_results输入 - name_str: 'device_control', args_str: '{"action":"turnon","position":"RIGHT_SEAT_OF_SECOND_ROW","entity":"CAR_DOOR"}'
2026-03-23 09:42:54,555 - DEBUG - CaseID: 452 - parse_multi_results输出: [{'name': 'device_control', 'args': {'action': 'turnon', 'entity': 'CAR_DOOR', 'position': 'RIGHT_SEAT_OF_SECOND_ROW'}}]
2026-03-23 09:42:54,555 - DEBUG - CaseID: 452 - expected_results: [{'name': 'device_control', 'args': {'action': 'turnon', 'entity': 'CAR_DOOR', 'position': 'RIGHT_SEAT_OF_SECOND_ROW'}}]
2026-03-23 09:42:54,555 - DEBUG - CaseID: 452 - actual_results: [{'name': 'device_control', 'args': {'action': 'turnon', 'entity': 'CAR_DOOR', 'position': 'RIGHT_SEAT_OF_SECOND_ROW'}}]
2026-03-23 09:42:54,555 - DEBUG - CaseID: 452 - expected_keys: {('device_control', '{"action": "turnon", "entity": "CAR_DOOR", "position": "RIGHT_SEAT_OF_SECOND_ROW"}')}
2026-03-23 09:42:54,555 - DEBUG - CaseID: 452 - actual_keys: {('device_control', '{"action": "turnon", "entity": "CAR_DOOR", "position": "RIGHT_SEAT_OF_SECOND_ROW"}')}
2026-03-23 09:42:54,555 - DEBUG - CaseID: 453 - parse_multi_results输入 - name_str: 'device_control', args_str: '{"action":"turnon","entity":"CAR_DOOR","position":"SECOND_ROW"}'
2026-03-23 09:42:54,555 - DEBUG - CaseID: 453 - parse_multi_results输出: [{'name': 'device_control', 'args': {'action': 'turnon', 'entity': 'CAR_DOOR', 'position': 'SECOND_ROW'}}]
2026-03-23 09:42:54,556 - DEBUG - CaseID: 453 - parse_multi_results输入 - name_str: 'device_control', args_str: '{"action":"turnon","position":"BOTH_SIDES","entity":"CAR_DOOR"}'
2026-03-23 09:42:54,556 - DEBUG - CaseID: 453 - parse_multi_results输出: [{'name': 'device_control', 'args': {'action': 'turnon', 'entity': 'CAR_DOOR', 'position': 'BOTH_SIDES'}}]
2026-03-23 09:42:54,556 - DEBUG - CaseID: 453 - expected_results: [{'name': 'device_control', 'args': {'action': 'turnon', 'entity': 'CAR_DOOR', 'position': 'SECOND_ROW'}}]
2026-03-23 09:42:54,556 - DEBUG - CaseID: 453 - actual_results: [{'name': 'device_control', 'args': {'action': 'turnon', 'entity': 'CAR_DOOR', 'position': 'BOTH_SIDES'}}]
2026-03-23 09:42:54,556 - DEBUG - CaseID: 453 - expected_keys: {('device_control', '{"action": "turnon", "entity": "CAR_DOOR", "position": "SECOND_ROW"}')}
2026-03-23 09:42:54,556 - DEBUG - CaseID: 453 - actual_keys: {('device_control', '{"action": "turnon", "entity": "CAR_DOOR", "position": "BOTH_SIDES"}')}
2026-03-23 09:42:54,556 - ERROR - CaseID: 453
实际结果缺少以下预期项：
  名称: device_control, 参数: {"action": "turnon", "entity": "CAR_DOOR", "position": "SECOND_ROW"}
实际结果多出以下非预期项：
  名称: device_control, 参数: {"action": "turnon", "entity": "CAR_DOOR", "position": "BOTH_SIDES"}
2026-03-23 09:42:54,556 - DEBUG - CaseID: 454 - parse_multi_results输入 - name_str: 'device_control', args_str: '{"action":"turnon","entity":"CAR_DOOR","position":"FIRST_ROW"}'
2026-03-23 09:42:54,556 - DEBUG - CaseID: 454 - parse_multi_results输出: [{'name': 'device_control', 'args': {'action': 'turnon', 'entity': 'CAR_DOOR', 'position': 'FIRST_ROW'}}]
2026-03-23 09:42:54,556 - DEBUG - CaseID: 454 - parse_multi_results输入 - name_str: 'device_control', args_str: '{"action":"turnon","position":"FIRST_ROW","entity":"CAR_DOOR"}'
2026-03-23 09:42:54,556 - DEBUG - CaseID: 454 - parse_multi_results输出: [{'name': 'device_control', 'args': {'action': 'turnon', 'entity': 'CAR_DOOR', 'position': 'FIRST_ROW'}}]
2026-03-23 09:42:54,556 - DEBUG - CaseID: 454 - expected_results: [{'name': 'device_control', 'args': {'action': 'turnon', 'entity': 'CAR_DOOR', 'position': 'FIRST_ROW'}}]
2026-03-23 09:42:54,556 - DEBUG - CaseID: 454 - actual_results: [{'name': 'device_control', 'args': {'action': 'turnon', 'entity': 'CAR_DOOR', 'position': 'FIRST_ROW'}}]
2026-03-23 09:42:54,556 - DEBUG - CaseID: 454 - expected_keys: {('device_control', '{"action": "turnon", "entity": "CAR_DOOR", "position": "FIRST_ROW"}')}
2026-03-23 09:42:54,556 - DEBUG - CaseID: 454 - actual_keys: {('device_control', '{"action": "turnon", "entity": "CAR_DOOR", "position": "FIRST_ROW"}')}
2026-03-23 09:42:54,556 - DEBUG - CaseID: 455 - parse_multi_results输入 - name_str: 'device_control', args_str: '{"action":"turnon","entity":"CAR_DOOR","position":"LEFT"}'
2026-03-23 09:42:54,556 - DEBUG - CaseID: 455 - parse_multi_results输出: [{'name': 'device_control', 'args': {'action': 'turnon', 'entity': 'CAR_DOOR', 'position': 'LEFT'}}]
2026-03-23 09:42:54,556 - DEBUG - CaseID: 455 - parse_multi_results输入 - name_str: 'device_control', args_str: '{"action":"turnon","position":"LEFT","entity":"CAR_DOOR"}'
2026-03-23 09:42:54,556 - DEBUG - CaseID: 455 - parse_multi_results输出: [{'name': 'device_control', 'args': {'action': 'turnon', 'entity': 'CAR_DOOR', 'position': 'LEFT'}}]
2026-03-23 09:42:54,556 - DEBUG - CaseID: 455 - expected_results: [{'name': 'device_control', 'args': {'action': 'turnon', 'entity': 'CAR_DOOR', 'position': 'LEFT'}}]
2026-03-23 09:42:54,556 - DEBUG - CaseID: 455 - actual_results: [{'name': 'device_control', 'args': {'action': 'turnon', 'entity': 'CAR_DOOR', 'position': 'LEFT'}}]
2026-03-23 09:42:54,556 - DEBUG - CaseID: 455 - expected_keys: {('device_control', '{"action": "turnon", "entity": "CAR_DOOR", "position": "LEFT"}')}
2026-03-23 09:42:54,556 - DEBUG - CaseID: 455 - actual_keys: {('device_control', '{"action": "turnon", "entity": "CAR_DOOR", "position": "LEFT"}')}
2026-03-23 09:42:54,556 - DEBUG - CaseID: 456 - parse_multi_results输入 - name_str: 'device_control', args_str: '{"action":"turnon","entity":"CAR_DOOR","position":"RIGHT"}'
2026-03-23 09:42:54,556 - DEBUG - CaseID: 456 - parse_multi_results输出: [{'name': 'device_control', 'args': {'action': 'turnon', 'entity': 'CAR_DOOR', 'position': 'RIGHT'}}]
2026-03-23 09:42:54,556 - DEBUG - CaseID: 456 - parse_multi_results输入 - name_str: 'device_control', args_str: '{"action":"turnon","position":"RIGHT","entity":"CAR_DOOR"}'
2026-03-23 09:42:54,556 - DEBUG - CaseID: 456 - parse_multi_results输出: [{'name': 'device_control', 'args': {'action': 'turnon', 'entity': 'CAR_DOOR', 'position': 'RIGHT'}}]
2026-03-23 09:42:54,556 - DEBUG - CaseID: 456 - expected_results: [{'name': 'device_control', 'args': {'action': 'turnon', 'entity': 'CAR_DOOR', 'position': 'RIGHT'}}]
2026-03-23 09:42:54,556 - DEBUG - CaseID: 456 - actual_results: [{'name': 'device_control', 'args': {'action': 'turnon', 'entity': 'CAR_DOOR', 'position': 'RIGHT'}}]
2026-03-23 09:42:54,556 - DEBUG - CaseID: 456 - expected_keys: {('device_control', '{"action": "turnon", "entity": "CAR_DOOR", "position": "RIGHT"}')}
2026-03-23 09:42:54,556 - DEBUG - CaseID: 456 - actual_keys: {('device_control', '{"action": "turnon", "entity": "CAR_DOOR", "position": "RIGHT"}')}
2026-03-23 09:42:54,556 - DEBUG - CaseID: 457 - parse_multi_results输入 - name_str: 'device_control', args_str: '{"action":"turnon","entity":"CAR_DOOR","position":"FIRST_ROW"}'
2026-03-23 09:42:54,556 - DEBUG - CaseID: 457 - parse_multi_results输出: [{'name': 'device_control', 'args': {'action': 'turnon', 'entity': 'CAR_DOOR', 'position': 'FIRST_ROW'}}]
2026-03-23 09:42:54,556 - DEBUG - CaseID: 457 - parse_multi_results输入 - name_str: 'device_control', args_str: '{"action":"turnon","position":"FIRST_ROW","entity":"CAR_DOOR"}'
2026-03-23 09:42:54,556 - DEBUG - CaseID: 457 - parse_multi_results输出: [{'name': 'device_control', 'args': {'action': 'turnon', 'entity': 'CAR_DOOR', 'position': 'FIRST_ROW'}}]
2026-03-23 09:42:54,556 - DEBUG - CaseID: 457 - expected_results: [{'name': 'device_control', 'args': {'action': 'turnon', 'entity': 'CAR_DOOR', 'position': 'FIRST_ROW'}}]
2026-03-23 09:42:54,556 - DEBUG - CaseID: 457 - actual_results: [{'name': 'device_control', 'args': {'action': 'turnon', 'entity': 'CAR_DOOR', 'position': 'FIRST_ROW'}}]
2026-03-23 09:42:54,556 - DEBUG - CaseID: 457 - expected_keys: {('device_control', '{"action": "turnon", "entity": "CAR_DOOR", "position": "FIRST_ROW"}')}
2026-03-23 09:42:54,557 - DEBUG - CaseID: 457 - actual_keys: {('device_control', '{"action": "turnon", "entity": "CAR_DOOR", "position": "FIRST_ROW"}')}
2026-03-23 09:42:54,557 - DEBUG - CaseID: 458 - parse_multi_results输入 - name_str: 'device_control', args_str: '{"action":"turnon","entity":"CAR_DOOR","position":"WHOLE"}'
2026-03-23 09:42:54,557 - DEBUG - CaseID: 458 - parse_multi_results输出: [{'name': 'device_control', 'args': {'action': 'turnon', 'entity': 'CAR_DOOR', 'position': 'WHOLE'}}]
2026-03-23 09:42:54,557 - DEBUG - CaseID: 458 - parse_multi_results输入 - name_str: 'device_control', args_str: '{"action":"turnon","position":"WHOLE","entity":"CAR_DOOR"}'
2026-03-23 09:42:54,557 - DEBUG - CaseID: 458 - parse_multi_results输出: [{'name': 'device_control', 'args': {'action': 'turnon', 'entity': 'CAR_DOOR', 'position': 'WHOLE'}}]
2026-03-23 09:42:54,557 - DEBUG - CaseID: 458 - expected_results: [{'name': 'device_control', 'args': {'action': 'turnon', 'entity': 'CAR_DOOR', 'position': 'WHOLE'}}]
2026-03-23 09:42:54,557 - DEBUG - CaseID: 458 - actual_results: [{'name': 'device_control', 'args': {'action': 'turnon', 'entity': 'CAR_DOOR', 'position': 'WHOLE'}}]
2026-03-23 09:42:54,557 - DEBUG - CaseID: 458 - expected_keys: {('device_control', '{"action": "turnon", "entity": "CAR_DOOR", "position": "WHOLE"}')}
2026-03-23 09:42:54,557 - DEBUG - CaseID: 458 - actual_keys: {('device_control', '{"action": "turnon", "entity": "CAR_DOOR", "position": "WHOLE"}')}
2026-03-23 09:42:54,557 - DEBUG - CaseID: 459 - parse_multi_results输入 - name_str: 'device_control', args_str: '{"action":"turnon","entity":"CAR_DOOR","position":"DRIVER"}'
2026-03-23 09:42:54,557 - DEBUG - CaseID: 459 - parse_multi_results输出: [{'name': 'device_control', 'args': {'action': 'turnon', 'entity': 'CAR_DOOR', 'position': 'DRIVER'}}]
2026-03-23 09:42:54,557 - DEBUG - CaseID: 459 - parse_multi_results输入 - name_str: 'device_control', args_str: '{"action":"turnon","position":"DRIVER","entity":"CAR_DOOR"}'
2026-03-23 09:42:54,557 - DEBUG - CaseID: 459 - parse_multi_results输出: [{'name': 'device_control', 'args': {'action': 'turnon', 'entity': 'CAR_DOOR', 'position': 'DRIVER'}}]
2026-03-23 09:42:54,557 - DEBUG - CaseID: 459 - expected_results: [{'name': 'device_control', 'args': {'action': 'turnon', 'entity': 'CAR_DOOR', 'position': 'DRIVER'}}]
2026-03-23 09:42:54,557 - DEBUG - CaseID: 459 - actual_results: [{'name': 'device_control', 'args': {'action': 'turnon', 'entity': 'CAR_DOOR', 'position': 'DRIVER'}}]
2026-03-23 09:42:54,557 - DEBUG - CaseID: 459 - expected_keys: {('device_control', '{"action": "turnon", "entity": "CAR_DOOR", "position": "DRIVER"}')}
2026-03-23 09:42:54,557 - DEBUG - CaseID: 459 - actual_keys: {('device_control', '{"action": "turnon", "entity": "CAR_DOOR", "position": "DRIVER"}')}
2026-03-23 09:42:54,557 - DEBUG - CaseID: 460 - parse_multi_results输入 - name_str: 'device_control', args_str: '{"action":"turnon","entity":"CAR_DOOR","position":"PASSENGER"}'
2026-03-23 09:42:54,557 - DEBUG - CaseID: 460 - parse_multi_results输出: [{'name': 'device_control', 'args': {'action': 'turnon', 'entity': 'CAR_DOOR', 'position': 'PASSENGER'}}]
2026-03-23 09:42:54,557 - DEBUG - CaseID: 460 - parse_multi_results输入 - name_str: 'device_control', args_str: '{"action":"turnon","position":"PASSENGER","entity":"CAR_DOOR"}'
2026-03-23 09:42:54,557 - DEBUG - CaseID: 460 - parse_multi_results输出: [{'name': 'device_control', 'args': {'action': 'turnon', 'entity': 'CAR_DOOR', 'position': 'PASSENGER'}}]
2026-03-23 09:42:54,557 - DEBUG - CaseID: 460 - expected_results: [{'name': 'device_control', 'args': {'action': 'turnon', 'entity': 'CAR_DOOR', 'position': 'PASSENGER'}}]
2026-03-23 09:42:54,557 - DEBUG - CaseID: 460 - actual_results: [{'name': 'device_control', 'args': {'action': 'turnon', 'entity': 'CAR_DOOR', 'position': 'PASSENGER'}}]
2026-03-23 09:42:54,557 - DEBUG - CaseID: 460 - expected_keys: {('device_control', '{"action": "turnon", "entity": "CAR_DOOR", "position": "PASSENGER"}')}
2026-03-23 09:42:54,557 - DEBUG - CaseID: 460 - actual_keys: {('device_control', '{"action": "turnon", "entity": "CAR_DOOR", "position": "PASSENGER"}')}
2026-03-23 09:42:54,557 - DEBUG - CaseID: 461 - parse_multi_results输入 - name_str: 'device_control', args_str: '{"action":"turnon","entity":"CAR_DOOR","position":"SECOND_ROW"}'
2026-03-23 09:42:54,557 - DEBUG - CaseID: 461 - parse_multi_results输出: [{'name': 'device_control', 'args': {'action': 'turnon', 'entity': 'CAR_DOOR', 'position': 'SECOND_ROW'}}]
2026-03-23 09:42:54,557 - DEBUG - CaseID: 461 - parse_multi_results输入 - name_str: 'device_control', args_str: '{"action":"turnon","position":"SECOND_ROW","entity":"CAR_DOOR"}'
2026-03-23 09:42:54,557 - DEBUG - CaseID: 461 - parse_multi_results输出: [{'name': 'device_control', 'args': {'action': 'turnon', 'entity': 'CAR_DOOR', 'position': 'SECOND_ROW'}}]
2026-03-23 09:42:54,557 - DEBUG - CaseID: 461 - expected_results: [{'name': 'device_control', 'args': {'action': 'turnon', 'entity': 'CAR_DOOR', 'position': 'SECOND_ROW'}}]
2026-03-23 09:42:54,557 - DEBUG - CaseID: 461 - actual_results: [{'name': 'device_control', 'args': {'action': 'turnon', 'entity': 'CAR_DOOR', 'position': 'SECOND_ROW'}}]
2026-03-23 09:42:54,557 - DEBUG - CaseID: 461 - expected_keys: {('device_control', '{"action": "turnon", "entity": "CAR_DOOR", "position": "SECOND_ROW"}')}
2026-03-23 09:42:54,557 - DEBUG - CaseID: 461 - actual_keys: {('device_control', '{"action": "turnon", "entity": "CAR_DOOR", "position": "SECOND_ROW"}')}
2026-03-23 09:42:54,557 - DEBUG - CaseID: 462 - parse_multi_results输入 - name_str: 'device_control', args_str: '{"action":"turnon","entity":"CAR_DOOR","position":"LEFT_SEAT_OF_SECOND_ROW"}'
2026-03-23 09:42:54,557 - DEBUG - CaseID: 462 - parse_multi_results输出: [{'name': 'device_control', 'args': {'action': 'turnon', 'entity': 'CAR_DOOR', 'position': 'LEFT_SEAT_OF_SECOND_ROW'}}]
2026-03-23 09:42:54,557 - DEBUG - CaseID: 462 - parse_multi_results输入 - name_str: 'device_control', args_str: '{"action":"turnon","position":"LEFT_SEAT_OF_SECOND_ROW","entity":"CAR_DOOR"}'
2026-03-23 09:42:54,557 - DEBUG - CaseID: 462 - parse_multi_results输出: [{'name': 'device_control', 'args': {'action': 'turnon', 'entity': 'CAR_DOOR', 'position': 'LEFT_SEAT_OF_SECOND_ROW'}}]
2026-03-23 09:42:54,558 - DEBUG - CaseID: 462 - expected_results: [{'name': 'device_control', 'args': {'action': 'turnon', 'entity': 'CAR_DOOR', 'position': 'LEFT_SEAT_OF_SECOND_ROW'}}]
2026-03-23 09:42:54,558 - DEBUG - CaseID: 462 - actual_results: [{'name': 'device_control', 'args': {'action': 'turnon', 'entity': 'CAR_DOOR', 'position': 'LEFT_SEAT_OF_SECOND_ROW'}}]
2026-03-23 09:42:54,558 - DEBUG - CaseID: 462 - expected_keys: {('device_control', '{"action": "turnon", "entity": "CAR_DOOR", "position": "LEFT_SEAT_OF_SECOND_ROW"}')}
2026-03-23 09:42:54,558 - DEBUG - CaseID: 462 - actual_keys: {('device_control', '{"action": "turnon", "entity": "CAR_DOOR", "position": "LEFT_SEAT_OF_SECOND_ROW"}')}
2026-03-23 09:42:54,558 - DEBUG - CaseID: 463 - parse_multi_results输入 - name_str: 'device_control', args_str: '{"action":"turnon","entity":"CAR_DOOR","position":"RIGHT_SEAT_OF_SECOND_ROW"}'
2026-03-23 09:42:54,558 - DEBUG - CaseID: 463 - parse_multi_results输出: [{'name': 'device_control', 'args': {'action': 'turnon', 'entity': 'CAR_DOOR', 'position': 'RIGHT_SEAT_OF_SECOND_ROW'}}]
2026-03-23 09:42:54,558 - DEBUG - CaseID: 463 - parse_multi_results输入 - name_str: 'device_control', args_str: '{"action":"turnon","position":"RIGHT_SEAT_OF_SECOND_ROW","entity":"CAR_DOOR"}'
2026-03-23 09:42:54,558 - DEBUG - CaseID: 463 - parse_multi_results输出: [{'name': 'device_control', 'args': {'action': 'turnon', 'entity': 'CAR_DOOR', 'position': 'RIGHT_SEAT_OF_SECOND_ROW'}}]
2026-03-23 09:42:54,558 - DEBUG - CaseID: 463 - expected_results: [{'name': 'device_control', 'args': {'action': 'turnon', 'entity': 'CAR_DOOR', 'position': 'RIGHT_SEAT_OF_SECOND_ROW'}}]
2026-03-23 09:42:54,558 - DEBUG - CaseID: 463 - actual_results: [{'name': 'device_control', 'args': {'action': 'turnon', 'entity': 'CAR_DOOR', 'position': 'RIGHT_SEAT_OF_SECOND_ROW'}}]
2026-03-23 09:42:54,558 - DEBUG - CaseID: 463 - expected_keys: {('device_control', '{"action": "turnon", "entity": "CAR_DOOR", "position": "RIGHT_SEAT_OF_SECOND_ROW"}')}
2026-03-23 09:42:54,558 - DEBUG - CaseID: 463 - actual_keys: {('device_control', '{"action": "turnon", "entity": "CAR_DOOR", "position": "RIGHT_SEAT_OF_SECOND_ROW"}')}
2026-03-23 09:42:54,558 - DEBUG - CaseID: 464 - parse_multi_results输入 - name_str: 'device_control', args_str: '{"action":"turnon","entity":"CAR_DOOR","position":"SECOND_ROW"}'
2026-03-23 09:42:54,558 - DEBUG - CaseID: 464 - parse_multi_results输出: [{'name': 'device_control', 'args': {'action': 'turnon', 'entity': 'CAR_DOOR', 'position': 'SECOND_ROW'}}]
2026-03-23 09:42:54,558 - DEBUG - CaseID: 464 - parse_multi_results输入 - name_str: 'device_control', args_str: '{"action":"turnon","position":"BOTH_SIDES","entity":"CAR_DOOR"}'
2026-03-23 09:42:54,558 - DEBUG - CaseID: 464 - parse_multi_results输出: [{'name': 'device_control', 'args': {'action': 'turnon', 'entity': 'CAR_DOOR', 'position': 'BOTH_SIDES'}}]
2026-03-23 09:42:54,558 - DEBUG - CaseID: 464 - expected_results: [{'name': 'device_control', 'args': {'action': 'turnon', 'entity': 'CAR_DOOR', 'position': 'SECOND_ROW'}}]
2026-03-23 09:42:54,558 - DEBUG - CaseID: 464 - actual_results: [{'name': 'device_control', 'args': {'action': 'turnon', 'entity': 'CAR_DOOR', 'position': 'BOTH_SIDES'}}]
2026-03-23 09:42:54,558 - DEBUG - CaseID: 464 - expected_keys: {('device_control', '{"action": "turnon", "entity": "CAR_DOOR", "position": "SECOND_ROW"}')}
2026-03-23 09:42:54,558 - DEBUG - CaseID: 464 - actual_keys: {('device_control', '{"action": "turnon", "entity": "CAR_DOOR", "position": "BOTH_SIDES"}')}
2026-03-23 09:42:54,558 - ERROR - CaseID: 464
实际结果缺少以下预期项：
  名称: device_control, 参数: {"action": "turnon", "entity": "CAR_DOOR", "position": "SECOND_ROW"}
实际结果多出以下非预期项：
  名称: device_control, 参数: {"action": "turnon", "entity": "CAR_DOOR", "position": "BOTH_SIDES"}
2026-03-23 09:42:54,558 - DEBUG - CaseID: 465 - parse_multi_results输入 - name_str: 'device_control', args_str: '{"action":"turnon","entity":"CAR_DOOR","position":"FIRST_ROW"}'
2026-03-23 09:42:54,558 - DEBUG - CaseID: 465 - parse_multi_results输出: [{'name': 'device_control', 'args': {'action': 'turnon', 'entity': 'CAR_DOOR', 'position': 'FIRST_ROW'}}]
2026-03-23 09:42:54,558 - DEBUG - CaseID: 465 - parse_multi_results输入 - name_str: 'device_control', args_str: '{"action":"turnon","position":"FIRST_ROW","entity":"CAR_DOOR"}'
2026-03-23 09:42:54,558 - DEBUG - CaseID: 465 - parse_multi_results输出: [{'name': 'device_control', 'args': {'action': 'turnon', 'entity': 'CAR_DOOR', 'position': 'FIRST_ROW'}}]
2026-03-23 09:42:54,558 - DEBUG - CaseID: 465 - expected_results: [{'name': 'device_control', 'args': {'action': 'turnon', 'entity': 'CAR_DOOR', 'position': 'FIRST_ROW'}}]
2026-03-23 09:42:54,558 - DEBUG - CaseID: 465 - actual_results: [{'name': 'device_control', 'args': {'action': 'turnon', 'entity': 'CAR_DOOR', 'position': 'FIRST_ROW'}}]
2026-03-23 09:42:54,558 - DEBUG - CaseID: 465 - expected_keys: {('device_control', '{"action": "turnon", "entity": "CAR_DOOR", "position": "FIRST_ROW"}')}
2026-03-23 09:42:54,558 - DEBUG - CaseID: 465 - actual_keys: {('device_control', '{"action": "turnon", "entity": "CAR_DOOR", "position": "FIRST_ROW"}')}
2026-03-23 09:42:54,558 - DEBUG - CaseID: 466 - parse_multi_results输入 - name_str: 'device_control', args_str: '{"action":"turnon","entity":"CAR_DOOR","position":"LEFT"}'
2026-03-23 09:42:54,558 - DEBUG - CaseID: 466 - parse_multi_results输出: [{'name': 'device_control', 'args': {'action': 'turnon', 'entity': 'CAR_DOOR', 'position': 'LEFT'}}]
2026-03-23 09:42:54,558 - DEBUG - CaseID: 466 - parse_multi_results输入 - name_str: 'device_control', args_str: '{"action":"turnon","position":"LEFT","entity":"CAR_DOOR"}'
2026-03-23 09:42:54,558 - DEBUG - CaseID: 466 - parse_multi_results输出: [{'name': 'device_control', 'args': {'action': 'turnon', 'entity': 'CAR_DOOR', 'position': 'LEFT'}}]
2026-03-23 09:42:54,558 - DEBUG - CaseID: 466 - expected_results: [{'name': 'device_control', 'args': {'action': 'turnon', 'entity': 'CAR_DOOR', 'position': 'LEFT'}}]
2026-03-23 09:42:54,558 - DEBUG - CaseID: 466 - actual_results: [{'name': 'device_control', 'args': {'action': 'turnon', 'entity': 'CAR_DOOR', 'position': 'LEFT'}}]
2026-03-23 09:42:54,559 - DEBUG - CaseID: 466 - expected_keys: {('device_control', '{"action": "turnon", "entity": "CAR_DOOR", "position": "LEFT"}')}
2026-03-23 09:42:54,559 - DEBUG - CaseID: 466 - actual_keys: {('device_control', '{"action": "turnon", "entity": "CAR_DOOR", "position": "LEFT"}')}
2026-03-23 09:42:54,559 - DEBUG - CaseID: 467 - parse_multi_results输入 - name_str: 'device_control', args_str: '{"action":"turnon","entity":"CAR_DOOR","position":"RIGHT"}'
2026-03-23 09:42:54,559 - DEBUG - CaseID: 467 - parse_multi_results输出: [{'name': 'device_control', 'args': {'action': 'turnon', 'entity': 'CAR_DOOR', 'position': 'RIGHT'}}]
2026-03-23 09:42:54,559 - DEBUG - CaseID: 467 - parse_multi_results输入 - name_str: 'device_control', args_str: '{"action":"turnon","position":"RIGHT","entity":"CAR_DOOR"}'
2026-03-23 09:42:54,559 - DEBUG - CaseID: 467 - parse_multi_results输出: [{'name': 'device_control', 'args': {'action': 'turnon', 'entity': 'CAR_DOOR', 'position': 'RIGHT'}}]
2026-03-23 09:42:54,559 - DEBUG - CaseID: 467 - expected_results: [{'name': 'device_control', 'args': {'action': 'turnon', 'entity': 'CAR_DOOR', 'position': 'RIGHT'}}]
2026-03-23 09:42:54,559 - DEBUG - CaseID: 467 - actual_results: [{'name': 'device_control', 'args': {'action': 'turnon', 'entity': 'CAR_DOOR', 'position': 'RIGHT'}}]
2026-03-23 09:42:54,559 - DEBUG - CaseID: 467 - expected_keys: {('device_control', '{"action": "turnon", "entity": "CAR_DOOR", "position": "RIGHT"}')}
2026-03-23 09:42:54,559 - DEBUG - CaseID: 467 - actual_keys: {('device_control', '{"action": "turnon", "entity": "CAR_DOOR", "position": "RIGHT"}')}
2026-03-23 09:42:54,559 - DEBUG - CaseID: 468 - parse_multi_results输入 - name_str: 'device_control', args_str: '{"action":"turnon","entity":"CAR_DOOR","position":"FIRST_ROW"}'
2026-03-23 09:42:54,559 - DEBUG - CaseID: 468 - parse_multi_results输出: [{'name': 'device_control', 'args': {'action': 'turnon', 'entity': 'CAR_DOOR', 'position': 'FIRST_ROW'}}]
2026-03-23 09:42:54,559 - DEBUG - CaseID: 468 - parse_multi_results输入 - name_str: 'device_control', args_str: '{"action":"turnon","position":"FIRST_ROW","entity":"CAR_DOOR"}'
2026-03-23 09:42:54,559 - DEBUG - CaseID: 468 - parse_multi_results输出: [{'name': 'device_control', 'args': {'action': 'turnon', 'entity': 'CAR_DOOR', 'position': 'FIRST_ROW'}}]
2026-03-23 09:42:54,559 - DEBUG - CaseID: 468 - expected_results: [{'name': 'device_control', 'args': {'action': 'turnon', 'entity': 'CAR_DOOR', 'position': 'FIRST_ROW'}}]
2026-03-23 09:42:54,559 - DEBUG - CaseID: 468 - actual_results: [{'name': 'device_control', 'args': {'action': 'turnon', 'entity': 'CAR_DOOR', 'position': 'FIRST_ROW'}}]
2026-03-23 09:42:54,559 - DEBUG - CaseID: 468 - expected_keys: {('device_control', '{"action": "turnon", "entity": "CAR_DOOR", "position": "FIRST_ROW"}')}
2026-03-23 09:42:54,559 - DEBUG - CaseID: 468 - actual_keys: {('device_control', '{"action": "turnon", "entity": "CAR_DOOR", "position": "FIRST_ROW"}')}
2026-03-23 09:42:54,559 - DEBUG - CaseID: 469 - parse_multi_results输入 - name_str: 'device_control', args_str: '{"action":"turnoff","entity":"CAR_DOOR","position":"WHOLE"}'
2026-03-23 09:42:54,559 - DEBUG - CaseID: 469 - parse_multi_results输出: [{'name': 'device_control', 'args': {'action': 'turnoff', 'entity': 'CAR_DOOR', 'position': 'WHOLE'}}]
2026-03-23 09:42:54,559 - DEBUG - CaseID: 469 - parse_multi_results输入 - name_str: 'device_control', args_str: '{"action":"turnoff","position":"WHOLE","entity":"CAR_DOOR"}'
2026-03-23 09:42:54,559 - DEBUG - CaseID: 469 - parse_multi_results输出: [{'name': 'device_control', 'args': {'action': 'turnoff', 'entity': 'CAR_DOOR', 'position': 'WHOLE'}}]
2026-03-23 09:42:54,559 - DEBUG - CaseID: 469 - expected_results: [{'name': 'device_control', 'args': {'action': 'turnoff', 'entity': 'CAR_DOOR', 'position': 'WHOLE'}}]
2026-03-23 09:42:54,559 - DEBUG - CaseID: 469 - actual_results: [{'name': 'device_control', 'args': {'action': 'turnoff', 'entity': 'CAR_DOOR', 'position': 'WHOLE'}}]
2026-03-23 09:42:54,559 - DEBUG - CaseID: 469 - expected_keys: {('device_control', '{"action": "turnoff", "entity": "CAR_DOOR", "position": "WHOLE"}')}
2026-03-23 09:42:54,559 - DEBUG - CaseID: 469 - actual_keys: {('device_control', '{"action": "turnoff", "entity": "CAR_DOOR", "position": "WHOLE"}')}
2026-03-23 09:42:54,559 - DEBUG - CaseID: 470 - parse_multi_results输入 - name_str: 'device_control', args_str: '{"action":"turnoff","entity":"CAR_DOOR","position":"DRIVER"}'
2026-03-23 09:42:54,559 - DEBUG - CaseID: 470 - parse_multi_results输出: [{'name': 'device_control', 'args': {'action': 'turnoff', 'entity': 'CAR_DOOR', 'position': 'DRIVER'}}]
2026-03-23 09:42:54,559 - DEBUG - CaseID: 470 - parse_multi_results输入 - name_str: 'device_control', args_str: '{"action":"turnoff","position":"DRIVER","entity":"CAR_DOOR"}'
2026-03-23 09:42:54,559 - DEBUG - CaseID: 470 - parse_multi_results输出: [{'name': 'device_control', 'args': {'action': 'turnoff', 'entity': 'CAR_DOOR', 'position': 'DRIVER'}}]
2026-03-23 09:42:54,559 - DEBUG - CaseID: 470 - expected_results: [{'name': 'device_control', 'args': {'action': 'turnoff', 'entity': 'CAR_DOOR', 'position': 'DRIVER'}}]
2026-03-23 09:42:54,559 - DEBUG - CaseID: 470 - actual_results: [{'name': 'device_control', 'args': {'action': 'turnoff', 'entity': 'CAR_DOOR', 'position': 'DRIVER'}}]
2026-03-23 09:42:54,559 - DEBUG - CaseID: 470 - expected_keys: {('device_control', '{"action": "turnoff", "entity": "CAR_DOOR", "position": "DRIVER"}')}
2026-03-23 09:42:54,559 - DEBUG - CaseID: 470 - actual_keys: {('device_control', '{"action": "turnoff", "entity": "CAR_DOOR", "position": "DRIVER"}')}
2026-03-23 09:42:54,559 - DEBUG - CaseID: 471 - parse_multi_results输入 - name_str: 'device_control', args_str: '{"action":"turnoff","entity":"CAR_DOOR","position":"PASSENGER"}'
2026-03-23 09:42:54,559 - DEBUG - CaseID: 471 - parse_multi_results输出: [{'name': 'device_control', 'args': {'action': 'turnoff', 'entity': 'CAR_DOOR', 'position': 'PASSENGER'}}]
2026-03-23 09:42:54,560 - DEBUG - CaseID: 471 - parse_multi_results输入 - name_str: 'device_control', args_str: '{"action":"turnoff","position":"PASSENGER","entity":"CAR_DOOR"}'
2026-03-23 09:42:54,560 - DEBUG - CaseID: 471 - parse_multi_results输出: [{'name': 'device_control', 'args': {'action': 'turnoff', 'entity': 'CAR_DOOR', 'position': 'PASSENGER'}}]
2026-03-23 09:42:54,560 - DEBUG - CaseID: 471 - expected_results: [{'name': 'device_control', 'args': {'action': 'turnoff', 'entity': 'CAR_DOOR', 'position': 'PASSENGER'}}]
2026-03-23 09:42:54,560 - DEBUG - CaseID: 471 - actual_results: [{'name': 'device_control', 'args': {'action': 'turnoff', 'entity': 'CAR_DOOR', 'position': 'PASSENGER'}}]
2026-03-23 09:42:54,560 - DEBUG - CaseID: 471 - expected_keys: {('device_control', '{"action": "turnoff", "entity": "CAR_DOOR", "position": "PASSENGER"}')}
2026-03-23 09:42:54,560 - DEBUG - CaseID: 471 - actual_keys: {('device_control', '{"action": "turnoff", "entity": "CAR_DOOR", "position": "PASSENGER"}')}
2026-03-23 09:42:54,560 - DEBUG - CaseID: 472 - parse_multi_results输入 - name_str: 'device_control', args_str: '{"action":"turnoff","entity":"CAR_DOOR","position":"SECOND_ROW"}'
2026-03-23 09:42:54,560 - DEBUG - CaseID: 472 - parse_multi_results输出: [{'name': 'device_control', 'args': {'action': 'turnoff', 'entity': 'CAR_DOOR', 'position': 'SECOND_ROW'}}]
2026-03-23 09:42:54,560 - DEBUG - CaseID: 472 - parse_multi_results输入 - name_str: 'device_control', args_str: '{"action":"turnoff","position":"SECOND_ROW","entity":"CAR_DOOR"}'
2026-03-23 09:42:54,560 - DEBUG - CaseID: 472 - parse_multi_results输出: [{'name': 'device_control', 'args': {'action': 'turnoff', 'entity': 'CAR_DOOR', 'position': 'SECOND_ROW'}}]
2026-03-23 09:42:54,560 - DEBUG - CaseID: 472 - expected_results: [{'name': 'device_control', 'args': {'action': 'turnoff', 'entity': 'CAR_DOOR', 'position': 'SECOND_ROW'}}]
2026-03-23 09:42:54,560 - DEBUG - CaseID: 472 - actual_results: [{'name': 'device_control', 'args': {'action': 'turnoff', 'entity': 'CAR_DOOR', 'position': 'SECOND_ROW'}}]
2026-03-23 09:42:54,560 - DEBUG - CaseID: 472 - expected_keys: {('device_control', '{"action": "turnoff", "entity": "CAR_DOOR", "position": "SECOND_ROW"}')}
2026-03-23 09:42:54,560 - DEBUG - CaseID: 472 - actual_keys: {('device_control', '{"action": "turnoff", "entity": "CAR_DOOR", "position": "SECOND_ROW"}')}
2026-03-23 09:42:54,560 - DEBUG - CaseID: 473 - parse_multi_results输入 - name_str: 'device_control', args_str: '{"action":"turnoff","entity":"CAR_DOOR","position":"LEFT_SEAT_OF_SECOND_ROW"}'
2026-03-23 09:42:54,560 - DEBUG - CaseID: 473 - parse_multi_results输出: [{'name': 'device_control', 'args': {'action': 'turnoff', 'entity': 'CAR_DOOR', 'position': 'LEFT_SEAT_OF_SECOND_ROW'}}]
2026-03-23 09:42:54,560 - DEBUG - CaseID: 473 - parse_multi_results输入 - name_str: 'device_control', args_str: '{"action":"turnoff","position":"LEFT_SEAT_OF_SECOND_ROW","entity":"CAR_DOOR"}'
2026-03-23 09:42:54,560 - DEBUG - CaseID: 473 - parse_multi_results输出: [{'name': 'device_control', 'args': {'action': 'turnoff', 'entity': 'CAR_DOOR', 'position': 'LEFT_SEAT_OF_SECOND_ROW'}}]
2026-03-23 09:42:54,560 - DEBUG - CaseID: 473 - expected_results: [{'name': 'device_control', 'args': {'action': 'turnoff', 'entity': 'CAR_DOOR', 'position': 'LEFT_SEAT_OF_SECOND_ROW'}}]
2026-03-23 09:42:54,560 - DEBUG - CaseID: 473 - actual_results: [{'name': 'device_control', 'args': {'action': 'turnoff', 'entity': 'CAR_DOOR', 'position': 'LEFT_SEAT_OF_SECOND_ROW'}}]
2026-03-23 09:42:54,560 - DEBUG - CaseID: 473 - expected_keys: {('device_control', '{"action": "turnoff", "entity": "CAR_DOOR", "position": "LEFT_SEAT_OF_SECOND_ROW"}')}
2026-03-23 09:42:54,560 - DEBUG - CaseID: 473 - actual_keys: {('device_control', '{"action": "turnoff", "entity": "CAR_DOOR", "position": "LEFT_SEAT_OF_SECOND_ROW"}')}
2026-03-23 09:42:54,560 - DEBUG - CaseID: 474 - parse_multi_results输入 - name_str: 'device_control', args_str: '{"action":"turnoff","entity":"CAR_DOOR","position":"RIGHT_SEAT_OF_SECOND_ROW"}'
2026-03-23 09:42:54,560 - DEBUG - CaseID: 474 - parse_multi_results输出: [{'name': 'device_control', 'args': {'action': 'turnoff', 'entity': 'CAR_DOOR', 'position': 'RIGHT_SEAT_OF_SECOND_ROW'}}]
2026-03-23 09:42:54,560 - DEBUG - CaseID: 474 - parse_multi_results输入 - name_str: 'device_control', args_str: '{"action":"turnoff","position":"RIGHT_SEAT_OF_SECOND_ROW","entity":"CAR_DOOR"}'
2026-03-23 09:42:54,560 - DEBUG - CaseID: 474 - parse_multi_results输出: [{'name': 'device_control', 'args': {'action': 'turnoff', 'entity': 'CAR_DOOR', 'position': 'RIGHT_SEAT_OF_SECOND_ROW'}}]
2026-03-23 09:42:54,560 - DEBUG - CaseID: 474 - expected_results: [{'name': 'device_control', 'args': {'action': 'turnoff', 'entity': 'CAR_DOOR', 'position': 'RIGHT_SEAT_OF_SECOND_ROW'}}]
2026-03-23 09:42:54,560 - DEBUG - CaseID: 474 - actual_results: [{'name': 'device_control', 'args': {'action': 'turnoff', 'entity': 'CAR_DOOR', 'position': 'RIGHT_SEAT_OF_SECOND_ROW'}}]
2026-03-23 09:42:54,560 - DEBUG - CaseID: 474 - expected_keys: {('device_control', '{"action": "turnoff", "entity": "CAR_DOOR", "position": "RIGHT_SEAT_OF_SECOND_ROW"}')}
2026-03-23 09:42:54,560 - DEBUG - CaseID: 474 - actual_keys: {('device_control', '{"action": "turnoff", "entity": "CAR_DOOR", "position": "RIGHT_SEAT_OF_SECOND_ROW"}')}
2026-03-23 09:42:54,560 - DEBUG - CaseID: 475 - parse_multi_results输入 - name_str: 'device_control', args_str: '{"action":"turnoff","entity":"CAR_DOOR","position":"SECOND_ROW"}'
2026-03-23 09:42:54,560 - DEBUG - CaseID: 475 - parse_multi_results输出: [{'name': 'device_control', 'args': {'action': 'turnoff', 'entity': 'CAR_DOOR', 'position': 'SECOND_ROW'}}]
2026-03-23 09:42:54,560 - DEBUG - CaseID: 475 - parse_multi_results输入 - name_str: 'device_control', args_str: '{"action":"turnoff","position":"BOTH_SIDES","entity":"CAR_DOOR"}'
2026-03-23 09:42:54,560 - DEBUG - CaseID: 475 - parse_multi_results输出: [{'name': 'device_control', 'args': {'action': 'turnoff', 'entity': 'CAR_DOOR', 'position': 'BOTH_SIDES'}}]
2026-03-23 09:42:54,560 - DEBUG - CaseID: 475 - expected_results: [{'name': 'device_control', 'args': {'action': 'turnoff', 'entity': 'CAR_DOOR', 'position': 'SECOND_ROW'}}]
2026-03-23 09:42:54,560 - DEBUG - CaseID: 475 - actual_results: [{'name': 'device_control', 'args': {'action': 'turnoff', 'entity': 'CAR_DOOR', 'position': 'BOTH_SIDES'}}]
2026-03-23 09:42:54,561 - DEBUG - CaseID: 475 - expected_keys: {('device_control', '{"action": "turnoff", "entity": "CAR_DOOR", "position": "SECOND_ROW"}')}
2026-03-23 09:42:54,561 - DEBUG - CaseID: 475 - actual_keys: {('device_control', '{"action": "turnoff", "entity": "CAR_DOOR", "position": "BOTH_SIDES"}')}
2026-03-23 09:42:54,561 - ERROR - CaseID: 475
实际结果缺少以下预期项：
  名称: device_control, 参数: {"action": "turnoff", "entity": "CAR_DOOR", "position": "SECOND_ROW"}
实际结果多出以下非预期项：
  名称: device_control, 参数: {"action": "turnoff", "entity": "CAR_DOOR", "position": "BOTH_SIDES"}
2026-03-23 09:42:54,561 - DEBUG - CaseID: 476 - parse_multi_results输入 - name_str: 'device_control', args_str: '{"action":"turnoff","entity":"CAR_DOOR","position":"FIRST_ROW"}'
2026-03-23 09:42:54,561 - DEBUG - CaseID: 476 - parse_multi_results输出: [{'name': 'device_control', 'args': {'action': 'turnoff', 'entity': 'CAR_DOOR', 'position': 'FIRST_ROW'}}]
2026-03-23 09:42:54,561 - DEBUG - CaseID: 476 - parse_multi_results输入 - name_str: 'device_control', args_str: '{"action":"turnoff","position":"FIRST_ROW","entity":"CAR_DOOR"}'
2026-03-23 09:42:54,561 - DEBUG - CaseID: 476 - parse_multi_results输出: [{'name': 'device_control', 'args': {'action': 'turnoff', 'entity': 'CAR_DOOR', 'position': 'FIRST_ROW'}}]
2026-03-23 09:42:54,561 - DEBUG - CaseID: 476 - expected_results: [{'name': 'device_control', 'args': {'action': 'turnoff', 'entity': 'CAR_DOOR', 'position': 'FIRST_ROW'}}]
2026-03-23 09:42:54,561 - DEBUG - CaseID: 476 - actual_results: [{'name': 'device_control', 'args': {'action': 'turnoff', 'entity': 'CAR_DOOR', 'position': 'FIRST_ROW'}}]
2026-03-23 09:42:54,561 - DEBUG - CaseID: 476 - expected_keys: {('device_control', '{"action": "turnoff", "entity": "CAR_DOOR", "position": "FIRST_ROW"}')}
2026-03-23 09:42:54,561 - DEBUG - CaseID: 476 - actual_keys: {('device_control', '{"action": "turnoff", "entity": "CAR_DOOR", "position": "FIRST_ROW"}')}
2026-03-23 09:42:54,561 - DEBUG - CaseID: 477 - parse_multi_results输入 - name_str: 'device_control', args_str: '{"action":"turnoff","entity":"CAR_DOOR","position":"LEFT"}'
2026-03-23 09:42:54,561 - DEBUG - CaseID: 477 - parse_multi_results输出: [{'name': 'device_control', 'args': {'action': 'turnoff', 'entity': 'CAR_DOOR', 'position': 'LEFT'}}]
2026-03-23 09:42:54,561 - DEBUG - CaseID: 477 - parse_multi_results输入 - name_str: 'device_control', args_str: '{"action":"turnoff","position":"LEFT","entity":"CAR_DOOR"}'
2026-03-23 09:42:54,561 - DEBUG - CaseID: 477 - parse_multi_results输出: [{'name': 'device_control', 'args': {'action': 'turnoff', 'entity': 'CAR_DOOR', 'position': 'LEFT'}}]
2026-03-23 09:42:54,561 - DEBUG - CaseID: 477 - expected_results: [{'name': 'device_control', 'args': {'action': 'turnoff', 'entity': 'CAR_DOOR', 'position': 'LEFT'}}]
2026-03-23 09:42:54,561 - DEBUG - CaseID: 477 - actual_results: [{'name': 'device_control', 'args': {'action': 'turnoff', 'entity': 'CAR_DOOR', 'position': 'LEFT'}}]
2026-03-23 09:42:54,561 - DEBUG - CaseID: 477 - expected_keys: {('device_control', '{"action": "turnoff", "entity": "CAR_DOOR", "position": "LEFT"}')}
2026-03-23 09:42:54,561 - DEBUG - CaseID: 477 - actual_keys: {('device_control', '{"action": "turnoff", "entity": "CAR_DOOR", "position": "LEFT"}')}
2026-03-23 09:42:54,561 - DEBUG - CaseID: 478 - parse_multi_results输入 - name_str: 'device_control', args_str: '{"action":"turnoff","entity":"CAR_DOOR","position":"RIGHT"}'
2026-03-23 09:42:54,561 - DEBUG - CaseID: 478 - parse_multi_results输出: [{'name': 'device_control', 'args': {'action': 'turnoff', 'entity': 'CAR_DOOR', 'position': 'RIGHT'}}]
2026-03-23 09:42:54,561 - DEBUG - CaseID: 478 - parse_multi_results输入 - name_str: 'device_control', args_str: '{"action":"turnoff","position":"RIGHT","entity":"CAR_DOOR"}'
2026-03-23 09:42:54,561 - DEBUG - CaseID: 478 - parse_multi_results输出: [{'name': 'device_control', 'args': {'action': 'turnoff', 'entity': 'CAR_DOOR', 'position': 'RIGHT'}}]
2026-03-23 09:42:54,561 - DEBUG - CaseID: 478 - expected_results: [{'name': 'device_control', 'args': {'action': 'turnoff', 'entity': 'CAR_DOOR', 'position': 'RIGHT'}}]
2026-03-23 09:42:54,561 - DEBUG - CaseID: 478 - actual_results: [{'name': 'device_control', 'args': {'action': 'turnoff', 'entity': 'CAR_DOOR', 'position': 'RIGHT'}}]
2026-03-23 09:42:54,561 - DEBUG - CaseID: 478 - expected_keys: {('device_control', '{"action": "turnoff", "entity": "CAR_DOOR", "position": "RIGHT"}')}
2026-03-23 09:42:54,561 - DEBUG - CaseID: 478 - actual_keys: {('device_control', '{"action": "turnoff", "entity": "CAR_DOOR", "position": "RIGHT"}')}
2026-03-23 09:42:54,561 - DEBUG - CaseID: 479 - parse_multi_results输入 - name_str: 'device_control', args_str: '{"action":"turnoff","entity":"CAR_DOOR","position":"FIRST_ROW"}'
2026-03-23 09:42:54,561 - DEBUG - CaseID: 479 - parse_multi_results输出: [{'name': 'device_control', 'args': {'action': 'turnoff', 'entity': 'CAR_DOOR', 'position': 'FIRST_ROW'}}]
2026-03-23 09:42:54,561 - DEBUG - CaseID: 479 - parse_multi_results输入 - name_str: 'device_control', args_str: '{"action":"turnoff","position":"FIRST_ROW","entity":"CAR_DOOR"}'
2026-03-23 09:42:54,561 - DEBUG - CaseID: 479 - parse_multi_results输出: [{'name': 'device_control', 'args': {'action': 'turnoff', 'entity': 'CAR_DOOR', 'position': 'FIRST_ROW'}}]
2026-03-23 09:42:54,561 - DEBUG - CaseID: 479 - expected_results: [{'name': 'device_control', 'args': {'action': 'turnoff', 'entity': 'CAR_DOOR', 'position': 'FIRST_ROW'}}]
2026-03-23 09:42:54,561 - DEBUG - CaseID: 479 - actual_results: [{'name': 'device_control', 'args': {'action': 'turnoff', 'entity': 'CAR_DOOR', 'position': 'FIRST_ROW'}}]
2026-03-23 09:42:54,561 - DEBUG - CaseID: 479 - expected_keys: {('device_control', '{"action": "turnoff", "entity": "CAR_DOOR", "position": "FIRST_ROW"}')}
2026-03-23 09:42:54,561 - DEBUG - CaseID: 479 - actual_keys: {('device_control', '{"action": "turnoff", "entity": "CAR_DOOR", "position": "FIRST_ROW"}')}
2026-03-23 09:42:54,562 - DEBUG - CaseID: 480 - parse_multi_results输入 - name_str: 'device_control', args_str: '{"action":"turnoff","entity":"CAR_DOOR","position":"WHOLE"}'
2026-03-23 09:42:54,562 - DEBUG - CaseID: 480 - parse_multi_results输出: [{'name': 'device_control', 'args': {'action': 'turnoff', 'entity': 'CAR_DOOR', 'position': 'WHOLE'}}]
2026-03-23 09:42:54,562 - DEBUG - CaseID: 480 - parse_multi_results输入 - name_str: 'device_control', args_str: '{"action":"turnoff","position":"WHOLE","entity":"CAR_DOOR"}'
2026-03-23 09:42:54,562 - DEBUG - CaseID: 480 - parse_multi_results输出: [{'name': 'device_control', 'args': {'action': 'turnoff', 'entity': 'CAR_DOOR', 'position': 'WHOLE'}}]
2026-03-23 09:42:54,562 - DEBUG - CaseID: 480 - expected_results: [{'name': 'device_control', 'args': {'action': 'turnoff', 'entity': 'CAR_DOOR', 'position': 'WHOLE'}}]
2026-03-23 09:42:54,562 - DEBUG - CaseID: 480 - actual_results: [{'name': 'device_control', 'args': {'action': 'turnoff', 'entity': 'CAR_DOOR', 'position': 'WHOLE'}}]
2026-03-23 09:42:54,562 - DEBUG - CaseID: 480 - expected_keys: {('device_control', '{"action": "turnoff", "entity": "CAR_DOOR", "position": "WHOLE"}')}
2026-03-23 09:42:54,562 - DEBUG - CaseID: 480 - actual_keys: {('device_control', '{"action": "turnoff", "entity": "CAR_DOOR", "position": "WHOLE"}')}
2026-03-23 09:42:54,562 - DEBUG - CaseID: 481 - parse_multi_results输入 - name_str: 'device_control', args_str: '{"action":"turnoff","entity":"CAR_DOOR","position":"DRIVER"}'
2026-03-23 09:42:54,562 - DEBUG - CaseID: 481 - parse_multi_results输出: [{'name': 'device_control', 'args': {'action': 'turnoff', 'entity': 'CAR_DOOR', 'position': 'DRIVER'}}]
2026-03-23 09:42:54,562 - DEBUG - CaseID: 481 - parse_multi_results输入 - name_str: 'device_control', args_str: '{"action":"turnoff","position":"DRIVER","entity":"CAR_DOOR"}'
2026-03-23 09:42:54,562 - DEBUG - CaseID: 481 - parse_multi_results输出: [{'name': 'device_control', 'args': {'action': 'turnoff', 'entity': 'CAR_DOOR', 'position': 'DRIVER'}}]
2026-03-23 09:42:54,562 - DEBUG - CaseID: 481 - expected_results: [{'name': 'device_control', 'args': {'action': 'turnoff', 'entity': 'CAR_DOOR', 'position': 'DRIVER'}}]
2026-03-23 09:42:54,562 - DEBUG - CaseID: 481 - actual_results: [{'name': 'device_control', 'args': {'action': 'turnoff', 'entity': 'CAR_DOOR', 'position': 'DRIVER'}}]
2026-03-23 09:42:54,562 - DEBUG - CaseID: 481 - expected_keys: {('device_control', '{"action": "turnoff", "entity": "CAR_DOOR", "position": "DRIVER"}')}
2026-03-23 09:42:54,562 - DEBUG - CaseID: 481 - actual_keys: {('device_control', '{"action": "turnoff", "entity": "CAR_DOOR", "position": "DRIVER"}')}
2026-03-23 09:42:54,562 - DEBUG - CaseID: 482 - parse_multi_results输入 - name_str: 'device_control', args_str: '{"action":"turnoff","entity":"CAR_DOOR","position":"PASSENGER"}'
2026-03-23 09:42:54,562 - DEBUG - CaseID: 482 - parse_multi_results输出: [{'name': 'device_control', 'args': {'action': 'turnoff', 'entity': 'CAR_DOOR', 'position': 'PASSENGER'}}]
2026-03-23 09:42:54,562 - DEBUG - CaseID: 482 - parse_multi_results输入 - name_str: 'device_control', args_str: '{"action":"turnoff","position":"PASSENGER","entity":"CAR_DOOR"}'
2026-03-23 09:42:54,562 - DEBUG - CaseID: 482 - parse_multi_results输出: [{'name': 'device_control', 'args': {'action': 'turnoff', 'entity': 'CAR_DOOR', 'position': 'PASSENGER'}}]
2026-03-23 09:42:54,562 - DEBUG - CaseID: 482 - expected_results: [{'name': 'device_control', 'args': {'action': 'turnoff', 'entity': 'CAR_DOOR', 'position': 'PASSENGER'}}]
2026-03-23 09:42:54,562 - DEBUG - CaseID: 482 - actual_results: [{'name': 'device_control', 'args': {'action': 'turnoff', 'entity': 'CAR_DOOR', 'position': 'PASSENGER'}}]
2026-03-23 09:42:54,562 - DEBUG - CaseID: 482 - expected_keys: {('device_control', '{"action": "turnoff", "entity": "CAR_DOOR", "position": "PASSENGER"}')}
2026-03-23 09:42:54,562 - DEBUG - CaseID: 482 - actual_keys: {('device_control', '{"action": "turnoff", "entity": "CAR_DOOR", "position": "PASSENGER"}')}
2026-03-23 09:42:54,562 - DEBUG - CaseID: 483 - parse_multi_results输入 - name_str: 'device_control', args_str: '{"action":"turnoff","entity":"CAR_DOOR","position":"SECOND_ROW"}'
2026-03-23 09:42:54,562 - DEBUG - CaseID: 483 - parse_multi_results输出: [{'name': 'device_control', 'args': {'action': 'turnoff', 'entity': 'CAR_DOOR', 'position': 'SECOND_ROW'}}]
2026-03-23 09:42:54,562 - DEBUG - CaseID: 483 - parse_multi_results输入 - name_str: 'device_control', args_str: '{"action":"turnoff","position":"SECOND_ROW","entity":"CAR_DOOR"}'
2026-03-23 09:42:54,563 - DEBUG - CaseID: 483 - parse_multi_results输出: [{'name': 'device_control', 'args': {'action': 'turnoff', 'entity': 'CAR_DOOR', 'position': 'SECOND_ROW'}}]
2026-03-23 09:42:54,563 - DEBUG - CaseID: 483 - expected_results: [{'name': 'device_control', 'args': {'action': 'turnoff', 'entity': 'CAR_DOOR', 'position': 'SECOND_ROW'}}]
2026-03-23 09:42:54,563 - DEBUG - CaseID: 483 - actual_results: [{'name': 'device_control', 'args': {'action': 'turnoff', 'entity': 'CAR_DOOR', 'position': 'SECOND_ROW'}}]
2026-03-23 09:42:54,563 - DEBUG - CaseID: 483 - expected_keys: {('device_control', '{"action": "turnoff", "entity": "CAR_DOOR", "position": "SECOND_ROW"}')}
2026-03-23 09:42:54,563 - DEBUG - CaseID: 483 - actual_keys: {('device_control', '{"action": "turnoff", "entity": "CAR_DOOR", "position": "SECOND_ROW"}')}
2026-03-23 09:42:54,563 - DEBUG - CaseID: 484 - parse_multi_results输入 - name_str: 'device_control', args_str: '{"action":"turnoff","entity":"CAR_DOOR","position":"LEFT_SEAT_OF_SECOND_ROW"}'
2026-03-23 09:42:54,563 - DEBUG - CaseID: 484 - parse_multi_results输出: [{'name': 'device_control', 'args': {'action': 'turnoff', 'entity': 'CAR_DOOR', 'position': 'LEFT_SEAT_OF_SECOND_ROW'}}]
2026-03-23 09:42:54,563 - DEBUG - CaseID: 484 - parse_multi_results输入 - name_str: 'device_control', args_str: '{"action":"turnoff","position":"LEFT_SEAT_OF_SECOND_ROW","entity":"CAR_DOOR"}'
2026-03-23 09:42:54,563 - DEBUG - CaseID: 484 - parse_multi_results输出: [{'name': 'device_control', 'args': {'action': 'turnoff', 'entity': 'CAR_DOOR', 'position': 'LEFT_SEAT_OF_SECOND_ROW'}}]
2026-03-23 09:42:54,563 - DEBUG - CaseID: 484 - expected_results: [{'name': 'device_control', 'args': {'action': 'turnoff', 'entity': 'CAR_DOOR', 'position': 'LEFT_SEAT_OF_SECOND_ROW'}}]
2026-03-23 09:42:54,563 - DEBUG - CaseID: 484 - actual_results: [{'name': 'device_control', 'args': {'action': 'turnoff', 'entity': 'CAR_DOOR', 'position': 'LEFT_SEAT_OF_SECOND_ROW'}}]
2026-03-23 09:42:54,563 - DEBUG - CaseID: 484 - expected_keys: {('device_control', '{"action": "turnoff", "entity": "CAR_DOOR", "position": "LEFT_SEAT_OF_SECOND_ROW"}')}
2026-03-23 09:42:54,563 - DEBUG - CaseID: 484 - actual_keys: {('device_control', '{"action": "turnoff", "entity": "CAR_DOOR", "position": "LEFT_SEAT_OF_SECOND_ROW"}')}
2026-03-23 09:42:54,563 - DEBUG - CaseID: 485 - parse_multi_results输入 - name_str: 'device_control', args_str: '{"action":"turnoff","entity":"CAR_DOOR","position":"RIGHT_SEAT_OF_SECOND_ROW"}'
2026-03-23 09:42:54,563 - DEBUG - CaseID: 485 - parse_multi_results输出: [{'name': 'device_control', 'args': {'action': 'turnoff', 'entity': 'CAR_DOOR', 'position': 'RIGHT_SEAT_OF_SECOND_ROW'}}]
2026-03-23 09:42:54,563 - DEBUG - CaseID: 485 - parse_multi_results输入 - name_str: 'device_control', args_str: '{"action":"turnoff","position":"RIGHT_SEAT_OF_SECOND_ROW","entity":"CAR_DOOR"}'
2026-03-23 09:42:54,563 - DEBUG - CaseID: 485 - parse_multi_results输出: [{'name': 'device_control', 'args': {'action': 'turnoff', 'entity': 'CAR_DOOR', 'position': 'RIGHT_SEAT_OF_SECOND_ROW'}}]
2026-03-23 09:42:54,563 - DEBUG - CaseID: 485 - expected_results: [{'name': 'device_control', 'args': {'action': 'turnoff', 'entity': 'CAR_DOOR', 'position': 'RIGHT_SEAT_OF_SECOND_ROW'}}]
2026-03-23 09:42:54,563 - DEBUG - CaseID: 485 - actual_results: [{'name': 'device_control', 'args': {'action': 'turnoff', 'entity': 'CAR_DOOR', 'position': 'RIGHT_SEAT_OF_SECOND_ROW'}}]
2026-03-23 09:42:54,563 - DEBUG - CaseID: 485 - expected_keys: {('device_control', '{"action": "turnoff", "entity": "CAR_DOOR", "position": "RIGHT_SEAT_OF_SECOND_ROW"}')}
2026-03-23 09:42:54,563 - DEBUG - CaseID: 485 - actual_keys: {('device_control', '{"action": "turnoff", "entity": "CAR_DOOR", "position": "RIGHT_SEAT_OF_SECOND_ROW"}')}
2026-03-23 09:42:54,563 - DEBUG - CaseID: 486 - parse_multi_results输入 - name_str: 'device_control', args_str: '{"action":"turnoff","entity":"CAR_DOOR","position":"SECOND_ROW"}'
2026-03-23 09:42:54,563 - DEBUG - CaseID: 486 - parse_multi_results输出: [{'name': 'device_control', 'args': {'action': 'turnoff', 'entity': 'CAR_DOOR', 'position': 'SECOND_ROW'}}]
2026-03-23 09:42:54,563 - DEBUG - CaseID: 486 - parse_multi_results输入 - name_str: 'device_control', args_str: '{"action":"turnoff","position":"BOTH_SIDES","entity":"CAR_DOOR"}'
2026-03-23 09:42:54,563 - DEBUG - CaseID: 486 - parse_multi_results输出: [{'name': 'device_control', 'args': {'action': 'turnoff', 'entity': 'CAR_DOOR', 'position': 'BOTH_SIDES'}}]
2026-03-23 09:42:54,563 - DEBUG - CaseID: 486 - expected_results: [{'name': 'device_control', 'args': {'action': 'turnoff', 'entity': 'CAR_DOOR', 'position': 'SECOND_ROW'}}]
2026-03-23 09:42:54,563 - DEBUG - CaseID: 486 - actual_results: [{'name': 'device_control', 'args': {'action': 'turnoff', 'entity': 'CAR_DOOR', 'position': 'BOTH_SIDES'}}]
2026-03-23 09:42:54,563 - DEBUG - CaseID: 486 - expected_keys: {('device_control', '{"action": "turnoff", "entity": "CAR_DOOR", "position": "SECOND_ROW"}')}
2026-03-23 09:42:54,563 - DEBUG - CaseID: 486 - actual_keys: {('device_control', '{"action": "turnoff", "entity": "CAR_DOOR", "position": "BOTH_SIDES"}')}
2026-03-23 09:42:54,563 - ERROR - CaseID: 486
实际结果缺少以下预期项：
  名称: device_control, 参数: {"action": "turnoff", "entity": "CAR_DOOR", "position": "SECOND_ROW"}
实际结果多出以下非预期项：
  名称: device_control, 参数: {"action": "turnoff", "entity": "CAR_DOOR", "position": "BOTH_SIDES"}
2026-03-23 09:42:54,563 - DEBUG - CaseID: 487 - parse_multi_results输入 - name_str: 'device_control', args_str: '{"action":"turnoff","entity":"CAR_DOOR","position":"FIRST_ROW"}'
2026-03-23 09:42:54,563 - DEBUG - CaseID: 487 - parse_multi_results输出: [{'name': 'device_control', 'args': {'action': 'turnoff', 'entity': 'CAR_DOOR', 'position': 'FIRST_ROW'}}]
2026-03-23 09:42:54,563 - DEBUG - CaseID: 487 - parse_multi_results输入 - name_str: 'device_control', args_str: '{"action":"turnoff","position":"FIRST_ROW","entity":"CAR_DOOR"}'
2026-03-23 09:42:54,563 - DEBUG - CaseID: 487 - parse_multi_results输出: [{'name': 'device_control', 'args': {'action': 'turnoff', 'entity': 'CAR_DOOR', 'position': 'FIRST_ROW'}}]
2026-03-23 09:42:54,563 - DEBUG - CaseID: 487 - expected_results: [{'name': 'device_control', 'args': {'action': 'turnoff', 'entity': 'CAR_DOOR', 'position': 'FIRST_ROW'}}]
2026-03-23 09:42:54,563 - DEBUG - CaseID: 487 - actual_results: [{'name': 'device_control', 'args': {'action': 'turnoff', 'entity': 'CAR_DOOR', 'position': 'FIRST_ROW'}}]
2026-03-23 09:42:54,563 - DEBUG - CaseID: 487 - expected_keys: {('device_control', '{"action": "turnoff", "entity": "CAR_DOOR", "position": "FIRST_ROW"}')}
2026-03-23 09:42:54,563 - DEBUG - CaseID: 487 - actual_keys: {('device_control', '{"action": "turnoff", "entity": "CAR_DOOR", "position": "FIRST_ROW"}')}
2026-03-23 09:42:54,564 - DEBUG - CaseID: 488 - parse_multi_results输入 - name_str: 'device_control', args_str: '{"action":"turnoff","entity":"CAR_DOOR","position":"LEFT"}'
2026-03-23 09:42:54,564 - DEBUG - CaseID: 488 - parse_multi_results输出: [{'name': 'device_control', 'args': {'action': 'turnoff', 'entity': 'CAR_DOOR', 'position': 'LEFT'}}]
2026-03-23 09:42:54,564 - DEBUG - CaseID: 488 - parse_multi_results输入 - name_str: 'device_control', args_str: '{"action":"turnoff","position":"LEFT","entity":"CAR_DOOR"}'
2026-03-23 09:42:54,564 - DEBUG - CaseID: 488 - parse_multi_results输出: [{'name': 'device_control', 'args': {'action': 'turnoff', 'entity': 'CAR_DOOR', 'position': 'LEFT'}}]
2026-03-23 09:42:54,564 - DEBUG - CaseID: 488 - expected_results: [{'name': 'device_control', 'args': {'action': 'turnoff', 'entity': 'CAR_DOOR', 'position': 'LEFT'}}]
2026-03-23 09:42:54,564 - DEBUG - CaseID: 488 - actual_results: [{'name': 'device_control', 'args': {'action': 'turnoff', 'entity': 'CAR_DOOR', 'position': 'LEFT'}}]
2026-03-23 09:42:54,564 - DEBUG - CaseID: 488 - expected_keys: {('device_control', '{"action": "turnoff", "entity": "CAR_DOOR", "position": "LEFT"}')}
2026-03-23 09:42:54,564 - DEBUG - CaseID: 488 - actual_keys: {('device_control', '{"action": "turnoff", "entity": "CAR_DOOR", "position": "LEFT"}')}
2026-03-23 09:42:54,564 - DEBUG - CaseID: 489 - parse_multi_results输入 - name_str: 'device_control', args_str: '{"action":"turnoff","entity":"CAR_DOOR","position":"RIGHT"}'
2026-03-23 09:42:54,564 - DEBUG - CaseID: 489 - parse_multi_results输出: [{'name': 'device_control', 'args': {'action': 'turnoff', 'entity': 'CAR_DOOR', 'position': 'RIGHT'}}]
2026-03-23 09:42:54,564 - DEBUG - CaseID: 489 - parse_multi_results输入 - name_str: 'device_control', args_str: '{"action":"turnoff","position":"RIGHT","entity":"CAR_DOOR"}'
2026-03-23 09:42:54,564 - DEBUG - CaseID: 489 - parse_multi_results输出: [{'name': 'device_control', 'args': {'action': 'turnoff', 'entity': 'CAR_DOOR', 'position': 'RIGHT'}}]
2026-03-23 09:42:54,564 - DEBUG - CaseID: 489 - expected_results: [{'name': 'device_control', 'args': {'action': 'turnoff', 'entity': 'CAR_DOOR', 'position': 'RIGHT'}}]
2026-03-23 09:42:54,564 - DEBUG - CaseID: 489 - actual_results: [{'name': 'device_control', 'args': {'action': 'turnoff', 'entity': 'CAR_DOOR', 'position': 'RIGHT'}}]
2026-03-23 09:42:54,564 - DEBUG - CaseID: 489 - expected_keys: {('device_control', '{"action": "turnoff", "entity": "CAR_DOOR", "position": "RIGHT"}')}
2026-03-23 09:42:54,564 - DEBUG - CaseID: 489 - actual_keys: {('device_control', '{"action": "turnoff", "entity": "CAR_DOOR", "position": "RIGHT"}')}
2026-03-23 09:42:54,564 - DEBUG - CaseID: 490 - parse_multi_results输入 - name_str: 'device_control', args_str: '{"action":"turnoff","entity":"CAR_DOOR","position":"FIRST_ROW"}'
2026-03-23 09:42:54,564 - DEBUG - CaseID: 490 - parse_multi_results输出: [{'name': 'device_control', 'args': {'action': 'turnoff', 'entity': 'CAR_DOOR', 'position': 'FIRST_ROW'}}]
2026-03-23 09:42:54,564 - DEBUG - CaseID: 490 - parse_multi_results输入 - name_str: 'device_control', args_str: '{"action":"turnoff","position":"FIRST_ROW","entity":"CAR_DOOR"}'
2026-03-23 09:42:54,564 - DEBUG - CaseID: 490 - parse_multi_results输出: [{'name': 'device_control', 'args': {'action': 'turnoff', 'entity': 'CAR_DOOR', 'position': 'FIRST_ROW'}}]
2026-03-23 09:42:54,564 - DEBUG - CaseID: 490 - expected_results: [{'name': 'device_control', 'args': {'action': 'turnoff', 'entity': 'CAR_DOOR', 'position': 'FIRST_ROW'}}]
2026-03-23 09:42:54,564 - DEBUG - CaseID: 490 - actual_results: [{'name': 'device_control', 'args': {'action': 'turnoff', 'entity': 'CAR_DOOR', 'position': 'FIRST_ROW'}}]
2026-03-23 09:42:54,564 - DEBUG - CaseID: 490 - expected_keys: {('device_control', '{"action": "turnoff", "entity": "CAR_DOOR", "position": "FIRST_ROW"}')}
2026-03-23 09:42:54,564 - DEBUG - CaseID: 490 - actual_keys: {('device_control', '{"action": "turnoff", "entity": "CAR_DOOR", "position": "FIRST_ROW"}')}
2026-03-23 09:42:54,564 - INFO - 开始分片写入 490 条结果，每片 2000 条
2026-03-23 09:42:55,038 - INFO - 已写入第 1-490 行结果
2026-03-23 09:42:55,544 - INFO - === 4o_vehicle_control 流程完成，耗时: 4.01秒 ===
