2026-03-24 16:59:42,600 - INFO - === 4o_vehicle_control API对比工具启动 ===
2026-03-24 16:59:45,047 - DEBUG - CaseID: 1 - parse_multi_results输入 - name_str: 'device_control', args_str: '{"action":"turnon","entity":"AC"}'
2026-03-24 16:59:45,047 - DEBUG - CaseID: 1 - parse_multi_results输出: [{'name': 'device_control', 'args': {'action': 'turnon', 'entity': 'AC'}}]
2026-03-24 16:59:45,047 - DEBUG - CaseID: 1 - parse_multi_results输入 - name_str: 'device_control', args_str: '{"action":"turnon","entity":"AC"}'
2026-03-24 16:59:45,047 - DEBUG - CaseID: 1 - parse_multi_results输出: [{'name': 'device_control', 'args': {'action': 'turnon', 'entity': 'AC'}}]
2026-03-24 16:59:45,047 - DEBUG - CaseID: 1 - expected_results: [{'name': 'device_control', 'args': {'action': 'turnon', 'entity': 'AC'}}]
2026-03-24 16:59:45,047 - DEBUG - CaseID: 1 - actual_results: [{'name': 'device_control', 'args': {'action': 'turnon', 'entity': 'AC'}}]
2026-03-24 16:59:45,047 - DEBUG - CaseID: 1 - expected_keys: {('device_control', '{"action": "turnon", "entity": "AC"}')}
2026-03-24 16:59:45,047 - DEBUG - CaseID: 1 - actual_keys: {('device_control', '{"action": "turnon", "entity": "AC"}')}
2026-03-24 16:59:45,048 - DEBUG - CaseID: 2 - parse_multi_results输入 - name_str: 'device_control', args_str: '{"action":"turnon","entity":"AC","position":"WHOLE"}'
2026-03-24 16:59:45,048 - DEBUG - CaseID: 2 - parse_multi_results输出: [{'name': 'device_control', 'args': {'action': 'turnon', 'entity': 'AC', 'position': 'WHOLE'}}]
2026-03-24 16:59:45,048 - DEBUG - CaseID: 2 - parse_multi_results输入 - name_str: 'device_control', args_str: '{"action":"turnon","position":"WHOLE","entity":"AC"}'
2026-03-24 16:59:45,048 - DEBUG - CaseID: 2 - parse_multi_results输出: [{'name': 'device_control', 'args': {'action': 'turnon', 'entity': 'AC', 'position': 'WHOLE'}}]
2026-03-24 16:59:45,048 - DEBUG - CaseID: 2 - expected_results: [{'name': 'device_control', 'args': {'action': 'turnon', 'entity': 'AC', 'position': 'WHOLE'}}]
2026-03-24 16:59:45,048 - DEBUG - CaseID: 2 - actual_results: [{'name': 'device_control', 'args': {'action': 'turnon', 'entity': 'AC', 'position': 'WHOLE'}}]
2026-03-24 16:59:45,048 - DEBUG - CaseID: 2 - expected_keys: {('device_control', '{"action": "turnon", "entity": "AC", "position": "WHOLE"}')}
2026-03-24 16:59:45,048 - DEBUG - CaseID: 2 - actual_keys: {('device_control', '{"action": "turnon", "entity": "AC", "position": "WHOLE"}')}
2026-03-24 16:59:45,048 - DEBUG - CaseID: 3 - parse_multi_results输入 - name_str: 'device_control', args_str: '{"action":"turnon","entity":"AC","position":"SECOND_ROW"}'
2026-03-24 16:59:45,048 - DEBUG - CaseID: 3 - parse_multi_results输出: [{'name': 'device_control', 'args': {'action': 'turnon', 'entity': 'AC', 'position': 'SECOND_ROW'}}]
2026-03-24 16:59:45,048 - DEBUG - CaseID: 3 - parse_multi_results输入 - name_str: 'device_control', args_str: '{"action":"turnon","position":"SECOND_ROW","entity":"AC"}'
2026-03-24 16:59:45,048 - DEBUG - CaseID: 3 - parse_multi_results输出: [{'name': 'device_control', 'args': {'action': 'turnon', 'entity': 'AC', 'position': 'SECOND_ROW'}}]
2026-03-24 16:59:45,048 - DEBUG - CaseID: 3 - expected_results: [{'name': 'device_control', 'args': {'action': 'turnon', 'entity': 'AC', 'position': 'SECOND_ROW'}}]
2026-03-24 16:59:45,048 - DEBUG - CaseID: 3 - actual_results: [{'name': 'device_control', 'args': {'action': 'turnon', 'entity': 'AC', 'position': 'SECOND_ROW'}}]
2026-03-24 16:59:45,048 - DEBUG - CaseID: 3 - expected_keys: {('device_control', '{"action": "turnon", "entity": "AC", "position": "SECOND_ROW"}')}
2026-03-24 16:59:45,048 - DEBUG - CaseID: 3 - actual_keys: {('device_control', '{"action": "turnon", "entity": "AC", "position": "SECOND_ROW"}')}
2026-03-24 16:59:45,049 - DEBUG - CaseID: 4 - parse_multi_results输入 - name_str: 'device_control', args_str: '{"action":"turnoff","entity":"AC"}'
2026-03-24 16:59:45,049 - DEBUG - CaseID: 4 - parse_multi_results输出: [{'name': 'device_control', 'args': {'action': 'turnoff', 'entity': 'AC'}}]
2026-03-24 16:59:45,049 - DEBUG - CaseID: 4 - parse_multi_results输入 - name_str: 'device_control', args_str: '{"action":"turnoff","entity":"AC"}'
2026-03-24 16:59:45,049 - DEBUG - CaseID: 4 - parse_multi_results输出: [{'name': 'device_control', 'args': {'action': 'turnoff', 'entity': 'AC'}}]
2026-03-24 16:59:45,049 - DEBUG - CaseID: 4 - expected_results: [{'name': 'device_control', 'args': {'action': 'turnoff', 'entity': 'AC'}}]
2026-03-24 16:59:45,049 - DEBUG - CaseID: 4 - actual_results: [{'name': 'device_control', 'args': {'action': 'turnoff', 'entity': 'AC'}}]
2026-03-24 16:59:45,049 - DEBUG - CaseID: 4 - expected_keys: {('device_control', '{"action": "turnoff", "entity": "AC"}')}
2026-03-24 16:59:45,049 - DEBUG - CaseID: 4 - actual_keys: {('device_control', '{"action": "turnoff", "entity": "AC"}')}
2026-03-24 16:59:45,049 - DEBUG - CaseID: 5 - parse_multi_results输入 - name_str: 'device_control', args_str: '{"action":"turnoff","entity":"AC","position":"FIRST_ROW"}'
2026-03-24 16:59:45,049 - DEBUG - CaseID: 5 - parse_multi_results输出: [{'name': 'device_control', 'args': {'action': 'turnoff', 'entity': 'AC', 'position': 'FIRST_ROW'}}]
2026-03-24 16:59:45,049 - DEBUG - CaseID: 5 - parse_multi_results输入 - name_str: 'device_control', args_str: '{"action":"turnoff","position":"FIRST_ROW","entity":"AC"}'
2026-03-24 16:59:45,049 - DEBUG - CaseID: 5 - parse_multi_results输出: [{'name': 'device_control', 'args': {'action': 'turnoff', 'entity': 'AC', 'position': 'FIRST_ROW'}}]
2026-03-24 16:59:45,049 - DEBUG - CaseID: 5 - expected_results: [{'name': 'device_control', 'args': {'action': 'turnoff', 'entity': 'AC', 'position': 'FIRST_ROW'}}]
2026-03-24 16:59:45,049 - DEBUG - CaseID: 5 - actual_results: [{'name': 'device_control', 'args': {'action': 'turnoff', 'entity': 'AC', 'position': 'FIRST_ROW'}}]
2026-03-24 16:59:45,049 - DEBUG - CaseID: 5 - expected_keys: {('device_control', '{"action": "turnoff", "entity": "AC", "position": "FIRST_ROW"}')}
2026-03-24 16:59:45,049 - DEBUG - CaseID: 5 - actual_keys: {('device_control', '{"action": "turnoff", "entity": "AC", "position": "FIRST_ROW"}')}
2026-03-24 16:59:45,049 - DEBUG - CaseID: 6 - parse_multi_results输入 - name_str: 'device_control', args_str: '{"action":"adjust","entity":"AC","function_option":"TEMPERATURE","range":"+"}'
2026-03-24 16:59:45,049 - DEBUG - CaseID: 6 - parse_multi_results输出: [{'name': 'device_control', 'args': {'action': 'adjust', 'entity': 'AC', 'function_option': 'TEMPERATURE', 'range': '+'}}]
2026-03-24 16:59:45,049 - DEBUG - CaseID: 6 - parse_multi_results输入 - name_str: 'device_control', args_str: '{"action":"adjust","range":"+","function_option":"TEMPERATURE","entity":"AC"}'
2026-03-24 16:59:45,050 - DEBUG - CaseID: 6 - parse_multi_results输出: [{'name': 'device_control', 'args': {'action': 'adjust', 'entity': 'AC', 'function_option': 'TEMPERATURE', 'range': '+'}}]
2026-03-24 16:59:45,050 - DEBUG - CaseID: 6 - expected_results: [{'name': 'device_control', 'args': {'action': 'adjust', 'entity': 'AC', 'function_option': 'TEMPERATURE', 'range': '+'}}]
2026-03-24 16:59:45,050 - DEBUG - CaseID: 6 - actual_results: [{'name': 'device_control', 'args': {'action': 'adjust', 'entity': 'AC', 'function_option': 'TEMPERATURE', 'range': '+'}}]
2026-03-24 16:59:45,050 - DEBUG - CaseID: 6 - expected_keys: {('device_control', '{"action": "adjust", "entity": "AC", "function_option": "TEMPERATURE", "range": "+"}')}
2026-03-24 16:59:45,050 - DEBUG - CaseID: 6 - actual_keys: {('device_control', '{"action": "adjust", "entity": "AC", "function_option": "TEMPERATURE", "range": "+"}')}
2026-03-24 16:59:45,050 - DEBUG - CaseID: 7 - parse_multi_results输入 - name_str: 'device_control', args_str: '{"action":"adjust","entity":"AC","function_option":"TEMPERATURE","range":"-"}'
2026-03-24 16:59:45,050 - DEBUG - CaseID: 7 - parse_multi_results输出: [{'name': 'device_control', 'args': {'action': 'adjust', 'entity': 'AC', 'function_option': 'TEMPERATURE', 'range': '-'}}]
2026-03-24 16:59:45,050 - DEBUG - CaseID: 7 - parse_multi_results输入 - name_str: 'device_control', args_str: '{"action":"adjust","range":"-","function_option":"TEMPERATURE","entity":"AC"}'
2026-03-24 16:59:45,050 - DEBUG - CaseID: 7 - parse_multi_results输出: [{'name': 'device_control', 'args': {'action': 'adjust', 'entity': 'AC', 'function_option': 'TEMPERATURE', 'range': '-'}}]
2026-03-24 16:59:45,050 - DEBUG - CaseID: 7 - expected_results: [{'name': 'device_control', 'args': {'action': 'adjust', 'entity': 'AC', 'function_option': 'TEMPERATURE', 'range': '-'}}]
2026-03-24 16:59:45,050 - DEBUG - CaseID: 7 - actual_results: [{'name': 'device_control', 'args': {'action': 'adjust', 'entity': 'AC', 'function_option': 'TEMPERATURE', 'range': '-'}}]
2026-03-24 16:59:45,050 - DEBUG - CaseID: 7 - expected_keys: {('device_control', '{"action": "adjust", "entity": "AC", "function_option": "TEMPERATURE", "range": "-"}')}
2026-03-24 16:59:45,050 - DEBUG - CaseID: 7 - actual_keys: {('device_control', '{"action": "adjust", "entity": "AC", "function_option": "TEMPERATURE", "range": "-"}')}
2026-03-24 16:59:45,050 - DEBUG - CaseID: 8 - parse_multi_results输入 - name_str: 'device_control', args_str: '{"action":"adjust","entity":"AC","function_option":"TEMPERATURE","range":"19度"}'
2026-03-24 16:59:45,050 - DEBUG - CaseID: 8 - parse_multi_results输出: [{'name': 'device_control', 'args': {'action': 'adjust', 'entity': 'AC', 'function_option': 'TEMPERATURE', 'range': '19度'}}]
2026-03-24 16:59:45,050 - DEBUG - CaseID: 8 - parse_multi_results输入 - name_str: 'device_control', args_str: '{"action":"adjust","range":"19度","function_option":"TEMPERATURE","entity":"AC"}'
2026-03-24 16:59:45,050 - DEBUG - CaseID: 8 - parse_multi_results输出: [{'name': 'device_control', 'args': {'action': 'adjust', 'entity': 'AC', 'function_option': 'TEMPERATURE', 'range': '19度'}}]
2026-03-24 16:59:45,050 - DEBUG - CaseID: 8 - expected_results: [{'name': 'device_control', 'args': {'action': 'adjust', 'entity': 'AC', 'function_option': 'TEMPERATURE', 'range': '19度'}}]
2026-03-24 16:59:45,050 - DEBUG - CaseID: 8 - actual_results: [{'name': 'device_control', 'args': {'action': 'adjust', 'entity': 'AC', 'function_option': 'TEMPERATURE', 'range': '19度'}}]
2026-03-24 16:59:45,050 - DEBUG - CaseID: 8 - expected_keys: {('device_control', '{"action": "adjust", "entity": "AC", "function_option": "TEMPERATURE", "range": "19\\u5ea6"}')}
2026-03-24 16:59:45,050 - DEBUG - CaseID: 8 - actual_keys: {('device_control', '{"action": "adjust", "entity": "AC", "function_option": "TEMPERATURE", "range": "19\\u5ea6"}')}
2026-03-24 16:59:45,051 - DEBUG - CaseID: 9 - parse_multi_results输入 - name_str: 'device_control', args_str: '{"action":"adjust","entity":"AC","function_option":"TEMPERATURE","range":"19度"}'
2026-03-24 16:59:45,051 - DEBUG - CaseID: 9 - parse_multi_results输出: [{'name': 'device_control', 'args': {'action': 'adjust', 'entity': 'AC', 'function_option': 'TEMPERATURE', 'range': '19度'}}]
2026-03-24 16:59:45,051 - DEBUG - CaseID: 9 - parse_multi_results输入 - name_str: 'device_control', args_str: '{"action":"adjust","range":"19度","function_option":"TEMPERATURE","entity":"AC"}'
2026-03-24 16:59:45,051 - DEBUG - CaseID: 9 - parse_multi_results输出: [{'name': 'device_control', 'args': {'action': 'adjust', 'entity': 'AC', 'function_option': 'TEMPERATURE', 'range': '19度'}}]
2026-03-24 16:59:45,051 - DEBUG - CaseID: 9 - expected_results: [{'name': 'device_control', 'args': {'action': 'adjust', 'entity': 'AC', 'function_option': 'TEMPERATURE', 'range': '19度'}}]
2026-03-24 16:59:45,051 - DEBUG - CaseID: 9 - actual_results: [{'name': 'device_control', 'args': {'action': 'adjust', 'entity': 'AC', 'function_option': 'TEMPERATURE', 'range': '19度'}}]
2026-03-24 16:59:45,051 - DEBUG - CaseID: 9 - expected_keys: {('device_control', '{"action": "adjust", "entity": "AC", "function_option": "TEMPERATURE", "range": "19\\u5ea6"}')}
2026-03-24 16:59:45,051 - DEBUG - CaseID: 9 - actual_keys: {('device_control', '{"action": "adjust", "entity": "AC", "function_option": "TEMPERATURE", "range": "19\\u5ea6"}')}
2026-03-24 16:59:45,051 - DEBUG - CaseID: 10 - parse_multi_results输入 - name_str: 'device_control', args_str: '{"action":"adjust","position":"FIRST_ROW","range":"19度","entity":"AC","function_option":"TEMPERATURE"}'
2026-03-24 16:59:45,051 - DEBUG - CaseID: 10 - parse_multi_results输出: [{'name': 'device_control', 'args': {'action': 'adjust', 'entity': 'AC', 'function_option': 'TEMPERATURE', 'position': 'FIRST_ROW', 'range': '19度'}}]
2026-03-24 16:59:45,051 - DEBUG - CaseID: 10 - parse_multi_results输入 - name_str: 'device_control', args_str: '{"action":"adjust","range":"19度","position":"FIRST_ROW","function_option":"TEMPERATURE","entity":"AC"}'
2026-03-24 16:59:45,051 - DEBUG - CaseID: 10 - parse_multi_results输出: [{'name': 'device_control', 'args': {'action': 'adjust', 'entity': 'AC', 'function_option': 'TEMPERATURE', 'position': 'FIRST_ROW', 'range': '19度'}}]
2026-03-24 16:59:45,051 - DEBUG - CaseID: 10 - expected_results: [{'name': 'device_control', 'args': {'action': 'adjust', 'entity': 'AC', 'function_option': 'TEMPERATURE', 'position': 'FIRST_ROW', 'range': '19度'}}]
2026-03-24 16:59:45,051 - DEBUG - CaseID: 10 - actual_results: [{'name': 'device_control', 'args': {'action': 'adjust', 'entity': 'AC', 'function_option': 'TEMPERATURE', 'position': 'FIRST_ROW', 'range': '19度'}}]
2026-03-24 16:59:45,051 - DEBUG - CaseID: 10 - expected_keys: {('device_control', '{"action": "adjust", "entity": "AC", "function_option": "TEMPERATURE", "position": "FIRST_ROW", "range": "19\\u5ea6"}')}
2026-03-24 16:59:45,051 - DEBUG - CaseID: 10 - actual_keys: {('device_control', '{"action": "adjust", "entity": "AC", "function_option": "TEMPERATURE", "position": "FIRST_ROW", "range": "19\\u5ea6"}')}
2026-03-24 16:59:45,051 - DEBUG - CaseID: 11 - parse_multi_results输入 - name_str: 'device_control', args_str: '{"action":"adjust","entity":"AC","function_option":"TEMPERATURE","range":"-2度"}'
2026-03-24 16:59:45,051 - DEBUG - CaseID: 11 - parse_multi_results输出: [{'name': 'device_control', 'args': {'action': 'adjust', 'entity': 'AC', 'function_option': 'TEMPERATURE', 'range': '-2度'}}]
2026-03-24 16:59:45,051 - DEBUG - CaseID: 11 - parse_multi_results输入 - name_str: 'device_control', args_str: '{"action":"adjust","range":"-2度","function_option":"TEMPERATURE","entity":"AC"}'
2026-03-24 16:59:45,052 - DEBUG - CaseID: 11 - parse_multi_results输出: [{'name': 'device_control', 'args': {'action': 'adjust', 'entity': 'AC', 'function_option': 'TEMPERATURE', 'range': '-2度'}}]
2026-03-24 16:59:45,052 - DEBUG - CaseID: 11 - expected_results: [{'name': 'device_control', 'args': {'action': 'adjust', 'entity': 'AC', 'function_option': 'TEMPERATURE', 'range': '-2度'}}]
2026-03-24 16:59:45,052 - DEBUG - CaseID: 11 - actual_results: [{'name': 'device_control', 'args': {'action': 'adjust', 'entity': 'AC', 'function_option': 'TEMPERATURE', 'range': '-2度'}}]
2026-03-24 16:59:45,052 - DEBUG - CaseID: 11 - expected_keys: {('device_control', '{"action": "adjust", "entity": "AC", "function_option": "TEMPERATURE", "range": "-2\\u5ea6"}')}
2026-03-24 16:59:45,052 - DEBUG - CaseID: 11 - actual_keys: {('device_control', '{"action": "adjust", "entity": "AC", "function_option": "TEMPERATURE", "range": "-2\\u5ea6"}')}
2026-03-24 16:59:45,052 - DEBUG - CaseID: 12 - parse_multi_results输入 - name_str: 'device_control', args_str: '{"action":"adjust","position":"DRIVER","range":"+2度","entity":"AC","function_option":"TEMPERATURE"}'
2026-03-24 16:59:45,052 - DEBUG - CaseID: 12 - parse_multi_results输出: [{'name': 'device_control', 'args': {'action': 'adjust', 'entity': 'AC', 'function_option': 'TEMPERATURE', 'position': 'DRIVER', 'range': '+2度'}}]
2026-03-24 16:59:45,052 - DEBUG - CaseID: 12 - parse_multi_results输入 - name_str: 'device_control', args_str: '{"action":"adjust","range":"+2度","position":"DRIVER","function_option":"TEMPERATURE","entity":"AC"}'
2026-03-24 16:59:45,052 - DEBUG - CaseID: 12 - parse_multi_results输出: [{'name': 'device_control', 'args': {'action': 'adjust', 'entity': 'AC', 'function_option': 'TEMPERATURE', 'position': 'DRIVER', 'range': '+2度'}}]
2026-03-24 16:59:45,052 - DEBUG - CaseID: 12 - expected_results: [{'name': 'device_control', 'args': {'action': 'adjust', 'entity': 'AC', 'function_option': 'TEMPERATURE', 'position': 'DRIVER', 'range': '+2度'}}]
2026-03-24 16:59:45,052 - DEBUG - CaseID: 12 - actual_results: [{'name': 'device_control', 'args': {'action': 'adjust', 'entity': 'AC', 'function_option': 'TEMPERATURE', 'position': 'DRIVER', 'range': '+2度'}}]
2026-03-24 16:59:45,052 - DEBUG - CaseID: 12 - expected_keys: {('device_control', '{"action": "adjust", "entity": "AC", "function_option": "TEMPERATURE", "position": "DRIVER", "range": "+2\\u5ea6"}')}
2026-03-24 16:59:45,052 - DEBUG - CaseID: 12 - actual_keys: {('device_control', '{"action": "adjust", "entity": "AC", "function_option": "TEMPERATURE", "position": "DRIVER", "range": "+2\\u5ea6"}')}
2026-03-24 16:59:45,052 - DEBUG - CaseID: 13 - parse_multi_results输入 - name_str: 'device_control', args_str: '{"action":"adjust","position":"DRIVER","range":"32度","entity":"AC","function_option":"TEMPERATURE"}'
2026-03-24 16:59:45,052 - DEBUG - CaseID: 13 - parse_multi_results输出: [{'name': 'device_control', 'args': {'action': 'adjust', 'entity': 'AC', 'function_option': 'TEMPERATURE', 'position': 'DRIVER', 'range': '32度'}}]
2026-03-24 16:59:45,052 - DEBUG - CaseID: 13 - parse_multi_results输入 - name_str: 'device_control', args_str: '{"action":"adjust","position":"DRIVER","function_option":"TEMPERATURE","entity":"AC"}'
2026-03-24 16:59:45,052 - DEBUG - CaseID: 13 - parse_multi_results输出: [{'name': 'device_control', 'args': {'action': 'adjust', 'entity': 'AC', 'function_option': 'TEMPERATURE', 'position': 'DRIVER'}}]
2026-03-24 16:59:45,052 - DEBUG - CaseID: 13 - expected_results: [{'name': 'device_control', 'args': {'action': 'adjust', 'entity': 'AC', 'function_option': 'TEMPERATURE', 'position': 'DRIVER', 'range': '32度'}}]
2026-03-24 16:59:45,052 - DEBUG - CaseID: 13 - actual_results: [{'name': 'device_control', 'args': {'action': 'adjust', 'entity': 'AC', 'function_option': 'TEMPERATURE', 'position': 'DRIVER'}}]
2026-03-24 16:59:45,053 - DEBUG - CaseID: 13 - expected_keys: {('device_control', '{"action": "adjust", "entity": "AC", "function_option": "TEMPERATURE", "position": "DRIVER", "range": "32\\u5ea6"}')}
2026-03-24 16:59:45,053 - DEBUG - CaseID: 13 - actual_keys: {('device_control', '{"action": "adjust", "entity": "AC", "function_option": "TEMPERATURE", "position": "DRIVER"}')}
2026-03-24 16:59:45,053 - ERROR - CaseID: 13
实际结果缺少以下预期项：
  名称: device_control, 参数: {"action": "adjust", "entity": "AC", "function_option": "TEMPERATURE", "position": "DRIVER", "range": "32\u5ea6"}
实际结果多出以下非预期项：
  名称: device_control, 参数: {"action": "adjust", "entity": "AC", "function_option": "TEMPERATURE", "position": "DRIVER"}
2026-03-24 16:59:45,053 - DEBUG - CaseID: 14 - parse_multi_results输入 - name_str: 'device_control', args_str: '{"action":"adjust","position":"DRIVER","range":"15度","entity":"AC","function_option":"TEMPERATURE"}'
2026-03-24 16:59:45,053 - DEBUG - CaseID: 14 - parse_multi_results输出: [{'name': 'device_control', 'args': {'action': 'adjust', 'entity': 'AC', 'function_option': 'TEMPERATURE', 'position': 'DRIVER', 'range': '15度'}}]
2026-03-24 16:59:45,053 - DEBUG - CaseID: 14 - parse_multi_results输入 - name_str: 'device_control', args_str: '{"action":"adjust","range":"15度","position":"DRIVER","function_option":"TEMPERATURE","entity":"AC"}'
2026-03-24 16:59:45,053 - DEBUG - CaseID: 14 - parse_multi_results输出: [{'name': 'device_control', 'args': {'action': 'adjust', 'entity': 'AC', 'function_option': 'TEMPERATURE', 'position': 'DRIVER', 'range': '15度'}}]
2026-03-24 16:59:45,053 - DEBUG - CaseID: 14 - expected_results: [{'name': 'device_control', 'args': {'action': 'adjust', 'entity': 'AC', 'function_option': 'TEMPERATURE', 'position': 'DRIVER', 'range': '15度'}}]
2026-03-24 16:59:45,053 - DEBUG - CaseID: 14 - actual_results: [{'name': 'device_control', 'args': {'action': 'adjust', 'entity': 'AC', 'function_option': 'TEMPERATURE', 'position': 'DRIVER', 'range': '15度'}}]
2026-03-24 16:59:45,053 - DEBUG - CaseID: 14 - expected_keys: {('device_control', '{"action": "adjust", "entity": "AC", "function_option": "TEMPERATURE", "position": "DRIVER", "range": "15\\u5ea6"}')}
2026-03-24 16:59:45,053 - DEBUG - CaseID: 14 - actual_keys: {('device_control', '{"action": "adjust", "entity": "AC", "function_option": "TEMPERATURE", "position": "DRIVER", "range": "15\\u5ea6"}')}
2026-03-24 16:59:45,053 - DEBUG - CaseID: 15 - parse_multi_results输入 - name_str: 'device_control', args_str: '{"action":"turnon","entity":"AC","function_option":"SUPER_STRONG_COOLING_MODE"}'
2026-03-24 16:59:45,053 - DEBUG - CaseID: 15 - parse_multi_results输出: [{'name': 'device_control', 'args': {'action': 'turnon', 'entity': 'AC', 'function_option': 'SUPER_STRONG_COOLING_MODE'}}]
2026-03-24 16:59:45,053 - DEBUG - CaseID: 15 - parse_multi_results输入 - name_str: 'device_control', args_str: '{"action":"turnon","function_option":"SUPER_STRONG_COOLING_MODE","entity":"AC"}'
2026-03-24 16:59:45,053 - DEBUG - CaseID: 15 - parse_multi_results输出: [{'name': 'device_control', 'args': {'action': 'turnon', 'entity': 'AC', 'function_option': 'SUPER_STRONG_COOLING_MODE'}}]
2026-03-24 16:59:45,053 - DEBUG - CaseID: 15 - expected_results: [{'name': 'device_control', 'args': {'action': 'turnon', 'entity': 'AC', 'function_option': 'SUPER_STRONG_COOLING_MODE'}}]
2026-03-24 16:59:45,053 - DEBUG - CaseID: 15 - actual_results: [{'name': 'device_control', 'args': {'action': 'turnon', 'entity': 'AC', 'function_option': 'SUPER_STRONG_COOLING_MODE'}}]
2026-03-24 16:59:45,053 - DEBUG - CaseID: 15 - expected_keys: {('device_control', '{"action": "turnon", "entity": "AC", "function_option": "SUPER_STRONG_COOLING_MODE"}')}
2026-03-24 16:59:45,054 - DEBUG - CaseID: 15 - actual_keys: {('device_control', '{"action": "turnon", "entity": "AC", "function_option": "SUPER_STRONG_COOLING_MODE"}')}
2026-03-24 16:59:45,054 - DEBUG - CaseID: 16 - parse_multi_results输入 - name_str: 'device_control', args_str: '{"action":"turnoff","entity":"AC","function_option":"SUPER_STRONG_COOLING_MODE"}'
2026-03-24 16:59:45,054 - DEBUG - CaseID: 16 - parse_multi_results输出: [{'name': 'device_control', 'args': {'action': 'turnoff', 'entity': 'AC', 'function_option': 'SUPER_STRONG_COOLING_MODE'}}]
2026-03-24 16:59:45,054 - DEBUG - CaseID: 16 - parse_multi_results输入 - name_str: 'device_control', args_str: '{"action":"turnoff","function_option":"SUPER_STRONG_COOLING_MODE","entity":"AC"}'
2026-03-24 16:59:45,054 - DEBUG - CaseID: 16 - parse_multi_results输出: [{'name': 'device_control', 'args': {'action': 'turnoff', 'entity': 'AC', 'function_option': 'SUPER_STRONG_COOLING_MODE'}}]
2026-03-24 16:59:45,054 - DEBUG - CaseID: 16 - expected_results: [{'name': 'device_control', 'args': {'action': 'turnoff', 'entity': 'AC', 'function_option': 'SUPER_STRONG_COOLING_MODE'}}]
2026-03-24 16:59:45,054 - DEBUG - CaseID: 16 - actual_results: [{'name': 'device_control', 'args': {'action': 'turnoff', 'entity': 'AC', 'function_option': 'SUPER_STRONG_COOLING_MODE'}}]
2026-03-24 16:59:45,054 - DEBUG - CaseID: 16 - expected_keys: {('device_control', '{"action": "turnoff", "entity": "AC", "function_option": "SUPER_STRONG_COOLING_MODE"}')}
2026-03-24 16:59:45,054 - DEBUG - CaseID: 16 - actual_keys: {('device_control', '{"action": "turnoff", "entity": "AC", "function_option": "SUPER_STRONG_COOLING_MODE"}')}
2026-03-24 16:59:45,054 - DEBUG - CaseID: 17 - parse_multi_results输入 - name_str: 'device_control', args_str: '{"action":"turnon","entity":"AC","function_option":"SUPER_STRONG_COOLING_MODE"}'
2026-03-24 16:59:45,054 - DEBUG - CaseID: 17 - parse_multi_results输出: [{'name': 'device_control', 'args': {'action': 'turnon', 'entity': 'AC', 'function_option': 'SUPER_STRONG_COOLING_MODE'}}]
2026-03-24 16:59:45,054 - DEBUG - CaseID: 17 - parse_multi_results输入 - name_str: 'device_control', args_str: '{"action":"turnon","function_option":"SUPER_STRONG_COOLING_MODE","entity":"AC"}'
2026-03-24 16:59:45,054 - DEBUG - CaseID: 17 - parse_multi_results输出: [{'name': 'device_control', 'args': {'action': 'turnon', 'entity': 'AC', 'function_option': 'SUPER_STRONG_COOLING_MODE'}}]
2026-03-24 16:59:45,054 - DEBUG - CaseID: 17 - expected_results: [{'name': 'device_control', 'args': {'action': 'turnon', 'entity': 'AC', 'function_option': 'SUPER_STRONG_COOLING_MODE'}}]
2026-03-24 16:59:45,054 - DEBUG - CaseID: 17 - actual_results: [{'name': 'device_control', 'args': {'action': 'turnon', 'entity': 'AC', 'function_option': 'SUPER_STRONG_COOLING_MODE'}}]
2026-03-24 16:59:45,054 - DEBUG - CaseID: 17 - expected_keys: {('device_control', '{"action": "turnon", "entity": "AC", "function_option": "SUPER_STRONG_COOLING_MODE"}')}
2026-03-24 16:59:45,054 - DEBUG - CaseID: 17 - actual_keys: {('device_control', '{"action": "turnon", "entity": "AC", "function_option": "SUPER_STRONG_COOLING_MODE"}')}
2026-03-24 16:59:45,054 - DEBUG - CaseID: 18 - parse_multi_results输入 - name_str: 'device_control', args_str: '{"action":"turnoff","entity":"AC","function_option":"SUPER_STRONG_COOLING_MODE"}'
2026-03-24 16:59:45,054 - DEBUG - CaseID: 18 - parse_multi_results输出: [{'name': 'device_control', 'args': {'action': 'turnoff', 'entity': 'AC', 'function_option': 'SUPER_STRONG_COOLING_MODE'}}]
2026-03-24 16:59:45,055 - DEBUG - CaseID: 18 - parse_multi_results输入 - name_str: 'device_control', args_str: '{"action":"turnoff","function_option":"SUPER_STRONG_COOLING_MODE","entity":"AC"}'
2026-03-24 16:59:45,055 - DEBUG - CaseID: 18 - parse_multi_results输出: [{'name': 'device_control', 'args': {'action': 'turnoff', 'entity': 'AC', 'function_option': 'SUPER_STRONG_COOLING_MODE'}}]
2026-03-24 16:59:45,055 - DEBUG - CaseID: 18 - expected_results: [{'name': 'device_control', 'args': {'action': 'turnoff', 'entity': 'AC', 'function_option': 'SUPER_STRONG_COOLING_MODE'}}]
2026-03-24 16:59:45,055 - DEBUG - CaseID: 18 - actual_results: [{'name': 'device_control', 'args': {'action': 'turnoff', 'entity': 'AC', 'function_option': 'SUPER_STRONG_COOLING_MODE'}}]
2026-03-24 16:59:45,055 - DEBUG - CaseID: 18 - expected_keys: {('device_control', '{"action": "turnoff", "entity": "AC", "function_option": "SUPER_STRONG_COOLING_MODE"}')}
2026-03-24 16:59:45,055 - DEBUG - CaseID: 18 - actual_keys: {('device_control', '{"action": "turnoff", "entity": "AC", "function_option": "SUPER_STRONG_COOLING_MODE"}')}
2026-03-24 16:59:45,055 - DEBUG - CaseID: 19 - parse_multi_results输入 - name_str: 'device_control', args_str: '{"action":"turnon","entity":"AC","function_option":"SUPER_STRONG_COOLING_MODE"}'
2026-03-24 16:59:45,055 - DEBUG - CaseID: 19 - parse_multi_results输出: [{'name': 'device_control', 'args': {'action': 'turnon', 'entity': 'AC', 'function_option': 'SUPER_STRONG_COOLING_MODE'}}]
2026-03-24 16:59:45,055 - DEBUG - CaseID: 19 - parse_multi_results输入 - name_str: 'device_control', args_str: '{"action":"turnon","function_option":"SUPER_STRONG_COOLING_MODE","entity":"AC"}'
2026-03-24 16:59:45,055 - DEBUG - CaseID: 19 - parse_multi_results输出: [{'name': 'device_control', 'args': {'action': 'turnon', 'entity': 'AC', 'function_option': 'SUPER_STRONG_COOLING_MODE'}}]
2026-03-24 16:59:45,055 - DEBUG - CaseID: 19 - expected_results: [{'name': 'device_control', 'args': {'action': 'turnon', 'entity': 'AC', 'function_option': 'SUPER_STRONG_COOLING_MODE'}}]
2026-03-24 16:59:45,055 - DEBUG - CaseID: 19 - actual_results: [{'name': 'device_control', 'args': {'action': 'turnon', 'entity': 'AC', 'function_option': 'SUPER_STRONG_COOLING_MODE'}}]
2026-03-24 16:59:45,055 - DEBUG - CaseID: 19 - expected_keys: {('device_control', '{"action": "turnon", "entity": "AC", "function_option": "SUPER_STRONG_COOLING_MODE"}')}
2026-03-24 16:59:45,055 - DEBUG - CaseID: 19 - actual_keys: {('device_control', '{"action": "turnon", "entity": "AC", "function_option": "SUPER_STRONG_COOLING_MODE"}')}
2026-03-24 16:59:45,055 - DEBUG - CaseID: 20 - parse_multi_results输入 - name_str: 'device_control', args_str: '{"action":"turnoff","entity":"AC","function_option":"SUPER_STRONG_COOLING_MODE"}'
2026-03-24 16:59:45,055 - DEBUG - CaseID: 20 - parse_multi_results输出: [{'name': 'device_control', 'args': {'action': 'turnoff', 'entity': 'AC', 'function_option': 'SUPER_STRONG_COOLING_MODE'}}]
2026-03-24 16:59:45,055 - DEBUG - CaseID: 20 - parse_multi_results输入 - name_str: 'device_control', args_str: '{"action":"turnoff","function_option":"SUPER_STRONG_COOLING_MODE","entity":"AC"}'
2026-03-24 16:59:45,056 - DEBUG - CaseID: 20 - parse_multi_results输出: [{'name': 'device_control', 'args': {'action': 'turnoff', 'entity': 'AC', 'function_option': 'SUPER_STRONG_COOLING_MODE'}}]
2026-03-24 16:59:45,056 - DEBUG - CaseID: 20 - expected_results: [{'name': 'device_control', 'args': {'action': 'turnoff', 'entity': 'AC', 'function_option': 'SUPER_STRONG_COOLING_MODE'}}]
2026-03-24 16:59:45,056 - DEBUG - CaseID: 20 - actual_results: [{'name': 'device_control', 'args': {'action': 'turnoff', 'entity': 'AC', 'function_option': 'SUPER_STRONG_COOLING_MODE'}}]
2026-03-24 16:59:45,056 - DEBUG - CaseID: 20 - expected_keys: {('device_control', '{"action": "turnoff", "entity": "AC", "function_option": "SUPER_STRONG_COOLING_MODE"}')}
2026-03-24 16:59:45,056 - DEBUG - CaseID: 20 - actual_keys: {('device_control', '{"action": "turnoff", "entity": "AC", "function_option": "SUPER_STRONG_COOLING_MODE"}')}
2026-03-24 16:59:45,056 - DEBUG - CaseID: 21 - parse_multi_results输入 - name_str: 'device_control', args_str: '{"action":"turnon","entity":"AC","function_option":"SUPER_STRONG_COOLING_MODE"}'
2026-03-24 16:59:45,056 - DEBUG - CaseID: 21 - parse_multi_results输出: [{'name': 'device_control', 'args': {'action': 'turnon', 'entity': 'AC', 'function_option': 'SUPER_STRONG_COOLING_MODE'}}]
2026-03-24 16:59:45,056 - DEBUG - CaseID: 21 - parse_multi_results输入 - name_str: 'device_control', args_str: '{"action":"turnon","function_option":"SUPER_STRONG_COOLING_MODE","entity":"AC"}'
2026-03-24 16:59:45,056 - DEBUG - CaseID: 21 - parse_multi_results输出: [{'name': 'device_control', 'args': {'action': 'turnon', 'entity': 'AC', 'function_option': 'SUPER_STRONG_COOLING_MODE'}}]
2026-03-24 16:59:45,056 - DEBUG - CaseID: 21 - expected_results: [{'name': 'device_control', 'args': {'action': 'turnon', 'entity': 'AC', 'function_option': 'SUPER_STRONG_COOLING_MODE'}}]
2026-03-24 16:59:45,056 - DEBUG - CaseID: 21 - actual_results: [{'name': 'device_control', 'args': {'action': 'turnon', 'entity': 'AC', 'function_option': 'SUPER_STRONG_COOLING_MODE'}}]
2026-03-24 16:59:45,056 - DEBUG - CaseID: 21 - expected_keys: {('device_control', '{"action": "turnon", "entity": "AC", "function_option": "SUPER_STRONG_COOLING_MODE"}')}
2026-03-24 16:59:45,056 - DEBUG - CaseID: 21 - actual_keys: {('device_control', '{"action": "turnon", "entity": "AC", "function_option": "SUPER_STRONG_COOLING_MODE"}')}
2026-03-24 16:59:45,056 - DEBUG - CaseID: 22 - parse_multi_results输入 - name_str: 'device_control', args_str: '{"action":"turnon","entity":"AC","function_option":"SUPER_STRONG_HOT_MODE"}'
2026-03-24 16:59:45,056 - DEBUG - CaseID: 22 - parse_multi_results输出: [{'name': 'device_control', 'args': {'action': 'turnon', 'entity': 'AC', 'function_option': 'SUPER_STRONG_HOT_MODE'}}]
2026-03-24 16:59:45,056 - DEBUG - CaseID: 22 - parse_multi_results输入 - name_str: 'device_control', args_str: '{"action":"turnon","function_option":"SUPER_STRONG_HOT_MODE","entity":"AC"}'
2026-03-24 16:59:45,056 - DEBUG - CaseID: 22 - parse_multi_results输出: [{'name': 'device_control', 'args': {'action': 'turnon', 'entity': 'AC', 'function_option': 'SUPER_STRONG_HOT_MODE'}}]
2026-03-24 16:59:45,056 - DEBUG - CaseID: 22 - expected_results: [{'name': 'device_control', 'args': {'action': 'turnon', 'entity': 'AC', 'function_option': 'SUPER_STRONG_HOT_MODE'}}]
2026-03-24 16:59:45,056 - DEBUG - CaseID: 22 - actual_results: [{'name': 'device_control', 'args': {'action': 'turnon', 'entity': 'AC', 'function_option': 'SUPER_STRONG_HOT_MODE'}}]
2026-03-24 16:59:45,056 - DEBUG - CaseID: 22 - expected_keys: {('device_control', '{"action": "turnon", "entity": "AC", "function_option": "SUPER_STRONG_HOT_MODE"}')}
2026-03-24 16:59:45,057 - DEBUG - CaseID: 22 - actual_keys: {('device_control', '{"action": "turnon", "entity": "AC", "function_option": "SUPER_STRONG_HOT_MODE"}')}
2026-03-24 16:59:45,057 - DEBUG - CaseID: 23 - parse_multi_results输入 - name_str: 'device_control', args_str: '{"action":"turnoff","entity":"AC","function_option":"SUPER_STRONG_HOT_MODE"}'
2026-03-24 16:59:45,057 - DEBUG - CaseID: 23 - parse_multi_results输出: [{'name': 'device_control', 'args': {'action': 'turnoff', 'entity': 'AC', 'function_option': 'SUPER_STRONG_HOT_MODE'}}]
2026-03-24 16:59:45,057 - DEBUG - CaseID: 23 - parse_multi_results输入 - name_str: 'device_control', args_str: '{"action":"turnoff","function_option":"SUPER_STRONG_HOT_MODE","entity":"AC"}'
2026-03-24 16:59:45,057 - DEBUG - CaseID: 23 - parse_multi_results输出: [{'name': 'device_control', 'args': {'action': 'turnoff', 'entity': 'AC', 'function_option': 'SUPER_STRONG_HOT_MODE'}}]
2026-03-24 16:59:45,057 - DEBUG - CaseID: 23 - expected_results: [{'name': 'device_control', 'args': {'action': 'turnoff', 'entity': 'AC', 'function_option': 'SUPER_STRONG_HOT_MODE'}}]
2026-03-24 16:59:45,057 - DEBUG - CaseID: 23 - actual_results: [{'name': 'device_control', 'args': {'action': 'turnoff', 'entity': 'AC', 'function_option': 'SUPER_STRONG_HOT_MODE'}}]
2026-03-24 16:59:45,057 - DEBUG - CaseID: 23 - expected_keys: {('device_control', '{"action": "turnoff", "entity": "AC", "function_option": "SUPER_STRONG_HOT_MODE"}')}
2026-03-24 16:59:45,057 - DEBUG - CaseID: 23 - actual_keys: {('device_control', '{"action": "turnoff", "entity": "AC", "function_option": "SUPER_STRONG_HOT_MODE"}')}
2026-03-24 16:59:45,057 - DEBUG - CaseID: 24 - parse_multi_results输入 - name_str: 'device_control', args_str: '{"action":"turnon","entity":"AC","function_option":"SUPER_STRONG_HOT_MODE"}'
2026-03-24 16:59:45,057 - DEBUG - CaseID: 24 - parse_multi_results输出: [{'name': 'device_control', 'args': {'action': 'turnon', 'entity': 'AC', 'function_option': 'SUPER_STRONG_HOT_MODE'}}]
2026-03-24 16:59:45,057 - DEBUG - CaseID: 24 - parse_multi_results输入 - name_str: 'device_control', args_str: '{"action":"turnon","function_option":"SUPER_STRONG_HOT_MODE","entity":"AC"}'
2026-03-24 16:59:45,057 - DEBUG - CaseID: 24 - parse_multi_results输出: [{'name': 'device_control', 'args': {'action': 'turnon', 'entity': 'AC', 'function_option': 'SUPER_STRONG_HOT_MODE'}}]
2026-03-24 16:59:45,057 - DEBUG - CaseID: 24 - expected_results: [{'name': 'device_control', 'args': {'action': 'turnon', 'entity': 'AC', 'function_option': 'SUPER_STRONG_HOT_MODE'}}]
2026-03-24 16:59:45,057 - DEBUG - CaseID: 24 - actual_results: [{'name': 'device_control', 'args': {'action': 'turnon', 'entity': 'AC', 'function_option': 'SUPER_STRONG_HOT_MODE'}}]
2026-03-24 16:59:45,057 - DEBUG - CaseID: 24 - expected_keys: {('device_control', '{"action": "turnon", "entity": "AC", "function_option": "SUPER_STRONG_HOT_MODE"}')}
2026-03-24 16:59:45,057 - DEBUG - CaseID: 24 - actual_keys: {('device_control', '{"action": "turnon", "entity": "AC", "function_option": "SUPER_STRONG_HOT_MODE"}')}
2026-03-24 16:59:45,057 - DEBUG - CaseID: 25 - parse_multi_results输入 - name_str: 'device_control', args_str: '{"action":"turnoff","entity":"AC","function_option":"SUPER_STRONG_HOT_MODE"}'
2026-03-24 16:59:45,057 - DEBUG - CaseID: 25 - parse_multi_results输出: [{'name': 'device_control', 'args': {'action': 'turnoff', 'entity': 'AC', 'function_option': 'SUPER_STRONG_HOT_MODE'}}]
2026-03-24 16:59:45,058 - DEBUG - CaseID: 25 - parse_multi_results输入 - name_str: 'device_control', args_str: '{"action":"turnoff","function_option":"SUPER_STRONG_HOT_MODE","entity":"AC"}'
2026-03-24 16:59:45,058 - DEBUG - CaseID: 25 - parse_multi_results输出: [{'name': 'device_control', 'args': {'action': 'turnoff', 'entity': 'AC', 'function_option': 'SUPER_STRONG_HOT_MODE'}}]
2026-03-24 16:59:45,058 - DEBUG - CaseID: 25 - expected_results: [{'name': 'device_control', 'args': {'action': 'turnoff', 'entity': 'AC', 'function_option': 'SUPER_STRONG_HOT_MODE'}}]
2026-03-24 16:59:45,058 - DEBUG - CaseID: 25 - actual_results: [{'name': 'device_control', 'args': {'action': 'turnoff', 'entity': 'AC', 'function_option': 'SUPER_STRONG_HOT_MODE'}}]
2026-03-24 16:59:45,058 - DEBUG - CaseID: 25 - expected_keys: {('device_control', '{"action": "turnoff", "entity": "AC", "function_option": "SUPER_STRONG_HOT_MODE"}')}
2026-03-24 16:59:45,058 - DEBUG - CaseID: 25 - actual_keys: {('device_control', '{"action": "turnoff", "entity": "AC", "function_option": "SUPER_STRONG_HOT_MODE"}')}
2026-03-24 16:59:45,058 - DEBUG - CaseID: 26 - parse_multi_results输入 - name_str: 'device_control', args_str: '{"action":"turnon","entity":"AC","function_option":"SUPER_STRONG_HOT_MODE"}'
2026-03-24 16:59:45,058 - DEBUG - CaseID: 26 - parse_multi_results输出: [{'name': 'device_control', 'args': {'action': 'turnon', 'entity': 'AC', 'function_option': 'SUPER_STRONG_HOT_MODE'}}]
2026-03-24 16:59:45,058 - DEBUG - CaseID: 26 - parse_multi_results输入 - name_str: 'device_control', args_str: '{"action":"turnon","function_option":"SUPER_STRONG_HOT_MODE","entity":"AC"}'
2026-03-24 16:59:45,058 - DEBUG - CaseID: 26 - parse_multi_results输出: [{'name': 'device_control', 'args': {'action': 'turnon', 'entity': 'AC', 'function_option': 'SUPER_STRONG_HOT_MODE'}}]
2026-03-24 16:59:45,058 - DEBUG - CaseID: 26 - expected_results: [{'name': 'device_control', 'args': {'action': 'turnon', 'entity': 'AC', 'function_option': 'SUPER_STRONG_HOT_MODE'}}]
2026-03-24 16:59:45,058 - DEBUG - CaseID: 26 - actual_results: [{'name': 'device_control', 'args': {'action': 'turnon', 'entity': 'AC', 'function_option': 'SUPER_STRONG_HOT_MODE'}}]
2026-03-24 16:59:45,058 - DEBUG - CaseID: 26 - expected_keys: {('device_control', '{"action": "turnon", "entity": "AC", "function_option": "SUPER_STRONG_HOT_MODE"}')}
2026-03-24 16:59:45,058 - DEBUG - CaseID: 26 - actual_keys: {('device_control', '{"action": "turnon", "entity": "AC", "function_option": "SUPER_STRONG_HOT_MODE"}')}
2026-03-24 16:59:45,058 - DEBUG - CaseID: 27 - parse_multi_results输入 - name_str: 'device_control', args_str: '{"action":"turnoff","entity":"AC","function_option":"SUPER_STRONG_HOT_MODE"}'
2026-03-24 16:59:45,058 - DEBUG - CaseID: 27 - parse_multi_results输出: [{'name': 'device_control', 'args': {'action': 'turnoff', 'entity': 'AC', 'function_option': 'SUPER_STRONG_HOT_MODE'}}]
2026-03-24 16:59:45,058 - DEBUG - CaseID: 27 - parse_multi_results输入 - name_str: 'device_control', args_str: '{"action":"turnoff","function_option":"SUPER_STRONG_HOT_MODE","entity":"AC"}'
2026-03-24 16:59:45,058 - DEBUG - CaseID: 27 - parse_multi_results输出: [{'name': 'device_control', 'args': {'action': 'turnoff', 'entity': 'AC', 'function_option': 'SUPER_STRONG_HOT_MODE'}}]
2026-03-24 16:59:45,058 - DEBUG - CaseID: 27 - expected_results: [{'name': 'device_control', 'args': {'action': 'turnoff', 'entity': 'AC', 'function_option': 'SUPER_STRONG_HOT_MODE'}}]
2026-03-24 16:59:45,058 - DEBUG - CaseID: 27 - actual_results: [{'name': 'device_control', 'args': {'action': 'turnoff', 'entity': 'AC', 'function_option': 'SUPER_STRONG_HOT_MODE'}}]
2026-03-24 16:59:45,059 - DEBUG - CaseID: 27 - expected_keys: {('device_control', '{"action": "turnoff", "entity": "AC", "function_option": "SUPER_STRONG_HOT_MODE"}')}
2026-03-24 16:59:45,059 - DEBUG - CaseID: 27 - actual_keys: {('device_control', '{"action": "turnoff", "entity": "AC", "function_option": "SUPER_STRONG_HOT_MODE"}')}
2026-03-24 16:59:45,059 - DEBUG - CaseID: 28 - parse_multi_results输入 - name_str: 'device_control', args_str: '{"action":"turnon","entity":"AC","function_option":"AIR_CONDITIONING_DEFROSTING"}'
2026-03-24 16:59:45,059 - DEBUG - CaseID: 28 - parse_multi_results输出: [{'name': 'device_control', 'args': {'action': 'turnon', 'entity': 'AC', 'function_option': 'AIR_CONDITIONING_DEFROSTING'}}]
2026-03-24 16:59:45,059 - DEBUG - CaseID: 28 - parse_multi_results输入 - name_str: 'device_control', args_str: '{"action":"turnon","function_option":"AIR_CONDITIONING_DEFROSTING","entity":"AC"}'
2026-03-24 16:59:45,059 - DEBUG - CaseID: 28 - parse_multi_results输出: [{'name': 'device_control', 'args': {'action': 'turnon', 'entity': 'AC', 'function_option': 'AIR_CONDITIONING_DEFROSTING'}}]
2026-03-24 16:59:45,059 - DEBUG - CaseID: 28 - expected_results: [{'name': 'device_control', 'args': {'action': 'turnon', 'entity': 'AC', 'function_option': 'AIR_CONDITIONING_DEFROSTING'}}]
2026-03-24 16:59:45,059 - DEBUG - CaseID: 28 - actual_results: [{'name': 'device_control', 'args': {'action': 'turnon', 'entity': 'AC', 'function_option': 'AIR_CONDITIONING_DEFROSTING'}}]
2026-03-24 16:59:45,059 - DEBUG - CaseID: 28 - expected_keys: {('device_control', '{"action": "turnon", "entity": "AC", "function_option": "AIR_CONDITIONING_DEFROSTING"}')}
2026-03-24 16:59:45,059 - DEBUG - CaseID: 28 - actual_keys: {('device_control', '{"action": "turnon", "entity": "AC", "function_option": "AIR_CONDITIONING_DEFROSTING"}')}
2026-03-24 16:59:45,059 - DEBUG - CaseID: 29 - parse_multi_results输入 - name_str: 'device_control', args_str: '{"action":"turnoff","entity":"AC","function_option":"AIR_CONDITIONING_DEFROSTING"}'
2026-03-24 16:59:45,059 - DEBUG - CaseID: 29 - parse_multi_results输出: [{'name': 'device_control', 'args': {'action': 'turnoff', 'entity': 'AC', 'function_option': 'AIR_CONDITIONING_DEFROSTING'}}]
2026-03-24 16:59:45,059 - DEBUG - CaseID: 29 - parse_multi_results输入 - name_str: 'device_control', args_str: '{"action":"turnoff","function_option":"AIR_CONDITIONING_DEFROSTING","entity":"AC"}'
2026-03-24 16:59:45,059 - DEBUG - CaseID: 29 - parse_multi_results输出: [{'name': 'device_control', 'args': {'action': 'turnoff', 'entity': 'AC', 'function_option': 'AIR_CONDITIONING_DEFROSTING'}}]
2026-03-24 16:59:45,059 - DEBUG - CaseID: 29 - expected_results: [{'name': 'device_control', 'args': {'action': 'turnoff', 'entity': 'AC', 'function_option': 'AIR_CONDITIONING_DEFROSTING'}}]
2026-03-24 16:59:45,059 - DEBUG - CaseID: 29 - actual_results: [{'name': 'device_control', 'args': {'action': 'turnoff', 'entity': 'AC', 'function_option': 'AIR_CONDITIONING_DEFROSTING'}}]
2026-03-24 16:59:45,059 - DEBUG - CaseID: 29 - expected_keys: {('device_control', '{"action": "turnoff", "entity": "AC", "function_option": "AIR_CONDITIONING_DEFROSTING"}')}
2026-03-24 16:59:45,059 - DEBUG - CaseID: 29 - actual_keys: {('device_control', '{"action": "turnoff", "entity": "AC", "function_option": "AIR_CONDITIONING_DEFROSTING"}')}
2026-03-24 16:59:45,059 - DEBUG - CaseID: 30 - parse_multi_results输入 - name_str: 'device_control', args_str: '{"action":"turnon","entity":"SEAT","function_option":"TEMPERATURE"}'
2026-03-24 16:59:45,059 - DEBUG - CaseID: 30 - parse_multi_results输出: [{'name': 'device_control', 'args': {'action': 'turnon', 'entity': 'SEAT', 'function_option': 'TEMPERATURE'}}]
2026-03-24 16:59:45,059 - DEBUG - CaseID: 30 - parse_multi_results输入 - name_str: 'device_control', args_str: '{"action":"turnon","function_option":"TEMPERATURE","entity":"SEAT"}'
2026-03-24 16:59:45,059 - DEBUG - CaseID: 30 - parse_multi_results输出: [{'name': 'device_control', 'args': {'action': 'turnon', 'entity': 'SEAT', 'function_option': 'TEMPERATURE'}}]
2026-03-24 16:59:45,060 - DEBUG - CaseID: 30 - expected_results: [{'name': 'device_control', 'args': {'action': 'turnon', 'entity': 'SEAT', 'function_option': 'TEMPERATURE'}}]
2026-03-24 16:59:45,060 - DEBUG - CaseID: 30 - actual_results: [{'name': 'device_control', 'args': {'action': 'turnon', 'entity': 'SEAT', 'function_option': 'TEMPERATURE'}}]
2026-03-24 16:59:45,060 - DEBUG - CaseID: 30 - expected_keys: {('device_control', '{"action": "turnon", "entity": "SEAT", "function_option": "TEMPERATURE"}')}
2026-03-24 16:59:45,060 - DEBUG - CaseID: 30 - actual_keys: {('device_control', '{"action": "turnon", "entity": "SEAT", "function_option": "TEMPERATURE"}')}
2026-03-24 16:59:45,060 - DEBUG - CaseID: 31 - parse_multi_results输入 - name_str: 'device_control', args_str: '{"action":"turnon","entity":"SEAT","function_option":"TEMPERATURE","position":"DRIVER"}'
2026-03-24 16:59:45,060 - DEBUG - CaseID: 31 - parse_multi_results输出: [{'name': 'device_control', 'args': {'action': 'turnon', 'entity': 'SEAT', 'function_option': 'TEMPERATURE', 'position': 'DRIVER'}}]
2026-03-24 16:59:45,060 - DEBUG - CaseID: 31 - parse_multi_results输入 - name_str: 'device_control', args_str: '{"action":"turnon","position":"DRIVER","function_option":"TEMPERATURE","entity":"SEAT"}'
2026-03-24 16:59:45,060 - DEBUG - CaseID: 31 - parse_multi_results输出: [{'name': 'device_control', 'args': {'action': 'turnon', 'entity': 'SEAT', 'function_option': 'TEMPERATURE', 'position': 'DRIVER'}}]
2026-03-24 16:59:45,060 - DEBUG - CaseID: 31 - expected_results: [{'name': 'device_control', 'args': {'action': 'turnon', 'entity': 'SEAT', 'function_option': 'TEMPERATURE', 'position': 'DRIVER'}}]
2026-03-24 16:59:45,060 - DEBUG - CaseID: 31 - actual_results: [{'name': 'device_control', 'args': {'action': 'turnon', 'entity': 'SEAT', 'function_option': 'TEMPERATURE', 'position': 'DRIVER'}}]
2026-03-24 16:59:45,060 - DEBUG - CaseID: 31 - expected_keys: {('device_control', '{"action": "turnon", "entity": "SEAT", "function_option": "TEMPERATURE", "position": "DRIVER"}')}
2026-03-24 16:59:45,060 - DEBUG - CaseID: 31 - actual_keys: {('device_control', '{"action": "turnon", "entity": "SEAT", "function_option": "TEMPERATURE", "position": "DRIVER"}')}
2026-03-24 16:59:45,060 - DEBUG - CaseID: 32 - parse_multi_results输入 - name_str: 'device_control', args_str: '{"action":"turnon","entity":"SEAT","function_option":"TEMPERATURE","position":"PASSENGER"}'
2026-03-24 16:59:45,060 - DEBUG - CaseID: 32 - parse_multi_results输出: [{'name': 'device_control', 'args': {'action': 'turnon', 'entity': 'SEAT', 'function_option': 'TEMPERATURE', 'position': 'PASSENGER'}}]
2026-03-24 16:59:45,060 - DEBUG - CaseID: 32 - parse_multi_results输入 - name_str: 'device_control', args_str: '{"action":"turnon","position":"PASSENGER","function_option":"TEMPERATURE","entity":"SEAT"}'
2026-03-24 16:59:45,060 - DEBUG - CaseID: 32 - parse_multi_results输出: [{'name': 'device_control', 'args': {'action': 'turnon', 'entity': 'SEAT', 'function_option': 'TEMPERATURE', 'position': 'PASSENGER'}}]
2026-03-24 16:59:45,060 - DEBUG - CaseID: 32 - expected_results: [{'name': 'device_control', 'args': {'action': 'turnon', 'entity': 'SEAT', 'function_option': 'TEMPERATURE', 'position': 'PASSENGER'}}]
2026-03-24 16:59:45,060 - DEBUG - CaseID: 32 - actual_results: [{'name': 'device_control', 'args': {'action': 'turnon', 'entity': 'SEAT', 'function_option': 'TEMPERATURE', 'position': 'PASSENGER'}}]
2026-03-24 16:59:45,060 - DEBUG - CaseID: 32 - expected_keys: {('device_control', '{"action": "turnon", "entity": "SEAT", "function_option": "TEMPERATURE", "position": "PASSENGER"}')}
2026-03-24 16:59:45,060 - DEBUG - CaseID: 32 - actual_keys: {('device_control', '{"action": "turnon", "entity": "SEAT", "function_option": "TEMPERATURE", "position": "PASSENGER"}')}
2026-03-24 16:59:45,060 - DEBUG - CaseID: 33 - parse_multi_results输入 - name_str: 'device_control', args_str: '{"action":"turnon","entity":"SEAT","function_option":"TEMPERATURE","position":"BEHIND_RIGHT"}'
2026-03-24 16:59:45,061 - DEBUG - CaseID: 33 - parse_multi_results输出: [{'name': 'device_control', 'args': {'action': 'turnon', 'entity': 'SEAT', 'function_option': 'TEMPERATURE', 'position': 'BEHIND_RIGHT'}}]
2026-03-24 16:59:45,061 - DEBUG - CaseID: 33 - parse_multi_results输入 - name_str: 'device_control', args_str: '{"action":"turnon","position":"BEHIND_RIGHT","function_option":"TEMPERATURE","entity":"SEAT"}'
2026-03-24 16:59:45,061 - DEBUG - CaseID: 33 - parse_multi_results输出: [{'name': 'device_control', 'args': {'action': 'turnon', 'entity': 'SEAT', 'function_option': 'TEMPERATURE', 'position': 'BEHIND_RIGHT'}}]
2026-03-24 16:59:45,061 - DEBUG - CaseID: 33 - expected_results: [{'name': 'device_control', 'args': {'action': 'turnon', 'entity': 'SEAT', 'function_option': 'TEMPERATURE', 'position': 'BEHIND_RIGHT'}}]
2026-03-24 16:59:45,061 - DEBUG - CaseID: 33 - actual_results: [{'name': 'device_control', 'args': {'action': 'turnon', 'entity': 'SEAT', 'function_option': 'TEMPERATURE', 'position': 'BEHIND_RIGHT'}}]
2026-03-24 16:59:45,061 - DEBUG - CaseID: 33 - expected_keys: {('device_control', '{"action": "turnon", "entity": "SEAT", "function_option": "TEMPERATURE", "position": "BEHIND_RIGHT"}')}
2026-03-24 16:59:45,061 - DEBUG - CaseID: 33 - actual_keys: {('device_control', '{"action": "turnon", "entity": "SEAT", "function_option": "TEMPERATURE", "position": "BEHIND_RIGHT"}')}
2026-03-24 16:59:45,061 - DEBUG - CaseID: 34 - parse_multi_results输入 - name_str: 'device_control', args_str: '{"action":"turnon","entity":"SEAT","function_option":"TEMPERATURE","position":"THIRD_ROW"}'
2026-03-24 16:59:45,061 - DEBUG - CaseID: 34 - parse_multi_results输出: [{'name': 'device_control', 'args': {'action': 'turnon', 'entity': 'SEAT', 'function_option': 'TEMPERATURE', 'position': 'THIRD_ROW'}}]
2026-03-24 16:59:45,061 - DEBUG - CaseID: 34 - parse_multi_results输入 - name_str: 'device_control', args_str: '{"action":"turnon","position":"THIRD_ROW","function_option":"TEMPERATURE","entity":"SEAT"}'
2026-03-24 16:59:45,061 - DEBUG - CaseID: 34 - parse_multi_results输出: [{'name': 'device_control', 'args': {'action': 'turnon', 'entity': 'SEAT', 'function_option': 'TEMPERATURE', 'position': 'THIRD_ROW'}}]
2026-03-24 16:59:45,061 - DEBUG - CaseID: 34 - expected_results: [{'name': 'device_control', 'args': {'action': 'turnon', 'entity': 'SEAT', 'function_option': 'TEMPERATURE', 'position': 'THIRD_ROW'}}]
2026-03-24 16:59:45,061 - DEBUG - CaseID: 34 - actual_results: [{'name': 'device_control', 'args': {'action': 'turnon', 'entity': 'SEAT', 'function_option': 'TEMPERATURE', 'position': 'THIRD_ROW'}}]
2026-03-24 16:59:45,061 - DEBUG - CaseID: 34 - expected_keys: {('device_control', '{"action": "turnon", "entity": "SEAT", "function_option": "TEMPERATURE", "position": "THIRD_ROW"}')}
2026-03-24 16:59:45,061 - DEBUG - CaseID: 34 - actual_keys: {('device_control', '{"action": "turnon", "entity": "SEAT", "function_option": "TEMPERATURE", "position": "THIRD_ROW"}')}
2026-03-24 16:59:45,061 - DEBUG - CaseID: 35 - parse_multi_results输入 - name_str: 'device_control', args_str: '{"action":"adjust","range":"MIN","entity":"SEAT","function_option":"TEMPERATURE","position":"DRIVER"}'
2026-03-24 16:59:45,061 - DEBUG - CaseID: 35 - parse_multi_results输出: [{'name': 'device_control', 'args': {'action': 'adjust', 'entity': 'SEAT', 'function_option': 'TEMPERATURE', 'position': 'DRIVER', 'range': 'MIN'}}]
2026-03-24 16:59:45,061 - DEBUG - CaseID: 35 - parse_multi_results输入 - name_str: 'device_control', args_str: '{"action":"adjust","range":"MIN","position":"DRIVER","function_option":"TEMPERATURE","entity":"SEAT"}'
2026-03-24 16:59:45,061 - DEBUG - CaseID: 35 - parse_multi_results输出: [{'name': 'device_control', 'args': {'action': 'adjust', 'entity': 'SEAT', 'function_option': 'TEMPERATURE', 'position': 'DRIVER', 'range': 'MIN'}}]
2026-03-24 16:59:45,061 - DEBUG - CaseID: 35 - expected_results: [{'name': 'device_control', 'args': {'action': 'adjust', 'entity': 'SEAT', 'function_option': 'TEMPERATURE', 'position': 'DRIVER', 'range': 'MIN'}}]
2026-03-24 16:59:45,061 - DEBUG - CaseID: 35 - actual_results: [{'name': 'device_control', 'args': {'action': 'adjust', 'entity': 'SEAT', 'function_option': 'TEMPERATURE', 'position': 'DRIVER', 'range': 'MIN'}}]
2026-03-24 16:59:45,061 - DEBUG - CaseID: 35 - expected_keys: {('device_control', '{"action": "adjust", "entity": "SEAT", "function_option": "TEMPERATURE", "position": "DRIVER", "range": "MIN"}')}
2026-03-24 16:59:45,061 - DEBUG - CaseID: 35 - actual_keys: {('device_control', '{"action": "adjust", "entity": "SEAT", "function_option": "TEMPERATURE", "position": "DRIVER", "range": "MIN"}')}
2026-03-24 16:59:45,062 - DEBUG - CaseID: 36 - parse_multi_results输入 - name_str: 'device_control', args_str: '{"action":"adjust","range":"+","entity":"SEAT","function_option":"TEMPERATURE"}'
2026-03-24 16:59:45,062 - DEBUG - CaseID: 36 - parse_multi_results输出: [{'name': 'device_control', 'args': {'action': 'adjust', 'entity': 'SEAT', 'function_option': 'TEMPERATURE', 'range': '+'}}]
2026-03-24 16:59:45,062 - DEBUG - CaseID: 36 - parse_multi_results输入 - name_str: 'device_control', args_str: '{"action":"adjust","range":"+","function_option":"TEMPERATURE","entity":"SEAT"}'
2026-03-24 16:59:45,062 - DEBUG - CaseID: 36 - parse_multi_results输出: [{'name': 'device_control', 'args': {'action': 'adjust', 'entity': 'SEAT', 'function_option': 'TEMPERATURE', 'range': '+'}}]
2026-03-24 16:59:45,062 - DEBUG - CaseID: 36 - expected_results: [{'name': 'device_control', 'args': {'action': 'adjust', 'entity': 'SEAT', 'function_option': 'TEMPERATURE', 'range': '+'}}]
2026-03-24 16:59:45,062 - DEBUG - CaseID: 36 - actual_results: [{'name': 'device_control', 'args': {'action': 'adjust', 'entity': 'SEAT', 'function_option': 'TEMPERATURE', 'range': '+'}}]
2026-03-24 16:59:45,062 - DEBUG - CaseID: 36 - expected_keys: {('device_control', '{"action": "adjust", "entity": "SEAT", "function_option": "TEMPERATURE", "range": "+"}')}
2026-03-24 16:59:45,062 - DEBUG - CaseID: 36 - actual_keys: {('device_control', '{"action": "adjust", "entity": "SEAT", "function_option": "TEMPERATURE", "range": "+"}')}
2026-03-24 16:59:45,062 - DEBUG - CaseID: 37 - parse_multi_results输入 - name_str: 'device_control', args_str: '{"action":"adjust","function_option":"TEMPERATURE","range":"3挡","entity":"SEAT"}'
2026-03-24 16:59:45,062 - DEBUG - CaseID: 37 - parse_multi_results输出: [{'name': 'device_control', 'args': {'action': 'adjust', 'entity': 'SEAT', 'function_option': 'TEMPERATURE', 'range': '3挡'}}]
2026-03-24 16:59:45,062 - DEBUG - CaseID: 37 - parse_multi_results输入 - name_str: 'device_control', args_str: '{"action":"adjust","range":"3挡","function_option":"TEMPERATURE","entity":"SEAT"}'
2026-03-24 16:59:45,062 - DEBUG - CaseID: 37 - parse_multi_results输出: [{'name': 'device_control', 'args': {'action': 'adjust', 'entity': 'SEAT', 'function_option': 'TEMPERATURE', 'range': '3挡'}}]
2026-03-24 16:59:45,062 - DEBUG - CaseID: 37 - expected_results: [{'name': 'device_control', 'args': {'action': 'adjust', 'entity': 'SEAT', 'function_option': 'TEMPERATURE', 'range': '3挡'}}]
2026-03-24 16:59:45,062 - DEBUG - CaseID: 37 - actual_results: [{'name': 'device_control', 'args': {'action': 'adjust', 'entity': 'SEAT', 'function_option': 'TEMPERATURE', 'range': '3挡'}}]
2026-03-24 16:59:45,062 - DEBUG - CaseID: 37 - expected_keys: {('device_control', '{"action": "adjust", "entity": "SEAT", "function_option": "TEMPERATURE", "range": "3\\u6321"}')}
2026-03-24 16:59:45,062 - DEBUG - CaseID: 37 - actual_keys: {('device_control', '{"action": "adjust", "entity": "SEAT", "function_option": "TEMPERATURE", "range": "3\\u6321"}')}
2026-03-24 16:59:45,062 - DEBUG - CaseID: 38 - parse_multi_results输入 - name_str: 'device_control', args_str: '{"action":"adjust","function_option":"TEMPERATURE","range":"1挡","entity":"SEAT"}'
2026-03-24 16:59:45,062 - DEBUG - CaseID: 38 - parse_multi_results输出: [{'name': 'device_control', 'args': {'action': 'adjust', 'entity': 'SEAT', 'function_option': 'TEMPERATURE', 'range': '1挡'}}]
2026-03-24 16:59:45,062 - DEBUG - CaseID: 38 - parse_multi_results输入 - name_str: 'device_control', args_str: '{"action":"adjust","range":"1挡","function_option":"TEMPERATURE","entity":"SEAT"}'
2026-03-24 16:59:45,062 - DEBUG - CaseID: 38 - parse_multi_results输出: [{'name': 'device_control', 'args': {'action': 'adjust', 'entity': 'SEAT', 'function_option': 'TEMPERATURE', 'range': '1挡'}}]
2026-03-24 16:59:45,062 - DEBUG - CaseID: 38 - expected_results: [{'name': 'device_control', 'args': {'action': 'adjust', 'entity': 'SEAT', 'function_option': 'TEMPERATURE', 'range': '1挡'}}]
2026-03-24 16:59:45,062 - DEBUG - CaseID: 38 - actual_results: [{'name': 'device_control', 'args': {'action': 'adjust', 'entity': 'SEAT', 'function_option': 'TEMPERATURE', 'range': '1挡'}}]
2026-03-24 16:59:45,063 - DEBUG - CaseID: 38 - expected_keys: {('device_control', '{"action": "adjust", "entity": "SEAT", "function_option": "TEMPERATURE", "range": "1\\u6321"}')}
2026-03-24 16:59:45,063 - DEBUG - CaseID: 38 - actual_keys: {('device_control', '{"action": "adjust", "entity": "SEAT", "function_option": "TEMPERATURE", "range": "1\\u6321"}')}
2026-03-24 16:59:45,063 - DEBUG - CaseID: 39 - parse_multi_results输入 - name_str: 'device_control', args_str: '{"action":"turnon","entity":"SEAT","function_option":"VENTILATION"}'
2026-03-24 16:59:45,063 - DEBUG - CaseID: 39 - parse_multi_results输出: [{'name': 'device_control', 'args': {'action': 'turnon', 'entity': 'SEAT', 'function_option': 'VENTILATION'}}]
2026-03-24 16:59:45,063 - DEBUG - CaseID: 39 - parse_multi_results输入 - name_str: 'device_control', args_str: '{"action":"turnon","function_option":"VENTILATION","entity":"SEAT"}'
2026-03-24 16:59:45,063 - DEBUG - CaseID: 39 - parse_multi_results输出: [{'name': 'device_control', 'args': {'action': 'turnon', 'entity': 'SEAT', 'function_option': 'VENTILATION'}}]
2026-03-24 16:59:45,063 - DEBUG - CaseID: 39 - expected_results: [{'name': 'device_control', 'args': {'action': 'turnon', 'entity': 'SEAT', 'function_option': 'VENTILATION'}}]
2026-03-24 16:59:45,063 - DEBUG - CaseID: 39 - actual_results: [{'name': 'device_control', 'args': {'action': 'turnon', 'entity': 'SEAT', 'function_option': 'VENTILATION'}}]
2026-03-24 16:59:45,063 - DEBUG - CaseID: 39 - expected_keys: {('device_control', '{"action": "turnon", "entity": "SEAT", "function_option": "VENTILATION"}')}
2026-03-24 16:59:45,063 - DEBUG - CaseID: 39 - actual_keys: {('device_control', '{"action": "turnon", "entity": "SEAT", "function_option": "VENTILATION"}')}
2026-03-24 16:59:45,063 - DEBUG - CaseID: 40 - parse_multi_results输入 - name_str: 'device_control', args_str: '{"action":"turnon","entity":"SEAT","function_option":"VENTILATION","position":"DRIVER"}'
2026-03-24 16:59:45,063 - DEBUG - CaseID: 40 - parse_multi_results输出: [{'name': 'device_control', 'args': {'action': 'turnon', 'entity': 'SEAT', 'function_option': 'VENTILATION', 'position': 'DRIVER'}}]
2026-03-24 16:59:45,063 - DEBUG - CaseID: 40 - parse_multi_results输入 - name_str: 'device_control', args_str: '{"action":"turnon","position":"DRIVER","function_option":"VENTILATION","entity":"SEAT"}'
2026-03-24 16:59:45,063 - DEBUG - CaseID: 40 - parse_multi_results输出: [{'name': 'device_control', 'args': {'action': 'turnon', 'entity': 'SEAT', 'function_option': 'VENTILATION', 'position': 'DRIVER'}}]
2026-03-24 16:59:45,063 - DEBUG - CaseID: 40 - expected_results: [{'name': 'device_control', 'args': {'action': 'turnon', 'entity': 'SEAT', 'function_option': 'VENTILATION', 'position': 'DRIVER'}}]
2026-03-24 16:59:45,063 - DEBUG - CaseID: 40 - actual_results: [{'name': 'device_control', 'args': {'action': 'turnon', 'entity': 'SEAT', 'function_option': 'VENTILATION', 'position': 'DRIVER'}}]
2026-03-24 16:59:45,063 - DEBUG - CaseID: 40 - expected_keys: {('device_control', '{"action": "turnon", "entity": "SEAT", "function_option": "VENTILATION", "position": "DRIVER"}')}
2026-03-24 16:59:45,063 - DEBUG - CaseID: 40 - actual_keys: {('device_control', '{"action": "turnon", "entity": "SEAT", "function_option": "VENTILATION", "position": "DRIVER"}')}
2026-03-24 16:59:45,063 - DEBUG - CaseID: 41 - parse_multi_results输入 - name_str: 'device_control', args_str: '{"action":"turnon","entity":"SEAT","function_option":"VENTILATION","position":"PASSENGER"}'
2026-03-24 16:59:45,063 - DEBUG - CaseID: 41 - parse_multi_results输出: [{'name': 'device_control', 'args': {'action': 'turnon', 'entity': 'SEAT', 'function_option': 'VENTILATION', 'position': 'PASSENGER'}}]
2026-03-24 16:59:45,063 - DEBUG - CaseID: 41 - parse_multi_results输入 - name_str: 'device_control', args_str: '{"action":"turnon","position":"PASSENGER","function_option":"VENTILATION","entity":"SEAT"}'
2026-03-24 16:59:45,064 - DEBUG - CaseID: 41 - parse_multi_results输出: [{'name': 'device_control', 'args': {'action': 'turnon', 'entity': 'SEAT', 'function_option': 'VENTILATION', 'position': 'PASSENGER'}}]
2026-03-24 16:59:45,064 - DEBUG - CaseID: 41 - expected_results: [{'name': 'device_control', 'args': {'action': 'turnon', 'entity': 'SEAT', 'function_option': 'VENTILATION', 'position': 'PASSENGER'}}]
2026-03-24 16:59:45,064 - DEBUG - CaseID: 41 - actual_results: [{'name': 'device_control', 'args': {'action': 'turnon', 'entity': 'SEAT', 'function_option': 'VENTILATION', 'position': 'PASSENGER'}}]
2026-03-24 16:59:45,064 - DEBUG - CaseID: 41 - expected_keys: {('device_control', '{"action": "turnon", "entity": "SEAT", "function_option": "VENTILATION", "position": "PASSENGER"}')}
2026-03-24 16:59:45,064 - DEBUG - CaseID: 41 - actual_keys: {('device_control', '{"action": "turnon", "entity": "SEAT", "function_option": "VENTILATION", "position": "PASSENGER"}')}
2026-03-24 16:59:45,064 - DEBUG - CaseID: 42 - parse_multi_results输入 - name_str: 'device_control', args_str: '{"action":"turnon","entity":"SEAT","function_option":"VENTILATION","position":"BEHIND_RIGHT"}'
2026-03-24 16:59:45,064 - DEBUG - CaseID: 42 - parse_multi_results输出: [{'name': 'device_control', 'args': {'action': 'turnon', 'entity': 'SEAT', 'function_option': 'VENTILATION', 'position': 'BEHIND_RIGHT'}}]
2026-03-24 16:59:45,064 - DEBUG - CaseID: 42 - parse_multi_results输入 - name_str: 'device_control', args_str: '{"action":"turnon","position":"BEHIND_RIGHT","function_option":"VENTILATION","entity":"SEAT"}'
2026-03-24 16:59:45,064 - DEBUG - CaseID: 42 - parse_multi_results输出: [{'name': 'device_control', 'args': {'action': 'turnon', 'entity': 'SEAT', 'function_option': 'VENTILATION', 'position': 'BEHIND_RIGHT'}}]
2026-03-24 16:59:45,064 - DEBUG - CaseID: 42 - expected_results: [{'name': 'device_control', 'args': {'action': 'turnon', 'entity': 'SEAT', 'function_option': 'VENTILATION', 'position': 'BEHIND_RIGHT'}}]
2026-03-24 16:59:45,064 - DEBUG - CaseID: 42 - actual_results: [{'name': 'device_control', 'args': {'action': 'turnon', 'entity': 'SEAT', 'function_option': 'VENTILATION', 'position': 'BEHIND_RIGHT'}}]
2026-03-24 16:59:45,064 - DEBUG - CaseID: 42 - expected_keys: {('device_control', '{"action": "turnon", "entity": "SEAT", "function_option": "VENTILATION", "position": "BEHIND_RIGHT"}')}
2026-03-24 16:59:45,064 - DEBUG - CaseID: 42 - actual_keys: {('device_control', '{"action": "turnon", "entity": "SEAT", "function_option": "VENTILATION", "position": "BEHIND_RIGHT"}')}
2026-03-24 16:59:45,064 - DEBUG - CaseID: 43 - parse_multi_results输入 - name_str: 'device_control', args_str: '{"action":"turnon","entity":"SEAT","function_option":"VENTILATION","position":"THIRD_ROW"}'
2026-03-24 16:59:45,064 - DEBUG - CaseID: 43 - parse_multi_results输出: [{'name': 'device_control', 'args': {'action': 'turnon', 'entity': 'SEAT', 'function_option': 'VENTILATION', 'position': 'THIRD_ROW'}}]
2026-03-24 16:59:45,064 - DEBUG - CaseID: 43 - parse_multi_results输入 - name_str: 'device_control', args_str: '{"action":"turnon","position":"THIRD_ROW","function_option":"VENTILATION","entity":"SEAT"}'
2026-03-24 16:59:45,064 - DEBUG - CaseID: 43 - parse_multi_results输出: [{'name': 'device_control', 'args': {'action': 'turnon', 'entity': 'SEAT', 'function_option': 'VENTILATION', 'position': 'THIRD_ROW'}}]
2026-03-24 16:59:45,064 - DEBUG - CaseID: 43 - expected_results: [{'name': 'device_control', 'args': {'action': 'turnon', 'entity': 'SEAT', 'function_option': 'VENTILATION', 'position': 'THIRD_ROW'}}]
2026-03-24 16:59:45,064 - DEBUG - CaseID: 43 - actual_results: [{'name': 'device_control', 'args': {'action': 'turnon', 'entity': 'SEAT', 'function_option': 'VENTILATION', 'position': 'THIRD_ROW'}}]
2026-03-24 16:59:45,064 - DEBUG - CaseID: 43 - expected_keys: {('device_control', '{"action": "turnon", "entity": "SEAT", "function_option": "VENTILATION", "position": "THIRD_ROW"}')}
2026-03-24 16:59:45,064 - DEBUG - CaseID: 43 - actual_keys: {('device_control', '{"action": "turnon", "entity": "SEAT", "function_option": "VENTILATION", "position": "THIRD_ROW"}')}
2026-03-24 16:59:45,064 - DEBUG - CaseID: 44 - parse_multi_results输入 - name_str: 'device_control', args_str: '{"action":"adjust","range":"MIN","entity":"SEAT","function_option":"VENTILATION","position":"DRIVER"}'
2026-03-24 16:59:45,065 - DEBUG - CaseID: 44 - parse_multi_results输出: [{'name': 'device_control', 'args': {'action': 'adjust', 'entity': 'SEAT', 'function_option': 'VENTILATION', 'position': 'DRIVER', 'range': 'MIN'}}]
2026-03-24 16:59:45,065 - DEBUG - CaseID: 44 - parse_multi_results输入 - name_str: 'device_control', args_str: '{"action":"adjust","range":"MIN","position":"DRIVER","function_option":"VENTILATION","entity":"SEAT"}'
2026-03-24 16:59:45,065 - DEBUG - CaseID: 44 - parse_multi_results输出: [{'name': 'device_control', 'args': {'action': 'adjust', 'entity': 'SEAT', 'function_option': 'VENTILATION', 'position': 'DRIVER', 'range': 'MIN'}}]
2026-03-24 16:59:45,065 - DEBUG - CaseID: 44 - expected_results: [{'name': 'device_control', 'args': {'action': 'adjust', 'entity': 'SEAT', 'function_option': 'VENTILATION', 'position': 'DRIVER', 'range': 'MIN'}}]
2026-03-24 16:59:45,065 - DEBUG - CaseID: 44 - actual_results: [{'name': 'device_control', 'args': {'action': 'adjust', 'entity': 'SEAT', 'function_option': 'VENTILATION', 'position': 'DRIVER', 'range': 'MIN'}}]
2026-03-24 16:59:45,065 - DEBUG - CaseID: 44 - expected_keys: {('device_control', '{"action": "adjust", "entity": "SEAT", "function_option": "VENTILATION", "position": "DRIVER", "range": "MIN"}')}
2026-03-24 16:59:45,065 - DEBUG - CaseID: 44 - actual_keys: {('device_control', '{"action": "adjust", "entity": "SEAT", "function_option": "VENTILATION", "position": "DRIVER", "range": "MIN"}')}
2026-03-24 16:59:45,065 - DEBUG - CaseID: 45 - parse_multi_results输入 - name_str: 'device_control', args_str: '{"action":"adjust","range":"+","entity":"SEAT","function_option":"VENTILATION"}'
2026-03-24 16:59:45,065 - DEBUG - CaseID: 45 - parse_multi_results输出: [{'name': 'device_control', 'args': {'action': 'adjust', 'entity': 'SEAT', 'function_option': 'VENTILATION', 'range': '+'}}]
2026-03-24 16:59:45,065 - DEBUG - CaseID: 45 - parse_multi_results输入 - name_str: 'device_control', args_str: '{"action":"adjust","range":"+","function_option":"VENTILATION","entity":"SEAT"}'
2026-03-24 16:59:45,065 - DEBUG - CaseID: 45 - parse_multi_results输出: [{'name': 'device_control', 'args': {'action': 'adjust', 'entity': 'SEAT', 'function_option': 'VENTILATION', 'range': '+'}}]
2026-03-24 16:59:45,065 - DEBUG - CaseID: 45 - expected_results: [{'name': 'device_control', 'args': {'action': 'adjust', 'entity': 'SEAT', 'function_option': 'VENTILATION', 'range': '+'}}]
2026-03-24 16:59:45,065 - DEBUG - CaseID: 45 - actual_results: [{'name': 'device_control', 'args': {'action': 'adjust', 'entity': 'SEAT', 'function_option': 'VENTILATION', 'range': '+'}}]
2026-03-24 16:59:45,065 - DEBUG - CaseID: 45 - expected_keys: {('device_control', '{"action": "adjust", "entity": "SEAT", "function_option": "VENTILATION", "range": "+"}')}
2026-03-24 16:59:45,065 - DEBUG - CaseID: 45 - actual_keys: {('device_control', '{"action": "adjust", "entity": "SEAT", "function_option": "VENTILATION", "range": "+"}')}
2026-03-24 16:59:45,065 - DEBUG - CaseID: 46 - parse_multi_results输入 - name_str: 'device_control', args_str: '{"action":"adjust","function_option":"VENTILATION","range":"3挡","entity":"SEAT"}'
2026-03-24 16:59:45,065 - DEBUG - CaseID: 46 - parse_multi_results输出: [{'name': 'device_control', 'args': {'action': 'adjust', 'entity': 'SEAT', 'function_option': 'VENTILATION', 'range': '3挡'}}]
2026-03-24 16:59:45,065 - DEBUG - CaseID: 46 - parse_multi_results输入 - name_str: 'device_control', args_str: '{"action":"adjust","range":"3挡","function_option":"VENTILATION","entity":"SEAT"}'
2026-03-24 16:59:45,065 - DEBUG - CaseID: 46 - parse_multi_results输出: [{'name': 'device_control', 'args': {'action': 'adjust', 'entity': 'SEAT', 'function_option': 'VENTILATION', 'range': '3挡'}}]
2026-03-24 16:59:45,065 - DEBUG - CaseID: 46 - expected_results: [{'name': 'device_control', 'args': {'action': 'adjust', 'entity': 'SEAT', 'function_option': 'VENTILATION', 'range': '3挡'}}]
2026-03-24 16:59:45,065 - DEBUG - CaseID: 46 - actual_results: [{'name': 'device_control', 'args': {'action': 'adjust', 'entity': 'SEAT', 'function_option': 'VENTILATION', 'range': '3挡'}}]
2026-03-24 16:59:45,065 - DEBUG - CaseID: 46 - expected_keys: {('device_control', '{"action": "adjust", "entity": "SEAT", "function_option": "VENTILATION", "range": "3\\u6321"}')}
2026-03-24 16:59:45,065 - DEBUG - CaseID: 46 - actual_keys: {('device_control', '{"action": "adjust", "entity": "SEAT", "function_option": "VENTILATION", "range": "3\\u6321"}')}
2026-03-24 16:59:45,066 - DEBUG - CaseID: 47 - parse_multi_results输入 - name_str: 'device_control', args_str: '{"action":"turnon","function_option":"TEMPERATURE","entity":"STEERING_WHEEL"}'
2026-03-24 16:59:45,066 - DEBUG - CaseID: 47 - parse_multi_results输出: [{'name': 'device_control', 'args': {'action': 'turnon', 'entity': 'STEERING_WHEEL', 'function_option': 'TEMPERATURE'}}]
2026-03-24 16:59:45,066 - DEBUG - CaseID: 47 - parse_multi_results输入 - name_str: 'device_control', args_str: '{"action":"turnon","function_option":"TEMPERATURE","entity":"STEERING_WHEEL"}'
2026-03-24 16:59:45,066 - DEBUG - CaseID: 47 - parse_multi_results输出: [{'name': 'device_control', 'args': {'action': 'turnon', 'entity': 'STEERING_WHEEL', 'function_option': 'TEMPERATURE'}}]
2026-03-24 16:59:45,066 - DEBUG - CaseID: 47 - expected_results: [{'name': 'device_control', 'args': {'action': 'turnon', 'entity': 'STEERING_WHEEL', 'function_option': 'TEMPERATURE'}}]
2026-03-24 16:59:45,066 - DEBUG - CaseID: 47 - actual_results: [{'name': 'device_control', 'args': {'action': 'turnon', 'entity': 'STEERING_WHEEL', 'function_option': 'TEMPERATURE'}}]
2026-03-24 16:59:45,066 - DEBUG - CaseID: 47 - expected_keys: {('device_control', '{"action": "turnon", "entity": "STEERING_WHEEL", "function_option": "TEMPERATURE"}')}
2026-03-24 16:59:45,066 - DEBUG - CaseID: 47 - actual_keys: {('device_control', '{"action": "turnon", "entity": "STEERING_WHEEL", "function_option": "TEMPERATURE"}')}
2026-03-24 16:59:45,066 - DEBUG - CaseID: 48 - parse_multi_results输入 - name_str: 'device_control', args_str: '{"action":"turnon","function_option":"TEMPERATURE","entity":"STEERING_WHEEL"}'
2026-03-24 16:59:45,066 - DEBUG - CaseID: 48 - parse_multi_results输出: [{'name': 'device_control', 'args': {'action': 'turnon', 'entity': 'STEERING_WHEEL', 'function_option': 'TEMPERATURE'}}]
2026-03-24 16:59:45,066 - DEBUG - CaseID: 48 - parse_multi_results输入 - name_str: 'device_control', args_str: '{"action":"turnon","function_option":"TEMPERATURE","entity":"STEERING_WHEEL"}'
2026-03-24 16:59:45,066 - DEBUG - CaseID: 48 - parse_multi_results输出: [{'name': 'device_control', 'args': {'action': 'turnon', 'entity': 'STEERING_WHEEL', 'function_option': 'TEMPERATURE'}}]
2026-03-24 16:59:45,066 - DEBUG - CaseID: 48 - expected_results: [{'name': 'device_control', 'args': {'action': 'turnon', 'entity': 'STEERING_WHEEL', 'function_option': 'TEMPERATURE'}}]
2026-03-24 16:59:45,066 - DEBUG - CaseID: 48 - actual_results: [{'name': 'device_control', 'args': {'action': 'turnon', 'entity': 'STEERING_WHEEL', 'function_option': 'TEMPERATURE'}}]
2026-03-24 16:59:45,066 - DEBUG - CaseID: 48 - expected_keys: {('device_control', '{"action": "turnon", "entity": "STEERING_WHEEL", "function_option": "TEMPERATURE"}')}
2026-03-24 16:59:45,066 - DEBUG - CaseID: 48 - actual_keys: {('device_control', '{"action": "turnon", "entity": "STEERING_WHEEL", "function_option": "TEMPERATURE"}')}
2026-03-24 16:59:45,066 - DEBUG - CaseID: 49 - parse_multi_results输入 - name_str: 'device_control', args_str: '{"action":"turnoff","function_option":"TEMPERATURE","entity":"STEERING_WHEEL"}'
2026-03-24 16:59:45,066 - DEBUG - CaseID: 49 - parse_multi_results输出: [{'name': 'device_control', 'args': {'action': 'turnoff', 'entity': 'STEERING_WHEEL', 'function_option': 'TEMPERATURE'}}]
2026-03-24 16:59:45,066 - DEBUG - CaseID: 49 - parse_multi_results输入 - name_str: 'device_control', args_str: '{"action":"turnoff","function_option":"TEMPERATURE","entity":"STEERING_WHEEL"}'
2026-03-24 16:59:45,066 - DEBUG - CaseID: 49 - parse_multi_results输出: [{'name': 'device_control', 'args': {'action': 'turnoff', 'entity': 'STEERING_WHEEL', 'function_option': 'TEMPERATURE'}}]
2026-03-24 16:59:45,066 - DEBUG - CaseID: 49 - expected_results: [{'name': 'device_control', 'args': {'action': 'turnoff', 'entity': 'STEERING_WHEEL', 'function_option': 'TEMPERATURE'}}]
2026-03-24 16:59:45,066 - DEBUG - CaseID: 49 - actual_results: [{'name': 'device_control', 'args': {'action': 'turnoff', 'entity': 'STEERING_WHEEL', 'function_option': 'TEMPERATURE'}}]
2026-03-24 16:59:45,066 - DEBUG - CaseID: 49 - expected_keys: {('device_control', '{"action": "turnoff", "entity": "STEERING_WHEEL", "function_option": "TEMPERATURE"}')}
2026-03-24 16:59:45,066 - DEBUG - CaseID: 49 - actual_keys: {('device_control', '{"action": "turnoff", "entity": "STEERING_WHEEL", "function_option": "TEMPERATURE"}')}
2026-03-24 16:59:45,067 - DEBUG - CaseID: 50 - parse_multi_results输入 - name_str: 'device_control', args_str: '{"action":"turnon","entity":"CAR_DOOR_LOCK"}'
2026-03-24 16:59:45,067 - DEBUG - CaseID: 50 - parse_multi_results输出: [{'name': 'device_control', 'args': {'action': 'turnon', 'entity': 'CAR_DOOR_LOCK'}}]
2026-03-24 16:59:45,067 - DEBUG - CaseID: 50 - parse_multi_results输入 - name_str: 'device_control', args_str: '{"action":"turnon","entity":"CAR_DOOR_LOCK"}'
2026-03-24 16:59:45,067 - DEBUG - CaseID: 50 - parse_multi_results输出: [{'name': 'device_control', 'args': {'action': 'turnon', 'entity': 'CAR_DOOR_LOCK'}}]
2026-03-24 16:59:45,067 - DEBUG - CaseID: 50 - expected_results: [{'name': 'device_control', 'args': {'action': 'turnon', 'entity': 'CAR_DOOR_LOCK'}}]
2026-03-24 16:59:45,067 - DEBUG - CaseID: 50 - actual_results: [{'name': 'device_control', 'args': {'action': 'turnon', 'entity': 'CAR_DOOR_LOCK'}}]
2026-03-24 16:59:45,067 - DEBUG - CaseID: 50 - expected_keys: {('device_control', '{"action": "turnon", "entity": "CAR_DOOR_LOCK"}')}
2026-03-24 16:59:45,067 - DEBUG - CaseID: 50 - actual_keys: {('device_control', '{"action": "turnon", "entity": "CAR_DOOR_LOCK"}')}
2026-03-24 16:59:45,067 - DEBUG - CaseID: 51 - parse_multi_results输入 - name_str: 'device_control', args_str: '{"action":"turnoff","entity":"CAR_DOOR_LOCK"}'
2026-03-24 16:59:45,067 - DEBUG - CaseID: 51 - parse_multi_results输出: [{'name': 'device_control', 'args': {'action': 'turnoff', 'entity': 'CAR_DOOR_LOCK'}}]
2026-03-24 16:59:45,067 - DEBUG - CaseID: 51 - parse_multi_results输入 - name_str: 'device_control', args_str: '{"action":"turnoff","entity":"CAR_DOOR_LOCK"}'
2026-03-24 16:59:45,067 - DEBUG - CaseID: 51 - parse_multi_results输出: [{'name': 'device_control', 'args': {'action': 'turnoff', 'entity': 'CAR_DOOR_LOCK'}}]
2026-03-24 16:59:45,067 - DEBUG - CaseID: 51 - expected_results: [{'name': 'device_control', 'args': {'action': 'turnoff', 'entity': 'CAR_DOOR_LOCK'}}]
2026-03-24 16:59:45,067 - DEBUG - CaseID: 51 - actual_results: [{'name': 'device_control', 'args': {'action': 'turnoff', 'entity': 'CAR_DOOR_LOCK'}}]
2026-03-24 16:59:45,067 - DEBUG - CaseID: 51 - expected_keys: {('device_control', '{"action": "turnoff", "entity": "CAR_DOOR_LOCK"}')}
2026-03-24 16:59:45,067 - DEBUG - CaseID: 51 - actual_keys: {('device_control', '{"action": "turnoff", "entity": "CAR_DOOR_LOCK"}')}
2026-03-24 16:59:45,067 - DEBUG - CaseID: 52 - parse_multi_results输入 - name_str: 'device_control', args_str: '{"action":"turnoff","entity":"CAR_DOOR_LOCK"}'
2026-03-24 16:59:45,067 - DEBUG - CaseID: 52 - parse_multi_results输出: [{'name': 'device_control', 'args': {'action': 'turnoff', 'entity': 'CAR_DOOR_LOCK'}}]
2026-03-24 16:59:45,067 - DEBUG - CaseID: 52 - parse_multi_results输入 - name_str: 'device_control', args_str: '{"action":"turnoff","entity":"CAR_DOOR_LOCK"}'
2026-03-24 16:59:45,067 - DEBUG - CaseID: 52 - parse_multi_results输出: [{'name': 'device_control', 'args': {'action': 'turnoff', 'entity': 'CAR_DOOR_LOCK'}}]
2026-03-24 16:59:45,067 - DEBUG - CaseID: 52 - expected_results: [{'name': 'device_control', 'args': {'action': 'turnoff', 'entity': 'CAR_DOOR_LOCK'}}]
2026-03-24 16:59:45,067 - DEBUG - CaseID: 52 - actual_results: [{'name': 'device_control', 'args': {'action': 'turnoff', 'entity': 'CAR_DOOR_LOCK'}}]
2026-03-24 16:59:45,067 - DEBUG - CaseID: 52 - expected_keys: {('device_control', '{"action": "turnoff", "entity": "CAR_DOOR_LOCK"}')}
2026-03-24 16:59:45,067 - DEBUG - CaseID: 52 - actual_keys: {('device_control', '{"action": "turnoff", "entity": "CAR_DOOR_LOCK"}')}
2026-03-24 16:59:45,067 - DEBUG - CaseID: 53 - parse_multi_results输入 - name_str: 'device_control', args_str: '{"action":"turnoff","entity":"CAR_DOOR_LOCK"}'
2026-03-24 16:59:45,068 - DEBUG - CaseID: 53 - parse_multi_results输出: [{'name': 'device_control', 'args': {'action': 'turnoff', 'entity': 'CAR_DOOR_LOCK'}}]
2026-03-24 16:59:45,068 - DEBUG - CaseID: 53 - parse_multi_results输入 - name_str: 'device_control', args_str: '{"action":"turnoff","entity":"CAR_DOOR_LOCK"}'
2026-03-24 16:59:45,068 - DEBUG - CaseID: 53 - parse_multi_results输出: [{'name': 'device_control', 'args': {'action': 'turnoff', 'entity': 'CAR_DOOR_LOCK'}}]
2026-03-24 16:59:45,068 - DEBUG - CaseID: 53 - expected_results: [{'name': 'device_control', 'args': {'action': 'turnoff', 'entity': 'CAR_DOOR_LOCK'}}]
2026-03-24 16:59:45,068 - DEBUG - CaseID: 53 - actual_results: [{'name': 'device_control', 'args': {'action': 'turnoff', 'entity': 'CAR_DOOR_LOCK'}}]
2026-03-24 16:59:45,068 - DEBUG - CaseID: 53 - expected_keys: {('device_control', '{"action": "turnoff", "entity": "CAR_DOOR_LOCK"}')}
2026-03-24 16:59:45,068 - DEBUG - CaseID: 53 - actual_keys: {('device_control', '{"action": "turnoff", "entity": "CAR_DOOR_LOCK"}')}
2026-03-24 16:59:45,068 - DEBUG - CaseID: 54 - parse_multi_results输入 - name_str: 'device_control', args_str: '{"action":"turnon","entity":"WINDOW"}'
2026-03-24 16:59:45,068 - DEBUG - CaseID: 54 - parse_multi_results输出: [{'name': 'device_control', 'args': {'action': 'turnon', 'entity': 'WINDOW'}}]
2026-03-24 16:59:45,068 - DEBUG - CaseID: 54 - parse_multi_results输入 - name_str: 'device_control', args_str: '{"action":"turnon","entity":"WINDOW"}'
2026-03-24 16:59:45,068 - DEBUG - CaseID: 54 - parse_multi_results输出: [{'name': 'device_control', 'args': {'action': 'turnon', 'entity': 'WINDOW'}}]
2026-03-24 16:59:45,068 - DEBUG - CaseID: 54 - expected_results: [{'name': 'device_control', 'args': {'action': 'turnon', 'entity': 'WINDOW'}}]
2026-03-24 16:59:45,068 - DEBUG - CaseID: 54 - actual_results: [{'name': 'device_control', 'args': {'action': 'turnon', 'entity': 'WINDOW'}}]
2026-03-24 16:59:45,068 - DEBUG - CaseID: 54 - expected_keys: {('device_control', '{"action": "turnon", "entity": "WINDOW"}')}
2026-03-24 16:59:45,068 - DEBUG - CaseID: 54 - actual_keys: {('device_control', '{"action": "turnon", "entity": "WINDOW"}')}
2026-03-24 16:59:45,068 - DEBUG - CaseID: 55 - parse_multi_results输入 - name_str: 'device_control', args_str: '{"action":"adjust","range":"SLIGHTLY","entity":"WINDOW"}'
2026-03-24 16:59:45,068 - DEBUG - CaseID: 55 - parse_multi_results输出: [{'name': 'device_control', 'args': {'action': 'adjust', 'entity': 'WINDOW', 'range': 'SLIGHTLY'}}]
2026-03-24 16:59:45,068 - DEBUG - CaseID: 55 - parse_multi_results输入 - name_str: 'device_control', args_str: '{"action":"adjust","range":"SLIGHTLY","entity":"WINDOW"}'
2026-03-24 16:59:45,068 - DEBUG - CaseID: 55 - parse_multi_results输出: [{'name': 'device_control', 'args': {'action': 'adjust', 'entity': 'WINDOW', 'range': 'SLIGHTLY'}}]
2026-03-24 16:59:45,068 - DEBUG - CaseID: 55 - expected_results: [{'name': 'device_control', 'args': {'action': 'adjust', 'entity': 'WINDOW', 'range': 'SLIGHTLY'}}]
2026-03-24 16:59:45,068 - DEBUG - CaseID: 55 - actual_results: [{'name': 'device_control', 'args': {'action': 'adjust', 'entity': 'WINDOW', 'range': 'SLIGHTLY'}}]
2026-03-24 16:59:45,068 - DEBUG - CaseID: 55 - expected_keys: {('device_control', '{"action": "adjust", "entity": "WINDOW", "range": "SLIGHTLY"}')}
2026-03-24 16:59:45,068 - DEBUG - CaseID: 55 - actual_keys: {('device_control', '{"action": "adjust", "entity": "WINDOW", "range": "SLIGHTLY"}')}
2026-03-24 16:59:45,068 - DEBUG - CaseID: 56 - parse_multi_results输入 - name_str: 'device_control', args_str: '{"action":"adjust","range":"SLIGHTLY","entity":"WINDOW"}'
2026-03-24 16:59:45,068 - DEBUG - CaseID: 56 - parse_multi_results输出: [{'name': 'device_control', 'args': {'action': 'adjust', 'entity': 'WINDOW', 'range': 'SLIGHTLY'}}]
2026-03-24 16:59:45,068 - DEBUG - CaseID: 56 - parse_multi_results输入 - name_str: 'device_control', args_str: '{"action":"adjust","range":"SLIGHTLY","entity":"WINDOW"}'
2026-03-24 16:59:45,068 - DEBUG - CaseID: 56 - parse_multi_results输出: [{'name': 'device_control', 'args': {'action': 'adjust', 'entity': 'WINDOW', 'range': 'SLIGHTLY'}}]
2026-03-24 16:59:45,069 - DEBUG - CaseID: 56 - expected_results: [{'name': 'device_control', 'args': {'action': 'adjust', 'entity': 'WINDOW', 'range': 'SLIGHTLY'}}]
2026-03-24 16:59:45,069 - DEBUG - CaseID: 56 - actual_results: [{'name': 'device_control', 'args': {'action': 'adjust', 'entity': 'WINDOW', 'range': 'SLIGHTLY'}}]
2026-03-24 16:59:45,069 - DEBUG - CaseID: 56 - expected_keys: {('device_control', '{"action": "adjust", "entity": "WINDOW", "range": "SLIGHTLY"}')}
2026-03-24 16:59:45,069 - DEBUG - CaseID: 56 - actual_keys: {('device_control', '{"action": "adjust", "entity": "WINDOW", "range": "SLIGHTLY"}')}
2026-03-24 16:59:45,069 - DEBUG - CaseID: 57 - parse_multi_results输入 - name_str: 'device_control', args_str: '{"action":"turnoff","entity":"WINDOW"}'
2026-03-24 16:59:45,069 - DEBUG - CaseID: 57 - parse_multi_results输出: [{'name': 'device_control', 'args': {'action': 'turnoff', 'entity': 'WINDOW'}}]
2026-03-24 16:59:45,069 - DEBUG - CaseID: 57 - parse_multi_results输入 - name_str: 'device_control', args_str: '{"action":"turnoff","entity":"WINDOW"}'
2026-03-24 16:59:45,069 - DEBUG - CaseID: 57 - parse_multi_results输出: [{'name': 'device_control', 'args': {'action': 'turnoff', 'entity': 'WINDOW'}}]
2026-03-24 16:59:45,069 - DEBUG - CaseID: 57 - expected_results: [{'name': 'device_control', 'args': {'action': 'turnoff', 'entity': 'WINDOW'}}]
2026-03-24 16:59:45,069 - DEBUG - CaseID: 57 - actual_results: [{'name': 'device_control', 'args': {'action': 'turnoff', 'entity': 'WINDOW'}}]
2026-03-24 16:59:45,069 - DEBUG - CaseID: 57 - expected_keys: {('device_control', '{"action": "turnoff", "entity": "WINDOW"}')}
2026-03-24 16:59:45,069 - DEBUG - CaseID: 57 - actual_keys: {('device_control', '{"action": "turnoff", "entity": "WINDOW"}')}
2026-03-24 16:59:45,069 - DEBUG - CaseID: 58 - parse_multi_results输入 - name_str: 'device_control', args_str: '{"action":"turnon","entity":"WINDOW","position":"WHOLE"}'
2026-03-24 16:59:45,069 - DEBUG - CaseID: 58 - parse_multi_results输出: [{'name': 'device_control', 'args': {'action': 'turnon', 'entity': 'WINDOW', 'position': 'WHOLE'}}]
2026-03-24 16:59:45,069 - DEBUG - CaseID: 58 - parse_multi_results输入 - name_str: 'device_control', args_str: '{"action":"turnon","position":"WHOLE","entity":"WINDOW"}'
2026-03-24 16:59:45,069 - DEBUG - CaseID: 58 - parse_multi_results输出: [{'name': 'device_control', 'args': {'action': 'turnon', 'entity': 'WINDOW', 'position': 'WHOLE'}}]
2026-03-24 16:59:45,069 - DEBUG - CaseID: 58 - expected_results: [{'name': 'device_control', 'args': {'action': 'turnon', 'entity': 'WINDOW', 'position': 'WHOLE'}}]
2026-03-24 16:59:45,069 - DEBUG - CaseID: 58 - actual_results: [{'name': 'device_control', 'args': {'action': 'turnon', 'entity': 'WINDOW', 'position': 'WHOLE'}}]
2026-03-24 16:59:45,069 - DEBUG - CaseID: 58 - expected_keys: {('device_control', '{"action": "turnon", "entity": "WINDOW", "position": "WHOLE"}')}
2026-03-24 16:59:45,069 - DEBUG - CaseID: 58 - actual_keys: {('device_control', '{"action": "turnon", "entity": "WINDOW", "position": "WHOLE"}')}
2026-03-24 16:59:45,069 - DEBUG - CaseID: 59 - parse_multi_results输入 - name_str: 'device_control', args_str: '{"action":"turnoff","entity":"WINDOW","position":"WHOLE"}'
2026-03-24 16:59:45,069 - DEBUG - CaseID: 59 - parse_multi_results输出: [{'name': 'device_control', 'args': {'action': 'turnoff', 'entity': 'WINDOW', 'position': 'WHOLE'}}]
2026-03-24 16:59:45,069 - DEBUG - CaseID: 59 - parse_multi_results输入 - name_str: 'device_control', args_str: '{"action":"turnoff","position":"WHOLE","entity":"WINDOW"}'
2026-03-24 16:59:45,069 - DEBUG - CaseID: 59 - parse_multi_results输出: [{'name': 'device_control', 'args': {'action': 'turnoff', 'entity': 'WINDOW', 'position': 'WHOLE'}}]
2026-03-24 16:59:45,069 - DEBUG - CaseID: 59 - expected_results: [{'name': 'device_control', 'args': {'action': 'turnoff', 'entity': 'WINDOW', 'position': 'WHOLE'}}]
2026-03-24 16:59:45,069 - DEBUG - CaseID: 59 - actual_results: [{'name': 'device_control', 'args': {'action': 'turnoff', 'entity': 'WINDOW', 'position': 'WHOLE'}}]
2026-03-24 16:59:45,069 - DEBUG - CaseID: 59 - expected_keys: {('device_control', '{"action": "turnoff", "entity": "WINDOW", "position": "WHOLE"}')}
2026-03-24 16:59:45,069 - DEBUG - CaseID: 59 - actual_keys: {('device_control', '{"action": "turnoff", "entity": "WINDOW", "position": "WHOLE"}')}
2026-03-24 16:59:45,069 - DEBUG - CaseID: 60 - parse_multi_results输入 - name_str: 'device_control', args_str: '{"action":"turnon","entity":"WINDOW","position":"FRONT_LEFT"}'
2026-03-24 16:59:45,070 - DEBUG - CaseID: 60 - parse_multi_results输出: [{'name': 'device_control', 'args': {'action': 'turnon', 'entity': 'WINDOW', 'position': 'FRONT_LEFT'}}]
2026-03-24 16:59:45,070 - DEBUG - CaseID: 60 - parse_multi_results输入 - name_str: 'device_control', args_str: '{"action":"turnon","position":"FRONT_LEFT","entity":"WINDOW"}'
2026-03-24 16:59:45,070 - DEBUG - CaseID: 60 - parse_multi_results输出: [{'name': 'device_control', 'args': {'action': 'turnon', 'entity': 'WINDOW', 'position': 'FRONT_LEFT'}}]
2026-03-24 16:59:45,070 - DEBUG - CaseID: 60 - expected_results: [{'name': 'device_control', 'args': {'action': 'turnon', 'entity': 'WINDOW', 'position': 'FRONT_LEFT'}}]
2026-03-24 16:59:45,070 - DEBUG - CaseID: 60 - actual_results: [{'name': 'device_control', 'args': {'action': 'turnon', 'entity': 'WINDOW', 'position': 'FRONT_LEFT'}}]
2026-03-24 16:59:45,070 - DEBUG - CaseID: 60 - expected_keys: {('device_control', '{"action": "turnon", "entity": "WINDOW", "position": "FRONT_LEFT"}')}
2026-03-24 16:59:45,070 - DEBUG - CaseID: 60 - actual_keys: {('device_control', '{"action": "turnon", "entity": "WINDOW", "position": "FRONT_LEFT"}')}
2026-03-24 16:59:45,070 - DEBUG - CaseID: 61 - parse_multi_results输入 - name_str: 'device_control', args_str: '{"action":"turnon","entity":"WINDOW","position":"FIRST_ROW"}'
2026-03-24 16:59:45,070 - DEBUG - CaseID: 61 - parse_multi_results输出: [{'name': 'device_control', 'args': {'action': 'turnon', 'entity': 'WINDOW', 'position': 'FIRST_ROW'}}]
2026-03-24 16:59:45,070 - DEBUG - CaseID: 61 - parse_multi_results输入 - name_str: 'device_control', args_str: '{"action":"turnon","position":"FIRST_ROW","entity":"WINDOW"}'
2026-03-24 16:59:45,070 - DEBUG - CaseID: 61 - parse_multi_results输出: [{'name': 'device_control', 'args': {'action': 'turnon', 'entity': 'WINDOW', 'position': 'FIRST_ROW'}}]
2026-03-24 16:59:45,070 - DEBUG - CaseID: 61 - expected_results: [{'name': 'device_control', 'args': {'action': 'turnon', 'entity': 'WINDOW', 'position': 'FIRST_ROW'}}]
2026-03-24 16:59:45,070 - DEBUG - CaseID: 61 - actual_results: [{'name': 'device_control', 'args': {'action': 'turnon', 'entity': 'WINDOW', 'position': 'FIRST_ROW'}}]
2026-03-24 16:59:45,070 - DEBUG - CaseID: 61 - expected_keys: {('device_control', '{"action": "turnon", "entity": "WINDOW", "position": "FIRST_ROW"}')}
2026-03-24 16:59:45,070 - DEBUG - CaseID: 61 - actual_keys: {('device_control', '{"action": "turnon", "entity": "WINDOW", "position": "FIRST_ROW"}')}
2026-03-24 16:59:45,070 - DEBUG - CaseID: 62 - parse_multi_results输入 - name_str: 'device_control', args_str: '{"action":"turnoff","entity":"WINDOW","position":"FRONT_LEFT"}'
2026-03-24 16:59:45,070 - DEBUG - CaseID: 62 - parse_multi_results输出: [{'name': 'device_control', 'args': {'action': 'turnoff', 'entity': 'WINDOW', 'position': 'FRONT_LEFT'}}]
2026-03-24 16:59:45,070 - DEBUG - CaseID: 62 - parse_multi_results输入 - name_str: 'device_control', args_str: '{"action":"turnoff","position":"FRONT_LEFT","entity":"WINDOW"}'
2026-03-24 16:59:45,070 - DEBUG - CaseID: 62 - parse_multi_results输出: [{'name': 'device_control', 'args': {'action': 'turnoff', 'entity': 'WINDOW', 'position': 'FRONT_LEFT'}}]
2026-03-24 16:59:45,070 - DEBUG - CaseID: 62 - expected_results: [{'name': 'device_control', 'args': {'action': 'turnoff', 'entity': 'WINDOW', 'position': 'FRONT_LEFT'}}]
2026-03-24 16:59:45,070 - DEBUG - CaseID: 62 - actual_results: [{'name': 'device_control', 'args': {'action': 'turnoff', 'entity': 'WINDOW', 'position': 'FRONT_LEFT'}}]
2026-03-24 16:59:45,070 - DEBUG - CaseID: 62 - expected_keys: {('device_control', '{"action": "turnoff", "entity": "WINDOW", "position": "FRONT_LEFT"}')}
2026-03-24 16:59:45,070 - DEBUG - CaseID: 62 - actual_keys: {('device_control', '{"action": "turnoff", "entity": "WINDOW", "position": "FRONT_LEFT"}')}
2026-03-24 16:59:45,070 - DEBUG - CaseID: 63 - parse_multi_results输入 - name_str: 'device_control', args_str: '{"action":"turnoff","entity":"WINDOW","position":"FIRST_ROW"}'
2026-03-24 16:59:45,070 - DEBUG - CaseID: 63 - parse_multi_results输出: [{'name': 'device_control', 'args': {'action': 'turnoff', 'entity': 'WINDOW', 'position': 'FIRST_ROW'}}]
2026-03-24 16:59:45,070 - DEBUG - CaseID: 63 - parse_multi_results输入 - name_str: 'device_control', args_str: '{"action":"turnoff","position":"FIRST_ROW","entity":"WINDOW"}'
2026-03-24 16:59:45,070 - DEBUG - CaseID: 63 - parse_multi_results输出: [{'name': 'device_control', 'args': {'action': 'turnoff', 'entity': 'WINDOW', 'position': 'FIRST_ROW'}}]
2026-03-24 16:59:45,070 - DEBUG - CaseID: 63 - expected_results: [{'name': 'device_control', 'args': {'action': 'turnoff', 'entity': 'WINDOW', 'position': 'FIRST_ROW'}}]
2026-03-24 16:59:45,070 - DEBUG - CaseID: 63 - actual_results: [{'name': 'device_control', 'args': {'action': 'turnoff', 'entity': 'WINDOW', 'position': 'FIRST_ROW'}}]
2026-03-24 16:59:45,070 - DEBUG - CaseID: 63 - expected_keys: {('device_control', '{"action": "turnoff", "entity": "WINDOW", "position": "FIRST_ROW"}')}
2026-03-24 16:59:45,071 - DEBUG - CaseID: 63 - actual_keys: {('device_control', '{"action": "turnoff", "entity": "WINDOW", "position": "FIRST_ROW"}')}
2026-03-24 16:59:45,071 - DEBUG - CaseID: 64 - parse_multi_results输入 - name_str: 'device_control', args_str: '{"action":"adjust","range":"SLIGHTLY","entity":"WINDOW"}'
2026-03-24 16:59:45,071 - DEBUG - CaseID: 64 - parse_multi_results输出: [{'name': 'device_control', 'args': {'action': 'adjust', 'entity': 'WINDOW', 'range': 'SLIGHTLY'}}]
2026-03-24 16:59:45,071 - DEBUG - CaseID: 64 - parse_multi_results输入 - name_str: 'device_control', args_str: '{"action":"adjust","range":"SLIGHTLY","entity":"WINDOW"}'
2026-03-24 16:59:45,071 - DEBUG - CaseID: 64 - parse_multi_results输出: [{'name': 'device_control', 'args': {'action': 'adjust', 'entity': 'WINDOW', 'range': 'SLIGHTLY'}}]
2026-03-24 16:59:45,071 - DEBUG - CaseID: 64 - expected_results: [{'name': 'device_control', 'args': {'action': 'adjust', 'entity': 'WINDOW', 'range': 'SLIGHTLY'}}]
2026-03-24 16:59:45,071 - DEBUG - CaseID: 64 - actual_results: [{'name': 'device_control', 'args': {'action': 'adjust', 'entity': 'WINDOW', 'range': 'SLIGHTLY'}}]
2026-03-24 16:59:45,071 - DEBUG - CaseID: 64 - expected_keys: {('device_control', '{"action": "adjust", "entity": "WINDOW", "range": "SLIGHTLY"}')}
2026-03-24 16:59:45,071 - DEBUG - CaseID: 64 - actual_keys: {('device_control', '{"action": "adjust", "entity": "WINDOW", "range": "SLIGHTLY"}')}
2026-03-24 16:59:45,071 - DEBUG - CaseID: 65 - parse_multi_results输入 - name_str: 'device_control', args_str: '{"action":"adjust","range":"1/3","entity":"WINDOW"}'
2026-03-24 16:59:45,071 - DEBUG - CaseID: 65 - parse_multi_results输出: [{'name': 'device_control', 'args': {'action': 'adjust', 'entity': 'WINDOW', 'range': '1/3'}}]
2026-03-24 16:59:45,071 - DEBUG - CaseID: 65 - parse_multi_results输入 - name_str: 'device_control', args_str: '{"action":"adjust","range":"1/3","entity":"WINDOW"}'
2026-03-24 16:59:45,071 - DEBUG - CaseID: 65 - parse_multi_results输出: [{'name': 'device_control', 'args': {'action': 'adjust', 'entity': 'WINDOW', 'range': '1/3'}}]
2026-03-24 16:59:45,071 - DEBUG - CaseID: 65 - expected_results: [{'name': 'device_control', 'args': {'action': 'adjust', 'entity': 'WINDOW', 'range': '1/3'}}]
2026-03-24 16:59:45,071 - DEBUG - CaseID: 65 - actual_results: [{'name': 'device_control', 'args': {'action': 'adjust', 'entity': 'WINDOW', 'range': '1/3'}}]
2026-03-24 16:59:45,071 - DEBUG - CaseID: 65 - expected_keys: {('device_control', '{"action": "adjust", "entity": "WINDOW", "range": "1/3"}')}
2026-03-24 16:59:45,071 - DEBUG - CaseID: 65 - actual_keys: {('device_control', '{"action": "adjust", "entity": "WINDOW", "range": "1/3"}')}
2026-03-24 16:59:45,071 - DEBUG - CaseID: 66 - parse_multi_results输入 - name_str: 'device_control', args_str: '{"action":"adjust","range":"+50%","entity":"WINDOW"}'
2026-03-24 16:59:45,071 - DEBUG - CaseID: 66 - parse_multi_results输出: [{'name': 'device_control', 'args': {'action': 'adjust', 'entity': 'WINDOW', 'range': '+50%'}}]
2026-03-24 16:59:45,071 - DEBUG - CaseID: 66 - parse_multi_results输入 - name_str: 'device_control', args_str: '{"action":"adjust","range":"+50%","entity":"WINDOW"}'
2026-03-24 16:59:45,071 - DEBUG - CaseID: 66 - parse_multi_results输出: [{'name': 'device_control', 'args': {'action': 'adjust', 'entity': 'WINDOW', 'range': '+50%'}}]
2026-03-24 16:59:45,071 - DEBUG - CaseID: 66 - expected_results: [{'name': 'device_control', 'args': {'action': 'adjust', 'entity': 'WINDOW', 'range': '+50%'}}]
2026-03-24 16:59:45,071 - DEBUG - CaseID: 66 - actual_results: [{'name': 'device_control', 'args': {'action': 'adjust', 'entity': 'WINDOW', 'range': '+50%'}}]
2026-03-24 16:59:45,071 - DEBUG - CaseID: 66 - expected_keys: {('device_control', '{"action": "adjust", "entity": "WINDOW", "range": "+50%"}')}
2026-03-24 16:59:45,071 - DEBUG - CaseID: 66 - actual_keys: {('device_control', '{"action": "adjust", "entity": "WINDOW", "range": "+50%"}')}
2026-03-24 16:59:45,071 - DEBUG - CaseID: 67 - parse_multi_results输入 - name_str: 'device_control', args_str: '{"action":"adjust","range":"-10%","entity":"WINDOW"}'
2026-03-24 16:59:45,071 - DEBUG - CaseID: 67 - parse_multi_results输出: [{'name': 'device_control', 'args': {'action': 'adjust', 'entity': 'WINDOW', 'range': '-10%'}}]
2026-03-24 16:59:45,071 - DEBUG - CaseID: 67 - parse_multi_results输入 - name_str: 'device_control', args_str: '{"action":"adjust","range":"-10%","entity":"WINDOW"}'
2026-03-24 16:59:45,071 - DEBUG - CaseID: 67 - parse_multi_results输出: [{'name': 'device_control', 'args': {'action': 'adjust', 'entity': 'WINDOW', 'range': '-10%'}}]
2026-03-24 16:59:45,071 - DEBUG - CaseID: 67 - expected_results: [{'name': 'device_control', 'args': {'action': 'adjust', 'entity': 'WINDOW', 'range': '-10%'}}]
2026-03-24 16:59:45,072 - DEBUG - CaseID: 67 - actual_results: [{'name': 'device_control', 'args': {'action': 'adjust', 'entity': 'WINDOW', 'range': '-10%'}}]
2026-03-24 16:59:45,072 - DEBUG - CaseID: 67 - expected_keys: {('device_control', '{"action": "adjust", "entity": "WINDOW", "range": "-10%"}')}
2026-03-24 16:59:45,072 - DEBUG - CaseID: 67 - actual_keys: {('device_control', '{"action": "adjust", "entity": "WINDOW", "range": "-10%"}')}
2026-03-24 16:59:45,072 - DEBUG - CaseID: 68 - parse_multi_results输入 - name_str: 'device_control', args_str: '{"action":"adjust","range":"20%","entity":"WINDOW","position":"FRONT_LEFT"}'
2026-03-24 16:59:45,072 - DEBUG - CaseID: 68 - parse_multi_results输出: [{'name': 'device_control', 'args': {'action': 'adjust', 'entity': 'WINDOW', 'position': 'FRONT_LEFT', 'range': '20%'}}]
2026-03-24 16:59:45,072 - DEBUG - CaseID: 68 - parse_multi_results输入 - name_str: 'device_control', args_str: '{"action":"adjust","range":"20%","position":"FRONT_LEFT","entity":"WINDOW"}'
2026-03-24 16:59:45,072 - DEBUG - CaseID: 68 - parse_multi_results输出: [{'name': 'device_control', 'args': {'action': 'adjust', 'entity': 'WINDOW', 'position': 'FRONT_LEFT', 'range': '20%'}}]
2026-03-24 16:59:45,072 - DEBUG - CaseID: 68 - expected_results: [{'name': 'device_control', 'args': {'action': 'adjust', 'entity': 'WINDOW', 'position': 'FRONT_LEFT', 'range': '20%'}}]
2026-03-24 16:59:45,072 - DEBUG - CaseID: 68 - actual_results: [{'name': 'device_control', 'args': {'action': 'adjust', 'entity': 'WINDOW', 'position': 'FRONT_LEFT', 'range': '20%'}}]
2026-03-24 16:59:45,072 - DEBUG - CaseID: 68 - expected_keys: {('device_control', '{"action": "adjust", "entity": "WINDOW", "position": "FRONT_LEFT", "range": "20%"}')}
2026-03-24 16:59:45,072 - DEBUG - CaseID: 68 - actual_keys: {('device_control', '{"action": "adjust", "entity": "WINDOW", "position": "FRONT_LEFT", "range": "20%"}')}
2026-03-24 16:59:45,072 - DEBUG - CaseID: 69 - parse_multi_results输入 - name_str: 'device_control', args_str: '{"action":"turnon","entity":"WARNING_LAMP"}'
2026-03-24 16:59:45,072 - DEBUG - CaseID: 69 - parse_multi_results输出: [{'name': 'device_control', 'args': {'action': 'turnon', 'entity': 'WARNING_LAMP'}}]
2026-03-24 16:59:45,072 - DEBUG - CaseID: 69 - parse_multi_results输入 - name_str: 'device_control', args_str: '{"action":"turnon","entity":"WARNING_LAMP"}'
2026-03-24 16:59:45,072 - DEBUG - CaseID: 69 - parse_multi_results输出: [{'name': 'device_control', 'args': {'action': 'turnon', 'entity': 'WARNING_LAMP'}}]
2026-03-24 16:59:45,072 - DEBUG - CaseID: 69 - expected_results: [{'name': 'device_control', 'args': {'action': 'turnon', 'entity': 'WARNING_LAMP'}}]
2026-03-24 16:59:45,072 - DEBUG - CaseID: 69 - actual_results: [{'name': 'device_control', 'args': {'action': 'turnon', 'entity': 'WARNING_LAMP'}}]
2026-03-24 16:59:45,072 - DEBUG - CaseID: 69 - expected_keys: {('device_control', '{"action": "turnon", "entity": "WARNING_LAMP"}')}
2026-03-24 16:59:45,072 - DEBUG - CaseID: 69 - actual_keys: {('device_control', '{"action": "turnon", "entity": "WARNING_LAMP"}')}
2026-03-24 16:59:45,072 - DEBUG - CaseID: 70 - parse_multi_results输入 - name_str: 'device_control', args_str: '{"action":"turnon","entity":"WARNING_WHISTLE"}'
2026-03-24 16:59:45,072 - DEBUG - CaseID: 70 - parse_multi_results输出: [{'name': 'device_control', 'args': {'action': 'turnon', 'entity': 'WARNING_WHISTLE'}}]
2026-03-24 16:59:45,072 - DEBUG - CaseID: 70 - parse_multi_results输入 - name_str: 'device_control', args_str: '{"action":"turnon","entity":"WARNING_WHISTLE"}'
2026-03-24 16:59:45,072 - DEBUG - CaseID: 70 - parse_multi_results输出: [{'name': 'device_control', 'args': {'action': 'turnon', 'entity': 'WARNING_WHISTLE'}}]
2026-03-24 16:59:45,072 - DEBUG - CaseID: 70 - expected_results: [{'name': 'device_control', 'args': {'action': 'turnon', 'entity': 'WARNING_WHISTLE'}}]
2026-03-24 16:59:45,072 - DEBUG - CaseID: 70 - actual_results: [{'name': 'device_control', 'args': {'action': 'turnon', 'entity': 'WARNING_WHISTLE'}}]
2026-03-24 16:59:45,072 - DEBUG - CaseID: 70 - expected_keys: {('device_control', '{"action": "turnon", "entity": "WARNING_WHISTLE"}')}
2026-03-24 16:59:45,072 - DEBUG - CaseID: 70 - actual_keys: {('device_control', '{"action": "turnon", "entity": "WARNING_WHISTLE"}')}
2026-03-24 16:59:45,072 - DEBUG - CaseID: 71 - parse_multi_results输入 - name_str: 'device_control', args_str: '{"action":"turnon","entity":"WARNING_LAMP_WHISTLE"}'
2026-03-24 16:59:45,073 - DEBUG - CaseID: 71 - parse_multi_results输出: [{'name': 'device_control', 'args': {'action': 'turnon', 'entity': 'WARNING_LAMP_WHISTLE'}}]
2026-03-24 16:59:45,073 - DEBUG - CaseID: 71 - parse_multi_results输入 - name_str: 'device_control', args_str: '{"action":"turnon","entity":"WARNING_LAMP_WHISTLE"}'
2026-03-24 16:59:45,073 - DEBUG - CaseID: 71 - parse_multi_results输出: [{'name': 'device_control', 'args': {'action': 'turnon', 'entity': 'WARNING_LAMP_WHISTLE'}}]
2026-03-24 16:59:45,073 - DEBUG - CaseID: 71 - expected_results: [{'name': 'device_control', 'args': {'action': 'turnon', 'entity': 'WARNING_LAMP_WHISTLE'}}]
2026-03-24 16:59:45,073 - DEBUG - CaseID: 71 - actual_results: [{'name': 'device_control', 'args': {'action': 'turnon', 'entity': 'WARNING_LAMP_WHISTLE'}}]
2026-03-24 16:59:45,073 - DEBUG - CaseID: 71 - expected_keys: {('device_control', '{"action": "turnon", "entity": "WARNING_LAMP_WHISTLE"}')}
2026-03-24 16:59:45,073 - DEBUG - CaseID: 71 - actual_keys: {('device_control', '{"action": "turnon", "entity": "WARNING_LAMP_WHISTLE"}')}
2026-03-24 16:59:45,073 - DEBUG - CaseID: 72 - parse_multi_results输入 - name_str: 'device_control', args_str: '{"action":"turnon","entity":"WARNING_LAMP_WHISTLE"}'
2026-03-24 16:59:45,073 - DEBUG - CaseID: 72 - parse_multi_results输出: [{'name': 'device_control', 'args': {'action': 'turnon', 'entity': 'WARNING_LAMP_WHISTLE'}}]
2026-03-24 16:59:45,073 - DEBUG - CaseID: 72 - parse_multi_results输入 - name_str: 'device_control', args_str: '{"action":"turnon","entity":"WARNING_LAMP_WHISTLE"}'
2026-03-24 16:59:45,073 - DEBUG - CaseID: 72 - parse_multi_results输出: [{'name': 'device_control', 'args': {'action': 'turnon', 'entity': 'WARNING_LAMP_WHISTLE'}}]
2026-03-24 16:59:45,073 - DEBUG - CaseID: 72 - expected_results: [{'name': 'device_control', 'args': {'action': 'turnon', 'entity': 'WARNING_LAMP_WHISTLE'}}]
2026-03-24 16:59:45,073 - DEBUG - CaseID: 72 - actual_results: [{'name': 'device_control', 'args': {'action': 'turnon', 'entity': 'WARNING_LAMP_WHISTLE'}}]
2026-03-24 16:59:45,073 - DEBUG - CaseID: 72 - expected_keys: {('device_control', '{"action": "turnon", "entity": "WARNING_LAMP_WHISTLE"}')}
2026-03-24 16:59:45,073 - DEBUG - CaseID: 72 - actual_keys: {('device_control', '{"action": "turnon", "entity": "WARNING_LAMP_WHISTLE"}')}
2026-03-24 16:59:45,073 - DEBUG - CaseID: 73 - parse_multi_results输入 - name_str: 'device_control', args_str: '{"action":"turnon","entity":"WARNING_LAMP_WHISTLE"}'
2026-03-24 16:59:45,073 - DEBUG - CaseID: 73 - parse_multi_results输出: [{'name': 'device_control', 'args': {'action': 'turnon', 'entity': 'WARNING_LAMP_WHISTLE'}}]
2026-03-24 16:59:45,073 - DEBUG - CaseID: 73 - parse_multi_results输入 - name_str: 'device_control', args_str: '{"action":"turnon","entity":"WARNING_LAMP_WHISTLE"}'
2026-03-24 16:59:45,073 - DEBUG - CaseID: 73 - parse_multi_results输出: [{'name': 'device_control', 'args': {'action': 'turnon', 'entity': 'WARNING_LAMP_WHISTLE'}}]
2026-03-24 16:59:45,073 - DEBUG - CaseID: 73 - expected_results: [{'name': 'device_control', 'args': {'action': 'turnon', 'entity': 'WARNING_LAMP_WHISTLE'}}]
2026-03-24 16:59:45,073 - DEBUG - CaseID: 73 - actual_results: [{'name': 'device_control', 'args': {'action': 'turnon', 'entity': 'WARNING_LAMP_WHISTLE'}}]
2026-03-24 16:59:45,073 - DEBUG - CaseID: 73 - expected_keys: {('device_control', '{"action": "turnon", "entity": "WARNING_LAMP_WHISTLE"}')}
2026-03-24 16:59:45,073 - DEBUG - CaseID: 73 - actual_keys: {('device_control', '{"action": "turnon", "entity": "WARNING_LAMP_WHISTLE"}')}
2026-03-24 16:59:45,073 - DEBUG - CaseID: 74 - parse_multi_results输入 - name_str: 'device_control', args_str: '{"action":"turnon","entity":"AUTHORIZATION_DRIVING"}'
2026-03-24 16:59:45,073 - DEBUG - CaseID: 74 - parse_multi_results输出: [{'name': 'device_control', 'args': {'action': 'turnon', 'entity': 'AUTHORIZATION_DRIVING'}}]
2026-03-24 16:59:45,073 - DEBUG - CaseID: 74 - parse_multi_results输入 - name_str: 'device_control', args_str: '{"action":"turnon","entity":"AUTHORIZATION_DRIVING"}'
2026-03-24 16:59:45,073 - DEBUG - CaseID: 74 - parse_multi_results输出: [{'name': 'device_control', 'args': {'action': 'turnon', 'entity': 'AUTHORIZATION_DRIVING'}}]
2026-03-24 16:59:45,073 - DEBUG - CaseID: 74 - expected_results: [{'name': 'device_control', 'args': {'action': 'turnon', 'entity': 'AUTHORIZATION_DRIVING'}}]
2026-03-24 16:59:45,073 - DEBUG - CaseID: 74 - actual_results: [{'name': 'device_control', 'args': {'action': 'turnon', 'entity': 'AUTHORIZATION_DRIVING'}}]
2026-03-24 16:59:45,073 - DEBUG - CaseID: 74 - expected_keys: {('device_control', '{"action": "turnon", "entity": "AUTHORIZATION_DRIVING"}')}
2026-03-24 16:59:45,073 - DEBUG - CaseID: 74 - actual_keys: {('device_control', '{"action": "turnon", "entity": "AUTHORIZATION_DRIVING"}')}
2026-03-24 16:59:45,074 - DEBUG - CaseID: 75 - parse_multi_results输入 - name_str: 'device_control', args_str: '{"action":"turnon","entity":"AUTHORIZATION_DRIVING"}'
2026-03-24 16:59:45,074 - DEBUG - CaseID: 75 - parse_multi_results输出: [{'name': 'device_control', 'args': {'action': 'turnon', 'entity': 'AUTHORIZATION_DRIVING'}}]
2026-03-24 16:59:45,074 - DEBUG - CaseID: 75 - parse_multi_results输入 - name_str: 'device_control', args_str: '{"action":"turnon","entity":"AUTHORIZATION_DRIVING"}'
2026-03-24 16:59:45,074 - DEBUG - CaseID: 75 - parse_multi_results输出: [{'name': 'device_control', 'args': {'action': 'turnon', 'entity': 'AUTHORIZATION_DRIVING'}}]
2026-03-24 16:59:45,074 - DEBUG - CaseID: 75 - expected_results: [{'name': 'device_control', 'args': {'action': 'turnon', 'entity': 'AUTHORIZATION_DRIVING'}}]
2026-03-24 16:59:45,074 - DEBUG - CaseID: 75 - actual_results: [{'name': 'device_control', 'args': {'action': 'turnon', 'entity': 'AUTHORIZATION_DRIVING'}}]
2026-03-24 16:59:45,074 - DEBUG - CaseID: 75 - expected_keys: {('device_control', '{"action": "turnon", "entity": "AUTHORIZATION_DRIVING"}')}
2026-03-24 16:59:45,074 - DEBUG - CaseID: 75 - actual_keys: {('device_control', '{"action": "turnon", "entity": "AUTHORIZATION_DRIVING"}')}
2026-03-24 16:59:45,074 - DEBUG - CaseID: 76 - parse_multi_results输入 - name_str: 'device_control', args_str: '{"action":"turnon","entity":"AUTHORIZATION_DRIVING"}'
2026-03-24 16:59:45,074 - DEBUG - CaseID: 76 - parse_multi_results输出: [{'name': 'device_control', 'args': {'action': 'turnon', 'entity': 'AUTHORIZATION_DRIVING'}}]
2026-03-24 16:59:45,074 - DEBUG - CaseID: 76 - parse_multi_results输入 - name_str: 'device_control', args_str: '{"action":"turnon","entity":"AUTHORIZATION_DRIVING"}'
2026-03-24 16:59:45,074 - DEBUG - CaseID: 76 - parse_multi_results输出: [{'name': 'device_control', 'args': {'action': 'turnon', 'entity': 'AUTHORIZATION_DRIVING'}}]
2026-03-24 16:59:45,074 - DEBUG - CaseID: 76 - expected_results: [{'name': 'device_control', 'args': {'action': 'turnon', 'entity': 'AUTHORIZATION_DRIVING'}}]
2026-03-24 16:59:45,074 - DEBUG - CaseID: 76 - actual_results: [{'name': 'device_control', 'args': {'action': 'turnon', 'entity': 'AUTHORIZATION_DRIVING'}}]
2026-03-24 16:59:45,074 - DEBUG - CaseID: 76 - expected_keys: {('device_control', '{"action": "turnon", "entity": "AUTHORIZATION_DRIVING"}')}
2026-03-24 16:59:45,074 - DEBUG - CaseID: 76 - actual_keys: {('device_control', '{"action": "turnon", "entity": "AUTHORIZATION_DRIVING"}')}
2026-03-24 16:59:45,074 - DEBUG - CaseID: 77 - parse_multi_results输入 - name_str: 'device_control', args_str: '{"action":"turnon","function_option":"REFRIGERATION","entity":"REFRIGERATOR"}'
2026-03-24 16:59:45,074 - DEBUG - CaseID: 77 - parse_multi_results输出: [{'name': 'device_control', 'args': {'action': 'turnon', 'entity': 'REFRIGERATOR', 'function_option': 'REFRIGERATION'}}]
2026-03-24 16:59:45,074 - DEBUG - CaseID: 77 - parse_multi_results输入 - name_str: 'device_control', args_str: '{"action":"turnon","function_option":"REFRIGERATION","entity":"REFRIGERATOR"}'
2026-03-24 16:59:45,074 - DEBUG - CaseID: 77 - parse_multi_results输出: [{'name': 'device_control', 'args': {'action': 'turnon', 'entity': 'REFRIGERATOR', 'function_option': 'REFRIGERATION'}}]
2026-03-24 16:59:45,074 - DEBUG - CaseID: 77 - expected_results: [{'name': 'device_control', 'args': {'action': 'turnon', 'entity': 'REFRIGERATOR', 'function_option': 'REFRIGERATION'}}]
2026-03-24 16:59:45,074 - DEBUG - CaseID: 77 - actual_results: [{'name': 'device_control', 'args': {'action': 'turnon', 'entity': 'REFRIGERATOR', 'function_option': 'REFRIGERATION'}}]
2026-03-24 16:59:45,074 - DEBUG - CaseID: 77 - expected_keys: {('device_control', '{"action": "turnon", "entity": "REFRIGERATOR", "function_option": "REFRIGERATION"}')}
2026-03-24 16:59:45,074 - DEBUG - CaseID: 77 - actual_keys: {('device_control', '{"action": "turnon", "entity": "REFRIGERATOR", "function_option": "REFRIGERATION"}')}
2026-03-24 16:59:45,074 - DEBUG - CaseID: 78 - parse_multi_results输入 - name_str: 'device_control', args_str: '{"action":"turnon","function_option":"TEMPERATURE","entity":"REFRIGERATOR"}'
2026-03-24 16:59:45,074 - DEBUG - CaseID: 78 - parse_multi_results输出: [{'name': 'device_control', 'args': {'action': 'turnon', 'entity': 'REFRIGERATOR', 'function_option': 'TEMPERATURE'}}]
2026-03-24 16:59:45,074 - DEBUG - CaseID: 78 - parse_multi_results输入 - name_str: 'device_control', args_str: '{"action":"turnon","function_option":"TEMPERATURE","entity":"REFRIGERATOR"}'
2026-03-24 16:59:45,074 - DEBUG - CaseID: 78 - parse_multi_results输出: [{'name': 'device_control', 'args': {'action': 'turnon', 'entity': 'REFRIGERATOR', 'function_option': 'TEMPERATURE'}}]
2026-03-24 16:59:45,075 - DEBUG - CaseID: 78 - expected_results: [{'name': 'device_control', 'args': {'action': 'turnon', 'entity': 'REFRIGERATOR', 'function_option': 'TEMPERATURE'}}]
2026-03-24 16:59:45,075 - DEBUG - CaseID: 78 - actual_results: [{'name': 'device_control', 'args': {'action': 'turnon', 'entity': 'REFRIGERATOR', 'function_option': 'TEMPERATURE'}}]
2026-03-24 16:59:45,075 - DEBUG - CaseID: 78 - expected_keys: {('device_control', '{"action": "turnon", "entity": "REFRIGERATOR", "function_option": "TEMPERATURE"}')}
2026-03-24 16:59:45,075 - DEBUG - CaseID: 78 - actual_keys: {('device_control', '{"action": "turnon", "entity": "REFRIGERATOR", "function_option": "TEMPERATURE"}')}
2026-03-24 16:59:45,075 - DEBUG - CaseID: 79 - parse_multi_results输入 - name_str: 'device_control', args_str: '{"action":"turnon","entity":"REFRIGERATOR_DOOR"}'
2026-03-24 16:59:45,075 - DEBUG - CaseID: 79 - parse_multi_results输出: [{'name': 'device_control', 'args': {'action': 'turnon', 'entity': 'REFRIGERATOR_DOOR'}}]
2026-03-24 16:59:45,075 - DEBUG - CaseID: 79 - parse_multi_results输入 - name_str: 'device_control', args_str: '{"action":"turnon","entity":"REFRIGERATOR_DOOR"}'
2026-03-24 16:59:45,075 - DEBUG - CaseID: 79 - parse_multi_results输出: [{'name': 'device_control', 'args': {'action': 'turnon', 'entity': 'REFRIGERATOR_DOOR'}}]
2026-03-24 16:59:45,075 - DEBUG - CaseID: 79 - expected_results: [{'name': 'device_control', 'args': {'action': 'turnon', 'entity': 'REFRIGERATOR_DOOR'}}]
2026-03-24 16:59:45,075 - DEBUG - CaseID: 79 - actual_results: [{'name': 'device_control', 'args': {'action': 'turnon', 'entity': 'REFRIGERATOR_DOOR'}}]
2026-03-24 16:59:45,075 - DEBUG - CaseID: 79 - expected_keys: {('device_control', '{"action": "turnon", "entity": "REFRIGERATOR_DOOR"}')}
2026-03-24 16:59:45,075 - DEBUG - CaseID: 79 - actual_keys: {('device_control', '{"action": "turnon", "entity": "REFRIGERATOR_DOOR"}')}
2026-03-24 16:59:45,075 - DEBUG - CaseID: 80 - parse_multi_results输入 - name_str: 'device_control', args_str: '{"action":"turnoff","entity":"REFRIGERATOR_DOOR"}'
2026-03-24 16:59:45,075 - DEBUG - CaseID: 80 - parse_multi_results输出: [{'name': 'device_control', 'args': {'action': 'turnoff', 'entity': 'REFRIGERATOR_DOOR'}}]
2026-03-24 16:59:45,075 - DEBUG - CaseID: 80 - parse_multi_results输入 - name_str: 'device_control', args_str: '{"action":"turnoff","entity":"REFRIGERATOR_DOOR"}'
2026-03-24 16:59:45,075 - DEBUG - CaseID: 80 - parse_multi_results输出: [{'name': 'device_control', 'args': {'action': 'turnoff', 'entity': 'REFRIGERATOR_DOOR'}}]
2026-03-24 16:59:45,075 - DEBUG - CaseID: 80 - expected_results: [{'name': 'device_control', 'args': {'action': 'turnoff', 'entity': 'REFRIGERATOR_DOOR'}}]
2026-03-24 16:59:45,075 - DEBUG - CaseID: 80 - actual_results: [{'name': 'device_control', 'args': {'action': 'turnoff', 'entity': 'REFRIGERATOR_DOOR'}}]
2026-03-24 16:59:45,075 - DEBUG - CaseID: 80 - expected_keys: {('device_control', '{"action": "turnoff", "entity": "REFRIGERATOR_DOOR"}')}
2026-03-24 16:59:45,075 - DEBUG - CaseID: 80 - actual_keys: {('device_control', '{"action": "turnoff", "entity": "REFRIGERATOR_DOOR"}')}
2026-03-24 16:59:45,075 - DEBUG - CaseID: 81 - parse_multi_results输入 - name_str: 'device_control', args_str: '{"action":"turnon","entity":"REFRIGERATOR"}'
2026-03-24 16:59:45,075 - DEBUG - CaseID: 81 - parse_multi_results输出: [{'name': 'device_control', 'args': {'action': 'turnon', 'entity': 'REFRIGERATOR'}}]
2026-03-24 16:59:45,075 - DEBUG - CaseID: 81 - parse_multi_results输入 - name_str: 'device_control', args_str: '{"action":"unsupport"}'
2026-03-24 16:59:45,075 - DEBUG - CaseID: 81 - parse_multi_results输出: [{'name': 'device_control', 'args': {'action': 'unsupport'}}]
2026-03-24 16:59:45,075 - DEBUG - CaseID: 81 - expected_results: [{'name': 'device_control', 'args': {'action': 'turnon', 'entity': 'REFRIGERATOR'}}]
2026-03-24 16:59:45,075 - DEBUG - CaseID: 81 - actual_results: [{'name': 'device_control', 'args': {'action': 'unsupport'}}]
2026-03-24 16:59:45,075 - DEBUG - CaseID: 81 - expected_keys: {('device_control', '{"action": "turnon", "entity": "REFRIGERATOR"}')}
2026-03-24 16:59:45,075 - DEBUG - CaseID: 81 - actual_keys: {('device_control', '{"action": "unsupport"}')}
2026-03-24 16:59:45,075 - ERROR - CaseID: 81
实际结果缺少以下预期项：
  名称: device_control, 参数: {"action": "turnon", "entity": "REFRIGERATOR"}
实际结果多出以下非预期项：
  名称: device_control, 参数: {"action": "unsupport"}
2026-03-24 16:59:45,075 - DEBUG - CaseID: 82 - parse_multi_results输入 - name_str: 'device_control', args_str: '{"action":"turnoff","entity":"REFRIGERATOR"}'
2026-03-24 16:59:45,076 - DEBUG - CaseID: 82 - parse_multi_results输出: [{'name': 'device_control', 'args': {'action': 'turnoff', 'entity': 'REFRIGERATOR'}}]
2026-03-24 16:59:45,076 - DEBUG - CaseID: 82 - parse_multi_results输入 - name_str: 'device_control', args_str: '{"action":"turnoff","entity":"REFRIGERATOR"}'
2026-03-24 16:59:45,076 - DEBUG - CaseID: 82 - parse_multi_results输出: [{'name': 'device_control', 'args': {'action': 'turnoff', 'entity': 'REFRIGERATOR'}}]
2026-03-24 16:59:45,076 - DEBUG - CaseID: 82 - expected_results: [{'name': 'device_control', 'args': {'action': 'turnoff', 'entity': 'REFRIGERATOR'}}]
2026-03-24 16:59:45,076 - DEBUG - CaseID: 82 - actual_results: [{'name': 'device_control', 'args': {'action': 'turnoff', 'entity': 'REFRIGERATOR'}}]
2026-03-24 16:59:45,076 - DEBUG - CaseID: 82 - expected_keys: {('device_control', '{"action": "turnoff", "entity": "REFRIGERATOR"}')}
2026-03-24 16:59:45,076 - DEBUG - CaseID: 82 - actual_keys: {('device_control', '{"action": "turnoff", "entity": "REFRIGERATOR"}')}
2026-03-24 16:59:45,076 - DEBUG - CaseID: 83 - parse_multi_results输入 - name_str: 'charge_control', args_str: '{"action":"turnon","entity":"CHARGER"}'
2026-03-24 16:59:45,076 - DEBUG - CaseID: 83 - parse_multi_results输出: [{'name': 'charge_control', 'args': {'action': 'turnon', 'entity': 'CHARGER'}}]
2026-03-24 16:59:45,076 - DEBUG - CaseID: 83 - parse_multi_results输入 - name_str: 'charge_control', args_str: '{"action":"turnon","entity":"CHARGER"}'
2026-03-24 16:59:45,076 - DEBUG - CaseID: 83 - parse_multi_results输出: [{'name': 'charge_control', 'args': {'action': 'turnon', 'entity': 'CHARGER'}}]
2026-03-24 16:59:45,076 - DEBUG - CaseID: 83 - expected_results: [{'name': 'charge_control', 'args': {'action': 'turnon', 'entity': 'CHARGER'}}]
2026-03-24 16:59:45,076 - DEBUG - CaseID: 83 - actual_results: [{'name': 'charge_control', 'args': {'action': 'turnon', 'entity': 'CHARGER'}}]
2026-03-24 16:59:45,076 - DEBUG - CaseID: 83 - expected_keys: {('charge_control', '{"action": "turnon", "entity": "CHARGER"}')}
2026-03-24 16:59:45,076 - DEBUG - CaseID: 83 - actual_keys: {('charge_control', '{"action": "turnon", "entity": "CHARGER"}')}
2026-03-24 16:59:45,076 - DEBUG - CaseID: 84 - parse_multi_results输入 - name_str: 'charge_control', args_str: '{"action":"turnoff","entity":"CHARGER"}'
2026-03-24 16:59:45,076 - DEBUG - CaseID: 84 - parse_multi_results输出: [{'name': 'charge_control', 'args': {'action': 'turnoff', 'entity': 'CHARGER'}}]
2026-03-24 16:59:45,076 - DEBUG - CaseID: 84 - parse_multi_results输入 - name_str: 'charge_control', args_str: '{"action":"turnoff","entity":"CHARGER"}'
2026-03-24 16:59:45,076 - DEBUG - CaseID: 84 - parse_multi_results输出: [{'name': 'charge_control', 'args': {'action': 'turnoff', 'entity': 'CHARGER'}}]
2026-03-24 16:59:45,076 - DEBUG - CaseID: 84 - expected_results: [{'name': 'charge_control', 'args': {'action': 'turnoff', 'entity': 'CHARGER'}}]
2026-03-24 16:59:45,076 - DEBUG - CaseID: 84 - actual_results: [{'name': 'charge_control', 'args': {'action': 'turnoff', 'entity': 'CHARGER'}}]
2026-03-24 16:59:45,076 - DEBUG - CaseID: 84 - expected_keys: {('charge_control', '{"action": "turnoff", "entity": "CHARGER"}')}
2026-03-24 16:59:45,076 - DEBUG - CaseID: 84 - actual_keys: {('charge_control', '{"action": "turnoff", "entity": "CHARGER"}')}
2026-03-24 16:59:45,076 - DEBUG - CaseID: 85 - parse_multi_results输入 - name_str: 'device_control', args_str: '{"action":"turnon","entity":"AVM_CAPTION"}'
2026-03-24 16:59:45,076 - DEBUG - CaseID: 85 - parse_multi_results输出: [{'name': 'device_control', 'args': {'action': 'turnon', 'entity': 'AVM_CAPTION'}}]
2026-03-24 16:59:45,076 - DEBUG - CaseID: 85 - parse_multi_results输入 - name_str: 'device_control', args_str: '{"action":"turnon","entity":"AVM_CAPTION"}'
2026-03-24 16:59:45,076 - DEBUG - CaseID: 85 - parse_multi_results输出: [{'name': 'device_control', 'args': {'action': 'turnon', 'entity': 'AVM_CAPTION'}}]
2026-03-24 16:59:45,076 - DEBUG - CaseID: 85 - expected_results: [{'name': 'device_control', 'args': {'action': 'turnon', 'entity': 'AVM_CAPTION'}}]
2026-03-24 16:59:45,076 - DEBUG - CaseID: 85 - actual_results: [{'name': 'device_control', 'args': {'action': 'turnon', 'entity': 'AVM_CAPTION'}}]
2026-03-24 16:59:45,076 - DEBUG - CaseID: 85 - expected_keys: {('device_control', '{"action": "turnon", "entity": "AVM_CAPTION"}')}
2026-03-24 16:59:45,076 - DEBUG - CaseID: 85 - actual_keys: {('device_control', '{"action": "turnon", "entity": "AVM_CAPTION"}')}
2026-03-24 16:59:45,076 - DEBUG - CaseID: 86 - parse_multi_results输入 - name_str: 'device_control', args_str: ''
2026-03-24 16:59:45,077 - WARNING - CaseID: 86 - name和args数量不匹配（name:1个, args:0个），跳过该组对比
2026-03-24 16:59:45,077 - DEBUG - CaseID: 86 - parse_multi_results输出: []
2026-03-24 16:59:45,077 - DEBUG - CaseID: 86 - parse_multi_results输入 - name_str: '', args_str: ''
2026-03-24 16:59:45,077 - DEBUG - CaseID: 86 - parse_multi_results输出: []
2026-03-24 16:59:45,077 - DEBUG - CaseID: 86 - expected_results: []
2026-03-24 16:59:45,077 - DEBUG - CaseID: 86 - actual_results: []
2026-03-24 16:59:45,077 - DEBUG - CaseID: 86 - expected_keys: set()
2026-03-24 16:59:45,077 - DEBUG - CaseID: 86 - actual_keys: set()
2026-03-24 16:59:45,077 - DEBUG - CaseID: 87 - parse_multi_results输入 - name_str: 'device_control', args_str: '{"action":"turnon","entity":"GUARD_MODE"}'
2026-03-24 16:59:45,077 - DEBUG - CaseID: 87 - parse_multi_results输出: [{'name': 'device_control', 'args': {'action': 'turnon', 'entity': 'GUARD_MODE'}}]
2026-03-24 16:59:45,077 - DEBUG - CaseID: 87 - parse_multi_results输入 - name_str: 'device_control', args_str: '{"action":"turnon","entity":"GUARD_MODE"}'
2026-03-24 16:59:45,077 - DEBUG - CaseID: 87 - parse_multi_results输出: [{'name': 'device_control', 'args': {'action': 'turnon', 'entity': 'GUARD_MODE'}}]
2026-03-24 16:59:45,077 - DEBUG - CaseID: 87 - expected_results: [{'name': 'device_control', 'args': {'action': 'turnon', 'entity': 'GUARD_MODE'}}]
2026-03-24 16:59:45,077 - DEBUG - CaseID: 87 - actual_results: [{'name': 'device_control', 'args': {'action': 'turnon', 'entity': 'GUARD_MODE'}}]
2026-03-24 16:59:45,077 - DEBUG - CaseID: 87 - expected_keys: {('device_control', '{"action": "turnon", "entity": "GUARD_MODE"}')}
2026-03-24 16:59:45,077 - DEBUG - CaseID: 87 - actual_keys: {('device_control', '{"action": "turnon", "entity": "GUARD_MODE"}')}
2026-03-24 16:59:45,077 - DEBUG - CaseID: 88 - parse_multi_results输入 - name_str: 'device_control', args_str: '{"action":"turnon","entity":"GUARD_MODE"}'
2026-03-24 16:59:45,077 - DEBUG - CaseID: 88 - parse_multi_results输出: [{'name': 'device_control', 'args': {'action': 'turnon', 'entity': 'GUARD_MODE'}}]
2026-03-24 16:59:45,077 - DEBUG - CaseID: 88 - parse_multi_results输入 - name_str: 'device_control', args_str: '{"action":"turnon","entity":"GUARD_MODE"}'
2026-03-24 16:59:45,077 - DEBUG - CaseID: 88 - parse_multi_results输出: [{'name': 'device_control', 'args': {'action': 'turnon', 'entity': 'GUARD_MODE'}}]
2026-03-24 16:59:45,077 - DEBUG - CaseID: 88 - expected_results: [{'name': 'device_control', 'args': {'action': 'turnon', 'entity': 'GUARD_MODE'}}]
2026-03-24 16:59:45,077 - DEBUG - CaseID: 88 - actual_results: [{'name': 'device_control', 'args': {'action': 'turnon', 'entity': 'GUARD_MODE'}}]
2026-03-24 16:59:45,077 - DEBUG - CaseID: 88 - expected_keys: {('device_control', '{"action": "turnon", "entity": "GUARD_MODE"}')}
2026-03-24 16:59:45,077 - DEBUG - CaseID: 88 - actual_keys: {('device_control', '{"action": "turnon", "entity": "GUARD_MODE"}')}
2026-03-24 16:59:45,077 - DEBUG - CaseID: 89 - parse_multi_results输入 - name_str: 'device_control', args_str: '{"action":"turnoff","entity":"GUARD_MODE"}'
2026-03-24 16:59:45,077 - DEBUG - CaseID: 89 - parse_multi_results输出: [{'name': 'device_control', 'args': {'action': 'turnoff', 'entity': 'GUARD_MODE'}}]
2026-03-24 16:59:45,077 - DEBUG - CaseID: 89 - parse_multi_results输入 - name_str: 'device_control', args_str: '{"action":"turnoff","entity":"GUARD_MODE"}'
2026-03-24 16:59:45,077 - DEBUG - CaseID: 89 - parse_multi_results输出: [{'name': 'device_control', 'args': {'action': 'turnoff', 'entity': 'GUARD_MODE'}}]
2026-03-24 16:59:45,077 - DEBUG - CaseID: 89 - expected_results: [{'name': 'device_control', 'args': {'action': 'turnoff', 'entity': 'GUARD_MODE'}}]
2026-03-24 16:59:45,077 - DEBUG - CaseID: 89 - actual_results: [{'name': 'device_control', 'args': {'action': 'turnoff', 'entity': 'GUARD_MODE'}}]
2026-03-24 16:59:45,077 - DEBUG - CaseID: 89 - expected_keys: {('device_control', '{"action": "turnoff", "entity": "GUARD_MODE"}')}
2026-03-24 16:59:45,077 - DEBUG - CaseID: 89 - actual_keys: {('device_control', '{"action": "turnoff", "entity": "GUARD_MODE"}')}
2026-03-24 16:59:45,077 - DEBUG - CaseID: 90 - parse_multi_results输入 - name_str: 'charge_control', args_str: '{"action":"turnon","entity":"BATTERY_INSULATION"}'
2026-03-24 16:59:45,078 - DEBUG - CaseID: 90 - parse_multi_results输出: [{'name': 'charge_control', 'args': {'action': 'turnon', 'entity': 'BATTERY_INSULATION'}}]
2026-03-24 16:59:45,078 - DEBUG - CaseID: 90 - parse_multi_results输入 - name_str: 'charge_control', args_str: '{"action":"turnon","entity":"BATTERY_INSULATION"}'
2026-03-24 16:59:45,078 - DEBUG - CaseID: 90 - parse_multi_results输出: [{'name': 'charge_control', 'args': {'action': 'turnon', 'entity': 'BATTERY_INSULATION'}}]
2026-03-24 16:59:45,078 - DEBUG - CaseID: 90 - expected_results: [{'name': 'charge_control', 'args': {'action': 'turnon', 'entity': 'BATTERY_INSULATION'}}]
2026-03-24 16:59:45,078 - DEBUG - CaseID: 90 - actual_results: [{'name': 'charge_control', 'args': {'action': 'turnon', 'entity': 'BATTERY_INSULATION'}}]
2026-03-24 16:59:45,078 - DEBUG - CaseID: 90 - expected_keys: {('charge_control', '{"action": "turnon", "entity": "BATTERY_INSULATION"}')}
2026-03-24 16:59:45,078 - DEBUG - CaseID: 90 - actual_keys: {('charge_control', '{"action": "turnon", "entity": "BATTERY_INSULATION"}')}
2026-03-24 16:59:45,078 - DEBUG - CaseID: 91 - parse_multi_results输入 - name_str: 'charge_control', args_str: '{"action":"turnoff","entity":"BATTERY_INSULATION"}'
2026-03-24 16:59:45,078 - DEBUG - CaseID: 91 - parse_multi_results输出: [{'name': 'charge_control', 'args': {'action': 'turnoff', 'entity': 'BATTERY_INSULATION'}}]
2026-03-24 16:59:45,078 - DEBUG - CaseID: 91 - parse_multi_results输入 - name_str: 'charge_control', args_str: '{"action":"turnoff","entity":"BATTERY_INSULATION"}'
2026-03-24 16:59:45,078 - DEBUG - CaseID: 91 - parse_multi_results输出: [{'name': 'charge_control', 'args': {'action': 'turnoff', 'entity': 'BATTERY_INSULATION'}}]
2026-03-24 16:59:45,078 - DEBUG - CaseID: 91 - expected_results: [{'name': 'charge_control', 'args': {'action': 'turnoff', 'entity': 'BATTERY_INSULATION'}}]
2026-03-24 16:59:45,078 - DEBUG - CaseID: 91 - actual_results: [{'name': 'charge_control', 'args': {'action': 'turnoff', 'entity': 'BATTERY_INSULATION'}}]
2026-03-24 16:59:45,078 - DEBUG - CaseID: 91 - expected_keys: {('charge_control', '{"action": "turnoff", "entity": "BATTERY_INSULATION"}')}
2026-03-24 16:59:45,078 - DEBUG - CaseID: 91 - actual_keys: {('charge_control', '{"action": "turnoff", "entity": "BATTERY_INSULATION"}')}
2026-03-24 16:59:45,078 - DEBUG - CaseID: 92 - parse_multi_results输入 - name_str: 'device_control', args_str: '{"action":"query","entity":"CAR_DOOR_LOCK"}'
2026-03-24 16:59:45,078 - DEBUG - CaseID: 92 - parse_multi_results输出: [{'name': 'device_control', 'args': {'action': 'query', 'entity': 'CAR_DOOR_LOCK'}}]
2026-03-24 16:59:45,078 - DEBUG - CaseID: 92 - parse_multi_results输入 - name_str: 'device_control', args_str: '{"action":"query","entity":"CAR_DOOR_LOCK"}'
2026-03-24 16:59:45,078 - DEBUG - CaseID: 92 - parse_multi_results输出: [{'name': 'device_control', 'args': {'action': 'query', 'entity': 'CAR_DOOR_LOCK'}}]
2026-03-24 16:59:45,078 - DEBUG - CaseID: 92 - expected_results: [{'name': 'device_control', 'args': {'action': 'query', 'entity': 'CAR_DOOR_LOCK'}}]
2026-03-24 16:59:45,078 - DEBUG - CaseID: 92 - actual_results: [{'name': 'device_control', 'args': {'action': 'query', 'entity': 'CAR_DOOR_LOCK'}}]
2026-03-24 16:59:45,078 - DEBUG - CaseID: 92 - expected_keys: {('device_control', '{"action": "query", "entity": "CAR_DOOR_LOCK"}')}
2026-03-24 16:59:45,078 - DEBUG - CaseID: 92 - actual_keys: {('device_control', '{"action": "query", "entity": "CAR_DOOR_LOCK"}')}
2026-03-24 16:59:45,078 - DEBUG - CaseID: 93 - parse_multi_results输入 - name_str: 'device_control', args_str: '{"action":"query","entity":"WINDOW"}'
2026-03-24 16:59:45,078 - DEBUG - CaseID: 93 - parse_multi_results输出: [{'name': 'device_control', 'args': {'action': 'query', 'entity': 'WINDOW'}}]
2026-03-24 16:59:45,078 - DEBUG - CaseID: 93 - parse_multi_results输入 - name_str: 'device_control', args_str: '{"action":"query","entity":"WINDOW"}'
2026-03-24 16:59:45,078 - DEBUG - CaseID: 93 - parse_multi_results输出: [{'name': 'device_control', 'args': {'action': 'query', 'entity': 'WINDOW'}}]
2026-03-24 16:59:45,078 - DEBUG - CaseID: 93 - expected_results: [{'name': 'device_control', 'args': {'action': 'query', 'entity': 'WINDOW'}}]
2026-03-24 16:59:45,078 - DEBUG - CaseID: 93 - actual_results: [{'name': 'device_control', 'args': {'action': 'query', 'entity': 'WINDOW'}}]
2026-03-24 16:59:45,078 - DEBUG - CaseID: 93 - expected_keys: {('device_control', '{"action": "query", "entity": "WINDOW"}')}
2026-03-24 16:59:45,078 - DEBUG - CaseID: 93 - actual_keys: {('device_control', '{"action": "query", "entity": "WINDOW"}')}
2026-03-24 16:59:45,078 - DEBUG - CaseID: 94 - parse_multi_results输入 - name_str: 'device_control', args_str: '{"action":"query","entity":"TAIL_GATE"}'
2026-03-24 16:59:45,079 - DEBUG - CaseID: 94 - parse_multi_results输出: [{'name': 'device_control', 'args': {'action': 'query', 'entity': 'TAIL_GATE'}}]
2026-03-24 16:59:45,079 - DEBUG - CaseID: 94 - parse_multi_results输入 - name_str: 'device_control', args_str: '{"action":"query","entity":"TAIL_GATE"}'
2026-03-24 16:59:45,079 - DEBUG - CaseID: 94 - parse_multi_results输出: [{'name': 'device_control', 'args': {'action': 'query', 'entity': 'TAIL_GATE'}}]
2026-03-24 16:59:45,079 - DEBUG - CaseID: 94 - expected_results: [{'name': 'device_control', 'args': {'action': 'query', 'entity': 'TAIL_GATE'}}]
2026-03-24 16:59:45,079 - DEBUG - CaseID: 94 - actual_results: [{'name': 'device_control', 'args': {'action': 'query', 'entity': 'TAIL_GATE'}}]
2026-03-24 16:59:45,079 - DEBUG - CaseID: 94 - expected_keys: {('device_control', '{"action": "query", "entity": "TAIL_GATE"}')}
2026-03-24 16:59:45,079 - DEBUG - CaseID: 94 - actual_keys: {('device_control', '{"action": "query", "entity": "TAIL_GATE"}')}
2026-03-24 16:59:45,079 - DEBUG - CaseID: 95 - parse_multi_results输入 - name_str: 'device_control', args_str: '{"action":"query","entity":"CAR_DOOR"}'
2026-03-24 16:59:45,079 - DEBUG - CaseID: 95 - parse_multi_results输出: [{'name': 'device_control', 'args': {'action': 'query', 'entity': 'CAR_DOOR'}}]
2026-03-24 16:59:45,079 - DEBUG - CaseID: 95 - parse_multi_results输入 - name_str: 'device_control', args_str: '{"action":"query","entity":"CAR_DOOR"}'
2026-03-24 16:59:45,079 - DEBUG - CaseID: 95 - parse_multi_results输出: [{'name': 'device_control', 'args': {'action': 'query', 'entity': 'CAR_DOOR'}}]
2026-03-24 16:59:45,079 - DEBUG - CaseID: 95 - expected_results: [{'name': 'device_control', 'args': {'action': 'query', 'entity': 'CAR_DOOR'}}]
2026-03-24 16:59:45,079 - DEBUG - CaseID: 95 - actual_results: [{'name': 'device_control', 'args': {'action': 'query', 'entity': 'CAR_DOOR'}}]
2026-03-24 16:59:45,079 - DEBUG - CaseID: 95 - expected_keys: {('device_control', '{"action": "query", "entity": "CAR_DOOR"}')}
2026-03-24 16:59:45,079 - DEBUG - CaseID: 95 - actual_keys: {('device_control', '{"action": "query", "entity": "CAR_DOOR"}')}
2026-03-24 16:59:45,079 - DEBUG - CaseID: 96 - parse_multi_results输入 - name_str: 'device_control', args_str: '{"action":"query","entity":"CHARGE_REMAINING","device":"vehicle"}'
2026-03-24 16:59:45,079 - DEBUG - CaseID: 96 - parse_multi_results输出: [{'name': 'device_control', 'args': {'action': 'query', 'device': 'vehicle', 'entity': 'CHARGE_REMAINING'}}]
2026-03-24 16:59:45,079 - DEBUG - CaseID: 96 - parse_multi_results输入 - name_str: 'device_control', args_str: '{"action":"query","device":"vehicle","entity":"CHARGE_REMAINING"}'
2026-03-24 16:59:45,079 - DEBUG - CaseID: 96 - parse_multi_results输出: [{'name': 'device_control', 'args': {'action': 'query', 'device': 'vehicle', 'entity': 'CHARGE_REMAINING'}}]
2026-03-24 16:59:45,079 - DEBUG - CaseID: 96 - expected_results: [{'name': 'device_control', 'args': {'action': 'query', 'device': 'vehicle', 'entity': 'CHARGE_REMAINING'}}]
2026-03-24 16:59:45,079 - DEBUG - CaseID: 96 - actual_results: [{'name': 'device_control', 'args': {'action': 'query', 'device': 'vehicle', 'entity': 'CHARGE_REMAINING'}}]
2026-03-24 16:59:45,079 - DEBUG - CaseID: 96 - expected_keys: {('device_control', '{"action": "query", "device": "vehicle", "entity": "CHARGE_REMAINING"}')}
2026-03-24 16:59:45,079 - DEBUG - CaseID: 96 - actual_keys: {('device_control', '{"action": "query", "device": "vehicle", "entity": "CHARGE_REMAINING"}')}
2026-03-24 16:59:45,079 - DEBUG - CaseID: 97 - parse_multi_results输入 - name_str: 'device_control', args_str: '{"action":"query","entity":"CHARGE_REMAINING","device":"vehicle"}'
2026-03-24 16:59:45,079 - DEBUG - CaseID: 97 - parse_multi_results输出: [{'name': 'device_control', 'args': {'action': 'query', 'device': 'vehicle', 'entity': 'CHARGE_REMAINING'}}]
2026-03-24 16:59:45,079 - DEBUG - CaseID: 97 - parse_multi_results输入 - name_str: 'device_control', args_str: '{"action":"query","device":"vehicle","entity":"CHARGE_REMAINING"}'
2026-03-24 16:59:45,079 - DEBUG - CaseID: 97 - parse_multi_results输出: [{'name': 'device_control', 'args': {'action': 'query', 'device': 'vehicle', 'entity': 'CHARGE_REMAINING'}}]
2026-03-24 16:59:45,079 - DEBUG - CaseID: 97 - expected_results: [{'name': 'device_control', 'args': {'action': 'query', 'device': 'vehicle', 'entity': 'CHARGE_REMAINING'}}]
2026-03-24 16:59:45,079 - DEBUG - CaseID: 97 - actual_results: [{'name': 'device_control', 'args': {'action': 'query', 'device': 'vehicle', 'entity': 'CHARGE_REMAINING'}}]
2026-03-24 16:59:45,079 - DEBUG - CaseID: 97 - expected_keys: {('device_control', '{"action": "query", "device": "vehicle", "entity": "CHARGE_REMAINING"}')}
2026-03-24 16:59:45,079 - DEBUG - CaseID: 97 - actual_keys: {('device_control', '{"action": "query", "device": "vehicle", "entity": "CHARGE_REMAINING"}')}
2026-03-24 16:59:45,079 - DEBUG - CaseID: 98 - parse_multi_results输入 - name_str: 'device_control', args_str: '{"action":"query","entity":"TEMPERATURE_INSIDE"}'
2026-03-24 16:59:45,080 - DEBUG - CaseID: 98 - parse_multi_results输出: [{'name': 'device_control', 'args': {'action': 'query', 'entity': 'TEMPERATURE_INSIDE'}}]
2026-03-24 16:59:45,080 - DEBUG - CaseID: 98 - parse_multi_results输入 - name_str: 'device_control', args_str: '{"action":"query","entity":"TEMPERATURE_INSIDE"}'
2026-03-24 16:59:45,080 - DEBUG - CaseID: 98 - parse_multi_results输出: [{'name': 'device_control', 'args': {'action': 'query', 'entity': 'TEMPERATURE_INSIDE'}}]
2026-03-24 16:59:45,080 - DEBUG - CaseID: 98 - expected_results: [{'name': 'device_control', 'args': {'action': 'query', 'entity': 'TEMPERATURE_INSIDE'}}]
2026-03-24 16:59:45,080 - DEBUG - CaseID: 98 - actual_results: [{'name': 'device_control', 'args': {'action': 'query', 'entity': 'TEMPERATURE_INSIDE'}}]
2026-03-24 16:59:45,080 - DEBUG - CaseID: 98 - expected_keys: {('device_control', '{"action": "query", "entity": "TEMPERATURE_INSIDE"}')}
2026-03-24 16:59:45,080 - DEBUG - CaseID: 98 - actual_keys: {('device_control', '{"action": "query", "entity": "TEMPERATURE_INSIDE"}')}
2026-03-24 16:59:45,080 - DEBUG - CaseID: 99 - parse_multi_results输入 - name_str: 'device_control', args_str: '{"action":"query","function_option":"PM2.5","entity":"AIR_QUALITY"}'
2026-03-24 16:59:45,080 - DEBUG - CaseID: 99 - parse_multi_results输出: [{'name': 'device_control', 'args': {'action': 'query', 'entity': 'AIR_QUALITY', 'function_option': 'PM2.5'}}]
2026-03-24 16:59:45,080 - DEBUG - CaseID: 99 - parse_multi_results输入 - name_str: 'device_control', args_str: '{"action":"query","function_option":"PM2.5","entity":"AIR_QUALITY"}'
2026-03-24 16:59:45,080 - DEBUG - CaseID: 99 - parse_multi_results输出: [{'name': 'device_control', 'args': {'action': 'query', 'entity': 'AIR_QUALITY', 'function_option': 'PM2.5'}}]
2026-03-24 16:59:45,080 - DEBUG - CaseID: 99 - expected_results: [{'name': 'device_control', 'args': {'action': 'query', 'entity': 'AIR_QUALITY', 'function_option': 'PM2.5'}}]
2026-03-24 16:59:45,080 - DEBUG - CaseID: 99 - actual_results: [{'name': 'device_control', 'args': {'action': 'query', 'entity': 'AIR_QUALITY', 'function_option': 'PM2.5'}}]
2026-03-24 16:59:45,080 - DEBUG - CaseID: 99 - expected_keys: {('device_control', '{"action": "query", "entity": "AIR_QUALITY", "function_option": "PM2.5"}')}
2026-03-24 16:59:45,080 - DEBUG - CaseID: 99 - actual_keys: {('device_control', '{"action": "query", "entity": "AIR_QUALITY", "function_option": "PM2.5"}')}
2026-03-24 16:59:45,080 - DEBUG - CaseID: 100 - parse_multi_results输入 - name_str: 'device_control', args_str: '{"action":"query","function_option":"PM2.5","entity":"AIR_QUALITY"}'
2026-03-24 16:59:45,080 - DEBUG - CaseID: 100 - parse_multi_results输出: [{'name': 'device_control', 'args': {'action': 'query', 'entity': 'AIR_QUALITY', 'function_option': 'PM2.5'}}]
2026-03-24 16:59:45,080 - DEBUG - CaseID: 100 - parse_multi_results输入 - name_str: 'device_control', args_str: '{"action":"query","function_option":"PM2.5","entity":"AIR_QUALITY"}'
2026-03-24 16:59:45,080 - DEBUG - CaseID: 100 - parse_multi_results输出: [{'name': 'device_control', 'args': {'action': 'query', 'entity': 'AIR_QUALITY', 'function_option': 'PM2.5'}}]
2026-03-24 16:59:45,080 - DEBUG - CaseID: 100 - expected_results: [{'name': 'device_control', 'args': {'action': 'query', 'entity': 'AIR_QUALITY', 'function_option': 'PM2.5'}}]
2026-03-24 16:59:45,080 - DEBUG - CaseID: 100 - actual_results: [{'name': 'device_control', 'args': {'action': 'query', 'entity': 'AIR_QUALITY', 'function_option': 'PM2.5'}}]
2026-03-24 16:59:45,080 - DEBUG - CaseID: 100 - expected_keys: {('device_control', '{"action": "query", "entity": "AIR_QUALITY", "function_option": "PM2.5"}')}
2026-03-24 16:59:45,080 - DEBUG - CaseID: 100 - actual_keys: {('device_control', '{"action": "query", "entity": "AIR_QUALITY", "function_option": "PM2.5"}')}
2026-03-24 16:59:45,080 - DEBUG - CaseID: 101 - parse_multi_results输入 - name_str: 'device_control', args_str: '{"action":"query","entity":"TEMPERATURE_REFRIGERATOR"}'
2026-03-24 16:59:45,080 - DEBUG - CaseID: 101 - parse_multi_results输出: [{'name': 'device_control', 'args': {'action': 'query', 'entity': 'TEMPERATURE_REFRIGERATOR'}}]
2026-03-24 16:59:45,080 - DEBUG - CaseID: 101 - parse_multi_results输入 - name_str: 'device_control', args_str: '{"action":"query","entity":"TEMPERATURE_REFRIGERATOR"}'
2026-03-24 16:59:45,080 - DEBUG - CaseID: 101 - parse_multi_results输出: [{'name': 'device_control', 'args': {'action': 'query', 'entity': 'TEMPERATURE_REFRIGERATOR'}}]
2026-03-24 16:59:45,080 - DEBUG - CaseID: 101 - expected_results: [{'name': 'device_control', 'args': {'action': 'query', 'entity': 'TEMPERATURE_REFRIGERATOR'}}]
2026-03-24 16:59:45,080 - DEBUG - CaseID: 101 - actual_results: [{'name': 'device_control', 'args': {'action': 'query', 'entity': 'TEMPERATURE_REFRIGERATOR'}}]
2026-03-24 16:59:45,080 - DEBUG - CaseID: 101 - expected_keys: {('device_control', '{"action": "query", "entity": "TEMPERATURE_REFRIGERATOR"}')}
2026-03-24 16:59:45,080 - DEBUG - CaseID: 101 - actual_keys: {('device_control', '{"action": "query", "entity": "TEMPERATURE_REFRIGERATOR"}')}
2026-03-24 16:59:45,081 - DEBUG - CaseID: 102 - parse_multi_results输入 - name_str: 'device_control', args_str: '{"action":"query","entity":"TEMPERATURE_REFRIGERATOR"}'
2026-03-24 16:59:45,081 - DEBUG - CaseID: 102 - parse_multi_results输出: [{'name': 'device_control', 'args': {'action': 'query', 'entity': 'TEMPERATURE_REFRIGERATOR'}}]
2026-03-24 16:59:45,081 - DEBUG - CaseID: 102 - parse_multi_results输入 - name_str: 'device_control', args_str: '{"action":"query","entity":"TEMPERATURE_REFRIGERATOR"}'
2026-03-24 16:59:45,081 - DEBUG - CaseID: 102 - parse_multi_results输出: [{'name': 'device_control', 'args': {'action': 'query', 'entity': 'TEMPERATURE_REFRIGERATOR'}}]
2026-03-24 16:59:45,081 - DEBUG - CaseID: 102 - expected_results: [{'name': 'device_control', 'args': {'action': 'query', 'entity': 'TEMPERATURE_REFRIGERATOR'}}]
2026-03-24 16:59:45,081 - DEBUG - CaseID: 102 - actual_results: [{'name': 'device_control', 'args': {'action': 'query', 'entity': 'TEMPERATURE_REFRIGERATOR'}}]
2026-03-24 16:59:45,081 - DEBUG - CaseID: 102 - expected_keys: {('device_control', '{"action": "query", "entity": "TEMPERATURE_REFRIGERATOR"}')}
2026-03-24 16:59:45,081 - DEBUG - CaseID: 102 - actual_keys: {('device_control', '{"action": "query", "entity": "TEMPERATURE_REFRIGERATOR"}')}
2026-03-24 16:59:45,081 - DEBUG - CaseID: 103 - parse_multi_results输入 - name_str: 'device_control', args_str: '{"action":"query","entity":"ELECTRICITY_REMAINING","device":"vehicle"}'
2026-03-24 16:59:45,081 - DEBUG - CaseID: 103 - parse_multi_results输出: [{'name': 'device_control', 'args': {'action': 'query', 'device': 'vehicle', 'entity': 'ELECTRICITY_REMAINING'}}]
2026-03-24 16:59:45,081 - DEBUG - CaseID: 103 - parse_multi_results输入 - name_str: 'device_control', args_str: '{"action":"query","device":"vehicle","entity":"ELECTRICITY_REMAINING"}'
2026-03-24 16:59:45,081 - DEBUG - CaseID: 103 - parse_multi_results输出: [{'name': 'device_control', 'args': {'action': 'query', 'device': 'vehicle', 'entity': 'ELECTRICITY_REMAINING'}}]
2026-03-24 16:59:45,081 - DEBUG - CaseID: 103 - expected_results: [{'name': 'device_control', 'args': {'action': 'query', 'device': 'vehicle', 'entity': 'ELECTRICITY_REMAINING'}}]
2026-03-24 16:59:45,081 - DEBUG - CaseID: 103 - actual_results: [{'name': 'device_control', 'args': {'action': 'query', 'device': 'vehicle', 'entity': 'ELECTRICITY_REMAINING'}}]
2026-03-24 16:59:45,081 - DEBUG - CaseID: 103 - expected_keys: {('device_control', '{"action": "query", "device": "vehicle", "entity": "ELECTRICITY_REMAINING"}')}
2026-03-24 16:59:45,081 - DEBUG - CaseID: 103 - actual_keys: {('device_control', '{"action": "query", "device": "vehicle", "entity": "ELECTRICITY_REMAINING"}')}
2026-03-24 16:59:45,081 - DEBUG - CaseID: 104 - parse_multi_results输入 - name_str: 'device_control', args_str: '{"action":"query","entity":"OIL_REMAINING"}'
2026-03-24 16:59:45,081 - DEBUG - CaseID: 104 - parse_multi_results输出: [{'name': 'device_control', 'args': {'action': 'query', 'entity': 'OIL_REMAINING'}}]
2026-03-24 16:59:45,081 - DEBUG - CaseID: 104 - parse_multi_results输入 - name_str: 'device_control', args_str: '{"action":"query","entity":"OIL_REMAINING"}'
2026-03-24 16:59:45,081 - DEBUG - CaseID: 104 - parse_multi_results输出: [{'name': 'device_control', 'args': {'action': 'query', 'entity': 'OIL_REMAINING'}}]
2026-03-24 16:59:45,081 - DEBUG - CaseID: 104 - expected_results: [{'name': 'device_control', 'args': {'action': 'query', 'entity': 'OIL_REMAINING'}}]
2026-03-24 16:59:45,081 - DEBUG - CaseID: 104 - actual_results: [{'name': 'device_control', 'args': {'action': 'query', 'entity': 'OIL_REMAINING'}}]
2026-03-24 16:59:45,081 - DEBUG - CaseID: 104 - expected_keys: {('device_control', '{"action": "query", "entity": "OIL_REMAINING"}')}
2026-03-24 16:59:45,081 - DEBUG - CaseID: 104 - actual_keys: {('device_control', '{"action": "query", "entity": "OIL_REMAINING"}')}
2026-03-24 16:59:45,081 - DEBUG - CaseID: 105 - parse_multi_results输入 - name_str: 'device_control', args_str: '{"action":"query","entity":"ENDURANCE_REMAINING","device":"vehicle"}'
2026-03-24 16:59:45,081 - DEBUG - CaseID: 105 - parse_multi_results输出: [{'name': 'device_control', 'args': {'action': 'query', 'device': 'vehicle', 'entity': 'ENDURANCE_REMAINING'}}]
2026-03-24 16:59:45,081 - DEBUG - CaseID: 105 - parse_multi_results输入 - name_str: 'device_control', args_str: '{"action":"query","device":"vehicle","entity":"ENDURANCE_REMAINING"}'
2026-03-24 16:59:45,081 - DEBUG - CaseID: 105 - parse_multi_results输出: [{'name': 'device_control', 'args': {'action': 'query', 'device': 'vehicle', 'entity': 'ENDURANCE_REMAINING'}}]
2026-03-24 16:59:45,081 - DEBUG - CaseID: 105 - expected_results: [{'name': 'device_control', 'args': {'action': 'query', 'device': 'vehicle', 'entity': 'ENDURANCE_REMAINING'}}]
2026-03-24 16:59:45,081 - DEBUG - CaseID: 105 - actual_results: [{'name': 'device_control', 'args': {'action': 'query', 'device': 'vehicle', 'entity': 'ENDURANCE_REMAINING'}}]
2026-03-24 16:59:45,081 - DEBUG - CaseID: 105 - expected_keys: {('device_control', '{"action": "query", "device": "vehicle", "entity": "ENDURANCE_REMAINING"}')}
2026-03-24 16:59:45,081 - DEBUG - CaseID: 105 - actual_keys: {('device_control', '{"action": "query", "device": "vehicle", "entity": "ENDURANCE_REMAINING"}')}
2026-03-24 16:59:45,082 - DEBUG - CaseID: 106 - parse_multi_results输入 - name_str: 'device_control', args_str: '{"action":"query","device":"vehicle","entity":"ENDURANCE_REMAINING"}'
2026-03-24 16:59:45,082 - DEBUG - CaseID: 106 - parse_multi_results输出: [{'name': 'device_control', 'args': {'action': 'query', 'device': 'vehicle', 'entity': 'ENDURANCE_REMAINING'}}]
2026-03-24 16:59:45,082 - DEBUG - CaseID: 106 - parse_multi_results输入 - name_str: 'device_control', args_str: '{"action":"query","device":"vehicle","entity":"ENDURANCE_REMAINING"}'
2026-03-24 16:59:45,082 - DEBUG - CaseID: 106 - parse_multi_results输出: [{'name': 'device_control', 'args': {'action': 'query', 'device': 'vehicle', 'entity': 'ENDURANCE_REMAINING'}}]
2026-03-24 16:59:45,082 - DEBUG - CaseID: 106 - expected_results: [{'name': 'device_control', 'args': {'action': 'query', 'device': 'vehicle', 'entity': 'ENDURANCE_REMAINING'}}]
2026-03-24 16:59:45,082 - DEBUG - CaseID: 106 - actual_results: [{'name': 'device_control', 'args': {'action': 'query', 'device': 'vehicle', 'entity': 'ENDURANCE_REMAINING'}}]
2026-03-24 16:59:45,082 - DEBUG - CaseID: 106 - expected_keys: {('device_control', '{"action": "query", "device": "vehicle", "entity": "ENDURANCE_REMAINING"}')}
2026-03-24 16:59:45,082 - DEBUG - CaseID: 106 - actual_keys: {('device_control', '{"action": "query", "device": "vehicle", "entity": "ENDURANCE_REMAINING"}')}
2026-03-24 16:59:45,082 - DEBUG - CaseID: 107 - parse_multi_results输入 - name_str: 'device_control', args_str: '{"action":"query","entity":"ENDURANCE_REMAINING"}'
2026-03-24 16:59:45,082 - DEBUG - CaseID: 107 - parse_multi_results输出: [{'name': 'device_control', 'args': {'action': 'query', 'entity': 'ENDURANCE_REMAINING'}}]
2026-03-24 16:59:45,082 - DEBUG - CaseID: 107 - parse_multi_results输入 - name_str: 'device_control', args_str: '{"action":"query","entity":"ENDURANCE_REMAINING"}'
2026-03-24 16:59:45,082 - DEBUG - CaseID: 107 - parse_multi_results输出: [{'name': 'device_control', 'args': {'action': 'query', 'entity': 'ENDURANCE_REMAINING'}}]
2026-03-24 16:59:45,082 - DEBUG - CaseID: 107 - expected_results: [{'name': 'device_control', 'args': {'action': 'query', 'entity': 'ENDURANCE_REMAINING'}}]
2026-03-24 16:59:45,082 - DEBUG - CaseID: 107 - actual_results: [{'name': 'device_control', 'args': {'action': 'query', 'entity': 'ENDURANCE_REMAINING'}}]
2026-03-24 16:59:45,082 - DEBUG - CaseID: 107 - expected_keys: {('device_control', '{"action": "query", "entity": "ENDURANCE_REMAINING"}')}
2026-03-24 16:59:45,082 - DEBUG - CaseID: 107 - actual_keys: {('device_control', '{"action": "query", "entity": "ENDURANCE_REMAINING"}')}
2026-03-24 16:59:45,082 - DEBUG - CaseID: 108 - parse_multi_results输入 - name_str: 'device_control', args_str: '{"action":"query","entity":"TIRE_PRESSURE"}'
2026-03-24 16:59:45,082 - DEBUG - CaseID: 108 - parse_multi_results输出: [{'name': 'device_control', 'args': {'action': 'query', 'entity': 'TIRE_PRESSURE'}}]
2026-03-24 16:59:45,082 - DEBUG - CaseID: 108 - parse_multi_results输入 - name_str: 'device_control', args_str: '{"action":"query","entity":"TIRE_PRESSURE"}'
2026-03-24 16:59:45,082 - DEBUG - CaseID: 108 - parse_multi_results输出: [{'name': 'device_control', 'args': {'action': 'query', 'entity': 'TIRE_PRESSURE'}}]
2026-03-24 16:59:45,082 - DEBUG - CaseID: 108 - expected_results: [{'name': 'device_control', 'args': {'action': 'query', 'entity': 'TIRE_PRESSURE'}}]
2026-03-24 16:59:45,082 - DEBUG - CaseID: 108 - actual_results: [{'name': 'device_control', 'args': {'action': 'query', 'entity': 'TIRE_PRESSURE'}}]
2026-03-24 16:59:45,082 - DEBUG - CaseID: 108 - expected_keys: {('device_control', '{"action": "query", "entity": "TIRE_PRESSURE"}')}
2026-03-24 16:59:45,082 - DEBUG - CaseID: 108 - actual_keys: {('device_control', '{"action": "query", "entity": "TIRE_PRESSURE"}')}
2026-03-24 16:59:45,082 - DEBUG - CaseID: 109 - parse_multi_results输入 - name_str: 'device_control', args_str: '{"action":"query","entity":"TIRE_PRESSURE","position":"FRONT_LEFT"}'
2026-03-24 16:59:45,082 - DEBUG - CaseID: 109 - parse_multi_results输出: [{'name': 'device_control', 'args': {'action': 'query', 'entity': 'TIRE_PRESSURE', 'position': 'FRONT_LEFT'}}]
2026-03-24 16:59:45,082 - DEBUG - CaseID: 109 - parse_multi_results输入 - name_str: 'device_control', args_str: '{"action":"query","position":"FRONT_LEFT","entity":"TIRE_PRESSURE"}'
2026-03-24 16:59:45,082 - DEBUG - CaseID: 109 - parse_multi_results输出: [{'name': 'device_control', 'args': {'action': 'query', 'entity': 'TIRE_PRESSURE', 'position': 'FRONT_LEFT'}}]
2026-03-24 16:59:45,082 - DEBUG - CaseID: 109 - expected_results: [{'name': 'device_control', 'args': {'action': 'query', 'entity': 'TIRE_PRESSURE', 'position': 'FRONT_LEFT'}}]
2026-03-24 16:59:45,082 - DEBUG - CaseID: 109 - actual_results: [{'name': 'device_control', 'args': {'action': 'query', 'entity': 'TIRE_PRESSURE', 'position': 'FRONT_LEFT'}}]
2026-03-24 16:59:45,082 - DEBUG - CaseID: 109 - expected_keys: {('device_control', '{"action": "query", "entity": "TIRE_PRESSURE", "position": "FRONT_LEFT"}')}
2026-03-24 16:59:45,082 - DEBUG - CaseID: 109 - actual_keys: {('device_control', '{"action": "query", "entity": "TIRE_PRESSURE", "position": "FRONT_LEFT"}')}
2026-03-24 16:59:45,083 - DEBUG - CaseID: 110 - parse_multi_results输入 - name_str: 'device_control', args_str: '{"action":"query","entity":"VEHICLE_MILEAGE"}'
2026-03-24 16:59:45,083 - DEBUG - CaseID: 110 - parse_multi_results输出: [{'name': 'device_control', 'args': {'action': 'query', 'entity': 'VEHICLE_MILEAGE'}}]
2026-03-24 16:59:45,083 - DEBUG - CaseID: 110 - parse_multi_results输入 - name_str: 'device_control', args_str: '{"action":"query","entity":"VEHICLE_MILEAGE"}'
2026-03-24 16:59:45,083 - DEBUG - CaseID: 110 - parse_multi_results输出: [{'name': 'device_control', 'args': {'action': 'query', 'entity': 'VEHICLE_MILEAGE'}}]
2026-03-24 16:59:45,083 - DEBUG - CaseID: 110 - expected_results: [{'name': 'device_control', 'args': {'action': 'query', 'entity': 'VEHICLE_MILEAGE'}}]
2026-03-24 16:59:45,083 - DEBUG - CaseID: 110 - actual_results: [{'name': 'device_control', 'args': {'action': 'query', 'entity': 'VEHICLE_MILEAGE'}}]
2026-03-24 16:59:45,083 - DEBUG - CaseID: 110 - expected_keys: {('device_control', '{"action": "query", "entity": "VEHICLE_MILEAGE"}')}
2026-03-24 16:59:45,083 - DEBUG - CaseID: 110 - actual_keys: {('device_control', '{"action": "query", "entity": "VEHICLE_MILEAGE"}')}
2026-03-24 16:59:45,083 - DEBUG - CaseID: 111 - parse_multi_results输入 - name_str: 'device_control', args_str: '{"action":"query","entity":"VEHICLE_MILEAGE"}'
2026-03-24 16:59:45,083 - DEBUG - CaseID: 111 - parse_multi_results输出: [{'name': 'device_control', 'args': {'action': 'query', 'entity': 'VEHICLE_MILEAGE'}}]
2026-03-24 16:59:45,083 - DEBUG - CaseID: 111 - parse_multi_results输入 - name_str: 'glassessearch', args_str: '{"query":"您晨跑了多少","tag":"晨跑&距离","category":"产品知识"}'
2026-03-24 16:59:45,083 - ERROR - CaseID: 111 - JSON解析失败!
2026-03-24 16:59:45,083 - ERROR -   错误信息: Unterminated string starting at: line 1 column 25 (char 24)
2026-03-24 16:59:45,083 - ERROR -   原始字符串: '{"query":"您晨跑了多少","tag":"晨跑'
2026-03-24 16:59:45,083 - ERROR -   清理后字符串: '{"query":"您晨跑了多少","tag":"晨跑'
2026-03-24 16:59:45,083 - ERROR -   错误位置(col 25): '少","tag":"晨跑'
2026-03-24 16:59:45,083 - ERROR -   问题字符: '"' (Unicode: U+0022)
2026-03-24 16:59:45,083 - ERROR - CaseID: 111 - JSON解析失败!
2026-03-24 16:59:45,083 - ERROR -   错误信息: Expecting value: line 1 column 1 (char 0)
2026-03-24 16:59:45,083 - ERROR -   原始字符串: '距离","category":"产品知识"}'
2026-03-24 16:59:45,083 - ERROR -   清理后字符串: '距离","category":"产品知识"}'
2026-03-24 16:59:45,083 - ERROR -   错误位置(col 1): '距离","catego'
2026-03-24 16:59:45,083 - ERROR -   问题字符: '距' (Unicode: U+8DDD)
2026-03-24 16:59:45,083 - WARNING - CaseID: 111 - name和args数量不匹配（name:1个, args:0个），跳过该组对比
2026-03-24 16:59:45,083 - DEBUG - CaseID: 111 - parse_multi_results输出: []
2026-03-24 16:59:45,083 - DEBUG - CaseID: 111 - expected_results: [{'name': 'device_control', 'args': {'action': 'query', 'entity': 'VEHICLE_MILEAGE'}}]
2026-03-24 16:59:45,083 - DEBUG - CaseID: 111 - actual_results: []
2026-03-24 16:59:45,083 - ERROR - CaseID: 111
结果数量不匹配: 预期1个，实际0个
2026-03-24 16:59:45,083 - DEBUG - CaseID: 112 - parse_multi_results输入 - name_str: 'device_control', args_str: '{"action":"query","entity":"ENERGY_CONSUMPTION","range":"本月"}'
2026-03-24 16:59:45,083 - DEBUG - CaseID: 112 - parse_multi_results输出: [{'name': 'device_control', 'args': {'action': 'query', 'entity': 'ENERGY_CONSUMPTION', 'range': '本月'}}]
2026-03-24 16:59:45,083 - DEBUG - CaseID: 112 - parse_multi_results输入 - name_str: 'device_control', args_str: '{"action":"query","range":"本月","entity":"ENERGY_CONSUMPTION"}'
2026-03-24 16:59:45,083 - DEBUG - CaseID: 112 - parse_multi_results输出: [{'name': 'device_control', 'args': {'action': 'query', 'entity': 'ENERGY_CONSUMPTION', 'range': '本月'}}]
2026-03-24 16:59:45,083 - DEBUG - CaseID: 112 - expected_results: [{'name': 'device_control', 'args': {'action': 'query', 'entity': 'ENERGY_CONSUMPTION', 'range': '本月'}}]
2026-03-24 16:59:45,084 - DEBUG - CaseID: 112 - actual_results: [{'name': 'device_control', 'args': {'action': 'query', 'entity': 'ENERGY_CONSUMPTION', 'range': '本月'}}]
2026-03-24 16:59:45,084 - DEBUG - CaseID: 112 - expected_keys: {('device_control', '{"action": "query", "entity": "ENERGY_CONSUMPTION", "range": "\\u672c\\u6708"}')}
2026-03-24 16:59:45,084 - DEBUG - CaseID: 112 - actual_keys: {('device_control', '{"action": "query", "entity": "ENERGY_CONSUMPTION", "range": "\\u672c\\u6708"}')}
2026-03-24 16:59:45,084 - DEBUG - CaseID: 113 - parse_multi_results输入 - name_str: 'device_control', args_str: '{"action":"query","entity":"VEHICLE_MILEAGE","range":"本月"}'
2026-03-24 16:59:45,084 - DEBUG - CaseID: 113 - parse_multi_results输出: [{'name': 'device_control', 'args': {'action': 'query', 'entity': 'VEHICLE_MILEAGE', 'range': '本月'}}]
2026-03-24 16:59:45,084 - DEBUG - CaseID: 113 - parse_multi_results输入 - name_str: 'device_control', args_str: '{"action":"query","range":"本月","entity":"VEHICLE_MILEAGE"}'
2026-03-24 16:59:45,084 - DEBUG - CaseID: 113 - parse_multi_results输出: [{'name': 'device_control', 'args': {'action': 'query', 'entity': 'VEHICLE_MILEAGE', 'range': '本月'}}]
2026-03-24 16:59:45,084 - DEBUG - CaseID: 113 - expected_results: [{'name': 'device_control', 'args': {'action': 'query', 'entity': 'VEHICLE_MILEAGE', 'range': '本月'}}]
2026-03-24 16:59:45,084 - DEBUG - CaseID: 113 - actual_results: [{'name': 'device_control', 'args': {'action': 'query', 'entity': 'VEHICLE_MILEAGE', 'range': '本月'}}]
2026-03-24 16:59:45,084 - DEBUG - CaseID: 113 - expected_keys: {('device_control', '{"action": "query", "entity": "VEHICLE_MILEAGE", "range": "\\u672c\\u6708"}')}
2026-03-24 16:59:45,084 - DEBUG - CaseID: 113 - actual_keys: {('device_control', '{"action": "query", "entity": "VEHICLE_MILEAGE", "range": "\\u672c\\u6708"}')}
2026-03-24 16:59:45,084 - DEBUG - CaseID: 114 - parse_multi_results输入 - name_str: 'device_control', args_str: '{"action":"query","entity":"VEHICLE_MILEAGE","range":"今天"}'
2026-03-24 16:59:45,084 - DEBUG - CaseID: 114 - parse_multi_results输出: [{'name': 'device_control', 'args': {'action': 'query', 'entity': 'VEHICLE_MILEAGE', 'range': '今天'}}]
2026-03-24 16:59:45,084 - DEBUG - CaseID: 114 - parse_multi_results输入 - name_str: 'device_control', args_str: '{"action":"query","range":"今天","entity":"VEHICLE_MILEAGE"}'
2026-03-24 16:59:45,084 - DEBUG - CaseID: 114 - parse_multi_results输出: [{'name': 'device_control', 'args': {'action': 'query', 'entity': 'VEHICLE_MILEAGE', 'range': '今天'}}]
2026-03-24 16:59:45,084 - DEBUG - CaseID: 114 - expected_results: [{'name': 'device_control', 'args': {'action': 'query', 'entity': 'VEHICLE_MILEAGE', 'range': '今天'}}]
2026-03-24 16:59:45,084 - DEBUG - CaseID: 114 - actual_results: [{'name': 'device_control', 'args': {'action': 'query', 'entity': 'VEHICLE_MILEAGE', 'range': '今天'}}]
2026-03-24 16:59:45,084 - DEBUG - CaseID: 114 - expected_keys: {('device_control', '{"action": "query", "entity": "VEHICLE_MILEAGE", "range": "\\u4eca\\u5929"}')}
2026-03-24 16:59:45,084 - DEBUG - CaseID: 114 - actual_keys: {('device_control', '{"action": "query", "entity": "VEHICLE_MILEAGE", "range": "\\u4eca\\u5929"}')}
2026-03-24 16:59:45,084 - DEBUG - CaseID: 115 - parse_multi_results输入 - name_str: 'device_control', args_str: '{"action":"query","entity":"ENERGY_CONSUMPTION","range":"8月"}'
2026-03-24 16:59:45,084 - DEBUG - CaseID: 115 - parse_multi_results输出: [{'name': 'device_control', 'args': {'action': 'query', 'entity': 'ENERGY_CONSUMPTION', 'range': '8月'}}]
2026-03-24 16:59:45,084 - DEBUG - CaseID: 115 - parse_multi_results输入 - name_str: 'device_control', args_str: '{"action":"query","range":"8月","entity":"ENERGY_CONSUMPTION"}'
2026-03-24 16:59:45,084 - DEBUG - CaseID: 115 - parse_multi_results输出: [{'name': 'device_control', 'args': {'action': 'query', 'entity': 'ENERGY_CONSUMPTION', 'range': '8月'}}]
2026-03-24 16:59:45,084 - DEBUG - CaseID: 115 - expected_results: [{'name': 'device_control', 'args': {'action': 'query', 'entity': 'ENERGY_CONSUMPTION', 'range': '8月'}}]
2026-03-24 16:59:45,084 - DEBUG - CaseID: 115 - actual_results: [{'name': 'device_control', 'args': {'action': 'query', 'entity': 'ENERGY_CONSUMPTION', 'range': '8月'}}]
2026-03-24 16:59:45,084 - DEBUG - CaseID: 115 - expected_keys: {('device_control', '{"action": "query", "entity": "ENERGY_CONSUMPTION", "range": "8\\u6708"}')}
2026-03-24 16:59:45,084 - DEBUG - CaseID: 115 - actual_keys: {('device_control', '{"action": "query", "entity": "ENERGY_CONSUMPTION", "range": "8\\u6708"}')}
2026-03-24 16:59:45,084 - DEBUG - CaseID: 116 - parse_multi_results输入 - name_str: 'device_control', args_str: '{"action":"query","entity":"VEHICLE_LOCATION"}'
2026-03-24 16:59:45,084 - DEBUG - CaseID: 116 - parse_multi_results输出: [{'name': 'device_control', 'args': {'action': 'query', 'entity': 'VEHICLE_LOCATION'}}]
2026-03-24 16:59:45,084 - DEBUG - CaseID: 116 - parse_multi_results输入 - name_str: 'device_control', args_str: '{"action":"query","entity":"VEHICLE_LOCATION"}'
2026-03-24 16:59:45,084 - DEBUG - CaseID: 116 - parse_multi_results输出: [{'name': 'device_control', 'args': {'action': 'query', 'entity': 'VEHICLE_LOCATION'}}]
2026-03-24 16:59:45,084 - DEBUG - CaseID: 116 - expected_results: [{'name': 'device_control', 'args': {'action': 'query', 'entity': 'VEHICLE_LOCATION'}}]
2026-03-24 16:59:45,084 - DEBUG - CaseID: 116 - actual_results: [{'name': 'device_control', 'args': {'action': 'query', 'entity': 'VEHICLE_LOCATION'}}]
2026-03-24 16:59:45,084 - DEBUG - CaseID: 116 - expected_keys: {('device_control', '{"action": "query", "entity": "VEHICLE_LOCATION"}')}
2026-03-24 16:59:45,085 - DEBUG - CaseID: 116 - actual_keys: {('device_control', '{"action": "query", "entity": "VEHICLE_LOCATION"}')}
2026-03-24 16:59:45,085 - DEBUG - CaseID: 117 - parse_multi_results输入 - name_str: 'device_control', args_str: '{"action":"turnon","entity":"RECHARGEABLE_CAP"}'
2026-03-24 16:59:45,085 - DEBUG - CaseID: 117 - parse_multi_results输出: [{'name': 'device_control', 'args': {'action': 'turnon', 'entity': 'RECHARGEABLE_CAP'}}]
2026-03-24 16:59:45,085 - DEBUG - CaseID: 117 - parse_multi_results输入 - name_str: 'device_control', args_str: '{"action":"turnon","entity":"RECHARGEABLE_CAP"}'
2026-03-24 16:59:45,085 - DEBUG - CaseID: 117 - parse_multi_results输出: [{'name': 'device_control', 'args': {'action': 'turnon', 'entity': 'RECHARGEABLE_CAP'}}]
2026-03-24 16:59:45,085 - DEBUG - CaseID: 117 - expected_results: [{'name': 'device_control', 'args': {'action': 'turnon', 'entity': 'RECHARGEABLE_CAP'}}]
2026-03-24 16:59:45,085 - DEBUG - CaseID: 117 - actual_results: [{'name': 'device_control', 'args': {'action': 'turnon', 'entity': 'RECHARGEABLE_CAP'}}]
2026-03-24 16:59:45,085 - DEBUG - CaseID: 117 - expected_keys: {('device_control', '{"action": "turnon", "entity": "RECHARGEABLE_CAP"}')}
2026-03-24 16:59:45,085 - DEBUG - CaseID: 117 - actual_keys: {('device_control', '{"action": "turnon", "entity": "RECHARGEABLE_CAP"}')}
2026-03-24 16:59:45,085 - DEBUG - CaseID: 118 - parse_multi_results输入 - name_str: 'device_control', args_str: '{"action":"turnoff","entity":"RECHARGEABLE_CAP"}'
2026-03-24 16:59:45,085 - DEBUG - CaseID: 118 - parse_multi_results输出: [{'name': 'device_control', 'args': {'action': 'turnoff', 'entity': 'RECHARGEABLE_CAP'}}]
2026-03-24 16:59:45,085 - DEBUG - CaseID: 118 - parse_multi_results输入 - name_str: 'device_control', args_str: '{"action":"turnoff","entity":"RECHARGEABLE_CAP"}'
2026-03-24 16:59:45,085 - DEBUG - CaseID: 118 - parse_multi_results输出: [{'name': 'device_control', 'args': {'action': 'turnoff', 'entity': 'RECHARGEABLE_CAP'}}]
2026-03-24 16:59:45,085 - DEBUG - CaseID: 118 - expected_results: [{'name': 'device_control', 'args': {'action': 'turnoff', 'entity': 'RECHARGEABLE_CAP'}}]
2026-03-24 16:59:45,085 - DEBUG - CaseID: 118 - actual_results: [{'name': 'device_control', 'args': {'action': 'turnoff', 'entity': 'RECHARGEABLE_CAP'}}]
2026-03-24 16:59:45,085 - DEBUG - CaseID: 118 - expected_keys: {('device_control', '{"action": "turnoff", "entity": "RECHARGEABLE_CAP"}')}
2026-03-24 16:59:45,085 - DEBUG - CaseID: 118 - actual_keys: {('device_control', '{"action": "turnoff", "entity": "RECHARGEABLE_CAP"}')}
2026-03-24 16:59:45,085 - DEBUG - CaseID: 119 - parse_multi_results输入 - name_str: 'device_control', args_str: '{"action":"turnon","entity":"REARVIEW_MIRROR"}'
2026-03-24 16:59:45,085 - DEBUG - CaseID: 119 - parse_multi_results输出: [{'name': 'device_control', 'args': {'action': 'turnon', 'entity': 'REARVIEW_MIRROR'}}]
2026-03-24 16:59:45,085 - DEBUG - CaseID: 119 - parse_multi_results输入 - name_str: 'device_control', args_str: '{"action":"turnon","entity":"REARVIEW_MIRROR"}'
2026-03-24 16:59:45,085 - DEBUG - CaseID: 119 - parse_multi_results输出: [{'name': 'device_control', 'args': {'action': 'turnon', 'entity': 'REARVIEW_MIRROR'}}]
2026-03-24 16:59:45,085 - DEBUG - CaseID: 119 - expected_results: [{'name': 'device_control', 'args': {'action': 'turnon', 'entity': 'REARVIEW_MIRROR'}}]
2026-03-24 16:59:45,085 - DEBUG - CaseID: 119 - actual_results: [{'name': 'device_control', 'args': {'action': 'turnon', 'entity': 'REARVIEW_MIRROR'}}]
2026-03-24 16:59:45,085 - DEBUG - CaseID: 119 - expected_keys: {('device_control', '{"action": "turnon", "entity": "REARVIEW_MIRROR"}')}
2026-03-24 16:59:45,085 - DEBUG - CaseID: 119 - actual_keys: {('device_control', '{"action": "turnon", "entity": "REARVIEW_MIRROR"}')}
2026-03-24 16:59:45,085 - DEBUG - CaseID: 120 - parse_multi_results输入 - name_str: 'device_control', args_str: '{"action":"turnon","entity":"REARVIEW_MIRROR"}'
2026-03-24 16:59:45,085 - DEBUG - CaseID: 120 - parse_multi_results输出: [{'name': 'device_control', 'args': {'action': 'turnon', 'entity': 'REARVIEW_MIRROR'}}]
2026-03-24 16:59:45,085 - DEBUG - CaseID: 120 - parse_multi_results输入 - name_str: 'device_control', args_str: '{"action":"turnon","entity":"REARVIEW_MIRROR"}'
2026-03-24 16:59:45,085 - DEBUG - CaseID: 120 - parse_multi_results输出: [{'name': 'device_control', 'args': {'action': 'turnon', 'entity': 'REARVIEW_MIRROR'}}]
2026-03-24 16:59:45,085 - DEBUG - CaseID: 120 - expected_results: [{'name': 'device_control', 'args': {'action': 'turnon', 'entity': 'REARVIEW_MIRROR'}}]
2026-03-24 16:59:45,085 - DEBUG - CaseID: 120 - actual_results: [{'name': 'device_control', 'args': {'action': 'turnon', 'entity': 'REARVIEW_MIRROR'}}]
2026-03-24 16:59:45,085 - DEBUG - CaseID: 120 - expected_keys: {('device_control', '{"action": "turnon", "entity": "REARVIEW_MIRROR"}')}
2026-03-24 16:59:45,085 - DEBUG - CaseID: 120 - actual_keys: {('device_control', '{"action": "turnon", "entity": "REARVIEW_MIRROR"}')}
2026-03-24 16:59:45,085 - DEBUG - CaseID: 121 - parse_multi_results输入 - name_str: 'device_control', args_str: '{"action":"turnoff","entity":"REARVIEW_MIRROR"}'
2026-03-24 16:59:45,086 - DEBUG - CaseID: 121 - parse_multi_results输出: [{'name': 'device_control', 'args': {'action': 'turnoff', 'entity': 'REARVIEW_MIRROR'}}]
2026-03-24 16:59:45,086 - DEBUG - CaseID: 121 - parse_multi_results输入 - name_str: 'device_control', args_str: '{"action":"turnoff","entity":"REARVIEW_MIRROR"}'
2026-03-24 16:59:45,086 - DEBUG - CaseID: 121 - parse_multi_results输出: [{'name': 'device_control', 'args': {'action': 'turnoff', 'entity': 'REARVIEW_MIRROR'}}]
2026-03-24 16:59:45,086 - DEBUG - CaseID: 121 - expected_results: [{'name': 'device_control', 'args': {'action': 'turnoff', 'entity': 'REARVIEW_MIRROR'}}]
2026-03-24 16:59:45,086 - DEBUG - CaseID: 121 - actual_results: [{'name': 'device_control', 'args': {'action': 'turnoff', 'entity': 'REARVIEW_MIRROR'}}]
2026-03-24 16:59:45,086 - DEBUG - CaseID: 121 - expected_keys: {('device_control', '{"action": "turnoff", "entity": "REARVIEW_MIRROR"}')}
2026-03-24 16:59:45,086 - DEBUG - CaseID: 121 - actual_keys: {('device_control', '{"action": "turnoff", "entity": "REARVIEW_MIRROR"}')}
2026-03-24 16:59:45,086 - DEBUG - CaseID: 122 - parse_multi_results输入 - name_str: 'device_control', args_str: '{"action":"turnoff","entity":"REARVIEW_MIRROR"}'
2026-03-24 16:59:45,086 - DEBUG - CaseID: 122 - parse_multi_results输出: [{'name': 'device_control', 'args': {'action': 'turnoff', 'entity': 'REARVIEW_MIRROR'}}]
2026-03-24 16:59:45,086 - DEBUG - CaseID: 122 - parse_multi_results输入 - name_str: 'device_control', args_str: '{"action":"turnoff","entity":"REARVIEW_MIRROR"}'
2026-03-24 16:59:45,086 - DEBUG - CaseID: 122 - parse_multi_results输出: [{'name': 'device_control', 'args': {'action': 'turnoff', 'entity': 'REARVIEW_MIRROR'}}]
2026-03-24 16:59:45,086 - DEBUG - CaseID: 122 - expected_results: [{'name': 'device_control', 'args': {'action': 'turnoff', 'entity': 'REARVIEW_MIRROR'}}]
2026-03-24 16:59:45,086 - DEBUG - CaseID: 122 - actual_results: [{'name': 'device_control', 'args': {'action': 'turnoff', 'entity': 'REARVIEW_MIRROR'}}]
2026-03-24 16:59:45,086 - DEBUG - CaseID: 122 - expected_keys: {('device_control', '{"action": "turnoff", "entity": "REARVIEW_MIRROR"}')}
2026-03-24 16:59:45,086 - DEBUG - CaseID: 122 - actual_keys: {('device_control', '{"action": "turnoff", "entity": "REARVIEW_MIRROR"}')}
2026-03-24 16:59:45,086 - DEBUG - CaseID: 123 - parse_multi_results输入 - name_str: 'device_control', args_str: '{"action":"turnon","entity":"REARVIEW_MIRROR","function_option":"TEMPERATURE"}'
2026-03-24 16:59:45,086 - DEBUG - CaseID: 123 - parse_multi_results输出: [{'name': 'device_control', 'args': {'action': 'turnon', 'entity': 'REARVIEW_MIRROR', 'function_option': 'TEMPERATURE'}}]
2026-03-24 16:59:45,086 - DEBUG - CaseID: 123 - parse_multi_results输入 - name_str: 'device_control', args_str: '{"action":"turnon","function_option":"TEMPERATURE","entity":"REARVIEW_MIRROR"}'
2026-03-24 16:59:45,086 - DEBUG - CaseID: 123 - parse_multi_results输出: [{'name': 'device_control', 'args': {'action': 'turnon', 'entity': 'REARVIEW_MIRROR', 'function_option': 'TEMPERATURE'}}]
2026-03-24 16:59:45,086 - DEBUG - CaseID: 123 - expected_results: [{'name': 'device_control', 'args': {'action': 'turnon', 'entity': 'REARVIEW_MIRROR', 'function_option': 'TEMPERATURE'}}]
2026-03-24 16:59:45,086 - DEBUG - CaseID: 123 - actual_results: [{'name': 'device_control', 'args': {'action': 'turnon', 'entity': 'REARVIEW_MIRROR', 'function_option': 'TEMPERATURE'}}]
2026-03-24 16:59:45,086 - DEBUG - CaseID: 123 - expected_keys: {('device_control', '{"action": "turnon", "entity": "REARVIEW_MIRROR", "function_option": "TEMPERATURE"}')}
2026-03-24 16:59:45,086 - DEBUG - CaseID: 123 - actual_keys: {('device_control', '{"action": "turnon", "entity": "REARVIEW_MIRROR", "function_option": "TEMPERATURE"}')}
2026-03-24 16:59:45,086 - DEBUG - CaseID: 124 - parse_multi_results输入 - name_str: 'device_control', args_str: '{"action":"turnoff","entity":"REARVIEW_MIRROR","function_option":"TEMPERATURE"}'
2026-03-24 16:59:45,086 - DEBUG - CaseID: 124 - parse_multi_results输出: [{'name': 'device_control', 'args': {'action': 'turnoff', 'entity': 'REARVIEW_MIRROR', 'function_option': 'TEMPERATURE'}}]
2026-03-24 16:59:45,086 - DEBUG - CaseID: 124 - parse_multi_results输入 - name_str: 'device_control', args_str: '{"action":"turnoff","function_option":"TEMPERATURE","entity":"REARVIEW_MIRROR"}'
2026-03-24 16:59:45,086 - DEBUG - CaseID: 124 - parse_multi_results输出: [{'name': 'device_control', 'args': {'action': 'turnoff', 'entity': 'REARVIEW_MIRROR', 'function_option': 'TEMPERATURE'}}]
2026-03-24 16:59:45,086 - DEBUG - CaseID: 124 - expected_results: [{'name': 'device_control', 'args': {'action': 'turnoff', 'entity': 'REARVIEW_MIRROR', 'function_option': 'TEMPERATURE'}}]
2026-03-24 16:59:45,086 - DEBUG - CaseID: 124 - actual_results: [{'name': 'device_control', 'args': {'action': 'turnoff', 'entity': 'REARVIEW_MIRROR', 'function_option': 'TEMPERATURE'}}]
2026-03-24 16:59:45,086 - DEBUG - CaseID: 124 - expected_keys: {('device_control', '{"action": "turnoff", "entity": "REARVIEW_MIRROR", "function_option": "TEMPERATURE"}')}
2026-03-24 16:59:45,086 - DEBUG - CaseID: 124 - actual_keys: {('device_control', '{"action": "turnoff", "entity": "REARVIEW_MIRROR", "function_option": "TEMPERATURE"}')}
2026-03-24 16:59:45,086 - DEBUG - CaseID: 125 - parse_multi_results输入 - name_str: 'device_control', args_str: '{"action":"turnon","entity":"SUNROOF"}'
2026-03-24 16:59:45,086 - DEBUG - CaseID: 125 - parse_multi_results输出: [{'name': 'device_control', 'args': {'action': 'turnon', 'entity': 'SUNROOF'}}]
2026-03-24 16:59:45,086 - DEBUG - CaseID: 125 - parse_multi_results输入 - name_str: 'device_control', args_str: '{"action":"turnon","entity":"SUNROOF"}'
2026-03-24 16:59:45,087 - DEBUG - CaseID: 125 - parse_multi_results输出: [{'name': 'device_control', 'args': {'action': 'turnon', 'entity': 'SUNROOF'}}]
2026-03-24 16:59:45,087 - DEBUG - CaseID: 125 - expected_results: [{'name': 'device_control', 'args': {'action': 'turnon', 'entity': 'SUNROOF'}}]
2026-03-24 16:59:45,087 - DEBUG - CaseID: 125 - actual_results: [{'name': 'device_control', 'args': {'action': 'turnon', 'entity': 'SUNROOF'}}]
2026-03-24 16:59:45,087 - DEBUG - CaseID: 125 - expected_keys: {('device_control', '{"action": "turnon", "entity": "SUNROOF"}')}
2026-03-24 16:59:45,087 - DEBUG - CaseID: 125 - actual_keys: {('device_control', '{"action": "turnon", "entity": "SUNROOF"}')}
2026-03-24 16:59:45,087 - DEBUG - CaseID: 126 - parse_multi_results输入 - name_str: 'device_control', args_str: '{"action":"turnoff","entity":"SUNROOF"}'
2026-03-24 16:59:45,087 - DEBUG - CaseID: 126 - parse_multi_results输出: [{'name': 'device_control', 'args': {'action': 'turnoff', 'entity': 'SUNROOF'}}]
2026-03-24 16:59:45,087 - DEBUG - CaseID: 126 - parse_multi_results输入 - name_str: 'device_control', args_str: '{"action":"turnoff","entity":"SUNROOF"}'
2026-03-24 16:59:45,087 - DEBUG - CaseID: 126 - parse_multi_results输出: [{'name': 'device_control', 'args': {'action': 'turnoff', 'entity': 'SUNROOF'}}]
2026-03-24 16:59:45,087 - DEBUG - CaseID: 126 - expected_results: [{'name': 'device_control', 'args': {'action': 'turnoff', 'entity': 'SUNROOF'}}]
2026-03-24 16:59:45,087 - DEBUG - CaseID: 126 - actual_results: [{'name': 'device_control', 'args': {'action': 'turnoff', 'entity': 'SUNROOF'}}]
2026-03-24 16:59:45,087 - DEBUG - CaseID: 126 - expected_keys: {('device_control', '{"action": "turnoff", "entity": "SUNROOF"}')}
2026-03-24 16:59:45,087 - DEBUG - CaseID: 126 - actual_keys: {('device_control', '{"action": "turnoff", "entity": "SUNROOF"}')}
2026-03-24 16:59:45,087 - DEBUG - CaseID: 127 - parse_multi_results输入 - name_str: 'device_control', args_str: '{"action":"turnon","entity":"SUNSHADE","position":"FRONT"}'
2026-03-24 16:59:45,087 - DEBUG - CaseID: 127 - parse_multi_results输出: [{'name': 'device_control', 'args': {'action': 'turnon', 'entity': 'SUNSHADE', 'position': 'FRONT'}}]
2026-03-24 16:59:45,087 - DEBUG - CaseID: 127 - parse_multi_results输入 - name_str: 'device_control', args_str: '{"action":"turnon","position":"FRONT","entity":"SUNSHADE"}'
2026-03-24 16:59:45,087 - DEBUG - CaseID: 127 - parse_multi_results输出: [{'name': 'device_control', 'args': {'action': 'turnon', 'entity': 'SUNSHADE', 'position': 'FRONT'}}]
2026-03-24 16:59:45,087 - DEBUG - CaseID: 127 - expected_results: [{'name': 'device_control', 'args': {'action': 'turnon', 'entity': 'SUNSHADE', 'position': 'FRONT'}}]
2026-03-24 16:59:45,087 - DEBUG - CaseID: 127 - actual_results: [{'name': 'device_control', 'args': {'action': 'turnon', 'entity': 'SUNSHADE', 'position': 'FRONT'}}]
2026-03-24 16:59:45,087 - DEBUG - CaseID: 127 - expected_keys: {('device_control', '{"action": "turnon", "entity": "SUNSHADE", "position": "FRONT"}')}
2026-03-24 16:59:45,087 - DEBUG - CaseID: 127 - actual_keys: {('device_control', '{"action": "turnon", "entity": "SUNSHADE", "position": "FRONT"}')}
2026-03-24 16:59:45,087 - DEBUG - CaseID: 128 - parse_multi_results输入 - name_str: 'device_control', args_str: '{"action":"turnon","entity":"SUNSHADE","position":"REAR"}'
2026-03-24 16:59:45,087 - DEBUG - CaseID: 128 - parse_multi_results输出: [{'name': 'device_control', 'args': {'action': 'turnon', 'entity': 'SUNSHADE', 'position': 'REAR'}}]
2026-03-24 16:59:45,087 - DEBUG - CaseID: 128 - parse_multi_results输入 - name_str: 'device_control', args_str: '{"action":"turnon","position":"REAR","entity":"SUNSHADE"}'
2026-03-24 16:59:45,087 - DEBUG - CaseID: 128 - parse_multi_results输出: [{'name': 'device_control', 'args': {'action': 'turnon', 'entity': 'SUNSHADE', 'position': 'REAR'}}]
2026-03-24 16:59:45,087 - DEBUG - CaseID: 128 - expected_results: [{'name': 'device_control', 'args': {'action': 'turnon', 'entity': 'SUNSHADE', 'position': 'REAR'}}]
2026-03-24 16:59:45,087 - DEBUG - CaseID: 128 - actual_results: [{'name': 'device_control', 'args': {'action': 'turnon', 'entity': 'SUNSHADE', 'position': 'REAR'}}]
2026-03-24 16:59:45,087 - DEBUG - CaseID: 128 - expected_keys: {('device_control', '{"action": "turnon", "entity": "SUNSHADE", "position": "REAR"}')}
2026-03-24 16:59:45,087 - DEBUG - CaseID: 128 - actual_keys: {('device_control', '{"action": "turnon", "entity": "SUNSHADE", "position": "REAR"}')}
2026-03-24 16:59:45,087 - DEBUG - CaseID: 129 - parse_multi_results输入 - name_str: 'device_control', args_str: '{"action":"adjust","range":"1/3","entity":"SUNSHADE"}'
2026-03-24 16:59:45,087 - DEBUG - CaseID: 129 - parse_multi_results输出: [{'name': 'device_control', 'args': {'action': 'adjust', 'entity': 'SUNSHADE', 'range': '1/3'}}]
2026-03-24 16:59:45,087 - DEBUG - CaseID: 129 - parse_multi_results输入 - name_str: 'device_control', args_str: '{"action":"adjust","range":"1/3","entity":"SUNSHADE"}'
2026-03-24 16:59:45,087 - DEBUG - CaseID: 129 - parse_multi_results输出: [{'name': 'device_control', 'args': {'action': 'adjust', 'entity': 'SUNSHADE', 'range': '1/3'}}]
2026-03-24 16:59:45,087 - DEBUG - CaseID: 129 - expected_results: [{'name': 'device_control', 'args': {'action': 'adjust', 'entity': 'SUNSHADE', 'range': '1/3'}}]
2026-03-24 16:59:45,087 - DEBUG - CaseID: 129 - actual_results: [{'name': 'device_control', 'args': {'action': 'adjust', 'entity': 'SUNSHADE', 'range': '1/3'}}]
2026-03-24 16:59:45,088 - DEBUG - CaseID: 129 - expected_keys: {('device_control', '{"action": "adjust", "entity": "SUNSHADE", "range": "1/3"}')}
2026-03-24 16:59:45,088 - DEBUG - CaseID: 129 - actual_keys: {('device_control', '{"action": "adjust", "entity": "SUNSHADE", "range": "1/3"}')}
2026-03-24 16:59:45,088 - DEBUG - CaseID: 130 - parse_multi_results输入 - name_str: 'device_control', args_str: '{"action":"adjust","range":"14%","entity":"SUNSHADE"}'
2026-03-24 16:59:45,088 - DEBUG - CaseID: 130 - parse_multi_results输出: [{'name': 'device_control', 'args': {'action': 'adjust', 'entity': 'SUNSHADE', 'range': '14%'}}]
2026-03-24 16:59:45,088 - DEBUG - CaseID: 130 - parse_multi_results输入 - name_str: 'device_control', args_str: '{"action":"adjust","range":"14%","entity":"SUNSHADE"}'
2026-03-24 16:59:45,088 - DEBUG - CaseID: 130 - parse_multi_results输出: [{'name': 'device_control', 'args': {'action': 'adjust', 'entity': 'SUNSHADE', 'range': '14%'}}]
2026-03-24 16:59:45,088 - DEBUG - CaseID: 130 - expected_results: [{'name': 'device_control', 'args': {'action': 'adjust', 'entity': 'SUNSHADE', 'range': '14%'}}]
2026-03-24 16:59:45,088 - DEBUG - CaseID: 130 - actual_results: [{'name': 'device_control', 'args': {'action': 'adjust', 'entity': 'SUNSHADE', 'range': '14%'}}]
2026-03-24 16:59:45,088 - DEBUG - CaseID: 130 - expected_keys: {('device_control', '{"action": "adjust", "entity": "SUNSHADE", "range": "14%"}')}
2026-03-24 16:59:45,088 - DEBUG - CaseID: 130 - actual_keys: {('device_control', '{"action": "adjust", "entity": "SUNSHADE", "range": "14%"}')}
2026-03-24 16:59:45,088 - DEBUG - CaseID: 131 - parse_multi_results输入 - name_str: 'device_control', args_str: '{"action":"adjust","range":"60%","entity":"SUNSHADE"}'
2026-03-24 16:59:45,088 - DEBUG - CaseID: 131 - parse_multi_results输出: [{'name': 'device_control', 'args': {'action': 'adjust', 'entity': 'SUNSHADE', 'range': '60%'}}]
2026-03-24 16:59:45,088 - DEBUG - CaseID: 131 - parse_multi_results输入 - name_str: 'device_control', args_str: '{"action":"adjust","range":"60%","entity":"SUNSHADE"}'
2026-03-24 16:59:45,088 - DEBUG - CaseID: 131 - parse_multi_results输出: [{'name': 'device_control', 'args': {'action': 'adjust', 'entity': 'SUNSHADE', 'range': '60%'}}]
2026-03-24 16:59:45,088 - DEBUG - CaseID: 131 - expected_results: [{'name': 'device_control', 'args': {'action': 'adjust', 'entity': 'SUNSHADE', 'range': '60%'}}]
2026-03-24 16:59:45,088 - DEBUG - CaseID: 131 - actual_results: [{'name': 'device_control', 'args': {'action': 'adjust', 'entity': 'SUNSHADE', 'range': '60%'}}]
2026-03-24 16:59:45,088 - DEBUG - CaseID: 131 - expected_keys: {('device_control', '{"action": "adjust", "entity": "SUNSHADE", "range": "60%"}')}
2026-03-24 16:59:45,088 - DEBUG - CaseID: 131 - actual_keys: {('device_control', '{"action": "adjust", "entity": "SUNSHADE", "range": "60%"}')}
2026-03-24 16:59:45,088 - DEBUG - CaseID: 132 - parse_multi_results输入 - name_str: 'device_control', args_str: '{"action":"turnon","entity":"HOLDING_POWER_WHEN_LEAVING"}'
2026-03-24 16:59:45,088 - DEBUG - CaseID: 132 - parse_multi_results输出: [{'name': 'device_control', 'args': {'action': 'turnon', 'entity': 'HOLDING_POWER_WHEN_LEAVING'}}]
2026-03-24 16:59:45,088 - DEBUG - CaseID: 132 - parse_multi_results输入 - name_str: 'device_control', args_str: '{"action":"turnon","entity":"HOLDING_POWER_WHEN_LEAVING"}'
2026-03-24 16:59:45,088 - DEBUG - CaseID: 132 - parse_multi_results输出: [{'name': 'device_control', 'args': {'action': 'turnon', 'entity': 'HOLDING_POWER_WHEN_LEAVING'}}]
2026-03-24 16:59:45,088 - DEBUG - CaseID: 132 - expected_results: [{'name': 'device_control', 'args': {'action': 'turnon', 'entity': 'HOLDING_POWER_WHEN_LEAVING'}}]
2026-03-24 16:59:45,088 - DEBUG - CaseID: 132 - actual_results: [{'name': 'device_control', 'args': {'action': 'turnon', 'entity': 'HOLDING_POWER_WHEN_LEAVING'}}]
2026-03-24 16:59:45,088 - DEBUG - CaseID: 132 - expected_keys: {('device_control', '{"action": "turnon", "entity": "HOLDING_POWER_WHEN_LEAVING"}')}
2026-03-24 16:59:45,089 - DEBUG - CaseID: 132 - actual_keys: {('device_control', '{"action": "turnon", "entity": "HOLDING_POWER_WHEN_LEAVING"}')}
2026-03-24 16:59:45,089 - DEBUG - CaseID: 133 - parse_multi_results输入 - name_str: 'device_control', args_str: '{"action":"turnon","entity":"HOLDING_POWER_WHEN_LEAVING"}'
2026-03-24 16:59:45,089 - DEBUG - CaseID: 133 - parse_multi_results输出: [{'name': 'device_control', 'args': {'action': 'turnon', 'entity': 'HOLDING_POWER_WHEN_LEAVING'}}]
2026-03-24 16:59:45,089 - DEBUG - CaseID: 133 - parse_multi_results输入 - name_str: 'device_control', args_str: '{"action":"turnon","entity":"HOLDING_POWER_WHEN_LEAVING"}'
2026-03-24 16:59:45,089 - DEBUG - CaseID: 133 - parse_multi_results输出: [{'name': 'device_control', 'args': {'action': 'turnon', 'entity': 'HOLDING_POWER_WHEN_LEAVING'}}]
2026-03-24 16:59:45,089 - DEBUG - CaseID: 133 - expected_results: [{'name': 'device_control', 'args': {'action': 'turnon', 'entity': 'HOLDING_POWER_WHEN_LEAVING'}}]
2026-03-24 16:59:45,089 - DEBUG - CaseID: 133 - actual_results: [{'name': 'device_control', 'args': {'action': 'turnon', 'entity': 'HOLDING_POWER_WHEN_LEAVING'}}]
2026-03-24 16:59:45,089 - DEBUG - CaseID: 133 - expected_keys: {('device_control', '{"action": "turnon", "entity": "HOLDING_POWER_WHEN_LEAVING"}')}
2026-03-24 16:59:45,089 - DEBUG - CaseID: 133 - actual_keys: {('device_control', '{"action": "turnon", "entity": "HOLDING_POWER_WHEN_LEAVING"}')}
2026-03-24 16:59:45,089 - DEBUG - CaseID: 134 - parse_multi_results输入 - name_str: 'device_control', args_str: '{"action":"turnoff","entity":"HOLDING_POWER_WHEN_LEAVING"}'
2026-03-24 16:59:45,089 - DEBUG - CaseID: 134 - parse_multi_results输出: [{'name': 'device_control', 'args': {'action': 'turnoff', 'entity': 'HOLDING_POWER_WHEN_LEAVING'}}]
2026-03-24 16:59:45,089 - DEBUG - CaseID: 134 - parse_multi_results输入 - name_str: 'device_control', args_str: '{"action":"turnoff","entity":"HOLDING_POWER_WHEN_LEAVING"}'
2026-03-24 16:59:45,089 - DEBUG - CaseID: 134 - parse_multi_results输出: [{'name': 'device_control', 'args': {'action': 'turnoff', 'entity': 'HOLDING_POWER_WHEN_LEAVING'}}]
2026-03-24 16:59:45,089 - DEBUG - CaseID: 134 - expected_results: [{'name': 'device_control', 'args': {'action': 'turnoff', 'entity': 'HOLDING_POWER_WHEN_LEAVING'}}]
2026-03-24 16:59:45,089 - DEBUG - CaseID: 134 - actual_results: [{'name': 'device_control', 'args': {'action': 'turnoff', 'entity': 'HOLDING_POWER_WHEN_LEAVING'}}]
2026-03-24 16:59:45,089 - DEBUG - CaseID: 134 - expected_keys: {('device_control', '{"action": "turnoff", "entity": "HOLDING_POWER_WHEN_LEAVING"}')}
2026-03-24 16:59:45,089 - DEBUG - CaseID: 134 - actual_keys: {('device_control', '{"action": "turnoff", "entity": "HOLDING_POWER_WHEN_LEAVING"}')}
2026-03-24 16:59:45,089 - DEBUG - CaseID: 135 - parse_multi_results输入 - name_str: 'device_control', args_str: '{"action":"turnoff","entity":"HOLDING_POWER_WHEN_LEAVING"}'
2026-03-24 16:59:45,089 - DEBUG - CaseID: 135 - parse_multi_results输出: [{'name': 'device_control', 'args': {'action': 'turnoff', 'entity': 'HOLDING_POWER_WHEN_LEAVING'}}]
2026-03-24 16:59:45,089 - DEBUG - CaseID: 135 - parse_multi_results输入 - name_str: 'device_control', args_str: '{"action":"turnoff","entity":"HOLDING_POWER_WHEN_LEAVING"}'
2026-03-24 16:59:45,089 - DEBUG - CaseID: 135 - parse_multi_results输出: [{'name': 'device_control', 'args': {'action': 'turnoff', 'entity': 'HOLDING_POWER_WHEN_LEAVING'}}]
2026-03-24 16:59:45,089 - DEBUG - CaseID: 135 - expected_results: [{'name': 'device_control', 'args': {'action': 'turnoff', 'entity': 'HOLDING_POWER_WHEN_LEAVING'}}]
2026-03-24 16:59:45,089 - DEBUG - CaseID: 135 - actual_results: [{'name': 'device_control', 'args': {'action': 'turnoff', 'entity': 'HOLDING_POWER_WHEN_LEAVING'}}]
2026-03-24 16:59:45,089 - DEBUG - CaseID: 135 - expected_keys: {('device_control', '{"action": "turnoff", "entity": "HOLDING_POWER_WHEN_LEAVING"}')}
2026-03-24 16:59:45,089 - DEBUG - CaseID: 135 - actual_keys: {('device_control', '{"action": "turnoff", "entity": "HOLDING_POWER_WHEN_LEAVING"}')}
2026-03-24 16:59:45,089 - DEBUG - CaseID: 136 - parse_multi_results输入 - name_str: 'device_control', args_str: '{"action":"turnon","entity":"CAMPING_MODE"}'
2026-03-24 16:59:45,089 - DEBUG - CaseID: 136 - parse_multi_results输出: [{'name': 'device_control', 'args': {'action': 'turnon', 'entity': 'CAMPING_MODE'}}]
2026-03-24 16:59:45,089 - DEBUG - CaseID: 136 - parse_multi_results输入 - name_str: 'device_control', args_str: '{"action":"turnon","entity":"CAMPING_MODE"}'
2026-03-24 16:59:45,090 - DEBUG - CaseID: 136 - parse_multi_results输出: [{'name': 'device_control', 'args': {'action': 'turnon', 'entity': 'CAMPING_MODE'}}]
2026-03-24 16:59:45,090 - DEBUG - CaseID: 136 - expected_results: [{'name': 'device_control', 'args': {'action': 'turnon', 'entity': 'CAMPING_MODE'}}]
2026-03-24 16:59:45,090 - DEBUG - CaseID: 136 - actual_results: [{'name': 'device_control', 'args': {'action': 'turnon', 'entity': 'CAMPING_MODE'}}]
2026-03-24 16:59:45,090 - DEBUG - CaseID: 136 - expected_keys: {('device_control', '{"action": "turnon", "entity": "CAMPING_MODE"}')}
2026-03-24 16:59:45,090 - DEBUG - CaseID: 136 - actual_keys: {('device_control', '{"action": "turnon", "entity": "CAMPING_MODE"}')}
2026-03-24 16:59:45,090 - DEBUG - CaseID: 137 - parse_multi_results输入 - name_str: 'device_control', args_str: '{"action":"turnon","entity":"CAMPING_MODE"}'
2026-03-24 16:59:45,090 - DEBUG - CaseID: 137 - parse_multi_results输出: [{'name': 'device_control', 'args': {'action': 'turnon', 'entity': 'CAMPING_MODE'}}]
2026-03-24 16:59:45,090 - DEBUG - CaseID: 137 - parse_multi_results输入 - name_str: '', args_str: ''
2026-03-24 16:59:45,090 - DEBUG - CaseID: 137 - parse_multi_results输出: []
2026-03-24 16:59:45,090 - DEBUG - CaseID: 137 - expected_results: [{'name': 'device_control', 'args': {'action': 'turnon', 'entity': 'CAMPING_MODE'}}]
2026-03-24 16:59:45,090 - DEBUG - CaseID: 137 - actual_results: []
2026-03-24 16:59:45,090 - ERROR - CaseID: 137
结果数量不匹配: 预期1个，实际0个
2026-03-24 16:59:45,090 - DEBUG - CaseID: 138 - parse_multi_results输入 - name_str: 'device_control', args_str: '{"action":"turnon","entity":"CAMPING_MODE"}'
2026-03-24 16:59:45,090 - DEBUG - CaseID: 138 - parse_multi_results输出: [{'name': 'device_control', 'args': {'action': 'turnon', 'entity': 'CAMPING_MODE'}}]
2026-03-24 16:59:45,090 - DEBUG - CaseID: 138 - parse_multi_results输入 - name_str: 'device_control', args_str: '{"action":"turnon","entity":"CAMPING_MODE"}'
2026-03-24 16:59:45,090 - DEBUG - CaseID: 138 - parse_multi_results输出: [{'name': 'device_control', 'args': {'action': 'turnon', 'entity': 'CAMPING_MODE'}}]
2026-03-24 16:59:45,090 - DEBUG - CaseID: 138 - expected_results: [{'name': 'device_control', 'args': {'action': 'turnon', 'entity': 'CAMPING_MODE'}}]
2026-03-24 16:59:45,090 - DEBUG - CaseID: 138 - actual_results: [{'name': 'device_control', 'args': {'action': 'turnon', 'entity': 'CAMPING_MODE'}}]
2026-03-24 16:59:45,090 - DEBUG - CaseID: 138 - expected_keys: {('device_control', '{"action": "turnon", "entity": "CAMPING_MODE"}')}
2026-03-24 16:59:45,090 - DEBUG - CaseID: 138 - actual_keys: {('device_control', '{"action": "turnon", "entity": "CAMPING_MODE"}')}
2026-03-24 16:59:45,090 - DEBUG - CaseID: 139 - parse_multi_results输入 - name_str: 'device_control', args_str: '{"action":"turnon","entity":"CAMPING_MODE"}'
2026-03-24 16:59:45,090 - DEBUG - CaseID: 139 - parse_multi_results输出: [{'name': 'device_control', 'args': {'action': 'turnon', 'entity': 'CAMPING_MODE'}}]
2026-03-24 16:59:45,090 - DEBUG - CaseID: 139 - parse_multi_results输入 - name_str: 'device_control', args_str: '{"action":"turnon","entity":"CAMPING_MODE"}'
2026-03-24 16:59:45,090 - DEBUG - CaseID: 139 - parse_multi_results输出: [{'name': 'device_control', 'args': {'action': 'turnon', 'entity': 'CAMPING_MODE'}}]
2026-03-24 16:59:45,090 - DEBUG - CaseID: 139 - expected_results: [{'name': 'device_control', 'args': {'action': 'turnon', 'entity': 'CAMPING_MODE'}}]
2026-03-24 16:59:45,090 - DEBUG - CaseID: 139 - actual_results: [{'name': 'device_control', 'args': {'action': 'turnon', 'entity': 'CAMPING_MODE'}}]
2026-03-24 16:59:45,090 - DEBUG - CaseID: 139 - expected_keys: {('device_control', '{"action": "turnon", "entity": "CAMPING_MODE"}')}
2026-03-24 16:59:45,090 - DEBUG - CaseID: 139 - actual_keys: {('device_control', '{"action": "turnon", "entity": "CAMPING_MODE"}')}
2026-03-24 16:59:45,090 - DEBUG - CaseID: 140 - parse_multi_results输入 - name_str: 'device_control', args_str: '{"action":"turnoff","entity":"CAMPING_MODE"}'
2026-03-24 16:59:45,090 - DEBUG - CaseID: 140 - parse_multi_results输出: [{'name': 'device_control', 'args': {'action': 'turnoff', 'entity': 'CAMPING_MODE'}}]
2026-03-24 16:59:45,090 - DEBUG - CaseID: 140 - parse_multi_results输入 - name_str: 'device_control', args_str: '{"action":"turnoff","entity":"CAMPING_MODE"}'
2026-03-24 16:59:45,090 - DEBUG - CaseID: 140 - parse_multi_results输出: [{'name': 'device_control', 'args': {'action': 'turnoff', 'entity': 'CAMPING_MODE'}}]
2026-03-24 16:59:45,090 - DEBUG - CaseID: 140 - expected_results: [{'name': 'device_control', 'args': {'action': 'turnoff', 'entity': 'CAMPING_MODE'}}]
2026-03-24 16:59:45,090 - DEBUG - CaseID: 140 - actual_results: [{'name': 'device_control', 'args': {'action': 'turnoff', 'entity': 'CAMPING_MODE'}}]
2026-03-24 16:59:45,091 - DEBUG - CaseID: 140 - expected_keys: {('device_control', '{"action": "turnoff", "entity": "CAMPING_MODE"}')}
2026-03-24 16:59:45,091 - DEBUG - CaseID: 140 - actual_keys: {('device_control', '{"action": "turnoff", "entity": "CAMPING_MODE"}')}
2026-03-24 16:59:45,091 - DEBUG - CaseID: 141 - parse_multi_results输入 - name_str: 'global_control', args_str: '{"action":"confirm"}'
2026-03-24 16:59:45,091 - DEBUG - CaseID: 141 - parse_multi_results输出: [{'name': 'global_control', 'args': {'action': 'confirm'}}]
2026-03-24 16:59:45,091 - DEBUG - CaseID: 141 - parse_multi_results输入 - name_str: 'global_control', args_str: '{"action":"confirm"}'
2026-03-24 16:59:45,091 - DEBUG - CaseID: 141 - parse_multi_results输出: [{'name': 'global_control', 'args': {'action': 'confirm'}}]
2026-03-24 16:59:45,091 - DEBUG - CaseID: 141 - expected_results: [{'name': 'global_control', 'args': {'action': 'confirm'}}]
2026-03-24 16:59:45,091 - DEBUG - CaseID: 141 - actual_results: [{'name': 'global_control', 'args': {'action': 'confirm'}}]
2026-03-24 16:59:45,091 - DEBUG - CaseID: 141 - expected_keys: {('global_control', '{"action": "confirm"}')}
2026-03-24 16:59:45,091 - DEBUG - CaseID: 141 - actual_keys: {('global_control', '{"action": "confirm"}')}
2026-03-24 16:59:45,091 - DEBUG - CaseID: 142 - parse_multi_results输入 - name_str: 'global_control', args_str: '{"action":"cancel"}'
2026-03-24 16:59:45,091 - DEBUG - CaseID: 142 - parse_multi_results输出: [{'name': 'global_control', 'args': {'action': 'cancel'}}]
2026-03-24 16:59:45,091 - DEBUG - CaseID: 142 - parse_multi_results输入 - name_str: 'global_control', args_str: '{"action":"cancel"}'
2026-03-24 16:59:45,091 - DEBUG - CaseID: 142 - parse_multi_results输出: [{'name': 'global_control', 'args': {'action': 'cancel'}}]
2026-03-24 16:59:45,091 - DEBUG - CaseID: 142 - expected_results: [{'name': 'global_control', 'args': {'action': 'cancel'}}]
2026-03-24 16:59:45,091 - DEBUG - CaseID: 142 - actual_results: [{'name': 'global_control', 'args': {'action': 'cancel'}}]
2026-03-24 16:59:45,091 - DEBUG - CaseID: 142 - expected_keys: {('global_control', '{"action": "cancel"}')}
2026-03-24 16:59:45,091 - DEBUG - CaseID: 142 - actual_keys: {('global_control', '{"action": "cancel"}')}
2026-03-24 16:59:45,091 - DEBUG - CaseID: 143 - parse_multi_results输入 - name_str: 'global_control', args_str: '{"action":"confirm"}'
2026-03-24 16:59:45,091 - DEBUG - CaseID: 143 - parse_multi_results输出: [{'name': 'global_control', 'args': {'action': 'confirm'}}]
2026-03-24 16:59:45,091 - DEBUG - CaseID: 143 - parse_multi_results输入 - name_str: 'global_control', args_str: '{"action":"confirm"}'
2026-03-24 16:59:45,091 - DEBUG - CaseID: 143 - parse_multi_results输出: [{'name': 'global_control', 'args': {'action': 'confirm'}}]
2026-03-24 16:59:45,091 - DEBUG - CaseID: 143 - expected_results: [{'name': 'global_control', 'args': {'action': 'confirm'}}]
2026-03-24 16:59:45,091 - DEBUG - CaseID: 143 - actual_results: [{'name': 'global_control', 'args': {'action': 'confirm'}}]
2026-03-24 16:59:45,091 - DEBUG - CaseID: 143 - expected_keys: {('global_control', '{"action": "confirm"}')}
2026-03-24 16:59:45,091 - DEBUG - CaseID: 143 - actual_keys: {('global_control', '{"action": "confirm"}')}
2026-03-24 16:59:45,091 - DEBUG - CaseID: 144 - parse_multi_results输入 - name_str: 'global_control', args_str: '{"action":"cancel"}'
2026-03-24 16:59:45,091 - DEBUG - CaseID: 144 - parse_multi_results输出: [{'name': 'global_control', 'args': {'action': 'cancel'}}]
2026-03-24 16:59:45,091 - DEBUG - CaseID: 144 - parse_multi_results输入 - name_str: 'global_control', args_str: '{"action":"cancel"}'
2026-03-24 16:59:45,091 - DEBUG - CaseID: 144 - parse_multi_results输出: [{'name': 'global_control', 'args': {'action': 'cancel'}}]
2026-03-24 16:59:45,091 - DEBUG - CaseID: 144 - expected_results: [{'name': 'global_control', 'args': {'action': 'cancel'}}]
2026-03-24 16:59:45,091 - DEBUG - CaseID: 144 - actual_results: [{'name': 'global_control', 'args': {'action': 'cancel'}}]
2026-03-24 16:59:45,091 - DEBUG - CaseID: 144 - expected_keys: {('global_control', '{"action": "cancel"}')}
2026-03-24 16:59:45,091 - DEBUG - CaseID: 144 - actual_keys: {('global_control', '{"action": "cancel"}')}
2026-03-24 16:59:45,092 - DEBUG - CaseID: 145 - parse_multi_results输入 - name_str: 'global_control', args_str: '{"action":"confirm"}'
2026-03-24 16:59:45,092 - DEBUG - CaseID: 145 - parse_multi_results输出: [{'name': 'global_control', 'args': {'action': 'confirm'}}]
2026-03-24 16:59:45,092 - DEBUG - CaseID: 145 - parse_multi_results输入 - name_str: 'global_control', args_str: '{"action":"confirm"}'
2026-03-24 16:59:45,092 - DEBUG - CaseID: 145 - parse_multi_results输出: [{'name': 'global_control', 'args': {'action': 'confirm'}}]
2026-03-24 16:59:45,092 - DEBUG - CaseID: 145 - expected_results: [{'name': 'global_control', 'args': {'action': 'confirm'}}]
2026-03-24 16:59:45,092 - DEBUG - CaseID: 145 - actual_results: [{'name': 'global_control', 'args': {'action': 'confirm'}}]
2026-03-24 16:59:45,092 - DEBUG - CaseID: 145 - expected_keys: {('global_control', '{"action": "confirm"}')}
2026-03-24 16:59:45,092 - DEBUG - CaseID: 145 - actual_keys: {('global_control', '{"action": "confirm"}')}
2026-03-24 16:59:45,092 - DEBUG - CaseID: 146 - parse_multi_results输入 - name_str: 'global_control', args_str: '{"action":"cancel"}'
2026-03-24 16:59:45,092 - DEBUG - CaseID: 146 - parse_multi_results输出: [{'name': 'global_control', 'args': {'action': 'cancel'}}]
2026-03-24 16:59:45,092 - DEBUG - CaseID: 146 - parse_multi_results输入 - name_str: 'global_control', args_str: '{"action":"cancel"}'
2026-03-24 16:59:45,092 - DEBUG - CaseID: 146 - parse_multi_results输出: [{'name': 'global_control', 'args': {'action': 'cancel'}}]
2026-03-24 16:59:45,092 - DEBUG - CaseID: 146 - expected_results: [{'name': 'global_control', 'args': {'action': 'cancel'}}]
2026-03-24 16:59:45,092 - DEBUG - CaseID: 146 - actual_results: [{'name': 'global_control', 'args': {'action': 'cancel'}}]
2026-03-24 16:59:45,092 - DEBUG - CaseID: 146 - expected_keys: {('global_control', '{"action": "cancel"}')}
2026-03-24 16:59:45,092 - DEBUG - CaseID: 146 - actual_keys: {('global_control', '{"action": "cancel"}')}
2026-03-24 16:59:45,092 - DEBUG - CaseID: 147 - parse_multi_results输入 - name_str: 'global_control', args_str: '{"action":"confirm"}'
2026-03-24 16:59:45,092 - DEBUG - CaseID: 147 - parse_multi_results输出: [{'name': 'global_control', 'args': {'action': 'confirm'}}]
2026-03-24 16:59:45,092 - DEBUG - CaseID: 147 - parse_multi_results输入 - name_str: 'global_control', args_str: '{"action":"confirm"}'
2026-03-24 16:59:45,092 - DEBUG - CaseID: 147 - parse_multi_results输出: [{'name': 'global_control', 'args': {'action': 'confirm'}}]
2026-03-24 16:59:45,092 - DEBUG - CaseID: 147 - expected_results: [{'name': 'global_control', 'args': {'action': 'confirm'}}]
2026-03-24 16:59:45,092 - DEBUG - CaseID: 147 - actual_results: [{'name': 'global_control', 'args': {'action': 'confirm'}}]
2026-03-24 16:59:45,092 - DEBUG - CaseID: 147 - expected_keys: {('global_control', '{"action": "confirm"}')}
2026-03-24 16:59:45,092 - DEBUG - CaseID: 147 - actual_keys: {('global_control', '{"action": "confirm"}')}
2026-03-24 16:59:45,092 - DEBUG - CaseID: 148 - parse_multi_results输入 - name_str: 'global_control', args_str: '{"action":"cancel"}'
2026-03-24 16:59:45,092 - DEBUG - CaseID: 148 - parse_multi_results输出: [{'name': 'global_control', 'args': {'action': 'cancel'}}]
2026-03-24 16:59:45,092 - DEBUG - CaseID: 148 - parse_multi_results输入 - name_str: 'global_control', args_str: '{"action":"cancel"}'
2026-03-24 16:59:45,092 - DEBUG - CaseID: 148 - parse_multi_results输出: [{'name': 'global_control', 'args': {'action': 'cancel'}}]
2026-03-24 16:59:45,092 - DEBUG - CaseID: 148 - expected_results: [{'name': 'global_control', 'args': {'action': 'cancel'}}]
2026-03-24 16:59:45,092 - DEBUG - CaseID: 148 - actual_results: [{'name': 'global_control', 'args': {'action': 'cancel'}}]
2026-03-24 16:59:45,092 - DEBUG - CaseID: 148 - expected_keys: {('global_control', '{"action": "cancel"}')}
2026-03-24 16:59:45,092 - DEBUG - CaseID: 148 - actual_keys: {('global_control', '{"action": "cancel"}')}
2026-03-24 16:59:45,092 - DEBUG - CaseID: 149 - parse_multi_results输入 - name_str: 'global_control', args_str: '{"action":"confirm"}'
2026-03-24 16:59:45,092 - DEBUG - CaseID: 149 - parse_multi_results输出: [{'name': 'global_control', 'args': {'action': 'confirm'}}]
2026-03-24 16:59:45,092 - DEBUG - CaseID: 149 - parse_multi_results输入 - name_str: 'global_control', args_str: '{"action":"confirm"}'
2026-03-24 16:59:45,092 - DEBUG - CaseID: 149 - parse_multi_results输出: [{'name': 'global_control', 'args': {'action': 'confirm'}}]
2026-03-24 16:59:45,092 - DEBUG - CaseID: 149 - expected_results: [{'name': 'global_control', 'args': {'action': 'confirm'}}]
2026-03-24 16:59:45,093 - DEBUG - CaseID: 149 - actual_results: [{'name': 'global_control', 'args': {'action': 'confirm'}}]
2026-03-24 16:59:45,093 - DEBUG - CaseID: 149 - expected_keys: {('global_control', '{"action": "confirm"}')}
2026-03-24 16:59:45,093 - DEBUG - CaseID: 149 - actual_keys: {('global_control', '{"action": "confirm"}')}
2026-03-24 16:59:45,093 - DEBUG - CaseID: 150 - parse_multi_results输入 - name_str: 'global_control', args_str: '{"action":"cancel"}'
2026-03-24 16:59:45,093 - DEBUG - CaseID: 150 - parse_multi_results输出: [{'name': 'global_control', 'args': {'action': 'cancel'}}]
2026-03-24 16:59:45,093 - DEBUG - CaseID: 150 - parse_multi_results输入 - name_str: 'global_control', args_str: '{"action":"cancel"}'
2026-03-24 16:59:45,093 - DEBUG - CaseID: 150 - parse_multi_results输出: [{'name': 'global_control', 'args': {'action': 'cancel'}}]
2026-03-24 16:59:45,093 - DEBUG - CaseID: 150 - expected_results: [{'name': 'global_control', 'args': {'action': 'cancel'}}]
2026-03-24 16:59:45,093 - DEBUG - CaseID: 150 - actual_results: [{'name': 'global_control', 'args': {'action': 'cancel'}}]
2026-03-24 16:59:45,093 - DEBUG - CaseID: 150 - expected_keys: {('global_control', '{"action": "cancel"}')}
2026-03-24 16:59:45,093 - DEBUG - CaseID: 150 - actual_keys: {('global_control', '{"action": "cancel"}')}
2026-03-24 16:59:45,093 - DEBUG - CaseID: 151 - parse_multi_results输入 - name_str: 'global_control', args_str: '{"action":"confirm"}'
2026-03-24 16:59:45,093 - DEBUG - CaseID: 151 - parse_multi_results输出: [{'name': 'global_control', 'args': {'action': 'confirm'}}]
2026-03-24 16:59:45,093 - DEBUG - CaseID: 151 - parse_multi_results输入 - name_str: 'global_control', args_str: '{"action":"confirm"}'
2026-03-24 16:59:45,093 - DEBUG - CaseID: 151 - parse_multi_results输出: [{'name': 'global_control', 'args': {'action': 'confirm'}}]
2026-03-24 16:59:45,093 - DEBUG - CaseID: 151 - expected_results: [{'name': 'global_control', 'args': {'action': 'confirm'}}]
2026-03-24 16:59:45,093 - DEBUG - CaseID: 151 - actual_results: [{'name': 'global_control', 'args': {'action': 'confirm'}}]
2026-03-24 16:59:45,093 - DEBUG - CaseID: 151 - expected_keys: {('global_control', '{"action": "confirm"}')}
2026-03-24 16:59:45,093 - DEBUG - CaseID: 151 - actual_keys: {('global_control', '{"action": "confirm"}')}
2026-03-24 16:59:45,093 - DEBUG - CaseID: 152 - parse_multi_results输入 - name_str: 'global_control', args_str: '{"action":"confirm"}'
2026-03-24 16:59:45,093 - DEBUG - CaseID: 152 - parse_multi_results输出: [{'name': 'global_control', 'args': {'action': 'confirm'}}]
2026-03-24 16:59:45,093 - DEBUG - CaseID: 152 - parse_multi_results输入 - name_str: 'global_control', args_str: '{"action":"confirm"}'
2026-03-24 16:59:45,093 - DEBUG - CaseID: 152 - parse_multi_results输出: [{'name': 'global_control', 'args': {'action': 'confirm'}}]
2026-03-24 16:59:45,093 - DEBUG - CaseID: 152 - expected_results: [{'name': 'global_control', 'args': {'action': 'confirm'}}]
2026-03-24 16:59:45,093 - DEBUG - CaseID: 152 - actual_results: [{'name': 'global_control', 'args': {'action': 'confirm'}}]
2026-03-24 16:59:45,093 - DEBUG - CaseID: 152 - expected_keys: {('global_control', '{"action": "confirm"}')}
2026-03-24 16:59:45,093 - DEBUG - CaseID: 152 - actual_keys: {('global_control', '{"action": "confirm"}')}
2026-03-24 16:59:45,093 - DEBUG - CaseID: 153 - parse_multi_results输入 - name_str: 'global_control', args_str: '{"action":"confirm"}'
2026-03-24 16:59:45,093 - DEBUG - CaseID: 153 - parse_multi_results输出: [{'name': 'global_control', 'args': {'action': 'confirm'}}]
2026-03-24 16:59:45,093 - DEBUG - CaseID: 153 - parse_multi_results输入 - name_str: 'global_control', args_str: '{"action":"confirm"}'
2026-03-24 16:59:45,093 - DEBUG - CaseID: 153 - parse_multi_results输出: [{'name': 'global_control', 'args': {'action': 'confirm'}}]
2026-03-24 16:59:45,093 - DEBUG - CaseID: 153 - expected_results: [{'name': 'global_control', 'args': {'action': 'confirm'}}]
2026-03-24 16:59:45,093 - DEBUG - CaseID: 153 - actual_results: [{'name': 'global_control', 'args': {'action': 'confirm'}}]
2026-03-24 16:59:45,093 - DEBUG - CaseID: 153 - expected_keys: {('global_control', '{"action": "confirm"}')}
2026-03-24 16:59:45,093 - DEBUG - CaseID: 153 - actual_keys: {('global_control', '{"action": "confirm"}')}
2026-03-24 16:59:45,093 - DEBUG - CaseID: 154 - parse_multi_results输入 - name_str: 'global_control', args_str: '{"action":"confirm"}'
2026-03-24 16:59:45,094 - DEBUG - CaseID: 154 - parse_multi_results输出: [{'name': 'global_control', 'args': {'action': 'confirm'}}]
2026-03-24 16:59:45,094 - DEBUG - CaseID: 154 - parse_multi_results输入 - name_str: 'global_control', args_str: '{"action":"confirm"}'
2026-03-24 16:59:45,094 - DEBUG - CaseID: 154 - parse_multi_results输出: [{'name': 'global_control', 'args': {'action': 'confirm'}}]
2026-03-24 16:59:45,094 - DEBUG - CaseID: 154 - expected_results: [{'name': 'global_control', 'args': {'action': 'confirm'}}]
2026-03-24 16:59:45,094 - DEBUG - CaseID: 154 - actual_results: [{'name': 'global_control', 'args': {'action': 'confirm'}}]
2026-03-24 16:59:45,094 - DEBUG - CaseID: 154 - expected_keys: {('global_control', '{"action": "confirm"}')}
2026-03-24 16:59:45,094 - DEBUG - CaseID: 154 - actual_keys: {('global_control', '{"action": "confirm"}')}
2026-03-24 16:59:45,094 - DEBUG - CaseID: 155 - parse_multi_results输入 - name_str: 'global_control', args_str: '{"action":"confirm"}'
2026-03-24 16:59:45,094 - DEBUG - CaseID: 155 - parse_multi_results输出: [{'name': 'global_control', 'args': {'action': 'confirm'}}]
2026-03-24 16:59:45,094 - DEBUG - CaseID: 155 - parse_multi_results输入 - name_str: 'global_control', args_str: '{"action":"confirm"}'
2026-03-24 16:59:45,094 - DEBUG - CaseID: 155 - parse_multi_results输出: [{'name': 'global_control', 'args': {'action': 'confirm'}}]
2026-03-24 16:59:45,094 - DEBUG - CaseID: 155 - expected_results: [{'name': 'global_control', 'args': {'action': 'confirm'}}]
2026-03-24 16:59:45,094 - DEBUG - CaseID: 155 - actual_results: [{'name': 'global_control', 'args': {'action': 'confirm'}}]
2026-03-24 16:59:45,094 - DEBUG - CaseID: 155 - expected_keys: {('global_control', '{"action": "confirm"}')}
2026-03-24 16:59:45,094 - DEBUG - CaseID: 155 - actual_keys: {('global_control', '{"action": "confirm"}')}
2026-03-24 16:59:45,094 - DEBUG - CaseID: 156 - parse_multi_results输入 - name_str: 'global_control', args_str: '{"action":"cancel"}'
2026-03-24 16:59:45,094 - DEBUG - CaseID: 156 - parse_multi_results输出: [{'name': 'global_control', 'args': {'action': 'cancel'}}]
2026-03-24 16:59:45,094 - DEBUG - CaseID: 156 - parse_multi_results输入 - name_str: 'global_control', args_str: '{"action":"cancel"}'
2026-03-24 16:59:45,094 - DEBUG - CaseID: 156 - parse_multi_results输出: [{'name': 'global_control', 'args': {'action': 'cancel'}}]
2026-03-24 16:59:45,094 - DEBUG - CaseID: 156 - expected_results: [{'name': 'global_control', 'args': {'action': 'cancel'}}]
2026-03-24 16:59:45,094 - DEBUG - CaseID: 156 - actual_results: [{'name': 'global_control', 'args': {'action': 'cancel'}}]
2026-03-24 16:59:45,094 - DEBUG - CaseID: 156 - expected_keys: {('global_control', '{"action": "cancel"}')}
2026-03-24 16:59:45,094 - DEBUG - CaseID: 156 - actual_keys: {('global_control', '{"action": "cancel"}')}
2026-03-24 16:59:45,094 - DEBUG - CaseID: 157 - parse_multi_results输入 - name_str: 'global_control', args_str: '{"action":"confirm"}'
2026-03-24 16:59:45,094 - DEBUG - CaseID: 157 - parse_multi_results输出: [{'name': 'global_control', 'args': {'action': 'confirm'}}]
2026-03-24 16:59:45,094 - DEBUG - CaseID: 157 - parse_multi_results输入 - name_str: 'global_control', args_str: '{"action":"confirm"}'
2026-03-24 16:59:45,094 - DEBUG - CaseID: 157 - parse_multi_results输出: [{'name': 'global_control', 'args': {'action': 'confirm'}}]
2026-03-24 16:59:45,094 - DEBUG - CaseID: 157 - expected_results: [{'name': 'global_control', 'args': {'action': 'confirm'}}]
2026-03-24 16:59:45,094 - DEBUG - CaseID: 157 - actual_results: [{'name': 'global_control', 'args': {'action': 'confirm'}}]
2026-03-24 16:59:45,094 - DEBUG - CaseID: 157 - expected_keys: {('global_control', '{"action": "confirm"}')}
2026-03-24 16:59:45,094 - DEBUG - CaseID: 157 - actual_keys: {('global_control', '{"action": "confirm"}')}
2026-03-24 16:59:45,094 - DEBUG - CaseID: 158 - parse_multi_results输入 - name_str: 'global_control', args_str: '{"action":"cancel"}'
2026-03-24 16:59:45,094 - DEBUG - CaseID: 158 - parse_multi_results输出: [{'name': 'global_control', 'args': {'action': 'cancel'}}]
2026-03-24 16:59:45,094 - DEBUG - CaseID: 158 - parse_multi_results输入 - name_str: 'global_control', args_str: '{"action":"cancel"}'
2026-03-24 16:59:45,094 - DEBUG - CaseID: 158 - parse_multi_results输出: [{'name': 'global_control', 'args': {'action': 'cancel'}}]
2026-03-24 16:59:45,094 - DEBUG - CaseID: 158 - expected_results: [{'name': 'global_control', 'args': {'action': 'cancel'}}]
2026-03-24 16:59:45,094 - DEBUG - CaseID: 158 - actual_results: [{'name': 'global_control', 'args': {'action': 'cancel'}}]
2026-03-24 16:59:45,094 - DEBUG - CaseID: 158 - expected_keys: {('global_control', '{"action": "cancel"}')}
2026-03-24 16:59:45,095 - DEBUG - CaseID: 158 - actual_keys: {('global_control', '{"action": "cancel"}')}
2026-03-24 16:59:45,095 - DEBUG - CaseID: 159 - parse_multi_results输入 - name_str: 'device_control', args_str: '{"action":"adjust","range":"5度","entity":"REFRIGERATOR"}'
2026-03-24 16:59:45,095 - DEBUG - CaseID: 159 - parse_multi_results输出: [{'name': 'device_control', 'args': {'action': 'adjust', 'entity': 'REFRIGERATOR', 'range': '5度'}}]
2026-03-24 16:59:45,095 - DEBUG - CaseID: 159 - parse_multi_results输入 - name_str: 'device_control', args_str: '{"action":"adjust","range":"5度","entity":"REFRIGERATOR"}'
2026-03-24 16:59:45,095 - DEBUG - CaseID: 159 - parse_multi_results输出: [{'name': 'device_control', 'args': {'action': 'adjust', 'entity': 'REFRIGERATOR', 'range': '5度'}}]
2026-03-24 16:59:45,095 - DEBUG - CaseID: 159 - expected_results: [{'name': 'device_control', 'args': {'action': 'adjust', 'entity': 'REFRIGERATOR', 'range': '5度'}}]
2026-03-24 16:59:45,095 - DEBUG - CaseID: 159 - actual_results: [{'name': 'device_control', 'args': {'action': 'adjust', 'entity': 'REFRIGERATOR', 'range': '5度'}}]
2026-03-24 16:59:45,095 - DEBUG - CaseID: 159 - expected_keys: {('device_control', '{"action": "adjust", "entity": "REFRIGERATOR", "range": "5\\u5ea6"}')}
2026-03-24 16:59:45,095 - DEBUG - CaseID: 159 - actual_keys: {('device_control', '{"action": "adjust", "entity": "REFRIGERATOR", "range": "5\\u5ea6"}')}
2026-03-24 16:59:45,095 - DEBUG - CaseID: 160 - parse_multi_results输入 - name_str: 'device_control', args_str: '{"action":"adjust","range":"+","entity":"REFRIGERATOR"}'
2026-03-24 16:59:45,095 - DEBUG - CaseID: 160 - parse_multi_results输出: [{'name': 'device_control', 'args': {'action': 'adjust', 'entity': 'REFRIGERATOR', 'range': '+'}}]
2026-03-24 16:59:45,095 - DEBUG - CaseID: 160 - parse_multi_results输入 - name_str: 'device_control', args_str: '{"action":"adjust","range":"+","entity":"REFRIGERATOR"}'
2026-03-24 16:59:45,095 - DEBUG - CaseID: 160 - parse_multi_results输出: [{'name': 'device_control', 'args': {'action': 'adjust', 'entity': 'REFRIGERATOR', 'range': '+'}}]
2026-03-24 16:59:45,095 - DEBUG - CaseID: 160 - expected_results: [{'name': 'device_control', 'args': {'action': 'adjust', 'entity': 'REFRIGERATOR', 'range': '+'}}]
2026-03-24 16:59:45,095 - DEBUG - CaseID: 160 - actual_results: [{'name': 'device_control', 'args': {'action': 'adjust', 'entity': 'REFRIGERATOR', 'range': '+'}}]
2026-03-24 16:59:45,095 - DEBUG - CaseID: 160 - expected_keys: {('device_control', '{"action": "adjust", "entity": "REFRIGERATOR", "range": "+"}')}
2026-03-24 16:59:45,095 - DEBUG - CaseID: 160 - actual_keys: {('device_control', '{"action": "adjust", "entity": "REFRIGERATOR", "range": "+"}')}
2026-03-24 16:59:45,095 - DEBUG - CaseID: 161 - parse_multi_results输入 - name_str: 'device_control', args_str: '{"action":"adjust","range":"-","entity":"REFRIGERATOR"}'
2026-03-24 16:59:45,095 - DEBUG - CaseID: 161 - parse_multi_results输出: [{'name': 'device_control', 'args': {'action': 'adjust', 'entity': 'REFRIGERATOR', 'range': '-'}}]
2026-03-24 16:59:45,095 - DEBUG - CaseID: 161 - parse_multi_results输入 - name_str: 'volume_control', args_str: '{"action":"adjust","range":"-"}'
2026-03-24 16:59:45,095 - DEBUG - CaseID: 161 - parse_multi_results输出: [{'name': 'volume_control', 'args': {'action': 'adjust', 'range': '-'}}]
2026-03-24 16:59:45,095 - DEBUG - CaseID: 161 - expected_results: [{'name': 'device_control', 'args': {'action': 'adjust', 'entity': 'REFRIGERATOR', 'range': '-'}}]
2026-03-24 16:59:45,095 - DEBUG - CaseID: 161 - actual_results: [{'name': 'volume_control', 'args': {'action': 'adjust', 'range': '-'}}]
2026-03-24 16:59:45,095 - DEBUG - CaseID: 161 - expected_keys: {('device_control', '{"action": "adjust", "entity": "REFRIGERATOR", "range": "-"}')}
2026-03-24 16:59:45,095 - DEBUG - CaseID: 161 - actual_keys: {('volume_control', '{"action": "adjust", "range": "-"}')}
2026-03-24 16:59:45,095 - ERROR - CaseID: 161
实际结果缺少以下预期项：
  名称: device_control, 参数: {"action": "adjust", "entity": "REFRIGERATOR", "range": "-"}
实际结果多出以下非预期项：
  名称: volume_control, 参数: {"action": "adjust", "range": "-"}
2026-03-24 16:59:45,095 - DEBUG - CaseID: 162 - parse_multi_results输入 - name_str: 'device_control', args_str: '{"action":"adjust","range":"＝-1度","entity":"REFRIGERATOR"}'
2026-03-24 16:59:45,095 - DEBUG - CaseID: 162 - parse_multi_results输出: [{'name': 'device_control', 'args': {'action': 'adjust', 'entity': 'REFRIGERATOR', 'range': '＝-1度'}}]
2026-03-24 16:59:45,095 - DEBUG - CaseID: 162 - parse_multi_results输入 - name_str: 'device_control', args_str: '{"action":"adjust","range":"＝-1度","entity":"REFRIGERATOR"}'
2026-03-24 16:59:45,095 - DEBUG - CaseID: 162 - parse_multi_results输出: [{'name': 'device_control', 'args': {'action': 'adjust', 'entity': 'REFRIGERATOR', 'range': '＝-1度'}}]
2026-03-24 16:59:45,095 - DEBUG - CaseID: 162 - expected_results: [{'name': 'device_control', 'args': {'action': 'adjust', 'entity': 'REFRIGERATOR', 'range': '＝-1度'}}]
2026-03-24 16:59:45,095 - DEBUG - CaseID: 162 - actual_results: [{'name': 'device_control', 'args': {'action': 'adjust', 'entity': 'REFRIGERATOR', 'range': '＝-1度'}}]
2026-03-24 16:59:45,095 - DEBUG - CaseID: 162 - expected_keys: {('device_control', '{"action": "adjust", "entity": "REFRIGERATOR", "range": "\\uff1d-1\\u5ea6"}')}
2026-03-24 16:59:45,095 - DEBUG - CaseID: 162 - actual_keys: {('device_control', '{"action": "adjust", "entity": "REFRIGERATOR", "range": "\\uff1d-1\\u5ea6"}')}
2026-03-24 16:59:45,095 - DEBUG - CaseID: 163 - parse_multi_results输入 - name_str: 'device_control', args_str: '{"action":"adjust","range":"3度","entity":"REFRIGERATOR"}'
2026-03-24 16:59:45,096 - DEBUG - CaseID: 163 - parse_multi_results输出: [{'name': 'device_control', 'args': {'action': 'adjust', 'entity': 'REFRIGERATOR', 'range': '3度'}}]
2026-03-24 16:59:45,096 - DEBUG - CaseID: 163 - parse_multi_results输入 - name_str: 'device_control', args_str: '{"action":"adjust","range":"3度","entity":"REFRIGERATOR"}'
2026-03-24 16:59:45,096 - DEBUG - CaseID: 163 - parse_multi_results输出: [{'name': 'device_control', 'args': {'action': 'adjust', 'entity': 'REFRIGERATOR', 'range': '3度'}}]
2026-03-24 16:59:45,096 - DEBUG - CaseID: 163 - expected_results: [{'name': 'device_control', 'args': {'action': 'adjust', 'entity': 'REFRIGERATOR', 'range': '3度'}}]
2026-03-24 16:59:45,096 - DEBUG - CaseID: 163 - actual_results: [{'name': 'device_control', 'args': {'action': 'adjust', 'entity': 'REFRIGERATOR', 'range': '3度'}}]
2026-03-24 16:59:45,096 - DEBUG - CaseID: 163 - expected_keys: {('device_control', '{"action": "adjust", "entity": "REFRIGERATOR", "range": "3\\u5ea6"}')}
2026-03-24 16:59:45,096 - DEBUG - CaseID: 163 - actual_keys: {('device_control', '{"action": "adjust", "entity": "REFRIGERATOR", "range": "3\\u5ea6"}')}
2026-03-24 16:59:45,096 - DEBUG - CaseID: 164 - parse_multi_results输入 - name_str: 'device_control', args_str: '{"action":"adjust","range":"10度","entity":"REFRIGERATOR"}'
2026-03-24 16:59:45,096 - DEBUG - CaseID: 164 - parse_multi_results输出: [{'name': 'device_control', 'args': {'action': 'adjust', 'entity': 'REFRIGERATOR', 'range': '10度'}}]
2026-03-24 16:59:45,096 - DEBUG - CaseID: 164 - parse_multi_results输入 - name_str: 'device_control', args_str: '{"action":"adjust","range":"10度","entity":"REFRIGERATOR"}'
2026-03-24 16:59:45,096 - DEBUG - CaseID: 164 - parse_multi_results输出: [{'name': 'device_control', 'args': {'action': 'adjust', 'entity': 'REFRIGERATOR', 'range': '10度'}}]
2026-03-24 16:59:45,096 - DEBUG - CaseID: 164 - expected_results: [{'name': 'device_control', 'args': {'action': 'adjust', 'entity': 'REFRIGERATOR', 'range': '10度'}}]
2026-03-24 16:59:45,096 - DEBUG - CaseID: 164 - actual_results: [{'name': 'device_control', 'args': {'action': 'adjust', 'entity': 'REFRIGERATOR', 'range': '10度'}}]
2026-03-24 16:59:45,096 - DEBUG - CaseID: 164 - expected_keys: {('device_control', '{"action": "adjust", "entity": "REFRIGERATOR", "range": "10\\u5ea6"}')}
2026-03-24 16:59:45,096 - DEBUG - CaseID: 164 - actual_keys: {('device_control', '{"action": "adjust", "entity": "REFRIGERATOR", "range": "10\\u5ea6"}')}
2026-03-24 16:59:45,096 - DEBUG - CaseID: 165 - parse_multi_results输入 - name_str: 'device_control', args_str: '{"action":"adjust","range":"40度","entity":"REFRIGERATOR"}'
2026-03-24 16:59:45,096 - DEBUG - CaseID: 165 - parse_multi_results输出: [{'name': 'device_control', 'args': {'action': 'adjust', 'entity': 'REFRIGERATOR', 'range': '40度'}}]
2026-03-24 16:59:45,096 - DEBUG - CaseID: 165 - parse_multi_results输入 - name_str: 'device_control', args_str: '{"action":"adjust","range":"40度","entity":"REFRIGERATOR"}'
2026-03-24 16:59:45,096 - DEBUG - CaseID: 165 - parse_multi_results输出: [{'name': 'device_control', 'args': {'action': 'adjust', 'entity': 'REFRIGERATOR', 'range': '40度'}}]
2026-03-24 16:59:45,096 - DEBUG - CaseID: 165 - expected_results: [{'name': 'device_control', 'args': {'action': 'adjust', 'entity': 'REFRIGERATOR', 'range': '40度'}}]
2026-03-24 16:59:45,096 - DEBUG - CaseID: 165 - actual_results: [{'name': 'device_control', 'args': {'action': 'adjust', 'entity': 'REFRIGERATOR', 'range': '40度'}}]
2026-03-24 16:59:45,096 - DEBUG - CaseID: 165 - expected_keys: {('device_control', '{"action": "adjust", "entity": "REFRIGERATOR", "range": "40\\u5ea6"}')}
2026-03-24 16:59:45,096 - DEBUG - CaseID: 165 - actual_keys: {('device_control', '{"action": "adjust", "entity": "REFRIGERATOR", "range": "40\\u5ea6"}')}
2026-03-24 16:59:45,096 - DEBUG - CaseID: 166 - parse_multi_results输入 - name_str: 'device_control', args_str: '{"action":"adjust","range":"60度","entity":"REFRIGERATOR"}'
2026-03-24 16:59:45,096 - DEBUG - CaseID: 166 - parse_multi_results输出: [{'name': 'device_control', 'args': {'action': 'adjust', 'entity': 'REFRIGERATOR', 'range': '60度'}}]
2026-03-24 16:59:45,096 - DEBUG - CaseID: 166 - parse_multi_results输入 - name_str: 'device_control', args_str: '{"action":"adjust","range":"60度","entity":"REFRIGERATOR"}'
2026-03-24 16:59:45,096 - DEBUG - CaseID: 166 - parse_multi_results输出: [{'name': 'device_control', 'args': {'action': 'adjust', 'entity': 'REFRIGERATOR', 'range': '60度'}}]
2026-03-24 16:59:45,096 - DEBUG - CaseID: 166 - expected_results: [{'name': 'device_control', 'args': {'action': 'adjust', 'entity': 'REFRIGERATOR', 'range': '60度'}}]
2026-03-24 16:59:45,096 - DEBUG - CaseID: 166 - actual_results: [{'name': 'device_control', 'args': {'action': 'adjust', 'entity': 'REFRIGERATOR', 'range': '60度'}}]
2026-03-24 16:59:45,096 - DEBUG - CaseID: 166 - expected_keys: {('device_control', '{"action": "adjust", "entity": "REFRIGERATOR", "range": "60\\u5ea6"}')}
2026-03-24 16:59:45,096 - DEBUG - CaseID: 166 - actual_keys: {('device_control', '{"action": "adjust", "entity": "REFRIGERATOR", "range": "60\\u5ea6"}')}
2026-03-24 16:59:45,096 - DEBUG - CaseID: 167 - parse_multi_results输入 - name_str: 'device_control', args_str: '{"action":"turnon","position":"LEFT","entity":"CAR_DOOR"}'
2026-03-24 16:59:45,096 - DEBUG - CaseID: 167 - parse_multi_results输出: [{'name': 'device_control', 'args': {'action': 'turnon', 'entity': 'CAR_DOOR', 'position': 'LEFT'}}]
2026-03-24 16:59:45,096 - DEBUG - CaseID: 167 - parse_multi_results输入 - name_str: 'device_control', args_str: '{"action":"turnon","position":"LEFT","entity":"CAR_DOOR"}'
2026-03-24 16:59:45,096 - DEBUG - CaseID: 167 - parse_multi_results输出: [{'name': 'device_control', 'args': {'action': 'turnon', 'entity': 'CAR_DOOR', 'position': 'LEFT'}}]
2026-03-24 16:59:45,096 - DEBUG - CaseID: 167 - expected_results: [{'name': 'device_control', 'args': {'action': 'turnon', 'entity': 'CAR_DOOR', 'position': 'LEFT'}}]
2026-03-24 16:59:45,096 - DEBUG - CaseID: 167 - actual_results: [{'name': 'device_control', 'args': {'action': 'turnon', 'entity': 'CAR_DOOR', 'position': 'LEFT'}}]
2026-03-24 16:59:45,097 - DEBUG - CaseID: 167 - expected_keys: {('device_control', '{"action": "turnon", "entity": "CAR_DOOR", "position": "LEFT"}')}
2026-03-24 16:59:45,097 - DEBUG - CaseID: 167 - actual_keys: {('device_control', '{"action": "turnon", "entity": "CAR_DOOR", "position": "LEFT"}')}
2026-03-24 16:59:45,097 - DEBUG - CaseID: 168 - parse_multi_results输入 - name_str: 'device_control', args_str: '{"action":"turnon","position":"LEFT","entity":"SLIDING_DOOR"}'
2026-03-24 16:59:45,097 - DEBUG - CaseID: 168 - parse_multi_results输出: [{'name': 'device_control', 'args': {'action': 'turnon', 'entity': 'SLIDING_DOOR', 'position': 'LEFT'}}]
2026-03-24 16:59:45,097 - DEBUG - CaseID: 168 - parse_multi_results输入 - name_str: 'device_control', args_str: '{"action":"turnon","position":"LEFT","entity":"SLIDING_DOOR"}'
2026-03-24 16:59:45,097 - DEBUG - CaseID: 168 - parse_multi_results输出: [{'name': 'device_control', 'args': {'action': 'turnon', 'entity': 'SLIDING_DOOR', 'position': 'LEFT'}}]
2026-03-24 16:59:45,097 - DEBUG - CaseID: 168 - expected_results: [{'name': 'device_control', 'args': {'action': 'turnon', 'entity': 'SLIDING_DOOR', 'position': 'LEFT'}}]
2026-03-24 16:59:45,097 - DEBUG - CaseID: 168 - actual_results: [{'name': 'device_control', 'args': {'action': 'turnon', 'entity': 'SLIDING_DOOR', 'position': 'LEFT'}}]
2026-03-24 16:59:45,097 - DEBUG - CaseID: 168 - expected_keys: {('device_control', '{"action": "turnon", "entity": "SLIDING_DOOR", "position": "LEFT"}')}
2026-03-24 16:59:45,097 - DEBUG - CaseID: 168 - actual_keys: {('device_control', '{"action": "turnon", "entity": "SLIDING_DOOR", "position": "LEFT"}')}
2026-03-24 16:59:45,097 - DEBUG - CaseID: 169 - parse_multi_results输入 - name_str: 'device_control', args_str: '{"action":"turnoff","position":"LEFT","entity":"SLIDING_DOOR"}'
2026-03-24 16:59:45,097 - DEBUG - CaseID: 169 - parse_multi_results输出: [{'name': 'device_control', 'args': {'action': 'turnoff', 'entity': 'SLIDING_DOOR', 'position': 'LEFT'}}]
2026-03-24 16:59:45,097 - DEBUG - CaseID: 169 - parse_multi_results输入 - name_str: 'device_control', args_str: '{"action":"turnoff","position":"LEFT","entity":"SLIDING_DOOR"}'
2026-03-24 16:59:45,097 - DEBUG - CaseID: 169 - parse_multi_results输出: [{'name': 'device_control', 'args': {'action': 'turnoff', 'entity': 'SLIDING_DOOR', 'position': 'LEFT'}}]
2026-03-24 16:59:45,097 - DEBUG - CaseID: 169 - expected_results: [{'name': 'device_control', 'args': {'action': 'turnoff', 'entity': 'SLIDING_DOOR', 'position': 'LEFT'}}]
2026-03-24 16:59:45,097 - DEBUG - CaseID: 169 - actual_results: [{'name': 'device_control', 'args': {'action': 'turnoff', 'entity': 'SLIDING_DOOR', 'position': 'LEFT'}}]
2026-03-24 16:59:45,097 - DEBUG - CaseID: 169 - expected_keys: {('device_control', '{"action": "turnoff", "entity": "SLIDING_DOOR", "position": "LEFT"}')}
2026-03-24 16:59:45,097 - DEBUG - CaseID: 169 - actual_keys: {('device_control', '{"action": "turnoff", "entity": "SLIDING_DOOR", "position": "LEFT"}')}
2026-03-24 16:59:45,097 - DEBUG - CaseID: 170 - parse_multi_results输入 - name_str: 'device_control', args_str: '{"action":"turnon","position":"LEFT","entity":"SLIDING_DOOR"}'
2026-03-24 16:59:45,097 - DEBUG - CaseID: 170 - parse_multi_results输出: [{'name': 'device_control', 'args': {'action': 'turnon', 'entity': 'SLIDING_DOOR', 'position': 'LEFT'}}]
2026-03-24 16:59:45,097 - DEBUG - CaseID: 170 - parse_multi_results输入 - name_str: 'device_control', args_str: '{"action":"turnon","position":"LEFT","entity":"SLIDING_DOOR"}'
2026-03-24 16:59:45,097 - DEBUG - CaseID: 170 - parse_multi_results输出: [{'name': 'device_control', 'args': {'action': 'turnon', 'entity': 'SLIDING_DOOR', 'position': 'LEFT'}}]
2026-03-24 16:59:45,097 - DEBUG - CaseID: 170 - expected_results: [{'name': 'device_control', 'args': {'action': 'turnon', 'entity': 'SLIDING_DOOR', 'position': 'LEFT'}}]
2026-03-24 16:59:45,097 - DEBUG - CaseID: 170 - actual_results: [{'name': 'device_control', 'args': {'action': 'turnon', 'entity': 'SLIDING_DOOR', 'position': 'LEFT'}}]
2026-03-24 16:59:45,097 - DEBUG - CaseID: 170 - expected_keys: {('device_control', '{"action": "turnon", "entity": "SLIDING_DOOR", "position": "LEFT"}')}
2026-03-24 16:59:45,097 - DEBUG - CaseID: 170 - actual_keys: {('device_control', '{"action": "turnon", "entity": "SLIDING_DOOR", "position": "LEFT"}')}
2026-03-24 16:59:45,097 - DEBUG - CaseID: 171 - parse_multi_results输入 - name_str: 'device_control', args_str: '{"action":"turnon","position":"BOTH_SIDES","entity":"SLIDING_DOOR"}'
2026-03-24 16:59:45,097 - DEBUG - CaseID: 171 - parse_multi_results输出: [{'name': 'device_control', 'args': {'action': 'turnon', 'entity': 'SLIDING_DOOR', 'position': 'BOTH_SIDES'}}]
2026-03-24 16:59:45,097 - DEBUG - CaseID: 171 - parse_multi_results输入 - name_str: 'device_control', args_str: '{"action":"turnon","position":"BOTH_SIDES","entity":"SLIDING_DOOR"}'
2026-03-24 16:59:45,097 - DEBUG - CaseID: 171 - parse_multi_results输出: [{'name': 'device_control', 'args': {'action': 'turnon', 'entity': 'SLIDING_DOOR', 'position': 'BOTH_SIDES'}}]
2026-03-24 16:59:45,097 - DEBUG - CaseID: 171 - expected_results: [{'name': 'device_control', 'args': {'action': 'turnon', 'entity': 'SLIDING_DOOR', 'position': 'BOTH_SIDES'}}]
2026-03-24 16:59:45,097 - DEBUG - CaseID: 171 - actual_results: [{'name': 'device_control', 'args': {'action': 'turnon', 'entity': 'SLIDING_DOOR', 'position': 'BOTH_SIDES'}}]
2026-03-24 16:59:45,097 - DEBUG - CaseID: 171 - expected_keys: {('device_control', '{"action": "turnon", "entity": "SLIDING_DOOR", "position": "BOTH_SIDES"}')}
2026-03-24 16:59:45,097 - DEBUG - CaseID: 171 - actual_keys: {('device_control', '{"action": "turnon", "entity": "SLIDING_DOOR", "position": "BOTH_SIDES"}')}
2026-03-24 16:59:45,097 - DEBUG - CaseID: 172 - parse_multi_results输入 - name_str: 'device_control', args_str: '{"action":"turnon","position":"LEFT","entity":"CAR_DOOR"}'
2026-03-24 16:59:45,097 - DEBUG - CaseID: 172 - parse_multi_results输出: [{'name': 'device_control', 'args': {'action': 'turnon', 'entity': 'CAR_DOOR', 'position': 'LEFT'}}]
2026-03-24 16:59:45,098 - DEBUG - CaseID: 172 - parse_multi_results输入 - name_str: 'device_control', args_str: '{"action":"turnon","position":"LEFT","entity":"CAR_DOOR"}'
2026-03-24 16:59:45,098 - DEBUG - CaseID: 172 - parse_multi_results输出: [{'name': 'device_control', 'args': {'action': 'turnon', 'entity': 'CAR_DOOR', 'position': 'LEFT'}}]
2026-03-24 16:59:45,098 - DEBUG - CaseID: 172 - expected_results: [{'name': 'device_control', 'args': {'action': 'turnon', 'entity': 'CAR_DOOR', 'position': 'LEFT'}}]
2026-03-24 16:59:45,098 - DEBUG - CaseID: 172 - actual_results: [{'name': 'device_control', 'args': {'action': 'turnon', 'entity': 'CAR_DOOR', 'position': 'LEFT'}}]
2026-03-24 16:59:45,098 - DEBUG - CaseID: 172 - expected_keys: {('device_control', '{"action": "turnon", "entity": "CAR_DOOR", "position": "LEFT"}')}
2026-03-24 16:59:45,098 - DEBUG - CaseID: 172 - actual_keys: {('device_control', '{"action": "turnon", "entity": "CAR_DOOR", "position": "LEFT"}')}
2026-03-24 16:59:45,098 - DEBUG - CaseID: 173 - parse_multi_results输入 - name_str: 'device_control', args_str: '{"action":"turnoff","position":"LEFT","entity":"SLIDING_DOOR"}'
2026-03-24 16:59:45,098 - DEBUG - CaseID: 173 - parse_multi_results输出: [{'name': 'device_control', 'args': {'action': 'turnoff', 'entity': 'SLIDING_DOOR', 'position': 'LEFT'}}]
2026-03-24 16:59:45,098 - DEBUG - CaseID: 173 - parse_multi_results输入 - name_str: 'device_control', args_str: '{"action":"turnoff","position":"LEFT","entity":"SLIDING_DOOR"}'
2026-03-24 16:59:45,098 - DEBUG - CaseID: 173 - parse_multi_results输出: [{'name': 'device_control', 'args': {'action': 'turnoff', 'entity': 'SLIDING_DOOR', 'position': 'LEFT'}}]
2026-03-24 16:59:45,098 - DEBUG - CaseID: 173 - expected_results: [{'name': 'device_control', 'args': {'action': 'turnoff', 'entity': 'SLIDING_DOOR', 'position': 'LEFT'}}]
2026-03-24 16:59:45,098 - DEBUG - CaseID: 173 - actual_results: [{'name': 'device_control', 'args': {'action': 'turnoff', 'entity': 'SLIDING_DOOR', 'position': 'LEFT'}}]
2026-03-24 16:59:45,098 - DEBUG - CaseID: 173 - expected_keys: {('device_control', '{"action": "turnoff", "entity": "SLIDING_DOOR", "position": "LEFT"}')}
2026-03-24 16:59:45,098 - DEBUG - CaseID: 173 - actual_keys: {('device_control', '{"action": "turnoff", "entity": "SLIDING_DOOR", "position": "LEFT"}')}
2026-03-24 16:59:45,098 - DEBUG - CaseID: 174 - parse_multi_results输入 - name_str: 'device_control', args_str: '{"action":"turnoff","position":"BOTH_SIDES","entity":"SLIDING_DOOR"}'
2026-03-24 16:59:45,098 - DEBUG - CaseID: 174 - parse_multi_results输出: [{'name': 'device_control', 'args': {'action': 'turnoff', 'entity': 'SLIDING_DOOR', 'position': 'BOTH_SIDES'}}]
2026-03-24 16:59:45,098 - DEBUG - CaseID: 174 - parse_multi_results输入 - name_str: 'device_control', args_str: '{"action":"turnoff","position":"BOTH_SIDES","entity":"SLIDING_DOOR"}'
2026-03-24 16:59:45,098 - DEBUG - CaseID: 174 - parse_multi_results输出: [{'name': 'device_control', 'args': {'action': 'turnoff', 'entity': 'SLIDING_DOOR', 'position': 'BOTH_SIDES'}}]
2026-03-24 16:59:45,098 - DEBUG - CaseID: 174 - expected_results: [{'name': 'device_control', 'args': {'action': 'turnoff', 'entity': 'SLIDING_DOOR', 'position': 'BOTH_SIDES'}}]
2026-03-24 16:59:45,098 - DEBUG - CaseID: 174 - actual_results: [{'name': 'device_control', 'args': {'action': 'turnoff', 'entity': 'SLIDING_DOOR', 'position': 'BOTH_SIDES'}}]
2026-03-24 16:59:45,098 - DEBUG - CaseID: 174 - expected_keys: {('device_control', '{"action": "turnoff", "entity": "SLIDING_DOOR", "position": "BOTH_SIDES"}')}
2026-03-24 16:59:45,098 - DEBUG - CaseID: 174 - actual_keys: {('device_control', '{"action": "turnoff", "entity": "SLIDING_DOOR", "position": "BOTH_SIDES"}')}
2026-03-24 16:59:45,098 - DEBUG - CaseID: 175 - parse_multi_results输入 - name_str: 'device_control', args_str: '{"action":"turnoff","position":"RIGHT","entity":"CAR_DOOR"}'
2026-03-24 16:59:45,098 - DEBUG - CaseID: 175 - parse_multi_results输出: [{'name': 'device_control', 'args': {'action': 'turnoff', 'entity': 'CAR_DOOR', 'position': 'RIGHT'}}]
2026-03-24 16:59:45,098 - DEBUG - CaseID: 175 - parse_multi_results输入 - name_str: 'device_control', args_str: '{"action":"turnoff","position":"RIGHT","entity":"CAR_DOOR"}'
2026-03-24 16:59:45,098 - DEBUG - CaseID: 175 - parse_multi_results输出: [{'name': 'device_control', 'args': {'action': 'turnoff', 'entity': 'CAR_DOOR', 'position': 'RIGHT'}}]
2026-03-24 16:59:45,098 - DEBUG - CaseID: 175 - expected_results: [{'name': 'device_control', 'args': {'action': 'turnoff', 'entity': 'CAR_DOOR', 'position': 'RIGHT'}}]
2026-03-24 16:59:45,098 - DEBUG - CaseID: 175 - actual_results: [{'name': 'device_control', 'args': {'action': 'turnoff', 'entity': 'CAR_DOOR', 'position': 'RIGHT'}}]
2026-03-24 16:59:45,098 - DEBUG - CaseID: 175 - expected_keys: {('device_control', '{"action": "turnoff", "entity": "CAR_DOOR", "position": "RIGHT"}')}
2026-03-24 16:59:45,098 - DEBUG - CaseID: 175 - actual_keys: {('device_control', '{"action": "turnoff", "entity": "CAR_DOOR", "position": "RIGHT"}')}
2026-03-24 16:59:45,098 - DEBUG - CaseID: 176 - parse_multi_results输入 - name_str: 'global_control', args_str: '{"action":"confirm"}'
2026-03-24 16:59:45,098 - DEBUG - CaseID: 176 - parse_multi_results输出: [{'name': 'global_control', 'args': {'action': 'confirm'}}]
2026-03-24 16:59:45,098 - DEBUG - CaseID: 176 - parse_multi_results输入 - name_str: 'global_control', args_str: '{"action":"confirm"}'
2026-03-24 16:59:45,098 - DEBUG - CaseID: 176 - parse_multi_results输出: [{'name': 'global_control', 'args': {'action': 'confirm'}}]
2026-03-24 16:59:45,098 - DEBUG - CaseID: 176 - expected_results: [{'name': 'global_control', 'args': {'action': 'confirm'}}]
2026-03-24 16:59:45,098 - DEBUG - CaseID: 176 - actual_results: [{'name': 'global_control', 'args': {'action': 'confirm'}}]
2026-03-24 16:59:45,099 - DEBUG - CaseID: 176 - expected_keys: {('global_control', '{"action": "confirm"}')}
2026-03-24 16:59:45,099 - DEBUG - CaseID: 176 - actual_keys: {('global_control', '{"action": "confirm"}')}
2026-03-24 16:59:45,099 - DEBUG - CaseID: 177 - parse_multi_results输入 - name_str: 'global_control', args_str: '{"action":"confirm"}'
2026-03-24 16:59:45,099 - DEBUG - CaseID: 177 - parse_multi_results输出: [{'name': 'global_control', 'args': {'action': 'confirm'}}]
2026-03-24 16:59:45,099 - DEBUG - CaseID: 177 - parse_multi_results输入 - name_str: 'global_control', args_str: '{"action":"confirm"}'
2026-03-24 16:59:45,099 - DEBUG - CaseID: 177 - parse_multi_results输出: [{'name': 'global_control', 'args': {'action': 'confirm'}}]
2026-03-24 16:59:45,099 - DEBUG - CaseID: 177 - expected_results: [{'name': 'global_control', 'args': {'action': 'confirm'}}]
2026-03-24 16:59:45,099 - DEBUG - CaseID: 177 - actual_results: [{'name': 'global_control', 'args': {'action': 'confirm'}}]
2026-03-24 16:59:45,099 - DEBUG - CaseID: 177 - expected_keys: {('global_control', '{"action": "confirm"}')}
2026-03-24 16:59:45,099 - DEBUG - CaseID: 177 - actual_keys: {('global_control', '{"action": "confirm"}')}
2026-03-24 16:59:45,099 - DEBUG - CaseID: 178 - parse_multi_results输入 - name_str: 'charge_control', args_str: '{"action":"query","entity":"CHARGING_RECORD"}'
2026-03-24 16:59:45,099 - DEBUG - CaseID: 178 - parse_multi_results输出: [{'name': 'charge_control', 'args': {'action': 'query', 'entity': 'CHARGING_RECORD'}}]
2026-03-24 16:59:45,099 - DEBUG - CaseID: 178 - parse_multi_results输入 - name_str: 'charge_control', args_str: '{"action":"query","entity":"CHARGING_RECORD"}'
2026-03-24 16:59:45,099 - DEBUG - CaseID: 178 - parse_multi_results输出: [{'name': 'charge_control', 'args': {'action': 'query', 'entity': 'CHARGING_RECORD'}}]
2026-03-24 16:59:45,099 - DEBUG - CaseID: 178 - expected_results: [{'name': 'charge_control', 'args': {'action': 'query', 'entity': 'CHARGING_RECORD'}}]
2026-03-24 16:59:45,099 - DEBUG - CaseID: 178 - actual_results: [{'name': 'charge_control', 'args': {'action': 'query', 'entity': 'CHARGING_RECORD'}}]
2026-03-24 16:59:45,099 - DEBUG - CaseID: 178 - expected_keys: {('charge_control', '{"action": "query", "entity": "CHARGING_RECORD"}')}
2026-03-24 16:59:45,099 - DEBUG - CaseID: 178 - actual_keys: {('charge_control', '{"action": "query", "entity": "CHARGING_RECORD"}')}
2026-03-24 16:59:45,099 - DEBUG - CaseID: 179 - parse_multi_results输入 - name_str: 'charge_control', args_str: '{"action":"query","entity":"CHARGING_RECORD"}'
2026-03-24 16:59:45,099 - DEBUG - CaseID: 179 - parse_multi_results输出: [{'name': 'charge_control', 'args': {'action': 'query', 'entity': 'CHARGING_RECORD'}}]
2026-03-24 16:59:45,099 - DEBUG - CaseID: 179 - parse_multi_results输入 - name_str: 'note_retrieve', args_str: '{"query":"我上次是什么时候充电的","is_long":"false"}'
2026-03-24 16:59:45,099 - DEBUG - CaseID: 179 - parse_multi_results输出: [{'name': 'note_retrieve', 'args': {'is_long': 'false', 'query': '我上次是什么时候充电的'}}]
2026-03-24 16:59:45,099 - DEBUG - CaseID: 179 - expected_results: [{'name': 'charge_control', 'args': {'action': 'query', 'entity': 'CHARGING_RECORD'}}]
2026-03-24 16:59:45,099 - DEBUG - CaseID: 179 - actual_results: [{'name': 'note_retrieve', 'args': {'is_long': 'false', 'query': '我上次是什么时候充电的'}}]
2026-03-24 16:59:45,099 - DEBUG - CaseID: 179 - expected_keys: {('charge_control', '{"action": "query", "entity": "CHARGING_RECORD"}')}
2026-03-24 16:59:45,099 - DEBUG - CaseID: 179 - actual_keys: {('note_retrieve', '{"is_long": "false", "query": "\\u6211\\u4e0a\\u6b21\\u662f\\u4ec0\\u4e48\\u65f6\\u5019\\u5145\\u7535\\u7684"}')}
2026-03-24 16:59:45,099 - ERROR - CaseID: 179
实际结果缺少以下预期项：
  名称: charge_control, 参数: {"action": "query", "entity": "CHARGING_RECORD"}
实际结果多出以下非预期项：
  名称: note_retrieve, 参数: {"is_long": "false", "query": "\u6211\u4e0a\u6b21\u662f\u4ec0\u4e48\u65f6\u5019\u5145\u7535\u7684"}
2026-03-24 16:59:45,099 - DEBUG - CaseID: 180 - parse_multi_results输入 - name_str: 'charge_control', args_str: '{"action":"query","entity":"CHARGING_RECORD"}'
2026-03-24 16:59:45,099 - DEBUG - CaseID: 180 - parse_multi_results输出: [{'name': 'charge_control', 'args': {'action': 'query', 'entity': 'CHARGING_RECORD'}}]
2026-03-24 16:59:45,099 - DEBUG - CaseID: 180 - parse_multi_results输入 - name_str: 'charge_control', args_str: '{"action":"query","entity":"CHARGING_RECORD"}'
2026-03-24 16:59:45,099 - DEBUG - CaseID: 180 - parse_multi_results输出: [{'name': 'charge_control', 'args': {'action': 'query', 'entity': 'CHARGING_RECORD'}}]
2026-03-24 16:59:45,099 - DEBUG - CaseID: 180 - expected_results: [{'name': 'charge_control', 'args': {'action': 'query', 'entity': 'CHARGING_RECORD'}}]
2026-03-24 16:59:45,099 - DEBUG - CaseID: 180 - actual_results: [{'name': 'charge_control', 'args': {'action': 'query', 'entity': 'CHARGING_RECORD'}}]
2026-03-24 16:59:45,099 - DEBUG - CaseID: 180 - expected_keys: {('charge_control', '{"action": "query", "entity": "CHARGING_RECORD"}')}
2026-03-24 16:59:45,099 - DEBUG - CaseID: 180 - actual_keys: {('charge_control', '{"action": "query", "entity": "CHARGING_RECORD"}')}
2026-03-24 16:59:45,099 - DEBUG - CaseID: 181 - parse_multi_results输入 - name_str: 'charge_control', args_str: '{"action":"book","appointment_time":"今晚8点","entity":"CHARGING_RESERVATION"}'
2026-03-24 16:59:45,099 - DEBUG - CaseID: 181 - parse_multi_results输出: [{'name': 'charge_control', 'args': {'action': 'book', 'appointment_time': '今晚8点', 'entity': 'CHARGING_RESERVATION'}}]
2026-03-24 16:59:45,100 - DEBUG - CaseID: 181 - parse_multi_results输入 - name_str: 'charge_control', args_str: '{"appointment_time":"今晚8点","action":"book","entity":"CHARGING_RESERVATION"}'
2026-03-24 16:59:45,100 - DEBUG - CaseID: 181 - parse_multi_results输出: [{'name': 'charge_control', 'args': {'action': 'book', 'appointment_time': '今晚8点', 'entity': 'CHARGING_RESERVATION'}}]
2026-03-24 16:59:45,100 - DEBUG - CaseID: 181 - expected_results: [{'name': 'charge_control', 'args': {'action': 'book', 'appointment_time': '今晚8点', 'entity': 'CHARGING_RESERVATION'}}]
2026-03-24 16:59:45,100 - DEBUG - CaseID: 181 - actual_results: [{'name': 'charge_control', 'args': {'action': 'book', 'appointment_time': '今晚8点', 'entity': 'CHARGING_RESERVATION'}}]
2026-03-24 16:59:45,100 - DEBUG - CaseID: 181 - expected_keys: {('charge_control', '{"action": "book", "appointment_time": "\\u4eca\\u665a8\\u70b9", "entity": "CHARGING_RESERVATION"}')}
2026-03-24 16:59:45,100 - DEBUG - CaseID: 181 - actual_keys: {('charge_control', '{"action": "book", "appointment_time": "\\u4eca\\u665a8\\u70b9", "entity": "CHARGING_RESERVATION"}')}
2026-03-24 16:59:45,100 - DEBUG - CaseID: 182 - parse_multi_results输入 - name_str: 'charge_control', args_str: '{"action":"update","entity":"CHARGING_RESERVATION","function_option":"SPECIFIC_TIME_STOP"}'
2026-03-24 16:59:45,100 - DEBUG - CaseID: 182 - parse_multi_results输出: [{'name': 'charge_control', 'args': {'action': 'update', 'entity': 'CHARGING_RESERVATION', 'function_option': 'SPECIFIC_TIME_STOP'}}]
2026-03-24 16:59:45,100 - DEBUG - CaseID: 182 - parse_multi_results输入 - name_str: 'charge_control', args_str: '{"action":"update","function_option":"SPECIFIC_TIME_STOP","entity":"CHARGING_RESERVATION"}'
2026-03-24 16:59:45,100 - DEBUG - CaseID: 182 - parse_multi_results输出: [{'name': 'charge_control', 'args': {'action': 'update', 'entity': 'CHARGING_RESERVATION', 'function_option': 'SPECIFIC_TIME_STOP'}}]
2026-03-24 16:59:45,100 - DEBUG - CaseID: 182 - expected_results: [{'name': 'charge_control', 'args': {'action': 'update', 'entity': 'CHARGING_RESERVATION', 'function_option': 'SPECIFIC_TIME_STOP'}}]
2026-03-24 16:59:45,100 - DEBUG - CaseID: 182 - actual_results: [{'name': 'charge_control', 'args': {'action': 'update', 'entity': 'CHARGING_RESERVATION', 'function_option': 'SPECIFIC_TIME_STOP'}}]
2026-03-24 16:59:45,100 - DEBUG - CaseID: 182 - expected_keys: {('charge_control', '{"action": "update", "entity": "CHARGING_RESERVATION", "function_option": "SPECIFIC_TIME_STOP"}')}
2026-03-24 16:59:45,100 - DEBUG - CaseID: 182 - actual_keys: {('charge_control', '{"action": "update", "entity": "CHARGING_RESERVATION", "function_option": "SPECIFIC_TIME_STOP"}')}
2026-03-24 16:59:45,100 - DEBUG - CaseID: 183 - parse_multi_results输入 - name_str: 'charge_control', args_str: '{"action":"update","entity":"CHARGING_RESERVATION","function_option":"LOW_PRICE"}'
2026-03-24 16:59:45,100 - DEBUG - CaseID: 183 - parse_multi_results输出: [{'name': 'charge_control', 'args': {'action': 'update', 'entity': 'CHARGING_RESERVATION', 'function_option': 'LOW_PRICE'}}]
2026-03-24 16:59:45,100 - DEBUG - CaseID: 183 - parse_multi_results输入 - name_str: 'charge_control', args_str: '{"action":"update","function_option":"LOW_PRICE","entity":"CHARGING_RESERVATION"}'
2026-03-24 16:59:45,100 - DEBUG - CaseID: 183 - parse_multi_results输出: [{'name': 'charge_control', 'args': {'action': 'update', 'entity': 'CHARGING_RESERVATION', 'function_option': 'LOW_PRICE'}}]
2026-03-24 16:59:45,100 - DEBUG - CaseID: 183 - expected_results: [{'name': 'charge_control', 'args': {'action': 'update', 'entity': 'CHARGING_RESERVATION', 'function_option': 'LOW_PRICE'}}]
2026-03-24 16:59:45,100 - DEBUG - CaseID: 183 - actual_results: [{'name': 'charge_control', 'args': {'action': 'update', 'entity': 'CHARGING_RESERVATION', 'function_option': 'LOW_PRICE'}}]
2026-03-24 16:59:45,100 - DEBUG - CaseID: 183 - expected_keys: {('charge_control', '{"action": "update", "entity": "CHARGING_RESERVATION", "function_option": "LOW_PRICE"}')}
2026-03-24 16:59:45,100 - DEBUG - CaseID: 183 - actual_keys: {('charge_control', '{"action": "update", "entity": "CHARGING_RESERVATION", "function_option": "LOW_PRICE"}')}
2026-03-24 16:59:45,100 - DEBUG - CaseID: 184 - parse_multi_results输入 - name_str: 'charge_control', args_str: '{"action":"adjust","entity":"CHARGING_LIMIT","range":"100"}'
2026-03-24 16:59:45,100 - DEBUG - CaseID: 184 - parse_multi_results输出: [{'name': 'charge_control', 'args': {'action': 'adjust', 'entity': 'CHARGING_LIMIT', 'range': '100'}}]
2026-03-24 16:59:45,100 - DEBUG - CaseID: 184 - parse_multi_results输入 - name_str: 'charge_control', args_str: '{"action":"adjust","range":"100","entity":"CHARGING_LIMIT"}'
2026-03-24 16:59:45,100 - DEBUG - CaseID: 184 - parse_multi_results输出: [{'name': 'charge_control', 'args': {'action': 'adjust', 'entity': 'CHARGING_LIMIT', 'range': '100'}}]
2026-03-24 16:59:45,100 - DEBUG - CaseID: 184 - expected_results: [{'name': 'charge_control', 'args': {'action': 'adjust', 'entity': 'CHARGING_LIMIT', 'range': '100'}}]
2026-03-24 16:59:45,100 - DEBUG - CaseID: 184 - actual_results: [{'name': 'charge_control', 'args': {'action': 'adjust', 'entity': 'CHARGING_LIMIT', 'range': '100'}}]
2026-03-24 16:59:45,101 - DEBUG - CaseID: 184 - expected_keys: {('charge_control', '{"action": "adjust", "entity": "CHARGING_LIMIT", "range": "100"}')}
2026-03-24 16:59:45,101 - DEBUG - CaseID: 184 - actual_keys: {('charge_control', '{"action": "adjust", "entity": "CHARGING_LIMIT", "range": "100"}')}
2026-03-24 16:59:45,101 - DEBUG - CaseID: 185 - parse_multi_results输入 - name_str: 'charge_control', args_str: '{"action":"adjust","entity":"CHARGING_LIMIT","range":"95%"}'
2026-03-24 16:59:45,101 - DEBUG - CaseID: 185 - parse_multi_results输出: [{'name': 'charge_control', 'args': {'action': 'adjust', 'entity': 'CHARGING_LIMIT', 'range': '95%'}}]
2026-03-24 16:59:45,101 - DEBUG - CaseID: 185 - parse_multi_results输入 - name_str: 'charge_control', args_str: '{"action":"adjust","range":"95%","entity":"CHARGING_LIMIT"}'
2026-03-24 16:59:45,101 - DEBUG - CaseID: 185 - parse_multi_results输出: [{'name': 'charge_control', 'args': {'action': 'adjust', 'entity': 'CHARGING_LIMIT', 'range': '95%'}}]
2026-03-24 16:59:45,101 - DEBUG - CaseID: 185 - expected_results: [{'name': 'charge_control', 'args': {'action': 'adjust', 'entity': 'CHARGING_LIMIT', 'range': '95%'}}]
2026-03-24 16:59:45,101 - DEBUG - CaseID: 185 - actual_results: [{'name': 'charge_control', 'args': {'action': 'adjust', 'entity': 'CHARGING_LIMIT', 'range': '95%'}}]
2026-03-24 16:59:45,101 - DEBUG - CaseID: 185 - expected_keys: {('charge_control', '{"action": "adjust", "entity": "CHARGING_LIMIT", "range": "95%"}')}
2026-03-24 16:59:45,101 - DEBUG - CaseID: 185 - actual_keys: {('charge_control', '{"action": "adjust", "entity": "CHARGING_LIMIT", "range": "95%"}')}
2026-03-24 16:59:45,101 - DEBUG - CaseID: 186 - parse_multi_results输入 - name_str: 'charge_control', args_str: '{"action":"adjust","entity":"CHARGING_LIMIT","range":"85%"}'
2026-03-24 16:59:45,101 - DEBUG - CaseID: 186 - parse_multi_results输出: [{'name': 'charge_control', 'args': {'action': 'adjust', 'entity': 'CHARGING_LIMIT', 'range': '85%'}}]
2026-03-24 16:59:45,101 - DEBUG - CaseID: 186 - parse_multi_results输入 - name_str: 'charge_control', args_str: '{"action":"adjust","range":"85%","entity":"CHARGING_LIMIT"}'
2026-03-24 16:59:45,101 - DEBUG - CaseID: 186 - parse_multi_results输出: [{'name': 'charge_control', 'args': {'action': 'adjust', 'entity': 'CHARGING_LIMIT', 'range': '85%'}}]
2026-03-24 16:59:45,101 - DEBUG - CaseID: 186 - expected_results: [{'name': 'charge_control', 'args': {'action': 'adjust', 'entity': 'CHARGING_LIMIT', 'range': '85%'}}]
2026-03-24 16:59:45,101 - DEBUG - CaseID: 186 - actual_results: [{'name': 'charge_control', 'args': {'action': 'adjust', 'entity': 'CHARGING_LIMIT', 'range': '85%'}}]
2026-03-24 16:59:45,101 - DEBUG - CaseID: 186 - expected_keys: {('charge_control', '{"action": "adjust", "entity": "CHARGING_LIMIT", "range": "85%"}')}
2026-03-24 16:59:45,101 - DEBUG - CaseID: 186 - actual_keys: {('charge_control', '{"action": "adjust", "entity": "CHARGING_LIMIT", "range": "85%"}')}
2026-03-24 16:59:45,101 - DEBUG - CaseID: 187 - parse_multi_results输入 - name_str: 'charge_control', args_str: '{"action":"adjust","entity":"CHARGING_LIMIT","range":"90"}'
2026-03-24 16:59:45,101 - DEBUG - CaseID: 187 - parse_multi_results输出: [{'name': 'charge_control', 'args': {'action': 'adjust', 'entity': 'CHARGING_LIMIT', 'range': '90'}}]
2026-03-24 16:59:45,101 - DEBUG - CaseID: 187 - parse_multi_results输入 - name_str: 'charge_control', args_str: '{"action":"adjust","range":"90","entity":"CHARGING_LIMIT"}'
2026-03-24 16:59:45,101 - DEBUG - CaseID: 187 - parse_multi_results输出: [{'name': 'charge_control', 'args': {'action': 'adjust', 'entity': 'CHARGING_LIMIT', 'range': '90'}}]
2026-03-24 16:59:45,101 - DEBUG - CaseID: 187 - expected_results: [{'name': 'charge_control', 'args': {'action': 'adjust', 'entity': 'CHARGING_LIMIT', 'range': '90'}}]
2026-03-24 16:59:45,101 - DEBUG - CaseID: 187 - actual_results: [{'name': 'charge_control', 'args': {'action': 'adjust', 'entity': 'CHARGING_LIMIT', 'range': '90'}}]
2026-03-24 16:59:45,101 - DEBUG - CaseID: 187 - expected_keys: {('charge_control', '{"action": "adjust", "entity": "CHARGING_LIMIT", "range": "90"}')}
2026-03-24 16:59:45,101 - DEBUG - CaseID: 187 - actual_keys: {('charge_control', '{"action": "adjust", "entity": "CHARGING_LIMIT", "range": "90"}')}
2026-03-24 16:59:45,101 - DEBUG - CaseID: 188 - parse_multi_results输入 - name_str: 'charge_control', args_str: '{"action":"share","entity":"CHARGING_STATION","position_reference":"我的朋友"}'
2026-03-24 16:59:45,101 - DEBUG - CaseID: 188 - parse_multi_results输出: [{'name': 'charge_control', 'args': {'action': 'share', 'entity': 'CHARGING_STATION', 'position_reference': '我的朋友'}}]
2026-03-24 16:59:45,101 - DEBUG - CaseID: 188 - parse_multi_results输入 - name_str: '', args_str: ''
2026-03-24 16:59:45,101 - DEBUG - CaseID: 188 - parse_multi_results输出: []
2026-03-24 16:59:45,101 - DEBUG - CaseID: 188 - expected_results: [{'name': 'charge_control', 'args': {'action': 'share', 'entity': 'CHARGING_STATION', 'position_reference': '我的朋友'}}]
2026-03-24 16:59:45,101 - DEBUG - CaseID: 188 - actual_results: []
2026-03-24 16:59:45,101 - ERROR - CaseID: 188
结果数量不匹配: 预期1个，实际0个
2026-03-24 16:59:45,101 - DEBUG - CaseID: 189 - parse_multi_results输入 - name_str: 'device_control', args_str: '{"action":"turnon","entity":"PHONE_KEY"}'
2026-03-24 16:59:45,102 - DEBUG - CaseID: 189 - parse_multi_results输出: [{'name': 'device_control', 'args': {'action': 'turnon', 'entity': 'PHONE_KEY'}}]
2026-03-24 16:59:45,102 - DEBUG - CaseID: 189 - parse_multi_results输入 - name_str: 'device_control', args_str: '{"action":"turnon","entity":"PHONE_KEY"}'
2026-03-24 16:59:45,102 - DEBUG - CaseID: 189 - parse_multi_results输出: [{'name': 'device_control', 'args': {'action': 'turnon', 'entity': 'PHONE_KEY'}}]
2026-03-24 16:59:45,102 - DEBUG - CaseID: 189 - expected_results: [{'name': 'device_control', 'args': {'action': 'turnon', 'entity': 'PHONE_KEY'}}]
2026-03-24 16:59:45,102 - DEBUG - CaseID: 189 - actual_results: [{'name': 'device_control', 'args': {'action': 'turnon', 'entity': 'PHONE_KEY'}}]
2026-03-24 16:59:45,102 - DEBUG - CaseID: 189 - expected_keys: {('device_control', '{"action": "turnon", "entity": "PHONE_KEY"}')}
2026-03-24 16:59:45,102 - DEBUG - CaseID: 189 - actual_keys: {('device_control', '{"action": "turnon", "entity": "PHONE_KEY"}')}
2026-03-24 16:59:45,102 - DEBUG - CaseID: 190 - parse_multi_results输入 - name_str: 'device_control', args_str: '{"action":"turnon","entity":"BLUETOOTH_KEY"}'
2026-03-24 16:59:45,102 - DEBUG - CaseID: 190 - parse_multi_results输出: [{'name': 'device_control', 'args': {'action': 'turnon', 'entity': 'BLUETOOTH_KEY'}}]
2026-03-24 16:59:45,102 - DEBUG - CaseID: 190 - parse_multi_results输入 - name_str: 'device_control', args_str: '{"action":"turnon","entity":"BLUETOOTH_KEY"}'
2026-03-24 16:59:45,102 - DEBUG - CaseID: 190 - parse_multi_results输出: [{'name': 'device_control', 'args': {'action': 'turnon', 'entity': 'BLUETOOTH_KEY'}}]
2026-03-24 16:59:45,102 - DEBUG - CaseID: 190 - expected_results: [{'name': 'device_control', 'args': {'action': 'turnon', 'entity': 'BLUETOOTH_KEY'}}]
2026-03-24 16:59:45,102 - DEBUG - CaseID: 190 - actual_results: [{'name': 'device_control', 'args': {'action': 'turnon', 'entity': 'BLUETOOTH_KEY'}}]
2026-03-24 16:59:45,102 - DEBUG - CaseID: 190 - expected_keys: {('device_control', '{"action": "turnon", "entity": "BLUETOOTH_KEY"}')}
2026-03-24 16:59:45,102 - DEBUG - CaseID: 190 - actual_keys: {('device_control', '{"action": "turnon", "entity": "BLUETOOTH_KEY"}')}
2026-03-24 16:59:45,102 - DEBUG - CaseID: 191 - parse_multi_results输入 - name_str: 'device_control', args_str: '{"action":"turnoff","entity":"BLUETOOTH_KEY"}'
2026-03-24 16:59:45,102 - DEBUG - CaseID: 191 - parse_multi_results输出: [{'name': 'device_control', 'args': {'action': 'turnoff', 'entity': 'BLUETOOTH_KEY'}}]
2026-03-24 16:59:45,102 - DEBUG - CaseID: 191 - parse_multi_results输入 - name_str: 'device_control', args_str: '{"action":"turnoff","entity":"BLUETOOTH_KEY"}'
2026-03-24 16:59:45,102 - DEBUG - CaseID: 191 - parse_multi_results输出: [{'name': 'device_control', 'args': {'action': 'turnoff', 'entity': 'BLUETOOTH_KEY'}}]
2026-03-24 16:59:45,102 - DEBUG - CaseID: 191 - expected_results: [{'name': 'device_control', 'args': {'action': 'turnoff', 'entity': 'BLUETOOTH_KEY'}}]
2026-03-24 16:59:45,102 - DEBUG - CaseID: 191 - actual_results: [{'name': 'device_control', 'args': {'action': 'turnoff', 'entity': 'BLUETOOTH_KEY'}}]
2026-03-24 16:59:45,102 - DEBUG - CaseID: 191 - expected_keys: {('device_control', '{"action": "turnoff", "entity": "BLUETOOTH_KEY"}')}
2026-03-24 16:59:45,102 - DEBUG - CaseID: 191 - actual_keys: {('device_control', '{"action": "turnoff", "entity": "BLUETOOTH_KEY"}')}
2026-03-24 16:59:45,102 - DEBUG - CaseID: 192 - parse_multi_results输入 - name_str: 'device_control', args_str: '{"action":"turnoff","entity":"PHONE_KEY"}'
2026-03-24 16:59:45,102 - DEBUG - CaseID: 192 - parse_multi_results输出: [{'name': 'device_control', 'args': {'action': 'turnoff', 'entity': 'PHONE_KEY'}}]
2026-03-24 16:59:45,102 - DEBUG - CaseID: 192 - parse_multi_results输入 - name_str: 'device_control', args_str: '{"action":"turnoff","entity":"PHONE_KEY"}'
2026-03-24 16:59:45,102 - DEBUG - CaseID: 192 - parse_multi_results输出: [{'name': 'device_control', 'args': {'action': 'turnoff', 'entity': 'PHONE_KEY'}}]
2026-03-24 16:59:45,102 - DEBUG - CaseID: 192 - expected_results: [{'name': 'device_control', 'args': {'action': 'turnoff', 'entity': 'PHONE_KEY'}}]
2026-03-24 16:59:45,102 - DEBUG - CaseID: 192 - actual_results: [{'name': 'device_control', 'args': {'action': 'turnoff', 'entity': 'PHONE_KEY'}}]
2026-03-24 16:59:45,102 - DEBUG - CaseID: 192 - expected_keys: {('device_control', '{"action": "turnoff", "entity": "PHONE_KEY"}')}
2026-03-24 16:59:45,102 - DEBUG - CaseID: 192 - actual_keys: {('device_control', '{"action": "turnoff", "entity": "PHONE_KEY"}')}
2026-03-24 16:59:45,102 - DEBUG - CaseID: 193 - parse_multi_results输入 - name_str: 'device_control', args_str: '{"action":"share","entity":"BLUETOOTH_KEY","position_reference":"家人"}'
2026-03-24 16:59:45,102 - DEBUG - CaseID: 193 - parse_multi_results输出: [{'name': 'device_control', 'args': {'action': 'share', 'entity': 'BLUETOOTH_KEY', 'position_reference': '家人'}}]
2026-03-24 16:59:45,102 - DEBUG - CaseID: 193 - parse_multi_results输入 - name_str: 'device_control', args_str: '{"position_reference":"家人","action":"share","entity":"BLUETOOTH_KEY"}'
2026-03-24 16:59:45,102 - DEBUG - CaseID: 193 - parse_multi_results输出: [{'name': 'device_control', 'args': {'action': 'share', 'entity': 'BLUETOOTH_KEY', 'position_reference': '家人'}}]
2026-03-24 16:59:45,102 - DEBUG - CaseID: 193 - expected_results: [{'name': 'device_control', 'args': {'action': 'share', 'entity': 'BLUETOOTH_KEY', 'position_reference': '家人'}}]
2026-03-24 16:59:45,102 - DEBUG - CaseID: 193 - actual_results: [{'name': 'device_control', 'args': {'action': 'share', 'entity': 'BLUETOOTH_KEY', 'position_reference': '家人'}}]
2026-03-24 16:59:45,103 - DEBUG - CaseID: 193 - expected_keys: {('device_control', '{"action": "share", "entity": "BLUETOOTH_KEY", "position_reference": "\\u5bb6\\u4eba"}')}
2026-03-24 16:59:45,103 - DEBUG - CaseID: 193 - actual_keys: {('device_control', '{"action": "share", "entity": "BLUETOOTH_KEY", "position_reference": "\\u5bb6\\u4eba"}')}
2026-03-24 16:59:45,103 - DEBUG - CaseID: 194 - parse_multi_results输入 - name_str: 'device_control', args_str: '{"action":"cancel","entity":"BLUETOOTH_KEY","position_reference":"家人"}'
2026-03-24 16:59:45,103 - DEBUG - CaseID: 194 - parse_multi_results输出: [{'name': 'device_control', 'args': {'action': 'cancel', 'entity': 'BLUETOOTH_KEY', 'position_reference': '家人'}}]
2026-03-24 16:59:45,103 - DEBUG - CaseID: 194 - parse_multi_results输入 - name_str: 'device_control', args_str: '{"position_reference":"家人","action":"cancel","entity":"BLUETOOTH_KEY"}'
2026-03-24 16:59:45,103 - DEBUG - CaseID: 194 - parse_multi_results输出: [{'name': 'device_control', 'args': {'action': 'cancel', 'entity': 'BLUETOOTH_KEY', 'position_reference': '家人'}}]
2026-03-24 16:59:45,103 - DEBUG - CaseID: 194 - expected_results: [{'name': 'device_control', 'args': {'action': 'cancel', 'entity': 'BLUETOOTH_KEY', 'position_reference': '家人'}}]
2026-03-24 16:59:45,103 - DEBUG - CaseID: 194 - actual_results: [{'name': 'device_control', 'args': {'action': 'cancel', 'entity': 'BLUETOOTH_KEY', 'position_reference': '家人'}}]
2026-03-24 16:59:45,103 - DEBUG - CaseID: 194 - expected_keys: {('device_control', '{"action": "cancel", "entity": "BLUETOOTH_KEY", "position_reference": "\\u5bb6\\u4eba"}')}
2026-03-24 16:59:45,103 - DEBUG - CaseID: 194 - actual_keys: {('device_control', '{"action": "cancel", "entity": "BLUETOOTH_KEY", "position_reference": "\\u5bb6\\u4eba"}')}
2026-03-24 16:59:45,103 - DEBUG - CaseID: 195 - parse_multi_results输入 - name_str: 'device_control', args_str: '{"action":"turnon","entity":"STRAIGHTLINE_VLA"}'
2026-03-24 16:59:45,103 - DEBUG - CaseID: 195 - parse_multi_results输出: [{'name': 'device_control', 'args': {'action': 'turnon', 'entity': 'STRAIGHTLINE_VLA'}}]
2026-03-24 16:59:45,103 - DEBUG - CaseID: 195 - parse_multi_results输入 - name_str: 'vla_control', args_str: '{"action":"straight_calling"}'
2026-03-24 16:59:45,103 - DEBUG - CaseID: 195 - parse_multi_results输出: [{'name': 'vla_control', 'args': {'action': 'straight_calling'}}]
2026-03-24 16:59:45,103 - DEBUG - CaseID: 195 - expected_results: [{'name': 'device_control', 'args': {'action': 'turnon', 'entity': 'STRAIGHTLINE_VLA'}}]
2026-03-24 16:59:45,103 - DEBUG - CaseID: 195 - actual_results: [{'name': 'vla_control', 'args': {'action': 'straight_calling'}}]
2026-03-24 16:59:45,103 - DEBUG - CaseID: 195 - expected_keys: {('device_control', '{"action": "turnon", "entity": "STRAIGHTLINE_VLA"}')}
2026-03-24 16:59:45,103 - DEBUG - CaseID: 195 - actual_keys: {('vla_control', '{"action": "straight_calling"}')}
2026-03-24 16:59:45,103 - ERROR - CaseID: 195
实际结果缺少以下预期项：
  名称: device_control, 参数: {"action": "turnon", "entity": "STRAIGHTLINE_VLA"}
实际结果多出以下非预期项：
  名称: vla_control, 参数: {"action": "straight_calling"}
2026-03-24 16:59:45,103 - DEBUG - CaseID: 196 - parse_multi_results输入 - name_str: 'device_control', args_str: '{"action":"adjust","entity":"STRAIGHTLINE_VLA","range":"+"}'
2026-03-24 16:59:45,103 - DEBUG - CaseID: 196 - parse_multi_results输出: [{'name': 'device_control', 'args': {'action': 'adjust', 'entity': 'STRAIGHTLINE_VLA', 'range': '+'}}]
2026-03-24 16:59:45,103 - DEBUG - CaseID: 196 - parse_multi_results输入 - name_str: 'vla_control', args_str: '{"action":"steer","range":"+","direction":"STRAIGHT"}'
2026-03-24 16:59:45,103 - DEBUG - CaseID: 196 - parse_multi_results输出: [{'name': 'vla_control', 'args': {'action': 'steer', 'direction': 'STRAIGHT', 'range': '+'}}]
2026-03-24 16:59:45,103 - DEBUG - CaseID: 196 - expected_results: [{'name': 'device_control', 'args': {'action': 'adjust', 'entity': 'STRAIGHTLINE_VLA', 'range': '+'}}]
2026-03-24 16:59:45,103 - DEBUG - CaseID: 196 - actual_results: [{'name': 'vla_control', 'args': {'action': 'steer', 'direction': 'STRAIGHT', 'range': '+'}}]
2026-03-24 16:59:45,103 - DEBUG - CaseID: 196 - expected_keys: {('device_control', '{"action": "adjust", "entity": "STRAIGHTLINE_VLA", "range": "+"}')}
2026-03-24 16:59:45,103 - DEBUG - CaseID: 196 - actual_keys: {('vla_control', '{"action": "steer", "direction": "STRAIGHT", "range": "+"}')}
2026-03-24 16:59:45,103 - ERROR - CaseID: 196
实际结果缺少以下预期项：
  名称: device_control, 参数: {"action": "adjust", "entity": "STRAIGHTLINE_VLA", "range": "+"}
实际结果多出以下非预期项：
  名称: vla_control, 参数: {"action": "steer", "direction": "STRAIGHT", "range": "+"}
2026-03-24 16:59:45,103 - DEBUG - CaseID: 197 - parse_multi_results输入 - name_str: 'device_control', args_str: '{"action":"adjust","entity":"STRAIGHTLINE_VLA","range":"-"}'
2026-03-24 16:59:45,103 - DEBUG - CaseID: 197 - parse_multi_results输出: [{'name': 'device_control', 'args': {'action': 'adjust', 'entity': 'STRAIGHTLINE_VLA', 'range': '-'}}]
2026-03-24 16:59:45,103 - DEBUG - CaseID: 197 - parse_multi_results输入 - name_str: 'vla_control', args_str: '{"action":"steer","range":"+","direction":"BACKWARD"}'
2026-03-24 16:59:45,103 - DEBUG - CaseID: 197 - parse_multi_results输出: [{'name': 'vla_control', 'args': {'action': 'steer', 'direction': 'BACKWARD', 'range': '+'}}]
2026-03-24 16:59:45,103 - DEBUG - CaseID: 197 - expected_results: [{'name': 'device_control', 'args': {'action': 'adjust', 'entity': 'STRAIGHTLINE_VLA', 'range': '-'}}]
2026-03-24 16:59:45,103 - DEBUG - CaseID: 197 - actual_results: [{'name': 'vla_control', 'args': {'action': 'steer', 'direction': 'BACKWARD', 'range': '+'}}]
2026-03-24 16:59:45,103 - DEBUG - CaseID: 197 - expected_keys: {('device_control', '{"action": "adjust", "entity": "STRAIGHTLINE_VLA", "range": "-"}')}
2026-03-24 16:59:45,103 - DEBUG - CaseID: 197 - actual_keys: {('vla_control', '{"action": "steer", "direction": "BACKWARD", "range": "+"}')}
2026-03-24 16:59:45,103 - ERROR - CaseID: 197
实际结果缺少以下预期项：
  名称: device_control, 参数: {"action": "adjust", "entity": "STRAIGHTLINE_VLA", "range": "-"}
实际结果多出以下非预期项：
  名称: vla_control, 参数: {"action": "steer", "direction": "BACKWARD", "range": "+"}
2026-03-24 16:59:45,104 - DEBUG - CaseID: 198 - parse_multi_results输入 - name_str: 'device_control', args_str: '{"action":"query","entity":"CAR_MAINTAIN"}'
2026-03-24 16:59:45,104 - DEBUG - CaseID: 198 - parse_multi_results输出: [{'name': 'device_control', 'args': {'action': 'query', 'entity': 'CAR_MAINTAIN'}}]
2026-03-24 16:59:45,104 - DEBUG - CaseID: 198 - parse_multi_results输入 - name_str: 'device_control', args_str: '{"action":"query","entity":"CAR_MAINTAIN"}'
2026-03-24 16:59:45,104 - DEBUG - CaseID: 198 - parse_multi_results输出: [{'name': 'device_control', 'args': {'action': 'query', 'entity': 'CAR_MAINTAIN'}}]
2026-03-24 16:59:45,104 - DEBUG - CaseID: 198 - expected_results: [{'name': 'device_control', 'args': {'action': 'query', 'entity': 'CAR_MAINTAIN'}}]
2026-03-24 16:59:45,104 - DEBUG - CaseID: 198 - actual_results: [{'name': 'device_control', 'args': {'action': 'query', 'entity': 'CAR_MAINTAIN'}}]
2026-03-24 16:59:45,104 - DEBUG - CaseID: 198 - expected_keys: {('device_control', '{"action": "query", "entity": "CAR_MAINTAIN"}')}
2026-03-24 16:59:45,104 - DEBUG - CaseID: 198 - actual_keys: {('device_control', '{"action": "query", "entity": "CAR_MAINTAIN"}')}
2026-03-24 16:59:45,104 - DEBUG - CaseID: 199 - parse_multi_results输入 - name_str: 'device_control', args_str: '{"action":"query","entity":"CAR_MAINTAIN"}'
2026-03-24 16:59:45,104 - DEBUG - CaseID: 199 - parse_multi_results输出: [{'name': 'device_control', 'args': {'action': 'query', 'entity': 'CAR_MAINTAIN'}}]
2026-03-24 16:59:45,104 - DEBUG - CaseID: 199 - parse_multi_results输入 - name_str: 'note_retrieve', args_str: '{"query":"上次保养车辆是什么时候","is_long":"false"}'
2026-03-24 16:59:45,104 - DEBUG - CaseID: 199 - parse_multi_results输出: [{'name': 'note_retrieve', 'args': {'is_long': 'false', 'query': '上次保养车辆是什么时候'}}]
2026-03-24 16:59:45,104 - DEBUG - CaseID: 199 - expected_results: [{'name': 'device_control', 'args': {'action': 'query', 'entity': 'CAR_MAINTAIN'}}]
2026-03-24 16:59:45,104 - DEBUG - CaseID: 199 - actual_results: [{'name': 'note_retrieve', 'args': {'is_long': 'false', 'query': '上次保养车辆是什么时候'}}]
2026-03-24 16:59:45,104 - DEBUG - CaseID: 199 - expected_keys: {('device_control', '{"action": "query", "entity": "CAR_MAINTAIN"}')}
2026-03-24 16:59:45,104 - DEBUG - CaseID: 199 - actual_keys: {('note_retrieve', '{"is_long": "false", "query": "\\u4e0a\\u6b21\\u4fdd\\u517b\\u8f66\\u8f86\\u662f\\u4ec0\\u4e48\\u65f6\\u5019"}')}
2026-03-24 16:59:45,104 - ERROR - CaseID: 199
实际结果缺少以下预期项：
  名称: device_control, 参数: {"action": "query", "entity": "CAR_MAINTAIN"}
实际结果多出以下非预期项：
  名称: note_retrieve, 参数: {"is_long": "false", "query": "\u4e0a\u6b21\u4fdd\u517b\u8f66\u8f86\u662f\u4ec0\u4e48\u65f6\u5019"}
2026-03-24 16:59:45,104 - DEBUG - CaseID: 200 - parse_multi_results输入 - name_str: 'device_control', args_str: '{"action":"query","entity":"CAR_MAINTAIN"}'
2026-03-24 16:59:45,104 - DEBUG - CaseID: 200 - parse_multi_results输出: [{'name': 'device_control', 'args': {'action': 'query', 'entity': 'CAR_MAINTAIN'}}]
2026-03-24 16:59:45,104 - DEBUG - CaseID: 200 - parse_multi_results输入 - name_str: 'device_control', args_str: '{"action":"query","entity":"CAR_MAINTAIN"}'
2026-03-24 16:59:45,104 - DEBUG - CaseID: 200 - parse_multi_results输出: [{'name': 'device_control', 'args': {'action': 'query', 'entity': 'CAR_MAINTAIN'}}]
2026-03-24 16:59:45,104 - DEBUG - CaseID: 200 - expected_results: [{'name': 'device_control', 'args': {'action': 'query', 'entity': 'CAR_MAINTAIN'}}]
2026-03-24 16:59:45,104 - DEBUG - CaseID: 200 - actual_results: [{'name': 'device_control', 'args': {'action': 'query', 'entity': 'CAR_MAINTAIN'}}]
2026-03-24 16:59:45,104 - DEBUG - CaseID: 200 - expected_keys: {('device_control', '{"action": "query", "entity": "CAR_MAINTAIN"}')}
2026-03-24 16:59:45,104 - DEBUG - CaseID: 200 - actual_keys: {('device_control', '{"action": "query", "entity": "CAR_MAINTAIN"}')}
2026-03-24 16:59:45,104 - DEBUG - CaseID: 201 - parse_multi_results输入 - name_str: 'device_control', args_str: '{"action":"query","entity":"CAR_MAINTAIN"}'
2026-03-24 16:59:45,104 - DEBUG - CaseID: 201 - parse_multi_results输出: [{'name': 'device_control', 'args': {'action': 'query', 'entity': 'CAR_MAINTAIN'}}]
2026-03-24 16:59:45,104 - DEBUG - CaseID: 201 - parse_multi_results输入 - name_str: 'device_control', args_str: '{"action":"query","entity":"CAR_MAINTAIN"}'
2026-03-24 16:59:45,104 - DEBUG - CaseID: 201 - parse_multi_results输出: [{'name': 'device_control', 'args': {'action': 'query', 'entity': 'CAR_MAINTAIN'}}]
2026-03-24 16:59:45,104 - DEBUG - CaseID: 201 - expected_results: [{'name': 'device_control', 'args': {'action': 'query', 'entity': 'CAR_MAINTAIN'}}]
2026-03-24 16:59:45,104 - DEBUG - CaseID: 201 - actual_results: [{'name': 'device_control', 'args': {'action': 'query', 'entity': 'CAR_MAINTAIN'}}]
2026-03-24 16:59:45,104 - DEBUG - CaseID: 201 - expected_keys: {('device_control', '{"action": "query", "entity": "CAR_MAINTAIN"}')}
2026-03-24 16:59:45,104 - DEBUG - CaseID: 201 - actual_keys: {('device_control', '{"action": "query", "entity": "CAR_MAINTAIN"}')}
2026-03-24 16:59:45,104 - DEBUG - CaseID: 202 - parse_multi_results输入 - name_str: 'device_control', args_str: '{"action":"query","entity":"CAR_MAINTAIN"}'
2026-03-24 16:59:45,104 - DEBUG - CaseID: 202 - parse_multi_results输出: [{'name': 'device_control', 'args': {'action': 'query', 'entity': 'CAR_MAINTAIN'}}]
2026-03-24 16:59:45,104 - DEBUG - CaseID: 202 - parse_multi_results输入 - name_str: 'device_control', args_str: '{"action":"query","entity":"CAR_MAINTAIN"}'
2026-03-24 16:59:45,104 - DEBUG - CaseID: 202 - parse_multi_results输出: [{'name': 'device_control', 'args': {'action': 'query', 'entity': 'CAR_MAINTAIN'}}]
2026-03-24 16:59:45,104 - DEBUG - CaseID: 202 - expected_results: [{'name': 'device_control', 'args': {'action': 'query', 'entity': 'CAR_MAINTAIN'}}]
2026-03-24 16:59:45,104 - DEBUG - CaseID: 202 - actual_results: [{'name': 'device_control', 'args': {'action': 'query', 'entity': 'CAR_MAINTAIN'}}]
2026-03-24 16:59:45,105 - DEBUG - CaseID: 202 - expected_keys: {('device_control', '{"action": "query", "entity": "CAR_MAINTAIN"}')}
2026-03-24 16:59:45,105 - DEBUG - CaseID: 202 - actual_keys: {('device_control', '{"action": "query", "entity": "CAR_MAINTAIN"}')}
2026-03-24 16:59:45,105 - DEBUG - CaseID: 203 - parse_multi_results输入 - name_str: 'device_control', args_str: '{"action":"query","entity":"CAR_MAINTAIN"}'
2026-03-24 16:59:45,105 - DEBUG - CaseID: 203 - parse_multi_results输出: [{'name': 'device_control', 'args': {'action': 'query', 'entity': 'CAR_MAINTAIN'}}]
2026-03-24 16:59:45,105 - DEBUG - CaseID: 203 - parse_multi_results输入 - name_str: 'device_control', args_str: '{"action":"query","entity":"CAR_MAINTAIN"}'
2026-03-24 16:59:45,105 - DEBUG - CaseID: 203 - parse_multi_results输出: [{'name': 'device_control', 'args': {'action': 'query', 'entity': 'CAR_MAINTAIN'}}]
2026-03-24 16:59:45,105 - DEBUG - CaseID: 203 - expected_results: [{'name': 'device_control', 'args': {'action': 'query', 'entity': 'CAR_MAINTAIN'}}]
2026-03-24 16:59:45,105 - DEBUG - CaseID: 203 - actual_results: [{'name': 'device_control', 'args': {'action': 'query', 'entity': 'CAR_MAINTAIN'}}]
2026-03-24 16:59:45,105 - DEBUG - CaseID: 203 - expected_keys: {('device_control', '{"action": "query", "entity": "CAR_MAINTAIN"}')}
2026-03-24 16:59:45,105 - DEBUG - CaseID: 203 - actual_keys: {('device_control', '{"action": "query", "entity": "CAR_MAINTAIN"}')}
2026-03-24 16:59:45,105 - DEBUG - CaseID: 204 - parse_multi_results输入 - name_str: 'device_control', args_str: '{"action":"query","entity":"CAR_MAINTAIN"}'
2026-03-24 16:59:45,105 - DEBUG - CaseID: 204 - parse_multi_results输出: [{'name': 'device_control', 'args': {'action': 'query', 'entity': 'CAR_MAINTAIN'}}]
2026-03-24 16:59:45,105 - DEBUG - CaseID: 204 - parse_multi_results输入 - name_str: 'device_control', args_str: '{"action":"query","entity":"CAR_MAINTAIN"}'
2026-03-24 16:59:45,105 - DEBUG - CaseID: 204 - parse_multi_results输出: [{'name': 'device_control', 'args': {'action': 'query', 'entity': 'CAR_MAINTAIN'}}]
2026-03-24 16:59:45,105 - DEBUG - CaseID: 204 - expected_results: [{'name': 'device_control', 'args': {'action': 'query', 'entity': 'CAR_MAINTAIN'}}]
2026-03-24 16:59:45,105 - DEBUG - CaseID: 204 - actual_results: [{'name': 'device_control', 'args': {'action': 'query', 'entity': 'CAR_MAINTAIN'}}]
2026-03-24 16:59:45,105 - DEBUG - CaseID: 204 - expected_keys: {('device_control', '{"action": "query", "entity": "CAR_MAINTAIN"}')}
2026-03-24 16:59:45,105 - DEBUG - CaseID: 204 - actual_keys: {('device_control', '{"action": "query", "entity": "CAR_MAINTAIN"}')}
2026-03-24 16:59:45,105 - DEBUG - CaseID: 205 - parse_multi_results输入 - name_str: 'device_control', args_str: '{"action":"query","entity":"CAR_MAINTAIN","function_option":"RANGE_EXTENDER"}'
2026-03-24 16:59:45,105 - DEBUG - CaseID: 205 - parse_multi_results输出: [{'name': 'device_control', 'args': {'action': 'query', 'entity': 'CAR_MAINTAIN', 'function_option': 'RANGE_EXTENDER'}}]
2026-03-24 16:59:45,105 - DEBUG - CaseID: 205 - parse_multi_results输入 - name_str: 'device_control', args_str: '{"action":"query","function_option":"RANGE_EXTENDER","entity":"CAR_MAINTAIN"}'
2026-03-24 16:59:45,105 - DEBUG - CaseID: 205 - parse_multi_results输出: [{'name': 'device_control', 'args': {'action': 'query', 'entity': 'CAR_MAINTAIN', 'function_option': 'RANGE_EXTENDER'}}]
2026-03-24 16:59:45,105 - DEBUG - CaseID: 205 - expected_results: [{'name': 'device_control', 'args': {'action': 'query', 'entity': 'CAR_MAINTAIN', 'function_option': 'RANGE_EXTENDER'}}]
2026-03-24 16:59:45,105 - DEBUG - CaseID: 205 - actual_results: [{'name': 'device_control', 'args': {'action': 'query', 'entity': 'CAR_MAINTAIN', 'function_option': 'RANGE_EXTENDER'}}]
2026-03-24 16:59:45,105 - DEBUG - CaseID: 205 - expected_keys: {('device_control', '{"action": "query", "entity": "CAR_MAINTAIN", "function_option": "RANGE_EXTENDER"}')}
2026-03-24 16:59:45,105 - DEBUG - CaseID: 205 - actual_keys: {('device_control', '{"action": "query", "entity": "CAR_MAINTAIN", "function_option": "RANGE_EXTENDER"}')}
2026-03-24 16:59:45,105 - DEBUG - CaseID: 206 - parse_multi_results输入 - name_str: 'device_control', args_str: '{"action":"query","entity":"CAR_MAINTAIN","function_option":"RANGE_EXTENDER"}'
2026-03-24 16:59:45,105 - DEBUG - CaseID: 206 - parse_multi_results输出: [{'name': 'device_control', 'args': {'action': 'query', 'entity': 'CAR_MAINTAIN', 'function_option': 'RANGE_EXTENDER'}}]
2026-03-24 16:59:45,105 - DEBUG - CaseID: 206 - parse_multi_results输入 - name_str: 'device_control', args_str: '{"action":"query","function_option":"RANGE_EXTENDER","entity":"CAR_MAINTAIN"}'
2026-03-24 16:59:45,105 - DEBUG - CaseID: 206 - parse_multi_results输出: [{'name': 'device_control', 'args': {'action': 'query', 'entity': 'CAR_MAINTAIN', 'function_option': 'RANGE_EXTENDER'}}]
2026-03-24 16:59:45,105 - DEBUG - CaseID: 206 - expected_results: [{'name': 'device_control', 'args': {'action': 'query', 'entity': 'CAR_MAINTAIN', 'function_option': 'RANGE_EXTENDER'}}]
2026-03-24 16:59:45,105 - DEBUG - CaseID: 206 - actual_results: [{'name': 'device_control', 'args': {'action': 'query', 'entity': 'CAR_MAINTAIN', 'function_option': 'RANGE_EXTENDER'}}]
2026-03-24 16:59:45,105 - DEBUG - CaseID: 206 - expected_keys: {('device_control', '{"action": "query", "entity": "CAR_MAINTAIN", "function_option": "RANGE_EXTENDER"}')}
2026-03-24 16:59:45,105 - DEBUG - CaseID: 206 - actual_keys: {('device_control', '{"action": "query", "entity": "CAR_MAINTAIN", "function_option": "RANGE_EXTENDER"}')}
2026-03-24 16:59:45,105 - DEBUG - CaseID: 207 - parse_multi_results输入 - name_str: 'device_control', args_str: '{"action":"query","entity":"CAR_MAINTAIN","poi":"望京门店"}'
2026-03-24 16:59:45,105 - DEBUG - CaseID: 207 - parse_multi_results输出: [{'name': 'device_control', 'args': {'action': 'query', 'entity': 'CAR_MAINTAIN', 'poi': '望京门店'}}]
2026-03-24 16:59:45,105 - DEBUG - CaseID: 207 - parse_multi_results输入 - name_str: 'device_control', args_str: '{"action":"query","poi":"望京门店","entity":"CAR_MAINTAIN"}'
2026-03-24 16:59:45,105 - DEBUG - CaseID: 207 - parse_multi_results输出: [{'name': 'device_control', 'args': {'action': 'query', 'entity': 'CAR_MAINTAIN', 'poi': '望京门店'}}]
2026-03-24 16:59:45,106 - DEBUG - CaseID: 207 - expected_results: [{'name': 'device_control', 'args': {'action': 'query', 'entity': 'CAR_MAINTAIN', 'poi': '望京门店'}}]
2026-03-24 16:59:45,106 - DEBUG - CaseID: 207 - actual_results: [{'name': 'device_control', 'args': {'action': 'query', 'entity': 'CAR_MAINTAIN', 'poi': '望京门店'}}]
2026-03-24 16:59:45,106 - DEBUG - CaseID: 207 - expected_keys: {('device_control', '{"action": "query", "entity": "CAR_MAINTAIN", "poi": "\\u671b\\u4eac\\u95e8\\u5e97"}')}
2026-03-24 16:59:45,106 - DEBUG - CaseID: 207 - actual_keys: {('device_control', '{"action": "query", "entity": "CAR_MAINTAIN", "poi": "\\u671b\\u4eac\\u95e8\\u5e97"}')}
2026-03-24 16:59:45,106 - DEBUG - CaseID: 208 - parse_multi_results输入 - name_str: 'device_control', args_str: '{"action":"query","entity":"CAR_MAINTAIN","poi":"望京店"}'
2026-03-24 16:59:45,106 - DEBUG - CaseID: 208 - parse_multi_results输出: [{'name': 'device_control', 'args': {'action': 'query', 'entity': 'CAR_MAINTAIN', 'poi': '望京店'}}]
2026-03-24 16:59:45,106 - DEBUG - CaseID: 208 - parse_multi_results输入 - name_str: 'device_control', args_str: '{"action":"query","poi":"望京店","entity":"CAR_MAINTAIN"}'
2026-03-24 16:59:45,106 - DEBUG - CaseID: 208 - parse_multi_results输出: [{'name': 'device_control', 'args': {'action': 'query', 'entity': 'CAR_MAINTAIN', 'poi': '望京店'}}]
2026-03-24 16:59:45,106 - DEBUG - CaseID: 208 - expected_results: [{'name': 'device_control', 'args': {'action': 'query', 'entity': 'CAR_MAINTAIN', 'poi': '望京店'}}]
2026-03-24 16:59:45,106 - DEBUG - CaseID: 208 - actual_results: [{'name': 'device_control', 'args': {'action': 'query', 'entity': 'CAR_MAINTAIN', 'poi': '望京店'}}]
2026-03-24 16:59:45,106 - DEBUG - CaseID: 208 - expected_keys: {('device_control', '{"action": "query", "entity": "CAR_MAINTAIN", "poi": "\\u671b\\u4eac\\u5e97"}')}
2026-03-24 16:59:45,106 - DEBUG - CaseID: 208 - actual_keys: {('device_control', '{"action": "query", "entity": "CAR_MAINTAIN", "poi": "\\u671b\\u4eac\\u5e97"}')}
2026-03-24 16:59:45,106 - DEBUG - CaseID: 209 - parse_multi_results输入 - name_str: 'device_control', args_str: '{"action":"query","appointment_time":"今天下午4点","entity":"CAR_MAINTAIN"}'
2026-03-24 16:59:45,106 - DEBUG - CaseID: 209 - parse_multi_results输出: [{'name': 'device_control', 'args': {'action': 'query', 'appointment_time': '今天下午4点', 'entity': 'CAR_MAINTAIN'}}]
2026-03-24 16:59:45,106 - DEBUG - CaseID: 209 - parse_multi_results输入 - name_str: 'device_control', args_str: '{"appointment_time":"今天下午4点","action":"query","entity":"CAR_MAINTAIN"}'
2026-03-24 16:59:45,106 - DEBUG - CaseID: 209 - parse_multi_results输出: [{'name': 'device_control', 'args': {'action': 'query', 'appointment_time': '今天下午4点', 'entity': 'CAR_MAINTAIN'}}]
2026-03-24 16:59:45,106 - DEBUG - CaseID: 209 - expected_results: [{'name': 'device_control', 'args': {'action': 'query', 'appointment_time': '今天下午4点', 'entity': 'CAR_MAINTAIN'}}]
2026-03-24 16:59:45,106 - DEBUG - CaseID: 209 - actual_results: [{'name': 'device_control', 'args': {'action': 'query', 'appointment_time': '今天下午4点', 'entity': 'CAR_MAINTAIN'}}]
2026-03-24 16:59:45,106 - DEBUG - CaseID: 209 - expected_keys: {('device_control', '{"action": "query", "appointment_time": "\\u4eca\\u5929\\u4e0b\\u53484\\u70b9", "entity": "CAR_MAINTAIN"}')}
2026-03-24 16:59:45,106 - DEBUG - CaseID: 209 - actual_keys: {('device_control', '{"action": "query", "appointment_time": "\\u4eca\\u5929\\u4e0b\\u53484\\u70b9", "entity": "CAR_MAINTAIN"}')}
2026-03-24 16:59:45,106 - DEBUG - CaseID: 210 - parse_multi_results输入 - name_str: 'device_control', args_str: '{"action":"query","appointment_time":"这周日上午11点","entity":"CAR_MAINTAIN"}'
2026-03-24 16:59:45,106 - DEBUG - CaseID: 210 - parse_multi_results输出: [{'name': 'device_control', 'args': {'action': 'query', 'appointment_time': '这周日上午11点', 'entity': 'CAR_MAINTAIN'}}]
2026-03-24 16:59:45,106 - DEBUG - CaseID: 210 - parse_multi_results输入 - name_str: 'device_control', args_str: '{"appointment_time":"这周日上午11点","action":"query","entity":"CAR_MAINTAIN"}'
2026-03-24 16:59:45,106 - DEBUG - CaseID: 210 - parse_multi_results输出: [{'name': 'device_control', 'args': {'action': 'query', 'appointment_time': '这周日上午11点', 'entity': 'CAR_MAINTAIN'}}]
2026-03-24 16:59:45,106 - DEBUG - CaseID: 210 - expected_results: [{'name': 'device_control', 'args': {'action': 'query', 'appointment_time': '这周日上午11点', 'entity': 'CAR_MAINTAIN'}}]
2026-03-24 16:59:45,106 - DEBUG - CaseID: 210 - actual_results: [{'name': 'device_control', 'args': {'action': 'query', 'appointment_time': '这周日上午11点', 'entity': 'CAR_MAINTAIN'}}]
2026-03-24 16:59:45,106 - DEBUG - CaseID: 210 - expected_keys: {('device_control', '{"action": "query", "appointment_time": "\\u8fd9\\u5468\\u65e5\\u4e0a\\u534811\\u70b9", "entity": "CAR_MAINTAIN"}')}
2026-03-24 16:59:45,106 - DEBUG - CaseID: 210 - actual_keys: {('device_control', '{"action": "query", "appointment_time": "\\u8fd9\\u5468\\u65e5\\u4e0a\\u534811\\u70b9", "entity": "CAR_MAINTAIN"}')}
2026-03-24 16:59:45,106 - DEBUG - CaseID: 211 - parse_multi_results输入 - name_str: 'device_control', args_str: '{"action":"book","entity":"CAR_MAINTAIN"}'
2026-03-24 16:59:45,106 - DEBUG - CaseID: 211 - parse_multi_results输出: [{'name': 'device_control', 'args': {'action': 'book', 'entity': 'CAR_MAINTAIN'}}]
2026-03-24 16:59:45,106 - DEBUG - CaseID: 211 - parse_multi_results输入 - name_str: 'device_control', args_str: '{"action":"turnon","entity":"CAR_MAINTAIN"}'
2026-03-24 16:59:45,106 - DEBUG - CaseID: 211 - parse_multi_results输出: [{'name': 'device_control', 'args': {'action': 'turnon', 'entity': 'CAR_MAINTAIN'}}]
2026-03-24 16:59:45,106 - DEBUG - CaseID: 211 - expected_results: [{'name': 'device_control', 'args': {'action': 'book', 'entity': 'CAR_MAINTAIN'}}]
2026-03-24 16:59:45,106 - DEBUG - CaseID: 211 - actual_results: [{'name': 'device_control', 'args': {'action': 'turnon', 'entity': 'CAR_MAINTAIN'}}]
2026-03-24 16:59:45,106 - DEBUG - CaseID: 211 - expected_keys: {('device_control', '{"action": "book", "entity": "CAR_MAINTAIN"}')}
2026-03-24 16:59:45,106 - DEBUG - CaseID: 211 - actual_keys: {('device_control', '{"action": "turnon", "entity": "CAR_MAINTAIN"}')}
2026-03-24 16:59:45,106 - ERROR - CaseID: 211
实际结果缺少以下预期项：
  名称: device_control, 参数: {"action": "book", "entity": "CAR_MAINTAIN"}
实际结果多出以下非预期项：
  名称: device_control, 参数: {"action": "turnon", "entity": "CAR_MAINTAIN"}
2026-03-24 16:59:45,106 - DEBUG - CaseID: 212 - parse_multi_results输入 - name_str: 'device_control', args_str: '{"action":"book","appointment_time":"18号","entity":"CAR_MAINTAIN"}'
2026-03-24 16:59:45,107 - DEBUG - CaseID: 212 - parse_multi_results输出: [{'name': 'device_control', 'args': {'action': 'book', 'appointment_time': '18号', 'entity': 'CAR_MAINTAIN'}}]
2026-03-24 16:59:45,107 - DEBUG - CaseID: 212 - parse_multi_results输入 - name_str: 'device_control', args_str: '{"appointment_time":"18号","action":"turnon","entity":"CAR_MAINTAIN"}'
2026-03-24 16:59:45,107 - DEBUG - CaseID: 212 - parse_multi_results输出: [{'name': 'device_control', 'args': {'action': 'turnon', 'appointment_time': '18号', 'entity': 'CAR_MAINTAIN'}}]
2026-03-24 16:59:45,107 - DEBUG - CaseID: 212 - expected_results: [{'name': 'device_control', 'args': {'action': 'book', 'appointment_time': '18号', 'entity': 'CAR_MAINTAIN'}}]
2026-03-24 16:59:45,107 - DEBUG - CaseID: 212 - actual_results: [{'name': 'device_control', 'args': {'action': 'turnon', 'appointment_time': '18号', 'entity': 'CAR_MAINTAIN'}}]
2026-03-24 16:59:45,107 - DEBUG - CaseID: 212 - expected_keys: {('device_control', '{"action": "book", "appointment_time": "18\\u53f7", "entity": "CAR_MAINTAIN"}')}
2026-03-24 16:59:45,107 - DEBUG - CaseID: 212 - actual_keys: {('device_control', '{"action": "turnon", "appointment_time": "18\\u53f7", "entity": "CAR_MAINTAIN"}')}
2026-03-24 16:59:45,107 - ERROR - CaseID: 212
实际结果缺少以下预期项：
  名称: device_control, 参数: {"action": "book", "appointment_time": "18\u53f7", "entity": "CAR_MAINTAIN"}
实际结果多出以下非预期项：
  名称: device_control, 参数: {"action": "turnon", "appointment_time": "18\u53f7", "entity": "CAR_MAINTAIN"}
2026-03-24 16:59:45,107 - DEBUG - CaseID: 213 - parse_multi_results输入 - name_str: 'device_control', args_str: '{"action":"book","appointment_time":"18号","entity":"CAR_MAINTAIN","function_option":"RANGE_EXTENDER"}'
2026-03-24 16:59:45,107 - DEBUG - CaseID: 213 - parse_multi_results输出: [{'name': 'device_control', 'args': {'action': 'book', 'appointment_time': '18号', 'entity': 'CAR_MAINTAIN', 'function_option': 'RANGE_EXTENDER'}}]
2026-03-24 16:59:45,107 - DEBUG - CaseID: 213 - parse_multi_results输入 - name_str: 'device_control', args_str: '{"appointment_time":"18号","action":"book","function_option":"RANGE_EXTENDER","entity":"CAR_MAINTAIN"}'
2026-03-24 16:59:45,107 - DEBUG - CaseID: 213 - parse_multi_results输出: [{'name': 'device_control', 'args': {'action': 'book', 'appointment_time': '18号', 'entity': 'CAR_MAINTAIN', 'function_option': 'RANGE_EXTENDER'}}]
2026-03-24 16:59:45,107 - DEBUG - CaseID: 213 - expected_results: [{'name': 'device_control', 'args': {'action': 'book', 'appointment_time': '18号', 'entity': 'CAR_MAINTAIN', 'function_option': 'RANGE_EXTENDER'}}]
2026-03-24 16:59:45,107 - DEBUG - CaseID: 213 - actual_results: [{'name': 'device_control', 'args': {'action': 'book', 'appointment_time': '18号', 'entity': 'CAR_MAINTAIN', 'function_option': 'RANGE_EXTENDER'}}]
2026-03-24 16:59:45,107 - DEBUG - CaseID: 213 - expected_keys: {('device_control', '{"action": "book", "appointment_time": "18\\u53f7", "entity": "CAR_MAINTAIN", "function_option": "RANGE_EXTENDER"}')}
2026-03-24 16:59:45,107 - DEBUG - CaseID: 213 - actual_keys: {('device_control', '{"action": "book", "appointment_time": "18\\u53f7", "entity": "CAR_MAINTAIN", "function_option": "RANGE_EXTENDER"}')}
2026-03-24 16:59:45,107 - DEBUG - CaseID: 214 - parse_multi_results输入 - name_str: 'device_control', args_str: '{"action":"book","appointment_time":"18号","entity":"CAR_MAINTAIN","function_option":"RANGE_EXTENDER","poi":"望京门店"}'
2026-03-24 16:59:45,107 - DEBUG - CaseID: 214 - parse_multi_results输出: [{'name': 'device_control', 'args': {'action': 'book', 'appointment_time': '18号', 'entity': 'CAR_MAINTAIN', 'function_option': 'RANGE_EXTENDER', 'poi': '望京门店'}}]
2026-03-24 16:59:45,107 - DEBUG - CaseID: 214 - parse_multi_results输入 - name_str: 'device_control', args_str: '{"appointment_time":"18号","action":"turnon","poi":"望京门店","function_option":"RANGE_EXTENDER","entity":"CAR_MAINTAIN"}'
2026-03-24 16:59:45,107 - DEBUG - CaseID: 214 - parse_multi_results输出: [{'name': 'device_control', 'args': {'action': 'turnon', 'appointment_time': '18号', 'entity': 'CAR_MAINTAIN', 'function_option': 'RANGE_EXTENDER', 'poi': '望京门店'}}]
2026-03-24 16:59:45,107 - DEBUG - CaseID: 214 - expected_results: [{'name': 'device_control', 'args': {'action': 'book', 'appointment_time': '18号', 'entity': 'CAR_MAINTAIN', 'function_option': 'RANGE_EXTENDER', 'poi': '望京门店'}}]
2026-03-24 16:59:45,107 - DEBUG - CaseID: 214 - actual_results: [{'name': 'device_control', 'args': {'action': 'turnon', 'appointment_time': '18号', 'entity': 'CAR_MAINTAIN', 'function_option': 'RANGE_EXTENDER', 'poi': '望京门店'}}]
2026-03-24 16:59:45,107 - DEBUG - CaseID: 214 - expected_keys: {('device_control', '{"action": "book", "appointment_time": "18\\u53f7", "entity": "CAR_MAINTAIN", "function_option": "RANGE_EXTENDER", "poi": "\\u671b\\u4eac\\u95e8\\u5e97"}')}
2026-03-24 16:59:45,107 - DEBUG - CaseID: 214 - actual_keys: {('device_control', '{"action": "turnon", "appointment_time": "18\\u53f7", "entity": "CAR_MAINTAIN", "function_option": "RANGE_EXTENDER", "poi": "\\u671b\\u4eac\\u95e8\\u5e97"}')}
2026-03-24 16:59:45,107 - ERROR - CaseID: 214
实际结果缺少以下预期项：
  名称: device_control, 参数: {"action": "book", "appointment_time": "18\u53f7", "entity": "CAR_MAINTAIN", "function_option": "RANGE_EXTENDER", "poi": "\u671b\u4eac\u95e8\u5e97"}
实际结果多出以下非预期项：
  名称: device_control, 参数: {"action": "turnon", "appointment_time": "18\u53f7", "entity": "CAR_MAINTAIN", "function_option": "RANGE_EXTENDER", "poi": "\u671b\u4eac\u95e8\u5e97"}
2026-03-24 16:59:45,107 - DEBUG - CaseID: 215 - parse_multi_results输入 - name_str: 'device_control', args_str: '{"action":"book","appointment_time":"今天8点","entity":"DEPART_ON_TIME"}'
2026-03-24 16:59:45,107 - DEBUG - CaseID: 215 - parse_multi_results输出: [{'name': 'device_control', 'args': {'action': 'book', 'appointment_time': '今天8点', 'entity': 'DEPART_ON_TIME'}}]
2026-03-24 16:59:45,107 - DEBUG - CaseID: 215 - parse_multi_results输入 - name_str: 'device_control', args_str: '{"appointment_time":"今天8点","action":"book","entity":"DEPART_ON_TIME"}'
2026-03-24 16:59:45,107 - DEBUG - CaseID: 215 - parse_multi_results输出: [{'name': 'device_control', 'args': {'action': 'book', 'appointment_time': '今天8点', 'entity': 'DEPART_ON_TIME'}}]
2026-03-24 16:59:45,107 - DEBUG - CaseID: 215 - expected_results: [{'name': 'device_control', 'args': {'action': 'book', 'appointment_time': '今天8点', 'entity': 'DEPART_ON_TIME'}}]
2026-03-24 16:59:45,107 - DEBUG - CaseID: 215 - actual_results: [{'name': 'device_control', 'args': {'action': 'book', 'appointment_time': '今天8点', 'entity': 'DEPART_ON_TIME'}}]
2026-03-24 16:59:45,107 - DEBUG - CaseID: 215 - expected_keys: {('device_control', '{"action": "book", "appointment_time": "\\u4eca\\u59298\\u70b9", "entity": "DEPART_ON_TIME"}')}
2026-03-24 16:59:45,107 - DEBUG - CaseID: 215 - actual_keys: {('device_control', '{"action": "book", "appointment_time": "\\u4eca\\u59298\\u70b9", "entity": "DEPART_ON_TIME"}')}
2026-03-24 16:59:45,107 - DEBUG - CaseID: 216 - parse_multi_results输入 - name_str: 'device_control', args_str: '{"action":"book","appointment_time":"8点","entity":"AC"}'
2026-03-24 16:59:45,107 - DEBUG - CaseID: 216 - parse_multi_results输出: [{'name': 'device_control', 'args': {'action': 'book', 'appointment_time': '8点', 'entity': 'AC'}}]
2026-03-24 16:59:45,107 - DEBUG - CaseID: 216 - parse_multi_results输入 - name_str: 'device_control', args_str: '{"appointment_time":"0800","action":"turnon","entity":"AC"}'
2026-03-24 16:59:45,107 - DEBUG - CaseID: 216 - parse_multi_results输出: [{'name': 'device_control', 'args': {'action': 'turnon', 'appointment_time': '0800', 'entity': 'AC'}}]
2026-03-24 16:59:45,108 - DEBUG - CaseID: 216 - expected_results: [{'name': 'device_control', 'args': {'action': 'book', 'appointment_time': '8点', 'entity': 'AC'}}]
2026-03-24 16:59:45,108 - DEBUG - CaseID: 216 - actual_results: [{'name': 'device_control', 'args': {'action': 'turnon', 'appointment_time': '0800', 'entity': 'AC'}}]
2026-03-24 16:59:45,108 - DEBUG - CaseID: 216 - expected_keys: {('device_control', '{"action": "book", "appointment_time": "8\\u70b9", "entity": "AC"}')}
2026-03-24 16:59:45,108 - DEBUG - CaseID: 216 - actual_keys: {('device_control', '{"action": "turnon", "appointment_time": "0800", "entity": "AC"}')}
2026-03-24 16:59:45,108 - ERROR - CaseID: 216
实际结果缺少以下预期项：
  名称: device_control, 参数: {"action": "book", "appointment_time": "8\u70b9", "entity": "AC"}
实际结果多出以下非预期项：
  名称: device_control, 参数: {"action": "turnon", "appointment_time": "0800", "entity": "AC"}
2026-03-24 16:59:45,108 - DEBUG - CaseID: 217 - parse_multi_results输入 - name_str: 'device_control', args_str: '{"action":"book","appointment_time":"每天8点","entity":"SEAT","function_option":"TEMPERATURE"}'
2026-03-24 16:59:45,108 - DEBUG - CaseID: 217 - parse_multi_results输出: [{'name': 'device_control', 'args': {'action': 'book', 'appointment_time': '每天8点', 'entity': 'SEAT', 'function_option': 'TEMPERATURE'}}]
2026-03-24 16:59:45,108 - DEBUG - CaseID: 217 - parse_multi_results输入 - name_str: 'device_control', args_str: '{"appointment_time":"每天8点","action":"book","function_option":"TEMPERATURE","entity":"SEAT"}'
2026-03-24 16:59:45,108 - DEBUG - CaseID: 217 - parse_multi_results输出: [{'name': 'device_control', 'args': {'action': 'book', 'appointment_time': '每天8点', 'entity': 'SEAT', 'function_option': 'TEMPERATURE'}}]
2026-03-24 16:59:45,108 - DEBUG - CaseID: 217 - expected_results: [{'name': 'device_control', 'args': {'action': 'book', 'appointment_time': '每天8点', 'entity': 'SEAT', 'function_option': 'TEMPERATURE'}}]
2026-03-24 16:59:45,108 - DEBUG - CaseID: 217 - actual_results: [{'name': 'device_control', 'args': {'action': 'book', 'appointment_time': '每天8点', 'entity': 'SEAT', 'function_option': 'TEMPERATURE'}}]
2026-03-24 16:59:45,108 - DEBUG - CaseID: 217 - expected_keys: {('device_control', '{"action": "book", "appointment_time": "\\u6bcf\\u59298\\u70b9", "entity": "SEAT", "function_option": "TEMPERATURE"}')}
2026-03-24 16:59:45,108 - DEBUG - CaseID: 217 - actual_keys: {('device_control', '{"action": "book", "appointment_time": "\\u6bcf\\u59298\\u70b9", "entity": "SEAT", "function_option": "TEMPERATURE"}')}
2026-03-24 16:59:45,108 - DEBUG - CaseID: 218 - parse_multi_results输入 - name_str: 'device_control', args_str: '{"action":"book","appointment_time":"每天8点","entity":"SEAT","function_option":"VENTILATION"}'
2026-03-24 16:59:45,108 - DEBUG - CaseID: 218 - parse_multi_results输出: [{'name': 'device_control', 'args': {'action': 'book', 'appointment_time': '每天8点', 'entity': 'SEAT', 'function_option': 'VENTILATION'}}]
2026-03-24 16:59:45,108 - DEBUG - CaseID: 218 - parse_multi_results输入 - name_str: 'device_control', args_str: '{"appointment_time":"每天8点","action":"book","function_option":"VENTILATION","entity":"SEAT"}'
2026-03-24 16:59:45,108 - DEBUG - CaseID: 218 - parse_multi_results输出: [{'name': 'device_control', 'args': {'action': 'book', 'appointment_time': '每天8点', 'entity': 'SEAT', 'function_option': 'VENTILATION'}}]
2026-03-24 16:59:45,108 - DEBUG - CaseID: 218 - expected_results: [{'name': 'device_control', 'args': {'action': 'book', 'appointment_time': '每天8点', 'entity': 'SEAT', 'function_option': 'VENTILATION'}}]
2026-03-24 16:59:45,108 - DEBUG - CaseID: 218 - actual_results: [{'name': 'device_control', 'args': {'action': 'book', 'appointment_time': '每天8点', 'entity': 'SEAT', 'function_option': 'VENTILATION'}}]
2026-03-24 16:59:45,108 - DEBUG - CaseID: 218 - expected_keys: {('device_control', '{"action": "book", "appointment_time": "\\u6bcf\\u59298\\u70b9", "entity": "SEAT", "function_option": "VENTILATION"}')}
2026-03-24 16:59:45,108 - DEBUG - CaseID: 218 - actual_keys: {('device_control', '{"action": "book", "appointment_time": "\\u6bcf\\u59298\\u70b9", "entity": "SEAT", "function_option": "VENTILATION"}')}
2026-03-24 16:59:45,108 - DEBUG - CaseID: 219 - parse_multi_results输入 - name_str: 'device_control', args_str: '{"action":"book","appointment_time":"每天8点","entity":"STEERING_WHEEL","function_option":"TEMPERATURE"}'
2026-03-24 16:59:45,108 - DEBUG - CaseID: 219 - parse_multi_results输出: [{'name': 'device_control', 'args': {'action': 'book', 'appointment_time': '每天8点', 'entity': 'STEERING_WHEEL', 'function_option': 'TEMPERATURE'}}]
2026-03-24 16:59:45,108 - DEBUG - CaseID: 219 - parse_multi_results输入 - name_str: 'device_control', args_str: '{"appointment_time":"每天8点","action":"book","function_option":"TEMPERATURE","entity":"STEERING_WHEEL"}'
2026-03-24 16:59:45,108 - DEBUG - CaseID: 219 - parse_multi_results输出: [{'name': 'device_control', 'args': {'action': 'book', 'appointment_time': '每天8点', 'entity': 'STEERING_WHEEL', 'function_option': 'TEMPERATURE'}}]
2026-03-24 16:59:45,108 - DEBUG - CaseID: 219 - expected_results: [{'name': 'device_control', 'args': {'action': 'book', 'appointment_time': '每天8点', 'entity': 'STEERING_WHEEL', 'function_option': 'TEMPERATURE'}}]
2026-03-24 16:59:45,108 - DEBUG - CaseID: 219 - actual_results: [{'name': 'device_control', 'args': {'action': 'book', 'appointment_time': '每天8点', 'entity': 'STEERING_WHEEL', 'function_option': 'TEMPERATURE'}}]
2026-03-24 16:59:45,108 - DEBUG - CaseID: 219 - expected_keys: {('device_control', '{"action": "book", "appointment_time": "\\u6bcf\\u59298\\u70b9", "entity": "STEERING_WHEEL", "function_option": "TEMPERATURE"}')}
2026-03-24 16:59:45,108 - DEBUG - CaseID: 219 - actual_keys: {('device_control', '{"action": "book", "appointment_time": "\\u6bcf\\u59298\\u70b9", "entity": "STEERING_WHEEL", "function_option": "TEMPERATURE"}')}
2026-03-24 16:59:45,108 - DEBUG - CaseID: 220 - parse_multi_results输入 - name_str: 'device_control', args_str: '{"action":"query","appointment_time":"今天","entity":"DEPART_ON_TIME"}'
2026-03-24 16:59:45,108 - DEBUG - CaseID: 220 - parse_multi_results输出: [{'name': 'device_control', 'args': {'action': 'query', 'appointment_time': '今天', 'entity': 'DEPART_ON_TIME'}}]
2026-03-24 16:59:45,108 - DEBUG - CaseID: 220 - parse_multi_results输入 - name_str: 'device_control', args_str: '{"action":"query","entity":"DEPART_ON_TIME"}'
2026-03-24 16:59:45,108 - DEBUG - CaseID: 220 - parse_multi_results输出: [{'name': 'device_control', 'args': {'action': 'query', 'entity': 'DEPART_ON_TIME'}}]
2026-03-24 16:59:45,108 - DEBUG - CaseID: 220 - expected_results: [{'name': 'device_control', 'args': {'action': 'query', 'appointment_time': '今天', 'entity': 'DEPART_ON_TIME'}}]
2026-03-24 16:59:45,108 - DEBUG - CaseID: 220 - actual_results: [{'name': 'device_control', 'args': {'action': 'query', 'entity': 'DEPART_ON_TIME'}}]
2026-03-24 16:59:45,108 - DEBUG - CaseID: 220 - expected_keys: {('device_control', '{"action": "query", "appointment_time": "\\u4eca\\u5929", "entity": "DEPART_ON_TIME"}')}
2026-03-24 16:59:45,108 - DEBUG - CaseID: 220 - actual_keys: {('device_control', '{"action": "query", "entity": "DEPART_ON_TIME"}')}
2026-03-24 16:59:45,108 - ERROR - CaseID: 220
实际结果缺少以下预期项：
  名称: device_control, 参数: {"action": "query", "appointment_time": "\u4eca\u5929", "entity": "DEPART_ON_TIME"}
实际结果多出以下非预期项：
  名称: device_control, 参数: {"action": "query", "entity": "DEPART_ON_TIME"}
2026-03-24 16:59:45,109 - DEBUG - CaseID: 221 - parse_multi_results输入 - name_str: 'device_control', args_str: '{"action":"book","appointment_time":"8点","entity":"REFRIGERATOR","function_option":"REFRIGERATION"}'
2026-03-24 16:59:45,109 - DEBUG - CaseID: 221 - parse_multi_results输出: [{'name': 'device_control', 'args': {'action': 'book', 'appointment_time': '8点', 'entity': 'REFRIGERATOR', 'function_option': 'REFRIGERATION'}}]
2026-03-24 16:59:45,109 - DEBUG - CaseID: 221 - parse_multi_results输入 - name_str: 'device_control', args_str: '{"appointment_time":"0800","action":"turnon","function_option":"REFRIGERATION","entity":"REFRIGERATOR"}'
2026-03-24 16:59:45,109 - DEBUG - CaseID: 221 - parse_multi_results输出: [{'name': 'device_control', 'args': {'action': 'turnon', 'appointment_time': '0800', 'entity': 'REFRIGERATOR', 'function_option': 'REFRIGERATION'}}]
2026-03-24 16:59:45,109 - DEBUG - CaseID: 221 - expected_results: [{'name': 'device_control', 'args': {'action': 'book', 'appointment_time': '8点', 'entity': 'REFRIGERATOR', 'function_option': 'REFRIGERATION'}}]
2026-03-24 16:59:45,109 - DEBUG - CaseID: 221 - actual_results: [{'name': 'device_control', 'args': {'action': 'turnon', 'appointment_time': '0800', 'entity': 'REFRIGERATOR', 'function_option': 'REFRIGERATION'}}]
2026-03-24 16:59:45,109 - DEBUG - CaseID: 221 - expected_keys: {('device_control', '{"action": "book", "appointment_time": "8\\u70b9", "entity": "REFRIGERATOR", "function_option": "REFRIGERATION"}')}
2026-03-24 16:59:45,109 - DEBUG - CaseID: 221 - actual_keys: {('device_control', '{"action": "turnon", "appointment_time": "0800", "entity": "REFRIGERATOR", "function_option": "REFRIGERATION"}')}
2026-03-24 16:59:45,109 - ERROR - CaseID: 221
实际结果缺少以下预期项：
  名称: device_control, 参数: {"action": "book", "appointment_time": "8\u70b9", "entity": "REFRIGERATOR", "function_option": "REFRIGERATION"}
实际结果多出以下非预期项：
  名称: device_control, 参数: {"action": "turnon", "appointment_time": "0800", "entity": "REFRIGERATOR", "function_option": "REFRIGERATION"}
2026-03-24 16:59:45,109 - DEBUG - CaseID: 222 - parse_multi_results输入 - name_str: 'device_control', args_str: '{"action":"book","appointment_time":"明天8点","entity":"REFRIGERATOR","function_option":"TEMPERATURE"}'
2026-03-24 16:59:45,109 - DEBUG - CaseID: 222 - parse_multi_results输出: [{'name': 'device_control', 'args': {'action': 'book', 'appointment_time': '明天8点', 'entity': 'REFRIGERATOR', 'function_option': 'TEMPERATURE'}}]
2026-03-24 16:59:45,109 - DEBUG - CaseID: 222 - parse_multi_results输入 - name_str: 'device_control', args_str: '{"appointment_time":"明天8点","action":"book","function_option":"TEMPERATURE","entity":"REFRIGERATOR"}'
2026-03-24 16:59:45,109 - DEBUG - CaseID: 222 - parse_multi_results输出: [{'name': 'device_control', 'args': {'action': 'book', 'appointment_time': '明天8点', 'entity': 'REFRIGERATOR', 'function_option': 'TEMPERATURE'}}]
2026-03-24 16:59:45,109 - DEBUG - CaseID: 222 - expected_results: [{'name': 'device_control', 'args': {'action': 'book', 'appointment_time': '明天8点', 'entity': 'REFRIGERATOR', 'function_option': 'TEMPERATURE'}}]
2026-03-24 16:59:45,109 - DEBUG - CaseID: 222 - actual_results: [{'name': 'device_control', 'args': {'action': 'book', 'appointment_time': '明天8点', 'entity': 'REFRIGERATOR', 'function_option': 'TEMPERATURE'}}]
2026-03-24 16:59:45,109 - DEBUG - CaseID: 222 - expected_keys: {('device_control', '{"action": "book", "appointment_time": "\\u660e\\u59298\\u70b9", "entity": "REFRIGERATOR", "function_option": "TEMPERATURE"}')}
2026-03-24 16:59:45,109 - DEBUG - CaseID: 222 - actual_keys: {('device_control', '{"action": "book", "appointment_time": "\\u660e\\u59298\\u70b9", "entity": "REFRIGERATOR", "function_option": "TEMPERATURE"}')}
2026-03-24 16:59:45,109 - DEBUG - CaseID: 223 - parse_multi_results输入 - name_str: 'device_control', args_str: '{"action":"adjust","appointment_time":"明天8点","entity":"REFRIGERATOR","range":"6度"}'
2026-03-24 16:59:45,109 - DEBUG - CaseID: 223 - parse_multi_results输出: [{'name': 'device_control', 'args': {'action': 'adjust', 'appointment_time': '明天8点', 'entity': 'REFRIGERATOR', 'range': '6度'}}]
2026-03-24 16:59:45,109 - DEBUG - CaseID: 223 - parse_multi_results输入 - name_str: 'device_control', args_str: '{"appointment_time":"明天8点","action":"adjust","range":"6度","entity":"REFRIGERATOR"}'
2026-03-24 16:59:45,109 - DEBUG - CaseID: 223 - parse_multi_results输出: [{'name': 'device_control', 'args': {'action': 'adjust', 'appointment_time': '明天8点', 'entity': 'REFRIGERATOR', 'range': '6度'}}]
2026-03-24 16:59:45,109 - DEBUG - CaseID: 223 - expected_results: [{'name': 'device_control', 'args': {'action': 'adjust', 'appointment_time': '明天8点', 'entity': 'REFRIGERATOR', 'range': '6度'}}]
2026-03-24 16:59:45,109 - DEBUG - CaseID: 223 - actual_results: [{'name': 'device_control', 'args': {'action': 'adjust', 'appointment_time': '明天8点', 'entity': 'REFRIGERATOR', 'range': '6度'}}]
2026-03-24 16:59:45,109 - DEBUG - CaseID: 223 - expected_keys: {('device_control', '{"action": "adjust", "appointment_time": "\\u660e\\u59298\\u70b9", "entity": "REFRIGERATOR", "range": "6\\u5ea6"}')}
2026-03-24 16:59:45,109 - DEBUG - CaseID: 223 - actual_keys: {('device_control', '{"action": "adjust", "appointment_time": "\\u660e\\u59298\\u70b9", "entity": "REFRIGERATOR", "range": "6\\u5ea6"}')}
2026-03-24 16:59:45,109 - DEBUG - CaseID: 224 - parse_multi_results输入 - name_str: 'device_control', args_str: '{"action":"query","entity":"GUARD_MODE","media_type":"VIDEO"}'
2026-03-24 16:59:45,109 - DEBUG - CaseID: 224 - parse_multi_results输出: [{'name': 'device_control', 'args': {'action': 'query', 'entity': 'GUARD_MODE', 'media_type': 'VIDEO'}}]
2026-03-24 16:59:45,109 - DEBUG - CaseID: 224 - parse_multi_results输入 - name_str: 'device_control', args_str: '{"media_type":"VIDEO","action":"query","entity":"GUARD_MODE"}'
2026-03-24 16:59:45,109 - DEBUG - CaseID: 224 - parse_multi_results输出: [{'name': 'device_control', 'args': {'action': 'query', 'entity': 'GUARD_MODE', 'media_type': 'VIDEO'}}]
2026-03-24 16:59:45,109 - DEBUG - CaseID: 224 - expected_results: [{'name': 'device_control', 'args': {'action': 'query', 'entity': 'GUARD_MODE', 'media_type': 'VIDEO'}}]
2026-03-24 16:59:45,109 - DEBUG - CaseID: 224 - actual_results: [{'name': 'device_control', 'args': {'action': 'query', 'entity': 'GUARD_MODE', 'media_type': 'VIDEO'}}]
2026-03-24 16:59:45,109 - DEBUG - CaseID: 224 - expected_keys: {('device_control', '{"action": "query", "entity": "GUARD_MODE", "media_type": "VIDEO"}')}
2026-03-24 16:59:45,109 - DEBUG - CaseID: 224 - actual_keys: {('device_control', '{"action": "query", "entity": "GUARD_MODE", "media_type": "VIDEO"}')}
2026-03-24 16:59:45,109 - DEBUG - CaseID: 225 - parse_multi_results输入 - name_str: 'device_control', args_str: '{"action":"query","entity":"GUARD_MODE","media_type":"VIDEO"}'
2026-03-24 16:59:45,109 - DEBUG - CaseID: 225 - parse_multi_results输出: [{'name': 'device_control', 'args': {'action': 'query', 'entity': 'GUARD_MODE', 'media_type': 'VIDEO'}}]
2026-03-24 16:59:45,109 - DEBUG - CaseID: 225 - parse_multi_results输入 - name_str: '', args_str: ''
2026-03-24 16:59:45,109 - DEBUG - CaseID: 225 - parse_multi_results输出: []
2026-03-24 16:59:45,109 - DEBUG - CaseID: 225 - expected_results: [{'name': 'device_control', 'args': {'action': 'query', 'entity': 'GUARD_MODE', 'media_type': 'VIDEO'}}]
2026-03-24 16:59:45,109 - DEBUG - CaseID: 225 - actual_results: []
2026-03-24 16:59:45,110 - ERROR - CaseID: 225
结果数量不匹配: 预期1个，实际0个
2026-03-24 16:59:45,110 - DEBUG - CaseID: 226 - parse_multi_results输入 - name_str: 'device_control', args_str: '{"action":"query","entity":"GUARD_MODE"}'
2026-03-24 16:59:45,110 - DEBUG - CaseID: 226 - parse_multi_results输出: [{'name': 'device_control', 'args': {'action': 'query', 'entity': 'GUARD_MODE'}}]
2026-03-24 16:59:45,110 - DEBUG - CaseID: 226 - parse_multi_results输入 - name_str: 'device_control', args_str: '{"action":"query","entity":"GUARD_MODE"}'
2026-03-24 16:59:45,110 - DEBUG - CaseID: 226 - parse_multi_results输出: [{'name': 'device_control', 'args': {'action': 'query', 'entity': 'GUARD_MODE'}}]
2026-03-24 16:59:45,110 - DEBUG - CaseID: 226 - expected_results: [{'name': 'device_control', 'args': {'action': 'query', 'entity': 'GUARD_MODE'}}]
2026-03-24 16:59:45,110 - DEBUG - CaseID: 226 - actual_results: [{'name': 'device_control', 'args': {'action': 'query', 'entity': 'GUARD_MODE'}}]
2026-03-24 16:59:45,110 - DEBUG - CaseID: 226 - expected_keys: {('device_control', '{"action": "query", "entity": "GUARD_MODE"}')}
2026-03-24 16:59:45,110 - DEBUG - CaseID: 226 - actual_keys: {('device_control', '{"action": "query", "entity": "GUARD_MODE"}')}
2026-03-24 16:59:45,110 - DEBUG - CaseID: 227 - parse_multi_results输入 - name_str: 'device_control', args_str: '{"action":"query","entity":"GUARD_MODE"}'
2026-03-24 16:59:45,110 - DEBUG - CaseID: 227 - parse_multi_results输出: [{'name': 'device_control', 'args': {'action': 'query', 'entity': 'GUARD_MODE'}}]
2026-03-24 16:59:45,110 - DEBUG - CaseID: 227 - parse_multi_results输入 - name_str: 'device_control', args_str: '{"action":"query","entity":"GUARD_MODE"}'
2026-03-24 16:59:45,110 - DEBUG - CaseID: 227 - parse_multi_results输出: [{'name': 'device_control', 'args': {'action': 'query', 'entity': 'GUARD_MODE'}}]
2026-03-24 16:59:45,110 - DEBUG - CaseID: 227 - expected_results: [{'name': 'device_control', 'args': {'action': 'query', 'entity': 'GUARD_MODE'}}]
2026-03-24 16:59:45,110 - DEBUG - CaseID: 227 - actual_results: [{'name': 'device_control', 'args': {'action': 'query', 'entity': 'GUARD_MODE'}}]
2026-03-24 16:59:45,110 - DEBUG - CaseID: 227 - expected_keys: {('device_control', '{"action": "query", "entity": "GUARD_MODE"}')}
2026-03-24 16:59:45,110 - DEBUG - CaseID: 227 - actual_keys: {('device_control', '{"action": "query", "entity": "GUARD_MODE"}')}
2026-03-24 16:59:45,110 - DEBUG - CaseID: 228 - parse_multi_results输入 - name_str: 'device_control', args_str: '{"action":"query","entity":"GUARD_MODE"}'
2026-03-24 16:59:45,110 - DEBUG - CaseID: 228 - parse_multi_results输出: [{'name': 'device_control', 'args': {'action': 'query', 'entity': 'GUARD_MODE'}}]
2026-03-24 16:59:45,110 - DEBUG - CaseID: 228 - parse_multi_results输入 - name_str: 'device_control', args_str: '{"action":"query","entity":"GUARD_MODE"}'
2026-03-24 16:59:45,110 - DEBUG - CaseID: 228 - parse_multi_results输出: [{'name': 'device_control', 'args': {'action': 'query', 'entity': 'GUARD_MODE'}}]
2026-03-24 16:59:45,110 - DEBUG - CaseID: 228 - expected_results: [{'name': 'device_control', 'args': {'action': 'query', 'entity': 'GUARD_MODE'}}]
2026-03-24 16:59:45,110 - DEBUG - CaseID: 228 - actual_results: [{'name': 'device_control', 'args': {'action': 'query', 'entity': 'GUARD_MODE'}}]
2026-03-24 16:59:45,110 - DEBUG - CaseID: 228 - expected_keys: {('device_control', '{"action": "query", "entity": "GUARD_MODE"}')}
2026-03-24 16:59:45,110 - DEBUG - CaseID: 228 - actual_keys: {('device_control', '{"action": "query", "entity": "GUARD_MODE"}')}
2026-03-24 16:59:45,110 - DEBUG - CaseID: 229 - parse_multi_results输入 - name_str: 'device_control', args_str: '{"action":"query","entity":"GUARD_MODE"}'
2026-03-24 16:59:45,110 - DEBUG - CaseID: 229 - parse_multi_results输出: [{'name': 'device_control', 'args': {'action': 'query', 'entity': 'GUARD_MODE'}}]
2026-03-24 16:59:45,110 - DEBUG - CaseID: 229 - parse_multi_results输入 - name_str: 'device_control', args_str: '{"action":"query","entity":"GUARD_MODE"}'
2026-03-24 16:59:45,110 - DEBUG - CaseID: 229 - parse_multi_results输出: [{'name': 'device_control', 'args': {'action': 'query', 'entity': 'GUARD_MODE'}}]
2026-03-24 16:59:45,110 - DEBUG - CaseID: 229 - expected_results: [{'name': 'device_control', 'args': {'action': 'query', 'entity': 'GUARD_MODE'}}]
2026-03-24 16:59:45,110 - DEBUG - CaseID: 229 - actual_results: [{'name': 'device_control', 'args': {'action': 'query', 'entity': 'GUARD_MODE'}}]
2026-03-24 16:59:45,110 - DEBUG - CaseID: 229 - expected_keys: {('device_control', '{"action": "query", "entity": "GUARD_MODE"}')}
2026-03-24 16:59:45,110 - DEBUG - CaseID: 229 - actual_keys: {('device_control', '{"action": "query", "entity": "GUARD_MODE"}')}
2026-03-24 16:59:45,110 - DEBUG - CaseID: 230 - parse_multi_results输入 - name_str: 'device_control', args_str: '{"action":"update","entity":"ACCOUNT_INFO","function_option":"NICK_NAME"}'
2026-03-24 16:59:45,110 - DEBUG - CaseID: 230 - parse_multi_results输出: [{'name': 'device_control', 'args': {'action': 'update', 'entity': 'ACCOUNT_INFO', 'function_option': 'NICK_NAME'}}]
2026-03-24 16:59:45,110 - DEBUG - CaseID: 230 - parse_multi_results输入 - name_str: 'device_control', args_str: '{"action":"update","function_option":"NICK_NAME","entity":"ACCOUNT_INFO"}'
2026-03-24 16:59:45,110 - DEBUG - CaseID: 230 - parse_multi_results输出: [{'name': 'device_control', 'args': {'action': 'update', 'entity': 'ACCOUNT_INFO', 'function_option': 'NICK_NAME'}}]
2026-03-24 16:59:45,110 - DEBUG - CaseID: 230 - expected_results: [{'name': 'device_control', 'args': {'action': 'update', 'entity': 'ACCOUNT_INFO', 'function_option': 'NICK_NAME'}}]
2026-03-24 16:59:45,110 - DEBUG - CaseID: 230 - actual_results: [{'name': 'device_control', 'args': {'action': 'update', 'entity': 'ACCOUNT_INFO', 'function_option': 'NICK_NAME'}}]
2026-03-24 16:59:45,110 - DEBUG - CaseID: 230 - expected_keys: {('device_control', '{"action": "update", "entity": "ACCOUNT_INFO", "function_option": "NICK_NAME"}')}
2026-03-24 16:59:45,110 - DEBUG - CaseID: 230 - actual_keys: {('device_control', '{"action": "update", "entity": "ACCOUNT_INFO", "function_option": "NICK_NAME"}')}
2026-03-24 16:59:45,110 - DEBUG - CaseID: 231 - parse_multi_results输入 - name_str: 'device_control', args_str: '{"action":"query","entity":"ACCOUNT_INFO","function_option":"PLATE_NUMBER"}'
2026-03-24 16:59:45,111 - DEBUG - CaseID: 231 - parse_multi_results输出: [{'name': 'device_control', 'args': {'action': 'query', 'entity': 'ACCOUNT_INFO', 'function_option': 'PLATE_NUMBER'}}]
2026-03-24 16:59:45,111 - DEBUG - CaseID: 231 - parse_multi_results输入 - name_str: 'note_retrieve', args_str: '{"query":"我的车牌号是多少"}'
2026-03-24 16:59:45,111 - DEBUG - CaseID: 231 - parse_multi_results输出: [{'name': 'note_retrieve', 'args': {'query': '我的车牌号是多少'}}]
2026-03-24 16:59:45,111 - DEBUG - CaseID: 231 - expected_results: [{'name': 'device_control', 'args': {'action': 'query', 'entity': 'ACCOUNT_INFO', 'function_option': 'PLATE_NUMBER'}}]
2026-03-24 16:59:45,111 - DEBUG - CaseID: 231 - actual_results: [{'name': 'note_retrieve', 'args': {'query': '我的车牌号是多少'}}]
2026-03-24 16:59:45,111 - DEBUG - CaseID: 231 - expected_keys: {('device_control', '{"action": "query", "entity": "ACCOUNT_INFO", "function_option": "PLATE_NUMBER"}')}
2026-03-24 16:59:45,111 - DEBUG - CaseID: 231 - actual_keys: {('note_retrieve', '{"query": "\\u6211\\u7684\\u8f66\\u724c\\u53f7\\u662f\\u591a\\u5c11"}')}
2026-03-24 16:59:45,111 - ERROR - CaseID: 231
实际结果缺少以下预期项：
  名称: device_control, 参数: {"action": "query", "entity": "ACCOUNT_INFO", "function_option": "PLATE_NUMBER"}
实际结果多出以下非预期项：
  名称: note_retrieve, 参数: {"query": "\u6211\u7684\u8f66\u724c\u53f7\u662f\u591a\u5c11"}
2026-03-24 16:59:45,111 - DEBUG - CaseID: 232 - parse_multi_results输入 - name_str: 'device_control', args_str: '{"action":"query","entity":"ACCOUNT_INFO","function_option":"VIN"}'
2026-03-24 16:59:45,111 - DEBUG - CaseID: 232 - parse_multi_results输出: [{'name': 'device_control', 'args': {'action': 'query', 'entity': 'ACCOUNT_INFO', 'function_option': 'VIN'}}]
2026-03-24 16:59:45,111 - DEBUG - CaseID: 232 - parse_multi_results输入 - name_str: 'device_control', args_str: '{"action":"query","function_option":"VIN","entity":"ACCOUNT_INFO"}'
2026-03-24 16:59:45,111 - DEBUG - CaseID: 232 - parse_multi_results输出: [{'name': 'device_control', 'args': {'action': 'query', 'entity': 'ACCOUNT_INFO', 'function_option': 'VIN'}}]
2026-03-24 16:59:45,111 - DEBUG - CaseID: 232 - expected_results: [{'name': 'device_control', 'args': {'action': 'query', 'entity': 'ACCOUNT_INFO', 'function_option': 'VIN'}}]
2026-03-24 16:59:45,111 - DEBUG - CaseID: 232 - actual_results: [{'name': 'device_control', 'args': {'action': 'query', 'entity': 'ACCOUNT_INFO', 'function_option': 'VIN'}}]
2026-03-24 16:59:45,111 - DEBUG - CaseID: 232 - expected_keys: {('device_control', '{"action": "query", "entity": "ACCOUNT_INFO", "function_option": "VIN"}')}
2026-03-24 16:59:45,111 - DEBUG - CaseID: 232 - actual_keys: {('device_control', '{"action": "query", "entity": "ACCOUNT_INFO", "function_option": "VIN"}')}
2026-03-24 16:59:45,111 - DEBUG - CaseID: 233 - parse_multi_results输入 - name_str: 'device_control', args_str: '{"action":"query","entity":"OTA"}'
2026-03-24 16:59:45,111 - DEBUG - CaseID: 233 - parse_multi_results输出: [{'name': 'device_control', 'args': {'action': 'query', 'entity': 'OTA'}}]
2026-03-24 16:59:45,111 - DEBUG - CaseID: 233 - parse_multi_results输入 - name_str: 'device_control', args_str: '{"action":"query","entity":"OTA"}'
2026-03-24 16:59:45,111 - DEBUG - CaseID: 233 - parse_multi_results输出: [{'name': 'device_control', 'args': {'action': 'query', 'entity': 'OTA'}}]
2026-03-24 16:59:45,111 - DEBUG - CaseID: 233 - expected_results: [{'name': 'device_control', 'args': {'action': 'query', 'entity': 'OTA'}}]
2026-03-24 16:59:45,111 - DEBUG - CaseID: 233 - actual_results: [{'name': 'device_control', 'args': {'action': 'query', 'entity': 'OTA'}}]
2026-03-24 16:59:45,111 - DEBUG - CaseID: 233 - expected_keys: {('device_control', '{"action": "query", "entity": "OTA"}')}
2026-03-24 16:59:45,111 - DEBUG - CaseID: 233 - actual_keys: {('device_control', '{"action": "query", "entity": "OTA"}')}
2026-03-24 16:59:45,111 - DEBUG - CaseID: 234 - parse_multi_results输入 - name_str: 'device_control', args_str: '{"action":"book","entity":"OTA"}'
2026-03-24 16:59:45,111 - DEBUG - CaseID: 234 - parse_multi_results输出: [{'name': 'device_control', 'args': {'action': 'book', 'entity': 'OTA'}}]
2026-03-24 16:59:45,111 - DEBUG - CaseID: 234 - parse_multi_results输入 - name_str: 'device_control', args_str: '{"action":"turnon","entity":"OTA"}'
2026-03-24 16:59:45,111 - DEBUG - CaseID: 234 - parse_multi_results输出: [{'name': 'device_control', 'args': {'action': 'turnon', 'entity': 'OTA'}}]
2026-03-24 16:59:45,111 - DEBUG - CaseID: 234 - expected_results: [{'name': 'device_control', 'args': {'action': 'book', 'entity': 'OTA'}}]
2026-03-24 16:59:45,111 - DEBUG - CaseID: 234 - actual_results: [{'name': 'device_control', 'args': {'action': 'turnon', 'entity': 'OTA'}}]
2026-03-24 16:59:45,111 - DEBUG - CaseID: 234 - expected_keys: {('device_control', '{"action": "book", "entity": "OTA"}')}
2026-03-24 16:59:45,111 - DEBUG - CaseID: 234 - actual_keys: {('device_control', '{"action": "turnon", "entity": "OTA"}')}
2026-03-24 16:59:45,111 - ERROR - CaseID: 234
实际结果缺少以下预期项：
  名称: device_control, 参数: {"action": "book", "entity": "OTA"}
实际结果多出以下非预期项：
  名称: device_control, 参数: {"action": "turnon", "entity": "OTA"}
2026-03-24 16:59:45,111 - DEBUG - CaseID: 235 - parse_multi_results输入 - name_str: 'vla_control', args_str: '{"action":"park_in"}'
2026-03-24 16:59:45,111 - DEBUG - CaseID: 235 - parse_multi_results输出: [{'name': 'vla_control', 'args': {'action': 'park_in'}}]
2026-03-24 16:59:45,111 - DEBUG - CaseID: 235 - parse_multi_results输入 - name_str: 'vla_control', args_str: '{"action":"park_in"}'
2026-03-24 16:59:45,111 - DEBUG - CaseID: 235 - parse_multi_results输出: [{'name': 'vla_control', 'args': {'action': 'park_in'}}]
2026-03-24 16:59:45,111 - DEBUG - CaseID: 235 - expected_results: [{'name': 'vla_control', 'args': {'action': 'park_in'}}]
2026-03-24 16:59:45,111 - DEBUG - CaseID: 235 - actual_results: [{'name': 'vla_control', 'args': {'action': 'park_in'}}]
2026-03-24 16:59:45,111 - DEBUG - CaseID: 235 - expected_keys: {('vla_control', '{"action": "park_in"}')}
2026-03-24 16:59:45,112 - DEBUG - CaseID: 235 - actual_keys: {('vla_control', '{"action": "park_in"}')}
2026-03-24 16:59:45,112 - DEBUG - CaseID: 236 - parse_multi_results输入 - name_str: 'vla_control', args_str: '{"action":"park_in"}'
2026-03-24 16:59:45,112 - DEBUG - CaseID: 236 - parse_multi_results输出: [{'name': 'vla_control', 'args': {'action': 'park_in'}}]
2026-03-24 16:59:45,112 - DEBUG - CaseID: 236 - parse_multi_results输入 - name_str: 'vla_control', args_str: '{"action":"park_in"}'
2026-03-24 16:59:45,112 - DEBUG - CaseID: 236 - parse_multi_results输出: [{'name': 'vla_control', 'args': {'action': 'park_in'}}]
2026-03-24 16:59:45,112 - DEBUG - CaseID: 236 - expected_results: [{'name': 'vla_control', 'args': {'action': 'park_in'}}]
2026-03-24 16:59:45,112 - DEBUG - CaseID: 236 - actual_results: [{'name': 'vla_control', 'args': {'action': 'park_in'}}]
2026-03-24 16:59:45,112 - DEBUG - CaseID: 236 - expected_keys: {('vla_control', '{"action": "park_in"}')}
2026-03-24 16:59:45,112 - DEBUG - CaseID: 236 - actual_keys: {('vla_control', '{"action": "park_in"}')}
2026-03-24 16:59:45,112 - DEBUG - CaseID: 237 - parse_multi_results输入 - name_str: 'vla_control', args_str: '{"action":"park_in"}'
2026-03-24 16:59:45,112 - DEBUG - CaseID: 237 - parse_multi_results输出: [{'name': 'vla_control', 'args': {'action': 'park_in'}}]
2026-03-24 16:59:45,112 - DEBUG - CaseID: 237 - parse_multi_results输入 - name_str: 'vla_control', args_str: '{"action":"park_in"}'
2026-03-24 16:59:45,112 - DEBUG - CaseID: 237 - parse_multi_results输出: [{'name': 'vla_control', 'args': {'action': 'park_in'}}]
2026-03-24 16:59:45,112 - DEBUG - CaseID: 237 - expected_results: [{'name': 'vla_control', 'args': {'action': 'park_in'}}]
2026-03-24 16:59:45,112 - DEBUG - CaseID: 237 - actual_results: [{'name': 'vla_control', 'args': {'action': 'park_in'}}]
2026-03-24 16:59:45,112 - DEBUG - CaseID: 237 - expected_keys: {('vla_control', '{"action": "park_in"}')}
2026-03-24 16:59:45,112 - DEBUG - CaseID: 237 - actual_keys: {('vla_control', '{"action": "park_in"}')}
2026-03-24 16:59:45,112 - DEBUG - CaseID: 238 - parse_multi_results输入 - name_str: 'vla_control', args_str: '{"action":"getoff_park", "position":"靠左"}'
2026-03-24 16:59:45,112 - DEBUG - CaseID: 238 - parse_multi_results输出: [{'name': 'vla_control', 'args': {'action': 'getoff_park', 'position': '靠左'}}]
2026-03-24 16:59:45,112 - DEBUG - CaseID: 238 - parse_multi_results输入 - name_str: 'vla_control', args_str: '{"action":"getoff_park","position":"靠左"}'
2026-03-24 16:59:45,112 - DEBUG - CaseID: 238 - parse_multi_results输出: [{'name': 'vla_control', 'args': {'action': 'getoff_park', 'position': '靠左'}}]
2026-03-24 16:59:45,112 - DEBUG - CaseID: 238 - expected_results: [{'name': 'vla_control', 'args': {'action': 'getoff_park', 'position': '靠左'}}]
2026-03-24 16:59:45,112 - DEBUG - CaseID: 238 - actual_results: [{'name': 'vla_control', 'args': {'action': 'getoff_park', 'position': '靠左'}}]
2026-03-24 16:59:45,112 - DEBUG - CaseID: 238 - expected_keys: {('vla_control', '{"action": "getoff_park", "position": "\\u9760\\u5de6"}')}
2026-03-24 16:59:45,112 - DEBUG - CaseID: 238 - actual_keys: {('vla_control', '{"action": "getoff_park", "position": "\\u9760\\u5de6"}')}
2026-03-24 16:59:45,112 - DEBUG - CaseID: 239 - parse_multi_results输入 - name_str: 'vla_control', args_str: '{"action":"getoff_park", "position":"靠右"}'
2026-03-24 16:59:45,112 - DEBUG - CaseID: 239 - parse_multi_results输出: [{'name': 'vla_control', 'args': {'action': 'getoff_park', 'position': '靠右'}}]
2026-03-24 16:59:45,112 - DEBUG - CaseID: 239 - parse_multi_results输入 - name_str: 'vla_control', args_str: '{"action":"getoff_park","position":"靠右"}'
2026-03-24 16:59:45,112 - DEBUG - CaseID: 239 - parse_multi_results输出: [{'name': 'vla_control', 'args': {'action': 'getoff_park', 'position': '靠右'}}]
2026-03-24 16:59:45,112 - DEBUG - CaseID: 239 - expected_results: [{'name': 'vla_control', 'args': {'action': 'getoff_park', 'position': '靠右'}}]
2026-03-24 16:59:45,112 - DEBUG - CaseID: 239 - actual_results: [{'name': 'vla_control', 'args': {'action': 'getoff_park', 'position': '靠右'}}]
2026-03-24 16:59:45,112 - DEBUG - CaseID: 239 - expected_keys: {('vla_control', '{"action": "getoff_park", "position": "\\u9760\\u53f3"}')}
2026-03-24 16:59:45,112 - DEBUG - CaseID: 239 - actual_keys: {('vla_control', '{"action": "getoff_park", "position": "\\u9760\\u53f3"}')}
2026-03-24 16:59:45,112 - DEBUG - CaseID: 240 - parse_multi_results输入 - name_str: 'vla_control', args_str: '{"action":"getoff_park", "position":"中"}'
2026-03-24 16:59:45,112 - DEBUG - CaseID: 240 - parse_multi_results输出: [{'name': 'vla_control', 'args': {'action': 'getoff_park', 'position': '中'}}]
2026-03-24 16:59:45,112 - DEBUG - CaseID: 240 - parse_multi_results输入 - name_str: 'vla_control', args_str: '{"action":"getoff_park","position":"中"}'
2026-03-24 16:59:45,112 - DEBUG - CaseID: 240 - parse_multi_results输出: [{'name': 'vla_control', 'args': {'action': 'getoff_park', 'position': '中'}}]
2026-03-24 16:59:45,112 - DEBUG - CaseID: 240 - expected_results: [{'name': 'vla_control', 'args': {'action': 'getoff_park', 'position': '中'}}]
2026-03-24 16:59:45,112 - DEBUG - CaseID: 240 - actual_results: [{'name': 'vla_control', 'args': {'action': 'getoff_park', 'position': '中'}}]
2026-03-24 16:59:45,112 - DEBUG - CaseID: 240 - expected_keys: {('vla_control', '{"action": "getoff_park", "position": "\\u4e2d"}')}
2026-03-24 16:59:45,113 - DEBUG - CaseID: 240 - actual_keys: {('vla_control', '{"action": "getoff_park", "position": "\\u4e2d"}')}
2026-03-24 16:59:45,113 - DEBUG - CaseID: 241 - parse_multi_results输入 - name_str: 'vla_control', args_str: '{"action":"park_in", "position":"靠左"}'
2026-03-24 16:59:45,113 - DEBUG - CaseID: 241 - parse_multi_results输出: [{'name': 'vla_control', 'args': {'action': 'park_in', 'position': '靠左'}}]
2026-03-24 16:59:45,113 - DEBUG - CaseID: 241 - parse_multi_results输入 - name_str: 'vla_control', args_str: '{"action":"park_in","position":"靠左"}'
2026-03-24 16:59:45,113 - DEBUG - CaseID: 241 - parse_multi_results输出: [{'name': 'vla_control', 'args': {'action': 'park_in', 'position': '靠左'}}]
2026-03-24 16:59:45,113 - DEBUG - CaseID: 241 - expected_results: [{'name': 'vla_control', 'args': {'action': 'park_in', 'position': '靠左'}}]
2026-03-24 16:59:45,113 - DEBUG - CaseID: 241 - actual_results: [{'name': 'vla_control', 'args': {'action': 'park_in', 'position': '靠左'}}]
2026-03-24 16:59:45,113 - DEBUG - CaseID: 241 - expected_keys: {('vla_control', '{"action": "park_in", "position": "\\u9760\\u5de6"}')}
2026-03-24 16:59:45,113 - DEBUG - CaseID: 241 - actual_keys: {('vla_control', '{"action": "park_in", "position": "\\u9760\\u5de6"}')}
2026-03-24 16:59:45,113 - DEBUG - CaseID: 242 - parse_multi_results输入 - name_str: 'vla_control', args_str: '{"action":"park_in", "position":"靠右"}'
2026-03-24 16:59:45,113 - DEBUG - CaseID: 242 - parse_multi_results输出: [{'name': 'vla_control', 'args': {'action': 'park_in', 'position': '靠右'}}]
2026-03-24 16:59:45,113 - DEBUG - CaseID: 242 - parse_multi_results输入 - name_str: 'vla_control', args_str: '{"action":"park_in","position":"靠右"}'
2026-03-24 16:59:45,113 - DEBUG - CaseID: 242 - parse_multi_results输出: [{'name': 'vla_control', 'args': {'action': 'park_in', 'position': '靠右'}}]
2026-03-24 16:59:45,113 - DEBUG - CaseID: 242 - expected_results: [{'name': 'vla_control', 'args': {'action': 'park_in', 'position': '靠右'}}]
2026-03-24 16:59:45,113 - DEBUG - CaseID: 242 - actual_results: [{'name': 'vla_control', 'args': {'action': 'park_in', 'position': '靠右'}}]
2026-03-24 16:59:45,113 - DEBUG - CaseID: 242 - expected_keys: {('vla_control', '{"action": "park_in", "position": "\\u9760\\u53f3"}')}
2026-03-24 16:59:45,113 - DEBUG - CaseID: 242 - actual_keys: {('vla_control', '{"action": "park_in", "position": "\\u9760\\u53f3"}')}
2026-03-24 16:59:45,113 - DEBUG - CaseID: 243 - parse_multi_results输入 - name_str: 'vla_control', args_str: '{"action":"park_in", "position":"中"}'
2026-03-24 16:59:45,113 - DEBUG - CaseID: 243 - parse_multi_results输出: [{'name': 'vla_control', 'args': {'action': 'park_in', 'position': '中'}}]
2026-03-24 16:59:45,113 - DEBUG - CaseID: 243 - parse_multi_results输入 - name_str: 'vla_control', args_str: '{"action":"park_in","position":"中"}'
2026-03-24 16:59:45,113 - DEBUG - CaseID: 243 - parse_multi_results输出: [{'name': 'vla_control', 'args': {'action': 'park_in', 'position': '中'}}]
2026-03-24 16:59:45,113 - DEBUG - CaseID: 243 - expected_results: [{'name': 'vla_control', 'args': {'action': 'park_in', 'position': '中'}}]
2026-03-24 16:59:45,113 - DEBUG - CaseID: 243 - actual_results: [{'name': 'vla_control', 'args': {'action': 'park_in', 'position': '中'}}]
2026-03-24 16:59:45,113 - DEBUG - CaseID: 243 - expected_keys: {('vla_control', '{"action": "park_in", "position": "\\u4e2d"}')}
2026-03-24 16:59:45,113 - DEBUG - CaseID: 243 - actual_keys: {('vla_control', '{"action": "park_in", "position": "\\u4e2d"}')}
2026-03-24 16:59:45,113 - DEBUG - CaseID: 244 - parse_multi_results输入 - name_str: 'vla_control', args_str: '{"action":"navigate", "direction":"OUT", "position":"左"}'
2026-03-24 16:59:45,113 - DEBUG - CaseID: 244 - parse_multi_results输出: [{'name': 'vla_control', 'args': {'action': 'navigate', 'direction': 'OUT', 'position': '左'}}]
2026-03-24 16:59:45,113 - DEBUG - CaseID: 244 - parse_multi_results输入 - name_str: 'vla_control', args_str: '{"action":"navigate","position":"左","direction":"OUT"}'
2026-03-24 16:59:45,113 - DEBUG - CaseID: 244 - parse_multi_results输出: [{'name': 'vla_control', 'args': {'action': 'navigate', 'direction': 'OUT', 'position': '左'}}]
2026-03-24 16:59:45,113 - DEBUG - CaseID: 244 - expected_results: [{'name': 'vla_control', 'args': {'action': 'navigate', 'direction': 'OUT', 'position': '左'}}]
2026-03-24 16:59:45,113 - DEBUG - CaseID: 244 - actual_results: [{'name': 'vla_control', 'args': {'action': 'navigate', 'direction': 'OUT', 'position': '左'}}]
2026-03-24 16:59:45,113 - DEBUG - CaseID: 244 - expected_keys: {('vla_control', '{"action": "navigate", "direction": "OUT", "position": "\\u5de6"}')}
2026-03-24 16:59:45,113 - DEBUG - CaseID: 244 - actual_keys: {('vla_control', '{"action": "navigate", "direction": "OUT", "position": "\\u5de6"}')}
2026-03-24 16:59:45,113 - DEBUG - CaseID: 245 - parse_multi_results输入 - name_str: 'vla_control', args_str: '{"action":"navigate", "direction":"OUT", "position":"右"}'
2026-03-24 16:59:45,113 - DEBUG - CaseID: 245 - parse_multi_results输出: [{'name': 'vla_control', 'args': {'action': 'navigate', 'direction': 'OUT', 'position': '右'}}]
2026-03-24 16:59:45,113 - DEBUG - CaseID: 245 - parse_multi_results输入 - name_str: 'vla_control', args_str: '{"action":"navigate","position":"右","direction":"OUT"}'
2026-03-24 16:59:45,113 - DEBUG - CaseID: 245 - parse_multi_results输出: [{'name': 'vla_control', 'args': {'action': 'navigate', 'direction': 'OUT', 'position': '右'}}]
2026-03-24 16:59:45,113 - DEBUG - CaseID: 245 - expected_results: [{'name': 'vla_control', 'args': {'action': 'navigate', 'direction': 'OUT', 'position': '右'}}]
2026-03-24 16:59:45,113 - DEBUG - CaseID: 245 - actual_results: [{'name': 'vla_control', 'args': {'action': 'navigate', 'direction': 'OUT', 'position': '右'}}]
2026-03-24 16:59:45,114 - DEBUG - CaseID: 245 - expected_keys: {('vla_control', '{"action": "navigate", "direction": "OUT", "position": "\\u53f3"}')}
2026-03-24 16:59:45,114 - DEBUG - CaseID: 245 - actual_keys: {('vla_control', '{"action": "navigate", "direction": "OUT", "position": "\\u53f3"}')}
2026-03-24 16:59:45,114 - DEBUG - CaseID: 246 - parse_multi_results输入 - name_str: 'vla_control', args_str: '{"action":"navigate", "direction":"OUT", "position":"左前"}'
2026-03-24 16:59:45,114 - DEBUG - CaseID: 246 - parse_multi_results输出: [{'name': 'vla_control', 'args': {'action': 'navigate', 'direction': 'OUT', 'position': '左前'}}]
2026-03-24 16:59:45,114 - DEBUG - CaseID: 246 - parse_multi_results输入 - name_str: 'vla_control', args_str: '{"action":"navigate","position":"左前","direction":"OUT"}'
2026-03-24 16:59:45,114 - DEBUG - CaseID: 246 - parse_multi_results输出: [{'name': 'vla_control', 'args': {'action': 'navigate', 'direction': 'OUT', 'position': '左前'}}]
2026-03-24 16:59:45,114 - DEBUG - CaseID: 246 - expected_results: [{'name': 'vla_control', 'args': {'action': 'navigate', 'direction': 'OUT', 'position': '左前'}}]
2026-03-24 16:59:45,114 - DEBUG - CaseID: 246 - actual_results: [{'name': 'vla_control', 'args': {'action': 'navigate', 'direction': 'OUT', 'position': '左前'}}]
2026-03-24 16:59:45,114 - DEBUG - CaseID: 246 - expected_keys: {('vla_control', '{"action": "navigate", "direction": "OUT", "position": "\\u5de6\\u524d"}')}
2026-03-24 16:59:45,114 - DEBUG - CaseID: 246 - actual_keys: {('vla_control', '{"action": "navigate", "direction": "OUT", "position": "\\u5de6\\u524d"}')}
2026-03-24 16:59:45,114 - DEBUG - CaseID: 247 - parse_multi_results输入 - name_str: 'vla_control', args_str: '{"action":"navigate", "direction":"OUT", "position":"右前"}'
2026-03-24 16:59:45,114 - DEBUG - CaseID: 247 - parse_multi_results输出: [{'name': 'vla_control', 'args': {'action': 'navigate', 'direction': 'OUT', 'position': '右前'}}]
2026-03-24 16:59:45,114 - DEBUG - CaseID: 247 - parse_multi_results输入 - name_str: 'vla_control', args_str: '{"action":"navigate","position":"右前","direction":"OUT"}'
2026-03-24 16:59:45,114 - DEBUG - CaseID: 247 - parse_multi_results输出: [{'name': 'vla_control', 'args': {'action': 'navigate', 'direction': 'OUT', 'position': '右前'}}]
2026-03-24 16:59:45,114 - DEBUG - CaseID: 247 - expected_results: [{'name': 'vla_control', 'args': {'action': 'navigate', 'direction': 'OUT', 'position': '右前'}}]
2026-03-24 16:59:45,114 - DEBUG - CaseID: 247 - actual_results: [{'name': 'vla_control', 'args': {'action': 'navigate', 'direction': 'OUT', 'position': '右前'}}]
2026-03-24 16:59:45,114 - DEBUG - CaseID: 247 - expected_keys: {('vla_control', '{"action": "navigate", "direction": "OUT", "position": "\\u53f3\\u524d"}')}
2026-03-24 16:59:45,114 - DEBUG - CaseID: 247 - actual_keys: {('vla_control', '{"action": "navigate", "direction": "OUT", "position": "\\u53f3\\u524d"}')}
2026-03-24 16:59:45,114 - DEBUG - CaseID: 248 - parse_multi_results输入 - name_str: 'vla_control', args_str: '{"action":"navigate", "direction":"OUT", "position":"左前"}'
2026-03-24 16:59:45,114 - DEBUG - CaseID: 248 - parse_multi_results输出: [{'name': 'vla_control', 'args': {'action': 'navigate', 'direction': 'OUT', 'position': '左前'}}]
2026-03-24 16:59:45,114 - DEBUG - CaseID: 248 - parse_multi_results输入 - name_str: 'vla_control', args_str: '{"action":"navigate","position":"左前","direction":"OUT"}'
2026-03-24 16:59:45,114 - DEBUG - CaseID: 248 - parse_multi_results输出: [{'name': 'vla_control', 'args': {'action': 'navigate', 'direction': 'OUT', 'position': '左前'}}]
2026-03-24 16:59:45,114 - DEBUG - CaseID: 248 - expected_results: [{'name': 'vla_control', 'args': {'action': 'navigate', 'direction': 'OUT', 'position': '左前'}}]
2026-03-24 16:59:45,114 - DEBUG - CaseID: 248 - actual_results: [{'name': 'vla_control', 'args': {'action': 'navigate', 'direction': 'OUT', 'position': '左前'}}]
2026-03-24 16:59:45,114 - DEBUG - CaseID: 248 - expected_keys: {('vla_control', '{"action": "navigate", "direction": "OUT", "position": "\\u5de6\\u524d"}')}
2026-03-24 16:59:45,114 - DEBUG - CaseID: 248 - actual_keys: {('vla_control', '{"action": "navigate", "direction": "OUT", "position": "\\u5de6\\u524d"}')}
2026-03-24 16:59:45,114 - DEBUG - CaseID: 249 - parse_multi_results输入 - name_str: 'vla_control', args_str: '{"action":"navigate", "direction":"OUT", "position":"左前"}'
2026-03-24 16:59:45,114 - DEBUG - CaseID: 249 - parse_multi_results输出: [{'name': 'vla_control', 'args': {'action': 'navigate', 'direction': 'OUT', 'position': '左前'}}]
2026-03-24 16:59:45,114 - DEBUG - CaseID: 249 - parse_multi_results输入 - name_str: 'vla_control', args_str: '{"action":"navigate","position":"左前","direction":"OUT"}'
2026-03-24 16:59:45,114 - DEBUG - CaseID: 249 - parse_multi_results输出: [{'name': 'vla_control', 'args': {'action': 'navigate', 'direction': 'OUT', 'position': '左前'}}]
2026-03-24 16:59:45,114 - DEBUG - CaseID: 249 - expected_results: [{'name': 'vla_control', 'args': {'action': 'navigate', 'direction': 'OUT', 'position': '左前'}}]
2026-03-24 16:59:45,114 - DEBUG - CaseID: 249 - actual_results: [{'name': 'vla_control', 'args': {'action': 'navigate', 'direction': 'OUT', 'position': '左前'}}]
2026-03-24 16:59:45,114 - DEBUG - CaseID: 249 - expected_keys: {('vla_control', '{"action": "navigate", "direction": "OUT", "position": "\\u5de6\\u524d"}')}
2026-03-24 16:59:45,114 - DEBUG - CaseID: 249 - actual_keys: {('vla_control', '{"action": "navigate", "direction": "OUT", "position": "\\u5de6\\u524d"}')}
2026-03-24 16:59:45,114 - DEBUG - CaseID: 250 - parse_multi_results输入 - name_str: 'vla_control', args_str: '{"action":"park_in","position":"左"}'
2026-03-24 16:59:45,114 - DEBUG - CaseID: 250 - parse_multi_results输出: [{'name': 'vla_control', 'args': {'action': 'park_in', 'position': '左'}}]
2026-03-24 16:59:45,114 - DEBUG - CaseID: 250 - parse_multi_results输入 - name_str: 'vla_control', args_str: '{"action":"steer","direction":"LEFT"}'
2026-03-24 16:59:45,114 - DEBUG - CaseID: 250 - parse_multi_results输出: [{'name': 'vla_control', 'args': {'action': 'steer', 'direction': 'LEFT'}}]
2026-03-24 16:59:45,114 - DEBUG - CaseID: 250 - expected_results: [{'name': 'vla_control', 'args': {'action': 'park_in', 'position': '左'}}]
2026-03-24 16:59:45,115 - DEBUG - CaseID: 250 - actual_results: [{'name': 'vla_control', 'args': {'action': 'steer', 'direction': 'LEFT'}}]
2026-03-24 16:59:45,115 - DEBUG - CaseID: 250 - expected_keys: {('vla_control', '{"action": "park_in", "position": "\\u5de6"}')}
2026-03-24 16:59:45,115 - DEBUG - CaseID: 250 - actual_keys: {('vla_control', '{"action": "steer", "direction": "LEFT"}')}
2026-03-24 16:59:45,115 - ERROR - CaseID: 250
实际结果缺少以下预期项：
  名称: vla_control, 参数: {"action": "park_in", "position": "\u5de6"}
实际结果多出以下非预期项：
  名称: vla_control, 参数: {"action": "steer", "direction": "LEFT"}
2026-03-24 16:59:45,115 - DEBUG - CaseID: 251 - parse_multi_results输入 - name_str: 'vla_control', args_str: '{"action":"park_in","position":"右前"}'
2026-03-24 16:59:45,115 - DEBUG - CaseID: 251 - parse_multi_results输出: [{'name': 'vla_control', 'args': {'action': 'park_in', 'position': '右前'}}]
2026-03-24 16:59:45,115 - DEBUG - CaseID: 251 - parse_multi_results输入 - name_str: 'vla_control', args_str: '{"action":"park_in","position":"右前"}'
2026-03-24 16:59:45,115 - DEBUG - CaseID: 251 - parse_multi_results输出: [{'name': 'vla_control', 'args': {'action': 'park_in', 'position': '右前'}}]
2026-03-24 16:59:45,115 - DEBUG - CaseID: 251 - expected_results: [{'name': 'vla_control', 'args': {'action': 'park_in', 'position': '右前'}}]
2026-03-24 16:59:45,115 - DEBUG - CaseID: 251 - actual_results: [{'name': 'vla_control', 'args': {'action': 'park_in', 'position': '右前'}}]
2026-03-24 16:59:45,115 - DEBUG - CaseID: 251 - expected_keys: {('vla_control', '{"action": "park_in", "position": "\\u53f3\\u524d"}')}
2026-03-24 16:59:45,115 - DEBUG - CaseID: 251 - actual_keys: {('vla_control', '{"action": "park_in", "position": "\\u53f3\\u524d"}')}
2026-03-24 16:59:45,115 - DEBUG - CaseID: 252 - parse_multi_results输入 - name_str: 'vla_control', args_str: '{"action":"park","point_desc":{"position":"旁边","subject":"柱子"},"position":"前"}'
2026-03-24 16:59:45,115 - DEBUG - CaseID: 252 - parse_multi_results输出: [{'name': 'vla_control', 'args': {'action': 'park', 'point_desc': {'position': '旁边', 'subject': '柱子'}, 'position': '前'}}]
2026-03-24 16:59:45,115 - DEBUG - CaseID: 252 - parse_multi_results输入 - name_str: 'vla_control', args_str: '{"point_desc":{"subject":"柱子","position":"旁边"},"action":"park","position":"前"}'
2026-03-24 16:59:45,115 - DEBUG - CaseID: 252 - parse_multi_results输出: [{'name': 'vla_control', 'args': {'action': 'park', 'point_desc': {'position': '旁边', 'subject': '柱子'}, 'position': '前'}}]
2026-03-24 16:59:45,115 - DEBUG - CaseID: 252 - expected_results: [{'name': 'vla_control', 'args': {'action': 'park', 'point_desc': {'position': '旁边', 'subject': '柱子'}, 'position': '前'}}]
2026-03-24 16:59:45,115 - DEBUG - CaseID: 252 - actual_results: [{'name': 'vla_control', 'args': {'action': 'park', 'point_desc': {'position': '旁边', 'subject': '柱子'}, 'position': '前'}}]
2026-03-24 16:59:45,115 - DEBUG - CaseID: 252 - expected_keys: {('vla_control', '{"action": "park", "point_desc": {"position": "\\u65c1\\u8fb9", "subject": "\\u67f1\\u5b50"}, "position": "\\u524d"}')}
2026-03-24 16:59:45,115 - DEBUG - CaseID: 252 - actual_keys: {('vla_control', '{"action": "park", "point_desc": {"position": "\\u65c1\\u8fb9", "subject": "\\u67f1\\u5b50"}, "position": "\\u524d"}')}
2026-03-24 16:59:45,115 - DEBUG - CaseID: 253 - parse_multi_results输入 - name_str: 'vla_control', args_str: '{"action":"park","point_desc":{"parking_space":"车位","subject":"柱子"},"position":"前"}'
2026-03-24 16:59:45,115 - DEBUG - CaseID: 253 - parse_multi_results输出: [{'name': 'vla_control', 'args': {'action': 'park', 'point_desc': {'parking_space': '车位', 'subject': '柱子'}, 'position': '前'}}]
2026-03-24 16:59:45,115 - DEBUG - CaseID: 253 - parse_multi_results输入 - name_str: 'vla_control', args_str: '{"point_desc":{"parking_space":"车位"},"action":"park","position":"前"}'
2026-03-24 16:59:45,115 - DEBUG - CaseID: 253 - parse_multi_results输出: [{'name': 'vla_control', 'args': {'action': 'park', 'point_desc': {'parking_space': '车位'}, 'position': '前'}}]
2026-03-24 16:59:45,115 - DEBUG - CaseID: 253 - expected_results: [{'name': 'vla_control', 'args': {'action': 'park', 'point_desc': {'parking_space': '车位', 'subject': '柱子'}, 'position': '前'}}]
2026-03-24 16:59:45,115 - DEBUG - CaseID: 253 - actual_results: [{'name': 'vla_control', 'args': {'action': 'park', 'point_desc': {'parking_space': '车位'}, 'position': '前'}}]
2026-03-24 16:59:45,115 - DEBUG - CaseID: 253 - expected_keys: {('vla_control', '{"action": "park", "point_desc": {"parking_space": "\\u8f66\\u4f4d", "subject": "\\u67f1\\u5b50"}, "position": "\\u524d"}')}
2026-03-24 16:59:45,115 - DEBUG - CaseID: 253 - actual_keys: {('vla_control', '{"action": "park", "point_desc": {"parking_space": "\\u8f66\\u4f4d"}, "position": "\\u524d"}')}
2026-03-24 16:59:45,115 - ERROR - CaseID: 253
实际结果缺少以下预期项：
  名称: vla_control, 参数: {"action": "park", "point_desc": {"parking_space": "\u8f66\u4f4d", "subject": "\u67f1\u5b50"}, "position": "\u524d"}
实际结果多出以下非预期项：
  名称: vla_control, 参数: {"action": "park", "point_desc": {"parking_space": "\u8f66\u4f4d"}, "position": "\u524d"}
2026-03-24 16:59:45,115 - DEBUG - CaseID: 254 - parse_multi_results输入 - name_str: 'vla_control', args_str: '{"action":"navigate","point_desc":{"subject":"大柱子"}}'
2026-03-24 16:59:45,115 - DEBUG - CaseID: 254 - parse_multi_results输出: [{'name': 'vla_control', 'args': {'action': 'navigate', 'point_desc': {'subject': '大柱子'}}}]
2026-03-24 16:59:45,115 - DEBUG - CaseID: 254 - parse_multi_results输入 - name_str: 'vla_control', args_str: '{"point_desc":{"subject":"柱子"},"action":"navigate"}'
2026-03-24 16:59:45,115 - DEBUG - CaseID: 254 - parse_multi_results输出: [{'name': 'vla_control', 'args': {'action': 'navigate', 'point_desc': {'subject': '柱子'}}}]
2026-03-24 16:59:45,115 - DEBUG - CaseID: 254 - expected_results: [{'name': 'vla_control', 'args': {'action': 'navigate', 'point_desc': {'subject': '大柱子'}}}]
2026-03-24 16:59:45,115 - DEBUG - CaseID: 254 - actual_results: [{'name': 'vla_control', 'args': {'action': 'navigate', 'point_desc': {'subject': '柱子'}}}]
2026-03-24 16:59:45,115 - DEBUG - CaseID: 254 - expected_keys: {('vla_control', '{"action": "navigate", "point_desc": {"subject": "\\u5927\\u67f1\\u5b50"}}')}
2026-03-24 16:59:45,115 - DEBUG - CaseID: 254 - actual_keys: {('vla_control', '{"action": "navigate", "point_desc": {"subject": "\\u67f1\\u5b50"}}')}
2026-03-24 16:59:45,115 - ERROR - CaseID: 254
实际结果缺少以下预期项：
  名称: vla_control, 参数: {"action": "navigate", "point_desc": {"subject": "\u5927\u67f1\u5b50"}}
实际结果多出以下非预期项：
  名称: vla_control, 参数: {"action": "navigate", "point_desc": {"subject": "\u67f1\u5b50"}}
2026-03-24 16:59:45,115 - DEBUG - CaseID: 255 - parse_multi_results输入 - name_str: 'vla_control', args_str: '{"action":"park_in","point_desc":{"subject":"柱子","position":"右"}, "position":"右"}'
2026-03-24 16:59:45,116 - DEBUG - CaseID: 255 - parse_multi_results输出: [{'name': 'vla_control', 'args': {'action': 'park_in', 'point_desc': {'position': '右', 'subject': '柱子'}, 'position': '右'}}]
2026-03-24 16:59:45,116 - DEBUG - CaseID: 255 - parse_multi_results输入 - name_str: 'vla_control', args_str: '{"point_desc":{"subject":"柱子"},"action":"park_in","position":"右"}'
2026-03-24 16:59:45,116 - DEBUG - CaseID: 255 - parse_multi_results输出: [{'name': 'vla_control', 'args': {'action': 'park_in', 'point_desc': {'subject': '柱子'}, 'position': '右'}}]
2026-03-24 16:59:45,116 - DEBUG - CaseID: 255 - expected_results: [{'name': 'vla_control', 'args': {'action': 'park_in', 'point_desc': {'position': '右', 'subject': '柱子'}, 'position': '右'}}]
2026-03-24 16:59:45,116 - DEBUG - CaseID: 255 - actual_results: [{'name': 'vla_control', 'args': {'action': 'park_in', 'point_desc': {'subject': '柱子'}, 'position': '右'}}]
2026-03-24 16:59:45,116 - DEBUG - CaseID: 255 - expected_keys: {('vla_control', '{"action": "park_in", "point_desc": {"position": "\\u53f3", "subject": "\\u67f1\\u5b50"}, "position": "\\u53f3"}')}
2026-03-24 16:59:45,116 - DEBUG - CaseID: 255 - actual_keys: {('vla_control', '{"action": "park_in", "point_desc": {"subject": "\\u67f1\\u5b50"}, "position": "\\u53f3"}')}
2026-03-24 16:59:45,116 - ERROR - CaseID: 255
实际结果缺少以下预期项：
  名称: vla_control, 参数: {"action": "park_in", "point_desc": {"position": "\u53f3", "subject": "\u67f1\u5b50"}, "position": "\u53f3"}
实际结果多出以下非预期项：
  名称: vla_control, 参数: {"action": "park_in", "point_desc": {"subject": "\u67f1\u5b50"}, "position": "\u53f3"}
2026-03-24 16:59:45,116 - DEBUG - CaseID: 256 - parse_multi_results输入 - name_str: 'vla_control', args_str: '{"action":"pause_drive","point_desc":{"subject":"柱子"}}'
2026-03-24 16:59:45,116 - DEBUG - CaseID: 256 - parse_multi_results输出: [{'name': 'vla_control', 'args': {'action': 'pause_drive', 'point_desc': {'subject': '柱子'}}}]
2026-03-24 16:59:45,116 - DEBUG - CaseID: 256 - parse_multi_results输入 - name_str: 'vla_control', args_str: '{"point_desc":{"subject":"柱子"},"action":"pause_drive"}'
2026-03-24 16:59:45,116 - DEBUG - CaseID: 256 - parse_multi_results输出: [{'name': 'vla_control', 'args': {'action': 'pause_drive', 'point_desc': {'subject': '柱子'}}}]
2026-03-24 16:59:45,116 - DEBUG - CaseID: 256 - expected_results: [{'name': 'vla_control', 'args': {'action': 'pause_drive', 'point_desc': {'subject': '柱子'}}}]
2026-03-24 16:59:45,116 - DEBUG - CaseID: 256 - actual_results: [{'name': 'vla_control', 'args': {'action': 'pause_drive', 'point_desc': {'subject': '柱子'}}}]
2026-03-24 16:59:45,116 - DEBUG - CaseID: 256 - expected_keys: {('vla_control', '{"action": "pause_drive", "point_desc": {"subject": "\\u67f1\\u5b50"}}')}
2026-03-24 16:59:45,116 - DEBUG - CaseID: 256 - actual_keys: {('vla_control', '{"action": "pause_drive", "point_desc": {"subject": "\\u67f1\\u5b50"}}')}
2026-03-24 16:59:45,116 - DEBUG - CaseID: 257 - parse_multi_results输入 - name_str: 'vla_control', args_str: '{"action":"pause_drive","point_desc":{"subject":"柱子"},"position":"左前"}'
2026-03-24 16:59:45,116 - DEBUG - CaseID: 257 - parse_multi_results输出: [{'name': 'vla_control', 'args': {'action': 'pause_drive', 'point_desc': {'subject': '柱子'}, 'position': '左前'}}]
2026-03-24 16:59:45,116 - DEBUG - CaseID: 257 - parse_multi_results输入 - name_str: 'vla_control', args_str: '{"point_desc":{"subject":"柱子"},"action":"pause_drive","position":"左前"}'
2026-03-24 16:59:45,116 - DEBUG - CaseID: 257 - parse_multi_results输出: [{'name': 'vla_control', 'args': {'action': 'pause_drive', 'point_desc': {'subject': '柱子'}, 'position': '左前'}}]
2026-03-24 16:59:45,116 - DEBUG - CaseID: 257 - expected_results: [{'name': 'vla_control', 'args': {'action': 'pause_drive', 'point_desc': {'subject': '柱子'}, 'position': '左前'}}]
2026-03-24 16:59:45,116 - DEBUG - CaseID: 257 - actual_results: [{'name': 'vla_control', 'args': {'action': 'pause_drive', 'point_desc': {'subject': '柱子'}, 'position': '左前'}}]
2026-03-24 16:59:45,116 - DEBUG - CaseID: 257 - expected_keys: {('vla_control', '{"action": "pause_drive", "point_desc": {"subject": "\\u67f1\\u5b50"}, "position": "\\u5de6\\u524d"}')}
2026-03-24 16:59:45,116 - DEBUG - CaseID: 257 - actual_keys: {('vla_control', '{"action": "pause_drive", "point_desc": {"subject": "\\u67f1\\u5b50"}, "position": "\\u5de6\\u524d"}')}
2026-03-24 16:59:45,116 - DEBUG - CaseID: 258 - parse_multi_results输入 - name_str: 'vla_control', args_str: '{"action":"park", "point_desc":{"subject":"墙","position":"旁边"}}'
2026-03-24 16:59:45,116 - DEBUG - CaseID: 258 - parse_multi_results输出: [{'name': 'vla_control', 'args': {'action': 'park', 'point_desc': {'position': '旁边', 'subject': '墙'}}}]
2026-03-24 16:59:45,116 - DEBUG - CaseID: 258 - parse_multi_results输入 - name_str: 'vla_control', args_str: '{"point_desc":{"subject":"墙","position":"旁边"},"action":"park"}'
2026-03-24 16:59:45,116 - DEBUG - CaseID: 258 - parse_multi_results输出: [{'name': 'vla_control', 'args': {'action': 'park', 'point_desc': {'position': '旁边', 'subject': '墙'}}}]
2026-03-24 16:59:45,116 - DEBUG - CaseID: 258 - expected_results: [{'name': 'vla_control', 'args': {'action': 'park', 'point_desc': {'position': '旁边', 'subject': '墙'}}}]
2026-03-24 16:59:45,116 - DEBUG - CaseID: 258 - actual_results: [{'name': 'vla_control', 'args': {'action': 'park', 'point_desc': {'position': '旁边', 'subject': '墙'}}}]
2026-03-24 16:59:45,116 - DEBUG - CaseID: 258 - expected_keys: {('vla_control', '{"action": "park", "point_desc": {"position": "\\u65c1\\u8fb9", "subject": "\\u5899"}}')}
2026-03-24 16:59:45,116 - DEBUG - CaseID: 258 - actual_keys: {('vla_control', '{"action": "park", "point_desc": {"position": "\\u65c1\\u8fb9", "subject": "\\u5899"}}')}
2026-03-24 16:59:45,116 - DEBUG - CaseID: 259 - parse_multi_results输入 - name_str: 'vla_control', args_str: '{"action":"park", "point_desc":{"parking_space":"车位"}}'
2026-03-24 16:59:45,116 - DEBUG - CaseID: 259 - parse_multi_results输出: [{'name': 'vla_control', 'args': {'action': 'park', 'point_desc': {'parking_space': '车位'}}}]
2026-03-24 16:59:45,116 - DEBUG - CaseID: 259 - parse_multi_results输入 - name_str: 'vla_control', args_str: '{"point_desc":{"parking_space":"车位"},"action":"park"}'
2026-03-24 16:59:45,116 - DEBUG - CaseID: 259 - parse_multi_results输出: [{'name': 'vla_control', 'args': {'action': 'park', 'point_desc': {'parking_space': '车位'}}}]
2026-03-24 16:59:45,116 - DEBUG - CaseID: 259 - expected_results: [{'name': 'vla_control', 'args': {'action': 'park', 'point_desc': {'parking_space': '车位'}}}]
2026-03-24 16:59:45,116 - DEBUG - CaseID: 259 - actual_results: [{'name': 'vla_control', 'args': {'action': 'park', 'point_desc': {'parking_space': '车位'}}}]
2026-03-24 16:59:45,116 - DEBUG - CaseID: 259 - expected_keys: {('vla_control', '{"action": "park", "point_desc": {"parking_space": "\\u8f66\\u4f4d"}}')}
2026-03-24 16:59:45,117 - DEBUG - CaseID: 259 - actual_keys: {('vla_control', '{"action": "park", "point_desc": {"parking_space": "\\u8f66\\u4f4d"}}')}
2026-03-24 16:59:45,117 - DEBUG - CaseID: 260 - parse_multi_results输入 - name_str: 'vla_control', args_str: '{"action":"park", "point_desc":{"parking_space":"车位"}}'
2026-03-24 16:59:45,117 - DEBUG - CaseID: 260 - parse_multi_results输出: [{'name': 'vla_control', 'args': {'action': 'park', 'point_desc': {'parking_space': '车位'}}}]
2026-03-24 16:59:45,117 - DEBUG - CaseID: 260 - parse_multi_results输入 - name_str: 'vla_control', args_str: '{"point_desc":{"parking_space":"车位"},"action":"park"}'
2026-03-24 16:59:45,117 - DEBUG - CaseID: 260 - parse_multi_results输出: [{'name': 'vla_control', 'args': {'action': 'park', 'point_desc': {'parking_space': '车位'}}}]
2026-03-24 16:59:45,117 - DEBUG - CaseID: 260 - expected_results: [{'name': 'vla_control', 'args': {'action': 'park', 'point_desc': {'parking_space': '车位'}}}]
2026-03-24 16:59:45,117 - DEBUG - CaseID: 260 - actual_results: [{'name': 'vla_control', 'args': {'action': 'park', 'point_desc': {'parking_space': '车位'}}}]
2026-03-24 16:59:45,117 - DEBUG - CaseID: 260 - expected_keys: {('vla_control', '{"action": "park", "point_desc": {"parking_space": "\\u8f66\\u4f4d"}}')}
2026-03-24 16:59:45,117 - DEBUG - CaseID: 260 - actual_keys: {('vla_control', '{"action": "park", "point_desc": {"parking_space": "\\u8f66\\u4f4d"}}')}
2026-03-24 16:59:45,117 - DEBUG - CaseID: 261 - parse_multi_results输入 - name_str: 'vla_control', args_str: '{"action":"park", "point_desc":{"parking_space":"车位"}}'
2026-03-24 16:59:45,117 - DEBUG - CaseID: 261 - parse_multi_results输出: [{'name': 'vla_control', 'args': {'action': 'park', 'point_desc': {'parking_space': '车位'}}}]
2026-03-24 16:59:45,117 - DEBUG - CaseID: 261 - parse_multi_results输入 - name_str: 'vla_control', args_str: '{"point_desc":{"parking_space":"车位"},"action":"park"}'
2026-03-24 16:59:45,117 - DEBUG - CaseID: 261 - parse_multi_results输出: [{'name': 'vla_control', 'args': {'action': 'park', 'point_desc': {'parking_space': '车位'}}}]
2026-03-24 16:59:45,117 - DEBUG - CaseID: 261 - expected_results: [{'name': 'vla_control', 'args': {'action': 'park', 'point_desc': {'parking_space': '车位'}}}]
2026-03-24 16:59:45,117 - DEBUG - CaseID: 261 - actual_results: [{'name': 'vla_control', 'args': {'action': 'park', 'point_desc': {'parking_space': '车位'}}}]
2026-03-24 16:59:45,117 - DEBUG - CaseID: 261 - expected_keys: {('vla_control', '{"action": "park", "point_desc": {"parking_space": "\\u8f66\\u4f4d"}}')}
2026-03-24 16:59:45,117 - DEBUG - CaseID: 261 - actual_keys: {('vla_control', '{"action": "park", "point_desc": {"parking_space": "\\u8f66\\u4f4d"}}')}
2026-03-24 16:59:45,117 - DEBUG - CaseID: 262 - parse_multi_results输入 - name_str: 'vla_control', args_str: '{"action":"park", "point_desc":{"parking_space":"车位"}}'
2026-03-24 16:59:45,117 - DEBUG - CaseID: 262 - parse_multi_results输出: [{'name': 'vla_control', 'args': {'action': 'park', 'point_desc': {'parking_space': '车位'}}}]
2026-03-24 16:59:45,117 - DEBUG - CaseID: 262 - parse_multi_results输入 - name_str: 'vla_control', args_str: '{"point_desc":{"parking_space":"无障碍车位"},"action":"park"}'
2026-03-24 16:59:45,117 - DEBUG - CaseID: 262 - parse_multi_results输出: [{'name': 'vla_control', 'args': {'action': 'park', 'point_desc': {'parking_space': '无障碍车位'}}}]
2026-03-24 16:59:45,117 - DEBUG - CaseID: 262 - expected_results: [{'name': 'vla_control', 'args': {'action': 'park', 'point_desc': {'parking_space': '车位'}}}]
2026-03-24 16:59:45,117 - DEBUG - CaseID: 262 - actual_results: [{'name': 'vla_control', 'args': {'action': 'park', 'point_desc': {'parking_space': '无障碍车位'}}}]
2026-03-24 16:59:45,117 - DEBUG - CaseID: 262 - expected_keys: {('vla_control', '{"action": "park", "point_desc": {"parking_space": "\\u8f66\\u4f4d"}}')}
2026-03-24 16:59:45,117 - DEBUG - CaseID: 262 - actual_keys: {('vla_control', '{"action": "park", "point_desc": {"parking_space": "\\u65e0\\u969c\\u788d\\u8f66\\u4f4d"}}')}
2026-03-24 16:59:45,117 - ERROR - CaseID: 262
实际结果缺少以下预期项：
  名称: vla_control, 参数: {"action": "park", "point_desc": {"parking_space": "\u8f66\u4f4d"}}
实际结果多出以下非预期项：
  名称: vla_control, 参数: {"action": "park", "point_desc": {"parking_space": "\u65e0\u969c\u788d\u8f66\u4f4d"}}
2026-03-24 16:59:45,117 - DEBUG - CaseID: 263 - parse_multi_results输入 - name_str: 'vla_control', args_str: '{"action":"park_in", "point_desc":{"parking_space":"车位"}}'
2026-03-24 16:59:45,117 - DEBUG - CaseID: 263 - parse_multi_results输出: [{'name': 'vla_control', 'args': {'action': 'park_in', 'point_desc': {'parking_space': '车位'}}}]
2026-03-24 16:59:45,117 - DEBUG - CaseID: 263 - parse_multi_results输入 - name_str: 'vla_control', args_str: '{"point_desc":{"parking_space":"车位"},"action":"navigate"}'
2026-03-24 16:59:45,117 - DEBUG - CaseID: 263 - parse_multi_results输出: [{'name': 'vla_control', 'args': {'action': 'navigate', 'point_desc': {'parking_space': '车位'}}}]
2026-03-24 16:59:45,117 - DEBUG - CaseID: 263 - expected_results: [{'name': 'vla_control', 'args': {'action': 'park_in', 'point_desc': {'parking_space': '车位'}}}]
2026-03-24 16:59:45,117 - DEBUG - CaseID: 263 - actual_results: [{'name': 'vla_control', 'args': {'action': 'navigate', 'point_desc': {'parking_space': '车位'}}}]
2026-03-24 16:59:45,117 - DEBUG - CaseID: 263 - expected_keys: {('vla_control', '{"action": "park_in", "point_desc": {"parking_space": "\\u8f66\\u4f4d"}}')}
2026-03-24 16:59:45,117 - DEBUG - CaseID: 263 - actual_keys: {('vla_control', '{"action": "navigate", "point_desc": {"parking_space": "\\u8f66\\u4f4d"}}')}
2026-03-24 16:59:45,117 - ERROR - CaseID: 263
实际结果缺少以下预期项：
  名称: vla_control, 参数: {"action": "park_in", "point_desc": {"parking_space": "\u8f66\u4f4d"}}
实际结果多出以下非预期项：
  名称: vla_control, 参数: {"action": "navigate", "point_desc": {"parking_space": "\u8f66\u4f4d"}}
2026-03-24 16:59:45,117 - DEBUG - CaseID: 264 - parse_multi_results输入 - name_str: 'vla_control', args_str: '{"action":"park_in", "point_desc":{"parking_space":"充电车位"}}'
2026-03-24 16:59:45,117 - DEBUG - CaseID: 264 - parse_multi_results输出: [{'name': 'vla_control', 'args': {'action': 'park_in', 'point_desc': {'parking_space': '充电车位'}}}]
2026-03-24 16:59:45,117 - DEBUG - CaseID: 264 - parse_multi_results输入 - name_str: 'vla_control', args_str: '{"point_desc":{"parking_space":"车位"},"action":"park_in"}'
2026-03-24 16:59:45,117 - DEBUG - CaseID: 264 - parse_multi_results输出: [{'name': 'vla_control', 'args': {'action': 'park_in', 'point_desc': {'parking_space': '车位'}}}]
2026-03-24 16:59:45,117 - DEBUG - CaseID: 264 - expected_results: [{'name': 'vla_control', 'args': {'action': 'park_in', 'point_desc': {'parking_space': '充电车位'}}}]
2026-03-24 16:59:45,118 - DEBUG - CaseID: 264 - actual_results: [{'name': 'vla_control', 'args': {'action': 'park_in', 'point_desc': {'parking_space': '车位'}}}]
2026-03-24 16:59:45,118 - DEBUG - CaseID: 264 - expected_keys: {('vla_control', '{"action": "park_in", "point_desc": {"parking_space": "\\u5145\\u7535\\u8f66\\u4f4d"}}')}
2026-03-24 16:59:45,118 - DEBUG - CaseID: 264 - actual_keys: {('vla_control', '{"action": "park_in", "point_desc": {"parking_space": "\\u8f66\\u4f4d"}}')}
2026-03-24 16:59:45,118 - ERROR - CaseID: 264
实际结果缺少以下预期项：
  名称: vla_control, 参数: {"action": "park_in", "point_desc": {"parking_space": "\u5145\u7535\u8f66\u4f4d"}}
实际结果多出以下非预期项：
  名称: vla_control, 参数: {"action": "park_in", "point_desc": {"parking_space": "\u8f66\u4f4d"}}
2026-03-24 16:59:45,118 - DEBUG - CaseID: 265 - parse_multi_results输入 - name_str: 'vla_control', args_str: '{"action":"charge"}'
2026-03-24 16:59:45,118 - DEBUG - CaseID: 265 - parse_multi_results输出: [{'name': 'vla_control', 'args': {'action': 'charge'}}]
2026-03-24 16:59:45,118 - DEBUG - CaseID: 265 - parse_multi_results输入 - name_str: 'vla_control', args_str: '{"action":"charge"}'
2026-03-24 16:59:45,118 - DEBUG - CaseID: 265 - parse_multi_results输出: [{'name': 'vla_control', 'args': {'action': 'charge'}}]
2026-03-24 16:59:45,118 - DEBUG - CaseID: 265 - expected_results: [{'name': 'vla_control', 'args': {'action': 'charge'}}]
2026-03-24 16:59:45,118 - DEBUG - CaseID: 265 - actual_results: [{'name': 'vla_control', 'args': {'action': 'charge'}}]
2026-03-24 16:59:45,118 - DEBUG - CaseID: 265 - expected_keys: {('vla_control', '{"action": "charge"}')}
2026-03-24 16:59:45,118 - DEBUG - CaseID: 265 - actual_keys: {('vla_control', '{"action": "charge"}')}
2026-03-24 16:59:45,118 - DEBUG - CaseID: 266 - parse_multi_results输入 - name_str: 'vla_control', args_str: '{"action":"charge"}'
2026-03-24 16:59:45,118 - DEBUG - CaseID: 266 - parse_multi_results输出: [{'name': 'vla_control', 'args': {'action': 'charge'}}]
2026-03-24 16:59:45,118 - DEBUG - CaseID: 266 - parse_multi_results输入 - name_str: 'vla_control', args_str: '{"action":"charge"}'
2026-03-24 16:59:45,118 - DEBUG - CaseID: 266 - parse_multi_results输出: [{'name': 'vla_control', 'args': {'action': 'charge'}}]
2026-03-24 16:59:45,118 - DEBUG - CaseID: 266 - expected_results: [{'name': 'vla_control', 'args': {'action': 'charge'}}]
2026-03-24 16:59:45,118 - DEBUG - CaseID: 266 - actual_results: [{'name': 'vla_control', 'args': {'action': 'charge'}}]
2026-03-24 16:59:45,118 - DEBUG - CaseID: 266 - expected_keys: {('vla_control', '{"action": "charge"}')}
2026-03-24 16:59:45,118 - DEBUG - CaseID: 266 - actual_keys: {('vla_control', '{"action": "charge"}')}
2026-03-24 16:59:45,118 - DEBUG - CaseID: 267 - parse_multi_results输入 - name_str: 'vla_control', args_str: '{"action":"charge"}'
2026-03-24 16:59:45,118 - DEBUG - CaseID: 267 - parse_multi_results输出: [{'name': 'vla_control', 'args': {'action': 'charge'}}]
2026-03-24 16:59:45,118 - DEBUG - CaseID: 267 - parse_multi_results输入 - name_str: 'vla_control', args_str: '{"action":"charge"}'
2026-03-24 16:59:45,118 - DEBUG - CaseID: 267 - parse_multi_results输出: [{'name': 'vla_control', 'args': {'action': 'charge'}}]
2026-03-24 16:59:45,118 - DEBUG - CaseID: 267 - expected_results: [{'name': 'vla_control', 'args': {'action': 'charge'}}]
2026-03-24 16:59:45,118 - DEBUG - CaseID: 267 - actual_results: [{'name': 'vla_control', 'args': {'action': 'charge'}}]
2026-03-24 16:59:45,118 - DEBUG - CaseID: 267 - expected_keys: {('vla_control', '{"action": "charge"}')}
2026-03-24 16:59:45,118 - DEBUG - CaseID: 267 - actual_keys: {('vla_control', '{"action": "charge"}')}
2026-03-24 16:59:45,118 - DEBUG - CaseID: 268 - parse_multi_results输入 - name_str: 'vla_control', args_str: '{"action":"charge"}'
2026-03-24 16:59:45,118 - DEBUG - CaseID: 268 - parse_multi_results输出: [{'name': 'vla_control', 'args': {'action': 'charge'}}]
2026-03-24 16:59:45,118 - DEBUG - CaseID: 268 - parse_multi_results输入 - name_str: 'vla_control', args_str: '{"action":"charge"}'
2026-03-24 16:59:45,118 - DEBUG - CaseID: 268 - parse_multi_results输出: [{'name': 'vla_control', 'args': {'action': 'charge'}}]
2026-03-24 16:59:45,118 - DEBUG - CaseID: 268 - expected_results: [{'name': 'vla_control', 'args': {'action': 'charge'}}]
2026-03-24 16:59:45,118 - DEBUG - CaseID: 268 - actual_results: [{'name': 'vla_control', 'args': {'action': 'charge'}}]
2026-03-24 16:59:45,118 - DEBUG - CaseID: 268 - expected_keys: {('vla_control', '{"action": "charge"}')}
2026-03-24 16:59:45,118 - DEBUG - CaseID: 268 - actual_keys: {('vla_control', '{"action": "charge"}')}
2026-03-24 16:59:45,118 - DEBUG - CaseID: 269 - parse_multi_results输入 - name_str: 'vla_control', args_str: '{"action":"navigate", "point_desc":{"poi":"家"}}'
2026-03-24 16:59:45,118 - DEBUG - CaseID: 269 - parse_multi_results输出: [{'name': 'vla_control', 'args': {'action': 'navigate', 'point_desc': {'poi': '家'}}}]
2026-03-24 16:59:45,118 - DEBUG - CaseID: 269 - parse_multi_results输入 - name_str: 'vla_control', args_str: '{"point_desc":{"poi":"家"},"action":"navigate"}'
2026-03-24 16:59:45,118 - DEBUG - CaseID: 269 - parse_multi_results输出: [{'name': 'vla_control', 'args': {'action': 'navigate', 'point_desc': {'poi': '家'}}}]
2026-03-24 16:59:45,118 - DEBUG - CaseID: 269 - expected_results: [{'name': 'vla_control', 'args': {'action': 'navigate', 'point_desc': {'poi': '家'}}}]
2026-03-24 16:59:45,119 - DEBUG - CaseID: 269 - actual_results: [{'name': 'vla_control', 'args': {'action': 'navigate', 'point_desc': {'poi': '家'}}}]
2026-03-24 16:59:45,119 - DEBUG - CaseID: 269 - expected_keys: {('vla_control', '{"action": "navigate", "point_desc": {"poi": "\\u5bb6"}}')}
2026-03-24 16:59:45,119 - DEBUG - CaseID: 269 - actual_keys: {('vla_control', '{"action": "navigate", "point_desc": {"poi": "\\u5bb6"}}')}
2026-03-24 16:59:45,119 - DEBUG - CaseID: 270 - parse_multi_results输入 - name_str: 'vla_control', args_str: '{"action":"navigate", "point_desc":{"poi":"公司"}}'
2026-03-24 16:59:45,119 - DEBUG - CaseID: 270 - parse_multi_results输出: [{'name': 'vla_control', 'args': {'action': 'navigate', 'point_desc': {'poi': '公司'}}}]
2026-03-24 16:59:45,119 - DEBUG - CaseID: 270 - parse_multi_results输入 - name_str: 'vla_control', args_str: '{"point_desc":{"poi":"公司"},"action":"navigate"}'
2026-03-24 16:59:45,119 - DEBUG - CaseID: 270 - parse_multi_results输出: [{'name': 'vla_control', 'args': {'action': 'navigate', 'point_desc': {'poi': '公司'}}}]
2026-03-24 16:59:45,119 - DEBUG - CaseID: 270 - expected_results: [{'name': 'vla_control', 'args': {'action': 'navigate', 'point_desc': {'poi': '公司'}}}]
2026-03-24 16:59:45,119 - DEBUG - CaseID: 270 - actual_results: [{'name': 'vla_control', 'args': {'action': 'navigate', 'point_desc': {'poi': '公司'}}}]
2026-03-24 16:59:45,119 - DEBUG - CaseID: 270 - expected_keys: {('vla_control', '{"action": "navigate", "point_desc": {"poi": "\\u516c\\u53f8"}}')}
2026-03-24 16:59:45,119 - DEBUG - CaseID: 270 - actual_keys: {('vla_control', '{"action": "navigate", "point_desc": {"poi": "\\u516c\\u53f8"}}')}
2026-03-24 16:59:45,119 - DEBUG - CaseID: 271 - parse_multi_results输入 - name_str: 'vla_control', args_str: '{"action":"navigate", "point_desc":{"poi":"家"}}'
2026-03-24 16:59:45,119 - DEBUG - CaseID: 271 - parse_multi_results输出: [{'name': 'vla_control', 'args': {'action': 'navigate', 'point_desc': {'poi': '家'}}}]
2026-03-24 16:59:45,119 - DEBUG - CaseID: 271 - parse_multi_results输入 - name_str: 'vla_control', args_str: '{"point_desc":{"poi":"家"},"action":"navigate"}'
2026-03-24 16:59:45,119 - DEBUG - CaseID: 271 - parse_multi_results输出: [{'name': 'vla_control', 'args': {'action': 'navigate', 'point_desc': {'poi': '家'}}}]
2026-03-24 16:59:45,119 - DEBUG - CaseID: 271 - expected_results: [{'name': 'vla_control', 'args': {'action': 'navigate', 'point_desc': {'poi': '家'}}}]
2026-03-24 16:59:45,119 - DEBUG - CaseID: 271 - actual_results: [{'name': 'vla_control', 'args': {'action': 'navigate', 'point_desc': {'poi': '家'}}}]
2026-03-24 16:59:45,119 - DEBUG - CaseID: 271 - expected_keys: {('vla_control', '{"action": "navigate", "point_desc": {"poi": "\\u5bb6"}}')}
2026-03-24 16:59:45,119 - DEBUG - CaseID: 271 - actual_keys: {('vla_control', '{"action": "navigate", "point_desc": {"poi": "\\u5bb6"}}')}
2026-03-24 16:59:45,119 - DEBUG - CaseID: 272 - parse_multi_results输入 - name_str: 'vla_control', args_str: '{"action":"navigate", "point_desc":{"poi":"公司"}}'
2026-03-24 16:59:45,119 - DEBUG - CaseID: 272 - parse_multi_results输出: [{'name': 'vla_control', 'args': {'action': 'navigate', 'point_desc': {'poi': '公司'}}}]
2026-03-24 16:59:45,119 - DEBUG - CaseID: 272 - parse_multi_results输入 - name_str: 'vla_control', args_str: '{"point_desc":{"poi":"公司"},"action":"navigate"}'
2026-03-24 16:59:45,119 - DEBUG - CaseID: 272 - parse_multi_results输出: [{'name': 'vla_control', 'args': {'action': 'navigate', 'point_desc': {'poi': '公司'}}}]
2026-03-24 16:59:45,119 - DEBUG - CaseID: 272 - expected_results: [{'name': 'vla_control', 'args': {'action': 'navigate', 'point_desc': {'poi': '公司'}}}]
2026-03-24 16:59:45,119 - DEBUG - CaseID: 272 - actual_results: [{'name': 'vla_control', 'args': {'action': 'navigate', 'point_desc': {'poi': '公司'}}}]
2026-03-24 16:59:45,119 - DEBUG - CaseID: 272 - expected_keys: {('vla_control', '{"action": "navigate", "point_desc": {"poi": "\\u516c\\u53f8"}}')}
2026-03-24 16:59:45,119 - DEBUG - CaseID: 272 - actual_keys: {('vla_control', '{"action": "navigate", "point_desc": {"poi": "\\u516c\\u53f8"}}')}
2026-03-24 16:59:45,119 - DEBUG - CaseID: 273 - parse_multi_results输入 - name_str: 'vla_control', args_str: '{"action":"navigate", "point_desc":{"poi":"理想汽车研发总部"}}'
2026-03-24 16:59:45,119 - DEBUG - CaseID: 273 - parse_multi_results输出: [{'name': 'vla_control', 'args': {'action': 'navigate', 'point_desc': {'poi': '理想汽车研发总部'}}}]
2026-03-24 16:59:45,119 - DEBUG - CaseID: 273 - parse_multi_results输入 - name_str: 'vla_control', args_str: '{"point_desc":{"poi":"理想汽车研发总部"},"action":"navigate"}'
2026-03-24 16:59:45,119 - DEBUG - CaseID: 273 - parse_multi_results输出: [{'name': 'vla_control', 'args': {'action': 'navigate', 'point_desc': {'poi': '理想汽车研发总部'}}}]
2026-03-24 16:59:45,119 - DEBUG - CaseID: 273 - expected_results: [{'name': 'vla_control', 'args': {'action': 'navigate', 'point_desc': {'poi': '理想汽车研发总部'}}}]
2026-03-24 16:59:45,119 - DEBUG - CaseID: 273 - actual_results: [{'name': 'vla_control', 'args': {'action': 'navigate', 'point_desc': {'poi': '理想汽车研发总部'}}}]
2026-03-24 16:59:45,119 - DEBUG - CaseID: 273 - expected_keys: {('vla_control', '{"action": "navigate", "point_desc": {"poi": "\\u7406\\u60f3\\u6c7d\\u8f66\\u7814\\u53d1\\u603b\\u90e8"}}')}
2026-03-24 16:59:45,119 - DEBUG - CaseID: 273 - actual_keys: {('vla_control', '{"action": "navigate", "point_desc": {"poi": "\\u7406\\u60f3\\u6c7d\\u8f66\\u7814\\u53d1\\u603b\\u90e8"}}')}
2026-03-24 16:59:45,119 - DEBUG - CaseID: 274 - parse_multi_results输入 - name_str: 'vla_control', args_str: '{"action":"navigate", "point_desc":{"poi":"万科时代中心"}}'
2026-03-24 16:59:45,119 - DEBUG - CaseID: 274 - parse_multi_results输出: [{'name': 'vla_control', 'args': {'action': 'navigate', 'point_desc': {'poi': '万科时代中心'}}}]
2026-03-24 16:59:45,119 - DEBUG - CaseID: 274 - parse_multi_results输入 - name_str: 'vla_control', args_str: '{"point_desc":{"poi":"万科时代中心"},"action":"navigate"}'
2026-03-24 16:59:45,119 - DEBUG - CaseID: 274 - parse_multi_results输出: [{'name': 'vla_control', 'args': {'action': 'navigate', 'point_desc': {'poi': '万科时代中心'}}}]
2026-03-24 16:59:45,120 - DEBUG - CaseID: 274 - expected_results: [{'name': 'vla_control', 'args': {'action': 'navigate', 'point_desc': {'poi': '万科时代中心'}}}]
2026-03-24 16:59:45,120 - DEBUG - CaseID: 274 - actual_results: [{'name': 'vla_control', 'args': {'action': 'navigate', 'point_desc': {'poi': '万科时代中心'}}}]
2026-03-24 16:59:45,120 - DEBUG - CaseID: 274 - expected_keys: {('vla_control', '{"action": "navigate", "point_desc": {"poi": "\\u4e07\\u79d1\\u65f6\\u4ee3\\u4e2d\\u5fc3"}}')}
2026-03-24 16:59:45,120 - DEBUG - CaseID: 274 - actual_keys: {('vla_control', '{"action": "navigate", "point_desc": {"poi": "\\u4e07\\u79d1\\u65f6\\u4ee3\\u4e2d\\u5fc3"}}')}
2026-03-24 16:59:45,120 - DEBUG - CaseID: 275 - parse_multi_results输入 - name_str: 'vla_control', args_str: '{"action":"navigate", "point_desc":{"poi":"家"}}'
2026-03-24 16:59:45,120 - DEBUG - CaseID: 275 - parse_multi_results输出: [{'name': 'vla_control', 'args': {'action': 'navigate', 'point_desc': {'poi': '家'}}}]
2026-03-24 16:59:45,120 - DEBUG - CaseID: 275 - parse_multi_results输入 - name_str: 'vla_control', args_str: '{"point_desc":{"poi":"家"},"action":"navigate"}'
2026-03-24 16:59:45,120 - DEBUG - CaseID: 275 - parse_multi_results输出: [{'name': 'vla_control', 'args': {'action': 'navigate', 'point_desc': {'poi': '家'}}}]
2026-03-24 16:59:45,120 - DEBUG - CaseID: 275 - expected_results: [{'name': 'vla_control', 'args': {'action': 'navigate', 'point_desc': {'poi': '家'}}}]
2026-03-24 16:59:45,120 - DEBUG - CaseID: 275 - actual_results: [{'name': 'vla_control', 'args': {'action': 'navigate', 'point_desc': {'poi': '家'}}}]
2026-03-24 16:59:45,120 - DEBUG - CaseID: 275 - expected_keys: {('vla_control', '{"action": "navigate", "point_desc": {"poi": "\\u5bb6"}}')}
2026-03-24 16:59:45,120 - DEBUG - CaseID: 275 - actual_keys: {('vla_control', '{"action": "navigate", "point_desc": {"poi": "\\u5bb6"}}')}
2026-03-24 16:59:45,120 - DEBUG - CaseID: 276 - parse_multi_results输入 - name_str: 'vla_control', args_str: '{"action":"navigate", "point_desc":{"poi":"公司"}}'
2026-03-24 16:59:45,120 - DEBUG - CaseID: 276 - parse_multi_results输出: [{'name': 'vla_control', 'args': {'action': 'navigate', 'point_desc': {'poi': '公司'}}}]
2026-03-24 16:59:45,120 - DEBUG - CaseID: 276 - parse_multi_results输入 - name_str: 'vla_control', args_str: '{"point_desc":{"poi":"公司"},"action":"navigate"}'
2026-03-24 16:59:45,120 - DEBUG - CaseID: 276 - parse_multi_results输出: [{'name': 'vla_control', 'args': {'action': 'navigate', 'point_desc': {'poi': '公司'}}}]
2026-03-24 16:59:45,120 - DEBUG - CaseID: 276 - expected_results: [{'name': 'vla_control', 'args': {'action': 'navigate', 'point_desc': {'poi': '公司'}}}]
2026-03-24 16:59:45,120 - DEBUG - CaseID: 276 - actual_results: [{'name': 'vla_control', 'args': {'action': 'navigate', 'point_desc': {'poi': '公司'}}}]
2026-03-24 16:59:45,120 - DEBUG - CaseID: 276 - expected_keys: {('vla_control', '{"action": "navigate", "point_desc": {"poi": "\\u516c\\u53f8"}}')}
2026-03-24 16:59:45,120 - DEBUG - CaseID: 276 - actual_keys: {('vla_control', '{"action": "navigate", "point_desc": {"poi": "\\u516c\\u53f8"}}')}
2026-03-24 16:59:45,120 - DEBUG - CaseID: 277 - parse_multi_results输入 - name_str: 'vla_control', args_str: '{"action":"navigate", "point_desc":{"poi":"理想汽车研发总部"}}'
2026-03-24 16:59:45,120 - DEBUG - CaseID: 277 - parse_multi_results输出: [{'name': 'vla_control', 'args': {'action': 'navigate', 'point_desc': {'poi': '理想汽车研发总部'}}}]
2026-03-24 16:59:45,120 - DEBUG - CaseID: 277 - parse_multi_results输入 - name_str: 'vla_control', args_str: '{"point_desc":{"poi":"理想汽车研发总部"},"action":"navigate"}'
2026-03-24 16:59:45,120 - DEBUG - CaseID: 277 - parse_multi_results输出: [{'name': 'vla_control', 'args': {'action': 'navigate', 'point_desc': {'poi': '理想汽车研发总部'}}}]
2026-03-24 16:59:45,120 - DEBUG - CaseID: 277 - expected_results: [{'name': 'vla_control', 'args': {'action': 'navigate', 'point_desc': {'poi': '理想汽车研发总部'}}}]
2026-03-24 16:59:45,120 - DEBUG - CaseID: 277 - actual_results: [{'name': 'vla_control', 'args': {'action': 'navigate', 'point_desc': {'poi': '理想汽车研发总部'}}}]
2026-03-24 16:59:45,120 - DEBUG - CaseID: 277 - expected_keys: {('vla_control', '{"action": "navigate", "point_desc": {"poi": "\\u7406\\u60f3\\u6c7d\\u8f66\\u7814\\u53d1\\u603b\\u90e8"}}')}
2026-03-24 16:59:45,120 - DEBUG - CaseID: 277 - actual_keys: {('vla_control', '{"action": "navigate", "point_desc": {"poi": "\\u7406\\u60f3\\u6c7d\\u8f66\\u7814\\u53d1\\u603b\\u90e8"}}')}
2026-03-24 16:59:45,120 - DEBUG - CaseID: 278 - parse_multi_results输入 - name_str: 'vla_control', args_str: '{"action":"park", "point_tag":"HERE"}'
2026-03-24 16:59:45,120 - DEBUG - CaseID: 278 - parse_multi_results输出: [{'name': 'vla_control', 'args': {'action': 'park', 'point_tag': 'HERE'}}]
2026-03-24 16:59:45,120 - DEBUG - CaseID: 278 - parse_multi_results输入 - name_str: 'vla_control', args_str: '{"action":"park","point_tag":"HERE"}'
2026-03-24 16:59:45,120 - DEBUG - CaseID: 278 - parse_multi_results输出: [{'name': 'vla_control', 'args': {'action': 'park', 'point_tag': 'HERE'}}]
2026-03-24 16:59:45,120 - DEBUG - CaseID: 278 - expected_results: [{'name': 'vla_control', 'args': {'action': 'park', 'point_tag': 'HERE'}}]
2026-03-24 16:59:45,120 - DEBUG - CaseID: 278 - actual_results: [{'name': 'vla_control', 'args': {'action': 'park', 'point_tag': 'HERE'}}]
2026-03-24 16:59:45,120 - DEBUG - CaseID: 278 - expected_keys: {('vla_control', '{"action": "park", "point_tag": "HERE"}')}
2026-03-24 16:59:45,120 - DEBUG - CaseID: 278 - actual_keys: {('vla_control', '{"action": "park", "point_tag": "HERE"}')}
2026-03-24 16:59:45,120 - DEBUG - CaseID: 279 - parse_multi_results输入 - name_str: 'vla_control', args_str: '{"action":"park", "point_tag":"HERE"}'
2026-03-24 16:59:45,120 - DEBUG - CaseID: 279 - parse_multi_results输出: [{'name': 'vla_control', 'args': {'action': 'park', 'point_tag': 'HERE'}}]
2026-03-24 16:59:45,120 - DEBUG - CaseID: 279 - parse_multi_results输入 - name_str: 'vla_control', args_str: '{"action":"park","point_tag":"HERE"}'
2026-03-24 16:59:45,120 - DEBUG - CaseID: 279 - parse_multi_results输出: [{'name': 'vla_control', 'args': {'action': 'park', 'point_tag': 'HERE'}}]
2026-03-24 16:59:45,121 - DEBUG - CaseID: 279 - expected_results: [{'name': 'vla_control', 'args': {'action': 'park', 'point_tag': 'HERE'}}]
2026-03-24 16:59:45,121 - DEBUG - CaseID: 279 - actual_results: [{'name': 'vla_control', 'args': {'action': 'park', 'point_tag': 'HERE'}}]
2026-03-24 16:59:45,121 - DEBUG - CaseID: 279 - expected_keys: {('vla_control', '{"action": "park", "point_tag": "HERE"}')}
2026-03-24 16:59:45,121 - DEBUG - CaseID: 279 - actual_keys: {('vla_control', '{"action": "park", "point_tag": "HERE"}')}
2026-03-24 16:59:45,121 - DEBUG - CaseID: 280 - parse_multi_results输入 - name_str: 'vla_control', args_str: '{"action":"park", "point_tag":"HERE"}'
2026-03-24 16:59:45,121 - DEBUG - CaseID: 280 - parse_multi_results输出: [{'name': 'vla_control', 'args': {'action': 'park', 'point_tag': 'HERE'}}]
2026-03-24 16:59:45,121 - DEBUG - CaseID: 280 - parse_multi_results输入 - name_str: 'vla_control', args_str: '{"action":"park","point_tag":"HERE"}'
2026-03-24 16:59:45,121 - DEBUG - CaseID: 280 - parse_multi_results输出: [{'name': 'vla_control', 'args': {'action': 'park', 'point_tag': 'HERE'}}]
2026-03-24 16:59:45,121 - DEBUG - CaseID: 280 - expected_results: [{'name': 'vla_control', 'args': {'action': 'park', 'point_tag': 'HERE'}}]
2026-03-24 16:59:45,121 - DEBUG - CaseID: 280 - actual_results: [{'name': 'vla_control', 'args': {'action': 'park', 'point_tag': 'HERE'}}]
2026-03-24 16:59:45,121 - DEBUG - CaseID: 280 - expected_keys: {('vla_control', '{"action": "park", "point_tag": "HERE"}')}
2026-03-24 16:59:45,121 - DEBUG - CaseID: 280 - actual_keys: {('vla_control', '{"action": "park", "point_tag": "HERE"}')}
2026-03-24 16:59:45,121 - DEBUG - CaseID: 281 - parse_multi_results输入 - name_str: 'vla_control', args_str: '{"action":"park", "point_tag":"HERE"}'
2026-03-24 16:59:45,121 - DEBUG - CaseID: 281 - parse_multi_results输出: [{'name': 'vla_control', 'args': {'action': 'park', 'point_tag': 'HERE'}}]
2026-03-24 16:59:45,121 - DEBUG - CaseID: 281 - parse_multi_results输入 - name_str: 'vla_control', args_str: '{"action":"park","point_tag":"HERE"}'
2026-03-24 16:59:45,121 - DEBUG - CaseID: 281 - parse_multi_results输出: [{'name': 'vla_control', 'args': {'action': 'park', 'point_tag': 'HERE'}}]
2026-03-24 16:59:45,121 - DEBUG - CaseID: 281 - expected_results: [{'name': 'vla_control', 'args': {'action': 'park', 'point_tag': 'HERE'}}]
2026-03-24 16:59:45,121 - DEBUG - CaseID: 281 - actual_results: [{'name': 'vla_control', 'args': {'action': 'park', 'point_tag': 'HERE'}}]
2026-03-24 16:59:45,121 - DEBUG - CaseID: 281 - expected_keys: {('vla_control', '{"action": "park", "point_tag": "HERE"}')}
2026-03-24 16:59:45,121 - DEBUG - CaseID: 281 - actual_keys: {('vla_control', '{"action": "park", "point_tag": "HERE"}')}
2026-03-24 16:59:45,121 - DEBUG - CaseID: 282 - parse_multi_results输入 - name_str: 'vla_control', args_str: '{"action":"park", "point_tag":"HERE"}'
2026-03-24 16:59:45,121 - DEBUG - CaseID: 282 - parse_multi_results输出: [{'name': 'vla_control', 'args': {'action': 'park', 'point_tag': 'HERE'}}]
2026-03-24 16:59:45,121 - DEBUG - CaseID: 282 - parse_multi_results输入 - name_str: 'vla_control', args_str: '{"action":"park","point_tag":"HERE"}'
2026-03-24 16:59:45,121 - DEBUG - CaseID: 282 - parse_multi_results输出: [{'name': 'vla_control', 'args': {'action': 'park', 'point_tag': 'HERE'}}]
2026-03-24 16:59:45,121 - DEBUG - CaseID: 282 - expected_results: [{'name': 'vla_control', 'args': {'action': 'park', 'point_tag': 'HERE'}}]
2026-03-24 16:59:45,121 - DEBUG - CaseID: 282 - actual_results: [{'name': 'vla_control', 'args': {'action': 'park', 'point_tag': 'HERE'}}]
2026-03-24 16:59:45,121 - DEBUG - CaseID: 282 - expected_keys: {('vla_control', '{"action": "park", "point_tag": "HERE"}')}
2026-03-24 16:59:45,121 - DEBUG - CaseID: 282 - actual_keys: {('vla_control', '{"action": "park", "point_tag": "HERE"}')}
2026-03-24 16:59:45,121 - DEBUG - CaseID: 283 - parse_multi_results输入 - name_str: 'vla_control', args_str: '{"action":"park", "point_tag":"HERE"}'
2026-03-24 16:59:45,121 - DEBUG - CaseID: 283 - parse_multi_results输出: [{'name': 'vla_control', 'args': {'action': 'park', 'point_tag': 'HERE'}}]
2026-03-24 16:59:45,121 - DEBUG - CaseID: 283 - parse_multi_results输入 - name_str: 'vla_control', args_str: '{"action":"park","point_tag":"HERE"}'
2026-03-24 16:59:45,121 - DEBUG - CaseID: 283 - parse_multi_results输出: [{'name': 'vla_control', 'args': {'action': 'park', 'point_tag': 'HERE'}}]
2026-03-24 16:59:45,121 - DEBUG - CaseID: 283 - expected_results: [{'name': 'vla_control', 'args': {'action': 'park', 'point_tag': 'HERE'}}]
2026-03-24 16:59:45,121 - DEBUG - CaseID: 283 - actual_results: [{'name': 'vla_control', 'args': {'action': 'park', 'point_tag': 'HERE'}}]
2026-03-24 16:59:45,121 - DEBUG - CaseID: 283 - expected_keys: {('vla_control', '{"action": "park", "point_tag": "HERE"}')}
2026-03-24 16:59:45,121 - DEBUG - CaseID: 283 - actual_keys: {('vla_control', '{"action": "park", "point_tag": "HERE"}')}
2026-03-24 16:59:45,121 - DEBUG - CaseID: 284 - parse_multi_results输入 - name_str: 'vla_control', args_str: '{"action":"park", "point_tag":"HERE"}'
2026-03-24 16:59:45,121 - DEBUG - CaseID: 284 - parse_multi_results输出: [{'name': 'vla_control', 'args': {'action': 'park', 'point_tag': 'HERE'}}]
2026-03-24 16:59:45,121 - DEBUG - CaseID: 284 - parse_multi_results输入 - name_str: 'vla_control', args_str: '{"action":"park","point_tag":"HERE"}'
2026-03-24 16:59:45,121 - DEBUG - CaseID: 284 - parse_multi_results输出: [{'name': 'vla_control', 'args': {'action': 'park', 'point_tag': 'HERE'}}]
2026-03-24 16:59:45,121 - DEBUG - CaseID: 284 - expected_results: [{'name': 'vla_control', 'args': {'action': 'park', 'point_tag': 'HERE'}}]
2026-03-24 16:59:45,121 - DEBUG - CaseID: 284 - actual_results: [{'name': 'vla_control', 'args': {'action': 'park', 'point_tag': 'HERE'}}]
2026-03-24 16:59:45,121 - DEBUG - CaseID: 284 - expected_keys: {('vla_control', '{"action": "park", "point_tag": "HERE"}')}
2026-03-24 16:59:45,122 - DEBUG - CaseID: 284 - actual_keys: {('vla_control', '{"action": "park", "point_tag": "HERE"}')}
2026-03-24 16:59:45,122 - DEBUG - CaseID: 285 - parse_multi_results输入 - name_str: 'vla_control', args_str: '{"action":"steer", "direction":"BACKWARD"}'
2026-03-24 16:59:45,122 - DEBUG - CaseID: 285 - parse_multi_results输出: [{'name': 'vla_control', 'args': {'action': 'steer', 'direction': 'BACKWARD'}}]
2026-03-24 16:59:45,122 - DEBUG - CaseID: 285 - parse_multi_results输入 - name_str: 'vla_control', args_str: '{"action":"steer","direction":"BACKWARD"}'
2026-03-24 16:59:45,122 - DEBUG - CaseID: 285 - parse_multi_results输出: [{'name': 'vla_control', 'args': {'action': 'steer', 'direction': 'BACKWARD'}}]
2026-03-24 16:59:45,122 - DEBUG - CaseID: 285 - expected_results: [{'name': 'vla_control', 'args': {'action': 'steer', 'direction': 'BACKWARD'}}]
2026-03-24 16:59:45,122 - DEBUG - CaseID: 285 - actual_results: [{'name': 'vla_control', 'args': {'action': 'steer', 'direction': 'BACKWARD'}}]
2026-03-24 16:59:45,122 - DEBUG - CaseID: 285 - expected_keys: {('vla_control', '{"action": "steer", "direction": "BACKWARD"}')}
2026-03-24 16:59:45,122 - DEBUG - CaseID: 285 - actual_keys: {('vla_control', '{"action": "steer", "direction": "BACKWARD"}')}
2026-03-24 16:59:45,122 - DEBUG - CaseID: 286 - parse_multi_results输入 - name_str: 'vla_control', args_str: '{"action":"steer", "direction":"BACKWARD"}'
2026-03-24 16:59:45,122 - DEBUG - CaseID: 286 - parse_multi_results输出: [{'name': 'vla_control', 'args': {'action': 'steer', 'direction': 'BACKWARD'}}]
2026-03-24 16:59:45,122 - DEBUG - CaseID: 286 - parse_multi_results输入 - name_str: 'vla_control', args_str: '{"action":"steer","direction":"BACKWARD"}'
2026-03-24 16:59:45,122 - DEBUG - CaseID: 286 - parse_multi_results输出: [{'name': 'vla_control', 'args': {'action': 'steer', 'direction': 'BACKWARD'}}]
2026-03-24 16:59:45,122 - DEBUG - CaseID: 286 - expected_results: [{'name': 'vla_control', 'args': {'action': 'steer', 'direction': 'BACKWARD'}}]
2026-03-24 16:59:45,122 - DEBUG - CaseID: 286 - actual_results: [{'name': 'vla_control', 'args': {'action': 'steer', 'direction': 'BACKWARD'}}]
2026-03-24 16:59:45,122 - DEBUG - CaseID: 286 - expected_keys: {('vla_control', '{"action": "steer", "direction": "BACKWARD"}')}
2026-03-24 16:59:45,122 - DEBUG - CaseID: 286 - actual_keys: {('vla_control', '{"action": "steer", "direction": "BACKWARD"}')}
2026-03-24 16:59:45,122 - DEBUG - CaseID: 287 - parse_multi_results输入 - name_str: 'vla_control', args_str: '{"action":"steer", "direction":"BACKWARD"}'
2026-03-24 16:59:45,122 - DEBUG - CaseID: 287 - parse_multi_results输出: [{'name': 'vla_control', 'args': {'action': 'steer', 'direction': 'BACKWARD'}}]
2026-03-24 16:59:45,122 - DEBUG - CaseID: 287 - parse_multi_results输入 - name_str: 'vla_control', args_str: '{"action":"steer","direction":"BACKWARD"}'
2026-03-24 16:59:45,122 - DEBUG - CaseID: 287 - parse_multi_results输出: [{'name': 'vla_control', 'args': {'action': 'steer', 'direction': 'BACKWARD'}}]
2026-03-24 16:59:45,122 - DEBUG - CaseID: 287 - expected_results: [{'name': 'vla_control', 'args': {'action': 'steer', 'direction': 'BACKWARD'}}]
2026-03-24 16:59:45,122 - DEBUG - CaseID: 287 - actual_results: [{'name': 'vla_control', 'args': {'action': 'steer', 'direction': 'BACKWARD'}}]
2026-03-24 16:59:45,122 - DEBUG - CaseID: 287 - expected_keys: {('vla_control', '{"action": "steer", "direction": "BACKWARD"}')}
2026-03-24 16:59:45,122 - DEBUG - CaseID: 287 - actual_keys: {('vla_control', '{"action": "steer", "direction": "BACKWARD"}')}
2026-03-24 16:59:45,122 - DEBUG - CaseID: 288 - parse_multi_results输入 - name_str: 'vla_control', args_str: '{"action":"steer", "direction":"BACKWARD"}'
2026-03-24 16:59:45,122 - DEBUG - CaseID: 288 - parse_multi_results输出: [{'name': 'vla_control', 'args': {'action': 'steer', 'direction': 'BACKWARD'}}]
2026-03-24 16:59:45,122 - DEBUG - CaseID: 288 - parse_multi_results输入 - name_str: 'vla_control', args_str: '{"action":"steer","direction":"BACKWARD"}'
2026-03-24 16:59:45,122 - DEBUG - CaseID: 288 - parse_multi_results输出: [{'name': 'vla_control', 'args': {'action': 'steer', 'direction': 'BACKWARD'}}]
2026-03-24 16:59:45,122 - DEBUG - CaseID: 288 - expected_results: [{'name': 'vla_control', 'args': {'action': 'steer', 'direction': 'BACKWARD'}}]
2026-03-24 16:59:45,122 - DEBUG - CaseID: 288 - actual_results: [{'name': 'vla_control', 'args': {'action': 'steer', 'direction': 'BACKWARD'}}]
2026-03-24 16:59:45,122 - DEBUG - CaseID: 288 - expected_keys: {('vla_control', '{"action": "steer", "direction": "BACKWARD"}')}
2026-03-24 16:59:45,122 - DEBUG - CaseID: 288 - actual_keys: {('vla_control', '{"action": "steer", "direction": "BACKWARD"}')}
2026-03-24 16:59:45,122 - DEBUG - CaseID: 289 - parse_multi_results输入 - name_str: 'vla_control', args_str: '{"action":"navigate", "function_option":"map", "point_desc":{"poi":"家"}}'
2026-03-24 16:59:45,122 - DEBUG - CaseID: 289 - parse_multi_results输出: [{'name': 'vla_control', 'args': {'action': 'navigate', 'function_option': 'map', 'point_desc': {'poi': '家'}}}]
2026-03-24 16:59:45,122 - DEBUG - CaseID: 289 - parse_multi_results输入 - name_str: 'vla_control', args_str: '{"point_desc":{"poi":"家"},"action":"navigate","function_option":"map"}'
2026-03-24 16:59:45,122 - DEBUG - CaseID: 289 - parse_multi_results输出: [{'name': 'vla_control', 'args': {'action': 'navigate', 'function_option': 'map', 'point_desc': {'poi': '家'}}}]
2026-03-24 16:59:45,122 - DEBUG - CaseID: 289 - expected_results: [{'name': 'vla_control', 'args': {'action': 'navigate', 'function_option': 'map', 'point_desc': {'poi': '家'}}}]
2026-03-24 16:59:45,122 - DEBUG - CaseID: 289 - actual_results: [{'name': 'vla_control', 'args': {'action': 'navigate', 'function_option': 'map', 'point_desc': {'poi': '家'}}}]
2026-03-24 16:59:45,122 - DEBUG - CaseID: 289 - expected_keys: {('vla_control', '{"action": "navigate", "function_option": "map", "point_desc": {"poi": "\\u5bb6"}}')}
2026-03-24 16:59:45,122 - DEBUG - CaseID: 289 - actual_keys: {('vla_control', '{"action": "navigate", "function_option": "map", "point_desc": {"poi": "\\u5bb6"}}')}
2026-03-24 16:59:45,123 - DEBUG - CaseID: 290 - parse_multi_results输入 - name_str: 'vla_control', args_str: '{"action":"navigate", "function_option":"map", "point_desc":{"poi":"公司"}}'
2026-03-24 16:59:45,123 - DEBUG - CaseID: 290 - parse_multi_results输出: [{'name': 'vla_control', 'args': {'action': 'navigate', 'function_option': 'map', 'point_desc': {'poi': '公司'}}}]
2026-03-24 16:59:45,123 - DEBUG - CaseID: 290 - parse_multi_results输入 - name_str: 'vla_control', args_str: '{"point_desc":{"poi":"公司"},"action":"navigate","function_option":"map"}'
2026-03-24 16:59:45,123 - DEBUG - CaseID: 290 - parse_multi_results输出: [{'name': 'vla_control', 'args': {'action': 'navigate', 'function_option': 'map', 'point_desc': {'poi': '公司'}}}]
2026-03-24 16:59:45,123 - DEBUG - CaseID: 290 - expected_results: [{'name': 'vla_control', 'args': {'action': 'navigate', 'function_option': 'map', 'point_desc': {'poi': '公司'}}}]
2026-03-24 16:59:45,123 - DEBUG - CaseID: 290 - actual_results: [{'name': 'vla_control', 'args': {'action': 'navigate', 'function_option': 'map', 'point_desc': {'poi': '公司'}}}]
2026-03-24 16:59:45,123 - DEBUG - CaseID: 290 - expected_keys: {('vla_control', '{"action": "navigate", "function_option": "map", "point_desc": {"poi": "\\u516c\\u53f8"}}')}
2026-03-24 16:59:45,123 - DEBUG - CaseID: 290 - actual_keys: {('vla_control', '{"action": "navigate", "function_option": "map", "point_desc": {"poi": "\\u516c\\u53f8"}}')}
2026-03-24 16:59:45,123 - DEBUG - CaseID: 291 - parse_multi_results输入 - name_str: 'vla_control', args_str: '{"action":"steer", "direction":"ROUND"}'
2026-03-24 16:59:45,123 - DEBUG - CaseID: 291 - parse_multi_results输出: [{'name': 'vla_control', 'args': {'action': 'steer', 'direction': 'ROUND'}}]
2026-03-24 16:59:45,123 - DEBUG - CaseID: 291 - parse_multi_results输入 - name_str: 'vla_control', args_str: '{"action":"steer","direction":"ROUND"}'
2026-03-24 16:59:45,123 - DEBUG - CaseID: 291 - parse_multi_results输出: [{'name': 'vla_control', 'args': {'action': 'steer', 'direction': 'ROUND'}}]
2026-03-24 16:59:45,123 - DEBUG - CaseID: 291 - expected_results: [{'name': 'vla_control', 'args': {'action': 'steer', 'direction': 'ROUND'}}]
2026-03-24 16:59:45,123 - DEBUG - CaseID: 291 - actual_results: [{'name': 'vla_control', 'args': {'action': 'steer', 'direction': 'ROUND'}}]
2026-03-24 16:59:45,123 - DEBUG - CaseID: 291 - expected_keys: {('vla_control', '{"action": "steer", "direction": "ROUND"}')}
2026-03-24 16:59:45,123 - DEBUG - CaseID: 291 - actual_keys: {('vla_control', '{"action": "steer", "direction": "ROUND"}')}
2026-03-24 16:59:45,123 - DEBUG - CaseID: 292 - parse_multi_results输入 - name_str: 'vla_control', args_str: '{"action":"steer", "direction":"ROUND"}'
2026-03-24 16:59:45,123 - DEBUG - CaseID: 292 - parse_multi_results输出: [{'name': 'vla_control', 'args': {'action': 'steer', 'direction': 'ROUND'}}]
2026-03-24 16:59:45,123 - DEBUG - CaseID: 292 - parse_multi_results输入 - name_str: 'vla_control', args_str: '{"action":"steer","direction":"ROUND"}'
2026-03-24 16:59:45,123 - DEBUG - CaseID: 292 - parse_multi_results输出: [{'name': 'vla_control', 'args': {'action': 'steer', 'direction': 'ROUND'}}]
2026-03-24 16:59:45,123 - DEBUG - CaseID: 292 - expected_results: [{'name': 'vla_control', 'args': {'action': 'steer', 'direction': 'ROUND'}}]
2026-03-24 16:59:45,123 - DEBUG - CaseID: 292 - actual_results: [{'name': 'vla_control', 'args': {'action': 'steer', 'direction': 'ROUND'}}]
2026-03-24 16:59:45,123 - DEBUG - CaseID: 292 - expected_keys: {('vla_control', '{"action": "steer", "direction": "ROUND"}')}
2026-03-24 16:59:45,123 - DEBUG - CaseID: 292 - actual_keys: {('vla_control', '{"action": "steer", "direction": "ROUND"}')}
2026-03-24 16:59:45,123 - DEBUG - CaseID: 293 - parse_multi_results输入 - name_str: 'vla_control', args_str: '{"action":"steer", "direction":"ROUND"}'
2026-03-24 16:59:45,123 - DEBUG - CaseID: 293 - parse_multi_results输出: [{'name': 'vla_control', 'args': {'action': 'steer', 'direction': 'ROUND'}}]
2026-03-24 16:59:45,123 - DEBUG - CaseID: 293 - parse_multi_results输入 - name_str: 'vla_control', args_str: '{"action":"steer","direction":"ROUND"}'
2026-03-24 16:59:45,123 - DEBUG - CaseID: 293 - parse_multi_results输出: [{'name': 'vla_control', 'args': {'action': 'steer', 'direction': 'ROUND'}}]
2026-03-24 16:59:45,123 - DEBUG - CaseID: 293 - expected_results: [{'name': 'vla_control', 'args': {'action': 'steer', 'direction': 'ROUND'}}]
2026-03-24 16:59:45,123 - DEBUG - CaseID: 293 - actual_results: [{'name': 'vla_control', 'args': {'action': 'steer', 'direction': 'ROUND'}}]
2026-03-24 16:59:45,123 - DEBUG - CaseID: 293 - expected_keys: {('vla_control', '{"action": "steer", "direction": "ROUND"}')}
2026-03-24 16:59:45,123 - DEBUG - CaseID: 293 - actual_keys: {('vla_control', '{"action": "steer", "direction": "ROUND"}')}
2026-03-24 16:59:45,123 - DEBUG - CaseID: 294 - parse_multi_results输入 - name_str: 'vla_control', args_str: '{"action":"park_in","position":"左"}'
2026-03-24 16:59:45,123 - DEBUG - CaseID: 294 - parse_multi_results输出: [{'name': 'vla_control', 'args': {'action': 'park_in', 'position': '左'}}]
2026-03-24 16:59:45,123 - DEBUG - CaseID: 294 - parse_multi_results输入 - name_str: 'vla_control', args_str: '{"point_desc":{"parking_space":"车位"},"action":"park_in","position":"左"}'
2026-03-24 16:59:45,123 - DEBUG - CaseID: 294 - parse_multi_results输出: [{'name': 'vla_control', 'args': {'action': 'park_in', 'point_desc': {'parking_space': '车位'}, 'position': '左'}}]
2026-03-24 16:59:45,123 - DEBUG - CaseID: 294 - expected_results: [{'name': 'vla_control', 'args': {'action': 'park_in', 'position': '左'}}]
2026-03-24 16:59:45,123 - DEBUG - CaseID: 294 - actual_results: [{'name': 'vla_control', 'args': {'action': 'park_in', 'point_desc': {'parking_space': '车位'}, 'position': '左'}}]
2026-03-24 16:59:45,123 - DEBUG - CaseID: 294 - expected_keys: {('vla_control', '{"action": "park_in", "position": "\\u5de6"}')}
2026-03-24 16:59:45,123 - DEBUG - CaseID: 294 - actual_keys: {('vla_control', '{"action": "park_in", "point_desc": {"parking_space": "\\u8f66\\u4f4d"}, "position": "\\u5de6"}')}
2026-03-24 16:59:45,124 - ERROR - CaseID: 294
实际结果缺少以下预期项：
  名称: vla_control, 参数: {"action": "park_in", "position": "\u5de6"}
实际结果多出以下非预期项：
  名称: vla_control, 参数: {"action": "park_in", "point_desc": {"parking_space": "\u8f66\u4f4d"}, "position": "\u5de6"}
2026-03-24 16:59:45,124 - DEBUG - CaseID: 295 - parse_multi_results输入 - name_str: 'vla_control', args_str: '{"action":"park_in","position":"左"}'
2026-03-24 16:59:45,124 - DEBUG - CaseID: 295 - parse_multi_results输出: [{'name': 'vla_control', 'args': {'action': 'park_in', 'position': '左'}}]
2026-03-24 16:59:45,124 - DEBUG - CaseID: 295 - parse_multi_results输入 - name_str: 'vla_control', args_str: '{"action":"park_in","position":"左"}'
2026-03-24 16:59:45,124 - DEBUG - CaseID: 295 - parse_multi_results输出: [{'name': 'vla_control', 'args': {'action': 'park_in', 'position': '左'}}]
2026-03-24 16:59:45,124 - DEBUG - CaseID: 295 - expected_results: [{'name': 'vla_control', 'args': {'action': 'park_in', 'position': '左'}}]
2026-03-24 16:59:45,124 - DEBUG - CaseID: 295 - actual_results: [{'name': 'vla_control', 'args': {'action': 'park_in', 'position': '左'}}]
2026-03-24 16:59:45,124 - DEBUG - CaseID: 295 - expected_keys: {('vla_control', '{"action": "park_in", "position": "\\u5de6"}')}
2026-03-24 16:59:45,124 - DEBUG - CaseID: 295 - actual_keys: {('vla_control', '{"action": "park_in", "position": "\\u5de6"}')}
2026-03-24 16:59:45,124 - DEBUG - CaseID: 296 - parse_multi_results输入 - name_str: 'vla_control', args_str: '{"action":"park_in","position":"前"}'
2026-03-24 16:59:45,124 - DEBUG - CaseID: 296 - parse_multi_results输出: [{'name': 'vla_control', 'args': {'action': 'park_in', 'position': '前'}}]
2026-03-24 16:59:45,124 - DEBUG - CaseID: 296 - parse_multi_results输入 - name_str: 'vla_control', args_str: '{"action":"park_in","position":"前"}'
2026-03-24 16:59:45,124 - DEBUG - CaseID: 296 - parse_multi_results输出: [{'name': 'vla_control', 'args': {'action': 'park_in', 'position': '前'}}]
2026-03-24 16:59:45,124 - DEBUG - CaseID: 296 - expected_results: [{'name': 'vla_control', 'args': {'action': 'park_in', 'position': '前'}}]
2026-03-24 16:59:45,124 - DEBUG - CaseID: 296 - actual_results: [{'name': 'vla_control', 'args': {'action': 'park_in', 'position': '前'}}]
2026-03-24 16:59:45,124 - DEBUG - CaseID: 296 - expected_keys: {('vla_control', '{"action": "park_in", "position": "\\u524d"}')}
2026-03-24 16:59:45,124 - DEBUG - CaseID: 296 - actual_keys: {('vla_control', '{"action": "park_in", "position": "\\u524d"}')}
2026-03-24 16:59:45,124 - DEBUG - CaseID: 297 - parse_multi_results输入 - name_str: 'vla_control', args_str: '{"action":"park","position":"前","point_desc":{"parking_space":"车位"}}'
2026-03-24 16:59:45,124 - DEBUG - CaseID: 297 - parse_multi_results输出: [{'name': 'vla_control', 'args': {'action': 'park', 'point_desc': {'parking_space': '车位'}, 'position': '前'}}]
2026-03-24 16:59:45,124 - DEBUG - CaseID: 297 - parse_multi_results输入 - name_str: 'vla_control', args_str: '{"point_desc":{"parking_space":"车位"},"action":"park","position":"前"}'
2026-03-24 16:59:45,124 - DEBUG - CaseID: 297 - parse_multi_results输出: [{'name': 'vla_control', 'args': {'action': 'park', 'point_desc': {'parking_space': '车位'}, 'position': '前'}}]
2026-03-24 16:59:45,124 - DEBUG - CaseID: 297 - expected_results: [{'name': 'vla_control', 'args': {'action': 'park', 'point_desc': {'parking_space': '车位'}, 'position': '前'}}]
2026-03-24 16:59:45,124 - DEBUG - CaseID: 297 - actual_results: [{'name': 'vla_control', 'args': {'action': 'park', 'point_desc': {'parking_space': '车位'}, 'position': '前'}}]
2026-03-24 16:59:45,124 - DEBUG - CaseID: 297 - expected_keys: {('vla_control', '{"action": "park", "point_desc": {"parking_space": "\\u8f66\\u4f4d"}, "position": "\\u524d"}')}
2026-03-24 16:59:45,124 - DEBUG - CaseID: 297 - actual_keys: {('vla_control', '{"action": "park", "point_desc": {"parking_space": "\\u8f66\\u4f4d"}, "position": "\\u524d"}')}
2026-03-24 16:59:45,124 - DEBUG - CaseID: 298 - parse_multi_results输入 - name_str: 'vla_control', args_str: '{"action":"park_in","position":"左","point_desc":{"parking_space":"车位"}}'
2026-03-24 16:59:45,124 - DEBUG - CaseID: 298 - parse_multi_results输出: [{'name': 'vla_control', 'args': {'action': 'park_in', 'point_desc': {'parking_space': '车位'}, 'position': '左'}}]
2026-03-24 16:59:45,124 - DEBUG - CaseID: 298 - parse_multi_results输入 - name_str: 'vla_control', args_str: '{"point_desc":{"parking_space":"车位"},"action":"park_in","position":"左"}'
2026-03-24 16:59:45,124 - DEBUG - CaseID: 298 - parse_multi_results输出: [{'name': 'vla_control', 'args': {'action': 'park_in', 'point_desc': {'parking_space': '车位'}, 'position': '左'}}]
2026-03-24 16:59:45,124 - DEBUG - CaseID: 298 - expected_results: [{'name': 'vla_control', 'args': {'action': 'park_in', 'point_desc': {'parking_space': '车位'}, 'position': '左'}}]
2026-03-24 16:59:45,124 - DEBUG - CaseID: 298 - actual_results: [{'name': 'vla_control', 'args': {'action': 'park_in', 'point_desc': {'parking_space': '车位'}, 'position': '左'}}]
2026-03-24 16:59:45,124 - DEBUG - CaseID: 298 - expected_keys: {('vla_control', '{"action": "park_in", "point_desc": {"parking_space": "\\u8f66\\u4f4d"}, "position": "\\u5de6"}')}
2026-03-24 16:59:45,124 - DEBUG - CaseID: 298 - actual_keys: {('vla_control', '{"action": "park_in", "point_desc": {"parking_space": "\\u8f66\\u4f4d"}, "position": "\\u5de6"}')}
2026-03-24 16:59:45,124 - DEBUG - CaseID: 299 - parse_multi_results输入 - name_str: 'vla_control', args_str: '{"action":"park_in","position":"左","point_desc":{"parking_space":"车位"}}'
2026-03-24 16:59:45,124 - DEBUG - CaseID: 299 - parse_multi_results输出: [{'name': 'vla_control', 'args': {'action': 'park_in', 'point_desc': {'parking_space': '车位'}, 'position': '左'}}]
2026-03-24 16:59:45,124 - DEBUG - CaseID: 299 - parse_multi_results输入 - name_str: 'vla_control', args_str: '{"point_desc":{"parking_space":"车位"},"action":"park_in","position":"左"}'
2026-03-24 16:59:45,124 - DEBUG - CaseID: 299 - parse_multi_results输出: [{'name': 'vla_control', 'args': {'action': 'park_in', 'point_desc': {'parking_space': '车位'}, 'position': '左'}}]
2026-03-24 16:59:45,124 - DEBUG - CaseID: 299 - expected_results: [{'name': 'vla_control', 'args': {'action': 'park_in', 'point_desc': {'parking_space': '车位'}, 'position': '左'}}]
2026-03-24 16:59:45,124 - DEBUG - CaseID: 299 - actual_results: [{'name': 'vla_control', 'args': {'action': 'park_in', 'point_desc': {'parking_space': '车位'}, 'position': '左'}}]
2026-03-24 16:59:45,124 - DEBUG - CaseID: 299 - expected_keys: {('vla_control', '{"action": "park_in", "point_desc": {"parking_space": "\\u8f66\\u4f4d"}, "position": "\\u5de6"}')}
2026-03-24 16:59:45,125 - DEBUG - CaseID: 299 - actual_keys: {('vla_control', '{"action": "park_in", "point_desc": {"parking_space": "\\u8f66\\u4f4d"}, "position": "\\u5de6"}')}
2026-03-24 16:59:45,125 - DEBUG - CaseID: 300 - parse_multi_results输入 - name_str: 'vla_control', args_str: '{"action":"park", "point_desc":{"parking_space":"车位","position":"靠右"},"position":"右"}'
2026-03-24 16:59:45,125 - DEBUG - CaseID: 300 - parse_multi_results输出: [{'name': 'vla_control', 'args': {'action': 'park', 'point_desc': {'parking_space': '车位', 'position': '靠右'}, 'position': '右'}}]
2026-03-24 16:59:45,125 - DEBUG - CaseID: 300 - parse_multi_results输入 - name_str: 'vla_control', args_str: '{"point_desc":{"parking_space":"车位","position":"靠右"},"action":"park","position":"右"}'
2026-03-24 16:59:45,125 - DEBUG - CaseID: 300 - parse_multi_results输出: [{'name': 'vla_control', 'args': {'action': 'park', 'point_desc': {'parking_space': '车位', 'position': '靠右'}, 'position': '右'}}]
2026-03-24 16:59:45,125 - DEBUG - CaseID: 300 - expected_results: [{'name': 'vla_control', 'args': {'action': 'park', 'point_desc': {'parking_space': '车位', 'position': '靠右'}, 'position': '右'}}]
2026-03-24 16:59:45,125 - DEBUG - CaseID: 300 - actual_results: [{'name': 'vla_control', 'args': {'action': 'park', 'point_desc': {'parking_space': '车位', 'position': '靠右'}, 'position': '右'}}]
2026-03-24 16:59:45,125 - DEBUG - CaseID: 300 - expected_keys: {('vla_control', '{"action": "park", "point_desc": {"parking_space": "\\u8f66\\u4f4d", "position": "\\u9760\\u53f3"}, "position": "\\u53f3"}')}
2026-03-24 16:59:45,125 - DEBUG - CaseID: 300 - actual_keys: {('vla_control', '{"action": "park", "point_desc": {"parking_space": "\\u8f66\\u4f4d", "position": "\\u9760\\u53f3"}, "position": "\\u53f3"}')}
2026-03-24 16:59:45,125 - DEBUG - CaseID: 301 - parse_multi_results输入 - name_str: 'vla_control', args_str: '{"action":"park", "point_desc":{"parking_space":"车位","position":"靠右"},"position":"前"}'
2026-03-24 16:59:45,125 - DEBUG - CaseID: 301 - parse_multi_results输出: [{'name': 'vla_control', 'args': {'action': 'park', 'point_desc': {'parking_space': '车位', 'position': '靠右'}, 'position': '前'}}]
2026-03-24 16:59:45,125 - DEBUG - CaseID: 301 - parse_multi_results输入 - name_str: 'vla_control', args_str: '{"point_desc":{"parking_space":"车位","position":"靠右"},"action":"park","position":"前"}'
2026-03-24 16:59:45,125 - DEBUG - CaseID: 301 - parse_multi_results输出: [{'name': 'vla_control', 'args': {'action': 'park', 'point_desc': {'parking_space': '车位', 'position': '靠右'}, 'position': '前'}}]
2026-03-24 16:59:45,125 - DEBUG - CaseID: 301 - expected_results: [{'name': 'vla_control', 'args': {'action': 'park', 'point_desc': {'parking_space': '车位', 'position': '靠右'}, 'position': '前'}}]
2026-03-24 16:59:45,125 - DEBUG - CaseID: 301 - actual_results: [{'name': 'vla_control', 'args': {'action': 'park', 'point_desc': {'parking_space': '车位', 'position': '靠右'}, 'position': '前'}}]
2026-03-24 16:59:45,125 - DEBUG - CaseID: 301 - expected_keys: {('vla_control', '{"action": "park", "point_desc": {"parking_space": "\\u8f66\\u4f4d", "position": "\\u9760\\u53f3"}, "position": "\\u524d"}')}
2026-03-24 16:59:45,125 - DEBUG - CaseID: 301 - actual_keys: {('vla_control', '{"action": "park", "point_desc": {"parking_space": "\\u8f66\\u4f4d", "position": "\\u9760\\u53f3"}, "position": "\\u524d"}')}
2026-03-24 16:59:45,125 - DEBUG - CaseID: 302 - parse_multi_results输入 - name_str: 'vla_control', args_str: '{"action":"park", "point_desc":{"parking_space":"车位","position":"靠右"},"position":"前"}'
2026-03-24 16:59:45,125 - DEBUG - CaseID: 302 - parse_multi_results输出: [{'name': 'vla_control', 'args': {'action': 'park', 'point_desc': {'parking_space': '车位', 'position': '靠右'}, 'position': '前'}}]
2026-03-24 16:59:45,125 - DEBUG - CaseID: 302 - parse_multi_results输入 - name_str: 'vla_control', args_str: '{"point_desc":{"parking_space":"车位","position":"靠右"},"action":"park","position":"前"}'
2026-03-24 16:59:45,125 - DEBUG - CaseID: 302 - parse_multi_results输出: [{'name': 'vla_control', 'args': {'action': 'park', 'point_desc': {'parking_space': '车位', 'position': '靠右'}, 'position': '前'}}]
2026-03-24 16:59:45,125 - DEBUG - CaseID: 302 - expected_results: [{'name': 'vla_control', 'args': {'action': 'park', 'point_desc': {'parking_space': '车位', 'position': '靠右'}, 'position': '前'}}]
2026-03-24 16:59:45,125 - DEBUG - CaseID: 302 - actual_results: [{'name': 'vla_control', 'args': {'action': 'park', 'point_desc': {'parking_space': '车位', 'position': '靠右'}, 'position': '前'}}]
2026-03-24 16:59:45,125 - DEBUG - CaseID: 302 - expected_keys: {('vla_control', '{"action": "park", "point_desc": {"parking_space": "\\u8f66\\u4f4d", "position": "\\u9760\\u53f3"}, "position": "\\u524d"}')}
2026-03-24 16:59:45,125 - DEBUG - CaseID: 302 - actual_keys: {('vla_control', '{"action": "park", "point_desc": {"parking_space": "\\u8f66\\u4f4d", "position": "\\u9760\\u53f3"}, "position": "\\u524d"}')}
2026-03-24 16:59:45,125 - DEBUG - CaseID: 303 - parse_multi_results输入 - name_str: 'vla_control', args_str: '{"action":"park", "point_desc":{"parking_space":"车位","position":"中"},"position":"前"}'
2026-03-24 16:59:45,125 - DEBUG - CaseID: 303 - parse_multi_results输出: [{'name': 'vla_control', 'args': {'action': 'park', 'point_desc': {'parking_space': '车位', 'position': '中'}, 'position': '前'}}]
2026-03-24 16:59:45,125 - DEBUG - CaseID: 303 - parse_multi_results输入 - name_str: 'vla_control', args_str: '{"point_desc":{"parking_space":"车位","position":"中"},"action":"park","position":"前"}'
2026-03-24 16:59:45,125 - DEBUG - CaseID: 303 - parse_multi_results输出: [{'name': 'vla_control', 'args': {'action': 'park', 'point_desc': {'parking_space': '车位', 'position': '中'}, 'position': '前'}}]
2026-03-24 16:59:45,125 - DEBUG - CaseID: 303 - expected_results: [{'name': 'vla_control', 'args': {'action': 'park', 'point_desc': {'parking_space': '车位', 'position': '中'}, 'position': '前'}}]
2026-03-24 16:59:45,125 - DEBUG - CaseID: 303 - actual_results: [{'name': 'vla_control', 'args': {'action': 'park', 'point_desc': {'parking_space': '车位', 'position': '中'}, 'position': '前'}}]
2026-03-24 16:59:45,125 - DEBUG - CaseID: 303 - expected_keys: {('vla_control', '{"action": "park", "point_desc": {"parking_space": "\\u8f66\\u4f4d", "position": "\\u4e2d"}, "position": "\\u524d"}')}
2026-03-24 16:59:45,125 - DEBUG - CaseID: 303 - actual_keys: {('vla_control', '{"action": "park", "point_desc": {"parking_space": "\\u8f66\\u4f4d", "position": "\\u4e2d"}, "position": "\\u524d"}')}
2026-03-24 16:59:45,125 - DEBUG - CaseID: 304 - parse_multi_results输入 - name_str: 'vla_control', args_str: '{"action":"park", "point_desc":{"parking_space":"车位","position":"中"},"position":"右"}'
2026-03-24 16:59:45,125 - DEBUG - CaseID: 304 - parse_multi_results输出: [{'name': 'vla_control', 'args': {'action': 'park', 'point_desc': {'parking_space': '车位', 'position': '中'}, 'position': '右'}}]
2026-03-24 16:59:45,125 - DEBUG - CaseID: 304 - parse_multi_results输入 - name_str: 'vla_control', args_str: '{"point_desc":{"parking_space":"车位","position":"中"},"action":"park","position":"右"}'
2026-03-24 16:59:45,125 - DEBUG - CaseID: 304 - parse_multi_results输出: [{'name': 'vla_control', 'args': {'action': 'park', 'point_desc': {'parking_space': '车位', 'position': '中'}, 'position': '右'}}]
2026-03-24 16:59:45,125 - DEBUG - CaseID: 304 - expected_results: [{'name': 'vla_control', 'args': {'action': 'park', 'point_desc': {'parking_space': '车位', 'position': '中'}, 'position': '右'}}]
2026-03-24 16:59:45,126 - DEBUG - CaseID: 304 - actual_results: [{'name': 'vla_control', 'args': {'action': 'park', 'point_desc': {'parking_space': '车位', 'position': '中'}, 'position': '右'}}]
2026-03-24 16:59:45,126 - DEBUG - CaseID: 304 - expected_keys: {('vla_control', '{"action": "park", "point_desc": {"parking_space": "\\u8f66\\u4f4d", "position": "\\u4e2d"}, "position": "\\u53f3"}')}
2026-03-24 16:59:45,126 - DEBUG - CaseID: 304 - actual_keys: {('vla_control', '{"action": "park", "point_desc": {"parking_space": "\\u8f66\\u4f4d", "position": "\\u4e2d"}, "position": "\\u53f3"}')}
2026-03-24 16:59:45,126 - DEBUG - CaseID: 305 - parse_multi_results输入 - name_str: 'vla_control', args_str: '{"action":"getoff_park"}'
2026-03-24 16:59:45,126 - DEBUG - CaseID: 305 - parse_multi_results输出: [{'name': 'vla_control', 'args': {'action': 'getoff_park'}}]
2026-03-24 16:59:45,126 - DEBUG - CaseID: 305 - parse_multi_results输入 - name_str: 'vla_control', args_str: '{"action":"getoff_park"}'
2026-03-24 16:59:45,126 - DEBUG - CaseID: 305 - parse_multi_results输出: [{'name': 'vla_control', 'args': {'action': 'getoff_park'}}]
2026-03-24 16:59:45,126 - DEBUG - CaseID: 305 - expected_results: [{'name': 'vla_control', 'args': {'action': 'getoff_park'}}]
2026-03-24 16:59:45,126 - DEBUG - CaseID: 305 - actual_results: [{'name': 'vla_control', 'args': {'action': 'getoff_park'}}]
2026-03-24 16:59:45,126 - DEBUG - CaseID: 305 - expected_keys: {('vla_control', '{"action": "getoff_park"}')}
2026-03-24 16:59:45,126 - DEBUG - CaseID: 305 - actual_keys: {('vla_control', '{"action": "getoff_park"}')}
2026-03-24 16:59:45,126 - DEBUG - CaseID: 306 - parse_multi_results输入 - name_str: 'vla_control', args_str: '{"action":"getoff_park"}'
2026-03-24 16:59:45,126 - DEBUG - CaseID: 306 - parse_multi_results输出: [{'name': 'vla_control', 'args': {'action': 'getoff_park'}}]
2026-03-24 16:59:45,126 - DEBUG - CaseID: 306 - parse_multi_results输入 - name_str: 'vla_control', args_str: '{"action":"getoff_park"}'
2026-03-24 16:59:45,126 - DEBUG - CaseID: 306 - parse_multi_results输出: [{'name': 'vla_control', 'args': {'action': 'getoff_park'}}]
2026-03-24 16:59:45,126 - DEBUG - CaseID: 306 - expected_results: [{'name': 'vla_control', 'args': {'action': 'getoff_park'}}]
2026-03-24 16:59:45,126 - DEBUG - CaseID: 306 - actual_results: [{'name': 'vla_control', 'args': {'action': 'getoff_park'}}]
2026-03-24 16:59:45,126 - DEBUG - CaseID: 306 - expected_keys: {('vla_control', '{"action": "getoff_park"}')}
2026-03-24 16:59:45,126 - DEBUG - CaseID: 306 - actual_keys: {('vla_control', '{"action": "getoff_park"}')}
2026-03-24 16:59:45,126 - DEBUG - CaseID: 307 - parse_multi_results输入 - name_str: 'vla_control', args_str: '{"action":"park_in"}'
2026-03-24 16:59:45,126 - DEBUG - CaseID: 307 - parse_multi_results输出: [{'name': 'vla_control', 'args': {'action': 'park_in'}}]
2026-03-24 16:59:45,126 - DEBUG - CaseID: 307 - parse_multi_results输入 - name_str: 'vla_control', args_str: '{"action":"park_in"}'
2026-03-24 16:59:45,126 - DEBUG - CaseID: 307 - parse_multi_results输出: [{'name': 'vla_control', 'args': {'action': 'park_in'}}]
2026-03-24 16:59:45,126 - DEBUG - CaseID: 307 - expected_results: [{'name': 'vla_control', 'args': {'action': 'park_in'}}]
2026-03-24 16:59:45,126 - DEBUG - CaseID: 307 - actual_results: [{'name': 'vla_control', 'args': {'action': 'park_in'}}]
2026-03-24 16:59:45,126 - DEBUG - CaseID: 307 - expected_keys: {('vla_control', '{"action": "park_in"}')}
2026-03-24 16:59:45,126 - DEBUG - CaseID: 307 - actual_keys: {('vla_control', '{"action": "park_in"}')}
2026-03-24 16:59:45,126 - DEBUG - CaseID: 308 - parse_multi_results输入 - name_str: 'vla_control', args_str: '{"action":"park_in"}'
2026-03-24 16:59:45,126 - DEBUG - CaseID: 308 - parse_multi_results输出: [{'name': 'vla_control', 'args': {'action': 'park_in'}}]
2026-03-24 16:59:45,126 - DEBUG - CaseID: 308 - parse_multi_results输入 - name_str: 'vla_control', args_str: '{"action":"park_in"}'
2026-03-24 16:59:45,126 - DEBUG - CaseID: 308 - parse_multi_results输出: [{'name': 'vla_control', 'args': {'action': 'park_in'}}]
2026-03-24 16:59:45,126 - DEBUG - CaseID: 308 - expected_results: [{'name': 'vla_control', 'args': {'action': 'park_in'}}]
2026-03-24 16:59:45,126 - DEBUG - CaseID: 308 - actual_results: [{'name': 'vla_control', 'args': {'action': 'park_in'}}]
2026-03-24 16:59:45,126 - DEBUG - CaseID: 308 - expected_keys: {('vla_control', '{"action": "park_in"}')}
2026-03-24 16:59:45,126 - DEBUG - CaseID: 308 - actual_keys: {('vla_control', '{"action": "park_in"}')}
2026-03-24 16:59:45,126 - DEBUG - CaseID: 309 - parse_multi_results输入 - name_str: 'vla_control', args_str: '{"action":"park_in"}'
2026-03-24 16:59:45,126 - DEBUG - CaseID: 309 - parse_multi_results输出: [{'name': 'vla_control', 'args': {'action': 'park_in'}}]
2026-03-24 16:59:45,126 - DEBUG - CaseID: 309 - parse_multi_results输入 - name_str: 'device_control', args_str: '{"action":"unsupport"}'
2026-03-24 16:59:45,126 - DEBUG - CaseID: 309 - parse_multi_results输出: [{'name': 'device_control', 'args': {'action': 'unsupport'}}]
2026-03-24 16:59:45,126 - DEBUG - CaseID: 309 - expected_results: [{'name': 'vla_control', 'args': {'action': 'park_in'}}]
2026-03-24 16:59:45,126 - DEBUG - CaseID: 309 - actual_results: [{'name': 'device_control', 'args': {'action': 'unsupport'}}]
2026-03-24 16:59:45,126 - DEBUG - CaseID: 309 - expected_keys: {('vla_control', '{"action": "park_in"}')}
2026-03-24 16:59:45,127 - DEBUG - CaseID: 309 - actual_keys: {('device_control', '{"action": "unsupport"}')}
2026-03-24 16:59:45,127 - ERROR - CaseID: 309
实际结果缺少以下预期项：
  名称: vla_control, 参数: {"action": "park_in"}
实际结果多出以下非预期项：
  名称: device_control, 参数: {"action": "unsupport"}
2026-03-24 16:59:45,127 - DEBUG - CaseID: 310 - parse_multi_results输入 - name_str: 'vla_control', args_str: '{"action":"park"}'
2026-03-24 16:59:45,127 - DEBUG - CaseID: 310 - parse_multi_results输出: [{'name': 'vla_control', 'args': {'action': 'park'}}]
2026-03-24 16:59:45,127 - DEBUG - CaseID: 310 - parse_multi_results输入 - name_str: 'vla_control', args_str: '{"action":"park"}'
2026-03-24 16:59:45,127 - DEBUG - CaseID: 310 - parse_multi_results输出: [{'name': 'vla_control', 'args': {'action': 'park'}}]
2026-03-24 16:59:45,127 - DEBUG - CaseID: 310 - expected_results: [{'name': 'vla_control', 'args': {'action': 'park'}}]
2026-03-24 16:59:45,127 - DEBUG - CaseID: 310 - actual_results: [{'name': 'vla_control', 'args': {'action': 'park'}}]
2026-03-24 16:59:45,127 - DEBUG - CaseID: 310 - expected_keys: {('vla_control', '{"action": "park"}')}
2026-03-24 16:59:45,127 - DEBUG - CaseID: 310 - actual_keys: {('vla_control', '{"action": "park"}')}
2026-03-24 16:59:45,127 - DEBUG - CaseID: 311 - parse_multi_results输入 - name_str: 'vla_control', args_str: '{"action":"park"}'
2026-03-24 16:59:45,127 - DEBUG - CaseID: 311 - parse_multi_results输出: [{'name': 'vla_control', 'args': {'action': 'park'}}]
2026-03-24 16:59:45,127 - DEBUG - CaseID: 311 - parse_multi_results输入 - name_str: 'vla_control', args_str: '{"action":"park"}'
2026-03-24 16:59:45,127 - DEBUG - CaseID: 311 - parse_multi_results输出: [{'name': 'vla_control', 'args': {'action': 'park'}}]
2026-03-24 16:59:45,127 - DEBUG - CaseID: 311 - expected_results: [{'name': 'vla_control', 'args': {'action': 'park'}}]
2026-03-24 16:59:45,127 - DEBUG - CaseID: 311 - actual_results: [{'name': 'vla_control', 'args': {'action': 'park'}}]
2026-03-24 16:59:45,127 - DEBUG - CaseID: 311 - expected_keys: {('vla_control', '{"action": "park"}')}
2026-03-24 16:59:45,127 - DEBUG - CaseID: 311 - actual_keys: {('vla_control', '{"action": "park"}')}
2026-03-24 16:59:45,127 - DEBUG - CaseID: 312 - parse_multi_results输入 - name_str: 'vla_control', args_str: '{"action":"park"}'
2026-03-24 16:59:45,127 - DEBUG - CaseID: 312 - parse_multi_results输出: [{'name': 'vla_control', 'args': {'action': 'park'}}]
2026-03-24 16:59:45,127 - DEBUG - CaseID: 312 - parse_multi_results输入 - name_str: 'vla_control', args_str: '{"action":"park"}'
2026-03-24 16:59:45,127 - DEBUG - CaseID: 312 - parse_multi_results输出: [{'name': 'vla_control', 'args': {'action': 'park'}}]
2026-03-24 16:59:45,127 - DEBUG - CaseID: 312 - expected_results: [{'name': 'vla_control', 'args': {'action': 'park'}}]
2026-03-24 16:59:45,127 - DEBUG - CaseID: 312 - actual_results: [{'name': 'vla_control', 'args': {'action': 'park'}}]
2026-03-24 16:59:45,127 - DEBUG - CaseID: 312 - expected_keys: {('vla_control', '{"action": "park"}')}
2026-03-24 16:59:45,127 - DEBUG - CaseID: 312 - actual_keys: {('vla_control', '{"action": "park"}')}
2026-03-24 16:59:45,127 - DEBUG - CaseID: 313 - parse_multi_results输入 - name_str: 'vla_control', args_str: '{"action":"park"}'
2026-03-24 16:59:45,127 - DEBUG - CaseID: 313 - parse_multi_results输出: [{'name': 'vla_control', 'args': {'action': 'park'}}]
2026-03-24 16:59:45,127 - DEBUG - CaseID: 313 - parse_multi_results输入 - name_str: 'vla_control', args_str: '{"action":"park"}'
2026-03-24 16:59:45,127 - DEBUG - CaseID: 313 - parse_multi_results输出: [{'name': 'vla_control', 'args': {'action': 'park'}}]
2026-03-24 16:59:45,127 - DEBUG - CaseID: 313 - expected_results: [{'name': 'vla_control', 'args': {'action': 'park'}}]
2026-03-24 16:59:45,127 - DEBUG - CaseID: 313 - actual_results: [{'name': 'vla_control', 'args': {'action': 'park'}}]
2026-03-24 16:59:45,127 - DEBUG - CaseID: 313 - expected_keys: {('vla_control', '{"action": "park"}')}
2026-03-24 16:59:45,127 - DEBUG - CaseID: 313 - actual_keys: {('vla_control', '{"action": "park"}')}
2026-03-24 16:59:45,127 - DEBUG - CaseID: 314 - parse_multi_results输入 - name_str: 'vla_control', args_str: '{"action":"park_out"}'
2026-03-24 16:59:45,127 - DEBUG - CaseID: 314 - parse_multi_results输出: [{'name': 'vla_control', 'args': {'action': 'park_out'}}]
2026-03-24 16:59:45,127 - DEBUG - CaseID: 314 - parse_multi_results输入 - name_str: 'playback_control', args_str: '{"action":"play"}'
2026-03-24 16:59:45,127 - DEBUG - CaseID: 314 - parse_multi_results输出: [{'name': 'playback_control', 'args': {'action': 'play'}}]
2026-03-24 16:59:45,127 - DEBUG - CaseID: 314 - expected_results: [{'name': 'vla_control', 'args': {'action': 'park_out'}}]
2026-03-24 16:59:45,127 - DEBUG - CaseID: 314 - actual_results: [{'name': 'playback_control', 'args': {'action': 'play'}}]
2026-03-24 16:59:45,127 - DEBUG - CaseID: 314 - expected_keys: {('vla_control', '{"action": "park_out"}')}
2026-03-24 16:59:45,127 - DEBUG - CaseID: 314 - actual_keys: {('playback_control', '{"action": "play"}')}
2026-03-24 16:59:45,127 - ERROR - CaseID: 314
实际结果缺少以下预期项：
  名称: vla_control, 参数: {"action": "park_out"}
实际结果多出以下非预期项：
  名称: playback_control, 参数: {"action": "play"}
2026-03-24 16:59:45,128 - DEBUG - CaseID: 315 - parse_multi_results输入 - name_str: 'vla_control', args_str: '{"action":"navigate", "point_desc":{"parking_space":"车位"}, "direction":"OUT"}'
2026-03-24 16:59:45,128 - DEBUG - CaseID: 315 - parse_multi_results输出: [{'name': 'vla_control', 'args': {'action': 'navigate', 'direction': 'OUT', 'point_desc': {'parking_space': '车位'}}}]
2026-03-24 16:59:45,128 - DEBUG - CaseID: 315 - parse_multi_results输入 - name_str: 'vla_control', args_str: '{"point_desc":{"parking_space":"车位"},"action":"navigate","direction":"OUT"}'
2026-03-24 16:59:45,128 - DEBUG - CaseID: 315 - parse_multi_results输出: [{'name': 'vla_control', 'args': {'action': 'navigate', 'direction': 'OUT', 'point_desc': {'parking_space': '车位'}}}]
2026-03-24 16:59:45,128 - DEBUG - CaseID: 315 - expected_results: [{'name': 'vla_control', 'args': {'action': 'navigate', 'direction': 'OUT', 'point_desc': {'parking_space': '车位'}}}]
2026-03-24 16:59:45,128 - DEBUG - CaseID: 315 - actual_results: [{'name': 'vla_control', 'args': {'action': 'navigate', 'direction': 'OUT', 'point_desc': {'parking_space': '车位'}}}]
2026-03-24 16:59:45,128 - DEBUG - CaseID: 315 - expected_keys: {('vla_control', '{"action": "navigate", "direction": "OUT", "point_desc": {"parking_space": "\\u8f66\\u4f4d"}}')}
2026-03-24 16:59:45,128 - DEBUG - CaseID: 315 - actual_keys: {('vla_control', '{"action": "navigate", "direction": "OUT", "point_desc": {"parking_space": "\\u8f66\\u4f4d"}}')}
2026-03-24 16:59:45,128 - DEBUG - CaseID: 316 - parse_multi_results输入 - name_str: 'vla_control', args_str: '{"action":"park_out", "point_desc":{"parking_space":"车位"}}'
2026-03-24 16:59:45,128 - DEBUG - CaseID: 316 - parse_multi_results输出: [{'name': 'vla_control', 'args': {'action': 'park_out', 'point_desc': {'parking_space': '车位'}}}]
2026-03-24 16:59:45,128 - DEBUG - CaseID: 316 - parse_multi_results输入 - name_str: 'vla_control', args_str: '{"point_desc":{"parking_space":"车位"},"action":"park_out"}'
2026-03-24 16:59:45,128 - DEBUG - CaseID: 316 - parse_multi_results输出: [{'name': 'vla_control', 'args': {'action': 'park_out', 'point_desc': {'parking_space': '车位'}}}]
2026-03-24 16:59:45,128 - DEBUG - CaseID: 316 - expected_results: [{'name': 'vla_control', 'args': {'action': 'park_out', 'point_desc': {'parking_space': '车位'}}}]
2026-03-24 16:59:45,128 - DEBUG - CaseID: 316 - actual_results: [{'name': 'vla_control', 'args': {'action': 'park_out', 'point_desc': {'parking_space': '车位'}}}]
2026-03-24 16:59:45,128 - DEBUG - CaseID: 316 - expected_keys: {('vla_control', '{"action": "park_out", "point_desc": {"parking_space": "\\u8f66\\u4f4d"}}')}
2026-03-24 16:59:45,128 - DEBUG - CaseID: 316 - actual_keys: {('vla_control', '{"action": "park_out", "point_desc": {"parking_space": "\\u8f66\\u4f4d"}}')}
2026-03-24 16:59:45,128 - DEBUG - CaseID: 317 - parse_multi_results输入 - name_str: 'vla_control', args_str: '{"action":"park_out", "point_desc":{"parking_space":"车位"}}'
2026-03-24 16:59:45,128 - DEBUG - CaseID: 317 - parse_multi_results输出: [{'name': 'vla_control', 'args': {'action': 'park_out', 'point_desc': {'parking_space': '车位'}}}]
2026-03-24 16:59:45,128 - DEBUG - CaseID: 317 - parse_multi_results输入 - name_str: 'vla_control', args_str: '{"action":"park_in"}'
2026-03-24 16:59:45,128 - DEBUG - CaseID: 317 - parse_multi_results输出: [{'name': 'vla_control', 'args': {'action': 'park_in'}}]
2026-03-24 16:59:45,128 - DEBUG - CaseID: 317 - expected_results: [{'name': 'vla_control', 'args': {'action': 'park_out', 'point_desc': {'parking_space': '车位'}}}]
2026-03-24 16:59:45,128 - DEBUG - CaseID: 317 - actual_results: [{'name': 'vla_control', 'args': {'action': 'park_in'}}]
2026-03-24 16:59:45,128 - DEBUG - CaseID: 317 - expected_keys: {('vla_control', '{"action": "park_out", "point_desc": {"parking_space": "\\u8f66\\u4f4d"}}')}
2026-03-24 16:59:45,128 - DEBUG - CaseID: 317 - actual_keys: {('vla_control', '{"action": "park_in"}')}
2026-03-24 16:59:45,128 - ERROR - CaseID: 317
实际结果缺少以下预期项：
  名称: vla_control, 参数: {"action": "park_out", "point_desc": {"parking_space": "\u8f66\u4f4d"}}
实际结果多出以下非预期项：
  名称: vla_control, 参数: {"action": "park_in"}
2026-03-24 16:59:45,128 - DEBUG - CaseID: 318 - parse_multi_results输入 - name_str: 'global_control', args_str: '{"action":"resume"}'
2026-03-24 16:59:45,128 - DEBUG - CaseID: 318 - parse_multi_results输出: [{'name': 'global_control', 'args': {'action': 'resume'}}]
2026-03-24 16:59:45,128 - DEBUG - CaseID: 318 - parse_multi_results输入 - name_str: '', args_str: ''
2026-03-24 16:59:45,128 - DEBUG - CaseID: 318 - parse_multi_results输出: []
2026-03-24 16:59:45,128 - DEBUG - CaseID: 318 - expected_results: [{'name': 'global_control', 'args': {'action': 'resume'}}]
2026-03-24 16:59:45,128 - DEBUG - CaseID: 318 - actual_results: []
2026-03-24 16:59:45,128 - ERROR - CaseID: 318
结果数量不匹配: 预期1个，实际0个
2026-03-24 16:59:45,128 - DEBUG - CaseID: 319 - parse_multi_results输入 - name_str: 'global_control', args_str: '{"action":"resume"}'
2026-03-24 16:59:45,128 - DEBUG - CaseID: 319 - parse_multi_results输出: [{'name': 'global_control', 'args': {'action': 'resume'}}]
2026-03-24 16:59:45,128 - DEBUG - CaseID: 319 - parse_multi_results输入 - name_str: '', args_str: ''
2026-03-24 16:59:45,128 - DEBUG - CaseID: 319 - parse_multi_results输出: []
2026-03-24 16:59:45,128 - DEBUG - CaseID: 319 - expected_results: [{'name': 'global_control', 'args': {'action': 'resume'}}]
2026-03-24 16:59:45,128 - DEBUG - CaseID: 319 - actual_results: []
2026-03-24 16:59:45,128 - ERROR - CaseID: 319
结果数量不匹配: 预期1个，实际0个
2026-03-24 16:59:45,128 - DEBUG - CaseID: 320 - parse_multi_results输入 - name_str: 'vla_control', args_str: '{"action":"park","position":"左"}'
2026-03-24 16:59:45,129 - DEBUG - CaseID: 320 - parse_multi_results输出: [{'name': 'vla_control', 'args': {'action': 'park', 'position': '左'}}]
2026-03-24 16:59:45,129 - DEBUG - CaseID: 320 - parse_multi_results输入 - name_str: 'vla_control', args_str: '{"action":"park","position":"左"}'
2026-03-24 16:59:45,129 - DEBUG - CaseID: 320 - parse_multi_results输出: [{'name': 'vla_control', 'args': {'action': 'park', 'position': '左'}}]
2026-03-24 16:59:45,129 - DEBUG - CaseID: 320 - expected_results: [{'name': 'vla_control', 'args': {'action': 'park', 'position': '左'}}]
2026-03-24 16:59:45,129 - DEBUG - CaseID: 320 - actual_results: [{'name': 'vla_control', 'args': {'action': 'park', 'position': '左'}}]
2026-03-24 16:59:45,129 - DEBUG - CaseID: 320 - expected_keys: {('vla_control', '{"action": "park", "position": "\\u5de6"}')}
2026-03-24 16:59:45,129 - DEBUG - CaseID: 320 - actual_keys: {('vla_control', '{"action": "park", "position": "\\u5de6"}')}
2026-03-24 16:59:45,129 - DEBUG - CaseID: 321 - parse_multi_results输入 - name_str: 'vla_control', args_str: '{"action":"park","point_desc":{"parking_space":"车位"},"position":"右前"}'
2026-03-24 16:59:45,129 - DEBUG - CaseID: 321 - parse_multi_results输出: [{'name': 'vla_control', 'args': {'action': 'park', 'point_desc': {'parking_space': '车位'}, 'position': '右前'}}]
2026-03-24 16:59:45,129 - DEBUG - CaseID: 321 - parse_multi_results输入 - name_str: 'vla_control', args_str: '{"point_desc":{"parking_space":"车位"},"action":"park","position":"右前"}'
2026-03-24 16:59:45,129 - DEBUG - CaseID: 321 - parse_multi_results输出: [{'name': 'vla_control', 'args': {'action': 'park', 'point_desc': {'parking_space': '车位'}, 'position': '右前'}}]
2026-03-24 16:59:45,129 - DEBUG - CaseID: 321 - expected_results: [{'name': 'vla_control', 'args': {'action': 'park', 'point_desc': {'parking_space': '车位'}, 'position': '右前'}}]
2026-03-24 16:59:45,129 - DEBUG - CaseID: 321 - actual_results: [{'name': 'vla_control', 'args': {'action': 'park', 'point_desc': {'parking_space': '车位'}, 'position': '右前'}}]
2026-03-24 16:59:45,129 - DEBUG - CaseID: 321 - expected_keys: {('vla_control', '{"action": "park", "point_desc": {"parking_space": "\\u8f66\\u4f4d"}, "position": "\\u53f3\\u524d"}')}
2026-03-24 16:59:45,129 - DEBUG - CaseID: 321 - actual_keys: {('vla_control', '{"action": "park", "point_desc": {"parking_space": "\\u8f66\\u4f4d"}, "position": "\\u53f3\\u524d"}')}
2026-03-24 16:59:45,129 - DEBUG - CaseID: 322 - parse_multi_results输入 - name_str: 'vla_control', args_str: '{"action":"park_in", "position":"后"}'
2026-03-24 16:59:45,129 - DEBUG - CaseID: 322 - parse_multi_results输出: [{'name': 'vla_control', 'args': {'action': 'park_in', 'position': '后'}}]
2026-03-24 16:59:45,129 - DEBUG - CaseID: 322 - parse_multi_results输入 - name_str: 'playback_control', args_str: '{"action":"play"}'
2026-03-24 16:59:45,129 - DEBUG - CaseID: 322 - parse_multi_results输出: [{'name': 'playback_control', 'args': {'action': 'play'}}]
2026-03-24 16:59:45,129 - DEBUG - CaseID: 322 - expected_results: [{'name': 'vla_control', 'args': {'action': 'park_in', 'position': '后'}}]
2026-03-24 16:59:45,129 - DEBUG - CaseID: 322 - actual_results: [{'name': 'playback_control', 'args': {'action': 'play'}}]
2026-03-24 16:59:45,129 - DEBUG - CaseID: 322 - expected_keys: {('vla_control', '{"action": "park_in", "position": "\\u540e"}')}
2026-03-24 16:59:45,129 - DEBUG - CaseID: 322 - actual_keys: {('playback_control', '{"action": "play"}')}
2026-03-24 16:59:45,129 - ERROR - CaseID: 322
实际结果缺少以下预期项：
  名称: vla_control, 参数: {"action": "park_in", "position": "\u540e"}
实际结果多出以下非预期项：
  名称: playback_control, 参数: {"action": "play"}
2026-03-24 16:59:45,129 - DEBUG - CaseID: 323 - parse_multi_results输入 - name_str: 'vla_control', args_str: '{"action":"park_in", "position":"左后"}'
2026-03-24 16:59:45,129 - DEBUG - CaseID: 323 - parse_multi_results输出: [{'name': 'vla_control', 'args': {'action': 'park_in', 'position': '左后'}}]
2026-03-24 16:59:45,129 - DEBUG - CaseID: 323 - parse_multi_results输入 - name_str: 'vla_control', args_str: '{"action":"park_in","position":"左后"}'
2026-03-24 16:59:45,129 - DEBUG - CaseID: 323 - parse_multi_results输出: [{'name': 'vla_control', 'args': {'action': 'park_in', 'position': '左后'}}]
2026-03-24 16:59:45,129 - DEBUG - CaseID: 323 - expected_results: [{'name': 'vla_control', 'args': {'action': 'park_in', 'position': '左后'}}]
2026-03-24 16:59:45,129 - DEBUG - CaseID: 323 - actual_results: [{'name': 'vla_control', 'args': {'action': 'park_in', 'position': '左后'}}]
2026-03-24 16:59:45,129 - DEBUG - CaseID: 323 - expected_keys: {('vla_control', '{"action": "park_in", "position": "\\u5de6\\u540e"}')}
2026-03-24 16:59:45,129 - DEBUG - CaseID: 323 - actual_keys: {('vla_control', '{"action": "park_in", "position": "\\u5de6\\u540e"}')}
2026-03-24 16:59:45,129 - DEBUG - CaseID: 324 - parse_multi_results输入 - name_str: 'vla_control', args_str: '{"action":"navigate", "position":"左"}'
2026-03-24 16:59:45,129 - DEBUG - CaseID: 324 - parse_multi_results输出: [{'name': 'vla_control', 'args': {'action': 'navigate', 'position': '左'}}]
2026-03-24 16:59:45,129 - DEBUG - CaseID: 324 - parse_multi_results输入 - name_str: 'vla_control', args_str: '{"action":"navigate","position":"左"}'
2026-03-24 16:59:45,129 - DEBUG - CaseID: 324 - parse_multi_results输出: [{'name': 'vla_control', 'args': {'action': 'navigate', 'position': '左'}}]
2026-03-24 16:59:45,129 - DEBUG - CaseID: 324 - expected_results: [{'name': 'vla_control', 'args': {'action': 'navigate', 'position': '左'}}]
2026-03-24 16:59:45,129 - DEBUG - CaseID: 324 - actual_results: [{'name': 'vla_control', 'args': {'action': 'navigate', 'position': '左'}}]
2026-03-24 16:59:45,129 - DEBUG - CaseID: 324 - expected_keys: {('vla_control', '{"action": "navigate", "position": "\\u5de6"}')}
2026-03-24 16:59:45,129 - DEBUG - CaseID: 324 - actual_keys: {('vla_control', '{"action": "navigate", "position": "\\u5de6"}')}
2026-03-24 16:59:45,130 - DEBUG - CaseID: 325 - parse_multi_results输入 - name_str: 'vla_control', args_str: '{"action":"navigate", "position":"右前"}'
2026-03-24 16:59:45,130 - DEBUG - CaseID: 325 - parse_multi_results输出: [{'name': 'vla_control', 'args': {'action': 'navigate', 'position': '右前'}}]
2026-03-24 16:59:45,130 - DEBUG - CaseID: 325 - parse_multi_results输入 - name_str: 'vla_control', args_str: '{"action":"navigate","position":"右前"}'
2026-03-24 16:59:45,130 - DEBUG - CaseID: 325 - parse_multi_results输出: [{'name': 'vla_control', 'args': {'action': 'navigate', 'position': '右前'}}]
2026-03-24 16:59:45,130 - DEBUG - CaseID: 325 - expected_results: [{'name': 'vla_control', 'args': {'action': 'navigate', 'position': '右前'}}]
2026-03-24 16:59:45,130 - DEBUG - CaseID: 325 - actual_results: [{'name': 'vla_control', 'args': {'action': 'navigate', 'position': '右前'}}]
2026-03-24 16:59:45,130 - DEBUG - CaseID: 325 - expected_keys: {('vla_control', '{"action": "navigate", "position": "\\u53f3\\u524d"}')}
2026-03-24 16:59:45,130 - DEBUG - CaseID: 325 - actual_keys: {('vla_control', '{"action": "navigate", "position": "\\u53f3\\u524d"}')}
2026-03-24 16:59:45,130 - DEBUG - CaseID: 326 - parse_multi_results输入 - name_str: 'vla_control', args_str: '{"action":"navigate", "position":"左前"}'
2026-03-24 16:59:45,130 - DEBUG - CaseID: 326 - parse_multi_results输出: [{'name': 'vla_control', 'args': {'action': 'navigate', 'position': '左前'}}]
2026-03-24 16:59:45,130 - DEBUG - CaseID: 326 - parse_multi_results输入 - name_str: 'vla_control', args_str: '{"action":"navigate","position":"左前","direction":"OUT"}'
2026-03-24 16:59:45,130 - DEBUG - CaseID: 326 - parse_multi_results输出: [{'name': 'vla_control', 'args': {'action': 'navigate', 'direction': 'OUT', 'position': '左前'}}]
2026-03-24 16:59:45,130 - DEBUG - CaseID: 326 - expected_results: [{'name': 'vla_control', 'args': {'action': 'navigate', 'position': '左前'}}]
2026-03-24 16:59:45,130 - DEBUG - CaseID: 326 - actual_results: [{'name': 'vla_control', 'args': {'action': 'navigate', 'direction': 'OUT', 'position': '左前'}}]
2026-03-24 16:59:45,130 - DEBUG - CaseID: 326 - expected_keys: {('vla_control', '{"action": "navigate", "position": "\\u5de6\\u524d"}')}
2026-03-24 16:59:45,130 - DEBUG - CaseID: 326 - actual_keys: {('vla_control', '{"action": "navigate", "direction": "OUT", "position": "\\u5de6\\u524d"}')}
2026-03-24 16:59:45,130 - ERROR - CaseID: 326
实际结果缺少以下预期项：
  名称: vla_control, 参数: {"action": "navigate", "position": "\u5de6\u524d"}
实际结果多出以下非预期项：
  名称: vla_control, 参数: {"action": "navigate", "direction": "OUT", "position": "\u5de6\u524d"}
2026-03-24 16:59:45,130 - DEBUG - CaseID: 327 - parse_multi_results输入 - name_str: 'vla_control', args_str: '{"action":"navigate", "position":"右后"}'
2026-03-24 16:59:45,130 - DEBUG - CaseID: 327 - parse_multi_results输出: [{'name': 'vla_control', 'args': {'action': 'navigate', 'position': '右后'}}]
2026-03-24 16:59:45,130 - DEBUG - CaseID: 327 - parse_multi_results输入 - name_str: 'vla_control', args_str: '{"action":"navigate","position":"右后"}'
2026-03-24 16:59:45,130 - DEBUG - CaseID: 327 - parse_multi_results输出: [{'name': 'vla_control', 'args': {'action': 'navigate', 'position': '右后'}}]
2026-03-24 16:59:45,130 - DEBUG - CaseID: 327 - expected_results: [{'name': 'vla_control', 'args': {'action': 'navigate', 'position': '右后'}}]
2026-03-24 16:59:45,130 - DEBUG - CaseID: 327 - actual_results: [{'name': 'vla_control', 'args': {'action': 'navigate', 'position': '右后'}}]
2026-03-24 16:59:45,130 - DEBUG - CaseID: 327 - expected_keys: {('vla_control', '{"action": "navigate", "position": "\\u53f3\\u540e"}')}
2026-03-24 16:59:45,130 - DEBUG - CaseID: 327 - actual_keys: {('vla_control', '{"action": "navigate", "position": "\\u53f3\\u540e"}')}
2026-03-24 16:59:45,130 - DEBUG - CaseID: 328 - parse_multi_results输入 - name_str: 'vla_control', args_str: '{"action":"pause_drive", "position":"左"}'
2026-03-24 16:59:45,130 - DEBUG - CaseID: 328 - parse_multi_results输出: [{'name': 'vla_control', 'args': {'action': 'pause_drive', 'position': '左'}}]
2026-03-24 16:59:45,130 - DEBUG - CaseID: 328 - parse_multi_results输入 - name_str: 'vla_control', args_str: '{"action":"pause_drive","position":"左"}'
2026-03-24 16:59:45,130 - DEBUG - CaseID: 328 - parse_multi_results输出: [{'name': 'vla_control', 'args': {'action': 'pause_drive', 'position': '左'}}]
2026-03-24 16:59:45,130 - DEBUG - CaseID: 328 - expected_results: [{'name': 'vla_control', 'args': {'action': 'pause_drive', 'position': '左'}}]
2026-03-24 16:59:45,130 - DEBUG - CaseID: 328 - actual_results: [{'name': 'vla_control', 'args': {'action': 'pause_drive', 'position': '左'}}]
2026-03-24 16:59:45,130 - DEBUG - CaseID: 328 - expected_keys: {('vla_control', '{"action": "pause_drive", "position": "\\u5de6"}')}
2026-03-24 16:59:45,130 - DEBUG - CaseID: 328 - actual_keys: {('vla_control', '{"action": "pause_drive", "position": "\\u5de6"}')}
2026-03-24 16:59:45,130 - DEBUG - CaseID: 329 - parse_multi_results输入 - name_str: 'vla_control', args_str: '{"action":"pause_drive", "position":"旁边"}'
2026-03-24 16:59:45,130 - DEBUG - CaseID: 329 - parse_multi_results输出: [{'name': 'vla_control', 'args': {'action': 'pause_drive', 'position': '旁边'}}]
2026-03-24 16:59:45,130 - DEBUG - CaseID: 329 - parse_multi_results输入 - name_str: 'vla_control', args_str: '{"point_desc":{"subject":"Levis"},"action":"pause_drive","position":"旁边"}'
2026-03-24 16:59:45,130 - DEBUG - CaseID: 329 - parse_multi_results输出: [{'name': 'vla_control', 'args': {'action': 'pause_drive', 'point_desc': {'subject': 'Levis'}, 'position': '旁边'}}]
2026-03-24 16:59:45,130 - DEBUG - CaseID: 329 - expected_results: [{'name': 'vla_control', 'args': {'action': 'pause_drive', 'position': '旁边'}}]
2026-03-24 16:59:45,130 - DEBUG - CaseID: 329 - actual_results: [{'name': 'vla_control', 'args': {'action': 'pause_drive', 'point_desc': {'subject': 'Levis'}, 'position': '旁边'}}]
2026-03-24 16:59:45,130 - DEBUG - CaseID: 329 - expected_keys: {('vla_control', '{"action": "pause_drive", "position": "\\u65c1\\u8fb9"}')}
2026-03-24 16:59:45,130 - DEBUG - CaseID: 329 - actual_keys: {('vla_control', '{"action": "pause_drive", "point_desc": {"subject": "Levis"}, "position": "\\u65c1\\u8fb9"}')}
2026-03-24 16:59:45,131 - ERROR - CaseID: 329
实际结果缺少以下预期项：
  名称: vla_control, 参数: {"action": "pause_drive", "position": "\u65c1\u8fb9"}
实际结果多出以下非预期项：
  名称: vla_control, 参数: {"action": "pause_drive", "point_desc": {"subject": "Levis"}, "position": "\u65c1\u8fb9"}
2026-03-24 16:59:45,131 - DEBUG - CaseID: 330 - parse_multi_results输入 - name_str: 'vla_control', args_str: '{"action":"pause_drive", "position":"右"}'
2026-03-24 16:59:45,131 - DEBUG - CaseID: 330 - parse_multi_results输出: [{'name': 'vla_control', 'args': {'action': 'pause_drive', 'position': '右'}}]
2026-03-24 16:59:45,131 - DEBUG - CaseID: 330 - parse_multi_results输入 - name_str: 'vla_control', args_str: '{"action":"pause_drive","position":"靠右"}'
2026-03-24 16:59:45,131 - DEBUG - CaseID: 330 - parse_multi_results输出: [{'name': 'vla_control', 'args': {'action': 'pause_drive', 'position': '靠右'}}]
2026-03-24 16:59:45,131 - DEBUG - CaseID: 330 - expected_results: [{'name': 'vla_control', 'args': {'action': 'pause_drive', 'position': '右'}}]
2026-03-24 16:59:45,131 - DEBUG - CaseID: 330 - actual_results: [{'name': 'vla_control', 'args': {'action': 'pause_drive', 'position': '靠右'}}]
2026-03-24 16:59:45,131 - DEBUG - CaseID: 330 - expected_keys: {('vla_control', '{"action": "pause_drive", "position": "\\u53f3"}')}
2026-03-24 16:59:45,131 - DEBUG - CaseID: 330 - actual_keys: {('vla_control', '{"action": "pause_drive", "position": "\\u9760\\u53f3"}')}
2026-03-24 16:59:45,131 - ERROR - CaseID: 330
实际结果缺少以下预期项：
  名称: vla_control, 参数: {"action": "pause_drive", "position": "\u53f3"}
实际结果多出以下非预期项：
  名称: vla_control, 参数: {"action": "pause_drive", "position": "\u9760\u53f3"}
2026-03-24 16:59:45,131 - DEBUG - CaseID: 331 - parse_multi_results输入 - name_str: 'vla_control', args_str: '{"action":"pause_drive", "position":"左前"}'
2026-03-24 16:59:45,131 - DEBUG - CaseID: 331 - parse_multi_results输出: [{'name': 'vla_control', 'args': {'action': 'pause_drive', 'position': '左前'}}]
2026-03-24 16:59:45,131 - DEBUG - CaseID: 331 - parse_multi_results输入 - name_str: 'vla_control', args_str: '{"action":"pause_drive","position":"左前"}'
2026-03-24 16:59:45,131 - DEBUG - CaseID: 331 - parse_multi_results输出: [{'name': 'vla_control', 'args': {'action': 'pause_drive', 'position': '左前'}}]
2026-03-24 16:59:45,131 - DEBUG - CaseID: 331 - expected_results: [{'name': 'vla_control', 'args': {'action': 'pause_drive', 'position': '左前'}}]
2026-03-24 16:59:45,131 - DEBUG - CaseID: 331 - actual_results: [{'name': 'vla_control', 'args': {'action': 'pause_drive', 'position': '左前'}}]
2026-03-24 16:59:45,131 - DEBUG - CaseID: 331 - expected_keys: {('vla_control', '{"action": "pause_drive", "position": "\\u5de6\\u524d"}')}
2026-03-24 16:59:45,131 - DEBUG - CaseID: 331 - actual_keys: {('vla_control', '{"action": "pause_drive", "position": "\\u5de6\\u524d"}')}
2026-03-24 16:59:45,131 - DEBUG - CaseID: 332 - parse_multi_results输入 - name_str: 'vla_control', args_str: '{"action":"steer","direction":"LEFTWARD","range":"+"}'
2026-03-24 16:59:45,131 - DEBUG - CaseID: 332 - parse_multi_results输出: [{'name': 'vla_control', 'args': {'action': 'steer', 'direction': 'LEFTWARD', 'range': '+'}}]
2026-03-24 16:59:45,131 - DEBUG - CaseID: 332 - parse_multi_results输入 - name_str: 'vla_control', args_str: '{"action":"steer","range":"+","direction":"LEFTWARD"}'
2026-03-24 16:59:45,131 - DEBUG - CaseID: 332 - parse_multi_results输出: [{'name': 'vla_control', 'args': {'action': 'steer', 'direction': 'LEFTWARD', 'range': '+'}}]
2026-03-24 16:59:45,131 - DEBUG - CaseID: 332 - expected_results: [{'name': 'vla_control', 'args': {'action': 'steer', 'direction': 'LEFTWARD', 'range': '+'}}]
2026-03-24 16:59:45,131 - DEBUG - CaseID: 332 - actual_results: [{'name': 'vla_control', 'args': {'action': 'steer', 'direction': 'LEFTWARD', 'range': '+'}}]
2026-03-24 16:59:45,131 - DEBUG - CaseID: 332 - expected_keys: {('vla_control', '{"action": "steer", "direction": "LEFTWARD", "range": "+"}')}
2026-03-24 16:59:45,131 - DEBUG - CaseID: 332 - actual_keys: {('vla_control', '{"action": "steer", "direction": "LEFTWARD", "range": "+"}')}
2026-03-24 16:59:45,131 - DEBUG - CaseID: 333 - parse_multi_results输入 - name_str: 'vla_control', args_str: '{"action":"steer","direction":"RIGHTWARD","range":"+"}'
2026-03-24 16:59:45,131 - DEBUG - CaseID: 333 - parse_multi_results输出: [{'name': 'vla_control', 'args': {'action': 'steer', 'direction': 'RIGHTWARD', 'range': '+'}}]
2026-03-24 16:59:45,131 - DEBUG - CaseID: 333 - parse_multi_results输入 - name_str: 'device_control', args_str: '{"action":"unsupport"}'
2026-03-24 16:59:45,131 - DEBUG - CaseID: 333 - parse_multi_results输出: [{'name': 'device_control', 'args': {'action': 'unsupport'}}]
2026-03-24 16:59:45,131 - DEBUG - CaseID: 333 - expected_results: [{'name': 'vla_control', 'args': {'action': 'steer', 'direction': 'RIGHTWARD', 'range': '+'}}]
2026-03-24 16:59:45,131 - DEBUG - CaseID: 333 - actual_results: [{'name': 'device_control', 'args': {'action': 'unsupport'}}]
2026-03-24 16:59:45,131 - DEBUG - CaseID: 333 - expected_keys: {('vla_control', '{"action": "steer", "direction": "RIGHTWARD", "range": "+"}')}
2026-03-24 16:59:45,131 - DEBUG - CaseID: 333 - actual_keys: {('device_control', '{"action": "unsupport"}')}
2026-03-24 16:59:45,131 - ERROR - CaseID: 333
实际结果缺少以下预期项：
  名称: vla_control, 参数: {"action": "steer", "direction": "RIGHTWARD", "range": "+"}
实际结果多出以下非预期项：
  名称: device_control, 参数: {"action": "unsupport"}
2026-03-24 16:59:45,131 - DEBUG - CaseID: 334 - parse_multi_results输入 - name_str: 'vla_control', args_str: '{"action":"steer","direction":"RIGHTWARD","point_desc":{"subject":"10m"}}'
2026-03-24 16:59:45,131 - DEBUG - CaseID: 334 - parse_multi_results输出: [{'name': 'vla_control', 'args': {'action': 'steer', 'direction': 'RIGHTWARD', 'point_desc': {'subject': '10m'}}}]
2026-03-24 16:59:45,131 - DEBUG - CaseID: 334 - parse_multi_results输入 - name_str: 'vla_control', args_str: '{"point_desc":{"subject":"10m"},"action":"steer","direction":"RIGHTWARD"}'
2026-03-24 16:59:45,131 - DEBUG - CaseID: 334 - parse_multi_results输出: [{'name': 'vla_control', 'args': {'action': 'steer', 'direction': 'RIGHTWARD', 'point_desc': {'subject': '10m'}}}]
2026-03-24 16:59:45,131 - DEBUG - CaseID: 334 - expected_results: [{'name': 'vla_control', 'args': {'action': 'steer', 'direction': 'RIGHTWARD', 'point_desc': {'subject': '10m'}}}]
2026-03-24 16:59:45,131 - DEBUG - CaseID: 334 - actual_results: [{'name': 'vla_control', 'args': {'action': 'steer', 'direction': 'RIGHTWARD', 'point_desc': {'subject': '10m'}}}]
2026-03-24 16:59:45,132 - DEBUG - CaseID: 334 - expected_keys: {('vla_control', '{"action": "steer", "direction": "RIGHTWARD", "point_desc": {"subject": "10m"}}')}
2026-03-24 16:59:45,132 - DEBUG - CaseID: 334 - actual_keys: {('vla_control', '{"action": "steer", "direction": "RIGHTWARD", "point_desc": {"subject": "10m"}}')}
2026-03-24 16:59:45,132 - DEBUG - CaseID: 335 - parse_multi_results输入 - name_str: 'vla_control', args_str: '{"action":"steer","direction":"LEFTWARD","point_desc":{"subject":"10m"}}'
2026-03-24 16:59:45,132 - DEBUG - CaseID: 335 - parse_multi_results输出: [{'name': 'vla_control', 'args': {'action': 'steer', 'direction': 'LEFTWARD', 'point_desc': {'subject': '10m'}}}]
2026-03-24 16:59:45,132 - DEBUG - CaseID: 335 - parse_multi_results输入 - name_str: 'vla_control', args_str: '{"point_desc":{"subject":"10m"},"action":"steer","direction":"LEFTWARD"}'
2026-03-24 16:59:45,132 - DEBUG - CaseID: 335 - parse_multi_results输出: [{'name': 'vla_control', 'args': {'action': 'steer', 'direction': 'LEFTWARD', 'point_desc': {'subject': '10m'}}}]
2026-03-24 16:59:45,132 - DEBUG - CaseID: 335 - expected_results: [{'name': 'vla_control', 'args': {'action': 'steer', 'direction': 'LEFTWARD', 'point_desc': {'subject': '10m'}}}]
2026-03-24 16:59:45,132 - DEBUG - CaseID: 335 - actual_results: [{'name': 'vla_control', 'args': {'action': 'steer', 'direction': 'LEFTWARD', 'point_desc': {'subject': '10m'}}}]
2026-03-24 16:59:45,132 - DEBUG - CaseID: 335 - expected_keys: {('vla_control', '{"action": "steer", "direction": "LEFTWARD", "point_desc": {"subject": "10m"}}')}
2026-03-24 16:59:45,132 - DEBUG - CaseID: 335 - actual_keys: {('vla_control', '{"action": "steer", "direction": "LEFTWARD", "point_desc": {"subject": "10m"}}')}
2026-03-24 16:59:45,132 - DEBUG - CaseID: 336 - parse_multi_results输入 - name_str: 'vla_control', args_str: '{"action":"steer","direction":"RIGHTWARD","point_desc":{"subject":"10m"}}'
2026-03-24 16:59:45,132 - DEBUG - CaseID: 336 - parse_multi_results输出: [{'name': 'vla_control', 'args': {'action': 'steer', 'direction': 'RIGHTWARD', 'point_desc': {'subject': '10m'}}}]
2026-03-24 16:59:45,132 - DEBUG - CaseID: 336 - parse_multi_results输入 - name_str: 'vla_control', args_str: '{"point_desc":{"subject":"10m"},"action":"steer","direction":"RIGHTWARD"}'
2026-03-24 16:59:45,132 - DEBUG - CaseID: 336 - parse_multi_results输出: [{'name': 'vla_control', 'args': {'action': 'steer', 'direction': 'RIGHTWARD', 'point_desc': {'subject': '10m'}}}]
2026-03-24 16:59:45,132 - DEBUG - CaseID: 336 - expected_results: [{'name': 'vla_control', 'args': {'action': 'steer', 'direction': 'RIGHTWARD', 'point_desc': {'subject': '10m'}}}]
2026-03-24 16:59:45,132 - DEBUG - CaseID: 336 - actual_results: [{'name': 'vla_control', 'args': {'action': 'steer', 'direction': 'RIGHTWARD', 'point_desc': {'subject': '10m'}}}]
2026-03-24 16:59:45,132 - DEBUG - CaseID: 336 - expected_keys: {('vla_control', '{"action": "steer", "direction": "RIGHTWARD", "point_desc": {"subject": "10m"}}')}
2026-03-24 16:59:45,132 - DEBUG - CaseID: 336 - actual_keys: {('vla_control', '{"action": "steer", "direction": "RIGHTWARD", "point_desc": {"subject": "10m"}}')}
2026-03-24 16:59:45,132 - DEBUG - CaseID: 337 - parse_multi_results输入 - name_str: 'vla_control', args_str: '{"action":"steer","direction":"RIGHTWARD","point_desc":{"subject":"1.5m"}}'
2026-03-24 16:59:45,132 - DEBUG - CaseID: 337 - parse_multi_results输出: [{'name': 'vla_control', 'args': {'action': 'steer', 'direction': 'RIGHTWARD', 'point_desc': {'subject': '1.5m'}}}]
2026-03-24 16:59:45,132 - DEBUG - CaseID: 337 - parse_multi_results输入 - name_str: 'vla_control', args_str: '{"point_desc":{"subject":"1.5m"},"action":"steer","direction":"RIGHTWARD"}'
2026-03-24 16:59:45,132 - DEBUG - CaseID: 337 - parse_multi_results输出: [{'name': 'vla_control', 'args': {'action': 'steer', 'direction': 'RIGHTWARD', 'point_desc': {'subject': '1.5m'}}}]
2026-03-24 16:59:45,132 - DEBUG - CaseID: 337 - expected_results: [{'name': 'vla_control', 'args': {'action': 'steer', 'direction': 'RIGHTWARD', 'point_desc': {'subject': '1.5m'}}}]
2026-03-24 16:59:45,132 - DEBUG - CaseID: 337 - actual_results: [{'name': 'vla_control', 'args': {'action': 'steer', 'direction': 'RIGHTWARD', 'point_desc': {'subject': '1.5m'}}}]
2026-03-24 16:59:45,132 - DEBUG - CaseID: 337 - expected_keys: {('vla_control', '{"action": "steer", "direction": "RIGHTWARD", "point_desc": {"subject": "1.5m"}}')}
2026-03-24 16:59:45,132 - DEBUG - CaseID: 337 - actual_keys: {('vla_control', '{"action": "steer", "direction": "RIGHTWARD", "point_desc": {"subject": "1.5m"}}')}
2026-03-24 16:59:45,132 - DEBUG - CaseID: 338 - parse_multi_results输入 - name_str: 'vla_control', args_str: '{"action":"steer","direction":"STRAIGHT","range":"+"}'
2026-03-24 16:59:45,132 - DEBUG - CaseID: 338 - parse_multi_results输出: [{'name': 'vla_control', 'args': {'action': 'steer', 'direction': 'STRAIGHT', 'range': '+'}}]
2026-03-24 16:59:45,132 - DEBUG - CaseID: 338 - parse_multi_results输入 - name_str: 'volume_control', args_str: '{"action":"adjust","range":"+"}'
2026-03-24 16:59:45,132 - DEBUG - CaseID: 338 - parse_multi_results输出: [{'name': 'volume_control', 'args': {'action': 'adjust', 'range': '+'}}]
2026-03-24 16:59:45,132 - DEBUG - CaseID: 338 - expected_results: [{'name': 'vla_control', 'args': {'action': 'steer', 'direction': 'STRAIGHT', 'range': '+'}}]
2026-03-24 16:59:45,132 - DEBUG - CaseID: 338 - actual_results: [{'name': 'volume_control', 'args': {'action': 'adjust', 'range': '+'}}]
2026-03-24 16:59:45,132 - DEBUG - CaseID: 338 - expected_keys: {('vla_control', '{"action": "steer", "direction": "STRAIGHT", "range": "+"}')}
2026-03-24 16:59:45,132 - DEBUG - CaseID: 338 - actual_keys: {('volume_control', '{"action": "adjust", "range": "+"}')}
2026-03-24 16:59:45,132 - ERROR - CaseID: 338
实际结果缺少以下预期项：
  名称: vla_control, 参数: {"action": "steer", "direction": "STRAIGHT", "range": "+"}
实际结果多出以下非预期项：
  名称: volume_control, 参数: {"action": "adjust", "range": "+"}
2026-03-24 16:59:45,132 - DEBUG - CaseID: 339 - parse_multi_results输入 - name_str: 'vla_control', args_str: '{"action":"steer","direction":"BACKWARD","range":"+"}'
2026-03-24 16:59:45,132 - DEBUG - CaseID: 339 - parse_multi_results输出: [{'name': 'vla_control', 'args': {'action': 'steer', 'direction': 'BACKWARD', 'range': '+'}}]
2026-03-24 16:59:45,132 - DEBUG - CaseID: 339 - parse_multi_results输入 - name_str: 'volume_control', args_str: '{"action":"adjust","range":"+"}'
2026-03-24 16:59:45,132 - DEBUG - CaseID: 339 - parse_multi_results输出: [{'name': 'volume_control', 'args': {'action': 'adjust', 'range': '+'}}]
2026-03-24 16:59:45,132 - DEBUG - CaseID: 339 - expected_results: [{'name': 'vla_control', 'args': {'action': 'steer', 'direction': 'BACKWARD', 'range': '+'}}]
2026-03-24 16:59:45,132 - DEBUG - CaseID: 339 - actual_results: [{'name': 'volume_control', 'args': {'action': 'adjust', 'range': '+'}}]
2026-03-24 16:59:45,133 - DEBUG - CaseID: 339 - expected_keys: {('vla_control', '{"action": "steer", "direction": "BACKWARD", "range": "+"}')}
2026-03-24 16:59:45,133 - DEBUG - CaseID: 339 - actual_keys: {('volume_control', '{"action": "adjust", "range": "+"}')}
2026-03-24 16:59:45,133 - ERROR - CaseID: 339
实际结果缺少以下预期项：
  名称: vla_control, 参数: {"action": "steer", "direction": "BACKWARD", "range": "+"}
实际结果多出以下非预期项：
  名称: volume_control, 参数: {"action": "adjust", "range": "+"}
2026-03-24 16:59:45,133 - DEBUG - CaseID: 340 - parse_multi_results输入 - name_str: 'vla_control', args_str: '{"action":"straight_calling"}'
2026-03-24 16:59:45,133 - DEBUG - CaseID: 340 - parse_multi_results输出: [{'name': 'vla_control', 'args': {'action': 'straight_calling'}}]
2026-03-24 16:59:45,133 - DEBUG - CaseID: 340 - parse_multi_results输入 - name_str: 'vla_control', args_str: '{"point_desc":{"品牌":"levis"},"action":"straight_calling"}'
2026-03-24 16:59:45,133 - DEBUG - CaseID: 340 - parse_multi_results输出: [{'name': 'vla_control', 'args': {'action': 'straight_calling', 'point_desc': {'品牌': 'levis'}}}]
2026-03-24 16:59:45,133 - DEBUG - CaseID: 340 - expected_results: [{'name': 'vla_control', 'args': {'action': 'straight_calling'}}]
2026-03-24 16:59:45,133 - DEBUG - CaseID: 340 - actual_results: [{'name': 'vla_control', 'args': {'action': 'straight_calling', 'point_desc': {'品牌': 'levis'}}}]
2026-03-24 16:59:45,133 - DEBUG - CaseID: 340 - expected_keys: {('vla_control', '{"action": "straight_calling"}')}
2026-03-24 16:59:45,133 - DEBUG - CaseID: 340 - actual_keys: {('vla_control', '{"action": "straight_calling", "point_desc": {"\\u54c1\\u724c": "levis"}}')}
2026-03-24 16:59:45,133 - ERROR - CaseID: 340
实际结果缺少以下预期项：
  名称: vla_control, 参数: {"action": "straight_calling"}
实际结果多出以下非预期项：
  名称: vla_control, 参数: {"action": "straight_calling", "point_desc": {"\u54c1\u724c": "levis"}}
2026-03-24 16:59:45,133 - DEBUG - CaseID: 341 - parse_multi_results输入 - name_str: 'vla_control', args_str: '{"action":"straight_calling"}'
2026-03-24 16:59:45,133 - DEBUG - CaseID: 341 - parse_multi_results输出: [{'name': 'vla_control', 'args': {'action': 'straight_calling'}}]
2026-03-24 16:59:45,133 - DEBUG - CaseID: 341 - parse_multi_results输入 - name_str: 'vla_control', args_str: '{"action":"straight_calling"}'
2026-03-24 16:59:45,133 - DEBUG - CaseID: 341 - parse_multi_results输出: [{'name': 'vla_control', 'args': {'action': 'straight_calling'}}]
2026-03-24 16:59:45,133 - DEBUG - CaseID: 341 - expected_results: [{'name': 'vla_control', 'args': {'action': 'straight_calling'}}]
2026-03-24 16:59:45,133 - DEBUG - CaseID: 341 - actual_results: [{'name': 'vla_control', 'args': {'action': 'straight_calling'}}]
2026-03-24 16:59:45,133 - DEBUG - CaseID: 341 - expected_keys: {('vla_control', '{"action": "straight_calling"}')}
2026-03-24 16:59:45,133 - DEBUG - CaseID: 341 - actual_keys: {('vla_control', '{"action": "straight_calling"}')}
2026-03-24 16:59:45,133 - DEBUG - CaseID: 342 - parse_multi_results输入 - name_str: 'vla_control', args_str: '{"action":"pause_straight_calling"}'
2026-03-24 16:59:45,133 - DEBUG - CaseID: 342 - parse_multi_results输出: [{'name': 'vla_control', 'args': {'action': 'pause_straight_calling'}}]
2026-03-24 16:59:45,133 - DEBUG - CaseID: 342 - parse_multi_results输入 - name_str: 'vla_control', args_str: '{"action":"pause_straight_calling"}'
2026-03-24 16:59:45,133 - DEBUG - CaseID: 342 - parse_multi_results输出: [{'name': 'vla_control', 'args': {'action': 'pause_straight_calling'}}]
2026-03-24 16:59:45,133 - DEBUG - CaseID: 342 - expected_results: [{'name': 'vla_control', 'args': {'action': 'pause_straight_calling'}}]
2026-03-24 16:59:45,133 - DEBUG - CaseID: 342 - actual_results: [{'name': 'vla_control', 'args': {'action': 'pause_straight_calling'}}]
2026-03-24 16:59:45,133 - DEBUG - CaseID: 342 - expected_keys: {('vla_control', '{"action": "pause_straight_calling"}')}
2026-03-24 16:59:45,133 - DEBUG - CaseID: 342 - actual_keys: {('vla_control', '{"action": "pause_straight_calling"}')}
2026-03-24 16:59:45,133 - DEBUG - CaseID: 343 - parse_multi_results输入 - name_str: 'vla_control', args_str: '{"action":"cancel_straight_calling"}'
2026-03-24 16:59:45,133 - DEBUG - CaseID: 343 - parse_multi_results输出: [{'name': 'vla_control', 'args': {'action': 'cancel_straight_calling'}}]
2026-03-24 16:59:45,133 - DEBUG - CaseID: 343 - parse_multi_results输入 - name_str: 'vla_control', args_str: '{"action":"cancel_straight_calling"}'
2026-03-24 16:59:45,133 - DEBUG - CaseID: 343 - parse_multi_results输出: [{'name': 'vla_control', 'args': {'action': 'cancel_straight_calling'}}]
2026-03-24 16:59:45,133 - DEBUG - CaseID: 343 - expected_results: [{'name': 'vla_control', 'args': {'action': 'cancel_straight_calling'}}]
2026-03-24 16:59:45,133 - DEBUG - CaseID: 343 - actual_results: [{'name': 'vla_control', 'args': {'action': 'cancel_straight_calling'}}]
2026-03-24 16:59:45,133 - DEBUG - CaseID: 343 - expected_keys: {('vla_control', '{"action": "cancel_straight_calling"}')}
2026-03-24 16:59:45,133 - DEBUG - CaseID: 343 - actual_keys: {('vla_control', '{"action": "cancel_straight_calling"}')}
2026-03-24 16:59:45,133 - DEBUG - CaseID: 344 - parse_multi_results输入 - name_str: 'vla_control', args_str: '{"action":"cancel_straight_calling"}'
2026-03-24 16:59:45,133 - DEBUG - CaseID: 344 - parse_multi_results输出: [{'name': 'vla_control', 'args': {'action': 'cancel_straight_calling'}}]
2026-03-24 16:59:45,133 - DEBUG - CaseID: 344 - parse_multi_results输入 - name_str: 'vla_control', args_str: '{"action":"cancel_straight_calling"}'
2026-03-24 16:59:45,133 - DEBUG - CaseID: 344 - parse_multi_results输出: [{'name': 'vla_control', 'args': {'action': 'cancel_straight_calling'}}]
2026-03-24 16:59:45,133 - DEBUG - CaseID: 344 - expected_results: [{'name': 'vla_control', 'args': {'action': 'cancel_straight_calling'}}]
2026-03-24 16:59:45,133 - DEBUG - CaseID: 344 - actual_results: [{'name': 'vla_control', 'args': {'action': 'cancel_straight_calling'}}]
2026-03-24 16:59:45,133 - DEBUG - CaseID: 344 - expected_keys: {('vla_control', '{"action": "cancel_straight_calling"}')}
2026-03-24 16:59:45,134 - DEBUG - CaseID: 344 - actual_keys: {('vla_control', '{"action": "cancel_straight_calling"}')}
2026-03-24 16:59:45,134 - DEBUG - CaseID: 345 - parse_multi_results输入 - name_str: 'vla_control', args_str: '{"action":"steer","direction":"STRAIGHT","point_desc":{"subject":"10m"}}'
2026-03-24 16:59:45,134 - DEBUG - CaseID: 345 - parse_multi_results输出: [{'name': 'vla_control', 'args': {'action': 'steer', 'direction': 'STRAIGHT', 'point_desc': {'subject': '10m'}}}]
2026-03-24 16:59:45,134 - DEBUG - CaseID: 345 - parse_multi_results输入 - name_str: 'vla_control', args_str: '{"point_desc":{"subject":"10m"},"action":"steer","direction":"STRAIGHT"}'
2026-03-24 16:59:45,134 - DEBUG - CaseID: 345 - parse_multi_results输出: [{'name': 'vla_control', 'args': {'action': 'steer', 'direction': 'STRAIGHT', 'point_desc': {'subject': '10m'}}}]
2026-03-24 16:59:45,134 - DEBUG - CaseID: 345 - expected_results: [{'name': 'vla_control', 'args': {'action': 'steer', 'direction': 'STRAIGHT', 'point_desc': {'subject': '10m'}}}]
2026-03-24 16:59:45,134 - DEBUG - CaseID: 345 - actual_results: [{'name': 'vla_control', 'args': {'action': 'steer', 'direction': 'STRAIGHT', 'point_desc': {'subject': '10m'}}}]
2026-03-24 16:59:45,134 - DEBUG - CaseID: 345 - expected_keys: {('vla_control', '{"action": "steer", "direction": "STRAIGHT", "point_desc": {"subject": "10m"}}')}
2026-03-24 16:59:45,134 - DEBUG - CaseID: 345 - actual_keys: {('vla_control', '{"action": "steer", "direction": "STRAIGHT", "point_desc": {"subject": "10m"}}')}
2026-03-24 16:59:45,134 - DEBUG - CaseID: 346 - parse_multi_results输入 - name_str: 'vla_control', args_str: '{"action":"steer","direction":"BACKWARD","point_desc":{"subject":"10m"}}'
2026-03-24 16:59:45,134 - DEBUG - CaseID: 346 - parse_multi_results输出: [{'name': 'vla_control', 'args': {'action': 'steer', 'direction': 'BACKWARD', 'point_desc': {'subject': '10m'}}}]
2026-03-24 16:59:45,134 - DEBUG - CaseID: 346 - parse_multi_results输入 - name_str: 'vla_control', args_str: '{"point_desc":{"subject":"10m"},"action":"steer","direction":"BACKWARD"}'
2026-03-24 16:59:45,134 - DEBUG - CaseID: 346 - parse_multi_results输出: [{'name': 'vla_control', 'args': {'action': 'steer', 'direction': 'BACKWARD', 'point_desc': {'subject': '10m'}}}]
2026-03-24 16:59:45,134 - DEBUG - CaseID: 346 - expected_results: [{'name': 'vla_control', 'args': {'action': 'steer', 'direction': 'BACKWARD', 'point_desc': {'subject': '10m'}}}]
2026-03-24 16:59:45,134 - DEBUG - CaseID: 346 - actual_results: [{'name': 'vla_control', 'args': {'action': 'steer', 'direction': 'BACKWARD', 'point_desc': {'subject': '10m'}}}]
2026-03-24 16:59:45,134 - DEBUG - CaseID: 346 - expected_keys: {('vla_control', '{"action": "steer", "direction": "BACKWARD", "point_desc": {"subject": "10m"}}')}
2026-03-24 16:59:45,134 - DEBUG - CaseID: 346 - actual_keys: {('vla_control', '{"action": "steer", "direction": "BACKWARD", "point_desc": {"subject": "10m"}}')}
2026-03-24 16:59:45,134 - DEBUG - CaseID: 347 - parse_multi_results输入 - name_str: 'vla_control', args_str: '{"action":"resume_drive"}'
2026-03-24 16:59:45,134 - DEBUG - CaseID: 347 - parse_multi_results输出: [{'name': 'vla_control', 'args': {'action': 'resume_drive'}}]
2026-03-24 16:59:45,134 - DEBUG - CaseID: 347 - parse_multi_results输入 - name_str: 'vla_control', args_str: '{"action":"resume_drive"}'
2026-03-24 16:59:45,134 - DEBUG - CaseID: 347 - parse_multi_results输出: [{'name': 'vla_control', 'args': {'action': 'resume_drive'}}]
2026-03-24 16:59:45,134 - DEBUG - CaseID: 347 - expected_results: [{'name': 'vla_control', 'args': {'action': 'resume_drive'}}]
2026-03-24 16:59:45,134 - DEBUG - CaseID: 347 - actual_results: [{'name': 'vla_control', 'args': {'action': 'resume_drive'}}]
2026-03-24 16:59:45,134 - DEBUG - CaseID: 347 - expected_keys: {('vla_control', '{"action": "resume_drive"}')}
2026-03-24 16:59:45,134 - DEBUG - CaseID: 347 - actual_keys: {('vla_control', '{"action": "resume_drive"}')}
2026-03-24 16:59:45,134 - DEBUG - CaseID: 348 - parse_multi_results输入 - name_str: 'vla_control', args_str: '{"action":"resume_drive"}'
2026-03-24 16:59:45,134 - DEBUG - CaseID: 348 - parse_multi_results输出: [{'name': 'vla_control', 'args': {'action': 'resume_drive'}}]
2026-03-24 16:59:45,134 - DEBUG - CaseID: 348 - parse_multi_results输入 - name_str: '', args_str: ''
2026-03-24 16:59:45,134 - DEBUG - CaseID: 348 - parse_multi_results输出: []
2026-03-24 16:59:45,134 - DEBUG - CaseID: 348 - expected_results: [{'name': 'vla_control', 'args': {'action': 'resume_drive'}}]
2026-03-24 16:59:45,134 - DEBUG - CaseID: 348 - actual_results: []
2026-03-24 16:59:45,134 - ERROR - CaseID: 348
结果数量不匹配: 预期1个，实际0个
2026-03-24 16:59:45,134 - DEBUG - CaseID: 349 - parse_multi_results输入 - name_str: 'vla_control', args_str: '{"action":"resume_drive"}'
2026-03-24 16:59:45,134 - DEBUG - CaseID: 349 - parse_multi_results输出: [{'name': 'vla_control', 'args': {'action': 'resume_drive'}}]
2026-03-24 16:59:45,134 - DEBUG - CaseID: 349 - parse_multi_results输入 - name_str: 'playback_control', args_str: '{"action":"play"}'
2026-03-24 16:59:45,134 - DEBUG - CaseID: 349 - parse_multi_results输出: [{'name': 'playback_control', 'args': {'action': 'play'}}]
2026-03-24 16:59:45,134 - DEBUG - CaseID: 349 - expected_results: [{'name': 'vla_control', 'args': {'action': 'resume_drive'}}]
2026-03-24 16:59:45,134 - DEBUG - CaseID: 349 - actual_results: [{'name': 'playback_control', 'args': {'action': 'play'}}]
2026-03-24 16:59:45,134 - DEBUG - CaseID: 349 - expected_keys: {('vla_control', '{"action": "resume_drive"}')}
2026-03-24 16:59:45,134 - DEBUG - CaseID: 349 - actual_keys: {('playback_control', '{"action": "play"}')}
2026-03-24 16:59:45,135 - ERROR - CaseID: 349
实际结果缺少以下预期项：
  名称: vla_control, 参数: {"action": "resume_drive"}
实际结果多出以下非预期项：
  名称: playback_control, 参数: {"action": "play"}
2026-03-24 16:59:45,135 - DEBUG - CaseID: 350 - parse_multi_results输入 - name_str: 'vla_control', args_str: '{"action":"resume_drive"}'
2026-03-24 16:59:45,135 - DEBUG - CaseID: 350 - parse_multi_results输出: [{'name': 'vla_control', 'args': {'action': 'resume_drive'}}]
2026-03-24 16:59:45,135 - DEBUG - CaseID: 350 - parse_multi_results输入 - name_str: 'vla_control', args_str: '{"action":"resume_drive"}'
2026-03-24 16:59:45,135 - DEBUG - CaseID: 350 - parse_multi_results输出: [{'name': 'vla_control', 'args': {'action': 'resume_drive'}}]
2026-03-24 16:59:45,135 - DEBUG - CaseID: 350 - expected_results: [{'name': 'vla_control', 'args': {'action': 'resume_drive'}}]
2026-03-24 16:59:45,135 - DEBUG - CaseID: 350 - actual_results: [{'name': 'vla_control', 'args': {'action': 'resume_drive'}}]
2026-03-24 16:59:45,135 - DEBUG - CaseID: 350 - expected_keys: {('vla_control', '{"action": "resume_drive"}')}
2026-03-24 16:59:45,135 - DEBUG - CaseID: 350 - actual_keys: {('vla_control', '{"action": "resume_drive"}')}
2026-03-24 16:59:45,135 - DEBUG - CaseID: 351 - parse_multi_results输入 - name_str: 'vla_control', args_str: '{"action":"cancel_getoff_park", "position":"靠左"}'
2026-03-24 16:59:45,135 - DEBUG - CaseID: 351 - parse_multi_results输出: [{'name': 'vla_control', 'args': {'action': 'cancel_getoff_park', 'position': '靠左'}}]
2026-03-24 16:59:45,135 - DEBUG - CaseID: 351 - parse_multi_results输入 - name_str: 'vla_control', args_str: '{"action":"cancel_getoff_park","position":"靠左"}'
2026-03-24 16:59:45,135 - DEBUG - CaseID: 351 - parse_multi_results输出: [{'name': 'vla_control', 'args': {'action': 'cancel_getoff_park', 'position': '靠左'}}]
2026-03-24 16:59:45,135 - DEBUG - CaseID: 351 - expected_results: [{'name': 'vla_control', 'args': {'action': 'cancel_getoff_park', 'position': '靠左'}}]
2026-03-24 16:59:45,135 - DEBUG - CaseID: 351 - actual_results: [{'name': 'vla_control', 'args': {'action': 'cancel_getoff_park', 'position': '靠左'}}]
2026-03-24 16:59:45,135 - DEBUG - CaseID: 351 - expected_keys: {('vla_control', '{"action": "cancel_getoff_park", "position": "\\u9760\\u5de6"}')}
2026-03-24 16:59:45,135 - DEBUG - CaseID: 351 - actual_keys: {('vla_control', '{"action": "cancel_getoff_park", "position": "\\u9760\\u5de6"}')}
2026-03-24 16:59:45,135 - DEBUG - CaseID: 352 - parse_multi_results输入 - name_str: 'vla_control', args_str: '{"action":"cancel_getoff_park", "position":"靠右"}'
2026-03-24 16:59:45,135 - DEBUG - CaseID: 352 - parse_multi_results输出: [{'name': 'vla_control', 'args': {'action': 'cancel_getoff_park', 'position': '靠右'}}]
2026-03-24 16:59:45,135 - DEBUG - CaseID: 352 - parse_multi_results输入 - name_str: 'vla_control', args_str: '{"point_desc":{"parking_space":"hilens"},"action":"getoff_park","position":"靠右"}'
2026-03-24 16:59:45,135 - DEBUG - CaseID: 352 - parse_multi_results输出: [{'name': 'vla_control', 'args': {'action': 'getoff_park', 'point_desc': {'parking_space': 'hilens'}, 'position': '靠右'}}]
2026-03-24 16:59:45,135 - DEBUG - CaseID: 352 - expected_results: [{'name': 'vla_control', 'args': {'action': 'cancel_getoff_park', 'position': '靠右'}}]
2026-03-24 16:59:45,135 - DEBUG - CaseID: 352 - actual_results: [{'name': 'vla_control', 'args': {'action': 'getoff_park', 'point_desc': {'parking_space': 'hilens'}, 'position': '靠右'}}]
2026-03-24 16:59:45,135 - DEBUG - CaseID: 352 - expected_keys: {('vla_control', '{"action": "cancel_getoff_park", "position": "\\u9760\\u53f3"}')}
2026-03-24 16:59:45,135 - DEBUG - CaseID: 352 - actual_keys: {('vla_control', '{"action": "getoff_park", "point_desc": {"parking_space": "hilens"}, "position": "\\u9760\\u53f3"}')}
2026-03-24 16:59:45,135 - ERROR - CaseID: 352
实际结果缺少以下预期项：
  名称: vla_control, 参数: {"action": "cancel_getoff_park", "position": "\u9760\u53f3"}
实际结果多出以下非预期项：
  名称: vla_control, 参数: {"action": "getoff_park", "point_desc": {"parking_space": "hilens"}, "position": "\u9760\u53f3"}
2026-03-24 16:59:45,135 - DEBUG - CaseID: 353 - parse_multi_results输入 - name_str: 'vla_control', args_str: '{"action":"cancel_park_in", "point_desc":{"parking_space":"车位"}, "position":"靠左"}'
2026-03-24 16:59:45,135 - DEBUG - CaseID: 353 - parse_multi_results输出: [{'name': 'vla_control', 'args': {'action': 'cancel_park_in', 'point_desc': {'parking_space': '车位'}, 'position': '靠左'}}]
2026-03-24 16:59:45,135 - DEBUG - CaseID: 353 - parse_multi_results输入 - name_str: 'vla_control', args_str: '{"point_desc":{"parking_space":"车位"},"action":"cancel_park_in","position":"靠左"}'
2026-03-24 16:59:45,135 - DEBUG - CaseID: 353 - parse_multi_results输出: [{'name': 'vla_control', 'args': {'action': 'cancel_park_in', 'point_desc': {'parking_space': '车位'}, 'position': '靠左'}}]
2026-03-24 16:59:45,135 - DEBUG - CaseID: 353 - expected_results: [{'name': 'vla_control', 'args': {'action': 'cancel_park_in', 'point_desc': {'parking_space': '车位'}, 'position': '靠左'}}]
2026-03-24 16:59:45,135 - DEBUG - CaseID: 353 - actual_results: [{'name': 'vla_control', 'args': {'action': 'cancel_park_in', 'point_desc': {'parking_space': '车位'}, 'position': '靠左'}}]
2026-03-24 16:59:45,135 - DEBUG - CaseID: 353 - expected_keys: {('vla_control', '{"action": "cancel_park_in", "point_desc": {"parking_space": "\\u8f66\\u4f4d"}, "position": "\\u9760\\u5de6"}')}
2026-03-24 16:59:45,135 - DEBUG - CaseID: 353 - actual_keys: {('vla_control', '{"action": "cancel_park_in", "point_desc": {"parking_space": "\\u8f66\\u4f4d"}, "position": "\\u9760\\u5de6"}')}
2026-03-24 16:59:45,135 - DEBUG - CaseID: 354 - parse_multi_results输入 - name_str: 'vla_control', args_str: '{"action":"cancel_park_in", "point_desc":{"parking_space":"车位"}, "position":"靠右"}'
2026-03-24 16:59:45,136 - DEBUG - CaseID: 354 - parse_multi_results输出: [{'name': 'vla_control', 'args': {'action': 'cancel_park_in', 'point_desc': {'parking_space': '车位'}, 'position': '靠右'}}]
2026-03-24 16:59:45,136 - DEBUG - CaseID: 354 - parse_multi_results输入 - name_str: 'vla_control', args_str: '{"point_desc":{"parking_space":"车位"},"action":"cancel_park_in","position":"靠右"}'
2026-03-24 16:59:45,136 - DEBUG - CaseID: 354 - parse_multi_results输出: [{'name': 'vla_control', 'args': {'action': 'cancel_park_in', 'point_desc': {'parking_space': '车位'}, 'position': '靠右'}}]
2026-03-24 16:59:45,136 - DEBUG - CaseID: 354 - expected_results: [{'name': 'vla_control', 'args': {'action': 'cancel_park_in', 'point_desc': {'parking_space': '车位'}, 'position': '靠右'}}]
2026-03-24 16:59:45,136 - DEBUG - CaseID: 354 - actual_results: [{'name': 'vla_control', 'args': {'action': 'cancel_park_in', 'point_desc': {'parking_space': '车位'}, 'position': '靠右'}}]
2026-03-24 16:59:45,136 - DEBUG - CaseID: 354 - expected_keys: {('vla_control', '{"action": "cancel_park_in", "point_desc": {"parking_space": "\\u8f66\\u4f4d"}, "position": "\\u9760\\u53f3"}')}
2026-03-24 16:59:45,136 - DEBUG - CaseID: 354 - actual_keys: {('vla_control', '{"action": "cancel_park_in", "point_desc": {"parking_space": "\\u8f66\\u4f4d"}, "position": "\\u9760\\u53f3"}')}
2026-03-24 16:59:45,136 - DEBUG - CaseID: 355 - parse_multi_results输入 - name_str: 'vla_control', args_str: '{"action":"cancel_navigate", "point_desc":{"parking_space":"车位"}, "position":"靠左"}'
2026-03-24 16:59:45,136 - DEBUG - CaseID: 355 - parse_multi_results输出: [{'name': 'vla_control', 'args': {'action': 'cancel_navigate', 'point_desc': {'parking_space': '车位'}, 'position': '靠左'}}]
2026-03-24 16:59:45,136 - DEBUG - CaseID: 355 - parse_multi_results输入 - name_str: 'vla_control', args_str: '{"point_desc":{"parking_space":"车位"},"action":"navigate","position":"靠左"}'
2026-03-24 16:59:45,136 - DEBUG - CaseID: 355 - parse_multi_results输出: [{'name': 'vla_control', 'args': {'action': 'navigate', 'point_desc': {'parking_space': '车位'}, 'position': '靠左'}}]
2026-03-24 16:59:45,136 - DEBUG - CaseID: 355 - expected_results: [{'name': 'vla_control', 'args': {'action': 'cancel_navigate', 'point_desc': {'parking_space': '车位'}, 'position': '靠左'}}]
2026-03-24 16:59:45,136 - DEBUG - CaseID: 355 - actual_results: [{'name': 'vla_control', 'args': {'action': 'navigate', 'point_desc': {'parking_space': '车位'}, 'position': '靠左'}}]
2026-03-24 16:59:45,136 - DEBUG - CaseID: 355 - expected_keys: {('vla_control', '{"action": "cancel_navigate", "point_desc": {"parking_space": "\\u8f66\\u4f4d"}, "position": "\\u9760\\u5de6"}')}
2026-03-24 16:59:45,136 - DEBUG - CaseID: 355 - actual_keys: {('vla_control', '{"action": "navigate", "point_desc": {"parking_space": "\\u8f66\\u4f4d"}, "position": "\\u9760\\u5de6"}')}
2026-03-24 16:59:45,136 - ERROR - CaseID: 355
实际结果缺少以下预期项：
  名称: vla_control, 参数: {"action": "cancel_navigate", "point_desc": {"parking_space": "\u8f66\u4f4d"}, "position": "\u9760\u5de6"}
实际结果多出以下非预期项：
  名称: vla_control, 参数: {"action": "navigate", "point_desc": {"parking_space": "\u8f66\u4f4d"}, "position": "\u9760\u5de6"}
2026-03-24 16:59:45,136 - DEBUG - CaseID: 356 - parse_multi_results输入 - name_str: 'vla_control', args_str: '{"action":"cancel_navigate", "point_desc":{"parking_space":"车位"}, "position":"靠右"}'
2026-03-24 16:59:45,136 - DEBUG - CaseID: 356 - parse_multi_results输出: [{'name': 'vla_control', 'args': {'action': 'cancel_navigate', 'point_desc': {'parking_space': '车位'}, 'position': '靠右'}}]
2026-03-24 16:59:45,136 - DEBUG - CaseID: 356 - parse_multi_results输入 - name_str: 'vla_control', args_str: '{"point_desc":{"parking_space":"车位"},"action":"cancel_navigate","position":"靠右"}'
2026-03-24 16:59:45,136 - DEBUG - CaseID: 356 - parse_multi_results输出: [{'name': 'vla_control', 'args': {'action': 'cancel_navigate', 'point_desc': {'parking_space': '车位'}, 'position': '靠右'}}]
2026-03-24 16:59:45,136 - DEBUG - CaseID: 356 - expected_results: [{'name': 'vla_control', 'args': {'action': 'cancel_navigate', 'point_desc': {'parking_space': '车位'}, 'position': '靠右'}}]
2026-03-24 16:59:45,136 - DEBUG - CaseID: 356 - actual_results: [{'name': 'vla_control', 'args': {'action': 'cancel_navigate', 'point_desc': {'parking_space': '车位'}, 'position': '靠右'}}]
2026-03-24 16:59:45,136 - DEBUG - CaseID: 356 - expected_keys: {('vla_control', '{"action": "cancel_navigate", "point_desc": {"parking_space": "\\u8f66\\u4f4d"}, "position": "\\u9760\\u53f3"}')}
2026-03-24 16:59:45,136 - DEBUG - CaseID: 356 - actual_keys: {('vla_control', '{"action": "cancel_navigate", "point_desc": {"parking_space": "\\u8f66\\u4f4d"}, "position": "\\u9760\\u53f3"}')}
2026-03-24 16:59:45,136 - DEBUG - CaseID: 357 - parse_multi_results输入 - name_str: 'vla_control', args_str: '{"action":"cancel_park", "position":"靠左"}'
2026-03-24 16:59:45,136 - DEBUG - CaseID: 357 - parse_multi_results输出: [{'name': 'vla_control', 'args': {'action': 'cancel_park', 'position': '靠左'}}]
2026-03-24 16:59:45,136 - DEBUG - CaseID: 357 - parse_multi_results输入 - name_str: 'vla_control', args_str: '{"point_desc":{"parking_space":"车位"},"action":"cancel_park","position":"靠左"}'
2026-03-24 16:59:45,136 - DEBUG - CaseID: 357 - parse_multi_results输出: [{'name': 'vla_control', 'args': {'action': 'cancel_park', 'point_desc': {'parking_space': '车位'}, 'position': '靠左'}}]
2026-03-24 16:59:45,136 - DEBUG - CaseID: 357 - expected_results: [{'name': 'vla_control', 'args': {'action': 'cancel_park', 'position': '靠左'}}]
2026-03-24 16:59:45,136 - DEBUG - CaseID: 357 - actual_results: [{'name': 'vla_control', 'args': {'action': 'cancel_park', 'point_desc': {'parking_space': '车位'}, 'position': '靠左'}}]
2026-03-24 16:59:45,136 - DEBUG - CaseID: 357 - expected_keys: {('vla_control', '{"action": "cancel_park", "position": "\\u9760\\u5de6"}')}
2026-03-24 16:59:45,136 - DEBUG - CaseID: 357 - actual_keys: {('vla_control', '{"action": "cancel_park", "point_desc": {"parking_space": "\\u8f66\\u4f4d"}, "position": "\\u9760\\u5de6"}')}
2026-03-24 16:59:45,136 - ERROR - CaseID: 357
实际结果缺少以下预期项：
  名称: vla_control, 参数: {"action": "cancel_park", "position": "\u9760\u5de6"}
实际结果多出以下非预期项：
  名称: vla_control, 参数: {"action": "cancel_park", "point_desc": {"parking_space": "\u8f66\u4f4d"}, "position": "\u9760\u5de6"}
2026-03-24 16:59:45,136 - DEBUG - CaseID: 358 - parse_multi_results输入 - name_str: 'vla_control', args_str: '{"action":"cancel_park", "position":"靠右"}'
2026-03-24 16:59:45,136 - DEBUG - CaseID: 358 - parse_multi_results输出: [{'name': 'vla_control', 'args': {'action': 'cancel_park', 'position': '靠右'}}]
2026-03-24 16:59:45,136 - DEBUG - CaseID: 358 - parse_multi_results输入 - name_str: 'vla_control', args_str: '{"point_desc":{"position":"靠右"},"action":"cancel_park","position":"右"}'
2026-03-24 16:59:45,136 - DEBUG - CaseID: 358 - parse_multi_results输出: [{'name': 'vla_control', 'args': {'action': 'cancel_park', 'point_desc': {'position': '靠右'}, 'position': '右'}}]
2026-03-24 16:59:45,136 - DEBUG - CaseID: 358 - expected_results: [{'name': 'vla_control', 'args': {'action': 'cancel_park', 'position': '靠右'}}]
2026-03-24 16:59:45,137 - DEBUG - CaseID: 358 - actual_results: [{'name': 'vla_control', 'args': {'action': 'cancel_park', 'point_desc': {'position': '靠右'}, 'position': '右'}}]
2026-03-24 16:59:45,137 - DEBUG - CaseID: 358 - expected_keys: {('vla_control', '{"action": "cancel_park", "position": "\\u9760\\u53f3"}')}
2026-03-24 16:59:45,137 - DEBUG - CaseID: 358 - actual_keys: {('vla_control', '{"action": "cancel_park", "point_desc": {"position": "\\u9760\\u53f3"}, "position": "\\u53f3"}')}
2026-03-24 16:59:45,137 - ERROR - CaseID: 358
实际结果缺少以下预期项：
  名称: vla_control, 参数: {"action": "cancel_park", "position": "\u9760\u53f3"}
实际结果多出以下非预期项：
  名称: vla_control, 参数: {"action": "cancel_park", "point_desc": {"position": "\u9760\u53f3"}, "position": "\u53f3"}
2026-03-24 16:59:45,137 - DEBUG - CaseID: 359 - parse_multi_results输入 - name_str: 'vla_control', args_str: '{"action":"cancel_navigate","direction":"OUT"}'
2026-03-24 16:59:45,137 - DEBUG - CaseID: 359 - parse_multi_results输出: [{'name': 'vla_control', 'args': {'action': 'cancel_navigate', 'direction': 'OUT'}}]
2026-03-24 16:59:45,137 - DEBUG - CaseID: 359 - parse_multi_results输入 - name_str: 'vla_control', args_str: '{"action":"cancel_navigate","direction":"OUT"}'
2026-03-24 16:59:45,137 - DEBUG - CaseID: 359 - parse_multi_results输出: [{'name': 'vla_control', 'args': {'action': 'cancel_navigate', 'direction': 'OUT'}}]
2026-03-24 16:59:45,137 - DEBUG - CaseID: 359 - expected_results: [{'name': 'vla_control', 'args': {'action': 'cancel_navigate', 'direction': 'OUT'}}]
2026-03-24 16:59:45,137 - DEBUG - CaseID: 359 - actual_results: [{'name': 'vla_control', 'args': {'action': 'cancel_navigate', 'direction': 'OUT'}}]
2026-03-24 16:59:45,137 - DEBUG - CaseID: 359 - expected_keys: {('vla_control', '{"action": "cancel_navigate", "direction": "OUT"}')}
2026-03-24 16:59:45,137 - DEBUG - CaseID: 359 - actual_keys: {('vla_control', '{"action": "cancel_navigate", "direction": "OUT"}')}
2026-03-24 16:59:45,137 - DEBUG - CaseID: 360 - parse_multi_results输入 - name_str: 'vla_control', args_str: '{"action":"cancel_navigate","direction":"OUT"}'
2026-03-24 16:59:45,137 - DEBUG - CaseID: 360 - parse_multi_results输出: [{'name': 'vla_control', 'args': {'action': 'cancel_navigate', 'direction': 'OUT'}}]
2026-03-24 16:59:45,137 - DEBUG - CaseID: 360 - parse_multi_results输入 - name_str: '', args_str: ''
2026-03-24 16:59:45,137 - DEBUG - CaseID: 360 - parse_multi_results输出: []
2026-03-24 16:59:45,137 - DEBUG - CaseID: 360 - expected_results: [{'name': 'vla_control', 'args': {'action': 'cancel_navigate', 'direction': 'OUT'}}]
2026-03-24 16:59:45,137 - DEBUG - CaseID: 360 - actual_results: []
2026-03-24 16:59:45,137 - ERROR - CaseID: 360
结果数量不匹配: 预期1个，实际0个
2026-03-24 16:59:45,137 - DEBUG - CaseID: 361 - parse_multi_results输入 - name_str: 'vla_control', args_str: '{"action":"cancel_park_out"}'
2026-03-24 16:59:45,137 - DEBUG - CaseID: 361 - parse_multi_results输出: [{'name': 'vla_control', 'args': {'action': 'cancel_park_out'}}]
2026-03-24 16:59:45,137 - DEBUG - CaseID: 361 - parse_multi_results输入 - name_str: 'playback_control', args_str: '{"action":"unsupport"}'
2026-03-24 16:59:45,137 - DEBUG - CaseID: 361 - parse_multi_results输出: [{'name': 'playback_control', 'args': {'action': 'unsupport'}}]
2026-03-24 16:59:45,137 - DEBUG - CaseID: 361 - expected_results: [{'name': 'vla_control', 'args': {'action': 'cancel_park_out'}}]
2026-03-24 16:59:45,137 - DEBUG - CaseID: 361 - actual_results: [{'name': 'playback_control', 'args': {'action': 'unsupport'}}]
2026-03-24 16:59:45,137 - DEBUG - CaseID: 361 - expected_keys: {('vla_control', '{"action": "cancel_park_out"}')}
2026-03-24 16:59:45,137 - DEBUG - CaseID: 361 - actual_keys: {('playback_control', '{"action": "unsupport"}')}
2026-03-24 16:59:45,137 - ERROR - CaseID: 361
实际结果缺少以下预期项：
  名称: vla_control, 参数: {"action": "cancel_park_out"}
实际结果多出以下非预期项：
  名称: playback_control, 参数: {"action": "unsupport"}
2026-03-24 16:59:45,137 - DEBUG - CaseID: 362 - parse_multi_results输入 - name_str: 'vla_control', args_str: '{"action":"cancel_park_out"}'
2026-03-24 16:59:45,137 - DEBUG - CaseID: 362 - parse_multi_results输出: [{'name': 'vla_control', 'args': {'action': 'cancel_park_out'}}]
2026-03-24 16:59:45,137 - DEBUG - CaseID: 362 - parse_multi_results输入 - name_str: 'playback_control', args_str: '{"action":"pause"}'
2026-03-24 16:59:45,137 - DEBUG - CaseID: 362 - parse_multi_results输出: [{'name': 'playback_control', 'args': {'action': 'pause'}}]
2026-03-24 16:59:45,137 - DEBUG - CaseID: 362 - expected_results: [{'name': 'vla_control', 'args': {'action': 'cancel_park_out'}}]
2026-03-24 16:59:45,137 - DEBUG - CaseID: 362 - actual_results: [{'name': 'playback_control', 'args': {'action': 'pause'}}]
2026-03-24 16:59:45,137 - DEBUG - CaseID: 362 - expected_keys: {('vla_control', '{"action": "cancel_park_out"}')}
2026-03-24 16:59:45,137 - DEBUG - CaseID: 362 - actual_keys: {('playback_control', '{"action": "pause"}')}
2026-03-24 16:59:45,137 - ERROR - CaseID: 362
实际结果缺少以下预期项：
  名称: vla_control, 参数: {"action": "cancel_park_out"}
实际结果多出以下非预期项：
  名称: playback_control, 参数: {"action": "pause"}
2026-03-24 16:59:45,137 - DEBUG - CaseID: 363 - parse_multi_results输入 - name_str: 'vla_control', args_str: '{"action":"cancel_navigate","direction":"OUT","position":"左"}'
2026-03-24 16:59:45,137 - DEBUG - CaseID: 363 - parse_multi_results输出: [{'name': 'vla_control', 'args': {'action': 'cancel_navigate', 'direction': 'OUT', 'position': '左'}}]
2026-03-24 16:59:45,137 - DEBUG - CaseID: 363 - parse_multi_results输入 - name_str: 'vla_control', args_str: '{"action":"cancel_navigate","position":"左","direction":"OUT"}'
2026-03-24 16:59:45,138 - DEBUG - CaseID: 363 - parse_multi_results输出: [{'name': 'vla_control', 'args': {'action': 'cancel_navigate', 'direction': 'OUT', 'position': '左'}}]
2026-03-24 16:59:45,138 - DEBUG - CaseID: 363 - expected_results: [{'name': 'vla_control', 'args': {'action': 'cancel_navigate', 'direction': 'OUT', 'position': '左'}}]
2026-03-24 16:59:45,138 - DEBUG - CaseID: 363 - actual_results: [{'name': 'vla_control', 'args': {'action': 'cancel_navigate', 'direction': 'OUT', 'position': '左'}}]
2026-03-24 16:59:45,138 - DEBUG - CaseID: 363 - expected_keys: {('vla_control', '{"action": "cancel_navigate", "direction": "OUT", "position": "\\u5de6"}')}
2026-03-24 16:59:45,138 - DEBUG - CaseID: 363 - actual_keys: {('vla_control', '{"action": "cancel_navigate", "direction": "OUT", "position": "\\u5de6"}')}
2026-03-24 16:59:45,138 - DEBUG - CaseID: 364 - parse_multi_results输入 - name_str: 'vla_control', args_str: '{"action":"cancel_navigate","direction":"OUT","position":"右"}'
2026-03-24 16:59:45,138 - DEBUG - CaseID: 364 - parse_multi_results输出: [{'name': 'vla_control', 'args': {'action': 'cancel_navigate', 'direction': 'OUT', 'position': '右'}}]
2026-03-24 16:59:45,138 - DEBUG - CaseID: 364 - parse_multi_results输入 - name_str: 'vla_control', args_str: '{"action":"navigate","position":"右","direction":"OUT"}'
2026-03-24 16:59:45,138 - DEBUG - CaseID: 364 - parse_multi_results输出: [{'name': 'vla_control', 'args': {'action': 'navigate', 'direction': 'OUT', 'position': '右'}}]
2026-03-24 16:59:45,138 - DEBUG - CaseID: 364 - expected_results: [{'name': 'vla_control', 'args': {'action': 'cancel_navigate', 'direction': 'OUT', 'position': '右'}}]
2026-03-24 16:59:45,138 - DEBUG - CaseID: 364 - actual_results: [{'name': 'vla_control', 'args': {'action': 'navigate', 'direction': 'OUT', 'position': '右'}}]
2026-03-24 16:59:45,138 - DEBUG - CaseID: 364 - expected_keys: {('vla_control', '{"action": "cancel_navigate", "direction": "OUT", "position": "\\u53f3"}')}
2026-03-24 16:59:45,138 - DEBUG - CaseID: 364 - actual_keys: {('vla_control', '{"action": "navigate", "direction": "OUT", "position": "\\u53f3"}')}
2026-03-24 16:59:45,138 - ERROR - CaseID: 364
实际结果缺少以下预期项：
  名称: vla_control, 参数: {"action": "cancel_navigate", "direction": "OUT", "position": "\u53f3"}
实际结果多出以下非预期项：
  名称: vla_control, 参数: {"action": "navigate", "direction": "OUT", "position": "\u53f3"}
2026-03-24 16:59:45,138 - DEBUG - CaseID: 365 - parse_multi_results输入 - name_str: 'vla_control', args_str: '{"action":"cancel_navigate","direction":"OUT","point_desc":{"parking_space":"车位"},"position":"左前"}'
2026-03-24 16:59:45,138 - DEBUG - CaseID: 365 - parse_multi_results输出: [{'name': 'vla_control', 'args': {'action': 'cancel_navigate', 'direction': 'OUT', 'point_desc': {'parking_space': '车位'}, 'position': '左前'}}]
2026-03-24 16:59:45,138 - DEBUG - CaseID: 365 - parse_multi_results输入 - name_str: 'vla_control', args_str: '{"point_desc":{"parking_space":"车位"},"action":"navigate","position":"左前","direction":"OUT"}'
2026-03-24 16:59:45,138 - DEBUG - CaseID: 365 - parse_multi_results输出: [{'name': 'vla_control', 'args': {'action': 'navigate', 'direction': 'OUT', 'point_desc': {'parking_space': '车位'}, 'position': '左前'}}]
2026-03-24 16:59:45,138 - DEBUG - CaseID: 365 - expected_results: [{'name': 'vla_control', 'args': {'action': 'cancel_navigate', 'direction': 'OUT', 'point_desc': {'parking_space': '车位'}, 'position': '左前'}}]
2026-03-24 16:59:45,138 - DEBUG - CaseID: 365 - actual_results: [{'name': 'vla_control', 'args': {'action': 'navigate', 'direction': 'OUT', 'point_desc': {'parking_space': '车位'}, 'position': '左前'}}]
2026-03-24 16:59:45,138 - DEBUG - CaseID: 365 - expected_keys: {('vla_control', '{"action": "cancel_navigate", "direction": "OUT", "point_desc": {"parking_space": "\\u8f66\\u4f4d"}, "position": "\\u5de6\\u524d"}')}
2026-03-24 16:59:45,138 - DEBUG - CaseID: 365 - actual_keys: {('vla_control', '{"action": "navigate", "direction": "OUT", "point_desc": {"parking_space": "\\u8f66\\u4f4d"}, "position": "\\u5de6\\u524d"}')}
2026-03-24 16:59:45,138 - ERROR - CaseID: 365
实际结果缺少以下预期项：
  名称: vla_control, 参数: {"action": "cancel_navigate", "direction": "OUT", "point_desc": {"parking_space": "\u8f66\u4f4d"}, "position": "\u5de6\u524d"}
实际结果多出以下非预期项：
  名称: vla_control, 参数: {"action": "navigate", "direction": "OUT", "point_desc": {"parking_space": "\u8f66\u4f4d"}, "position": "\u5de6\u524d"}
2026-03-24 16:59:45,138 - DEBUG - CaseID: 366 - parse_multi_results输入 - name_str: 'vla_control', args_str: '{"action":"cancel_navigate","direction":"OUT","point_desc":{"parking_space":"车位"},"position":"右"}'
2026-03-24 16:59:45,138 - DEBUG - CaseID: 366 - parse_multi_results输出: [{'name': 'vla_control', 'args': {'action': 'cancel_navigate', 'direction': 'OUT', 'point_desc': {'parking_space': '车位'}, 'position': '右'}}]
2026-03-24 16:59:45,138 - DEBUG - CaseID: 366 - parse_multi_results输入 - name_str: 'vla_control', args_str: '{"point_desc":{"parking_space":"车位"},"action":"cancel_navigate","position":"右","direction":"OUT"}'
2026-03-24 16:59:45,138 - DEBUG - CaseID: 366 - parse_multi_results输出: [{'name': 'vla_control', 'args': {'action': 'cancel_navigate', 'direction': 'OUT', 'point_desc': {'parking_space': '车位'}, 'position': '右'}}]
2026-03-24 16:59:45,138 - DEBUG - CaseID: 366 - expected_results: [{'name': 'vla_control', 'args': {'action': 'cancel_navigate', 'direction': 'OUT', 'point_desc': {'parking_space': '车位'}, 'position': '右'}}]
2026-03-24 16:59:45,138 - DEBUG - CaseID: 366 - actual_results: [{'name': 'vla_control', 'args': {'action': 'cancel_navigate', 'direction': 'OUT', 'point_desc': {'parking_space': '车位'}, 'position': '右'}}]
2026-03-24 16:59:45,138 - DEBUG - CaseID: 366 - expected_keys: {('vla_control', '{"action": "cancel_navigate", "direction": "OUT", "point_desc": {"parking_space": "\\u8f66\\u4f4d"}, "position": "\\u53f3"}')}
2026-03-24 16:59:45,138 - DEBUG - CaseID: 366 - actual_keys: {('vla_control', '{"action": "cancel_navigate", "direction": "OUT", "point_desc": {"parking_space": "\\u8f66\\u4f4d"}, "position": "\\u53f3"}')}
2026-03-24 16:59:45,138 - DEBUG - CaseID: 367 - parse_multi_results输入 - name_str: 'vla_control', args_str: '{"action":"cancel_navigate","direction":"OUT","point_desc":{"parking_space":"车位"},"position":"左前"}'
2026-03-24 16:59:45,138 - DEBUG - CaseID: 367 - parse_multi_results输出: [{'name': 'vla_control', 'args': {'action': 'cancel_navigate', 'direction': 'OUT', 'point_desc': {'parking_space': '车位'}, 'position': '左前'}}]
2026-03-24 16:59:45,138 - DEBUG - CaseID: 367 - parse_multi_results输入 - name_str: 'vla_control', args_str: '{"point_desc":{"parking_space":"车位"},"action":"cancel_navigate","position":"左前","direction":"OUT"}'
2026-03-24 16:59:45,138 - DEBUG - CaseID: 367 - parse_multi_results输出: [{'name': 'vla_control', 'args': {'action': 'cancel_navigate', 'direction': 'OUT', 'point_desc': {'parking_space': '车位'}, 'position': '左前'}}]
2026-03-24 16:59:45,138 - DEBUG - CaseID: 367 - expected_results: [{'name': 'vla_control', 'args': {'action': 'cancel_navigate', 'direction': 'OUT', 'point_desc': {'parking_space': '车位'}, 'position': '左前'}}]
2026-03-24 16:59:45,138 - DEBUG - CaseID: 367 - actual_results: [{'name': 'vla_control', 'args': {'action': 'cancel_navigate', 'direction': 'OUT', 'point_desc': {'parking_space': '车位'}, 'position': '左前'}}]
2026-03-24 16:59:45,138 - DEBUG - CaseID: 367 - expected_keys: {('vla_control', '{"action": "cancel_navigate", "direction": "OUT", "point_desc": {"parking_space": "\\u8f66\\u4f4d"}, "position": "\\u5de6\\u524d"}')}
2026-03-24 16:59:45,139 - DEBUG - CaseID: 367 - actual_keys: {('vla_control', '{"action": "cancel_navigate", "direction": "OUT", "point_desc": {"parking_space": "\\u8f66\\u4f4d"}, "position": "\\u5de6\\u524d"}')}
2026-03-24 16:59:45,139 - DEBUG - CaseID: 368 - parse_multi_results输入 - name_str: 'vla_control', args_str: '{"action":"cancel_getoff_park"}'
2026-03-24 16:59:45,139 - DEBUG - CaseID: 368 - parse_multi_results输出: [{'name': 'vla_control', 'args': {'action': 'cancel_getoff_park'}}]
2026-03-24 16:59:45,139 - DEBUG - CaseID: 368 - parse_multi_results输入 - name_str: 'vla_control', args_str: '{"action":"cancel_getoff_park","position":"靠中"}'
2026-03-24 16:59:45,139 - DEBUG - CaseID: 368 - parse_multi_results输出: [{'name': 'vla_control', 'args': {'action': 'cancel_getoff_park', 'position': '靠中'}}]
2026-03-24 16:59:45,139 - DEBUG - CaseID: 368 - expected_results: [{'name': 'vla_control', 'args': {'action': 'cancel_getoff_park'}}]
2026-03-24 16:59:45,139 - DEBUG - CaseID: 368 - actual_results: [{'name': 'vla_control', 'args': {'action': 'cancel_getoff_park', 'position': '靠中'}}]
2026-03-24 16:59:45,139 - DEBUG - CaseID: 368 - expected_keys: {('vla_control', '{"action": "cancel_getoff_park"}')}
2026-03-24 16:59:45,139 - DEBUG - CaseID: 368 - actual_keys: {('vla_control', '{"action": "cancel_getoff_park", "position": "\\u9760\\u4e2d"}')}
2026-03-24 16:59:45,139 - ERROR - CaseID: 368
实际结果缺少以下预期项：
  名称: vla_control, 参数: {"action": "cancel_getoff_park"}
实际结果多出以下非预期项：
  名称: vla_control, 参数: {"action": "cancel_getoff_park", "position": "\u9760\u4e2d"}
2026-03-24 16:59:45,139 - DEBUG - CaseID: 369 - parse_multi_results输入 - name_str: 'vla_control', args_str: '{"action":"cancel_getoff_park"}'
2026-03-24 16:59:45,139 - DEBUG - CaseID: 369 - parse_multi_results输出: [{'name': 'vla_control', 'args': {'action': 'cancel_getoff_park'}}]
2026-03-24 16:59:45,139 - DEBUG - CaseID: 369 - parse_multi_results输入 - name_str: 'vla_control', args_str: '{"point_desc":{"subject":"李维斯"},"action":"getoff_park"}'
2026-03-24 16:59:45,139 - DEBUG - CaseID: 369 - parse_multi_results输出: [{'name': 'vla_control', 'args': {'action': 'getoff_park', 'point_desc': {'subject': '李维斯'}}}]
2026-03-24 16:59:45,139 - DEBUG - CaseID: 369 - expected_results: [{'name': 'vla_control', 'args': {'action': 'cancel_getoff_park'}}]
2026-03-24 16:59:45,139 - DEBUG - CaseID: 369 - actual_results: [{'name': 'vla_control', 'args': {'action': 'getoff_park', 'point_desc': {'subject': '李维斯'}}}]
2026-03-24 16:59:45,139 - DEBUG - CaseID: 369 - expected_keys: {('vla_control', '{"action": "cancel_getoff_park"}')}
2026-03-24 16:59:45,139 - DEBUG - CaseID: 369 - actual_keys: {('vla_control', '{"action": "getoff_park", "point_desc": {"subject": "\\u674e\\u7ef4\\u65af"}}')}
2026-03-24 16:59:45,139 - ERROR - CaseID: 369
实际结果缺少以下预期项：
  名称: vla_control, 参数: {"action": "cancel_getoff_park"}
实际结果多出以下非预期项：
  名称: vla_control, 参数: {"action": "getoff_park", "point_desc": {"subject": "\u674e\u7ef4\u65af"}}
2026-03-24 16:59:45,139 - DEBUG - CaseID: 370 - parse_multi_results输入 - name_str: 'vla_control', args_str: '{"action":"cancel_park", "point_desc":{"parking_space":"车位"}}'
2026-03-24 16:59:45,139 - DEBUG - CaseID: 370 - parse_multi_results输出: [{'name': 'vla_control', 'args': {'action': 'cancel_park', 'point_desc': {'parking_space': '车位'}}}]
2026-03-24 16:59:45,139 - DEBUG - CaseID: 370 - parse_multi_results输入 - name_str: 'vla_control', args_str: '{"point_desc":{"parking_space":"车位"},"action":"cancel_park"}'
2026-03-24 16:59:45,139 - DEBUG - CaseID: 370 - parse_multi_results输出: [{'name': 'vla_control', 'args': {'action': 'cancel_park', 'point_desc': {'parking_space': '车位'}}}]
2026-03-24 16:59:45,139 - DEBUG - CaseID: 370 - expected_results: [{'name': 'vla_control', 'args': {'action': 'cancel_park', 'point_desc': {'parking_space': '车位'}}}]
2026-03-24 16:59:45,139 - DEBUG - CaseID: 370 - actual_results: [{'name': 'vla_control', 'args': {'action': 'cancel_park', 'point_desc': {'parking_space': '车位'}}}]
2026-03-24 16:59:45,139 - DEBUG - CaseID: 370 - expected_keys: {('vla_control', '{"action": "cancel_park", "point_desc": {"parking_space": "\\u8f66\\u4f4d"}}')}
2026-03-24 16:59:45,139 - DEBUG - CaseID: 370 - actual_keys: {('vla_control', '{"action": "cancel_park", "point_desc": {"parking_space": "\\u8f66\\u4f4d"}}')}
2026-03-24 16:59:45,139 - DEBUG - CaseID: 371 - parse_multi_results输入 - name_str: 'vla_control', args_str: '{"action":"cancel_park", "point_desc":{"parking_space":"车位"}}'
2026-03-24 16:59:45,139 - DEBUG - CaseID: 371 - parse_multi_results输出: [{'name': 'vla_control', 'args': {'action': 'cancel_park', 'point_desc': {'parking_space': '车位'}}}]
2026-03-24 16:59:45,139 - DEBUG - CaseID: 371 - parse_multi_results输入 - name_str: 'vla_control', args_str: '{"point_desc":{"parking_space":"车位"},"action":"cancel_park"}'
2026-03-24 16:59:45,139 - DEBUG - CaseID: 371 - parse_multi_results输出: [{'name': 'vla_control', 'args': {'action': 'cancel_park', 'point_desc': {'parking_space': '车位'}}}]
2026-03-24 16:59:45,139 - DEBUG - CaseID: 371 - expected_results: [{'name': 'vla_control', 'args': {'action': 'cancel_park', 'point_desc': {'parking_space': '车位'}}}]
2026-03-24 16:59:45,139 - DEBUG - CaseID: 371 - actual_results: [{'name': 'vla_control', 'args': {'action': 'cancel_park', 'point_desc': {'parking_space': '车位'}}}]
2026-03-24 16:59:45,139 - DEBUG - CaseID: 371 - expected_keys: {('vla_control', '{"action": "cancel_park", "point_desc": {"parking_space": "\\u8f66\\u4f4d"}}')}
2026-03-24 16:59:45,139 - DEBUG - CaseID: 371 - actual_keys: {('vla_control', '{"action": "cancel_park", "point_desc": {"parking_space": "\\u8f66\\u4f4d"}}')}
2026-03-24 16:59:45,139 - DEBUG - CaseID: 372 - parse_multi_results输入 - name_str: 'vla_control', args_str: '{"action":"cancel_park", "point_tag":"HERE"}'
2026-03-24 16:59:45,139 - DEBUG - CaseID: 372 - parse_multi_results输出: [{'name': 'vla_control', 'args': {'action': 'cancel_park', 'point_tag': 'HERE'}}]
2026-03-24 16:59:45,139 - DEBUG - CaseID: 372 - parse_multi_results输入 - name_str: 'vla_control', args_str: '{"action":"cancel_park","entity":"VEHICLE","point_tag":"HERE"}'
2026-03-24 16:59:45,139 - DEBUG - CaseID: 372 - parse_multi_results输出: [{'name': 'vla_control', 'args': {'action': 'cancel_park', 'entity': 'VEHICLE', 'point_tag': 'HERE'}}]
2026-03-24 16:59:45,139 - DEBUG - CaseID: 372 - expected_results: [{'name': 'vla_control', 'args': {'action': 'cancel_park', 'point_tag': 'HERE'}}]
2026-03-24 16:59:45,140 - DEBUG - CaseID: 372 - actual_results: [{'name': 'vla_control', 'args': {'action': 'cancel_park', 'entity': 'VEHICLE', 'point_tag': 'HERE'}}]
2026-03-24 16:59:45,140 - DEBUG - CaseID: 372 - expected_keys: {('vla_control', '{"action": "cancel_park", "point_tag": "HERE"}')}
2026-03-24 16:59:45,140 - DEBUG - CaseID: 372 - actual_keys: {('vla_control', '{"action": "cancel_park", "entity": "VEHICLE", "point_tag": "HERE"}')}
2026-03-24 16:59:45,140 - ERROR - CaseID: 372
实际结果缺少以下预期项：
  名称: vla_control, 参数: {"action": "cancel_park", "point_tag": "HERE"}
实际结果多出以下非预期项：
  名称: vla_control, 参数: {"action": "cancel_park", "entity": "VEHICLE", "point_tag": "HERE"}
2026-03-24 16:59:45,140 - DEBUG - CaseID: 373 - parse_multi_results输入 - name_str: 'vla_control', args_str: '{"action":"cancel_park", "point_tag":"HERE"}'
2026-03-24 16:59:45,140 - DEBUG - CaseID: 373 - parse_multi_results输出: [{'name': 'vla_control', 'args': {'action': 'cancel_park', 'point_tag': 'HERE'}}]
2026-03-24 16:59:45,140 - DEBUG - CaseID: 373 - parse_multi_results输入 - name_str: 'vla_control', args_str: '{"action":"cancel_park","point_tag":"HERE"}'
2026-03-24 16:59:45,140 - DEBUG - CaseID: 373 - parse_multi_results输出: [{'name': 'vla_control', 'args': {'action': 'cancel_park', 'point_tag': 'HERE'}}]
2026-03-24 16:59:45,140 - DEBUG - CaseID: 373 - expected_results: [{'name': 'vla_control', 'args': {'action': 'cancel_park', 'point_tag': 'HERE'}}]
2026-03-24 16:59:45,140 - DEBUG - CaseID: 373 - actual_results: [{'name': 'vla_control', 'args': {'action': 'cancel_park', 'point_tag': 'HERE'}}]
2026-03-24 16:59:45,140 - DEBUG - CaseID: 373 - expected_keys: {('vla_control', '{"action": "cancel_park", "point_tag": "HERE"}')}
2026-03-24 16:59:45,140 - DEBUG - CaseID: 373 - actual_keys: {('vla_control', '{"action": "cancel_park", "point_tag": "HERE"}')}
2026-03-24 16:59:45,140 - DEBUG - CaseID: 374 - parse_multi_results输入 - name_str: 'vla_control', args_str: '{"action":"park"}'
2026-03-24 16:59:45,140 - DEBUG - CaseID: 374 - parse_multi_results输出: [{'name': 'vla_control', 'args': {'action': 'park'}}]
2026-03-24 16:59:45,140 - DEBUG - CaseID: 374 - parse_multi_results输入 - name_str: 'vla_control', args_str: '{"point_desc":{"parking_space":"车位"},"action":"park","position":"靠右"}'
2026-03-24 16:59:45,140 - DEBUG - CaseID: 374 - parse_multi_results输出: [{'name': 'vla_control', 'args': {'action': 'park', 'point_desc': {'parking_space': '车位'}, 'position': '靠右'}}]
2026-03-24 16:59:45,140 - DEBUG - CaseID: 374 - expected_results: [{'name': 'vla_control', 'args': {'action': 'park'}}]
2026-03-24 16:59:45,140 - DEBUG - CaseID: 374 - actual_results: [{'name': 'vla_control', 'args': {'action': 'park', 'point_desc': {'parking_space': '车位'}, 'position': '靠右'}}]
2026-03-24 16:59:45,140 - DEBUG - CaseID: 374 - expected_keys: {('vla_control', '{"action": "park"}')}
2026-03-24 16:59:45,140 - DEBUG - CaseID: 374 - actual_keys: {('vla_control', '{"action": "park", "point_desc": {"parking_space": "\\u8f66\\u4f4d"}, "position": "\\u9760\\u53f3"}')}
2026-03-24 16:59:45,140 - ERROR - CaseID: 374
实际结果缺少以下预期项：
  名称: vla_control, 参数: {"action": "park"}
实际结果多出以下非预期项：
  名称: vla_control, 参数: {"action": "park", "point_desc": {"parking_space": "\u8f66\u4f4d"}, "position": "\u9760\u53f3"}
2026-03-24 16:59:45,140 - DEBUG - CaseID: 375 - parse_multi_results输入 - name_str: 'vla_control', args_str: '{"action":"park"}'
2026-03-24 16:59:45,140 - DEBUG - CaseID: 375 - parse_multi_results输出: [{'name': 'vla_control', 'args': {'action': 'park'}}]
2026-03-24 16:59:45,140 - DEBUG - CaseID: 375 - parse_multi_results输入 - name_str: 'vla_control', args_str: '{"action":"park"}'
2026-03-24 16:59:45,140 - DEBUG - CaseID: 375 - parse_multi_results输出: [{'name': 'vla_control', 'args': {'action': 'park'}}]
2026-03-24 16:59:45,140 - DEBUG - CaseID: 375 - expected_results: [{'name': 'vla_control', 'args': {'action': 'park'}}]
2026-03-24 16:59:45,140 - DEBUG - CaseID: 375 - actual_results: [{'name': 'vla_control', 'args': {'action': 'park'}}]
2026-03-24 16:59:45,140 - DEBUG - CaseID: 375 - expected_keys: {('vla_control', '{"action": "park"}')}
2026-03-24 16:59:45,140 - DEBUG - CaseID: 375 - actual_keys: {('vla_control', '{"action": "park"}')}
2026-03-24 16:59:45,140 - DEBUG - CaseID: 376 - parse_multi_results输入 - name_str: 'vla_control', args_str: '{"action":"park"}'
2026-03-24 16:59:45,140 - DEBUG - CaseID: 376 - parse_multi_results输出: [{'name': 'vla_control', 'args': {'action': 'park'}}]
2026-03-24 16:59:45,140 - DEBUG - CaseID: 376 - parse_multi_results输入 - name_str: 'vla_control', args_str: '{"action":"park"}'
2026-03-24 16:59:45,140 - DEBUG - CaseID: 376 - parse_multi_results输出: [{'name': 'vla_control', 'args': {'action': 'park'}}]
2026-03-24 16:59:45,140 - DEBUG - CaseID: 376 - expected_results: [{'name': 'vla_control', 'args': {'action': 'park'}}]
2026-03-24 16:59:45,140 - DEBUG - CaseID: 376 - actual_results: [{'name': 'vla_control', 'args': {'action': 'park'}}]
2026-03-24 16:59:45,140 - DEBUG - CaseID: 376 - expected_keys: {('vla_control', '{"action": "park"}')}
2026-03-24 16:59:45,140 - DEBUG - CaseID: 376 - actual_keys: {('vla_control', '{"action": "park"}')}
2026-03-24 16:59:45,140 - DEBUG - CaseID: 377 - parse_multi_results输入 - name_str: 'vla_control', args_str: '{"action":"park","point_desc":{"parking_space":"车位"},"position":"左"}'
2026-03-24 16:59:45,140 - DEBUG - CaseID: 377 - parse_multi_results输出: [{'name': 'vla_control', 'args': {'action': 'park', 'point_desc': {'parking_space': '车位'}, 'position': '左'}}]
2026-03-24 16:59:45,140 - DEBUG - CaseID: 377 - parse_multi_results输入 - name_str: 'vla_control', args_str: '{"point_desc":{"parking_space":"车位"},"action":"park","position":"左"}'
2026-03-24 16:59:45,141 - DEBUG - CaseID: 377 - parse_multi_results输出: [{'name': 'vla_control', 'args': {'action': 'park', 'point_desc': {'parking_space': '车位'}, 'position': '左'}}]
2026-03-24 16:59:45,141 - DEBUG - CaseID: 377 - expected_results: [{'name': 'vla_control', 'args': {'action': 'park', 'point_desc': {'parking_space': '车位'}, 'position': '左'}}]
2026-03-24 16:59:45,141 - DEBUG - CaseID: 377 - actual_results: [{'name': 'vla_control', 'args': {'action': 'park', 'point_desc': {'parking_space': '车位'}, 'position': '左'}}]
2026-03-24 16:59:45,141 - DEBUG - CaseID: 377 - expected_keys: {('vla_control', '{"action": "park", "point_desc": {"parking_space": "\\u8f66\\u4f4d"}, "position": "\\u5de6"}')}
2026-03-24 16:59:45,141 - DEBUG - CaseID: 377 - actual_keys: {('vla_control', '{"action": "park", "point_desc": {"parking_space": "\\u8f66\\u4f4d"}, "position": "\\u5de6"}')}
2026-03-24 16:59:45,141 - DEBUG - CaseID: 378 - parse_multi_results输入 - name_str: 'vla_control', args_str: '{"action":"park","point_desc":{"parking_space":"车位"},"position":"右"}'
2026-03-24 16:59:45,141 - DEBUG - CaseID: 378 - parse_multi_results输出: [{'name': 'vla_control', 'args': {'action': 'park', 'point_desc': {'parking_space': '车位'}, 'position': '右'}}]
2026-03-24 16:59:45,141 - DEBUG - CaseID: 378 - parse_multi_results输入 - name_str: 'vla_control', args_str: '{"point_desc":{"parking_space":"车位"},"action":"park","position":"右"}'
2026-03-24 16:59:45,141 - DEBUG - CaseID: 378 - parse_multi_results输出: [{'name': 'vla_control', 'args': {'action': 'park', 'point_desc': {'parking_space': '车位'}, 'position': '右'}}]
2026-03-24 16:59:45,141 - DEBUG - CaseID: 378 - expected_results: [{'name': 'vla_control', 'args': {'action': 'park', 'point_desc': {'parking_space': '车位'}, 'position': '右'}}]
2026-03-24 16:59:45,141 - DEBUG - CaseID: 378 - actual_results: [{'name': 'vla_control', 'args': {'action': 'park', 'point_desc': {'parking_space': '车位'}, 'position': '右'}}]
2026-03-24 16:59:45,141 - DEBUG - CaseID: 378 - expected_keys: {('vla_control', '{"action": "park", "point_desc": {"parking_space": "\\u8f66\\u4f4d"}, "position": "\\u53f3"}')}
2026-03-24 16:59:45,141 - DEBUG - CaseID: 378 - actual_keys: {('vla_control', '{"action": "park", "point_desc": {"parking_space": "\\u8f66\\u4f4d"}, "position": "\\u53f3"}')}
2026-03-24 16:59:45,141 - DEBUG - CaseID: 379 - parse_multi_results输入 - name_str: 'vla_control', args_str: '{"action":"start_charge"}'
2026-03-24 16:59:45,141 - DEBUG - CaseID: 379 - parse_multi_results输出: [{'name': 'vla_control', 'args': {'action': 'start_charge'}}]
2026-03-24 16:59:45,141 - DEBUG - CaseID: 379 - parse_multi_results输入 - name_str: 'vla_control', args_str: '{"action":"start_charge"}'
2026-03-24 16:59:45,141 - DEBUG - CaseID: 379 - parse_multi_results输出: [{'name': 'vla_control', 'args': {'action': 'start_charge'}}]
2026-03-24 16:59:45,141 - DEBUG - CaseID: 379 - expected_results: [{'name': 'vla_control', 'args': {'action': 'start_charge'}}]
2026-03-24 16:59:45,141 - DEBUG - CaseID: 379 - actual_results: [{'name': 'vla_control', 'args': {'action': 'start_charge'}}]
2026-03-24 16:59:45,141 - DEBUG - CaseID: 379 - expected_keys: {('vla_control', '{"action": "start_charge"}')}
2026-03-24 16:59:45,141 - DEBUG - CaseID: 379 - actual_keys: {('vla_control', '{"action": "start_charge"}')}
2026-03-24 16:59:45,141 - DEBUG - CaseID: 380 - parse_multi_results输入 - name_str: 'vla_control', args_str: '{"action":"start_charge"}'
2026-03-24 16:59:45,141 - DEBUG - CaseID: 380 - parse_multi_results输出: [{'name': 'vla_control', 'args': {'action': 'start_charge'}}]
2026-03-24 16:59:45,141 - DEBUG - CaseID: 380 - parse_multi_results输入 - name_str: 'vla_control', args_str: '{"action":"start_charge"}'
2026-03-24 16:59:45,141 - DEBUG - CaseID: 380 - parse_multi_results输出: [{'name': 'vla_control', 'args': {'action': 'start_charge'}}]
2026-03-24 16:59:45,141 - DEBUG - CaseID: 380 - expected_results: [{'name': 'vla_control', 'args': {'action': 'start_charge'}}]
2026-03-24 16:59:45,141 - DEBUG - CaseID: 380 - actual_results: [{'name': 'vla_control', 'args': {'action': 'start_charge'}}]
2026-03-24 16:59:45,141 - DEBUG - CaseID: 380 - expected_keys: {('vla_control', '{"action": "start_charge"}')}
2026-03-24 16:59:45,141 - DEBUG - CaseID: 380 - actual_keys: {('vla_control', '{"action": "start_charge"}')}
2026-03-24 16:59:45,141 - DEBUG - CaseID: 381 - parse_multi_results输入 - name_str: 'vla_control', args_str: '{"action":"cancel_charge"}'
2026-03-24 16:59:45,141 - DEBUG - CaseID: 381 - parse_multi_results输出: [{'name': 'vla_control', 'args': {'action': 'cancel_charge'}}]
2026-03-24 16:59:45,141 - DEBUG - CaseID: 381 - parse_multi_results输入 - name_str: 'vla_control', args_str: '{"action":"cancel_charge"}'
2026-03-24 16:59:45,141 - DEBUG - CaseID: 381 - parse_multi_results输出: [{'name': 'vla_control', 'args': {'action': 'cancel_charge'}}]
2026-03-24 16:59:45,141 - DEBUG - CaseID: 381 - expected_results: [{'name': 'vla_control', 'args': {'action': 'cancel_charge'}}]
2026-03-24 16:59:45,141 - DEBUG - CaseID: 381 - actual_results: [{'name': 'vla_control', 'args': {'action': 'cancel_charge'}}]
2026-03-24 16:59:45,141 - DEBUG - CaseID: 381 - expected_keys: {('vla_control', '{"action": "cancel_charge"}')}
2026-03-24 16:59:45,141 - DEBUG - CaseID: 381 - actual_keys: {('vla_control', '{"action": "cancel_charge"}')}
2026-03-24 16:59:45,141 - DEBUG - CaseID: 382 - parse_multi_results输入 - name_str: 'vla_control', args_str: '{"action":"cancel_charge"}'
2026-03-24 16:59:45,141 - DEBUG - CaseID: 382 - parse_multi_results输出: [{'name': 'vla_control', 'args': {'action': 'cancel_charge'}}]
2026-03-24 16:59:45,141 - DEBUG - CaseID: 382 - parse_multi_results输入 - name_str: 'vla_control', args_str: '{"action":"cancel_charge"}'
2026-03-24 16:59:45,141 - DEBUG - CaseID: 382 - parse_multi_results输出: [{'name': 'vla_control', 'args': {'action': 'cancel_charge'}}]
2026-03-24 16:59:45,142 - DEBUG - CaseID: 382 - expected_results: [{'name': 'vla_control', 'args': {'action': 'cancel_charge'}}]
2026-03-24 16:59:45,142 - DEBUG - CaseID: 382 - actual_results: [{'name': 'vla_control', 'args': {'action': 'cancel_charge'}}]
2026-03-24 16:59:45,142 - DEBUG - CaseID: 382 - expected_keys: {('vla_control', '{"action": "cancel_charge"}')}
2026-03-24 16:59:45,142 - DEBUG - CaseID: 382 - actual_keys: {('vla_control', '{"action": "cancel_charge"}')}
2026-03-24 16:59:45,142 - DEBUG - CaseID: 383 - parse_multi_results输入 - name_str: 'vla_control', args_str: '{"action":"pause_charge"}'
2026-03-24 16:59:45,142 - DEBUG - CaseID: 383 - parse_multi_results输出: [{'name': 'vla_control', 'args': {'action': 'pause_charge'}}]
2026-03-24 16:59:45,142 - DEBUG - CaseID: 383 - parse_multi_results输入 - name_str: 'vla_control', args_str: '{"action":"pause_charge"}'
2026-03-24 16:59:45,142 - DEBUG - CaseID: 383 - parse_multi_results输出: [{'name': 'vla_control', 'args': {'action': 'pause_charge'}}]
2026-03-24 16:59:45,142 - DEBUG - CaseID: 383 - expected_results: [{'name': 'vla_control', 'args': {'action': 'pause_charge'}}]
2026-03-24 16:59:45,142 - DEBUG - CaseID: 383 - actual_results: [{'name': 'vla_control', 'args': {'action': 'pause_charge'}}]
2026-03-24 16:59:45,142 - DEBUG - CaseID: 383 - expected_keys: {('vla_control', '{"action": "pause_charge"}')}
2026-03-24 16:59:45,142 - DEBUG - CaseID: 383 - actual_keys: {('vla_control', '{"action": "pause_charge"}')}
2026-03-24 16:59:45,142 - DEBUG - CaseID: 384 - parse_multi_results输入 - name_str: 'vla_control', args_str: '{"action":"pause_charge"}'
2026-03-24 16:59:45,142 - DEBUG - CaseID: 384 - parse_multi_results输出: [{'name': 'vla_control', 'args': {'action': 'pause_charge'}}]
2026-03-24 16:59:45,142 - DEBUG - CaseID: 384 - parse_multi_results输入 - name_str: 'vla_control', args_str: '{"action":"pause_charge"}'
2026-03-24 16:59:45,142 - DEBUG - CaseID: 384 - parse_multi_results输出: [{'name': 'vla_control', 'args': {'action': 'pause_charge'}}]
2026-03-24 16:59:45,142 - DEBUG - CaseID: 384 - expected_results: [{'name': 'vla_control', 'args': {'action': 'pause_charge'}}]
2026-03-24 16:59:45,142 - DEBUG - CaseID: 384 - actual_results: [{'name': 'vla_control', 'args': {'action': 'pause_charge'}}]
2026-03-24 16:59:45,142 - DEBUG - CaseID: 384 - expected_keys: {('vla_control', '{"action": "pause_charge"}')}
2026-03-24 16:59:45,142 - DEBUG - CaseID: 384 - actual_keys: {('vla_control', '{"action": "pause_charge"}')}
2026-03-24 16:59:45,142 - DEBUG - CaseID: 385 - parse_multi_results输入 - name_str: 'vla_control', args_str: '{"action":"pause_getoff_park", "position":"靠左"}'
2026-03-24 16:59:45,142 - DEBUG - CaseID: 385 - parse_multi_results输出: [{'name': 'vla_control', 'args': {'action': 'pause_getoff_park', 'position': '靠左'}}]
2026-03-24 16:59:45,142 - DEBUG - CaseID: 385 - parse_multi_results输入 - name_str: 'vla_control', args_str: '{"action":"pause_getoff_park","position":"靠左"}'
2026-03-24 16:59:45,142 - DEBUG - CaseID: 385 - parse_multi_results输出: [{'name': 'vla_control', 'args': {'action': 'pause_getoff_park', 'position': '靠左'}}]
2026-03-24 16:59:45,142 - DEBUG - CaseID: 385 - expected_results: [{'name': 'vla_control', 'args': {'action': 'pause_getoff_park', 'position': '靠左'}}]
2026-03-24 16:59:45,142 - DEBUG - CaseID: 385 - actual_results: [{'name': 'vla_control', 'args': {'action': 'pause_getoff_park', 'position': '靠左'}}]
2026-03-24 16:59:45,142 - DEBUG - CaseID: 385 - expected_keys: {('vla_control', '{"action": "pause_getoff_park", "position": "\\u9760\\u5de6"}')}
2026-03-24 16:59:45,142 - DEBUG - CaseID: 385 - actual_keys: {('vla_control', '{"action": "pause_getoff_park", "position": "\\u9760\\u5de6"}')}
2026-03-24 16:59:45,142 - DEBUG - CaseID: 386 - parse_multi_results输入 - name_str: 'vla_control', args_str: '{"action":"pause_getoff_park", "position":"靠右"}'
2026-03-24 16:59:45,142 - DEBUG - CaseID: 386 - parse_multi_results输出: [{'name': 'vla_control', 'args': {'action': 'pause_getoff_park', 'position': '靠右'}}]
2026-03-24 16:59:45,142 - DEBUG - CaseID: 386 - parse_multi_results输入 - name_str: 'vla_control', args_str: '{"action":"cancel_getoff_park","position":"靠右"}'
2026-03-24 16:59:45,142 - DEBUG - CaseID: 386 - parse_multi_results输出: [{'name': 'vla_control', 'args': {'action': 'cancel_getoff_park', 'position': '靠右'}}]
2026-03-24 16:59:45,142 - DEBUG - CaseID: 386 - expected_results: [{'name': 'vla_control', 'args': {'action': 'pause_getoff_park', 'position': '靠右'}}]
2026-03-24 16:59:45,142 - DEBUG - CaseID: 386 - actual_results: [{'name': 'vla_control', 'args': {'action': 'cancel_getoff_park', 'position': '靠右'}}]
2026-03-24 16:59:45,142 - DEBUG - CaseID: 386 - expected_keys: {('vla_control', '{"action": "pause_getoff_park", "position": "\\u9760\\u53f3"}')}
2026-03-24 16:59:45,142 - DEBUG - CaseID: 386 - actual_keys: {('vla_control', '{"action": "cancel_getoff_park", "position": "\\u9760\\u53f3"}')}
2026-03-24 16:59:45,142 - ERROR - CaseID: 386
实际结果缺少以下预期项：
  名称: vla_control, 参数: {"action": "pause_getoff_park", "position": "\u9760\u53f3"}
实际结果多出以下非预期项：
  名称: vla_control, 参数: {"action": "cancel_getoff_park", "position": "\u9760\u53f3"}
2026-03-24 16:59:45,142 - DEBUG - CaseID: 387 - parse_multi_results输入 - name_str: 'vla_control', args_str: '{"action":"pause_park_in", "position":"靠右"}'
2026-03-24 16:59:45,142 - DEBUG - CaseID: 387 - parse_multi_results输出: [{'name': 'vla_control', 'args': {'action': 'pause_park_in', 'position': '靠右'}}]
2026-03-24 16:59:45,142 - DEBUG - CaseID: 387 - parse_multi_results输入 - name_str: 'vla_control', args_str: '{"action":"pause_park_in","position":"靠右"}'
2026-03-24 16:59:45,142 - DEBUG - CaseID: 387 - parse_multi_results输出: [{'name': 'vla_control', 'args': {'action': 'pause_park_in', 'position': '靠右'}}]
2026-03-24 16:59:45,143 - DEBUG - CaseID: 387 - expected_results: [{'name': 'vla_control', 'args': {'action': 'pause_park_in', 'position': '靠右'}}]
2026-03-24 16:59:45,143 - DEBUG - CaseID: 387 - actual_results: [{'name': 'vla_control', 'args': {'action': 'pause_park_in', 'position': '靠右'}}]
2026-03-24 16:59:45,143 - DEBUG - CaseID: 387 - expected_keys: {('vla_control', '{"action": "pause_park_in", "position": "\\u9760\\u53f3"}')}
2026-03-24 16:59:45,143 - DEBUG - CaseID: 387 - actual_keys: {('vla_control', '{"action": "pause_park_in", "position": "\\u9760\\u53f3"}')}
2026-03-24 16:59:45,143 - DEBUG - CaseID: 388 - parse_multi_results输入 - name_str: 'vla_control', args_str: '{"action":"pause_park", "position":"靠左","point_desc":{"parking_space":"车位"}}'
2026-03-24 16:59:45,143 - DEBUG - CaseID: 388 - parse_multi_results输出: [{'name': 'vla_control', 'args': {'action': 'pause_park', 'point_desc': {'parking_space': '车位'}, 'position': '靠左'}}]
2026-03-24 16:59:45,143 - DEBUG - CaseID: 388 - parse_multi_results输入 - name_str: 'vla_control', args_str: '{"point_desc":{"parking_space":"车位"},"action":"pause_park","position":"靠左"}'
2026-03-24 16:59:45,143 - DEBUG - CaseID: 388 - parse_multi_results输出: [{'name': 'vla_control', 'args': {'action': 'pause_park', 'point_desc': {'parking_space': '车位'}, 'position': '靠左'}}]
2026-03-24 16:59:45,143 - DEBUG - CaseID: 388 - expected_results: [{'name': 'vla_control', 'args': {'action': 'pause_park', 'point_desc': {'parking_space': '车位'}, 'position': '靠左'}}]
2026-03-24 16:59:45,143 - DEBUG - CaseID: 388 - actual_results: [{'name': 'vla_control', 'args': {'action': 'pause_park', 'point_desc': {'parking_space': '车位'}, 'position': '靠左'}}]
2026-03-24 16:59:45,143 - DEBUG - CaseID: 388 - expected_keys: {('vla_control', '{"action": "pause_park", "point_desc": {"parking_space": "\\u8f66\\u4f4d"}, "position": "\\u9760\\u5de6"}')}
2026-03-24 16:59:45,143 - DEBUG - CaseID: 388 - actual_keys: {('vla_control', '{"action": "pause_park", "point_desc": {"parking_space": "\\u8f66\\u4f4d"}, "position": "\\u9760\\u5de6"}')}
2026-03-24 16:59:45,143 - DEBUG - CaseID: 389 - parse_multi_results输入 - name_str: 'global_control', args_str: '{"action":"pause"}'
2026-03-24 16:59:45,143 - DEBUG - CaseID: 389 - parse_multi_results输出: [{'name': 'global_control', 'args': {'action': 'pause'}}]
2026-03-24 16:59:45,143 - DEBUG - CaseID: 389 - parse_multi_results输入 - name_str: 'vla_control', args_str: '{"action":"pause"}'
2026-03-24 16:59:45,143 - DEBUG - CaseID: 389 - parse_multi_results输出: [{'name': 'vla_control', 'args': {'action': 'pause'}}]
2026-03-24 16:59:45,143 - DEBUG - CaseID: 389 - expected_results: [{'name': 'global_control', 'args': {'action': 'pause'}}]
2026-03-24 16:59:45,143 - DEBUG - CaseID: 389 - actual_results: [{'name': 'vla_control', 'args': {'action': 'pause'}}]
2026-03-24 16:59:45,143 - DEBUG - CaseID: 389 - expected_keys: {('global_control', '{"action": "pause"}')}
2026-03-24 16:59:45,143 - DEBUG - CaseID: 389 - actual_keys: {('vla_control', '{"action": "pause"}')}
2026-03-24 16:59:45,143 - ERROR - CaseID: 389
实际结果缺少以下预期项：
  名称: global_control, 参数: {"action": "pause"}
实际结果多出以下非预期项：
  名称: vla_control, 参数: {"action": "pause"}
2026-03-24 16:59:45,143 - DEBUG - CaseID: 390 - parse_multi_results输入 - name_str: 'global_control', args_str: '{"action":"pause"}'
2026-03-24 16:59:45,143 - DEBUG - CaseID: 390 - parse_multi_results输出: [{'name': 'global_control', 'args': {'action': 'pause'}}]
2026-03-24 16:59:45,143 - DEBUG - CaseID: 390 - parse_multi_results输入 - name_str: 'global_control', args_str: '{"action":"pause"}'
2026-03-24 16:59:45,143 - DEBUG - CaseID: 390 - parse_multi_results输出: [{'name': 'global_control', 'args': {'action': 'pause'}}]
2026-03-24 16:59:45,143 - DEBUG - CaseID: 390 - expected_results: [{'name': 'global_control', 'args': {'action': 'pause'}}]
2026-03-24 16:59:45,143 - DEBUG - CaseID: 390 - actual_results: [{'name': 'global_control', 'args': {'action': 'pause'}}]
2026-03-24 16:59:45,143 - DEBUG - CaseID: 390 - expected_keys: {('global_control', '{"action": "pause"}')}
2026-03-24 16:59:45,143 - DEBUG - CaseID: 390 - actual_keys: {('global_control', '{"action": "pause"}')}
2026-03-24 16:59:45,143 - DEBUG - CaseID: 391 - parse_multi_results输入 - name_str: 'vla_control', args_str: '{"action":"pause_navigate", "direction":"OUT"}'
2026-03-24 16:59:45,143 - DEBUG - CaseID: 391 - parse_multi_results输出: [{'name': 'vla_control', 'args': {'action': 'pause_navigate', 'direction': 'OUT'}}]
2026-03-24 16:59:45,143 - DEBUG - CaseID: 391 - parse_multi_results输入 - name_str: 'vla_control', args_str: '{"action":"pause_navigate","direction":"OUT"}'
2026-03-24 16:59:45,143 - DEBUG - CaseID: 391 - parse_multi_results输出: [{'name': 'vla_control', 'args': {'action': 'pause_navigate', 'direction': 'OUT'}}]
2026-03-24 16:59:45,143 - DEBUG - CaseID: 391 - expected_results: [{'name': 'vla_control', 'args': {'action': 'pause_navigate', 'direction': 'OUT'}}]
2026-03-24 16:59:45,143 - DEBUG - CaseID: 391 - actual_results: [{'name': 'vla_control', 'args': {'action': 'pause_navigate', 'direction': 'OUT'}}]
2026-03-24 16:59:45,143 - DEBUG - CaseID: 391 - expected_keys: {('vla_control', '{"action": "pause_navigate", "direction": "OUT"}')}
2026-03-24 16:59:45,143 - DEBUG - CaseID: 391 - actual_keys: {('vla_control', '{"action": "pause_navigate", "direction": "OUT"}')}
2026-03-24 16:59:45,143 - DEBUG - CaseID: 392 - parse_multi_results输入 - name_str: 'vla_control', args_str: '{"action":"pause_navigate", "direction":"OUT"}'
2026-03-24 16:59:45,143 - DEBUG - CaseID: 392 - parse_multi_results输出: [{'name': 'vla_control', 'args': {'action': 'pause_navigate', 'direction': 'OUT'}}]
2026-03-24 16:59:45,144 - DEBUG - CaseID: 392 - parse_multi_results输入 - name_str: 'vla_control', args_str: '{"action":"pause_navigate","direction":"OUT"}'
2026-03-24 16:59:45,144 - DEBUG - CaseID: 392 - parse_multi_results输出: [{'name': 'vla_control', 'args': {'action': 'pause_navigate', 'direction': 'OUT'}}]
2026-03-24 16:59:45,144 - DEBUG - CaseID: 392 - expected_results: [{'name': 'vla_control', 'args': {'action': 'pause_navigate', 'direction': 'OUT'}}]
2026-03-24 16:59:45,144 - DEBUG - CaseID: 392 - actual_results: [{'name': 'vla_control', 'args': {'action': 'pause_navigate', 'direction': 'OUT'}}]
2026-03-24 16:59:45,144 - DEBUG - CaseID: 392 - expected_keys: {('vla_control', '{"action": "pause_navigate", "direction": "OUT"}')}
2026-03-24 16:59:45,144 - DEBUG - CaseID: 392 - actual_keys: {('vla_control', '{"action": "pause_navigate", "direction": "OUT"}')}
2026-03-24 16:59:45,144 - DEBUG - CaseID: 393 - parse_multi_results输入 - name_str: 'vla_control', args_str: '{"action":"pause_park_out", "point_desc":{"parking_space":"车位"}}'
2026-03-24 16:59:45,144 - DEBUG - CaseID: 393 - parse_multi_results输出: [{'name': 'vla_control', 'args': {'action': 'pause_park_out', 'point_desc': {'parking_space': '车位'}}}]
2026-03-24 16:59:45,144 - DEBUG - CaseID: 393 - parse_multi_results输入 - name_str: 'vla_control', args_str: '{"point_desc":{"parking_space":"车位"},"action":"pause_park_out"}'
2026-03-24 16:59:45,144 - DEBUG - CaseID: 393 - parse_multi_results输出: [{'name': 'vla_control', 'args': {'action': 'pause_park_out', 'point_desc': {'parking_space': '车位'}}}]
2026-03-24 16:59:45,144 - DEBUG - CaseID: 393 - expected_results: [{'name': 'vla_control', 'args': {'action': 'pause_park_out', 'point_desc': {'parking_space': '车位'}}}]
2026-03-24 16:59:45,144 - DEBUG - CaseID: 393 - actual_results: [{'name': 'vla_control', 'args': {'action': 'pause_park_out', 'point_desc': {'parking_space': '车位'}}}]
2026-03-24 16:59:45,144 - DEBUG - CaseID: 393 - expected_keys: {('vla_control', '{"action": "pause_park_out", "point_desc": {"parking_space": "\\u8f66\\u4f4d"}}')}
2026-03-24 16:59:45,144 - DEBUG - CaseID: 393 - actual_keys: {('vla_control', '{"action": "pause_park_out", "point_desc": {"parking_space": "\\u8f66\\u4f4d"}}')}
2026-03-24 16:59:45,144 - DEBUG - CaseID: 394 - parse_multi_results输入 - name_str: 'vla_control', args_str: '{"action":"pause_park_out", "point_desc":{"parking_space":"车位"}}'
2026-03-24 16:59:45,144 - DEBUG - CaseID: 394 - parse_multi_results输出: [{'name': 'vla_control', 'args': {'action': 'pause_park_out', 'point_desc': {'parking_space': '车位'}}}]
2026-03-24 16:59:45,144 - DEBUG - CaseID: 394 - parse_multi_results输入 - name_str: 'vla_control', args_str: '{"action":"park_in"}'
2026-03-24 16:59:45,144 - DEBUG - CaseID: 394 - parse_multi_results输出: [{'name': 'vla_control', 'args': {'action': 'park_in'}}]
2026-03-24 16:59:45,144 - DEBUG - CaseID: 394 - expected_results: [{'name': 'vla_control', 'args': {'action': 'pause_park_out', 'point_desc': {'parking_space': '车位'}}}]
2026-03-24 16:59:45,144 - DEBUG - CaseID: 394 - actual_results: [{'name': 'vla_control', 'args': {'action': 'park_in'}}]
2026-03-24 16:59:45,144 - DEBUG - CaseID: 394 - expected_keys: {('vla_control', '{"action": "pause_park_out", "point_desc": {"parking_space": "\\u8f66\\u4f4d"}}')}
2026-03-24 16:59:45,144 - DEBUG - CaseID: 394 - actual_keys: {('vla_control', '{"action": "park_in"}')}
2026-03-24 16:59:45,144 - ERROR - CaseID: 394
实际结果缺少以下预期项：
  名称: vla_control, 参数: {"action": "pause_park_out", "point_desc": {"parking_space": "\u8f66\u4f4d"}}
实际结果多出以下非预期项：
  名称: vla_control, 参数: {"action": "park_in"}
2026-03-24 16:59:45,144 - DEBUG - CaseID: 395 - parse_multi_results输入 - name_str: 'vla_control', args_str: '{"action":"pause_navigate", "direction":"OUT", "position":"左"}'
2026-03-24 16:59:45,144 - DEBUG - CaseID: 395 - parse_multi_results输出: [{'name': 'vla_control', 'args': {'action': 'pause_navigate', 'direction': 'OUT', 'position': '左'}}]
2026-03-24 16:59:45,144 - DEBUG - CaseID: 395 - parse_multi_results输入 - name_str: 'vla_control', args_str: '{"action":"pause_navigate","position":"左","direction":"OUT"}'
2026-03-24 16:59:45,144 - DEBUG - CaseID: 395 - parse_multi_results输出: [{'name': 'vla_control', 'args': {'action': 'pause_navigate', 'direction': 'OUT', 'position': '左'}}]
2026-03-24 16:59:45,144 - DEBUG - CaseID: 395 - expected_results: [{'name': 'vla_control', 'args': {'action': 'pause_navigate', 'direction': 'OUT', 'position': '左'}}]
2026-03-24 16:59:45,144 - DEBUG - CaseID: 395 - actual_results: [{'name': 'vla_control', 'args': {'action': 'pause_navigate', 'direction': 'OUT', 'position': '左'}}]
2026-03-24 16:59:45,144 - DEBUG - CaseID: 395 - expected_keys: {('vla_control', '{"action": "pause_navigate", "direction": "OUT", "position": "\\u5de6"}')}
2026-03-24 16:59:45,144 - DEBUG - CaseID: 395 - actual_keys: {('vla_control', '{"action": "pause_navigate", "direction": "OUT", "position": "\\u5de6"}')}
2026-03-24 16:59:45,144 - DEBUG - CaseID: 396 - parse_multi_results输入 - name_str: 'vla_control', args_str: '{"action":"pause_navigate", "direction":"OUT", "position":"右"}'
2026-03-24 16:59:45,144 - DEBUG - CaseID: 396 - parse_multi_results输出: [{'name': 'vla_control', 'args': {'action': 'pause_navigate', 'direction': 'OUT', 'position': '右'}}]
2026-03-24 16:59:45,144 - DEBUG - CaseID: 396 - parse_multi_results输入 - name_str: 'vla_control', args_str: '{"action":"pause_navigate","position":"右","direction":"OUT"}'
2026-03-24 16:59:45,144 - DEBUG - CaseID: 396 - parse_multi_results输出: [{'name': 'vla_control', 'args': {'action': 'pause_navigate', 'direction': 'OUT', 'position': '右'}}]
2026-03-24 16:59:45,144 - DEBUG - CaseID: 396 - expected_results: [{'name': 'vla_control', 'args': {'action': 'pause_navigate', 'direction': 'OUT', 'position': '右'}}]
2026-03-24 16:59:45,144 - DEBUG - CaseID: 396 - actual_results: [{'name': 'vla_control', 'args': {'action': 'pause_navigate', 'direction': 'OUT', 'position': '右'}}]
2026-03-24 16:59:45,144 - DEBUG - CaseID: 396 - expected_keys: {('vla_control', '{"action": "pause_navigate", "direction": "OUT", "position": "\\u53f3"}')}
2026-03-24 16:59:45,144 - DEBUG - CaseID: 396 - actual_keys: {('vla_control', '{"action": "pause_navigate", "direction": "OUT", "position": "\\u53f3"}')}
2026-03-24 16:59:45,144 - DEBUG - CaseID: 397 - parse_multi_results输入 - name_str: 'vla_control', args_str: '{"action":"pause_park_out", "point_desc":{"parking_space":"车位"}, "position":"右"}'
2026-03-24 16:59:45,145 - DEBUG - CaseID: 397 - parse_multi_results输出: [{'name': 'vla_control', 'args': {'action': 'pause_park_out', 'point_desc': {'parking_space': '车位'}, 'position': '右'}}]
2026-03-24 16:59:45,145 - DEBUG - CaseID: 397 - parse_multi_results输入 - name_str: 'vla_control', args_str: '{"point_desc":{"parking_space":"车位"},"action":"pause_park_out","position":"右"}'
2026-03-24 16:59:45,145 - DEBUG - CaseID: 397 - parse_multi_results输出: [{'name': 'vla_control', 'args': {'action': 'pause_park_out', 'point_desc': {'parking_space': '车位'}, 'position': '右'}}]
2026-03-24 16:59:45,145 - DEBUG - CaseID: 397 - expected_results: [{'name': 'vla_control', 'args': {'action': 'pause_park_out', 'point_desc': {'parking_space': '车位'}, 'position': '右'}}]
2026-03-24 16:59:45,145 - DEBUG - CaseID: 397 - actual_results: [{'name': 'vla_control', 'args': {'action': 'pause_park_out', 'point_desc': {'parking_space': '车位'}, 'position': '右'}}]
2026-03-24 16:59:45,145 - DEBUG - CaseID: 397 - expected_keys: {('vla_control', '{"action": "pause_park_out", "point_desc": {"parking_space": "\\u8f66\\u4f4d"}, "position": "\\u53f3"}')}
2026-03-24 16:59:45,145 - DEBUG - CaseID: 397 - actual_keys: {('vla_control', '{"action": "pause_park_out", "point_desc": {"parking_space": "\\u8f66\\u4f4d"}, "position": "\\u53f3"}')}
2026-03-24 16:59:45,145 - DEBUG - CaseID: 398 - parse_multi_results输入 - name_str: 'vla_control', args_str: '{"action":"pause_park_out", "point_desc":{"parking_space":"车位"}, "position":"左前"}'
2026-03-24 16:59:45,145 - DEBUG - CaseID: 398 - parse_multi_results输出: [{'name': 'vla_control', 'args': {'action': 'pause_park_out', 'point_desc': {'parking_space': '车位'}, 'position': '左前'}}]
2026-03-24 16:59:45,145 - DEBUG - CaseID: 398 - parse_multi_results输入 - name_str: 'vla_control', args_str: '{"point_desc":{"parking_space":"车位"},"action":"pause_park_out","position":"左前"}'
2026-03-24 16:59:45,145 - DEBUG - CaseID: 398 - parse_multi_results输出: [{'name': 'vla_control', 'args': {'action': 'pause_park_out', 'point_desc': {'parking_space': '车位'}, 'position': '左前'}}]
2026-03-24 16:59:45,145 - DEBUG - CaseID: 398 - expected_results: [{'name': 'vla_control', 'args': {'action': 'pause_park_out', 'point_desc': {'parking_space': '车位'}, 'position': '左前'}}]
2026-03-24 16:59:45,145 - DEBUG - CaseID: 398 - actual_results: [{'name': 'vla_control', 'args': {'action': 'pause_park_out', 'point_desc': {'parking_space': '车位'}, 'position': '左前'}}]
2026-03-24 16:59:45,145 - DEBUG - CaseID: 398 - expected_keys: {('vla_control', '{"action": "pause_park_out", "point_desc": {"parking_space": "\\u8f66\\u4f4d"}, "position": "\\u5de6\\u524d"}')}
2026-03-24 16:59:45,145 - DEBUG - CaseID: 398 - actual_keys: {('vla_control', '{"action": "pause_park_out", "point_desc": {"parking_space": "\\u8f66\\u4f4d"}, "position": "\\u5de6\\u524d"}')}
2026-03-24 16:59:45,145 - DEBUG - CaseID: 399 - parse_multi_results输入 - name_str: 'vla_control', args_str: '{"action":"pause_getoff_park"}'
2026-03-24 16:59:45,145 - DEBUG - CaseID: 399 - parse_multi_results输出: [{'name': 'vla_control', 'args': {'action': 'pause_getoff_park'}}]
2026-03-24 16:59:45,145 - DEBUG - CaseID: 399 - parse_multi_results输入 - name_str: 'vla_control', args_str: '{"action":"pause_getoff_park"}'
2026-03-24 16:59:45,145 - DEBUG - CaseID: 399 - parse_multi_results输出: [{'name': 'vla_control', 'args': {'action': 'pause_getoff_park'}}]
2026-03-24 16:59:45,145 - DEBUG - CaseID: 399 - expected_results: [{'name': 'vla_control', 'args': {'action': 'pause_getoff_park'}}]
2026-03-24 16:59:45,145 - DEBUG - CaseID: 399 - actual_results: [{'name': 'vla_control', 'args': {'action': 'pause_getoff_park'}}]
2026-03-24 16:59:45,145 - DEBUG - CaseID: 399 - expected_keys: {('vla_control', '{"action": "pause_getoff_park"}')}
2026-03-24 16:59:45,145 - DEBUG - CaseID: 399 - actual_keys: {('vla_control', '{"action": "pause_getoff_park"}')}
2026-03-24 16:59:45,145 - DEBUG - CaseID: 400 - parse_multi_results输入 - name_str: 'vla_control', args_str: '{"action":"pause_getoff_park"}'
2026-03-24 16:59:45,145 - DEBUG - CaseID: 400 - parse_multi_results输出: [{'name': 'vla_control', 'args': {'action': 'pause_getoff_park'}}]
2026-03-24 16:59:45,145 - DEBUG - CaseID: 400 - parse_multi_results输入 - name_str: 'vla_control', args_str: '{"action":"pause_getoff_park","position":"靠中"}'
2026-03-24 16:59:45,145 - DEBUG - CaseID: 400 - parse_multi_results输出: [{'name': 'vla_control', 'args': {'action': 'pause_getoff_park', 'position': '靠中'}}]
2026-03-24 16:59:45,145 - DEBUG - CaseID: 400 - expected_results: [{'name': 'vla_control', 'args': {'action': 'pause_getoff_park'}}]
2026-03-24 16:59:45,145 - DEBUG - CaseID: 400 - actual_results: [{'name': 'vla_control', 'args': {'action': 'pause_getoff_park', 'position': '靠中'}}]
2026-03-24 16:59:45,145 - DEBUG - CaseID: 400 - expected_keys: {('vla_control', '{"action": "pause_getoff_park"}')}
2026-03-24 16:59:45,145 - DEBUG - CaseID: 400 - actual_keys: {('vla_control', '{"action": "pause_getoff_park", "position": "\\u9760\\u4e2d"}')}
2026-03-24 16:59:45,145 - ERROR - CaseID: 400
实际结果缺少以下预期项：
  名称: vla_control, 参数: {"action": "pause_getoff_park"}
实际结果多出以下非预期项：
  名称: vla_control, 参数: {"action": "pause_getoff_park", "position": "\u9760\u4e2d"}
2026-03-24 16:59:45,145 - DEBUG - CaseID: 401 - parse_multi_results输入 - name_str: 'vla_control', args_str: '{"action":"pause_park_in"}'
2026-03-24 16:59:45,145 - DEBUG - CaseID: 401 - parse_multi_results输出: [{'name': 'vla_control', 'args': {'action': 'pause_park_in'}}]
2026-03-24 16:59:45,145 - DEBUG - CaseID: 401 - parse_multi_results输入 - name_str: 'vla_control', args_str: '{"action":"cancel_park_in"}'
2026-03-24 16:59:45,145 - DEBUG - CaseID: 401 - parse_multi_results输出: [{'name': 'vla_control', 'args': {'action': 'cancel_park_in'}}]
2026-03-24 16:59:45,145 - DEBUG - CaseID: 401 - expected_results: [{'name': 'vla_control', 'args': {'action': 'pause_park_in'}}]
2026-03-24 16:59:45,145 - DEBUG - CaseID: 401 - actual_results: [{'name': 'vla_control', 'args': {'action': 'cancel_park_in'}}]
2026-03-24 16:59:45,145 - DEBUG - CaseID: 401 - expected_keys: {('vla_control', '{"action": "pause_park_in"}')}
2026-03-24 16:59:45,145 - DEBUG - CaseID: 401 - actual_keys: {('vla_control', '{"action": "cancel_park_in"}')}
2026-03-24 16:59:45,146 - ERROR - CaseID: 401
实际结果缺少以下预期项：
  名称: vla_control, 参数: {"action": "pause_park_in"}
实际结果多出以下非预期项：
  名称: vla_control, 参数: {"action": "cancel_park_in"}
2026-03-24 16:59:45,146 - DEBUG - CaseID: 402 - parse_multi_results输入 - name_str: 'vla_control', args_str: '{"action":"pause_park", "point_desc":{"parking_space":"车位"}}'
2026-03-24 16:59:45,146 - DEBUG - CaseID: 402 - parse_multi_results输出: [{'name': 'vla_control', 'args': {'action': 'pause_park', 'point_desc': {'parking_space': '车位'}}}]
2026-03-24 16:59:45,146 - DEBUG - CaseID: 402 - parse_multi_results输入 - name_str: 'vla_control', args_str: '{"point_desc":{"parking_space":"车位"},"action":"pause_park"}'
2026-03-24 16:59:45,146 - DEBUG - CaseID: 402 - parse_multi_results输出: [{'name': 'vla_control', 'args': {'action': 'pause_park', 'point_desc': {'parking_space': '车位'}}}]
2026-03-24 16:59:45,146 - DEBUG - CaseID: 402 - expected_results: [{'name': 'vla_control', 'args': {'action': 'pause_park', 'point_desc': {'parking_space': '车位'}}}]
2026-03-24 16:59:45,146 - DEBUG - CaseID: 402 - actual_results: [{'name': 'vla_control', 'args': {'action': 'pause_park', 'point_desc': {'parking_space': '车位'}}}]
2026-03-24 16:59:45,146 - DEBUG - CaseID: 402 - expected_keys: {('vla_control', '{"action": "pause_park", "point_desc": {"parking_space": "\\u8f66\\u4f4d"}}')}
2026-03-24 16:59:45,146 - DEBUG - CaseID: 402 - actual_keys: {('vla_control', '{"action": "pause_park", "point_desc": {"parking_space": "\\u8f66\\u4f4d"}}')}
2026-03-24 16:59:45,146 - DEBUG - CaseID: 403 - parse_multi_results输入 - name_str: 'vla_control', args_str: '{"action":"pause_navigate", "point_desc":{"parking_space":"车位"}}'
2026-03-24 16:59:45,146 - DEBUG - CaseID: 403 - parse_multi_results输出: [{'name': 'vla_control', 'args': {'action': 'pause_navigate', 'point_desc': {'parking_space': '车位'}}}]
2026-03-24 16:59:45,146 - DEBUG - CaseID: 403 - parse_multi_results输入 - name_str: 'vla_control', args_str: '{"point_desc":{"parking_space":"车位"},"action":"pause_navigate"}'
2026-03-24 16:59:45,146 - DEBUG - CaseID: 403 - parse_multi_results输出: [{'name': 'vla_control', 'args': {'action': 'pause_navigate', 'point_desc': {'parking_space': '车位'}}}]
2026-03-24 16:59:45,146 - DEBUG - CaseID: 403 - expected_results: [{'name': 'vla_control', 'args': {'action': 'pause_navigate', 'point_desc': {'parking_space': '车位'}}}]
2026-03-24 16:59:45,146 - DEBUG - CaseID: 403 - actual_results: [{'name': 'vla_control', 'args': {'action': 'pause_navigate', 'point_desc': {'parking_space': '车位'}}}]
2026-03-24 16:59:45,146 - DEBUG - CaseID: 403 - expected_keys: {('vla_control', '{"action": "pause_navigate", "point_desc": {"parking_space": "\\u8f66\\u4f4d"}}')}
2026-03-24 16:59:45,146 - DEBUG - CaseID: 403 - actual_keys: {('vla_control', '{"action": "pause_navigate", "point_desc": {"parking_space": "\\u8f66\\u4f4d"}}')}
2026-03-24 16:59:45,146 - DEBUG - CaseID: 404 - parse_multi_results输入 - name_str: 'vla_control', args_str: '{"action":"pause_navigate", "point_desc":{"parking_space":"车位"}}'
2026-03-24 16:59:45,146 - DEBUG - CaseID: 404 - parse_multi_results输出: [{'name': 'vla_control', 'args': {'action': 'pause_navigate', 'point_desc': {'parking_space': '车位'}}}]
2026-03-24 16:59:45,146 - DEBUG - CaseID: 404 - parse_multi_results输入 - name_str: 'vla_control', args_str: '{"point_desc":{"parking_space":"车位"},"action":"cancel_navigate"}'
2026-03-24 16:59:45,146 - DEBUG - CaseID: 404 - parse_multi_results输出: [{'name': 'vla_control', 'args': {'action': 'cancel_navigate', 'point_desc': {'parking_space': '车位'}}}]
2026-03-24 16:59:45,146 - DEBUG - CaseID: 404 - expected_results: [{'name': 'vla_control', 'args': {'action': 'pause_navigate', 'point_desc': {'parking_space': '车位'}}}]
2026-03-24 16:59:45,146 - DEBUG - CaseID: 404 - actual_results: [{'name': 'vla_control', 'args': {'action': 'cancel_navigate', 'point_desc': {'parking_space': '车位'}}}]
2026-03-24 16:59:45,146 - DEBUG - CaseID: 404 - expected_keys: {('vla_control', '{"action": "pause_navigate", "point_desc": {"parking_space": "\\u8f66\\u4f4d"}}')}
2026-03-24 16:59:45,146 - DEBUG - CaseID: 404 - actual_keys: {('vla_control', '{"action": "cancel_navigate", "point_desc": {"parking_space": "\\u8f66\\u4f4d"}}')}
2026-03-24 16:59:45,146 - ERROR - CaseID: 404
实际结果缺少以下预期项：
  名称: vla_control, 参数: {"action": "pause_navigate", "point_desc": {"parking_space": "\u8f66\u4f4d"}}
实际结果多出以下非预期项：
  名称: vla_control, 参数: {"action": "cancel_navigate", "point_desc": {"parking_space": "\u8f66\u4f4d"}}
2026-03-24 16:59:45,146 - INFO - 开始分片写入 404 条结果，每片 2000 条
2026-03-24 16:59:47,853 - INFO - 已写入第 1-404 行结果
2026-03-24 16:59:48,357 - INFO - === 4o_vehicle_control 流程完成，耗时: 5.76秒 ===
