2026-03-10 16:38:45,512 - INFO - === 必过集泛化工具启动 ===
2026-03-10 16:38:48,636 - INFO - 泛化比例：1 → 20
2026-03-10 16:39:08,765 - INFO - 正在连接源文档：https://li.feishu.cn/sheets/KLEusATRlh1BuktstdUcZHwun8b?sheet=AEVkmu
2026-03-10 16:39:08,933 - INFO - 成功加载源飞书表格
2026-03-10 16:39:11,717 - INFO - 已读取100行数据
2026-03-10 16:39:11,718 - INFO - 表格读取完成，共199行有效数据
2026-03-10 16:39:11,718 - INFO - 源表格可用列名：['ID', 'query', '预期APIINFO', None]
2026-03-10 16:39:11,718 - INFO - 第1行：ID=1，query=离车泊入...
2026-03-10 16:39:11,718 - INFO - 第2行：ID=1，query=开启离车泊入...
2026-03-10 16:39:11,718 - INFO - 第3行：ID=1，query=继续离车泊入...
2026-03-10 16:39:11,718 - INFO - 第4行：ID=2，query=泊车...
2026-03-10 16:39:11,718 - INFO - 第5行：ID=2，query=自己泊车吧...
2026-03-10 16:39:11,718 - INFO - 第6行：ID=2，query=我要泊车...
2026-03-10 16:39:11,719 - INFO - 第7行：ID=2，query=把车泊进去...
2026-03-10 16:39:11,719 - WARNING - 第8行：ID为空，跳过
2026-03-10 16:39:11,719 - WARNING - 第9行：ID为空，跳过
2026-03-10 16:39:11,719 - WARNING - 第10行：ID为空，跳过
2026-03-10 16:39:11,719 - WARNING - 第11行：ID为空，跳过
2026-03-10 16:39:11,719 - WARNING - 第12行：ID为空，跳过
2026-03-10 16:39:11,719 - WARNING - 第13行：ID为空，跳过
2026-03-10 16:39:11,719 - WARNING - 第14行：ID为空，跳过
2026-03-10 16:39:11,719 - WARNING - 第15行：ID为空，跳过
2026-03-10 16:39:11,719 - WARNING - 第16行：ID为空，跳过
2026-03-10 16:39:11,719 - WARNING - 第17行：ID为空，跳过
2026-03-10 16:39:11,719 - WARNING - 第18行：ID为空，跳过
2026-03-10 16:39:11,719 - WARNING - 第19行：ID为空，跳过
2026-03-10 16:39:11,719 - WARNING - 第20行：ID为空，跳过
2026-03-10 16:39:11,719 - WARNING - 第21行：ID为空，跳过
2026-03-10 16:39:11,719 - WARNING - 第22行：ID为空，跳过
2026-03-10 16:39:11,719 - WARNING - 第23行：ID为空，跳过
2026-03-10 16:39:11,719 - WARNING - 第24行：ID为空，跳过
2026-03-10 16:39:11,720 - WARNING - 第25行：ID为空，跳过
2026-03-10 16:39:11,720 - WARNING - 第26行：ID为空，跳过
2026-03-10 16:39:11,720 - WARNING - 第27行：ID为空，跳过
2026-03-10 16:39:11,720 - WARNING - 第28行：ID为空，跳过
2026-03-10 16:39:11,720 - WARNING - 第29行：ID为空，跳过
2026-03-10 16:39:11,720 - WARNING - 第30行：ID为空，跳过
2026-03-10 16:39:11,720 - WARNING - 第31行：ID为空，跳过
2026-03-10 16:39:11,720 - WARNING - 第32行：ID为空，跳过
2026-03-10 16:39:11,720 - WARNING - 第33行：ID为空，跳过
2026-03-10 16:39:11,720 - WARNING - 第34行：ID为空，跳过
2026-03-10 16:39:11,720 - WARNING - 第35行：ID为空，跳过
2026-03-10 16:39:11,720 - WARNING - 第36行：ID为空，跳过
2026-03-10 16:39:11,720 - WARNING - 第37行：ID为空，跳过
2026-03-10 16:39:11,720 - WARNING - 第38行：ID为空，跳过
2026-03-10 16:39:11,720 - WARNING - 第39行：ID为空，跳过
2026-03-10 16:39:11,720 - WARNING - 第40行：ID为空，跳过
2026-03-10 16:39:11,720 - WARNING - 第41行：ID为空，跳过
2026-03-10 16:39:11,720 - WARNING - 第42行：ID为空，跳过
2026-03-10 16:39:11,720 - WARNING - 第43行：ID为空，跳过
2026-03-10 16:39:11,720 - WARNING - 第44行：ID为空，跳过
2026-03-10 16:39:11,720 - WARNING - 第45行：ID为空，跳过
2026-03-10 16:39:11,720 - WARNING - 第46行：ID为空，跳过
2026-03-10 16:39:11,720 - WARNING - 第47行：ID为空，跳过
2026-03-10 16:39:11,720 - WARNING - 第48行：ID为空，跳过
2026-03-10 16:39:11,720 - WARNING - 第49行：ID为空，跳过
2026-03-10 16:39:11,720 - WARNING - 第50行：ID为空，跳过
2026-03-10 16:39:11,720 - WARNING - 第51行：ID为空，跳过
2026-03-10 16:39:11,720 - WARNING - 第52行：ID为空，跳过
2026-03-10 16:39:11,720 - WARNING - 第53行：ID为空，跳过
2026-03-10 16:39:11,720 - WARNING - 第54行：ID为空，跳过
2026-03-10 16:39:11,720 - WARNING - 第55行：ID为空，跳过
2026-03-10 16:39:11,720 - WARNING - 第56行：ID为空，跳过
2026-03-10 16:39:11,720 - WARNING - 第57行：ID为空，跳过
2026-03-10 16:39:11,720 - WARNING - 第58行：ID为空，跳过
2026-03-10 16:39:11,720 - WARNING - 第59行：ID为空，跳过
2026-03-10 16:39:11,721 - WARNING - 第60行：ID为空，跳过
2026-03-10 16:39:11,721 - WARNING - 第61行：ID为空，跳过
2026-03-10 16:39:11,721 - WARNING - 第62行：ID为空，跳过
2026-03-10 16:39:11,721 - WARNING - 第63行：ID为空，跳过
2026-03-10 16:39:11,721 - WARNING - 第64行：ID为空，跳过
2026-03-10 16:39:11,721 - WARNING - 第65行：ID为空，跳过
2026-03-10 16:39:11,721 - WARNING - 第66行：ID为空，跳过
2026-03-10 16:39:11,721 - WARNING - 第67行：ID为空，跳过
2026-03-10 16:39:11,721 - WARNING - 第68行：ID为空，跳过
2026-03-10 16:39:11,721 - WARNING - 第69行：ID为空，跳过
2026-03-10 16:39:11,721 - WARNING - 第70行：ID为空，跳过
2026-03-10 16:39:11,721 - WARNING - 第71行：ID为空，跳过
2026-03-10 16:39:11,721 - WARNING - 第72行：ID为空，跳过
2026-03-10 16:39:11,721 - WARNING - 第73行：ID为空，跳过
2026-03-10 16:39:11,721 - WARNING - 第74行：ID为空，跳过
2026-03-10 16:39:11,721 - WARNING - 第75行：ID为空，跳过
2026-03-10 16:39:11,721 - WARNING - 第76行：ID为空，跳过
2026-03-10 16:39:11,721 - WARNING - 第77行：ID为空，跳过
2026-03-10 16:39:11,721 - WARNING - 第78行：ID为空，跳过
2026-03-10 16:39:11,721 - WARNING - 第79行：ID为空，跳过
2026-03-10 16:39:11,721 - WARNING - 第80行：ID为空，跳过
2026-03-10 16:39:11,721 - WARNING - 第81行：ID为空，跳过
2026-03-10 16:39:11,721 - WARNING - 第82行：ID为空，跳过
2026-03-10 16:39:11,721 - WARNING - 第83行：ID为空，跳过
2026-03-10 16:39:11,721 - WARNING - 第84行：ID为空，跳过
2026-03-10 16:39:11,721 - WARNING - 第85行：ID为空，跳过
2026-03-10 16:39:11,721 - WARNING - 第86行：ID为空，跳过
2026-03-10 16:39:11,721 - WARNING - 第87行：ID为空，跳过
2026-03-10 16:39:11,721 - WARNING - 第88行：ID为空，跳过
2026-03-10 16:39:11,721 - WARNING - 第89行：ID为空，跳过
2026-03-10 16:39:11,721 - WARNING - 第90行：ID为空，跳过
2026-03-10 16:39:11,721 - WARNING - 第91行：ID为空，跳过
2026-03-10 16:39:11,721 - WARNING - 第92行：ID为空，跳过
2026-03-10 16:39:11,721 - WARNING - 第93行：ID为空，跳过
2026-03-10 16:39:11,721 - WARNING - 第94行：ID为空，跳过
2026-03-10 16:39:11,721 - WARNING - 第95行：ID为空，跳过
2026-03-10 16:39:11,721 - WARNING - 第96行：ID为空，跳过
2026-03-10 16:39:11,721 - WARNING - 第97行：ID为空，跳过
2026-03-10 16:39:11,721 - WARNING - 第98行：ID为空，跳过
2026-03-10 16:39:11,721 - WARNING - 第99行：ID为空，跳过
2026-03-10 16:39:11,722 - WARNING - 第100行：ID为空，跳过
2026-03-10 16:39:11,722 - WARNING - 第101行：ID为空，跳过
2026-03-10 16:39:11,722 - WARNING - 第102行：ID为空，跳过
2026-03-10 16:39:11,722 - WARNING - 第103行：ID为空，跳过
2026-03-10 16:39:11,722 - WARNING - 第104行：ID为空，跳过
2026-03-10 16:39:11,722 - WARNING - 第105行：ID为空，跳过
2026-03-10 16:39:11,722 - WARNING - 第106行：ID为空，跳过
2026-03-10 16:39:11,722 - WARNING - 第107行：ID为空，跳过
2026-03-10 16:39:11,722 - WARNING - 第108行：ID为空，跳过
2026-03-10 16:39:11,722 - WARNING - 第109行：ID为空，跳过
2026-03-10 16:39:11,722 - WARNING - 第110行：ID为空，跳过
2026-03-10 16:39:11,722 - WARNING - 第111行：ID为空，跳过
2026-03-10 16:39:11,722 - WARNING - 第112行：ID为空，跳过
2026-03-10 16:39:11,722 - WARNING - 第113行：ID为空，跳过
2026-03-10 16:39:11,722 - WARNING - 第114行：ID为空，跳过
2026-03-10 16:39:11,722 - WARNING - 第115行：ID为空，跳过
2026-03-10 16:39:11,722 - WARNING - 第116行：ID为空，跳过
2026-03-10 16:39:11,722 - WARNING - 第117行：ID为空，跳过
2026-03-10 16:39:11,722 - WARNING - 第118行：ID为空，跳过
2026-03-10 16:39:11,722 - WARNING - 第119行：ID为空，跳过
2026-03-10 16:39:11,722 - WARNING - 第120行：ID为空，跳过
2026-03-10 16:39:11,722 - WARNING - 第121行：ID为空，跳过
2026-03-10 16:39:11,722 - WARNING - 第122行：ID为空，跳过
2026-03-10 16:39:11,722 - WARNING - 第123行：ID为空，跳过
2026-03-10 16:39:11,722 - WARNING - 第124行：ID为空，跳过
2026-03-10 16:39:11,722 - WARNING - 第125行：ID为空，跳过
2026-03-10 16:39:11,722 - WARNING - 第126行：ID为空，跳过
2026-03-10 16:39:11,722 - WARNING - 第127行：ID为空，跳过
2026-03-10 16:39:11,722 - WARNING - 第128行：ID为空，跳过
2026-03-10 16:39:11,722 - WARNING - 第129行：ID为空，跳过
2026-03-10 16:39:11,722 - WARNING - 第130行：ID为空，跳过
2026-03-10 16:39:11,722 - WARNING - 第131行：ID为空，跳过
2026-03-10 16:39:11,722 - WARNING - 第132行：ID为空，跳过
2026-03-10 16:39:11,722 - WARNING - 第133行：ID为空，跳过
2026-03-10 16:39:11,722 - WARNING - 第134行：ID为空，跳过
2026-03-10 16:39:11,722 - WARNING - 第135行：ID为空，跳过
2026-03-10 16:39:11,722 - WARNING - 第136行：ID为空，跳过
2026-03-10 16:39:11,722 - WARNING - 第137行：ID为空，跳过
2026-03-10 16:39:11,722 - WARNING - 第138行：ID为空，跳过
2026-03-10 16:39:11,722 - WARNING - 第139行：ID为空，跳过
2026-03-10 16:39:11,723 - WARNING - 第140行：ID为空，跳过
2026-03-10 16:39:11,723 - WARNING - 第141行：ID为空，跳过
2026-03-10 16:39:11,723 - WARNING - 第142行：ID为空，跳过
2026-03-10 16:39:11,723 - WARNING - 第143行：ID为空，跳过
2026-03-10 16:39:11,723 - WARNING - 第144行：ID为空，跳过
2026-03-10 16:39:11,723 - WARNING - 第145行：ID为空，跳过
2026-03-10 16:39:11,723 - WARNING - 第146行：ID为空，跳过
2026-03-10 16:39:11,723 - WARNING - 第147行：ID为空，跳过
2026-03-10 16:39:11,723 - WARNING - 第148行：ID为空，跳过
2026-03-10 16:39:11,723 - WARNING - 第149行：ID为空，跳过
2026-03-10 16:39:11,723 - WARNING - 第150行：ID为空，跳过
2026-03-10 16:39:11,723 - WARNING - 第151行：ID为空，跳过
2026-03-10 16:39:11,723 - WARNING - 第152行：ID为空，跳过
2026-03-10 16:39:11,723 - WARNING - 第153行：ID为空，跳过
2026-03-10 16:39:11,723 - WARNING - 第154行：ID为空，跳过
2026-03-10 16:39:11,723 - WARNING - 第155行：ID为空，跳过
2026-03-10 16:39:11,723 - WARNING - 第156行：ID为空，跳过
2026-03-10 16:39:11,723 - WARNING - 第157行：ID为空，跳过
2026-03-10 16:39:11,723 - WARNING - 第158行：ID为空，跳过
2026-03-10 16:39:11,723 - WARNING - 第159行：ID为空，跳过
2026-03-10 16:39:11,723 - WARNING - 第160行：ID为空，跳过
2026-03-10 16:39:11,723 - WARNING - 第161行：ID为空，跳过
2026-03-10 16:39:11,723 - WARNING - 第162行：ID为空，跳过
2026-03-10 16:39:11,723 - WARNING - 第163行：ID为空，跳过
2026-03-10 16:39:11,723 - WARNING - 第164行：ID为空，跳过
2026-03-10 16:39:11,723 - WARNING - 第165行：ID为空，跳过
2026-03-10 16:39:11,723 - WARNING - 第166行：ID为空，跳过
2026-03-10 16:39:11,723 - WARNING - 第167行：ID为空，跳过
2026-03-10 16:39:11,723 - WARNING - 第168行：ID为空，跳过
2026-03-10 16:39:11,723 - WARNING - 第169行：ID为空，跳过
2026-03-10 16:39:11,723 - WARNING - 第170行：ID为空，跳过
2026-03-10 16:39:11,723 - WARNING - 第171行：ID为空，跳过
2026-03-10 16:39:11,723 - WARNING - 第172行：ID为空，跳过
2026-03-10 16:39:11,723 - WARNING - 第173行：ID为空，跳过
2026-03-10 16:39:11,723 - WARNING - 第174行：ID为空，跳过
2026-03-10 16:39:11,723 - WARNING - 第175行：ID为空，跳过
2026-03-10 16:39:11,723 - WARNING - 第176行：ID为空，跳过
2026-03-10 16:39:11,723 - WARNING - 第177行：ID为空，跳过
2026-03-10 16:39:11,723 - WARNING - 第178行：ID为空，跳过
2026-03-10 16:39:11,723 - WARNING - 第179行：ID为空，跳过
2026-03-10 16:39:11,723 - WARNING - 第180行：ID为空，跳过
2026-03-10 16:39:11,724 - WARNING - 第181行：ID为空，跳过
2026-03-10 16:39:11,724 - WARNING - 第182行：ID为空，跳过
2026-03-10 16:39:11,724 - WARNING - 第183行：ID为空，跳过
2026-03-10 16:39:11,724 - WARNING - 第184行：ID为空，跳过
2026-03-10 16:39:11,724 - WARNING - 第185行：ID为空，跳过
2026-03-10 16:39:11,724 - WARNING - 第186行：ID为空，跳过
2026-03-10 16:39:11,724 - WARNING - 第187行：ID为空，跳过
2026-03-10 16:39:11,724 - WARNING - 第188行：ID为空，跳过
2026-03-10 16:39:11,724 - WARNING - 第189行：ID为空，跳过
2026-03-10 16:39:11,724 - WARNING - 第190行：ID为空，跳过
2026-03-10 16:39:11,724 - WARNING - 第191行：ID为空，跳过
2026-03-10 16:39:11,724 - WARNING - 第192行：ID为空，跳过
2026-03-10 16:39:11,724 - WARNING - 第193行：ID为空，跳过
2026-03-10 16:39:11,724 - WARNING - 第194行：ID为空，跳过
2026-03-10 16:39:11,724 - WARNING - 第195行：ID为空，跳过
2026-03-10 16:39:11,724 - WARNING - 第196行：ID为空，跳过
2026-03-10 16:39:11,724 - WARNING - 第197行：ID为空，跳过
2026-03-10 16:39:11,724 - WARNING - 第198行：ID为空，跳过
2026-03-10 16:39:11,724 - WARNING - 第199行：ID为空，跳过
2026-03-10 16:39:11,724 - INFO - 数据分组完成：共2个ID组
2026-03-10 16:39:11,724 - INFO - 正在处理ID组 1/2：ID=1
2026-03-10 16:39:11,724 - INFO - 该ID组有3个原始query：['离车泊入', '开启离车泊入', '继续离车泊入']
2026-03-10 16:39:11,724 - INFO - 对应function：{"name":"vla_control", "arguments":{"action":"geto...
2026-03-10 16:39:11,724 - INFO - 该ID组需要新生成：20个泛化query（比例1:20）
2026-03-10 16:39:11,724 - INFO -   基于原始query生成5个变体：离车泊入...
2026-03-10 16:39:11,724 - INFO - 调用LLM泛化query：离车泊入
2026-03-10 16:39:13,885 - INFO - LLM泛化成功，生成4个有效变体（过滤后）
2026-03-10 16:39:13,886 - WARNING - 泛化数量不足，使用原query补充
2026-03-10 16:39:13,886 - INFO -   ✓ 已生成 1/20：帮我离车泊入...
2026-03-10 16:39:13,886 - INFO -   ✗ 跳过重复query：开启离车泊入...
2026-03-10 16:39:13,886 - INFO -   ✓ 已生成 2/20：离车泊入吧...
2026-03-10 16:39:13,886 - INFO -   ✓ 已生成 3/20：启动离车泊入...
2026-03-10 16:39:13,886 - INFO -   ✗ 跳过重复query：离车泊入...
2026-03-10 16:39:13,886 - INFO -   基于原始query生成5个变体：开启离车泊入...
2026-03-10 16:39:13,887 - INFO - 调用LLM泛化query：开启离车泊入
2026-03-10 16:39:15,973 - INFO - LLM泛化成功，生成4个有效变体（过滤后）
2026-03-10 16:39:15,974 - WARNING - 泛化数量不足，使用原query补充
2026-03-10 16:39:15,974 - INFO -   ✓ 已生成 4/20：帮我开启离车泊入...
2026-03-10 16:39:15,974 - INFO -   ✗ 跳过重复query：启动离车泊入...
2026-03-10 16:39:15,975 - INFO -   ✓ 已生成 5/20：开启离车泊入吧...
2026-03-10 16:39:15,975 - INFO -   ✓ 已生成 6/20：现在开启离车泊入...
2026-03-10 16:39:15,975 - INFO -   ✗ 跳过重复query：开启离车泊入...
2026-03-10 16:39:15,975 - INFO -   基于原始query生成5个变体：继续离车泊入...
2026-03-10 16:39:15,975 - INFO - 调用LLM泛化query：继续离车泊入
2026-03-10 16:39:18,109 - INFO - LLM泛化成功，生成4个有效变体（过滤后）
2026-03-10 16:39:18,110 - WARNING - 泛化数量不足，使用原query补充
2026-03-10 16:39:18,110 - INFO -   ✓ 已生成 7/20：帮我继续离车泊入...
2026-03-10 16:39:18,110 - INFO -   ✓ 已生成 8/20：继续离车泊入吧...
2026-03-10 16:39:18,110 - INFO -   ✓ 已生成 9/20：开启继续离车泊入...
2026-03-10 16:39:18,111 - INFO -   ✓ 已生成 10/20：现在继续离车泊入...
2026-03-10 16:39:18,111 - INFO -   ✗ 跳过重复query：继续离车泊入...
2026-03-10 16:39:18,111 - INFO -   基于原始query生成5个变体：离车泊入...
2026-03-10 16:39:18,111 - INFO - 调用LLM泛化query：离车泊入
2026-03-10 16:39:18,111 - INFO - LLM泛化成功，生成4个有效变体（过滤后）
2026-03-10 16:39:18,111 - WARNING - 泛化数量不足，使用原query补充
2026-03-10 16:39:18,112 - INFO -   ✗ 跳过重复query：帮我离车泊入...
2026-03-10 16:39:18,112 - INFO -   ✗ 跳过重复query：开启离车泊入...
2026-03-10 16:39:18,112 - INFO -   ✗ 跳过重复query：离车泊入吧...
2026-03-10 16:39:18,112 - INFO -   ✗ 跳过重复query：启动离车泊入...
2026-03-10 16:39:18,112 - INFO -   ✗ 跳过重复query：离车泊入...
2026-03-10 16:39:18,112 - INFO -   基于原始query生成5个变体：开启离车泊入...
2026-03-10 16:39:18,112 - INFO - 调用LLM泛化query：开启离车泊入
2026-03-10 16:39:18,112 - INFO - LLM泛化成功，生成4个有效变体（过滤后）
2026-03-10 16:39:18,113 - WARNING - 泛化数量不足，使用原query补充
2026-03-10 16:39:18,113 - INFO -   ✗ 跳过重复query：帮我开启离车泊入...
2026-03-10 16:39:18,113 - INFO -   ✗ 跳过重复query：启动离车泊入...
2026-03-10 16:39:18,113 - INFO -   ✗ 跳过重复query：开启离车泊入吧...
2026-03-10 16:39:18,113 - INFO -   ✗ 跳过重复query：现在开启离车泊入...
2026-03-10 16:39:18,113 - INFO -   ✗ 跳过重复query：开启离车泊入...
2026-03-10 16:39:18,113 - INFO -   基于原始query生成5个变体：继续离车泊入...
2026-03-10 16:39:18,113 - INFO - 调用LLM泛化query：继续离车泊入
2026-03-10 16:39:18,113 - INFO - LLM泛化成功，生成4个有效变体（过滤后）
2026-03-10 16:39:18,114 - WARNING - 泛化数量不足，使用原query补充
2026-03-10 16:39:18,114 - INFO -   ✗ 跳过重复query：帮我继续离车泊入...
2026-03-10 16:39:18,114 - INFO -   ✗ 跳过重复query：继续离车泊入吧...
2026-03-10 16:39:18,114 - INFO -   ✗ 跳过重复query：开启继续离车泊入...
2026-03-10 16:39:18,114 - INFO -   ✗ 跳过重复query：现在继续离车泊入...
2026-03-10 16:39:18,114 - INFO -   ✗ 跳过重复query：继续离车泊入...
2026-03-10 16:39:18,114 - INFO -   基于原始query生成5个变体：离车泊入...
2026-03-10 16:39:18,114 - INFO - 调用LLM泛化query：离车泊入
2026-03-10 16:39:18,115 - INFO - LLM泛化成功，生成4个有效变体（过滤后）
2026-03-10 16:39:18,115 - WARNING - 泛化数量不足，使用原query补充
2026-03-10 16:39:18,115 - INFO -   ✗ 跳过重复query：帮我离车泊入...
2026-03-10 16:39:18,115 - INFO -   ✗ 跳过重复query：开启离车泊入...
2026-03-10 16:39:18,115 - INFO -   ✗ 跳过重复query：离车泊入吧...
2026-03-10 16:39:18,115 - INFO -   ✗ 跳过重复query：启动离车泊入...
2026-03-10 16:39:18,115 - INFO -   ✗ 跳过重复query：离车泊入...
2026-03-10 16:39:18,115 - INFO -   基于原始query生成5个变体：开启离车泊入...
2026-03-10 16:39:18,115 - INFO - 调用LLM泛化query：开启离车泊入
2026-03-10 16:39:18,115 - INFO - LLM泛化成功，生成4个有效变体（过滤后）
2026-03-10 16:39:18,115 - WARNING - 泛化数量不足，使用原query补充
2026-03-10 16:39:18,116 - INFO -   ✗ 跳过重复query：帮我开启离车泊入...
2026-03-10 16:39:18,116 - INFO -   ✗ 跳过重复query：启动离车泊入...
2026-03-10 16:39:18,116 - INFO -   ✗ 跳过重复query：开启离车泊入吧...
2026-03-10 16:39:18,116 - INFO -   ✗ 跳过重复query：现在开启离车泊入...
2026-03-10 16:39:18,116 - INFO -   ✗ 跳过重复query：开启离车泊入...
2026-03-10 16:39:18,116 - INFO -   基于原始query生成5个变体：继续离车泊入...
2026-03-10 16:39:18,116 - INFO - 调用LLM泛化query：继续离车泊入
2026-03-10 16:39:18,116 - INFO - LLM泛化成功，生成4个有效变体（过滤后）
2026-03-10 16:39:18,116 - WARNING - 泛化数量不足，使用原query补充
2026-03-10 16:39:18,116 - INFO -   ✗ 跳过重复query：帮我继续离车泊入...
2026-03-10 16:39:18,116 - INFO -   ✗ 跳过重复query：继续离车泊入吧...
2026-03-10 16:39:18,116 - INFO -   ✗ 跳过重复query：开启继续离车泊入...
2026-03-10 16:39:18,117 - INFO -   ✗ 跳过重复query：现在继续离车泊入...
2026-03-10 16:39:18,117 - INFO -   ✗ 跳过重复query：继续离车泊入...
2026-03-10 16:39:18,117 - INFO -   基于原始query生成5个变体：离车泊入...
2026-03-10 16:39:18,117 - INFO - 调用LLM泛化query：离车泊入
2026-03-10 16:39:18,117 - INFO - LLM泛化成功，生成4个有效变体（过滤后）
2026-03-10 16:39:18,117 - WARNING - 泛化数量不足，使用原query补充
2026-03-10 16:39:18,117 - INFO -   ✗ 跳过重复query：帮我离车泊入...
2026-03-10 16:39:18,117 - INFO -   ✗ 跳过重复query：开启离车泊入...
2026-03-10 16:39:18,117 - INFO -   ✗ 跳过重复query：离车泊入吧...
2026-03-10 16:39:18,117 - INFO -   ✗ 跳过重复query：启动离车泊入...
2026-03-10 16:39:18,117 - INFO -   ✗ 跳过重复query：离车泊入...
2026-03-10 16:39:18,117 - INFO -   基于原始query生成5个变体：开启离车泊入...
2026-03-10 16:39:18,117 - INFO - 调用LLM泛化query：开启离车泊入
2026-03-10 16:39:18,117 - INFO - LLM泛化成功，生成4个有效变体（过滤后）
2026-03-10 16:39:18,117 - WARNING - 泛化数量不足，使用原query补充
2026-03-10 16:39:18,117 - INFO -   ✗ 跳过重复query：帮我开启离车泊入...
2026-03-10 16:39:18,117 - INFO -   ✗ 跳过重复query：启动离车泊入...
2026-03-10 16:39:18,117 - INFO -   ✗ 跳过重复query：开启离车泊入吧...
2026-03-10 16:39:18,117 - INFO -   ✗ 跳过重复query：现在开启离车泊入...
2026-03-10 16:39:18,117 - INFO -   ✗ 跳过重复query：开启离车泊入...
2026-03-10 16:39:18,118 - INFO -   基于原始query生成5个变体：继续离车泊入...
2026-03-10 16:39:18,118 - INFO - 调用LLM泛化query：继续离车泊入
2026-03-10 16:39:18,118 - INFO - LLM泛化成功，生成4个有效变体（过滤后）
2026-03-10 16:39:18,118 - WARNING - 泛化数量不足，使用原query补充
2026-03-10 16:39:18,118 - INFO -   ✗ 跳过重复query：帮我继续离车泊入...
2026-03-10 16:39:18,118 - INFO -   ✗ 跳过重复query：继续离车泊入吧...
2026-03-10 16:39:18,118 - INFO -   ✗ 跳过重复query：开启继续离车泊入...
2026-03-10 16:39:18,118 - INFO -   ✗ 跳过重复query：现在继续离车泊入...
2026-03-10 16:39:18,118 - INFO -   ✗ 跳过重复query：继续离车泊入...
2026-03-10 16:39:18,118 - INFO -   基于原始query生成5个变体：离车泊入...
2026-03-10 16:39:18,118 - INFO - 调用LLM泛化query：离车泊入
2026-03-10 16:39:18,118 - INFO - LLM泛化成功，生成4个有效变体（过滤后）
2026-03-10 16:39:18,118 - WARNING - 泛化数量不足，使用原query补充
2026-03-10 16:39:18,118 - INFO -   ✗ 跳过重复query：帮我离车泊入...
2026-03-10 16:39:18,118 - INFO -   ✗ 跳过重复query：开启离车泊入...
2026-03-10 16:39:18,118 - INFO -   ✗ 跳过重复query：离车泊入吧...
2026-03-10 16:39:18,118 - INFO -   ✗ 跳过重复query：启动离车泊入...
2026-03-10 16:39:18,118 - INFO -   ✗ 跳过重复query：离车泊入...
2026-03-10 16:39:18,118 - INFO -   基于原始query生成5个变体：开启离车泊入...
2026-03-10 16:39:18,118 - INFO - 调用LLM泛化query：开启离车泊入
2026-03-10 16:39:18,118 - INFO - LLM泛化成功，生成4个有效变体（过滤后）
2026-03-10 16:39:18,118 - WARNING - 泛化数量不足，使用原query补充
2026-03-10 16:39:18,118 - INFO -   ✗ 跳过重复query：帮我开启离车泊入...
2026-03-10 16:39:18,118 - INFO -   ✗ 跳过重复query：启动离车泊入...
2026-03-10 16:39:18,118 - INFO -   ✗ 跳过重复query：开启离车泊入吧...
2026-03-10 16:39:18,118 - INFO -   ✗ 跳过重复query：现在开启离车泊入...
2026-03-10 16:39:18,118 - INFO -   ✗ 跳过重复query：开启离车泊入...
2026-03-10 16:39:18,118 - INFO -   基于原始query生成5个变体：继续离车泊入...
2026-03-10 16:39:18,118 - INFO - 调用LLM泛化query：继续离车泊入
2026-03-10 16:39:18,118 - INFO - LLM泛化成功，生成4个有效变体（过滤后）
2026-03-10 16:39:18,118 - WARNING - 泛化数量不足，使用原query补充
2026-03-10 16:39:18,118 - INFO -   ✗ 跳过重复query：帮我继续离车泊入...
2026-03-10 16:39:18,118 - INFO -   ✗ 跳过重复query：继续离车泊入吧...
2026-03-10 16:39:18,118 - INFO -   ✗ 跳过重复query：开启继续离车泊入...
2026-03-10 16:39:18,118 - INFO -   ✗ 跳过重复query：现在继续离车泊入...
2026-03-10 16:39:18,118 - INFO -   ✗ 跳过重复query：继续离车泊入...
2026-03-10 16:39:18,118 - INFO -   基于原始query生成5个变体：离车泊入...
2026-03-10 16:39:18,118 - INFO - 调用LLM泛化query：离车泊入
2026-03-10 16:39:18,119 - INFO - LLM泛化成功，生成4个有效变体（过滤后）
2026-03-10 16:39:18,119 - WARNING - 泛化数量不足，使用原query补充
2026-03-10 16:39:18,119 - INFO -   ✗ 跳过重复query：帮我离车泊入...
2026-03-10 16:39:18,119 - INFO -   ✗ 跳过重复query：开启离车泊入...
2026-03-10 16:39:18,119 - INFO -   ✗ 跳过重复query：离车泊入吧...
2026-03-10 16:39:18,119 - INFO -   ✗ 跳过重复query：启动离车泊入...
2026-03-10 16:39:18,119 - INFO -   ✗ 跳过重复query：离车泊入...
2026-03-10 16:39:18,119 - INFO -   基于原始query生成5个变体：开启离车泊入...
2026-03-10 16:39:18,119 - INFO - 调用LLM泛化query：开启离车泊入
2026-03-10 16:39:18,119 - INFO - LLM泛化成功，生成4个有效变体（过滤后）
2026-03-10 16:39:18,119 - WARNING - 泛化数量不足，使用原query补充
2026-03-10 16:39:18,119 - INFO -   ✗ 跳过重复query：帮我开启离车泊入...
2026-03-10 16:39:18,119 - INFO -   ✗ 跳过重复query：启动离车泊入...
2026-03-10 16:39:18,119 - INFO -   ✗ 跳过重复query：开启离车泊入吧...
2026-03-10 16:39:18,119 - INFO -   ✗ 跳过重复query：现在开启离车泊入...
2026-03-10 16:39:18,119 - INFO -   ✗ 跳过重复query：开启离车泊入...
2026-03-10 16:39:18,119 - INFO -   基于原始query生成5个变体：继续离车泊入...
2026-03-10 16:39:18,119 - INFO - 调用LLM泛化query：继续离车泊入
2026-03-10 16:39:18,119 - INFO - LLM泛化成功，生成4个有效变体（过滤后）
2026-03-10 16:39:18,119 - WARNING - 泛化数量不足，使用原query补充
2026-03-10 16:39:18,119 - INFO -   ✗ 跳过重复query：帮我继续离车泊入...
2026-03-10 16:39:18,119 - INFO -   ✗ 跳过重复query：继续离车泊入吧...
2026-03-10 16:39:18,119 - INFO -   ✗ 跳过重复query：开启继续离车泊入...
2026-03-10 16:39:18,119 - INFO -   ✗ 跳过重复query：现在继续离车泊入...
2026-03-10 16:39:18,119 - INFO -   ✗ 跳过重复query：继续离车泊入...
2026-03-10 16:39:18,119 - INFO -   基于原始query生成5个变体：离车泊入...
2026-03-10 16:39:18,119 - INFO - 调用LLM泛化query：离车泊入
2026-03-10 16:39:18,119 - INFO - LLM泛化成功，生成4个有效变体（过滤后）
2026-03-10 16:39:18,119 - WARNING - 泛化数量不足，使用原query补充
2026-03-10 16:39:18,119 - INFO -   ✗ 跳过重复query：帮我离车泊入...
2026-03-10 16:39:18,119 - INFO -   ✗ 跳过重复query：开启离车泊入...
2026-03-10 16:39:18,119 - INFO -   ✗ 跳过重复query：离车泊入吧...
2026-03-10 16:39:18,119 - INFO -   ✗ 跳过重复query：启动离车泊入...
2026-03-10 16:39:18,119 - INFO -   ✗ 跳过重复query：离车泊入...
2026-03-10 16:39:18,119 - INFO -   基于原始query生成5个变体：开启离车泊入...
2026-03-10 16:39:18,119 - INFO - 调用LLM泛化query：开启离车泊入
2026-03-10 16:39:18,119 - INFO - LLM泛化成功，生成4个有效变体（过滤后）
2026-03-10 16:39:18,119 - WARNING - 泛化数量不足，使用原query补充
2026-03-10 16:39:18,119 - INFO -   ✗ 跳过重复query：帮我开启离车泊入...
2026-03-10 16:39:18,119 - INFO -   ✗ 跳过重复query：启动离车泊入...
2026-03-10 16:39:18,120 - INFO -   ✗ 跳过重复query：开启离车泊入吧...
2026-03-10 16:39:18,120 - INFO -   ✗ 跳过重复query：现在开启离车泊入...
2026-03-10 16:39:18,120 - INFO -   ✗ 跳过重复query：开启离车泊入...
2026-03-10 16:39:18,120 - INFO -   基于原始query生成5个变体：继续离车泊入...
2026-03-10 16:39:18,120 - INFO - 调用LLM泛化query：继续离车泊入
2026-03-10 16:39:18,120 - INFO - LLM泛化成功，生成4个有效变体（过滤后）
2026-03-10 16:39:18,120 - WARNING - 泛化数量不足，使用原query补充
2026-03-10 16:39:18,120 - INFO -   ✗ 跳过重复query：帮我继续离车泊入...
2026-03-10 16:39:18,120 - INFO -   ✗ 跳过重复query：继续离车泊入吧...
2026-03-10 16:39:18,120 - INFO -   ✗ 跳过重复query：开启继续离车泊入...
2026-03-10 16:39:18,120 - INFO -   ✗ 跳过重复query：现在继续离车泊入...
2026-03-10 16:39:18,120 - INFO -   ✗ 跳过重复query：继续离车泊入...
2026-03-10 16:39:18,120 - INFO -   基于原始query生成5个变体：离车泊入...
2026-03-10 16:39:18,120 - INFO - 调用LLM泛化query：离车泊入
2026-03-10 16:39:18,120 - INFO - LLM泛化成功，生成4个有效变体（过滤后）
2026-03-10 16:39:18,120 - WARNING - 泛化数量不足，使用原query补充
2026-03-10 16:39:18,120 - INFO -   ✗ 跳过重复query：帮我离车泊入...
2026-03-10 16:39:18,120 - INFO -   ✗ 跳过重复query：开启离车泊入...
2026-03-10 16:39:18,120 - INFO -   ✗ 跳过重复query：离车泊入吧...
2026-03-10 16:39:18,120 - INFO -   ✗ 跳过重复query：启动离车泊入...
2026-03-10 16:39:18,120 - INFO -   ✗ 跳过重复query：离车泊入...
2026-03-10 16:39:18,120 - INFO -   基于原始query生成5个变体：开启离车泊入...
2026-03-10 16:39:18,120 - INFO - 调用LLM泛化query：开启离车泊入
2026-03-10 16:39:18,120 - INFO - LLM泛化成功，生成4个有效变体（过滤后）
2026-03-10 16:39:18,120 - WARNING - 泛化数量不足，使用原query补充
2026-03-10 16:39:18,120 - INFO -   ✗ 跳过重复query：帮我开启离车泊入...
2026-03-10 16:39:18,120 - INFO -   ✗ 跳过重复query：启动离车泊入...
2026-03-10 16:39:18,120 - INFO -   ✗ 跳过重复query：开启离车泊入吧...
2026-03-10 16:39:18,120 - INFO -   ✗ 跳过重复query：现在开启离车泊入...
2026-03-10 16:39:18,120 - INFO -   ✗ 跳过重复query：开启离车泊入...
2026-03-10 16:39:18,120 - INFO -   基于原始query生成5个变体：继续离车泊入...
2026-03-10 16:39:18,120 - INFO - 调用LLM泛化query：继续离车泊入
2026-03-10 16:39:18,120 - INFO - LLM泛化成功，生成4个有效变体（过滤后）
2026-03-10 16:39:18,120 - WARNING - 泛化数量不足，使用原query补充
2026-03-10 16:39:18,120 - INFO -   ✗ 跳过重复query：帮我继续离车泊入...
2026-03-10 16:39:18,120 - INFO -   ✗ 跳过重复query：继续离车泊入吧...
2026-03-10 16:39:18,120 - INFO -   ✗ 跳过重复query：开启继续离车泊入...
2026-03-10 16:39:18,120 - INFO -   ✗ 跳过重复query：现在继续离车泊入...
2026-03-10 16:39:18,120 - INFO -   ✗ 跳过重复query：继续离车泊入...
2026-03-10 16:39:18,120 - INFO -   基于原始query生成5个变体：离车泊入...
2026-03-10 16:39:18,121 - INFO - 调用LLM泛化query：离车泊入
2026-03-10 16:39:18,121 - INFO - LLM泛化成功，生成4个有效变体（过滤后）
2026-03-10 16:39:18,121 - WARNING - 泛化数量不足，使用原query补充
2026-03-10 16:39:18,121 - INFO -   ✗ 跳过重复query：帮我离车泊入...
2026-03-10 16:39:18,121 - INFO -   ✗ 跳过重复query：开启离车泊入...
2026-03-10 16:39:18,121 - INFO -   ✗ 跳过重复query：离车泊入吧...
2026-03-10 16:39:18,121 - INFO -   ✗ 跳过重复query：启动离车泊入...
2026-03-10 16:39:18,121 - INFO -   ✗ 跳过重复query：离车泊入...
2026-03-10 16:39:18,121 - INFO -   基于原始query生成5个变体：开启离车泊入...
2026-03-10 16:39:18,121 - INFO - 调用LLM泛化query：开启离车泊入
2026-03-10 16:39:18,121 - INFO - LLM泛化成功，生成4个有效变体（过滤后）
2026-03-10 16:39:18,121 - WARNING - 泛化数量不足，使用原query补充
2026-03-10 16:39:18,121 - INFO -   ✗ 跳过重复query：帮我开启离车泊入...
2026-03-10 16:39:18,121 - INFO -   ✗ 跳过重复query：启动离车泊入...
2026-03-10 16:39:18,121 - INFO -   ✗ 跳过重复query：开启离车泊入吧...
2026-03-10 16:39:18,121 - INFO -   ✗ 跳过重复query：现在开启离车泊入...
2026-03-10 16:39:18,121 - INFO -   ✗ 跳过重复query：开启离车泊入...
2026-03-10 16:39:18,121 - INFO -   基于原始query生成5个变体：继续离车泊入...
2026-03-10 16:39:18,121 - INFO - 调用LLM泛化query：继续离车泊入
2026-03-10 16:39:18,121 - INFO - LLM泛化成功，生成4个有效变体（过滤后）
2026-03-10 16:39:18,121 - WARNING - 泛化数量不足，使用原query补充
2026-03-10 16:39:18,121 - INFO -   ✗ 跳过重复query：帮我继续离车泊入...
2026-03-10 16:39:18,121 - INFO -   ✗ 跳过重复query：继续离车泊入吧...
2026-03-10 16:39:18,121 - INFO -   ✗ 跳过重复query：开启继续离车泊入...
2026-03-10 16:39:18,121 - INFO -   ✗ 跳过重复query：现在继续离车泊入...
2026-03-10 16:39:18,121 - INFO -   ✗ 跳过重复query：继续离车泊入...
2026-03-10 16:39:18,121 - INFO -   基于原始query生成5个变体：离车泊入...
2026-03-10 16:39:18,121 - INFO - 调用LLM泛化query：离车泊入
2026-03-10 16:39:18,121 - INFO - LLM泛化成功，生成4个有效变体（过滤后）
2026-03-10 16:39:18,121 - WARNING - 泛化数量不足，使用原query补充
2026-03-10 16:39:18,121 - INFO -   ✗ 跳过重复query：帮我离车泊入...
2026-03-10 16:39:18,121 - INFO -   ✗ 跳过重复query：开启离车泊入...
2026-03-10 16:39:18,121 - INFO -   ✗ 跳过重复query：离车泊入吧...
2026-03-10 16:39:18,121 - INFO -   ✗ 跳过重复query：启动离车泊入...
2026-03-10 16:39:18,121 - INFO -   ✗ 跳过重复query：离车泊入...
2026-03-10 16:39:18,121 - INFO -   基于原始query生成5个变体：开启离车泊入...
2026-03-10 16:39:18,121 - INFO - 调用LLM泛化query：开启离车泊入
2026-03-10 16:39:18,121 - INFO - LLM泛化成功，生成4个有效变体（过滤后）
2026-03-10 16:39:18,121 - WARNING - 泛化数量不足，使用原query补充
2026-03-10 16:39:18,122 - INFO -   ✗ 跳过重复query：帮我开启离车泊入...
2026-03-10 16:39:18,122 - INFO -   ✗ 跳过重复query：启动离车泊入...
2026-03-10 16:39:18,122 - INFO -   ✗ 跳过重复query：开启离车泊入吧...
2026-03-10 16:39:18,122 - INFO -   ✗ 跳过重复query：现在开启离车泊入...
2026-03-10 16:39:18,122 - INFO -   ✗ 跳过重复query：开启离车泊入...
2026-03-10 16:39:18,122 - INFO -   基于原始query生成5个变体：继续离车泊入...
2026-03-10 16:39:18,122 - INFO - 调用LLM泛化query：继续离车泊入
2026-03-10 16:39:18,122 - INFO - LLM泛化成功，生成4个有效变体（过滤后）
2026-03-10 16:39:18,122 - WARNING - 泛化数量不足，使用原query补充
2026-03-10 16:39:18,122 - INFO -   ✗ 跳过重复query：帮我继续离车泊入...
2026-03-10 16:39:18,122 - INFO -   ✗ 跳过重复query：继续离车泊入吧...
2026-03-10 16:39:18,122 - INFO -   ✗ 跳过重复query：开启继续离车泊入...
2026-03-10 16:39:18,122 - INFO -   ✗ 跳过重复query：现在继续离车泊入...
2026-03-10 16:39:18,122 - INFO -   ✗ 跳过重复query：继续离车泊入...
2026-03-10 16:39:18,122 - INFO -   基于原始query生成5个变体：离车泊入...
2026-03-10 16:39:18,122 - INFO - 调用LLM泛化query：离车泊入
2026-03-10 16:39:18,122 - INFO - LLM泛化成功，生成4个有效变体（过滤后）
2026-03-10 16:39:18,122 - WARNING - 泛化数量不足，使用原query补充
2026-03-10 16:39:18,122 - INFO -   ✗ 跳过重复query：帮我离车泊入...
2026-03-10 16:39:18,122 - INFO -   ✗ 跳过重复query：开启离车泊入...
2026-03-10 16:39:18,122 - INFO -   ✗ 跳过重复query：离车泊入吧...
2026-03-10 16:39:18,122 - INFO -   ✗ 跳过重复query：启动离车泊入...
2026-03-10 16:39:18,122 - INFO -   ✗ 跳过重复query：离车泊入...
2026-03-10 16:39:18,122 - INFO -   基于原始query生成5个变体：开启离车泊入...
2026-03-10 16:39:18,122 - INFO - 调用LLM泛化query：开启离车泊入
2026-03-10 16:39:18,122 - INFO - LLM泛化成功，生成4个有效变体（过滤后）
2026-03-10 16:39:18,122 - WARNING - 泛化数量不足，使用原query补充
2026-03-10 16:39:18,122 - INFO -   ✗ 跳过重复query：帮我开启离车泊入...
2026-03-10 16:39:18,122 - INFO -   ✗ 跳过重复query：启动离车泊入...
2026-03-10 16:39:18,122 - INFO -   ✗ 跳过重复query：开启离车泊入吧...
2026-03-10 16:39:18,122 - INFO -   ✗ 跳过重复query：现在开启离车泊入...
2026-03-10 16:39:18,122 - INFO -   ✗ 跳过重复query：开启离车泊入...
2026-03-10 16:39:18,122 - INFO -   基于原始query生成5个变体：继续离车泊入...
2026-03-10 16:39:18,122 - INFO - 调用LLM泛化query：继续离车泊入
2026-03-10 16:39:18,122 - INFO - LLM泛化成功，生成4个有效变体（过滤后）
2026-03-10 16:39:18,122 - WARNING - 泛化数量不足，使用原query补充
2026-03-10 16:39:18,122 - INFO -   ✗ 跳过重复query：帮我继续离车泊入...
2026-03-10 16:39:18,122 - INFO -   ✗ 跳过重复query：继续离车泊入吧...
2026-03-10 16:39:18,123 - INFO -   ✗ 跳过重复query：开启继续离车泊入...
2026-03-10 16:39:18,123 - INFO -   ✗ 跳过重复query：现在继续离车泊入...
2026-03-10 16:39:18,123 - INFO -   ✗ 跳过重复query：继续离车泊入...
2026-03-10 16:39:18,123 - INFO -   基于原始query生成5个变体：离车泊入...
2026-03-10 16:39:18,123 - INFO - 调用LLM泛化query：离车泊入
2026-03-10 16:39:18,123 - INFO - LLM泛化成功，生成4个有效变体（过滤后）
2026-03-10 16:39:18,123 - WARNING - 泛化数量不足，使用原query补充
2026-03-10 16:39:18,123 - INFO -   ✗ 跳过重复query：帮我离车泊入...
2026-03-10 16:39:18,123 - INFO -   ✗ 跳过重复query：开启离车泊入...
2026-03-10 16:39:18,123 - INFO -   ✗ 跳过重复query：离车泊入吧...
2026-03-10 16:39:18,123 - INFO -   ✗ 跳过重复query：启动离车泊入...
2026-03-10 16:39:18,123 - INFO -   ✗ 跳过重复query：离车泊入...
2026-03-10 16:39:18,123 - INFO -   基于原始query生成5个变体：开启离车泊入...
2026-03-10 16:39:18,123 - INFO - 调用LLM泛化query：开启离车泊入
2026-03-10 16:39:18,123 - INFO - LLM泛化成功，生成4个有效变体（过滤后）
2026-03-10 16:39:18,123 - WARNING - 泛化数量不足，使用原query补充
2026-03-10 16:39:18,123 - INFO -   ✗ 跳过重复query：帮我开启离车泊入...
2026-03-10 16:39:18,123 - INFO -   ✗ 跳过重复query：启动离车泊入...
2026-03-10 16:39:18,123 - INFO -   ✗ 跳过重复query：开启离车泊入吧...
2026-03-10 16:39:18,123 - INFO -   ✗ 跳过重复query：现在开启离车泊入...
2026-03-10 16:39:18,123 - INFO -   ✗ 跳过重复query：开启离车泊入...
2026-03-10 16:39:18,123 - INFO -   基于原始query生成5个变体：继续离车泊入...
2026-03-10 16:39:18,123 - INFO - 调用LLM泛化query：继续离车泊入
2026-03-10 16:39:18,123 - INFO - LLM泛化成功，生成4个有效变体（过滤后）
2026-03-10 16:39:18,123 - WARNING - 泛化数量不足，使用原query补充
2026-03-10 16:39:18,123 - INFO -   ✗ 跳过重复query：帮我继续离车泊入...
2026-03-10 16:39:18,123 - INFO -   ✗ 跳过重复query：继续离车泊入吧...
2026-03-10 16:39:18,123 - INFO -   ✗ 跳过重复query：开启继续离车泊入...
2026-03-10 16:39:18,123 - INFO -   ✗ 跳过重复query：现在继续离车泊入...
2026-03-10 16:39:18,123 - INFO -   ✗ 跳过重复query：继续离车泊入...
2026-03-10 16:39:18,123 - INFO -   基于原始query生成5个变体：离车泊入...
2026-03-10 16:39:18,123 - INFO - 调用LLM泛化query：离车泊入
2026-03-10 16:39:18,123 - INFO - LLM泛化成功，生成4个有效变体（过滤后）
2026-03-10 16:39:18,123 - WARNING - 泛化数量不足，使用原query补充
2026-03-10 16:39:18,123 - INFO -   ✗ 跳过重复query：帮我离车泊入...
2026-03-10 16:39:18,123 - INFO -   ✗ 跳过重复query：开启离车泊入...
2026-03-10 16:39:18,123 - INFO -   ✗ 跳过重复query：离车泊入吧...
2026-03-10 16:39:18,123 - INFO -   ✗ 跳过重复query：启动离车泊入...
2026-03-10 16:39:18,123 - INFO -   ✗ 跳过重复query：离车泊入...
2026-03-10 16:39:18,124 - INFO -   基于原始query生成5个变体：开启离车泊入...
2026-03-10 16:39:18,124 - INFO - 调用LLM泛化query：开启离车泊入
2026-03-10 16:39:18,124 - INFO - LLM泛化成功，生成4个有效变体（过滤后）
2026-03-10 16:39:18,124 - WARNING - 泛化数量不足，使用原query补充
2026-03-10 16:39:18,124 - INFO -   ✗ 跳过重复query：帮我开启离车泊入...
2026-03-10 16:39:18,124 - INFO -   ✗ 跳过重复query：启动离车泊入...
2026-03-10 16:39:18,124 - INFO -   ✗ 跳过重复query：开启离车泊入吧...
2026-03-10 16:39:18,124 - INFO -   ✗ 跳过重复query：现在开启离车泊入...
2026-03-10 16:39:18,124 - INFO -   ✗ 跳过重复query：开启离车泊入...
2026-03-10 16:39:18,124 - INFO -   基于原始query生成5个变体：继续离车泊入...
2026-03-10 16:39:18,124 - INFO - 调用LLM泛化query：继续离车泊入
2026-03-10 16:39:18,124 - INFO - LLM泛化成功，生成4个有效变体（过滤后）
2026-03-10 16:39:18,124 - WARNING - 泛化数量不足，使用原query补充
2026-03-10 16:39:18,124 - INFO -   ✗ 跳过重复query：帮我继续离车泊入...
2026-03-10 16:39:18,124 - INFO -   ✗ 跳过重复query：继续离车泊入吧...
2026-03-10 16:39:18,124 - INFO -   ✗ 跳过重复query：开启继续离车泊入...
2026-03-10 16:39:18,124 - INFO -   ✗ 跳过重复query：现在继续离车泊入...
2026-03-10 16:39:18,124 - INFO -   ✗ 跳过重复query：继续离车泊入...
2026-03-10 16:39:18,124 - INFO -   基于原始query生成5个变体：离车泊入...
2026-03-10 16:39:18,124 - INFO - 调用LLM泛化query：离车泊入
2026-03-10 16:39:18,124 - INFO - LLM泛化成功，生成4个有效变体（过滤后）
2026-03-10 16:39:18,124 - WARNING - 泛化数量不足，使用原query补充
2026-03-10 16:39:18,124 - INFO -   ✗ 跳过重复query：帮我离车泊入...
2026-03-10 16:39:18,124 - INFO -   ✗ 跳过重复query：开启离车泊入...
2026-03-10 16:39:18,124 - INFO -   ✗ 跳过重复query：离车泊入吧...
2026-03-10 16:39:18,124 - INFO -   ✗ 跳过重复query：启动离车泊入...
2026-03-10 16:39:18,124 - INFO -   ✗ 跳过重复query：离车泊入...
2026-03-10 16:39:18,124 - INFO -   基于原始query生成5个变体：开启离车泊入...
2026-03-10 16:39:18,124 - INFO - 调用LLM泛化query：开启离车泊入
2026-03-10 16:39:18,124 - INFO - LLM泛化成功，生成4个有效变体（过滤后）
2026-03-10 16:39:18,124 - WARNING - 泛化数量不足，使用原query补充
2026-03-10 16:39:18,124 - INFO -   ✗ 跳过重复query：帮我开启离车泊入...
2026-03-10 16:39:18,124 - INFO -   ✗ 跳过重复query：启动离车泊入...
2026-03-10 16:39:18,124 - INFO -   ✗ 跳过重复query：开启离车泊入吧...
2026-03-10 16:39:18,124 - INFO -   ✗ 跳过重复query：现在开启离车泊入...
2026-03-10 16:39:18,124 - INFO -   ✗ 跳过重复query：开启离车泊入...
2026-03-10 16:39:18,124 - INFO -   基于原始query生成5个变体：继续离车泊入...
2026-03-10 16:39:18,124 - INFO - 调用LLM泛化query：继续离车泊入
2026-03-10 16:39:18,124 - INFO - LLM泛化成功，生成4个有效变体（过滤后）
2026-03-10 16:39:18,125 - WARNING - 泛化数量不足，使用原query补充
2026-03-10 16:39:18,125 - INFO -   ✗ 跳过重复query：帮我继续离车泊入...
2026-03-10 16:39:18,125 - INFO -   ✗ 跳过重复query：继续离车泊入吧...
2026-03-10 16:39:18,125 - INFO -   ✗ 跳过重复query：开启继续离车泊入...
2026-03-10 16:39:18,125 - INFO -   ✗ 跳过重复query：现在继续离车泊入...
2026-03-10 16:39:18,125 - INFO -   ✗ 跳过重复query：继续离车泊入...
2026-03-10 16:39:18,125 - INFO -   基于原始query生成5个变体：离车泊入...
2026-03-10 16:39:18,125 - INFO - 调用LLM泛化query：离车泊入
2026-03-10 16:39:18,125 - INFO - LLM泛化成功，生成4个有效变体（过滤后）
2026-03-10 16:39:18,125 - WARNING - 泛化数量不足，使用原query补充
2026-03-10 16:39:18,125 - INFO -   ✗ 跳过重复query：帮我离车泊入...
2026-03-10 16:39:18,125 - INFO -   ✗ 跳过重复query：开启离车泊入...
2026-03-10 16:39:18,125 - INFO -   ✗ 跳过重复query：离车泊入吧...
2026-03-10 16:39:18,125 - INFO -   ✗ 跳过重复query：启动离车泊入...
2026-03-10 16:39:18,125 - INFO -   ✗ 跳过重复query：离车泊入...
2026-03-10 16:39:18,125 - INFO -   基于原始query生成5个变体：开启离车泊入...
2026-03-10 16:39:18,125 - INFO - 调用LLM泛化query：开启离车泊入
2026-03-10 16:39:18,125 - INFO - LLM泛化成功，生成4个有效变体（过滤后）
2026-03-10 16:39:18,125 - WARNING - 泛化数量不足，使用原query补充
2026-03-10 16:39:18,125 - INFO -   ✗ 跳过重复query：帮我开启离车泊入...
2026-03-10 16:39:18,125 - INFO -   ✗ 跳过重复query：启动离车泊入...
2026-03-10 16:39:18,125 - INFO -   ✗ 跳过重复query：开启离车泊入吧...
2026-03-10 16:39:18,125 - INFO -   ✗ 跳过重复query：现在开启离车泊入...
2026-03-10 16:39:18,125 - INFO -   ✗ 跳过重复query：开启离车泊入...
2026-03-10 16:39:18,125 - INFO -   基于原始query生成5个变体：继续离车泊入...
2026-03-10 16:39:18,125 - INFO - 调用LLM泛化query：继续离车泊入
2026-03-10 16:39:18,125 - INFO - LLM泛化成功，生成4个有效变体（过滤后）
2026-03-10 16:39:18,125 - WARNING - 泛化数量不足，使用原query补充
2026-03-10 16:39:18,125 - INFO -   ✗ 跳过重复query：帮我继续离车泊入...
2026-03-10 16:39:18,125 - INFO -   ✗ 跳过重复query：继续离车泊入吧...
2026-03-10 16:39:18,125 - INFO -   ✗ 跳过重复query：开启继续离车泊入...
2026-03-10 16:39:18,125 - INFO -   ✗ 跳过重复query：现在继续离车泊入...
2026-03-10 16:39:18,125 - INFO -   ✗ 跳过重复query：继续离车泊入...
2026-03-10 16:39:18,125 - INFO -   基于原始query生成5个变体：离车泊入...
2026-03-10 16:39:18,125 - INFO - 调用LLM泛化query：离车泊入
2026-03-10 16:39:18,125 - INFO - LLM泛化成功，生成4个有效变体（过滤后）
2026-03-10 16:39:18,125 - WARNING - 泛化数量不足，使用原query补充
2026-03-10 16:39:18,125 - INFO -   ✗ 跳过重复query：帮我离车泊入...
2026-03-10 16:39:18,125 - INFO -   ✗ 跳过重复query：开启离车泊入...
2026-03-10 16:39:18,125 - INFO -   ✗ 跳过重复query：离车泊入吧...
2026-03-10 16:39:18,126 - INFO -   ✗ 跳过重复query：启动离车泊入...
2026-03-10 16:39:18,126 - INFO -   ✗ 跳过重复query：离车泊入...
2026-03-10 16:39:18,126 - INFO -   基于原始query生成5个变体：开启离车泊入...
2026-03-10 16:39:18,126 - INFO - 调用LLM泛化query：开启离车泊入
2026-03-10 16:39:18,126 - INFO - LLM泛化成功，生成4个有效变体（过滤后）
2026-03-10 16:39:18,126 - WARNING - 泛化数量不足，使用原query补充
2026-03-10 16:39:18,126 - INFO -   ✗ 跳过重复query：帮我开启离车泊入...
2026-03-10 16:39:18,126 - INFO -   ✗ 跳过重复query：启动离车泊入...
2026-03-10 16:39:18,126 - INFO -   ✗ 跳过重复query：开启离车泊入吧...
2026-03-10 16:39:18,126 - INFO -   ✗ 跳过重复query：现在开启离车泊入...
2026-03-10 16:39:18,126 - INFO -   ✗ 跳过重复query：开启离车泊入...
2026-03-10 16:39:18,126 - INFO -   基于原始query生成5个变体：继续离车泊入...
2026-03-10 16:39:18,126 - INFO - 调用LLM泛化query：继续离车泊入
2026-03-10 16:39:18,126 - INFO - LLM泛化成功，生成4个有效变体（过滤后）
2026-03-10 16:39:18,126 - WARNING - 泛化数量不足，使用原query补充
2026-03-10 16:39:18,126 - INFO -   ✗ 跳过重复query：帮我继续离车泊入...
2026-03-10 16:39:18,126 - INFO -   ✗ 跳过重复query：继续离车泊入吧...
2026-03-10 16:39:18,126 - INFO -   ✗ 跳过重复query：开启继续离车泊入...
2026-03-10 16:39:18,126 - INFO -   ✗ 跳过重复query：现在继续离车泊入...
2026-03-10 16:39:18,126 - INFO -   ✗ 跳过重复query：继续离车泊入...
2026-03-10 16:39:18,126 - INFO -   基于原始query生成5个变体：离车泊入...
2026-03-10 16:39:18,126 - INFO - 调用LLM泛化query：离车泊入
2026-03-10 16:39:18,126 - INFO - LLM泛化成功，生成4个有效变体（过滤后）
2026-03-10 16:39:18,126 - WARNING - 泛化数量不足，使用原query补充
2026-03-10 16:39:18,126 - INFO -   ✗ 跳过重复query：帮我离车泊入...
2026-03-10 16:39:18,126 - INFO -   ✗ 跳过重复query：开启离车泊入...
2026-03-10 16:39:18,126 - INFO -   ✗ 跳过重复query：离车泊入吧...
2026-03-10 16:39:18,126 - INFO -   ✗ 跳过重复query：启动离车泊入...
2026-03-10 16:39:18,126 - INFO -   ✗ 跳过重复query：离车泊入...
2026-03-10 16:39:18,126 - INFO -   基于原始query生成5个变体：开启离车泊入...
2026-03-10 16:39:18,126 - INFO - 调用LLM泛化query：开启离车泊入
2026-03-10 16:39:18,126 - INFO - LLM泛化成功，生成4个有效变体（过滤后）
2026-03-10 16:39:18,126 - WARNING - 泛化数量不足，使用原query补充
2026-03-10 16:39:18,126 - INFO -   ✗ 跳过重复query：帮我开启离车泊入...
2026-03-10 16:39:18,126 - INFO -   ✗ 跳过重复query：启动离车泊入...
2026-03-10 16:39:18,126 - INFO -   ✗ 跳过重复query：开启离车泊入吧...
2026-03-10 16:39:18,126 - INFO -   ✗ 跳过重复query：现在开启离车泊入...
2026-03-10 16:39:18,126 - INFO -   ✗ 跳过重复query：开启离车泊入...
2026-03-10 16:39:18,126 - INFO -   基于原始query生成5个变体：继续离车泊入...
2026-03-10 16:39:18,127 - INFO - 调用LLM泛化query：继续离车泊入
2026-03-10 16:39:18,127 - INFO - LLM泛化成功，生成4个有效变体（过滤后）
2026-03-10 16:39:18,127 - WARNING - 泛化数量不足，使用原query补充
2026-03-10 16:39:18,127 - INFO -   ✗ 跳过重复query：帮我继续离车泊入...
2026-03-10 16:39:18,127 - INFO -   ✗ 跳过重复query：继续离车泊入吧...
2026-03-10 16:39:18,127 - INFO -   ✗ 跳过重复query：开启继续离车泊入...
2026-03-10 16:39:18,127 - INFO -   ✗ 跳过重复query：现在继续离车泊入...
2026-03-10 16:39:18,127 - INFO -   ✗ 跳过重复query：继续离车泊入...
2026-03-10 16:39:18,127 - INFO -   基于原始query生成5个变体：离车泊入...
2026-03-10 16:39:18,127 - INFO - 调用LLM泛化query：离车泊入
2026-03-10 16:39:18,127 - INFO - LLM泛化成功，生成4个有效变体（过滤后）
2026-03-10 16:39:18,127 - WARNING - 泛化数量不足，使用原query补充
2026-03-10 16:39:18,127 - INFO -   ✗ 跳过重复query：帮我离车泊入...
2026-03-10 16:39:18,127 - INFO -   ✗ 跳过重复query：开启离车泊入...
2026-03-10 16:39:18,127 - INFO -   ✗ 跳过重复query：离车泊入吧...
2026-03-10 16:39:18,127 - INFO -   ✗ 跳过重复query：启动离车泊入...
2026-03-10 16:39:18,127 - INFO -   ✗ 跳过重复query：离车泊入...
2026-03-10 16:39:18,127 - INFO -   基于原始query生成5个变体：开启离车泊入...
2026-03-10 16:39:18,127 - INFO - 调用LLM泛化query：开启离车泊入
2026-03-10 16:39:18,127 - INFO - LLM泛化成功，生成4个有效变体（过滤后）
2026-03-10 16:39:18,127 - WARNING - 泛化数量不足，使用原query补充
2026-03-10 16:39:18,127 - INFO -   ✗ 跳过重复query：帮我开启离车泊入...
2026-03-10 16:39:18,127 - INFO -   ✗ 跳过重复query：启动离车泊入...
2026-03-10 16:39:18,127 - INFO -   ✗ 跳过重复query：开启离车泊入吧...
2026-03-10 16:39:18,127 - INFO -   ✗ 跳过重复query：现在开启离车泊入...
2026-03-10 16:39:18,127 - INFO -   ✗ 跳过重复query：开启离车泊入...
2026-03-10 16:39:18,127 - INFO -   基于原始query生成5个变体：继续离车泊入...
2026-03-10 16:39:18,127 - INFO - 调用LLM泛化query：继续离车泊入
2026-03-10 16:39:18,127 - INFO - LLM泛化成功，生成4个有效变体（过滤后）
2026-03-10 16:39:18,127 - WARNING - 泛化数量不足，使用原query补充
2026-03-10 16:39:18,127 - INFO -   ✗ 跳过重复query：帮我继续离车泊入...
2026-03-10 16:39:18,127 - INFO -   ✗ 跳过重复query：继续离车泊入吧...
2026-03-10 16:39:18,127 - INFO -   ✗ 跳过重复query：开启继续离车泊入...
2026-03-10 16:39:18,127 - INFO -   ✗ 跳过重复query：现在继续离车泊入...
2026-03-10 16:39:18,127 - INFO -   ✗ 跳过重复query：继续离车泊入...
2026-03-10 16:39:18,127 - INFO -   基于原始query生成5个变体：离车泊入...
2026-03-10 16:39:18,127 - INFO - 调用LLM泛化query：离车泊入
2026-03-10 16:39:18,127 - INFO - LLM泛化成功，生成4个有效变体（过滤后）
2026-03-10 16:39:18,127 - WARNING - 泛化数量不足，使用原query补充
2026-03-10 16:39:18,127 - INFO -   ✗ 跳过重复query：帮我离车泊入...
2026-03-10 16:39:18,128 - INFO -   ✗ 跳过重复query：开启离车泊入...
2026-03-10 16:39:18,128 - INFO -   ✗ 跳过重复query：离车泊入吧...
2026-03-10 16:39:18,128 - INFO -   ✗ 跳过重复query：启动离车泊入...
2026-03-10 16:39:18,128 - INFO -   ✗ 跳过重复query：离车泊入...
2026-03-10 16:39:18,128 - INFO -   基于原始query生成5个变体：开启离车泊入...
2026-03-10 16:39:18,128 - INFO - 调用LLM泛化query：开启离车泊入
2026-03-10 16:39:18,128 - INFO - LLM泛化成功，生成4个有效变体（过滤后）
2026-03-10 16:39:18,128 - WARNING - 泛化数量不足，使用原query补充
2026-03-10 16:39:18,128 - INFO -   ✗ 跳过重复query：帮我开启离车泊入...
2026-03-10 16:39:18,128 - INFO -   ✗ 跳过重复query：启动离车泊入...
2026-03-10 16:39:18,128 - INFO -   ✗ 跳过重复query：开启离车泊入吧...
2026-03-10 16:39:18,128 - INFO -   ✗ 跳过重复query：现在开启离车泊入...
2026-03-10 16:39:18,128 - INFO -   ✗ 跳过重复query：开启离车泊入...
2026-03-10 16:39:18,128 - INFO -   基于原始query生成5个变体：继续离车泊入...
2026-03-10 16:39:18,128 - INFO - 调用LLM泛化query：继续离车泊入
2026-03-10 16:39:18,128 - INFO - LLM泛化成功，生成4个有效变体（过滤后）
2026-03-10 16:39:18,128 - WARNING - 泛化数量不足，使用原query补充
2026-03-10 16:39:18,128 - INFO -   ✗ 跳过重复query：帮我继续离车泊入...
2026-03-10 16:39:18,128 - INFO -   ✗ 跳过重复query：继续离车泊入吧...
2026-03-10 16:39:18,128 - INFO -   ✗ 跳过重复query：开启继续离车泊入...
2026-03-10 16:39:18,128 - INFO -   ✗ 跳过重复query：现在继续离车泊入...
2026-03-10 16:39:18,128 - INFO -   ✗ 跳过重复query：继续离车泊入...
2026-03-10 16:39:18,128 - INFO -   基于原始query生成5个变体：离车泊入...
2026-03-10 16:39:18,128 - INFO - 调用LLM泛化query：离车泊入
2026-03-10 16:39:18,128 - INFO - LLM泛化成功，生成4个有效变体（过滤后）
2026-03-10 16:39:18,128 - WARNING - 泛化数量不足，使用原query补充
2026-03-10 16:39:18,128 - INFO -   ✗ 跳过重复query：帮我离车泊入...
2026-03-10 16:39:18,128 - INFO -   ✗ 跳过重复query：开启离车泊入...
2026-03-10 16:39:18,128 - INFO -   ✗ 跳过重复query：离车泊入吧...
2026-03-10 16:39:18,128 - INFO -   ✗ 跳过重复query：启动离车泊入...
2026-03-10 16:39:18,128 - INFO -   ✗ 跳过重复query：离车泊入...
2026-03-10 16:39:18,128 - INFO -   基于原始query生成5个变体：开启离车泊入...
2026-03-10 16:39:18,128 - INFO - 调用LLM泛化query：开启离车泊入
2026-03-10 16:39:18,128 - INFO - LLM泛化成功，生成4个有效变体（过滤后）
2026-03-10 16:39:18,128 - WARNING - 泛化数量不足，使用原query补充
2026-03-10 16:39:18,128 - INFO -   ✗ 跳过重复query：帮我开启离车泊入...
2026-03-10 16:39:18,128 - INFO -   ✗ 跳过重复query：启动离车泊入...
2026-03-10 16:39:18,128 - INFO -   ✗ 跳过重复query：开启离车泊入吧...
2026-03-10 16:39:18,128 - INFO -   ✗ 跳过重复query：现在开启离车泊入...
2026-03-10 16:39:18,129 - INFO -   ✗ 跳过重复query：开启离车泊入...
2026-03-10 16:39:18,129 - INFO -   基于原始query生成5个变体：继续离车泊入...
2026-03-10 16:39:18,129 - INFO - 调用LLM泛化query：继续离车泊入
2026-03-10 16:39:18,129 - INFO - LLM泛化成功，生成4个有效变体（过滤后）
2026-03-10 16:39:18,129 - WARNING - 泛化数量不足，使用原query补充
2026-03-10 16:39:18,129 - INFO -   ✗ 跳过重复query：帮我继续离车泊入...
2026-03-10 16:39:18,129 - INFO -   ✗ 跳过重复query：继续离车泊入吧...
2026-03-10 16:39:18,129 - INFO -   ✗ 跳过重复query：开启继续离车泊入...
2026-03-10 16:39:18,129 - INFO -   ✗ 跳过重复query：现在继续离车泊入...
2026-03-10 16:39:18,129 - INFO -   ✗ 跳过重复query：继续离车泊入...
2026-03-10 16:39:18,129 - INFO -   基于原始query生成5个变体：离车泊入...
2026-03-10 16:39:18,129 - INFO - 调用LLM泛化query：离车泊入
2026-03-10 16:39:18,129 - INFO - LLM泛化成功，生成4个有效变体（过滤后）
2026-03-10 16:39:18,129 - WARNING - 泛化数量不足，使用原query补充
2026-03-10 16:39:18,129 - INFO -   ✗ 跳过重复query：帮我离车泊入...
2026-03-10 16:39:18,129 - INFO -   ✗ 跳过重复query：开启离车泊入...
2026-03-10 16:39:18,129 - INFO -   ✗ 跳过重复query：离车泊入吧...
2026-03-10 16:39:18,129 - INFO -   ✗ 跳过重复query：启动离车泊入...
2026-03-10 16:39:18,129 - INFO -   ✗ 跳过重复query：离车泊入...
2026-03-10 16:39:18,129 - INFO -   基于原始query生成5个变体：开启离车泊入...
2026-03-10 16:39:18,129 - INFO - 调用LLM泛化query：开启离车泊入
2026-03-10 16:39:18,129 - INFO - LLM泛化成功，生成4个有效变体（过滤后）
2026-03-10 16:39:18,129 - WARNING - 泛化数量不足，使用原query补充
2026-03-10 16:39:18,129 - INFO -   ✗ 跳过重复query：帮我开启离车泊入...
2026-03-10 16:39:18,129 - INFO -   ✗ 跳过重复query：启动离车泊入...
2026-03-10 16:39:18,129 - INFO -   ✗ 跳过重复query：开启离车泊入吧...
2026-03-10 16:39:18,129 - INFO -   ✗ 跳过重复query：现在开启离车泊入...
2026-03-10 16:39:18,129 - INFO -   ✗ 跳过重复query：开启离车泊入...
2026-03-10 16:39:18,129 - INFO -   基于原始query生成5个变体：继续离车泊入...
2026-03-10 16:39:18,129 - INFO - 调用LLM泛化query：继续离车泊入
2026-03-10 16:39:18,129 - INFO - LLM泛化成功，生成4个有效变体（过滤后）
2026-03-10 16:39:18,129 - WARNING - 泛化数量不足，使用原query补充
2026-03-10 16:39:18,129 - INFO -   ✗ 跳过重复query：帮我继续离车泊入...
2026-03-10 16:39:18,129 - INFO -   ✗ 跳过重复query：继续离车泊入吧...
2026-03-10 16:39:18,129 - INFO -   ✗ 跳过重复query：开启继续离车泊入...
2026-03-10 16:39:18,129 - INFO -   ✗ 跳过重复query：现在继续离车泊入...
2026-03-10 16:39:18,129 - INFO -   ✗ 跳过重复query：继续离车泊入...
2026-03-10 16:39:18,129 - INFO -   基于原始query生成5个变体：离车泊入...
2026-03-10 16:39:18,129 - INFO - 调用LLM泛化query：离车泊入
2026-03-10 16:39:18,129 - INFO - LLM泛化成功，生成4个有效变体（过滤后）
2026-03-10 16:39:18,130 - WARNING - 泛化数量不足，使用原query补充
2026-03-10 16:39:18,130 - INFO -   ✗ 跳过重复query：帮我离车泊入...
2026-03-10 16:39:18,130 - INFO -   ✗ 跳过重复query：开启离车泊入...
2026-03-10 16:39:18,130 - INFO -   ✗ 跳过重复query：离车泊入吧...
2026-03-10 16:39:18,130 - INFO -   ✗ 跳过重复query：启动离车泊入...
2026-03-10 16:39:18,130 - INFO -   ✗ 跳过重复query：离车泊入...
2026-03-10 16:39:18,130 - INFO -   基于原始query生成5个变体：开启离车泊入...
2026-03-10 16:39:18,130 - INFO - 调用LLM泛化query：开启离车泊入
2026-03-10 16:39:18,130 - INFO - LLM泛化成功，生成4个有效变体（过滤后）
2026-03-10 16:39:18,130 - WARNING - 泛化数量不足，使用原query补充
2026-03-10 16:39:18,130 - INFO -   ✗ 跳过重复query：帮我开启离车泊入...
2026-03-10 16:39:18,130 - INFO -   ✗ 跳过重复query：启动离车泊入...
2026-03-10 16:39:18,130 - INFO -   ✗ 跳过重复query：开启离车泊入吧...
2026-03-10 16:39:18,130 - INFO -   ✗ 跳过重复query：现在开启离车泊入...
2026-03-10 16:39:18,130 - INFO -   ✗ 跳过重复query：开启离车泊入...
2026-03-10 16:39:18,130 - INFO -   基于原始query生成5个变体：继续离车泊入...
2026-03-10 16:39:18,130 - INFO - 调用LLM泛化query：继续离车泊入
2026-03-10 16:39:18,130 - INFO - LLM泛化成功，生成4个有效变体（过滤后）
2026-03-10 16:39:18,130 - WARNING - 泛化数量不足，使用原query补充
2026-03-10 16:39:18,130 - INFO -   ✗ 跳过重复query：帮我继续离车泊入...
2026-03-10 16:39:18,130 - INFO -   ✗ 跳过重复query：继续离车泊入吧...
2026-03-10 16:39:18,130 - INFO -   ✗ 跳过重复query：开启继续离车泊入...
2026-03-10 16:39:18,130 - INFO -   ✗ 跳过重复query：现在继续离车泊入...
2026-03-10 16:39:18,130 - INFO -   ✗ 跳过重复query：继续离车泊入...
2026-03-10 16:39:18,130 - INFO -   基于原始query生成5个变体：离车泊入...
2026-03-10 16:39:18,130 - INFO - 调用LLM泛化query：离车泊入
2026-03-10 16:39:18,130 - INFO - LLM泛化成功，生成4个有效变体（过滤后）
2026-03-10 16:39:18,130 - WARNING - 泛化数量不足，使用原query补充
2026-03-10 16:39:18,130 - INFO -   ✗ 跳过重复query：帮我离车泊入...
2026-03-10 16:39:18,130 - INFO -   ✗ 跳过重复query：开启离车泊入...
2026-03-10 16:39:18,130 - INFO -   ✗ 跳过重复query：离车泊入吧...
2026-03-10 16:39:18,130 - INFO -   ✗ 跳过重复query：启动离车泊入...
2026-03-10 16:39:18,130 - INFO -   ✗ 跳过重复query：离车泊入...
2026-03-10 16:39:18,130 - INFO -   基于原始query生成5个变体：开启离车泊入...
2026-03-10 16:39:18,130 - INFO - 调用LLM泛化query：开启离车泊入
2026-03-10 16:39:18,130 - INFO - LLM泛化成功，生成4个有效变体（过滤后）
2026-03-10 16:39:18,130 - WARNING - 泛化数量不足，使用原query补充
2026-03-10 16:39:18,130 - INFO -   ✗ 跳过重复query：帮我开启离车泊入...
2026-03-10 16:39:18,131 - INFO -   ✗ 跳过重复query：启动离车泊入...
2026-03-10 16:39:18,131 - INFO -   ✗ 跳过重复query：开启离车泊入吧...
2026-03-10 16:39:18,131 - INFO -   ✗ 跳过重复query：现在开启离车泊入...
2026-03-10 16:39:18,131 - INFO -   ✗ 跳过重复query：开启离车泊入...
2026-03-10 16:39:18,131 - INFO -   基于原始query生成5个变体：继续离车泊入...
2026-03-10 16:39:18,131 - INFO - 调用LLM泛化query：继续离车泊入
2026-03-10 16:39:18,131 - INFO - LLM泛化成功，生成4个有效变体（过滤后）
2026-03-10 16:39:18,131 - WARNING - 泛化数量不足，使用原query补充
2026-03-10 16:39:18,131 - INFO -   ✗ 跳过重复query：帮我继续离车泊入...
2026-03-10 16:39:18,131 - INFO -   ✗ 跳过重复query：继续离车泊入吧...
2026-03-10 16:39:18,131 - INFO -   ✗ 跳过重复query：开启继续离车泊入...
2026-03-10 16:39:18,131 - INFO -   ✗ 跳过重复query：现在继续离车泊入...
2026-03-10 16:39:18,131 - INFO -   ✗ 跳过重复query：继续离车泊入...
2026-03-10 16:39:18,131 - INFO -   基于原始query生成5个变体：离车泊入...
2026-03-10 16:39:18,131 - INFO - 调用LLM泛化query：离车泊入
2026-03-10 16:39:18,131 - INFO - LLM泛化成功，生成4个有效变体（过滤后）
2026-03-10 16:39:18,131 - WARNING - 泛化数量不足，使用原query补充
2026-03-10 16:39:18,131 - INFO -   ✗ 跳过重复query：帮我离车泊入...
2026-03-10 16:39:18,131 - INFO -   ✗ 跳过重复query：开启离车泊入...
2026-03-10 16:39:18,131 - INFO -   ✗ 跳过重复query：离车泊入吧...
2026-03-10 16:39:18,131 - INFO -   ✗ 跳过重复query：启动离车泊入...
2026-03-10 16:39:18,131 - INFO -   ✗ 跳过重复query：离车泊入...
2026-03-10 16:39:18,131 - INFO -   基于原始query生成5个变体：开启离车泊入...
2026-03-10 16:39:18,131 - INFO - 调用LLM泛化query：开启离车泊入
2026-03-10 16:39:18,131 - INFO - LLM泛化成功，生成4个有效变体（过滤后）
2026-03-10 16:39:18,131 - WARNING - 泛化数量不足，使用原query补充
2026-03-10 16:39:18,131 - INFO -   ✗ 跳过重复query：帮我开启离车泊入...
2026-03-10 16:39:18,131 - INFO -   ✗ 跳过重复query：启动离车泊入...
2026-03-10 16:39:18,131 - INFO -   ✗ 跳过重复query：开启离车泊入吧...
2026-03-10 16:39:18,131 - INFO -   ✗ 跳过重复query：现在开启离车泊入...
2026-03-10 16:39:18,131 - INFO -   ✗ 跳过重复query：开启离车泊入...
2026-03-10 16:39:18,131 - INFO -   基于原始query生成5个变体：继续离车泊入...
2026-03-10 16:39:18,131 - INFO - 调用LLM泛化query：继续离车泊入
2026-03-10 16:39:18,131 - INFO - LLM泛化成功，生成4个有效变体（过滤后）
2026-03-10 16:39:18,131 - WARNING - 泛化数量不足，使用原query补充
2026-03-10 16:39:18,131 - INFO -   ✗ 跳过重复query：帮我继续离车泊入...
2026-03-10 16:39:18,131 - INFO -   ✗ 跳过重复query：继续离车泊入吧...
2026-03-10 16:39:18,131 - INFO -   ✗ 跳过重复query：开启继续离车泊入...
2026-03-10 16:39:18,131 - INFO -   ✗ 跳过重复query：现在继续离车泊入...
2026-03-10 16:39:18,132 - INFO -   ✗ 跳过重复query：继续离车泊入...
2026-03-10 16:39:18,132 - INFO -   基于原始query生成5个变体：离车泊入...
2026-03-10 16:39:18,132 - INFO - 调用LLM泛化query：离车泊入
2026-03-10 16:39:18,132 - INFO - LLM泛化成功，生成4个有效变体（过滤后）
2026-03-10 16:39:18,132 - WARNING - 泛化数量不足，使用原query补充
2026-03-10 16:39:18,132 - INFO -   ✗ 跳过重复query：帮我离车泊入...
2026-03-10 16:39:18,132 - INFO -   ✗ 跳过重复query：开启离车泊入...
2026-03-10 16:39:18,132 - INFO -   ✗ 跳过重复query：离车泊入吧...
2026-03-10 16:39:18,132 - INFO -   ✗ 跳过重复query：启动离车泊入...
2026-03-10 16:39:18,132 - INFO -   ✗ 跳过重复query：离车泊入...
2026-03-10 16:39:18,132 - INFO -   基于原始query生成5个变体：开启离车泊入...
2026-03-10 16:39:18,132 - INFO - 调用LLM泛化query：开启离车泊入
2026-03-10 16:39:18,132 - INFO - LLM泛化成功，生成4个有效变体（过滤后）
2026-03-10 16:39:18,132 - WARNING - 泛化数量不足，使用原query补充
2026-03-10 16:39:18,132 - INFO -   ✗ 跳过重复query：帮我开启离车泊入...
2026-03-10 16:39:18,132 - INFO -   ✗ 跳过重复query：启动离车泊入...
2026-03-10 16:39:18,132 - INFO -   ✗ 跳过重复query：开启离车泊入吧...
2026-03-10 16:39:18,132 - INFO -   ✗ 跳过重复query：现在开启离车泊入...
2026-03-10 16:39:18,132 - INFO -   ✗ 跳过重复query：开启离车泊入...
2026-03-10 16:39:18,132 - INFO -   基于原始query生成5个变体：继续离车泊入...
2026-03-10 16:39:18,132 - INFO - 调用LLM泛化query：继续离车泊入
2026-03-10 16:39:18,132 - INFO - LLM泛化成功，生成4个有效变体（过滤后）
2026-03-10 16:39:18,132 - WARNING - 泛化数量不足，使用原query补充
2026-03-10 16:39:18,132 - INFO -   ✗ 跳过重复query：帮我继续离车泊入...
2026-03-10 16:39:18,132 - INFO -   ✗ 跳过重复query：继续离车泊入吧...
2026-03-10 16:39:18,132 - INFO -   ✗ 跳过重复query：开启继续离车泊入...
2026-03-10 16:39:18,132 - INFO -   ✗ 跳过重复query：现在继续离车泊入...
2026-03-10 16:39:18,132 - INFO -   ✗ 跳过重复query：继续离车泊入...
2026-03-10 16:39:18,132 - INFO -   基于原始query生成5个变体：离车泊入...
2026-03-10 16:39:18,132 - INFO - 调用LLM泛化query：离车泊入
2026-03-10 16:39:18,132 - INFO - LLM泛化成功，生成4个有效变体（过滤后）
2026-03-10 16:39:18,132 - WARNING - 泛化数量不足，使用原query补充
2026-03-10 16:39:18,132 - INFO -   ✗ 跳过重复query：帮我离车泊入...
2026-03-10 16:39:18,132 - INFO -   ✗ 跳过重复query：开启离车泊入...
2026-03-10 16:39:18,132 - INFO -   ✗ 跳过重复query：离车泊入吧...
2026-03-10 16:39:18,132 - INFO -   ✗ 跳过重复query：启动离车泊入...
2026-03-10 16:39:18,132 - INFO -   ✗ 跳过重复query：离车泊入...
2026-03-10 16:39:18,132 - INFO -   基于原始query生成5个变体：开启离车泊入...
2026-03-10 16:39:18,132 - INFO - 调用LLM泛化query：开启离车泊入
2026-03-10 16:39:18,132 - INFO - LLM泛化成功，生成4个有效变体（过滤后）
2026-03-10 16:39:18,133 - WARNING - 泛化数量不足，使用原query补充
2026-03-10 16:39:18,133 - INFO -   ✗ 跳过重复query：帮我开启离车泊入...
2026-03-10 16:39:18,133 - INFO -   ✗ 跳过重复query：启动离车泊入...
2026-03-10 16:39:18,133 - INFO -   ✗ 跳过重复query：开启离车泊入吧...
2026-03-10 16:39:18,133 - INFO -   ✗ 跳过重复query：现在开启离车泊入...
2026-03-10 16:39:18,133 - INFO -   ✗ 跳过重复query：开启离车泊入...
2026-03-10 16:39:18,133 - INFO -   基于原始query生成5个变体：继续离车泊入...
2026-03-10 16:39:18,133 - INFO - 调用LLM泛化query：继续离车泊入
2026-03-10 16:39:18,133 - INFO - LLM泛化成功，生成4个有效变体（过滤后）
2026-03-10 16:39:18,133 - WARNING - 泛化数量不足，使用原query补充
2026-03-10 16:39:18,133 - INFO -   ✗ 跳过重复query：帮我继续离车泊入...
2026-03-10 16:39:18,133 - INFO -   ✗ 跳过重复query：继续离车泊入吧...
2026-03-10 16:39:18,133 - INFO -   ✗ 跳过重复query：开启继续离车泊入...
2026-03-10 16:39:18,133 - INFO -   ✗ 跳过重复query：现在继续离车泊入...
2026-03-10 16:39:18,133 - INFO -   ✗ 跳过重复query：继续离车泊入...
2026-03-10 16:39:18,133 - INFO -   基于原始query生成5个变体：离车泊入...
2026-03-10 16:39:18,133 - INFO - 调用LLM泛化query：离车泊入
2026-03-10 16:39:18,133 - INFO - LLM泛化成功，生成4个有效变体（过滤后）
2026-03-10 16:39:18,133 - WARNING - 泛化数量不足，使用原query补充
2026-03-10 16:39:18,133 - INFO -   ✗ 跳过重复query：帮我离车泊入...
2026-03-10 16:39:18,133 - INFO -   ✗ 跳过重复query：开启离车泊入...
2026-03-10 16:39:18,133 - INFO -   ✗ 跳过重复query：离车泊入吧...
2026-03-10 16:39:18,133 - INFO -   ✗ 跳过重复query：启动离车泊入...
2026-03-10 16:39:18,133 - INFO -   ✗ 跳过重复query：离车泊入...
2026-03-10 16:39:18,133 - INFO -   基于原始query生成5个变体：开启离车泊入...
2026-03-10 16:39:18,133 - INFO - 调用LLM泛化query：开启离车泊入
2026-03-10 16:39:18,133 - INFO - LLM泛化成功，生成4个有效变体（过滤后）
2026-03-10 16:39:18,133 - WARNING - 泛化数量不足，使用原query补充
2026-03-10 16:39:18,133 - INFO -   ✗ 跳过重复query：帮我开启离车泊入...
2026-03-10 16:39:18,133 - INFO -   ✗ 跳过重复query：启动离车泊入...
2026-03-10 16:39:18,133 - INFO -   ✗ 跳过重复query：开启离车泊入吧...
2026-03-10 16:39:18,133 - INFO -   ✗ 跳过重复query：现在开启离车泊入...
2026-03-10 16:39:18,133 - INFO -   ✗ 跳过重复query：开启离车泊入...
2026-03-10 16:39:18,133 - INFO -   基于原始query生成5个变体：继续离车泊入...
2026-03-10 16:39:18,133 - INFO - 调用LLM泛化query：继续离车泊入
2026-03-10 16:39:18,133 - INFO - LLM泛化成功，生成4个有效变体（过滤后）
2026-03-10 16:39:18,133 - WARNING - 泛化数量不足，使用原query补充
2026-03-10 16:39:18,133 - INFO -   ✗ 跳过重复query：帮我继续离车泊入...
2026-03-10 16:39:18,133 - INFO -   ✗ 跳过重复query：继续离车泊入吧...
2026-03-10 16:39:18,133 - INFO -   ✗ 跳过重复query：开启继续离车泊入...
2026-03-10 16:39:18,134 - INFO -   ✗ 跳过重复query：现在继续离车泊入...
2026-03-10 16:39:18,134 - INFO -   ✗ 跳过重复query：继续离车泊入...
2026-03-10 16:39:18,134 - INFO -   基于原始query生成5个变体：离车泊入...
2026-03-10 16:39:18,134 - INFO - 调用LLM泛化query：离车泊入
2026-03-10 16:39:18,134 - INFO - LLM泛化成功，生成4个有效变体（过滤后）
2026-03-10 16:39:18,134 - WARNING - 泛化数量不足，使用原query补充
2026-03-10 16:39:18,134 - INFO -   ✗ 跳过重复query：帮我离车泊入...
2026-03-10 16:39:18,134 - INFO -   ✗ 跳过重复query：开启离车泊入...
2026-03-10 16:39:18,134 - INFO -   ✗ 跳过重复query：离车泊入吧...
2026-03-10 16:39:18,134 - INFO -   ✗ 跳过重复query：启动离车泊入...
2026-03-10 16:39:18,134 - INFO -   ✗ 跳过重复query：离车泊入...
2026-03-10 16:39:18,134 - INFO -   基于原始query生成5个变体：开启离车泊入...
2026-03-10 16:39:18,134 - INFO - 调用LLM泛化query：开启离车泊入
2026-03-10 16:39:18,134 - INFO - LLM泛化成功，生成4个有效变体（过滤后）
2026-03-10 16:39:18,134 - WARNING - 泛化数量不足，使用原query补充
2026-03-10 16:39:18,134 - INFO -   ✗ 跳过重复query：帮我开启离车泊入...
2026-03-10 16:39:18,134 - INFO -   ✗ 跳过重复query：启动离车泊入...
2026-03-10 16:39:18,134 - INFO -   ✗ 跳过重复query：开启离车泊入吧...
2026-03-10 16:39:18,134 - INFO -   ✗ 跳过重复query：现在开启离车泊入...
2026-03-10 16:39:18,134 - INFO -   ✗ 跳过重复query：开启离车泊入...
2026-03-10 16:39:18,134 - INFO -   基于原始query生成5个变体：继续离车泊入...
2026-03-10 16:39:18,134 - INFO - 调用LLM泛化query：继续离车泊入
2026-03-10 16:39:18,134 - INFO - LLM泛化成功，生成4个有效变体（过滤后）
2026-03-10 16:39:18,134 - WARNING - 泛化数量不足，使用原query补充
2026-03-10 16:39:18,134 - INFO -   ✗ 跳过重复query：帮我继续离车泊入...
2026-03-10 16:39:18,134 - INFO -   ✗ 跳过重复query：继续离车泊入吧...
2026-03-10 16:39:18,134 - INFO -   ✗ 跳过重复query：开启继续离车泊入...
2026-03-10 16:39:18,134 - INFO -   ✗ 跳过重复query：现在继续离车泊入...
2026-03-10 16:39:18,134 - INFO -   ✗ 跳过重复query：继续离车泊入...
2026-03-10 16:39:18,134 - INFO -   基于原始query生成5个变体：离车泊入...
2026-03-10 16:39:18,134 - INFO - 调用LLM泛化query：离车泊入
2026-03-10 16:39:18,134 - INFO - LLM泛化成功，生成4个有效变体（过滤后）
2026-03-10 16:39:18,134 - WARNING - 泛化数量不足，使用原query补充
2026-03-10 16:39:18,134 - INFO -   ✗ 跳过重复query：帮我离车泊入...
2026-03-10 16:39:18,134 - INFO -   ✗ 跳过重复query：开启离车泊入...
2026-03-10 16:39:18,134 - INFO -   ✗ 跳过重复query：离车泊入吧...
2026-03-10 16:39:18,134 - INFO -   ✗ 跳过重复query：启动离车泊入...
2026-03-10 16:39:18,134 - INFO -   ✗ 跳过重复query：离车泊入...
2026-03-10 16:39:18,134 - INFO -   基于原始query生成5个变体：开启离车泊入...
2026-03-10 16:39:18,134 - INFO - 调用LLM泛化query：开启离车泊入
2026-03-10 16:39:18,135 - INFO - LLM泛化成功，生成4个有效变体（过滤后）
2026-03-10 16:39:18,135 - WARNING - 泛化数量不足，使用原query补充
2026-03-10 16:39:18,135 - INFO -   ✗ 跳过重复query：帮我开启离车泊入...
2026-03-10 16:39:18,135 - INFO -   ✗ 跳过重复query：启动离车泊入...
2026-03-10 16:39:18,135 - INFO -   ✗ 跳过重复query：开启离车泊入吧...
2026-03-10 16:39:18,135 - INFO -   ✗ 跳过重复query：现在开启离车泊入...
2026-03-10 16:39:18,135 - INFO -   ✗ 跳过重复query：开启离车泊入...
2026-03-10 16:39:18,135 - INFO -   基于原始query生成5个变体：继续离车泊入...
2026-03-10 16:39:18,135 - INFO - 调用LLM泛化query：继续离车泊入
2026-03-10 16:39:18,135 - INFO - LLM泛化成功，生成4个有效变体（过滤后）
2026-03-10 16:39:18,135 - WARNING - 泛化数量不足，使用原query补充
2026-03-10 16:39:18,135 - INFO -   ✗ 跳过重复query：帮我继续离车泊入...
2026-03-10 16:39:18,135 - INFO -   ✗ 跳过重复query：继续离车泊入吧...
2026-03-10 16:39:18,135 - INFO -   ✗ 跳过重复query：开启继续离车泊入...
2026-03-10 16:39:18,135 - INFO -   ✗ 跳过重复query：现在继续离车泊入...
2026-03-10 16:39:18,135 - INFO -   ✗ 跳过重复query：继续离车泊入...
2026-03-10 16:39:18,135 - INFO -   基于原始query生成5个变体：离车泊入...
2026-03-10 16:39:18,135 - INFO - 调用LLM泛化query：离车泊入
2026-03-10 16:39:18,135 - INFO - LLM泛化成功，生成4个有效变体（过滤后）
2026-03-10 16:39:18,135 - WARNING - 泛化数量不足，使用原query补充
2026-03-10 16:39:18,135 - INFO -   ✗ 跳过重复query：帮我离车泊入...
2026-03-10 16:39:18,135 - INFO -   ✗ 跳过重复query：开启离车泊入...
2026-03-10 16:39:18,135 - INFO -   ✗ 跳过重复query：离车泊入吧...
2026-03-10 16:39:18,135 - INFO -   ✗ 跳过重复query：启动离车泊入...
2026-03-10 16:39:18,135 - INFO -   ✗ 跳过重复query：离车泊入...
2026-03-10 16:39:18,135 - INFO -   基于原始query生成5个变体：开启离车泊入...
2026-03-10 16:39:18,135 - INFO - 调用LLM泛化query：开启离车泊入
2026-03-10 16:39:18,135 - INFO - LLM泛化成功，生成4个有效变体（过滤后）
2026-03-10 16:39:18,135 - WARNING - 泛化数量不足，使用原query补充
2026-03-10 16:39:18,135 - INFO -   ✗ 跳过重复query：帮我开启离车泊入...
2026-03-10 16:39:18,135 - INFO -   ✗ 跳过重复query：启动离车泊入...
2026-03-10 16:39:18,135 - INFO -   ✗ 跳过重复query：开启离车泊入吧...
2026-03-10 16:39:18,135 - INFO -   ✗ 跳过重复query：现在开启离车泊入...
2026-03-10 16:39:18,135 - INFO -   ✗ 跳过重复query：开启离车泊入...
2026-03-10 16:39:18,135 - INFO -   基于原始query生成5个变体：继续离车泊入...
2026-03-10 16:39:18,135 - INFO - 调用LLM泛化query：继续离车泊入
2026-03-10 16:39:18,135 - INFO - LLM泛化成功，生成4个有效变体（过滤后）
2026-03-10 16:39:18,135 - WARNING - 泛化数量不足，使用原query补充
2026-03-10 16:39:18,135 - INFO -   ✗ 跳过重复query：帮我继续离车泊入...
2026-03-10 16:39:18,136 - INFO -   ✗ 跳过重复query：继续离车泊入吧...
2026-03-10 16:39:18,136 - INFO -   ✗ 跳过重复query：开启继续离车泊入...
2026-03-10 16:39:18,136 - INFO -   ✗ 跳过重复query：现在继续离车泊入...
2026-03-10 16:39:18,136 - INFO -   ✗ 跳过重复query：继续离车泊入...
2026-03-10 16:39:18,136 - INFO -   基于原始query生成5个变体：离车泊入...
2026-03-10 16:39:18,136 - INFO - 调用LLM泛化query：离车泊入
2026-03-10 16:39:18,136 - INFO - LLM泛化成功，生成4个有效变体（过滤后）
2026-03-10 16:39:18,136 - WARNING - 泛化数量不足，使用原query补充
2026-03-10 16:39:18,136 - INFO -   ✗ 跳过重复query：帮我离车泊入...
2026-03-10 16:39:18,136 - INFO -   ✗ 跳过重复query：开启离车泊入...
2026-03-10 16:39:18,136 - INFO -   ✗ 跳过重复query：离车泊入吧...
2026-03-10 16:39:18,136 - INFO -   ✗ 跳过重复query：启动离车泊入...
2026-03-10 16:39:18,136 - INFO -   ✗ 跳过重复query：离车泊入...
2026-03-10 16:39:18,136 - INFO -   基于原始query生成5个变体：开启离车泊入...
2026-03-10 16:39:18,136 - INFO - 调用LLM泛化query：开启离车泊入
2026-03-10 16:39:18,136 - INFO - LLM泛化成功，生成4个有效变体（过滤后）
2026-03-10 16:39:18,136 - WARNING - 泛化数量不足，使用原query补充
2026-03-10 16:39:18,136 - INFO -   ✗ 跳过重复query：帮我开启离车泊入...
2026-03-10 16:39:18,136 - INFO -   ✗ 跳过重复query：启动离车泊入...
2026-03-10 16:39:18,136 - INFO -   ✗ 跳过重复query：开启离车泊入吧...
2026-03-10 16:39:18,136 - INFO -   ✗ 跳过重复query：现在开启离车泊入...
2026-03-10 16:39:18,136 - INFO -   ✗ 跳过重复query：开启离车泊入...
2026-03-10 16:39:18,136 - INFO -   基于原始query生成5个变体：继续离车泊入...
2026-03-10 16:39:18,136 - INFO - 调用LLM泛化query：继续离车泊入
2026-03-10 16:39:18,136 - INFO - LLM泛化成功，生成4个有效变体（过滤后）
2026-03-10 16:39:18,136 - WARNING - 泛化数量不足，使用原query补充
2026-03-10 16:39:18,136 - INFO -   ✗ 跳过重复query：帮我继续离车泊入...
2026-03-10 16:39:18,136 - INFO -   ✗ 跳过重复query：继续离车泊入吧...
2026-03-10 16:39:18,136 - INFO -   ✗ 跳过重复query：开启继续离车泊入...
2026-03-10 16:39:18,136 - INFO -   ✗ 跳过重复query：现在继续离车泊入...
2026-03-10 16:39:18,136 - INFO -   ✗ 跳过重复query：继续离车泊入...
2026-03-10 16:39:18,136 - INFO -   基于原始query生成5个变体：离车泊入...
2026-03-10 16:39:18,136 - INFO - 调用LLM泛化query：离车泊入
2026-03-10 16:39:18,136 - INFO - LLM泛化成功，生成4个有效变体（过滤后）
2026-03-10 16:39:18,136 - WARNING - 泛化数量不足，使用原query补充
2026-03-10 16:39:18,136 - INFO -   ✗ 跳过重复query：帮我离车泊入...
2026-03-10 16:39:18,136 - INFO -   ✗ 跳过重复query：开启离车泊入...
2026-03-10 16:39:18,136 - INFO -   ✗ 跳过重复query：离车泊入吧...
2026-03-10 16:39:18,136 - INFO -   ✗ 跳过重复query：启动离车泊入...
2026-03-10 16:39:18,136 - INFO -   ✗ 跳过重复query：离车泊入...
2026-03-10 16:39:18,137 - INFO -   基于原始query生成5个变体：开启离车泊入...
2026-03-10 16:39:18,137 - INFO - 调用LLM泛化query：开启离车泊入
2026-03-10 16:39:18,137 - INFO - LLM泛化成功，生成4个有效变体（过滤后）
2026-03-10 16:39:18,137 - WARNING - 泛化数量不足，使用原query补充
2026-03-10 16:39:18,137 - INFO -   ✗ 跳过重复query：帮我开启离车泊入...
2026-03-10 16:39:18,137 - INFO -   ✗ 跳过重复query：启动离车泊入...
2026-03-10 16:39:18,137 - INFO -   ✗ 跳过重复query：开启离车泊入吧...
2026-03-10 16:39:18,137 - INFO -   ✗ 跳过重复query：现在开启离车泊入...
2026-03-10 16:39:18,137 - INFO -   ✗ 跳过重复query：开启离车泊入...
2026-03-10 16:39:18,137 - INFO -   基于原始query生成5个变体：继续离车泊入...
2026-03-10 16:39:18,137 - INFO - 调用LLM泛化query：继续离车泊入
2026-03-10 16:39:18,137 - INFO - LLM泛化成功，生成4个有效变体（过滤后）
2026-03-10 16:39:18,137 - WARNING - 泛化数量不足，使用原query补充
2026-03-10 16:39:18,137 - INFO -   ✗ 跳过重复query：帮我继续离车泊入...
2026-03-10 16:39:18,137 - INFO -   ✗ 跳过重复query：继续离车泊入吧...
2026-03-10 16:39:18,137 - INFO -   ✗ 跳过重复query：开启继续离车泊入...
2026-03-10 16:39:18,137 - INFO -   ✗ 跳过重复query：现在继续离车泊入...
2026-03-10 16:39:18,137 - INFO -   ✗ 跳过重复query：继续离车泊入...
2026-03-10 16:39:18,137 - INFO -   基于原始query生成5个变体：离车泊入...
2026-03-10 16:39:18,137 - INFO - 调用LLM泛化query：离车泊入
2026-03-10 16:39:18,137 - INFO - LLM泛化成功，生成4个有效变体（过滤后）
2026-03-10 16:39:18,137 - WARNING - 泛化数量不足，使用原query补充
2026-03-10 16:39:18,137 - INFO -   ✗ 跳过重复query：帮我离车泊入...
2026-03-10 16:39:18,137 - INFO -   ✗ 跳过重复query：开启离车泊入...
2026-03-10 16:39:18,137 - INFO -   ✗ 跳过重复query：离车泊入吧...
2026-03-10 16:39:18,137 - INFO -   ✗ 跳过重复query：启动离车泊入...
2026-03-10 16:39:18,137 - INFO -   ✗ 跳过重复query：离车泊入...
2026-03-10 16:39:18,137 - INFO -   基于原始query生成5个变体：开启离车泊入...
2026-03-10 16:39:18,137 - INFO - 调用LLM泛化query：开启离车泊入
2026-03-10 16:39:18,137 - INFO - LLM泛化成功，生成4个有效变体（过滤后）
2026-03-10 16:39:18,137 - WARNING - 泛化数量不足，使用原query补充
2026-03-10 16:39:18,137 - INFO -   ✗ 跳过重复query：帮我开启离车泊入...
2026-03-10 16:39:18,137 - INFO -   ✗ 跳过重复query：启动离车泊入...
2026-03-10 16:39:18,137 - INFO -   ✗ 跳过重复query：开启离车泊入吧...
2026-03-10 16:39:18,137 - INFO -   ✗ 跳过重复query：现在开启离车泊入...
2026-03-10 16:39:18,137 - INFO -   ✗ 跳过重复query：开启离车泊入...
2026-03-10 16:39:18,137 - INFO -   基于原始query生成5个变体：继续离车泊入...
2026-03-10 16:39:18,137 - INFO - 调用LLM泛化query：继续离车泊入
2026-03-10 16:39:18,137 - INFO - LLM泛化成功，生成4个有效变体（过滤后）
2026-03-10 16:39:18,137 - WARNING - 泛化数量不足，使用原query补充
2026-03-10 16:39:18,138 - INFO -   ✗ 跳过重复query：帮我继续离车泊入...
2026-03-10 16:39:18,138 - INFO -   ✗ 跳过重复query：继续离车泊入吧...
2026-03-10 16:39:18,138 - INFO -   ✗ 跳过重复query：开启继续离车泊入...
2026-03-10 16:39:18,138 - INFO -   ✗ 跳过重复query：现在继续离车泊入...
2026-03-10 16:39:18,138 - INFO -   ✗ 跳过重复query：继续离车泊入...
2026-03-10 16:39:18,138 - INFO -   基于原始query生成5个变体：离车泊入...
2026-03-10 16:39:18,138 - INFO - 调用LLM泛化query：离车泊入
2026-03-10 16:39:18,138 - INFO - LLM泛化成功，生成4个有效变体（过滤后）
2026-03-10 16:39:18,138 - WARNING - 泛化数量不足，使用原query补充
2026-03-10 16:39:18,138 - INFO -   ✗ 跳过重复query：帮我离车泊入...
2026-03-10 16:39:18,138 - INFO -   ✗ 跳过重复query：开启离车泊入...
2026-03-10 16:39:18,138 - INFO -   ✗ 跳过重复query：离车泊入吧...
2026-03-10 16:39:18,138 - INFO -   ✗ 跳过重复query：启动离车泊入...
2026-03-10 16:39:18,138 - INFO -   ✗ 跳过重复query：离车泊入...
2026-03-10 16:39:18,138 - INFO -   基于原始query生成5个变体：开启离车泊入...
2026-03-10 16:39:18,138 - INFO - 调用LLM泛化query：开启离车泊入
2026-03-10 16:39:18,138 - INFO - LLM泛化成功，生成4个有效变体（过滤后）
2026-03-10 16:39:18,138 - WARNING - 泛化数量不足，使用原query补充
2026-03-10 16:39:18,138 - INFO -   ✗ 跳过重复query：帮我开启离车泊入...
2026-03-10 16:39:18,138 - INFO -   ✗ 跳过重复query：启动离车泊入...
2026-03-10 16:39:18,138 - INFO -   ✗ 跳过重复query：开启离车泊入吧...
2026-03-10 16:39:18,138 - INFO -   ✗ 跳过重复query：现在开启离车泊入...
2026-03-10 16:39:18,138 - INFO -   ✗ 跳过重复query：开启离车泊入...
2026-03-10 16:39:18,138 - INFO -   基于原始query生成5个变体：继续离车泊入...
2026-03-10 16:39:18,138 - INFO - 调用LLM泛化query：继续离车泊入
2026-03-10 16:39:18,138 - INFO - LLM泛化成功，生成4个有效变体（过滤后）
2026-03-10 16:39:18,138 - WARNING - 泛化数量不足，使用原query补充
2026-03-10 16:39:18,138 - INFO -   ✗ 跳过重复query：帮我继续离车泊入...
2026-03-10 16:39:18,138 - INFO -   ✗ 跳过重复query：继续离车泊入吧...
2026-03-10 16:39:18,138 - INFO -   ✗ 跳过重复query：开启继续离车泊入...
2026-03-10 16:39:18,138 - INFO -   ✗ 跳过重复query：现在继续离车泊入...
2026-03-10 16:39:18,138 - INFO -   ✗ 跳过重复query：继续离车泊入...
2026-03-10 16:39:18,138 - INFO -   基于原始query生成5个变体：离车泊入...
2026-03-10 16:39:18,138 - INFO - 调用LLM泛化query：离车泊入
2026-03-10 16:39:18,138 - INFO - LLM泛化成功，生成4个有效变体（过滤后）
2026-03-10 16:39:18,138 - WARNING - 泛化数量不足，使用原query补充
2026-03-10 16:39:18,138 - INFO -   ✗ 跳过重复query：帮我离车泊入...
2026-03-10 16:39:18,138 - INFO -   ✗ 跳过重复query：开启离车泊入...
2026-03-10 16:39:18,138 - INFO -   ✗ 跳过重复query：离车泊入吧...
2026-03-10 16:39:18,138 - INFO -   ✗ 跳过重复query：启动离车泊入...
2026-03-10 16:39:18,138 - INFO -   ✗ 跳过重复query：离车泊入...
2026-03-10 16:39:18,139 - INFO -   基于原始query生成5个变体：开启离车泊入...
2026-03-10 16:39:18,139 - INFO - 调用LLM泛化query：开启离车泊入
2026-03-10 16:39:18,139 - INFO - LLM泛化成功，生成4个有效变体（过滤后）
2026-03-10 16:39:18,139 - WARNING - 泛化数量不足，使用原query补充
2026-03-10 16:39:18,139 - INFO -   ✗ 跳过重复query：帮我开启离车泊入...
2026-03-10 16:39:18,139 - INFO -   ✗ 跳过重复query：启动离车泊入...
2026-03-10 16:39:18,139 - INFO -   ✗ 跳过重复query：开启离车泊入吧...
2026-03-10 16:39:18,139 - INFO -   ✗ 跳过重复query：现在开启离车泊入...
2026-03-10 16:39:18,139 - INFO -   ✗ 跳过重复query：开启离车泊入...
2026-03-10 16:39:18,139 - INFO -   基于原始query生成5个变体：继续离车泊入...
2026-03-10 16:39:18,139 - INFO - 调用LLM泛化query：继续离车泊入
2026-03-10 16:39:18,139 - INFO - LLM泛化成功，生成4个有效变体（过滤后）
2026-03-10 16:39:18,139 - WARNING - 泛化数量不足，使用原query补充
2026-03-10 16:39:18,139 - INFO -   ✗ 跳过重复query：帮我继续离车泊入...
2026-03-10 16:39:18,139 - INFO -   ✗ 跳过重复query：继续离车泊入吧...
2026-03-10 16:39:18,139 - INFO -   ✗ 跳过重复query：开启继续离车泊入...
2026-03-10 16:39:18,139 - INFO -   ✗ 跳过重复query：现在继续离车泊入...
2026-03-10 16:39:18,139 - INFO -   ✗ 跳过重复query：继续离车泊入...
2026-03-10 16:39:18,139 - INFO -   基于原始query生成5个变体：离车泊入...
2026-03-10 16:39:18,139 - INFO - 调用LLM泛化query：离车泊入
2026-03-10 16:39:18,139 - INFO - LLM泛化成功，生成4个有效变体（过滤后）
2026-03-10 16:39:18,139 - WARNING - 泛化数量不足，使用原query补充
2026-03-10 16:39:18,139 - INFO -   ✗ 跳过重复query：帮我离车泊入...
2026-03-10 16:39:18,139 - INFO -   ✗ 跳过重复query：开启离车泊入...
2026-03-10 16:39:18,139 - INFO -   ✗ 跳过重复query：离车泊入吧...
2026-03-10 16:39:18,139 - INFO -   ✗ 跳过重复query：启动离车泊入...
2026-03-10 16:39:18,139 - INFO -   ✗ 跳过重复query：离车泊入...
2026-03-10 16:39:18,139 - INFO -   基于原始query生成5个变体：开启离车泊入...
2026-03-10 16:39:18,139 - INFO - 调用LLM泛化query：开启离车泊入
2026-03-10 16:39:18,139 - INFO - LLM泛化成功，生成4个有效变体（过滤后）
2026-03-10 16:39:18,139 - WARNING - 泛化数量不足，使用原query补充
2026-03-10 16:39:18,139 - INFO -   ✗ 跳过重复query：帮我开启离车泊入...
2026-03-10 16:39:18,139 - INFO -   ✗ 跳过重复query：启动离车泊入...
2026-03-10 16:39:18,139 - INFO -   ✗ 跳过重复query：开启离车泊入吧...
2026-03-10 16:39:18,139 - INFO -   ✗ 跳过重复query：现在开启离车泊入...
2026-03-10 16:39:18,139 - INFO -   ✗ 跳过重复query：开启离车泊入...
2026-03-10 16:39:18,139 - INFO -   基于原始query生成5个变体：继续离车泊入...
2026-03-10 16:39:18,139 - INFO - 调用LLM泛化query：继续离车泊入
2026-03-10 16:39:18,139 - INFO - LLM泛化成功，生成4个有效变体（过滤后）
2026-03-10 16:39:18,140 - WARNING - 泛化数量不足，使用原query补充
2026-03-10 16:39:18,140 - INFO -   ✗ 跳过重复query：帮我继续离车泊入...
2026-03-10 16:39:18,140 - INFO -   ✗ 跳过重复query：继续离车泊入吧...
2026-03-10 16:39:18,140 - INFO -   ✗ 跳过重复query：开启继续离车泊入...
2026-03-10 16:39:18,140 - INFO -   ✗ 跳过重复query：现在继续离车泊入...
2026-03-10 16:39:18,140 - INFO -   ✗ 跳过重复query：继续离车泊入...
2026-03-10 16:39:18,140 - INFO -   基于原始query生成5个变体：离车泊入...
2026-03-10 16:39:18,140 - INFO - 调用LLM泛化query：离车泊入
2026-03-10 16:39:18,140 - INFO - LLM泛化成功，生成4个有效变体（过滤后）
2026-03-10 16:39:18,140 - WARNING - 泛化数量不足，使用原query补充
2026-03-10 16:39:18,140 - INFO -   ✗ 跳过重复query：帮我离车泊入...
2026-03-10 16:39:18,140 - INFO -   ✗ 跳过重复query：开启离车泊入...
2026-03-10 16:39:18,140 - INFO -   ✗ 跳过重复query：离车泊入吧...
2026-03-10 16:39:18,140 - INFO -   ✗ 跳过重复query：启动离车泊入...
2026-03-10 16:39:18,140 - INFO -   ✗ 跳过重复query：离车泊入...
2026-03-10 16:39:18,140 - INFO -   基于原始query生成5个变体：开启离车泊入...
2026-03-10 16:39:18,140 - INFO - 调用LLM泛化query：开启离车泊入
2026-03-10 16:39:18,140 - INFO - LLM泛化成功，生成4个有效变体（过滤后）
2026-03-10 16:39:18,140 - WARNING - 泛化数量不足，使用原query补充
2026-03-10 16:39:18,140 - INFO -   ✗ 跳过重复query：帮我开启离车泊入...
2026-03-10 16:39:18,140 - INFO -   ✗ 跳过重复query：启动离车泊入...
2026-03-10 16:39:18,140 - INFO -   ✗ 跳过重复query：开启离车泊入吧...
2026-03-10 16:39:18,140 - INFO -   ✗ 跳过重复query：现在开启离车泊入...
2026-03-10 16:39:18,140 - INFO -   ✗ 跳过重复query：开启离车泊入...
2026-03-10 16:39:18,140 - INFO -   基于原始query生成5个变体：继续离车泊入...
2026-03-10 16:39:18,140 - INFO - 调用LLM泛化query：继续离车泊入
2026-03-10 16:39:18,140 - INFO - LLM泛化成功，生成4个有效变体（过滤后）
2026-03-10 16:39:18,140 - WARNING - 泛化数量不足，使用原query补充
2026-03-10 16:39:18,140 - INFO -   ✗ 跳过重复query：帮我继续离车泊入...
2026-03-10 16:39:18,140 - INFO -   ✗ 跳过重复query：继续离车泊入吧...
2026-03-10 16:39:18,140 - INFO -   ✗ 跳过重复query：开启继续离车泊入...
2026-03-10 16:39:18,140 - INFO -   ✗ 跳过重复query：现在继续离车泊入...
2026-03-10 16:39:18,140 - INFO -   ✗ 跳过重复query：继续离车泊入...
2026-03-10 16:39:18,140 - INFO -   基于原始query生成5个变体：离车泊入...
2026-03-10 16:39:18,140 - INFO - 调用LLM泛化query：离车泊入
2026-03-10 16:39:18,140 - INFO - LLM泛化成功，生成4个有效变体（过滤后）
2026-03-10 16:39:18,140 - WARNING - 泛化数量不足，使用原query补充
2026-03-10 16:39:18,140 - INFO -   ✗ 跳过重复query：帮我离车泊入...
2026-03-10 16:39:18,140 - INFO -   ✗ 跳过重复query：开启离车泊入...
2026-03-10 16:39:18,140 - INFO -   ✗ 跳过重复query：离车泊入吧...
2026-03-10 16:39:18,141 - INFO -   ✗ 跳过重复query：启动离车泊入...
2026-03-10 16:39:18,141 - INFO -   ✗ 跳过重复query：离车泊入...
2026-03-10 16:39:18,141 - INFO -   基于原始query生成5个变体：开启离车泊入...
2026-03-10 16:39:18,141 - INFO - 调用LLM泛化query：开启离车泊入
2026-03-10 16:39:18,141 - INFO - LLM泛化成功，生成4个有效变体（过滤后）
2026-03-10 16:39:18,141 - WARNING - 泛化数量不足，使用原query补充
2026-03-10 16:39:18,141 - INFO -   ✗ 跳过重复query：帮我开启离车泊入...
2026-03-10 16:39:18,141 - INFO -   ✗ 跳过重复query：启动离车泊入...
2026-03-10 16:39:18,141 - INFO -   ✗ 跳过重复query：开启离车泊入吧...
2026-03-10 16:39:18,141 - INFO -   ✗ 跳过重复query：现在开启离车泊入...
2026-03-10 16:39:18,141 - INFO -   ✗ 跳过重复query：开启离车泊入...
2026-03-10 16:39:18,141 - INFO -   基于原始query生成5个变体：继续离车泊入...
2026-03-10 16:39:18,141 - INFO - 调用LLM泛化query：继续离车泊入
2026-03-10 16:39:18,141 - INFO - LLM泛化成功，生成4个有效变体（过滤后）
2026-03-10 16:39:18,141 - WARNING - 泛化数量不足，使用原query补充
2026-03-10 16:39:18,141 - INFO -   ✗ 跳过重复query：帮我继续离车泊入...
2026-03-10 16:39:18,141 - INFO -   ✗ 跳过重复query：继续离车泊入吧...
2026-03-10 16:39:18,141 - INFO -   ✗ 跳过重复query：开启继续离车泊入...
2026-03-10 16:39:18,141 - INFO -   ✗ 跳过重复query：现在继续离车泊入...
2026-03-10 16:39:18,141 - INFO -   ✗ 跳过重复query：继续离车泊入...
2026-03-10 16:39:18,141 - INFO -   基于原始query生成5个变体：离车泊入...
2026-03-10 16:39:18,141 - INFO - 调用LLM泛化query：离车泊入
2026-03-10 16:39:18,141 - INFO - LLM泛化成功，生成4个有效变体（过滤后）
2026-03-10 16:39:18,141 - WARNING - 泛化数量不足，使用原query补充
2026-03-10 16:39:18,141 - INFO -   ✗ 跳过重复query：帮我离车泊入...
2026-03-10 16:39:18,141 - INFO -   ✗ 跳过重复query：开启离车泊入...
2026-03-10 16:39:18,141 - INFO -   ✗ 跳过重复query：离车泊入吧...
2026-03-10 16:39:18,141 - INFO -   ✗ 跳过重复query：启动离车泊入...
2026-03-10 16:39:18,141 - INFO -   ✗ 跳过重复query：离车泊入...
2026-03-10 16:39:18,141 - INFO -   基于原始query生成5个变体：开启离车泊入...
2026-03-10 16:39:18,141 - INFO - 调用LLM泛化query：开启离车泊入
2026-03-10 16:39:18,141 - INFO - LLM泛化成功，生成4个有效变体（过滤后）
2026-03-10 16:39:18,141 - WARNING - 泛化数量不足，使用原query补充
2026-03-10 16:39:18,141 - INFO -   ✗ 跳过重复query：帮我开启离车泊入...
2026-03-10 16:39:18,141 - INFO -   ✗ 跳过重复query：启动离车泊入...
2026-03-10 16:39:18,141 - INFO -   ✗ 跳过重复query：开启离车泊入吧...
2026-03-10 16:39:18,141 - INFO -   ✗ 跳过重复query：现在开启离车泊入...
2026-03-10 16:39:18,141 - INFO -   ✗ 跳过重复query：开启离车泊入...
2026-03-10 16:39:18,141 - INFO -   基于原始query生成5个变体：继续离车泊入...
2026-03-10 16:39:18,142 - INFO - 调用LLM泛化query：继续离车泊入
2026-03-10 16:39:18,142 - INFO - LLM泛化成功，生成4个有效变体（过滤后）
2026-03-10 16:39:18,142 - WARNING - 泛化数量不足，使用原query补充
2026-03-10 16:39:18,142 - INFO -   ✗ 跳过重复query：帮我继续离车泊入...
2026-03-10 16:39:18,142 - INFO -   ✗ 跳过重复query：继续离车泊入吧...
2026-03-10 16:39:18,142 - INFO -   ✗ 跳过重复query：开启继续离车泊入...
2026-03-10 16:39:18,142 - INFO -   ✗ 跳过重复query：现在继续离车泊入...
2026-03-10 16:39:18,142 - INFO -   ✗ 跳过重复query：继续离车泊入...
2026-03-10 16:39:18,142 - INFO -   基于原始query生成5个变体：离车泊入...
2026-03-10 16:39:18,142 - INFO - 调用LLM泛化query：离车泊入
2026-03-10 16:39:18,142 - INFO - LLM泛化成功，生成4个有效变体（过滤后）
2026-03-10 16:39:18,142 - WARNING - 泛化数量不足，使用原query补充
2026-03-10 16:39:18,142 - INFO -   ✗ 跳过重复query：帮我离车泊入...
2026-03-10 16:39:18,142 - INFO -   ✗ 跳过重复query：开启离车泊入...
2026-03-10 16:39:18,142 - INFO -   ✗ 跳过重复query：离车泊入吧...
2026-03-10 16:39:18,142 - INFO -   ✗ 跳过重复query：启动离车泊入...
2026-03-10 16:39:18,142 - INFO -   ✗ 跳过重复query：离车泊入...
2026-03-10 16:39:18,142 - INFO -   基于原始query生成5个变体：开启离车泊入...
2026-03-10 16:39:18,142 - INFO - 调用LLM泛化query：开启离车泊入
2026-03-10 16:39:18,142 - INFO - LLM泛化成功，生成4个有效变体（过滤后）
2026-03-10 16:39:18,142 - WARNING - 泛化数量不足，使用原query补充
2026-03-10 16:39:18,142 - INFO -   ✗ 跳过重复query：帮我开启离车泊入...
2026-03-10 16:39:18,142 - INFO -   ✗ 跳过重复query：启动离车泊入...
2026-03-10 16:39:18,142 - INFO -   ✗ 跳过重复query：开启离车泊入吧...
2026-03-10 16:39:18,142 - INFO -   ✗ 跳过重复query：现在开启离车泊入...
2026-03-10 16:39:18,142 - INFO -   ✗ 跳过重复query：开启离车泊入...
2026-03-10 16:39:18,142 - INFO -   基于原始query生成5个变体：继续离车泊入...
2026-03-10 16:39:18,142 - INFO - 调用LLM泛化query：继续离车泊入
2026-03-10 16:39:18,142 - INFO - LLM泛化成功，生成4个有效变体（过滤后）
2026-03-10 16:39:18,142 - WARNING - 泛化数量不足，使用原query补充
2026-03-10 16:39:18,142 - INFO -   ✗ 跳过重复query：帮我继续离车泊入...
2026-03-10 16:39:18,142 - INFO -   ✗ 跳过重复query：继续离车泊入吧...
2026-03-10 16:39:18,142 - INFO -   ✗ 跳过重复query：开启继续离车泊入...
2026-03-10 16:39:18,142 - INFO -   ✗ 跳过重复query：现在继续离车泊入...
2026-03-10 16:39:18,142 - INFO -   ✗ 跳过重复query：继续离车泊入...
2026-03-10 16:39:18,142 - INFO -   基于原始query生成5个变体：离车泊入...
2026-03-10 16:39:18,142 - INFO - 调用LLM泛化query：离车泊入
2026-03-10 16:39:18,142 - INFO - LLM泛化成功，生成4个有效变体（过滤后）
2026-03-10 16:39:18,142 - WARNING - 泛化数量不足，使用原query补充
2026-03-10 16:39:18,142 - INFO -   ✗ 跳过重复query：帮我离车泊入...
2026-03-10 16:39:18,143 - INFO -   ✗ 跳过重复query：开启离车泊入...
2026-03-10 16:39:18,143 - INFO -   ✗ 跳过重复query：离车泊入吧...
2026-03-10 16:39:18,143 - INFO -   ✗ 跳过重复query：启动离车泊入...
2026-03-10 16:39:18,143 - INFO -   ✗ 跳过重复query：离车泊入...
2026-03-10 16:39:18,143 - INFO -   基于原始query生成5个变体：开启离车泊入...
2026-03-10 16:39:18,143 - INFO - 调用LLM泛化query：开启离车泊入
2026-03-10 16:39:18,143 - INFO - LLM泛化成功，生成4个有效变体（过滤后）
2026-03-10 16:39:18,143 - WARNING - 泛化数量不足，使用原query补充
2026-03-10 16:39:18,143 - INFO -   ✗ 跳过重复query：帮我开启离车泊入...
2026-03-10 16:39:18,143 - INFO -   ✗ 跳过重复query：启动离车泊入...
2026-03-10 16:39:18,143 - INFO -   ✗ 跳过重复query：开启离车泊入吧...
2026-03-10 16:39:18,143 - INFO -   ✗ 跳过重复query：现在开启离车泊入...
2026-03-10 16:39:18,143 - INFO -   ✗ 跳过重复query：开启离车泊入...
2026-03-10 16:39:18,143 - INFO -   基于原始query生成5个变体：继续离车泊入...
2026-03-10 16:39:18,143 - INFO - 调用LLM泛化query：继续离车泊入
2026-03-10 16:39:18,143 - INFO - LLM泛化成功，生成4个有效变体（过滤后）
2026-03-10 16:39:18,143 - WARNING - 泛化数量不足，使用原query补充
2026-03-10 16:39:18,143 - INFO -   ✗ 跳过重复query：帮我继续离车泊入...
2026-03-10 16:39:18,143 - INFO -   ✗ 跳过重复query：继续离车泊入吧...
2026-03-10 16:39:18,143 - INFO -   ✗ 跳过重复query：开启继续离车泊入...
2026-03-10 16:39:18,143 - INFO -   ✗ 跳过重复query：现在继续离车泊入...
2026-03-10 16:39:18,143 - INFO -   ✗ 跳过重复query：继续离车泊入...
2026-03-10 16:39:18,143 - INFO -   基于原始query生成5个变体：离车泊入...
2026-03-10 16:39:18,143 - INFO - 调用LLM泛化query：离车泊入
2026-03-10 16:39:18,143 - INFO - LLM泛化成功，生成4个有效变体（过滤后）
2026-03-10 16:39:18,143 - WARNING - 泛化数量不足，使用原query补充
2026-03-10 16:39:18,143 - INFO -   ✗ 跳过重复query：帮我离车泊入...
2026-03-10 16:39:18,143 - INFO -   ✗ 跳过重复query：开启离车泊入...
2026-03-10 16:39:18,143 - INFO -   ✗ 跳过重复query：离车泊入吧...
2026-03-10 16:39:18,143 - INFO -   ✗ 跳过重复query：启动离车泊入...
2026-03-10 16:39:18,143 - INFO -   ✗ 跳过重复query：离车泊入...
2026-03-10 16:39:18,143 - INFO -   基于原始query生成5个变体：开启离车泊入...
2026-03-10 16:39:18,143 - INFO - 调用LLM泛化query：开启离车泊入
2026-03-10 16:39:18,143 - INFO - LLM泛化成功，生成4个有效变体（过滤后）
2026-03-10 16:39:18,143 - WARNING - 泛化数量不足，使用原query补充
2026-03-10 16:39:18,143 - INFO -   ✗ 跳过重复query：帮我开启离车泊入...
2026-03-10 16:39:18,143 - INFO -   ✗ 跳过重复query：启动离车泊入...
2026-03-10 16:39:18,143 - INFO -   ✗ 跳过重复query：开启离车泊入吧...
2026-03-10 16:39:18,143 - INFO -   ✗ 跳过重复query：现在开启离车泊入...
2026-03-10 16:39:18,144 - INFO -   ✗ 跳过重复query：开启离车泊入...
2026-03-10 16:39:18,144 - INFO -   基于原始query生成5个变体：继续离车泊入...
2026-03-10 16:39:18,144 - INFO - 调用LLM泛化query：继续离车泊入
2026-03-10 16:39:18,144 - INFO - LLM泛化成功，生成4个有效变体（过滤后）
2026-03-10 16:39:18,144 - WARNING - 泛化数量不足，使用原query补充
2026-03-10 16:39:18,144 - INFO -   ✗ 跳过重复query：帮我继续离车泊入...
2026-03-10 16:39:18,144 - INFO -   ✗ 跳过重复query：继续离车泊入吧...
2026-03-10 16:39:18,144 - INFO -   ✗ 跳过重复query：开启继续离车泊入...
2026-03-10 16:39:18,144 - INFO -   ✗ 跳过重复query：现在继续离车泊入...
2026-03-10 16:39:18,144 - INFO -   ✗ 跳过重复query：继续离车泊入...
2026-03-10 16:39:18,144 - INFO -   基于原始query生成5个变体：离车泊入...
2026-03-10 16:39:18,144 - INFO - 调用LLM泛化query：离车泊入
2026-03-10 16:39:18,144 - INFO - LLM泛化成功，生成4个有效变体（过滤后）
2026-03-10 16:39:18,144 - WARNING - 泛化数量不足，使用原query补充
2026-03-10 16:39:18,144 - INFO -   ✗ 跳过重复query：帮我离车泊入...
2026-03-10 16:39:18,144 - INFO -   ✗ 跳过重复query：开启离车泊入...
2026-03-10 16:39:18,144 - INFO -   ✗ 跳过重复query：离车泊入吧...
2026-03-10 16:39:18,144 - INFO -   ✗ 跳过重复query：启动离车泊入...
2026-03-10 16:39:18,144 - INFO -   ✗ 跳过重复query：离车泊入...
2026-03-10 16:39:18,144 - INFO -   基于原始query生成5个变体：开启离车泊入...
2026-03-10 16:39:18,144 - INFO - 调用LLM泛化query：开启离车泊入
2026-03-10 16:39:18,144 - INFO - LLM泛化成功，生成4个有效变体（过滤后）
2026-03-10 16:39:18,144 - WARNING - 泛化数量不足，使用原query补充
2026-03-10 16:39:18,144 - INFO -   ✗ 跳过重复query：帮我开启离车泊入...
2026-03-10 16:39:18,144 - INFO -   ✗ 跳过重复query：启动离车泊入...
2026-03-10 16:39:18,144 - INFO -   ✗ 跳过重复query：开启离车泊入吧...
2026-03-10 16:39:18,144 - INFO -   ✗ 跳过重复query：现在开启离车泊入...
2026-03-10 16:39:18,144 - INFO -   ✗ 跳过重复query：开启离车泊入...
2026-03-10 16:39:18,144 - INFO -   基于原始query生成5个变体：继续离车泊入...
2026-03-10 16:39:18,144 - INFO - 调用LLM泛化query：继续离车泊入
2026-03-10 16:39:18,144 - INFO - LLM泛化成功，生成4个有效变体（过滤后）
2026-03-10 16:39:18,144 - WARNING - 泛化数量不足，使用原query补充
2026-03-10 16:39:18,144 - INFO -   ✗ 跳过重复query：帮我继续离车泊入...
2026-03-10 16:39:18,144 - INFO -   ✗ 跳过重复query：继续离车泊入吧...
2026-03-10 16:39:18,144 - INFO -   ✗ 跳过重复query：开启继续离车泊入...
2026-03-10 16:39:18,144 - INFO -   ✗ 跳过重复query：现在继续离车泊入...
2026-03-10 16:39:18,144 - INFO -   ✗ 跳过重复query：继续离车泊入...
2026-03-10 16:39:18,144 - INFO -   基于原始query生成5个变体：离车泊入...
2026-03-10 16:39:18,144 - INFO - 调用LLM泛化query：离车泊入
2026-03-10 16:39:18,145 - INFO - LLM泛化成功，生成4个有效变体（过滤后）
2026-03-10 16:39:18,145 - WARNING - 泛化数量不足，使用原query补充
2026-03-10 16:39:18,145 - INFO -   ✗ 跳过重复query：帮我离车泊入...
2026-03-10 16:39:18,145 - INFO -   ✗ 跳过重复query：开启离车泊入...
2026-03-10 16:39:18,145 - INFO -   ✗ 跳过重复query：离车泊入吧...
2026-03-10 16:39:18,145 - INFO -   ✗ 跳过重复query：启动离车泊入...
2026-03-10 16:39:18,145 - INFO -   ✗ 跳过重复query：离车泊入...
2026-03-10 16:39:18,145 - INFO -   基于原始query生成5个变体：开启离车泊入...
2026-03-10 16:39:18,145 - INFO - 调用LLM泛化query：开启离车泊入
2026-03-10 16:39:18,145 - INFO - LLM泛化成功，生成4个有效变体（过滤后）
2026-03-10 16:39:18,145 - WARNING - 泛化数量不足，使用原query补充
2026-03-10 16:39:18,145 - INFO -   ✗ 跳过重复query：帮我开启离车泊入...
2026-03-10 16:39:18,145 - INFO -   ✗ 跳过重复query：启动离车泊入...
2026-03-10 16:39:18,145 - INFO -   ✗ 跳过重复query：开启离车泊入吧...
2026-03-10 16:39:18,145 - INFO -   ✗ 跳过重复query：现在开启离车泊入...
2026-03-10 16:39:18,145 - INFO -   ✗ 跳过重复query：开启离车泊入...
2026-03-10 16:39:18,145 - INFO -   基于原始query生成5个变体：继续离车泊入...
2026-03-10 16:39:18,145 - INFO - 调用LLM泛化query：继续离车泊入
2026-03-10 16:39:18,145 - INFO - LLM泛化成功，生成4个有效变体（过滤后）
2026-03-10 16:39:18,145 - WARNING - 泛化数量不足，使用原query补充
2026-03-10 16:39:18,145 - INFO -   ✗ 跳过重复query：帮我继续离车泊入...
2026-03-10 16:39:18,145 - INFO -   ✗ 跳过重复query：继续离车泊入吧...
2026-03-10 16:39:18,145 - INFO -   ✗ 跳过重复query：开启继续离车泊入...
2026-03-10 16:39:18,145 - INFO -   ✗ 跳过重复query：现在继续离车泊入...
2026-03-10 16:39:18,145 - INFO -   ✗ 跳过重复query：继续离车泊入...
2026-03-10 16:39:18,145 - INFO -   基于原始query生成5个变体：离车泊入...
2026-03-10 16:39:18,145 - INFO - 调用LLM泛化query：离车泊入
2026-03-10 16:39:18,145 - INFO - LLM泛化成功，生成4个有效变体（过滤后）
2026-03-10 16:39:18,145 - WARNING - 泛化数量不足，使用原query补充
2026-03-10 16:39:18,145 - INFO -   ✗ 跳过重复query：帮我离车泊入...
2026-03-10 16:39:18,145 - INFO -   ✗ 跳过重复query：开启离车泊入...
2026-03-10 16:39:18,145 - INFO -   ✗ 跳过重复query：离车泊入吧...
2026-03-10 16:39:18,145 - INFO -   ✗ 跳过重复query：启动离车泊入...
2026-03-10 16:39:18,145 - INFO -   ✗ 跳过重复query：离车泊入...
2026-03-10 16:39:18,145 - INFO -   基于原始query生成5个变体：开启离车泊入...
2026-03-10 16:39:18,145 - INFO - 调用LLM泛化query：开启离车泊入
2026-03-10 16:39:18,145 - INFO - LLM泛化成功，生成4个有效变体（过滤后）
2026-03-10 16:39:18,145 - WARNING - 泛化数量不足，使用原query补充
2026-03-10 16:39:18,145 - INFO -   ✗ 跳过重复query：帮我开启离车泊入...
2026-03-10 16:39:18,145 - INFO -   ✗ 跳过重复query：启动离车泊入...
2026-03-10 16:39:18,145 - INFO -   ✗ 跳过重复query：开启离车泊入吧...
2026-03-10 16:39:18,146 - INFO -   ✗ 跳过重复query：现在开启离车泊入...
2026-03-10 16:39:18,146 - INFO -   ✗ 跳过重复query：开启离车泊入...
2026-03-10 16:39:18,146 - INFO -   基于原始query生成5个变体：继续离车泊入...
2026-03-10 16:39:18,146 - INFO - 调用LLM泛化query：继续离车泊入
2026-03-10 16:39:18,146 - INFO - LLM泛化成功，生成4个有效变体（过滤后）
2026-03-10 16:39:18,146 - WARNING - 泛化数量不足，使用原query补充
2026-03-10 16:39:18,146 - INFO -   ✗ 跳过重复query：帮我继续离车泊入...
2026-03-10 16:39:18,146 - INFO -   ✗ 跳过重复query：继续离车泊入吧...
2026-03-10 16:39:18,146 - INFO -   ✗ 跳过重复query：开启继续离车泊入...
2026-03-10 16:39:18,146 - INFO -   ✗ 跳过重复query：现在继续离车泊入...
2026-03-10 16:39:18,146 - INFO -   ✗ 跳过重复query：继续离车泊入...
2026-03-10 16:39:18,146 - INFO -   基于原始query生成5个变体：离车泊入...
2026-03-10 16:39:18,146 - INFO - 调用LLM泛化query：离车泊入
2026-03-10 16:39:18,146 - INFO - LLM泛化成功，生成4个有效变体（过滤后）
2026-03-10 16:39:18,146 - WARNING - 泛化数量不足，使用原query补充
2026-03-10 16:39:18,146 - INFO -   ✗ 跳过重复query：帮我离车泊入...
2026-03-10 16:39:18,146 - INFO -   ✗ 跳过重复query：开启离车泊入...
2026-03-10 16:39:18,146 - INFO -   ✗ 跳过重复query：离车泊入吧...
2026-03-10 16:39:18,146 - INFO -   ✗ 跳过重复query：启动离车泊入...
2026-03-10 16:39:18,146 - INFO -   ✗ 跳过重复query：离车泊入...
2026-03-10 16:39:18,146 - INFO -   基于原始query生成5个变体：开启离车泊入...
2026-03-10 16:39:18,146 - INFO - 调用LLM泛化query：开启离车泊入
2026-03-10 16:39:18,146 - INFO - LLM泛化成功，生成4个有效变体（过滤后）
2026-03-10 16:39:18,146 - WARNING - 泛化数量不足，使用原query补充
2026-03-10 16:39:18,146 - INFO -   ✗ 跳过重复query：帮我开启离车泊入...
2026-03-10 16:39:18,146 - INFO -   ✗ 跳过重复query：启动离车泊入...
2026-03-10 16:39:18,146 - INFO -   ✗ 跳过重复query：开启离车泊入吧...
2026-03-10 16:39:18,146 - INFO -   ✗ 跳过重复query：现在开启离车泊入...
2026-03-10 16:39:18,146 - INFO -   ✗ 跳过重复query：开启离车泊入...
2026-03-10 16:39:18,146 - INFO -   基于原始query生成5个变体：继续离车泊入...
2026-03-10 16:39:18,146 - INFO - 调用LLM泛化query：继续离车泊入
2026-03-10 16:39:18,146 - INFO - LLM泛化成功，生成4个有效变体（过滤后）
2026-03-10 16:39:18,146 - WARNING - 泛化数量不足，使用原query补充
2026-03-10 16:39:18,146 - INFO -   ✗ 跳过重复query：帮我继续离车泊入...
2026-03-10 16:39:18,146 - INFO -   ✗ 跳过重复query：继续离车泊入吧...
2026-03-10 16:39:18,146 - INFO -   ✗ 跳过重复query：开启继续离车泊入...
2026-03-10 16:39:18,146 - INFO -   ✗ 跳过重复query：现在继续离车泊入...
2026-03-10 16:39:18,146 - INFO -   ✗ 跳过重复query：继续离车泊入...
2026-03-10 16:39:18,146 - INFO -   基于原始query生成5个变体：离车泊入...
2026-03-10 16:39:18,147 - INFO - 调用LLM泛化query：离车泊入
2026-03-10 16:39:18,147 - INFO - LLM泛化成功，生成4个有效变体（过滤后）
2026-03-10 16:39:18,147 - WARNING - 泛化数量不足，使用原query补充
2026-03-10 16:39:18,147 - INFO -   ✗ 跳过重复query：帮我离车泊入...
2026-03-10 16:39:18,147 - INFO -   ✗ 跳过重复query：开启离车泊入...
2026-03-10 16:39:18,147 - INFO -   ✗ 跳过重复query：离车泊入吧...
2026-03-10 16:39:18,147 - INFO -   ✗ 跳过重复query：启动离车泊入...
2026-03-10 16:39:18,147 - INFO -   ✗ 跳过重复query：离车泊入...
2026-03-10 16:39:18,147 - INFO -   基于原始query生成5个变体：开启离车泊入...
2026-03-10 16:39:18,147 - INFO - 调用LLM泛化query：开启离车泊入
2026-03-10 16:39:18,147 - INFO - LLM泛化成功，生成4个有效变体（过滤后）
2026-03-10 16:39:18,147 - WARNING - 泛化数量不足，使用原query补充
2026-03-10 16:39:18,147 - INFO -   ✗ 跳过重复query：帮我开启离车泊入...
2026-03-10 16:39:18,147 - INFO -   ✗ 跳过重复query：启动离车泊入...
2026-03-10 16:39:18,147 - INFO -   ✗ 跳过重复query：开启离车泊入吧...
2026-03-10 16:39:18,147 - INFO -   ✗ 跳过重复query：现在开启离车泊入...
2026-03-10 16:39:18,147 - INFO -   ✗ 跳过重复query：开启离车泊入...
2026-03-10 16:39:18,147 - INFO -   基于原始query生成5个变体：继续离车泊入...
2026-03-10 16:39:18,147 - INFO - 调用LLM泛化query：继续离车泊入
2026-03-10 16:39:18,147 - INFO - LLM泛化成功，生成4个有效变体（过滤后）
2026-03-10 16:39:18,147 - WARNING - 泛化数量不足，使用原query补充
2026-03-10 16:39:18,147 - INFO -   ✗ 跳过重复query：帮我继续离车泊入...
2026-03-10 16:39:18,147 - INFO -   ✗ 跳过重复query：继续离车泊入吧...
2026-03-10 16:39:18,147 - INFO -   ✗ 跳过重复query：开启继续离车泊入...
2026-03-10 16:39:18,147 - INFO -   ✗ 跳过重复query：现在继续离车泊入...
2026-03-10 16:39:18,147 - INFO -   ✗ 跳过重复query：继续离车泊入...
2026-03-10 16:39:18,147 - INFO -   基于原始query生成5个变体：离车泊入...
2026-03-10 16:39:18,147 - INFO - 调用LLM泛化query：离车泊入
2026-03-10 16:39:18,147 - INFO - LLM泛化成功，生成4个有效变体（过滤后）
2026-03-10 16:39:18,147 - WARNING - 泛化数量不足，使用原query补充
2026-03-10 16:39:18,147 - INFO -   ✗ 跳过重复query：帮我离车泊入...
2026-03-10 16:39:18,147 - INFO -   ✗ 跳过重复query：开启离车泊入...
2026-03-10 16:39:18,147 - INFO -   ✗ 跳过重复query：离车泊入吧...
2026-03-10 16:39:18,147 - INFO -   ✗ 跳过重复query：启动离车泊入...
2026-03-10 16:39:18,147 - INFO -   ✗ 跳过重复query：离车泊入...
2026-03-10 16:39:18,147 - INFO -   基于原始query生成5个变体：开启离车泊入...
2026-03-10 16:39:18,147 - INFO - 调用LLM泛化query：开启离车泊入
2026-03-10 16:39:18,147 - INFO - LLM泛化成功，生成4个有效变体（过滤后）
2026-03-10 16:39:18,147 - WARNING - 泛化数量不足，使用原query补充
2026-03-10 16:39:18,148 - INFO -   ✗ 跳过重复query：帮我开启离车泊入...
2026-03-10 16:39:18,148 - INFO -   ✗ 跳过重复query：启动离车泊入...
2026-03-10 16:39:18,148 - INFO -   ✗ 跳过重复query：开启离车泊入吧...
2026-03-10 16:39:18,148 - INFO -   ✗ 跳过重复query：现在开启离车泊入...
2026-03-10 16:39:18,148 - INFO -   ✗ 跳过重复query：开启离车泊入...
2026-03-10 16:39:18,148 - INFO -   基于原始query生成5个变体：继续离车泊入...
2026-03-10 16:39:18,148 - INFO - 调用LLM泛化query：继续离车泊入
2026-03-10 16:39:18,148 - INFO - LLM泛化成功，生成4个有效变体（过滤后）
2026-03-10 16:39:18,148 - WARNING - 泛化数量不足，使用原query补充
2026-03-10 16:39:18,148 - INFO -   ✗ 跳过重复query：帮我继续离车泊入...
2026-03-10 16:39:18,148 - INFO -   ✗ 跳过重复query：继续离车泊入吧...
2026-03-10 16:39:18,148 - INFO -   ✗ 跳过重复query：开启继续离车泊入...
2026-03-10 16:39:18,148 - INFO -   ✗ 跳过重复query：现在继续离车泊入...
2026-03-10 16:39:18,148 - INFO -   ✗ 跳过重复query：继续离车泊入...
2026-03-10 16:39:18,148 - INFO -   基于原始query生成5个变体：离车泊入...
2026-03-10 16:39:18,148 - INFO - 调用LLM泛化query：离车泊入
2026-03-10 16:39:18,148 - INFO - LLM泛化成功，生成4个有效变体（过滤后）
2026-03-10 16:39:18,148 - WARNING - 泛化数量不足，使用原query补充
2026-03-10 16:39:18,148 - INFO -   ✗ 跳过重复query：帮我离车泊入...
2026-03-10 16:39:18,148 - INFO -   ✗ 跳过重复query：开启离车泊入...
2026-03-10 16:39:18,148 - INFO -   ✗ 跳过重复query：离车泊入吧...
2026-03-10 16:39:18,148 - INFO -   ✗ 跳过重复query：启动离车泊入...
2026-03-10 16:39:18,148 - INFO -   ✗ 跳过重复query：离车泊入...
2026-03-10 16:39:18,148 - INFO -   基于原始query生成5个变体：开启离车泊入...
2026-03-10 16:39:18,148 - INFO - 调用LLM泛化query：开启离车泊入
2026-03-10 16:39:18,148 - INFO - LLM泛化成功，生成4个有效变体（过滤后）
2026-03-10 16:39:18,148 - WARNING - 泛化数量不足，使用原query补充
2026-03-10 16:39:18,148 - INFO -   ✗ 跳过重复query：帮我开启离车泊入...
2026-03-10 16:39:18,148 - INFO -   ✗ 跳过重复query：启动离车泊入...
2026-03-10 16:39:18,148 - INFO -   ✗ 跳过重复query：开启离车泊入吧...
2026-03-10 16:39:18,148 - INFO -   ✗ 跳过重复query：现在开启离车泊入...
2026-03-10 16:39:18,148 - INFO -   ✗ 跳过重复query：开启离车泊入...
2026-03-10 16:39:18,148 - INFO -   基于原始query生成5个变体：继续离车泊入...
2026-03-10 16:39:18,148 - INFO - 调用LLM泛化query：继续离车泊入
2026-03-10 16:39:18,148 - INFO - LLM泛化成功，生成4个有效变体（过滤后）
2026-03-10 16:39:18,148 - WARNING - 泛化数量不足，使用原query补充
2026-03-10 16:39:18,148 - INFO -   ✗ 跳过重复query：帮我继续离车泊入...
2026-03-10 16:39:18,148 - INFO -   ✗ 跳过重复query：继续离车泊入吧...
2026-03-10 16:39:18,148 - INFO -   ✗ 跳过重复query：开启继续离车泊入...
2026-03-10 16:39:18,148 - INFO -   ✗ 跳过重复query：现在继续离车泊入...
2026-03-10 16:39:18,148 - INFO -   ✗ 跳过重复query：继续离车泊入...
2026-03-10 16:39:18,149 - INFO -   基于原始query生成5个变体：离车泊入...
2026-03-10 16:39:18,149 - INFO - 调用LLM泛化query：离车泊入
2026-03-10 16:39:18,149 - INFO - LLM泛化成功，生成4个有效变体（过滤后）
2026-03-10 16:39:18,149 - WARNING - 泛化数量不足，使用原query补充
2026-03-10 16:39:18,149 - INFO -   ✗ 跳过重复query：帮我离车泊入...
2026-03-10 16:39:18,149 - INFO -   ✗ 跳过重复query：开启离车泊入...
2026-03-10 16:39:18,149 - INFO -   ✗ 跳过重复query：离车泊入吧...
2026-03-10 16:39:18,149 - INFO -   ✗ 跳过重复query：启动离车泊入...
2026-03-10 16:39:18,149 - INFO -   ✗ 跳过重复query：离车泊入...
2026-03-10 16:39:18,149 - INFO -   基于原始query生成5个变体：开启离车泊入...
2026-03-10 16:39:18,149 - INFO - 调用LLM泛化query：开启离车泊入
2026-03-10 16:39:18,149 - INFO - LLM泛化成功，生成4个有效变体（过滤后）
2026-03-10 16:39:18,149 - WARNING - 泛化数量不足，使用原query补充
2026-03-10 16:39:18,149 - INFO -   ✗ 跳过重复query：帮我开启离车泊入...
2026-03-10 16:39:18,149 - INFO -   ✗ 跳过重复query：启动离车泊入...
2026-03-10 16:39:18,149 - INFO -   ✗ 跳过重复query：开启离车泊入吧...
2026-03-10 16:39:18,149 - INFO -   ✗ 跳过重复query：现在开启离车泊入...
2026-03-10 16:39:18,149 - INFO -   ✗ 跳过重复query：开启离车泊入...
2026-03-10 16:39:18,149 - INFO -   基于原始query生成5个变体：继续离车泊入...
2026-03-10 16:39:18,149 - INFO - 调用LLM泛化query：继续离车泊入
2026-03-10 16:39:18,149 - INFO - LLM泛化成功，生成4个有效变体（过滤后）
2026-03-10 16:39:18,149 - WARNING - 泛化数量不足，使用原query补充
2026-03-10 16:39:18,149 - INFO -   ✗ 跳过重复query：帮我继续离车泊入...
2026-03-10 16:39:18,149 - INFO -   ✗ 跳过重复query：继续离车泊入吧...
2026-03-10 16:39:18,149 - INFO -   ✗ 跳过重复query：开启继续离车泊入...
2026-03-10 16:39:18,149 - INFO -   ✗ 跳过重复query：现在继续离车泊入...
2026-03-10 16:39:18,149 - INFO -   ✗ 跳过重复query：继续离车泊入...
2026-03-10 16:39:18,149 - INFO -   基于原始query生成5个变体：离车泊入...
2026-03-10 16:39:18,149 - INFO - 调用LLM泛化query：离车泊入
2026-03-10 16:39:18,149 - INFO - LLM泛化成功，生成4个有效变体（过滤后）
2026-03-10 16:39:18,149 - WARNING - 泛化数量不足，使用原query补充
2026-03-10 16:39:18,149 - INFO -   ✗ 跳过重复query：帮我离车泊入...
2026-03-10 16:39:18,149 - INFO -   ✗ 跳过重复query：开启离车泊入...
2026-03-10 16:39:18,149 - INFO -   ✗ 跳过重复query：离车泊入吧...
2026-03-10 16:39:18,149 - INFO -   ✗ 跳过重复query：启动离车泊入...
2026-03-10 16:39:18,149 - INFO -   ✗ 跳过重复query：离车泊入...
2026-03-10 16:39:18,149 - INFO -   基于原始query生成5个变体：开启离车泊入...
2026-03-10 16:39:18,149 - INFO - 调用LLM泛化query：开启离车泊入
2026-03-10 16:39:18,149 - INFO - LLM泛化成功，生成4个有效变体（过滤后）
2026-03-10 16:39:18,150 - WARNING - 泛化数量不足，使用原query补充
2026-03-10 16:39:18,150 - INFO -   ✗ 跳过重复query：帮我开启离车泊入...
2026-03-10 16:39:18,150 - INFO -   ✗ 跳过重复query：启动离车泊入...
2026-03-10 16:39:18,150 - INFO -   ✗ 跳过重复query：开启离车泊入吧...
2026-03-10 16:39:18,150 - INFO -   ✗ 跳过重复query：现在开启离车泊入...
2026-03-10 16:39:18,150 - INFO -   ✗ 跳过重复query：开启离车泊入...
2026-03-10 16:39:18,150 - INFO -   基于原始query生成5个变体：继续离车泊入...
2026-03-10 16:39:18,150 - INFO - 调用LLM泛化query：继续离车泊入
2026-03-10 16:39:18,150 - INFO - LLM泛化成功，生成4个有效变体（过滤后）
2026-03-10 16:39:18,150 - WARNING - 泛化数量不足，使用原query补充
2026-03-10 16:39:18,150 - INFO -   ✗ 跳过重复query：帮我继续离车泊入...
2026-03-10 16:39:18,150 - INFO -   ✗ 跳过重复query：继续离车泊入吧...
2026-03-10 16:39:18,150 - INFO -   ✗ 跳过重复query：开启继续离车泊入...
2026-03-10 16:39:18,150 - INFO -   ✗ 跳过重复query：现在继续离车泊入...
2026-03-10 16:39:18,150 - INFO -   ✗ 跳过重复query：继续离车泊入...
2026-03-10 16:39:18,150 - INFO -   基于原始query生成5个变体：离车泊入...
2026-03-10 16:39:18,150 - INFO - 调用LLM泛化query：离车泊入
2026-03-10 16:39:18,150 - INFO - LLM泛化成功，生成4个有效变体（过滤后）
2026-03-10 16:39:18,150 - WARNING - 泛化数量不足，使用原query补充
2026-03-10 16:39:18,150 - INFO -   ✗ 跳过重复query：帮我离车泊入...
2026-03-10 16:39:18,150 - INFO -   ✗ 跳过重复query：开启离车泊入...
2026-03-10 16:39:18,150 - INFO -   ✗ 跳过重复query：离车泊入吧...
2026-03-10 16:39:18,150 - INFO -   ✗ 跳过重复query：启动离车泊入...
2026-03-10 16:39:18,150 - INFO -   ✗ 跳过重复query：离车泊入...
2026-03-10 16:39:18,150 - INFO -   基于原始query生成5个变体：开启离车泊入...
2026-03-10 16:39:18,150 - INFO - 调用LLM泛化query：开启离车泊入
2026-03-10 16:39:18,150 - INFO - LLM泛化成功，生成4个有效变体（过滤后）
2026-03-10 16:39:18,150 - WARNING - 泛化数量不足，使用原query补充
2026-03-10 16:39:18,150 - INFO -   ✗ 跳过重复query：帮我开启离车泊入...
2026-03-10 16:39:18,150 - INFO -   ✗ 跳过重复query：启动离车泊入...
2026-03-10 16:39:18,150 - INFO -   ✗ 跳过重复query：开启离车泊入吧...
2026-03-10 16:39:18,150 - INFO -   ✗ 跳过重复query：现在开启离车泊入...
2026-03-10 16:39:18,150 - INFO -   ✗ 跳过重复query：开启离车泊入...
2026-03-10 16:39:18,150 - INFO -   基于原始query生成5个变体：继续离车泊入...
2026-03-10 16:39:18,150 - INFO - 调用LLM泛化query：继续离车泊入
2026-03-10 16:39:18,150 - INFO - LLM泛化成功，生成4个有效变体（过滤后）
2026-03-10 16:39:18,150 - WARNING - 泛化数量不足，使用原query补充
2026-03-10 16:39:18,150 - INFO -   ✗ 跳过重复query：帮我继续离车泊入...
2026-03-10 16:39:18,150 - INFO -   ✗ 跳过重复query：继续离车泊入吧...
2026-03-10 16:39:18,150 - INFO -   ✗ 跳过重复query：开启继续离车泊入...
2026-03-10 16:39:18,150 - INFO -   ✗ 跳过重复query：现在继续离车泊入...
2026-03-10 16:39:18,151 - INFO -   ✗ 跳过重复query：继续离车泊入...
2026-03-10 16:39:18,151 - INFO -   基于原始query生成5个变体：离车泊入...
2026-03-10 16:39:18,151 - INFO - 调用LLM泛化query：离车泊入
2026-03-10 16:39:18,151 - INFO - LLM泛化成功，生成4个有效变体（过滤后）
2026-03-10 16:39:18,151 - WARNING - 泛化数量不足，使用原query补充
2026-03-10 16:39:18,151 - INFO -   ✗ 跳过重复query：帮我离车泊入...
2026-03-10 16:39:18,151 - INFO -   ✗ 跳过重复query：开启离车泊入...
2026-03-10 16:39:18,151 - INFO -   ✗ 跳过重复query：离车泊入吧...
2026-03-10 16:39:18,151 - INFO -   ✗ 跳过重复query：启动离车泊入...
2026-03-10 16:39:18,151 - INFO -   ✗ 跳过重复query：离车泊入...
2026-03-10 16:39:18,151 - INFO -   基于原始query生成5个变体：开启离车泊入...
2026-03-10 16:39:18,151 - INFO - 调用LLM泛化query：开启离车泊入
2026-03-10 16:39:18,151 - INFO - LLM泛化成功，生成4个有效变体（过滤后）
2026-03-10 16:39:18,151 - WARNING - 泛化数量不足，使用原query补充
2026-03-10 16:39:18,151 - INFO -   ✗ 跳过重复query：帮我开启离车泊入...
2026-03-10 16:39:18,151 - INFO -   ✗ 跳过重复query：启动离车泊入...
2026-03-10 16:39:18,151 - INFO -   ✗ 跳过重复query：开启离车泊入吧...
2026-03-10 16:39:18,151 - INFO -   ✗ 跳过重复query：现在开启离车泊入...
2026-03-10 16:39:18,151 - INFO -   ✗ 跳过重复query：开启离车泊入...
2026-03-10 16:39:18,151 - INFO -   基于原始query生成5个变体：继续离车泊入...
2026-03-10 16:39:18,151 - INFO - 调用LLM泛化query：继续离车泊入
2026-03-10 16:39:18,151 - INFO - LLM泛化成功，生成4个有效变体（过滤后）
2026-03-10 16:39:18,151 - WARNING - 泛化数量不足，使用原query补充
2026-03-10 16:39:18,151 - INFO -   ✗ 跳过重复query：帮我继续离车泊入...
2026-03-10 16:39:18,151 - INFO -   ✗ 跳过重复query：继续离车泊入吧...
2026-03-10 16:39:18,151 - INFO -   ✗ 跳过重复query：开启继续离车泊入...
2026-03-10 16:39:18,151 - INFO -   ✗ 跳过重复query：现在继续离车泊入...
2026-03-10 16:39:18,151 - INFO -   ✗ 跳过重复query：继续离车泊入...
2026-03-10 16:39:18,151 - INFO -   基于原始query生成5个变体：离车泊入...
2026-03-10 16:39:18,151 - INFO - 调用LLM泛化query：离车泊入
2026-03-10 16:39:18,151 - INFO - LLM泛化成功，生成4个有效变体（过滤后）
2026-03-10 16:39:18,151 - WARNING - 泛化数量不足，使用原query补充
2026-03-10 16:39:18,151 - INFO -   ✗ 跳过重复query：帮我离车泊入...
2026-03-10 16:39:18,151 - INFO -   ✗ 跳过重复query：开启离车泊入...
2026-03-10 16:39:18,151 - INFO -   ✗ 跳过重复query：离车泊入吧...
2026-03-10 16:39:18,151 - INFO -   ✗ 跳过重复query：启动离车泊入...
2026-03-10 16:39:18,151 - INFO -   ✗ 跳过重复query：离车泊入...
2026-03-10 16:39:18,151 - INFO -   基于原始query生成5个变体：开启离车泊入...
2026-03-10 16:39:18,151 - INFO - 调用LLM泛化query：开启离车泊入
2026-03-10 16:39:18,152 - INFO - LLM泛化成功，生成4个有效变体（过滤后）
2026-03-10 16:39:18,152 - WARNING - 泛化数量不足，使用原query补充
2026-03-10 16:39:18,152 - INFO -   ✗ 跳过重复query：帮我开启离车泊入...
2026-03-10 16:39:18,152 - INFO -   ✗ 跳过重复query：启动离车泊入...
2026-03-10 16:39:18,152 - INFO -   ✗ 跳过重复query：开启离车泊入吧...
2026-03-10 16:39:18,152 - INFO -   ✗ 跳过重复query：现在开启离车泊入...
2026-03-10 16:39:18,152 - INFO -   ✗ 跳过重复query：开启离车泊入...
2026-03-10 16:39:18,152 - INFO -   基于原始query生成5个变体：继续离车泊入...
2026-03-10 16:39:18,152 - INFO - 调用LLM泛化query：继续离车泊入
2026-03-10 16:39:18,152 - INFO - LLM泛化成功，生成4个有效变体（过滤后）
2026-03-10 16:39:18,152 - WARNING - 泛化数量不足，使用原query补充
2026-03-10 16:39:18,152 - INFO -   ✗ 跳过重复query：帮我继续离车泊入...
2026-03-10 16:39:18,152 - INFO -   ✗ 跳过重复query：继续离车泊入吧...
2026-03-10 16:39:18,152 - INFO -   ✗ 跳过重复query：开启继续离车泊入...
2026-03-10 16:39:18,152 - INFO -   ✗ 跳过重复query：现在继续离车泊入...
2026-03-10 16:39:18,152 - INFO -   ✗ 跳过重复query：继续离车泊入...
2026-03-10 16:39:18,152 - INFO -   基于原始query生成5个变体：离车泊入...
2026-03-10 16:39:18,152 - INFO - 调用LLM泛化query：离车泊入
2026-03-10 16:39:18,152 - INFO - LLM泛化成功，生成4个有效变体（过滤后）
2026-03-10 16:39:18,152 - WARNING - 泛化数量不足，使用原query补充
2026-03-10 16:39:18,152 - INFO -   ✗ 跳过重复query：帮我离车泊入...
2026-03-10 16:39:18,152 - INFO -   ✗ 跳过重复query：开启离车泊入...
2026-03-10 16:39:18,152 - INFO -   ✗ 跳过重复query：离车泊入吧...
2026-03-10 16:39:18,152 - INFO -   ✗ 跳过重复query：启动离车泊入...
2026-03-10 16:39:18,152 - INFO -   ✗ 跳过重复query：离车泊入...
2026-03-10 16:39:18,152 - INFO -   基于原始query生成5个变体：开启离车泊入...
2026-03-10 16:39:18,152 - INFO - 调用LLM泛化query：开启离车泊入
2026-03-10 16:39:18,152 - INFO - LLM泛化成功，生成4个有效变体（过滤后）
2026-03-10 16:39:18,152 - WARNING - 泛化数量不足，使用原query补充
2026-03-10 16:39:18,152 - INFO -   ✗ 跳过重复query：帮我开启离车泊入...
2026-03-10 16:39:18,152 - INFO -   ✗ 跳过重复query：启动离车泊入...
2026-03-10 16:39:18,152 - INFO -   ✗ 跳过重复query：开启离车泊入吧...
2026-03-10 16:39:18,152 - INFO -   ✗ 跳过重复query：现在开启离车泊入...
2026-03-10 16:39:18,152 - INFO -   ✗ 跳过重复query：开启离车泊入...
2026-03-10 16:39:18,152 - INFO -   基于原始query生成5个变体：继续离车泊入...
2026-03-10 16:39:18,152 - INFO - 调用LLM泛化query：继续离车泊入
2026-03-10 16:39:18,152 - INFO - LLM泛化成功，生成4个有效变体（过滤后）
2026-03-10 16:39:18,152 - WARNING - 泛化数量不足，使用原query补充
2026-03-10 16:39:18,152 - INFO -   ✗ 跳过重复query：帮我继续离车泊入...
2026-03-10 16:39:18,153 - INFO -   ✗ 跳过重复query：继续离车泊入吧...
2026-03-10 16:39:18,153 - INFO -   ✗ 跳过重复query：开启继续离车泊入...
2026-03-10 16:39:18,153 - INFO -   ✗ 跳过重复query：现在继续离车泊入...
2026-03-10 16:39:18,153 - INFO -   ✗ 跳过重复query：继续离车泊入...
2026-03-10 16:39:18,153 - INFO -   基于原始query生成5个变体：离车泊入...
2026-03-10 16:39:18,153 - INFO - 调用LLM泛化query：离车泊入
2026-03-10 16:39:18,153 - INFO - LLM泛化成功，生成4个有效变体（过滤后）
2026-03-10 16:39:18,153 - WARNING - 泛化数量不足，使用原query补充
2026-03-10 16:39:18,153 - INFO -   ✗ 跳过重复query：帮我离车泊入...
2026-03-10 16:39:18,153 - INFO -   ✗ 跳过重复query：开启离车泊入...
2026-03-10 16:39:18,153 - INFO -   ✗ 跳过重复query：离车泊入吧...
2026-03-10 16:39:18,153 - INFO -   ✗ 跳过重复query：启动离车泊入...
2026-03-10 16:39:18,153 - INFO -   ✗ 跳过重复query：离车泊入...
2026-03-10 16:39:18,153 - INFO -   基于原始query生成5个变体：开启离车泊入...
2026-03-10 16:39:18,153 - INFO - 调用LLM泛化query：开启离车泊入
2026-03-10 16:39:18,153 - INFO - LLM泛化成功，生成4个有效变体（过滤后）
2026-03-10 16:39:18,153 - WARNING - 泛化数量不足，使用原query补充
2026-03-10 16:39:18,153 - INFO -   ✗ 跳过重复query：帮我开启离车泊入...
2026-03-10 16:39:18,153 - INFO -   ✗ 跳过重复query：启动离车泊入...
2026-03-10 16:39:18,153 - INFO -   ✗ 跳过重复query：开启离车泊入吧...
2026-03-10 16:39:18,153 - INFO -   ✗ 跳过重复query：现在开启离车泊入...
2026-03-10 16:39:18,153 - INFO -   ✗ 跳过重复query：开启离车泊入...
2026-03-10 16:39:18,153 - INFO -   基于原始query生成5个变体：继续离车泊入...
2026-03-10 16:39:18,153 - INFO - 调用LLM泛化query：继续离车泊入
2026-03-10 16:39:18,153 - INFO - LLM泛化成功，生成4个有效变体（过滤后）
2026-03-10 16:39:18,153 - WARNING - 泛化数量不足，使用原query补充
2026-03-10 16:39:18,153 - INFO -   ✗ 跳过重复query：帮我继续离车泊入...
2026-03-10 16:39:18,153 - INFO -   ✗ 跳过重复query：继续离车泊入吧...
2026-03-10 16:39:18,153 - INFO -   ✗ 跳过重复query：开启继续离车泊入...
2026-03-10 16:39:18,153 - INFO -   ✗ 跳过重复query：现在继续离车泊入...
2026-03-10 16:39:18,153 - INFO -   ✗ 跳过重复query：继续离车泊入...
2026-03-10 16:39:18,153 - INFO -   基于原始query生成5个变体：离车泊入...
2026-03-10 16:39:18,153 - INFO - 调用LLM泛化query：离车泊入
2026-03-10 16:39:18,153 - INFO - LLM泛化成功，生成4个有效变体（过滤后）
2026-03-10 16:39:18,153 - WARNING - 泛化数量不足，使用原query补充
2026-03-10 16:39:18,153 - INFO -   ✗ 跳过重复query：帮我离车泊入...
2026-03-10 16:39:18,153 - INFO -   ✗ 跳过重复query：开启离车泊入...
2026-03-10 16:39:18,153 - INFO -   ✗ 跳过重复query：离车泊入吧...
2026-03-10 16:39:18,153 - INFO -   ✗ 跳过重复query：启动离车泊入...
2026-03-10 16:39:18,153 - INFO -   ✗ 跳过重复query：离车泊入...
2026-03-10 16:39:18,154 - INFO -   基于原始query生成5个变体：开启离车泊入...
2026-03-10 16:39:18,154 - INFO - 调用LLM泛化query：开启离车泊入
2026-03-10 16:39:18,154 - INFO - LLM泛化成功，生成4个有效变体（过滤后）
2026-03-10 16:39:18,154 - WARNING - 泛化数量不足，使用原query补充
2026-03-10 16:39:18,154 - INFO -   ✗ 跳过重复query：帮我开启离车泊入...
2026-03-10 16:39:18,154 - INFO -   ✗ 跳过重复query：启动离车泊入...
2026-03-10 16:39:18,154 - INFO -   ✗ 跳过重复query：开启离车泊入吧...
2026-03-10 16:39:18,154 - INFO -   ✗ 跳过重复query：现在开启离车泊入...
2026-03-10 16:39:18,154 - INFO -   ✗ 跳过重复query：开启离车泊入...
2026-03-10 16:39:18,154 - INFO -   基于原始query生成5个变体：继续离车泊入...
2026-03-10 16:39:18,154 - INFO - 调用LLM泛化query：继续离车泊入
2026-03-10 16:39:18,154 - INFO - LLM泛化成功，生成4个有效变体（过滤后）
2026-03-10 16:39:18,154 - WARNING - 泛化数量不足，使用原query补充
2026-03-10 16:39:18,154 - INFO -   ✗ 跳过重复query：帮我继续离车泊入...
2026-03-10 16:39:18,154 - INFO -   ✗ 跳过重复query：继续离车泊入吧...
2026-03-10 16:39:18,154 - INFO -   ✗ 跳过重复query：开启继续离车泊入...
2026-03-10 16:39:18,154 - INFO -   ✗ 跳过重复query：现在继续离车泊入...
2026-03-10 16:39:18,154 - INFO -   ✗ 跳过重复query：继续离车泊入...
2026-03-10 16:39:18,154 - INFO -   基于原始query生成5个变体：离车泊入...
2026-03-10 16:39:18,154 - INFO - 调用LLM泛化query：离车泊入
2026-03-10 16:39:18,154 - INFO - LLM泛化成功，生成4个有效变体（过滤后）
2026-03-10 16:39:18,154 - WARNING - 泛化数量不足，使用原query补充
2026-03-10 16:39:18,154 - INFO -   ✗ 跳过重复query：帮我离车泊入...
2026-03-10 16:39:18,154 - INFO -   ✗ 跳过重复query：开启离车泊入...
2026-03-10 16:39:18,154 - INFO -   ✗ 跳过重复query：离车泊入吧...
2026-03-10 16:39:18,154 - INFO -   ✗ 跳过重复query：启动离车泊入...
2026-03-10 16:39:18,154 - INFO -   ✗ 跳过重复query：离车泊入...
2026-03-10 16:39:18,154 - INFO -   基于原始query生成5个变体：开启离车泊入...
2026-03-10 16:39:18,154 - INFO - 调用LLM泛化query：开启离车泊入
2026-03-10 16:39:18,154 - INFO - LLM泛化成功，生成4个有效变体（过滤后）
2026-03-10 16:39:18,154 - WARNING - 泛化数量不足，使用原query补充
2026-03-10 16:39:18,154 - INFO -   ✗ 跳过重复query：帮我开启离车泊入...
2026-03-10 16:39:18,154 - INFO -   ✗ 跳过重复query：启动离车泊入...
2026-03-10 16:39:18,154 - INFO -   ✗ 跳过重复query：开启离车泊入吧...
2026-03-10 16:39:18,154 - INFO -   ✗ 跳过重复query：现在开启离车泊入...
2026-03-10 16:39:18,154 - INFO -   ✗ 跳过重复query：开启离车泊入...
2026-03-10 16:39:18,154 - INFO -   基于原始query生成5个变体：继续离车泊入...
2026-03-10 16:39:18,154 - INFO - 调用LLM泛化query：继续离车泊入
2026-03-10 16:39:18,154 - INFO - LLM泛化成功，生成4个有效变体（过滤后）
2026-03-10 16:39:18,154 - WARNING - 泛化数量不足，使用原query补充
2026-03-10 16:39:18,154 - INFO -   ✗ 跳过重复query：帮我继续离车泊入...
2026-03-10 16:39:18,155 - INFO -   ✗ 跳过重复query：继续离车泊入吧...
2026-03-10 16:39:18,155 - INFO -   ✗ 跳过重复query：开启继续离车泊入...
2026-03-10 16:39:18,155 - INFO -   ✗ 跳过重复query：现在继续离车泊入...
2026-03-10 16:39:18,155 - INFO -   ✗ 跳过重复query：继续离车泊入...
2026-03-10 16:39:18,155 - INFO -   基于原始query生成5个变体：离车泊入...
2026-03-10 16:39:18,155 - INFO - 调用LLM泛化query：离车泊入
2026-03-10 16:39:18,155 - INFO - LLM泛化成功，生成4个有效变体（过滤后）
2026-03-10 16:39:18,155 - WARNING - 泛化数量不足，使用原query补充
2026-03-10 16:39:18,155 - INFO -   ✗ 跳过重复query：帮我离车泊入...
2026-03-10 16:39:18,155 - INFO -   ✗ 跳过重复query：开启离车泊入...
2026-03-10 16:39:18,155 - INFO -   ✗ 跳过重复query：离车泊入吧...
2026-03-10 16:39:18,155 - INFO -   ✗ 跳过重复query：启动离车泊入...
2026-03-10 16:39:18,155 - INFO -   ✗ 跳过重复query：离车泊入...
2026-03-10 16:39:18,155 - INFO -   基于原始query生成5个变体：开启离车泊入...
2026-03-10 16:39:18,155 - INFO - 调用LLM泛化query：开启离车泊入
2026-03-10 16:39:18,155 - INFO - LLM泛化成功，生成4个有效变体（过滤后）
2026-03-10 16:39:18,155 - WARNING - 泛化数量不足，使用原query补充
2026-03-10 16:39:18,155 - INFO -   ✗ 跳过重复query：帮我开启离车泊入...
2026-03-10 16:39:18,155 - INFO -   ✗ 跳过重复query：启动离车泊入...
2026-03-10 16:39:18,155 - INFO -   ✗ 跳过重复query：开启离车泊入吧...
2026-03-10 16:39:18,155 - INFO -   ✗ 跳过重复query：现在开启离车泊入...
2026-03-10 16:39:18,155 - INFO -   ✗ 跳过重复query：开启离车泊入...
2026-03-10 16:39:18,155 - INFO -   基于原始query生成5个变体：继续离车泊入...
2026-03-10 16:39:18,155 - INFO - 调用LLM泛化query：继续离车泊入
2026-03-10 16:39:18,155 - INFO - LLM泛化成功，生成4个有效变体（过滤后）
2026-03-10 16:39:18,155 - WARNING - 泛化数量不足，使用原query补充
2026-03-10 16:39:18,155 - INFO -   ✗ 跳过重复query：帮我继续离车泊入...
2026-03-10 16:39:18,155 - INFO -   ✗ 跳过重复query：继续离车泊入吧...
2026-03-10 16:39:18,155 - INFO -   ✗ 跳过重复query：开启继续离车泊入...
2026-03-10 16:39:18,155 - INFO -   ✗ 跳过重复query：现在继续离车泊入...
2026-03-10 16:39:18,155 - INFO -   ✗ 跳过重复query：继续离车泊入...
2026-03-10 16:39:18,155 - INFO -   基于原始query生成5个变体：离车泊入...
2026-03-10 16:39:18,155 - INFO - 调用LLM泛化query：离车泊入
2026-03-10 16:39:18,155 - INFO - LLM泛化成功，生成4个有效变体（过滤后）
2026-03-10 16:39:18,155 - WARNING - 泛化数量不足，使用原query补充
2026-03-10 16:39:18,155 - INFO -   ✗ 跳过重复query：帮我离车泊入...
2026-03-10 16:39:18,155 - INFO -   ✗ 跳过重复query：开启离车泊入...
2026-03-10 16:39:18,155 - INFO -   ✗ 跳过重复query：离车泊入吧...
2026-03-10 16:39:18,155 - INFO -   ✗ 跳过重复query：启动离车泊入...
2026-03-10 16:39:18,156 - INFO -   ✗ 跳过重复query：离车泊入...
2026-03-10 16:39:18,156 - INFO -   基于原始query生成5个变体：开启离车泊入...
2026-03-10 16:39:18,156 - INFO - 调用LLM泛化query：开启离车泊入
2026-03-10 16:39:18,156 - INFO - LLM泛化成功，生成4个有效变体（过滤后）
2026-03-10 16:39:18,156 - WARNING - 泛化数量不足，使用原query补充
2026-03-10 16:39:18,156 - INFO -   ✗ 跳过重复query：帮我开启离车泊入...
2026-03-10 16:39:18,156 - INFO -   ✗ 跳过重复query：启动离车泊入...
2026-03-10 16:39:18,156 - INFO -   ✗ 跳过重复query：开启离车泊入吧...
2026-03-10 16:39:18,156 - INFO -   ✗ 跳过重复query：现在开启离车泊入...
2026-03-10 16:39:18,156 - INFO -   ✗ 跳过重复query：开启离车泊入...
2026-03-10 16:39:18,156 - INFO -   基于原始query生成5个变体：继续离车泊入...
2026-03-10 16:39:18,156 - INFO - 调用LLM泛化query：继续离车泊入
2026-03-10 16:39:18,156 - INFO - LLM泛化成功，生成4个有效变体（过滤后）
2026-03-10 16:39:18,156 - WARNING - 泛化数量不足，使用原query补充
2026-03-10 16:39:18,156 - INFO -   ✗ 跳过重复query：帮我继续离车泊入...
2026-03-10 16:39:18,156 - INFO -   ✗ 跳过重复query：继续离车泊入吧...
2026-03-10 16:39:18,156 - INFO -   ✗ 跳过重复query：开启继续离车泊入...
2026-03-10 16:39:18,156 - INFO -   ✗ 跳过重复query：现在继续离车泊入...
2026-03-10 16:39:18,156 - INFO -   ✗ 跳过重复query：继续离车泊入...
2026-03-10 16:39:18,156 - INFO -   基于原始query生成5个变体：离车泊入...
2026-03-10 16:39:18,156 - INFO - 调用LLM泛化query：离车泊入
2026-03-10 16:39:18,156 - INFO - LLM泛化成功，生成4个有效变体（过滤后）
2026-03-10 16:39:18,156 - WARNING - 泛化数量不足，使用原query补充
2026-03-10 16:39:18,156 - INFO -   ✗ 跳过重复query：帮我离车泊入...
2026-03-10 16:39:18,156 - INFO -   ✗ 跳过重复query：开启离车泊入...
2026-03-10 16:39:18,156 - INFO -   ✗ 跳过重复query：离车泊入吧...
2026-03-10 16:39:18,156 - INFO -   ✗ 跳过重复query：启动离车泊入...
2026-03-10 16:39:18,156 - INFO -   ✗ 跳过重复query：离车泊入...
2026-03-10 16:39:18,156 - INFO -   基于原始query生成5个变体：开启离车泊入...
2026-03-10 16:39:18,156 - INFO - 调用LLM泛化query：开启离车泊入
2026-03-10 16:39:18,156 - INFO - LLM泛化成功，生成4个有效变体（过滤后）
2026-03-10 16:39:18,156 - WARNING - 泛化数量不足，使用原query补充
2026-03-10 16:39:18,156 - INFO -   ✗ 跳过重复query：帮我开启离车泊入...
2026-03-10 16:39:18,156 - INFO -   ✗ 跳过重复query：启动离车泊入...
2026-03-10 16:39:18,156 - INFO -   ✗ 跳过重复query：开启离车泊入吧...
2026-03-10 16:39:18,156 - INFO -   ✗ 跳过重复query：现在开启离车泊入...
2026-03-10 16:39:18,156 - INFO -   ✗ 跳过重复query：开启离车泊入...
2026-03-10 16:39:18,156 - INFO -   基于原始query生成5个变体：继续离车泊入...
2026-03-10 16:39:18,156 - INFO - 调用LLM泛化query：继续离车泊入
2026-03-10 16:39:18,156 - INFO - LLM泛化成功，生成4个有效变体（过滤后）
2026-03-10 16:39:18,156 - WARNING - 泛化数量不足，使用原query补充
2026-03-10 16:39:18,156 - INFO -   ✗ 跳过重复query：帮我继续离车泊入...
2026-03-10 16:39:18,157 - INFO -   ✗ 跳过重复query：继续离车泊入吧...
2026-03-10 16:39:18,157 - INFO -   ✗ 跳过重复query：开启继续离车泊入...
2026-03-10 16:39:18,157 - INFO -   ✗ 跳过重复query：现在继续离车泊入...
2026-03-10 16:39:18,157 - INFO -   ✗ 跳过重复query：继续离车泊入...
2026-03-10 16:39:18,157 - INFO -   基于原始query生成5个变体：离车泊入...
2026-03-10 16:39:18,157 - INFO - 调用LLM泛化query：离车泊入
2026-03-10 16:39:18,157 - INFO - LLM泛化成功，生成4个有效变体（过滤后）
2026-03-10 16:39:18,157 - WARNING - 泛化数量不足，使用原query补充
2026-03-10 16:39:18,157 - INFO -   ✗ 跳过重复query：帮我离车泊入...
2026-03-10 16:39:18,157 - INFO -   ✗ 跳过重复query：开启离车泊入...
2026-03-10 16:39:18,157 - INFO -   ✗ 跳过重复query：离车泊入吧...
2026-03-10 16:39:18,157 - INFO -   ✗ 跳过重复query：启动离车泊入...
2026-03-10 16:39:18,157 - INFO -   ✗ 跳过重复query：离车泊入...
2026-03-10 16:39:18,157 - INFO -   基于原始query生成5个变体：开启离车泊入...
2026-03-10 16:39:18,157 - INFO - 调用LLM泛化query：开启离车泊入
2026-03-10 16:39:18,157 - INFO - LLM泛化成功，生成4个有效变体（过滤后）
2026-03-10 16:39:18,157 - WARNING - 泛化数量不足，使用原query补充
2026-03-10 16:39:18,157 - INFO -   ✗ 跳过重复query：帮我开启离车泊入...
2026-03-10 16:39:18,157 - INFO -   ✗ 跳过重复query：启动离车泊入...
2026-03-10 16:39:18,157 - INFO -   ✗ 跳过重复query：开启离车泊入吧...
2026-03-10 16:39:18,157 - INFO -   ✗ 跳过重复query：现在开启离车泊入...
2026-03-10 16:39:18,157 - INFO -   ✗ 跳过重复query：开启离车泊入...
2026-03-10 16:39:18,157 - INFO -   基于原始query生成5个变体：继续离车泊入...
2026-03-10 16:39:18,157 - INFO - 调用LLM泛化query：继续离车泊入
2026-03-10 16:39:18,157 - INFO - LLM泛化成功，生成4个有效变体（过滤后）
2026-03-10 16:39:18,157 - WARNING - 泛化数量不足，使用原query补充
2026-03-10 16:39:18,157 - INFO -   ✗ 跳过重复query：帮我继续离车泊入...
2026-03-10 16:39:18,157 - INFO -   ✗ 跳过重复query：继续离车泊入吧...
2026-03-10 16:39:18,157 - INFO -   ✗ 跳过重复query：开启继续离车泊入...
2026-03-10 16:39:18,157 - INFO -   ✗ 跳过重复query：现在继续离车泊入...
2026-03-10 16:39:18,157 - INFO -   ✗ 跳过重复query：继续离车泊入...
2026-03-10 16:39:18,157 - INFO -   基于原始query生成5个变体：离车泊入...
2026-03-10 16:39:18,157 - INFO - 调用LLM泛化query：离车泊入
2026-03-10 16:39:18,157 - INFO - LLM泛化成功，生成4个有效变体（过滤后）
2026-03-10 16:39:18,157 - WARNING - 泛化数量不足，使用原query补充
2026-03-10 16:39:18,157 - INFO -   ✗ 跳过重复query：帮我离车泊入...
2026-03-10 16:39:18,157 - INFO -   ✗ 跳过重复query：开启离车泊入...
2026-03-10 16:39:18,157 - INFO -   ✗ 跳过重复query：离车泊入吧...
2026-03-10 16:39:18,157 - INFO -   ✗ 跳过重复query：启动离车泊入...
2026-03-10 16:39:18,157 - INFO -   ✗ 跳过重复query：离车泊入...
2026-03-10 16:39:18,158 - INFO -   基于原始query生成5个变体：开启离车泊入...
2026-03-10 16:39:18,158 - INFO - 调用LLM泛化query：开启离车泊入
2026-03-10 16:39:18,158 - INFO - LLM泛化成功，生成4个有效变体（过滤后）
2026-03-10 16:39:18,158 - WARNING - 泛化数量不足，使用原query补充
2026-03-10 16:39:18,158 - INFO -   ✗ 跳过重复query：帮我开启离车泊入...
2026-03-10 16:39:18,158 - INFO -   ✗ 跳过重复query：启动离车泊入...
2026-03-10 16:39:18,158 - INFO -   ✗ 跳过重复query：开启离车泊入吧...
2026-03-10 16:39:18,158 - INFO -   ✗ 跳过重复query：现在开启离车泊入...
2026-03-10 16:39:18,158 - INFO -   ✗ 跳过重复query：开启离车泊入...
2026-03-10 16:39:18,158 - INFO -   基于原始query生成5个变体：继续离车泊入...
2026-03-10 16:39:18,158 - INFO - 调用LLM泛化query：继续离车泊入
2026-03-10 16:39:18,158 - INFO - LLM泛化成功，生成4个有效变体（过滤后）
2026-03-10 16:39:18,158 - WARNING - 泛化数量不足，使用原query补充
2026-03-10 16:39:18,158 - INFO -   ✗ 跳过重复query：帮我继续离车泊入...
2026-03-10 16:39:18,158 - INFO -   ✗ 跳过重复query：继续离车泊入吧...
2026-03-10 16:39:18,158 - INFO -   ✗ 跳过重复query：开启继续离车泊入...
2026-03-10 16:39:18,158 - INFO -   ✗ 跳过重复query：现在继续离车泊入...
2026-03-10 16:39:18,158 - INFO -   ✗ 跳过重复query：继续离车泊入...
2026-03-10 16:39:18,158 - INFO -   基于原始query生成5个变体：离车泊入...
2026-03-10 16:39:18,158 - INFO - 调用LLM泛化query：离车泊入
2026-03-10 16:39:18,158 - INFO - LLM泛化成功，生成4个有效变体（过滤后）
2026-03-10 16:39:18,158 - WARNING - 泛化数量不足，使用原query补充
2026-03-10 16:39:18,158 - INFO -   ✗ 跳过重复query：帮我离车泊入...
2026-03-10 16:39:18,158 - INFO -   ✗ 跳过重复query：开启离车泊入...
2026-03-10 16:39:18,158 - INFO -   ✗ 跳过重复query：离车泊入吧...
2026-03-10 16:39:18,158 - INFO -   ✗ 跳过重复query：启动离车泊入...
2026-03-10 16:39:18,158 - INFO -   ✗ 跳过重复query：离车泊入...
2026-03-10 16:39:18,158 - INFO -   基于原始query生成5个变体：开启离车泊入...
2026-03-10 16:39:18,158 - INFO - 调用LLM泛化query：开启离车泊入
2026-03-10 16:39:18,158 - INFO - LLM泛化成功，生成4个有效变体（过滤后）
2026-03-10 16:39:18,158 - WARNING - 泛化数量不足，使用原query补充
2026-03-10 16:39:18,158 - INFO -   ✗ 跳过重复query：帮我开启离车泊入...
2026-03-10 16:39:18,158 - INFO -   ✗ 跳过重复query：启动离车泊入...
2026-03-10 16:39:18,158 - INFO -   ✗ 跳过重复query：开启离车泊入吧...
2026-03-10 16:39:18,158 - INFO -   ✗ 跳过重复query：现在开启离车泊入...
2026-03-10 16:39:18,158 - INFO -   ✗ 跳过重复query：开启离车泊入...
2026-03-10 16:39:18,158 - INFO -   基于原始query生成5个变体：继续离车泊入...
2026-03-10 16:39:18,158 - INFO - 调用LLM泛化query：继续离车泊入
2026-03-10 16:39:18,158 - INFO - LLM泛化成功，生成4个有效变体（过滤后）
2026-03-10 16:39:18,159 - WARNING - 泛化数量不足，使用原query补充
2026-03-10 16:39:18,159 - INFO -   ✗ 跳过重复query：帮我继续离车泊入...
2026-03-10 16:39:18,159 - INFO -   ✗ 跳过重复query：继续离车泊入吧...
2026-03-10 16:39:18,159 - INFO -   ✗ 跳过重复query：开启继续离车泊入...
2026-03-10 16:39:18,159 - INFO -   ✗ 跳过重复query：现在继续离车泊入...
2026-03-10 16:39:18,159 - INFO -   ✗ 跳过重复query：继续离车泊入...
2026-03-10 16:39:18,159 - INFO -   基于原始query生成5个变体：离车泊入...
2026-03-10 16:39:18,159 - INFO - 调用LLM泛化query：离车泊入
2026-03-10 16:39:18,159 - INFO - LLM泛化成功，生成4个有效变体（过滤后）
2026-03-10 16:39:18,159 - WARNING - 泛化数量不足，使用原query补充
2026-03-10 16:39:18,159 - INFO -   ✗ 跳过重复query：帮我离车泊入...
2026-03-10 16:39:18,159 - INFO -   ✗ 跳过重复query：开启离车泊入...
2026-03-10 16:39:18,159 - INFO -   ✗ 跳过重复query：离车泊入吧...
2026-03-10 16:39:18,159 - INFO -   ✗ 跳过重复query：启动离车泊入...
2026-03-10 16:39:18,159 - INFO -   ✗ 跳过重复query：离车泊入...
2026-03-10 16:39:18,159 - INFO -   基于原始query生成5个变体：开启离车泊入...
2026-03-10 16:39:18,159 - INFO - 调用LLM泛化query：开启离车泊入
2026-03-10 16:39:18,159 - INFO - LLM泛化成功，生成4个有效变体（过滤后）
2026-03-10 16:39:18,159 - WARNING - 泛化数量不足，使用原query补充
2026-03-10 16:39:18,159 - INFO -   ✗ 跳过重复query：帮我开启离车泊入...
2026-03-10 16:39:18,159 - INFO -   ✗ 跳过重复query：启动离车泊入...
2026-03-10 16:39:18,159 - INFO -   ✗ 跳过重复query：开启离车泊入吧...
2026-03-10 16:39:18,159 - INFO -   ✗ 跳过重复query：现在开启离车泊入...
2026-03-10 16:39:18,159 - INFO -   ✗ 跳过重复query：开启离车泊入...
2026-03-10 16:39:18,159 - INFO -   基于原始query生成5个变体：继续离车泊入...
2026-03-10 16:39:18,159 - INFO - 调用LLM泛化query：继续离车泊入
2026-03-10 16:39:18,159 - INFO - LLM泛化成功，生成4个有效变体（过滤后）
2026-03-10 16:39:18,159 - WARNING - 泛化数量不足，使用原query补充
2026-03-10 16:39:18,159 - INFO -   ✗ 跳过重复query：帮我继续离车泊入...
2026-03-10 16:39:18,159 - INFO -   ✗ 跳过重复query：继续离车泊入吧...
2026-03-10 16:39:18,159 - INFO -   ✗ 跳过重复query：开启继续离车泊入...
2026-03-10 16:39:18,159 - INFO -   ✗ 跳过重复query：现在继续离车泊入...
2026-03-10 16:39:18,159 - INFO -   ✗ 跳过重复query：继续离车泊入...
2026-03-10 16:39:18,159 - INFO -   基于原始query生成5个变体：离车泊入...
2026-03-10 16:39:18,159 - INFO - 调用LLM泛化query：离车泊入
2026-03-10 16:39:18,159 - INFO - LLM泛化成功，生成4个有效变体（过滤后）
2026-03-10 16:39:18,159 - WARNING - 泛化数量不足，使用原query补充
2026-03-10 16:39:18,159 - INFO -   ✗ 跳过重复query：帮我离车泊入...
2026-03-10 16:39:18,159 - INFO -   ✗ 跳过重复query：开启离车泊入...
2026-03-10 16:39:18,159 - INFO -   ✗ 跳过重复query：离车泊入吧...
2026-03-10 16:39:18,160 - INFO -   ✗ 跳过重复query：启动离车泊入...
2026-03-10 16:39:18,160 - INFO -   ✗ 跳过重复query：离车泊入...
2026-03-10 16:39:18,160 - INFO -   基于原始query生成5个变体：开启离车泊入...
2026-03-10 16:39:18,160 - INFO - 调用LLM泛化query：开启离车泊入
2026-03-10 16:39:18,160 - INFO - LLM泛化成功，生成4个有效变体（过滤后）
2026-03-10 16:39:18,160 - WARNING - 泛化数量不足，使用原query补充
2026-03-10 16:39:18,160 - INFO -   ✗ 跳过重复query：帮我开启离车泊入...
2026-03-10 16:39:18,160 - INFO -   ✗ 跳过重复query：启动离车泊入...
2026-03-10 16:39:18,160 - INFO -   ✗ 跳过重复query：开启离车泊入吧...
2026-03-10 16:39:18,160 - INFO -   ✗ 跳过重复query：现在开启离车泊入...
2026-03-10 16:39:18,160 - INFO -   ✗ 跳过重复query：开启离车泊入...
2026-03-10 16:39:18,160 - INFO -   基于原始query生成5个变体：继续离车泊入...
2026-03-10 16:39:18,160 - INFO - 调用LLM泛化query：继续离车泊入
2026-03-10 16:39:18,160 - INFO - LLM泛化成功，生成4个有效变体（过滤后）
2026-03-10 16:39:18,160 - WARNING - 泛化数量不足，使用原query补充
2026-03-10 16:39:18,160 - INFO -   ✗ 跳过重复query：帮我继续离车泊入...
2026-03-10 16:39:18,160 - INFO -   ✗ 跳过重复query：继续离车泊入吧...
2026-03-10 16:39:18,160 - INFO -   ✗ 跳过重复query：开启继续离车泊入...
2026-03-10 16:39:18,160 - INFO -   ✗ 跳过重复query：现在继续离车泊入...
2026-03-10 16:39:18,160 - INFO -   ✗ 跳过重复query：继续离车泊入...
2026-03-10 16:39:18,160 - INFO -   基于原始query生成5个变体：离车泊入...
2026-03-10 16:39:18,160 - INFO - 调用LLM泛化query：离车泊入
2026-03-10 16:39:18,160 - INFO - LLM泛化成功，生成4个有效变体（过滤后）
2026-03-10 16:39:18,160 - WARNING - 泛化数量不足，使用原query补充
2026-03-10 16:39:18,160 - INFO -   ✗ 跳过重复query：帮我离车泊入...
2026-03-10 16:39:18,160 - INFO -   ✗ 跳过重复query：开启离车泊入...
2026-03-10 16:39:18,160 - INFO -   ✗ 跳过重复query：离车泊入吧...
2026-03-10 16:39:18,160 - INFO -   ✗ 跳过重复query：启动离车泊入...
2026-03-10 16:39:18,160 - INFO -   ✗ 跳过重复query：离车泊入...
2026-03-10 16:39:18,160 - INFO -   基于原始query生成5个变体：开启离车泊入...
2026-03-10 16:39:18,160 - INFO - 调用LLM泛化query：开启离车泊入
2026-03-10 16:39:18,160 - INFO - LLM泛化成功，生成4个有效变体（过滤后）
2026-03-10 16:39:18,160 - WARNING - 泛化数量不足，使用原query补充
2026-03-10 16:39:18,160 - INFO -   ✗ 跳过重复query：帮我开启离车泊入...
2026-03-10 16:39:18,160 - INFO -   ✗ 跳过重复query：启动离车泊入...
2026-03-10 16:39:18,160 - INFO -   ✗ 跳过重复query：开启离车泊入吧...
2026-03-10 16:39:18,160 - INFO -   ✗ 跳过重复query：现在开启离车泊入...
2026-03-10 16:39:18,160 - INFO -   ✗ 跳过重复query：开启离车泊入...
2026-03-10 16:39:18,160 - WARNING - ID组 1 当前仅生成10/20个，启动兜底策略...
2026-03-10 16:39:18,161 - INFO -   提高LLM temperature至0.8，增加变体多样性
2026-03-10 16:39:18,161 - INFO -   兜底策略：第1次尝试，生成15个变体
2026-03-10 16:39:18,161 - INFO - 调用LLM泛化query：继续离车泊入
2026-03-10 16:39:22,221 - INFO - LLM泛化成功，生成14个有效变体（过滤后）
2026-03-10 16:39:22,222 - WARNING - 泛化数量不足，使用原query补充
2026-03-10 16:39:22,222 - INFO -   ✓ [兜底] 已生成 11/20：启动继续离车泊入...
2026-03-10 16:39:22,222 - INFO -   ✓ [兜底] 已生成 12/20：麻烦继续离车泊入...
2026-03-10 16:39:22,222 - INFO -   ✓ [兜底] 已生成 13/20：可以继续离车泊入吗...
2026-03-10 16:39:22,222 - INFO -   ✓ [兜底] 已生成 14/20：继续离车泊入呢...
2026-03-10 16:39:22,222 - INFO -   ✓ [兜底] 已生成 15/20：继续执行离车泊入...
2026-03-10 16:39:22,222 - INFO -   ✓ [兜底] 已生成 16/20：请继续离车泊入...
2026-03-10 16:39:22,222 - INFO -   ✓ [兜底] 已生成 17/20：继续离车泊入一下...
2026-03-10 16:39:22,222 - INFO -   ✓ [兜底] 已生成 18/20：继续离车泊入操作...
2026-03-10 16:39:22,222 - INFO -   ✓ [兜底] 已生成 19/20：继续离车泊入模式...
2026-03-10 16:39:22,222 - INFO -   ✓ [兜底] 已生成 20/20：重新继续离车泊入...
2026-03-10 16:39:22,222 - INFO - ID组 1 通过兜底策略成功达到目标：20个
2026-03-10 16:39:22,222 - INFO - ID组 1 完成：基于3个原始query，新生成20个泛化query
2026-03-10 16:39:22,222 - INFO - 正在处理ID组 2/2：ID=2
2026-03-10 16:39:22,222 - INFO - 该ID组有4个原始query：['泊车', '自己泊车吧', '我要泊车', '把车泊进去']
2026-03-10 16:39:22,222 - INFO - 对应function：{"name":"vla_control", "arguments":{"action":"park...
2026-03-10 16:39:22,223 - INFO - 该ID组需要新生成：20个泛化query（比例1:20）
2026-03-10 16:39:22,223 - INFO -   基于原始query生成5个变体：泊车...
2026-03-10 16:39:22,223 - INFO - 调用LLM泛化query：泊车
2026-03-10 16:39:24,412 - INFO - LLM泛化成功，生成4个有效变体（过滤后）
2026-03-10 16:39:24,413 - WARNING - 泛化数量不足，使用原query补充
2026-03-10 16:39:24,413 - INFO -   ✓ 已生成 1/20：帮我泊车...
2026-03-10 16:39:24,413 - INFO -   ✓ 已生成 2/20：泊车吧...
2026-03-10 16:39:24,413 - INFO -   ✓ 已生成 3/20：启动泊车...
2026-03-10 16:39:24,413 - INFO -   ✓ 已生成 4/20：现在泊车...
2026-03-10 16:39:24,414 - INFO -   ✗ 跳过重复query：泊车...
2026-03-10 16:39:24,414 - INFO -   基于原始query生成5个变体：自己泊车吧...
2026-03-10 16:39:24,414 - INFO - 调用LLM泛化query：自己泊车吧
2026-03-10 16:39:27,483 - INFO - LLM泛化成功，生成5个有效变体（过滤后）
2026-03-10 16:39:27,484 - INFO -   ✓ 已生成 5/20：自己泊车...
2026-03-10 16:39:27,484 - INFO -   ✓ 已生成 6/20：帮我自己泊车...
2026-03-10 16:39:27,484 - INFO -   ✓ 已生成 7/20：自己泊车呢...
2026-03-10 16:39:27,485 - INFO -   ✓ 已生成 8/20：启动自己泊车...
2026-03-10 16:39:27,485 - INFO -   ✓ 已生成 9/20：开启自己泊车...
2026-03-10 16:39:27,485 - INFO -   基于原始query生成5个变体：我要泊车...
2026-03-10 16:39:27,485 - INFO - 调用LLM泛化query：我要泊车
2026-03-10 16:39:29,531 - INFO - LLM泛化成功，生成4个有效变体（过滤后）
2026-03-10 16:39:29,533 - WARNING - 泛化数量不足，使用原query补充
2026-03-10 16:39:29,533 - INFO -   ✗ 跳过重复query：帮我泊车...
2026-03-10 16:39:29,533 - INFO -   ✗ 跳过重复query：泊车吧...
2026-03-10 16:39:29,533 - INFO -   ✓ 已生成 10/20：可以泊车吗...
2026-03-10 16:39:29,533 - INFO -   ✓ 已生成 11/20：开始泊车...
2026-03-10 16:39:29,534 - INFO -   ✗ 跳过重复query：我要泊车...
2026-03-10 16:39:29,534 - INFO -   基于原始query生成5个变体：把车泊进去...
2026-03-10 16:39:29,534 - INFO - 调用LLM泛化query：把车泊进去
2026-03-10 16:39:31,567 - INFO - LLM泛化成功，生成4个有效变体（过滤后）
2026-03-10 16:39:31,567 - WARNING - 泛化数量不足，使用原query补充
2026-03-10 16:39:31,568 - INFO -   ✓ 已生成 12/20：帮我把车泊进去...
2026-03-10 16:39:31,568 - INFO -   ✓ 已生成 13/20：把车泊进去吧...
2026-03-10 16:39:31,568 - INFO -   ✓ 已生成 14/20：启动把车泊进去...
2026-03-10 16:39:31,568 - INFO -   ✓ 已生成 15/20：现在把车泊进去...
2026-03-10 16:39:31,568 - INFO -   ✗ 跳过重复query：把车泊进去...
2026-03-10 16:39:31,568 - INFO -   基于原始query生成5个变体：泊车...
2026-03-10 16:39:31,569 - INFO - 调用LLM泛化query：泊车
2026-03-10 16:39:31,569 - INFO - LLM泛化成功，生成4个有效变体（过滤后）
2026-03-10 16:39:31,569 - WARNING - 泛化数量不足，使用原query补充
2026-03-10 16:39:31,569 - INFO -   ✗ 跳过重复query：帮我泊车...
2026-03-10 16:39:31,569 - INFO -   ✗ 跳过重复query：泊车吧...
2026-03-10 16:39:31,569 - INFO -   ✗ 跳过重复query：启动泊车...
2026-03-10 16:39:31,569 - INFO -   ✗ 跳过重复query：现在泊车...
2026-03-10 16:39:31,569 - INFO -   ✗ 跳过重复query：泊车...
2026-03-10 16:39:31,570 - INFO -   基于原始query生成5个变体：自己泊车吧...
2026-03-10 16:39:31,570 - INFO - 调用LLM泛化query：自己泊车吧
2026-03-10 16:39:31,570 - INFO - LLM泛化成功，生成5个有效变体（过滤后）
2026-03-10 16:39:31,570 - INFO -   ✗ 跳过重复query：自己泊车...
2026-03-10 16:39:31,570 - INFO -   ✗ 跳过重复query：帮我自己泊车...
2026-03-10 16:39:31,570 - INFO -   ✗ 跳过重复query：自己泊车呢...
2026-03-10 16:39:31,570 - INFO -   ✗ 跳过重复query：启动自己泊车...
2026-03-10 16:39:31,570 - INFO -   ✗ 跳过重复query：开启自己泊车...
2026-03-10 16:39:31,571 - INFO -   基于原始query生成5个变体：我要泊车...
2026-03-10 16:39:31,571 - INFO - 调用LLM泛化query：我要泊车
2026-03-10 16:39:31,571 - INFO - LLM泛化成功，生成4个有效变体（过滤后）
2026-03-10 16:39:31,571 - WARNING - 泛化数量不足，使用原query补充
2026-03-10 16:39:31,571 - INFO -   ✗ 跳过重复query：帮我泊车...
2026-03-10 16:39:31,571 - INFO -   ✗ 跳过重复query：泊车吧...
2026-03-10 16:39:31,571 - INFO -   ✗ 跳过重复query：可以泊车吗...
2026-03-10 16:39:31,571 - INFO -   ✗ 跳过重复query：开始泊车...
2026-03-10 16:39:31,571 - INFO -   ✗ 跳过重复query：我要泊车...
2026-03-10 16:39:31,571 - INFO -   基于原始query生成5个变体：把车泊进去...
2026-03-10 16:39:31,572 - INFO - 调用LLM泛化query：把车泊进去
2026-03-10 16:39:31,572 - INFO - LLM泛化成功，生成4个有效变体（过滤后）
2026-03-10 16:39:31,572 - WARNING - 泛化数量不足，使用原query补充
2026-03-10 16:39:31,572 - INFO -   ✗ 跳过重复query：帮我把车泊进去...
2026-03-10 16:39:31,572 - INFO -   ✗ 跳过重复query：把车泊进去吧...
2026-03-10 16:39:31,572 - INFO -   ✗ 跳过重复query：启动把车泊进去...
2026-03-10 16:39:31,572 - INFO -   ✗ 跳过重复query：现在把车泊进去...
2026-03-10 16:39:31,572 - INFO -   ✗ 跳过重复query：把车泊进去...
2026-03-10 16:39:31,572 - INFO -   基于原始query生成5个变体：泊车...
2026-03-10 16:39:31,573 - INFO - 调用LLM泛化query：泊车
2026-03-10 16:39:31,573 - INFO - LLM泛化成功，生成4个有效变体（过滤后）
2026-03-10 16:39:31,573 - WARNING - 泛化数量不足，使用原query补充
2026-03-10 16:39:31,573 - INFO -   ✗ 跳过重复query：帮我泊车...
2026-03-10 16:39:31,573 - INFO -   ✗ 跳过重复query：泊车吧...
2026-03-10 16:39:31,573 - INFO -   ✗ 跳过重复query：启动泊车...
2026-03-10 16:39:31,573 - INFO -   ✗ 跳过重复query：现在泊车...
2026-03-10 16:39:31,573 - INFO -   ✗ 跳过重复query：泊车...
2026-03-10 16:39:31,573 - INFO -   基于原始query生成5个变体：自己泊车吧...
2026-03-10 16:39:31,573 - INFO - 调用LLM泛化query：自己泊车吧
2026-03-10 16:39:31,573 - INFO - LLM泛化成功，生成5个有效变体（过滤后）
2026-03-10 16:39:31,574 - INFO -   ✗ 跳过重复query：自己泊车...
2026-03-10 16:39:31,574 - INFO -   ✗ 跳过重复query：帮我自己泊车...
2026-03-10 16:39:31,574 - INFO -   ✗ 跳过重复query：自己泊车呢...
2026-03-10 16:39:31,574 - INFO -   ✗ 跳过重复query：启动自己泊车...
2026-03-10 16:39:31,574 - INFO -   ✗ 跳过重复query：开启自己泊车...
2026-03-10 16:39:31,574 - INFO -   基于原始query生成5个变体：我要泊车...
2026-03-10 16:39:31,574 - INFO - 调用LLM泛化query：我要泊车
2026-03-10 16:39:31,574 - INFO - LLM泛化成功，生成4个有效变体（过滤后）
2026-03-10 16:39:31,574 - WARNING - 泛化数量不足，使用原query补充
2026-03-10 16:39:31,574 - INFO -   ✗ 跳过重复query：帮我泊车...
2026-03-10 16:39:31,574 - INFO -   ✗ 跳过重复query：泊车吧...
2026-03-10 16:39:31,574 - INFO -   ✗ 跳过重复query：可以泊车吗...
2026-03-10 16:39:31,574 - INFO -   ✗ 跳过重复query：开始泊车...
2026-03-10 16:39:31,574 - INFO -   ✗ 跳过重复query：我要泊车...
2026-03-10 16:39:31,574 - INFO -   基于原始query生成5个变体：把车泊进去...
2026-03-10 16:39:31,574 - INFO - 调用LLM泛化query：把车泊进去
2026-03-10 16:39:31,574 - INFO - LLM泛化成功，生成4个有效变体（过滤后）
2026-03-10 16:39:31,574 - WARNING - 泛化数量不足，使用原query补充
2026-03-10 16:39:31,574 - INFO -   ✗ 跳过重复query：帮我把车泊进去...
2026-03-10 16:39:31,575 - INFO -   ✗ 跳过重复query：把车泊进去吧...
2026-03-10 16:39:31,575 - INFO -   ✗ 跳过重复query：启动把车泊进去...
2026-03-10 16:39:31,575 - INFO -   ✗ 跳过重复query：现在把车泊进去...
2026-03-10 16:39:31,575 - INFO -   ✗ 跳过重复query：把车泊进去...
2026-03-10 16:39:31,575 - INFO -   基于原始query生成5个变体：泊车...
2026-03-10 16:39:31,575 - INFO - 调用LLM泛化query：泊车
2026-03-10 16:39:31,575 - INFO - LLM泛化成功，生成4个有效变体（过滤后）
2026-03-10 16:39:31,575 - WARNING - 泛化数量不足，使用原query补充
2026-03-10 16:39:31,575 - INFO -   ✗ 跳过重复query：帮我泊车...
2026-03-10 16:39:31,575 - INFO -   ✗ 跳过重复query：泊车吧...
2026-03-10 16:39:31,575 - INFO -   ✗ 跳过重复query：启动泊车...
2026-03-10 16:39:31,575 - INFO -   ✗ 跳过重复query：现在泊车...
2026-03-10 16:39:31,575 - INFO -   ✗ 跳过重复query：泊车...
2026-03-10 16:39:31,575 - INFO -   基于原始query生成5个变体：自己泊车吧...
2026-03-10 16:39:31,575 - INFO - 调用LLM泛化query：自己泊车吧
2026-03-10 16:39:31,575 - INFO - LLM泛化成功，生成5个有效变体（过滤后）
2026-03-10 16:39:31,575 - INFO -   ✗ 跳过重复query：自己泊车...
2026-03-10 16:39:31,575 - INFO -   ✗ 跳过重复query：帮我自己泊车...
2026-03-10 16:39:31,575 - INFO -   ✗ 跳过重复query：自己泊车呢...
2026-03-10 16:39:31,575 - INFO -   ✗ 跳过重复query：启动自己泊车...
2026-03-10 16:39:31,575 - INFO -   ✗ 跳过重复query：开启自己泊车...
2026-03-10 16:39:31,575 - INFO -   基于原始query生成5个变体：我要泊车...
2026-03-10 16:39:31,575 - INFO - 调用LLM泛化query：我要泊车
2026-03-10 16:39:31,575 - INFO - LLM泛化成功，生成4个有效变体（过滤后）
2026-03-10 16:39:31,575 - WARNING - 泛化数量不足，使用原query补充
2026-03-10 16:39:31,575 - INFO -   ✗ 跳过重复query：帮我泊车...
2026-03-10 16:39:31,575 - INFO -   ✗ 跳过重复query：泊车吧...
2026-03-10 16:39:31,575 - INFO -   ✗ 跳过重复query：可以泊车吗...
2026-03-10 16:39:31,575 - INFO -   ✗ 跳过重复query：开始泊车...
2026-03-10 16:39:31,575 - INFO -   ✗ 跳过重复query：我要泊车...
2026-03-10 16:39:31,575 - INFO -   基于原始query生成5个变体：把车泊进去...
2026-03-10 16:39:31,575 - INFO - 调用LLM泛化query：把车泊进去
2026-03-10 16:39:31,575 - INFO - LLM泛化成功，生成4个有效变体（过滤后）
2026-03-10 16:39:31,575 - WARNING - 泛化数量不足，使用原query补充
2026-03-10 16:39:31,575 - INFO -   ✗ 跳过重复query：帮我把车泊进去...
2026-03-10 16:39:31,575 - INFO -   ✗ 跳过重复query：把车泊进去吧...
2026-03-10 16:39:31,575 - INFO -   ✗ 跳过重复query：启动把车泊进去...
2026-03-10 16:39:31,575 - INFO -   ✗ 跳过重复query：现在把车泊进去...
2026-03-10 16:39:31,576 - INFO -   ✗ 跳过重复query：把车泊进去...
2026-03-10 16:39:31,576 - INFO -   基于原始query生成5个变体：泊车...
2026-03-10 16:39:31,576 - INFO - 调用LLM泛化query：泊车
2026-03-10 16:39:31,576 - INFO - LLM泛化成功，生成4个有效变体（过滤后）
2026-03-10 16:39:31,576 - WARNING - 泛化数量不足，使用原query补充
2026-03-10 16:39:31,576 - INFO -   ✗ 跳过重复query：帮我泊车...
2026-03-10 16:39:31,576 - INFO -   ✗ 跳过重复query：泊车吧...
2026-03-10 16:39:31,576 - INFO -   ✗ 跳过重复query：启动泊车...
2026-03-10 16:39:31,576 - INFO -   ✗ 跳过重复query：现在泊车...
2026-03-10 16:39:31,576 - INFO -   ✗ 跳过重复query：泊车...
2026-03-10 16:39:31,576 - INFO -   基于原始query生成5个变体：自己泊车吧...
2026-03-10 16:39:31,576 - INFO - 调用LLM泛化query：自己泊车吧
2026-03-10 16:39:31,576 - INFO - LLM泛化成功，生成5个有效变体（过滤后）
2026-03-10 16:39:31,576 - INFO -   ✗ 跳过重复query：自己泊车...
2026-03-10 16:39:31,576 - INFO -   ✗ 跳过重复query：帮我自己泊车...
2026-03-10 16:39:31,576 - INFO -   ✗ 跳过重复query：自己泊车呢...
2026-03-10 16:39:31,576 - INFO -   ✗ 跳过重复query：启动自己泊车...
2026-03-10 16:39:31,576 - INFO -   ✗ 跳过重复query：开启自己泊车...
2026-03-10 16:39:31,576 - INFO -   基于原始query生成5个变体：我要泊车...
2026-03-10 16:39:31,576 - INFO - 调用LLM泛化query：我要泊车
2026-03-10 16:39:31,576 - INFO - LLM泛化成功，生成4个有效变体（过滤后）
2026-03-10 16:39:31,576 - WARNING - 泛化数量不足，使用原query补充
2026-03-10 16:39:31,576 - INFO -   ✗ 跳过重复query：帮我泊车...
2026-03-10 16:39:31,576 - INFO -   ✗ 跳过重复query：泊车吧...
2026-03-10 16:39:31,576 - INFO -   ✗ 跳过重复query：可以泊车吗...
2026-03-10 16:39:31,576 - INFO -   ✗ 跳过重复query：开始泊车...
2026-03-10 16:39:31,576 - INFO -   ✗ 跳过重复query：我要泊车...
2026-03-10 16:39:31,576 - INFO -   基于原始query生成5个变体：把车泊进去...
2026-03-10 16:39:31,576 - INFO - 调用LLM泛化query：把车泊进去
2026-03-10 16:39:31,576 - INFO - LLM泛化成功，生成4个有效变体（过滤后）
2026-03-10 16:39:31,576 - WARNING - 泛化数量不足，使用原query补充
2026-03-10 16:39:31,576 - INFO -   ✗ 跳过重复query：帮我把车泊进去...
2026-03-10 16:39:31,576 - INFO -   ✗ 跳过重复query：把车泊进去吧...
2026-03-10 16:39:31,576 - INFO -   ✗ 跳过重复query：启动把车泊进去...
2026-03-10 16:39:31,576 - INFO -   ✗ 跳过重复query：现在把车泊进去...
2026-03-10 16:39:31,576 - INFO -   ✗ 跳过重复query：把车泊进去...
2026-03-10 16:39:31,576 - INFO -   基于原始query生成5个变体：泊车...
2026-03-10 16:39:31,576 - INFO - 调用LLM泛化query：泊车
2026-03-10 16:39:31,576 - INFO - LLM泛化成功，生成4个有效变体（过滤后）
2026-03-10 16:39:31,577 - WARNING - 泛化数量不足，使用原query补充
2026-03-10 16:39:31,577 - INFO -   ✗ 跳过重复query：帮我泊车...
2026-03-10 16:39:31,577 - INFO -   ✗ 跳过重复query：泊车吧...
2026-03-10 16:39:31,577 - INFO -   ✗ 跳过重复query：启动泊车...
2026-03-10 16:39:31,577 - INFO -   ✗ 跳过重复query：现在泊车...
2026-03-10 16:39:31,577 - INFO -   ✗ 跳过重复query：泊车...
2026-03-10 16:39:31,577 - INFO -   基于原始query生成5个变体：自己泊车吧...
2026-03-10 16:39:31,577 - INFO - 调用LLM泛化query：自己泊车吧
2026-03-10 16:39:31,577 - INFO - LLM泛化成功，生成5个有效变体（过滤后）
2026-03-10 16:39:31,577 - INFO -   ✗ 跳过重复query：自己泊车...
2026-03-10 16:39:31,577 - INFO -   ✗ 跳过重复query：帮我自己泊车...
2026-03-10 16:39:31,577 - INFO -   ✗ 跳过重复query：自己泊车呢...
2026-03-10 16:39:31,577 - INFO -   ✗ 跳过重复query：启动自己泊车...
2026-03-10 16:39:31,577 - INFO -   ✗ 跳过重复query：开启自己泊车...
2026-03-10 16:39:31,577 - INFO -   基于原始query生成5个变体：我要泊车...
2026-03-10 16:39:31,577 - INFO - 调用LLM泛化query：我要泊车
2026-03-10 16:39:31,577 - INFO - LLM泛化成功，生成4个有效变体（过滤后）
2026-03-10 16:39:31,577 - WARNING - 泛化数量不足，使用原query补充
2026-03-10 16:39:31,577 - INFO -   ✗ 跳过重复query：帮我泊车...
2026-03-10 16:39:31,577 - INFO -   ✗ 跳过重复query：泊车吧...
2026-03-10 16:39:31,577 - INFO -   ✗ 跳过重复query：可以泊车吗...
2026-03-10 16:39:31,577 - INFO -   ✗ 跳过重复query：开始泊车...
2026-03-10 16:39:31,577 - INFO -   ✗ 跳过重复query：我要泊车...
2026-03-10 16:39:31,577 - INFO -   基于原始query生成5个变体：把车泊进去...
2026-03-10 16:39:31,577 - INFO - 调用LLM泛化query：把车泊进去
2026-03-10 16:39:31,577 - INFO - LLM泛化成功，生成4个有效变体（过滤后）
2026-03-10 16:39:31,577 - WARNING - 泛化数量不足，使用原query补充
2026-03-10 16:39:31,577 - INFO -   ✗ 跳过重复query：帮我把车泊进去...
2026-03-10 16:39:31,577 - INFO -   ✗ 跳过重复query：把车泊进去吧...
2026-03-10 16:39:31,577 - INFO -   ✗ 跳过重复query：启动把车泊进去...
2026-03-10 16:39:31,577 - INFO -   ✗ 跳过重复query：现在把车泊进去...
2026-03-10 16:39:31,577 - INFO -   ✗ 跳过重复query：把车泊进去...
2026-03-10 16:39:31,577 - INFO -   基于原始query生成5个变体：泊车...
2026-03-10 16:39:31,577 - INFO - 调用LLM泛化query：泊车
2026-03-10 16:39:31,577 - INFO - LLM泛化成功，生成4个有效变体（过滤后）
2026-03-10 16:39:31,577 - WARNING - 泛化数量不足，使用原query补充
2026-03-10 16:39:31,577 - INFO -   ✗ 跳过重复query：帮我泊车...
2026-03-10 16:39:31,577 - INFO -   ✗ 跳过重复query：泊车吧...
2026-03-10 16:39:31,578 - INFO -   ✗ 跳过重复query：启动泊车...
2026-03-10 16:39:31,578 - INFO -   ✗ 跳过重复query：现在泊车...
2026-03-10 16:39:31,578 - INFO -   ✗ 跳过重复query：泊车...
2026-03-10 16:39:31,578 - INFO -   基于原始query生成5个变体：自己泊车吧...
2026-03-10 16:39:31,578 - INFO - 调用LLM泛化query：自己泊车吧
2026-03-10 16:39:31,578 - INFO - LLM泛化成功，生成5个有效变体（过滤后）
2026-03-10 16:39:31,578 - INFO -   ✗ 跳过重复query：自己泊车...
2026-03-10 16:39:31,578 - INFO -   ✗ 跳过重复query：帮我自己泊车...
2026-03-10 16:39:31,578 - INFO -   ✗ 跳过重复query：自己泊车呢...
2026-03-10 16:39:31,578 - INFO -   ✗ 跳过重复query：启动自己泊车...
2026-03-10 16:39:31,578 - INFO -   ✗ 跳过重复query：开启自己泊车...
2026-03-10 16:39:31,578 - INFO -   基于原始query生成5个变体：我要泊车...
2026-03-10 16:39:31,578 - INFO - 调用LLM泛化query：我要泊车
2026-03-10 16:39:31,578 - INFO - LLM泛化成功，生成4个有效变体（过滤后）
2026-03-10 16:39:31,578 - WARNING - 泛化数量不足，使用原query补充
2026-03-10 16:39:31,578 - INFO -   ✗ 跳过重复query：帮我泊车...
2026-03-10 16:39:31,578 - INFO -   ✗ 跳过重复query：泊车吧...
2026-03-10 16:39:31,578 - INFO -   ✗ 跳过重复query：可以泊车吗...
2026-03-10 16:39:31,578 - INFO -   ✗ 跳过重复query：开始泊车...
2026-03-10 16:39:31,578 - INFO -   ✗ 跳过重复query：我要泊车...
2026-03-10 16:39:31,578 - INFO -   基于原始query生成5个变体：把车泊进去...
2026-03-10 16:39:31,578 - INFO - 调用LLM泛化query：把车泊进去
2026-03-10 16:39:31,578 - INFO - LLM泛化成功，生成4个有效变体（过滤后）
2026-03-10 16:39:31,578 - WARNING - 泛化数量不足，使用原query补充
2026-03-10 16:39:31,578 - INFO -   ✗ 跳过重复query：帮我把车泊进去...
2026-03-10 16:39:31,578 - INFO -   ✗ 跳过重复query：把车泊进去吧...
2026-03-10 16:39:31,578 - INFO -   ✗ 跳过重复query：启动把车泊进去...
2026-03-10 16:39:31,578 - INFO -   ✗ 跳过重复query：现在把车泊进去...
2026-03-10 16:39:31,578 - INFO -   ✗ 跳过重复query：把车泊进去...
2026-03-10 16:39:31,578 - INFO -   基于原始query生成5个变体：泊车...
2026-03-10 16:39:31,578 - INFO - 调用LLM泛化query：泊车
2026-03-10 16:39:31,578 - INFO - LLM泛化成功，生成4个有效变体（过滤后）
2026-03-10 16:39:31,578 - WARNING - 泛化数量不足，使用原query补充
2026-03-10 16:39:31,578 - INFO -   ✗ 跳过重复query：帮我泊车...
2026-03-10 16:39:31,578 - INFO -   ✗ 跳过重复query：泊车吧...
2026-03-10 16:39:31,578 - INFO -   ✗ 跳过重复query：启动泊车...
2026-03-10 16:39:31,578 - INFO -   ✗ 跳过重复query：现在泊车...
2026-03-10 16:39:31,578 - INFO -   ✗ 跳过重复query：泊车...
2026-03-10 16:39:31,578 - INFO -   基于原始query生成5个变体：自己泊车吧...
2026-03-10 16:39:31,578 - INFO - 调用LLM泛化query：自己泊车吧
2026-03-10 16:39:31,579 - INFO - LLM泛化成功，生成5个有效变体（过滤后）
2026-03-10 16:39:31,579 - INFO -   ✗ 跳过重复query：自己泊车...
2026-03-10 16:39:31,579 - INFO -   ✗ 跳过重复query：帮我自己泊车...
2026-03-10 16:39:31,579 - INFO -   ✗ 跳过重复query：自己泊车呢...
2026-03-10 16:39:31,579 - INFO -   ✗ 跳过重复query：启动自己泊车...
2026-03-10 16:39:31,579 - INFO -   ✗ 跳过重复query：开启自己泊车...
2026-03-10 16:39:31,579 - INFO -   基于原始query生成5个变体：我要泊车...
2026-03-10 16:39:31,579 - INFO - 调用LLM泛化query：我要泊车
2026-03-10 16:39:31,579 - INFO - LLM泛化成功，生成4个有效变体（过滤后）
2026-03-10 16:39:31,579 - WARNING - 泛化数量不足，使用原query补充
2026-03-10 16:39:31,579 - INFO -   ✗ 跳过重复query：帮我泊车...
2026-03-10 16:39:31,579 - INFO -   ✗ 跳过重复query：泊车吧...
2026-03-10 16:39:31,579 - INFO -   ✗ 跳过重复query：可以泊车吗...
2026-03-10 16:39:31,579 - INFO -   ✗ 跳过重复query：开始泊车...
2026-03-10 16:39:31,579 - INFO -   ✗ 跳过重复query：我要泊车...
2026-03-10 16:39:31,579 - INFO -   基于原始query生成5个变体：把车泊进去...
2026-03-10 16:39:31,579 - INFO - 调用LLM泛化query：把车泊进去
2026-03-10 16:39:31,579 - INFO - LLM泛化成功，生成4个有效变体（过滤后）
2026-03-10 16:39:31,579 - WARNING - 泛化数量不足，使用原query补充
2026-03-10 16:39:31,579 - INFO -   ✗ 跳过重复query：帮我把车泊进去...
2026-03-10 16:39:31,579 - INFO -   ✗ 跳过重复query：把车泊进去吧...
2026-03-10 16:39:31,579 - INFO -   ✗ 跳过重复query：启动把车泊进去...
2026-03-10 16:39:31,579 - INFO -   ✗ 跳过重复query：现在把车泊进去...
2026-03-10 16:39:31,579 - INFO -   ✗ 跳过重复query：把车泊进去...
2026-03-10 16:39:31,579 - INFO -   基于原始query生成5个变体：泊车...
2026-03-10 16:39:31,579 - INFO - 调用LLM泛化query：泊车
2026-03-10 16:39:31,579 - INFO - LLM泛化成功，生成4个有效变体（过滤后）
2026-03-10 16:39:31,579 - WARNING - 泛化数量不足，使用原query补充
2026-03-10 16:39:31,579 - INFO -   ✗ 跳过重复query：帮我泊车...
2026-03-10 16:39:31,579 - INFO -   ✗ 跳过重复query：泊车吧...
2026-03-10 16:39:31,579 - INFO -   ✗ 跳过重复query：启动泊车...
2026-03-10 16:39:31,579 - INFO -   ✗ 跳过重复query：现在泊车...
2026-03-10 16:39:31,579 - INFO -   ✗ 跳过重复query：泊车...
2026-03-10 16:39:31,579 - INFO -   基于原始query生成5个变体：自己泊车吧...
2026-03-10 16:39:31,579 - INFO - 调用LLM泛化query：自己泊车吧
2026-03-10 16:39:31,579 - INFO - LLM泛化成功，生成5个有效变体（过滤后）
2026-03-10 16:39:31,579 - INFO -   ✗ 跳过重复query：自己泊车...
2026-03-10 16:39:31,580 - INFO -   ✗ 跳过重复query：帮我自己泊车...
2026-03-10 16:39:31,580 - INFO -   ✗ 跳过重复query：自己泊车呢...
2026-03-10 16:39:31,580 - INFO -   ✗ 跳过重复query：启动自己泊车...
2026-03-10 16:39:31,580 - INFO -   ✗ 跳过重复query：开启自己泊车...
2026-03-10 16:39:31,580 - INFO -   基于原始query生成5个变体：我要泊车...
2026-03-10 16:39:31,580 - INFO - 调用LLM泛化query：我要泊车
2026-03-10 16:39:31,580 - INFO - LLM泛化成功，生成4个有效变体（过滤后）
2026-03-10 16:39:31,580 - WARNING - 泛化数量不足，使用原query补充
2026-03-10 16:39:31,580 - INFO -   ✗ 跳过重复query：帮我泊车...
2026-03-10 16:39:31,580 - INFO -   ✗ 跳过重复query：泊车吧...
2026-03-10 16:39:31,580 - INFO -   ✗ 跳过重复query：可以泊车吗...
2026-03-10 16:39:31,580 - INFO -   ✗ 跳过重复query：开始泊车...
2026-03-10 16:39:31,580 - INFO -   ✗ 跳过重复query：我要泊车...
2026-03-10 16:39:31,580 - INFO -   基于原始query生成5个变体：把车泊进去...
2026-03-10 16:39:31,580 - INFO - 调用LLM泛化query：把车泊进去
2026-03-10 16:39:31,580 - INFO - LLM泛化成功，生成4个有效变体（过滤后）
2026-03-10 16:39:31,580 - WARNING - 泛化数量不足，使用原query补充
2026-03-10 16:39:31,580 - INFO -   ✗ 跳过重复query：帮我把车泊进去...
2026-03-10 16:39:31,580 - INFO -   ✗ 跳过重复query：把车泊进去吧...
2026-03-10 16:39:31,580 - INFO -   ✗ 跳过重复query：启动把车泊进去...
2026-03-10 16:39:31,580 - INFO -   ✗ 跳过重复query：现在把车泊进去...
2026-03-10 16:39:31,580 - INFO -   ✗ 跳过重复query：把车泊进去...
2026-03-10 16:39:31,580 - INFO -   基于原始query生成5个变体：泊车...
2026-03-10 16:39:31,580 - INFO - 调用LLM泛化query：泊车
2026-03-10 16:39:31,580 - INFO - LLM泛化成功，生成4个有效变体（过滤后）
2026-03-10 16:39:31,580 - WARNING - 泛化数量不足，使用原query补充
2026-03-10 16:39:31,580 - INFO -   ✗ 跳过重复query：帮我泊车...
2026-03-10 16:39:31,580 - INFO -   ✗ 跳过重复query：泊车吧...
2026-03-10 16:39:31,580 - INFO -   ✗ 跳过重复query：启动泊车...
2026-03-10 16:39:31,580 - INFO -   ✗ 跳过重复query：现在泊车...
2026-03-10 16:39:31,580 - INFO -   ✗ 跳过重复query：泊车...
2026-03-10 16:39:31,580 - INFO -   基于原始query生成5个变体：自己泊车吧...
2026-03-10 16:39:31,580 - INFO - 调用LLM泛化query：自己泊车吧
2026-03-10 16:39:31,580 - INFO - LLM泛化成功，生成5个有效变体（过滤后）
2026-03-10 16:39:31,580 - INFO -   ✗ 跳过重复query：自己泊车...
2026-03-10 16:39:31,580 - INFO -   ✗ 跳过重复query：帮我自己泊车...
2026-03-10 16:39:31,580 - INFO -   ✗ 跳过重复query：自己泊车呢...
2026-03-10 16:39:31,581 - INFO -   ✗ 跳过重复query：启动自己泊车...
2026-03-10 16:39:31,581 - INFO -   ✗ 跳过重复query：开启自己泊车...
2026-03-10 16:39:31,581 - INFO -   基于原始query生成5个变体：我要泊车...
2026-03-10 16:39:31,581 - INFO - 调用LLM泛化query：我要泊车
2026-03-10 16:39:31,581 - INFO - LLM泛化成功，生成4个有效变体（过滤后）
2026-03-10 16:39:31,581 - WARNING - 泛化数量不足，使用原query补充
2026-03-10 16:39:31,581 - INFO -   ✗ 跳过重复query：帮我泊车...
2026-03-10 16:39:31,581 - INFO -   ✗ 跳过重复query：泊车吧...
2026-03-10 16:39:31,581 - INFO -   ✗ 跳过重复query：可以泊车吗...
2026-03-10 16:39:31,581 - INFO -   ✗ 跳过重复query：开始泊车...
2026-03-10 16:39:31,581 - INFO -   ✗ 跳过重复query：我要泊车...
2026-03-10 16:39:31,581 - INFO -   基于原始query生成5个变体：把车泊进去...
2026-03-10 16:39:31,581 - INFO - 调用LLM泛化query：把车泊进去
2026-03-10 16:39:31,581 - INFO - LLM泛化成功，生成4个有效变体（过滤后）
2026-03-10 16:39:31,581 - WARNING - 泛化数量不足，使用原query补充
2026-03-10 16:39:31,581 - INFO -   ✗ 跳过重复query：帮我把车泊进去...
2026-03-10 16:39:31,581 - INFO -   ✗ 跳过重复query：把车泊进去吧...
2026-03-10 16:39:31,581 - INFO -   ✗ 跳过重复query：启动把车泊进去...
2026-03-10 16:39:31,581 - INFO -   ✗ 跳过重复query：现在把车泊进去...
2026-03-10 16:39:31,581 - INFO -   ✗ 跳过重复query：把车泊进去...
2026-03-10 16:39:31,581 - INFO -   基于原始query生成5个变体：泊车...
2026-03-10 16:39:31,581 - INFO - 调用LLM泛化query：泊车
2026-03-10 16:39:31,581 - INFO - LLM泛化成功，生成4个有效变体（过滤后）
2026-03-10 16:39:31,581 - WARNING - 泛化数量不足，使用原query补充
2026-03-10 16:39:31,581 - INFO -   ✗ 跳过重复query：帮我泊车...
2026-03-10 16:39:31,581 - INFO -   ✗ 跳过重复query：泊车吧...
2026-03-10 16:39:31,581 - INFO -   ✗ 跳过重复query：启动泊车...
2026-03-10 16:39:31,581 - INFO -   ✗ 跳过重复query：现在泊车...
2026-03-10 16:39:31,581 - INFO -   ✗ 跳过重复query：泊车...
2026-03-10 16:39:31,581 - INFO -   基于原始query生成5个变体：自己泊车吧...
2026-03-10 16:39:31,581 - INFO - 调用LLM泛化query：自己泊车吧
2026-03-10 16:39:31,581 - INFO - LLM泛化成功，生成5个有效变体（过滤后）
2026-03-10 16:39:31,581 - INFO -   ✗ 跳过重复query：自己泊车...
2026-03-10 16:39:31,581 - INFO -   ✗ 跳过重复query：帮我自己泊车...
2026-03-10 16:39:31,581 - INFO -   ✗ 跳过重复query：自己泊车呢...
2026-03-10 16:39:31,581 - INFO -   ✗ 跳过重复query：启动自己泊车...
2026-03-10 16:39:31,581 - INFO -   ✗ 跳过重复query：开启自己泊车...
2026-03-10 16:39:31,582 - INFO -   基于原始query生成5个变体：我要泊车...
2026-03-10 16:39:31,582 - INFO - 调用LLM泛化query：我要泊车
2026-03-10 16:39:31,582 - INFO - LLM泛化成功，生成4个有效变体（过滤后）
2026-03-10 16:39:31,582 - WARNING - 泛化数量不足，使用原query补充
2026-03-10 16:39:31,582 - INFO -   ✗ 跳过重复query：帮我泊车...
2026-03-10 16:39:31,582 - INFO -   ✗ 跳过重复query：泊车吧...
2026-03-10 16:39:31,582 - INFO -   ✗ 跳过重复query：可以泊车吗...
2026-03-10 16:39:31,582 - INFO -   ✗ 跳过重复query：开始泊车...
2026-03-10 16:39:31,582 - INFO -   ✗ 跳过重复query：我要泊车...
2026-03-10 16:39:31,582 - INFO -   基于原始query生成5个变体：把车泊进去...
2026-03-10 16:39:31,582 - INFO - 调用LLM泛化query：把车泊进去
2026-03-10 16:39:31,582 - INFO - LLM泛化成功，生成4个有效变体（过滤后）
2026-03-10 16:39:31,582 - WARNING - 泛化数量不足，使用原query补充
2026-03-10 16:39:31,582 - INFO -   ✗ 跳过重复query：帮我把车泊进去...
2026-03-10 16:39:31,582 - INFO -   ✗ 跳过重复query：把车泊进去吧...
2026-03-10 16:39:31,582 - INFO -   ✗ 跳过重复query：启动把车泊进去...
2026-03-10 16:39:31,582 - INFO -   ✗ 跳过重复query：现在把车泊进去...
2026-03-10 16:39:31,582 - INFO -   ✗ 跳过重复query：把车泊进去...
2026-03-10 16:39:31,582 - INFO -   基于原始query生成5个变体：泊车...
2026-03-10 16:39:31,582 - INFO - 调用LLM泛化query：泊车
2026-03-10 16:39:31,582 - INFO - LLM泛化成功，生成4个有效变体（过滤后）
2026-03-10 16:39:31,582 - WARNING - 泛化数量不足，使用原query补充
2026-03-10 16:39:31,582 - INFO -   ✗ 跳过重复query：帮我泊车...
2026-03-10 16:39:31,582 - INFO -   ✗ 跳过重复query：泊车吧...
2026-03-10 16:39:31,582 - INFO -   ✗ 跳过重复query：启动泊车...
2026-03-10 16:39:31,582 - INFO -   ✗ 跳过重复query：现在泊车...
2026-03-10 16:39:31,582 - INFO -   ✗ 跳过重复query：泊车...
2026-03-10 16:39:31,582 - INFO -   基于原始query生成5个变体：自己泊车吧...
2026-03-10 16:39:31,582 - INFO - 调用LLM泛化query：自己泊车吧
2026-03-10 16:39:31,582 - INFO - LLM泛化成功，生成5个有效变体（过滤后）
2026-03-10 16:39:31,582 - INFO -   ✗ 跳过重复query：自己泊车...
2026-03-10 16:39:31,582 - INFO -   ✗ 跳过重复query：帮我自己泊车...
2026-03-10 16:39:31,582 - INFO -   ✗ 跳过重复query：自己泊车呢...
2026-03-10 16:39:31,582 - INFO -   ✗ 跳过重复query：启动自己泊车...
2026-03-10 16:39:31,582 - INFO -   ✗ 跳过重复query：开启自己泊车...
2026-03-10 16:39:31,582 - INFO -   基于原始query生成5个变体：我要泊车...
2026-03-10 16:39:31,582 - INFO - 调用LLM泛化query：我要泊车
2026-03-10 16:39:31,583 - INFO - LLM泛化成功，生成4个有效变体（过滤后）
2026-03-10 16:39:31,583 - WARNING - 泛化数量不足，使用原query补充
2026-03-10 16:39:31,583 - INFO -   ✗ 跳过重复query：帮我泊车...
2026-03-10 16:39:31,583 - INFO -   ✗ 跳过重复query：泊车吧...
2026-03-10 16:39:31,583 - INFO -   ✗ 跳过重复query：可以泊车吗...
2026-03-10 16:39:31,583 - INFO -   ✗ 跳过重复query：开始泊车...
2026-03-10 16:39:31,583 - INFO -   ✗ 跳过重复query：我要泊车...
2026-03-10 16:39:31,583 - INFO -   基于原始query生成5个变体：把车泊进去...
2026-03-10 16:39:31,583 - INFO - 调用LLM泛化query：把车泊进去
2026-03-10 16:39:31,583 - INFO - LLM泛化成功，生成4个有效变体（过滤后）
2026-03-10 16:39:31,583 - WARNING - 泛化数量不足，使用原query补充
2026-03-10 16:39:31,583 - INFO -   ✗ 跳过重复query：帮我把车泊进去...
2026-03-10 16:39:31,583 - INFO -   ✗ 跳过重复query：把车泊进去吧...
2026-03-10 16:39:31,583 - INFO -   ✗ 跳过重复query：启动把车泊进去...
2026-03-10 16:39:31,583 - INFO -   ✗ 跳过重复query：现在把车泊进去...
2026-03-10 16:39:31,583 - INFO -   ✗ 跳过重复query：把车泊进去...
2026-03-10 16:39:31,583 - INFO -   基于原始query生成5个变体：泊车...
2026-03-10 16:39:31,583 - INFO - 调用LLM泛化query：泊车
2026-03-10 16:39:31,583 - INFO - LLM泛化成功，生成4个有效变体（过滤后）
2026-03-10 16:39:31,583 - WARNING - 泛化数量不足，使用原query补充
2026-03-10 16:39:31,583 - INFO -   ✗ 跳过重复query：帮我泊车...
2026-03-10 16:39:31,583 - INFO -   ✗ 跳过重复query：泊车吧...
2026-03-10 16:39:31,583 - INFO -   ✗ 跳过重复query：启动泊车...
2026-03-10 16:39:31,583 - INFO -   ✗ 跳过重复query：现在泊车...
2026-03-10 16:39:31,583 - INFO -   ✗ 跳过重复query：泊车...
2026-03-10 16:39:31,583 - INFO -   基于原始query生成5个变体：自己泊车吧...
2026-03-10 16:39:31,583 - INFO - 调用LLM泛化query：自己泊车吧
2026-03-10 16:39:31,583 - INFO - LLM泛化成功，生成5个有效变体（过滤后）
2026-03-10 16:39:31,583 - INFO -   ✗ 跳过重复query：自己泊车...
2026-03-10 16:39:31,583 - INFO -   ✗ 跳过重复query：帮我自己泊车...
2026-03-10 16:39:31,583 - INFO -   ✗ 跳过重复query：自己泊车呢...
2026-03-10 16:39:31,583 - INFO -   ✗ 跳过重复query：启动自己泊车...
2026-03-10 16:39:31,583 - INFO -   ✗ 跳过重复query：开启自己泊车...
2026-03-10 16:39:31,583 - INFO -   基于原始query生成5个变体：我要泊车...
2026-03-10 16:39:31,583 - INFO - 调用LLM泛化query：我要泊车
2026-03-10 16:39:31,583 - INFO - LLM泛化成功，生成4个有效变体（过滤后）
2026-03-10 16:39:31,583 - WARNING - 泛化数量不足，使用原query补充
2026-03-10 16:39:31,583 - INFO -   ✗ 跳过重复query：帮我泊车...
2026-03-10 16:39:31,583 - INFO -   ✗ 跳过重复query：泊车吧...
2026-03-10 16:39:31,584 - INFO -   ✗ 跳过重复query：可以泊车吗...
2026-03-10 16:39:31,584 - INFO -   ✗ 跳过重复query：开始泊车...
2026-03-10 16:39:31,584 - INFO -   ✗ 跳过重复query：我要泊车...
2026-03-10 16:39:31,584 - INFO -   基于原始query生成5个变体：把车泊进去...
2026-03-10 16:39:31,584 - INFO - 调用LLM泛化query：把车泊进去
2026-03-10 16:39:31,584 - INFO - LLM泛化成功，生成4个有效变体（过滤后）
2026-03-10 16:39:31,584 - WARNING - 泛化数量不足，使用原query补充
2026-03-10 16:39:31,584 - INFO -   ✗ 跳过重复query：帮我把车泊进去...
2026-03-10 16:39:31,584 - INFO -   ✗ 跳过重复query：把车泊进去吧...
2026-03-10 16:39:31,584 - INFO -   ✗ 跳过重复query：启动把车泊进去...
2026-03-10 16:39:31,584 - INFO -   ✗ 跳过重复query：现在把车泊进去...
2026-03-10 16:39:31,584 - INFO -   ✗ 跳过重复query：把车泊进去...
2026-03-10 16:39:31,584 - INFO -   基于原始query生成5个变体：泊车...
2026-03-10 16:39:31,584 - INFO - 调用LLM泛化query：泊车
2026-03-10 16:39:31,584 - INFO - LLM泛化成功，生成4个有效变体（过滤后）
2026-03-10 16:39:31,584 - WARNING - 泛化数量不足，使用原query补充
2026-03-10 16:39:31,584 - INFO -   ✗ 跳过重复query：帮我泊车...
2026-03-10 16:39:31,584 - INFO -   ✗ 跳过重复query：泊车吧...
2026-03-10 16:39:31,584 - INFO -   ✗ 跳过重复query：启动泊车...
2026-03-10 16:39:31,584 - INFO -   ✗ 跳过重复query：现在泊车...
2026-03-10 16:39:31,584 - INFO -   ✗ 跳过重复query：泊车...
2026-03-10 16:39:31,584 - INFO -   基于原始query生成5个变体：自己泊车吧...
2026-03-10 16:39:31,584 - INFO - 调用LLM泛化query：自己泊车吧
2026-03-10 16:39:31,584 - INFO - LLM泛化成功，生成5个有效变体（过滤后）
2026-03-10 16:39:31,584 - INFO -   ✗ 跳过重复query：自己泊车...
2026-03-10 16:39:31,584 - INFO -   ✗ 跳过重复query：帮我自己泊车...
2026-03-10 16:39:31,584 - INFO -   ✗ 跳过重复query：自己泊车呢...
2026-03-10 16:39:31,584 - INFO -   ✗ 跳过重复query：启动自己泊车...
2026-03-10 16:39:31,584 - INFO -   ✗ 跳过重复query：开启自己泊车...
2026-03-10 16:39:31,584 - INFO -   基于原始query生成5个变体：我要泊车...
2026-03-10 16:39:31,584 - INFO - 调用LLM泛化query：我要泊车
2026-03-10 16:39:31,584 - INFO - LLM泛化成功，生成4个有效变体（过滤后）
2026-03-10 16:39:31,584 - WARNING - 泛化数量不足，使用原query补充
2026-03-10 16:39:31,584 - INFO -   ✗ 跳过重复query：帮我泊车...
2026-03-10 16:39:31,584 - INFO -   ✗ 跳过重复query：泊车吧...
2026-03-10 16:39:31,584 - INFO -   ✗ 跳过重复query：可以泊车吗...
2026-03-10 16:39:31,584 - INFO -   ✗ 跳过重复query：开始泊车...
2026-03-10 16:39:31,584 - INFO -   ✗ 跳过重复query：我要泊车...
2026-03-10 16:39:31,584 - INFO -   基于原始query生成5个变体：把车泊进去...
2026-03-10 16:39:31,584 - INFO - 调用LLM泛化query：把车泊进去
2026-03-10 16:39:31,584 - INFO - LLM泛化成功，生成4个有效变体（过滤后）
2026-03-10 16:39:31,585 - WARNING - 泛化数量不足，使用原query补充
2026-03-10 16:39:31,585 - INFO -   ✗ 跳过重复query：帮我把车泊进去...
2026-03-10 16:39:31,585 - INFO -   ✗ 跳过重复query：把车泊进去吧...
2026-03-10 16:39:31,585 - INFO -   ✗ 跳过重复query：启动把车泊进去...
2026-03-10 16:39:31,585 - INFO -   ✗ 跳过重复query：现在把车泊进去...
2026-03-10 16:39:31,585 - INFO -   ✗ 跳过重复query：把车泊进去...
2026-03-10 16:39:31,585 - INFO -   基于原始query生成5个变体：泊车...
2026-03-10 16:39:31,585 - INFO - 调用LLM泛化query：泊车
2026-03-10 16:39:31,585 - INFO - LLM泛化成功，生成4个有效变体（过滤后）
2026-03-10 16:39:31,585 - WARNING - 泛化数量不足，使用原query补充
2026-03-10 16:39:31,585 - INFO -   ✗ 跳过重复query：帮我泊车...
2026-03-10 16:39:31,585 - INFO -   ✗ 跳过重复query：泊车吧...
2026-03-10 16:39:31,585 - INFO -   ✗ 跳过重复query：启动泊车...
2026-03-10 16:39:31,585 - INFO -   ✗ 跳过重复query：现在泊车...
2026-03-10 16:39:31,585 - INFO -   ✗ 跳过重复query：泊车...
2026-03-10 16:39:31,585 - INFO -   基于原始query生成5个变体：自己泊车吧...
2026-03-10 16:39:31,585 - INFO - 调用LLM泛化query：自己泊车吧
2026-03-10 16:39:31,585 - INFO - LLM泛化成功，生成5个有效变体（过滤后）
2026-03-10 16:39:31,585 - INFO -   ✗ 跳过重复query：自己泊车...
2026-03-10 16:39:31,585 - INFO -   ✗ 跳过重复query：帮我自己泊车...
2026-03-10 16:39:31,585 - INFO -   ✗ 跳过重复query：自己泊车呢...
2026-03-10 16:39:31,585 - INFO -   ✗ 跳过重复query：启动自己泊车...
2026-03-10 16:39:31,585 - INFO -   ✗ 跳过重复query：开启自己泊车...
2026-03-10 16:39:31,585 - INFO -   基于原始query生成5个变体：我要泊车...
2026-03-10 16:39:31,585 - INFO - 调用LLM泛化query：我要泊车
2026-03-10 16:39:31,585 - INFO - LLM泛化成功，生成4个有效变体（过滤后）
2026-03-10 16:39:31,585 - WARNING - 泛化数量不足，使用原query补充
2026-03-10 16:39:31,585 - INFO -   ✗ 跳过重复query：帮我泊车...
2026-03-10 16:39:31,585 - INFO -   ✗ 跳过重复query：泊车吧...
2026-03-10 16:39:31,585 - INFO -   ✗ 跳过重复query：可以泊车吗...
2026-03-10 16:39:31,585 - INFO -   ✗ 跳过重复query：开始泊车...
2026-03-10 16:39:31,585 - INFO -   ✗ 跳过重复query：我要泊车...
2026-03-10 16:39:31,585 - INFO -   基于原始query生成5个变体：把车泊进去...
2026-03-10 16:39:31,585 - INFO - 调用LLM泛化query：把车泊进去
2026-03-10 16:39:31,585 - INFO - LLM泛化成功，生成4个有效变体（过滤后）
2026-03-10 16:39:31,585 - WARNING - 泛化数量不足，使用原query补充
2026-03-10 16:39:31,585 - INFO -   ✗ 跳过重复query：帮我把车泊进去...
2026-03-10 16:39:31,585 - INFO -   ✗ 跳过重复query：把车泊进去吧...
2026-03-10 16:39:31,585 - INFO -   ✗ 跳过重复query：启动把车泊进去...
2026-03-10 16:39:31,585 - INFO -   ✗ 跳过重复query：现在把车泊进去...
2026-03-10 16:39:31,585 - INFO -   ✗ 跳过重复query：把车泊进去...
2026-03-10 16:39:31,586 - INFO -   基于原始query生成5个变体：泊车...
2026-03-10 16:39:31,586 - INFO - 调用LLM泛化query：泊车
2026-03-10 16:39:31,586 - INFO - LLM泛化成功，生成4个有效变体（过滤后）
2026-03-10 16:39:31,586 - WARNING - 泛化数量不足，使用原query补充
2026-03-10 16:39:31,586 - INFO -   ✗ 跳过重复query：帮我泊车...
2026-03-10 16:39:31,586 - INFO -   ✗ 跳过重复query：泊车吧...
2026-03-10 16:39:31,586 - INFO -   ✗ 跳过重复query：启动泊车...
2026-03-10 16:39:31,586 - INFO -   ✗ 跳过重复query：现在泊车...
2026-03-10 16:39:31,586 - INFO -   ✗ 跳过重复query：泊车...
2026-03-10 16:39:31,586 - INFO -   基于原始query生成5个变体：自己泊车吧...
2026-03-10 16:39:31,586 - INFO - 调用LLM泛化query：自己泊车吧
2026-03-10 16:39:31,586 - INFO - LLM泛化成功，生成5个有效变体（过滤后）
2026-03-10 16:39:31,586 - INFO -   ✗ 跳过重复query：自己泊车...
2026-03-10 16:39:31,586 - INFO -   ✗ 跳过重复query：帮我自己泊车...
2026-03-10 16:39:31,586 - INFO -   ✗ 跳过重复query：自己泊车呢...
2026-03-10 16:39:31,586 - INFO -   ✗ 跳过重复query：启动自己泊车...
2026-03-10 16:39:31,586 - INFO -   ✗ 跳过重复query：开启自己泊车...
2026-03-10 16:39:31,586 - INFO -   基于原始query生成5个变体：我要泊车...
2026-03-10 16:39:31,586 - INFO - 调用LLM泛化query：我要泊车
2026-03-10 16:39:31,586 - INFO - LLM泛化成功，生成4个有效变体（过滤后）
2026-03-10 16:39:31,586 - WARNING - 泛化数量不足，使用原query补充
2026-03-10 16:39:31,586 - INFO -   ✗ 跳过重复query：帮我泊车...
2026-03-10 16:39:31,586 - INFO -   ✗ 跳过重复query：泊车吧...
2026-03-10 16:39:31,586 - INFO -   ✗ 跳过重复query：可以泊车吗...
2026-03-10 16:39:31,586 - INFO -   ✗ 跳过重复query：开始泊车...
2026-03-10 16:39:31,586 - INFO -   ✗ 跳过重复query：我要泊车...
2026-03-10 16:39:31,586 - INFO -   基于原始query生成5个变体：把车泊进去...
2026-03-10 16:39:31,586 - INFO - 调用LLM泛化query：把车泊进去
2026-03-10 16:39:31,586 - INFO - LLM泛化成功，生成4个有效变体（过滤后）
2026-03-10 16:39:31,586 - WARNING - 泛化数量不足，使用原query补充
2026-03-10 16:39:31,586 - INFO -   ✗ 跳过重复query：帮我把车泊进去...
2026-03-10 16:39:31,586 - INFO -   ✗ 跳过重复query：把车泊进去吧...
2026-03-10 16:39:31,586 - INFO -   ✗ 跳过重复query：启动把车泊进去...
2026-03-10 16:39:31,586 - INFO -   ✗ 跳过重复query：现在把车泊进去...
2026-03-10 16:39:31,586 - INFO -   ✗ 跳过重复query：把车泊进去...
2026-03-10 16:39:31,586 - INFO -   基于原始query生成5个变体：泊车...
2026-03-10 16:39:31,586 - INFO - 调用LLM泛化query：泊车
2026-03-10 16:39:31,586 - INFO - LLM泛化成功，生成4个有效变体（过滤后）
2026-03-10 16:39:31,587 - WARNING - 泛化数量不足，使用原query补充
2026-03-10 16:39:31,587 - INFO -   ✗ 跳过重复query：帮我泊车...
2026-03-10 16:39:31,587 - INFO -   ✗ 跳过重复query：泊车吧...
2026-03-10 16:39:31,587 - INFO -   ✗ 跳过重复query：启动泊车...
2026-03-10 16:39:31,587 - INFO -   ✗ 跳过重复query：现在泊车...
2026-03-10 16:39:31,587 - INFO -   ✗ 跳过重复query：泊车...
2026-03-10 16:39:31,587 - INFO -   基于原始query生成5个变体：自己泊车吧...
2026-03-10 16:39:31,587 - INFO - 调用LLM泛化query：自己泊车吧
2026-03-10 16:39:31,587 - INFO - LLM泛化成功，生成5个有效变体（过滤后）
2026-03-10 16:39:31,587 - INFO -   ✗ 跳过重复query：自己泊车...
2026-03-10 16:39:31,587 - INFO -   ✗ 跳过重复query：帮我自己泊车...
2026-03-10 16:39:31,587 - INFO -   ✗ 跳过重复query：自己泊车呢...
2026-03-10 16:39:31,587 - INFO -   ✗ 跳过重复query：启动自己泊车...
2026-03-10 16:39:31,587 - INFO -   ✗ 跳过重复query：开启自己泊车...
2026-03-10 16:39:31,587 - INFO -   基于原始query生成5个变体：我要泊车...
2026-03-10 16:39:31,587 - INFO - 调用LLM泛化query：我要泊车
2026-03-10 16:39:31,587 - INFO - LLM泛化成功，生成4个有效变体（过滤后）
2026-03-10 16:39:31,587 - WARNING - 泛化数量不足，使用原query补充
2026-03-10 16:39:31,587 - INFO -   ✗ 跳过重复query：帮我泊车...
2026-03-10 16:39:31,587 - INFO -   ✗ 跳过重复query：泊车吧...
2026-03-10 16:39:31,587 - INFO -   ✗ 跳过重复query：可以泊车吗...
2026-03-10 16:39:31,587 - INFO -   ✗ 跳过重复query：开始泊车...
2026-03-10 16:39:31,587 - INFO -   ✗ 跳过重复query：我要泊车...
2026-03-10 16:39:31,587 - INFO -   基于原始query生成5个变体：把车泊进去...
2026-03-10 16:39:31,587 - INFO - 调用LLM泛化query：把车泊进去
2026-03-10 16:39:31,587 - INFO - LLM泛化成功，生成4个有效变体（过滤后）
2026-03-10 16:39:31,587 - WARNING - 泛化数量不足，使用原query补充
2026-03-10 16:39:31,587 - INFO -   ✗ 跳过重复query：帮我把车泊进去...
2026-03-10 16:39:31,587 - INFO -   ✗ 跳过重复query：把车泊进去吧...
2026-03-10 16:39:31,587 - INFO -   ✗ 跳过重复query：启动把车泊进去...
2026-03-10 16:39:31,587 - INFO -   ✗ 跳过重复query：现在把车泊进去...
2026-03-10 16:39:31,587 - INFO -   ✗ 跳过重复query：把车泊进去...
2026-03-10 16:39:31,587 - INFO -   基于原始query生成5个变体：泊车...
2026-03-10 16:39:31,587 - INFO - 调用LLM泛化query：泊车
2026-03-10 16:39:31,587 - INFO - LLM泛化成功，生成4个有效变体（过滤后）
2026-03-10 16:39:31,587 - WARNING - 泛化数量不足，使用原query补充
2026-03-10 16:39:31,587 - INFO -   ✗ 跳过重复query：帮我泊车...
2026-03-10 16:39:31,587 - INFO -   ✗ 跳过重复query：泊车吧...
2026-03-10 16:39:31,587 - INFO -   ✗ 跳过重复query：启动泊车...
2026-03-10 16:39:31,588 - INFO -   ✗ 跳过重复query：现在泊车...
2026-03-10 16:39:31,588 - INFO -   ✗ 跳过重复query：泊车...
2026-03-10 16:39:31,588 - INFO -   基于原始query生成5个变体：自己泊车吧...
2026-03-10 16:39:31,588 - INFO - 调用LLM泛化query：自己泊车吧
2026-03-10 16:39:31,588 - INFO - LLM泛化成功，生成5个有效变体（过滤后）
2026-03-10 16:39:31,588 - INFO -   ✗ 跳过重复query：自己泊车...
2026-03-10 16:39:31,588 - INFO -   ✗ 跳过重复query：帮我自己泊车...
2026-03-10 16:39:31,588 - INFO -   ✗ 跳过重复query：自己泊车呢...
2026-03-10 16:39:31,588 - INFO -   ✗ 跳过重复query：启动自己泊车...
2026-03-10 16:39:31,588 - INFO -   ✗ 跳过重复query：开启自己泊车...
2026-03-10 16:39:31,588 - INFO -   基于原始query生成5个变体：我要泊车...
2026-03-10 16:39:31,588 - INFO - 调用LLM泛化query：我要泊车
2026-03-10 16:39:31,588 - INFO - LLM泛化成功，生成4个有效变体（过滤后）
2026-03-10 16:39:31,588 - WARNING - 泛化数量不足，使用原query补充
2026-03-10 16:39:31,588 - INFO -   ✗ 跳过重复query：帮我泊车...
2026-03-10 16:39:31,588 - INFO -   ✗ 跳过重复query：泊车吧...
2026-03-10 16:39:31,588 - INFO -   ✗ 跳过重复query：可以泊车吗...
2026-03-10 16:39:31,588 - INFO -   ✗ 跳过重复query：开始泊车...
2026-03-10 16:39:31,588 - INFO -   ✗ 跳过重复query：我要泊车...
2026-03-10 16:39:31,588 - INFO -   基于原始query生成5个变体：把车泊进去...
2026-03-10 16:39:31,588 - INFO - 调用LLM泛化query：把车泊进去
2026-03-10 16:39:31,588 - INFO - LLM泛化成功，生成4个有效变体（过滤后）
2026-03-10 16:39:31,588 - WARNING - 泛化数量不足，使用原query补充
2026-03-10 16:39:31,588 - INFO -   ✗ 跳过重复query：帮我把车泊进去...
2026-03-10 16:39:31,588 - INFO -   ✗ 跳过重复query：把车泊进去吧...
2026-03-10 16:39:31,588 - INFO -   ✗ 跳过重复query：启动把车泊进去...
2026-03-10 16:39:31,588 - INFO -   ✗ 跳过重复query：现在把车泊进去...
2026-03-10 16:39:31,588 - INFO -   ✗ 跳过重复query：把车泊进去...
2026-03-10 16:39:31,588 - INFO -   基于原始query生成5个变体：泊车...
2026-03-10 16:39:31,588 - INFO - 调用LLM泛化query：泊车
2026-03-10 16:39:31,588 - INFO - LLM泛化成功，生成4个有效变体（过滤后）
2026-03-10 16:39:31,588 - WARNING - 泛化数量不足，使用原query补充
2026-03-10 16:39:31,588 - INFO -   ✗ 跳过重复query：帮我泊车...
2026-03-10 16:39:31,588 - INFO -   ✗ 跳过重复query：泊车吧...
2026-03-10 16:39:31,588 - INFO -   ✗ 跳过重复query：启动泊车...
2026-03-10 16:39:31,588 - INFO -   ✗ 跳过重复query：现在泊车...
2026-03-10 16:39:31,588 - INFO -   ✗ 跳过重复query：泊车...
2026-03-10 16:39:31,588 - INFO -   基于原始query生成5个变体：自己泊车吧...
2026-03-10 16:39:31,588 - INFO - 调用LLM泛化query：自己泊车吧
2026-03-10 16:39:31,589 - INFO - LLM泛化成功，生成5个有效变体（过滤后）
2026-03-10 16:39:31,589 - INFO -   ✗ 跳过重复query：自己泊车...
2026-03-10 16:39:31,589 - INFO -   ✗ 跳过重复query：帮我自己泊车...
2026-03-10 16:39:31,589 - INFO -   ✗ 跳过重复query：自己泊车呢...
2026-03-10 16:39:31,589 - INFO -   ✗ 跳过重复query：启动自己泊车...
2026-03-10 16:39:31,589 - INFO -   ✗ 跳过重复query：开启自己泊车...
2026-03-10 16:39:31,589 - INFO -   基于原始query生成5个变体：我要泊车...
2026-03-10 16:39:31,589 - INFO - 调用LLM泛化query：我要泊车
2026-03-10 16:39:31,589 - INFO - LLM泛化成功，生成4个有效变体（过滤后）
2026-03-10 16:39:31,589 - WARNING - 泛化数量不足，使用原query补充
2026-03-10 16:39:31,589 - INFO -   ✗ 跳过重复query：帮我泊车...
2026-03-10 16:39:31,589 - INFO -   ✗ 跳过重复query：泊车吧...
2026-03-10 16:39:31,589 - INFO -   ✗ 跳过重复query：可以泊车吗...
2026-03-10 16:39:31,589 - INFO -   ✗ 跳过重复query：开始泊车...
2026-03-10 16:39:31,589 - INFO -   ✗ 跳过重复query：我要泊车...
2026-03-10 16:39:31,589 - INFO -   基于原始query生成5个变体：把车泊进去...
2026-03-10 16:39:31,589 - INFO - 调用LLM泛化query：把车泊进去
2026-03-10 16:39:31,589 - INFO - LLM泛化成功，生成4个有效变体（过滤后）
2026-03-10 16:39:31,589 - WARNING - 泛化数量不足，使用原query补充
2026-03-10 16:39:31,589 - INFO -   ✗ 跳过重复query：帮我把车泊进去...
2026-03-10 16:39:31,589 - INFO -   ✗ 跳过重复query：把车泊进去吧...
2026-03-10 16:39:31,589 - INFO -   ✗ 跳过重复query：启动把车泊进去...
2026-03-10 16:39:31,589 - INFO -   ✗ 跳过重复query：现在把车泊进去...
2026-03-10 16:39:31,589 - INFO -   ✗ 跳过重复query：把车泊进去...
2026-03-10 16:39:31,589 - INFO -   基于原始query生成5个变体：泊车...
2026-03-10 16:39:31,589 - INFO - 调用LLM泛化query：泊车
2026-03-10 16:39:31,589 - INFO - LLM泛化成功，生成4个有效变体（过滤后）
2026-03-10 16:39:31,589 - WARNING - 泛化数量不足，使用原query补充
2026-03-10 16:39:31,589 - INFO -   ✗ 跳过重复query：帮我泊车...
2026-03-10 16:39:31,589 - INFO -   ✗ 跳过重复query：泊车吧...
2026-03-10 16:39:31,589 - INFO -   ✗ 跳过重复query：启动泊车...
2026-03-10 16:39:31,589 - INFO -   ✗ 跳过重复query：现在泊车...
2026-03-10 16:39:31,589 - INFO -   ✗ 跳过重复query：泊车...
2026-03-10 16:39:31,589 - INFO -   基于原始query生成5个变体：自己泊车吧...
2026-03-10 16:39:31,589 - INFO - 调用LLM泛化query：自己泊车吧
2026-03-10 16:39:31,589 - INFO - LLM泛化成功，生成5个有效变体（过滤后）
2026-03-10 16:39:31,589 - INFO -   ✗ 跳过重复query：自己泊车...
2026-03-10 16:39:31,589 - INFO -   ✗ 跳过重复query：帮我自己泊车...
2026-03-10 16:39:31,590 - INFO -   ✗ 跳过重复query：自己泊车呢...
2026-03-10 16:39:31,590 - INFO -   ✗ 跳过重复query：启动自己泊车...
2026-03-10 16:39:31,590 - INFO -   ✗ 跳过重复query：开启自己泊车...
2026-03-10 16:39:31,590 - INFO -   基于原始query生成5个变体：我要泊车...
2026-03-10 16:39:31,590 - INFO - 调用LLM泛化query：我要泊车
2026-03-10 16:39:31,590 - INFO - LLM泛化成功，生成4个有效变体（过滤后）
2026-03-10 16:39:31,590 - WARNING - 泛化数量不足，使用原query补充
2026-03-10 16:39:31,590 - INFO -   ✗ 跳过重复query：帮我泊车...
2026-03-10 16:39:31,590 - INFO -   ✗ 跳过重复query：泊车吧...
2026-03-10 16:39:31,590 - INFO -   ✗ 跳过重复query：可以泊车吗...
2026-03-10 16:39:31,590 - INFO -   ✗ 跳过重复query：开始泊车...
2026-03-10 16:39:31,590 - INFO -   ✗ 跳过重复query：我要泊车...
2026-03-10 16:39:31,590 - INFO -   基于原始query生成5个变体：把车泊进去...
2026-03-10 16:39:31,590 - INFO - 调用LLM泛化query：把车泊进去
2026-03-10 16:39:31,590 - INFO - LLM泛化成功，生成4个有效变体（过滤后）
2026-03-10 16:39:31,590 - WARNING - 泛化数量不足，使用原query补充
2026-03-10 16:39:31,590 - INFO -   ✗ 跳过重复query：帮我把车泊进去...
2026-03-10 16:39:31,590 - INFO -   ✗ 跳过重复query：把车泊进去吧...
2026-03-10 16:39:31,590 - INFO -   ✗ 跳过重复query：启动把车泊进去...
2026-03-10 16:39:31,590 - INFO -   ✗ 跳过重复query：现在把车泊进去...
2026-03-10 16:39:31,590 - INFO -   ✗ 跳过重复query：把车泊进去...
2026-03-10 16:39:31,590 - INFO -   基于原始query生成5个变体：泊车...
2026-03-10 16:39:31,590 - INFO - 调用LLM泛化query：泊车
2026-03-10 16:39:31,590 - INFO - LLM泛化成功，生成4个有效变体（过滤后）
2026-03-10 16:39:31,590 - WARNING - 泛化数量不足，使用原query补充
2026-03-10 16:39:31,590 - INFO -   ✗ 跳过重复query：帮我泊车...
2026-03-10 16:39:31,590 - INFO -   ✗ 跳过重复query：泊车吧...
2026-03-10 16:39:31,590 - INFO -   ✗ 跳过重复query：启动泊车...
2026-03-10 16:39:31,590 - INFO -   ✗ 跳过重复query：现在泊车...
2026-03-10 16:39:31,590 - INFO -   ✗ 跳过重复query：泊车...
2026-03-10 16:39:31,590 - INFO -   基于原始query生成5个变体：自己泊车吧...
2026-03-10 16:39:31,590 - INFO - 调用LLM泛化query：自己泊车吧
2026-03-10 16:39:31,590 - INFO - LLM泛化成功，生成5个有效变体（过滤后）
2026-03-10 16:39:31,590 - INFO -   ✗ 跳过重复query：自己泊车...
2026-03-10 16:39:31,590 - INFO -   ✗ 跳过重复query：帮我自己泊车...
2026-03-10 16:39:31,590 - INFO -   ✗ 跳过重复query：自己泊车呢...
2026-03-10 16:39:31,590 - INFO -   ✗ 跳过重复query：启动自己泊车...
2026-03-10 16:39:31,590 - INFO -   ✗ 跳过重复query：开启自己泊车...
2026-03-10 16:39:31,590 - INFO -   基于原始query生成5个变体：我要泊车...
2026-03-10 16:39:31,590 - INFO - 调用LLM泛化query：我要泊车
2026-03-10 16:39:31,591 - INFO - LLM泛化成功，生成4个有效变体（过滤后）
2026-03-10 16:39:31,591 - WARNING - 泛化数量不足，使用原query补充
2026-03-10 16:39:31,591 - INFO -   ✗ 跳过重复query：帮我泊车...
2026-03-10 16:39:31,591 - INFO -   ✗ 跳过重复query：泊车吧...
2026-03-10 16:39:31,591 - INFO -   ✗ 跳过重复query：可以泊车吗...
2026-03-10 16:39:31,591 - INFO -   ✗ 跳过重复query：开始泊车...
2026-03-10 16:39:31,591 - INFO -   ✗ 跳过重复query：我要泊车...
2026-03-10 16:39:31,591 - INFO -   基于原始query生成5个变体：把车泊进去...
2026-03-10 16:39:31,591 - INFO - 调用LLM泛化query：把车泊进去
2026-03-10 16:39:31,591 - INFO - LLM泛化成功，生成4个有效变体（过滤后）
2026-03-10 16:39:31,591 - WARNING - 泛化数量不足，使用原query补充
2026-03-10 16:39:31,591 - INFO -   ✗ 跳过重复query：帮我把车泊进去...
2026-03-10 16:39:31,591 - INFO -   ✗ 跳过重复query：把车泊进去吧...
2026-03-10 16:39:31,591 - INFO -   ✗ 跳过重复query：启动把车泊进去...
2026-03-10 16:39:31,591 - INFO -   ✗ 跳过重复query：现在把车泊进去...
2026-03-10 16:39:31,591 - INFO -   ✗ 跳过重复query：把车泊进去...
2026-03-10 16:39:31,591 - INFO -   基于原始query生成5个变体：泊车...
2026-03-10 16:39:31,591 - INFO - 调用LLM泛化query：泊车
2026-03-10 16:39:31,591 - INFO - LLM泛化成功，生成4个有效变体（过滤后）
2026-03-10 16:39:31,591 - WARNING - 泛化数量不足，使用原query补充
2026-03-10 16:39:31,591 - INFO -   ✗ 跳过重复query：帮我泊车...
2026-03-10 16:39:31,591 - INFO -   ✗ 跳过重复query：泊车吧...
2026-03-10 16:39:31,591 - INFO -   ✗ 跳过重复query：启动泊车...
2026-03-10 16:39:31,591 - INFO -   ✗ 跳过重复query：现在泊车...
2026-03-10 16:39:31,591 - INFO -   ✗ 跳过重复query：泊车...
2026-03-10 16:39:31,591 - INFO -   基于原始query生成5个变体：自己泊车吧...
2026-03-10 16:39:31,591 - INFO - 调用LLM泛化query：自己泊车吧
2026-03-10 16:39:31,591 - INFO - LLM泛化成功，生成5个有效变体（过滤后）
2026-03-10 16:39:31,591 - INFO -   ✗ 跳过重复query：自己泊车...
2026-03-10 16:39:31,591 - INFO -   ✗ 跳过重复query：帮我自己泊车...
2026-03-10 16:39:31,591 - INFO -   ✗ 跳过重复query：自己泊车呢...
2026-03-10 16:39:31,591 - INFO -   ✗ 跳过重复query：启动自己泊车...
2026-03-10 16:39:31,591 - INFO -   ✗ 跳过重复query：开启自己泊车...
2026-03-10 16:39:31,591 - INFO -   基于原始query生成5个变体：我要泊车...
2026-03-10 16:39:31,591 - INFO - 调用LLM泛化query：我要泊车
2026-03-10 16:39:31,591 - INFO - LLM泛化成功，生成4个有效变体（过滤后）
2026-03-10 16:39:31,591 - WARNING - 泛化数量不足，使用原query补充
2026-03-10 16:39:31,591 - INFO -   ✗ 跳过重复query：帮我泊车...
2026-03-10 16:39:31,591 - INFO -   ✗ 跳过重复query：泊车吧...
2026-03-10 16:39:31,592 - INFO -   ✗ 跳过重复query：可以泊车吗...
2026-03-10 16:39:31,592 - INFO -   ✗ 跳过重复query：开始泊车...
2026-03-10 16:39:31,592 - INFO -   ✗ 跳过重复query：我要泊车...
2026-03-10 16:39:31,592 - INFO -   基于原始query生成5个变体：把车泊进去...
2026-03-10 16:39:31,592 - INFO - 调用LLM泛化query：把车泊进去
2026-03-10 16:39:31,592 - INFO - LLM泛化成功，生成4个有效变体（过滤后）
2026-03-10 16:39:31,592 - WARNING - 泛化数量不足，使用原query补充
2026-03-10 16:39:31,592 - INFO -   ✗ 跳过重复query：帮我把车泊进去...
2026-03-10 16:39:31,592 - INFO -   ✗ 跳过重复query：把车泊进去吧...
2026-03-10 16:39:31,592 - INFO -   ✗ 跳过重复query：启动把车泊进去...
2026-03-10 16:39:31,592 - INFO -   ✗ 跳过重复query：现在把车泊进去...
2026-03-10 16:39:31,592 - INFO -   ✗ 跳过重复query：把车泊进去...
2026-03-10 16:39:31,592 - INFO -   基于原始query生成5个变体：泊车...
2026-03-10 16:39:31,592 - INFO - 调用LLM泛化query：泊车
2026-03-10 16:39:31,592 - INFO - LLM泛化成功，生成4个有效变体（过滤后）
2026-03-10 16:39:31,592 - WARNING - 泛化数量不足，使用原query补充
2026-03-10 16:39:31,592 - INFO -   ✗ 跳过重复query：帮我泊车...
2026-03-10 16:39:31,592 - INFO -   ✗ 跳过重复query：泊车吧...
2026-03-10 16:39:31,592 - INFO -   ✗ 跳过重复query：启动泊车...
2026-03-10 16:39:31,592 - INFO -   ✗ 跳过重复query：现在泊车...
2026-03-10 16:39:31,592 - INFO -   ✗ 跳过重复query：泊车...
2026-03-10 16:39:31,592 - INFO -   基于原始query生成5个变体：自己泊车吧...
2026-03-10 16:39:31,592 - INFO - 调用LLM泛化query：自己泊车吧
2026-03-10 16:39:31,592 - INFO - LLM泛化成功，生成5个有效变体（过滤后）
2026-03-10 16:39:31,592 - INFO -   ✗ 跳过重复query：自己泊车...
2026-03-10 16:39:31,592 - INFO -   ✗ 跳过重复query：帮我自己泊车...
2026-03-10 16:39:31,592 - INFO -   ✗ 跳过重复query：自己泊车呢...
2026-03-10 16:39:31,592 - INFO -   ✗ 跳过重复query：启动自己泊车...
2026-03-10 16:39:31,592 - INFO -   ✗ 跳过重复query：开启自己泊车...
2026-03-10 16:39:31,592 - INFO -   基于原始query生成5个变体：我要泊车...
2026-03-10 16:39:31,592 - INFO - 调用LLM泛化query：我要泊车
2026-03-10 16:39:31,592 - INFO - LLM泛化成功，生成4个有效变体（过滤后）
2026-03-10 16:39:31,592 - WARNING - 泛化数量不足，使用原query补充
2026-03-10 16:39:31,592 - INFO -   ✗ 跳过重复query：帮我泊车...
2026-03-10 16:39:31,592 - INFO -   ✗ 跳过重复query：泊车吧...
2026-03-10 16:39:31,592 - INFO -   ✗ 跳过重复query：可以泊车吗...
2026-03-10 16:39:31,592 - INFO -   ✗ 跳过重复query：开始泊车...
2026-03-10 16:39:31,592 - INFO -   ✗ 跳过重复query：我要泊车...
2026-03-10 16:39:31,592 - INFO -   基于原始query生成5个变体：把车泊进去...
2026-03-10 16:39:31,593 - INFO - 调用LLM泛化query：把车泊进去
2026-03-10 16:39:31,593 - INFO - LLM泛化成功，生成4个有效变体（过滤后）
2026-03-10 16:39:31,593 - WARNING - 泛化数量不足，使用原query补充
2026-03-10 16:39:31,593 - INFO -   ✗ 跳过重复query：帮我把车泊进去...
2026-03-10 16:39:31,593 - INFO -   ✗ 跳过重复query：把车泊进去吧...
2026-03-10 16:39:31,593 - INFO -   ✗ 跳过重复query：启动把车泊进去...
2026-03-10 16:39:31,593 - INFO -   ✗ 跳过重复query：现在把车泊进去...
2026-03-10 16:39:31,593 - INFO -   ✗ 跳过重复query：把车泊进去...
2026-03-10 16:39:31,593 - INFO -   基于原始query生成5个变体：泊车...
2026-03-10 16:39:31,593 - INFO - 调用LLM泛化query：泊车
2026-03-10 16:39:31,593 - INFO - LLM泛化成功，生成4个有效变体（过滤后）
2026-03-10 16:39:31,593 - WARNING - 泛化数量不足，使用原query补充
2026-03-10 16:39:31,593 - INFO -   ✗ 跳过重复query：帮我泊车...
2026-03-10 16:39:31,593 - INFO -   ✗ 跳过重复query：泊车吧...
2026-03-10 16:39:31,593 - INFO -   ✗ 跳过重复query：启动泊车...
2026-03-10 16:39:31,593 - INFO -   ✗ 跳过重复query：现在泊车...
2026-03-10 16:39:31,593 - INFO -   ✗ 跳过重复query：泊车...
2026-03-10 16:39:31,593 - INFO -   基于原始query生成5个变体：自己泊车吧...
2026-03-10 16:39:31,593 - INFO - 调用LLM泛化query：自己泊车吧
2026-03-10 16:39:31,593 - INFO - LLM泛化成功，生成5个有效变体（过滤后）
2026-03-10 16:39:31,593 - INFO -   ✗ 跳过重复query：自己泊车...
2026-03-10 16:39:31,593 - INFO -   ✗ 跳过重复query：帮我自己泊车...
2026-03-10 16:39:31,593 - INFO -   ✗ 跳过重复query：自己泊车呢...
2026-03-10 16:39:31,593 - INFO -   ✗ 跳过重复query：启动自己泊车...
2026-03-10 16:39:31,593 - INFO -   ✗ 跳过重复query：开启自己泊车...
2026-03-10 16:39:31,593 - INFO -   基于原始query生成5个变体：我要泊车...
2026-03-10 16:39:31,593 - INFO - 调用LLM泛化query：我要泊车
2026-03-10 16:39:31,593 - INFO - LLM泛化成功，生成4个有效变体（过滤后）
2026-03-10 16:39:31,593 - WARNING - 泛化数量不足，使用原query补充
2026-03-10 16:39:31,593 - INFO -   ✗ 跳过重复query：帮我泊车...
2026-03-10 16:39:31,593 - INFO -   ✗ 跳过重复query：泊车吧...
2026-03-10 16:39:31,593 - INFO -   ✗ 跳过重复query：可以泊车吗...
2026-03-10 16:39:31,593 - INFO -   ✗ 跳过重复query：开始泊车...
2026-03-10 16:39:31,593 - INFO -   ✗ 跳过重复query：我要泊车...
2026-03-10 16:39:31,593 - INFO -   基于原始query生成5个变体：把车泊进去...
2026-03-10 16:39:31,593 - INFO - 调用LLM泛化query：把车泊进去
2026-03-10 16:39:31,593 - INFO - LLM泛化成功，生成4个有效变体（过滤后）
2026-03-10 16:39:31,593 - WARNING - 泛化数量不足，使用原query补充
2026-03-10 16:39:31,593 - INFO -   ✗ 跳过重复query：帮我把车泊进去...
2026-03-10 16:39:31,594 - INFO -   ✗ 跳过重复query：把车泊进去吧...
2026-03-10 16:39:31,594 - INFO -   ✗ 跳过重复query：启动把车泊进去...
2026-03-10 16:39:31,594 - INFO -   ✗ 跳过重复query：现在把车泊进去...
2026-03-10 16:39:31,594 - INFO -   ✗ 跳过重复query：把车泊进去...
2026-03-10 16:39:31,594 - INFO -   基于原始query生成5个变体：泊车...
2026-03-10 16:39:31,594 - INFO - 调用LLM泛化query：泊车
2026-03-10 16:39:31,594 - INFO - LLM泛化成功，生成4个有效变体（过滤后）
2026-03-10 16:39:31,594 - WARNING - 泛化数量不足，使用原query补充
2026-03-10 16:39:31,594 - INFO -   ✗ 跳过重复query：帮我泊车...
2026-03-10 16:39:31,594 - INFO -   ✗ 跳过重复query：泊车吧...
2026-03-10 16:39:31,594 - INFO -   ✗ 跳过重复query：启动泊车...
2026-03-10 16:39:31,594 - INFO -   ✗ 跳过重复query：现在泊车...
2026-03-10 16:39:31,594 - INFO -   ✗ 跳过重复query：泊车...
2026-03-10 16:39:31,594 - INFO -   基于原始query生成5个变体：自己泊车吧...
2026-03-10 16:39:31,594 - INFO - 调用LLM泛化query：自己泊车吧
2026-03-10 16:39:31,594 - INFO - LLM泛化成功，生成5个有效变体（过滤后）
2026-03-10 16:39:31,594 - INFO -   ✗ 跳过重复query：自己泊车...
2026-03-10 16:39:31,594 - INFO -   ✗ 跳过重复query：帮我自己泊车...
2026-03-10 16:39:31,594 - INFO -   ✗ 跳过重复query：自己泊车呢...
2026-03-10 16:39:31,594 - INFO -   ✗ 跳过重复query：启动自己泊车...
2026-03-10 16:39:31,594 - INFO -   ✗ 跳过重复query：开启自己泊车...
2026-03-10 16:39:31,594 - INFO -   基于原始query生成5个变体：我要泊车...
2026-03-10 16:39:31,594 - INFO - 调用LLM泛化query：我要泊车
2026-03-10 16:39:31,594 - INFO - LLM泛化成功，生成4个有效变体（过滤后）
2026-03-10 16:39:31,594 - WARNING - 泛化数量不足，使用原query补充
2026-03-10 16:39:31,594 - INFO -   ✗ 跳过重复query：帮我泊车...
2026-03-10 16:39:31,594 - INFO -   ✗ 跳过重复query：泊车吧...
2026-03-10 16:39:31,594 - INFO -   ✗ 跳过重复query：可以泊车吗...
2026-03-10 16:39:31,594 - INFO -   ✗ 跳过重复query：开始泊车...
2026-03-10 16:39:31,594 - INFO -   ✗ 跳过重复query：我要泊车...
2026-03-10 16:39:31,594 - INFO -   基于原始query生成5个变体：把车泊进去...
2026-03-10 16:39:31,594 - INFO - 调用LLM泛化query：把车泊进去
2026-03-10 16:39:31,594 - INFO - LLM泛化成功，生成4个有效变体（过滤后）
2026-03-10 16:39:31,594 - WARNING - 泛化数量不足，使用原query补充
2026-03-10 16:39:31,594 - INFO -   ✗ 跳过重复query：帮我把车泊进去...
2026-03-10 16:39:31,594 - INFO -   ✗ 跳过重复query：把车泊进去吧...
2026-03-10 16:39:31,594 - INFO -   ✗ 跳过重复query：启动把车泊进去...
2026-03-10 16:39:31,594 - INFO -   ✗ 跳过重复query：现在把车泊进去...
2026-03-10 16:39:31,594 - INFO -   ✗ 跳过重复query：把车泊进去...
2026-03-10 16:39:31,594 - INFO -   基于原始query生成5个变体：泊车...
2026-03-10 16:39:31,595 - INFO - 调用LLM泛化query：泊车
2026-03-10 16:39:31,595 - INFO - LLM泛化成功，生成4个有效变体（过滤后）
2026-03-10 16:39:31,595 - WARNING - 泛化数量不足，使用原query补充
2026-03-10 16:39:31,595 - INFO -   ✗ 跳过重复query：帮我泊车...
2026-03-10 16:39:31,595 - INFO -   ✗ 跳过重复query：泊车吧...
2026-03-10 16:39:31,595 - INFO -   ✗ 跳过重复query：启动泊车...
2026-03-10 16:39:31,595 - INFO -   ✗ 跳过重复query：现在泊车...
2026-03-10 16:39:31,595 - INFO -   ✗ 跳过重复query：泊车...
2026-03-10 16:39:31,595 - INFO -   基于原始query生成5个变体：自己泊车吧...
2026-03-10 16:39:31,595 - INFO - 调用LLM泛化query：自己泊车吧
2026-03-10 16:39:31,595 - INFO - LLM泛化成功，生成5个有效变体（过滤后）
2026-03-10 16:39:31,595 - INFO -   ✗ 跳过重复query：自己泊车...
2026-03-10 16:39:31,595 - INFO -   ✗ 跳过重复query：帮我自己泊车...
2026-03-10 16:39:31,595 - INFO -   ✗ 跳过重复query：自己泊车呢...
2026-03-10 16:39:31,595 - INFO -   ✗ 跳过重复query：启动自己泊车...
2026-03-10 16:39:31,595 - INFO -   ✗ 跳过重复query：开启自己泊车...
2026-03-10 16:39:31,595 - INFO -   基于原始query生成5个变体：我要泊车...
2026-03-10 16:39:31,595 - INFO - 调用LLM泛化query：我要泊车
2026-03-10 16:39:31,595 - INFO - LLM泛化成功，生成4个有效变体（过滤后）
2026-03-10 16:39:31,595 - WARNING - 泛化数量不足，使用原query补充
2026-03-10 16:39:31,595 - INFO -   ✗ 跳过重复query：帮我泊车...
2026-03-10 16:39:31,595 - INFO -   ✗ 跳过重复query：泊车吧...
2026-03-10 16:39:31,595 - INFO -   ✗ 跳过重复query：可以泊车吗...
2026-03-10 16:39:31,595 - INFO -   ✗ 跳过重复query：开始泊车...
2026-03-10 16:39:31,595 - INFO -   ✗ 跳过重复query：我要泊车...
2026-03-10 16:39:31,595 - INFO -   基于原始query生成5个变体：把车泊进去...
2026-03-10 16:39:31,595 - INFO - 调用LLM泛化query：把车泊进去
2026-03-10 16:39:31,595 - INFO - LLM泛化成功，生成4个有效变体（过滤后）
2026-03-10 16:39:31,595 - WARNING - 泛化数量不足，使用原query补充
2026-03-10 16:39:31,595 - INFO -   ✗ 跳过重复query：帮我把车泊进去...
2026-03-10 16:39:31,595 - INFO -   ✗ 跳过重复query：把车泊进去吧...
2026-03-10 16:39:31,595 - INFO -   ✗ 跳过重复query：启动把车泊进去...
2026-03-10 16:39:31,595 - INFO -   ✗ 跳过重复query：现在把车泊进去...
2026-03-10 16:39:31,595 - INFO -   ✗ 跳过重复query：把车泊进去...
2026-03-10 16:39:31,595 - INFO -   基于原始query生成5个变体：泊车...
2026-03-10 16:39:31,595 - INFO - 调用LLM泛化query：泊车
2026-03-10 16:39:31,595 - INFO - LLM泛化成功，生成4个有效变体（过滤后）
2026-03-10 16:39:31,595 - WARNING - 泛化数量不足，使用原query补充
2026-03-10 16:39:31,595 - INFO -   ✗ 跳过重复query：帮我泊车...
2026-03-10 16:39:31,595 - INFO -   ✗ 跳过重复query：泊车吧...
2026-03-10 16:39:31,595 - INFO -   ✗ 跳过重复query：启动泊车...
2026-03-10 16:39:31,595 - INFO -   ✗ 跳过重复query：现在泊车...
2026-03-10 16:39:31,596 - INFO -   ✗ 跳过重复query：泊车...
2026-03-10 16:39:31,596 - INFO -   基于原始query生成5个变体：自己泊车吧...
2026-03-10 16:39:31,596 - INFO - 调用LLM泛化query：自己泊车吧
2026-03-10 16:39:31,596 - INFO - LLM泛化成功，生成5个有效变体（过滤后）
2026-03-10 16:39:31,596 - INFO -   ✗ 跳过重复query：自己泊车...
2026-03-10 16:39:31,596 - INFO -   ✗ 跳过重复query：帮我自己泊车...
2026-03-10 16:39:31,596 - INFO -   ✗ 跳过重复query：自己泊车呢...
2026-03-10 16:39:31,596 - INFO -   ✗ 跳过重复query：启动自己泊车...
2026-03-10 16:39:31,596 - INFO -   ✗ 跳过重复query：开启自己泊车...
2026-03-10 16:39:31,596 - INFO -   基于原始query生成5个变体：我要泊车...
2026-03-10 16:39:31,596 - INFO - 调用LLM泛化query：我要泊车
2026-03-10 16:39:31,596 - INFO - LLM泛化成功，生成4个有效变体（过滤后）
2026-03-10 16:39:31,596 - WARNING - 泛化数量不足，使用原query补充
2026-03-10 16:39:31,596 - INFO -   ✗ 跳过重复query：帮我泊车...
2026-03-10 16:39:31,596 - INFO -   ✗ 跳过重复query：泊车吧...
2026-03-10 16:39:31,596 - INFO -   ✗ 跳过重复query：可以泊车吗...
2026-03-10 16:39:31,596 - INFO -   ✗ 跳过重复query：开始泊车...
2026-03-10 16:39:31,596 - INFO -   ✗ 跳过重复query：我要泊车...
2026-03-10 16:39:31,596 - INFO -   基于原始query生成5个变体：把车泊进去...
2026-03-10 16:39:31,596 - INFO - 调用LLM泛化query：把车泊进去
2026-03-10 16:39:31,596 - INFO - LLM泛化成功，生成4个有效变体（过滤后）
2026-03-10 16:39:31,596 - WARNING - 泛化数量不足，使用原query补充
2026-03-10 16:39:31,596 - INFO -   ✗ 跳过重复query：帮我把车泊进去...
2026-03-10 16:39:31,596 - INFO -   ✗ 跳过重复query：把车泊进去吧...
2026-03-10 16:39:31,596 - INFO -   ✗ 跳过重复query：启动把车泊进去...
2026-03-10 16:39:31,596 - INFO -   ✗ 跳过重复query：现在把车泊进去...
2026-03-10 16:39:31,596 - INFO -   ✗ 跳过重复query：把车泊进去...
2026-03-10 16:39:31,596 - INFO -   基于原始query生成5个变体：泊车...
2026-03-10 16:39:31,596 - INFO - 调用LLM泛化query：泊车
2026-03-10 16:39:31,596 - INFO - LLM泛化成功，生成4个有效变体（过滤后）
2026-03-10 16:39:31,596 - WARNING - 泛化数量不足，使用原query补充
2026-03-10 16:39:31,596 - INFO -   ✗ 跳过重复query：帮我泊车...
2026-03-10 16:39:31,596 - INFO -   ✗ 跳过重复query：泊车吧...
2026-03-10 16:39:31,596 - INFO -   ✗ 跳过重复query：启动泊车...
2026-03-10 16:39:31,596 - INFO -   ✗ 跳过重复query：现在泊车...
2026-03-10 16:39:31,596 - INFO -   ✗ 跳过重复query：泊车...
2026-03-10 16:39:31,596 - INFO -   基于原始query生成5个变体：自己泊车吧...
2026-03-10 16:39:31,596 - INFO - 调用LLM泛化query：自己泊车吧
2026-03-10 16:39:31,596 - INFO - LLM泛化成功，生成5个有效变体（过滤后）
2026-03-10 16:39:31,596 - INFO -   ✗ 跳过重复query：自己泊车...
2026-03-10 16:39:31,596 - INFO -   ✗ 跳过重复query：帮我自己泊车...
2026-03-10 16:39:31,596 - INFO -   ✗ 跳过重复query：自己泊车呢...
2026-03-10 16:39:31,597 - INFO -   ✗ 跳过重复query：启动自己泊车...
2026-03-10 16:39:31,597 - INFO -   ✗ 跳过重复query：开启自己泊车...
2026-03-10 16:39:31,597 - INFO -   基于原始query生成5个变体：我要泊车...
2026-03-10 16:39:31,597 - INFO - 调用LLM泛化query：我要泊车
2026-03-10 16:39:31,597 - INFO - LLM泛化成功，生成4个有效变体（过滤后）
2026-03-10 16:39:31,597 - WARNING - 泛化数量不足，使用原query补充
2026-03-10 16:39:31,597 - INFO -   ✗ 跳过重复query：帮我泊车...
2026-03-10 16:39:31,597 - INFO -   ✗ 跳过重复query：泊车吧...
2026-03-10 16:39:31,597 - INFO -   ✗ 跳过重复query：可以泊车吗...
2026-03-10 16:39:31,597 - INFO -   ✗ 跳过重复query：开始泊车...
2026-03-10 16:39:31,597 - INFO -   ✗ 跳过重复query：我要泊车...
2026-03-10 16:39:31,597 - INFO -   基于原始query生成5个变体：把车泊进去...
2026-03-10 16:39:31,597 - INFO - 调用LLM泛化query：把车泊进去
2026-03-10 16:39:31,597 - INFO - LLM泛化成功，生成4个有效变体（过滤后）
2026-03-10 16:39:31,597 - WARNING - 泛化数量不足，使用原query补充
2026-03-10 16:39:31,597 - INFO -   ✗ 跳过重复query：帮我把车泊进去...
2026-03-10 16:39:31,597 - INFO -   ✗ 跳过重复query：把车泊进去吧...
2026-03-10 16:39:31,597 - INFO -   ✗ 跳过重复query：启动把车泊进去...
2026-03-10 16:39:31,597 - INFO -   ✗ 跳过重复query：现在把车泊进去...
2026-03-10 16:39:31,597 - INFO -   ✗ 跳过重复query：把车泊进去...
2026-03-10 16:39:31,597 - INFO -   基于原始query生成5个变体：泊车...
2026-03-10 16:39:31,597 - INFO - 调用LLM泛化query：泊车
2026-03-10 16:39:31,597 - INFO - LLM泛化成功，生成4个有效变体（过滤后）
2026-03-10 16:39:31,597 - WARNING - 泛化数量不足，使用原query补充
2026-03-10 16:39:31,597 - INFO -   ✗ 跳过重复query：帮我泊车...
2026-03-10 16:39:31,597 - INFO -   ✗ 跳过重复query：泊车吧...
2026-03-10 16:39:31,597 - INFO -   ✗ 跳过重复query：启动泊车...
2026-03-10 16:39:31,597 - INFO -   ✗ 跳过重复query：现在泊车...
2026-03-10 16:39:31,597 - INFO -   ✗ 跳过重复query：泊车...
2026-03-10 16:39:31,597 - INFO -   基于原始query生成5个变体：自己泊车吧...
2026-03-10 16:39:31,597 - INFO - 调用LLM泛化query：自己泊车吧
2026-03-10 16:39:31,597 - INFO - LLM泛化成功，生成5个有效变体（过滤后）
2026-03-10 16:39:31,597 - INFO -   ✗ 跳过重复query：自己泊车...
2026-03-10 16:39:31,597 - INFO -   ✗ 跳过重复query：帮我自己泊车...
2026-03-10 16:39:31,597 - INFO -   ✗ 跳过重复query：自己泊车呢...
2026-03-10 16:39:31,597 - INFO -   ✗ 跳过重复query：启动自己泊车...
2026-03-10 16:39:31,597 - INFO -   ✗ 跳过重复query：开启自己泊车...
2026-03-10 16:39:31,597 - INFO -   基于原始query生成5个变体：我要泊车...
2026-03-10 16:39:31,597 - INFO - 调用LLM泛化query：我要泊车
2026-03-10 16:39:31,597 - INFO - LLM泛化成功，生成4个有效变体（过滤后）
2026-03-10 16:39:31,597 - WARNING - 泛化数量不足，使用原query补充
2026-03-10 16:39:31,598 - INFO -   ✗ 跳过重复query：帮我泊车...
2026-03-10 16:39:31,598 - INFO -   ✗ 跳过重复query：泊车吧...
2026-03-10 16:39:31,598 - INFO -   ✗ 跳过重复query：可以泊车吗...
2026-03-10 16:39:31,598 - INFO -   ✗ 跳过重复query：开始泊车...
2026-03-10 16:39:31,598 - INFO -   ✗ 跳过重复query：我要泊车...
2026-03-10 16:39:31,598 - INFO -   基于原始query生成5个变体：把车泊进去...
2026-03-10 16:39:31,598 - INFO - 调用LLM泛化query：把车泊进去
2026-03-10 16:39:31,598 - INFO - LLM泛化成功，生成4个有效变体（过滤后）
2026-03-10 16:39:31,598 - WARNING - 泛化数量不足，使用原query补充
2026-03-10 16:39:31,598 - INFO -   ✗ 跳过重复query：帮我把车泊进去...
2026-03-10 16:39:31,598 - INFO -   ✗ 跳过重复query：把车泊进去吧...
2026-03-10 16:39:31,598 - INFO -   ✗ 跳过重复query：启动把车泊进去...
2026-03-10 16:39:31,598 - INFO -   ✗ 跳过重复query：现在把车泊进去...
2026-03-10 16:39:31,598 - INFO -   ✗ 跳过重复query：把车泊进去...
2026-03-10 16:39:31,598 - INFO -   基于原始query生成5个变体：泊车...
2026-03-10 16:39:31,598 - INFO - 调用LLM泛化query：泊车
2026-03-10 16:39:31,598 - INFO - LLM泛化成功，生成4个有效变体（过滤后）
2026-03-10 16:39:31,598 - WARNING - 泛化数量不足，使用原query补充
2026-03-10 16:39:31,598 - INFO -   ✗ 跳过重复query：帮我泊车...
2026-03-10 16:39:31,598 - INFO -   ✗ 跳过重复query：泊车吧...
2026-03-10 16:39:31,598 - INFO -   ✗ 跳过重复query：启动泊车...
2026-03-10 16:39:31,598 - INFO -   ✗ 跳过重复query：现在泊车...
2026-03-10 16:39:31,598 - INFO -   ✗ 跳过重复query：泊车...
2026-03-10 16:39:31,598 - INFO -   基于原始query生成5个变体：自己泊车吧...
2026-03-10 16:39:31,598 - INFO - 调用LLM泛化query：自己泊车吧
2026-03-10 16:39:31,598 - INFO - LLM泛化成功，生成5个有效变体（过滤后）
2026-03-10 16:39:31,598 - INFO -   ✗ 跳过重复query：自己泊车...
2026-03-10 16:39:31,598 - INFO -   ✗ 跳过重复query：帮我自己泊车...
2026-03-10 16:39:31,598 - INFO -   ✗ 跳过重复query：自己泊车呢...
2026-03-10 16:39:31,598 - INFO -   ✗ 跳过重复query：启动自己泊车...
2026-03-10 16:39:31,598 - INFO -   ✗ 跳过重复query：开启自己泊车...
2026-03-10 16:39:31,598 - INFO -   基于原始query生成5个变体：我要泊车...
2026-03-10 16:39:31,598 - INFO - 调用LLM泛化query：我要泊车
2026-03-10 16:39:31,598 - INFO - LLM泛化成功，生成4个有效变体（过滤后）
2026-03-10 16:39:31,598 - WARNING - 泛化数量不足，使用原query补充
2026-03-10 16:39:31,598 - INFO -   ✗ 跳过重复query：帮我泊车...
2026-03-10 16:39:31,598 - INFO -   ✗ 跳过重复query：泊车吧...
2026-03-10 16:39:31,598 - INFO -   ✗ 跳过重复query：可以泊车吗...
2026-03-10 16:39:31,598 - INFO -   ✗ 跳过重复query：开始泊车...
2026-03-10 16:39:31,598 - INFO -   ✗ 跳过重复query：我要泊车...
2026-03-10 16:39:31,599 - INFO -   基于原始query生成5个变体：把车泊进去...
2026-03-10 16:39:31,599 - INFO - 调用LLM泛化query：把车泊进去
2026-03-10 16:39:31,599 - INFO - LLM泛化成功，生成4个有效变体（过滤后）
2026-03-10 16:39:31,599 - WARNING - 泛化数量不足，使用原query补充
2026-03-10 16:39:31,599 - INFO -   ✗ 跳过重复query：帮我把车泊进去...
2026-03-10 16:39:31,599 - INFO -   ✗ 跳过重复query：把车泊进去吧...
2026-03-10 16:39:31,599 - INFO -   ✗ 跳过重复query：启动把车泊进去...
2026-03-10 16:39:31,599 - INFO -   ✗ 跳过重复query：现在把车泊进去...
2026-03-10 16:39:31,599 - INFO -   ✗ 跳过重复query：把车泊进去...
2026-03-10 16:39:31,599 - INFO -   基于原始query生成5个变体：泊车...
2026-03-10 16:39:31,599 - INFO - 调用LLM泛化query：泊车
2026-03-10 16:39:31,599 - INFO - LLM泛化成功，生成4个有效变体（过滤后）
2026-03-10 16:39:31,599 - WARNING - 泛化数量不足，使用原query补充
2026-03-10 16:39:31,599 - INFO -   ✗ 跳过重复query：帮我泊车...
2026-03-10 16:39:31,599 - INFO -   ✗ 跳过重复query：泊车吧...
2026-03-10 16:39:31,599 - INFO -   ✗ 跳过重复query：启动泊车...
2026-03-10 16:39:31,599 - INFO -   ✗ 跳过重复query：现在泊车...
2026-03-10 16:39:31,599 - INFO -   ✗ 跳过重复query：泊车...
2026-03-10 16:39:31,599 - INFO -   基于原始query生成5个变体：自己泊车吧...
2026-03-10 16:39:31,599 - INFO - 调用LLM泛化query：自己泊车吧
2026-03-10 16:39:31,599 - INFO - LLM泛化成功，生成5个有效变体（过滤后）
2026-03-10 16:39:31,599 - INFO -   ✗ 跳过重复query：自己泊车...
2026-03-10 16:39:31,599 - INFO -   ✗ 跳过重复query：帮我自己泊车...
2026-03-10 16:39:31,599 - INFO -   ✗ 跳过重复query：自己泊车呢...
2026-03-10 16:39:31,599 - INFO -   ✗ 跳过重复query：启动自己泊车...
2026-03-10 16:39:31,599 - INFO -   ✗ 跳过重复query：开启自己泊车...
2026-03-10 16:39:31,599 - INFO -   基于原始query生成5个变体：我要泊车...
2026-03-10 16:39:31,599 - INFO - 调用LLM泛化query：我要泊车
2026-03-10 16:39:31,599 - INFO - LLM泛化成功，生成4个有效变体（过滤后）
2026-03-10 16:39:31,599 - WARNING - 泛化数量不足，使用原query补充
2026-03-10 16:39:31,599 - INFO -   ✗ 跳过重复query：帮我泊车...
2026-03-10 16:39:31,599 - INFO -   ✗ 跳过重复query：泊车吧...
2026-03-10 16:39:31,599 - INFO -   ✗ 跳过重复query：可以泊车吗...
2026-03-10 16:39:31,599 - INFO -   ✗ 跳过重复query：开始泊车...
2026-03-10 16:39:31,599 - INFO -   ✗ 跳过重复query：我要泊车...
2026-03-10 16:39:31,599 - INFO -   基于原始query生成5个变体：把车泊进去...
2026-03-10 16:39:31,599 - INFO - 调用LLM泛化query：把车泊进去
2026-03-10 16:39:31,599 - INFO - LLM泛化成功，生成4个有效变体（过滤后）
2026-03-10 16:39:31,599 - WARNING - 泛化数量不足，使用原query补充
2026-03-10 16:39:31,599 - INFO -   ✗ 跳过重复query：帮我把车泊进去...
2026-03-10 16:39:31,600 - INFO -   ✗ 跳过重复query：把车泊进去吧...
2026-03-10 16:39:31,600 - INFO -   ✗ 跳过重复query：启动把车泊进去...
2026-03-10 16:39:31,600 - INFO -   ✗ 跳过重复query：现在把车泊进去...
2026-03-10 16:39:31,600 - INFO -   ✗ 跳过重复query：把车泊进去...
2026-03-10 16:39:31,600 - INFO -   基于原始query生成5个变体：泊车...
2026-03-10 16:39:31,600 - INFO - 调用LLM泛化query：泊车
2026-03-10 16:39:31,600 - INFO - LLM泛化成功，生成4个有效变体（过滤后）
2026-03-10 16:39:31,600 - WARNING - 泛化数量不足，使用原query补充
2026-03-10 16:39:31,600 - INFO -   ✗ 跳过重复query：帮我泊车...
2026-03-10 16:39:31,600 - INFO -   ✗ 跳过重复query：泊车吧...
2026-03-10 16:39:31,600 - INFO -   ✗ 跳过重复query：启动泊车...
2026-03-10 16:39:31,600 - INFO -   ✗ 跳过重复query：现在泊车...
2026-03-10 16:39:31,600 - INFO -   ✗ 跳过重复query：泊车...
2026-03-10 16:39:31,600 - INFO -   基于原始query生成5个变体：自己泊车吧...
2026-03-10 16:39:31,600 - INFO - 调用LLM泛化query：自己泊车吧
2026-03-10 16:39:31,600 - INFO - LLM泛化成功，生成5个有效变体（过滤后）
2026-03-10 16:39:31,600 - INFO -   ✗ 跳过重复query：自己泊车...
2026-03-10 16:39:31,600 - INFO -   ✗ 跳过重复query：帮我自己泊车...
2026-03-10 16:39:31,600 - INFO -   ✗ 跳过重复query：自己泊车呢...
2026-03-10 16:39:31,600 - INFO -   ✗ 跳过重复query：启动自己泊车...
2026-03-10 16:39:31,600 - INFO -   ✗ 跳过重复query：开启自己泊车...
2026-03-10 16:39:31,600 - INFO -   基于原始query生成5个变体：我要泊车...
2026-03-10 16:39:31,600 - INFO - 调用LLM泛化query：我要泊车
2026-03-10 16:39:31,600 - INFO - LLM泛化成功，生成4个有效变体（过滤后）
2026-03-10 16:39:31,600 - WARNING - 泛化数量不足，使用原query补充
2026-03-10 16:39:31,600 - INFO -   ✗ 跳过重复query：帮我泊车...
2026-03-10 16:39:31,600 - INFO -   ✗ 跳过重复query：泊车吧...
2026-03-10 16:39:31,600 - INFO -   ✗ 跳过重复query：可以泊车吗...
2026-03-10 16:39:31,600 - INFO -   ✗ 跳过重复query：开始泊车...
2026-03-10 16:39:31,600 - INFO -   ✗ 跳过重复query：我要泊车...
2026-03-10 16:39:31,600 - INFO -   基于原始query生成5个变体：把车泊进去...
2026-03-10 16:39:31,600 - INFO - 调用LLM泛化query：把车泊进去
2026-03-10 16:39:31,600 - INFO - LLM泛化成功，生成4个有效变体（过滤后）
2026-03-10 16:39:31,600 - WARNING - 泛化数量不足，使用原query补充
2026-03-10 16:39:31,600 - INFO -   ✗ 跳过重复query：帮我把车泊进去...
2026-03-10 16:39:31,600 - INFO -   ✗ 跳过重复query：把车泊进去吧...
2026-03-10 16:39:31,600 - INFO -   ✗ 跳过重复query：启动把车泊进去...
2026-03-10 16:39:31,600 - INFO -   ✗ 跳过重复query：现在把车泊进去...
2026-03-10 16:39:31,600 - INFO -   ✗ 跳过重复query：把车泊进去...
2026-03-10 16:39:31,600 - INFO -   基于原始query生成5个变体：泊车...
2026-03-10 16:39:31,600 - INFO - 调用LLM泛化query：泊车
2026-03-10 16:39:31,601 - INFO - LLM泛化成功，生成4个有效变体（过滤后）
2026-03-10 16:39:31,601 - WARNING - 泛化数量不足，使用原query补充
2026-03-10 16:39:31,601 - INFO -   ✗ 跳过重复query：帮我泊车...
2026-03-10 16:39:31,601 - INFO -   ✗ 跳过重复query：泊车吧...
2026-03-10 16:39:31,601 - INFO -   ✗ 跳过重复query：启动泊车...
2026-03-10 16:39:31,601 - INFO -   ✗ 跳过重复query：现在泊车...
2026-03-10 16:39:31,601 - INFO -   ✗ 跳过重复query：泊车...
2026-03-10 16:39:31,601 - INFO -   基于原始query生成5个变体：自己泊车吧...
2026-03-10 16:39:31,601 - INFO - 调用LLM泛化query：自己泊车吧
2026-03-10 16:39:31,601 - INFO - LLM泛化成功，生成5个有效变体（过滤后）
2026-03-10 16:39:31,601 - INFO -   ✗ 跳过重复query：自己泊车...
2026-03-10 16:39:31,601 - INFO -   ✗ 跳过重复query：帮我自己泊车...
2026-03-10 16:39:31,601 - INFO -   ✗ 跳过重复query：自己泊车呢...
2026-03-10 16:39:31,601 - INFO -   ✗ 跳过重复query：启动自己泊车...
2026-03-10 16:39:31,601 - INFO -   ✗ 跳过重复query：开启自己泊车...
2026-03-10 16:39:31,601 - INFO -   基于原始query生成5个变体：我要泊车...
2026-03-10 16:39:31,601 - INFO - 调用LLM泛化query：我要泊车
2026-03-10 16:39:31,601 - INFO - LLM泛化成功，生成4个有效变体（过滤后）
2026-03-10 16:39:31,601 - WARNING - 泛化数量不足，使用原query补充
2026-03-10 16:39:31,601 - INFO -   ✗ 跳过重复query：帮我泊车...
2026-03-10 16:39:31,601 - INFO -   ✗ 跳过重复query：泊车吧...
2026-03-10 16:39:31,601 - INFO -   ✗ 跳过重复query：可以泊车吗...
2026-03-10 16:39:31,601 - INFO -   ✗ 跳过重复query：开始泊车...
2026-03-10 16:39:31,601 - INFO -   ✗ 跳过重复query：我要泊车...
2026-03-10 16:39:31,601 - INFO -   基于原始query生成5个变体：把车泊进去...
2026-03-10 16:39:31,601 - INFO - 调用LLM泛化query：把车泊进去
2026-03-10 16:39:31,601 - INFO - LLM泛化成功，生成4个有效变体（过滤后）
2026-03-10 16:39:31,601 - WARNING - 泛化数量不足，使用原query补充
2026-03-10 16:39:31,601 - INFO -   ✗ 跳过重复query：帮我把车泊进去...
2026-03-10 16:39:31,601 - INFO -   ✗ 跳过重复query：把车泊进去吧...
2026-03-10 16:39:31,601 - INFO -   ✗ 跳过重复query：启动把车泊进去...
2026-03-10 16:39:31,601 - INFO -   ✗ 跳过重复query：现在把车泊进去...
2026-03-10 16:39:31,601 - INFO -   ✗ 跳过重复query：把车泊进去...
2026-03-10 16:39:31,601 - INFO -   基于原始query生成5个变体：泊车...
2026-03-10 16:39:31,601 - INFO - 调用LLM泛化query：泊车
2026-03-10 16:39:31,601 - INFO - LLM泛化成功，生成4个有效变体（过滤后）
2026-03-10 16:39:31,601 - WARNING - 泛化数量不足，使用原query补充
2026-03-10 16:39:31,601 - INFO -   ✗ 跳过重复query：帮我泊车...
2026-03-10 16:39:31,601 - INFO -   ✗ 跳过重复query：泊车吧...
2026-03-10 16:39:31,601 - INFO -   ✗ 跳过重复query：启动泊车...
2026-03-10 16:39:31,601 - INFO -   ✗ 跳过重复query：现在泊车...
2026-03-10 16:39:31,602 - INFO -   ✗ 跳过重复query：泊车...
2026-03-10 16:39:31,602 - INFO -   基于原始query生成5个变体：自己泊车吧...
2026-03-10 16:39:31,602 - INFO - 调用LLM泛化query：自己泊车吧
2026-03-10 16:39:31,602 - INFO - LLM泛化成功，生成5个有效变体（过滤后）
2026-03-10 16:39:31,602 - INFO -   ✗ 跳过重复query：自己泊车...
2026-03-10 16:39:31,602 - INFO -   ✗ 跳过重复query：帮我自己泊车...
2026-03-10 16:39:31,602 - INFO -   ✗ 跳过重复query：自己泊车呢...
2026-03-10 16:39:31,602 - INFO -   ✗ 跳过重复query：启动自己泊车...
2026-03-10 16:39:31,602 - INFO -   ✗ 跳过重复query：开启自己泊车...
2026-03-10 16:39:31,602 - INFO -   基于原始query生成5个变体：我要泊车...
2026-03-10 16:39:31,602 - INFO - 调用LLM泛化query：我要泊车
2026-03-10 16:39:31,602 - INFO - LLM泛化成功，生成4个有效变体（过滤后）
2026-03-10 16:39:31,602 - WARNING - 泛化数量不足，使用原query补充
2026-03-10 16:39:31,602 - INFO -   ✗ 跳过重复query：帮我泊车...
2026-03-10 16:39:31,602 - INFO -   ✗ 跳过重复query：泊车吧...
2026-03-10 16:39:31,602 - INFO -   ✗ 跳过重复query：可以泊车吗...
2026-03-10 16:39:31,602 - INFO -   ✗ 跳过重复query：开始泊车...
2026-03-10 16:39:31,602 - INFO -   ✗ 跳过重复query：我要泊车...
2026-03-10 16:39:31,602 - INFO -   基于原始query生成5个变体：把车泊进去...
2026-03-10 16:39:31,602 - INFO - 调用LLM泛化query：把车泊进去
2026-03-10 16:39:31,602 - INFO - LLM泛化成功，生成4个有效变体（过滤后）
2026-03-10 16:39:31,602 - WARNING - 泛化数量不足，使用原query补充
2026-03-10 16:39:31,602 - INFO -   ✗ 跳过重复query：帮我把车泊进去...
2026-03-10 16:39:31,602 - INFO -   ✗ 跳过重复query：把车泊进去吧...
2026-03-10 16:39:31,602 - INFO -   ✗ 跳过重复query：启动把车泊进去...
2026-03-10 16:39:31,602 - INFO -   ✗ 跳过重复query：现在把车泊进去...
2026-03-10 16:39:31,602 - INFO -   ✗ 跳过重复query：把车泊进去...
2026-03-10 16:39:31,602 - INFO -   基于原始query生成5个变体：泊车...
2026-03-10 16:39:31,602 - INFO - 调用LLM泛化query：泊车
2026-03-10 16:39:31,602 - INFO - LLM泛化成功，生成4个有效变体（过滤后）
2026-03-10 16:39:31,602 - WARNING - 泛化数量不足，使用原query补充
2026-03-10 16:39:31,602 - INFO -   ✗ 跳过重复query：帮我泊车...
2026-03-10 16:39:31,602 - INFO -   ✗ 跳过重复query：泊车吧...
2026-03-10 16:39:31,602 - INFO -   ✗ 跳过重复query：启动泊车...
2026-03-10 16:39:31,602 - INFO -   ✗ 跳过重复query：现在泊车...
2026-03-10 16:39:31,602 - INFO -   ✗ 跳过重复query：泊车...
2026-03-10 16:39:31,602 - INFO -   基于原始query生成5个变体：自己泊车吧...
2026-03-10 16:39:31,602 - INFO - 调用LLM泛化query：自己泊车吧
2026-03-10 16:39:31,602 - INFO - LLM泛化成功，生成5个有效变体（过滤后）
2026-03-10 16:39:31,603 - INFO -   ✗ 跳过重复query：自己泊车...
2026-03-10 16:39:31,603 - INFO -   ✗ 跳过重复query：帮我自己泊车...
2026-03-10 16:39:31,603 - INFO -   ✗ 跳过重复query：自己泊车呢...
2026-03-10 16:39:31,603 - INFO -   ✗ 跳过重复query：启动自己泊车...
2026-03-10 16:39:31,603 - INFO -   ✗ 跳过重复query：开启自己泊车...
2026-03-10 16:39:31,603 - INFO -   基于原始query生成5个变体：我要泊车...
2026-03-10 16:39:31,603 - INFO - 调用LLM泛化query：我要泊车
2026-03-10 16:39:31,603 - INFO - LLM泛化成功，生成4个有效变体（过滤后）
2026-03-10 16:39:31,603 - WARNING - 泛化数量不足，使用原query补充
2026-03-10 16:39:31,603 - INFO -   ✗ 跳过重复query：帮我泊车...
2026-03-10 16:39:31,603 - INFO -   ✗ 跳过重复query：泊车吧...
2026-03-10 16:39:31,603 - INFO -   ✗ 跳过重复query：可以泊车吗...
2026-03-10 16:39:31,603 - INFO -   ✗ 跳过重复query：开始泊车...
2026-03-10 16:39:31,603 - INFO -   ✗ 跳过重复query：我要泊车...
2026-03-10 16:39:31,603 - INFO -   基于原始query生成5个变体：把车泊进去...
2026-03-10 16:39:31,603 - INFO - 调用LLM泛化query：把车泊进去
2026-03-10 16:39:31,603 - INFO - LLM泛化成功，生成4个有效变体（过滤后）
2026-03-10 16:39:31,603 - WARNING - 泛化数量不足，使用原query补充
2026-03-10 16:39:31,603 - INFO -   ✗ 跳过重复query：帮我把车泊进去...
2026-03-10 16:39:31,603 - INFO -   ✗ 跳过重复query：把车泊进去吧...
2026-03-10 16:39:31,603 - INFO -   ✗ 跳过重复query：启动把车泊进去...
2026-03-10 16:39:31,603 - INFO -   ✗ 跳过重复query：现在把车泊进去...
2026-03-10 16:39:31,603 - INFO -   ✗ 跳过重复query：把车泊进去...
2026-03-10 16:39:31,603 - INFO -   基于原始query生成5个变体：泊车...
2026-03-10 16:39:31,603 - INFO - 调用LLM泛化query：泊车
2026-03-10 16:39:31,603 - INFO - LLM泛化成功，生成4个有效变体（过滤后）
2026-03-10 16:39:31,603 - WARNING - 泛化数量不足，使用原query补充
2026-03-10 16:39:31,603 - INFO -   ✗ 跳过重复query：帮我泊车...
2026-03-10 16:39:31,603 - INFO -   ✗ 跳过重复query：泊车吧...
2026-03-10 16:39:31,603 - INFO -   ✗ 跳过重复query：启动泊车...
2026-03-10 16:39:31,603 - INFO -   ✗ 跳过重复query：现在泊车...
2026-03-10 16:39:31,603 - INFO -   ✗ 跳过重复query：泊车...
2026-03-10 16:39:31,603 - INFO -   基于原始query生成5个变体：自己泊车吧...
2026-03-10 16:39:31,603 - INFO - 调用LLM泛化query：自己泊车吧
2026-03-10 16:39:31,603 - INFO - LLM泛化成功，生成5个有效变体（过滤后）
2026-03-10 16:39:31,603 - INFO -   ✗ 跳过重复query：自己泊车...
2026-03-10 16:39:31,603 - INFO -   ✗ 跳过重复query：帮我自己泊车...
2026-03-10 16:39:31,603 - INFO -   ✗ 跳过重复query：自己泊车呢...
2026-03-10 16:39:31,603 - INFO -   ✗ 跳过重复query：启动自己泊车...
2026-03-10 16:39:31,603 - INFO -   ✗ 跳过重复query：开启自己泊车...
2026-03-10 16:39:31,604 - INFO -   基于原始query生成5个变体：我要泊车...
2026-03-10 16:39:31,604 - INFO - 调用LLM泛化query：我要泊车
2026-03-10 16:39:31,604 - INFO - LLM泛化成功，生成4个有效变体（过滤后）
2026-03-10 16:39:31,604 - WARNING - 泛化数量不足，使用原query补充
2026-03-10 16:39:31,604 - INFO -   ✗ 跳过重复query：帮我泊车...
2026-03-10 16:39:31,604 - INFO -   ✗ 跳过重复query：泊车吧...
2026-03-10 16:39:31,604 - INFO -   ✗ 跳过重复query：可以泊车吗...
2026-03-10 16:39:31,604 - INFO -   ✗ 跳过重复query：开始泊车...
2026-03-10 16:39:31,604 - INFO -   ✗ 跳过重复query：我要泊车...
2026-03-10 16:39:31,604 - INFO -   基于原始query生成5个变体：把车泊进去...
2026-03-10 16:39:31,604 - INFO - 调用LLM泛化query：把车泊进去
2026-03-10 16:39:31,604 - INFO - LLM泛化成功，生成4个有效变体（过滤后）
2026-03-10 16:39:31,604 - WARNING - 泛化数量不足，使用原query补充
2026-03-10 16:39:31,604 - INFO -   ✗ 跳过重复query：帮我把车泊进去...
2026-03-10 16:39:31,604 - INFO -   ✗ 跳过重复query：把车泊进去吧...
2026-03-10 16:39:31,604 - INFO -   ✗ 跳过重复query：启动把车泊进去...
2026-03-10 16:39:31,604 - INFO -   ✗ 跳过重复query：现在把车泊进去...
2026-03-10 16:39:31,604 - INFO -   ✗ 跳过重复query：把车泊进去...
2026-03-10 16:39:31,604 - INFO -   基于原始query生成5个变体：泊车...
2026-03-10 16:39:31,604 - INFO - 调用LLM泛化query：泊车
2026-03-10 16:39:31,604 - INFO - LLM泛化成功，生成4个有效变体（过滤后）
2026-03-10 16:39:31,604 - WARNING - 泛化数量不足，使用原query补充
2026-03-10 16:39:31,604 - INFO -   ✗ 跳过重复query：帮我泊车...
2026-03-10 16:39:31,604 - INFO -   ✗ 跳过重复query：泊车吧...
2026-03-10 16:39:31,604 - INFO -   ✗ 跳过重复query：启动泊车...
2026-03-10 16:39:31,604 - INFO -   ✗ 跳过重复query：现在泊车...
2026-03-10 16:39:31,604 - INFO -   ✗ 跳过重复query：泊车...
2026-03-10 16:39:31,604 - INFO -   基于原始query生成5个变体：自己泊车吧...
2026-03-10 16:39:31,604 - INFO - 调用LLM泛化query：自己泊车吧
2026-03-10 16:39:31,604 - INFO - LLM泛化成功，生成5个有效变体（过滤后）
2026-03-10 16:39:31,604 - INFO -   ✗ 跳过重复query：自己泊车...
2026-03-10 16:39:31,604 - INFO -   ✗ 跳过重复query：帮我自己泊车...
2026-03-10 16:39:31,604 - INFO -   ✗ 跳过重复query：自己泊车呢...
2026-03-10 16:39:31,604 - INFO -   ✗ 跳过重复query：启动自己泊车...
2026-03-10 16:39:31,604 - INFO -   ✗ 跳过重复query：开启自己泊车...
2026-03-10 16:39:31,604 - INFO -   基于原始query生成5个变体：我要泊车...
2026-03-10 16:39:31,604 - INFO - 调用LLM泛化query：我要泊车
2026-03-10 16:39:31,604 - INFO - LLM泛化成功，生成4个有效变体（过滤后）
2026-03-10 16:39:31,604 - WARNING - 泛化数量不足，使用原query补充
2026-03-10 16:39:31,605 - INFO -   ✗ 跳过重复query：帮我泊车...
2026-03-10 16:39:31,605 - INFO -   ✗ 跳过重复query：泊车吧...
2026-03-10 16:39:31,605 - INFO -   ✗ 跳过重复query：可以泊车吗...
2026-03-10 16:39:31,605 - INFO -   ✗ 跳过重复query：开始泊车...
2026-03-10 16:39:31,605 - INFO -   ✗ 跳过重复query：我要泊车...
2026-03-10 16:39:31,605 - INFO -   基于原始query生成5个变体：把车泊进去...
2026-03-10 16:39:31,605 - INFO - 调用LLM泛化query：把车泊进去
2026-03-10 16:39:31,605 - INFO - LLM泛化成功，生成4个有效变体（过滤后）
2026-03-10 16:39:31,605 - WARNING - 泛化数量不足，使用原query补充
2026-03-10 16:39:31,605 - INFO -   ✗ 跳过重复query：帮我把车泊进去...
2026-03-10 16:39:31,605 - INFO -   ✗ 跳过重复query：把车泊进去吧...
2026-03-10 16:39:31,605 - INFO -   ✗ 跳过重复query：启动把车泊进去...
2026-03-10 16:39:31,605 - INFO -   ✗ 跳过重复query：现在把车泊进去...
2026-03-10 16:39:31,605 - INFO -   ✗ 跳过重复query：把车泊进去...
2026-03-10 16:39:31,605 - INFO -   基于原始query生成5个变体：泊车...
2026-03-10 16:39:31,605 - INFO - 调用LLM泛化query：泊车
2026-03-10 16:39:31,605 - INFO - LLM泛化成功，生成4个有效变体（过滤后）
2026-03-10 16:39:31,605 - WARNING - 泛化数量不足，使用原query补充
2026-03-10 16:39:31,605 - INFO -   ✗ 跳过重复query：帮我泊车...
2026-03-10 16:39:31,605 - INFO -   ✗ 跳过重复query：泊车吧...
2026-03-10 16:39:31,605 - INFO -   ✗ 跳过重复query：启动泊车...
2026-03-10 16:39:31,605 - INFO -   ✗ 跳过重复query：现在泊车...
2026-03-10 16:39:31,605 - INFO -   ✗ 跳过重复query：泊车...
2026-03-10 16:39:31,605 - INFO -   基于原始query生成5个变体：自己泊车吧...
2026-03-10 16:39:31,605 - INFO - 调用LLM泛化query：自己泊车吧
2026-03-10 16:39:31,605 - INFO - LLM泛化成功，生成5个有效变体（过滤后）
2026-03-10 16:39:31,605 - INFO -   ✗ 跳过重复query：自己泊车...
2026-03-10 16:39:31,605 - INFO -   ✗ 跳过重复query：帮我自己泊车...
2026-03-10 16:39:31,605 - INFO -   ✗ 跳过重复query：自己泊车呢...
2026-03-10 16:39:31,605 - INFO -   ✗ 跳过重复query：启动自己泊车...
2026-03-10 16:39:31,605 - INFO -   ✗ 跳过重复query：开启自己泊车...
2026-03-10 16:39:31,605 - INFO -   基于原始query生成5个变体：我要泊车...
2026-03-10 16:39:31,605 - INFO - 调用LLM泛化query：我要泊车
2026-03-10 16:39:31,605 - INFO - LLM泛化成功，生成4个有效变体（过滤后）
2026-03-10 16:39:31,605 - WARNING - 泛化数量不足，使用原query补充
2026-03-10 16:39:31,605 - INFO -   ✗ 跳过重复query：帮我泊车...
2026-03-10 16:39:31,605 - INFO -   ✗ 跳过重复query：泊车吧...
2026-03-10 16:39:31,605 - INFO -   ✗ 跳过重复query：可以泊车吗...
2026-03-10 16:39:31,605 - INFO -   ✗ 跳过重复query：开始泊车...
2026-03-10 16:39:31,605 - INFO -   ✗ 跳过重复query：我要泊车...
2026-03-10 16:39:31,606 - INFO -   基于原始query生成5个变体：把车泊进去...
2026-03-10 16:39:31,606 - INFO - 调用LLM泛化query：把车泊进去
2026-03-10 16:39:31,606 - INFO - LLM泛化成功，生成4个有效变体（过滤后）
2026-03-10 16:39:31,606 - WARNING - 泛化数量不足，使用原query补充
2026-03-10 16:39:31,606 - INFO -   ✗ 跳过重复query：帮我把车泊进去...
2026-03-10 16:39:31,606 - INFO -   ✗ 跳过重复query：把车泊进去吧...
2026-03-10 16:39:31,606 - INFO -   ✗ 跳过重复query：启动把车泊进去...
2026-03-10 16:39:31,606 - INFO -   ✗ 跳过重复query：现在把车泊进去...
2026-03-10 16:39:31,606 - INFO -   ✗ 跳过重复query：把车泊进去...
2026-03-10 16:39:31,606 - INFO -   基于原始query生成5个变体：泊车...
2026-03-10 16:39:31,606 - INFO - 调用LLM泛化query：泊车
2026-03-10 16:39:31,606 - INFO - LLM泛化成功，生成4个有效变体（过滤后）
2026-03-10 16:39:31,606 - WARNING - 泛化数量不足，使用原query补充
2026-03-10 16:39:31,606 - INFO -   ✗ 跳过重复query：帮我泊车...
2026-03-10 16:39:31,606 - INFO -   ✗ 跳过重复query：泊车吧...
2026-03-10 16:39:31,606 - INFO -   ✗ 跳过重复query：启动泊车...
2026-03-10 16:39:31,606 - INFO -   ✗ 跳过重复query：现在泊车...
2026-03-10 16:39:31,606 - INFO -   ✗ 跳过重复query：泊车...
2026-03-10 16:39:31,606 - INFO -   基于原始query生成5个变体：自己泊车吧...
2026-03-10 16:39:31,606 - INFO - 调用LLM泛化query：自己泊车吧
2026-03-10 16:39:31,606 - INFO - LLM泛化成功，生成5个有效变体（过滤后）
2026-03-10 16:39:31,606 - INFO -   ✗ 跳过重复query：自己泊车...
2026-03-10 16:39:31,606 - INFO -   ✗ 跳过重复query：帮我自己泊车...
2026-03-10 16:39:31,606 - INFO -   ✗ 跳过重复query：自己泊车呢...
2026-03-10 16:39:31,606 - INFO -   ✗ 跳过重复query：启动自己泊车...
2026-03-10 16:39:31,606 - INFO -   ✗ 跳过重复query：开启自己泊车...
2026-03-10 16:39:31,606 - INFO -   基于原始query生成5个变体：我要泊车...
2026-03-10 16:39:31,606 - INFO - 调用LLM泛化query：我要泊车
2026-03-10 16:39:31,606 - INFO - LLM泛化成功，生成4个有效变体（过滤后）
2026-03-10 16:39:31,606 - WARNING - 泛化数量不足，使用原query补充
2026-03-10 16:39:31,606 - INFO -   ✗ 跳过重复query：帮我泊车...
2026-03-10 16:39:31,606 - INFO -   ✗ 跳过重复query：泊车吧...
2026-03-10 16:39:31,606 - INFO -   ✗ 跳过重复query：可以泊车吗...
2026-03-10 16:39:31,606 - INFO -   ✗ 跳过重复query：开始泊车...
2026-03-10 16:39:31,606 - INFO -   ✗ 跳过重复query：我要泊车...
2026-03-10 16:39:31,606 - INFO -   基于原始query生成5个变体：把车泊进去...
2026-03-10 16:39:31,606 - INFO - 调用LLM泛化query：把车泊进去
2026-03-10 16:39:31,606 - INFO - LLM泛化成功，生成4个有效变体（过滤后）
2026-03-10 16:39:31,606 - WARNING - 泛化数量不足，使用原query补充
2026-03-10 16:39:31,607 - INFO -   ✗ 跳过重复query：帮我把车泊进去...
2026-03-10 16:39:31,607 - INFO -   ✗ 跳过重复query：把车泊进去吧...
2026-03-10 16:39:31,607 - INFO -   ✗ 跳过重复query：启动把车泊进去...
2026-03-10 16:39:31,607 - INFO -   ✗ 跳过重复query：现在把车泊进去...
2026-03-10 16:39:31,607 - INFO -   ✗ 跳过重复query：把车泊进去...
2026-03-10 16:39:31,607 - INFO -   基于原始query生成5个变体：泊车...
2026-03-10 16:39:31,607 - INFO - 调用LLM泛化query：泊车
2026-03-10 16:39:31,607 - INFO - LLM泛化成功，生成4个有效变体（过滤后）
2026-03-10 16:39:31,607 - WARNING - 泛化数量不足，使用原query补充
2026-03-10 16:39:31,607 - INFO -   ✗ 跳过重复query：帮我泊车...
2026-03-10 16:39:31,607 - INFO -   ✗ 跳过重复query：泊车吧...
2026-03-10 16:39:31,607 - INFO -   ✗ 跳过重复query：启动泊车...
2026-03-10 16:39:31,607 - INFO -   ✗ 跳过重复query：现在泊车...
2026-03-10 16:39:31,607 - INFO -   ✗ 跳过重复query：泊车...
2026-03-10 16:39:31,607 - INFO -   基于原始query生成5个变体：自己泊车吧...
2026-03-10 16:39:31,607 - INFO - 调用LLM泛化query：自己泊车吧
2026-03-10 16:39:31,607 - INFO - LLM泛化成功，生成5个有效变体（过滤后）
2026-03-10 16:39:31,607 - INFO -   ✗ 跳过重复query：自己泊车...
2026-03-10 16:39:31,607 - INFO -   ✗ 跳过重复query：帮我自己泊车...
2026-03-10 16:39:31,607 - INFO -   ✗ 跳过重复query：自己泊车呢...
2026-03-10 16:39:31,607 - INFO -   ✗ 跳过重复query：启动自己泊车...
2026-03-10 16:39:31,607 - INFO -   ✗ 跳过重复query：开启自己泊车...
2026-03-10 16:39:31,607 - INFO -   基于原始query生成5个变体：我要泊车...
2026-03-10 16:39:31,607 - INFO - 调用LLM泛化query：我要泊车
2026-03-10 16:39:31,607 - INFO - LLM泛化成功，生成4个有效变体（过滤后）
2026-03-10 16:39:31,607 - WARNING - 泛化数量不足，使用原query补充
2026-03-10 16:39:31,607 - INFO -   ✗ 跳过重复query：帮我泊车...
2026-03-10 16:39:31,607 - INFO -   ✗ 跳过重复query：泊车吧...
2026-03-10 16:39:31,607 - INFO -   ✗ 跳过重复query：可以泊车吗...
2026-03-10 16:39:31,607 - INFO -   ✗ 跳过重复query：开始泊车...
2026-03-10 16:39:31,607 - INFO -   ✗ 跳过重复query：我要泊车...
2026-03-10 16:39:31,607 - INFO -   基于原始query生成5个变体：把车泊进去...
2026-03-10 16:39:31,607 - INFO - 调用LLM泛化query：把车泊进去
2026-03-10 16:39:31,607 - INFO - LLM泛化成功，生成4个有效变体（过滤后）
2026-03-10 16:39:31,607 - WARNING - 泛化数量不足，使用原query补充
2026-03-10 16:39:31,607 - INFO -   ✗ 跳过重复query：帮我把车泊进去...
2026-03-10 16:39:31,607 - INFO -   ✗ 跳过重复query：把车泊进去吧...
2026-03-10 16:39:31,607 - INFO -   ✗ 跳过重复query：启动把车泊进去...
2026-03-10 16:39:31,607 - INFO -   ✗ 跳过重复query：现在把车泊进去...
2026-03-10 16:39:31,607 - INFO -   ✗ 跳过重复query：把车泊进去...
2026-03-10 16:39:31,608 - INFO -   基于原始query生成5个变体：泊车...
2026-03-10 16:39:31,608 - INFO - 调用LLM泛化query：泊车
2026-03-10 16:39:31,608 - INFO - LLM泛化成功，生成4个有效变体（过滤后）
2026-03-10 16:39:31,608 - WARNING - 泛化数量不足，使用原query补充
2026-03-10 16:39:31,608 - INFO -   ✗ 跳过重复query：帮我泊车...
2026-03-10 16:39:31,608 - INFO -   ✗ 跳过重复query：泊车吧...
2026-03-10 16:39:31,608 - INFO -   ✗ 跳过重复query：启动泊车...
2026-03-10 16:39:31,608 - INFO -   ✗ 跳过重复query：现在泊车...
2026-03-10 16:39:31,608 - INFO -   ✗ 跳过重复query：泊车...
2026-03-10 16:39:31,608 - INFO -   基于原始query生成5个变体：自己泊车吧...
2026-03-10 16:39:31,608 - INFO - 调用LLM泛化query：自己泊车吧
2026-03-10 16:39:31,608 - INFO - LLM泛化成功，生成5个有效变体（过滤后）
2026-03-10 16:39:31,608 - INFO -   ✗ 跳过重复query：自己泊车...
2026-03-10 16:39:31,608 - INFO -   ✗ 跳过重复query：帮我自己泊车...
2026-03-10 16:39:31,608 - INFO -   ✗ 跳过重复query：自己泊车呢...
2026-03-10 16:39:31,608 - INFO -   ✗ 跳过重复query：启动自己泊车...
2026-03-10 16:39:31,608 - INFO -   ✗ 跳过重复query：开启自己泊车...
2026-03-10 16:39:31,608 - INFO -   基于原始query生成5个变体：我要泊车...
2026-03-10 16:39:31,608 - INFO - 调用LLM泛化query：我要泊车
2026-03-10 16:39:31,608 - INFO - LLM泛化成功，生成4个有效变体（过滤后）
2026-03-10 16:39:31,608 - WARNING - 泛化数量不足，使用原query补充
2026-03-10 16:39:31,608 - INFO -   ✗ 跳过重复query：帮我泊车...
2026-03-10 16:39:31,608 - INFO -   ✗ 跳过重复query：泊车吧...
2026-03-10 16:39:31,608 - INFO -   ✗ 跳过重复query：可以泊车吗...
2026-03-10 16:39:31,608 - INFO -   ✗ 跳过重复query：开始泊车...
2026-03-10 16:39:31,608 - INFO -   ✗ 跳过重复query：我要泊车...
2026-03-10 16:39:31,608 - INFO -   基于原始query生成5个变体：把车泊进去...
2026-03-10 16:39:31,608 - INFO - 调用LLM泛化query：把车泊进去
2026-03-10 16:39:31,608 - INFO - LLM泛化成功，生成4个有效变体（过滤后）
2026-03-10 16:39:31,608 - WARNING - 泛化数量不足，使用原query补充
2026-03-10 16:39:31,608 - INFO -   ✗ 跳过重复query：帮我把车泊进去...
2026-03-10 16:39:31,608 - INFO -   ✗ 跳过重复query：把车泊进去吧...
2026-03-10 16:39:31,608 - INFO -   ✗ 跳过重复query：启动把车泊进去...
2026-03-10 16:39:31,608 - INFO -   ✗ 跳过重复query：现在把车泊进去...
2026-03-10 16:39:31,608 - INFO -   ✗ 跳过重复query：把车泊进去...
2026-03-10 16:39:31,608 - INFO -   基于原始query生成5个变体：泊车...
2026-03-10 16:39:31,608 - INFO - 调用LLM泛化query：泊车
2026-03-10 16:39:31,608 - INFO - LLM泛化成功，生成4个有效变体（过滤后）
2026-03-10 16:39:31,608 - WARNING - 泛化数量不足，使用原query补充
2026-03-10 16:39:31,609 - INFO -   ✗ 跳过重复query：帮我泊车...
2026-03-10 16:39:31,609 - INFO -   ✗ 跳过重复query：泊车吧...
2026-03-10 16:39:31,609 - INFO -   ✗ 跳过重复query：启动泊车...
2026-03-10 16:39:31,609 - INFO -   ✗ 跳过重复query：现在泊车...
2026-03-10 16:39:31,609 - INFO -   ✗ 跳过重复query：泊车...
2026-03-10 16:39:31,609 - INFO -   基于原始query生成5个变体：自己泊车吧...
2026-03-10 16:39:31,609 - INFO - 调用LLM泛化query：自己泊车吧
2026-03-10 16:39:31,609 - INFO - LLM泛化成功，生成5个有效变体（过滤后）
2026-03-10 16:39:31,609 - INFO -   ✗ 跳过重复query：自己泊车...
2026-03-10 16:39:31,609 - INFO -   ✗ 跳过重复query：帮我自己泊车...
2026-03-10 16:39:31,609 - INFO -   ✗ 跳过重复query：自己泊车呢...
2026-03-10 16:39:31,609 - INFO -   ✗ 跳过重复query：启动自己泊车...
2026-03-10 16:39:31,609 - INFO -   ✗ 跳过重复query：开启自己泊车...
2026-03-10 16:39:31,609 - INFO -   基于原始query生成5个变体：我要泊车...
2026-03-10 16:39:31,609 - INFO - 调用LLM泛化query：我要泊车
2026-03-10 16:39:31,609 - INFO - LLM泛化成功，生成4个有效变体（过滤后）
2026-03-10 16:39:31,609 - WARNING - 泛化数量不足，使用原query补充
2026-03-10 16:39:31,609 - INFO -   ✗ 跳过重复query：帮我泊车...
2026-03-10 16:39:31,609 - INFO -   ✗ 跳过重复query：泊车吧...
2026-03-10 16:39:31,609 - INFO -   ✗ 跳过重复query：可以泊车吗...
2026-03-10 16:39:31,609 - INFO -   ✗ 跳过重复query：开始泊车...
2026-03-10 16:39:31,609 - INFO -   ✗ 跳过重复query：我要泊车...
2026-03-10 16:39:31,609 - INFO -   基于原始query生成5个变体：把车泊进去...
2026-03-10 16:39:31,609 - INFO - 调用LLM泛化query：把车泊进去
2026-03-10 16:39:31,609 - INFO - LLM泛化成功，生成4个有效变体（过滤后）
2026-03-10 16:39:31,609 - WARNING - 泛化数量不足，使用原query补充
2026-03-10 16:39:31,609 - INFO -   ✗ 跳过重复query：帮我把车泊进去...
2026-03-10 16:39:31,609 - INFO -   ✗ 跳过重复query：把车泊进去吧...
2026-03-10 16:39:31,609 - INFO -   ✗ 跳过重复query：启动把车泊进去...
2026-03-10 16:39:31,609 - INFO -   ✗ 跳过重复query：现在把车泊进去...
2026-03-10 16:39:31,609 - INFO -   ✗ 跳过重复query：把车泊进去...
2026-03-10 16:39:31,609 - INFO -   基于原始query生成5个变体：泊车...
2026-03-10 16:39:31,609 - INFO - 调用LLM泛化query：泊车
2026-03-10 16:39:31,609 - INFO - LLM泛化成功，生成4个有效变体（过滤后）
2026-03-10 16:39:31,609 - WARNING - 泛化数量不足，使用原query补充
2026-03-10 16:39:31,609 - INFO -   ✗ 跳过重复query：帮我泊车...
2026-03-10 16:39:31,609 - INFO -   ✗ 跳过重复query：泊车吧...
2026-03-10 16:39:31,609 - INFO -   ✗ 跳过重复query：启动泊车...
2026-03-10 16:39:31,609 - INFO -   ✗ 跳过重复query：现在泊车...
2026-03-10 16:39:31,610 - INFO -   ✗ 跳过重复query：泊车...
2026-03-10 16:39:31,610 - INFO -   基于原始query生成5个变体：自己泊车吧...
2026-03-10 16:39:31,610 - INFO - 调用LLM泛化query：自己泊车吧
2026-03-10 16:39:31,610 - INFO - LLM泛化成功，生成5个有效变体（过滤后）
2026-03-10 16:39:31,610 - INFO -   ✗ 跳过重复query：自己泊车...
2026-03-10 16:39:31,610 - INFO -   ✗ 跳过重复query：帮我自己泊车...
2026-03-10 16:39:31,610 - INFO -   ✗ 跳过重复query：自己泊车呢...
2026-03-10 16:39:31,610 - INFO -   ✗ 跳过重复query：启动自己泊车...
2026-03-10 16:39:31,610 - INFO -   ✗ 跳过重复query：开启自己泊车...
2026-03-10 16:39:31,610 - INFO -   基于原始query生成5个变体：我要泊车...
2026-03-10 16:39:31,610 - INFO - 调用LLM泛化query：我要泊车
2026-03-10 16:39:31,610 - INFO - LLM泛化成功，生成4个有效变体（过滤后）
2026-03-10 16:39:31,610 - WARNING - 泛化数量不足，使用原query补充
2026-03-10 16:39:31,610 - INFO -   ✗ 跳过重复query：帮我泊车...
2026-03-10 16:39:31,610 - INFO -   ✗ 跳过重复query：泊车吧...
2026-03-10 16:39:31,610 - INFO -   ✗ 跳过重复query：可以泊车吗...
2026-03-10 16:39:31,610 - INFO -   ✗ 跳过重复query：开始泊车...
2026-03-10 16:39:31,610 - INFO -   ✗ 跳过重复query：我要泊车...
2026-03-10 16:39:31,610 - INFO -   基于原始query生成5个变体：把车泊进去...
2026-03-10 16:39:31,610 - INFO - 调用LLM泛化query：把车泊进去
2026-03-10 16:39:31,610 - INFO - LLM泛化成功，生成4个有效变体（过滤后）
2026-03-10 16:39:31,610 - WARNING - 泛化数量不足，使用原query补充
2026-03-10 16:39:31,610 - INFO -   ✗ 跳过重复query：帮我把车泊进去...
2026-03-10 16:39:31,610 - INFO -   ✗ 跳过重复query：把车泊进去吧...
2026-03-10 16:39:31,610 - INFO -   ✗ 跳过重复query：启动把车泊进去...
2026-03-10 16:39:31,610 - INFO -   ✗ 跳过重复query：现在把车泊进去...
2026-03-10 16:39:31,610 - INFO -   ✗ 跳过重复query：把车泊进去...
2026-03-10 16:39:31,610 - INFO -   基于原始query生成5个变体：泊车...
2026-03-10 16:39:31,610 - INFO - 调用LLM泛化query：泊车
2026-03-10 16:39:31,610 - INFO - LLM泛化成功，生成4个有效变体（过滤后）
2026-03-10 16:39:31,610 - WARNING - 泛化数量不足，使用原query补充
2026-03-10 16:39:31,610 - INFO -   ✗ 跳过重复query：帮我泊车...
2026-03-10 16:39:31,610 - INFO -   ✗ 跳过重复query：泊车吧...
2026-03-10 16:39:31,610 - INFO -   ✗ 跳过重复query：启动泊车...
2026-03-10 16:39:31,610 - INFO -   ✗ 跳过重复query：现在泊车...
2026-03-10 16:39:31,610 - INFO -   ✗ 跳过重复query：泊车...
2026-03-10 16:39:31,610 - INFO -   基于原始query生成5个变体：自己泊车吧...
2026-03-10 16:39:31,610 - INFO - 调用LLM泛化query：自己泊车吧
2026-03-10 16:39:31,610 - INFO - LLM泛化成功，生成5个有效变体（过滤后）
2026-03-10 16:39:31,611 - INFO -   ✗ 跳过重复query：自己泊车...
2026-03-10 16:39:31,611 - INFO -   ✗ 跳过重复query：帮我自己泊车...
2026-03-10 16:39:31,611 - INFO -   ✗ 跳过重复query：自己泊车呢...
2026-03-10 16:39:31,611 - INFO -   ✗ 跳过重复query：启动自己泊车...
2026-03-10 16:39:31,611 - INFO -   ✗ 跳过重复query：开启自己泊车...
2026-03-10 16:39:31,611 - INFO -   基于原始query生成5个变体：我要泊车...
2026-03-10 16:39:31,611 - INFO - 调用LLM泛化query：我要泊车
2026-03-10 16:39:31,611 - INFO - LLM泛化成功，生成4个有效变体（过滤后）
2026-03-10 16:39:31,611 - WARNING - 泛化数量不足，使用原query补充
2026-03-10 16:39:31,611 - INFO -   ✗ 跳过重复query：帮我泊车...
2026-03-10 16:39:31,611 - INFO -   ✗ 跳过重复query：泊车吧...
2026-03-10 16:39:31,611 - INFO -   ✗ 跳过重复query：可以泊车吗...
2026-03-10 16:39:31,611 - INFO -   ✗ 跳过重复query：开始泊车...
2026-03-10 16:39:31,611 - INFO -   ✗ 跳过重复query：我要泊车...
2026-03-10 16:39:31,611 - INFO -   基于原始query生成5个变体：把车泊进去...
2026-03-10 16:39:31,611 - INFO - 调用LLM泛化query：把车泊进去
2026-03-10 16:39:31,611 - INFO - LLM泛化成功，生成4个有效变体（过滤后）
2026-03-10 16:39:31,611 - WARNING - 泛化数量不足，使用原query补充
2026-03-10 16:39:31,611 - INFO -   ✗ 跳过重复query：帮我把车泊进去...
2026-03-10 16:39:31,611 - INFO -   ✗ 跳过重复query：把车泊进去吧...
2026-03-10 16:39:31,611 - INFO -   ✗ 跳过重复query：启动把车泊进去...
2026-03-10 16:39:31,611 - INFO -   ✗ 跳过重复query：现在把车泊进去...
2026-03-10 16:39:31,611 - INFO -   ✗ 跳过重复query：把车泊进去...
2026-03-10 16:39:31,611 - INFO -   基于原始query生成5个变体：泊车...
2026-03-10 16:39:31,611 - INFO - 调用LLM泛化query：泊车
2026-03-10 16:39:31,611 - INFO - LLM泛化成功，生成4个有效变体（过滤后）
2026-03-10 16:39:31,611 - WARNING - 泛化数量不足，使用原query补充
2026-03-10 16:39:31,611 - INFO -   ✗ 跳过重复query：帮我泊车...
2026-03-10 16:39:31,611 - INFO -   ✗ 跳过重复query：泊车吧...
2026-03-10 16:39:31,611 - INFO -   ✗ 跳过重复query：启动泊车...
2026-03-10 16:39:31,611 - INFO -   ✗ 跳过重复query：现在泊车...
2026-03-10 16:39:31,611 - INFO -   ✗ 跳过重复query：泊车...
2026-03-10 16:39:31,611 - INFO -   基于原始query生成5个变体：自己泊车吧...
2026-03-10 16:39:31,611 - INFO - 调用LLM泛化query：自己泊车吧
2026-03-10 16:39:31,611 - INFO - LLM泛化成功，生成5个有效变体（过滤后）
2026-03-10 16:39:31,611 - INFO -   ✗ 跳过重复query：自己泊车...
2026-03-10 16:39:31,611 - INFO -   ✗ 跳过重复query：帮我自己泊车...
2026-03-10 16:39:31,611 - INFO -   ✗ 跳过重复query：自己泊车呢...
2026-03-10 16:39:31,611 - INFO -   ✗ 跳过重复query：启动自己泊车...
2026-03-10 16:39:31,611 - INFO -   ✗ 跳过重复query：开启自己泊车...
2026-03-10 16:39:31,611 - INFO -   基于原始query生成5个变体：我要泊车...
2026-03-10 16:39:31,612 - INFO - 调用LLM泛化query：我要泊车
2026-03-10 16:39:31,612 - INFO - LLM泛化成功，生成4个有效变体（过滤后）
2026-03-10 16:39:31,612 - WARNING - 泛化数量不足，使用原query补充
2026-03-10 16:39:31,612 - INFO -   ✗ 跳过重复query：帮我泊车...
2026-03-10 16:39:31,612 - INFO -   ✗ 跳过重复query：泊车吧...
2026-03-10 16:39:31,612 - INFO -   ✗ 跳过重复query：可以泊车吗...
2026-03-10 16:39:31,612 - INFO -   ✗ 跳过重复query：开始泊车...
2026-03-10 16:39:31,612 - INFO -   ✗ 跳过重复query：我要泊车...
2026-03-10 16:39:31,612 - INFO -   基于原始query生成5个变体：把车泊进去...
2026-03-10 16:39:31,612 - INFO - 调用LLM泛化query：把车泊进去
2026-03-10 16:39:31,612 - INFO - LLM泛化成功，生成4个有效变体（过滤后）
2026-03-10 16:39:31,612 - WARNING - 泛化数量不足，使用原query补充
2026-03-10 16:39:31,612 - INFO -   ✗ 跳过重复query：帮我把车泊进去...
2026-03-10 16:39:31,612 - INFO -   ✗ 跳过重复query：把车泊进去吧...
2026-03-10 16:39:31,612 - INFO -   ✗ 跳过重复query：启动把车泊进去...
2026-03-10 16:39:31,612 - INFO -   ✗ 跳过重复query：现在把车泊进去...
2026-03-10 16:39:31,612 - INFO -   ✗ 跳过重复query：把车泊进去...
2026-03-10 16:39:31,612 - INFO -   基于原始query生成5个变体：泊车...
2026-03-10 16:39:31,612 - INFO - 调用LLM泛化query：泊车
2026-03-10 16:39:31,612 - INFO - LLM泛化成功，生成4个有效变体（过滤后）
2026-03-10 16:39:31,612 - WARNING - 泛化数量不足，使用原query补充
2026-03-10 16:39:31,612 - INFO -   ✗ 跳过重复query：帮我泊车...
2026-03-10 16:39:31,612 - INFO -   ✗ 跳过重复query：泊车吧...
2026-03-10 16:39:31,612 - INFO -   ✗ 跳过重复query：启动泊车...
2026-03-10 16:39:31,612 - INFO -   ✗ 跳过重复query：现在泊车...
2026-03-10 16:39:31,612 - INFO -   ✗ 跳过重复query：泊车...
2026-03-10 16:39:31,612 - INFO -   基于原始query生成5个变体：自己泊车吧...
2026-03-10 16:39:31,612 - INFO - 调用LLM泛化query：自己泊车吧
2026-03-10 16:39:31,612 - INFO - LLM泛化成功，生成5个有效变体（过滤后）
2026-03-10 16:39:31,612 - INFO -   ✗ 跳过重复query：自己泊车...
2026-03-10 16:39:31,612 - INFO -   ✗ 跳过重复query：帮我自己泊车...
2026-03-10 16:39:31,612 - INFO -   ✗ 跳过重复query：自己泊车呢...
2026-03-10 16:39:31,612 - INFO -   ✗ 跳过重复query：启动自己泊车...
2026-03-10 16:39:31,612 - INFO -   ✗ 跳过重复query：开启自己泊车...
2026-03-10 16:39:31,612 - INFO -   基于原始query生成5个变体：我要泊车...
2026-03-10 16:39:31,612 - INFO - 调用LLM泛化query：我要泊车
2026-03-10 16:39:31,612 - INFO - LLM泛化成功，生成4个有效变体（过滤后）
2026-03-10 16:39:31,612 - WARNING - 泛化数量不足，使用原query补充
2026-03-10 16:39:31,612 - INFO -   ✗ 跳过重复query：帮我泊车...
2026-03-10 16:39:31,612 - INFO -   ✗ 跳过重复query：泊车吧...
2026-03-10 16:39:31,612 - INFO -   ✗ 跳过重复query：可以泊车吗...
2026-03-10 16:39:31,612 - INFO -   ✗ 跳过重复query：开始泊车...
2026-03-10 16:39:31,613 - INFO -   ✗ 跳过重复query：我要泊车...
2026-03-10 16:39:31,613 - INFO -   基于原始query生成5个变体：把车泊进去...
2026-03-10 16:39:31,613 - INFO - 调用LLM泛化query：把车泊进去
2026-03-10 16:39:31,613 - INFO - LLM泛化成功，生成4个有效变体（过滤后）
2026-03-10 16:39:31,613 - WARNING - 泛化数量不足，使用原query补充
2026-03-10 16:39:31,613 - INFO -   ✗ 跳过重复query：帮我把车泊进去...
2026-03-10 16:39:31,613 - INFO -   ✗ 跳过重复query：把车泊进去吧...
2026-03-10 16:39:31,613 - INFO -   ✗ 跳过重复query：启动把车泊进去...
2026-03-10 16:39:31,613 - INFO -   ✗ 跳过重复query：现在把车泊进去...
2026-03-10 16:39:31,613 - INFO -   ✗ 跳过重复query：把车泊进去...
2026-03-10 16:39:31,613 - INFO -   基于原始query生成5个变体：泊车...
2026-03-10 16:39:31,613 - INFO - 调用LLM泛化query：泊车
2026-03-10 16:39:31,613 - INFO - LLM泛化成功，生成4个有效变体（过滤后）
2026-03-10 16:39:31,613 - WARNING - 泛化数量不足，使用原query补充
2026-03-10 16:39:31,613 - INFO -   ✗ 跳过重复query：帮我泊车...
2026-03-10 16:39:31,613 - INFO -   ✗ 跳过重复query：泊车吧...
2026-03-10 16:39:31,613 - INFO -   ✗ 跳过重复query：启动泊车...
2026-03-10 16:39:31,613 - INFO -   ✗ 跳过重复query：现在泊车...
2026-03-10 16:39:31,613 - INFO -   ✗ 跳过重复query：泊车...
2026-03-10 16:39:31,613 - INFO -   基于原始query生成5个变体：自己泊车吧...
2026-03-10 16:39:31,613 - INFO - 调用LLM泛化query：自己泊车吧
2026-03-10 16:39:31,613 - INFO - LLM泛化成功，生成5个有效变体（过滤后）
2026-03-10 16:39:31,613 - INFO -   ✗ 跳过重复query：自己泊车...
2026-03-10 16:39:31,613 - INFO -   ✗ 跳过重复query：帮我自己泊车...
2026-03-10 16:39:31,613 - INFO -   ✗ 跳过重复query：自己泊车呢...
2026-03-10 16:39:31,613 - INFO -   ✗ 跳过重复query：启动自己泊车...
2026-03-10 16:39:31,613 - INFO -   ✗ 跳过重复query：开启自己泊车...
2026-03-10 16:39:31,613 - INFO -   基于原始query生成5个变体：我要泊车...
2026-03-10 16:39:31,613 - INFO - 调用LLM泛化query：我要泊车
2026-03-10 16:39:31,613 - INFO - LLM泛化成功，生成4个有效变体（过滤后）
2026-03-10 16:39:31,613 - WARNING - 泛化数量不足，使用原query补充
2026-03-10 16:39:31,613 - INFO -   ✗ 跳过重复query：帮我泊车...
2026-03-10 16:39:31,613 - INFO -   ✗ 跳过重复query：泊车吧...
2026-03-10 16:39:31,613 - INFO -   ✗ 跳过重复query：可以泊车吗...
2026-03-10 16:39:31,613 - INFO -   ✗ 跳过重复query：开始泊车...
2026-03-10 16:39:31,613 - INFO -   ✗ 跳过重复query：我要泊车...
2026-03-10 16:39:31,613 - INFO -   基于原始query生成5个变体：把车泊进去...
2026-03-10 16:39:31,613 - INFO - 调用LLM泛化query：把车泊进去
2026-03-10 16:39:31,613 - INFO - LLM泛化成功，生成4个有效变体（过滤后）
2026-03-10 16:39:31,613 - WARNING - 泛化数量不足，使用原query补充
2026-03-10 16:39:31,613 - INFO -   ✗ 跳过重复query：帮我把车泊进去...
2026-03-10 16:39:31,613 - INFO -   ✗ 跳过重复query：把车泊进去吧...
2026-03-10 16:39:31,614 - INFO -   ✗ 跳过重复query：启动把车泊进去...
2026-03-10 16:39:31,614 - INFO -   ✗ 跳过重复query：现在把车泊进去...
2026-03-10 16:39:31,614 - INFO -   ✗ 跳过重复query：把车泊进去...
2026-03-10 16:39:31,614 - INFO -   基于原始query生成5个变体：泊车...
2026-03-10 16:39:31,614 - INFO - 调用LLM泛化query：泊车
2026-03-10 16:39:31,614 - INFO - LLM泛化成功，生成4个有效变体（过滤后）
2026-03-10 16:39:31,614 - WARNING - 泛化数量不足，使用原query补充
2026-03-10 16:39:31,614 - INFO -   ✗ 跳过重复query：帮我泊车...
2026-03-10 16:39:31,614 - INFO -   ✗ 跳过重复query：泊车吧...
2026-03-10 16:39:31,614 - INFO -   ✗ 跳过重复query：启动泊车...
2026-03-10 16:39:31,614 - INFO -   ✗ 跳过重复query：现在泊车...
2026-03-10 16:39:31,614 - INFO -   ✗ 跳过重复query：泊车...
2026-03-10 16:39:31,614 - INFO -   基于原始query生成5个变体：自己泊车吧...
2026-03-10 16:39:31,614 - INFO - 调用LLM泛化query：自己泊车吧
2026-03-10 16:39:31,614 - INFO - LLM泛化成功，生成5个有效变体（过滤后）
2026-03-10 16:39:31,614 - INFO -   ✗ 跳过重复query：自己泊车...
2026-03-10 16:39:31,614 - INFO -   ✗ 跳过重复query：帮我自己泊车...
2026-03-10 16:39:31,614 - INFO -   ✗ 跳过重复query：自己泊车呢...
2026-03-10 16:39:31,614 - INFO -   ✗ 跳过重复query：启动自己泊车...
2026-03-10 16:39:31,614 - INFO -   ✗ 跳过重复query：开启自己泊车...
2026-03-10 16:39:31,614 - INFO -   基于原始query生成5个变体：我要泊车...
2026-03-10 16:39:31,614 - INFO - 调用LLM泛化query：我要泊车
2026-03-10 16:39:31,614 - INFO - LLM泛化成功，生成4个有效变体（过滤后）
2026-03-10 16:39:31,614 - WARNING - 泛化数量不足，使用原query补充
2026-03-10 16:39:31,614 - INFO -   ✗ 跳过重复query：帮我泊车...
2026-03-10 16:39:31,614 - INFO -   ✗ 跳过重复query：泊车吧...
2026-03-10 16:39:31,614 - INFO -   ✗ 跳过重复query：可以泊车吗...
2026-03-10 16:39:31,614 - INFO -   ✗ 跳过重复query：开始泊车...
2026-03-10 16:39:31,614 - INFO -   ✗ 跳过重复query：我要泊车...
2026-03-10 16:39:31,614 - INFO -   基于原始query生成5个变体：把车泊进去...
2026-03-10 16:39:31,614 - INFO - 调用LLM泛化query：把车泊进去
2026-03-10 16:39:31,614 - INFO - LLM泛化成功，生成4个有效变体（过滤后）
2026-03-10 16:39:31,614 - WARNING - 泛化数量不足，使用原query补充
2026-03-10 16:39:31,614 - INFO -   ✗ 跳过重复query：帮我把车泊进去...
2026-03-10 16:39:31,614 - INFO -   ✗ 跳过重复query：把车泊进去吧...
2026-03-10 16:39:31,614 - INFO -   ✗ 跳过重复query：启动把车泊进去...
2026-03-10 16:39:31,614 - INFO -   ✗ 跳过重复query：现在把车泊进去...
2026-03-10 16:39:31,614 - INFO -   ✗ 跳过重复query：把车泊进去...
2026-03-10 16:39:31,614 - INFO -   基于原始query生成5个变体：泊车...
2026-03-10 16:39:31,614 - INFO - 调用LLM泛化query：泊车
2026-03-10 16:39:31,614 - INFO - LLM泛化成功，生成4个有效变体（过滤后）
2026-03-10 16:39:31,615 - WARNING - 泛化数量不足，使用原query补充
2026-03-10 16:39:31,615 - INFO -   ✗ 跳过重复query：帮我泊车...
2026-03-10 16:39:31,615 - INFO -   ✗ 跳过重复query：泊车吧...
2026-03-10 16:39:31,615 - INFO -   ✗ 跳过重复query：启动泊车...
2026-03-10 16:39:31,615 - INFO -   ✗ 跳过重复query：现在泊车...
2026-03-10 16:39:31,615 - INFO -   ✗ 跳过重复query：泊车...
2026-03-10 16:39:31,615 - INFO -   基于原始query生成5个变体：自己泊车吧...
2026-03-10 16:39:31,615 - INFO - 调用LLM泛化query：自己泊车吧
2026-03-10 16:39:31,615 - INFO - LLM泛化成功，生成5个有效变体（过滤后）
2026-03-10 16:39:31,615 - INFO -   ✗ 跳过重复query：自己泊车...
2026-03-10 16:39:31,615 - INFO -   ✗ 跳过重复query：帮我自己泊车...
2026-03-10 16:39:31,615 - INFO -   ✗ 跳过重复query：自己泊车呢...
2026-03-10 16:39:31,615 - INFO -   ✗ 跳过重复query：启动自己泊车...
2026-03-10 16:39:31,615 - INFO -   ✗ 跳过重复query：开启自己泊车...
2026-03-10 16:39:31,615 - INFO -   基于原始query生成5个变体：我要泊车...
2026-03-10 16:39:31,615 - INFO - 调用LLM泛化query：我要泊车
2026-03-10 16:39:31,615 - INFO - LLM泛化成功，生成4个有效变体（过滤后）
2026-03-10 16:39:31,615 - WARNING - 泛化数量不足，使用原query补充
2026-03-10 16:39:31,615 - INFO -   ✗ 跳过重复query：帮我泊车...
2026-03-10 16:39:31,615 - INFO -   ✗ 跳过重复query：泊车吧...
2026-03-10 16:39:31,615 - INFO -   ✗ 跳过重复query：可以泊车吗...
2026-03-10 16:39:31,615 - INFO -   ✗ 跳过重复query：开始泊车...
2026-03-10 16:39:31,615 - INFO -   ✗ 跳过重复query：我要泊车...
2026-03-10 16:39:31,615 - INFO -   基于原始query生成5个变体：把车泊进去...
2026-03-10 16:39:31,615 - INFO - 调用LLM泛化query：把车泊进去
2026-03-10 16:39:31,615 - INFO - LLM泛化成功，生成4个有效变体（过滤后）
2026-03-10 16:39:31,615 - WARNING - 泛化数量不足，使用原query补充
2026-03-10 16:39:31,615 - INFO -   ✗ 跳过重复query：帮我把车泊进去...
2026-03-10 16:39:31,615 - INFO -   ✗ 跳过重复query：把车泊进去吧...
2026-03-10 16:39:31,615 - INFO -   ✗ 跳过重复query：启动把车泊进去...
2026-03-10 16:39:31,615 - INFO -   ✗ 跳过重复query：现在把车泊进去...
2026-03-10 16:39:31,615 - INFO -   ✗ 跳过重复query：把车泊进去...
2026-03-10 16:39:31,615 - INFO -   基于原始query生成5个变体：泊车...
2026-03-10 16:39:31,615 - INFO - 调用LLM泛化query：泊车
2026-03-10 16:39:31,615 - INFO - LLM泛化成功，生成4个有效变体（过滤后）
2026-03-10 16:39:31,615 - WARNING - 泛化数量不足，使用原query补充
2026-03-10 16:39:31,615 - INFO -   ✗ 跳过重复query：帮我泊车...
2026-03-10 16:39:31,615 - INFO -   ✗ 跳过重复query：泊车吧...
2026-03-10 16:39:31,615 - INFO -   ✗ 跳过重复query：启动泊车...
2026-03-10 16:39:31,615 - INFO -   ✗ 跳过重复query：现在泊车...
2026-03-10 16:39:31,616 - INFO -   ✗ 跳过重复query：泊车...
2026-03-10 16:39:31,616 - INFO -   基于原始query生成5个变体：自己泊车吧...
2026-03-10 16:39:31,616 - INFO - 调用LLM泛化query：自己泊车吧
2026-03-10 16:39:31,616 - INFO - LLM泛化成功，生成5个有效变体（过滤后）
2026-03-10 16:39:31,616 - INFO -   ✗ 跳过重复query：自己泊车...
2026-03-10 16:39:31,616 - INFO -   ✗ 跳过重复query：帮我自己泊车...
2026-03-10 16:39:31,616 - INFO -   ✗ 跳过重复query：自己泊车呢...
2026-03-10 16:39:31,616 - INFO -   ✗ 跳过重复query：启动自己泊车...
2026-03-10 16:39:31,616 - INFO -   ✗ 跳过重复query：开启自己泊车...
2026-03-10 16:39:31,616 - INFO -   基于原始query生成5个变体：我要泊车...
2026-03-10 16:39:31,616 - INFO - 调用LLM泛化query：我要泊车
2026-03-10 16:39:31,616 - INFO - LLM泛化成功，生成4个有效变体（过滤后）
2026-03-10 16:39:31,616 - WARNING - 泛化数量不足，使用原query补充
2026-03-10 16:39:31,616 - INFO -   ✗ 跳过重复query：帮我泊车...
2026-03-10 16:39:31,616 - INFO -   ✗ 跳过重复query：泊车吧...
2026-03-10 16:39:31,616 - INFO -   ✗ 跳过重复query：可以泊车吗...
2026-03-10 16:39:31,616 - INFO -   ✗ 跳过重复query：开始泊车...
2026-03-10 16:39:31,616 - INFO -   ✗ 跳过重复query：我要泊车...
2026-03-10 16:39:31,616 - INFO -   基于原始query生成5个变体：把车泊进去...
2026-03-10 16:39:31,616 - INFO - 调用LLM泛化query：把车泊进去
2026-03-10 16:39:31,616 - INFO - LLM泛化成功，生成4个有效变体（过滤后）
2026-03-10 16:39:31,616 - WARNING - 泛化数量不足，使用原query补充
2026-03-10 16:39:31,616 - INFO -   ✗ 跳过重复query：帮我把车泊进去...
2026-03-10 16:39:31,616 - INFO -   ✗ 跳过重复query：把车泊进去吧...
2026-03-10 16:39:31,616 - INFO -   ✗ 跳过重复query：启动把车泊进去...
2026-03-10 16:39:31,616 - INFO -   ✗ 跳过重复query：现在把车泊进去...
2026-03-10 16:39:31,616 - INFO -   ✗ 跳过重复query：把车泊进去...
2026-03-10 16:39:31,616 - WARNING - ID组 2 当前仅生成15/20个，启动兜底策略...
2026-03-10 16:39:31,616 - INFO -   提高LLM temperature至0.8，增加变体多样性
2026-03-10 16:39:31,616 - INFO -   兜底策略：第1次尝试，生成15个变体
2026-03-10 16:39:31,616 - INFO - 调用LLM泛化query：泊车
2026-03-10 16:39:34,241 - INFO - LLM泛化成功，生成14个有效变体（过滤后）
2026-03-10 16:39:34,241 - WARNING - 泛化数量不足，使用原query补充
2026-03-10 16:39:34,242 - INFO -   ✓ [兜底] 已生成 16/20：开启泊车...
2026-03-10 16:39:34,242 - INFO -   ✓ [兜底] 已生成 17/20：麻烦泊车...
2026-03-10 16:39:34,242 - INFO -   ✓ [兜底] 已生成 18/20：泊车一下...
2026-03-10 16:39:34,242 - INFO -   ✓ [兜底] 已生成 19/20：泊车呢...
2026-03-10 16:39:34,242 - INFO -   ✓ [兜底] 已生成 20/20：请泊车...
2026-03-10 16:39:34,242 - INFO - ID组 2 通过兜底策略成功达到目标：20个
2026-03-10 16:39:34,242 - INFO - ID组 2 完成：基于4个原始query，新生成20个泛化query
2026-03-10 16:39:34,243 - INFO - 数据泛化完成：从199行原始数据中提取7个query，基于2个ID组，共生成40个新query（仅泛化数据）
2026-03-10 16:39:34,243 - INFO - 正在连接目标文档：https://li.feishu.cn/sheets/KLEusATRlh1BuktstdUcZHwun8b?sheet=fOfmbL
2026-03-10 16:39:34,380 - INFO - 成功加载目标飞书表格
2026-03-10 16:39:34,381 - INFO - 开始写入目标文档...
2026-03-10 16:39:39,024 - INFO - 
=== 执行完成 ===
2026-03-10 16:39:39,025 - INFO - 总耗时：53.51s ≈ 0.9min
2026-03-10 16:39:39,025 - INFO - 原始数据：199行，包含7个query，2个ID组
2026-03-10 16:39:39,025 - INFO - 泛化后：生成40条新query（泛化比例 1:20，仅输出泛化数据）
