2026-03-23 15:49:37,882 - INFO - === IM_vehicle_control API对比工具启动 ===
2026-03-23 15:49:42,023 - WARNING - 单行JSON解析失败（原始字符串：{"name":"vla_control","arguments":{"action":"park","position":"靠右}}...）: Unterminated string starting at: line 1 column 63 (char 62)
2026-03-23 15:49:42,023 - ERROR - CaseID: 32
函数数量不匹配：预期0个，规划1个
2026-03-23 15:49:42,029 - WARNING - 单行JSON解析失败（原始字符串：{"name":"vla_control","arguments":{"action":"pause_park","position":"中","point_desc":{"parking_space...）: Extra data: line 1 column 110 (char 109)
2026-03-23 15:49:42,029 - ERROR - CaseID: 91
函数数量不匹配：预期0个，规划1个
2026-03-23 15:49:42,036 - WARNING - 单行JSON解析失败（原始字符串：{"name":"vla_control","arguments":{"action":"cancel_navigate","direction":"OUT","point_desc":{"parki...）: Expecting ',' delimiter: line 1 column 117 (char 116)
2026-03-23 15:49:42,036 - ERROR - CaseID: 178
函数数量不匹配：预期0个，规划1个
2026-03-23 15:49:42,037 - WARNING - 单行JSON解析失败（原始字符串：{"name":"vla_control","arguments":{"action":"cancel_navigate","direction":"OUT","point_desc":{"parki...）: Expecting ',' delimiter: line 1 column 117 (char 116)
2026-03-23 15:49:42,037 - ERROR - CaseID: 179
函数数量不匹配：预期0个，规划1个
2026-03-23 15:49:42,037 - WARNING - 单行JSON解析失败（原始字符串：{"name":"vla_control","arguments":{"action":"cancel_navigate","direction":"OUT","point_desc":{"parki...）: Expecting ',' delimiter: line 1 column 117 (char 116)
2026-03-23 15:49:42,037 - ERROR - CaseID: 180
函数数量不匹配：预期0个，规划1个
2026-03-23 15:49:42,037 - WARNING - 单行JSON解析失败（原始字符串：{"name":"vla_control","arguments":{"action":"cancel_park_out","point_desc":{"parking_space":"车位"}}...）: Expecting ',' delimiter: line 1 column 99 (char 98)
2026-03-23 15:49:42,037 - ERROR - CaseID: 182
函数数量不匹配：预期0个，规划1个
2026-03-23 15:49:42,037 - WARNING - 单行JSON解析失败（原始字符串：{"name":"vla_control","arguments":{"action":"cancel_park_out","point_desc":{"parking_space":"车位"}}...）: Expecting ',' delimiter: line 1 column 99 (char 98)
2026-03-23 15:49:42,037 - ERROR - CaseID: 183
函数数量不匹配：预期0个，规划1个
2026-03-23 15:49:42,037 - WARNING - 单行JSON解析失败（原始字符串：{"name":"vla_control","arguments":{"action":"cancel_park_out","point_desc":{"parking_space":"车位"}}...）: Expecting ',' delimiter: line 1 column 99 (char 98)
2026-03-23 15:49:42,037 - ERROR - CaseID: 184
函数数量不匹配：预期0个，规划1个
2026-03-23 15:49:42,039 - ERROR - CaseID: 206
规划列缺少以下函数：
  名称: vla_control, 参数: {"action": "cancel_navigate", "direction": "OUT", "position": "\u5de6\u524d"}
规划列多出以下函数：
  名称: vla_control, 参数: {"action": "cancel_navigate", "direction": "OUT", "point_desc": {"parking_space": "\u8f66\u4f4d"}, "position": "\u5de6\u524d"}
2026-03-23 15:49:42,041 - ERROR - CaseID: 233
规划列缺少以下函数：
  名称: vla_control, 参数: {"action": "cancel_straight_calling"}
规划列多出以下函数：
  名称: vla_control, 参数: {"action": "pause_straight_calling"}
2026-03-23 15:49:42,042 - ERROR - CaseID: 249
函数数量不匹配：预期0个，规划1个
2026-03-23 15:49:42,042 - ERROR - CaseID: 250
函数数量不匹配：预期0个，规划1个
2026-03-23 15:49:42,042 - ERROR - CaseID: 251
函数数量不匹配：预期0个，规划1个
2026-03-23 15:49:42,042 - ERROR - CaseID: 252
函数数量不匹配：预期0个，规划1个
2026-03-23 15:49:42,042 - ERROR - CaseID: 253
函数数量不匹配：预期0个，规划1个
2026-03-23 15:49:42,042 - ERROR - CaseID: 254
函数数量不匹配：预期0个，规划1个
2026-03-23 15:49:42,042 - ERROR - CaseID: 256
规划列缺少以下函数：
  名称: vla_control, 参数: {"action": "park", "point_desc": {"position": "\u8f66\u4f4d", "subject": "\u67f1\u5b50"}, "position": "\u524d"}
规划列多出以下函数：
  名称: vla_control, 参数: {"action": "park", "point_desc": {"parking_space": "\u8f66\u4f4d", "subject": "\u67f1\u5b50"}, "position": "\u524d"}
2026-03-23 15:49:42,042 - ERROR - CaseID: 257
规划列缺少以下函数：
  名称: vla_control, 参数: {"action": "navigate", "point_desc": {"subject": "\u5927\u67f1\u5b50"}}
规划列多出以下函数：
  名称: vla_control, 参数: {"action": "navigate", "point_desc": {"subject": "\u67f1\u5b50"}}
2026-03-23 15:49:42,042 - ERROR - CaseID: 258
函数数量不匹配：预期1个，规划0个
规划列无有效函数
2026-03-23 15:49:42,043 - WARNING - 单行JSON解析失败（原始字符串：{"name":"vla_control","arguments":{"action":"park","point_desc":{"parking_space":"车位","subject":"墙",...）: Extra data: line 1 column 134 (char 133)
2026-03-23 15:49:42,043 - ERROR - CaseID: 262
函数数量不匹配：预期0个，规划1个
2026-03-23 15:49:42,043 - ERROR - CaseID: 268
规划列缺少以下函数：
  名称: vla_control, 参数: {"action": "park", "point_desc": {"position": "\u65c1\u8fb9", "subject": "\u6211\u4eec"}}
规划列多出以下函数：
  名称: vla_control, 参数: {"action": "park", "point_desc": {"position": "\u65c1\u8fb9", "subject": "\u6211"}}
2026-03-23 15:49:42,043 - ERROR - CaseID: 271
规划列缺少以下函数：
  名称: vla_control, 参数: {"action": "park_in", "point_desc": {"position": "\u53f3\u8fb9", "subject": "\u6211"}}
规划列多出以下函数：
  名称: vla_control, 参数: {"action": "park_in", "point_desc": {"position": "\u53f3", "subject": "\u6211"}}
2026-03-23 15:49:42,044 - ERROR - CaseID: 278
规划列缺少以下函数：
  名称: vla_control, 参数: {"action": "park_in", "position": "\u53f3"}
规划列多出以下函数：
  名称: vla_control, 参数: {"action": "park_in", "position": "\u53f3\u524d"}
2026-03-23 15:49:42,048 - ERROR - CaseID: 353
函数数量不匹配：预期1个，规划0个
规划列无有效函数
2026-03-23 15:49:42,049 - ERROR - CaseID: 372
规划列缺少以下函数：
  名称: vla_control, 参数: {"action": "park", "point_desc": {"parking_space": "\u8f66\u4f4d"}, "position": "\u53f3\u524d"}
规划列多出以下函数：
  名称: vla_control, 参数: {"action": "park", "position": "\u53f3\u524d"}
2026-03-23 15:49:42,049 - ERROR - CaseID: 387
规划列缺少以下函数：
  名称: vla_control, 参数: {"action": "park_in", "point_desc": {"parking_space": "\u4f4d\u5b50"}, "position": "\u53f3"}
规划列多出以下函数：
  名称: vla_control, 参数: {"action": "park_in", "position": "\u53f3"}
2026-03-23 15:49:42,052 - ERROR - CaseID: 441
规划列缺少以下函数：
  名称: vla_control, 参数: {"action": "park", "point_desc": {"parking_space": "\u8f66\u4f4d"}}
规划列多出以下函数：
  名称: vla_control, 参数: {"action": "park", "point_desc": {"parking_space": "\u7a7a\u8f66\u4f4d"}}
2026-03-23 15:49:42,052 - ERROR - CaseID: 442
规划列缺少以下函数：
  名称: vla_control, 参数: {"action": "park", "point_desc": {"parking_space": "\u8f66\u4f4d"}}
规划列多出以下函数：
  名称: vla_control, 参数: {"action": "park", "point_desc": {"parking_space": "\u5145\u7535\u8f66\u4f4d"}}
2026-03-23 15:49:42,053 - ERROR - CaseID: 443
规划列缺少以下函数：
  名称: vla_control, 参数: {"action": "park", "point_desc": {"parking_space": "\u8f66\u4f4d"}}
规划列多出以下函数：
  名称: vla_control, 参数: {"action": "park", "point_desc": {"parking_space": "\u65e0\u969c\u788d\u8f66\u4f4d"}}
2026-03-23 15:49:42,055 - ERROR - CaseID: 497
规划列缺少以下函数：
  名称: vla_control, 参数: {"action": "park_in"}
规划列多出以下函数：
  名称: device_control, 参数: {"action": "turnon", "entity": "PARKINGASSIST"}
2026-03-23 15:49:43,029 - ERROR - CaseID: 505
规划列缺少以下函数：
  名称: vla_control, 参数: {"action": "park_in"}
规划列多出以下函数：
  名称: device_control, 参数: {"action": "unsupport"}
2026-03-23 15:49:43,029 - ERROR - CaseID: 515
规划列缺少以下函数：
  名称: vla_control, 参数: {"action": "park_in"}
规划列多出以下函数：
  名称: vla_control, 参数: {"action": "navigate", "point_desc": {"parking_space": "\u8f66\u4f4d"}}
2026-03-23 15:49:43,029 - ERROR - CaseID: 519
规划列缺少以下函数：
  名称: vla_control, 参数: {"action": "park_in"}
规划列多出以下函数：
  名称: vla_control, 参数: {"action": "navigate", "point_desc": {"parking_space": "\u8f66\u4f4d"}}
2026-03-23 15:49:43,030 - ERROR - CaseID: 521
规划列缺少以下函数：
  名称: vla_control, 参数: {"action": "park_in"}
规划列多出以下函数：
  名称: device_control, 参数: {"action": "unsupport"}
2026-03-23 15:49:43,030 - ERROR - CaseID: 522
规划列缺少以下函数：
  名称: vla_control, 参数: {"action": "park_in"}
规划列多出以下函数：
  名称: vla_control, 参数: {"action": "navigate", "point_desc": {"parking_space": "\u8f66\u4f4d"}}
2026-03-23 15:49:43,030 - ERROR - CaseID: 525
规划列缺少以下函数：
  名称: vla_control, 参数: {"action": "park_in"}
规划列多出以下函数：
  名称: device_control, 参数: {"action": "turnon", "entity": "WARNING_LAMP_WHISTLE"}
2026-03-23 15:49:43,030 - ERROR - CaseID: 526
规划列缺少以下函数：
  名称: vla_control, 参数: {"action": "park_in"}
规划列多出以下函数：
  名称: device_control, 参数: {"action": "turnon", "entity": "WARNING_LAMP_WHISTLE"}
2026-03-23 15:49:43,030 - ERROR - CaseID: 529
规划列缺少以下函数：
  名称: vla_control, 参数: {"action": "park_in"}
规划列多出以下函数：
  名称: device_control, 参数: {"action": "unsupport"}
2026-03-23 15:49:43,030 - ERROR - CaseID: 530
规划列缺少以下函数：
  名称: vla_control, 参数: {"action": "park_in"}
规划列多出以下函数：
  名称: device_control, 参数: {"action": "unsupport"}
2026-03-23 15:49:43,030 - ERROR - CaseID: 531
规划列缺少以下函数：
  名称: vla_control, 参数: {"action": "park_in"}
规划列多出以下函数：
  名称: vla_control, 参数: {"action": "navigate", "point_desc": {"parking_space": "\u8f66\u4f4d"}}
2026-03-23 15:49:43,030 - ERROR - CaseID: 532
规划列缺少以下函数：
  名称: vla_control, 参数: {"action": "park_in"}
规划列多出以下函数：
  名称: vla_control, 参数: {"action": "navigate", "point_desc": {"parking_space": "\u8f66\u4f4d"}}
2026-03-23 15:49:43,031 - WARNING - 单行JSON解析失败（原始字符串：{"name":"vla_control","arguments":{"action":"park","point_desc":{"parking_space":"车位"}}}}...）: Extra data: line 1 column 89 (char 88)
2026-03-23 15:49:43,031 - ERROR - CaseID: 534
函数数量不匹配：预期0个，规划1个
2026-03-23 15:49:43,031 - WARNING - 单行JSON解析失败（原始字符串：{"name":"vla_control","arguments":{"action":"park","point_desc":{"parking_space":"车位"}}}}...）: Extra data: line 1 column 89 (char 88)
2026-03-23 15:49:43,031 - ERROR - CaseID: 535
函数数量不匹配：预期0个，规划1个
2026-03-23 15:49:43,031 - WARNING - 单行JSON解析失败（原始字符串：{"name":"vla_control","arguments":{"action":"park","point_desc":{"parking_space":"车位"}}}}...）: Extra data: line 1 column 89 (char 88)
2026-03-23 15:49:43,031 - ERROR - CaseID: 536
函数数量不匹配：预期0个，规划1个
2026-03-23 15:49:43,031 - WARNING - 单行JSON解析失败（原始字符串：{"name":"vla_control","arguments":{"action":"park","point_desc":{"parking_space":"车位"}}}}...）: Extra data: line 1 column 89 (char 88)
2026-03-23 15:49:43,031 - ERROR - CaseID: 537
函数数量不匹配：预期0个，规划1个
2026-03-23 15:49:43,031 - WARNING - 单行JSON解析失败（原始字符串：{"name":"vla_control","arguments":{"action":"park","point_desc":{"parking_space":"车位"}}}}...）: Extra data: line 1 column 89 (char 88)
2026-03-23 15:49:43,031 - ERROR - CaseID: 538
函数数量不匹配：预期0个，规划1个
2026-03-23 15:49:43,031 - WARNING - 单行JSON解析失败（原始字符串：{"name":"vla_control","arguments":{"action":"park","point_desc":{"parking_space":"车位"}}}}...）: Extra data: line 1 column 89 (char 88)
2026-03-23 15:49:43,031 - ERROR - CaseID: 539
函数数量不匹配：预期0个，规划1个
2026-03-23 15:49:43,031 - WARNING - 单行JSON解析失败（原始字符串：{"name":"vla_control","arguments":{"action":"park","point_desc":{"parking_space":"车位"}}}}...）: Extra data: line 1 column 89 (char 88)
2026-03-23 15:49:43,031 - ERROR - CaseID: 540
函数数量不匹配：预期0个，规划1个
2026-03-23 15:49:43,031 - WARNING - 单行JSON解析失败（原始字符串：{"name":"vla_control","arguments":{"action":"park","point_desc":{"parking_space":"车位"}}}}...）: Extra data: line 1 column 89 (char 88)
2026-03-23 15:49:43,031 - ERROR - CaseID: 541
函数数量不匹配：预期0个，规划1个
2026-03-23 15:49:43,031 - WARNING - 单行JSON解析失败（原始字符串：{"name":"vla_control","arguments":{"action":"park","point_desc":{"parking_space":"车位"}}}}...）: Extra data: line 1 column 89 (char 88)
2026-03-23 15:49:43,031 - ERROR - CaseID: 542
函数数量不匹配：预期0个，规划1个
2026-03-23 15:49:43,031 - WARNING - 单行JSON解析失败（原始字符串：{"name":"vla_control","arguments":{"action":"park","point_desc":{"parking_space":"车位"}}}}...）: Extra data: line 1 column 89 (char 88)
2026-03-23 15:49:43,032 - ERROR - CaseID: 543
函数数量不匹配：预期0个，规划1个
2026-03-23 15:49:43,032 - WARNING - 单行JSON解析失败（原始字符串：{"name":"vla_control","arguments":{"action":"park","point_desc":{"parking_space":"车位"}}}}...）: Extra data: line 1 column 89 (char 88)
2026-03-23 15:49:43,032 - ERROR - CaseID: 544
函数数量不匹配：预期0个，规划1个
2026-03-23 15:49:43,032 - WARNING - 单行JSON解析失败（原始字符串：{"name":"vla_control","arguments":{"action":"park","point_desc":{"parking_space":"车位"}}}}...）: Extra data: line 1 column 89 (char 88)
2026-03-23 15:49:43,032 - ERROR - CaseID: 545
函数数量不匹配：预期0个，规划1个
2026-03-23 15:49:43,032 - WARNING - 单行JSON解析失败（原始字符串：{"name":"vla_control","arguments":{"action":"park","point_desc":{"parking_space":"车位"}}}}...）: Extra data: line 1 column 89 (char 88)
2026-03-23 15:49:43,032 - ERROR - CaseID: 546
函数数量不匹配：预期0个，规划1个
2026-03-23 15:49:43,032 - WARNING - 单行JSON解析失败（原始字符串：{"name":"vla_control","arguments":{"action":"park","point_desc":{"parking_space":"车位"}}}}...）: Extra data: line 1 column 89 (char 88)
2026-03-23 15:49:43,032 - ERROR - CaseID: 547
函数数量不匹配：预期0个，规划1个
2026-03-23 15:49:43,032 - WARNING - 单行JSON解析失败（原始字符串：{"name":"vla_control","arguments":{"action":"park","point_desc":{"parking_space":"车位"}}}}...）: Extra data: line 1 column 89 (char 88)
2026-03-23 15:49:43,032 - ERROR - CaseID: 548
函数数量不匹配：预期0个，规划1个
2026-03-23 15:49:43,032 - WARNING - 单行JSON解析失败（原始字符串：{"name":"vla_control","arguments":{"action":"park","point_desc":{"parking_space":"车位"}}}}...）: Extra data: line 1 column 89 (char 88)
2026-03-23 15:49:43,032 - ERROR - CaseID: 549
函数数量不匹配：预期0个，规划1个
2026-03-23 15:49:43,032 - WARNING - 单行JSON解析失败（原始字符串：{"name":"vla_control","arguments":{"action":"park","point_desc":{"parking_space":"车位"}}}}...）: Extra data: line 1 column 89 (char 88)
2026-03-23 15:49:43,032 - ERROR - CaseID: 550
函数数量不匹配：预期0个，规划1个
2026-03-23 15:49:43,032 - WARNING - 单行JSON解析失败（原始字符串：{"name":"vla_control","arguments":{"action":"park","point_desc":{"parking_space":"车位"}}}}...）: Extra data: line 1 column 89 (char 88)
2026-03-23 15:49:43,032 - ERROR - CaseID: 551
函数数量不匹配：预期0个，规划1个
2026-03-23 15:49:43,033 - WARNING - 单行JSON解析失败（原始字符串：{"name":"vla_control","arguments":{"action":"park","point_desc":{"parking_space":"车位"}}}}...）: Extra data: line 1 column 89 (char 88)
2026-03-23 15:49:43,033 - ERROR - CaseID: 552
函数数量不匹配：预期0个，规划1个
2026-03-23 15:49:43,033 - WARNING - 单行JSON解析失败（原始字符串：{"name":"vla_control","arguments":{"action":"park","point_desc":{"parking_space":"车位"}}}}...）: Extra data: line 1 column 89 (char 88)
2026-03-23 15:49:43,033 - ERROR - CaseID: 553
函数数量不匹配：预期0个，规划1个
2026-03-23 15:49:43,033 - WARNING - 单行JSON解析失败（原始字符串：{"name":"vla_control","arguments":{"action":"park_in","point_desc":{"parking_space":"车位"}}}}...）: Extra data: line 1 column 92 (char 91)
2026-03-23 15:49:43,033 - ERROR - CaseID: 554
函数数量不匹配：预期0个，规划1个
2026-03-23 15:49:43,033 - WARNING - 单行JSON解析失败（原始字符串：{"name":"vla_control","arguments":{"action":"park_in","point_desc":{"parking_space":"车位"}}}}...）: Extra data: line 1 column 92 (char 91)
2026-03-23 15:49:43,033 - ERROR - CaseID: 555
函数数量不匹配：预期0个，规划1个
2026-03-23 15:49:43,033 - WARNING - 单行JSON解析失败（原始字符串：{"name":"vla_control","arguments":{"action":"park_in","point_desc":{"parking_space":"车位"}}}}...）: Extra data: line 1 column 92 (char 91)
2026-03-23 15:49:43,033 - ERROR - CaseID: 556
函数数量不匹配：预期0个，规划1个
2026-03-23 15:49:43,033 - WARNING - 单行JSON解析失败（原始字符串：{"name":"vla_control","arguments":{"action":"park_in","point_desc":{"parking_space":"车位"}}}}...）: Extra data: line 1 column 92 (char 91)
2026-03-23 15:49:43,033 - ERROR - CaseID: 557
函数数量不匹配：预期0个，规划1个
2026-03-23 15:49:43,033 - WARNING - 单行JSON解析失败（原始字符串：{"name":"vla_control","arguments":{"action":"park_in","point_desc":{"parking_space":"车位"}}}}...）: Extra data: line 1 column 92 (char 91)
2026-03-23 15:49:43,033 - ERROR - CaseID: 558
函数数量不匹配：预期0个，规划1个
2026-03-23 15:49:43,033 - WARNING - 单行JSON解析失败（原始字符串：{"name":"vla_control","arguments":{"action":"park_in","point_desc":{"parking_space":"车位"}}}}...）: Extra data: line 1 column 92 (char 91)
2026-03-23 15:49:43,033 - ERROR - CaseID: 559
函数数量不匹配：预期0个，规划1个
2026-03-23 15:49:43,033 - WARNING - 单行JSON解析失败（原始字符串：{"name":"vla_control","arguments":{"action":"park_in","point_desc":{"parking_space":"车位"}}}}...）: Extra data: line 1 column 92 (char 91)
2026-03-23 15:49:43,034 - ERROR - CaseID: 560
函数数量不匹配：预期0个，规划1个
2026-03-23 15:49:43,034 - WARNING - 单行JSON解析失败（原始字符串：{"name":"vla_control","arguments":{"action":"park_in","point_desc":{"parking_space":"车位"}}}}...）: Extra data: line 1 column 92 (char 91)
2026-03-23 15:49:43,034 - ERROR - CaseID: 561
函数数量不匹配：预期0个，规划1个
2026-03-23 15:49:43,034 - WARNING - 单行JSON解析失败（原始字符串：{"name":"vla_control","arguments":{"action":"park_in","point_desc":{"parking_space":"车位"}}}}...）: Extra data: line 1 column 92 (char 91)
2026-03-23 15:49:43,034 - ERROR - CaseID: 562
函数数量不匹配：预期0个，规划1个
2026-03-23 15:49:43,034 - WARNING - 单行JSON解析失败（原始字符串：{"name":"vla_control","arguments":{"action":"park_in","point_desc":{"parking_space":"车位"}}}}...）: Extra data: line 1 column 92 (char 91)
2026-03-23 15:49:43,034 - ERROR - CaseID: 563
函数数量不匹配：预期0个，规划1个
2026-03-23 15:49:43,034 - WARNING - 单行JSON解析失败（原始字符串：{"name":"vla_control","arguments":{"action":"park_in","point_desc":{"parking_space":"车位"}}}}...）: Extra data: line 1 column 92 (char 91)
2026-03-23 15:49:43,034 - ERROR - CaseID: 564
函数数量不匹配：预期0个，规划1个
2026-03-23 15:49:43,034 - WARNING - 单行JSON解析失败（原始字符串：{"name":"vla_control","arguments":{"action":"park_in","point_desc":{"parking_space":"车位"}}}}...）: Extra data: line 1 column 92 (char 91)
2026-03-23 15:49:43,034 - ERROR - CaseID: 565
函数数量不匹配：预期0个，规划1个
2026-03-23 15:49:43,034 - WARNING - 单行JSON解析失败（原始字符串：{"name":"vla_control","arguments":{"action":"park_in","point_desc":{"parking_space":"车位"}}}}...）: Extra data: line 1 column 92 (char 91)
2026-03-23 15:49:43,034 - ERROR - CaseID: 566
函数数量不匹配：预期0个，规划1个
2026-03-23 15:49:43,034 - WARNING - 单行JSON解析失败（原始字符串：{"name":"vla_control","arguments":{"action":"park_in","point_desc":{"parking_space":"车位"}}}}...）: Extra data: line 1 column 92 (char 91)
2026-03-23 15:49:43,034 - ERROR - CaseID: 567
函数数量不匹配：预期0个，规划1个
2026-03-23 15:49:43,034 - WARNING - 单行JSON解析失败（原始字符串：{"name":"vla_control","arguments":{"action":"park_in","point_desc":{"parking_space":"车位"}}}}...）: Extra data: line 1 column 92 (char 91)
2026-03-23 15:49:43,035 - ERROR - CaseID: 568
函数数量不匹配：预期0个，规划1个
2026-03-23 15:49:43,035 - WARNING - 单行JSON解析失败（原始字符串：{"name":"vla_control","arguments":{"action":"park_in","point_desc":{"parking_space":"车位"}}}}...）: Extra data: line 1 column 92 (char 91)
2026-03-23 15:49:43,035 - ERROR - CaseID: 569
函数数量不匹配：预期0个，规划1个
2026-03-23 15:49:43,035 - WARNING - 单行JSON解析失败（原始字符串：{"name":"vla_control","arguments":{"action":"park_in","point_desc":{"parking_space":"车位"}}}}...）: Extra data: line 1 column 92 (char 91)
2026-03-23 15:49:43,035 - ERROR - CaseID: 570
函数数量不匹配：预期0个，规划1个
2026-03-23 15:49:43,035 - WARNING - 单行JSON解析失败（原始字符串：{"name":"vla_control","arguments":{"action":"park_in","point_desc":{"parking_space":"车位"}}}}...）: Extra data: line 1 column 92 (char 91)
2026-03-23 15:49:43,035 - ERROR - CaseID: 571
函数数量不匹配：预期0个，规划1个
2026-03-23 15:49:43,035 - WARNING - 单行JSON解析失败（原始字符串：{"name":"vla_control","arguments":{"action":"park_in","point_desc":{"parking_space":"车位"}}}}...）: Extra data: line 1 column 92 (char 91)
2026-03-23 15:49:43,035 - ERROR - CaseID: 572
函数数量不匹配：预期0个，规划1个
2026-03-23 15:49:43,035 - WARNING - 单行JSON解析失败（原始字符串：{"name":"vla_control","arguments":{"action":"park_in","point_desc":{"parking_space":"车位"}}}}...）: Extra data: line 1 column 92 (char 91)
2026-03-23 15:49:43,035 - ERROR - CaseID: 573
函数数量不匹配：预期0个，规划1个
2026-03-23 15:49:43,036 - WARNING - 单行JSON解析失败（原始字符串：{"name":"vla_control","arguments":{"action":"navigate","point_desc":{"parking_space":"车位"}}}}...）: Extra data: line 1 column 93 (char 92)
2026-03-23 15:49:43,036 - ERROR - CaseID: 574
函数数量不匹配：预期0个，规划1个
2026-03-23 15:49:43,036 - WARNING - 单行JSON解析失败（原始字符串：{"name":"vla_control","arguments":{"action":"navigate","point_desc":{"parking_space":"车位"}}}}...）: Extra data: line 1 column 93 (char 92)
2026-03-23 15:49:43,036 - ERROR - CaseID: 575
函数数量不匹配：预期0个，规划1个
2026-03-23 15:49:43,036 - WARNING - 单行JSON解析失败（原始字符串：{"name":"vla_control","arguments":{"action":"navigate","point_desc":{"parking_space":"车位"}}}}...）: Extra data: line 1 column 93 (char 92)
2026-03-23 15:49:43,036 - ERROR - CaseID: 576
函数数量不匹配：预期0个，规划1个
2026-03-23 15:49:43,036 - WARNING - 单行JSON解析失败（原始字符串：{"name":"vla_control","arguments":{"action":"navigate","point_desc":{"parking_space":"车位"}}}}...）: Extra data: line 1 column 93 (char 92)
2026-03-23 15:49:43,036 - ERROR - CaseID: 577
函数数量不匹配：预期0个，规划1个
2026-03-23 15:49:43,036 - WARNING - 单行JSON解析失败（原始字符串：{"name":"vla_control","arguments":{"action":"navigate","point_desc":{"parking_space":"车位"}}}}...）: Extra data: line 1 column 93 (char 92)
2026-03-23 15:49:43,036 - ERROR - CaseID: 578
函数数量不匹配：预期0个，规划1个
2026-03-23 15:49:43,036 - WARNING - 单行JSON解析失败（原始字符串：{"name":"vla_control","arguments":{"action":"navigate","point_desc":{"parking_space":"车位"}}}}...）: Extra data: line 1 column 93 (char 92)
2026-03-23 15:49:43,036 - ERROR - CaseID: 579
函数数量不匹配：预期0个，规划1个
2026-03-23 15:49:43,036 - WARNING - 单行JSON解析失败（原始字符串：{"name":"vla_control","arguments":{"action":"navigate","point_desc":{"parking_space":"车位"}}}}...）: Extra data: line 1 column 93 (char 92)
2026-03-23 15:49:43,036 - ERROR - CaseID: 580
函数数量不匹配：预期0个，规划1个
2026-03-23 15:49:43,037 - WARNING - 单行JSON解析失败（原始字符串：{"name":"vla_control","arguments":{"action":"navigate","point_desc":{"parking_space":"车位"}}}}...）: Extra data: line 1 column 93 (char 92)
2026-03-23 15:49:43,037 - ERROR - CaseID: 581
函数数量不匹配：预期0个，规划1个
2026-03-23 15:49:43,037 - WARNING - 单行JSON解析失败（原始字符串：{"name":"vla_control","arguments":{"action":"navigate","point_desc":{"parking_space":"车位"}}}}...）: Extra data: line 1 column 93 (char 92)
2026-03-23 15:49:43,037 - ERROR - CaseID: 582
函数数量不匹配：预期0个，规划1个
2026-03-23 15:49:43,037 - WARNING - 单行JSON解析失败（原始字符串：{"name":"vla_control","arguments":{"action":"navigate","point_desc":{"parking_space":"车位"}}}}...）: Extra data: line 1 column 93 (char 92)
2026-03-23 15:49:43,037 - ERROR - CaseID: 583
函数数量不匹配：预期0个，规划1个
2026-03-23 15:49:43,037 - WARNING - 单行JSON解析失败（原始字符串：{"name":"vla_control","arguments":{"action":"navigate","point_desc":{"parking_space":"车位"}}}}...）: Extra data: line 1 column 93 (char 92)
2026-03-23 15:49:43,037 - ERROR - CaseID: 584
函数数量不匹配：预期0个，规划1个
2026-03-23 15:49:43,037 - WARNING - 单行JSON解析失败（原始字符串：{"name":"vla_control","arguments":{"action":"navigate","point_desc":{"parking_space":"车位"}}}}...）: Extra data: line 1 column 93 (char 92)
2026-03-23 15:49:43,037 - ERROR - CaseID: 585
函数数量不匹配：预期0个，规划1个
2026-03-23 15:49:43,037 - WARNING - 单行JSON解析失败（原始字符串：{"name":"vla_control","arguments":{"action":"navigate","point_desc":{"parking_space":"车位"}}}}...）: Extra data: line 1 column 93 (char 92)
2026-03-23 15:49:43,037 - ERROR - CaseID: 586
函数数量不匹配：预期0个，规划1个
2026-03-23 15:49:43,037 - WARNING - 单行JSON解析失败（原始字符串：{"name":"vla_control","arguments":{"action":"navigate","point_desc":{"parking_space":"车位"}}}}...）: Extra data: line 1 column 93 (char 92)
2026-03-23 15:49:43,037 - ERROR - CaseID: 587
函数数量不匹配：预期0个，规划1个
2026-03-23 15:49:43,037 - WARNING - 单行JSON解析失败（原始字符串：{"name":"vla_control","arguments":{"action":"navigate","point_desc":{"parking_space":"车位"}}}}...）: Extra data: line 1 column 93 (char 92)
2026-03-23 15:49:43,037 - ERROR - CaseID: 588
函数数量不匹配：预期0个，规划1个
2026-03-23 15:49:43,038 - WARNING - 单行JSON解析失败（原始字符串：{"name":"vla_control","arguments":{"action":"navigate","point_desc":{"parking_space":"车位"}}}}...）: Extra data: line 1 column 93 (char 92)
2026-03-23 15:49:43,038 - ERROR - CaseID: 589
函数数量不匹配：预期0个，规划1个
2026-03-23 15:49:43,038 - WARNING - 单行JSON解析失败（原始字符串：{"name":"vla_control","arguments":{"action":"navigate","point_desc":{"parking_space":"车位"}}}}...）: Extra data: line 1 column 93 (char 92)
2026-03-23 15:49:43,038 - ERROR - CaseID: 590
函数数量不匹配：预期0个，规划1个
2026-03-23 15:49:43,038 - WARNING - 单行JSON解析失败（原始字符串：{"name":"vla_control","arguments":{"action":"navigate","point_desc":{"parking_space":"车位"}}}}...）: Extra data: line 1 column 93 (char 92)
2026-03-23 15:49:43,038 - ERROR - CaseID: 591
函数数量不匹配：预期0个，规划1个
2026-03-23 15:49:43,038 - WARNING - 单行JSON解析失败（原始字符串：{"name":"vla_control","arguments":{"action":"navigate","point_desc":{"parking_space":"车位"}}}}...）: Extra data: line 1 column 93 (char 92)
2026-03-23 15:49:43,038 - ERROR - CaseID: 592
函数数量不匹配：预期0个，规划1个
2026-03-23 15:49:43,038 - WARNING - 单行JSON解析失败（原始字符串：{"name":"vla_control","arguments":{"action":"navigate","point_desc":{"parking_space":"车位"}}}}...）: Extra data: line 1 column 93 (char 92)
2026-03-23 15:49:43,038 - ERROR - CaseID: 593
函数数量不匹配：预期0个，规划1个
2026-03-23 15:49:43,039 - ERROR - CaseID: 619
规划列缺少以下函数：
  名称: vla_control, 参数: {"action": "park", "point_tag": "HERE"}
规划列多出以下函数：
  名称: device_control, 参数: {"action": "query", "entity": "VEHICLE_LOCATION"}
2026-03-23 15:49:43,041 - ERROR - CaseID: 661
规划列缺少以下函数：
  名称: vla_control, 参数: {"action": "park_in", "position": "\u53f3"}
规划列多出以下函数：
  名称: vla_control, 参数: {"action": "park_in", "position": "\u9760\u53f3"}
2026-03-23 15:49:43,042 - WARNING - 单行JSON解析失败（原始字符串：{"name":"vla_control","arguments":{"action":"park","point_desc":{"parking_space":"车位"}},"position":"...）: Extra data: line 1 column 105 (char 104)
2026-03-23 15:49:43,042 - ERROR - CaseID: 674
函数数量不匹配：预期0个，规划1个
2026-03-23 15:49:43,043 - WARNING - 单行JSON解析失败（原始字符串：{"name":"vla_control","arguments":{"action":"park","point_desc":{"parking_space":"车位"}},"position":"...）: Extra data: line 1 column 105 (char 104)
2026-03-23 15:49:43,043 - ERROR - CaseID: 675
函数数量不匹配：预期0个，规划1个
2026-03-23 15:49:43,043 - WARNING - 单行JSON解析失败（原始字符串：{"name":"vla_control","arguments":{"action":"park","point_desc":{"parking_space":"车位"}},"position":"...）: Extra data: line 1 column 104 (char 103)
2026-03-23 15:49:43,043 - ERROR - CaseID: 676
函数数量不匹配：预期0个，规划1个
2026-03-23 15:49:43,043 - WARNING - 单行JSON解析失败（原始字符串：{"name":"vla_control","arguments":{"action":"park","point_desc":{"parking_space":"车位"}},"position":"...）: Extra data: line 1 column 105 (char 104)
2026-03-23 15:49:43,043 - ERROR - CaseID: 677
函数数量不匹配：预期0个，规划1个
2026-03-23 15:49:43,043 - WARNING - 单行JSON解析失败（原始字符串：{"name":"vla_control","arguments":{"action":"park","point_desc":{"parking_space":"车位"}},"position":"...）: Extra data: line 1 column 105 (char 104)
2026-03-23 15:49:43,043 - ERROR - CaseID: 678
函数数量不匹配：预期0个，规划1个
2026-03-23 15:49:43,043 - WARNING - 单行JSON解析失败（原始字符串：{"name":"vla_control","arguments":{"action":"park","point_desc":{"parking_space":"车位"}},"position":"...）: Extra data: line 1 column 104 (char 103)
2026-03-23 15:49:43,043 - ERROR - CaseID: 679
函数数量不匹配：预期0个，规划1个
2026-03-23 15:49:43,043 - WARNING - 单行JSON解析失败（原始字符串：{"name":"vla_control","arguments":{"action":"park","point_desc":{"parking_space":"车位"}},"position":"...）: Extra data: line 1 column 105 (char 104)
2026-03-23 15:49:43,043 - ERROR - CaseID: 680
函数数量不匹配：预期0个，规划1个
2026-03-23 15:49:43,043 - WARNING - 单行JSON解析失败（原始字符串：{"name":"vla_control","arguments":{"action":"park","point_desc":{"parking_space":"车位"}},"position":"...）: Extra data: line 1 column 105 (char 104)
2026-03-23 15:49:43,043 - ERROR - CaseID: 681
函数数量不匹配：预期0个，规划1个
2026-03-23 15:49:43,043 - WARNING - 单行JSON解析失败（原始字符串：{"name":"vla_control","arguments":{"action":"park","point_desc":{"parking_space":"车位"}},"position":"...）: Extra data: line 1 column 104 (char 103)
2026-03-23 15:49:43,044 - ERROR - CaseID: 682
函数数量不匹配：预期0个，规划1个
2026-03-23 15:49:43,044 - WARNING - 单行JSON解析失败（原始字符串：{"name":"vla_control","arguments":{"action":"park","point_desc":{"parking_space":"车位"}},"position":"...）: Extra data: line 1 column 105 (char 104)
2026-03-23 15:49:43,044 - ERROR - CaseID: 683
函数数量不匹配：预期0个，规划1个
2026-03-23 15:49:43,044 - WARNING - 单行JSON解析失败（原始字符串：{"name":"vla_control","arguments":{"action":"park","point_desc":{"parking_space":"车位"}},"position":"...）: Extra data: line 1 column 105 (char 104)
2026-03-23 15:49:43,044 - ERROR - CaseID: 684
函数数量不匹配：预期0个，规划1个
2026-03-23 15:49:43,044 - WARNING - 单行JSON解析失败（原始字符串：{"name":"vla_control","arguments":{"action":"park","point_desc":{"parking_space":"车位"}},"position":"...）: Extra data: line 1 column 104 (char 103)
2026-03-23 15:49:43,044 - ERROR - CaseID: 685
函数数量不匹配：预期0个，规划1个
2026-03-23 15:49:43,044 - WARNING - 单行JSON解析失败（原始字符串：{"name":"vla_control","arguments":{"action":"park","point_desc":{"parking_space":"车位"}},"position":"...）: Extra data: line 1 column 105 (char 104)
2026-03-23 15:49:43,044 - ERROR - CaseID: 686
函数数量不匹配：预期0个，规划1个
2026-03-23 15:49:43,044 - WARNING - 单行JSON解析失败（原始字符串：{"name":"vla_control","arguments":{"action":"park","point_desc":{"parking_space":"车位"}},"position":"...）: Extra data: line 1 column 105 (char 104)
2026-03-23 15:49:43,044 - ERROR - CaseID: 687
函数数量不匹配：预期0个，规划1个
2026-03-23 15:49:43,044 - WARNING - 单行JSON解析失败（原始字符串：{"name":"vla_control","arguments":{"action":"park","point_desc":{"parking_space":"车位"}},"position":"...）: Extra data: line 1 column 104 (char 103)
2026-03-23 15:49:43,044 - ERROR - CaseID: 688
函数数量不匹配：预期0个，规划1个
2026-03-23 15:49:43,045 - WARNING - 单行JSON解析失败（原始字符串：{"name":"vla_control","arguments":{"action":"park","point_desc":{"parking_space":"车位"}},"position":"...）: Extra data: line 1 column 105 (char 104)
2026-03-23 15:49:43,045 - ERROR - CaseID: 689
函数数量不匹配：预期0个，规划1个
2026-03-23 15:49:43,045 - WARNING - 单行JSON解析失败（原始字符串：{"name":"vla_control","arguments":{"action":"park","point_desc":{"parking_space":"车位"}},"position":"...）: Extra data: line 1 column 105 (char 104)
2026-03-23 15:49:43,045 - ERROR - CaseID: 690
函数数量不匹配：预期0个，规划1个
2026-03-23 15:49:43,045 - WARNING - 单行JSON解析失败（原始字符串：{"name":"vla_control","arguments":{"action":"park","point_desc":{"parking_space":"车位"}},"position":"...）: Extra data: line 1 column 104 (char 103)
2026-03-23 15:49:43,045 - ERROR - CaseID: 691
函数数量不匹配：预期0个，规划1个
2026-03-23 15:49:43,045 - WARNING - 单行JSON解析失败（原始字符串：{"name":"vla_control","arguments":{"action":"park","point_desc":{"parking_space":"车位"}},"position":"...）: Extra data: line 1 column 105 (char 104)
2026-03-23 15:49:43,045 - ERROR - CaseID: 692
函数数量不匹配：预期0个，规划1个
2026-03-23 15:49:43,045 - WARNING - 单行JSON解析失败（原始字符串：{"name":"vla_control","arguments":{"action":"park","point_desc":{"parking_space":"车位"}},"position":"...）: Extra data: line 1 column 105 (char 104)
2026-03-23 15:49:43,045 - ERROR - CaseID: 693
函数数量不匹配：预期0个，规划1个
2026-03-23 15:49:43,045 - WARNING - 单行JSON解析失败（原始字符串：{"name":"vla_control","arguments":{"action":"park_in","point_desc":{"parking_space":"车位"}},"position...）: Extra data: line 1 column 108 (char 107)
2026-03-23 15:49:43,045 - ERROR - CaseID: 694
函数数量不匹配：预期0个，规划1个
2026-03-23 15:49:43,045 - WARNING - 单行JSON解析失败（原始字符串：{"name":"vla_control","arguments":{"action":"park_in","point_desc":{"parking_space":"车位"}},"position...）: Extra data: line 1 column 108 (char 107)
2026-03-23 15:49:43,045 - ERROR - CaseID: 695
函数数量不匹配：预期0个，规划1个
2026-03-23 15:49:43,045 - WARNING - 单行JSON解析失败（原始字符串：{"name":"vla_control","arguments":{"action":"park_in","point_desc":{"parking_space":"车位"}},"position...）: Extra data: line 1 column 107 (char 106)
2026-03-23 15:49:43,045 - ERROR - CaseID: 696
函数数量不匹配：预期0个，规划1个
2026-03-23 15:49:43,046 - WARNING - 单行JSON解析失败（原始字符串：{"name":"vla_control","arguments":{"action":"park_in","point_desc":{"parking_space":"车位"}},"position...）: Extra data: line 1 column 108 (char 107)
2026-03-23 15:49:43,046 - ERROR - CaseID: 697
函数数量不匹配：预期0个，规划1个
2026-03-23 15:49:43,046 - WARNING - 单行JSON解析失败（原始字符串：{"name":"vla_control","arguments":{"action":"park_in","point_desc":{"parking_space":"车位"}},"position...）: Extra data: line 1 column 108 (char 107)
2026-03-23 15:49:43,046 - ERROR - CaseID: 698
函数数量不匹配：预期0个，规划1个
2026-03-23 15:49:43,046 - WARNING - 单行JSON解析失败（原始字符串：{"name":"vla_control","arguments":{"action":"park_in","point_desc":{"parking_space":"车位"}},"position...）: Extra data: line 1 column 107 (char 106)
2026-03-23 15:49:43,046 - ERROR - CaseID: 699
函数数量不匹配：预期0个，规划1个
2026-03-23 15:49:43,046 - WARNING - 单行JSON解析失败（原始字符串：{"name":"vla_control","arguments":{"action":"park_in","point_desc":{"parking_space":"车位"}},"position...）: Extra data: line 1 column 108 (char 107)
2026-03-23 15:49:43,046 - ERROR - CaseID: 700
函数数量不匹配：预期0个，规划1个
2026-03-23 15:49:43,046 - WARNING - 单行JSON解析失败（原始字符串：{"name":"vla_control","arguments":{"action":"park_in","point_desc":{"parking_space":"车位"}},"position...）: Extra data: line 1 column 108 (char 107)
2026-03-23 15:49:43,046 - ERROR - CaseID: 701
函数数量不匹配：预期0个，规划1个
2026-03-23 15:49:43,046 - WARNING - 单行JSON解析失败（原始字符串：{"name":"vla_control","arguments":{"action":"park_in","point_desc":{"parking_space":"车位"}},"position...）: Extra data: line 1 column 107 (char 106)
2026-03-23 15:49:43,046 - ERROR - CaseID: 702
函数数量不匹配：预期0个，规划1个
2026-03-23 15:49:43,046 - WARNING - 单行JSON解析失败（原始字符串：{"name":"vla_control","arguments":{"action":"park_in","point_desc":{"parking_space":"车位"}},"position...）: Extra data: line 1 column 108 (char 107)
2026-03-23 15:49:43,046 - ERROR - CaseID: 703
函数数量不匹配：预期0个，规划1个
2026-03-23 15:49:43,046 - WARNING - 单行JSON解析失败（原始字符串：{"name":"vla_control","arguments":{"action":"park_in","point_desc":{"parking_space":"车位"}},"position...）: Extra data: line 1 column 108 (char 107)
2026-03-23 15:49:43,046 - ERROR - CaseID: 704
函数数量不匹配：预期0个，规划1个
2026-03-23 15:49:43,047 - WARNING - 单行JSON解析失败（原始字符串：{"name":"vla_control","arguments":{"action":"park_in","point_desc":{"parking_space":"车位"}},"position...）: Extra data: line 1 column 107 (char 106)
2026-03-23 15:49:43,047 - ERROR - CaseID: 705
函数数量不匹配：预期0个，规划1个
2026-03-23 15:49:43,047 - WARNING - 单行JSON解析失败（原始字符串：{"name":"vla_control","arguments":{"action":"park_in","point_desc":{"parking_space":"车位"}},"position...）: Extra data: line 1 column 107 (char 106)
2026-03-23 15:49:43,047 - ERROR - CaseID: 706
函数数量不匹配：预期0个，规划1个
2026-03-23 15:49:43,047 - WARNING - 单行JSON解析失败（原始字符串：{"name":"vla_control","arguments":{"action":"park_in","point_desc":{"parking_space":"车位"}},"position...）: Extra data: line 1 column 107 (char 106)
2026-03-23 15:49:43,047 - ERROR - CaseID: 707
函数数量不匹配：预期0个，规划1个
2026-03-23 15:49:43,047 - WARNING - 单行JSON解析失败（原始字符串：{"name":"vla_control","arguments":{"action":"park_in","point_desc":{"parking_space":"车位"}},"position...）: Extra data: line 1 column 107 (char 106)
2026-03-23 15:49:43,047 - ERROR - CaseID: 708
函数数量不匹配：预期0个，规划1个
2026-03-23 15:49:43,047 - WARNING - 单行JSON解析失败（原始字符串：{"name":"vla_control","arguments":{"action":"park_in","point_desc":{"parking_space":"车位"}},"position...）: Extra data: line 1 column 108 (char 107)
2026-03-23 15:49:43,047 - ERROR - CaseID: 709
函数数量不匹配：预期0个，规划1个
2026-03-23 15:49:43,047 - WARNING - 单行JSON解析失败（原始字符串：{"name":"vla_control","arguments":{"action":"park_in","point_desc":{"parking_space":"车位"}},"position...）: Extra data: line 1 column 108 (char 107)
2026-03-23 15:49:43,047 - ERROR - CaseID: 710
函数数量不匹配：预期0个，规划1个
2026-03-23 15:49:43,047 - WARNING - 单行JSON解析失败（原始字符串：{"name":"vla_control","arguments":{"action":"park_in","point_desc":{"parking_space":"车位"}},"position...）: Extra data: line 1 column 107 (char 106)
2026-03-23 15:49:43,047 - ERROR - CaseID: 711
函数数量不匹配：预期0个，规划1个
2026-03-23 15:49:43,048 - WARNING - 单行JSON解析失败（原始字符串：{"name":"vla_control","arguments":{"action":"park_in","point_desc":{"parking_space":"车位"}},"position...）: Extra data: line 1 column 108 (char 107)
2026-03-23 15:49:43,048 - ERROR - CaseID: 712
函数数量不匹配：预期0个，规划1个
2026-03-23 15:49:43,048 - WARNING - 单行JSON解析失败（原始字符串：{"name":"vla_control","arguments":{"action":"park_in","point_desc":{"parking_space":"车位"}},"position...）: Extra data: line 1 column 108 (char 107)
2026-03-23 15:49:43,048 - ERROR - CaseID: 713
函数数量不匹配：预期0个，规划1个
2026-03-23 15:49:43,048 - WARNING - 单行JSON解析失败（原始字符串：{"name":"vla_control","arguments":{"action":"navigate","point_desc":{"parking_space":"车位"}},"positio...）: Extra data: line 1 column 109 (char 108)
2026-03-23 15:49:43,048 - ERROR - CaseID: 714
函数数量不匹配：预期0个，规划1个
2026-03-23 15:49:43,048 - WARNING - 单行JSON解析失败（原始字符串：{"name":"vla_control","arguments":{"action":"navigate","point_desc":{"parking_space":"车位"}},"positio...）: Extra data: line 1 column 109 (char 108)
2026-03-23 15:49:43,048 - ERROR - CaseID: 715
函数数量不匹配：预期0个，规划1个
2026-03-23 15:49:43,048 - WARNING - 单行JSON解析失败（原始字符串：{"name":"vla_control","arguments":{"action":"navigate","point_desc":{"parking_space":"车位"}},"positio...）: Extra data: line 1 column 108 (char 107)
2026-03-23 15:49:43,048 - ERROR - CaseID: 716
函数数量不匹配：预期0个，规划1个
2026-03-23 15:49:43,048 - WARNING - 单行JSON解析失败（原始字符串：{"name":"vla_control","arguments":{"action":"navigate","point_desc":{"parking_space":"车位"}},"positio...）: Extra data: line 1 column 109 (char 108)
2026-03-23 15:49:43,048 - ERROR - CaseID: 717
函数数量不匹配：预期0个，规划1个
2026-03-23 15:49:43,048 - WARNING - 单行JSON解析失败（原始字符串：{"name":"vla_control","arguments":{"action":"navigate","point_desc":{"parking_space":"车位"}},"positio...）: Extra data: line 1 column 109 (char 108)
2026-03-23 15:49:43,048 - ERROR - CaseID: 718
函数数量不匹配：预期0个，规划1个
2026-03-23 15:49:43,048 - WARNING - 单行JSON解析失败（原始字符串：{"name":"vla_control","arguments":{"action":"navigate","point_desc":{"parking_space":"车位"}},"positio...）: Extra data: line 1 column 108 (char 107)
2026-03-23 15:49:43,048 - ERROR - CaseID: 719
函数数量不匹配：预期0个，规划1个
2026-03-23 15:49:43,049 - WARNING - 单行JSON解析失败（原始字符串：{"name":"vla_control","arguments":{"action":"navigate","point_desc":{"parking_space":"车位"}},"positio...）: Extra data: line 1 column 109 (char 108)
2026-03-23 15:49:43,049 - ERROR - CaseID: 720
函数数量不匹配：预期0个，规划1个
2026-03-23 15:49:43,049 - WARNING - 单行JSON解析失败（原始字符串：{"name":"vla_control","arguments":{"action":"navigate","point_desc":{"parking_space":"车位"}},"positio...）: Extra data: line 1 column 109 (char 108)
2026-03-23 15:49:43,049 - ERROR - CaseID: 721
函数数量不匹配：预期0个，规划1个
2026-03-23 15:49:43,049 - WARNING - 单行JSON解析失败（原始字符串：{"name":"vla_control","arguments":{"action":"navigate","point_desc":{"parking_space":"车位"}},"positio...）: Extra data: line 1 column 108 (char 107)
2026-03-23 15:49:43,049 - ERROR - CaseID: 722
函数数量不匹配：预期0个，规划1个
2026-03-23 15:49:43,049 - WARNING - 单行JSON解析失败（原始字符串：{"name":"vla_control","arguments":{"action":"navigate","point_desc":{"parking_space":"车位"}},"positio...）: Extra data: line 1 column 109 (char 108)
2026-03-23 15:49:43,049 - ERROR - CaseID: 723
函数数量不匹配：预期0个，规划1个
2026-03-23 15:49:43,049 - WARNING - 单行JSON解析失败（原始字符串：{"name":"vla_control","arguments":{"action":"navigate","point_desc":{"parking_space":"车位"}},"positio...）: Extra data: line 1 column 109 (char 108)
2026-03-23 15:49:43,049 - ERROR - CaseID: 724
函数数量不匹配：预期0个，规划1个
2026-03-23 15:49:43,049 - WARNING - 单行JSON解析失败（原始字符串：{"name":"vla_control","arguments":{"action":"navigate","point_desc":{"parking_space":"车位"}},"positio...）: Extra data: line 1 column 108 (char 107)
2026-03-23 15:49:43,049 - ERROR - CaseID: 725
函数数量不匹配：预期0个，规划1个
2026-03-23 15:49:43,049 - WARNING - 单行JSON解析失败（原始字符串：{"name":"vla_control","arguments":{"action":"navigate","point_desc":{"parking_space":"车位"}},"positio...）: Extra data: line 1 column 109 (char 108)
2026-03-23 15:49:43,049 - ERROR - CaseID: 726
函数数量不匹配：预期0个，规划1个
2026-03-23 15:49:43,049 - WARNING - 单行JSON解析失败（原始字符串：{"name":"vla_control","arguments":{"action":"navigate","point_desc":{"parking_space":"车位"}},"positio...）: Extra data: line 1 column 109 (char 108)
2026-03-23 15:49:43,049 - ERROR - CaseID: 727
函数数量不匹配：预期0个，规划1个
2026-03-23 15:49:43,050 - WARNING - 单行JSON解析失败（原始字符串：{"name":"vla_control","arguments":{"action":"navigate","point_desc":{"parking_space":"车位"}},"positio...）: Extra data: line 1 column 108 (char 107)
2026-03-23 15:49:43,050 - ERROR - CaseID: 728
函数数量不匹配：预期0个，规划1个
2026-03-23 15:49:43,050 - WARNING - 单行JSON解析失败（原始字符串：{"name":"vla_control","arguments":{"action":"navigate","point_desc":{"parking_space":"车位"}},"positio...）: Extra data: line 1 column 109 (char 108)
2026-03-23 15:49:43,050 - ERROR - CaseID: 729
函数数量不匹配：预期0个，规划1个
2026-03-23 15:49:43,050 - WARNING - 单行JSON解析失败（原始字符串：{"name":"vla_control","arguments":{"action":"navigate","point_desc":{"parking_space":"车位"}},"positio...）: Extra data: line 1 column 109 (char 108)
2026-03-23 15:49:43,050 - ERROR - CaseID: 730
函数数量不匹配：预期0个，规划1个
2026-03-23 15:49:43,050 - WARNING - 单行JSON解析失败（原始字符串：{"name":"vla_control","arguments":{"action":"navigate","point_desc":{"parking_space":"车位"}},"positio...）: Extra data: line 1 column 108 (char 107)
2026-03-23 15:49:43,050 - ERROR - CaseID: 731
函数数量不匹配：预期0个，规划1个
2026-03-23 15:49:43,050 - WARNING - 单行JSON解析失败（原始字符串：{"name":"vla_control","arguments":{"action":"navigate","point_desc":{"parking_space":"车位"}},"positio...）: Extra data: line 1 column 109 (char 108)
2026-03-23 15:49:43,050 - ERROR - CaseID: 732
函数数量不匹配：预期0个，规划1个
2026-03-23 15:49:43,050 - WARNING - 单行JSON解析失败（原始字符串：{"name":"vla_control","arguments":{"action":"navigate","point_desc":{"parking_space":"车位"}},"positio...）: Extra data: line 1 column 109 (char 108)
2026-03-23 15:49:43,050 - ERROR - CaseID: 733
函数数量不匹配：预期0个，规划1个
2026-03-23 15:49:43,053 - ERROR - CaseID: 762
规划列缺少以下函数：
  名称: vla_control, 参数: {"action": "park", "point_tag": "HERE", "position": "\u9760\u5de6"}
规划列多出以下函数：
  名称: vla_control, 参数: {"action": "park", "position": "\u5de6"}
2026-03-23 15:49:43,053 - ERROR - CaseID: 763
规划列缺少以下函数：
  名称: vla_control, 参数: {"action": "park", "point_tag": "HERE", "position": "\u9760\u53f3"}
规划列多出以下函数：
  名称: vla_control, 参数: {"action": "park", "position": "\u53f3"}
2026-03-23 15:49:43,053 - ERROR - CaseID: 764
规划列缺少以下函数：
  名称: vla_control, 参数: {"action": "park", "point_tag": "HERE", "position": "\u4e2d"}
规划列多出以下函数：
  名称: vla_control, 参数: {"action": "park", "position": "\u4e2d"}
2026-03-23 15:49:43,053 - ERROR - CaseID: 765
规划列缺少以下函数：
  名称: vla_control, 参数: {"action": "park", "point_tag": "HERE", "position": "\u5de6"}
规划列多出以下函数：
  名称: vla_control, 参数: {"action": "park", "position": "\u5de6"}
2026-03-23 15:49:43,054 - ERROR - CaseID: 766
规划列缺少以下函数：
  名称: vla_control, 参数: {"action": "park", "point_tag": "HERE", "position": "\u53f3"}
规划列多出以下函数：
  名称: vla_control, 参数: {"action": "park", "position": "\u53f3"}
2026-03-23 15:49:43,054 - ERROR - CaseID: 767
规划列缺少以下函数：
  名称: vla_control, 参数: {"action": "park", "point_tag": "HERE", "position": "\u4e2d"}
规划列多出以下函数：
  名称: vla_control, 参数: {"action": "park", "position": "\u4e2d"}
2026-03-23 15:49:43,056 - ERROR - CaseID: 807
规划列缺少以下函数：
  名称: vla_control, 参数: {"action": "pause_park_in"}
规划列多出以下函数：
  名称: vla_control, 参数: {"action": "cancel_park_in"}
2026-03-23 15:49:43,056 - WARNING - 单行JSON解析失败（原始字符串：{"name":"vla_control","arguments":{"action":"pause_park","point_desc":{"parking_space":"车位"}}}}...）: Extra data: line 1 column 95 (char 94)
2026-03-23 15:49:43,056 - ERROR - CaseID: 814
函数数量不匹配：预期0个，规划1个
2026-03-23 15:49:43,056 - WARNING - 单行JSON解析失败（原始字符串：{"name":"vla_control","arguments":{"action":"pause_park","point_desc":{"parking_space":"车位"}}}}...）: Extra data: line 1 column 95 (char 94)
2026-03-23 15:49:43,056 - ERROR - CaseID: 815
函数数量不匹配：预期0个，规划1个
2026-03-23 15:49:43,056 - WARNING - 单行JSON解析失败（原始字符串：{"name":"vla_control","arguments":{"action":"pause_park","point_desc":{"parking_space":"车位"}}}}...）: Extra data: line 1 column 95 (char 94)
2026-03-23 15:49:43,056 - ERROR - CaseID: 816
函数数量不匹配：预期0个，规划1个
2026-03-23 15:49:43,057 - WARNING - 单行JSON解析失败（原始字符串：{"name":"vla_control","arguments":{"action":"pause_park","point_desc":{"parking_space":"车位"}}}}...）: Extra data: line 1 column 95 (char 94)
2026-03-23 15:49:43,057 - ERROR - CaseID: 817
函数数量不匹配：预期0个，规划1个
2026-03-23 15:49:43,057 - WARNING - 单行JSON解析失败（原始字符串：{"name":"vla_control","arguments":{"action":"pause_park","point_desc":{"parking_space":"车位"}}}}...）: Extra data: line 1 column 95 (char 94)
2026-03-23 15:49:43,057 - ERROR - CaseID: 818
函数数量不匹配：预期0个，规划1个
2026-03-23 15:49:43,057 - WARNING - 单行JSON解析失败（原始字符串：{"name":"vla_control","arguments":{"action":"pause_park","point_desc":{"parking_space":"车位"}}}}...）: Extra data: line 1 column 95 (char 94)
2026-03-23 15:49:43,057 - ERROR - CaseID: 819
函数数量不匹配：预期0个，规划1个
2026-03-23 15:49:43,057 - WARNING - 单行JSON解析失败（原始字符串：{"name":"vla_control","arguments":{"action":"pause_park","point_desc":{"parking_space":"车位"}}}}...）: Extra data: line 1 column 95 (char 94)
2026-03-23 15:49:43,057 - ERROR - CaseID: 820
函数数量不匹配：预期0个，规划1个
2026-03-23 15:49:43,057 - WARNING - 单行JSON解析失败（原始字符串：{"name":"vla_control","arguments":{"action":"pause_park","point_desc":{"parking_space":"车位"}}}}...）: Extra data: line 1 column 95 (char 94)
2026-03-23 15:49:43,057 - ERROR - CaseID: 821
函数数量不匹配：预期0个，规划1个
2026-03-23 15:49:43,057 - WARNING - 单行JSON解析失败（原始字符串：{"name":"vla_control","arguments":{"action":"pause_park","point_desc":{"parking_space":"车位"}}}}...）: Extra data: line 1 column 95 (char 94)
2026-03-23 15:49:43,057 - ERROR - CaseID: 822
函数数量不匹配：预期0个，规划1个
2026-03-23 15:49:43,057 - WARNING - 单行JSON解析失败（原始字符串：{"name":"vla_control","arguments":{"action":"pause_park","point_desc":{"parking_space":"车位"}}}}...）: Extra data: line 1 column 95 (char 94)
2026-03-23 15:49:43,057 - ERROR - CaseID: 823
函数数量不匹配：预期0个，规划1个
2026-03-23 15:49:43,057 - WARNING - 单行JSON解析失败（原始字符串：{"name":"vla_control","arguments":{"action":"pause_park","point_desc":{"parking_space":"车位"}}}}...）: Extra data: line 1 column 95 (char 94)
2026-03-23 15:49:43,057 - ERROR - CaseID: 824
函数数量不匹配：预期0个，规划1个
2026-03-23 15:49:43,058 - WARNING - 单行JSON解析失败（原始字符串：{"name":"vla_control","arguments":{"action":"pause_park","point_desc":{"parking_space":"车位"}}}}...）: Extra data: line 1 column 95 (char 94)
2026-03-23 15:49:43,058 - ERROR - CaseID: 825
函数数量不匹配：预期0个，规划1个
2026-03-23 15:49:43,058 - WARNING - 单行JSON解析失败（原始字符串：{"name":"vla_control","arguments":{"action":"pause_park","point_desc":{"parking_space":"车位"}}}}...）: Extra data: line 1 column 95 (char 94)
2026-03-23 15:49:43,058 - ERROR - CaseID: 826
函数数量不匹配：预期0个，规划1个
2026-03-23 15:49:43,058 - WARNING - 单行JSON解析失败（原始字符串：{"name":"vla_control","arguments":{"action":"pause_park","point_desc":{"parking_space":"车位"}}}}...）: Extra data: line 1 column 95 (char 94)
2026-03-23 15:49:43,058 - ERROR - CaseID: 827
函数数量不匹配：预期0个，规划1个
2026-03-23 15:49:43,058 - WARNING - 单行JSON解析失败（原始字符串：{"name":"vla_control","arguments":{"action":"pause_park","point_desc":{"parking_space":"车位"}}}}...）: Extra data: line 1 column 95 (char 94)
2026-03-23 15:49:43,058 - ERROR - CaseID: 828
函数数量不匹配：预期0个，规划1个
2026-03-23 15:49:43,058 - WARNING - 单行JSON解析失败（原始字符串：{"name":"vla_control","arguments":{"action":"pause_park","point_desc":{"parking_space":"车位"}}}}...）: Extra data: line 1 column 95 (char 94)
2026-03-23 15:49:43,058 - ERROR - CaseID: 829
函数数量不匹配：预期0个，规划1个
2026-03-23 15:49:43,058 - WARNING - 单行JSON解析失败（原始字符串：{"name":"vla_control","arguments":{"action":"pause_park","point_desc":{"parking_space":"车位"}}}}...）: Extra data: line 1 column 95 (char 94)
2026-03-23 15:49:43,058 - ERROR - CaseID: 830
函数数量不匹配：预期0个，规划1个
2026-03-23 15:49:43,058 - WARNING - 单行JSON解析失败（原始字符串：{"name":"vla_control","arguments":{"action":"pause_park","point_desc":{"parking_space":"车位"}}}}...）: Extra data: line 1 column 95 (char 94)
2026-03-23 15:49:43,058 - ERROR - CaseID: 831
函数数量不匹配：预期0个，规划1个
2026-03-23 15:49:43,058 - WARNING - 单行JSON解析失败（原始字符串：{"name":"vla_control","arguments":{"action":"pause_park","point_desc":{"parking_space":"车位"}}}}...）: Extra data: line 1 column 95 (char 94)
2026-03-23 15:49:43,058 - ERROR - CaseID: 832
函数数量不匹配：预期0个，规划1个
2026-03-23 15:49:43,059 - WARNING - 单行JSON解析失败（原始字符串：{"name":"vla_control","arguments":{"action":"pause_park","point_desc":{"parking_space":"车位"}}}}...）: Extra data: line 1 column 95 (char 94)
2026-03-23 15:49:43,059 - ERROR - CaseID: 833
函数数量不匹配：预期0个，规划1个
2026-03-23 15:49:43,059 - WARNING - 单行JSON解析失败（原始字符串：{"name":"vla_control","arguments":{"action":"pause_park_in","point_desc":{"parking_space":"车位"}}}}...）: Extra data: line 1 column 98 (char 97)
2026-03-23 15:49:43,059 - ERROR - CaseID: 834
函数数量不匹配：预期0个，规划1个
2026-03-23 15:49:43,059 - WARNING - 单行JSON解析失败（原始字符串：{"name":"vla_control","arguments":{"action":"pause_park_in","point_desc":{"parking_space":"车位"}}}}...）: Extra data: line 1 column 98 (char 97)
2026-03-23 15:49:43,059 - ERROR - CaseID: 835
函数数量不匹配：预期0个，规划1个
2026-03-23 15:49:43,059 - WARNING - 单行JSON解析失败（原始字符串：{"name":"vla_control","arguments":{"action":"pause_park_in","point_desc":{"parking_space":"车位"}}}}...）: Extra data: line 1 column 98 (char 97)
2026-03-23 15:49:43,059 - ERROR - CaseID: 836
函数数量不匹配：预期0个，规划1个
2026-03-23 15:49:43,059 - WARNING - 单行JSON解析失败（原始字符串：{"name":"vla_control","arguments":{"action":"pause_park_in","point_desc":{"parking_space":"车位"}}}}...）: Extra data: line 1 column 98 (char 97)
2026-03-23 15:49:43,059 - ERROR - CaseID: 837
函数数量不匹配：预期0个，规划1个
2026-03-23 15:49:43,059 - WARNING - 单行JSON解析失败（原始字符串：{"name":"vla_control","arguments":{"action":"pause_park_in","point_desc":{"parking_space":"车位"}}}}...）: Extra data: line 1 column 98 (char 97)
2026-03-23 15:49:43,059 - ERROR - CaseID: 838
函数数量不匹配：预期0个，规划1个
2026-03-23 15:49:43,059 - WARNING - 单行JSON解析失败（原始字符串：{"name":"vla_control","arguments":{"action":"pause_park_in","point_desc":{"parking_space":"车位"}}}}...）: Extra data: line 1 column 98 (char 97)
2026-03-23 15:49:43,059 - ERROR - CaseID: 839
函数数量不匹配：预期0个，规划1个
2026-03-23 15:49:43,059 - WARNING - 单行JSON解析失败（原始字符串：{"name":"vla_control","arguments":{"action":"pause_park_in","point_desc":{"parking_space":"车位"}}}}...）: Extra data: line 1 column 98 (char 97)
2026-03-23 15:49:43,059 - ERROR - CaseID: 840
函数数量不匹配：预期0个，规划1个
2026-03-23 15:49:43,059 - WARNING - 单行JSON解析失败（原始字符串：{"name":"vla_control","arguments":{"action":"pause_park_in","point_desc":{"parking_space":"车位"}}}}...）: Extra data: line 1 column 98 (char 97)
2026-03-23 15:49:43,060 - ERROR - CaseID: 841
函数数量不匹配：预期0个，规划1个
2026-03-23 15:49:43,060 - WARNING - 单行JSON解析失败（原始字符串：{"name":"vla_control","arguments":{"action":"pause_park_in","point_desc":{"parking_space":"车位"}}}}...）: Extra data: line 1 column 98 (char 97)
2026-03-23 15:49:43,060 - ERROR - CaseID: 842
函数数量不匹配：预期0个，规划1个
2026-03-23 15:49:43,060 - WARNING - 单行JSON解析失败（原始字符串：{"name":"vla_control","arguments":{"action":"pause_park_in","point_desc":{"parking_space":"车位"}}}}...）: Extra data: line 1 column 98 (char 97)
2026-03-23 15:49:43,060 - ERROR - CaseID: 843
函数数量不匹配：预期0个，规划1个
2026-03-23 15:49:43,060 - WARNING - 单行JSON解析失败（原始字符串：{"name":"vla_control","arguments":{"action":"pause_park_in","point_desc":{"parking_space":"车位"}}}}...）: Extra data: line 1 column 98 (char 97)
2026-03-23 15:49:43,060 - ERROR - CaseID: 844
函数数量不匹配：预期0个，规划1个
2026-03-23 15:49:43,060 - WARNING - 单行JSON解析失败（原始字符串：{"name":"vla_control","arguments":{"action":"pause_park_in","point_desc":{"parking_space":"车位"}}}}...）: Extra data: line 1 column 98 (char 97)
2026-03-23 15:49:43,060 - ERROR - CaseID: 845
函数数量不匹配：预期0个，规划1个
2026-03-23 15:49:43,060 - WARNING - 单行JSON解析失败（原始字符串：{"name":"vla_control","arguments":{"action":"pause_park_in","point_desc":{"parking_space":"车位"}}}}...）: Extra data: line 1 column 98 (char 97)
2026-03-23 15:49:43,061 - ERROR - CaseID: 846
函数数量不匹配：预期0个，规划1个
2026-03-23 15:49:43,061 - WARNING - 单行JSON解析失败（原始字符串：{"name":"vla_control","arguments":{"action":"pause_park_in","point_desc":{"parking_space":"车位"}}}}...）: Extra data: line 1 column 98 (char 97)
2026-03-23 15:49:43,061 - ERROR - CaseID: 847
函数数量不匹配：预期0个，规划1个
2026-03-23 15:49:43,061 - WARNING - 单行JSON解析失败（原始字符串：{"name":"vla_control","arguments":{"action":"pause_park_in","point_desc":{"parking_space":"车位"}}}}...）: Extra data: line 1 column 98 (char 97)
2026-03-23 15:49:43,061 - ERROR - CaseID: 848
函数数量不匹配：预期0个，规划1个
2026-03-23 15:49:43,061 - WARNING - 单行JSON解析失败（原始字符串：{"name":"vla_control","arguments":{"action":"pause_park_in","point_desc":{"parking_space":"车位"}}}}...）: Extra data: line 1 column 98 (char 97)
2026-03-23 15:49:43,061 - ERROR - CaseID: 849
函数数量不匹配：预期0个，规划1个
2026-03-23 15:49:43,061 - WARNING - 单行JSON解析失败（原始字符串：{"name":"vla_control","arguments":{"action":"pause_park_in","point_desc":{"parking_space":"车位"}}}}...）: Extra data: line 1 column 98 (char 97)
2026-03-23 15:49:43,061 - ERROR - CaseID: 850
函数数量不匹配：预期0个，规划1个
2026-03-23 15:49:43,061 - WARNING - 单行JSON解析失败（原始字符串：{"name":"vla_control","arguments":{"action":"pause_park_in","point_desc":{"parking_space":"车位"}}}}...）: Extra data: line 1 column 98 (char 97)
2026-03-23 15:49:43,061 - ERROR - CaseID: 851
函数数量不匹配：预期0个，规划1个
2026-03-23 15:49:43,061 - WARNING - 单行JSON解析失败（原始字符串：{"name":"vla_control","arguments":{"action":"pause_park_in","point_desc":{"parking_space":"车位"}}}}...）: Extra data: line 1 column 98 (char 97)
2026-03-23 15:49:43,061 - ERROR - CaseID: 852
函数数量不匹配：预期0个，规划1个
2026-03-23 15:49:43,061 - WARNING - 单行JSON解析失败（原始字符串：{"name":"vla_control","arguments":{"action":"pause_park_in","point_desc":{"parking_space":"车位"}}}}...）: Extra data: line 1 column 98 (char 97)
2026-03-23 15:49:43,061 - ERROR - CaseID: 853
函数数量不匹配：预期0个，规划1个
2026-03-23 15:49:43,061 - WARNING - 单行JSON解析失败（原始字符串：{"name":"vla_control","arguments":{"action":"pause_navigate","point_desc":{"parking_space":"车位"}}}}...）: Extra data: line 1 column 99 (char 98)
2026-03-23 15:49:43,062 - ERROR - CaseID: 854
函数数量不匹配：预期0个，规划1个
2026-03-23 15:49:43,062 - WARNING - 单行JSON解析失败（原始字符串：{"name":"vla_control","arguments":{"action":"pause_navigate","point_desc":{"parking_space":"车位"}}}}...）: Extra data: line 1 column 99 (char 98)
2026-03-23 15:49:43,062 - ERROR - CaseID: 855
函数数量不匹配：预期0个，规划1个
2026-03-23 15:49:43,062 - WARNING - 单行JSON解析失败（原始字符串：{"name":"vla_control","arguments":{"action":"pause_navigate","point_desc":{"parking_space":"车位"}}}}...）: Extra data: line 1 column 99 (char 98)
2026-03-23 15:49:43,062 - ERROR - CaseID: 856
函数数量不匹配：预期0个，规划1个
2026-03-23 15:49:43,062 - WARNING - 单行JSON解析失败（原始字符串：{"name":"vla_control","arguments":{"action":"pause_navigate","point_desc":{"parking_space":"车位"}}}}...）: Extra data: line 1 column 99 (char 98)
2026-03-23 15:49:43,062 - ERROR - CaseID: 857
函数数量不匹配：预期0个，规划1个
2026-03-23 15:49:43,062 - WARNING - 单行JSON解析失败（原始字符串：{"name":"vla_control","arguments":{"action":"pause_navigate","point_desc":{"parking_space":"车位"}}}}...）: Extra data: line 1 column 99 (char 98)
2026-03-23 15:49:43,062 - ERROR - CaseID: 858
函数数量不匹配：预期0个，规划1个
2026-03-23 15:49:43,062 - WARNING - 单行JSON解析失败（原始字符串：{"name":"vla_control","arguments":{"action":"pause_navigate","point_desc":{"parking_space":"车位"}}}}...）: Extra data: line 1 column 99 (char 98)
2026-03-23 15:49:43,062 - ERROR - CaseID: 859
函数数量不匹配：预期0个，规划1个
2026-03-23 15:49:43,062 - WARNING - 单行JSON解析失败（原始字符串：{"name":"vla_control","arguments":{"action":"pause_navigate","point_desc":{"parking_space":"车位"}}}}...）: Extra data: line 1 column 99 (char 98)
2026-03-23 15:49:43,062 - ERROR - CaseID: 860
函数数量不匹配：预期0个，规划1个
2026-03-23 15:49:43,062 - WARNING - 单行JSON解析失败（原始字符串：{"name":"vla_control","arguments":{"action":"pause_navigate","point_desc":{"parking_space":"车位"}}}}...）: Extra data: line 1 column 99 (char 98)
2026-03-23 15:49:43,062 - ERROR - CaseID: 861
函数数量不匹配：预期0个，规划1个
2026-03-23 15:49:43,062 - WARNING - 单行JSON解析失败（原始字符串：{"name":"vla_control","arguments":{"action":"pause_navigate","point_desc":{"parking_space":"车位"}}}}...）: Extra data: line 1 column 99 (char 98)
2026-03-23 15:49:43,063 - ERROR - CaseID: 862
函数数量不匹配：预期0个，规划1个
2026-03-23 15:49:43,063 - WARNING - 单行JSON解析失败（原始字符串：{"name":"vla_control","arguments":{"action":"pause_navigate","point_desc":{"parking_space":"车位"}}}}...）: Extra data: line 1 column 99 (char 98)
2026-03-23 15:49:43,063 - ERROR - CaseID: 863
函数数量不匹配：预期0个，规划1个
2026-03-23 15:49:43,063 - WARNING - 单行JSON解析失败（原始字符串：{"name":"vla_control","arguments":{"action":"pause_navigate","point_desc":{"parking_space":"车位"}}}}...）: Extra data: line 1 column 99 (char 98)
2026-03-23 15:49:43,063 - ERROR - CaseID: 864
函数数量不匹配：预期0个，规划1个
2026-03-23 15:49:43,063 - WARNING - 单行JSON解析失败（原始字符串：{"name":"vla_control","arguments":{"action":"pause_navigate","point_desc":{"parking_space":"车位"}}}}...）: Extra data: line 1 column 99 (char 98)
2026-03-23 15:49:43,063 - ERROR - CaseID: 865
函数数量不匹配：预期0个，规划1个
2026-03-23 15:49:43,063 - WARNING - 单行JSON解析失败（原始字符串：{"name":"vla_control","arguments":{"action":"pause_navigate","point_desc":{"parking_space":"车位"}}}}...）: Extra data: line 1 column 99 (char 98)
2026-03-23 15:49:43,063 - ERROR - CaseID: 866
函数数量不匹配：预期0个，规划1个
2026-03-23 15:49:43,063 - WARNING - 单行JSON解析失败（原始字符串：{"name":"vla_control","arguments":{"action":"pause_navigate","point_desc":{"parking_space":"车位"}}}}...）: Extra data: line 1 column 99 (char 98)
2026-03-23 15:49:43,063 - ERROR - CaseID: 867
函数数量不匹配：预期0个，规划1个
2026-03-23 15:49:43,063 - WARNING - 单行JSON解析失败（原始字符串：{"name":"vla_control","arguments":{"action":"pause_navigate","point_desc":{"parking_space":"车位"}}}}...）: Extra data: line 1 column 99 (char 98)
2026-03-23 15:49:43,063 - ERROR - CaseID: 868
函数数量不匹配：预期0个，规划1个
2026-03-23 15:49:43,063 - WARNING - 单行JSON解析失败（原始字符串：{"name":"vla_control","arguments":{"action":"pause_navigate","point_desc":{"parking_space":"车位"}}}}...）: Extra data: line 1 column 99 (char 98)
2026-03-23 15:49:43,063 - ERROR - CaseID: 869
函数数量不匹配：预期0个，规划1个
2026-03-23 15:49:43,063 - WARNING - 单行JSON解析失败（原始字符串：{"name":"vla_control","arguments":{"action":"pause_navigate","point_desc":{"parking_space":"车位"}}}}...）: Extra data: line 1 column 99 (char 98)
2026-03-23 15:49:43,063 - ERROR - CaseID: 870
函数数量不匹配：预期0个，规划1个
2026-03-23 15:49:43,064 - WARNING - 单行JSON解析失败（原始字符串：{"name":"vla_control","arguments":{"action":"pause_navigate","point_desc":{"parking_space":"车位"}}}}...）: Extra data: line 1 column 99 (char 98)
2026-03-23 15:49:43,064 - ERROR - CaseID: 871
函数数量不匹配：预期0个，规划1个
2026-03-23 15:49:43,064 - WARNING - 单行JSON解析失败（原始字符串：{"name":"vla_control","arguments":{"action":"pause_navigate","point_desc":{"parking_space":"车位"}}}}...）: Extra data: line 1 column 99 (char 98)
2026-03-23 15:49:43,064 - ERROR - CaseID: 872
函数数量不匹配：预期0个，规划1个
2026-03-23 15:49:43,064 - WARNING - 单行JSON解析失败（原始字符串：{"name":"vla_control","arguments":{"action":"pause_navigate","point_desc":{"parking_space":"车位"}}}}...）: Extra data: line 1 column 99 (char 98)
2026-03-23 15:49:43,064 - ERROR - CaseID: 873
函数数量不匹配：预期0个，规划1个
2026-03-23 15:49:43,064 - ERROR - CaseID: 880
规划列缺少以下函数：
  名称: vla_control, 参数: {"action": "pause_park"}
规划列多出以下函数：
  名称: vla_control, 参数: {"action": "park"}
2026-03-23 15:49:43,065 - ERROR - CaseID: 891
函数数量不匹配：预期1个，规划0个
规划列无有效函数
2026-03-23 15:49:43,065 - ERROR - CaseID: 895
规划列缺少以下函数：
  名称: vla_control, 参数: {"action": "pause_park", "point_tag": "HERE"}
规划列多出以下函数：
  名称: vla_control, 参数: {"action": "pause_drive"}
2026-03-23 15:49:43,066 - ERROR - CaseID: 904
规划列缺少以下函数：
  名称: vla_control, 参数: {"action": "pause_park", "point_tag": "HERE"}
规划列多出以下函数：
  名称: vla_control, 参数: {"action": "pause_drive"}
2026-03-23 15:49:43,066 - ERROR - CaseID: 905
规划列缺少以下函数：
  名称: vla_control, 参数: {"action": "pause_park", "point_tag": "HERE"}
规划列多出以下函数：
  名称: global_control, 参数: {"action": "pause"}
2026-03-23 15:49:43,066 - ERROR - CaseID: 906
规划列缺少以下函数：
  名称: vla_control, 参数: {"action": "pause_park", "point_tag": "HERE"}
规划列多出以下函数：
  名称: global_control, 参数: {"action": "pause"}
2026-03-23 15:49:43,066 - ERROR - CaseID: 913
规划列缺少以下函数：
  名称: vla_control, 参数: {"action": "pause_park", "point_tag": "HERE"}
规划列多出以下函数：
  名称: global_control, 参数: {"action": "pause"}
2026-03-23 15:49:43,067 - ERROR - CaseID: 925
规划列缺少以下函数：
  名称: vla_control, 参数: {"action": "cancel_getoff_park"}
规划列多出以下函数：
  名称: vla_control, 参数: {"action": "cancel_getoff_park", "position": "\u9760\u4e2d"}
2026-03-23 15:49:43,068 - ERROR - CaseID: 931
规划列缺少以下函数：
  名称: vla_control, 参数: {"action": "cancel_getoff_park"}
规划列多出以下函数：
  名称: vla_control, 参数: {"action": "cancel_park_in"}
2026-03-23 15:49:43,069 - ERROR - CaseID: 949
规划列缺少以下函数：
  名称: vla_control, 参数: {"action": "cancel_park_in"}
规划列多出以下函数：
  名称: vla_control, 参数: {"action": "cancel_park_out"}
2026-03-23 15:49:43,070 - WARNING - 单行JSON解析失败（原始字符串：{"name":"vla_control","arguments":{"action":"cancel_park","point_desc":{"parking_space":"车位"}}}}...）: Extra data: line 1 column 96 (char 95)
2026-03-23 15:49:43,070 - ERROR - CaseID: 954
函数数量不匹配：预期0个，规划1个
2026-03-23 15:49:43,070 - WARNING - 单行JSON解析失败（原始字符串：{"name":"vla_control","arguments":{"action":"cancel_park","point_desc":{"parking_space":"车位"}}}}...）: Extra data: line 1 column 96 (char 95)
2026-03-23 15:49:43,070 - ERROR - CaseID: 955
函数数量不匹配：预期0个，规划1个
2026-03-23 15:49:43,070 - WARNING - 单行JSON解析失败（原始字符串：{"name":"vla_control","arguments":{"action":"cancel_park","point_desc":{"parking_space":"车位"}}}}...）: Extra data: line 1 column 96 (char 95)
2026-03-23 15:49:43,070 - ERROR - CaseID: 956
函数数量不匹配：预期0个，规划1个
2026-03-23 15:49:43,070 - WARNING - 单行JSON解析失败（原始字符串：{"name":"vla_control","arguments":{"action":"cancel_park","point_desc":{"parking_space":"车位"}}}}...）: Extra data: line 1 column 96 (char 95)
2026-03-23 15:49:43,070 - ERROR - CaseID: 957
函数数量不匹配：预期0个，规划1个
2026-03-23 15:49:43,070 - WARNING - 单行JSON解析失败（原始字符串：{"name":"vla_control","arguments":{"action":"cancel_park","point_desc":{"parking_space":"车位"}}}}...）: Extra data: line 1 column 96 (char 95)
2026-03-23 15:49:43,070 - ERROR - CaseID: 958
函数数量不匹配：预期0个，规划1个
2026-03-23 15:49:43,070 - WARNING - 单行JSON解析失败（原始字符串：{"name":"vla_control","arguments":{"action":"cancel_park","point_desc":{"parking_space":"车位"}}}}...）: Extra data: line 1 column 96 (char 95)
2026-03-23 15:49:43,070 - ERROR - CaseID: 959
函数数量不匹配：预期0个，规划1个
2026-03-23 15:49:43,070 - WARNING - 单行JSON解析失败（原始字符串：{"name":"vla_control","arguments":{"action":"cancel_park","point_desc":{"parking_space":"车位"}}}}...）: Extra data: line 1 column 96 (char 95)
2026-03-23 15:49:43,070 - ERROR - CaseID: 960
函数数量不匹配：预期0个，规划1个
2026-03-23 15:49:43,071 - WARNING - 单行JSON解析失败（原始字符串：{"name":"vla_control","arguments":{"action":"cancel_park","point_desc":{"parking_space":"车位"}}}}...）: Extra data: line 1 column 96 (char 95)
2026-03-23 15:49:43,071 - ERROR - CaseID: 961
函数数量不匹配：预期0个，规划1个
2026-03-23 15:49:43,071 - WARNING - 单行JSON解析失败（原始字符串：{"name":"vla_control","arguments":{"action":"cancel_park","point_desc":{"parking_space":"车位"}}}}...）: Extra data: line 1 column 96 (char 95)
2026-03-23 15:49:43,071 - ERROR - CaseID: 962
函数数量不匹配：预期0个，规划1个
2026-03-23 15:49:43,071 - WARNING - 单行JSON解析失败（原始字符串：{"name":"vla_control","arguments":{"action":"cancel_park","point_desc":{"parking_space":"车位"}}}}...）: Extra data: line 1 column 96 (char 95)
2026-03-23 15:49:43,071 - ERROR - CaseID: 963
函数数量不匹配：预期0个，规划1个
2026-03-23 15:49:43,071 - WARNING - 单行JSON解析失败（原始字符串：{"name":"vla_control","arguments":{"action":"cancel_park","point_desc":{"parking_space":"车位"}}}}...）: Extra data: line 1 column 96 (char 95)
2026-03-23 15:49:43,071 - ERROR - CaseID: 964
函数数量不匹配：预期0个，规划1个
2026-03-23 15:49:43,071 - WARNING - 单行JSON解析失败（原始字符串：{"name":"vla_control","arguments":{"action":"cancel_park","point_desc":{"parking_space":"车位"}}}}...）: Extra data: line 1 column 96 (char 95)
2026-03-23 15:49:43,071 - ERROR - CaseID: 965
函数数量不匹配：预期0个，规划1个
2026-03-23 15:49:43,071 - WARNING - 单行JSON解析失败（原始字符串：{"name":"vla_control","arguments":{"action":"cancel_park","point_desc":{"parking_space":"车位"}}}}...）: Extra data: line 1 column 96 (char 95)
2026-03-23 15:49:43,071 - ERROR - CaseID: 966
函数数量不匹配：预期0个，规划1个
2026-03-23 15:49:43,071 - WARNING - 单行JSON解析失败（原始字符串：{"name":"vla_control","arguments":{"action":"cancel_park","point_desc":{"parking_space":"车位"}}}}...）: Extra data: line 1 column 96 (char 95)
2026-03-23 15:49:43,071 - ERROR - CaseID: 967
函数数量不匹配：预期0个，规划1个
2026-03-23 15:49:43,071 - WARNING - 单行JSON解析失败（原始字符串：{"name":"vla_control","arguments":{"action":"cancel_park","point_desc":{"parking_space":"车位"}}}}...）: Extra data: line 1 column 96 (char 95)
2026-03-23 15:49:43,071 - ERROR - CaseID: 968
函数数量不匹配：预期0个，规划1个
2026-03-23 15:49:43,071 - WARNING - 单行JSON解析失败（原始字符串：{"name":"vla_control","arguments":{"action":"cancel_park","point_desc":{"parking_space":"车位"}}}}...）: Extra data: line 1 column 96 (char 95)
2026-03-23 15:49:43,072 - ERROR - CaseID: 969
函数数量不匹配：预期0个，规划1个
2026-03-23 15:49:43,072 - WARNING - 单行JSON解析失败（原始字符串：{"name":"vla_control","arguments":{"action":"cancel_park","point_desc":{"parking_space":"车位"}}}}...）: Extra data: line 1 column 96 (char 95)
2026-03-23 15:49:43,072 - ERROR - CaseID: 970
函数数量不匹配：预期0个，规划1个
2026-03-23 15:49:43,072 - WARNING - 单行JSON解析失败（原始字符串：{"name":"vla_control","arguments":{"action":"cancel_park","point_desc":{"parking_space":"车位"}}}}...）: Extra data: line 1 column 96 (char 95)
2026-03-23 15:49:43,072 - ERROR - CaseID: 971
函数数量不匹配：预期0个，规划1个
2026-03-23 15:49:43,072 - WARNING - 单行JSON解析失败（原始字符串：{"name":"vla_control","arguments":{"action":"cancel_park","point_desc":{"parking_space":"车位"}}}}...）: Extra data: line 1 column 96 (char 95)
2026-03-23 15:49:43,072 - ERROR - CaseID: 972
函数数量不匹配：预期0个，规划1个
2026-03-23 15:49:43,072 - WARNING - 单行JSON解析失败（原始字符串：{"name":"vla_control","arguments":{"action":"cancel_park","point_desc":{"parking_space":"车位"}}}}...）: Extra data: line 1 column 96 (char 95)
2026-03-23 15:49:43,072 - ERROR - CaseID: 973
函数数量不匹配：预期0个，规划1个
2026-03-23 15:49:43,072 - WARNING - 单行JSON解析失败（原始字符串：{"name":"vla_control","arguments":{"action":"cancel_park_in","point_desc":{"parking_space":"车位"}}}}...）: Extra data: line 1 column 99 (char 98)
2026-03-23 15:49:43,072 - ERROR - CaseID: 974
函数数量不匹配：预期0个，规划1个
2026-03-23 15:49:43,072 - WARNING - 单行JSON解析失败（原始字符串：{"name":"vla_control","arguments":{"action":"cancel_park_in","point_desc":{"parking_space":"车位"}}}}...）: Extra data: line 1 column 99 (char 98)
2026-03-23 15:49:43,072 - ERROR - CaseID: 975
函数数量不匹配：预期0个，规划1个
2026-03-23 15:49:43,072 - WARNING - 单行JSON解析失败（原始字符串：{"name":"vla_control","arguments":{"action":"cancel_park_in","point_desc":{"parking_space":"车位"}}}}...）: Extra data: line 1 column 99 (char 98)
2026-03-23 15:49:43,072 - ERROR - CaseID: 976
函数数量不匹配：预期0个，规划1个
2026-03-23 15:49:43,072 - WARNING - 单行JSON解析失败（原始字符串：{"name":"vla_control","arguments":{"action":"cancel_park_in","point_desc":{"parking_space":"车位"}}}}...）: Extra data: line 1 column 99 (char 98)
2026-03-23 15:49:43,072 - ERROR - CaseID: 977
函数数量不匹配：预期0个，规划1个
2026-03-23 15:49:43,072 - WARNING - 单行JSON解析失败（原始字符串：{"name":"vla_control","arguments":{"action":"cancel_park_in","point_desc":{"parking_space":"车位"}}}}...）: Extra data: line 1 column 99 (char 98)
2026-03-23 15:49:43,073 - ERROR - CaseID: 978
函数数量不匹配：预期0个，规划1个
2026-03-23 15:49:43,073 - WARNING - 单行JSON解析失败（原始字符串：{"name":"vla_control","arguments":{"action":"cancel_park_in","point_desc":{"parking_space":"车位"}}}}...）: Extra data: line 1 column 99 (char 98)
2026-03-23 15:49:43,073 - ERROR - CaseID: 979
函数数量不匹配：预期0个，规划1个
2026-03-23 15:49:43,073 - WARNING - 单行JSON解析失败（原始字符串：{"name":"vla_control","arguments":{"action":"cancel_park_in","point_desc":{"parking_space":"车位"}}}}...）: Extra data: line 1 column 99 (char 98)
2026-03-23 15:49:43,073 - ERROR - CaseID: 980
函数数量不匹配：预期0个，规划1个
2026-03-23 15:49:43,073 - WARNING - 单行JSON解析失败（原始字符串：{"name":"vla_control","arguments":{"action":"cancel_park_in","point_desc":{"parking_space":"车位"}}}}...）: Extra data: line 1 column 99 (char 98)
2026-03-23 15:49:43,073 - ERROR - CaseID: 981
函数数量不匹配：预期0个，规划1个
2026-03-23 15:49:43,073 - WARNING - 单行JSON解析失败（原始字符串：{"name":"vla_control","arguments":{"action":"cancel_park_in","point_desc":{"parking_space":"车位"}}}}...）: Extra data: line 1 column 99 (char 98)
2026-03-23 15:49:43,073 - ERROR - CaseID: 982
函数数量不匹配：预期0个，规划1个
2026-03-23 15:49:43,073 - WARNING - 单行JSON解析失败（原始字符串：{"name":"vla_control","arguments":{"action":"cancel_park_in","point_desc":{"parking_space":"车位"}}}}...）: Extra data: line 1 column 99 (char 98)
2026-03-23 15:49:43,073 - ERROR - CaseID: 983
函数数量不匹配：预期0个，规划1个
2026-03-23 15:49:43,073 - WARNING - 单行JSON解析失败（原始字符串：{"name":"vla_control","arguments":{"action":"cancel_park_in","point_desc":{"parking_space":"车位"}}}}...）: Extra data: line 1 column 99 (char 98)
2026-03-23 15:49:43,073 - ERROR - CaseID: 984
函数数量不匹配：预期0个，规划1个
2026-03-23 15:49:43,073 - WARNING - 单行JSON解析失败（原始字符串：{"name":"vla_control","arguments":{"action":"cancel_park_in","point_desc":{"parking_space":"车位"}}}}...）: Extra data: line 1 column 99 (char 98)
2026-03-23 15:49:43,073 - ERROR - CaseID: 985
函数数量不匹配：预期0个，规划1个
2026-03-23 15:49:43,073 - WARNING - 单行JSON解析失败（原始字符串：{"name":"vla_control","arguments":{"action":"cancel_park_in","point_desc":{"parking_space":"车位"}}}}...）: Extra data: line 1 column 99 (char 98)
2026-03-23 15:49:43,073 - ERROR - CaseID: 986
函数数量不匹配：预期0个，规划1个
2026-03-23 15:49:43,074 - WARNING - 单行JSON解析失败（原始字符串：{"name":"vla_control","arguments":{"action":"cancel_park_in","point_desc":{"parking_space":"车位"}}}}...）: Extra data: line 1 column 99 (char 98)
2026-03-23 15:49:43,074 - ERROR - CaseID: 987
函数数量不匹配：预期0个，规划1个
2026-03-23 15:49:43,074 - WARNING - 单行JSON解析失败（原始字符串：{"name":"vla_control","arguments":{"action":"cancel_park_in","point_desc":{"parking_space":"车位"}}}}...）: Extra data: line 1 column 99 (char 98)
2026-03-23 15:49:43,074 - ERROR - CaseID: 988
函数数量不匹配：预期0个，规划1个
2026-03-23 15:49:43,074 - WARNING - 单行JSON解析失败（原始字符串：{"name":"vla_control","arguments":{"action":"cancel_park_in","point_desc":{"parking_space":"车位"}}}}...）: Extra data: line 1 column 99 (char 98)
2026-03-23 15:49:43,074 - ERROR - CaseID: 989
函数数量不匹配：预期0个，规划1个
2026-03-23 15:49:43,074 - WARNING - 单行JSON解析失败（原始字符串：{"name":"vla_control","arguments":{"action":"cancel_park_in","point_desc":{"parking_space":"车位"}}}}...）: Extra data: line 1 column 99 (char 98)
2026-03-23 15:49:43,074 - ERROR - CaseID: 990
函数数量不匹配：预期0个，规划1个
2026-03-23 15:49:43,074 - WARNING - 单行JSON解析失败（原始字符串：{"name":"vla_control","arguments":{"action":"cancel_park_in","point_desc":{"parking_space":"车位"}}}}...）: Extra data: line 1 column 99 (char 98)
2026-03-23 15:49:43,074 - ERROR - CaseID: 991
函数数量不匹配：预期0个，规划1个
2026-03-23 15:49:43,074 - WARNING - 单行JSON解析失败（原始字符串：{"name":"vla_control","arguments":{"action":"cancel_park_in","point_desc":{"parking_space":"车位"}}}}...）: Extra data: line 1 column 99 (char 98)
2026-03-23 15:49:43,074 - ERROR - CaseID: 992
函数数量不匹配：预期0个，规划1个
2026-03-23 15:49:43,074 - WARNING - 单行JSON解析失败（原始字符串：{"name":"vla_control","arguments":{"action":"cancel_park_in","point_desc":{"parking_space":"车位"}}}}...）: Extra data: line 1 column 99 (char 98)
2026-03-23 15:49:43,074 - ERROR - CaseID: 993
函数数量不匹配：预期0个，规划1个
2026-03-23 15:49:43,074 - WARNING - 单行JSON解析失败（原始字符串：{"name":"vla_control","arguments":{"action":"cancel_park_in","point_desc":{"parking_space":"车位"}}}}...）: Extra data: line 1 column 99 (char 98)
2026-03-23 15:49:43,074 - ERROR - CaseID: 994
函数数量不匹配：预期0个，规划1个
2026-03-23 15:49:43,074 - WARNING - 单行JSON解析失败（原始字符串：{"name":"vla_control","arguments":{"action":"cancel_park_in","point_desc":{"parking_space":"车位"}}}}...）: Extra data: line 1 column 99 (char 98)
2026-03-23 15:49:43,074 - ERROR - CaseID: 995
函数数量不匹配：预期0个，规划1个
2026-03-23 15:49:43,075 - WARNING - 单行JSON解析失败（原始字符串：{"name":"vla_control","arguments":{"action":"cancel_park_in","point_desc":{"parking_space":"车位"}}}}...）: Extra data: line 1 column 99 (char 98)
2026-03-23 15:49:43,075 - ERROR - CaseID: 996
函数数量不匹配：预期0个，规划1个
2026-03-23 15:49:43,075 - WARNING - 单行JSON解析失败（原始字符串：{"name":"vla_control","arguments":{"action":"cancel_navigate","point_desc":{"parking_space":"车位"}}}}...）: Extra data: line 1 column 100 (char 99)
2026-03-23 15:49:43,075 - ERROR - CaseID: 997
函数数量不匹配：预期0个，规划1个
2026-03-23 15:49:43,075 - WARNING - 单行JSON解析失败（原始字符串：{"name":"vla_control","arguments":{"action":"cancel_navigate","point_desc":{"parking_space":"车位"}}}}...）: Extra data: line 1 column 100 (char 99)
2026-03-23 15:49:43,075 - ERROR - CaseID: 998
函数数量不匹配：预期0个，规划1个
2026-03-23 15:49:43,075 - INFO - 已处理 1000 行数据
2026-03-23 15:49:43,075 - WARNING - 单行JSON解析失败（原始字符串：{"name":"vla_control","arguments":{"action":"cancel_navigate","point_desc":{"parking_space":"车位"}}}}...）: Extra data: line 1 column 100 (char 99)
2026-03-23 15:49:43,075 - ERROR - CaseID: 999
函数数量不匹配：预期0个，规划1个
2026-03-23 15:49:43,075 - WARNING - 单行JSON解析失败（原始字符串：{"name":"vla_control","arguments":{"action":"cancel_navigate","point_desc":{"parking_space":"车位"}}}}...）: Extra data: line 1 column 100 (char 99)
2026-03-23 15:49:43,075 - ERROR - CaseID: 1000
函数数量不匹配：预期0个，规划1个
2026-03-23 15:49:44,073 - WARNING - 单行JSON解析失败（原始字符串：{"name":"vla_control","arguments":{"action":"cancel_navigate","point_desc":{"parking_space":"车位"}}}}...）: Extra data: line 1 column 100 (char 99)
2026-03-23 15:49:44,074 - ERROR - CaseID: 1001
函数数量不匹配：预期0个，规划1个
2026-03-23 15:49:44,074 - WARNING - 单行JSON解析失败（原始字符串：{"name":"vla_control","arguments":{"action":"cancel_navigate","point_desc":{"parking_space":"车位"}}}}...）: Extra data: line 1 column 100 (char 99)
2026-03-23 15:49:44,074 - ERROR - CaseID: 1002
函数数量不匹配：预期0个，规划1个
2026-03-23 15:49:44,074 - WARNING - 单行JSON解析失败（原始字符串：{"name":"vla_control","arguments":{"action":"cancel_navigate","point_desc":{"parking_space":"车位"}}}}...）: Extra data: line 1 column 100 (char 99)
2026-03-23 15:49:44,074 - ERROR - CaseID: 1003
函数数量不匹配：预期0个，规划1个
2026-03-23 15:49:44,075 - WARNING - 单行JSON解析失败（原始字符串：{"name":"vla_control","arguments":{"action":"cancel_navigate","point_desc":{"parking_space":"车位"}}}}...）: Extra data: line 1 column 100 (char 99)
2026-03-23 15:49:44,075 - ERROR - CaseID: 1004
函数数量不匹配：预期0个，规划1个
2026-03-23 15:49:44,075 - WARNING - 单行JSON解析失败（原始字符串：{"name":"vla_control","arguments":{"action":"cancel_navigate","point_desc":{"parking_space":"车位"}}}}...）: Extra data: line 1 column 100 (char 99)
2026-03-23 15:49:44,075 - ERROR - CaseID: 1005
函数数量不匹配：预期0个，规划1个
2026-03-23 15:49:44,075 - WARNING - 单行JSON解析失败（原始字符串：{"name":"vla_control","arguments":{"action":"cancel_navigate","point_desc":{"parking_space":"车位"}}}}...）: Extra data: line 1 column 100 (char 99)
2026-03-23 15:49:44,075 - ERROR - CaseID: 1006
函数数量不匹配：预期0个，规划1个
2026-03-23 15:49:44,075 - WARNING - 单行JSON解析失败（原始字符串：{"name":"vla_control","arguments":{"action":"cancel_navigate","point_desc":{"parking_space":"车位"}}}}...）: Extra data: line 1 column 100 (char 99)
2026-03-23 15:49:44,075 - ERROR - CaseID: 1007
函数数量不匹配：预期0个，规划1个
2026-03-23 15:49:44,075 - WARNING - 单行JSON解析失败（原始字符串：{"name":"vla_control","arguments":{"action":"cancel_navigate","point_desc":{"parking_space":"车位"}}}}...）: Extra data: line 1 column 100 (char 99)
2026-03-23 15:49:44,076 - ERROR - CaseID: 1008
函数数量不匹配：预期0个，规划1个
2026-03-23 15:49:44,076 - WARNING - 单行JSON解析失败（原始字符串：{"name":"vla_control","arguments":{"action":"cancel_navigate","point_desc":{"parking_space":"车位"}}}}...）: Extra data: line 1 column 100 (char 99)
2026-03-23 15:49:44,076 - ERROR - CaseID: 1009
函数数量不匹配：预期0个，规划1个
2026-03-23 15:49:44,076 - WARNING - 单行JSON解析失败（原始字符串：{"name":"vla_control","arguments":{"action":"cancel_navigate","point_desc":{"parking_space":"车位"}}}}...）: Extra data: line 1 column 100 (char 99)
2026-03-23 15:49:44,076 - ERROR - CaseID: 1010
函数数量不匹配：预期0个，规划1个
2026-03-23 15:49:44,076 - WARNING - 单行JSON解析失败（原始字符串：{"name":"vla_control","arguments":{"action":"cancel_navigate","point_desc":{"parking_space":"车位"}}}}...）: Extra data: line 1 column 100 (char 99)
2026-03-23 15:49:44,076 - ERROR - CaseID: 1011
函数数量不匹配：预期0个，规划1个
2026-03-23 15:49:44,077 - WARNING - 单行JSON解析失败（原始字符串：{"name":"vla_control","arguments":{"action":"cancel_navigate","point_desc":{"parking_space":"车位"}}}}...）: Extra data: line 1 column 100 (char 99)
2026-03-23 15:49:44,077 - ERROR - CaseID: 1012
函数数量不匹配：预期0个，规划1个
2026-03-23 15:49:44,077 - WARNING - 单行JSON解析失败（原始字符串：{"name":"vla_control","arguments":{"action":"cancel_navigate","point_desc":{"parking_space":"车位"}}}}...）: Extra data: line 1 column 100 (char 99)
2026-03-23 15:49:44,077 - ERROR - CaseID: 1013
函数数量不匹配：预期0个，规划1个
2026-03-23 15:49:44,077 - WARNING - 单行JSON解析失败（原始字符串：{"name":"vla_control","arguments":{"action":"cancel_navigate","point_desc":{"parking_space":"车位"}}}}...）: Extra data: line 1 column 100 (char 99)
2026-03-23 15:49:44,077 - ERROR - CaseID: 1014
函数数量不匹配：预期0个，规划1个
2026-03-23 15:49:44,077 - WARNING - 单行JSON解析失败（原始字符串：{"name":"vla_control","arguments":{"action":"cancel_navigate","point_desc":{"parking_space":"车位"}}}}...）: Extra data: line 1 column 100 (char 99)
2026-03-23 15:49:44,078 - ERROR - CaseID: 1015
函数数量不匹配：预期0个，规划1个
2026-03-23 15:49:44,078 - WARNING - 单行JSON解析失败（原始字符串：{"name":"vla_control","arguments":{"action":"cancel_navigate","point_desc":{"parking_space":"车位"}}}}...）: Extra data: line 1 column 100 (char 99)
2026-03-23 15:49:44,078 - ERROR - CaseID: 1016
函数数量不匹配：预期0个，规划1个
2026-03-23 15:49:44,078 - WARNING - 单行JSON解析失败（原始字符串：{"name":"vla_control","arguments":{"action":"cancel_navigate","point_desc":{"parking_space":"车位"}}}}...）: Extra data: line 1 column 100 (char 99)
2026-03-23 15:49:44,078 - ERROR - CaseID: 1017
函数数量不匹配：预期0个，规划1个
2026-03-23 15:49:44,078 - WARNING - 单行JSON解析失败（原始字符串：{"name":"vla_control","arguments":{"action":"cancel_navigate","point_desc":{"parking_space":"车位"}}}}...）: Extra data: line 1 column 100 (char 99)
2026-03-23 15:49:44,078 - ERROR - CaseID: 1018
函数数量不匹配：预期0个，规划1个
2026-03-23 15:49:44,078 - WARNING - 单行JSON解析失败（原始字符串：{"name":"vla_control","arguments":{"action":"cancel_navigate","point_desc":{"parking_space":"车位"}}}}...）: Extra data: line 1 column 100 (char 99)
2026-03-23 15:49:44,079 - ERROR - CaseID: 1019
函数数量不匹配：预期0个，规划1个
2026-03-23 15:49:44,081 - ERROR - CaseID: 1042
规划列缺少以下函数：
  名称: vla_control, 参数: {"action": "cancel_park"}
规划列多出以下函数：
  名称: global_control, 参数: {"action": "cancel"}
2026-03-23 15:49:44,081 - ERROR - CaseID: 1049
规划列缺少以下函数：
  名称: vla_control, 参数: {"action": "cancel_park", "point_tag": "HERE"}
规划列多出以下函数：
  名称: global_control, 参数: {"action": "cancel"}
2026-03-23 15:49:44,081 - ERROR - CaseID: 1050
规划列缺少以下函数：
  名称: vla_control, 参数: {"action": "cancel_park", "point_tag": "HERE"}
规划列多出以下函数：
  名称: global_control, 参数: {"action": "cancel"}
2026-03-23 15:49:44,082 - ERROR - CaseID: 1058
规划列缺少以下函数：
  名称: vla_control, 参数: {"action": "cancel_park", "point_tag": "HERE"}
规划列多出以下函数：
  名称: global_control, 参数: {"action": "cancel"}
2026-03-23 15:49:44,083 - ERROR - CaseID: 1061
规划列缺少以下函数：
  名称: vla_control, 参数: {"action": "cancel_park", "point_tag": "HERE"}
规划列多出以下函数：
  名称: vla_control, 参数: {"action": "cancel_park"}
2026-03-23 15:49:44,085 - ERROR - CaseID: 1082
规划列缺少以下函数：
  名称: vla_control, 参数: {"action": "pause_getoff_park", "position": "\u9760\u53f3"}
规划列多出以下函数：
  名称: vla_control, 参数: {"action": "cancel_getoff_park", "position": "\u9760\u53f3"}
2026-03-23 15:49:44,085 - ERROR - CaseID: 1083
规划列缺少以下函数：
  名称: vla_control, 参数: {"action": "pause_getoff_park", "position": "\u9760\u5de6"}
规划列多出以下函数：
  名称: vla_control, 参数: {"action": "cancel_getoff_park", "position": "\u9760\u5de6"}
2026-03-23 15:49:44,087 - ERROR - CaseID: 1102
规划列缺少以下函数：
  名称: vla_control, 参数: {"action": "pause_park_in", "position": "\u9760\u53f3"}
规划列多出以下函数：
  名称: vla_control, 参数: {"action": "cancel_park_in", "position": "\u9760\u53f3"}
2026-03-23 15:49:44,087 - ERROR - CaseID: 1103
规划列缺少以下函数：
  名称: vla_control, 参数: {"action": "pause_park_in", "position": "\u9760\u5de6"}
规划列多出以下函数：
  名称: vla_control, 参数: {"action": "cancel_park_in", "position": "\u9760\u5de6"}
2026-03-23 15:49:44,087 - WARNING - 单行JSON解析失败（原始字符串：{"name":"vla_control","arguments":{"action":"pause_park","position":"靠左","point_desc":{"parking_spac...）: Extra data: line 1 column 111 (char 110)
2026-03-23 15:49:44,087 - ERROR - CaseID: 1104
函数数量不匹配：预期0个，规划1个
2026-03-23 15:49:44,088 - WARNING - 单行JSON解析失败（原始字符串：{"name":"vla_control","arguments":{"action":"pause_park","position":"靠左","point_desc":{"parking_spac...）: Extra data: line 1 column 111 (char 110)
2026-03-23 15:49:44,088 - ERROR - CaseID: 1105
函数数量不匹配：预期0个，规划1个
2026-03-23 15:49:44,088 - WARNING - 单行JSON解析失败（原始字符串：{"name":"vla_control","arguments":{"action":"pause_park","position":"靠左","point_desc":{"parking_spac...）: Extra data: line 1 column 111 (char 110)
2026-03-23 15:49:44,088 - ERROR - CaseID: 1106
函数数量不匹配：预期0个，规划1个
2026-03-23 15:49:44,088 - WARNING - 单行JSON解析失败（原始字符串：{"name":"vla_control","arguments":{"action":"pause_park","position":"靠右","point_desc":{"parking_spac...）: Extra data: line 1 column 111 (char 110)
2026-03-23 15:49:44,088 - ERROR - CaseID: 1107
函数数量不匹配：预期0个，规划1个
2026-03-23 15:49:44,088 - WARNING - 单行JSON解析失败（原始字符串：{"name":"vla_control","arguments":{"action":"pause_park","position":"靠右","point_desc":{"parking_spac...）: Extra data: line 1 column 111 (char 110)
2026-03-23 15:49:44,088 - ERROR - CaseID: 1108
函数数量不匹配：预期0个，规划1个
2026-03-23 15:49:44,088 - WARNING - 单行JSON解析失败（原始字符串：{"name":"vla_control","arguments":{"action":"pause_park","position":"靠右","point_desc":{"parking_spac...）: Extra data: line 1 column 111 (char 110)
2026-03-23 15:49:44,088 - ERROR - CaseID: 1109
函数数量不匹配：预期0个，规划1个
2026-03-23 15:49:44,088 - WARNING - 单行JSON解析失败（原始字符串：{"name":"vla_control","arguments":{"action":"pause_park","position":"中","point_desc":{"parking_space...）: Extra data: line 1 column 110 (char 109)
2026-03-23 15:49:44,089 - ERROR - CaseID: 1110
函数数量不匹配：预期0个，规划1个
2026-03-23 15:49:44,089 - WARNING - 单行JSON解析失败（原始字符串：{"name":"vla_control","arguments":{"action":"pause_park","position":"中","point_desc":{"parking_space...）: Extra data: line 1 column 110 (char 109)
2026-03-23 15:49:44,089 - ERROR - CaseID: 1111
函数数量不匹配：预期0个，规划1个
2026-03-23 15:49:44,089 - WARNING - 单行JSON解析失败（原始字符串：{"name":"vla_control","arguments":{"action":"pause_park","position":"中","point_desc":{"parking_space...）: Extra data: line 1 column 110 (char 109)
2026-03-23 15:49:44,089 - ERROR - CaseID: 1112
函数数量不匹配：预期0个，规划1个
2026-03-23 15:49:44,089 - WARNING - 单行JSON解析失败（原始字符串：{"name":"vla_control","arguments":{"action":"pause_park","position":"靠左","point_desc":{"parking_spac...）: Extra data: line 1 column 111 (char 110)
2026-03-23 15:49:44,089 - ERROR - CaseID: 1113
函数数量不匹配：预期0个，规划1个
2026-03-23 15:49:44,089 - WARNING - 单行JSON解析失败（原始字符串：{"name":"vla_control","arguments":{"action":"pause_park","position":"中","point_desc":{"parking_space...）: Extra data: line 1 column 110 (char 109)
2026-03-23 15:49:44,089 - ERROR - CaseID: 1114
函数数量不匹配：预期0个，规划1个
2026-03-23 15:49:44,089 - WARNING - 单行JSON解析失败（原始字符串：{"name":"vla_control","arguments":{"action":"pause_park","position":"靠右","point_desc":{"parking_spac...）: Extra data: line 1 column 111 (char 110)
2026-03-23 15:49:44,089 - ERROR - CaseID: 1115
函数数量不匹配：预期0个，规划1个
2026-03-23 15:49:44,090 - WARNING - 单行JSON解析失败（原始字符串：{"name":"vla_control","arguments":{"action":"pause_park","position":"中","point_desc":{"parking_space...）: Extra data: line 1 column 110 (char 109)
2026-03-23 15:49:44,090 - ERROR - CaseID: 1116
函数数量不匹配：预期0个，规划1个
2026-03-23 15:49:44,090 - WARNING - 单行JSON解析失败（原始字符串：{"name":"vla_control","arguments":{"action":"pause_park","position":"靠左","point_desc":{"parking_spac...）: Extra data: line 1 column 111 (char 110)
2026-03-23 15:49:44,090 - ERROR - CaseID: 1117
函数数量不匹配：预期0个，规划1个
2026-03-23 15:49:44,090 - WARNING - 单行JSON解析失败（原始字符串：{"name":"vla_control","arguments":{"action":"pause_park","position":"靠右","point_desc":{"parking_spac...）: Extra data: line 1 column 111 (char 110)
2026-03-23 15:49:44,090 - ERROR - CaseID: 1118
函数数量不匹配：预期0个，规划1个
2026-03-23 15:49:44,090 - WARNING - 单行JSON解析失败（原始字符串：{"name":"vla_control","arguments":{"action":"pause_park","position":"靠右","point_desc":{"parking_spac...）: Extra data: line 1 column 111 (char 110)
2026-03-23 15:49:44,090 - ERROR - CaseID: 1119
函数数量不匹配：预期0个，规划1个
2026-03-23 15:49:44,090 - WARNING - 单行JSON解析失败（原始字符串：{"name":"vla_control","arguments":{"action":"pause_park","position":"靠左","point_desc":{"parking_spac...）: Extra data: line 1 column 111 (char 110)
2026-03-23 15:49:44,090 - ERROR - CaseID: 1120
函数数量不匹配：预期0个，规划1个
2026-03-23 15:49:44,091 - WARNING - 单行JSON解析失败（原始字符串：{"name":"vla_control","arguments":{"action":"pause_park","position":"中","point_desc":{"parking_space...）: Extra data: line 1 column 110 (char 109)
2026-03-23 15:49:44,091 - ERROR - CaseID: 1121
函数数量不匹配：预期0个，规划1个
2026-03-23 15:49:44,091 - WARNING - 单行JSON解析失败（原始字符串：{"name":"vla_control","arguments":{"action":"pause_park","position":"靠右","point_desc":{"parking_spac...）: Extra data: line 1 column 111 (char 110)
2026-03-23 15:49:44,091 - ERROR - CaseID: 1122
函数数量不匹配：预期0个，规划1个
2026-03-23 15:49:44,091 - WARNING - 单行JSON解析失败（原始字符串：{"name":"vla_control","arguments":{"action":"pause_park","position":"靠左","point_desc":{"parking_spac...）: Extra data: line 1 column 111 (char 110)
2026-03-23 15:49:44,091 - ERROR - CaseID: 1123
函数数量不匹配：预期0个，规划1个
2026-03-23 15:49:44,091 - WARNING - 单行JSON解析失败（原始字符串：{"name":"vla_control","arguments":{"action":"pause_park_in","position":"靠左","point_desc":{"parking_s...）: Extra data: line 1 column 114 (char 113)
2026-03-23 15:49:44,091 - ERROR - CaseID: 1124
函数数量不匹配：预期0个，规划1个
2026-03-23 15:49:44,091 - WARNING - 单行JSON解析失败（原始字符串：{"name":"vla_control","arguments":{"action":"pause_park_in","position":"靠左","point_desc":{"parking_s...）: Extra data: line 1 column 114 (char 113)
2026-03-23 15:49:44,091 - ERROR - CaseID: 1125
函数数量不匹配：预期0个，规划1个
2026-03-23 15:49:44,091 - WARNING - 单行JSON解析失败（原始字符串：{"name":"vla_control","arguments":{"action":"pause_park_in","position":"靠左","point_desc":{"parking_s...）: Extra data: line 1 column 114 (char 113)
2026-03-23 15:49:44,092 - ERROR - CaseID: 1126
函数数量不匹配：预期0个，规划1个
2026-03-23 15:49:44,092 - WARNING - 单行JSON解析失败（原始字符串：{"name":"vla_control","arguments":{"action":"pause_park_in","position":"靠右","point_desc":{"parking_s...）: Extra data: line 1 column 114 (char 113)
2026-03-23 15:49:44,092 - ERROR - CaseID: 1127
函数数量不匹配：预期0个，规划1个
2026-03-23 15:49:44,092 - WARNING - 单行JSON解析失败（原始字符串：{"name":"vla_control","arguments":{"action":"pause_park_in","position":"靠右","point_desc":{"parking_s...）: Extra data: line 1 column 114 (char 113)
2026-03-23 15:49:44,092 - ERROR - CaseID: 1128
函数数量不匹配：预期0个，规划1个
2026-03-23 15:49:44,092 - WARNING - 单行JSON解析失败（原始字符串：{"name":"vla_control","arguments":{"action":"pause_park_in","position":"靠右","point_desc":{"parking_s...）: Extra data: line 1 column 114 (char 113)
2026-03-23 15:49:44,092 - ERROR - CaseID: 1129
函数数量不匹配：预期0个，规划1个
2026-03-23 15:49:44,092 - WARNING - 单行JSON解析失败（原始字符串：{"name":"vla_control","arguments":{"action":"pause_park_in","position":"中","point_desc":{"parking_sp...）: Extra data: line 1 column 113 (char 112)
2026-03-23 15:49:44,092 - ERROR - CaseID: 1130
函数数量不匹配：预期0个，规划1个
2026-03-23 15:49:44,092 - WARNING - 单行JSON解析失败（原始字符串：{"name":"vla_control","arguments":{"action":"pause_park_in","position":"中","point_desc":{"parking_sp...）: Extra data: line 1 column 113 (char 112)
2026-03-23 15:49:44,093 - ERROR - CaseID: 1131
函数数量不匹配：预期0个，规划1个
2026-03-23 15:49:44,093 - WARNING - 单行JSON解析失败（原始字符串：{"name":"vla_control","arguments":{"action":"pause_park_in","position":"中","point_desc":{"parking_sp...）: Extra data: line 1 column 113 (char 112)
2026-03-23 15:49:44,093 - ERROR - CaseID: 1132
函数数量不匹配：预期0个，规划1个
2026-03-23 15:49:44,093 - WARNING - 单行JSON解析失败（原始字符串：{"name":"vla_control","arguments":{"action":"pause_park_in","position":"靠左","point_desc":{"parking_s...）: Extra data: line 1 column 114 (char 113)
2026-03-23 15:49:44,093 - ERROR - CaseID: 1133
函数数量不匹配：预期0个，规划1个
2026-03-23 15:49:44,093 - WARNING - 单行JSON解析失败（原始字符串：{"name":"vla_control","arguments":{"action":"pause_park_in","position":"中","point_desc":{"parking_sp...）: Extra data: line 1 column 113 (char 112)
2026-03-23 15:49:44,093 - ERROR - CaseID: 1134
函数数量不匹配：预期0个，规划1个
2026-03-23 15:49:44,093 - WARNING - 单行JSON解析失败（原始字符串：{"name":"vla_control","arguments":{"action":"pause_park_in","position":"靠右","point_desc":{"parking_s...）: Extra data: line 1 column 114 (char 113)
2026-03-23 15:49:44,093 - ERROR - CaseID: 1135
函数数量不匹配：预期0个，规划1个
2026-03-23 15:49:44,093 - WARNING - 单行JSON解析失败（原始字符串：{"name":"vla_control","arguments":{"action":"pause_park_in","position":"中","point_desc":{"parking_sp...）: Extra data: line 1 column 113 (char 112)
2026-03-23 15:49:44,093 - ERROR - CaseID: 1136
函数数量不匹配：预期0个，规划1个
2026-03-23 15:49:44,094 - WARNING - 单行JSON解析失败（原始字符串：{"name":"vla_control","arguments":{"action":"pause_park_in","position":"靠左","point_desc":{"parking_s...）: Extra data: line 1 column 114 (char 113)
2026-03-23 15:49:44,094 - ERROR - CaseID: 1137
函数数量不匹配：预期0个，规划1个
2026-03-23 15:49:44,094 - WARNING - 单行JSON解析失败（原始字符串：{"name":"vla_control","arguments":{"action":"pause_park_in","position":"靠右","point_desc":{"parking_s...）: Extra data: line 1 column 114 (char 113)
2026-03-23 15:49:44,094 - ERROR - CaseID: 1138
函数数量不匹配：预期0个，规划1个
2026-03-23 15:49:44,094 - WARNING - 单行JSON解析失败（原始字符串：{"name":"vla_control","arguments":{"action":"pause_park_in","position":"靠右","point_desc":{"parking_s...）: Extra data: line 1 column 114 (char 113)
2026-03-23 15:49:44,094 - ERROR - CaseID: 1139
函数数量不匹配：预期0个，规划1个
2026-03-23 15:49:44,094 - WARNING - 单行JSON解析失败（原始字符串：{"name":"vla_control","arguments":{"action":"pause_park_in","position":"靠左","point_desc":{"parking_s...）: Extra data: line 1 column 114 (char 113)
2026-03-23 15:49:44,094 - ERROR - CaseID: 1140
函数数量不匹配：预期0个，规划1个
2026-03-23 15:49:44,094 - WARNING - 单行JSON解析失败（原始字符串：{"name":"vla_control","arguments":{"action":"pause_park_in","position":"中","point_desc":{"parking_sp...）: Extra data: line 1 column 113 (char 112)
2026-03-23 15:49:44,094 - ERROR - CaseID: 1141
函数数量不匹配：预期0个，规划1个
2026-03-23 15:49:44,094 - WARNING - 单行JSON解析失败（原始字符串：{"name":"vla_control","arguments":{"action":"pause_park_in","position":"靠右","point_desc":{"parking_s...）: Extra data: line 1 column 114 (char 113)
2026-03-23 15:49:44,095 - ERROR - CaseID: 1142
函数数量不匹配：预期0个，规划1个
2026-03-23 15:49:44,095 - WARNING - 单行JSON解析失败（原始字符串：{"name":"vla_control","arguments":{"action":"pause_park_in","position":"靠左","point_desc":{"parking_s...）: Extra data: line 1 column 114 (char 113)
2026-03-23 15:49:44,095 - ERROR - CaseID: 1143
函数数量不匹配：预期0个，规划1个
2026-03-23 15:49:44,095 - WARNING - 单行JSON解析失败（原始字符串：{"name":"vla_control","arguments":{"action":"pause_navigate","position":"靠左","point_desc":{"parking_...）: Extra data: line 1 column 115 (char 114)
2026-03-23 15:49:44,095 - ERROR - CaseID: 1144
函数数量不匹配：预期0个，规划1个
2026-03-23 15:49:44,095 - WARNING - 单行JSON解析失败（原始字符串：{"name":"vla_control","arguments":{"action":"pause_navigate","position":"靠左","point_desc":{"parking_...）: Extra data: line 1 column 115 (char 114)
2026-03-23 15:49:44,095 - ERROR - CaseID: 1145
函数数量不匹配：预期0个，规划1个
2026-03-23 15:49:44,095 - WARNING - 单行JSON解析失败（原始字符串：{"name":"vla_control","arguments":{"action":"pause_navigate","position":"靠左","point_desc":{"parking_...）: Extra data: line 1 column 115 (char 114)
2026-03-23 15:49:44,095 - ERROR - CaseID: 1146
函数数量不匹配：预期0个，规划1个
2026-03-23 15:49:44,095 - WARNING - 单行JSON解析失败（原始字符串：{"name":"vla_control","arguments":{"action":"pause_navigate","position":"靠右","point_desc":{"parking_...）: Extra data: line 1 column 115 (char 114)
2026-03-23 15:49:44,096 - ERROR - CaseID: 1147
函数数量不匹配：预期0个，规划1个
2026-03-23 15:49:44,096 - WARNING - 单行JSON解析失败（原始字符串：{"name":"vla_control","arguments":{"action":"pause_navigate","position":"靠右","point_desc":{"parking_...）: Extra data: line 1 column 115 (char 114)
2026-03-23 15:49:44,096 - ERROR - CaseID: 1148
函数数量不匹配：预期0个，规划1个
2026-03-23 15:49:44,096 - WARNING - 单行JSON解析失败（原始字符串：{"name":"vla_control","arguments":{"action":"pause_navigate","position":"靠右","point_desc":{"parking_...）: Extra data: line 1 column 115 (char 114)
2026-03-23 15:49:44,096 - ERROR - CaseID: 1149
函数数量不匹配：预期0个，规划1个
2026-03-23 15:49:44,096 - WARNING - 单行JSON解析失败（原始字符串：{"name":"vla_control","arguments":{"action":"pause_navigate","position":"中","point_desc":{"parking_s...）: Extra data: line 1 column 114 (char 113)
2026-03-23 15:49:44,096 - ERROR - CaseID: 1150
函数数量不匹配：预期0个，规划1个
2026-03-23 15:49:44,096 - WARNING - 单行JSON解析失败（原始字符串：{"name":"vla_control","arguments":{"action":"pause_navigate","position":"中","point_desc":{"parking_s...）: Extra data: line 1 column 114 (char 113)
2026-03-23 15:49:44,096 - ERROR - CaseID: 1151
函数数量不匹配：预期0个，规划1个
2026-03-23 15:49:44,096 - WARNING - 单行JSON解析失败（原始字符串：{"name":"vla_control","arguments":{"action":"pause_navigate","position":"中","point_desc":{"parking_s...）: Extra data: line 1 column 114 (char 113)
2026-03-23 15:49:44,096 - ERROR - CaseID: 1152
函数数量不匹配：预期0个，规划1个
2026-03-23 15:49:44,096 - WARNING - 单行JSON解析失败（原始字符串：{"name":"vla_control","arguments":{"action":"pause_navigate","position":"靠左","point_desc":{"parking_...）: Extra data: line 1 column 115 (char 114)
2026-03-23 15:49:44,096 - ERROR - CaseID: 1153
函数数量不匹配：预期0个，规划1个
2026-03-23 15:49:44,097 - WARNING - 单行JSON解析失败（原始字符串：{"name":"vla_control","arguments":{"action":"pause_navigate","position":"中","point_desc":{"parking_s...）: Extra data: line 1 column 114 (char 113)
2026-03-23 15:49:44,097 - ERROR - CaseID: 1154
函数数量不匹配：预期0个，规划1个
2026-03-23 15:49:44,097 - WARNING - 单行JSON解析失败（原始字符串：{"name":"vla_control","arguments":{"action":"pause_navigate","position":"靠右","point_desc":{"parking_...）: Extra data: line 1 column 115 (char 114)
2026-03-23 15:49:44,097 - ERROR - CaseID: 1155
函数数量不匹配：预期0个，规划1个
2026-03-23 15:49:44,097 - WARNING - 单行JSON解析失败（原始字符串：{"name":"vla_control","arguments":{"action":"pause_navigate","position":"中","point_desc":{"parking_s...）: Extra data: line 1 column 114 (char 113)
2026-03-23 15:49:44,097 - ERROR - CaseID: 1156
函数数量不匹配：预期0个，规划1个
2026-03-23 15:49:44,097 - WARNING - 单行JSON解析失败（原始字符串：{"name":"vla_control","arguments":{"action":"pause_navigate","position":"靠左","point_desc":{"parking_...）: Extra data: line 1 column 115 (char 114)
2026-03-23 15:49:44,097 - ERROR - CaseID: 1157
函数数量不匹配：预期0个，规划1个
2026-03-23 15:49:44,097 - WARNING - 单行JSON解析失败（原始字符串：{"name":"vla_control","arguments":{"action":"pause_navigate","position":"靠右","point_desc":{"parking_...）: Extra data: line 1 column 115 (char 114)
2026-03-23 15:49:44,097 - ERROR - CaseID: 1158
函数数量不匹配：预期0个，规划1个
2026-03-23 15:49:44,097 - WARNING - 单行JSON解析失败（原始字符串：{"name":"vla_control","arguments":{"action":"pause_navigate","position":"靠右","point_desc":{"parking_...）: Extra data: line 1 column 115 (char 114)
2026-03-23 15:49:44,097 - ERROR - CaseID: 1159
函数数量不匹配：预期0个，规划1个
2026-03-23 15:49:44,097 - WARNING - 单行JSON解析失败（原始字符串：{"name":"vla_control","arguments":{"action":"pause_navigate","position":"靠左","point_desc":{"parking_...）: Extra data: line 1 column 115 (char 114)
2026-03-23 15:49:44,098 - ERROR - CaseID: 1160
函数数量不匹配：预期0个，规划1个
2026-03-23 15:49:44,098 - WARNING - 单行JSON解析失败（原始字符串：{"name":"vla_control","arguments":{"action":"pause_navigate","position":"中","point_desc":{"parking_s...）: Extra data: line 1 column 114 (char 113)
2026-03-23 15:49:44,098 - ERROR - CaseID: 1161
函数数量不匹配：预期0个，规划1个
2026-03-23 15:49:44,098 - WARNING - 单行JSON解析失败（原始字符串：{"name":"vla_control","arguments":{"action":"pause_navigate","position":"靠右","point_desc":{"parking_...）: Extra data: line 1 column 115 (char 114)
2026-03-23 15:49:44,098 - ERROR - CaseID: 1162
函数数量不匹配：预期0个，规划1个
2026-03-23 15:49:44,098 - WARNING - 单行JSON解析失败（原始字符串：{"name":"vla_control","arguments":{"action":"pause_navigate","position":"靠左","point_desc":{"parking_...）: Extra data: line 1 column 115 (char 114)
2026-03-23 15:49:44,098 - ERROR - CaseID: 1163
函数数量不匹配：预期0个，规划1个
2026-03-23 15:49:44,099 - ERROR - CaseID: 1171
规划列缺少以下函数：
  名称: vla_control, 参数: {"action": "pause_park", "position": "\u9760\u53f3"}
规划列多出以下函数：
  名称: vla_control, 参数: {"action": "cancel_park", "position": "\u9760\u53f3"}
2026-03-23 15:49:44,099 - ERROR - CaseID: 1172
规划列缺少以下函数：
  名称: vla_control, 参数: {"action": "pause_park", "position": "\u9760\u5de6"}
规划列多出以下函数：
  名称: vla_control, 参数: {"action": "cancel_park", "position": "\u9760\u5de6"}
2026-03-23 15:49:44,099 - ERROR - CaseID: 1173
规划列缺少以下函数：
  名称: vla_control, 参数: {"action": "pause_park", "position": "\u9760\u5de6"}
规划列多出以下函数：
  名称: vla_control, 参数: {"action": "cancel_park", "position": "\u9760\u5de6"}
2026-03-23 15:49:44,100 - ERROR - CaseID: 1191
规划列缺少以下函数：
  名称: vla_control, 参数: {"action": "pause_park", "point_tag": "HERE", "position": "\u9760\u53f3"}
规划列多出以下函数：
  名称: vla_control, 参数: {"action": "cancel_park", "point_tag": "HERE", "position": "\u9760\u53f3"}
2026-03-23 15:49:44,100 - ERROR - CaseID: 1192
规划列缺少以下函数：
  名称: vla_control, 参数: {"action": "pause_park", "point_tag": "HERE", "position": "\u9760\u5de6"}
规划列多出以下函数：
  名称: vla_control, 参数: {"action": "cancel_park", "point_tag": "HERE", "position": "\u9760\u5de6"}
2026-03-23 15:49:44,101 - ERROR - CaseID: 1193
规划列缺少以下函数：
  名称: vla_control, 参数: {"action": "pause_park", "point_tag": "HERE", "position": "\u9760\u5de6"}
规划列多出以下函数：
  名称: vla_control, 参数: {"action": "cancel_park", "point_tag": "HERE", "position": "\u9760\u5de6"}
2026-03-23 15:49:44,101 - ERROR - CaseID: 1200
规划列缺少以下函数：
  名称: vla_control, 参数: {"action": "pause_park", "point_tag": "HERE", "position": "\u9760\u53f3"}
规划列多出以下函数：
  名称: vla_control, 参数: {"action": "cancel_park", "point_tag": "HERE", "position": "\u5de6\u53f3"}
2026-03-23 15:49:44,104 - WARNING - 单行JSON解析失败（原始字符串：{"name":"vla_control","arguments":{"action":"cancel_park","point_desc":{"parking_space":"车位"}},"posi...）: Extra data: line 1 column 112 (char 111)
2026-03-23 15:49:44,105 - ERROR - CaseID: 1250
函数数量不匹配：预期0个，规划1个
2026-03-23 15:49:44,105 - WARNING - 单行JSON解析失败（原始字符串：{"name":"vla_control","arguments":{"action":"cancel_park","point_desc":{"parking_space":"车位"}},"posi...）: Extra data: line 1 column 112 (char 111)
2026-03-23 15:49:44,105 - ERROR - CaseID: 1251
函数数量不匹配：预期0个，规划1个
2026-03-23 15:49:44,105 - WARNING - 单行JSON解析失败（原始字符串：{"name":"vla_control","arguments":{"action":"cancel_park","point_desc":{"parking_space":"车位"}},"posi...）: Extra data: line 1 column 112 (char 111)
2026-03-23 15:49:44,105 - ERROR - CaseID: 1252
函数数量不匹配：预期0个，规划1个
2026-03-23 15:49:44,105 - WARNING - 单行JSON解析失败（原始字符串：{"name":"vla_control","arguments":{"action":"cancel_park","point_desc":{"parking_space":"车位"}},"posi...）: Extra data: line 1 column 112 (char 111)
2026-03-23 15:49:44,105 - ERROR - CaseID: 1253
函数数量不匹配：预期0个，规划1个
2026-03-23 15:49:44,105 - WARNING - 单行JSON解析失败（原始字符串：{"name":"vla_control","arguments":{"action":"cancel_park","point_desc":{"parking_space":"车位"}},"posi...）: Extra data: line 1 column 112 (char 111)
2026-03-23 15:49:44,105 - ERROR - CaseID: 1254
函数数量不匹配：预期0个，规划1个
2026-03-23 15:49:44,105 - WARNING - 单行JSON解析失败（原始字符串：{"name":"vla_control","arguments":{"action":"cancel_park","point_desc":{"parking_space":"车位"}},"posi...）: Extra data: line 1 column 112 (char 111)
2026-03-23 15:49:44,105 - ERROR - CaseID: 1255
函数数量不匹配：预期0个，规划1个
2026-03-23 15:49:44,105 - WARNING - 单行JSON解析失败（原始字符串：{"name":"vla_control","arguments":{"action":"cancel_park","point_desc":{"parking_space":"车位"}},"posi...）: Extra data: line 1 column 112 (char 111)
2026-03-23 15:49:44,105 - ERROR - CaseID: 1256
函数数量不匹配：预期0个，规划1个
2026-03-23 15:49:44,105 - WARNING - 单行JSON解析失败（原始字符串：{"name":"vla_control","arguments":{"action":"cancel_park","point_desc":{"parking_space":"车位"}},"posi...）: Extra data: line 1 column 112 (char 111)
2026-03-23 15:49:44,106 - ERROR - CaseID: 1257
函数数量不匹配：预期0个，规划1个
2026-03-23 15:49:44,106 - WARNING - 单行JSON解析失败（原始字符串：{"name":"vla_control","arguments":{"action":"cancel_park","point_desc":{"parking_space":"车位"}},"posi...）: Extra data: line 1 column 112 (char 111)
2026-03-23 15:49:44,106 - ERROR - CaseID: 1258
函数数量不匹配：预期0个，规划1个
2026-03-23 15:49:44,106 - WARNING - 单行JSON解析失败（原始字符串：{"name":"vla_control","arguments":{"action":"cancel_park","point_desc":{"parking_space":"车位"}},"posi...）: Extra data: line 1 column 112 (char 111)
2026-03-23 15:49:44,106 - ERROR - CaseID: 1259
函数数量不匹配：预期0个，规划1个
2026-03-23 15:49:44,106 - WARNING - 单行JSON解析失败（原始字符串：{"name":"vla_control","arguments":{"action":"cancel_park","point_desc":{"parking_space":"车位"}},"posi...）: Extra data: line 1 column 112 (char 111)
2026-03-23 15:49:44,106 - ERROR - CaseID: 1260
函数数量不匹配：预期0个，规划1个
2026-03-23 15:49:44,106 - WARNING - 单行JSON解析失败（原始字符串：{"name":"vla_control","arguments":{"action":"cancel_park","point_desc":{"parking_space":"车位"}},"posi...）: Extra data: line 1 column 111 (char 110)
2026-03-23 15:49:44,106 - ERROR - CaseID: 1261
函数数量不匹配：预期0个，规划1个
2026-03-23 15:49:44,106 - WARNING - 单行JSON解析失败（原始字符串：{"name":"vla_control","arguments":{"action":"cancel_park","point_desc":{"parking_space":"车位"}},"posi...）: Extra data: line 1 column 111 (char 110)
2026-03-23 15:49:44,106 - ERROR - CaseID: 1262
函数数量不匹配：预期0个，规划1个
2026-03-23 15:49:44,106 - WARNING - 单行JSON解析失败（原始字符串：{"name":"vla_control","arguments":{"action":"cancel_park","point_desc":{"parking_space":"车位"}},"posi...）: Extra data: line 1 column 111 (char 110)
2026-03-23 15:49:44,106 - ERROR - CaseID: 1263
函数数量不匹配：预期0个，规划1个
2026-03-23 15:49:44,106 - WARNING - 单行JSON解析失败（原始字符串：{"name":"vla_control","arguments":{"action":"cancel_park","point_desc":{"parking_space":"车位"}},"posi...）: Extra data: line 1 column 111 (char 110)
2026-03-23 15:49:44,107 - ERROR - CaseID: 1264
函数数量不匹配：预期0个，规划1个
2026-03-23 15:49:44,107 - WARNING - 单行JSON解析失败（原始字符串：{"name":"vla_control","arguments":{"action":"cancel_park","point_desc":{"parking_space":"车位"}},"posi...）: Extra data: line 1 column 112 (char 111)
2026-03-23 15:49:44,107 - ERROR - CaseID: 1265
函数数量不匹配：预期0个，规划1个
2026-03-23 15:49:44,107 - WARNING - 单行JSON解析失败（原始字符串：{"name":"vla_control","arguments":{"action":"cancel_park","point_desc":{"parking_space":"车位"}},"posi...）: Extra data: line 1 column 111 (char 110)
2026-03-23 15:49:44,107 - ERROR - CaseID: 1266
函数数量不匹配：预期0个，规划1个
2026-03-23 15:49:44,107 - WARNING - 单行JSON解析失败（原始字符串：{"name":"vla_control","arguments":{"action":"cancel_park","point_desc":{"parking_space":"车位"}},"posi...）: Extra data: line 1 column 112 (char 111)
2026-03-23 15:49:44,107 - ERROR - CaseID: 1267
函数数量不匹配：预期0个，规划1个
2026-03-23 15:49:44,107 - WARNING - 单行JSON解析失败（原始字符串：{"name":"vla_control","arguments":{"action":"cancel_park","point_desc":{"parking_space":"车位"}},"posi...）: Extra data: line 1 column 111 (char 110)
2026-03-23 15:49:44,107 - ERROR - CaseID: 1268
函数数量不匹配：预期0个，规划1个
2026-03-23 15:49:44,107 - WARNING - 单行JSON解析失败（原始字符串：{"name":"vla_control","arguments":{"action":"cancel_park","point_desc":{"parking_space":"车位"}},"posi...）: Extra data: line 1 column 112 (char 111)
2026-03-23 15:49:44,107 - ERROR - CaseID: 1269
函数数量不匹配：预期0个，规划1个
2026-03-23 15:49:44,107 - WARNING - 单行JSON解析失败（原始字符串：{"name":"vla_control","arguments":{"action":"cancel_park","point_desc":{"parking_space":"车位"}},"posi...）: Extra data: line 1 column 111 (char 110)
2026-03-23 15:49:44,107 - ERROR - CaseID: 1270
函数数量不匹配：预期0个，规划1个
2026-03-23 15:49:44,107 - WARNING - 单行JSON解析失败（原始字符串：{"name":"vla_control","arguments":{"action":"cancel_park","point_desc":{"parking_space":"车位"}},"posi...）: Extra data: line 1 column 112 (char 111)
2026-03-23 15:49:44,108 - ERROR - CaseID: 1271
函数数量不匹配：预期0个，规划1个
2026-03-23 15:49:44,108 - WARNING - 单行JSON解析失败（原始字符串：{"name":"vla_control","arguments":{"action":"cancel_park","point_desc":{"parking_space":"车位"}},"posi...）: Extra data: line 1 column 112 (char 111)
2026-03-23 15:49:44,108 - ERROR - CaseID: 1272
函数数量不匹配：预期0个，规划1个
2026-03-23 15:49:44,108 - WARNING - 单行JSON解析失败（原始字符串：{"name":"vla_control","arguments":{"action":"cancel_park_in","point_desc":{"parking_space":"车位"}},"p...）: Extra data: line 1 column 115 (char 114)
2026-03-23 15:49:44,108 - ERROR - CaseID: 1273
函数数量不匹配：预期0个，规划1个
2026-03-23 15:49:44,108 - WARNING - 单行JSON解析失败（原始字符串：{"name":"vla_control","arguments":{"action":"cancel_park_in","point_desc":{"parking_space":"车位"}},"p...）: Extra data: line 1 column 115 (char 114)
2026-03-23 15:49:44,108 - ERROR - CaseID: 1274
函数数量不匹配：预期0个，规划1个
2026-03-23 15:49:44,108 - WARNING - 单行JSON解析失败（原始字符串：{"name":"vla_control","arguments":{"action":"cancel_park_in","point_desc":{"parking_space":"车位"}},"p...）: Extra data: line 1 column 115 (char 114)
2026-03-23 15:49:44,108 - ERROR - CaseID: 1275
函数数量不匹配：预期0个，规划1个
2026-03-23 15:49:44,108 - WARNING - 单行JSON解析失败（原始字符串：{"name":"vla_control","arguments":{"action":"cancel_park_in","point_desc":{"parking_space":"车位"}},"p...）: Extra data: line 1 column 115 (char 114)
2026-03-23 15:49:44,108 - ERROR - CaseID: 1276
函数数量不匹配：预期0个，规划1个
2026-03-23 15:49:44,108 - WARNING - 单行JSON解析失败（原始字符串：{"name":"vla_control","arguments":{"action":"cancel_park_in","point_desc":{"parking_space":"车位"}},"p...）: Extra data: line 1 column 115 (char 114)
2026-03-23 15:49:44,109 - ERROR - CaseID: 1277
函数数量不匹配：预期0个，规划1个
2026-03-23 15:49:44,109 - WARNING - 单行JSON解析失败（原始字符串：{"name":"vla_control","arguments":{"action":"cancel_park_in","point_desc":{"parking_space":"车位"}},"p...）: Extra data: line 1 column 115 (char 114)
2026-03-23 15:49:44,109 - ERROR - CaseID: 1278
函数数量不匹配：预期0个，规划1个
2026-03-23 15:49:44,109 - WARNING - 单行JSON解析失败（原始字符串：{"name":"vla_control","arguments":{"action":"cancel_park_in","point_desc":{"parking_space":"车位"}},"p...）: Extra data: line 1 column 115 (char 114)
2026-03-23 15:49:44,109 - ERROR - CaseID: 1279
函数数量不匹配：预期0个，规划1个
2026-03-23 15:49:44,109 - WARNING - 单行JSON解析失败（原始字符串：{"name":"vla_control","arguments":{"action":"cancel_park_in","point_desc":{"parking_space":"车位"}},"p...）: Extra data: line 1 column 115 (char 114)
2026-03-23 15:49:44,109 - ERROR - CaseID: 1280
函数数量不匹配：预期0个，规划1个
2026-03-23 15:49:44,109 - WARNING - 单行JSON解析失败（原始字符串：{"name":"vla_control","arguments":{"action":"cancel_park_in","point_desc":{"parking_space":"车位"}},"p...）: Extra data: line 1 column 114 (char 113)
2026-03-23 15:49:44,109 - ERROR - CaseID: 1281
函数数量不匹配：预期0个，规划1个
2026-03-23 15:49:44,109 - WARNING - 单行JSON解析失败（原始字符串：{"name":"vla_control","arguments":{"action":"cancel_park_in","point_desc":{"parking_space":"车位"}},"p...）: Extra data: line 1 column 114 (char 113)
2026-03-23 15:49:44,109 - ERROR - CaseID: 1282
函数数量不匹配：预期0个，规划1个
2026-03-23 15:49:44,109 - WARNING - 单行JSON解析失败（原始字符串：{"name":"vla_control","arguments":{"action":"cancel_park_in","point_desc":{"parking_space":"车位"}},"p...）: Extra data: line 1 column 114 (char 113)
2026-03-23 15:49:44,109 - ERROR - CaseID: 1283
函数数量不匹配：预期0个，规划1个
2026-03-23 15:49:44,110 - WARNING - 单行JSON解析失败（原始字符串：{"name":"vla_control","arguments":{"action":"cancel_park_in","point_desc":{"parking_space":"车位"}},"p...）: Extra data: line 1 column 114 (char 113)
2026-03-23 15:49:44,110 - ERROR - CaseID: 1284
函数数量不匹配：预期0个，规划1个
2026-03-23 15:49:44,110 - WARNING - 单行JSON解析失败（原始字符串：{"name":"vla_control","arguments":{"action":"cancel_park_in","point_desc":{"parking_space":"车位"}},"p...）: Extra data: line 1 column 114 (char 113)
2026-03-23 15:49:44,110 - ERROR - CaseID: 1285
函数数量不匹配：预期0个，规划1个
2026-03-23 15:49:44,110 - WARNING - 单行JSON解析失败（原始字符串：{"name":"vla_control","arguments":{"action":"cancel_park_in","point_desc":{"parking_space":"车位"}},"p...）: Extra data: line 1 column 114 (char 113)
2026-03-23 15:49:44,110 - ERROR - CaseID: 1286
函数数量不匹配：预期0个，规划1个
2026-03-23 15:49:44,110 - WARNING - 单行JSON解析失败（原始字符串：{"name":"vla_control","arguments":{"action":"cancel_park_in","point_desc":{"parking_space":"车位"}},"p...）: Extra data: line 1 column 114 (char 113)
2026-03-23 15:49:44,110 - ERROR - CaseID: 1287
函数数量不匹配：预期0个，规划1个
2026-03-23 15:49:44,110 - WARNING - 单行JSON解析失败（原始字符串：{"name":"vla_control","arguments":{"action":"cancel_park_in","point_desc":{"parking_space":"车位"}},"p...）: Extra data: line 1 column 115 (char 114)
2026-03-23 15:49:44,110 - ERROR - CaseID: 1288
函数数量不匹配：预期0个，规划1个
2026-03-23 15:49:44,110 - WARNING - 单行JSON解析失败（原始字符串：{"name":"vla_control","arguments":{"action":"cancel_park_in","point_desc":{"parking_space":"车位"}},"p...）: Extra data: line 1 column 114 (char 113)
2026-03-23 15:49:44,110 - ERROR - CaseID: 1289
函数数量不匹配：预期0个，规划1个
2026-03-23 15:49:44,110 - WARNING - 单行JSON解析失败（原始字符串：{"name":"vla_control","arguments":{"action":"cancel_park_in","point_desc":{"parking_space":"车位"}},"p...）: Extra data: line 1 column 115 (char 114)
2026-03-23 15:49:44,110 - ERROR - CaseID: 1290
函数数量不匹配：预期0个，规划1个
2026-03-23 15:49:44,110 - WARNING - 单行JSON解析失败（原始字符串：{"name":"vla_control","arguments":{"action":"cancel_park_in","point_desc":{"parking_space":"车位"}},"p...）: Extra data: line 1 column 114 (char 113)
2026-03-23 15:49:44,110 - ERROR - CaseID: 1291
函数数量不匹配：预期0个，规划1个
2026-03-23 15:49:44,111 - WARNING - 单行JSON解析失败（原始字符串：{"name":"vla_control","arguments":{"action":"cancel_park_in","point_desc":{"parking_space":"车位"}},"p...）: Extra data: line 1 column 115 (char 114)
2026-03-23 15:49:44,111 - ERROR - CaseID: 1292
函数数量不匹配：预期0个，规划1个
2026-03-23 15:49:44,111 - WARNING - 单行JSON解析失败（原始字符串：{"name":"vla_control","arguments":{"action":"cancel_park_in","point_desc":{"parking_space":"车位"}},"p...）: Extra data: line 1 column 114 (char 113)
2026-03-23 15:49:44,111 - ERROR - CaseID: 1293
函数数量不匹配：预期0个，规划1个
2026-03-23 15:49:44,111 - WARNING - 单行JSON解析失败（原始字符串：{"name":"vla_control","arguments":{"action":"cancel_park_in","point_desc":{"parking_space":"车位"}},"p...）: Extra data: line 1 column 115 (char 114)
2026-03-23 15:49:44,111 - ERROR - CaseID: 1294
函数数量不匹配：预期0个，规划1个
2026-03-23 15:49:44,111 - WARNING - 单行JSON解析失败（原始字符串：{"name":"vla_control","arguments":{"action":"cancel_park_in","point_desc":{"parking_space":"车位"}},"p...）: Extra data: line 1 column 115 (char 114)
2026-03-23 15:49:44,111 - ERROR - CaseID: 1295
函数数量不匹配：预期0个，规划1个
2026-03-23 15:49:44,111 - WARNING - 单行JSON解析失败（原始字符串：{"name":"vla_control","arguments":{"action":"cancel_navigate","point_desc":{"parking_space":"车位"}},"...）: Extra data: line 1 column 116 (char 115)
2026-03-23 15:49:44,111 - ERROR - CaseID: 1296
函数数量不匹配：预期0个，规划1个
2026-03-23 15:49:44,111 - WARNING - 单行JSON解析失败（原始字符串：{"name":"vla_control","arguments":{"action":"cancel_navigate","point_desc":{"parking_space":"车位"}},"...）: Extra data: line 1 column 116 (char 115)
2026-03-23 15:49:44,111 - ERROR - CaseID: 1297
函数数量不匹配：预期0个，规划1个
2026-03-23 15:49:44,111 - WARNING - 单行JSON解析失败（原始字符串：{"name":"vla_control","arguments":{"action":"cancel_navigate","point_desc":{"parking_space":"车位"}},"...）: Extra data: line 1 column 116 (char 115)
2026-03-23 15:49:44,111 - ERROR - CaseID: 1298
函数数量不匹配：预期0个，规划1个
2026-03-23 15:49:44,111 - WARNING - 单行JSON解析失败（原始字符串：{"name":"vla_control","arguments":{"action":"cancel_navigate","point_desc":{"parking_space":"车位"}},"...）: Extra data: line 1 column 116 (char 115)
2026-03-23 15:49:44,112 - ERROR - CaseID: 1299
函数数量不匹配：预期0个，规划1个
2026-03-23 15:49:44,112 - WARNING - 单行JSON解析失败（原始字符串：{"name":"vla_control","arguments":{"action":"cancel_navigate","point_desc":{"parking_space":"车位"}},"...）: Extra data: line 1 column 116 (char 115)
2026-03-23 15:49:44,112 - ERROR - CaseID: 1300
函数数量不匹配：预期0个，规划1个
2026-03-23 15:49:44,112 - WARNING - 单行JSON解析失败（原始字符串：{"name":"vla_control","arguments":{"action":"cancel_navigate","point_desc":{"parking_space":"车位"}},"...）: Extra data: line 1 column 116 (char 115)
2026-03-23 15:49:44,112 - ERROR - CaseID: 1301
函数数量不匹配：预期0个，规划1个
2026-03-23 15:49:44,112 - WARNING - 单行JSON解析失败（原始字符串：{"name":"vla_control","arguments":{"action":"cancel_navigate","point_desc":{"parking_space":"车位"}},"...）: Extra data: line 1 column 116 (char 115)
2026-03-23 15:49:44,112 - ERROR - CaseID: 1302
函数数量不匹配：预期0个，规划1个
2026-03-23 15:49:44,112 - WARNING - 单行JSON解析失败（原始字符串：{"name":"vla_control","arguments":{"action":"cancel_navigate","point_desc":{"parking_space":"车位"}},"...）: Extra data: line 1 column 116 (char 115)
2026-03-23 15:49:44,112 - ERROR - CaseID: 1303
函数数量不匹配：预期0个，规划1个
2026-03-23 15:49:44,112 - WARNING - 单行JSON解析失败（原始字符串：{"name":"vla_control","arguments":{"action":"cancel_navigate","point_desc":{"parking_space":"车位"}},"...）: Extra data: line 1 column 115 (char 114)
2026-03-23 15:49:44,112 - ERROR - CaseID: 1304
函数数量不匹配：预期0个，规划1个
2026-03-23 15:49:44,112 - WARNING - 单行JSON解析失败（原始字符串：{"name":"vla_control","arguments":{"action":"cancel_navigate","point_desc":{"parking_space":"车位"}},"...）: Extra data: line 1 column 115 (char 114)
2026-03-23 15:49:44,112 - ERROR - CaseID: 1305
函数数量不匹配：预期0个，规划1个
2026-03-23 15:49:44,112 - WARNING - 单行JSON解析失败（原始字符串：{"name":"vla_control","arguments":{"action":"cancel_navigate","point_desc":{"parking_space":"车位"}},"...）: Extra data: line 1 column 115 (char 114)
2026-03-23 15:49:44,112 - ERROR - CaseID: 1306
函数数量不匹配：预期0个，规划1个
2026-03-23 15:49:44,113 - WARNING - 单行JSON解析失败（原始字符串：{"name":"vla_control","arguments":{"action":"cancel_navigate","point_desc":{"parking_space":"车位"}},"...）: Extra data: line 1 column 115 (char 114)
2026-03-23 15:49:44,113 - ERROR - CaseID: 1307
函数数量不匹配：预期0个，规划1个
2026-03-23 15:49:44,113 - WARNING - 单行JSON解析失败（原始字符串：{"name":"vla_control","arguments":{"action":"cancel_navigate","point_desc":{"parking_space":"车位"}},"...）: Extra data: line 1 column 115 (char 114)
2026-03-23 15:49:44,113 - ERROR - CaseID: 1308
函数数量不匹配：预期0个，规划1个
2026-03-23 15:49:44,113 - WARNING - 单行JSON解析失败（原始字符串：{"name":"vla_control","arguments":{"action":"cancel_navigate","point_desc":{"parking_space":"车位"}},"...）: Extra data: line 1 column 115 (char 114)
2026-03-23 15:49:44,113 - ERROR - CaseID: 1309
函数数量不匹配：预期0个，规划1个
2026-03-23 15:49:44,113 - WARNING - 单行JSON解析失败（原始字符串：{"name":"vla_control","arguments":{"action":"cancel_navigate","point_desc":{"parking_space":"车位"}},"...）: Extra data: line 1 column 115 (char 114)
2026-03-23 15:49:44,113 - ERROR - CaseID: 1310
函数数量不匹配：预期0个，规划1个
2026-03-23 15:49:44,113 - WARNING - 单行JSON解析失败（原始字符串：{"name":"vla_control","arguments":{"action":"cancel_navigate","point_desc":{"parking_space":"车位"}},"...）: Extra data: line 1 column 116 (char 115)
2026-03-23 15:49:44,113 - ERROR - CaseID: 1311
函数数量不匹配：预期0个，规划1个
2026-03-23 15:49:44,113 - WARNING - 单行JSON解析失败（原始字符串：{"name":"vla_control","arguments":{"action":"cancel_navigate","point_desc":{"parking_space":"车位"}},"...）: Extra data: line 1 column 115 (char 114)
2026-03-23 15:49:44,113 - ERROR - CaseID: 1312
函数数量不匹配：预期0个，规划1个
2026-03-23 15:49:44,113 - WARNING - 单行JSON解析失败（原始字符串：{"name":"vla_control","arguments":{"action":"cancel_navigate","point_desc":{"parking_space":"车位"}},"...）: Extra data: line 1 column 116 (char 115)
2026-03-23 15:49:44,113 - ERROR - CaseID: 1313
函数数量不匹配：预期0个，规划1个
2026-03-23 15:49:44,113 - WARNING - 单行JSON解析失败（原始字符串：{"name":"vla_control","arguments":{"action":"cancel_navigate","point_desc":{"parking_space":"车位"}},"...）: Extra data: line 1 column 115 (char 114)
2026-03-23 15:49:44,113 - ERROR - CaseID: 1314
函数数量不匹配：预期0个，规划1个
2026-03-23 15:49:44,113 - WARNING - 单行JSON解析失败（原始字符串：{"name":"vla_control","arguments":{"action":"cancel_navigate","point_desc":{"parking_space":"车位"}},"...）: Extra data: line 1 column 116 (char 115)
2026-03-23 15:49:44,114 - ERROR - CaseID: 1315
函数数量不匹配：预期0个，规划1个
2026-03-23 15:49:44,114 - WARNING - 单行JSON解析失败（原始字符串：{"name":"vla_control","arguments":{"action":"cancel_navigate","point_desc":{"parking_space":"车位"}},"...）: Extra data: line 1 column 115 (char 114)
2026-03-23 15:49:44,114 - ERROR - CaseID: 1316
函数数量不匹配：预期0个，规划1个
2026-03-23 15:49:44,114 - WARNING - 单行JSON解析失败（原始字符串：{"name":"vla_control","arguments":{"action":"cancel_navigate","point_desc":{"parking_space":"车位"}},"...）: Extra data: line 1 column 116 (char 115)
2026-03-23 15:49:44,114 - ERROR - CaseID: 1317
函数数量不匹配：预期0个，规划1个
2026-03-23 15:49:44,114 - WARNING - 单行JSON解析失败（原始字符串：{"name":"vla_control","arguments":{"action":"cancel_navigate","point_desc":{"parking_space":"车位"}},"...）: Extra data: line 1 column 116 (char 115)
2026-03-23 15:49:44,114 - ERROR - CaseID: 1318
函数数量不匹配：预期0个，规划1个
2026-03-23 15:49:44,115 - ERROR - CaseID: 1337
规划列缺少以下函数：
  名称: vla_control, 参数: {"action": "cancel_park", "position": "\u4e2d"}
规划列多出以下函数：
  名称: device_control, 参数: {"action": "unsupport"}
2026-03-23 15:49:44,115 - ERROR - CaseID: 1343
规划列缺少以下函数：
  名称: vla_control, 参数: {"action": "cancel_park", "point_tag": "HERE", "position": "\u9760\u5de6"}
规划列多出以下函数：
  名称: vla_control, 参数: {"action": "cancel_park", "position": "\u9760\u5de6"}
2026-03-23 15:49:44,115 - ERROR - CaseID: 1345
规划列缺少以下函数：
  名称: vla_control, 参数: {"action": "cancel_park", "point_tag": "HERE", "position": "\u9760\u5de6"}
规划列多出以下函数：
  名称: vla_control, 参数: {"action": "park", "position": "\u9760\u5de6"}
2026-03-23 15:49:44,116 - ERROR - CaseID: 1349
规划列缺少以下函数：
  名称: vla_control, 参数: {"action": "cancel_park", "point_tag": "HERE", "position": "\u9760\u53f3"}
规划列多出以下函数：
  名称: vla_control, 参数: {"action": "cancel_park", "position": "\u9760\u53f3"}
2026-03-23 15:49:44,116 - ERROR - CaseID: 1350
规划列缺少以下函数：
  名称: vla_control, 参数: {"action": "cancel_park", "point_tag": "HERE", "position": "\u9760\u53f3"}
规划列多出以下函数：
  名称: global_control, 参数: {"action": "cancel"}
2026-03-23 15:49:44,116 - ERROR - CaseID: 1353
规划列缺少以下函数：
  名称: vla_control, 参数: {"action": "cancel_park", "point_tag": "HERE", "position": "\u4e2d"}
规划列多出以下函数：
  名称: vla_control, 参数: {"action": "cancel_park", "position": "\u4e2d"}
2026-03-23 15:49:44,116 - ERROR - CaseID: 1356
规划列缺少以下函数：
  名称: vla_control, 参数: {"action": "cancel_park", "point_tag": "HERE", "position": "\u4e2d"}
规划列多出以下函数：
  名称: vla_control, 参数: {"action": "cancel_park", "position": "\u4e2d"}
2026-03-23 15:49:44,116 - ERROR - CaseID: 1358
规划列缺少以下函数：
  名称: vla_control, 参数: {"action": "cancel_park", "point_tag": "HERE", "position": "\u4e2d"}
规划列多出以下函数：
  名称: device_control, 参数: {"action": "unsupport"}
2026-03-23 15:49:44,116 - ERROR - CaseID: 1359
规划列缺少以下函数：
  名称: vla_control, 参数: {"action": "cancel_park", "point_tag": "HERE", "position": "\u9760\u53f3"}
规划列多出以下函数：
  名称: vla_control, 参数: {"action": "cancel_park", "position": "\u9760\u53f3"}
2026-03-23 15:49:44,117 - ERROR - CaseID: 1360
规划列缺少以下函数：
  名称: vla_control, 参数: {"action": "cancel_park", "point_tag": "HERE", "position": "\u4e2d"}
规划列多出以下函数：
  名称: device_control, 参数: {"action": "unsupport"}
2026-03-23 15:49:44,119 - WARNING - 单行JSON解析失败（原始字符串：{"name":"vla_control","arguments":{"action":"navigate","point_desc":{"parking_space":"车位"}},"directi...）: Extra data: line 1 column 111 (char 110)
2026-03-23 15:49:44,119 - ERROR - CaseID: 1405
函数数量不匹配：预期0个，规划1个
2026-03-23 15:49:44,119 - WARNING - 单行JSON解析失败（原始字符串：{"name":"vla_control","arguments":{"action":"navigate","point_desc":{"parking_space":"车位"}},"directi...）: Extra data: line 1 column 111 (char 110)
2026-03-23 15:49:44,119 - ERROR - CaseID: 1406
函数数量不匹配：预期0个，规划1个
2026-03-23 15:49:44,120 - WARNING - 单行JSON解析失败（原始字符串：{"name":"vla_control","arguments":{"action":"navigate","point_desc":{"parking_space":"车位"}},"directi...）: Extra data: line 1 column 111 (char 110)
2026-03-23 15:49:44,120 - ERROR - CaseID: 1407
函数数量不匹配：预期0个，规划1个
2026-03-23 15:49:44,120 - WARNING - 单行JSON解析失败（原始字符串：{"name":"vla_control","arguments":{"action":"navigate","point_desc":{"parking_space":"车位"}},"directi...）: Extra data: line 1 column 111 (char 110)
2026-03-23 15:49:44,120 - ERROR - CaseID: 1408
函数数量不匹配：预期0个，规划1个
2026-03-23 15:49:44,120 - WARNING - 单行JSON解析失败（原始字符串：{"name":"vla_control","arguments":{"action":"navigate","point_desc":{"parking_space":"车位"}},"directi...）: Extra data: line 1 column 111 (char 110)
2026-03-23 15:49:44,120 - ERROR - CaseID: 1409
函数数量不匹配：预期0个，规划1个
2026-03-23 15:49:44,120 - WARNING - 单行JSON解析失败（原始字符串：{"name":"vla_control","arguments":{"action":"navigate","point_desc":{"parking_space":"车位"}},"directi...）: Extra data: line 1 column 111 (char 110)
2026-03-23 15:49:44,120 - ERROR - CaseID: 1410
函数数量不匹配：预期0个，规划1个
2026-03-23 15:49:44,120 - WARNING - 单行JSON解析失败（原始字符串：{"name":"vla_control","arguments":{"action":"navigate","point_desc":{"parking_space":"车位"}},"directi...）: Extra data: line 1 column 111 (char 110)
2026-03-23 15:49:44,120 - ERROR - CaseID: 1411
函数数量不匹配：预期0个，规划1个
2026-03-23 15:49:44,120 - WARNING - 单行JSON解析失败（原始字符串：{"name":"vla_control","arguments":{"action":"navigate","point_desc":{"parking_space":"车位"}},"directi...）: Extra data: line 1 column 111 (char 110)
2026-03-23 15:49:44,120 - ERROR - CaseID: 1412
函数数量不匹配：预期0个，规划1个
2026-03-23 15:49:44,120 - WARNING - 单行JSON解析失败（原始字符串：{"name":"vla_control","arguments":{"action":"navigate","point_desc":{"parking_space":"车位"}},"directi...）: Extra data: line 1 column 111 (char 110)
2026-03-23 15:49:44,120 - ERROR - CaseID: 1413
函数数量不匹配：预期0个，规划1个
2026-03-23 15:49:44,120 - WARNING - 单行JSON解析失败（原始字符串：{"name":"vla_control","arguments":{"action":"navigate","point_desc":{"parking_space":"车位"}},"directi...）: Extra data: line 1 column 111 (char 110)
2026-03-23 15:49:44,120 - ERROR - CaseID: 1414
函数数量不匹配：预期0个，规划1个
2026-03-23 15:49:44,121 - WARNING - 单行JSON解析失败（原始字符串：{"name":"vla_control","arguments":{"action":"navigate","point_desc":{"parking_space":"车位"}},"directi...）: Extra data: line 1 column 111 (char 110)
2026-03-23 15:49:44,121 - ERROR - CaseID: 1415
函数数量不匹配：预期0个，规划1个
2026-03-23 15:49:44,121 - WARNING - 单行JSON解析失败（原始字符串：{"name":"vla_control","arguments":{"action":"navigate","point_desc":{"parking_space":"车位"}},"directi...）: Extra data: line 1 column 111 (char 110)
2026-03-23 15:49:44,121 - ERROR - CaseID: 1416
函数数量不匹配：预期0个，规划1个
2026-03-23 15:49:44,121 - WARNING - 单行JSON解析失败（原始字符串：{"name":"vla_control","arguments":{"action":"navigate","point_desc":{"parking_space":"车位"}},"directi...）: Extra data: line 1 column 111 (char 110)
2026-03-23 15:49:44,121 - ERROR - CaseID: 1417
函数数量不匹配：预期0个，规划1个
2026-03-23 15:49:44,121 - WARNING - 单行JSON解析失败（原始字符串：{"name":"vla_control","arguments":{"action":"navigate","point_desc":{"parking_space":"车位"}},"directi...）: Extra data: line 1 column 111 (char 110)
2026-03-23 15:49:44,121 - ERROR - CaseID: 1418
函数数量不匹配：预期0个，规划1个
2026-03-23 15:49:44,121 - WARNING - 单行JSON解析失败（原始字符串：{"name":"vla_control","arguments":{"action":"navigate","point_desc":{"parking_space":"车位"}},"directi...）: Extra data: line 1 column 111 (char 110)
2026-03-23 15:49:44,121 - ERROR - CaseID: 1419
函数数量不匹配：预期0个，规划1个
2026-03-23 15:49:44,121 - WARNING - 单行JSON解析失败（原始字符串：{"name":"vla_control","arguments":{"action":"navigate","point_desc":{"parking_space":"车位"}},"directi...）: Extra data: line 1 column 111 (char 110)
2026-03-23 15:49:44,121 - ERROR - CaseID: 1420
函数数量不匹配：预期0个，规划1个
2026-03-23 15:49:44,121 - WARNING - 单行JSON解析失败（原始字符串：{"name":"vla_control","arguments":{"action":"navigate","point_desc":{"parking_space":"车位"}},"directi...）: Extra data: line 1 column 111 (char 110)
2026-03-23 15:49:44,121 - ERROR - CaseID: 1421
函数数量不匹配：预期0个，规划1个
2026-03-23 15:49:44,121 - WARNING - 单行JSON解析失败（原始字符串：{"name":"vla_control","arguments":{"action":"navigate","point_desc":{"parking_space":"车位"}},"directi...）: Extra data: line 1 column 111 (char 110)
2026-03-23 15:49:44,121 - ERROR - CaseID: 1422
函数数量不匹配：预期0个，规划1个
2026-03-23 15:49:44,121 - WARNING - 单行JSON解析失败（原始字符串：{"name":"vla_control","arguments":{"action":"navigate","point_desc":{"parking_space":"车位"}},"directi...）: Extra data: line 1 column 111 (char 110)
2026-03-23 15:49:44,121 - ERROR - CaseID: 1423
函数数量不匹配：预期0个，规划1个
2026-03-23 15:49:44,122 - WARNING - 单行JSON解析失败（原始字符串：{"name":"vla_control","arguments":{"action":"navigate","point_desc":{"parking_space":"车位"}},"directi...）: Extra data: line 1 column 111 (char 110)
2026-03-23 15:49:44,122 - ERROR - CaseID: 1424
函数数量不匹配：预期0个，规划1个
2026-03-23 15:49:44,122 - WARNING - 单行JSON解析失败（原始字符串：{"name":"vla_control","arguments":{"action":"park_out","point_desc":{"parking_space":"车位"}}}}...）: Extra data: line 1 column 93 (char 92)
2026-03-23 15:49:44,122 - ERROR - CaseID: 1425
函数数量不匹配：预期0个，规划1个
2026-03-23 15:49:44,122 - WARNING - 单行JSON解析失败（原始字符串：{"name":"vla_control","arguments":{"action":"park_out","point_desc":{"parking_space":"车位"}}}}...）: Extra data: line 1 column 93 (char 92)
2026-03-23 15:49:44,122 - ERROR - CaseID: 1426
函数数量不匹配：预期0个，规划1个
2026-03-23 15:49:44,122 - WARNING - 单行JSON解析失败（原始字符串：{"name":"vla_control","arguments":{"action":"park_out","point_desc":{"parking_space":"车位"}}}}...）: Extra data: line 1 column 93 (char 92)
2026-03-23 15:49:44,122 - ERROR - CaseID: 1427
函数数量不匹配：预期0个，规划1个
2026-03-23 15:49:44,122 - WARNING - 单行JSON解析失败（原始字符串：{"name":"vla_control","arguments":{"action":"park_out","point_desc":{"parking_space":"车位"}}}}...）: Extra data: line 1 column 93 (char 92)
2026-03-23 15:49:44,122 - ERROR - CaseID: 1428
函数数量不匹配：预期0个，规划1个
2026-03-23 15:49:44,122 - WARNING - 单行JSON解析失败（原始字符串：{"name":"vla_control","arguments":{"action":"park_out","point_desc":{"parking_space":"车位"}}}}...）: Extra data: line 1 column 93 (char 92)
2026-03-23 15:49:44,122 - ERROR - CaseID: 1429
函数数量不匹配：预期0个，规划1个
2026-03-23 15:49:44,122 - WARNING - 单行JSON解析失败（原始字符串：{"name":"vla_control","arguments":{"action":"park_out","point_desc":{"parking_space":"车位"}}}}...）: Extra data: line 1 column 93 (char 92)
2026-03-23 15:49:44,122 - ERROR - CaseID: 1430
函数数量不匹配：预期0个，规划1个
2026-03-23 15:49:44,122 - WARNING - 单行JSON解析失败（原始字符串：{"name":"vla_control","arguments":{"action":"park_out","point_desc":{"parking_space":"车位"}}}}...）: Extra data: line 1 column 93 (char 92)
2026-03-23 15:49:44,122 - ERROR - CaseID: 1431
函数数量不匹配：预期0个，规划1个
2026-03-23 15:49:44,122 - WARNING - 单行JSON解析失败（原始字符串：{"name":"vla_control","arguments":{"action":"park_out","point_desc":{"parking_space":"车位"}}}}...）: Extra data: line 1 column 93 (char 92)
2026-03-23 15:49:44,122 - ERROR - CaseID: 1432
函数数量不匹配：预期0个，规划1个
2026-03-23 15:49:44,123 - WARNING - 单行JSON解析失败（原始字符串：{"name":"vla_control","arguments":{"action":"park_out","point_desc":{"parking_space":"车位"}}}}...）: Extra data: line 1 column 93 (char 92)
2026-03-23 15:49:44,123 - ERROR - CaseID: 1433
函数数量不匹配：预期0个，规划1个
2026-03-23 15:49:44,123 - WARNING - 单行JSON解析失败（原始字符串：{"name":"vla_control","arguments":{"action":"park_out","point_desc":{"parking_space":"车位"}}}}...）: Extra data: line 1 column 93 (char 92)
2026-03-23 15:49:44,123 - ERROR - CaseID: 1434
函数数量不匹配：预期0个，规划1个
2026-03-23 15:49:44,123 - WARNING - 单行JSON解析失败（原始字符串：{"name":"vla_control","arguments":{"action":"park_out","point_desc":{"parking_space":"车位"}}}}...）: Extra data: line 1 column 93 (char 92)
2026-03-23 15:49:44,123 - ERROR - CaseID: 1435
函数数量不匹配：预期0个，规划1个
2026-03-23 15:49:44,123 - WARNING - 单行JSON解析失败（原始字符串：{"name":"vla_control","arguments":{"action":"park_out","point_desc":{"parking_space":"车位"}}}}...）: Extra data: line 1 column 93 (char 92)
2026-03-23 15:49:44,123 - ERROR - CaseID: 1436
函数数量不匹配：预期0个，规划1个
2026-03-23 15:49:44,123 - WARNING - 单行JSON解析失败（原始字符串：{"name":"vla_control","arguments":{"action":"park_out","point_desc":{"parking_space":"车位"}}}}...）: Extra data: line 1 column 93 (char 92)
2026-03-23 15:49:44,123 - ERROR - CaseID: 1437
函数数量不匹配：预期0个，规划1个
2026-03-23 15:49:44,123 - WARNING - 单行JSON解析失败（原始字符串：{"name":"vla_control","arguments":{"action":"park_out","point_desc":{"parking_space":"车位"}}}}...）: Extra data: line 1 column 93 (char 92)
2026-03-23 15:49:44,123 - ERROR - CaseID: 1438
函数数量不匹配：预期0个，规划1个
2026-03-23 15:49:44,123 - WARNING - 单行JSON解析失败（原始字符串：{"name":"vla_control","arguments":{"action":"park_out","point_desc":{"parking_space":"车位"}}}}...）: Extra data: line 1 column 93 (char 92)
2026-03-23 15:49:44,123 - ERROR - CaseID: 1439
函数数量不匹配：预期0个，规划1个
2026-03-23 15:49:44,123 - WARNING - 单行JSON解析失败（原始字符串：{"name":"vla_control","arguments":{"action":"park_out","point_desc":{"parking_space":"车位"}}}}...）: Extra data: line 1 column 93 (char 92)
2026-03-23 15:49:44,123 - ERROR - CaseID: 1440
函数数量不匹配：预期0个，规划1个
2026-03-23 15:49:44,123 - WARNING - 单行JSON解析失败（原始字符串：{"name":"vla_control","arguments":{"action":"park_out","point_desc":{"parking_space":"车位"}}}}...）: Extra data: line 1 column 93 (char 92)
2026-03-23 15:49:44,123 - ERROR - CaseID: 1441
函数数量不匹配：预期0个，规划1个
2026-03-23 15:49:44,124 - WARNING - 单行JSON解析失败（原始字符串：{"name":"vla_control","arguments":{"action":"park_out","point_desc":{"parking_space":"车位"}}}}...）: Extra data: line 1 column 93 (char 92)
2026-03-23 15:49:44,124 - ERROR - CaseID: 1442
函数数量不匹配：预期0个，规划1个
2026-03-23 15:49:44,124 - WARNING - 单行JSON解析失败（原始字符串：{"name":"vla_control","arguments":{"action":"park_out","point_desc":{"parking_space":"车位"}}}}...）: Extra data: line 1 column 93 (char 92)
2026-03-23 15:49:44,124 - ERROR - CaseID: 1443
函数数量不匹配：预期0个，规划1个
2026-03-23 15:49:44,124 - WARNING - 单行JSON解析失败（原始字符串：{"name":"vla_control","arguments":{"action":"park_out","point_desc":{"parking_space":"车位"}}}}...）: Extra data: line 1 column 93 (char 92)
2026-03-23 15:49:44,124 - ERROR - CaseID: 1444
函数数量不匹配：预期0个，规划1个
2026-03-23 15:49:44,126 - WARNING - 单行JSON解析失败（原始字符串：{"name":"vla_control","arguments":{"action":"navigate","direction":"OUT","point_desc":{"parking_spac...）: Extra data: line 1 column 126 (char 125)
2026-03-23 15:49:44,126 - ERROR - CaseID: 1485
函数数量不匹配：预期0个，规划1个
2026-03-23 15:49:44,126 - WARNING - 单行JSON解析失败（原始字符串：{"name":"vla_control","arguments":{"action":"navigate","direction":"OUT","point_desc":{"parking_spac...）: Extra data: line 1 column 126 (char 125)
2026-03-23 15:49:44,126 - ERROR - CaseID: 1486
函数数量不匹配：预期0个，规划1个
2026-03-23 15:49:44,126 - WARNING - 单行JSON解析失败（原始字符串：{"name":"vla_control","arguments":{"action":"navigate","direction":"OUT","point_desc":{"parking_spac...）: Extra data: line 1 column 126 (char 125)
2026-03-23 15:49:44,126 - ERROR - CaseID: 1487
函数数量不匹配：预期0个，规划1个
2026-03-23 15:49:44,126 - WARNING - 单行JSON解析失败（原始字符串：{"name":"vla_control","arguments":{"action":"navigate","direction":"OUT","point_desc":{"parking_spac...）: Extra data: line 1 column 126 (char 125)
2026-03-23 15:49:44,127 - ERROR - CaseID: 1488
函数数量不匹配：预期0个，规划1个
2026-03-23 15:49:44,127 - WARNING - 单行JSON解析失败（原始字符串：{"name":"vla_control","arguments":{"action":"navigate","direction":"OUT","point_desc":{"parking_spac...）: Extra data: line 1 column 126 (char 125)
2026-03-23 15:49:44,127 - ERROR - CaseID: 1489
函数数量不匹配：预期0个，规划1个
2026-03-23 15:49:44,127 - WARNING - 单行JSON解析失败（原始字符串：{"name":"vla_control","arguments":{"action":"navigate","direction":"OUT","point_desc":{"parking_spac...）: Extra data: line 1 column 127 (char 126)
2026-03-23 15:49:44,127 - ERROR - CaseID: 1490
函数数量不匹配：预期0个，规划1个
2026-03-23 15:49:44,127 - WARNING - 单行JSON解析失败（原始字符串：{"name":"vla_control","arguments":{"action":"navigate","direction":"OUT","point_desc":{"parking_spac...）: Extra data: line 1 column 127 (char 126)
2026-03-23 15:49:44,127 - ERROR - CaseID: 1491
函数数量不匹配：预期0个，规划1个
2026-03-23 15:49:44,127 - WARNING - 单行JSON解析失败（原始字符串：{"name":"vla_control","arguments":{"action":"navigate","direction":"OUT","point_desc":{"parking_spac...）: Extra data: line 1 column 127 (char 126)
2026-03-23 15:49:44,127 - ERROR - CaseID: 1492
函数数量不匹配：预期0个，规划1个
2026-03-23 15:49:44,127 - WARNING - 单行JSON解析失败（原始字符串：{"name":"vla_control","arguments":{"action":"navigate","direction":"OUT","point_desc":{"parking_spac...）: Extra data: line 1 column 127 (char 126)
2026-03-23 15:49:44,127 - ERROR - CaseID: 1493
函数数量不匹配：预期0个，规划1个
2026-03-23 15:49:44,127 - WARNING - 单行JSON解析失败（原始字符串：{"name":"vla_control","arguments":{"action":"navigate","direction":"OUT","point_desc":{"parking_spac...）: Extra data: line 1 column 126 (char 125)
2026-03-23 15:49:44,127 - ERROR - CaseID: 1494
函数数量不匹配：预期0个，规划1个
2026-03-23 15:49:44,127 - WARNING - 单行JSON解析失败（原始字符串：{"name":"vla_control","arguments":{"action":"navigate","direction":"OUT","point_desc":{"parking_spac...）: Extra data: line 1 column 126 (char 125)
2026-03-23 15:49:44,127 - ERROR - CaseID: 1495
函数数量不匹配：预期0个，规划1个
2026-03-23 15:49:44,127 - WARNING - 单行JSON解析失败（原始字符串：{"name":"vla_control","arguments":{"action":"navigate","direction":"OUT","point_desc":{"parking_spac...）: Extra data: line 1 column 126 (char 125)
2026-03-23 15:49:44,127 - ERROR - CaseID: 1496
函数数量不匹配：预期0个，规划1个
2026-03-23 15:49:44,128 - WARNING - 单行JSON解析失败（原始字符串：{"name":"vla_control","arguments":{"action":"navigate","direction":"OUT","point_desc":{"parking_spac...）: Extra data: line 1 column 126 (char 125)
2026-03-23 15:49:44,128 - ERROR - CaseID: 1497
函数数量不匹配：预期0个，规划1个
2026-03-23 15:49:44,128 - WARNING - 单行JSON解析失败（原始字符串：{"name":"vla_control","arguments":{"action":"navigate","direction":"OUT","point_desc":{"parking_spac...）: Extra data: line 1 column 127 (char 126)
2026-03-23 15:49:44,128 - ERROR - CaseID: 1498
函数数量不匹配：预期0个，规划1个
2026-03-23 15:49:44,128 - WARNING - 单行JSON解析失败（原始字符串：{"name":"vla_control","arguments":{"action":"navigate","direction":"OUT","point_desc":{"parking_spac...）: Extra data: line 1 column 126 (char 125)
2026-03-23 15:49:44,128 - ERROR - CaseID: 1499
函数数量不匹配：预期0个，规划1个
2026-03-23 15:49:44,128 - WARNING - 单行JSON解析失败（原始字符串：{"name":"vla_control","arguments":{"action":"navigate","direction":"OUT","point_desc":{"parking_spac...）: Extra data: line 1 column 126 (char 125)
2026-03-23 15:49:44,128 - ERROR - CaseID: 1500
函数数量不匹配：预期0个，规划1个
2026-03-23 15:49:45,013 - WARNING - 单行JSON解析失败（原始字符串：{"name":"vla_control","arguments":{"action":"navigate","direction":"OUT","point_desc":{"parking_spac...）: Extra data: line 1 column 127 (char 126)
2026-03-23 15:49:45,015 - ERROR - CaseID: 1501
函数数量不匹配：预期0个，规划1个
2026-03-23 15:49:45,016 - WARNING - 单行JSON解析失败（原始字符串：{"name":"vla_control","arguments":{"action":"navigate","direction":"OUT","point_desc":{"parking_spac...）: Extra data: line 1 column 126 (char 125)
2026-03-23 15:49:45,016 - ERROR - CaseID: 1502
函数数量不匹配：预期0个，规划1个
2026-03-23 15:49:45,016 - WARNING - 单行JSON解析失败（原始字符串：{"name":"vla_control","arguments":{"action":"navigate","direction":"OUT","point_desc":{"parking_spac...）: Extra data: line 1 column 126 (char 125)
2026-03-23 15:49:45,016 - ERROR - CaseID: 1503
函数数量不匹配：预期0个，规划1个
2026-03-23 15:49:45,018 - WARNING - 单行JSON解析失败（原始字符串：{"name":"vla_control","arguments":{"action":"navigate","direction":"OUT","point_desc":{"parking_spac...）: Extra data: line 1 column 126 (char 125)
2026-03-23 15:49:45,018 - ERROR - CaseID: 1504
函数数量不匹配：预期0个，规划1个
2026-03-23 15:49:45,018 - WARNING - 单行JSON解析失败（原始字符串：{"name":"vla_control","arguments":{"action":"park_out","point_desc":{"parking_space":"车位"}},"positio...）: Extra data: line 1 column 108 (char 107)
2026-03-23 15:49:45,018 - ERROR - CaseID: 1505
函数数量不匹配：预期0个，规划1个
2026-03-23 15:49:45,018 - WARNING - 单行JSON解析失败（原始字符串：{"name":"vla_control","arguments":{"action":"park_out","point_desc":{"parking_space":"车位"}},"positio...）: Extra data: line 1 column 108 (char 107)
2026-03-23 15:49:45,018 - ERROR - CaseID: 1506
函数数量不匹配：预期0个，规划1个
2026-03-23 15:49:45,019 - WARNING - 单行JSON解析失败（原始字符串：{"name":"vla_control","arguments":{"action":"park_out","point_desc":{"parking_space":"车位"}},"positio...）: Extra data: line 1 column 108 (char 107)
2026-03-23 15:49:45,019 - ERROR - CaseID: 1507
函数数量不匹配：预期0个，规划1个
2026-03-23 15:49:45,019 - WARNING - 单行JSON解析失败（原始字符串：{"name":"vla_control","arguments":{"action":"park_out","point_desc":{"parking_space":"车位"}},"positio...）: Extra data: line 1 column 108 (char 107)
2026-03-23 15:49:45,019 - ERROR - CaseID: 1508
函数数量不匹配：预期0个，规划1个
2026-03-23 15:49:45,019 - WARNING - 单行JSON解析失败（原始字符串：{"name":"vla_control","arguments":{"action":"park_out","point_desc":{"parking_space":"车位"}},"positio...）: Extra data: line 1 column 108 (char 107)
2026-03-23 15:49:45,019 - ERROR - CaseID: 1509
函数数量不匹配：预期0个，规划1个
2026-03-23 15:49:45,019 - WARNING - 单行JSON解析失败（原始字符串：{"name":"vla_control","arguments":{"action":"park_out","point_desc":{"parking_space":"车位"}},"positio...）: Extra data: line 1 column 109 (char 108)
2026-03-23 15:49:45,019 - ERROR - CaseID: 1510
函数数量不匹配：预期0个，规划1个
2026-03-23 15:49:45,020 - WARNING - 单行JSON解析失败（原始字符串：{"name":"vla_control","arguments":{"action":"park_out","point_desc":{"parking_space":"车位"}},"positio...）: Extra data: line 1 column 109 (char 108)
2026-03-23 15:49:45,020 - ERROR - CaseID: 1511
函数数量不匹配：预期0个，规划1个
2026-03-23 15:49:45,020 - WARNING - 单行JSON解析失败（原始字符串：{"name":"vla_control","arguments":{"action":"park_out","point_desc":{"parking_space":"车位"}},"positio...）: Extra data: line 1 column 109 (char 108)
2026-03-23 15:49:45,020 - ERROR - CaseID: 1512
函数数量不匹配：预期0个，规划1个
2026-03-23 15:49:45,021 - WARNING - 单行JSON解析失败（原始字符串：{"name":"vla_control","arguments":{"action":"park_out","point_desc":{"parking_space":"车位"}},"positio...）: Extra data: line 1 column 109 (char 108)
2026-03-23 15:49:45,021 - ERROR - CaseID: 1513
函数数量不匹配：预期0个，规划1个
2026-03-23 15:49:45,021 - WARNING - 单行JSON解析失败（原始字符串：{"name":"vla_control","arguments":{"action":"park_out","point_desc":{"parking_space":"车位"}},"positio...）: Extra data: line 1 column 108 (char 107)
2026-03-23 15:49:45,021 - ERROR - CaseID: 1514
函数数量不匹配：预期0个，规划1个
2026-03-23 15:49:45,022 - WARNING - 单行JSON解析失败（原始字符串：{"name":"vla_control","arguments":{"action":"park_out","point_desc":{"parking_space":"车位"}},"positio...）: Extra data: line 1 column 108 (char 107)
2026-03-23 15:49:45,022 - ERROR - CaseID: 1515
函数数量不匹配：预期0个，规划1个
2026-03-23 15:49:45,022 - WARNING - 单行JSON解析失败（原始字符串：{"name":"vla_control","arguments":{"action":"park_out","point_desc":{"parking_space":"车位"}},"positio...）: Extra data: line 1 column 108 (char 107)
2026-03-23 15:49:45,022 - ERROR - CaseID: 1516
函数数量不匹配：预期0个，规划1个
2026-03-23 15:49:45,022 - WARNING - 单行JSON解析失败（原始字符串：{"name":"vla_control","arguments":{"action":"park_out","point_desc":{"parking_space":"车位"}},"positio...）: Extra data: line 1 column 109 (char 108)
2026-03-23 15:49:45,022 - ERROR - CaseID: 1517
函数数量不匹配：预期0个，规划1个
2026-03-23 15:49:45,022 - WARNING - 单行JSON解析失败（原始字符串：{"name":"vla_control","arguments":{"action":"park_out","point_desc":{"parking_space":"车位"}},"positio...）: Extra data: line 1 column 109 (char 108)
2026-03-23 15:49:45,022 - ERROR - CaseID: 1518
函数数量不匹配：预期0个，规划1个
2026-03-23 15:49:45,023 - WARNING - 单行JSON解析失败（原始字符串：{"name":"vla_control","arguments":{"action":"park_out","point_desc":{"parking_space":"车位"}},"positio...）: Extra data: line 1 column 108 (char 107)
2026-03-23 15:49:45,023 - ERROR - CaseID: 1519
函数数量不匹配：预期0个，规划1个
2026-03-23 15:49:45,023 - WARNING - 单行JSON解析失败（原始字符串：{"name":"vla_control","arguments":{"action":"park_out","point_desc":{"parking_space":"车位"}},"positio...）: Extra data: line 1 column 108 (char 107)
2026-03-23 15:49:45,023 - ERROR - CaseID: 1520
函数数量不匹配：预期0个，规划1个
2026-03-23 15:49:45,023 - WARNING - 单行JSON解析失败（原始字符串：{"name":"vla_control","arguments":{"action":"park_out","point_desc":{"parking_space":"车位"}},"positio...）: Extra data: line 1 column 109 (char 108)
2026-03-23 15:49:45,023 - ERROR - CaseID: 1521
函数数量不匹配：预期0个，规划1个
2026-03-23 15:49:45,023 - WARNING - 单行JSON解析失败（原始字符串：{"name":"vla_control","arguments":{"action":"park_out","point_desc":{"parking_space":"车位"}},"positio...）: Extra data: line 1 column 108 (char 107)
2026-03-23 15:49:45,023 - ERROR - CaseID: 1522
函数数量不匹配：预期0个，规划1个
2026-03-23 15:49:45,023 - WARNING - 单行JSON解析失败（原始字符串：{"name":"vla_control","arguments":{"action":"park_out","point_desc":{"parking_space":"车位"}},"positio...）: Extra data: line 1 column 108 (char 107)
2026-03-23 15:49:45,023 - ERROR - CaseID: 1523
函数数量不匹配：预期0个，规划1个
2026-03-23 15:49:45,023 - WARNING - 单行JSON解析失败（原始字符串：{"name":"vla_control","arguments":{"action":"park_out","point_desc":{"parking_space":"车位"}},"positio...）: Extra data: line 1 column 108 (char 107)
2026-03-23 15:49:45,024 - ERROR - CaseID: 1524
函数数量不匹配：预期0个，规划1个
2026-03-23 15:49:45,026 - ERROR - CaseID: 1544
规划列缺少以下函数：
  名称: vla_control, 参数: {"action": "pause_navigate", "direction": "OUT"}
规划列多出以下函数：
  名称: vla_control, 参数: {"action": "cancel_navigate", "direction": "OUT"}
2026-03-23 15:49:45,028 - ERROR - CaseID: 1555
规划列缺少以下函数：
  名称: vla_control, 参数: {"action": "pause_park_out"}
规划列多出以下函数：
  名称: vla_control, 参数: {"action": "cancel_park_out"}
2026-03-23 15:49:45,029 - ERROR - CaseID: 1563
规划列缺少以下函数：
  名称: vla_control, 参数: {"action": "pause_park_out"}
规划列多出以下函数：
  名称: vla_control, 参数: {"action": "park_out"}
2026-03-23 15:49:45,029 - ERROR - CaseID: 1564
规划列缺少以下函数：
  名称: vla_control, 参数: {"action": "pause_park_out"}
规划列多出以下函数：
  名称: vla_control, 参数: {"action": "cancel_park_out"}
2026-03-23 15:49:45,029 - WARNING - 单行JSON解析失败（原始字符串：{"name":"vla_control","arguments":{"action":"pause_navigate","direction":"OUT","point_desc":{"parkin...）: Extra data: line 1 column 117 (char 116)
2026-03-23 15:49:45,029 - ERROR - CaseID: 1565
函数数量不匹配：预期0个，规划1个
2026-03-23 15:49:45,030 - WARNING - 单行JSON解析失败（原始字符串：{"name":"vla_control","arguments":{"action":"pause_navigate","direction":"OUT","point_desc":{"parkin...）: Extra data: line 1 column 117 (char 116)
2026-03-23 15:49:45,030 - ERROR - CaseID: 1566
规划列无有效函数
2026-03-23 15:49:45,030 - WARNING - 单行JSON解析失败（原始字符串：{"name":"vla_control","arguments":{"action":"pause_navigate","direction":"OUT","point_desc":{"parkin...）: Extra data: line 1 column 117 (char 116)
2026-03-23 15:49:45,030 - ERROR - CaseID: 1567
函数数量不匹配：预期0个，规划1个
2026-03-23 15:49:45,030 - WARNING - 单行JSON解析失败（原始字符串：{"name":"vla_control","arguments":{"action":"pause_navigate","direction":"OUT","point_desc":{"parkin...）: Extra data: line 1 column 117 (char 116)
2026-03-23 15:49:45,030 - ERROR - CaseID: 1568
函数数量不匹配：预期0个，规划1个
2026-03-23 15:49:45,030 - WARNING - 单行JSON解析失败（原始字符串：{"name":"vla_control","arguments":{"action":"pause_navigate","direction":"OUT","point_desc":{"parkin...）: Extra data: line 1 column 117 (char 116)
2026-03-23 15:49:45,031 - ERROR - CaseID: 1569
函数数量不匹配：预期0个，规划1个
2026-03-23 15:49:45,031 - WARNING - 单行JSON解析失败（原始字符串：{"name":"vla_control","arguments":{"action":"pause_navigate","direction":"OUT","point_desc":{"parkin...）: Extra data: line 1 column 117 (char 116)
2026-03-23 15:49:45,031 - ERROR - CaseID: 1570
函数数量不匹配：预期0个，规划1个
2026-03-23 15:49:45,031 - WARNING - 单行JSON解析失败（原始字符串：{"name":"vla_control","arguments":{"action":"pause_navigate","direction":"OUT","point_desc":{"parkin...）: Extra data: line 1 column 117 (char 116)
2026-03-23 15:49:45,031 - ERROR - CaseID: 1571
函数数量不匹配：预期0个，规划1个
2026-03-23 15:49:45,032 - WARNING - 单行JSON解析失败（原始字符串：{"name":"vla_control","arguments":{"action":"pause_navigate","direction":"OUT","point_desc":{"parkin...）: Extra data: line 1 column 117 (char 116)
2026-03-23 15:49:45,032 - ERROR - CaseID: 1572
函数数量不匹配：预期0个，规划1个
2026-03-23 15:49:45,032 - WARNING - 单行JSON解析失败（原始字符串：{"name":"vla_control","arguments":{"action":"pause_navigate","direction":"OUT","point_desc":{"parkin...）: Extra data: line 1 column 117 (char 116)
2026-03-23 15:49:45,032 - ERROR - CaseID: 1573
函数数量不匹配：预期0个，规划1个
2026-03-23 15:49:45,033 - WARNING - 单行JSON解析失败（原始字符串：{"name":"vla_control","arguments":{"action":"pause_navigate","direction":"OUT","point_desc":{"parkin...）: Extra data: line 1 column 117 (char 116)
2026-03-23 15:49:45,033 - ERROR - CaseID: 1574
函数数量不匹配：预期0个，规划1个
2026-03-23 15:49:45,033 - WARNING - 单行JSON解析失败（原始字符串：{"name":"vla_control","arguments":{"action":"pause_navigate","direction":"OUT","point_desc":{"parkin...）: Extra data: line 1 column 117 (char 116)
2026-03-23 15:49:45,033 - ERROR - CaseID: 1575
函数数量不匹配：预期0个，规划1个
2026-03-23 15:49:45,033 - WARNING - 单行JSON解析失败（原始字符串：{"name":"vla_control","arguments":{"action":"pause_navigate","direction":"OUT","point_desc":{"parkin...）: Extra data: line 1 column 117 (char 116)
2026-03-23 15:49:45,033 - ERROR - CaseID: 1576
函数数量不匹配：预期0个，规划1个
2026-03-23 15:49:45,033 - WARNING - 单行JSON解析失败（原始字符串：{"name":"vla_control","arguments":{"action":"pause_navigate","direction":"OUT","point_desc":{"parkin...）: Extra data: line 1 column 117 (char 116)
2026-03-23 15:49:45,033 - ERROR - CaseID: 1577
函数数量不匹配：预期0个，规划1个
2026-03-23 15:49:45,033 - WARNING - 单行JSON解析失败（原始字符串：{"name":"vla_control","arguments":{"action":"pause_navigate","direction":"OUT","point_desc":{"parkin...）: Extra data: line 1 column 117 (char 116)
2026-03-23 15:49:45,033 - ERROR - CaseID: 1578
函数数量不匹配：预期0个，规划1个
2026-03-23 15:49:45,034 - WARNING - 单行JSON解析失败（原始字符串：{"name":"vla_control","arguments":{"action":"pause_navigate","direction":"OUT","point_desc":{"parkin...）: Extra data: line 1 column 117 (char 116)
2026-03-23 15:49:45,034 - ERROR - CaseID: 1579
函数数量不匹配：预期0个，规划1个
2026-03-23 15:49:45,034 - WARNING - 单行JSON解析失败（原始字符串：{"name":"vla_control","arguments":{"action":"pause_navigate","direction":"OUT","point_desc":{"parkin...）: Extra data: line 1 column 117 (char 116)
2026-03-23 15:49:45,034 - ERROR - CaseID: 1580
函数数量不匹配：预期0个，规划1个
2026-03-23 15:49:45,035 - WARNING - 单行JSON解析失败（原始字符串：{"name":"vla_control","arguments":{"action":"pause_navigate","direction":"OUT","point_desc":{"parkin...）: Extra data: line 1 column 117 (char 116)
2026-03-23 15:49:45,035 - ERROR - CaseID: 1581
函数数量不匹配：预期0个，规划1个
2026-03-23 15:49:45,035 - WARNING - 单行JSON解析失败（原始字符串：{"name":"vla_control","arguments":{"action":"pause_navigate","direction":"OUT","point_desc":{"parkin...）: Extra data: line 1 column 117 (char 116)
2026-03-23 15:49:45,035 - ERROR - CaseID: 1582
函数数量不匹配：预期0个，规划1个
2026-03-23 15:49:45,035 - WARNING - 单行JSON解析失败（原始字符串：{"name":"vla_control","arguments":{"action":"pause_navigate","direction":"OUT","point_desc":{"parkin...）: Extra data: line 1 column 117 (char 116)
2026-03-23 15:49:45,035 - ERROR - CaseID: 1583
函数数量不匹配：预期0个，规划1个
2026-03-23 15:49:45,035 - WARNING - 单行JSON解析失败（原始字符串：{"name":"vla_control","arguments":{"action":"pause_navigate","direction":"OUT","point_desc":{"parkin...）: Extra data: line 1 column 117 (char 116)
2026-03-23 15:49:45,035 - ERROR - CaseID: 1584
函数数量不匹配：预期0个，规划1个
2026-03-23 15:49:45,036 - WARNING - 单行JSON解析失败（原始字符串：{"name":"vla_control","arguments":{"action":"pause_park_out","point_desc":{"parking_space":"车位"}}}}...）: Extra data: line 1 column 99 (char 98)
2026-03-23 15:49:45,036 - ERROR - CaseID: 1585
函数数量不匹配：预期0个，规划1个
2026-03-23 15:49:45,036 - WARNING - 单行JSON解析失败（原始字符串：{"name":"vla_control","arguments":{"action":"pause_park_out","point_desc":{"parking_space":"车位"}}}}...）: Extra data: line 1 column 99 (char 98)
2026-03-23 15:49:45,036 - ERROR - CaseID: 1586
函数数量不匹配：预期0个，规划1个
2026-03-23 15:49:45,037 - WARNING - 单行JSON解析失败（原始字符串：{"name":"vla_control","arguments":{"action":"pause_park_out","point_desc":{"parking_space":"车位"}}}}...）: Extra data: line 1 column 99 (char 98)
2026-03-23 15:49:45,037 - ERROR - CaseID: 1587
函数数量不匹配：预期0个，规划1个
2026-03-23 15:49:45,037 - WARNING - 单行JSON解析失败（原始字符串：{"name":"vla_control","arguments":{"action":"pause_park_out","point_desc":{"parking_space":"车位"}}}}...）: Extra data: line 1 column 99 (char 98)
2026-03-23 15:49:45,037 - ERROR - CaseID: 1588
函数数量不匹配：预期0个，规划1个
2026-03-23 15:49:45,037 - WARNING - 单行JSON解析失败（原始字符串：{"name":"vla_control","arguments":{"action":"pause_park_out","point_desc":{"parking_space":"车位"}}}}...）: Extra data: line 1 column 99 (char 98)
2026-03-23 15:49:45,037 - ERROR - CaseID: 1589
函数数量不匹配：预期0个，规划1个
2026-03-23 15:49:45,037 - WARNING - 单行JSON解析失败（原始字符串：{"name":"vla_control","arguments":{"action":"pause_park_out","point_desc":{"parking_space":"车位"}}}}...）: Extra data: line 1 column 99 (char 98)
2026-03-23 15:49:45,037 - ERROR - CaseID: 1590
函数数量不匹配：预期0个，规划1个
2026-03-23 15:49:45,038 - WARNING - 单行JSON解析失败（原始字符串：{"name":"vla_control","arguments":{"action":"pause_park_out","point_desc":{"parking_space":"车位"}}}}...）: Extra data: line 1 column 99 (char 98)
2026-03-23 15:49:45,038 - ERROR - CaseID: 1591
函数数量不匹配：预期0个，规划1个
2026-03-23 15:49:45,038 - WARNING - 单行JSON解析失败（原始字符串：{"name":"vla_control","arguments":{"action":"pause_park_out","point_desc":{"parking_space":"车位"}}}}...）: Extra data: line 1 column 99 (char 98)
2026-03-23 15:49:45,038 - ERROR - CaseID: 1592
函数数量不匹配：预期0个，规划1个
2026-03-23 15:49:45,038 - WARNING - 单行JSON解析失败（原始字符串：{"name":"vla_control","arguments":{"action":"pause_park_out","point_desc":{"parking_space":"车位"}}}}...）: Extra data: line 1 column 99 (char 98)
2026-03-23 15:49:45,038 - ERROR - CaseID: 1593
函数数量不匹配：预期0个，规划1个
2026-03-23 15:49:45,039 - WARNING - 单行JSON解析失败（原始字符串：{"name":"vla_control","arguments":{"action":"pause_park_out","point_desc":{"parking_space":"车位"}}}}...）: Extra data: line 1 column 99 (char 98)
2026-03-23 15:49:45,039 - ERROR - CaseID: 1594
函数数量不匹配：预期0个，规划1个
2026-03-23 15:49:45,039 - WARNING - 单行JSON解析失败（原始字符串：{"name":"vla_control","arguments":{"action":"pause_park_out","point_desc":{"parking_space":"车位"}}}}...）: Extra data: line 1 column 99 (char 98)
2026-03-23 15:49:45,039 - ERROR - CaseID: 1595
函数数量不匹配：预期0个，规划1个
2026-03-23 15:49:45,039 - WARNING - 单行JSON解析失败（原始字符串：{"name":"vla_control","arguments":{"action":"pause_park_out","point_desc":{"parking_space":"车位"}}}}...）: Extra data: line 1 column 99 (char 98)
2026-03-23 15:49:45,039 - ERROR - CaseID: 1596
函数数量不匹配：预期0个，规划1个
2026-03-23 15:49:45,039 - WARNING - 单行JSON解析失败（原始字符串：{"name":"vla_control","arguments":{"action":"pause_park_out","point_desc":{"parking_space":"车位"}}}}...）: Extra data: line 1 column 99 (char 98)
2026-03-23 15:49:45,039 - ERROR - CaseID: 1597
函数数量不匹配：预期0个，规划1个
2026-03-23 15:49:45,040 - WARNING - 单行JSON解析失败（原始字符串：{"name":"vla_control","arguments":{"action":"pause_park_out","point_desc":{"parking_space":"车位"}}}}...）: Extra data: line 1 column 99 (char 98)
2026-03-23 15:49:45,040 - ERROR - CaseID: 1598
函数数量不匹配：预期0个，规划1个
2026-03-23 15:49:45,040 - WARNING - 单行JSON解析失败（原始字符串：{"name":"vla_control","arguments":{"action":"pause_park_out","point_desc":{"parking_space":"车位"}}}}...）: Extra data: line 1 column 99 (char 98)
2026-03-23 15:49:45,040 - ERROR - CaseID: 1599
函数数量不匹配：预期0个，规划1个
2026-03-23 15:49:45,040 - WARNING - 单行JSON解析失败（原始字符串：{"name":"vla_control","arguments":{"action":"pause_park_out","point_desc":{"parking_space":"车位"}}}}...）: Extra data: line 1 column 99 (char 98)
2026-03-23 15:49:45,040 - ERROR - CaseID: 1600
函数数量不匹配：预期0个，规划1个
2026-03-23 15:49:45,040 - WARNING - 单行JSON解析失败（原始字符串：{"name":"vla_control","arguments":{"action":"pause_park_out","point_desc":{"parking_space":"车位"}}}}...）: Extra data: line 1 column 99 (char 98)
2026-03-23 15:49:45,041 - ERROR - CaseID: 1601
函数数量不匹配：预期0个，规划1个
2026-03-23 15:49:45,041 - WARNING - 单行JSON解析失败（原始字符串：{"name":"vla_control","arguments":{"action":"pause_park_out","point_desc":{"parking_space":"车位"}}}}...）: Extra data: line 1 column 99 (char 98)
2026-03-23 15:49:45,041 - ERROR - CaseID: 1602
函数数量不匹配：预期0个，规划1个
2026-03-23 15:49:45,041 - WARNING - 单行JSON解析失败（原始字符串：{"name":"vla_control","arguments":{"action":"pause_park_out","point_desc":{"parking_space":"车位"}}}}...）: Extra data: line 1 column 99 (char 98)
2026-03-23 15:49:45,041 - ERROR - CaseID: 1603
函数数量不匹配：预期0个，规划1个
2026-03-23 15:49:45,041 - WARNING - 单行JSON解析失败（原始字符串：{"name":"vla_control","arguments":{"action":"pause_park_out","point_desc":{"parking_space":"车位"}}}}...）: Extra data: line 1 column 99 (char 98)
2026-03-23 15:49:45,041 - ERROR - CaseID: 1604
函数数量不匹配：预期0个，规划1个
2026-03-23 15:49:45,042 - ERROR - CaseID: 1613
规划列缺少以下函数：
  名称: vla_control, 参数: {"action": "cancel_navigate", "direction": "OUT"}
规划列多出以下函数：
  名称: global_control, 参数: {"action": "cancel"}
2026-03-23 15:49:45,042 - ERROR - CaseID: 1614
规划列缺少以下函数：
  名称: vla_control, 参数: {"action": "cancel_navigate", "direction": "OUT"}
规划列多出以下函数：
  名称: global_control, 参数: {"action": "cancel"}
2026-03-23 15:49:45,043 - ERROR - CaseID: 1627
规划列缺少以下函数：
  名称: vla_control, 参数: {"action": "cancel_navigate", "direction": "OUT"}
规划列多出以下函数：
  名称: global_control, 参数: {"action": "cancel"}
2026-03-23 15:49:45,044 - ERROR - CaseID: 1635
规划列缺少以下函数：
  名称: vla_control, 参数: {"action": "cancel_park_out"}
规划列多出以下函数：
  名称: global_control, 参数: {"action": "cancel"}
2026-03-23 15:49:45,044 - ERROR - CaseID: 1637
规划列缺少以下函数：
  名称: vla_control, 参数: {"action": "cancel_park_out"}
规划列多出以下函数：
  名称: global_control, 参数: {"action": "cancel"}
2026-03-23 15:49:45,044 - ERROR - CaseID: 1638
规划列缺少以下函数：
  名称: vla_control, 参数: {"action": "cancel_park_out"}
规划列多出以下函数：
  名称: global_control, 参数: {"action": "cancel"}
2026-03-23 15:49:45,046 - WARNING - 单行JSON解析失败（原始字符串：{"name":"vla_control","arguments":{"action":"cancel_navigate","direction":"OUT","point_desc":{"parki...）: Expecting ',' delimiter: line 1 column 117 (char 116)
2026-03-23 15:49:45,046 - ERROR - CaseID: 1652
函数数量不匹配：预期0个，规划1个
2026-03-23 15:49:45,046 - WARNING - 单行JSON解析失败（原始字符串：{"name":"vla_control","arguments":{"action":"cancel_navigate","direction":"OUT","point_desc":{"parki...）: Expecting ',' delimiter: line 1 column 117 (char 116)
2026-03-23 15:49:45,046 - ERROR - CaseID: 1653
函数数量不匹配：预期0个，规划1个
2026-03-23 15:49:45,046 - WARNING - 单行JSON解析失败（原始字符串：{"name":"vla_control","arguments":{"action":"cancel_navigate","direction":"OUT","point_desc":{"parki...）: Expecting ',' delimiter: line 1 column 117 (char 116)
2026-03-23 15:49:45,046 - ERROR - CaseID: 1654
函数数量不匹配：预期0个，规划1个
2026-03-23 15:49:45,046 - WARNING - 单行JSON解析失败（原始字符串：{"name":"vla_control","arguments":{"action":"cancel_navigate","direction":"OUT","point_desc":{"parki...）: Expecting ',' delimiter: line 1 column 117 (char 116)
2026-03-23 15:49:45,046 - ERROR - CaseID: 1655
函数数量不匹配：预期0个，规划1个
2026-03-23 15:49:45,047 - WARNING - 单行JSON解析失败（原始字符串：{"name":"vla_control","arguments":{"action":"cancel_navigate","direction":"OUT","point_desc":{"parki...）: Expecting ',' delimiter: line 1 column 117 (char 116)
2026-03-23 15:49:45,047 - ERROR - CaseID: 1656
函数数量不匹配：预期0个，规划1个
2026-03-23 15:49:45,047 - WARNING - 单行JSON解析失败（原始字符串：{"name":"vla_control","arguments":{"action":"cancel_navigate","direction":"OUT","point_desc":{"parki...）: Expecting ',' delimiter: line 1 column 117 (char 116)
2026-03-23 15:49:45,047 - ERROR - CaseID: 1657
函数数量不匹配：预期0个，规划1个
2026-03-23 15:49:45,047 - WARNING - 单行JSON解析失败（原始字符串：{"name":"vla_control","arguments":{"action":"cancel_navigate","direction":"OUT","point_desc":{"parki...）: Expecting ',' delimiter: line 1 column 117 (char 116)
2026-03-23 15:49:45,047 - ERROR - CaseID: 1658
函数数量不匹配：预期0个，规划1个
2026-03-23 15:49:45,047 - WARNING - 单行JSON解析失败（原始字符串：{"name":"vla_control","arguments":{"action":"cancel_navigate","direction":"OUT","point_desc":{"parki...）: Expecting ',' delimiter: line 1 column 117 (char 116)
2026-03-23 15:49:45,047 - ERROR - CaseID: 1659
函数数量不匹配：预期0个，规划1个
2026-03-23 15:49:45,048 - WARNING - 单行JSON解析失败（原始字符串：{"name":"vla_control","arguments":{"action":"cancel_navigate","direction":"OUT","point_desc":{"parki...）: Expecting ',' delimiter: line 1 column 117 (char 116)
2026-03-23 15:49:45,048 - ERROR - CaseID: 1660
函数数量不匹配：预期0个，规划1个
2026-03-23 15:49:45,048 - WARNING - 单行JSON解析失败（原始字符串：{"name":"vla_control","arguments":{"action":"cancel_navigate","direction":"OUT","point_desc":{"parki...）: Expecting ',' delimiter: line 1 column 117 (char 116)
2026-03-23 15:49:45,048 - ERROR - CaseID: 1661
函数数量不匹配：预期0个，规划1个
2026-03-23 15:49:45,048 - WARNING - 单行JSON解析失败（原始字符串：{"name":"vla_control","arguments":{"action":"cancel_navigate","direction":"OUT","point_desc":{"parki...）: Expecting ',' delimiter: line 1 column 117 (char 116)
2026-03-23 15:49:45,048 - ERROR - CaseID: 1662
函数数量不匹配：预期0个，规划1个
2026-03-23 15:49:45,048 - WARNING - 单行JSON解析失败（原始字符串：{"name":"vla_control","arguments":{"action":"cancel_navigate","direction":"OUT","point_desc":{"parki...）: Expecting ',' delimiter: line 1 column 117 (char 116)
2026-03-23 15:49:45,048 - ERROR - CaseID: 1663
函数数量不匹配：预期0个，规划1个
2026-03-23 15:49:45,048 - WARNING - 单行JSON解析失败（原始字符串：{"name":"vla_control","arguments":{"action":"cancel_navigate","direction":"OUT","point_desc":{"parki...）: Expecting ',' delimiter: line 1 column 117 (char 116)
2026-03-23 15:49:45,048 - ERROR - CaseID: 1664
函数数量不匹配：预期0个，规划1个
2026-03-23 15:49:45,048 - WARNING - 单行JSON解析失败（原始字符串：{"name":"vla_control","arguments":{"action":"cancel_navigate","direction":"OUT","point_desc":{"parki...）: Expecting ',' delimiter: line 1 column 117 (char 116)
2026-03-23 15:49:45,048 - ERROR - CaseID: 1665
函数数量不匹配：预期0个，规划1个
2026-03-23 15:49:45,048 - WARNING - 单行JSON解析失败（原始字符串：{"name":"vla_control","arguments":{"action":"cancel_navigate","direction":"OUT","point_desc":{"parki...）: Expecting ',' delimiter: line 1 column 117 (char 116)
2026-03-23 15:49:45,048 - ERROR - CaseID: 1666
函数数量不匹配：预期0个，规划1个
2026-03-23 15:49:45,048 - WARNING - 单行JSON解析失败（原始字符串：{"name":"vla_control","arguments":{"action":"cancel_navigate","direction":"OUT","point_desc":{"parki...）: Expecting ',' delimiter: line 1 column 117 (char 116)
2026-03-23 15:49:45,048 - ERROR - CaseID: 1667
函数数量不匹配：预期0个，规划1个
2026-03-23 15:49:45,049 - WARNING - 单行JSON解析失败（原始字符串：{"name":"vla_control","arguments":{"action":"cancel_navigate","direction":"OUT","point_desc":{"parki...）: Expecting ',' delimiter: line 1 column 117 (char 116)
2026-03-23 15:49:45,049 - ERROR - CaseID: 1668
函数数量不匹配：预期0个，规划1个
2026-03-23 15:49:45,049 - WARNING - 单行JSON解析失败（原始字符串：{"name":"vla_control","arguments":{"action":"cancel_navigate","direction":"OUT","point_desc":{"parki...）: Expecting ',' delimiter: line 1 column 117 (char 116)
2026-03-23 15:49:45,049 - ERROR - CaseID: 1669
函数数量不匹配：预期0个，规划1个
2026-03-23 15:49:45,049 - WARNING - 单行JSON解析失败（原始字符串：{"name":"vla_control","arguments":{"action":"cancel_navigate","direction":"OUT","point_desc":{"parki...）: Expecting ',' delimiter: line 1 column 117 (char 116)
2026-03-23 15:49:45,049 - ERROR - CaseID: 1670
函数数量不匹配：预期0个，规划1个
2026-03-23 15:49:45,049 - WARNING - 单行JSON解析失败（原始字符串：{"name":"vla_control","arguments":{"action":"cancel_navigate","direction":"OUT","point_desc":{"parki...）: Expecting ',' delimiter: line 1 column 117 (char 116)
2026-03-23 15:49:45,049 - ERROR - CaseID: 1671
函数数量不匹配：预期0个，规划1个
2026-03-23 15:49:45,049 - WARNING - 单行JSON解析失败（原始字符串：{"name":"vla_control","arguments":{"action":"cancel_park_out","point_desc":{"parking_space":"车位"}}...）: Expecting ',' delimiter: line 1 column 99 (char 98)
2026-03-23 15:49:45,049 - ERROR - CaseID: 1672
函数数量不匹配：预期0个，规划1个
2026-03-23 15:49:45,049 - WARNING - 单行JSON解析失败（原始字符串：{"name":"vla_control","arguments":{"action":"cancel_park_out","point_desc":{"parking_space":"车位"}}...）: Expecting ',' delimiter: line 1 column 99 (char 98)
2026-03-23 15:49:45,049 - ERROR - CaseID: 1673
函数数量不匹配：预期0个，规划1个
2026-03-23 15:49:45,049 - WARNING - 单行JSON解析失败（原始字符串：{"name":"vla_control","arguments":{"action":"cancel_park_out","point_desc":{"parking_space":"车位"}}...）: Expecting ',' delimiter: line 1 column 99 (char 98)
2026-03-23 15:49:45,049 - ERROR - CaseID: 1674
函数数量不匹配：预期0个，规划1个
2026-03-23 15:49:45,050 - WARNING - 单行JSON解析失败（原始字符串：{"name":"vla_control","arguments":{"action":"cancel_park_out","point_desc":{"parking_space":"车位"}}...）: Expecting ',' delimiter: line 1 column 99 (char 98)
2026-03-23 15:49:45,050 - ERROR - CaseID: 1675
函数数量不匹配：预期0个，规划1个
2026-03-23 15:49:45,050 - WARNING - 单行JSON解析失败（原始字符串：{"name":"vla_control","arguments":{"action":"cancel_park_out","point_desc":{"parking_space":"车位"}}...）: Expecting ',' delimiter: line 1 column 99 (char 98)
2026-03-23 15:49:45,050 - ERROR - CaseID: 1676
函数数量不匹配：预期0个，规划1个
2026-03-23 15:49:45,050 - WARNING - 单行JSON解析失败（原始字符串：{"name":"vla_control","arguments":{"action":"cancel_park_out","point_desc":{"parking_space":"车位"}}...）: Expecting ',' delimiter: line 1 column 99 (char 98)
2026-03-23 15:49:45,050 - ERROR - CaseID: 1677
函数数量不匹配：预期0个，规划1个
2026-03-23 15:49:45,050 - WARNING - 单行JSON解析失败（原始字符串：{"name":"vla_control","arguments":{"action":"cancel_park_out","point_desc":{"parking_space":"车位"}}...）: Expecting ',' delimiter: line 1 column 99 (char 98)
2026-03-23 15:49:45,050 - ERROR - CaseID: 1678
函数数量不匹配：预期0个，规划1个
2026-03-23 15:49:45,050 - WARNING - 单行JSON解析失败（原始字符串：{"name":"vla_control","arguments":{"action":"cancel_park_out","point_desc":{"parking_space":"车位"}}...）: Expecting ',' delimiter: line 1 column 99 (char 98)
2026-03-23 15:49:45,050 - ERROR - CaseID: 1679
函数数量不匹配：预期0个，规划1个
2026-03-23 15:49:45,050 - WARNING - 单行JSON解析失败（原始字符串：{"name":"vla_control","arguments":{"action":"cancel_park_out","point_desc":{"parking_space":"车位"}}...）: Expecting ',' delimiter: line 1 column 99 (char 98)
2026-03-23 15:49:45,050 - ERROR - CaseID: 1680
函数数量不匹配：预期0个，规划1个
2026-03-23 15:49:45,051 - WARNING - 单行JSON解析失败（原始字符串：{"name":"vla_control","arguments":{"action":"cancel_park_out","point_desc":{"parking_space":"车位"}}...）: Expecting ',' delimiter: line 1 column 99 (char 98)
2026-03-23 15:49:45,051 - ERROR - CaseID: 1681
函数数量不匹配：预期0个，规划1个
2026-03-23 15:49:45,051 - WARNING - 单行JSON解析失败（原始字符串：{"name":"vla_control","arguments":{"action":"cancel_park_out","point_desc":{"parking_space":"车位"}}...）: Expecting ',' delimiter: line 1 column 99 (char 98)
2026-03-23 15:49:45,051 - ERROR - CaseID: 1682
函数数量不匹配：预期0个，规划1个
2026-03-23 15:49:45,051 - WARNING - 单行JSON解析失败（原始字符串：{"name":"vla_control","arguments":{"action":"cancel_park_out","point_desc":{"parking_space":"车位"}}...）: Expecting ',' delimiter: line 1 column 99 (char 98)
2026-03-23 15:49:45,051 - ERROR - CaseID: 1683
函数数量不匹配：预期0个，规划1个
2026-03-23 15:49:45,051 - WARNING - 单行JSON解析失败（原始字符串：{"name":"vla_control","arguments":{"action":"cancel_park_out","point_desc":{"parking_space":"车位"}}...）: Expecting ',' delimiter: line 1 column 99 (char 98)
2026-03-23 15:49:45,051 - ERROR - CaseID: 1684
函数数量不匹配：预期0个，规划1个
2026-03-23 15:49:45,051 - WARNING - 单行JSON解析失败（原始字符串：{"name":"vla_control","arguments":{"action":"cancel_park_out","point_desc":{"parking_space":"车位"}}...）: Expecting ',' delimiter: line 1 column 99 (char 98)
2026-03-23 15:49:45,051 - ERROR - CaseID: 1685
函数数量不匹配：预期0个，规划1个
2026-03-23 15:49:45,051 - WARNING - 单行JSON解析失败（原始字符串：{"name":"vla_control","arguments":{"action":"cancel_park_out","point_desc":{"parking_space":"车位"}}...）: Expecting ',' delimiter: line 1 column 99 (char 98)
2026-03-23 15:49:45,052 - ERROR - CaseID: 1686
函数数量不匹配：预期0个，规划1个
2026-03-23 15:49:45,052 - WARNING - 单行JSON解析失败（原始字符串：{"name":"vla_control","arguments":{"action":"cancel_park_out","point_desc":{"parking_space":"车位"}}...）: Expecting ',' delimiter: line 1 column 99 (char 98)
2026-03-23 15:49:45,052 - ERROR - CaseID: 1687
函数数量不匹配：预期0个，规划1个
2026-03-23 15:49:45,052 - WARNING - 单行JSON解析失败（原始字符串：{"name":"vla_control","arguments":{"action":"cancel_park_out","point_desc":{"parking_space":"车位"}}...）: Expecting ',' delimiter: line 1 column 99 (char 98)
2026-03-23 15:49:45,052 - ERROR - CaseID: 1688
规划列无有效函数
2026-03-23 15:49:45,052 - WARNING - 单行JSON解析失败（原始字符串：{"name":"vla_control","arguments":{"action":"cancel_park_out","point_desc":{"parking_space":"车位"}}...）: Expecting ',' delimiter: line 1 column 99 (char 98)
2026-03-23 15:49:45,053 - ERROR - CaseID: 1689
函数数量不匹配：预期0个，规划1个
2026-03-23 15:49:45,053 - WARNING - 单行JSON解析失败（原始字符串：{"name":"vla_control","arguments":{"action":"cancel_park_out","point_desc":{"parking_space":"车位"}}...）: Expecting ',' delimiter: line 1 column 99 (char 98)
2026-03-23 15:49:45,053 - ERROR - CaseID: 1690
函数数量不匹配：预期0个，规划1个
2026-03-23 15:49:45,053 - WARNING - 单行JSON解析失败（原始字符串：{"name":"vla_control","arguments":{"action":"cancel_park_out","point_desc":{"parking_space":"车位"}}...）: Expecting ',' delimiter: line 1 column 99 (char 98)
2026-03-23 15:49:45,053 - ERROR - CaseID: 1691
函数数量不匹配：预期0个，规划1个
2026-03-23 15:49:45,053 - WARNING - 单行JSON解析失败（原始字符串：{"name":"vla_control","arguments":{"action":"cancel_park_out","point_desc":{"parking_space":"车位"}}...）: Expecting ',' delimiter: line 1 column 99 (char 98)
2026-03-23 15:49:45,053 - ERROR - CaseID: 1692
函数数量不匹配：预期0个，规划1个
2026-03-23 15:49:45,054 - WARNING - 单行JSON解析失败（原始字符串：{"name":"vla_control","arguments":{"action":"cancel_park_out","point_desc":{"parking_space":"车位"}}...）: Expecting ',' delimiter: line 1 column 99 (char 98)
2026-03-23 15:49:45,054 - ERROR - CaseID: 1693
函数数量不匹配：预期0个，规划1个
2026-03-23 15:49:45,054 - WARNING - 单行JSON解析失败（原始字符串：{"name":"vla_control","arguments":{"action":"cancel_park_out","point_desc":{"parking_space":"车位"}}...）: Expecting ',' delimiter: line 1 column 99 (char 98)
2026-03-23 15:49:45,054 - ERROR - CaseID: 1694
函数数量不匹配：预期0个，规划1个
2026-03-23 15:49:45,054 - WARNING - 单行JSON解析失败（原始字符串：{"name":"vla_control","arguments":{"action":"cancel_park_out","point_desc":{"parking_space":"车位"}}...）: Expecting ',' delimiter: line 1 column 99 (char 98)
2026-03-23 15:49:45,054 - ERROR - CaseID: 1695
函数数量不匹配：预期0个，规划1个
2026-03-23 15:49:45,055 - ERROR - CaseID: 1724
规划列缺少以下函数：
  名称: vla_control, 参数: {"action": "pause_park_out", "position": "\u5de6\u524d"}
规划列多出以下函数：
  名称: vla_control, 参数: {"action": "cancel_park_out", "position": "\u5de6\u524d"}
2026-03-23 15:49:45,056 - ERROR - CaseID: 1725
规划列缺少以下函数：
  名称: vla_control, 参数: {"action": "pause_park_out", "position": "\u5de6\u524d"}
规划列多出以下函数：
  名称: vla_control, 参数: {"action": "cancel_park_out", "position": "\u5de6\u524d"}
2026-03-23 15:49:45,056 - ERROR - CaseID: 1726
规划列缺少以下函数：
  名称: vla_control, 参数: {"action": "pause_park_out", "position": "\u53f3"}
规划列多出以下函数：
  名称: vla_control, 参数: {"action": "cancel_park_out", "position": "\u53f3"}
2026-03-23 15:49:45,056 - ERROR - CaseID: 1727
规划列缺少以下函数：
  名称: vla_control, 参数: {"action": "pause_park_out", "position": "\u5de6"}
规划列多出以下函数：
  名称: vla_control, 参数: {"action": "cancel_park_out", "position": "\u5de6"}
2026-03-23 15:49:45,056 - ERROR - CaseID: 1728
规划列缺少以下函数：
  名称: vla_control, 参数: {"action": "pause_park_out", "position": "\u524d"}
规划列多出以下函数：
  名称: vla_control, 参数: {"action": "cancel_park_out", "position": "\u524d"}
2026-03-23 15:49:45,056 - WARNING - 单行JSON解析失败（原始字符串：{"name":"vla_control","arguments":{"action":"pause_navigate","direction":"OUT","point_desc":{"parkin...）: Extra data: line 1 column 132 (char 131)
2026-03-23 15:49:45,056 - ERROR - CaseID: 1736
函数数量不匹配：预期0个，规划1个
2026-03-23 15:49:45,056 - WARNING - 单行JSON解析失败（原始字符串：{"name":"vla_control","arguments":{"action":"pause_navigate","direction":"OUT","point_desc":{"parkin...）: Extra data: line 1 column 132 (char 131)
2026-03-23 15:49:45,056 - ERROR - CaseID: 1737
函数数量不匹配：预期0个，规划1个
2026-03-23 15:49:45,057 - WARNING - 单行JSON解析失败（原始字符串：{"name":"vla_control","arguments":{"action":"pause_navigate","direction":"OUT","point_desc":{"parkin...）: Extra data: line 1 column 133 (char 132)
2026-03-23 15:49:45,057 - ERROR - CaseID: 1738
函数数量不匹配：预期0个，规划1个
2026-03-23 15:49:45,057 - WARNING - 单行JSON解析失败（原始字符串：{"name":"vla_control","arguments":{"action":"pause_navigate","direction":"OUT","point_desc":{"parkin...）: Extra data: line 1 column 132 (char 131)
2026-03-23 15:49:45,057 - ERROR - CaseID: 1739
函数数量不匹配：预期0个，规划1个
2026-03-23 15:49:45,057 - WARNING - 单行JSON解析失败（原始字符串：{"name":"vla_control","arguments":{"action":"pause_navigate","direction":"OUT","point_desc":{"parkin...）: Extra data: line 1 column 132 (char 131)
2026-03-23 15:49:45,057 - ERROR - CaseID: 1740
函数数量不匹配：预期0个，规划1个
2026-03-23 15:49:45,057 - WARNING - 单行JSON解析失败（原始字符串：{"name":"vla_control","arguments":{"action":"pause_navigate","direction":"OUT","point_desc":{"parkin...）: Extra data: line 1 column 133 (char 132)
2026-03-23 15:49:45,057 - ERROR - CaseID: 1741
函数数量不匹配：预期0个，规划1个
2026-03-23 15:49:45,057 - WARNING - 单行JSON解析失败（原始字符串：{"name":"vla_control","arguments":{"action":"pause_navigate","direction":"OUT","point_desc":{"parkin...）: Extra data: line 1 column 133 (char 132)
2026-03-23 15:49:45,057 - ERROR - CaseID: 1742
函数数量不匹配：预期0个，规划1个
2026-03-23 15:49:45,057 - WARNING - 单行JSON解析失败（原始字符串：{"name":"vla_control","arguments":{"action":"pause_navigate","direction":"OUT","point_desc":{"parkin...）: Extra data: line 1 column 132 (char 131)
2026-03-23 15:49:45,057 - ERROR - CaseID: 1743
函数数量不匹配：预期0个，规划1个
2026-03-23 15:49:45,058 - WARNING - 单行JSON解析失败（原始字符串：{"name":"vla_control","arguments":{"action":"pause_navigate","direction":"OUT","point_desc":{"parkin...）: Extra data: line 1 column 133 (char 132)
2026-03-23 15:49:45,058 - ERROR - CaseID: 1744
函数数量不匹配：预期0个，规划1个
2026-03-23 15:49:45,058 - WARNING - 单行JSON解析失败（原始字符串：{"name":"vla_control","arguments":{"action":"pause_navigate","direction":"OUT","point_desc":{"parkin...）: Extra data: line 1 column 133 (char 132)
2026-03-23 15:49:45,058 - ERROR - CaseID: 1745
函数数量不匹配：预期0个，规划1个
2026-03-23 15:49:45,058 - WARNING - 单行JSON解析失败（原始字符串：{"name":"vla_control","arguments":{"action":"pause_navigate","direction":"OUT","point_desc":{"parkin...）: Extra data: line 1 column 132 (char 131)
2026-03-23 15:49:45,058 - ERROR - CaseID: 1746
函数数量不匹配：预期0个，规划1个
2026-03-23 15:49:45,058 - WARNING - 单行JSON解析失败（原始字符串：{"name":"vla_control","arguments":{"action":"pause_navigate","direction":"OUT","point_desc":{"parkin...）: Extra data: line 1 column 132 (char 131)
2026-03-23 15:49:45,058 - ERROR - CaseID: 1747
函数数量不匹配：预期0个，规划1个
2026-03-23 15:49:45,058 - WARNING - 单行JSON解析失败（原始字符串：{"name":"vla_control","arguments":{"action":"pause_navigate","direction":"OUT","point_desc":{"parkin...）: Extra data: line 1 column 132 (char 131)
2026-03-23 15:49:45,058 - ERROR - CaseID: 1748
函数数量不匹配：预期0个，规划1个
2026-03-23 15:49:45,058 - WARNING - 单行JSON解析失败（原始字符串：{"name":"vla_control","arguments":{"action":"pause_navigate","direction":"OUT","point_desc":{"parkin...）: Extra data: line 1 column 132 (char 131)
2026-03-23 15:49:45,058 - ERROR - CaseID: 1749
函数数量不匹配：预期0个，规划1个
2026-03-23 15:49:45,059 - WARNING - 单行JSON解析失败（原始字符串：{"name":"vla_control","arguments":{"action":"pause_navigate","direction":"OUT","point_desc":{"parkin...）: Extra data: line 1 column 133 (char 132)
2026-03-23 15:49:45,059 - ERROR - CaseID: 1750
函数数量不匹配：预期0个，规划1个
2026-03-23 15:49:45,059 - WARNING - 单行JSON解析失败（原始字符串：{"name":"vla_control","arguments":{"action":"pause_navigate","direction":"OUT","point_desc":{"parkin...）: Extra data: line 1 column 132 (char 131)
2026-03-23 15:49:45,059 - ERROR - CaseID: 1751
函数数量不匹配：预期0个，规划1个
2026-03-23 15:49:45,059 - WARNING - 单行JSON解析失败（原始字符串：{"name":"vla_control","arguments":{"action":"pause_navigate","direction":"OUT","point_desc":{"parkin...）: Extra data: line 1 column 133 (char 132)
2026-03-23 15:49:45,059 - ERROR - CaseID: 1752
函数数量不匹配：预期0个，规划1个
2026-03-23 15:49:45,059 - WARNING - 单行JSON解析失败（原始字符串：{"name":"vla_control","arguments":{"action":"pause_navigate","direction":"OUT","point_desc":{"parkin...）: Extra data: line 1 column 132 (char 131)
2026-03-23 15:49:45,059 - ERROR - CaseID: 1753
函数数量不匹配：预期0个，规划1个
2026-03-23 15:49:45,059 - WARNING - 单行JSON解析失败（原始字符串：{"name":"vla_control","arguments":{"action":"pause_navigate","direction":"OUT","point_desc":{"parkin...）: Extra data: line 1 column 132 (char 131)
2026-03-23 15:49:45,059 - ERROR - CaseID: 1754
函数数量不匹配：预期0个，规划1个
2026-03-23 15:49:45,059 - WARNING - 单行JSON解析失败（原始字符串：{"name":"vla_control","arguments":{"action":"pause_navigate","direction":"OUT","point_desc":{"parkin...）: Extra data: line 1 column 132 (char 131)
2026-03-23 15:49:45,059 - ERROR - CaseID: 1755
函数数量不匹配：预期0个，规划1个
2026-03-23 15:49:45,059 - WARNING - 单行JSON解析失败（原始字符串：{"name":"vla_control","arguments":{"action":"pause_park_out","point_desc":{"parking_space":"车位"}},"p...）: Extra data: line 1 column 114 (char 113)
2026-03-23 15:49:45,059 - ERROR - CaseID: 1756
函数数量不匹配：预期0个，规划1个
2026-03-23 15:49:45,060 - WARNING - 单行JSON解析失败（原始字符串：{"name":"vla_control","arguments":{"action":"pause_park_out","point_desc":{"parking_space":"车位"}},"p...）: Extra data: line 1 column 114 (char 113)
2026-03-23 15:49:45,060 - ERROR - CaseID: 1757
函数数量不匹配：预期0个，规划1个
2026-03-23 15:49:45,060 - WARNING - 单行JSON解析失败（原始字符串：{"name":"vla_control","arguments":{"action":"pause_park_out","point_desc":{"parking_space":"车位"}},"p...）: Extra data: line 1 column 115 (char 114)
2026-03-23 15:49:45,060 - ERROR - CaseID: 1758
函数数量不匹配：预期0个，规划1个
2026-03-23 15:49:45,060 - WARNING - 单行JSON解析失败（原始字符串：{"name":"vla_control","arguments":{"action":"pause_park_out","point_desc":{"parking_space":"车位"}},"p...）: Extra data: line 1 column 115 (char 114)
2026-03-23 15:49:45,060 - ERROR - CaseID: 1759
函数数量不匹配：预期0个，规划1个
2026-03-23 15:49:45,060 - WARNING - 单行JSON解析失败（原始字符串：{"name":"vla_control","arguments":{"action":"pause_park_out","point_desc":{"parking_space":"车位"}},"p...）: Extra data: line 1 column 114 (char 113)
2026-03-23 15:49:45,060 - ERROR - CaseID: 1760
函数数量不匹配：预期0个，规划1个
2026-03-23 15:49:45,061 - WARNING - 单行JSON解析失败（原始字符串：{"name":"vla_control","arguments":{"action":"pause_park_out","point_desc":{"parking_space":"车位"}},"p...）: Extra data: line 1 column 115 (char 114)
2026-03-23 15:49:45,061 - ERROR - CaseID: 1761
函数数量不匹配：预期0个，规划1个
2026-03-23 15:49:45,061 - WARNING - 单行JSON解析失败（原始字符串：{"name":"vla_control","arguments":{"action":"pause_park_out","point_desc":{"parking_space":"车位"}},"p...）: Extra data: line 1 column 115 (char 114)
2026-03-23 15:49:45,061 - ERROR - CaseID: 1762
函数数量不匹配：预期0个，规划1个
2026-03-23 15:49:45,061 - WARNING - 单行JSON解析失败（原始字符串：{"name":"vla_control","arguments":{"action":"pause_park_out","point_desc":{"parking_space":"车位"}},"p...）: Extra data: line 1 column 114 (char 113)
2026-03-23 15:49:45,061 - ERROR - CaseID: 1763
函数数量不匹配：预期0个，规划1个
2026-03-23 15:49:45,061 - WARNING - 单行JSON解析失败（原始字符串：{"name":"vla_control","arguments":{"action":"pause_park_out","point_desc":{"parking_space":"车位"}},"p...）: Extra data: line 1 column 115 (char 114)
2026-03-23 15:49:45,061 - ERROR - CaseID: 1764
函数数量不匹配：预期0个，规划1个
2026-03-23 15:49:45,061 - WARNING - 单行JSON解析失败（原始字符串：{"name":"vla_control","arguments":{"action":"pause_park_out","point_desc":{"parking_space":"车位"}},"p...）: Extra data: line 1 column 115 (char 114)
2026-03-23 15:49:45,061 - ERROR - CaseID: 1765
函数数量不匹配：预期0个，规划1个
2026-03-23 15:49:45,062 - WARNING - 单行JSON解析失败（原始字符串：{"name":"vla_control","arguments":{"action":"pause_park_out","point_desc":{"parking_space":"车位"}},"p...）: Extra data: line 1 column 114 (char 113)
2026-03-23 15:49:45,062 - ERROR - CaseID: 1766
函数数量不匹配：预期0个，规划1个
2026-03-23 15:49:45,062 - WARNING - 单行JSON解析失败（原始字符串：{"name":"vla_control","arguments":{"action":"pause_park_out","point_desc":{"parking_space":"车位"}},"p...）: Extra data: line 1 column 114 (char 113)
2026-03-23 15:49:45,062 - ERROR - CaseID: 1767
函数数量不匹配：预期0个，规划1个
2026-03-23 15:49:45,062 - WARNING - 单行JSON解析失败（原始字符串：{"name":"vla_control","arguments":{"action":"pause_park_out","point_desc":{"parking_space":"车位"}},"p...）: Extra data: line 1 column 114 (char 113)
2026-03-23 15:49:45,062 - ERROR - CaseID: 1768
函数数量不匹配：预期0个，规划1个
2026-03-23 15:49:45,062 - WARNING - 单行JSON解析失败（原始字符串：{"name":"vla_control","arguments":{"action":"pause_park_out","point_desc":{"parking_space":"车位"}},"p...）: Extra data: line 1 column 114 (char 113)
2026-03-23 15:49:45,062 - ERROR - CaseID: 1769
函数数量不匹配：预期0个，规划1个
2026-03-23 15:49:45,062 - WARNING - 单行JSON解析失败（原始字符串：{"name":"vla_control","arguments":{"action":"pause_park_out","point_desc":{"parking_space":"车位"}},"p...）: Extra data: line 1 column 115 (char 114)
2026-03-23 15:49:45,062 - ERROR - CaseID: 1770
函数数量不匹配：预期0个，规划1个
2026-03-23 15:49:45,063 - WARNING - 单行JSON解析失败（原始字符串：{"name":"vla_control","arguments":{"action":"pause_park_out","point_desc":{"parking_space":"车位"}},"p...）: Extra data: line 1 column 114 (char 113)
2026-03-23 15:49:45,063 - ERROR - CaseID: 1771
函数数量不匹配：预期0个，规划1个
2026-03-23 15:49:45,063 - WARNING - 单行JSON解析失败（原始字符串：{"name":"vla_control","arguments":{"action":"pause_park_out","point_desc":{"parking_space":"车位"}},"p...）: Extra data: line 1 column 115 (char 114)
2026-03-23 15:49:45,063 - ERROR - CaseID: 1772
函数数量不匹配：预期0个，规划1个
2026-03-23 15:49:45,063 - WARNING - 单行JSON解析失败（原始字符串：{"name":"vla_control","arguments":{"action":"pause_park_out","point_desc":{"parking_space":"车位"}},"p...）: Extra data: line 1 column 114 (char 113)
2026-03-23 15:49:45,063 - ERROR - CaseID: 1773
函数数量不匹配：预期0个，规划1个
2026-03-23 15:49:45,063 - WARNING - 单行JSON解析失败（原始字符串：{"name":"vla_control","arguments":{"action":"pause_park_out","point_desc":{"parking_space":"车位"}},"p...）: Extra data: line 1 column 114 (char 113)
2026-03-23 15:49:45,064 - ERROR - CaseID: 1774
函数数量不匹配：预期0个，规划1个
2026-03-23 15:49:45,064 - WARNING - 单行JSON解析失败（原始字符串：{"name":"vla_control","arguments":{"action":"pause_park_out","point_desc":{"parking_space":"车位"}},"p...）: Extra data: line 1 column 114 (char 113)
2026-03-23 15:49:45,064 - ERROR - CaseID: 1775
函数数量不匹配：预期0个，规划1个
2026-03-23 15:49:45,065 - ERROR - CaseID: 1790
规划列缺少以下函数：
  名称: vla_control, 参数: {"action": "cancel_navigate", "direction": "OUT", "position": "\u524d"}
规划列多出以下函数：
  名称: vla_control, 参数: {"action": "cancel_navigate", "direction": "OUT"}
2026-03-23 15:49:45,068 - WARNING - 单行JSON解析失败（原始字符串：{"name":"vla_control","arguments":{"action":"cancel_navigate","direction":"OUT","point_desc":{"parki...）: Extra data: line 1 column 134 (char 133)
2026-03-23 15:49:45,068 - ERROR - CaseID: 1823
函数数量不匹配：预期0个，规划1个
2026-03-23 15:49:45,069 - WARNING - 单行JSON解析失败（原始字符串：{"name":"vla_control","arguments":{"action":"cancel_navigate","direction":"OUT","point_desc":{"parki...）: Extra data: line 1 column 133 (char 132)
2026-03-23 15:49:45,069 - ERROR - CaseID: 1824
函数数量不匹配：预期0个，规划1个
2026-03-23 15:49:45,069 - WARNING - 单行JSON解析失败（原始字符串：{"name":"vla_control","arguments":{"action":"cancel_navigate","direction":"OUT","point_desc":{"parki...）: Extra data: line 1 column 133 (char 132)
2026-03-23 15:49:45,069 - ERROR - CaseID: 1825
函数数量不匹配：预期0个，规划1个
2026-03-23 15:49:45,069 - WARNING - 单行JSON解析失败（原始字符串：{"name":"vla_control","arguments":{"action":"cancel_navigate","direction":"OUT","point_desc":{"parki...）: Extra data: line 1 column 133 (char 132)
2026-03-23 15:49:45,069 - ERROR - CaseID: 1826
函数数量不匹配：预期0个，规划1个
2026-03-23 15:49:45,069 - WARNING - 单行JSON解析失败（原始字符串：{"name":"vla_control","arguments":{"action":"cancel_navigate","direction":"OUT","point_desc":{"parki...）: Extra data: line 1 column 134 (char 133)
2026-03-23 15:49:45,069 - ERROR - CaseID: 1827
函数数量不匹配：预期0个，规划1个
2026-03-23 15:49:45,069 - WARNING - 单行JSON解析失败（原始字符串：{"name":"vla_control","arguments":{"action":"cancel_navigate","direction":"OUT","point_desc":{"parki...）: Extra data: line 1 column 133 (char 132)
2026-03-23 15:49:45,069 - ERROR - CaseID: 1828
函数数量不匹配：预期0个，规划1个
2026-03-23 15:49:45,069 - WARNING - 单行JSON解析失败（原始字符串：{"name":"vla_control","arguments":{"action":"cancel_navigate","direction":"OUT","point_desc":{"parki...）: Extra data: line 1 column 133 (char 132)
2026-03-23 15:49:45,069 - ERROR - CaseID: 1829
函数数量不匹配：预期0个，规划1个
2026-03-23 15:49:45,070 - WARNING - 单行JSON解析失败（原始字符串：{"name":"vla_control","arguments":{"action":"cancel_navigate","direction":"OUT","point_desc":{"parki...）: Extra data: line 1 column 133 (char 132)
2026-03-23 15:49:45,070 - ERROR - CaseID: 1830
函数数量不匹配：预期0个，规划1个
2026-03-23 15:49:45,070 - WARNING - 单行JSON解析失败（原始字符串：{"name":"vla_control","arguments":{"action":"cancel_navigate","direction":"OUT","point_desc":{"parki...）: Extra data: line 1 column 133 (char 132)
2026-03-23 15:49:45,070 - ERROR - CaseID: 1831
函数数量不匹配：预期0个，规划1个
2026-03-23 15:49:45,070 - WARNING - 单行JSON解析失败（原始字符串：{"name":"vla_control","arguments":{"action":"cancel_navigate","direction":"OUT","point_desc":{"parki...）: Extra data: line 1 column 134 (char 133)
2026-03-23 15:49:45,070 - ERROR - CaseID: 1832
函数数量不匹配：预期0个，规划1个
2026-03-23 15:49:45,070 - WARNING - 单行JSON解析失败（原始字符串：{"name":"vla_control","arguments":{"action":"cancel_navigate","direction":"OUT","point_desc":{"parki...）: Extra data: line 1 column 133 (char 132)
2026-03-23 15:49:45,070 - ERROR - CaseID: 1833
函数数量不匹配：预期0个，规划1个
2026-03-23 15:49:45,070 - WARNING - 单行JSON解析失败（原始字符串：{"name":"vla_control","arguments":{"action":"cancel_navigate","direction":"OUT","point_desc":{"parki...）: Extra data: line 1 column 133 (char 132)
2026-03-23 15:49:45,070 - ERROR - CaseID: 1834
函数数量不匹配：预期0个，规划1个
2026-03-23 15:49:45,070 - WARNING - 单行JSON解析失败（原始字符串：{"name":"vla_control","arguments":{"action":"cancel_navigate","direction":"OUT","point_desc":{"parki...）: Extra data: line 1 column 133 (char 132)
2026-03-23 15:49:45,070 - ERROR - CaseID: 1835
函数数量不匹配：预期0个，规划1个
2026-03-23 15:49:45,070 - WARNING - 单行JSON解析失败（原始字符串：{"name":"vla_control","arguments":{"action":"cancel_navigate","direction":"OUT","point_desc":{"parki...）: Extra data: line 1 column 133 (char 132)
2026-03-23 15:49:45,070 - ERROR - CaseID: 1836
函数数量不匹配：预期0个，规划1个
2026-03-23 15:49:45,071 - WARNING - 单行JSON解析失败（原始字符串：{"name":"vla_control","arguments":{"action":"cancel_navigate","direction":"OUT","point_desc":{"parki...）: Extra data: line 1 column 134 (char 133)
2026-03-23 15:49:45,071 - ERROR - CaseID: 1837
函数数量不匹配：预期0个，规划1个
2026-03-23 15:49:45,071 - WARNING - 单行JSON解析失败（原始字符串：{"name":"vla_control","arguments":{"action":"cancel_navigate","direction":"OUT","point_desc":{"parki...）: Extra data: line 1 column 134 (char 133)
2026-03-23 15:49:45,071 - ERROR - CaseID: 1838
函数数量不匹配：预期0个，规划1个
2026-03-23 15:49:45,071 - WARNING - 单行JSON解析失败（原始字符串：{"name":"vla_control","arguments":{"action":"cancel_navigate","direction":"OUT","point_desc":{"parki...）: Extra data: line 1 column 134 (char 133)
2026-03-23 15:49:45,071 - ERROR - CaseID: 1839
函数数量不匹配：预期0个，规划1个
2026-03-23 15:49:45,071 - WARNING - 单行JSON解析失败（原始字符串：{"name":"vla_control","arguments":{"action":"cancel_navigate","direction":"OUT","point_desc":{"parki...）: Extra data: line 1 column 133 (char 132)
2026-03-23 15:49:45,071 - ERROR - CaseID: 1840
函数数量不匹配：预期0个，规划1个
2026-03-23 15:49:45,071 - WARNING - 单行JSON解析失败（原始字符串：{"name":"vla_control","arguments":{"action":"cancel_navigate","direction":"OUT","point_desc":{"parki...）: Extra data: line 1 column 133 (char 132)
2026-03-23 15:49:45,071 - ERROR - CaseID: 1841
函数数量不匹配：预期0个，规划1个
2026-03-23 15:49:45,071 - WARNING - 单行JSON解析失败（原始字符串：{"name":"vla_control","arguments":{"action":"cancel_navigate","direction":"OUT","point_desc":{"parki...）: Extra data: line 1 column 134 (char 133)
2026-03-23 15:49:45,071 - ERROR - CaseID: 1842
函数数量不匹配：预期0个，规划1个
2026-03-23 15:49:45,071 - WARNING - 单行JSON解析失败（原始字符串：{"name":"vla_control","arguments":{"action":"cancel_navigate","direction":"OUT","point_desc":{"parki...）: Extra data: line 1 column 133 (char 132)
2026-03-23 15:49:45,071 - ERROR - CaseID: 1843
函数数量不匹配：预期0个，规划1个
2026-03-23 15:49:45,071 - WARNING - 单行JSON解析失败（原始字符串：{"name":"vla_control","arguments":{"action":"cancel_navigate","direction":"OUT","point_desc":{"parki...）: Extra data: line 1 column 133 (char 132)
2026-03-23 15:49:45,071 - ERROR - CaseID: 1844
函数数量不匹配：预期0个，规划1个
2026-03-23 15:49:45,072 - WARNING - 单行JSON解析失败（原始字符串：{"name":"vla_control","arguments":{"action":"cancel_navigate","direction":"OUT","point_desc":{"parki...）: Extra data: line 1 column 133 (char 132)
2026-03-23 15:49:45,072 - ERROR - CaseID: 1845
函数数量不匹配：预期0个，规划1个
2026-03-23 15:49:45,072 - WARNING - 单行JSON解析失败（原始字符串：{"name":"vla_control","arguments":{"action":"cancel_navigate","direction":"OUT","point_desc":{"parki...）: Extra data: line 1 column 133 (char 132)
2026-03-23 15:49:45,072 - ERROR - CaseID: 1846
函数数量不匹配：预期0个，规划1个
2026-03-23 15:49:45,072 - WARNING - 单行JSON解析失败（原始字符串：{"name":"vla_control","arguments":{"action":"cancel_navigate","direction":"OUT","point_desc":{"parki...）: Extra data: line 1 column 134 (char 133)
2026-03-23 15:49:45,072 - ERROR - CaseID: 1847
函数数量不匹配：预期0个，规划1个
2026-03-23 15:49:45,072 - WARNING - 单行JSON解析失败（原始字符串：{"name":"vla_control","arguments":{"action":"cancel_park_out","point_desc":{"parking_space":"车位"}},"...）: Extra data: line 1 column 115 (char 114)
2026-03-23 15:49:45,072 - ERROR - CaseID: 1848
函数数量不匹配：预期0个，规划1个
2026-03-23 15:49:45,072 - WARNING - 单行JSON解析失败（原始字符串：{"name":"vla_control","arguments":{"action":"cancel_park_out","point_desc":{"parking_space":"车位"}},"...）: Extra data: line 1 column 115 (char 114)
2026-03-23 15:49:45,072 - ERROR - CaseID: 1849
函数数量不匹配：预期0个，规划1个
2026-03-23 15:49:45,073 - WARNING - 单行JSON解析失败（原始字符串：{"name":"vla_control","arguments":{"action":"cancel_park_out","point_desc":{"parking_space":"车位"}},"...）: Extra data: line 1 column 116 (char 115)
2026-03-23 15:49:45,073 - ERROR - CaseID: 1850
函数数量不匹配：预期0个，规划1个
2026-03-23 15:49:45,073 - WARNING - 单行JSON解析失败（原始字符串：{"name":"vla_control","arguments":{"action":"cancel_park_out","point_desc":{"parking_space":"车位"}},"...）: Extra data: line 1 column 116 (char 115)
2026-03-23 15:49:45,073 - ERROR - CaseID: 1851
函数数量不匹配：预期0个，规划1个
2026-03-23 15:49:45,073 - WARNING - 单行JSON解析失败（原始字符串：{"name":"vla_control","arguments":{"action":"cancel_park_out","point_desc":{"parking_space":"车位"}},"...）: Extra data: line 1 column 115 (char 114)
2026-03-23 15:49:45,073 - ERROR - CaseID: 1852
函数数量不匹配：预期0个，规划1个
2026-03-23 15:49:45,073 - WARNING - 单行JSON解析失败（原始字符串：{"name":"vla_control","arguments":{"action":"cancel_park_out","point_desc":{"parking_space":"车位"}},"...）: Extra data: line 1 column 116 (char 115)
2026-03-23 15:49:45,073 - ERROR - CaseID: 1853
函数数量不匹配：预期0个，规划1个
2026-03-23 15:49:45,073 - WARNING - 单行JSON解析失败（原始字符串：{"name":"vla_control","arguments":{"action":"cancel_park_out","point_desc":{"parking_space":"车位"}},"...）: Extra data: line 1 column 115 (char 114)
2026-03-23 15:49:45,073 - ERROR - CaseID: 1854
函数数量不匹配：预期0个，规划1个
2026-03-23 15:49:45,073 - WARNING - 单行JSON解析失败（原始字符串：{"name":"vla_control","arguments":{"action":"cancel_park_out","point_desc":{"parking_space":"车位"}},"...）: Extra data: line 1 column 115 (char 114)
2026-03-23 15:49:45,073 - ERROR - CaseID: 1855
函数数量不匹配：预期0个，规划1个
2026-03-23 15:49:45,073 - WARNING - 单行JSON解析失败（原始字符串：{"name":"vla_control","arguments":{"action":"cancel_park_out","point_desc":{"parking_space":"车位"}},"...）: Extra data: line 1 column 115 (char 114)
2026-03-23 15:49:45,073 - ERROR - CaseID: 1856
函数数量不匹配：预期0个，规划1个
2026-03-23 15:49:45,074 - WARNING - 单行JSON解析失败（原始字符串：{"name":"vla_control","arguments":{"action":"cancel_park_out","point_desc":{"parking_space":"车位"}},"...）: Extra data: line 1 column 115 (char 114)
2026-03-23 15:49:45,074 - ERROR - CaseID: 1857
函数数量不匹配：预期0个，规划1个
2026-03-23 15:49:45,074 - WARNING - 单行JSON解析失败（原始字符串：{"name":"vla_control","arguments":{"action":"cancel_park_out","point_desc":{"parking_space":"车位"}},"...）: Extra data: line 1 column 116 (char 115)
2026-03-23 15:49:45,074 - ERROR - CaseID: 1858
函数数量不匹配：预期0个，规划1个
2026-03-23 15:49:45,074 - WARNING - 单行JSON解析失败（原始字符串：{"name":"vla_control","arguments":{"action":"cancel_park_out","point_desc":{"parking_space":"车位"}},"...）: Extra data: line 1 column 116 (char 115)
2026-03-23 15:49:45,074 - ERROR - CaseID: 1859
函数数量不匹配：预期0个，规划1个
2026-03-23 15:49:45,074 - WARNING - 单行JSON解析失败（原始字符串：{"name":"vla_control","arguments":{"action":"cancel_park_out","point_desc":{"parking_space":"车位"}},"...）: Extra data: line 1 column 115 (char 114)
2026-03-23 15:49:45,074 - ERROR - CaseID: 1860
函数数量不匹配：预期0个，规划1个
2026-03-23 15:49:45,074 - WARNING - 单行JSON解析失败（原始字符串：{"name":"vla_control","arguments":{"action":"cancel_park_out","point_desc":{"parking_space":"车位"}},"...）: Extra data: line 1 column 115 (char 114)
2026-03-23 15:49:45,074 - ERROR - CaseID: 1861
函数数量不匹配：预期0个，规划1个
2026-03-23 15:49:45,074 - WARNING - 单行JSON解析失败（原始字符串：{"name":"vla_control","arguments":{"action":"cancel_park_out","point_desc":{"parking_space":"车位"}},"...）: Extra data: line 1 column 115 (char 114)
2026-03-23 15:49:45,074 - ERROR - CaseID: 1862
函数数量不匹配：预期0个，规划1个
2026-03-23 15:49:45,075 - WARNING - 单行JSON解析失败（原始字符串：{"name":"vla_control","arguments":{"action":"cancel_park_out","point_desc":{"parking_space":"车位"}},"...）: Extra data: line 1 column 116 (char 115)
2026-03-23 15:49:45,075 - ERROR - CaseID: 1863
函数数量不匹配：预期0个，规划1个
2026-03-23 15:49:45,075 - WARNING - 单行JSON解析失败（原始字符串：{"name":"vla_control","arguments":{"action":"cancel_park_out","point_desc":{"parking_space":"车位"}},"...）: Extra data: line 1 column 116 (char 115)
2026-03-23 15:49:45,075 - ERROR - CaseID: 1864
函数数量不匹配：预期0个，规划1个
2026-03-23 15:49:45,075 - WARNING - 单行JSON解析失败（原始字符串：{"name":"vla_control","arguments":{"action":"cancel_park_out","point_desc":{"parking_space":"车位"}},"...）: Extra data: line 1 column 115 (char 114)
2026-03-23 15:49:45,075 - ERROR - CaseID: 1865
函数数量不匹配：预期0个，规划1个
2026-03-23 15:49:45,075 - WARNING - 单行JSON解析失败（原始字符串：{"name":"vla_control","arguments":{"action":"cancel_park_out","point_desc":{"parking_space":"车位"}},"...）: Extra data: line 1 column 115 (char 114)
2026-03-23 15:49:45,075 - ERROR - CaseID: 1866
函数数量不匹配：预期0个，规划1个
2026-03-23 15:49:45,075 - WARNING - 单行JSON解析失败（原始字符串：{"name":"vla_control","arguments":{"action":"cancel_park_out","point_desc":{"parking_space":"车位"}},"...）: Extra data: line 1 column 116 (char 115)
2026-03-23 15:49:45,075 - ERROR - CaseID: 1867
函数数量不匹配：预期0个，规划1个
2026-03-23 15:49:45,075 - WARNING - 单行JSON解析失败（原始字符串：{"name":"vla_control","arguments":{"action":"cancel_park_out","point_desc":{"parking_space":"车位"}},"...）: Extra data: line 1 column 116 (char 115)
2026-03-23 15:49:45,075 - ERROR - CaseID: 1868
函数数量不匹配：预期0个，规划1个
2026-03-23 15:49:45,076 - WARNING - 单行JSON解析失败（原始字符串：{"name":"vla_control","arguments":{"action":"cancel_park_out","point_desc":{"parking_space":"车位"}},"...）: Extra data: line 1 column 115 (char 114)
2026-03-23 15:49:45,076 - ERROR - CaseID: 1869
函数数量不匹配：预期0个，规划1个
2026-03-23 15:49:45,076 - WARNING - 单行JSON解析失败（原始字符串：{"name":"vla_control","arguments":{"action":"cancel_park_out","point_desc":{"parking_space":"车位"}},"...）: Extra data: line 1 column 116 (char 115)
2026-03-23 15:49:45,076 - ERROR - CaseID: 1870
函数数量不匹配：预期0个，规划1个
2026-03-23 15:49:45,076 - WARNING - 单行JSON解析失败（原始字符串：{"name":"vla_control","arguments":{"action":"cancel_park_out","point_desc":{"parking_space":"车位"}},"...）: Extra data: line 1 column 116 (char 115)
2026-03-23 15:49:45,076 - ERROR - CaseID: 1871
函数数量不匹配：预期0个，规划1个
2026-03-23 15:49:45,076 - WARNING - 单行JSON解析失败（原始字符串：{"name":"vla_control","arguments":{"action":"cancel_park_out","point_desc":{"parking_space":"车位"}},"...）: Extra data: line 1 column 116 (char 115)
2026-03-23 15:49:45,077 - ERROR - CaseID: 1872
函数数量不匹配：预期0个，规划1个
2026-03-23 15:49:45,080 - ERROR - CaseID: 1934
规划列缺少以下函数：
  名称: vla_control, 参数: {"action": "cancel_straight_calling"}
规划列多出以下函数：
  名称: vla_control, 参数: {"action": "pause_straight_calling"}
2026-03-23 15:49:45,080 - ERROR - CaseID: 1937
规划列缺少以下函数：
  名称: vla_control, 参数: {"action": "cancel_straight_calling"}
规划列多出以下函数：
  名称: vla_control, 参数: {"action": "pause_straight_calling"}
2026-03-23 15:49:45,080 - ERROR - CaseID: 1938
规划列缺少以下函数：
  名称: vla_control, 参数: {"action": "cancel_straight_calling"}
规划列多出以下函数：
  名称: vla_control, 参数: {"action": "pause_straight_calling"}
2026-03-23 15:49:45,080 - ERROR - CaseID: 1939
规划列缺少以下函数：
  名称: vla_control, 参数: {"action": "cancel_straight_calling"}
规划列多出以下函数：
  名称: vla_control, 参数: {"action": "pause_straight_calling"}
2026-03-23 15:49:45,080 - ERROR - CaseID: 1940
规划列缺少以下函数：
  名称: vla_control, 参数: {"action": "cancel_straight_calling"}
规划列多出以下函数：
  名称: vla_control, 参数: {"action": "pause_straight_calling"}
2026-03-23 15:49:45,081 - ERROR - CaseID: 1945
规划列缺少以下函数：
  名称: vla_control, 参数: {"action": "cancel_straight_calling"}
规划列多出以下函数：
  名称: vla_control, 参数: {"action": "pause_straight_calling"}
2026-03-23 15:49:45,081 - ERROR - CaseID: 1948
规划列缺少以下函数：
  名称: vla_control, 参数: {"action": "cancel_straight_calling"}
规划列多出以下函数：
  名称: vla_control, 参数: {"action": "pause_straight_calling"}
2026-03-23 15:49:45,081 - ERROR - CaseID: 1950
规划列缺少以下函数：
  名称: vla_control, 参数: {"action": "cancel_straight_calling"}
规划列多出以下函数：
  名称: vla_control, 参数: {"action": "pause_straight_calling"}
2026-03-23 15:49:45,082 - ERROR - CaseID: 1952
规划列缺少以下函数：
  名称: vla_control, 参数: {"action": "cancel_straight_calling"}
规划列多出以下函数：
  名称: vla_control, 参数: {"action": "pause_straight_calling"}
2026-03-23 15:49:45,082 - WARNING - 单行JSON解析失败（原始字符串：{"name":"vla_control","arguments":{"action":"steer","direction":"STRAIGHT","point_desc":{"subject":"...）: Extra data: line 1 column 107 (char 106)
2026-03-23 15:49:45,082 - ERROR - CaseID: 1953
函数数量不匹配：预期0个，规划1个
2026-03-23 15:49:45,082 - WARNING - 单行JSON解析失败（原始字符串：{"name":"vla_control","arguments":{"action":"steer","direction":"BACKWARD","point_desc":{"subject":"...）: Extra data: line 1 column 109 (char 108)
2026-03-23 15:49:45,082 - ERROR - CaseID: 1954
函数数量不匹配：预期0个，规划1个
2026-03-23 15:49:45,082 - WARNING - 单行JSON解析失败（原始字符串：{"name":"vla_control","arguments":{"action":"steer","direction":"STRAIGHT","point_desc":{"subject":"...）: Extra data: line 1 column 108 (char 107)
2026-03-23 15:49:45,083 - ERROR - CaseID: 1955
函数数量不匹配：预期0个，规划1个
2026-03-23 15:49:45,083 - WARNING - 单行JSON解析失败（原始字符串：{"name":"vla_control","arguments":{"action":"steer","direction":"BACKWARD","point_desc":{"subject":"...）: Extra data: line 1 column 109 (char 108)
2026-03-23 15:49:45,083 - ERROR - CaseID: 1956
函数数量不匹配：预期0个，规划1个
2026-03-23 15:49:45,083 - WARNING - 单行JSON解析失败（原始字符串：{"name":"vla_control","arguments":{"action":"steer","direction":"STRAIGHT","point_desc":{"subject":"...）: Extra data: line 1 column 107 (char 106)
2026-03-23 15:49:45,083 - ERROR - CaseID: 1957
函数数量不匹配：预期0个，规划1个
2026-03-23 15:49:45,083 - WARNING - 单行JSON解析失败（原始字符串：{"name":"vla_control","arguments":{"action":"steer","direction":"BACKWARD","point_desc":{"subject":"...）: Extra data: line 1 column 108 (char 107)
2026-03-23 15:49:45,083 - ERROR - CaseID: 1958
函数数量不匹配：预期0个，规划1个
2026-03-23 15:49:45,083 - WARNING - 单行JSON解析失败（原始字符串：{"name":"vla_control","arguments":{"action":"steer","direction":"STRAIGHT","point_desc":{"subject":"...）: Extra data: line 1 column 108 (char 107)
2026-03-23 15:49:45,084 - ERROR - CaseID: 1959
函数数量不匹配：预期0个，规划1个
2026-03-23 15:49:45,084 - WARNING - 单行JSON解析失败（原始字符串：{"name":"vla_control","arguments":{"action":"steer","direction":"BACKWARD","point_desc":{"subject":"...）: Extra data: line 1 column 107 (char 106)
2026-03-23 15:49:45,084 - ERROR - CaseID: 1960
函数数量不匹配：预期0个，规划1个
2026-03-23 15:49:45,084 - WARNING - 单行JSON解析失败（原始字符串：{"name":"vla_control","arguments":{"action":"steer","direction":"BACKWARD","point_desc":{"subject":"...）: Extra data: line 1 column 108 (char 107)
2026-03-23 15:49:45,084 - ERROR - CaseID: 1961
函数数量不匹配：预期0个，规划1个
2026-03-23 15:49:45,084 - WARNING - 单行JSON解析失败（原始字符串：{"name":"vla_control","arguments":{"action":"steer","direction":"STRAIGHT","point_desc":{"subject":"...）: Extra data: line 1 column 109 (char 108)
2026-03-23 15:49:45,084 - ERROR - CaseID: 1962
函数数量不匹配：预期0个，规划1个
2026-03-23 15:49:45,084 - WARNING - 单行JSON解析失败（原始字符串：{"name":"vla_control","arguments":{"action":"steer","direction":"BACKWARD","point_desc":{"subject":"...）: Extra data: line 1 column 107 (char 106)
2026-03-23 15:49:45,084 - ERROR - CaseID: 1963
函数数量不匹配：预期0个，规划1个
2026-03-23 15:49:45,085 - WARNING - 单行JSON解析失败（原始字符串：{"name":"vla_control","arguments":{"action":"steer","direction":"STRAIGHT","point_desc":{"subject":"...）: Extra data: line 1 column 109 (char 108)
2026-03-23 15:49:45,085 - ERROR - CaseID: 1964
函数数量不匹配：预期0个，规划1个
2026-03-23 15:49:45,085 - WARNING - 单行JSON解析失败（原始字符串：{"name":"vla_control","arguments":{"action":"steer","direction":"BACKWARD","point_desc":{"subject":"...）: Extra data: line 1 column 108 (char 107)
2026-03-23 15:49:45,085 - ERROR - CaseID: 1965
函数数量不匹配：预期0个，规划1个
2026-03-23 15:49:45,085 - WARNING - 单行JSON解析失败（原始字符串：{"name":"vla_control","arguments":{"action":"steer","direction":"STRAIGHT","point_desc":{"subject":"...）: Extra data: line 1 column 109 (char 108)
2026-03-23 15:49:45,085 - ERROR - CaseID: 1966
函数数量不匹配：预期0个，规划1个
2026-03-23 15:49:45,085 - WARNING - 单行JSON解析失败（原始字符串：{"name":"vla_control","arguments":{"action":"steer","direction":"STRAIGHT","point_desc":{"subject":"...）: Extra data: line 1 column 108 (char 107)
2026-03-23 15:49:45,085 - ERROR - CaseID: 1967
函数数量不匹配：预期0个，规划1个
2026-03-23 15:49:45,085 - WARNING - 单行JSON解析失败（原始字符串：{"name":"vla_control","arguments":{"action":"steer","direction":"BACKWARD","point_desc":{"subject":"...）: Extra data: line 1 column 107 (char 106)
2026-03-23 15:49:45,085 - ERROR - CaseID: 1968
函数数量不匹配：预期0个，规划1个
2026-03-23 15:49:45,085 - WARNING - 单行JSON解析失败（原始字符串：{"name":"vla_control","arguments":{"action":"steer","direction":"STRAIGHT","point_desc":{"subject":"...）: Extra data: line 1 column 107 (char 106)
2026-03-23 15:49:45,086 - ERROR - CaseID: 1969
函数数量不匹配：预期0个，规划1个
2026-03-23 15:49:45,086 - WARNING - 单行JSON解析失败（原始字符串：{"name":"vla_control","arguments":{"action":"steer","direction":"BACKWARD","point_desc":{"subject":"...）: Extra data: line 1 column 109 (char 108)
2026-03-23 15:49:45,086 - ERROR - CaseID: 1970
函数数量不匹配：预期0个，规划1个
2026-03-23 15:49:45,086 - WARNING - 单行JSON解析失败（原始字符串：{"name":"vla_control","arguments":{"action":"steer","direction":"BACKWARD","point_desc":{"subject":"...）: Extra data: line 1 column 109 (char 108)
2026-03-23 15:49:45,086 - ERROR - CaseID: 1971
函数数量不匹配：预期0个，规划1个
2026-03-23 15:49:45,086 - WARNING - 单行JSON解析失败（原始字符串：{"name":"vla_control","arguments":{"action":"steer","direction":"STRAIGHT","point_desc":{"subject":"...）: Extra data: line 1 column 107 (char 106)
2026-03-23 15:49:45,086 - ERROR - CaseID: 1972
函数数量不匹配：预期0个，规划1个
2026-03-23 15:49:45,087 - ERROR - CaseID: 1988
规划列缺少以下函数：
  名称: vla_control, 参数: {"action": "steer", "direction": "LEFTWARD", "range": "+"}
规划列多出以下函数：
  名称: vla_control, 参数: {"action": "steer", "direction": "LEFTWARD"}
2026-03-23 15:49:45,087 - WARNING - 单行JSON解析失败（原始字符串：{"name":"vla_control","arguments":{"action":"steer","direction":"LEFTWARD","point_desc":{"subject":"...）: Extra data: line 1 column 108 (char 107)
2026-03-23 15:49:45,087 - ERROR - CaseID: 1993
函数数量不匹配：预期0个，规划1个
2026-03-23 15:49:45,088 - WARNING - 单行JSON解析失败（原始字符串：{"name":"vla_control","arguments":{"action":"steer","direction":"RIGHTWARD","point_desc":{"subject":...）: Extra data: line 1 column 109 (char 108)
2026-03-23 15:49:45,088 - ERROR - CaseID: 1994
函数数量不匹配：预期0个，规划1个
2026-03-23 15:49:45,088 - WARNING - 单行JSON解析失败（原始字符串：{"name":"vla_control","arguments":{"action":"steer","direction":"LEFTWARD","point_desc":{"subject":"...）: Extra data: line 1 column 109 (char 108)
2026-03-23 15:49:45,088 - ERROR - CaseID: 1995
函数数量不匹配：预期0个，规划1个
2026-03-23 15:49:45,088 - WARNING - 单行JSON解析失败（原始字符串：{"name":"vla_control","arguments":{"action":"steer","direction":"RIGHTWARD","point_desc":{"subject":...）: Extra data: line 1 column 110 (char 109)
2026-03-23 15:49:45,088 - ERROR - CaseID: 1996
函数数量不匹配：预期0个，规划1个
2026-03-23 15:49:45,088 - WARNING - 单行JSON解析失败（原始字符串：{"name":"vla_control","arguments":{"action":"steer","direction":"LEFTWARD","point_desc":{"subject":"...）: Extra data: line 1 column 109 (char 108)
2026-03-23 15:49:45,088 - ERROR - CaseID: 1997
函数数量不匹配：预期0个，规划1个
2026-03-23 15:49:45,088 - WARNING - 单行JSON解析失败（原始字符串：{"name":"vla_control","arguments":{"action":"steer","direction":"RIGHTWARD","point_desc":{"subject":...）: Extra data: line 1 column 108 (char 107)
2026-03-23 15:49:45,088 - ERROR - CaseID: 1998
函数数量不匹配：预期0个，规划1个
2026-03-23 15:49:45,088 - INFO - 已处理 2000 行数据
2026-03-23 15:49:45,088 - WARNING - 单行JSON解析失败（原始字符串：{"name":"vla_control","arguments":{"action":"steer","direction":"LEFTWARD","point_desc":{"subject":"...）: Extra data: line 1 column 107 (char 106)
2026-03-23 15:49:45,088 - ERROR - CaseID: 1999
函数数量不匹配：预期0个，规划1个
2026-03-23 15:49:45,088 - WARNING - 单行JSON解析失败（原始字符串：{"name":"vla_control","arguments":{"action":"steer","direction":"RIGHTWARD","point_desc":{"subject":...）: Extra data: line 1 column 110 (char 109)
2026-03-23 15:49:45,088 - ERROR - CaseID: 2000
函数数量不匹配：预期0个，规划1个
2026-03-23 15:49:46,320 - WARNING - 单行JSON解析失败（原始字符串：{"name":"vla_control","arguments":{"action":"steer","direction":"LEFTWARD","point_desc":{"subject":"...）: Extra data: line 1 column 108 (char 107)
2026-03-23 15:49:46,323 - ERROR - CaseID: 2001
函数数量不匹配：预期0个，规划1个
2026-03-23 15:49:46,323 - WARNING - 单行JSON解析失败（原始字符串：{"name":"vla_control","arguments":{"action":"steer","direction":"RIGHTWARD","point_desc":{"subject":...）: Extra data: line 1 column 110 (char 109)
2026-03-23 15:49:46,323 - ERROR - CaseID: 2002
函数数量不匹配：预期0个，规划1个
2026-03-23 15:49:46,323 - WARNING - 单行JSON解析失败（原始字符串：{"name":"vla_control","arguments":{"action":"steer","direction":"LEFTWARD","point_desc":{"subject":"...）: Extra data: line 1 column 109 (char 108)
2026-03-23 15:49:46,323 - ERROR - CaseID: 2003
函数数量不匹配：预期0个，规划1个
2026-03-23 15:49:46,324 - WARNING - 单行JSON解析失败（原始字符串：{"name":"vla_control","arguments":{"action":"steer","direction":"LEFTWARD","point_desc":{"subject":"...）: Extra data: line 1 column 109 (char 108)
2026-03-23 15:49:46,324 - ERROR - CaseID: 2004
函数数量不匹配：预期0个，规划1个
2026-03-23 15:49:46,324 - WARNING - 单行JSON解析失败（原始字符串：{"name":"vla_control","arguments":{"action":"steer","direction":"RIGHTWARD","point_desc":{"subject":...）: Extra data: line 1 column 108 (char 107)
2026-03-23 15:49:46,324 - ERROR - CaseID: 2005
函数数量不匹配：预期0个，规划1个
2026-03-23 15:49:46,324 - WARNING - 单行JSON解析失败（原始字符串：{"name":"vla_control","arguments":{"action":"steer","direction":"LEFTWARD","point_desc":{"subject":"...）: Extra data: line 1 column 107 (char 106)
2026-03-23 15:49:46,324 - ERROR - CaseID: 2006
函数数量不匹配：预期0个，规划1个
2026-03-23 15:49:46,325 - WARNING - 单行JSON解析失败（原始字符串：{"name":"vla_control","arguments":{"action":"steer","direction":"RIGHTWARD","point_desc":{"subject":...）: Extra data: line 1 column 110 (char 109)
2026-03-23 15:49:46,325 - ERROR - CaseID: 2007
函数数量不匹配：预期0个，规划1个
2026-03-23 15:49:46,325 - WARNING - 单行JSON解析失败（原始字符串：{"name":"vla_control","arguments":{"action":"steer","direction":"LEFTWARD","point_desc":{"subject":"...）: Extra data: line 1 column 109 (char 108)
2026-03-23 15:49:46,325 - ERROR - CaseID: 2008
函数数量不匹配：预期0个，规划1个
2026-03-23 15:49:46,326 - WARNING - 单行JSON解析失败（原始字符串：{"name":"vla_control","arguments":{"action":"steer","direction":"RIGHTWARD","point_desc":{"subject":...）: Extra data: line 1 column 110 (char 109)
2026-03-23 15:49:46,326 - ERROR - CaseID: 2009
函数数量不匹配：预期0个，规划1个
2026-03-23 15:49:46,326 - WARNING - 单行JSON解析失败（原始字符串：{"name":"vla_control","arguments":{"action":"steer","direction":"LEFTWARD","point_desc":{"subject":"...）: Extra data: line 1 column 108 (char 107)
2026-03-23 15:49:46,326 - ERROR - CaseID: 2010
函数数量不匹配：预期0个，规划1个
2026-03-23 15:49:46,326 - WARNING - 单行JSON解析失败（原始字符串：{"name":"vla_control","arguments":{"action":"steer","direction":"RIGHTWARD","point_desc":{"subject":...）: Extra data: line 1 column 110 (char 109)
2026-03-23 15:49:46,326 - ERROR - CaseID: 2011
函数数量不匹配：预期0个，规划1个
2026-03-23 15:49:46,327 - WARNING - 单行JSON解析失败（原始字符串：{"name":"vla_control","arguments":{"action":"steer","direction":"LEFTWARD","point_desc":{"subject":"...）: Extra data: line 1 column 109 (char 108)
2026-03-23 15:49:46,327 - ERROR - CaseID: 2012
函数数量不匹配：预期0个，规划1个
2026-03-23 15:49:46,327 - WARNING - 单行JSON解析失败（原始字符串：{"name":"vla_control","arguments":{"action":"park","point_desc":{"position":"旁边","subject":"柱子"}},"p...）: Extra data: line 1 column 114 (char 113)
2026-03-23 15:49:46,327 - ERROR - CaseID: 2013
函数数量不匹配：预期0个，规划1个
2026-03-23 15:49:46,327 - WARNING - 单行JSON解析失败（原始字符串：{"name":"vla_control","arguments":{"action":"park","point_desc":{"position":"旁边","subject":"柱子"}},"p...）: Extra data: line 1 column 114 (char 113)
2026-03-23 15:49:46,327 - ERROR - CaseID: 2014
函数数量不匹配：预期0个，规划1个
2026-03-23 15:49:46,327 - WARNING - 单行JSON解析失败（原始字符串：{"name":"vla_control","arguments":{"action":"park","point_desc":{"position":"旁边","subject":"柱子"}},"p...）: Extra data: line 1 column 115 (char 114)
2026-03-23 15:49:46,328 - ERROR - CaseID: 2015
函数数量不匹配：预期0个，规划1个
2026-03-23 15:49:46,328 - WARNING - 单行JSON解析失败（原始字符串：{"name":"vla_control","arguments":{"action":"park","point_desc":{"position":"车位","subject":"柱子"}},"p...）: Extra data: line 1 column 114 (char 113)
2026-03-23 15:49:46,328 - ERROR - CaseID: 2016
函数数量不匹配：预期0个，规划1个
2026-03-23 15:49:46,328 - WARNING - 单行JSON解析失败（原始字符串：{"name":"vla_control","arguments":{"action":"park","point_desc":{"position":"旁边","subject":"柱子"}},"p...）: Extra data: line 1 column 114 (char 113)
2026-03-23 15:49:46,328 - ERROR - CaseID: 2017
函数数量不匹配：预期0个，规划1个
2026-03-23 15:49:46,328 - WARNING - 单行JSON解析失败（原始字符串：{"name":"vla_control","arguments":{"action":"park","point_desc":{"position":"旁边","subject":"柱子"}},"p...）: Extra data: line 1 column 114 (char 113)
2026-03-23 15:49:46,328 - ERROR - CaseID: 2018
函数数量不匹配：预期0个，规划1个
2026-03-23 15:49:46,329 - WARNING - 单行JSON解析失败（原始字符串：{"name":"vla_control","arguments":{"action":"park","point_desc":{"position":"旁边","subject":"柱子"}},"p...）: Extra data: line 1 column 115 (char 114)
2026-03-23 15:49:46,329 - ERROR - CaseID: 2019
函数数量不匹配：预期0个，规划1个
2026-03-23 15:49:46,329 - WARNING - 单行JSON解析失败（原始字符串：{"name":"vla_control","arguments":{"action":"park","point_desc":{"position":"车位","subject":"柱子"}},"p...）: Extra data: line 1 column 114 (char 113)
2026-03-23 15:49:46,329 - ERROR - CaseID: 2020
函数数量不匹配：预期0个，规划1个
2026-03-23 15:49:46,329 - WARNING - 单行JSON解析失败（原始字符串：{"name":"vla_control","arguments":{"action":"park","point_desc":{"position":"旁边","subject":"柱子"}},"p...）: Extra data: line 1 column 114 (char 113)
2026-03-23 15:49:46,330 - ERROR - CaseID: 2021
函数数量不匹配：预期0个，规划1个
2026-03-23 15:49:46,330 - WARNING - 单行JSON解析失败（原始字符串：{"name":"vla_control","arguments":{"action":"park","point_desc":{"position":"车位","subject":"柱子"}},"p...）: Extra data: line 1 column 114 (char 113)
2026-03-23 15:49:46,330 - ERROR - CaseID: 2022
规划列无有效函数
2026-03-23 15:49:46,330 - WARNING - 单行JSON解析失败（原始字符串：{"name":"vla_control","arguments":{"action":"park","point_desc":{"position":"车位","subject":"柱子"}},"p...）: Extra data: line 1 column 114 (char 113)
2026-03-23 15:49:46,330 - ERROR - CaseID: 2023
函数数量不匹配：预期0个，规划1个
2026-03-23 15:49:46,330 - WARNING - 单行JSON解析失败（原始字符串：{"name":"vla_control","arguments":{"action":"park","point_desc":{"position":"旁边","subject":"柱子"}},"p...）: Extra data: line 1 column 114 (char 113)
2026-03-23 15:49:46,330 - ERROR - CaseID: 2024
函数数量不匹配：预期0个，规划1个
2026-03-23 15:49:46,330 - WARNING - 单行JSON解析失败（原始字符串：{"name":"vla_control","arguments":{"action":"park","point_desc":{"position":"旁边","subject":"柱子"}},"p...）: Extra data: line 1 column 114 (char 113)
2026-03-23 15:49:46,330 - ERROR - CaseID: 2025
函数数量不匹配：预期0个，规划1个
2026-03-23 15:49:46,330 - WARNING - 单行JSON解析失败（原始字符串：{"name":"vla_control","arguments":{"action":"park","point_desc":{"position":"旁边","subject":"柱子"}},"p...）: Extra data: line 1 column 114 (char 113)
2026-03-23 15:49:46,330 - ERROR - CaseID: 2026
函数数量不匹配：预期0个，规划1个
2026-03-23 15:49:46,330 - WARNING - 单行JSON解析失败（原始字符串：{"name":"vla_control","arguments":{"action":"park","point_desc":{"position":"旁边","subject":"柱子"}},"p...）: Extra data: line 1 column 114 (char 113)
2026-03-23 15:49:46,330 - ERROR - CaseID: 2027
函数数量不匹配：预期0个，规划1个
2026-03-23 15:49:46,331 - WARNING - 单行JSON解析失败（原始字符串：{"name":"vla_control","arguments":{"action":"park","point_desc":{"position":"旁边","subject":"柱子"}},"p...）: Extra data: line 1 column 114 (char 113)
2026-03-23 15:49:46,331 - ERROR - CaseID: 2028
函数数量不匹配：预期0个，规划1个
2026-03-23 15:49:46,331 - WARNING - 单行JSON解析失败（原始字符串：{"name":"vla_control","arguments":{"action":"park","point_desc":{"position":"车位","subject":"柱子"}},"p...）: Extra data: line 1 column 114 (char 113)
2026-03-23 15:49:46,331 - ERROR - CaseID: 2029
函数数量不匹配：预期0个，规划1个
2026-03-23 15:49:46,331 - WARNING - 单行JSON解析失败（原始字符串：{"name":"vla_control","arguments":{"action":"park","point_desc":{"position":"旁边","subject":"柱子"}},"p...）: Extra data: line 1 column 114 (char 113)
2026-03-23 15:49:46,331 - ERROR - CaseID: 2030
函数数量不匹配：预期0个，规划1个
2026-03-23 15:49:46,331 - WARNING - 单行JSON解析失败（原始字符串：{"name":"vla_control","arguments":{"action":"park","point_desc":{"position":"车位","subject":"柱子"}},"p...）: Extra data: line 1 column 115 (char 114)
2026-03-23 15:49:46,331 - ERROR - CaseID: 2031
函数数量不匹配：预期0个，规划1个
2026-03-23 15:49:46,331 - WARNING - 单行JSON解析失败（原始字符串：{"name":"vla_control","arguments":{"action":"park","point_desc":{"position":"车位","subject":"柱子"}},"p...）: Extra data: line 1 column 114 (char 113)
2026-03-23 15:49:46,331 - ERROR - CaseID: 2032
函数数量不匹配：预期0个，规划1个
2026-03-23 15:49:46,331 - WARNING - 单行JSON解析失败（原始字符串：{"name":"vla_control","arguments":{"action":"navigate","point_desc":{"subject":"大柱子"}}}}...）: Extra data: line 1 column 88 (char 87)
2026-03-23 15:49:46,331 - ERROR - CaseID: 2033
函数数量不匹配：预期0个，规划1个
2026-03-23 15:49:46,331 - WARNING - 单行JSON解析失败（原始字符串：{"name":"vla_control","arguments":{"action":"navigate","point_desc":{"subject":"大柱子"}}}}...）: Extra data: line 1 column 88 (char 87)
2026-03-23 15:49:46,331 - ERROR - CaseID: 2034
函数数量不匹配：预期0个，规划1个
2026-03-23 15:49:46,331 - WARNING - 单行JSON解析失败（原始字符串：{"name":"vla_control","arguments":{"action":"navigate","point_desc":{"subject":"大柱子"}}}}...）: Extra data: line 1 column 88 (char 87)
2026-03-23 15:49:46,332 - ERROR - CaseID: 2035
函数数量不匹配：预期0个，规划1个
2026-03-23 15:49:46,332 - WARNING - 单行JSON解析失败（原始字符串：{"name":"vla_control","arguments":{"action":"navigate","point_desc":{"subject":"大柱子"}}}}...）: Extra data: line 1 column 88 (char 87)
2026-03-23 15:49:46,332 - ERROR - CaseID: 2036
函数数量不匹配：预期0个，规划1个
2026-03-23 15:49:46,332 - WARNING - 单行JSON解析失败（原始字符串：{"name":"vla_control","arguments":{"action":"navigate","point_desc":{"subject":"大柱子"}}}}...）: Extra data: line 1 column 88 (char 87)
2026-03-23 15:49:46,332 - ERROR - CaseID: 2037
函数数量不匹配：预期0个，规划1个
2026-03-23 15:49:46,332 - WARNING - 单行JSON解析失败（原始字符串：{"name":"vla_control","arguments":{"action":"navigate","point_desc":{"subject":"大柱子"}}}}...）: Extra data: line 1 column 88 (char 87)
2026-03-23 15:49:46,332 - ERROR - CaseID: 2038
函数数量不匹配：预期0个，规划1个
2026-03-23 15:49:46,333 - WARNING - 单行JSON解析失败（原始字符串：{"name":"vla_control","arguments":{"action":"navigate","point_desc":{"subject":"大柱子"}}}}...）: Extra data: line 1 column 88 (char 87)
2026-03-23 15:49:46,333 - ERROR - CaseID: 2039
函数数量不匹配：预期0个，规划1个
2026-03-23 15:49:46,333 - WARNING - 单行JSON解析失败（原始字符串：{"name":"vla_control","arguments":{"action":"navigate","point_desc":{"subject":"大柱子"}}}}...）: Extra data: line 1 column 88 (char 87)
2026-03-23 15:49:46,333 - ERROR - CaseID: 2040
函数数量不匹配：预期0个，规划1个
2026-03-23 15:49:46,333 - WARNING - 单行JSON解析失败（原始字符串：{"name":"vla_control","arguments":{"action":"navigate","point_desc":{"subject":"大柱子"}}}}...）: Extra data: line 1 column 88 (char 87)
2026-03-23 15:49:46,333 - ERROR - CaseID: 2041
函数数量不匹配：预期0个，规划1个
2026-03-23 15:49:46,333 - WARNING - 单行JSON解析失败（原始字符串：{"name":"vla_control","arguments":{"action":"navigate","point_desc":{"subject":"大柱子"}}}}...）: Extra data: line 1 column 88 (char 87)
2026-03-23 15:49:46,333 - ERROR - CaseID: 2042
函数数量不匹配：预期0个，规划1个
2026-03-23 15:49:46,333 - WARNING - 单行JSON解析失败（原始字符串：{"name":"vla_control","arguments":{"action":"navigate","point_desc":{"subject":"大柱子"}}}}...）: Extra data: line 1 column 88 (char 87)
2026-03-23 15:49:46,333 - ERROR - CaseID: 2043
函数数量不匹配：预期0个，规划1个
2026-03-23 15:49:46,334 - WARNING - 单行JSON解析失败（原始字符串：{"name":"vla_control","arguments":{"action":"navigate","point_desc":{"subject":"大柱子"}}}}...）: Extra data: line 1 column 88 (char 87)
2026-03-23 15:49:46,334 - ERROR - CaseID: 2044
函数数量不匹配：预期0个，规划1个
2026-03-23 15:49:46,334 - WARNING - 单行JSON解析失败（原始字符串：{"name":"vla_control","arguments":{"action":"navigate","point_desc":{"subject":"大柱子"}}}}...）: Extra data: line 1 column 88 (char 87)
2026-03-23 15:49:46,334 - ERROR - CaseID: 2045
函数数量不匹配：预期0个，规划1个
2026-03-23 15:49:46,334 - WARNING - 单行JSON解析失败（原始字符串：{"name":"vla_control","arguments":{"action":"navigate","point_desc":{"subject":"大柱子"}}}}...）: Extra data: line 1 column 88 (char 87)
2026-03-23 15:49:46,334 - ERROR - CaseID: 2046
函数数量不匹配：预期0个，规划1个
2026-03-23 15:49:46,334 - WARNING - 单行JSON解析失败（原始字符串：{"name":"vla_control","arguments":{"action":"navigate","point_desc":{"subject":"大柱子"}}}}...）: Extra data: line 1 column 88 (char 87)
2026-03-23 15:49:46,334 - ERROR - CaseID: 2047
函数数量不匹配：预期0个，规划1个
2026-03-23 15:49:46,335 - WARNING - 单行JSON解析失败（原始字符串：{"name":"vla_control","arguments":{"action":"navigate","point_desc":{"subject":"大柱子"}}}}...）: Extra data: line 1 column 88 (char 87)
2026-03-23 15:49:46,335 - ERROR - CaseID: 2048
函数数量不匹配：预期0个，规划1个
2026-03-23 15:49:46,335 - WARNING - 单行JSON解析失败（原始字符串：{"name":"vla_control","arguments":{"action":"navigate","point_desc":{"subject":"大柱子"}}}}...）: Extra data: line 1 column 88 (char 87)
2026-03-23 15:49:46,336 - ERROR - CaseID: 2049
函数数量不匹配：预期0个，规划1个
2026-03-23 15:49:46,336 - WARNING - 单行JSON解析失败（原始字符串：{"name":"vla_control","arguments":{"action":"navigate","point_desc":{"subject":"大柱子"}}}}...）: Extra data: line 1 column 88 (char 87)
2026-03-23 15:49:46,336 - ERROR - CaseID: 2050
函数数量不匹配：预期0个，规划1个
2026-03-23 15:49:46,336 - WARNING - 单行JSON解析失败（原始字符串：{"name":"vla_control","arguments":{"action":"navigate","point_desc":{"subject":"大柱子"}}}}...）: Extra data: line 1 column 88 (char 87)
2026-03-23 15:49:46,336 - ERROR - CaseID: 2051
函数数量不匹配：预期0个，规划1个
2026-03-23 15:49:46,336 - WARNING - 单行JSON解析失败（原始字符串：{"name":"vla_control","arguments":{"action":"navigate","point_desc":{"subject":"大柱子"}}}}...）: Extra data: line 1 column 88 (char 87)
2026-03-23 15:49:46,336 - ERROR - CaseID: 2052
函数数量不匹配：预期0个，规划1个
2026-03-23 15:49:46,336 - WARNING - 单行JSON解析失败（原始字符串：{"name":"vla_control","arguments":{"action":"park_in","point_desc":{"subject":"柱子","position":"左"}},...）: Extra data: line 1 column 116 (char 115)
2026-03-23 15:49:46,336 - ERROR - CaseID: 2053
函数数量不匹配：预期0个，规划1个
2026-03-23 15:49:46,336 - WARNING - 单行JSON解析失败（原始字符串：{"name":"vla_control","arguments":{"action":"park_in","point_desc":{"subject":"柱子","position":"右"}},...）: Extra data: line 1 column 116 (char 115)
2026-03-23 15:49:46,336 - ERROR - CaseID: 2054
函数数量不匹配：预期0个，规划1个
2026-03-23 15:49:46,336 - WARNING - 单行JSON解析失败（原始字符串：{"name":"vla_control","arguments":{"action":"park_in","point_desc":{"subject":"柱子","position":"右"}},...）: Extra data: line 1 column 116 (char 115)
2026-03-23 15:49:46,336 - ERROR - CaseID: 2055
函数数量不匹配：预期0个，规划1个
2026-03-23 15:49:46,337 - WARNING - 单行JSON解析失败（原始字符串：{"name":"vla_control","arguments":{"action":"park_in","point_desc":{"subject":"柱子","position":"左"}},...）: Extra data: line 1 column 116 (char 115)
2026-03-23 15:49:46,337 - ERROR - CaseID: 2056
函数数量不匹配：预期0个，规划1个
2026-03-23 15:49:46,337 - WARNING - 单行JSON解析失败（原始字符串：{"name":"vla_control","arguments":{"action":"park_in","point_desc":{"subject":"柱子","position":"右"}},...）: Extra data: line 1 column 116 (char 115)
2026-03-23 15:49:46,337 - ERROR - CaseID: 2057
函数数量不匹配：预期0个，规划1个
2026-03-23 15:49:46,337 - WARNING - 单行JSON解析失败（原始字符串：{"name":"vla_control","arguments":{"action":"park_in","point_desc":{"subject":"柱子","position":"左"}},...）: Extra data: line 1 column 116 (char 115)
2026-03-23 15:49:46,337 - ERROR - CaseID: 2058
函数数量不匹配：预期0个，规划1个
2026-03-23 15:49:46,338 - WARNING - 单行JSON解析失败（原始字符串：{"name":"vla_control","arguments":{"action":"park_in","point_desc":{"subject":"柱子","position":"右"}},...）: Extra data: line 1 column 116 (char 115)
2026-03-23 15:49:46,338 - ERROR - CaseID: 2059
函数数量不匹配：预期0个，规划1个
2026-03-23 15:49:46,338 - WARNING - 单行JSON解析失败（原始字符串：{"name":"vla_control","arguments":{"action":"park_in","point_desc":{"subject":"柱子","position":"左"}},...）: Extra data: line 1 column 116 (char 115)
2026-03-23 15:49:46,338 - ERROR - CaseID: 2060
函数数量不匹配：预期0个，规划1个
2026-03-23 15:49:46,338 - WARNING - 单行JSON解析失败（原始字符串：{"name":"vla_control","arguments":{"action":"park_in","point_desc":{"subject":"柱子","position":"左"}},...）: Extra data: line 1 column 116 (char 115)
2026-03-23 15:49:46,338 - ERROR - CaseID: 2061
函数数量不匹配：预期0个，规划1个
2026-03-23 15:49:46,338 - WARNING - 单行JSON解析失败（原始字符串：{"name":"vla_control","arguments":{"action":"park_in","point_desc":{"subject":"柱子","position":"右"}},...）: Extra data: line 1 column 116 (char 115)
2026-03-23 15:49:46,339 - ERROR - CaseID: 2062
函数数量不匹配：预期0个，规划1个
2026-03-23 15:49:46,339 - WARNING - 单行JSON解析失败（原始字符串：{"name":"vla_control","arguments":{"action":"park_in","point_desc":{"subject":"柱子","position":"左"}},...）: Extra data: line 1 column 116 (char 115)
2026-03-23 15:49:46,339 - ERROR - CaseID: 2063
函数数量不匹配：预期0个，规划1个
2026-03-23 15:49:46,339 - WARNING - 单行JSON解析失败（原始字符串：{"name":"vla_control","arguments":{"action":"park_in","point_desc":{"subject":"柱子","position":"右"}},...）: Extra data: line 1 column 116 (char 115)
2026-03-23 15:49:46,339 - ERROR - CaseID: 2064
函数数量不匹配：预期0个，规划1个
2026-03-23 15:49:46,339 - WARNING - 单行JSON解析失败（原始字符串：{"name":"vla_control","arguments":{"action":"park_in","point_desc":{"subject":"柱子","position":"右"}},...）: Extra data: line 1 column 116 (char 115)
2026-03-23 15:49:46,339 - ERROR - CaseID: 2065
函数数量不匹配：预期0个，规划1个
2026-03-23 15:49:46,340 - WARNING - 单行JSON解析失败（原始字符串：{"name":"vla_control","arguments":{"action":"park_in","point_desc":{"subject":"柱子","position":"左"}},...）: Extra data: line 1 column 116 (char 115)
2026-03-23 15:49:46,340 - ERROR - CaseID: 2066
函数数量不匹配：预期0个，规划1个
2026-03-23 15:49:46,340 - WARNING - 单行JSON解析失败（原始字符串：{"name":"vla_control","arguments":{"action":"park_in","point_desc":{"subject":"柱子","position":"前"}},...）: Extra data: line 1 column 116 (char 115)
2026-03-23 15:49:46,340 - ERROR - CaseID: 2067
函数数量不匹配：预期0个，规划1个
2026-03-23 15:49:46,340 - WARNING - 单行JSON解析失败（原始字符串：{"name":"vla_control","arguments":{"action":"park_in","point_desc":{"subject":"柱子","position":"左"}},...）: Extra data: line 1 column 116 (char 115)
2026-03-23 15:49:46,340 - ERROR - CaseID: 2068
函数数量不匹配：预期0个，规划1个
2026-03-23 15:49:46,340 - WARNING - 单行JSON解析失败（原始字符串：{"name":"vla_control","arguments":{"action":"park_in","point_desc":{"subject":"柱子","position":"左"}},...）: Extra data: line 1 column 116 (char 115)
2026-03-23 15:49:46,340 - ERROR - CaseID: 2069
函数数量不匹配：预期0个，规划1个
2026-03-23 15:49:46,340 - WARNING - 单行JSON解析失败（原始字符串：{"name":"vla_control","arguments":{"action":"park_in","point_desc":{"subject":"柱子","position":"右"}},...）: Extra data: line 1 column 116 (char 115)
2026-03-23 15:49:46,340 - ERROR - CaseID: 2070
函数数量不匹配：预期0个，规划1个
2026-03-23 15:49:46,340 - WARNING - 单行JSON解析失败（原始字符串：{"name":"vla_control","arguments":{"action":"park_in","point_desc":{"subject":"柱子","position":"右"}},...）: Extra data: line 1 column 116 (char 115)
2026-03-23 15:49:46,340 - ERROR - CaseID: 2071
函数数量不匹配：预期0个，规划1个
2026-03-23 15:49:46,340 - WARNING - 单行JSON解析失败（原始字符串：{"name":"vla_control","arguments":{"action":"park_in","point_desc":{"subject":"柱子","position":"左"}},...）: Extra data: line 1 column 116 (char 115)
2026-03-23 15:49:46,340 - ERROR - CaseID: 2072
函数数量不匹配：预期0个，规划1个
2026-03-23 15:49:46,340 - WARNING - 单行JSON解析失败（原始字符串：{"name":"vla_control","arguments":{"action":"pause_drive","point_desc":{"subject":"柱子"}}}}...）: Extra data: line 1 column 90 (char 89)
2026-03-23 15:49:46,341 - ERROR - CaseID: 2073
函数数量不匹配：预期0个，规划1个
2026-03-23 15:49:46,341 - WARNING - 单行JSON解析失败（原始字符串：{"name":"vla_control","arguments":{"action":"pause_drive","point_desc":{"subject":"柱子"}},"position":...）: Extra data: line 1 column 106 (char 105)
2026-03-23 15:49:46,341 - ERROR - CaseID: 2074
函数数量不匹配：预期0个，规划1个
2026-03-23 15:49:46,341 - WARNING - 单行JSON解析失败（原始字符串：{"name":"vla_control","arguments":{"action":"pause_drive","point_desc":{"subject":"柱子"}},"position":...）: Extra data: line 1 column 105 (char 104)
2026-03-23 15:49:46,341 - ERROR - CaseID: 2075
函数数量不匹配：预期0个，规划1个
2026-03-23 15:49:46,341 - WARNING - 单行JSON解析失败（原始字符串：{"name":"vla_control","arguments":{"action":"pause_drive","point_desc":{"subject":"柱子"}},"position":...）: Extra data: line 1 column 106 (char 105)
2026-03-23 15:49:46,341 - ERROR - CaseID: 2076
函数数量不匹配：预期0个，规划1个
2026-03-23 15:49:46,342 - WARNING - 单行JSON解析失败（原始字符串：{"name":"vla_control","arguments":{"action":"pause_drive","point_desc":{"subject":"柱子"}},"position":...）: Extra data: line 1 column 105 (char 104)
2026-03-23 15:49:46,342 - ERROR - CaseID: 2077
函数数量不匹配：预期0个，规划1个
2026-03-23 15:49:46,342 - WARNING - 单行JSON解析失败（原始字符串：{"name":"vla_control","arguments":{"action":"pause_drive","point_desc":{"subject":"柱子"}},"position":...）: Extra data: line 1 column 106 (char 105)
2026-03-23 15:49:46,342 - ERROR - CaseID: 2078
函数数量不匹配：预期0个，规划1个
2026-03-23 15:49:46,342 - WARNING - 单行JSON解析失败（原始字符串：{"name":"vla_control","arguments":{"action":"pause_drive","point_desc":{"subject":"柱子"}},"position":...）: Extra data: line 1 column 105 (char 104)
2026-03-23 15:49:46,342 - ERROR - CaseID: 2079
函数数量不匹配：预期0个，规划1个
2026-03-23 15:49:46,342 - WARNING - 单行JSON解析失败（原始字符串：{"name":"vla_control","arguments":{"action":"pause_drive","point_desc":{"subject":"柱子"}},"position":...）: Extra data: line 1 column 105 (char 104)
2026-03-23 15:49:46,342 - ERROR - CaseID: 2080
函数数量不匹配：预期0个，规划1个
2026-03-23 15:49:46,342 - WARNING - 单行JSON解析失败（原始字符串：{"name":"vla_control","arguments":{"action":"pause_drive","point_desc":{"subject":"柱子"}}}}...）: Extra data: line 1 column 90 (char 89)
2026-03-23 15:49:46,342 - ERROR - CaseID: 2081
函数数量不匹配：预期0个，规划1个
2026-03-23 15:49:46,342 - WARNING - 单行JSON解析失败（原始字符串：{"name":"vla_control","arguments":{"action":"pause_drive","point_desc":{"subject":"柱子"}}}}...）: Extra data: line 1 column 90 (char 89)
2026-03-23 15:49:46,342 - ERROR - CaseID: 2082
函数数量不匹配：预期0个，规划1个
2026-03-23 15:49:46,342 - WARNING - 单行JSON解析失败（原始字符串：{"name":"vla_control","arguments":{"action":"pause_drive","point_desc":{"subject":"柱子"}}}}...）: Extra data: line 1 column 90 (char 89)
2026-03-23 15:49:46,342 - ERROR - CaseID: 2083
函数数量不匹配：预期0个，规划1个
2026-03-23 15:49:46,343 - WARNING - 单行JSON解析失败（原始字符串：{"name":"vla_control","arguments":{"action":"pause_drive","point_desc":{"subject":"柱子"}}}}...）: Extra data: line 1 column 90 (char 89)
2026-03-23 15:49:46,343 - ERROR - CaseID: 2084
函数数量不匹配：预期0个，规划1个
2026-03-23 15:49:46,343 - WARNING - 单行JSON解析失败（原始字符串：{"name":"vla_control","arguments":{"action":"pause_drive","point_desc":{"subject":"柱子"}},"position":...）: Extra data: line 1 column 105 (char 104)
2026-03-23 15:49:46,343 - ERROR - CaseID: 2085
函数数量不匹配：预期0个，规划1个
2026-03-23 15:49:46,344 - WARNING - 单行JSON解析失败（原始字符串：{"name":"vla_control","arguments":{"action":"pause_drive","point_desc":{"subject":"柱子"}},"position":...）: Extra data: line 1 column 105 (char 104)
2026-03-23 15:49:46,344 - ERROR - CaseID: 2086
函数数量不匹配：预期0个，规划1个
2026-03-23 15:49:46,344 - WARNING - 单行JSON解析失败（原始字符串：{"name":"vla_control","arguments":{"action":"pause_drive","point_desc":{"subject":"柱子"}},"position":...）: Extra data: line 1 column 106 (char 105)
2026-03-23 15:49:46,344 - ERROR - CaseID: 2087
函数数量不匹配：预期0个，规划1个
2026-03-23 15:49:46,344 - WARNING - 单行JSON解析失败（原始字符串：{"name":"vla_control","arguments":{"action":"pause_drive","point_desc":{"subject":"柱子"}},"position":...）: Extra data: line 1 column 106 (char 105)
2026-03-23 15:49:46,344 - ERROR - CaseID: 2088
函数数量不匹配：预期0个，规划1个
2026-03-23 15:49:46,344 - WARNING - 单行JSON解析失败（原始字符串：{"name":"vla_control","arguments":{"action":"pause_drive","point_desc":{"subject":"柱子"}},"position":...）: Extra data: line 1 column 105 (char 104)
2026-03-23 15:49:46,344 - ERROR - CaseID: 2089
函数数量不匹配：预期0个，规划1个
2026-03-23 15:49:46,344 - WARNING - 单行JSON解析失败（原始字符串：{"name":"vla_control","arguments":{"action":"pause_drive","point_desc":{"subject":"柱子"}},"position":...）: Extra data: line 1 column 105 (char 104)
2026-03-23 15:49:46,344 - ERROR - CaseID: 2090
函数数量不匹配：预期0个，规划1个
2026-03-23 15:49:46,344 - WARNING - 单行JSON解析失败（原始字符串：{"name":"vla_control","arguments":{"action":"pause_drive","point_desc":{"subject":"柱子"}},"position":...）: Extra data: line 1 column 106 (char 105)
2026-03-23 15:49:46,344 - ERROR - CaseID: 2091
函数数量不匹配：预期0个，规划1个
2026-03-23 15:49:46,345 - WARNING - 单行JSON解析失败（原始字符串：{"name":"vla_control","arguments":{"action":"pause_drive","point_desc":{"subject":"柱子"}},"position":...）: Extra data: line 1 column 105 (char 104)
2026-03-23 15:49:46,345 - ERROR - CaseID: 2092
函数数量不匹配：预期0个，规划1个
2026-03-23 15:49:46,345 - WARNING - 单行JSON解析失败（原始字符串：{"name":"vla_control","arguments":{"action":"park","point_desc":{"subject":"墙","position":"旁边"}}}}...）: Extra data: line 1 column 98 (char 97)
2026-03-23 15:49:46,345 - ERROR - CaseID: 2093
函数数量不匹配：预期0个，规划1个
2026-03-23 15:49:46,345 - WARNING - 单行JSON解析失败（原始字符串：{"name":"vla_control","arguments":{"action":"park","point_desc":{"subject":"墙","position":"旁边"}}}}...）: Extra data: line 1 column 98 (char 97)
2026-03-23 15:49:46,345 - ERROR - CaseID: 2094
函数数量不匹配：预期0个，规划1个
2026-03-23 15:49:46,345 - WARNING - 单行JSON解析失败（原始字符串：{"name":"vla_control","arguments":{"action":"park","point_desc":{"subject":"墙","position":"旁边"}}}}...）: Extra data: line 1 column 98 (char 97)
2026-03-23 15:49:46,346 - ERROR - CaseID: 2095
函数数量不匹配：预期0个，规划1个
2026-03-23 15:49:46,346 - WARNING - 单行JSON解析失败（原始字符串：{"name":"vla_control","arguments":{"action":"park","point_desc":{"subject":"墙","position":"旁边"}}}}...）: Extra data: line 1 column 98 (char 97)
2026-03-23 15:49:46,346 - ERROR - CaseID: 2096
函数数量不匹配：预期0个，规划1个
2026-03-23 15:49:46,346 - WARNING - 单行JSON解析失败（原始字符串：{"name":"vla_control","arguments":{"action":"park","point_desc":{"subject":"墙","position":"旁边"}}}}...）: Extra data: line 1 column 98 (char 97)
2026-03-23 15:49:46,346 - ERROR - CaseID: 2097
函数数量不匹配：预期0个，规划1个
2026-03-23 15:49:46,346 - WARNING - 单行JSON解析失败（原始字符串：{"name":"vla_control","arguments":{"action":"park","point_desc":{"subject":"墙","position":"旁边"}}}}...）: Extra data: line 1 column 98 (char 97)
2026-03-23 15:49:46,346 - ERROR - CaseID: 2098
函数数量不匹配：预期0个，规划1个
2026-03-23 15:49:46,346 - WARNING - 单行JSON解析失败（原始字符串：{"name":"vla_control","arguments":{"action":"park","point_desc":{"subject":"墙","position":"旁边"}}}}...）: Extra data: line 1 column 98 (char 97)
2026-03-23 15:49:46,346 - ERROR - CaseID: 2099
函数数量不匹配：预期0个，规划1个
2026-03-23 15:49:46,346 - WARNING - 单行JSON解析失败（原始字符串：{"name":"vla_control","arguments":{"action":"park","point_desc":{"subject":"墙","position":"旁边"}}}}...）: Extra data: line 1 column 98 (char 97)
2026-03-23 15:49:46,346 - ERROR - CaseID: 2100
函数数量不匹配：预期0个，规划1个
2026-03-23 15:49:46,346 - WARNING - 单行JSON解析失败（原始字符串：{"name":"vla_control","arguments":{"action":"park","point_desc":{"subject":"墙","position":"旁边"}}}}...）: Extra data: line 1 column 98 (char 97)
2026-03-23 15:49:46,347 - ERROR - CaseID: 2101
函数数量不匹配：预期0个，规划1个
2026-03-23 15:49:46,347 - WARNING - 单行JSON解析失败（原始字符串：{"name":"vla_control","arguments":{"action":"park","point_desc":{"subject":"墙","position":"旁边"}}}}...）: Extra data: line 1 column 98 (char 97)
2026-03-23 15:49:46,347 - ERROR - CaseID: 2102
函数数量不匹配：预期0个，规划1个
2026-03-23 15:49:46,347 - WARNING - 单行JSON解析失败（原始字符串：{"name":"vla_control","arguments":{"action":"park","point_desc":{"subject":"墙","position":"旁边"}}}}...）: Extra data: line 1 column 98 (char 97)
2026-03-23 15:49:46,347 - ERROR - CaseID: 2103
函数数量不匹配：预期0个，规划1个
2026-03-23 15:49:46,347 - WARNING - 单行JSON解析失败（原始字符串：{"name":"vla_control","arguments":{"action":"park","point_desc":{"subject":"墙","position":"旁边"}}}}...）: Extra data: line 1 column 98 (char 97)
2026-03-23 15:49:46,348 - ERROR - CaseID: 2104
函数数量不匹配：预期0个，规划1个
2026-03-23 15:49:46,348 - WARNING - 单行JSON解析失败（原始字符串：{"name":"vla_control","arguments":{"action":"park","point_desc":{"subject":"墙","position":"旁边"}}}}...）: Extra data: line 1 column 98 (char 97)
2026-03-23 15:49:46,348 - ERROR - CaseID: 2105
函数数量不匹配：预期0个，规划1个
2026-03-23 15:49:46,348 - WARNING - 单行JSON解析失败（原始字符串：{"name":"vla_control","arguments":{"action":"park","point_desc":{"subject":"墙","position":"旁边"}}}}...）: Extra data: line 1 column 98 (char 97)
2026-03-23 15:49:46,348 - ERROR - CaseID: 2106
函数数量不匹配：预期0个，规划1个
2026-03-23 15:49:46,348 - WARNING - 单行JSON解析失败（原始字符串：{"name":"vla_control","arguments":{"action":"park","point_desc":{"subject":"墙","position":"旁边"}}}}...）: Extra data: line 1 column 98 (char 97)
2026-03-23 15:49:46,348 - ERROR - CaseID: 2107
函数数量不匹配：预期0个，规划1个
2026-03-23 15:49:46,349 - WARNING - 单行JSON解析失败（原始字符串：{"name":"vla_control","arguments":{"action":"park","point_desc":{"subject":"墙","position":"旁边"}}}}...）: Extra data: line 1 column 98 (char 97)
2026-03-23 15:49:46,349 - ERROR - CaseID: 2108
函数数量不匹配：预期0个，规划1个
2026-03-23 15:49:46,349 - WARNING - 单行JSON解析失败（原始字符串：{"name":"vla_control","arguments":{"action":"park","point_desc":{"subject":"墙","position":"旁边"}}}}...）: Extra data: line 1 column 98 (char 97)
2026-03-23 15:49:46,349 - ERROR - CaseID: 2109
函数数量不匹配：预期0个，规划1个
2026-03-23 15:49:46,349 - WARNING - 单行JSON解析失败（原始字符串：{"name":"vla_control","arguments":{"action":"park","point_desc":{"subject":"墙","position":"旁边"}}}}...）: Extra data: line 1 column 98 (char 97)
2026-03-23 15:49:46,349 - ERROR - CaseID: 2110
函数数量不匹配：预期0个，规划1个
2026-03-23 15:49:46,350 - WARNING - 单行JSON解析失败（原始字符串：{"name":"vla_control","arguments":{"action":"park","point_desc":{"subject":"墙","position":"旁边"}}}}...）: Extra data: line 1 column 98 (char 97)
2026-03-23 15:49:46,350 - ERROR - CaseID: 2111
函数数量不匹配：预期0个，规划1个
2026-03-23 15:49:46,350 - WARNING - 单行JSON解析失败（原始字符串：{"name":"vla_control","arguments":{"action":"park","point_desc":{"subject":"墙","position":"旁边"}}}}...）: Extra data: line 1 column 98 (char 97)
2026-03-23 15:49:46,350 - ERROR - CaseID: 2112
函数数量不匹配：预期0个，规划1个
2026-03-23 15:49:46,350 - WARNING - 单行JSON解析失败（原始字符串：{"name":"vla_control","arguments":{"action":"park","point_desc":{"parking_space":"车位","subject":"墙",...）: Extra data: line 1 column 134 (char 133)
2026-03-23 15:49:46,350 - ERROR - CaseID: 2113
函数数量不匹配：预期0个，规划1个
2026-03-23 15:49:46,351 - WARNING - 单行JSON解析失败（原始字符串：{"name":"vla_control","arguments":{"action":"park","point_desc":{"parking_space":"车位","subject":"墙",...）: Extra data: line 1 column 134 (char 133)
2026-03-23 15:49:46,351 - ERROR - CaseID: 2114
函数数量不匹配：预期0个，规划1个
2026-03-23 15:49:46,351 - WARNING - 单行JSON解析失败（原始字符串：{"name":"vla_control","arguments":{"action":"park","point_desc":{"parking_space":"车位","subject":"墙",...）: Extra data: line 1 column 134 (char 133)
2026-03-23 15:49:46,351 - ERROR - CaseID: 2115
函数数量不匹配：预期0个，规划1个
2026-03-23 15:49:46,352 - WARNING - 单行JSON解析失败（原始字符串：{"name":"vla_control","arguments":{"action":"park","point_desc":{"parking_space":"车位","subject":"墙",...）: Extra data: line 1 column 134 (char 133)
2026-03-23 15:49:46,352 - ERROR - CaseID: 2116
函数数量不匹配：预期0个，规划1个
2026-03-23 15:49:46,352 - WARNING - 单行JSON解析失败（原始字符串：{"name":"vla_control","arguments":{"action":"park","point_desc":{"parking_space":"车位","subject":"墙",...）: Extra data: line 1 column 134 (char 133)
2026-03-23 15:49:46,352 - ERROR - CaseID: 2117
函数数量不匹配：预期0个，规划1个
2026-03-23 15:49:46,352 - WARNING - 单行JSON解析失败（原始字符串：{"name":"vla_control","arguments":{"action":"park","point_desc":{"parking_space":"车位","subject":"墙",...）: Extra data: line 1 column 134 (char 133)
2026-03-23 15:49:46,352 - ERROR - CaseID: 2118
函数数量不匹配：预期0个，规划1个
2026-03-23 15:49:46,352 - WARNING - 单行JSON解析失败（原始字符串：{"name":"vla_control","arguments":{"action":"park","point_desc":{"parking_space":"车位","subject":"墙",...）: Extra data: line 1 column 134 (char 133)
2026-03-23 15:49:46,352 - ERROR - CaseID: 2119
函数数量不匹配：预期0个，规划1个
2026-03-23 15:49:46,353 - WARNING - 单行JSON解析失败（原始字符串：{"name":"vla_control","arguments":{"action":"park","point_desc":{"parking_space":"车位","subject":"墙",...）: Extra data: line 1 column 134 (char 133)
2026-03-23 15:49:46,353 - ERROR - CaseID: 2120
函数数量不匹配：预期0个，规划1个
2026-03-23 15:49:46,353 - WARNING - 单行JSON解析失败（原始字符串：{"name":"vla_control","arguments":{"action":"park","point_desc":{"parking_space":"车位","subject":"墙",...）: Extra data: line 1 column 134 (char 133)
2026-03-23 15:49:46,353 - ERROR - CaseID: 2121
函数数量不匹配：预期0个，规划1个
2026-03-23 15:49:46,353 - WARNING - 单行JSON解析失败（原始字符串：{"name":"vla_control","arguments":{"action":"park","point_desc":{"parking_space":"车位","subject":"墙",...）: Extra data: line 1 column 134 (char 133)
2026-03-23 15:49:46,353 - ERROR - CaseID: 2122
函数数量不匹配：预期0个，规划1个
2026-03-23 15:49:46,353 - WARNING - 单行JSON解析失败（原始字符串：{"name":"vla_control","arguments":{"action":"park","point_desc":{"parking_space":"车位","subject":"墙",...）: Extra data: line 1 column 134 (char 133)
2026-03-23 15:49:46,353 - ERROR - CaseID: 2123
函数数量不匹配：预期0个，规划1个
2026-03-23 15:49:46,353 - WARNING - 单行JSON解析失败（原始字符串：{"name":"vla_control","arguments":{"action":"park","point_desc":{"parking_space":"车位","subject":"墙",...）: Extra data: line 1 column 134 (char 133)
2026-03-23 15:49:46,353 - ERROR - CaseID: 2124
函数数量不匹配：预期0个，规划1个
2026-03-23 15:49:46,353 - WARNING - 单行JSON解析失败（原始字符串：{"name":"vla_control","arguments":{"action":"park","point_desc":{"parking_space":"车位","subject":"墙",...）: Extra data: line 1 column 134 (char 133)
2026-03-23 15:49:46,353 - ERROR - CaseID: 2125
函数数量不匹配：预期0个，规划1个
2026-03-23 15:49:46,353 - WARNING - 单行JSON解析失败（原始字符串：{"name":"vla_control","arguments":{"action":"park","point_desc":{"parking_space":"车位","subject":"墙",...）: Extra data: line 1 column 134 (char 133)
2026-03-23 15:49:46,353 - ERROR - CaseID: 2126
函数数量不匹配：预期0个，规划1个
2026-03-23 15:49:46,353 - WARNING - 单行JSON解析失败（原始字符串：{"name":"vla_control","arguments":{"action":"park","point_desc":{"parking_space":"车位","subject":"墙",...）: Extra data: line 1 column 134 (char 133)
2026-03-23 15:49:46,353 - ERROR - CaseID: 2127
函数数量不匹配：预期0个，规划1个
2026-03-23 15:49:46,354 - WARNING - 单行JSON解析失败（原始字符串：{"name":"vla_control","arguments":{"action":"park","point_desc":{"parking_space":"车位","subject":"墙",...）: Extra data: line 1 column 134 (char 133)
2026-03-23 15:49:46,354 - ERROR - CaseID: 2128
函数数量不匹配：预期0个，规划1个
2026-03-23 15:49:46,354 - WARNING - 单行JSON解析失败（原始字符串：{"name":"vla_control","arguments":{"action":"park","point_desc":{"parking_space":"车位","subject":"墙",...）: Extra data: line 1 column 134 (char 133)
2026-03-23 15:49:46,354 - ERROR - CaseID: 2129
函数数量不匹配：预期0个，规划1个
2026-03-23 15:49:46,354 - WARNING - 单行JSON解析失败（原始字符串：{"name":"vla_control","arguments":{"action":"park","point_desc":{"parking_space":"车位","subject":"墙",...）: Extra data: line 1 column 134 (char 133)
2026-03-23 15:49:46,354 - ERROR - CaseID: 2130
函数数量不匹配：预期0个，规划1个
2026-03-23 15:49:46,354 - WARNING - 单行JSON解析失败（原始字符串：{"name":"vla_control","arguments":{"action":"park","point_desc":{"parking_space":"车位","subject":"墙",...）: Extra data: line 1 column 134 (char 133)
2026-03-23 15:49:46,354 - ERROR - CaseID: 2131
函数数量不匹配：预期0个，规划1个
2026-03-23 15:49:46,354 - WARNING - 单行JSON解析失败（原始字符串：{"name":"vla_control","arguments":{"action":"park","point_desc":{"parking_space":"车位","subject":"墙",...）: Extra data: line 1 column 134 (char 133)
2026-03-23 15:49:46,354 - ERROR - CaseID: 2132
函数数量不匹配：预期0个，规划1个
2026-03-23 15:49:46,354 - WARNING - 单行JSON解析失败（原始字符串：{"name":"vla_control","arguments":{"action":"navigate","point_desc":{"subject":"墙","position":"旁边"}}...）: Extra data: line 1 column 102 (char 101)
2026-03-23 15:49:46,354 - ERROR - CaseID: 2133
函数数量不匹配：预期0个，规划1个
2026-03-23 15:49:46,354 - WARNING - 单行JSON解析失败（原始字符串：{"name":"vla_control","arguments":{"action":"navigate","point_desc":{"subject":"墙","position":"旁边"}}...）: Extra data: line 1 column 102 (char 101)
2026-03-23 15:49:46,354 - ERROR - CaseID: 2134
函数数量不匹配：预期0个，规划1个
2026-03-23 15:49:46,354 - WARNING - 单行JSON解析失败（原始字符串：{"name":"vla_control","arguments":{"action":"navigate","point_desc":{"subject":"墙","position":"旁边"}}...）: Extra data: line 1 column 102 (char 101)
2026-03-23 15:49:46,354 - ERROR - CaseID: 2135
函数数量不匹配：预期0个，规划1个
2026-03-23 15:49:46,354 - WARNING - 单行JSON解析失败（原始字符串：{"name":"vla_control","arguments":{"action":"navigate","point_desc":{"subject":"墙","position":"旁边"}}...）: Extra data: line 1 column 102 (char 101)
2026-03-23 15:49:46,354 - ERROR - CaseID: 2136
函数数量不匹配：预期0个，规划1个
2026-03-23 15:49:46,354 - WARNING - 单行JSON解析失败（原始字符串：{"name":"vla_control","arguments":{"action":"navigate","point_desc":{"subject":"墙","position":"旁边"}}...）: Extra data: line 1 column 102 (char 101)
2026-03-23 15:49:46,355 - ERROR - CaseID: 2137
函数数量不匹配：预期0个，规划1个
2026-03-23 15:49:46,355 - WARNING - 单行JSON解析失败（原始字符串：{"name":"vla_control","arguments":{"action":"navigate","point_desc":{"subject":"墙","position":"旁边"}}...）: Extra data: line 1 column 102 (char 101)
2026-03-23 15:49:46,355 - ERROR - CaseID: 2138
函数数量不匹配：预期0个，规划1个
2026-03-23 15:49:46,355 - WARNING - 单行JSON解析失败（原始字符串：{"name":"vla_control","arguments":{"action":"navigate","point_desc":{"subject":"墙","position":"旁边"}}...）: Extra data: line 1 column 102 (char 101)
2026-03-23 15:49:46,355 - ERROR - CaseID: 2139
函数数量不匹配：预期0个，规划1个
2026-03-23 15:49:46,355 - WARNING - 单行JSON解析失败（原始字符串：{"name":"vla_control","arguments":{"action":"navigate","point_desc":{"subject":"墙","position":"旁边"}}...）: Extra data: line 1 column 102 (char 101)
2026-03-23 15:49:46,355 - ERROR - CaseID: 2140
函数数量不匹配：预期0个，规划1个
2026-03-23 15:49:46,355 - WARNING - 单行JSON解析失败（原始字符串：{"name":"vla_control","arguments":{"action":"navigate","point_desc":{"subject":"墙","position":"旁边"}}...）: Extra data: line 1 column 102 (char 101)
2026-03-23 15:49:46,355 - ERROR - CaseID: 2141
函数数量不匹配：预期0个，规划1个
2026-03-23 15:49:46,355 - WARNING - 单行JSON解析失败（原始字符串：{"name":"vla_control","arguments":{"action":"navigate","point_desc":{"subject":"墙","position":"旁边"}}...）: Extra data: line 1 column 102 (char 101)
2026-03-23 15:49:46,355 - ERROR - CaseID: 2142
函数数量不匹配：预期0个，规划1个
2026-03-23 15:49:46,355 - WARNING - 单行JSON解析失败（原始字符串：{"name":"vla_control","arguments":{"action":"navigate","point_desc":{"subject":"墙","position":"旁边"}}...）: Extra data: line 1 column 102 (char 101)
2026-03-23 15:49:46,355 - ERROR - CaseID: 2143
函数数量不匹配：预期0个，规划1个
2026-03-23 15:49:46,355 - WARNING - 单行JSON解析失败（原始字符串：{"name":"vla_control","arguments":{"action":"navigate","point_desc":{"subject":"墙","position":"旁边"}}...）: Extra data: line 1 column 102 (char 101)
2026-03-23 15:49:46,356 - ERROR - CaseID: 2144
函数数量不匹配：预期0个，规划1个
2026-03-23 15:49:46,356 - WARNING - 单行JSON解析失败（原始字符串：{"name":"vla_control","arguments":{"action":"navigate","point_desc":{"subject":"墙","position":"旁边"}}...）: Extra data: line 1 column 102 (char 101)
2026-03-23 15:49:46,356 - ERROR - CaseID: 2145
函数数量不匹配：预期0个，规划1个
2026-03-23 15:49:46,357 - WARNING - 单行JSON解析失败（原始字符串：{"name":"vla_control","arguments":{"action":"navigate","point_desc":{"subject":"墙","position":"旁边"}}...）: Extra data: line 1 column 102 (char 101)
2026-03-23 15:49:46,357 - ERROR - CaseID: 2146
函数数量不匹配：预期0个，规划1个
2026-03-23 15:49:46,357 - WARNING - 单行JSON解析失败（原始字符串：{"name":"vla_control","arguments":{"action":"navigate","point_desc":{"subject":"墙","position":"旁边"}}...）: Extra data: line 1 column 102 (char 101)
2026-03-23 15:49:46,357 - ERROR - CaseID: 2147
函数数量不匹配：预期0个，规划1个
2026-03-23 15:49:46,357 - WARNING - 单行JSON解析失败（原始字符串：{"name":"vla_control","arguments":{"action":"navigate","point_desc":{"subject":"墙","position":"旁边"}}...）: Extra data: line 1 column 102 (char 101)
2026-03-23 15:49:46,357 - ERROR - CaseID: 2148
函数数量不匹配：预期0个，规划1个
2026-03-23 15:49:46,357 - WARNING - 单行JSON解析失败（原始字符串：{"name":"vla_control","arguments":{"action":"navigate","point_desc":{"subject":"墙","position":"旁边"}}...）: Extra data: line 1 column 102 (char 101)
2026-03-23 15:49:46,357 - ERROR - CaseID: 2149
函数数量不匹配：预期0个，规划1个
2026-03-23 15:49:46,358 - WARNING - 单行JSON解析失败（原始字符串：{"name":"vla_control","arguments":{"action":"navigate","point_desc":{"subject":"墙","position":"旁边"}}...）: Extra data: line 1 column 102 (char 101)
2026-03-23 15:49:46,358 - ERROR - CaseID: 2150
函数数量不匹配：预期0个，规划1个
2026-03-23 15:49:46,358 - WARNING - 单行JSON解析失败（原始字符串：{"name":"vla_control","arguments":{"action":"navigate","point_desc":{"subject":"墙","position":"旁边"}}...）: Extra data: line 1 column 102 (char 101)
2026-03-23 15:49:46,358 - ERROR - CaseID: 2151
函数数量不匹配：预期0个，规划1个
2026-03-23 15:49:46,358 - WARNING - 单行JSON解析失败（原始字符串：{"name":"vla_control","arguments":{"action":"navigate","point_desc":{"subject":"墙","position":"旁边"}}...）: Extra data: line 1 column 102 (char 101)
2026-03-23 15:49:46,358 - ERROR - CaseID: 2152
函数数量不匹配：预期0个，规划1个
2026-03-23 15:49:46,358 - WARNING - 单行JSON解析失败（原始字符串：{"name":"vla_control","arguments":{"action":"park_in","point_desc":{"subject":"墙","position":"旁边"}}}...）: Extra data: line 1 column 101 (char 100)
2026-03-23 15:49:46,358 - ERROR - CaseID: 2153
函数数量不匹配：预期0个，规划1个
2026-03-23 15:49:46,358 - WARNING - 单行JSON解析失败（原始字符串：{"name":"vla_control","arguments":{"action":"park_in","point_desc":{"subject":"墙","position":"旁边"}}}...）: Extra data: line 1 column 101 (char 100)
2026-03-23 15:49:46,358 - ERROR - CaseID: 2154
函数数量不匹配：预期0个，规划1个
2026-03-23 15:49:46,358 - WARNING - 单行JSON解析失败（原始字符串：{"name":"vla_control","arguments":{"action":"park_in","point_desc":{"subject":"墙","position":"旁边"}}}...）: Extra data: line 1 column 101 (char 100)
2026-03-23 15:49:46,358 - ERROR - CaseID: 2155
函数数量不匹配：预期0个，规划1个
2026-03-23 15:49:46,358 - WARNING - 单行JSON解析失败（原始字符串：{"name":"vla_control","arguments":{"action":"park_in","point_desc":{"subject":"墙","position":"旁边"}}}...）: Extra data: line 1 column 101 (char 100)
2026-03-23 15:49:46,358 - ERROR - CaseID: 2156
函数数量不匹配：预期0个，规划1个
2026-03-23 15:49:46,358 - WARNING - 单行JSON解析失败（原始字符串：{"name":"vla_control","arguments":{"action":"park_in","point_desc":{"subject":"墙","position":"旁边"}}}...）: Extra data: line 1 column 101 (char 100)
2026-03-23 15:49:46,358 - ERROR - CaseID: 2157
函数数量不匹配：预期0个，规划1个
2026-03-23 15:49:46,358 - WARNING - 单行JSON解析失败（原始字符串：{"name":"vla_control","arguments":{"action":"park_in","point_desc":{"subject":"墙","position":"旁边"}}}...）: Extra data: line 1 column 101 (char 100)
2026-03-23 15:49:46,358 - ERROR - CaseID: 2158
函数数量不匹配：预期0个，规划1个
2026-03-23 15:49:46,358 - WARNING - 单行JSON解析失败（原始字符串：{"name":"vla_control","arguments":{"action":"park_in","point_desc":{"subject":"墙","position":"旁边"}}}...）: Extra data: line 1 column 101 (char 100)
2026-03-23 15:49:46,358 - ERROR - CaseID: 2159
函数数量不匹配：预期0个，规划1个
2026-03-23 15:49:46,359 - WARNING - 单行JSON解析失败（原始字符串：{"name":"vla_control","arguments":{"action":"park_in","point_desc":{"subject":"墙","position":"旁边"}}}...）: Extra data: line 1 column 101 (char 100)
2026-03-23 15:49:46,359 - ERROR - CaseID: 2160
函数数量不匹配：预期0个，规划1个
2026-03-23 15:49:46,359 - WARNING - 单行JSON解析失败（原始字符串：{"name":"vla_control","arguments":{"action":"park_in","point_desc":{"subject":"墙","position":"旁边"}}}...）: Extra data: line 1 column 101 (char 100)
2026-03-23 15:49:46,359 - ERROR - CaseID: 2161
函数数量不匹配：预期0个，规划1个
2026-03-23 15:49:46,359 - WARNING - 单行JSON解析失败（原始字符串：{"name":"vla_control","arguments":{"action":"park_in","point_desc":{"subject":"墙","position":"旁边"}}}...）: Extra data: line 1 column 101 (char 100)
2026-03-23 15:49:46,359 - ERROR - CaseID: 2162
函数数量不匹配：预期0个，规划1个
2026-03-23 15:49:46,359 - WARNING - 单行JSON解析失败（原始字符串：{"name":"vla_control","arguments":{"action":"park_in","point_desc":{"subject":"墙","position":"旁边"}}}...）: Extra data: line 1 column 101 (char 100)
2026-03-23 15:49:46,359 - ERROR - CaseID: 2163
函数数量不匹配：预期0个，规划1个
2026-03-23 15:49:46,359 - WARNING - 单行JSON解析失败（原始字符串：{"name":"vla_control","arguments":{"action":"park_in","point_desc":{"subject":"墙","position":"旁边"}}}...）: Extra data: line 1 column 101 (char 100)
2026-03-23 15:49:46,359 - ERROR - CaseID: 2164
函数数量不匹配：预期0个，规划1个
2026-03-23 15:49:46,359 - WARNING - 单行JSON解析失败（原始字符串：{"name":"vla_control","arguments":{"action":"park_in","point_desc":{"subject":"墙","position":"旁边"}}}...）: Extra data: line 1 column 101 (char 100)
2026-03-23 15:49:46,359 - ERROR - CaseID: 2165
函数数量不匹配：预期0个，规划1个
2026-03-23 15:49:46,359 - WARNING - 单行JSON解析失败（原始字符串：{"name":"vla_control","arguments":{"action":"park_in","point_desc":{"subject":"墙","position":"旁边"}}}...）: Extra data: line 1 column 101 (char 100)
2026-03-23 15:49:46,359 - ERROR - CaseID: 2166
函数数量不匹配：预期0个，规划1个
2026-03-23 15:49:46,359 - WARNING - 单行JSON解析失败（原始字符串：{"name":"vla_control","arguments":{"action":"park_in","point_desc":{"subject":"墙","position":"旁边"}}}...）: Extra data: line 1 column 101 (char 100)
2026-03-23 15:49:46,359 - ERROR - CaseID: 2167
函数数量不匹配：预期0个，规划1个
2026-03-23 15:49:46,359 - WARNING - 单行JSON解析失败（原始字符串：{"name":"vla_control","arguments":{"action":"park_in","point_desc":{"subject":"墙","position":"旁边"}}}...）: Extra data: line 1 column 101 (char 100)
2026-03-23 15:49:46,359 - ERROR - CaseID: 2168
函数数量不匹配：预期0个，规划1个
2026-03-23 15:49:46,360 - WARNING - 单行JSON解析失败（原始字符串：{"name":"vla_control","arguments":{"action":"park_in","point_desc":{"subject":"墙","position":"旁边"}}}...）: Extra data: line 1 column 101 (char 100)
2026-03-23 15:49:46,360 - ERROR - CaseID: 2169
函数数量不匹配：预期0个，规划1个
2026-03-23 15:49:46,360 - WARNING - 单行JSON解析失败（原始字符串：{"name":"vla_control","arguments":{"action":"park_in","point_desc":{"subject":"墙","position":"旁边"}}}...）: Extra data: line 1 column 101 (char 100)
2026-03-23 15:49:46,360 - ERROR - CaseID: 2170
函数数量不匹配：预期0个，规划1个
2026-03-23 15:49:46,360 - WARNING - 单行JSON解析失败（原始字符串：{"name":"vla_control","arguments":{"action":"park_in","point_desc":{"subject":"墙","position":"旁边"}}}...）: Extra data: line 1 column 101 (char 100)
2026-03-23 15:49:46,360 - ERROR - CaseID: 2171
函数数量不匹配：预期0个，规划1个
2026-03-23 15:49:46,360 - WARNING - 单行JSON解析失败（原始字符串：{"name":"vla_control","arguments":{"action":"park_in","point_desc":{"subject":"墙","position":"旁边"}}}...）: Extra data: line 1 column 101 (char 100)
2026-03-23 15:49:46,360 - ERROR - CaseID: 2172
函数数量不匹配：预期0个，规划1个
2026-03-23 15:49:46,360 - WARNING - 单行JSON解析失败（原始字符串：{"name":"vla_control","arguments":{"action":"pause_drive","point_desc":{"subject":"墙","position":"旁边...）: Extra data: line 1 column 105 (char 104)
2026-03-23 15:49:46,360 - ERROR - CaseID: 2173
函数数量不匹配：预期0个，规划1个
2026-03-23 15:49:46,360 - WARNING - 单行JSON解析失败（原始字符串：{"name":"vla_control","arguments":{"action":"pause_drive","point_desc":{"subject":"墙","position":"旁边...）: Extra data: line 1 column 105 (char 104)
2026-03-23 15:49:46,360 - ERROR - CaseID: 2174
函数数量不匹配：预期0个，规划1个
2026-03-23 15:49:46,360 - WARNING - 单行JSON解析失败（原始字符串：{"name":"vla_control","arguments":{"action":"pause_drive","point_desc":{"subject":"墙","position":"旁边...）: Extra data: line 1 column 105 (char 104)
2026-03-23 15:49:46,360 - ERROR - CaseID: 2175
函数数量不匹配：预期0个，规划1个
2026-03-23 15:49:46,360 - WARNING - 单行JSON解析失败（原始字符串：{"name":"vla_control","arguments":{"action":"pause_drive","point_desc":{"subject":"墙","position":"旁边...）: Extra data: line 1 column 105 (char 104)
2026-03-23 15:49:46,360 - ERROR - CaseID: 2176
函数数量不匹配：预期0个，规划1个
2026-03-23 15:49:46,360 - WARNING - 单行JSON解析失败（原始字符串：{"name":"vla_control","arguments":{"action":"pause_drive","point_desc":{"subject":"墙","position":"旁边...）: Extra data: line 1 column 105 (char 104)
2026-03-23 15:49:46,360 - ERROR - CaseID: 2177
函数数量不匹配：预期0个，规划1个
2026-03-23 15:49:46,360 - WARNING - 单行JSON解析失败（原始字符串：{"name":"vla_control","arguments":{"action":"pause_drive","point_desc":{"subject":"墙","position":"旁边...）: Extra data: line 1 column 105 (char 104)
2026-03-23 15:49:46,360 - ERROR - CaseID: 2178
函数数量不匹配：预期0个，规划1个
2026-03-23 15:49:46,361 - WARNING - 单行JSON解析失败（原始字符串：{"name":"vla_control","arguments":{"action":"pause_drive","point_desc":{"subject":"墙","position":"旁边...）: Extra data: line 1 column 105 (char 104)
2026-03-23 15:49:46,361 - ERROR - CaseID: 2179
函数数量不匹配：预期0个，规划1个
2026-03-23 15:49:46,361 - WARNING - 单行JSON解析失败（原始字符串：{"name":"vla_control","arguments":{"action":"pause_drive","point_desc":{"subject":"墙","position":"旁边...）: Extra data: line 1 column 105 (char 104)
2026-03-23 15:49:46,361 - ERROR - CaseID: 2180
函数数量不匹配：预期0个，规划1个
2026-03-23 15:49:46,361 - WARNING - 单行JSON解析失败（原始字符串：{"name":"vla_control","arguments":{"action":"pause_drive","point_desc":{"subject":"墙","position":"旁边...）: Extra data: line 1 column 105 (char 104)
2026-03-23 15:49:46,361 - ERROR - CaseID: 2181
函数数量不匹配：预期0个，规划1个
2026-03-23 15:49:46,361 - WARNING - 单行JSON解析失败（原始字符串：{"name":"vla_control","arguments":{"action":"pause_drive","point_desc":{"subject":"墙","position":"旁边...）: Extra data: line 1 column 105 (char 104)
2026-03-23 15:49:46,361 - ERROR - CaseID: 2182
函数数量不匹配：预期0个，规划1个
2026-03-23 15:49:46,361 - WARNING - 单行JSON解析失败（原始字符串：{"name":"vla_control","arguments":{"action":"pause_drive","point_desc":{"subject":"墙","position":"旁边...）: Extra data: line 1 column 105 (char 104)
2026-03-23 15:49:46,361 - ERROR - CaseID: 2183
函数数量不匹配：预期0个，规划1个
2026-03-23 15:49:46,361 - WARNING - 单行JSON解析失败（原始字符串：{"name":"vla_control","arguments":{"action":"pause_drive","point_desc":{"subject":"墙","position":"旁边...）: Extra data: line 1 column 105 (char 104)
2026-03-23 15:49:46,361 - ERROR - CaseID: 2184
函数数量不匹配：预期0个，规划1个
2026-03-23 15:49:46,361 - WARNING - 单行JSON解析失败（原始字符串：{"name":"vla_control","arguments":{"action":"pause_drive","point_desc":{"subject":"墙","position":"旁边...）: Extra data: line 1 column 105 (char 104)
2026-03-23 15:49:46,361 - ERROR - CaseID: 2185
函数数量不匹配：预期0个，规划1个
2026-03-23 15:49:46,361 - WARNING - 单行JSON解析失败（原始字符串：{"name":"vla_control","arguments":{"action":"pause_drive","point_desc":{"subject":"墙","position":"旁边...）: Extra data: line 1 column 105 (char 104)
2026-03-23 15:49:46,361 - ERROR - CaseID: 2186
函数数量不匹配：预期0个，规划1个
2026-03-23 15:49:46,361 - WARNING - 单行JSON解析失败（原始字符串：{"name":"vla_control","arguments":{"action":"pause_drive","point_desc":{"subject":"墙","position":"旁边...）: Extra data: line 1 column 105 (char 104)
2026-03-23 15:49:46,361 - ERROR - CaseID: 2187
函数数量不匹配：预期0个，规划1个
2026-03-23 15:49:46,362 - WARNING - 单行JSON解析失败（原始字符串：{"name":"vla_control","arguments":{"action":"pause_drive","point_desc":{"subject":"墙","position":"旁边...）: Extra data: line 1 column 105 (char 104)
2026-03-23 15:49:46,362 - ERROR - CaseID: 2188
函数数量不匹配：预期0个，规划1个
2026-03-23 15:49:46,362 - WARNING - 单行JSON解析失败（原始字符串：{"name":"vla_control","arguments":{"action":"pause_drive","point_desc":{"subject":"墙","position":"旁边...）: Extra data: line 1 column 105 (char 104)
2026-03-23 15:49:46,362 - ERROR - CaseID: 2189
函数数量不匹配：预期0个，规划1个
2026-03-23 15:49:46,362 - WARNING - 单行JSON解析失败（原始字符串：{"name":"vla_control","arguments":{"action":"pause_drive","point_desc":{"subject":"墙","position":"旁边...）: Extra data: line 1 column 105 (char 104)
2026-03-23 15:49:46,362 - ERROR - CaseID: 2190
函数数量不匹配：预期0个，规划1个
2026-03-23 15:49:46,362 - WARNING - 单行JSON解析失败（原始字符串：{"name":"vla_control","arguments":{"action":"pause_drive","point_desc":{"subject":"墙","position":"旁边...）: Extra data: line 1 column 105 (char 104)
2026-03-23 15:49:46,362 - ERROR - CaseID: 2191
函数数量不匹配：预期0个，规划1个
2026-03-23 15:49:46,362 - WARNING - 单行JSON解析失败（原始字符串：{"name":"vla_control","arguments":{"action":"pause_drive","point_desc":{"subject":"墙","position":"旁边...）: Extra data: line 1 column 105 (char 104)
2026-03-23 15:49:46,362 - ERROR - CaseID: 2192
函数数量不匹配：预期0个，规划1个
2026-03-23 15:49:46,362 - WARNING - 单行JSON解析失败（原始字符串：{"name":"vla_control","arguments":{"action":"park","point_desc":{"subject":"我","position":"旁边"}}}}...）: Extra data: line 1 column 98 (char 97)
2026-03-23 15:49:46,362 - ERROR - CaseID: 2193
函数数量不匹配：预期0个，规划1个
2026-03-23 15:49:46,362 - WARNING - 单行JSON解析失败（原始字符串：{"name":"vla_control","arguments":{"action":"park","point_desc":{"subject":"我们","position":"旁边"}}}}...）: Extra data: line 1 column 99 (char 98)
2026-03-23 15:49:46,362 - ERROR - CaseID: 2194
函数数量不匹配：预期0个，规划1个
2026-03-23 15:49:46,362 - WARNING - 单行JSON解析失败（原始字符串：{"name":"vla_control","arguments":{"action":"park","point_desc":{"subject":"我","position":"旁边"}}}}...）: Extra data: line 1 column 98 (char 97)
2026-03-23 15:49:46,362 - ERROR - CaseID: 2195
函数数量不匹配：预期0个，规划1个
2026-03-23 15:49:46,362 - WARNING - 单行JSON解析失败（原始字符串：{"name":"vla_control","arguments":{"action":"park","point_desc":{"subject":"我们","position":"旁边"}}}}...）: Extra data: line 1 column 99 (char 98)
2026-03-23 15:49:46,362 - ERROR - CaseID: 2196
函数数量不匹配：预期0个，规划1个
2026-03-23 15:49:46,362 - WARNING - 单行JSON解析失败（原始字符串：{"name":"vla_control","arguments":{"action":"park","point_desc":{"subject":"我","position":"旁边"}}}}...）: Extra data: line 1 column 98 (char 97)
2026-03-23 15:49:46,363 - ERROR - CaseID: 2197
函数数量不匹配：预期0个，规划1个
2026-03-23 15:49:46,363 - WARNING - 单行JSON解析失败（原始字符串：{"name":"vla_control","arguments":{"action":"park","point_desc":{"subject":"我们","position":"旁边"}}}}...）: Extra data: line 1 column 99 (char 98)
2026-03-23 15:49:46,363 - ERROR - CaseID: 2198
函数数量不匹配：预期0个，规划1个
2026-03-23 15:49:46,363 - WARNING - 单行JSON解析失败（原始字符串：{"name":"vla_control","arguments":{"action":"park","point_desc":{"subject":"我","position":"旁边"}}}}...）: Extra data: line 1 column 98 (char 97)
2026-03-23 15:49:46,363 - ERROR - CaseID: 2199
函数数量不匹配：预期0个，规划1个
2026-03-23 15:49:46,363 - WARNING - 单行JSON解析失败（原始字符串：{"name":"vla_control","arguments":{"action":"park","point_desc":{"subject":"我们","position":"旁边"}}}}...）: Extra data: line 1 column 99 (char 98)
2026-03-23 15:49:46,363 - ERROR - CaseID: 2200
函数数量不匹配：预期0个，规划1个
2026-03-23 15:49:46,363 - WARNING - 单行JSON解析失败（原始字符串：{"name":"vla_control","arguments":{"action":"park","point_desc":{"subject":"我","position":"旁边"}}}}...）: Extra data: line 1 column 98 (char 97)
2026-03-23 15:49:46,363 - ERROR - CaseID: 2201
函数数量不匹配：预期0个，规划1个
2026-03-23 15:49:46,363 - WARNING - 单行JSON解析失败（原始字符串：{"name":"vla_control","arguments":{"action":"park","point_desc":{"subject":"我","position":"旁边"}}}}...）: Extra data: line 1 column 98 (char 97)
2026-03-23 15:49:46,363 - ERROR - CaseID: 2202
函数数量不匹配：预期0个，规划1个
2026-03-23 15:49:46,363 - WARNING - 单行JSON解析失败（原始字符串：{"name":"vla_control","arguments":{"action":"park","point_desc":{"subject":"我们","position":"旁边"}}}}...）: Extra data: line 1 column 99 (char 98)
2026-03-23 15:49:46,363 - ERROR - CaseID: 2203
函数数量不匹配：预期0个，规划1个
2026-03-23 15:49:46,363 - WARNING - 单行JSON解析失败（原始字符串：{"name":"vla_control","arguments":{"action":"park","point_desc":{"subject":"我","position":"旁边"}}}}...）: Extra data: line 1 column 98 (char 97)
2026-03-23 15:49:46,363 - ERROR - CaseID: 2204
函数数量不匹配：预期0个，规划1个
2026-03-23 15:49:46,363 - WARNING - 单行JSON解析失败（原始字符串：{"name":"vla_control","arguments":{"action":"park","point_desc":{"subject":"我们","position":"旁边"}}}}...）: Extra data: line 1 column 99 (char 98)
2026-03-23 15:49:46,363 - ERROR - CaseID: 2205
函数数量不匹配：预期0个，规划1个
2026-03-23 15:49:46,363 - WARNING - 单行JSON解析失败（原始字符串：{"name":"vla_control","arguments":{"action":"park","point_desc":{"subject":"我","position":"旁边"}}}}...）: Extra data: line 1 column 98 (char 97)
2026-03-23 15:49:46,363 - ERROR - CaseID: 2206
函数数量不匹配：预期0个，规划1个
2026-03-23 15:49:46,364 - WARNING - 单行JSON解析失败（原始字符串：{"name":"vla_control","arguments":{"action":"park","point_desc":{"subject":"我","position":"旁边"}}}}...）: Extra data: line 1 column 98 (char 97)
2026-03-23 15:49:46,364 - ERROR - CaseID: 2207
函数数量不匹配：预期0个，规划1个
2026-03-23 15:49:46,364 - WARNING - 单行JSON解析失败（原始字符串：{"name":"vla_control","arguments":{"action":"park","point_desc":{"subject":"我们","position":"旁边"}}}}...）: Extra data: line 1 column 99 (char 98)
2026-03-23 15:49:46,364 - ERROR - CaseID: 2208
函数数量不匹配：预期0个，规划1个
2026-03-23 15:49:46,364 - WARNING - 单行JSON解析失败（原始字符串：{"name":"vla_control","arguments":{"action":"park","point_desc":{"subject":"我","position":"旁边"}}}}...）: Extra data: line 1 column 98 (char 97)
2026-03-23 15:49:46,364 - ERROR - CaseID: 2209
函数数量不匹配：预期0个，规划1个
2026-03-23 15:49:46,364 - WARNING - 单行JSON解析失败（原始字符串：{"name":"vla_control","arguments":{"action":"park","point_desc":{"subject":"我","position":"旁边"}}}}...）: Extra data: line 1 column 98 (char 97)
2026-03-23 15:49:46,364 - ERROR - CaseID: 2210
函数数量不匹配：预期0个，规划1个
2026-03-23 15:49:46,364 - WARNING - 单行JSON解析失败（原始字符串：{"name":"vla_control","arguments":{"action":"park","point_desc":{"subject":"我们","position":"旁边"}}}}...）: Extra data: line 1 column 99 (char 98)
2026-03-23 15:49:46,364 - ERROR - CaseID: 2211
函数数量不匹配：预期0个，规划1个
2026-03-23 15:49:46,364 - WARNING - 单行JSON解析失败（原始字符串：{"name":"vla_control","arguments":{"action":"park","point_desc":{"subject":"我","position":"旁边"}}}}...）: Extra data: line 1 column 98 (char 97)
2026-03-23 15:49:46,364 - ERROR - CaseID: 2212
函数数量不匹配：预期0个，规划1个
2026-03-23 15:49:46,364 - WARNING - 单行JSON解析失败（原始字符串：{"name":"vla_control","arguments":{"action":"park_out","point_desc":{"subject":"我"}},"point_tag":"HE...）: Extra data: line 1 column 105 (char 104)
2026-03-23 15:49:46,364 - ERROR - CaseID: 2213
函数数量不匹配：预期0个，规划1个
2026-03-23 15:49:46,364 - WARNING - 单行JSON解析失败（原始字符串：{"name":"vla_control","arguments":{"action":"park_out","point_desc":{"subject":"我"}},"point_tag":"HE...）: Extra data: line 1 column 105 (char 104)
2026-03-23 15:49:46,364 - ERROR - CaseID: 2214
函数数量不匹配：预期0个，规划1个
2026-03-23 15:49:46,364 - WARNING - 单行JSON解析失败（原始字符串：{"name":"vla_control","arguments":{"action":"park_out","point_desc":{"subject":"我"}},"point_tag":"HE...）: Extra data: line 1 column 105 (char 104)
2026-03-23 15:49:46,364 - ERROR - CaseID: 2215
函数数量不匹配：预期0个，规划1个
2026-03-23 15:49:46,364 - WARNING - 单行JSON解析失败（原始字符串：{"name":"vla_control","arguments":{"action":"park_out","point_desc":{"subject":"我"}},"point_tag":"HE...）: Extra data: line 1 column 105 (char 104)
2026-03-23 15:49:46,365 - ERROR - CaseID: 2216
函数数量不匹配：预期0个，规划1个
2026-03-23 15:49:46,365 - WARNING - 单行JSON解析失败（原始字符串：{"name":"vla_control","arguments":{"action":"park_out","point_desc":{"subject":"我"}},"point_tag":"HE...）: Extra data: line 1 column 105 (char 104)
2026-03-23 15:49:46,365 - ERROR - CaseID: 2217
函数数量不匹配：预期0个，规划1个
2026-03-23 15:49:46,365 - WARNING - 单行JSON解析失败（原始字符串：{"name":"vla_control","arguments":{"action":"park_out","point_desc":{"subject":"我"}},"point_tag":"HE...）: Extra data: line 1 column 105 (char 104)
2026-03-23 15:49:46,365 - ERROR - CaseID: 2218
函数数量不匹配：预期0个，规划1个
2026-03-23 15:49:46,365 - WARNING - 单行JSON解析失败（原始字符串：{"name":"vla_control","arguments":{"action":"park_out","point_desc":{"subject":"我"}},"point_tag":"HE...）: Extra data: line 1 column 105 (char 104)
2026-03-23 15:49:46,365 - ERROR - CaseID: 2219
函数数量不匹配：预期0个，规划1个
2026-03-23 15:49:46,365 - WARNING - 单行JSON解析失败（原始字符串：{"name":"vla_control","arguments":{"action":"park_out","point_desc":{"subject":"我"}},"point_tag":"HE...）: Extra data: line 1 column 105 (char 104)
2026-03-23 15:49:46,365 - ERROR - CaseID: 2220
函数数量不匹配：预期0个，规划1个
2026-03-23 15:49:46,365 - WARNING - 单行JSON解析失败（原始字符串：{"name":"vla_control","arguments":{"action":"park_out","point_desc":{"subject":"我"}},"point_tag":"HE...）: Extra data: line 1 column 105 (char 104)
2026-03-23 15:49:46,365 - ERROR - CaseID: 2221
函数数量不匹配：预期0个，规划1个
2026-03-23 15:49:46,365 - WARNING - 单行JSON解析失败（原始字符串：{"name":"vla_control","arguments":{"action":"park_out","point_desc":{"subject":"我"}},"point_tag":"HE...）: Extra data: line 1 column 105 (char 104)
2026-03-23 15:49:46,365 - ERROR - CaseID: 2222
函数数量不匹配：预期0个，规划1个
2026-03-23 15:49:46,365 - WARNING - 单行JSON解析失败（原始字符串：{"name":"vla_control","arguments":{"action":"park_out","point_desc":{"subject":"我"}},"point_tag":"HE...）: Extra data: line 1 column 105 (char 104)
2026-03-23 15:49:46,365 - ERROR - CaseID: 2223
函数数量不匹配：预期0个，规划1个
2026-03-23 15:49:46,365 - WARNING - 单行JSON解析失败（原始字符串：{"name":"vla_control","arguments":{"action":"park_out","point_desc":{"subject":"我"}},"point_tag":"HE...）: Extra data: line 1 column 105 (char 104)
2026-03-23 15:49:46,365 - ERROR - CaseID: 2224
函数数量不匹配：预期0个，规划1个
2026-03-23 15:49:46,365 - WARNING - 单行JSON解析失败（原始字符串：{"name":"vla_control","arguments":{"action":"park_out","point_desc":{"subject":"我"}},"point_tag":"HE...）: Extra data: line 1 column 105 (char 104)
2026-03-23 15:49:46,366 - ERROR - CaseID: 2225
函数数量不匹配：预期0个，规划1个
2026-03-23 15:49:46,366 - WARNING - 单行JSON解析失败（原始字符串：{"name":"vla_control","arguments":{"action":"park_out","point_desc":{"subject":"我"}},"point_tag":"HE...）: Extra data: line 1 column 105 (char 104)
2026-03-23 15:49:46,366 - ERROR - CaseID: 2226
函数数量不匹配：预期0个，规划1个
2026-03-23 15:49:46,366 - WARNING - 单行JSON解析失败（原始字符串：{"name":"vla_control","arguments":{"action":"park_out","point_desc":{"subject":"我"}},"point_tag":"HE...）: Extra data: line 1 column 105 (char 104)
2026-03-23 15:49:46,366 - ERROR - CaseID: 2227
函数数量不匹配：预期0个，规划1个
2026-03-23 15:49:46,366 - WARNING - 单行JSON解析失败（原始字符串：{"name":"vla_control","arguments":{"action":"park_out","point_desc":{"subject":"我"}},"point_tag":"HE...）: Extra data: line 1 column 105 (char 104)
2026-03-23 15:49:46,366 - ERROR - CaseID: 2228
函数数量不匹配：预期0个，规划1个
2026-03-23 15:49:46,366 - WARNING - 单行JSON解析失败（原始字符串：{"name":"vla_control","arguments":{"action":"park_out","point_desc":{"subject":"我"}},"point_tag":"HE...）: Extra data: line 1 column 105 (char 104)
2026-03-23 15:49:46,366 - ERROR - CaseID: 2229
函数数量不匹配：预期0个，规划1个
2026-03-23 15:49:46,367 - WARNING - 单行JSON解析失败（原始字符串：{"name":"vla_control","arguments":{"action":"park_out","point_desc":{"subject":"我"}},"point_tag":"HE...）: Extra data: line 1 column 105 (char 104)
2026-03-23 15:49:46,367 - ERROR - CaseID: 2230
函数数量不匹配：预期0个，规划1个
2026-03-23 15:49:46,367 - WARNING - 单行JSON解析失败（原始字符串：{"name":"vla_control","arguments":{"action":"park_out","point_desc":{"subject":"我"}},"point_tag":"HE...）: Extra data: line 1 column 105 (char 104)
2026-03-23 15:49:46,367 - ERROR - CaseID: 2231
函数数量不匹配：预期0个，规划1个
2026-03-23 15:49:46,367 - WARNING - 单行JSON解析失败（原始字符串：{"name":"vla_control","arguments":{"action":"park_out","point_desc":{"subject":"我"}},"point_tag":"HE...）: Extra data: line 1 column 105 (char 104)
2026-03-23 15:49:46,367 - ERROR - CaseID: 2232
函数数量不匹配：预期0个，规划1个
2026-03-23 15:49:46,367 - WARNING - 单行JSON解析失败（原始字符串：{"name":"vla_control","arguments":{"action":"park_in","point_desc":{"subject":"我","position":"旁边"}}}...）: Extra data: line 1 column 101 (char 100)
2026-03-23 15:49:46,367 - ERROR - CaseID: 2233
函数数量不匹配：预期0个，规划1个
2026-03-23 15:49:46,367 - WARNING - 单行JSON解析失败（原始字符串：{"name":"vla_control","arguments":{"action":"park_in","point_desc":{"subject":"我","position":"右"}}}}...）: Extra data: line 1 column 100 (char 99)
2026-03-23 15:49:46,367 - ERROR - CaseID: 2234
函数数量不匹配：预期0个，规划1个
2026-03-23 15:49:46,368 - WARNING - 单行JSON解析失败（原始字符串：{"name":"vla_control","arguments":{"action":"park_in","point_desc":{"subject":"我","position":"左"}}}}...）: Extra data: line 1 column 100 (char 99)
2026-03-23 15:49:46,368 - ERROR - CaseID: 2235
函数数量不匹配：预期0个，规划1个
2026-03-23 15:49:46,368 - WARNING - 单行JSON解析失败（原始字符串：{"name":"vla_control","arguments":{"action":"park_in","point_desc":{"subject":"我","position":"右"}}}}...）: Extra data: line 1 column 100 (char 99)
2026-03-23 15:49:46,368 - ERROR - CaseID: 2236
函数数量不匹配：预期0个，规划1个
2026-03-23 15:49:46,368 - WARNING - 单行JSON解析失败（原始字符串：{"name":"vla_control","arguments":{"action":"park_in","point_desc":{"subject":"我","position":"旁边"}}}...）: Extra data: line 1 column 101 (char 100)
2026-03-23 15:49:46,368 - ERROR - CaseID: 2237
函数数量不匹配：预期0个，规划1个
2026-03-23 15:49:46,368 - WARNING - 单行JSON解析失败（原始字符串：{"name":"vla_control","arguments":{"action":"park_in","point_desc":{"subject":"我","position":"左"}}}}...）: Extra data: line 1 column 100 (char 99)
2026-03-23 15:49:46,368 - ERROR - CaseID: 2238
函数数量不匹配：预期0个，规划1个
2026-03-23 15:49:46,368 - WARNING - 单行JSON解析失败（原始字符串：{"name":"vla_control","arguments":{"action":"park_in","point_desc":{"subject":"我","position":"旁边"}}}...）: Extra data: line 1 column 101 (char 100)
2026-03-23 15:49:46,368 - ERROR - CaseID: 2239
函数数量不匹配：预期0个，规划1个
2026-03-23 15:49:46,369 - WARNING - 单行JSON解析失败（原始字符串：{"name":"vla_control","arguments":{"action":"park_in","point_desc":{"subject":"我","position":"右"}}}}...）: Extra data: line 1 column 100 (char 99)
2026-03-23 15:49:46,369 - ERROR - CaseID: 2240
函数数量不匹配：预期0个，规划1个
2026-03-23 15:49:46,369 - WARNING - 单行JSON解析失败（原始字符串：{"name":"vla_control","arguments":{"action":"park_in","point_desc":{"subject":"我","position":"旁边"}}}...）: Extra data: line 1 column 101 (char 100)
2026-03-23 15:49:46,369 - ERROR - CaseID: 2241
函数数量不匹配：预期0个，规划1个
2026-03-23 15:49:46,369 - WARNING - 单行JSON解析失败（原始字符串：{"name":"vla_control","arguments":{"action":"park_in","point_desc":{"subject":"我","position":"旁边"}}}...）: Extra data: line 1 column 101 (char 100)
2026-03-23 15:49:46,369 - ERROR - CaseID: 2242
函数数量不匹配：预期0个，规划1个
2026-03-23 15:49:46,369 - WARNING - 单行JSON解析失败（原始字符串：{"name":"vla_control","arguments":{"action":"park_in","point_desc":{"subject":"我","position":"右"}}}}...）: Extra data: line 1 column 100 (char 99)
2026-03-23 15:49:46,369 - ERROR - CaseID: 2243
函数数量不匹配：预期0个，规划1个
2026-03-23 15:49:46,369 - WARNING - 单行JSON解析失败（原始字符串：{"name":"vla_control","arguments":{"action":"park_in","point_desc":{"subject":"我","position":"左"}}}}...）: Extra data: line 1 column 100 (char 99)
2026-03-23 15:49:46,369 - ERROR - CaseID: 2244
函数数量不匹配：预期0个，规划1个
2026-03-23 15:49:46,369 - WARNING - 单行JSON解析失败（原始字符串：{"name":"vla_control","arguments":{"action":"park_in","point_desc":{"subject":"我","position":"右"}}}}...）: Extra data: line 1 column 100 (char 99)
2026-03-23 15:49:46,369 - ERROR - CaseID: 2245
函数数量不匹配：预期0个，规划1个
2026-03-23 15:49:46,369 - WARNING - 单行JSON解析失败（原始字符串：{"name":"vla_control","arguments":{"action":"park_in","point_desc":{"subject":"我","position":"右"}}}}...）: Extra data: line 1 column 100 (char 99)
2026-03-23 15:49:46,369 - ERROR - CaseID: 2246
函数数量不匹配：预期0个，规划1个
2026-03-23 15:49:46,369 - WARNING - 单行JSON解析失败（原始字符串：{"name":"vla_control","arguments":{"action":"park_in","point_desc":{"subject":"我","position":"旁边"}}}...）: Extra data: line 1 column 101 (char 100)
2026-03-23 15:49:46,369 - ERROR - CaseID: 2247
函数数量不匹配：预期0个，规划1个
2026-03-23 15:49:46,369 - WARNING - 单行JSON解析失败（原始字符串：{"name":"vla_control","arguments":{"action":"park_in","point_desc":{"subject":"我","position":"右"}}}}...）: Extra data: line 1 column 100 (char 99)
2026-03-23 15:49:46,370 - ERROR - CaseID: 2248
函数数量不匹配：预期0个，规划1个
2026-03-23 15:49:46,370 - WARNING - 单行JSON解析失败（原始字符串：{"name":"vla_control","arguments":{"action":"park_in","point_desc":{"subject":"我","position":"右"}}}}...）: Extra data: line 1 column 100 (char 99)
2026-03-23 15:49:46,370 - ERROR - CaseID: 2249
函数数量不匹配：预期0个，规划1个
2026-03-23 15:49:46,370 - WARNING - 单行JSON解析失败（原始字符串：{"name":"vla_control","arguments":{"action":"park_in","point_desc":{"subject":"我","position":"旁边"}}}...）: Extra data: line 1 column 101 (char 100)
2026-03-23 15:49:46,370 - ERROR - CaseID: 2250
函数数量不匹配：预期0个，规划1个
2026-03-23 15:49:46,371 - WARNING - 单行JSON解析失败（原始字符串：{"name":"vla_control","arguments":{"action":"park_in","point_desc":{"subject":"我","position":"右"}}}}...）: Extra data: line 1 column 100 (char 99)
2026-03-23 15:49:46,371 - ERROR - CaseID: 2251
函数数量不匹配：预期0个，规划1个
2026-03-23 15:49:46,371 - WARNING - 单行JSON解析失败（原始字符串：{"name":"vla_control","arguments":{"action":"park_in","point_desc":{"subject":"我","position":"右"}}}}...）: Extra data: line 1 column 100 (char 99)
2026-03-23 15:49:46,371 - ERROR - CaseID: 2252
函数数量不匹配：预期0个，规划1个
2026-03-23 15:49:46,372 - WARNING - 单行JSON解析失败（原始字符串：{"name":"vla_control","arguments":{"action":"navigate","point_desc":{"subject":"我"}},"point_tag":"HE...）: Extra data: line 1 column 105 (char 104)
2026-03-23 15:49:46,372 - ERROR - CaseID: 2253
函数数量不匹配：预期0个，规划1个
2026-03-23 15:49:46,372 - WARNING - 单行JSON解析失败（原始字符串：{"name":"vla_control","arguments":{"action":"navigate","point_desc":{"subject":"我"}},"point_tag":"HE...）: Extra data: line 1 column 105 (char 104)
2026-03-23 15:49:46,372 - ERROR - CaseID: 2254
函数数量不匹配：预期0个，规划1个
2026-03-23 15:49:46,372 - WARNING - 单行JSON解析失败（原始字符串：{"name":"vla_control","arguments":{"action":"navigate","point_desc":{"subject":"我"}},"point_tag":"HE...）: Extra data: line 1 column 105 (char 104)
2026-03-23 15:49:46,372 - ERROR - CaseID: 2255
函数数量不匹配：预期0个，规划1个
2026-03-23 15:49:46,373 - WARNING - 单行JSON解析失败（原始字符串：{"name":"vla_control","arguments":{"action":"navigate","point_desc":{"subject":"我"}},"point_tag":"HE...）: Extra data: line 1 column 105 (char 104)
2026-03-23 15:49:46,373 - ERROR - CaseID: 2256
函数数量不匹配：预期0个，规划1个
2026-03-23 15:49:46,373 - WARNING - 单行JSON解析失败（原始字符串：{"name":"vla_control","arguments":{"action":"navigate","point_desc":{"subject":"我"}},"point_tag":"HE...）: Extra data: line 1 column 105 (char 104)
2026-03-23 15:49:46,373 - ERROR - CaseID: 2257
函数数量不匹配：预期0个，规划1个
2026-03-23 15:49:46,373 - WARNING - 单行JSON解析失败（原始字符串：{"name":"vla_control","arguments":{"action":"navigate","point_desc":{"subject":"我"}},"point_tag":"HE...）: Extra data: line 1 column 105 (char 104)
2026-03-23 15:49:46,373 - ERROR - CaseID: 2258
函数数量不匹配：预期0个，规划1个
2026-03-23 15:49:46,373 - WARNING - 单行JSON解析失败（原始字符串：{"name":"vla_control","arguments":{"action":"navigate","point_desc":{"subject":"我"}},"point_tag":"HE...）: Extra data: line 1 column 105 (char 104)
2026-03-23 15:49:46,373 - ERROR - CaseID: 2259
函数数量不匹配：预期0个，规划1个
2026-03-23 15:49:46,373 - WARNING - 单行JSON解析失败（原始字符串：{"name":"vla_control","arguments":{"action":"navigate","point_desc":{"subject":"我"}},"point_tag":"HE...）: Extra data: line 1 column 105 (char 104)
2026-03-23 15:49:46,373 - ERROR - CaseID: 2260
函数数量不匹配：预期0个，规划1个
2026-03-23 15:49:46,373 - WARNING - 单行JSON解析失败（原始字符串：{"name":"vla_control","arguments":{"action":"navigate","point_desc":{"subject":"我"}},"point_tag":"HE...）: Extra data: line 1 column 105 (char 104)
2026-03-23 15:49:46,373 - ERROR - CaseID: 2261
函数数量不匹配：预期0个，规划1个
2026-03-23 15:49:46,373 - WARNING - 单行JSON解析失败（原始字符串：{"name":"vla_control","arguments":{"action":"navigate","point_desc":{"subject":"我"}},"point_tag":"HE...）: Extra data: line 1 column 105 (char 104)
2026-03-23 15:49:46,373 - ERROR - CaseID: 2262
函数数量不匹配：预期0个，规划1个
2026-03-23 15:49:46,374 - WARNING - 单行JSON解析失败（原始字符串：{"name":"vla_control","arguments":{"action":"navigate","point_desc":{"subject":"我"}},"point_tag":"HE...）: Extra data: line 1 column 105 (char 104)
2026-03-23 15:49:46,374 - ERROR - CaseID: 2263
函数数量不匹配：预期0个，规划1个
2026-03-23 15:49:46,374 - WARNING - 单行JSON解析失败（原始字符串：{"name":"vla_control","arguments":{"action":"navigate","point_desc":{"subject":"我"}},"point_tag":"HE...）: Extra data: line 1 column 105 (char 104)
2026-03-23 15:49:46,374 - ERROR - CaseID: 2264
函数数量不匹配：预期0个，规划1个
2026-03-23 15:49:46,374 - WARNING - 单行JSON解析失败（原始字符串：{"name":"vla_control","arguments":{"action":"navigate","point_desc":{"subject":"我"}},"point_tag":"HE...）: Extra data: line 1 column 105 (char 104)
2026-03-23 15:49:46,374 - ERROR - CaseID: 2265
函数数量不匹配：预期0个，规划1个
2026-03-23 15:49:46,374 - WARNING - 单行JSON解析失败（原始字符串：{"name":"vla_control","arguments":{"action":"navigate","point_desc":{"subject":"我"}},"point_tag":"HE...）: Extra data: line 1 column 105 (char 104)
2026-03-23 15:49:46,374 - ERROR - CaseID: 2266
函数数量不匹配：预期0个，规划1个
2026-03-23 15:49:46,374 - WARNING - 单行JSON解析失败（原始字符串：{"name":"vla_control","arguments":{"action":"navigate","point_desc":{"subject":"我"}},"point_tag":"HE...）: Extra data: line 1 column 105 (char 104)
2026-03-23 15:49:46,374 - ERROR - CaseID: 2267
函数数量不匹配：预期0个，规划1个
2026-03-23 15:49:46,374 - WARNING - 单行JSON解析失败（原始字符串：{"name":"vla_control","arguments":{"action":"navigate","point_desc":{"subject":"我"}},"point_tag":"HE...）: Extra data: line 1 column 105 (char 104)
2026-03-23 15:49:46,374 - ERROR - CaseID: 2268
函数数量不匹配：预期0个，规划1个
2026-03-23 15:49:46,374 - WARNING - 单行JSON解析失败（原始字符串：{"name":"vla_control","arguments":{"action":"navigate","point_desc":{"subject":"我"}},"point_tag":"HE...）: Extra data: line 1 column 105 (char 104)
2026-03-23 15:49:46,374 - ERROR - CaseID: 2269
规划列无有效函数
2026-03-23 15:49:46,374 - WARNING - 单行JSON解析失败（原始字符串：{"name":"vla_control","arguments":{"action":"navigate","point_desc":{"subject":"我"}},"point_tag":"HE...）: Extra data: line 1 column 105 (char 104)
2026-03-23 15:49:46,374 - ERROR - CaseID: 2270
函数数量不匹配：预期0个，规划1个
2026-03-23 15:49:46,374 - WARNING - 单行JSON解析失败（原始字符串：{"name":"vla_control","arguments":{"action":"navigate","point_desc":{"subject":"我"}},"point_tag":"HE...）: Extra data: line 1 column 105 (char 104)
2026-03-23 15:49:46,374 - ERROR - CaseID: 2271
函数数量不匹配：预期0个，规划1个
2026-03-23 15:49:46,374 - WARNING - 单行JSON解析失败（原始字符串：{"name":"vla_control","arguments":{"action":"navigate","point_desc":{"subject":"我"}},"point_tag":"HE...）: Extra data: line 1 column 105 (char 104)
2026-03-23 15:49:46,374 - ERROR - CaseID: 2272
函数数量不匹配：预期0个，规划1个
2026-03-23 15:49:46,375 - WARNING - 单行JSON解析失败（原始字符串：{"name":"vla_control","arguments":{"action":"pause_drive","point_desc":{"subject":"我"}}，"point_tag":...）: Extra data: line 1 column 108 (char 107)
2026-03-23 15:49:46,375 - ERROR - CaseID: 2273
函数数量不匹配：预期0个，规划1个
2026-03-23 15:49:46,375 - WARNING - 单行JSON解析失败（原始字符串：{"name":"vla_control","arguments":{"action":"pause_drive","point_desc":{"subject":"我"}}，"point_tag":...）: Extra data: line 1 column 108 (char 107)
2026-03-23 15:49:46,375 - ERROR - CaseID: 2274
函数数量不匹配：预期0个，规划1个
2026-03-23 15:49:46,375 - WARNING - 单行JSON解析失败（原始字符串：{"name":"vla_control","arguments":{"action":"pause_drive","point_desc":{"subject":"我"}}，"point_tag":...）: Extra data: line 1 column 108 (char 107)
2026-03-23 15:49:46,375 - ERROR - CaseID: 2275
函数数量不匹配：预期0个，规划1个
2026-03-23 15:49:46,375 - WARNING - 单行JSON解析失败（原始字符串：{"name":"vla_control","arguments":{"action":"pause_drive","point_desc":{"subject":"我"}}，"point_tag":...）: Extra data: line 1 column 108 (char 107)
2026-03-23 15:49:46,375 - ERROR - CaseID: 2276
函数数量不匹配：预期0个，规划1个
2026-03-23 15:49:46,375 - WARNING - 单行JSON解析失败（原始字符串：{"name":"vla_control","arguments":{"action":"pause_drive","point_desc":{"subject":"我"}}，"point_tag":...）: Extra data: line 1 column 108 (char 107)
2026-03-23 15:49:46,375 - ERROR - CaseID: 2277
函数数量不匹配：预期0个，规划1个
2026-03-23 15:49:46,375 - WARNING - 单行JSON解析失败（原始字符串：{"name":"vla_control","arguments":{"action":"pause_drive","point_desc":{"subject":"我"}}，"point_tag":...）: Extra data: line 1 column 108 (char 107)
2026-03-23 15:49:46,375 - ERROR - CaseID: 2278
函数数量不匹配：预期0个，规划1个
2026-03-23 15:49:46,375 - WARNING - 单行JSON解析失败（原始字符串：{"name":"vla_control","arguments":{"action":"pause_drive","point_desc":{"subject":"我"}}，"point_tag":...）: Extra data: line 1 column 108 (char 107)
2026-03-23 15:49:46,375 - ERROR - CaseID: 2279
函数数量不匹配：预期0个，规划1个
2026-03-23 15:49:46,375 - WARNING - 单行JSON解析失败（原始字符串：{"name":"vla_control","arguments":{"action":"pause_drive","point_desc":{"subject":"我"}}，"point_tag":...）: Extra data: line 1 column 108 (char 107)
2026-03-23 15:49:46,375 - ERROR - CaseID: 2280
函数数量不匹配：预期0个，规划1个
2026-03-23 15:49:46,375 - WARNING - 单行JSON解析失败（原始字符串：{"name":"vla_control","arguments":{"action":"pause_drive","point_desc":{"subject":"我"}}，"point_tag":...）: Extra data: line 1 column 108 (char 107)
2026-03-23 15:49:46,375 - ERROR - CaseID: 2281
函数数量不匹配：预期0个，规划1个
2026-03-23 15:49:46,376 - WARNING - 单行JSON解析失败（原始字符串：{"name":"vla_control","arguments":{"action":"pause_drive","point_desc":{"subject":"我"}}，"point_tag":...）: Extra data: line 1 column 108 (char 107)
2026-03-23 15:49:46,376 - ERROR - CaseID: 2282
函数数量不匹配：预期0个，规划1个
2026-03-23 15:49:46,376 - WARNING - 单行JSON解析失败（原始字符串：{"name":"vla_control","arguments":{"action":"pause_drive","point_desc":{"subject":"我"}}，"point_tag":...）: Extra data: line 1 column 108 (char 107)
2026-03-23 15:49:46,376 - ERROR - CaseID: 2283
函数数量不匹配：预期0个，规划1个
2026-03-23 15:49:46,376 - WARNING - 单行JSON解析失败（原始字符串：{"name":"vla_control","arguments":{"action":"pause_drive","point_desc":{"subject":"我"}}，"point_tag":...）: Extra data: line 1 column 108 (char 107)
2026-03-23 15:49:46,376 - ERROR - CaseID: 2284
函数数量不匹配：预期0个，规划1个
2026-03-23 15:49:46,376 - WARNING - 单行JSON解析失败（原始字符串：{"name":"vla_control","arguments":{"action":"pause_drive","point_desc":{"subject":"我"}}，"point_tag":...）: Extra data: line 1 column 108 (char 107)
2026-03-23 15:49:46,376 - ERROR - CaseID: 2285
函数数量不匹配：预期0个，规划1个
2026-03-23 15:49:46,376 - WARNING - 单行JSON解析失败（原始字符串：{"name":"vla_control","arguments":{"action":"pause_drive","point_desc":{"subject":"我"}}，"point_tag":...）: Extra data: line 1 column 108 (char 107)
2026-03-23 15:49:46,376 - ERROR - CaseID: 2286
函数数量不匹配：预期0个，规划1个
2026-03-23 15:49:46,376 - WARNING - 单行JSON解析失败（原始字符串：{"name":"vla_control","arguments":{"action":"pause_drive","point_desc":{"subject":"我"}}，"point_tag":...）: Extra data: line 1 column 108 (char 107)
2026-03-23 15:49:46,376 - ERROR - CaseID: 2287
函数数量不匹配：预期0个，规划1个
2026-03-23 15:49:46,376 - WARNING - 单行JSON解析失败（原始字符串：{"name":"vla_control","arguments":{"action":"pause_drive","point_desc":{"subject":"我"}}，"point_tag":...）: Extra data: line 1 column 108 (char 107)
2026-03-23 15:49:46,376 - ERROR - CaseID: 2288
函数数量不匹配：预期0个，规划1个
2026-03-23 15:49:46,376 - WARNING - 单行JSON解析失败（原始字符串：{"name":"vla_control","arguments":{"action":"pause_drive","point_desc":{"subject":"我"}}，"point_tag":...）: Extra data: line 1 column 108 (char 107)
2026-03-23 15:49:46,376 - ERROR - CaseID: 2289
函数数量不匹配：预期0个，规划1个
2026-03-23 15:49:46,376 - WARNING - 单行JSON解析失败（原始字符串：{"name":"vla_control","arguments":{"action":"pause_drive","point_desc":{"subject":"我"}}，"point_tag":...）: Extra data: line 1 column 108 (char 107)
2026-03-23 15:49:46,376 - ERROR - CaseID: 2290
函数数量不匹配：预期0个，规划1个
2026-03-23 15:49:46,377 - WARNING - 单行JSON解析失败（原始字符串：{"name":"vla_control","arguments":{"action":"pause_drive","point_desc":{"subject":"我"}}，"point_tag":...）: Extra data: line 1 column 108 (char 107)
2026-03-23 15:49:46,377 - ERROR - CaseID: 2291
函数数量不匹配：预期0个，规划1个
2026-03-23 15:49:46,377 - WARNING - 单行JSON解析失败（原始字符串：{"name":"vla_control","arguments":{"action":"pause_drive","point_desc":{"subject":"我"}}，"point_tag":...）: Extra data: line 1 column 108 (char 107)
2026-03-23 15:49:46,377 - ERROR - CaseID: 2292
函数数量不匹配：预期0个，规划1个
2026-03-23 15:49:46,377 - WARNING - 单行JSON解析失败（原始字符串：{"name":"vla_control","arguments":{"action":"park","point_desc":{"parking_space":"车位"}},"position":"...）: Extra data: line 1 column 104 (char 103)
2026-03-23 15:49:46,377 - ERROR - CaseID: 2293
函数数量不匹配：预期0个，规划1个
2026-03-23 15:49:46,377 - WARNING - 单行JSON解析失败（原始字符串：{"name":"vla_control","arguments":{"action":"park","point_desc":{"parking_space":"车位"}},"position":"...）: Extra data: line 1 column 104 (char 103)
2026-03-23 15:49:46,377 - ERROR - CaseID: 2294
函数数量不匹配：预期0个，规划1个
2026-03-23 15:49:46,377 - WARNING - 单行JSON解析失败（原始字符串：{"name":"vla_control","arguments":{"action":"park","point_desc":{"parking_space":"车位"}},"position":"...）: Extra data: line 1 column 104 (char 103)
2026-03-23 15:49:46,377 - ERROR - CaseID: 2295
函数数量不匹配：预期0个，规划1个
2026-03-23 15:49:46,377 - WARNING - 单行JSON解析失败（原始字符串：{"name":"vla_control","arguments":{"action":"park","point_desc":{"parking_space":"车位"}},"position":"...）: Extra data: line 1 column 104 (char 103)
2026-03-23 15:49:46,377 - ERROR - CaseID: 2296
函数数量不匹配：预期0个，规划1个
2026-03-23 15:49:46,377 - WARNING - 单行JSON解析失败（原始字符串：{"name":"vla_control","arguments":{"action":"park","point_desc":{"parking_space":"车位"}},"position":"...）: Extra data: line 1 column 104 (char 103)
2026-03-23 15:49:46,377 - ERROR - CaseID: 2297
函数数量不匹配：预期0个，规划1个
2026-03-23 15:49:46,377 - WARNING - 单行JSON解析失败（原始字符串：{"name":"vla_control","arguments":{"action":"park","point_desc":{"parking_space":"车位"}},"position":"...）: Extra data: line 1 column 104 (char 103)
2026-03-23 15:49:46,377 - ERROR - CaseID: 2298
函数数量不匹配：预期0个，规划1个
2026-03-23 15:49:46,377 - WARNING - 单行JSON解析失败（原始字符串：{"name":"vla_control","arguments":{"action":"park","point_desc":{"parking_space":"车位"}},"position":"...）: Extra data: line 1 column 104 (char 103)
2026-03-23 15:49:46,377 - ERROR - CaseID: 2299
函数数量不匹配：预期0个，规划1个
2026-03-23 15:49:46,377 - WARNING - 单行JSON解析失败（原始字符串：{"name":"vla_control","arguments":{"action":"park","point_desc":{"parking_space":"车位"}},"position":"...）: Extra data: line 1 column 104 (char 103)
2026-03-23 15:49:46,377 - ERROR - CaseID: 2300
函数数量不匹配：预期0个，规划1个
2026-03-23 15:49:46,378 - WARNING - 单行JSON解析失败（原始字符串：{"name":"vla_control","arguments":{"action":"park","point_desc":{"parking_space":"车位"}},"position":"...）: Extra data: line 1 column 104 (char 103)
2026-03-23 15:49:46,378 - ERROR - CaseID: 2301
函数数量不匹配：预期0个，规划1个
2026-03-23 15:49:46,378 - WARNING - 单行JSON解析失败（原始字符串：{"name":"vla_control","arguments":{"action":"park","point_desc":{"parking_space":"车位"}},"position":"...）: Extra data: line 1 column 104 (char 103)
2026-03-23 15:49:46,378 - ERROR - CaseID: 2302
函数数量不匹配：预期0个，规划1个
2026-03-23 15:49:46,378 - WARNING - 单行JSON解析失败（原始字符串：{"name":"vla_control","arguments":{"action":"park","point_desc":{"parking_space":"车位"}},"position":"...）: Extra data: line 1 column 104 (char 103)
2026-03-23 15:49:46,378 - ERROR - CaseID: 2303
函数数量不匹配：预期0个，规划1个
2026-03-23 15:49:46,378 - WARNING - 单行JSON解析失败（原始字符串：{"name":"vla_control","arguments":{"action":"park","point_desc":{"parking_space":"车位"}},"position":"...）: Extra data: line 1 column 104 (char 103)
2026-03-23 15:49:46,378 - ERROR - CaseID: 2304
函数数量不匹配：预期0个，规划1个
2026-03-23 15:49:46,378 - WARNING - 单行JSON解析失败（原始字符串：{"name":"vla_control","arguments":{"action":"park","point_desc":{"parking_space":"车位"}},"position":"...）: Extra data: line 1 column 105 (char 104)
2026-03-23 15:49:46,378 - ERROR - CaseID: 2305
函数数量不匹配：预期0个，规划1个
2026-03-23 15:49:46,378 - WARNING - 单行JSON解析失败（原始字符串：{"name":"vla_control","arguments":{"action":"park","point_desc":{"parking_space":"车位"}},"position":"...）: Extra data: line 1 column 105 (char 104)
2026-03-23 15:49:46,378 - ERROR - CaseID: 2306
函数数量不匹配：预期0个，规划1个
2026-03-23 15:49:46,378 - WARNING - 单行JSON解析失败（原始字符串：{"name":"vla_control","arguments":{"action":"park","point_desc":{"parking_space":"车位"}},"position":"...）: Extra data: line 1 column 105 (char 104)
2026-03-23 15:49:46,378 - ERROR - CaseID: 2307
函数数量不匹配：预期0个，规划1个
2026-03-23 15:49:46,378 - WARNING - 单行JSON解析失败（原始字符串：{"name":"vla_control","arguments":{"action":"park","point_desc":{"parking_space":"车位"}},"position":"...）: Extra data: line 1 column 105 (char 104)
2026-03-23 15:49:46,378 - ERROR - CaseID: 2308
函数数量不匹配：预期0个，规划1个
2026-03-23 15:49:46,378 - WARNING - 单行JSON解析失败（原始字符串：{"name":"vla_control","arguments":{"action":"park","point_desc":{"parking_space":"车位"}},"position":"...）: Extra data: line 1 column 104 (char 103)
2026-03-23 15:49:46,378 - ERROR - CaseID: 2309
函数数量不匹配：预期0个，规划1个
2026-03-23 15:49:46,379 - WARNING - 单行JSON解析失败（原始字符串：{"name":"vla_control","arguments":{"action":"park","point_desc":{"parking_space":"车位"}},"position":"...）: Extra data: line 1 column 104 (char 103)
2026-03-23 15:49:46,379 - ERROR - CaseID: 2310
函数数量不匹配：预期0个，规划1个
2026-03-23 15:49:46,379 - WARNING - 单行JSON解析失败（原始字符串：{"name":"vla_control","arguments":{"action":"park","point_desc":{"parking_space":"车位"}},"position":"...）: Extra data: line 1 column 104 (char 103)
2026-03-23 15:49:46,379 - ERROR - CaseID: 2311
函数数量不匹配：预期0个，规划1个
2026-03-23 15:49:46,379 - WARNING - 单行JSON解析失败（原始字符串：{"name":"vla_control","arguments":{"action":"park","point_desc":{"parking_space":"车位"}},"position":"...）: Extra data: line 1 column 104 (char 103)
2026-03-23 15:49:46,379 - ERROR - CaseID: 2312
函数数量不匹配：预期0个，规划1个
2026-03-23 15:49:46,380 - ERROR - CaseID: 2337
规划列缺少以下函数：
  名称: vla_control, 参数: {"action": "park_in", "position": "\u53f3"}
规划列多出以下函数：
  名称: vla_control, 参数: {"action": "park_in", "position": "\u53f3\u8fb9"}
2026-03-23 15:49:46,382 - WARNING - 单行JSON解析失败（原始字符串：{"name":"vla_control","arguments":{"action":"park","position":"左","point_desc":{"parking_space":"车位"...）: Extra data: line 1 column 104 (char 103)
2026-03-23 15:49:46,382 - ERROR - CaseID: 2353
函数数量不匹配：预期0个，规划1个
2026-03-23 15:49:46,383 - WARNING - 单行JSON解析失败（原始字符串：{"name":"vla_control","arguments":{"action":"park","position":"右","point_desc":{"parking_space":"车位"...）: Extra data: line 1 column 104 (char 103)
2026-03-23 15:49:46,383 - ERROR - CaseID: 2354
函数数量不匹配：预期0个，规划1个
2026-03-23 15:49:46,383 - WARNING - 单行JSON解析失败（原始字符串：{"name":"vla_control","arguments":{"action":"park","position":"左","point_desc":{"parking_space":"车位"...）: Extra data: line 1 column 104 (char 103)
2026-03-23 15:49:46,383 - ERROR - CaseID: 2355
函数数量不匹配：预期0个，规划1个
2026-03-23 15:49:46,383 - WARNING - 单行JSON解析失败（原始字符串：{"name":"vla_control","arguments":{"action":"park","position":"右","point_desc":{"parking_space":"车位"...）: Extra data: line 1 column 104 (char 103)
2026-03-23 15:49:46,383 - ERROR - CaseID: 2356
函数数量不匹配：预期0个，规划1个
2026-03-23 15:49:46,383 - WARNING - 单行JSON解析失败（原始字符串：{"name":"vla_control","arguments":{"action":"park","position":"右后","point_desc":{"parking_space":"车位...）: Extra data: line 1 column 105 (char 104)
2026-03-23 15:49:46,383 - ERROR - CaseID: 2357
函数数量不匹配：预期0个，规划1个
2026-03-23 15:49:46,383 - WARNING - 单行JSON解析失败（原始字符串：{"name":"vla_control","arguments":{"action":"park","position":"后","point_desc":{"parking_space":"车位"...）: Extra data: line 1 column 104 (char 103)
2026-03-23 15:49:46,383 - ERROR - CaseID: 2358
函数数量不匹配：预期0个，规划1个
2026-03-23 15:49:46,383 - WARNING - 单行JSON解析失败（原始字符串：{"name":"vla_control","arguments":{"action":"park","position":"左后","point_desc":{"parking_space":"车位...）: Extra data: line 1 column 105 (char 104)
2026-03-23 15:49:46,383 - ERROR - CaseID: 2359
函数数量不匹配：预期0个，规划1个
2026-03-23 15:49:46,383 - WARNING - 单行JSON解析失败（原始字符串：{"name":"vla_control","arguments":{"action":"park","position":"右前","point_desc":{"parking_space":"车位...）: Extra data: line 1 column 105 (char 104)
2026-03-23 15:49:46,383 - ERROR - CaseID: 2360
函数数量不匹配：预期0个，规划1个
2026-03-23 15:49:46,383 - WARNING - 单行JSON解析失败（原始字符串：{"name":"vla_control","arguments":{"action":"park","position":"左","point_desc":{"parking_space":"车位"...）: Extra data: line 1 column 104 (char 103)
2026-03-23 15:49:46,383 - ERROR - CaseID: 2361
函数数量不匹配：预期0个，规划1个
2026-03-23 15:49:46,384 - WARNING - 单行JSON解析失败（原始字符串：{"name":"vla_control","arguments":{"action":"park","position":"右","point_desc":{"parking_space":"车位"...）: Extra data: line 1 column 104 (char 103)
2026-03-23 15:49:46,384 - ERROR - CaseID: 2362
函数数量不匹配：预期0个，规划1个
2026-03-23 15:49:46,384 - WARNING - 单行JSON解析失败（原始字符串：{"name":"vla_control","arguments":{"action":"park","position":"前","point_desc":{"parking_space":"车位"...）: Extra data: line 1 column 104 (char 103)
2026-03-23 15:49:46,384 - ERROR - CaseID: 2363
函数数量不匹配：预期0个，规划1个
2026-03-23 15:49:46,384 - WARNING - 单行JSON解析失败（原始字符串：{"name":"vla_control","arguments":{"action":"park","position":"后","point_desc":{"parking_space":"车位"...）: Extra data: line 1 column 104 (char 103)
2026-03-23 15:49:46,384 - ERROR - CaseID: 2364
函数数量不匹配：预期0个，规划1个
2026-03-23 15:49:46,384 - WARNING - 单行JSON解析失败（原始字符串：{"name":"vla_control","arguments":{"action":"park","position":"左前","point_desc":{"parking_space":"车位...）: Extra data: line 1 column 105 (char 104)
2026-03-23 15:49:46,384 - ERROR - CaseID: 2365
函数数量不匹配：预期0个，规划1个
2026-03-23 15:49:46,384 - WARNING - 单行JSON解析失败（原始字符串：{"name":"vla_control","arguments":{"action":"park","position":"右后","point_desc":{"parking_space":"车位...）: Extra data: line 1 column 105 (char 104)
2026-03-23 15:49:46,384 - ERROR - CaseID: 2366
函数数量不匹配：预期0个，规划1个
2026-03-23 15:49:46,384 - WARNING - 单行JSON解析失败（原始字符串：{"name":"vla_control","arguments":{"action":"park","position":"左后","point_desc":{"parking_space":"车位...）: Extra data: line 1 column 105 (char 104)
2026-03-23 15:49:46,384 - ERROR - CaseID: 2367
函数数量不匹配：预期0个，规划1个
2026-03-23 15:49:46,384 - WARNING - 单行JSON解析失败（原始字符串：{"name":"vla_control","arguments":{"action":"park","position":"右前","point_desc":{"parking_space":"车位...）: Extra data: line 1 column 105 (char 104)
2026-03-23 15:49:46,384 - ERROR - CaseID: 2368
函数数量不匹配：预期0个，规划1个
2026-03-23 15:49:46,384 - WARNING - 单行JSON解析失败（原始字符串：{"name":"vla_control","arguments":{"action":"park","position":"前","point_desc":{"parking_space":"车位"...）: Extra data: line 1 column 104 (char 103)
2026-03-23 15:49:46,384 - ERROR - CaseID: 2369
函数数量不匹配：预期0个，规划1个
2026-03-23 15:49:46,384 - WARNING - 单行JSON解析失败（原始字符串：{"name":"vla_control","arguments":{"action":"park","position":"左","point_desc":{"parking_space":"车位"...）: Extra data: line 1 column 104 (char 103)
2026-03-23 15:49:46,384 - ERROR - CaseID: 2370
函数数量不匹配：预期0个，规划1个
2026-03-23 15:49:46,384 - WARNING - 单行JSON解析失败（原始字符串：{"name":"vla_control","arguments":{"action":"park","position":"右","point_desc":{"parking_space":"车位"...）: Extra data: line 1 column 104 (char 103)
2026-03-23 15:49:46,385 - ERROR - CaseID: 2371
函数数量不匹配：预期0个，规划1个
2026-03-23 15:49:46,385 - WARNING - 单行JSON解析失败（原始字符串：{"name":"vla_control","arguments":{"action":"park","position":"后","point_desc":{"parking_space":"车位"...）: Extra data: line 1 column 104 (char 103)
2026-03-23 15:49:46,385 - ERROR - CaseID: 2372
函数数量不匹配：预期0个，规划1个
2026-03-23 15:49:46,385 - WARNING - 单行JSON解析失败（原始字符串：{"name":"vla_control","arguments":{"action":"park","point_desc":{"position":"中"}},"position":"右"}}...）: Extra data: line 1 column 98 (char 97)
2026-03-23 15:49:46,385 - ERROR - CaseID: 2373
函数数量不匹配：预期0个，规划1个
2026-03-23 15:49:46,385 - WARNING - 单行JSON解析失败（原始字符串：{"name":"vla_control","arguments":{"action":"park","point_desc":{"position":"靠左"}},"position":"左"}}...）: Extra data: line 1 column 99 (char 98)
2026-03-23 15:49:46,385 - ERROR - CaseID: 2374
函数数量不匹配：预期0个，规划1个
2026-03-23 15:49:46,385 - WARNING - 单行JSON解析失败（原始字符串：{"name":"vla_control","arguments":{"action":"park","point_desc":{"position":"靠右"}},"position":"右"}}...）: Extra data: line 1 column 99 (char 98)
2026-03-23 15:49:46,385 - ERROR - CaseID: 2375
函数数量不匹配：预期0个，规划1个
2026-03-23 15:49:46,385 - WARNING - 单行JSON解析失败（原始字符串：{"name":"vla_control","arguments":{"action":"park","point_desc":{"position":"中"}},"position":"左"}}...）: Extra data: line 1 column 98 (char 97)
2026-03-23 15:49:46,385 - ERROR - CaseID: 2376
函数数量不匹配：预期0个，规划1个
2026-03-23 15:49:46,385 - WARNING - 单行JSON解析失败（原始字符串：{"name":"vla_control","arguments":{"action":"park","point_desc":{"position":"靠左"}},"position":"左"}}...）: Extra data: line 1 column 99 (char 98)
2026-03-23 15:49:46,385 - ERROR - CaseID: 2377
函数数量不匹配：预期0个，规划1个
2026-03-23 15:49:46,385 - WARNING - 单行JSON解析失败（原始字符串：{"name":"vla_control","arguments":{"action":"park","point_desc":{"position":"靠左"}},"position":"右"}}...）: Extra data: line 1 column 99 (char 98)
2026-03-23 15:49:46,385 - ERROR - CaseID: 2378
函数数量不匹配：预期0个，规划1个
2026-03-23 15:49:46,385 - WARNING - 单行JSON解析失败（原始字符串：{"name":"vla_control","arguments":{"action":"park","point_desc":{"position":"靠右"}},"position":"右"}}...）: Extra data: line 1 column 99 (char 98)
2026-03-23 15:49:46,385 - ERROR - CaseID: 2379
函数数量不匹配：预期0个，规划1个
2026-03-23 15:49:46,385 - WARNING - 单行JSON解析失败（原始字符串：{"name":"vla_control","arguments":{"action":"park","point_desc":{"position":"中"}},"position":"右"}}...）: Extra data: line 1 column 98 (char 97)
2026-03-23 15:49:46,386 - ERROR - CaseID: 2380
函数数量不匹配：预期0个，规划1个
2026-03-23 15:49:46,386 - WARNING - 单行JSON解析失败（原始字符串：{"name":"vla_control","arguments":{"action":"park","point_desc":{"position":"靠右"}},"position":"前"}}...）: Extra data: line 1 column 99 (char 98)
2026-03-23 15:49:46,386 - ERROR - CaseID: 2381
函数数量不匹配：预期0个，规划1个
2026-03-23 15:49:46,386 - WARNING - 单行JSON解析失败（原始字符串：{"name":"vla_control","arguments":{"action":"park","point_desc":{"position":"中"}},"position":"前"}}...）: Extra data: line 1 column 98 (char 97)
2026-03-23 15:49:46,386 - ERROR - CaseID: 2382
函数数量不匹配：预期0个，规划1个
2026-03-23 15:49:46,386 - WARNING - 单行JSON解析失败（原始字符串：{"name":"vla_control","arguments":{"action":"park","point_desc":{"position":"靠右"}},"position":"左前"}}...）: Extra data: line 1 column 100 (char 99)
2026-03-23 15:49:46,386 - ERROR - CaseID: 2383
函数数量不匹配：预期0个，规划1个
2026-03-23 15:49:46,386 - WARNING - 单行JSON解析失败（原始字符串：{"name":"vla_control","arguments":{"action":"park","point_desc":{"position":"靠右"}},"position":"右前"}}...）: Extra data: line 1 column 100 (char 99)
2026-03-23 15:49:46,386 - ERROR - CaseID: 2384
函数数量不匹配：预期0个，规划1个
2026-03-23 15:49:46,386 - WARNING - 单行JSON解析失败（原始字符串：{"name":"vla_control","arguments":{"action":"park","point_desc":{"position":"靠左"}},"position":"左前"}}...）: Extra data: line 1 column 100 (char 99)
2026-03-23 15:49:46,386 - ERROR - CaseID: 2385
函数数量不匹配：预期0个，规划1个
2026-03-23 15:49:46,386 - WARNING - 单行JSON解析失败（原始字符串：{"name":"vla_control","arguments":{"action":"park","point_desc":{"position":"靠左"}},"position":"右前"}}...）: Extra data: line 1 column 100 (char 99)
2026-03-23 15:49:46,386 - ERROR - CaseID: 2386
函数数量不匹配：预期0个，规划1个
2026-03-23 15:49:46,386 - WARNING - 单行JSON解析失败（原始字符串：{"name":"vla_control","arguments":{"action":"park","point_desc":{"position":"靠左"}},"position":"左"}}...）: Extra data: line 1 column 99 (char 98)
2026-03-23 15:49:46,386 - ERROR - CaseID: 2387
函数数量不匹配：预期0个，规划1个
2026-03-23 15:49:46,386 - WARNING - 单行JSON解析失败（原始字符串：{"name":"vla_control","arguments":{"action":"park","point_desc":{"position":"靠左"}},"position":"右"}}...）: Extra data: line 1 column 99 (char 98)
2026-03-23 15:49:46,386 - ERROR - CaseID: 2388
函数数量不匹配：预期0个，规划1个
2026-03-23 15:49:46,387 - WARNING - 单行JSON解析失败（原始字符串：{"name":"vla_control","arguments":{"action":"park","point_desc":{"position":"靠右"}},"position":"右"}}...）: Extra data: line 1 column 99 (char 98)
2026-03-23 15:49:46,387 - ERROR - CaseID: 2389
函数数量不匹配：预期0个，规划1个
2026-03-23 15:49:46,387 - WARNING - 单行JSON解析失败（原始字符串：{"name":"vla_control","arguments":{"action":"park","point_desc":{"position":"中"}},"position":"右"}}...）: Extra data: line 1 column 98 (char 97)
2026-03-23 15:49:46,387 - ERROR - CaseID: 2390
函数数量不匹配：预期0个，规划1个
2026-03-23 15:49:46,387 - WARNING - 单行JSON解析失败（原始字符串：{"name":"vla_control","arguments":{"action":"park","point_desc":{"position":"中"}},"position":"左"}}...）: Extra data: line 1 column 98 (char 97)
2026-03-23 15:49:46,387 - ERROR - CaseID: 2391
函数数量不匹配：预期0个，规划1个
2026-03-23 15:49:46,387 - WARNING - 单行JSON解析失败（原始字符串：{"name":"vla_control","arguments":{"action":"park","point_desc":{"position":"中"}},"position":"右"}}...）: Extra data: line 1 column 98 (char 97)
2026-03-23 15:49:46,387 - ERROR - CaseID: 2392
函数数量不匹配：预期0个，规划1个
2026-03-23 15:49:46,387 - WARNING - 单行JSON解析失败（原始字符串：{"name":"vla_control","arguments":{"action":"park_in","point_desc":{"parking_space":"车位","position":...）: Extra data: line 1 column 122 (char 121)
2026-03-23 15:49:46,387 - ERROR - CaseID: 2393
函数数量不匹配：预期0个，规划1个
2026-03-23 15:49:46,387 - WARNING - 单行JSON解析失败（原始字符串：{"name":"vla_control","arguments":{"action":"park_in","point_desc":{"parking_space":"车位","position":...）: Extra data: line 1 column 123 (char 122)
2026-03-23 15:49:46,387 - ERROR - CaseID: 2394
函数数量不匹配：预期0个，规划1个
2026-03-23 15:49:46,387 - WARNING - 单行JSON解析失败（原始字符串：{"name":"vla_control","arguments":{"action":"park_in","point_desc":{"parking_space":"车位","position":...）: Extra data: line 1 column 123 (char 122)
2026-03-23 15:49:46,387 - ERROR - CaseID: 2395
函数数量不匹配：预期0个，规划1个
2026-03-23 15:49:46,387 - WARNING - 单行JSON解析失败（原始字符串：{"name":"vla_control","arguments":{"action":"park_in","point_desc":{"parking_space":"车位","position":...）: Extra data: line 1 column 123 (char 122)
2026-03-23 15:49:46,387 - ERROR - CaseID: 2396
函数数量不匹配：预期0个，规划1个
2026-03-23 15:49:46,387 - WARNING - 单行JSON解析失败（原始字符串：{"name":"vla_control","arguments":{"action":"park_in","point_desc":{"parking_space":"车位","position":...）: Extra data: line 1 column 123 (char 122)
2026-03-23 15:49:46,387 - ERROR - CaseID: 2397
函数数量不匹配：预期0个，规划1个
2026-03-23 15:49:46,388 - WARNING - 单行JSON解析失败（原始字符串：{"name":"vla_control","arguments":{"action":"park_in","point_desc":{"parking_space":"车位","position":...）: Extra data: line 1 column 123 (char 122)
2026-03-23 15:49:46,388 - ERROR - CaseID: 2398
函数数量不匹配：预期0个，规划1个
2026-03-23 15:49:46,388 - WARNING - 单行JSON解析失败（原始字符串：{"name":"vla_control","arguments":{"action":"park_in","point_desc":{"parking_space":"车位","position":...）: Extra data: line 1 column 123 (char 122)
2026-03-23 15:49:46,388 - ERROR - CaseID: 2399
函数数量不匹配：预期0个，规划1个
2026-03-23 15:49:46,388 - WARNING - 单行JSON解析失败（原始字符串：{"name":"vla_control","arguments":{"action":"park_in","point_desc":{"parking_space":"车位","position":...）: Extra data: line 1 column 123 (char 122)
2026-03-23 15:49:46,388 - ERROR - CaseID: 2400
函数数量不匹配：预期0个，规划1个
2026-03-23 15:49:46,388 - WARNING - 单行JSON解析失败（原始字符串：{"name":"vla_control","arguments":{"action":"park_in","point_desc":{"parking_space":"车位","position":...）: Extra data: line 1 column 122 (char 121)
2026-03-23 15:49:46,388 - ERROR - CaseID: 2401
函数数量不匹配：预期0个，规划1个
2026-03-23 15:49:46,388 - WARNING - 单行JSON解析失败（原始字符串：{"name":"vla_control","arguments":{"action":"park_in","point_desc":{"parking_space":"车位","position":...）: Extra data: line 1 column 122 (char 121)
2026-03-23 15:49:46,388 - ERROR - CaseID: 2402
函数数量不匹配：预期0个，规划1个
2026-03-23 15:49:46,388 - WARNING - 单行JSON解析失败（原始字符串：{"name":"vla_control","arguments":{"action":"park_in","point_desc":{"parking_space":"车位","position":...）: Extra data: line 1 column 123 (char 122)
2026-03-23 15:49:46,388 - ERROR - CaseID: 2403
函数数量不匹配：预期0个，规划1个
2026-03-23 15:49:46,388 - WARNING - 单行JSON解析失败（原始字符串：{"name":"vla_control","arguments":{"action":"park_in","point_desc":{"parking_space":"车位","position":...）: Extra data: line 1 column 123 (char 122)
2026-03-23 15:49:46,388 - ERROR - CaseID: 2404
函数数量不匹配：预期0个，规划1个
2026-03-23 15:49:46,388 - WARNING - 单行JSON解析失败（原始字符串：{"name":"vla_control","arguments":{"action":"park_in","point_desc":{"parking_space":"车位","position":...）: Extra data: line 1 column 123 (char 122)
2026-03-23 15:49:46,388 - ERROR - CaseID: 2405
函数数量不匹配：预期0个，规划1个
2026-03-23 15:49:46,388 - WARNING - 单行JSON解析失败（原始字符串：{"name":"vla_control","arguments":{"action":"park_in","point_desc":{"parking_space":"车位","position":...）: Extra data: line 1 column 123 (char 122)
2026-03-23 15:49:46,388 - ERROR - CaseID: 2406
函数数量不匹配：预期0个，规划1个
2026-03-23 15:49:46,389 - WARNING - 单行JSON解析失败（原始字符串：{"name":"vla_control","arguments":{"action":"park_in","point_desc":{"parking_space":"车位","position":...）: Extra data: line 1 column 123 (char 122)
2026-03-23 15:49:46,389 - ERROR - CaseID: 2407
函数数量不匹配：预期0个，规划1个
2026-03-23 15:49:46,389 - WARNING - 单行JSON解析失败（原始字符串：{"name":"vla_control","arguments":{"action":"park_in","point_desc":{"parking_space":"车位","position":...）: Extra data: line 1 column 122 (char 121)
2026-03-23 15:49:46,389 - ERROR - CaseID: 2408
函数数量不匹配：预期0个，规划1个
2026-03-23 15:49:46,389 - WARNING - 单行JSON解析失败（原始字符串：{"name":"vla_control","arguments":{"action":"park_in","point_desc":{"parking_space":"车位","position":...）: Extra data: line 1 column 123 (char 122)
2026-03-23 15:49:46,389 - ERROR - CaseID: 2409
函数数量不匹配：预期0个，规划1个
2026-03-23 15:49:46,389 - WARNING - 单行JSON解析失败（原始字符串：{"name":"vla_control","arguments":{"action":"park_in","point_desc":{"parking_space":"车位","position":...）: Extra data: line 1 column 123 (char 122)
2026-03-23 15:49:46,389 - ERROR - CaseID: 2410
函数数量不匹配：预期0个，规划1个
2026-03-23 15:49:46,389 - WARNING - 单行JSON解析失败（原始字符串：{"name":"vla_control","arguments":{"action":"park_in","point_desc":{"parking_space":"车位","position":...）: Extra data: line 1 column 123 (char 122)
2026-03-23 15:49:46,389 - ERROR - CaseID: 2411
函数数量不匹配：预期0个，规划1个
2026-03-23 15:49:46,389 - WARNING - 单行JSON解析失败（原始字符串：{"name":"vla_control","arguments":{"action":"park_in","point_desc":{"parking_space":"车位","position":...）: Extra data: line 1 column 122 (char 121)
2026-03-23 15:49:46,389 - ERROR - CaseID: 2412
函数数量不匹配：预期0个，规划1个
2026-03-23 15:49:46,389 - WARNING - 单行JSON解析失败（原始字符串：{"name":"vla_control","arguments":{"action":"navigate","point_desc":{"parking_space":"车位","position"...）: Extra data: line 1 column 123 (char 122)
2026-03-23 15:49:46,389 - ERROR - CaseID: 2413
函数数量不匹配：预期0个，规划1个
2026-03-23 15:49:46,389 - WARNING - 单行JSON解析失败（原始字符串：{"name":"vla_control","arguments":{"action":"navigate","point_desc":{"parking_space":"车位","position"...）: Extra data: line 1 column 124 (char 123)
2026-03-23 15:49:46,389 - ERROR - CaseID: 2414
函数数量不匹配：预期0个，规划1个
2026-03-23 15:49:46,389 - WARNING - 单行JSON解析失败（原始字符串：{"name":"vla_control","arguments":{"action":"navigate","point_desc":{"parking_space":"车位","position"...）: Extra data: line 1 column 124 (char 123)
2026-03-23 15:49:46,389 - ERROR - CaseID: 2415
函数数量不匹配：预期0个，规划1个
2026-03-23 15:49:46,390 - WARNING - 单行JSON解析失败（原始字符串：{"name":"vla_control","arguments":{"action":"navigate","point_desc":{"parking_space":"车位","position"...）: Extra data: line 1 column 124 (char 123)
2026-03-23 15:49:46,390 - ERROR - CaseID: 2416
函数数量不匹配：预期0个，规划1个
2026-03-23 15:49:46,390 - WARNING - 单行JSON解析失败（原始字符串：{"name":"vla_control","arguments":{"action":"navigate","point_desc":{"parking_space":"车位","position"...）: Extra data: line 1 column 124 (char 123)
2026-03-23 15:49:46,390 - ERROR - CaseID: 2417
函数数量不匹配：预期0个，规划1个
2026-03-23 15:49:46,390 - WARNING - 单行JSON解析失败（原始字符串：{"name":"vla_control","arguments":{"action":"navigate","point_desc":{"parking_space":"车位","position"...）: Extra data: line 1 column 125 (char 124)
2026-03-23 15:49:46,390 - ERROR - CaseID: 2418
函数数量不匹配：预期0个，规划1个
2026-03-23 15:49:46,390 - WARNING - 单行JSON解析失败（原始字符串：{"name":"vla_control","arguments":{"action":"navigate","point_desc":{"parking_space":"车位","position"...）: Extra data: line 1 column 124 (char 123)
2026-03-23 15:49:46,390 - ERROR - CaseID: 2419
函数数量不匹配：预期0个，规划1个
2026-03-23 15:49:46,390 - WARNING - 单行JSON解析失败（原始字符串：{"name":"vla_control","arguments":{"action":"navigate","point_desc":{"parking_space":"车位","position"...）: Extra data: line 1 column 124 (char 123)
2026-03-23 15:49:46,390 - ERROR - CaseID: 2420
函数数量不匹配：预期0个，规划1个
2026-03-23 15:49:46,390 - WARNING - 单行JSON解析失败（原始字符串：{"name":"vla_control","arguments":{"action":"navigate","point_desc":{"parking_space":"车位","position"...）: Extra data: line 1 column 124 (char 123)
2026-03-23 15:49:46,390 - ERROR - CaseID: 2421
函数数量不匹配：预期0个，规划1个
2026-03-23 15:49:46,390 - WARNING - 单行JSON解析失败（原始字符串：{"name":"vla_control","arguments":{"action":"navigate","point_desc":{"parking_space":"车位","position"...）: Extra data: line 1 column 123 (char 122)
2026-03-23 15:49:46,390 - ERROR - CaseID: 2422
函数数量不匹配：预期0个，规划1个
2026-03-23 15:49:46,390 - WARNING - 单行JSON解析失败（原始字符串：{"name":"vla_control","arguments":{"action":"navigate","point_desc":{"parking_space":"车位","position"...）: Extra data: line 1 column 123 (char 122)
2026-03-23 15:49:46,390 - ERROR - CaseID: 2423
函数数量不匹配：预期0个，规划1个
2026-03-23 15:49:46,390 - WARNING - 单行JSON解析失败（原始字符串：{"name":"vla_control","arguments":{"action":"navigate","point_desc":{"parking_space":"车位","position"...）: Extra data: line 1 column 125 (char 124)
2026-03-23 15:49:46,390 - ERROR - CaseID: 2424
函数数量不匹配：预期0个，规划1个
2026-03-23 15:49:46,390 - WARNING - 单行JSON解析失败（原始字符串：{"name":"vla_control","arguments":{"action":"navigate","point_desc":{"parking_space":"车位","position"...）: Extra data: line 1 column 124 (char 123)
2026-03-23 15:49:46,391 - ERROR - CaseID: 2425
函数数量不匹配：预期0个，规划1个
2026-03-23 15:49:46,391 - WARNING - 单行JSON解析失败（原始字符串：{"name":"vla_control","arguments":{"action":"navigate","point_desc":{"parking_space":"车位","position"...）: Extra data: line 1 column 123 (char 122)
2026-03-23 15:49:46,391 - ERROR - CaseID: 2426
函数数量不匹配：预期0个，规划1个
2026-03-23 15:49:46,391 - WARNING - 单行JSON解析失败（原始字符串：{"name":"vla_control","arguments":{"action":"navigate","point_desc":{"parking_space":"车位","position"...）: Extra data: line 1 column 124 (char 123)
2026-03-23 15:49:46,391 - ERROR - CaseID: 2427
函数数量不匹配：预期0个，规划1个
2026-03-23 15:49:46,391 - WARNING - 单行JSON解析失败（原始字符串：{"name":"vla_control","arguments":{"action":"navigate","point_desc":{"parking_space":"车位","position"...）: Extra data: line 1 column 124 (char 123)
2026-03-23 15:49:46,391 - ERROR - CaseID: 2428
函数数量不匹配：预期0个，规划1个
2026-03-23 15:49:46,391 - WARNING - 单行JSON解析失败（原始字符串：{"name":"vla_control","arguments":{"action":"navigate","point_desc":{"parking_space":"车位","position"...）: Extra data: line 1 column 124 (char 123)
2026-03-23 15:49:46,391 - ERROR - CaseID: 2429
函数数量不匹配：预期0个，规划1个
2026-03-23 15:49:46,391 - WARNING - 单行JSON解析失败（原始字符串：{"name":"vla_control","arguments":{"action":"navigate","point_desc":{"parking_space":"车位","position"...）: Extra data: line 1 column 124 (char 123)
2026-03-23 15:49:46,391 - ERROR - CaseID: 2430
函数数量不匹配：预期0个，规划1个
2026-03-23 15:49:46,391 - WARNING - 单行JSON解析失败（原始字符串：{"name":"vla_control","arguments":{"action":"navigate","point_desc":{"parking_space":"车位","position"...）: Extra data: line 1 column 124 (char 123)
2026-03-23 15:49:46,391 - ERROR - CaseID: 2431
函数数量不匹配：预期0个，规划1个
2026-03-23 15:49:46,391 - WARNING - 单行JSON解析失败（原始字符串：{"name":"vla_control","arguments":{"action":"navigate","point_desc":{"parking_space":"车位","position"...）: Extra data: line 1 column 124 (char 123)
2026-03-23 15:49:46,391 - ERROR - CaseID: 2432
函数数量不匹配：预期0个，规划1个
2026-03-23 15:49:46,391 - WARNING - 单行JSON解析失败（原始字符串：{"name":"vla_control","arguments":{"action":"park_in","position":"左","point_desc":{"parking_space":"...）: Extra data: line 1 column 107 (char 106)
2026-03-23 15:49:46,391 - ERROR - CaseID: 2433
函数数量不匹配：预期0个，规划1个
2026-03-23 15:49:46,391 - WARNING - 单行JSON解析失败（原始字符串：{"name":"vla_control","arguments":{"action":"park_in","position":"左","point_desc":{"parking_space":"...）: Extra data: line 1 column 107 (char 106)
2026-03-23 15:49:46,392 - ERROR - CaseID: 2434
函数数量不匹配：预期0个，规划1个
2026-03-23 15:49:46,392 - WARNING - 单行JSON解析失败（原始字符串：{"name":"vla_control","arguments":{"action":"park_in","position":"右","point_desc":{"parking_space":"...）: Extra data: line 1 column 107 (char 106)
2026-03-23 15:49:46,392 - ERROR - CaseID: 2435
函数数量不匹配：预期0个，规划1个
2026-03-23 15:49:46,392 - WARNING - 单行JSON解析失败（原始字符串：{"name":"vla_control","arguments":{"action":"park_in","position":"前","point_desc":{"parking_space":"...）: Extra data: line 1 column 107 (char 106)
2026-03-23 15:49:46,392 - ERROR - CaseID: 2436
函数数量不匹配：预期0个，规划1个
2026-03-23 15:49:46,392 - WARNING - 单行JSON解析失败（原始字符串：{"name":"vla_control","arguments":{"action":"park_in","position":"右前","point_desc":{"parking_space":...）: Extra data: line 1 column 108 (char 107)
2026-03-23 15:49:46,392 - ERROR - CaseID: 2437
函数数量不匹配：预期0个，规划1个
2026-03-23 15:49:46,392 - WARNING - 单行JSON解析失败（原始字符串：{"name":"vla_control","arguments":{"action":"park_in","position":"左后","point_desc":{"parking_space":...）: Extra data: line 1 column 108 (char 107)
2026-03-23 15:49:46,392 - ERROR - CaseID: 2438
函数数量不匹配：预期0个，规划1个
2026-03-23 15:49:46,392 - WARNING - 单行JSON解析失败（原始字符串：{"name":"vla_control","arguments":{"action":"park_in","position":"右","point_desc":{"parking_space":"...）: Extra data: line 1 column 107 (char 106)
2026-03-23 15:49:46,392 - ERROR - CaseID: 2439
函数数量不匹配：预期0个，规划1个
2026-03-23 15:49:46,392 - WARNING - 单行JSON解析失败（原始字符串：{"name":"vla_control","arguments":{"action":"park_in","position":"前","point_desc":{"parking_space":"...）: Extra data: line 1 column 107 (char 106)
2026-03-23 15:49:46,392 - ERROR - CaseID: 2440
函数数量不匹配：预期0个，规划1个
2026-03-23 15:49:46,392 - WARNING - 单行JSON解析失败（原始字符串：{"name":"vla_control","arguments":{"action":"park_in","position":"左前","point_desc":{"parking_space":...）: Extra data: line 1 column 108 (char 107)
2026-03-23 15:49:46,392 - ERROR - CaseID: 2441
函数数量不匹配：预期0个，规划1个
2026-03-23 15:49:46,392 - WARNING - 单行JSON解析失败（原始字符串：{"name":"vla_control","arguments":{"action":"park_in","position":"右后","point_desc":{"parking_space":...）: Extra data: line 1 column 108 (char 107)
2026-03-23 15:49:46,392 - ERROR - CaseID: 2442
函数数量不匹配：预期0个，规划1个
2026-03-23 15:49:46,392 - WARNING - 单行JSON解析失败（原始字符串：{"name":"vla_control","arguments":{"action":"park_in","position":"左","point_desc":{"parking_space":"...）: Extra data: line 1 column 107 (char 106)
2026-03-23 15:49:46,392 - ERROR - CaseID: 2443
函数数量不匹配：预期0个，规划1个
2026-03-23 15:49:46,393 - WARNING - 单行JSON解析失败（原始字符串：{"name":"vla_control","arguments":{"action":"park_in","position":"右","point_desc":{"parking_space":"...）: Extra data: line 1 column 107 (char 106)
2026-03-23 15:49:46,393 - ERROR - CaseID: 2444
函数数量不匹配：预期0个，规划1个
2026-03-23 15:49:46,393 - WARNING - 单行JSON解析失败（原始字符串：{"name":"vla_control","arguments":{"action":"park_in","position":"前","point_desc":{"parking_space":"...）: Extra data: line 1 column 107 (char 106)
2026-03-23 15:49:46,393 - ERROR - CaseID: 2445
函数数量不匹配：预期0个，规划1个
2026-03-23 15:49:46,393 - WARNING - 单行JSON解析失败（原始字符串：{"name":"vla_control","arguments":{"action":"park_in","position":"左后","point_desc":{"parking_space":...）: Extra data: line 1 column 108 (char 107)
2026-03-23 15:49:46,393 - ERROR - CaseID: 2446
函数数量不匹配：预期0个，规划1个
2026-03-23 15:49:46,393 - WARNING - 单行JSON解析失败（原始字符串：{"name":"vla_control","arguments":{"action":"park_in","position":"右前","point_desc":{"parking_space":...）: Extra data: line 1 column 108 (char 107)
2026-03-23 15:49:46,394 - ERROR - CaseID: 2447
函数数量不匹配：预期0个，规划1个
2026-03-23 15:49:46,394 - WARNING - 单行JSON解析失败（原始字符串：{"name":"vla_control","arguments":{"action":"park_in","position":"右","point_desc":{"parking_space":"...）: Extra data: line 1 column 107 (char 106)
2026-03-23 15:49:46,394 - ERROR - CaseID: 2448
函数数量不匹配：预期0个，规划1个
2026-03-23 15:49:46,394 - WARNING - 单行JSON解析失败（原始字符串：{"name":"vla_control","arguments":{"action":"park_in","position":"前","point_desc":{"parking_space":"...）: Extra data: line 1 column 107 (char 106)
2026-03-23 15:49:46,394 - ERROR - CaseID: 2449
函数数量不匹配：预期0个，规划1个
2026-03-23 15:49:46,394 - WARNING - 单行JSON解析失败（原始字符串：{"name":"vla_control","arguments":{"action":"park_in","position":"右后","point_desc":{"parking_space":...）: Extra data: line 1 column 108 (char 107)
2026-03-23 15:49:46,394 - ERROR - CaseID: 2450
函数数量不匹配：预期0个，规划1个
2026-03-23 15:49:46,394 - WARNING - 单行JSON解析失败（原始字符串：{"name":"vla_control","arguments":{"action":"park_in","position":"左前","point_desc":{"parking_space":...）: Extra data: line 1 column 108 (char 107)
2026-03-23 15:49:46,394 - ERROR - CaseID: 2451
函数数量不匹配：预期0个，规划1个
2026-03-23 15:49:46,395 - WARNING - 单行JSON解析失败（原始字符串：{"name":"vla_control","arguments":{"action":"park_in","position":"右","point_desc":{"parking_space":"...）: Extra data: line 1 column 107 (char 106)
2026-03-23 15:49:46,395 - ERROR - CaseID: 2452
函数数量不匹配：预期0个，规划1个
2026-03-23 15:49:46,395 - WARNING - 单行JSON解析失败（原始字符串：{"name":"vla_control","arguments":{"action":"navigate","position":"左","point_desc":{"parking_space":...）: Extra data: line 1 column 108 (char 107)
2026-03-23 15:49:46,395 - ERROR - CaseID: 2453
函数数量不匹配：预期0个，规划1个
2026-03-23 15:49:46,395 - WARNING - 单行JSON解析失败（原始字符串：{"name":"vla_control","arguments":{"action":"navigate","position":"右","point_desc":{"parking_space":...）: Extra data: line 1 column 108 (char 107)
2026-03-23 15:49:46,395 - ERROR - CaseID: 2454
函数数量不匹配：预期0个，规划1个
2026-03-23 15:49:46,395 - WARNING - 单行JSON解析失败（原始字符串：{"name":"vla_control","arguments":{"action":"navigate","position":"前","point_desc":{"parking_space":...）: Extra data: line 1 column 108 (char 107)
2026-03-23 15:49:46,395 - ERROR - CaseID: 2455
函数数量不匹配：预期0个，规划1个
2026-03-23 15:49:46,395 - WARNING - 单行JSON解析失败（原始字符串：{"name":"vla_control","arguments":{"action":"navigate","position":"左前","point_desc":{"parking_space"...）: Extra data: line 1 column 109 (char 108)
2026-03-23 15:49:46,395 - ERROR - CaseID: 2456
函数数量不匹配：预期0个，规划1个
2026-03-23 15:49:46,395 - WARNING - 单行JSON解析失败（原始字符串：{"name":"vla_control","arguments":{"action":"navigate","position":"右后","point_desc":{"parking_space"...）: Extra data: line 1 column 109 (char 108)
2026-03-23 15:49:46,395 - ERROR - CaseID: 2457
函数数量不匹配：预期0个，规划1个
2026-03-23 15:49:46,395 - WARNING - 单行JSON解析失败（原始字符串：{"name":"vla_control","arguments":{"action":"navigate","position":"左","point_desc":{"parking_space":...）: Extra data: line 1 column 108 (char 107)
2026-03-23 15:49:46,395 - ERROR - CaseID: 2458
函数数量不匹配：预期0个，规划1个
2026-03-23 15:49:46,395 - WARNING - 单行JSON解析失败（原始字符串：{"name":"vla_control","arguments":{"action":"navigate","position":"右","point_desc":{"parking_space":...）: Extra data: line 1 column 108 (char 107)
2026-03-23 15:49:46,395 - ERROR - CaseID: 2459
函数数量不匹配：预期0个，规划1个
2026-03-23 15:49:46,395 - WARNING - 单行JSON解析失败（原始字符串：{"name":"vla_control","arguments":{"action":"navigate","position":"前","point_desc":{"parking_space":...）: Extra data: line 1 column 108 (char 107)
2026-03-23 15:49:46,395 - ERROR - CaseID: 2460
函数数量不匹配：预期0个，规划1个
2026-03-23 15:49:46,396 - WARNING - 单行JSON解析失败（原始字符串：{"name":"vla_control","arguments":{"action":"navigate","position":"左后","point_desc":{"parking_space"...）: Extra data: line 1 column 109 (char 108)
2026-03-23 15:49:46,396 - ERROR - CaseID: 2461
函数数量不匹配：预期0个，规划1个
2026-03-23 15:49:46,396 - WARNING - 单行JSON解析失败（原始字符串：{"name":"vla_control","arguments":{"action":"navigate","position":"右前","point_desc":{"parking_space"...）: Extra data: line 1 column 109 (char 108)
2026-03-23 15:49:46,396 - ERROR - CaseID: 2462
函数数量不匹配：预期0个，规划1个
2026-03-23 15:49:46,396 - WARNING - 单行JSON解析失败（原始字符串：{"name":"vla_control","arguments":{"action":"navigate","position":"左","point_desc":{"parking_space":...）: Extra data: line 1 column 108 (char 107)
2026-03-23 15:49:46,396 - ERROR - CaseID: 2463
函数数量不匹配：预期0个，规划1个
2026-03-23 15:49:46,396 - WARNING - 单行JSON解析失败（原始字符串：{"name":"vla_control","arguments":{"action":"navigate","position":"右","point_desc":{"parking_space":...）: Extra data: line 1 column 108 (char 107)
2026-03-23 15:49:46,396 - ERROR - CaseID: 2464
函数数量不匹配：预期0个，规划1个
2026-03-23 15:49:46,396 - WARNING - 单行JSON解析失败（原始字符串：{"name":"vla_control","arguments":{"action":"navigate","position":"前","point_desc":{"parking_space":...）: Extra data: line 1 column 108 (char 107)
2026-03-23 15:49:46,396 - ERROR - CaseID: 2465
函数数量不匹配：预期0个，规划1个
2026-03-23 15:49:46,396 - WARNING - 单行JSON解析失败（原始字符串：{"name":"vla_control","arguments":{"action":"navigate","position":"左后","point_desc":{"parking_space"...）: Extra data: line 1 column 109 (char 108)
2026-03-23 15:49:46,396 - ERROR - CaseID: 2466
函数数量不匹配：预期0个，规划1个
2026-03-23 15:49:46,397 - WARNING - 单行JSON解析失败（原始字符串：{"name":"vla_control","arguments":{"action":"navigate","position":"右前","point_desc":{"parking_space"...）: Extra data: line 1 column 109 (char 108)
2026-03-23 15:49:46,397 - ERROR - CaseID: 2467
函数数量不匹配：预期0个，规划1个
2026-03-23 15:49:46,397 - WARNING - 单行JSON解析失败（原始字符串：{"name":"vla_control","arguments":{"action":"navigate","position":"左","point_desc":{"parking_space":...）: Extra data: line 1 column 108 (char 107)
2026-03-23 15:49:46,397 - ERROR - CaseID: 2468
函数数量不匹配：预期0个，规划1个
2026-03-23 15:49:46,397 - WARNING - 单行JSON解析失败（原始字符串：{"name":"vla_control","arguments":{"action":"navigate","position":"前","point_desc":{"parking_space":...）: Extra data: line 1 column 108 (char 107)
2026-03-23 15:49:46,397 - ERROR - CaseID: 2469
函数数量不匹配：预期0个，规划1个
2026-03-23 15:49:46,397 - WARNING - 单行JSON解析失败（原始字符串：{"name":"vla_control","arguments":{"action":"navigate","position":"右后","point_desc":{"parking_space"...）: Extra data: line 1 column 109 (char 108)
2026-03-23 15:49:46,397 - ERROR - CaseID: 2470
函数数量不匹配：预期0个，规划1个
2026-03-23 15:49:46,397 - WARNING - 单行JSON解析失败（原始字符串：{"name":"vla_control","arguments":{"action":"navigate","position":"左前","point_desc":{"parking_space"...）: Extra data: line 1 column 109 (char 108)
2026-03-23 15:49:46,397 - ERROR - CaseID: 2471
函数数量不匹配：预期0个，规划1个
2026-03-23 15:49:46,397 - WARNING - 单行JSON解析失败（原始字符串：{"name":"vla_control","arguments":{"action":"navigate","position":"右","point_desc":{"parking_space":...）: Extra data: line 1 column 108 (char 107)
2026-03-23 15:49:46,397 - ERROR - CaseID: 2472
函数数量不匹配：预期0个，规划1个
2026-03-23 15:49:46,398 - WARNING - 单行JSON解析失败（原始字符串：{"name":"vla_control","arguments":{"action":"getoff_park","point_desc":{"position":"靠左"}},"position"...）: Extra data: line 1 column 106 (char 105)
2026-03-23 15:49:46,398 - ERROR - CaseID: 2493
函数数量不匹配：预期0个，规划1个
2026-03-23 15:49:46,399 - WARNING - 单行JSON解析失败（原始字符串：{"name":"vla_control","arguments":{"action":"getoff_park","point_desc":{"position":"靠右"}},"position"...）: Extra data: line 1 column 106 (char 105)
2026-03-23 15:49:46,399 - ERROR - CaseID: 2494
函数数量不匹配：预期0个，规划1个
2026-03-23 15:49:46,399 - WARNING - 单行JSON解析失败（原始字符串：{"name":"vla_control","arguments":{"action":"getoff_park","point_desc":{"position":"中"}},"position":...）: Extra data: line 1 column 105 (char 104)
2026-03-23 15:49:46,399 - ERROR - CaseID: 2495
函数数量不匹配：预期0个，规划1个
2026-03-23 15:49:46,399 - WARNING - 单行JSON解析失败（原始字符串：{"name":"vla_control","arguments":{"action":"getoff_park","point_desc":{"position":"靠右"}},"position"...）: Extra data: line 1 column 106 (char 105)
2026-03-23 15:49:46,399 - ERROR - CaseID: 2496
函数数量不匹配：预期0个，规划1个
2026-03-23 15:49:46,399 - WARNING - 单行JSON解析失败（原始字符串：{"name":"vla_control","arguments":{"action":"getoff_park","point_desc":{"position":"靠左"}},"position"...）: Extra data: line 1 column 107 (char 106)
2026-03-23 15:49:46,399 - ERROR - CaseID: 2497
函数数量不匹配：预期0个，规划1个
2026-03-23 15:49:46,399 - WARNING - 单行JSON解析失败（原始字符串：{"name":"vla_control","arguments":{"action":"getoff_park","point_desc":{"position":"中"}},"position":...）: Extra data: line 1 column 106 (char 105)
2026-03-23 15:49:46,399 - ERROR - CaseID: 2498
函数数量不匹配：预期0个，规划1个
2026-03-23 15:49:46,399 - WARNING - 单行JSON解析失败（原始字符串：{"name":"vla_control","arguments":{"action":"getoff_park","point_desc":{"position":"中"}},"position":...）: Extra data: line 1 column 105 (char 104)
2026-03-23 15:49:46,399 - ERROR - CaseID: 2499
函数数量不匹配：预期0个，规划1个
2026-03-23 15:49:46,399 - WARNING - 单行JSON解析失败（原始字符串：{"name":"vla_control","arguments":{"action":"getoff_park","point_desc":{"position":"靠右"}},"position"...）: Extra data: line 1 column 106 (char 105)
2026-03-23 15:49:46,399 - ERROR - CaseID: 2500
函数数量不匹配：预期0个，规划1个
2026-03-23 15:49:47,154 - WARNING - 单行JSON解析失败（原始字符串：{"name":"vla_control","arguments":{"action":"getoff_park","point_desc":{"position":"靠左"}},"position"...）: Extra data: line 1 column 106 (char 105)
2026-03-23 15:49:47,154 - ERROR - CaseID: 2501
函数数量不匹配：预期0个，规划1个
2026-03-23 15:49:47,154 - WARNING - 单行JSON解析失败（原始字符串：{"name":"vla_control","arguments":{"action":"getoff_park","point_desc":{"position":"靠右"}},"position"...）: Extra data: line 1 column 106 (char 105)
2026-03-23 15:49:47,154 - ERROR - CaseID: 2502
函数数量不匹配：预期0个，规划1个
2026-03-23 15:49:47,154 - WARNING - 单行JSON解析失败（原始字符串：{"name":"vla_control","arguments":{"action":"getoff_park","point_desc":{"position":"靠右"}},"position"...）: Extra data: line 1 column 106 (char 105)
2026-03-23 15:49:47,154 - ERROR - CaseID: 2503
函数数量不匹配：预期0个，规划1个
2026-03-23 15:49:47,154 - WARNING - 单行JSON解析失败（原始字符串：{"name":"vla_control","arguments":{"action":"getoff_park","point_desc":{"position":"靠右"}},"position"...）: Extra data: line 1 column 106 (char 105)
2026-03-23 15:49:47,154 - ERROR - CaseID: 2504
函数数量不匹配：预期0个，规划1个
2026-03-23 15:49:47,154 - WARNING - 单行JSON解析失败（原始字符串：{"name":"vla_control","arguments":{"action":"getoff_park","point_desc":{"position":"靠左"}},"position"...）: Extra data: line 1 column 106 (char 105)
2026-03-23 15:49:47,154 - ERROR - CaseID: 2505
函数数量不匹配：预期0个，规划1个
2026-03-23 15:49:47,154 - WARNING - 单行JSON解析失败（原始字符串：{"name":"vla_control","arguments":{"action":"getoff_park","point_desc":{"position":"靠右"}},"position"...）: Extra data: line 1 column 106 (char 105)
2026-03-23 15:49:47,155 - ERROR - CaseID: 2506
函数数量不匹配：预期0个，规划1个
2026-03-23 15:49:47,155 - WARNING - 单行JSON解析失败（原始字符串：{"name":"vla_control","arguments":{"action":"getoff_park","point_desc":{"position":"中"}},"position":...）: Extra data: line 1 column 105 (char 104)
2026-03-23 15:49:47,155 - ERROR - CaseID: 2507
函数数量不匹配：预期0个，规划1个
2026-03-23 15:49:47,156 - WARNING - 单行JSON解析失败（原始字符串：{"name":"vla_control","arguments":{"action":"getoff_park","point_desc":{"position":"靠左"}},"position"...）: Extra data: line 1 column 106 (char 105)
2026-03-23 15:49:47,156 - ERROR - CaseID: 2508
函数数量不匹配：预期0个，规划1个
2026-03-23 15:49:47,156 - WARNING - 单行JSON解析失败（原始字符串：{"name":"vla_control","arguments":{"action":"getoff_park","point_desc":{"position":"靠右"}},"position"...）: Extra data: line 1 column 106 (char 105)
2026-03-23 15:49:47,156 - ERROR - CaseID: 2509
函数数量不匹配：预期0个，规划1个
2026-03-23 15:49:47,156 - WARNING - 单行JSON解析失败（原始字符串：{"name":"vla_control","arguments":{"action":"getoff_park","point_desc":{"position":"靠左"}},"position"...）: Extra data: line 1 column 106 (char 105)
2026-03-23 15:49:47,156 - ERROR - CaseID: 2510
函数数量不匹配：预期0个，规划1个
2026-03-23 15:49:47,156 - WARNING - 单行JSON解析失败（原始字符串：{"name":"vla_control","arguments":{"action":"getoff_park","point_desc":{"position":"靠左"}},"position"...）: Extra data: line 1 column 107 (char 106)
2026-03-23 15:49:47,156 - ERROR - CaseID: 2511
函数数量不匹配：预期0个，规划1个
2026-03-23 15:49:47,156 - WARNING - 单行JSON解析失败（原始字符串：{"name":"vla_control","arguments":{"action":"getoff_park","point_desc":{"position":"中"}},"position":...）: Extra data: line 1 column 105 (char 104)
2026-03-23 15:49:47,156 - ERROR - CaseID: 2512
函数数量不匹配：预期0个，规划1个
2026-03-23 15:49:47,156 - WARNING - 单行JSON解析失败（原始字符串：{"name":"vla_control","arguments":{"action":"park_in","point_desc":{"position":"靠左"}},"position":"右"...）: Extra data: line 1 column 102 (char 101)
2026-03-23 15:49:47,156 - ERROR - CaseID: 2513
函数数量不匹配：预期0个，规划1个
2026-03-23 15:49:47,156 - WARNING - 单行JSON解析失败（原始字符串：{"name":"vla_control","arguments":{"action":"park_in","point_desc":{"position":"中"}},"position":"左"}...）: Extra data: line 1 column 101 (char 100)
2026-03-23 15:49:47,156 - ERROR - CaseID: 2514
函数数量不匹配：预期0个，规划1个
2026-03-23 15:49:47,156 - WARNING - 单行JSON解析失败（原始字符串：{"name":"vla_control","arguments":{"action":"park_in","point_desc":{"position":"靠左"}},"position":"左"...）: Extra data: line 1 column 102 (char 101)
2026-03-23 15:49:47,156 - ERROR - CaseID: 2515
函数数量不匹配：预期0个，规划1个
2026-03-23 15:49:47,156 - WARNING - 单行JSON解析失败（原始字符串：{"name":"vla_control","arguments":{"action":"park_in","point_desc":{"position":"靠右"}},"position":"前"...）: Extra data: line 1 column 102 (char 101)
2026-03-23 15:49:47,156 - ERROR - CaseID: 2516
函数数量不匹配：预期0个，规划1个
2026-03-23 15:49:47,157 - WARNING - 单行JSON解析失败（原始字符串：{"name":"vla_control","arguments":{"action":"park_in","point_desc":{"position":"靠右"}},"position":"右"...）: Extra data: line 1 column 102 (char 101)
2026-03-23 15:49:47,157 - ERROR - CaseID: 2517
函数数量不匹配：预期0个，规划1个
2026-03-23 15:49:47,157 - WARNING - 单行JSON解析失败（原始字符串：{"name":"vla_control","arguments":{"action":"park_in","point_desc":{"position":"中"}},"position":"左前"...）: Extra data: line 1 column 102 (char 101)
2026-03-23 15:49:47,157 - ERROR - CaseID: 2518
函数数量不匹配：预期0个，规划1个
2026-03-23 15:49:47,157 - WARNING - 单行JSON解析失败（原始字符串：{"name":"vla_control","arguments":{"action":"park_in","point_desc":{"position":"靠左"}},"position":"右后...）: Extra data: line 1 column 103 (char 102)
2026-03-23 15:49:47,157 - ERROR - CaseID: 2519
函数数量不匹配：预期0个，规划1个
2026-03-23 15:49:47,157 - WARNING - 单行JSON解析失败（原始字符串：{"name":"vla_control","arguments":{"action":"park_in","point_desc":{"position":"靠右"}},"position":"后"...）: Extra data: line 1 column 102 (char 101)
2026-03-23 15:49:47,157 - ERROR - CaseID: 2520
函数数量不匹配：预期0个，规划1个
2026-03-23 15:49:47,157 - WARNING - 单行JSON解析失败（原始字符串：{"name":"vla_control","arguments":{"action":"park_in","point_desc":{"position":"靠左"}},"position":"左"...）: Extra data: line 1 column 102 (char 101)
2026-03-23 15:49:47,157 - ERROR - CaseID: 2521
函数数量不匹配：预期0个，规划1个
2026-03-23 15:49:47,157 - WARNING - 单行JSON解析失败（原始字符串：{"name":"vla_control","arguments":{"action":"park_in","point_desc":{"position":"中"}},"position":"右前"...）: Extra data: line 1 column 102 (char 101)
2026-03-23 15:49:47,157 - ERROR - CaseID: 2522
函数数量不匹配：预期0个，规划1个
2026-03-23 15:49:47,157 - WARNING - 单行JSON解析失败（原始字符串：{"name":"vla_control","arguments":{"action":"park_in","point_desc":{"position":"靠左"}},"position":"右"...）: Extra data: line 1 column 102 (char 101)
2026-03-23 15:49:47,157 - ERROR - CaseID: 2523
函数数量不匹配：预期0个，规划1个
2026-03-23 15:49:47,157 - WARNING - 单行JSON解析失败（原始字符串：{"name":"vla_control","arguments":{"action":"park_in","point_desc":{"position":"中"}},"position":"左"}...）: Extra data: line 1 column 101 (char 100)
2026-03-23 15:49:47,157 - ERROR - CaseID: 2524
函数数量不匹配：预期0个，规划1个
2026-03-23 15:49:47,157 - WARNING - 单行JSON解析失败（原始字符串：{"name":"vla_control","arguments":{"action":"park_in","point_desc":{"position":"靠右"}},"position":"前"...）: Extra data: line 1 column 102 (char 101)
2026-03-23 15:49:47,157 - ERROR - CaseID: 2525
函数数量不匹配：预期0个，规划1个
2026-03-23 15:49:47,157 - WARNING - 单行JSON解析失败（原始字符串：{"name":"vla_control","arguments":{"action":"park_in","point_desc":{"position":"靠左"}},"position":"后"...）: Extra data: line 1 column 102 (char 101)
2026-03-23 15:49:47,158 - ERROR - CaseID: 2526
函数数量不匹配：预期0个，规划1个
2026-03-23 15:49:47,158 - WARNING - 单行JSON解析失败（原始字符串：{"name":"vla_control","arguments":{"action":"park_in","point_desc":{"position":"靠右"}},"position":"左前...）: Extra data: line 1 column 103 (char 102)
2026-03-23 15:49:47,158 - ERROR - CaseID: 2527
函数数量不匹配：预期0个，规划1个
2026-03-23 15:49:47,158 - WARNING - 单行JSON解析失败（原始字符串：{"name":"vla_control","arguments":{"action":"park_in","point_desc":{"position":"中"}},"position":"右后"...）: Extra data: line 1 column 102 (char 101)
2026-03-23 15:49:47,158 - ERROR - CaseID: 2528
函数数量不匹配：预期0个，规划1个
2026-03-23 15:49:47,158 - WARNING - 单行JSON解析失败（原始字符串：{"name":"vla_control","arguments":{"action":"park_in","point_desc":{"position":"靠左"}},"position":"左"...）: Extra data: line 1 column 102 (char 101)
2026-03-23 15:49:47,158 - ERROR - CaseID: 2529
函数数量不匹配：预期0个，规划1个
2026-03-23 15:49:47,158 - WARNING - 单行JSON解析失败（原始字符串：{"name":"vla_control","arguments":{"action":"park_in","point_desc":{"position":"靠右"}},"position":"右"...）: Extra data: line 1 column 102 (char 101)
2026-03-23 15:49:47,158 - ERROR - CaseID: 2530
函数数量不匹配：预期0个，规划1个
2026-03-23 15:49:47,158 - WARNING - 单行JSON解析失败（原始字符串：{"name":"vla_control","arguments":{"action":"park_in","point_desc":{"position":"中"}},"position":"前"}...）: Extra data: line 1 column 101 (char 100)
2026-03-23 15:49:47,158 - ERROR - CaseID: 2531
函数数量不匹配：预期0个，规划1个
2026-03-23 15:49:47,158 - WARNING - 单行JSON解析失败（原始字符串：{"name":"vla_control","arguments":{"action":"park_in","point_desc":{"position":"中"}},"position":"后"}...）: Extra data: line 1 column 101 (char 100)
2026-03-23 15:49:47,158 - ERROR - CaseID: 2532
函数数量不匹配：预期0个，规划1个
2026-03-23 15:49:47,158 - WARNING - 单行JSON解析失败（原始字符串：{"name":"vla_control","arguments":{"action":"park","point_desc":{"parking_space":"车位","position":"靠左...）: Extra data: line 1 column 120 (char 119)
2026-03-23 15:49:47,159 - ERROR - CaseID: 2533
函数数量不匹配：预期0个，规划1个
2026-03-23 15:49:47,159 - WARNING - 单行JSON解析失败（原始字符串：{"name":"vla_control","arguments":{"action":"park","point_desc":{"parking_space":"车位","position":"靠右...）: Extra data: line 1 column 120 (char 119)
2026-03-23 15:49:47,159 - ERROR - CaseID: 2534
函数数量不匹配：预期0个，规划1个
2026-03-23 15:49:47,159 - WARNING - 单行JSON解析失败（原始字符串：{"name":"vla_control","arguments":{"action":"park","point_desc":{"parking_space":"车位","position":"中"...）: Extra data: line 1 column 119 (char 118)
2026-03-23 15:49:47,159 - ERROR - CaseID: 2535
函数数量不匹配：预期0个，规划1个
2026-03-23 15:49:47,159 - WARNING - 单行JSON解析失败（原始字符串：{"name":"vla_control","arguments":{"action":"park","point_desc":{"parking_space":"车位","position":"靠左...）: Extra data: line 1 column 120 (char 119)
2026-03-23 15:49:47,159 - ERROR - CaseID: 2536
函数数量不匹配：预期0个，规划1个
2026-03-23 15:49:47,159 - WARNING - 单行JSON解析失败（原始字符串：{"name":"vla_control","arguments":{"action":"park","point_desc":{"parking_space":"车位","position":"靠左...）: Expecting value: line 1 column 116 (char 115)
2026-03-23 15:49:47,160 - ERROR - CaseID: 2537
函数数量不匹配：预期0个，规划1个
2026-03-23 15:49:47,160 - WARNING - 单行JSON解析失败（原始字符串：{"name":"vla_control","arguments":{"action":"park","point_desc":{"parking_space":"车位","position":"靠右...）: Extra data: line 1 column 120 (char 119)
2026-03-23 15:49:47,160 - ERROR - CaseID: 2538
函数数量不匹配：预期0个，规划1个
2026-03-23 15:49:47,160 - WARNING - 单行JSON解析失败（原始字符串：{"name":"vla_control","arguments":{"action":"park","point_desc":{"parking_space":"车位","position":"中"...）: Extra data: line 1 column 119 (char 118)
2026-03-23 15:49:47,160 - ERROR - CaseID: 2539
函数数量不匹配：预期0个，规划1个
2026-03-23 15:49:47,160 - WARNING - 单行JSON解析失败（原始字符串：{"name":"vla_control","arguments":{"action":"park","point_desc":{"parking_space":"车位","position":"靠左...）: Extra data: line 1 column 120 (char 119)
2026-03-23 15:49:47,160 - ERROR - CaseID: 2540
函数数量不匹配：预期0个，规划1个
2026-03-23 15:49:47,160 - WARNING - 单行JSON解析失败（原始字符串：{"name":"vla_control","arguments":{"action":"park","point_desc":{"parking_space":"车位","position":"靠右...）: Extra data: line 1 column 120 (char 119)
2026-03-23 15:49:47,160 - ERROR - CaseID: 2541
函数数量不匹配：预期0个，规划1个
2026-03-23 15:49:47,160 - WARNING - 单行JSON解析失败（原始字符串：{"name":"vla_control","arguments":{"action":"park","point_desc":{"parking_space":"车位","position":"靠左...）: Extra data: line 1 column 121 (char 120)
2026-03-23 15:49:47,160 - ERROR - CaseID: 2542
函数数量不匹配：预期0个，规划1个
2026-03-23 15:49:47,160 - WARNING - 单行JSON解析失败（原始字符串：{"name":"vla_control","arguments":{"action":"park","point_desc":{"parking_space":"车位","position":"靠左...）: Extra data: line 1 column 121 (char 120)
2026-03-23 15:49:47,160 - ERROR - CaseID: 2543
函数数量不匹配：预期0个，规划1个
2026-03-23 15:49:47,160 - WARNING - 单行JSON解析失败（原始字符串：{"name":"vla_control","arguments":{"action":"park","point_desc":{"parking_space":"车位","position":"中"...）: Extra data: line 1 column 119 (char 118)
2026-03-23 15:49:47,160 - ERROR - CaseID: 2544
函数数量不匹配：预期0个，规划1个
2026-03-23 15:49:47,160 - WARNING - 单行JSON解析失败（原始字符串：{"name":"vla_control","arguments":{"action":"park","point_desc":{"parking_space":"车位","position":"靠右...）: Extra data: line 1 column 120 (char 119)
2026-03-23 15:49:47,160 - ERROR - CaseID: 2545
函数数量不匹配：预期0个，规划1个
2026-03-23 15:49:47,161 - WARNING - 单行JSON解析失败（原始字符串：{"name":"vla_control","arguments":{"action":"park","point_desc":{"parking_space":"车位","position":"靠左...）: Extra data: line 1 column 120 (char 119)
2026-03-23 15:49:47,161 - ERROR - CaseID: 2546
函数数量不匹配：预期0个，规划1个
2026-03-23 15:49:47,161 - WARNING - 单行JSON解析失败（原始字符串：{"name":"vla_control","arguments":{"action":"park","point_desc":{"parking_space":"车位","position":"靠左...）: Extra data: line 1 column 120 (char 119)
2026-03-23 15:49:47,161 - ERROR - CaseID: 2547
函数数量不匹配：预期0个，规划1个
2026-03-23 15:49:47,161 - WARNING - 单行JSON解析失败（原始字符串：{"name":"vla_control","arguments":{"action":"park","point_desc":{"parking_space":"车位","position":"中"...）: Extra data: line 1 column 119 (char 118)
2026-03-23 15:49:47,161 - ERROR - CaseID: 2548
函数数量不匹配：预期0个，规划1个
2026-03-23 15:49:47,161 - WARNING - 单行JSON解析失败（原始字符串：{"name":"vla_control","arguments":{"action":"park","point_desc":{"parking_space":"车位","position":"中"...）: Extra data: line 1 column 119 (char 118)
2026-03-23 15:49:47,161 - ERROR - CaseID: 2549
函数数量不匹配：预期0个，规划1个
2026-03-23 15:49:47,161 - WARNING - 单行JSON解析失败（原始字符串：{"name":"vla_control","arguments":{"action":"park","point_desc":{"parking_space":"车位","position":"靠左...）: Extra data: line 1 column 120 (char 119)
2026-03-23 15:49:47,161 - ERROR - CaseID: 2550
函数数量不匹配：预期0个，规划1个
2026-03-23 15:49:47,161 - WARNING - 单行JSON解析失败（原始字符串：{"name":"vla_control","arguments":{"action":"park","point_desc":{"parking_space":"车位","position":"中"...）: Extra data: line 1 column 119 (char 118)
2026-03-23 15:49:47,161 - ERROR - CaseID: 2551
函数数量不匹配：预期0个，规划1个
2026-03-23 15:49:47,161 - WARNING - 单行JSON解析失败（原始字符串：{"name":"vla_control","arguments":{"action":"park","point_desc":{"parking_space":"车位","position":"靠左...）: Extra data: line 1 column 120 (char 119)
2026-03-23 15:49:47,161 - ERROR - CaseID: 2552
函数数量不匹配：预期0个，规划1个
2026-03-23 15:49:47,161 - ERROR - CaseID: 2553
规划列缺少以下函数：
  名称: vla_control, 参数: {"action": "charge"}
规划列多出以下函数：
  名称: charge_control, 参数: {"action": "turnon", "entity": "CHARGER"}
2026-03-23 15:49:47,161 - ERROR - CaseID: 2554
规划列缺少以下函数：
  名称: vla_control, 参数: {"action": "charge"}
规划列多出以下函数：
  名称: vla_control, 参数: {"action": "navigate", "point_desc": {"poi": "\u5145\u7535\u54c8"}}
2026-03-23 15:49:47,161 - ERROR - CaseID: 2555
规划列缺少以下函数：
  名称: vla_control, 参数: {"action": "charge"}
规划列多出以下函数：
  名称: charge_control, 参数: {"action": "turnon", "entity": "CHARGER"}
2026-03-23 15:49:47,162 - ERROR - CaseID: 2559
函数数量不匹配：预期1个，规划2个
2026-03-23 15:49:47,162 - ERROR - CaseID: 2560
规划列缺少以下函数：
  名称: vla_control, 参数: {"action": "charge"}
规划列多出以下函数：
  名称: charge_control, 参数: {"action": "switch", "entity": "CHARGING_STATION"}
2026-03-23 15:49:47,162 - ERROR - CaseID: 2561
规划列缺少以下函数：
  名称: vla_control, 参数: {"action": "charge"}
规划列多出以下函数：
  名称: charge_control, 参数: {"action": "turnon", "entity": "CHARGER"}
2026-03-23 15:49:47,162 - ERROR - CaseID: 2562
规划列缺少以下函数：
  名称: vla_control, 参数: {"action": "charge"}
规划列多出以下函数：
  名称: vla_control, 参数: {"action": "navigate", "point_desc": {"poi": "\u5145\u7535\u7ad9\u7ed9\u8f66\u5145\u7535"}}
2026-03-23 15:49:47,162 - ERROR - CaseID: 2563
函数数量不匹配：预期1个，规划2个
2026-03-23 15:49:47,162 - ERROR - CaseID: 2565
规划列缺少以下函数：
  名称: vla_control, 参数: {"action": "charge"}
规划列多出以下函数：
  名称: charge_control, 参数: {"action": "turnon", "entity": "CHARGER"}
2026-03-23 15:49:47,162 - ERROR - CaseID: 2567
规划列缺少以下函数：
  名称: vla_control, 参数: {"action": "charge"}
规划列多出以下函数：
  名称: vla_control, 参数: {"action": "navigate", "point_desc": {"poi": "\u8d85\u51b2\u7ad9\u5145\u4e2a\u7535\u5427"}}
2026-03-23 15:49:47,162 - ERROR - CaseID: 2571
规划列缺少以下函数：
  名称: vla_control, 参数: {"action": "charge"}
规划列多出以下函数：
  名称: device_control, 参数: {"action": "unsupport"}
2026-03-23 15:49:47,162 - WARNING - 单行JSON解析失败（原始字符串：{"name":"vla_control","arguments":{"action":"navigate","point_desc":{"poi":"家"}}}}...）: Extra data: line 1 column 82 (char 81)
2026-03-23 15:49:47,163 - ERROR - CaseID: 2573
规划列无有效函数
2026-03-23 15:49:47,163 - WARNING - 单行JSON解析失败（原始字符串：{"name":"vla_control","arguments":{"action":"navigate","point_desc":{"poi":"公司"}}}}...）: Extra data: line 1 column 83 (char 82)
2026-03-23 15:49:47,163 - ERROR - CaseID: 2574
函数数量不匹配：预期0个，规划1个
2026-03-23 15:49:47,163 - WARNING - 单行JSON解析失败（原始字符串：{"name":"vla_control","arguments":{"action":"navigate","point_desc":{"poi":"家"}}}}...）: Extra data: line 1 column 82 (char 81)
2026-03-23 15:49:47,163 - ERROR - CaseID: 2575
函数数量不匹配：预期0个，规划1个
2026-03-23 15:49:47,163 - WARNING - 单行JSON解析失败（原始字符串：{"name":"vla_control","arguments":{"action":"navigate","point_desc":{"poi":"理想汽车研发总部"}}}}...）: Extra data: line 1 column 89 (char 88)
2026-03-23 15:49:47,163 - ERROR - CaseID: 2576
函数数量不匹配：预期0个，规划1个
2026-03-23 15:49:47,163 - WARNING - 单行JSON解析失败（原始字符串：{"name":"vla_control","arguments":{"action":"navigate","point_desc":{"poi":"万科时代中心"}}}}...）: Extra data: line 1 column 87 (char 86)
2026-03-23 15:49:47,163 - ERROR - CaseID: 2577
函数数量不匹配：预期0个，规划1个
2026-03-23 15:49:47,163 - WARNING - 单行JSON解析失败（原始字符串：{"name":"vla_control","arguments":{"action":"navigate","point_desc":{"poi":"图书馆"}}}}...）: Extra data: line 1 column 84 (char 83)
2026-03-23 15:49:47,163 - ERROR - CaseID: 2578
函数数量不匹配：预期0个，规划1个
2026-03-23 15:49:47,163 - WARNING - 单行JSON解析失败（原始字符串：{"name":"vla_control","arguments":{"action":"navigate","point_desc":{"poi":"咖啡店"}}}}...）: Extra data: line 1 column 84 (char 83)
2026-03-23 15:49:47,163 - ERROR - CaseID: 2579
函数数量不匹配：预期0个，规划1个
2026-03-23 15:49:47,163 - WARNING - 单行JSON解析失败（原始字符串：{"name":"vla_control","arguments":{"action":"navigate","point_desc":{"poi":"公司"}}}}...）: Extra data: line 1 column 83 (char 82)
2026-03-23 15:49:47,163 - ERROR - CaseID: 2580
函数数量不匹配：预期0个，规划1个
2026-03-23 15:49:47,163 - WARNING - 单行JSON解析失败（原始字符串：{"name":"vla_control","arguments":{"action":"navigate","point_desc":{"poi":"图书馆"}}}}...）: Extra data: line 1 column 84 (char 83)
2026-03-23 15:49:47,163 - ERROR - CaseID: 2581
函数数量不匹配：预期0个，规划1个
2026-03-23 15:49:47,163 - WARNING - 单行JSON解析失败（原始字符串：{"name":"vla_control","arguments":{"action":"navigate","point_desc":{"poi":"咖啡店"}}}}...）: Extra data: line 1 column 84 (char 83)
2026-03-23 15:49:47,163 - ERROR - CaseID: 2582
函数数量不匹配：预期0个，规划1个
2026-03-23 15:49:47,164 - WARNING - 单行JSON解析失败（原始字符串：{"name":"vla_control","arguments":{"action":"navigate","point_desc":{"poi":"理想汽车研发总部"}}}}...）: Extra data: line 1 column 89 (char 88)
2026-03-23 15:49:47,164 - ERROR - CaseID: 2583
函数数量不匹配：预期0个，规划1个
2026-03-23 15:49:47,164 - WARNING - 单行JSON解析失败（原始字符串：{"name":"vla_control","arguments":{"action":"navigate","point_desc":{"poi":"万科时代中心"}}}}...）: Extra data: line 1 column 87 (char 86)
2026-03-23 15:49:47,164 - ERROR - CaseID: 2584
函数数量不匹配：预期0个，规划1个
2026-03-23 15:49:47,164 - WARNING - 单行JSON解析失败（原始字符串：{"name":"vla_control","arguments":{"action":"navigate","point_desc":{"poi":"公司"}}}}...）: Extra data: line 1 column 83 (char 82)
2026-03-23 15:49:47,164 - ERROR - CaseID: 2585
函数数量不匹配：预期0个，规划1个
2026-03-23 15:49:47,164 - WARNING - 单行JSON解析失败（原始字符串：{"name":"vla_control","arguments":{"action":"navigate","point_desc":{"poi":"图书馆"}}}}...）: Extra data: line 1 column 84 (char 83)
2026-03-23 15:49:47,164 - ERROR - CaseID: 2586
函数数量不匹配：预期0个，规划1个
2026-03-23 15:49:47,164 - WARNING - 单行JSON解析失败（原始字符串：{"name":"vla_control","arguments":{"action":"navigate","point_desc":{"poi":"理想汽车研发总部"}}}}...）: Extra data: line 1 column 89 (char 88)
2026-03-23 15:49:47,164 - ERROR - CaseID: 2587
函数数量不匹配：预期0个，规划1个
2026-03-23 15:49:47,164 - WARNING - 单行JSON解析失败（原始字符串：{"name":"vla_control","arguments":{"action":"navigate","point_desc":{"poi":"咖啡店"}}}}...）: Extra data: line 1 column 84 (char 83)
2026-03-23 15:49:47,164 - ERROR - CaseID: 2588
函数数量不匹配：预期0个，规划1个
2026-03-23 15:49:47,164 - WARNING - 单行JSON解析失败（原始字符串：{"name":"vla_control","arguments":{"action":"navigate","point_desc":{"poi":"万科时代中心"}}}}...）: Extra data: line 1 column 87 (char 86)
2026-03-23 15:49:47,164 - ERROR - CaseID: 2589
函数数量不匹配：预期0个，规划1个
2026-03-23 15:49:47,164 - WARNING - 单行JSON解析失败（原始字符串：{"name":"vla_control","arguments":{"action":"navigate","point_desc":{"poi":"公司"}}}}...）: Extra data: line 1 column 83 (char 82)
2026-03-23 15:49:47,165 - ERROR - CaseID: 2590
函数数量不匹配：预期0个，规划1个
2026-03-23 15:49:47,165 - WARNING - 单行JSON解析失败（原始字符串：{"name":"vla_control","arguments":{"action":"navigate","point_desc":{"poi":"咖啡店"}}}}...）: Extra data: line 1 column 84 (char 83)
2026-03-23 15:49:47,165 - ERROR - CaseID: 2591
函数数量不匹配：预期0个，规划1个
2026-03-23 15:49:47,166 - WARNING - 单行JSON解析失败（原始字符串：{"name":"vla_control","arguments":{"action":"navigate","point_desc":{"poi":"家"}}}}...）: Extra data: line 1 column 82 (char 81)
2026-03-23 15:49:47,166 - ERROR - CaseID: 2592
函数数量不匹配：预期0个，规划1个
2026-03-23 15:49:47,166 - WARNING - 单行JSON解析失败（原始字符串：{"name":"vla_control","arguments":{"action":"navigate","function_option":"map","point_desc":{"poi":"...）: Extra data: line 1 column 106 (char 105)
2026-03-23 15:49:47,166 - ERROR - CaseID: 2593
函数数量不匹配：预期0个，规划1个
2026-03-23 15:49:47,166 - WARNING - 单行JSON解析失败（原始字符串：{"name":"vla_control","arguments":{"action":"navigate","function_option":"map","point_desc":{"poi":"...）: Extra data: line 1 column 107 (char 106)
2026-03-23 15:49:47,166 - ERROR - CaseID: 2594
函数数量不匹配：预期0个，规划1个
2026-03-23 15:49:47,166 - WARNING - 单行JSON解析失败（原始字符串：{"name":"vla_control","arguments":{"action":"navigate","function_option":"map","point_desc":{"poi":"...）: Extra data: line 1 column 113 (char 112)
2026-03-23 15:49:47,166 - ERROR - CaseID: 2595
函数数量不匹配：预期0个，规划1个
2026-03-23 15:49:47,166 - WARNING - 单行JSON解析失败（原始字符串：{"name":"vla_control","arguments":{"action":"navigate","function_option":"map","point_desc":{"poi":"...）: Extra data: line 1 column 107 (char 106)
2026-03-23 15:49:47,166 - ERROR - CaseID: 2596
函数数量不匹配：预期0个，规划1个
2026-03-23 15:49:47,166 - WARNING - 单行JSON解析失败（原始字符串：{"name":"vla_control","arguments":{"action":"navigate","function_option":"map","point_desc":{"poi":"...）: Extra data: line 1 column 106 (char 105)
2026-03-23 15:49:47,167 - ERROR - CaseID: 2597
函数数量不匹配：预期0个，规划1个
2026-03-23 15:49:47,167 - WARNING - 单行JSON解析失败（原始字符串：{"name":"vla_control","arguments":{"action":"navigate","function_option":"map","point_desc":{"poi":"...）: Extra data: line 1 column 108 (char 107)
2026-03-23 15:49:47,167 - ERROR - CaseID: 2598
函数数量不匹配：预期0个，规划1个
2026-03-23 15:49:47,167 - WARNING - 单行JSON解析失败（原始字符串：{"name":"vla_control","arguments":{"action":"navigate","function_option":"map","point_desc":{"poi":"...）: Extra data: line 1 column 111 (char 110)
2026-03-23 15:49:47,167 - ERROR - CaseID: 2599
函数数量不匹配：预期0个，规划1个
2026-03-23 15:49:47,167 - WARNING - 单行JSON解析失败（原始字符串：{"name":"vla_control","arguments":{"action":"navigate","function_option":"map","point_desc":{"poi":"...）: Extra data: line 1 column 107 (char 106)
2026-03-23 15:49:47,167 - ERROR - CaseID: 2600
函数数量不匹配：预期0个，规划1个
2026-03-23 15:49:47,167 - WARNING - 单行JSON解析失败（原始字符串：{"name":"vla_control","arguments":{"action":"navigate","function_option":"map","point_desc":{"poi":"...）: Extra data: line 1 column 108 (char 107)
2026-03-23 15:49:47,167 - ERROR - CaseID: 2601
函数数量不匹配：预期0个，规划1个
2026-03-23 15:49:47,167 - WARNING - 单行JSON解析失败（原始字符串：{"name":"vla_control","arguments":{"action":"navigate","function_option":"map","point_desc":{"poi":"...）: Extra data: line 1 column 113 (char 112)
2026-03-23 15:49:47,167 - ERROR - CaseID: 2602
函数数量不匹配：预期0个，规划1个
2026-03-23 15:49:47,167 - WARNING - 单行JSON解析失败（原始字符串：{"name":"vla_control","arguments":{"action":"navigate","function_option":"map","point_desc":{"poi":"...）: Extra data: line 1 column 107 (char 106)
2026-03-23 15:49:47,167 - ERROR - CaseID: 2603
函数数量不匹配：预期0个，规划1个
2026-03-23 15:49:47,168 - WARNING - 单行JSON解析失败（原始字符串：{"name":"vla_control","arguments":{"action":"navigate","function_option":"map","point_desc":{"poi":"...）: Extra data: line 1 column 108 (char 107)
2026-03-23 15:49:47,168 - ERROR - CaseID: 2604
函数数量不匹配：预期0个，规划1个
2026-03-23 15:49:47,168 - WARNING - 单行JSON解析失败（原始字符串：{"name":"vla_control","arguments":{"action":"navigate","function_option":"map","point_desc":{"poi":"...）: Extra data: line 1 column 106 (char 105)
2026-03-23 15:49:47,168 - ERROR - CaseID: 2605
函数数量不匹配：预期0个，规划1个
2026-03-23 15:49:47,168 - WARNING - 单行JSON解析失败（原始字符串：{"name":"vla_control","arguments":{"action":"navigate","function_option":"map","point_desc":{"poi":"...）: Extra data: line 1 column 107 (char 106)
2026-03-23 15:49:47,168 - ERROR - CaseID: 2606
函数数量不匹配：预期0个，规划1个
2026-03-23 15:49:47,168 - WARNING - 单行JSON解析失败（原始字符串：{"name":"vla_control","arguments":{"action":"navigate","function_option":"map","point_desc":{"poi":"...）: Extra data: line 1 column 111 (char 110)
2026-03-23 15:49:47,168 - ERROR - CaseID: 2607
函数数量不匹配：预期0个，规划1个
2026-03-23 15:49:47,168 - WARNING - 单行JSON解析失败（原始字符串：{"name":"vla_control","arguments":{"action":"navigate","function_option":"map","point_desc":{"poi":"...）: Extra data: line 1 column 108 (char 107)
2026-03-23 15:49:47,168 - ERROR - CaseID: 2608
函数数量不匹配：预期0个，规划1个
2026-03-23 15:49:47,168 - WARNING - 单行JSON解析失败（原始字符串：{"name":"vla_control","arguments":{"action":"navigate","function_option":"map","point_desc":{"poi":"...）: Extra data: line 1 column 113 (char 112)
2026-03-23 15:49:47,169 - ERROR - CaseID: 2609
函数数量不匹配：预期0个，规划1个
2026-03-23 15:49:47,169 - WARNING - 单行JSON解析失败（原始字符串：{"name":"vla_control","arguments":{"action":"navigate","function_option":"map","point_desc":{"poi":"...）: Extra data: line 1 column 107 (char 106)
2026-03-23 15:49:47,169 - ERROR - CaseID: 2610
函数数量不匹配：预期0个，规划1个
2026-03-23 15:49:47,169 - WARNING - 单行JSON解析失败（原始字符串：{"name":"vla_control","arguments":{"action":"navigate","function_option":"map","point_desc":{"poi":"...）: Extra data: line 1 column 106 (char 105)
2026-03-23 15:49:47,169 - ERROR - CaseID: 2611
函数数量不匹配：预期0个，规划1个
2026-03-23 15:49:47,170 - WARNING - 单行JSON解析失败（原始字符串：{"name":"vla_control","arguments":{"action":"navigate","function_option":"map","point_desc":{"poi":"...）: Extra data: line 1 column 108 (char 107)
2026-03-23 15:49:47,170 - ERROR - CaseID: 2612
函数数量不匹配：预期0个，规划1个
2026-03-23 15:49:47,171 - ERROR - CaseID: 2639
规划列缺少以下函数：
  名称: vla_control, 参数: {"action": "start_charge"}
规划列多出以下函数：
  名称: vla_control, 参数: {"action": "resume_charge"}
2026-03-23 15:49:47,171 - ERROR - CaseID: 2643
规划列缺少以下函数：
  名称: vla_control, 参数: {"action": "start_charge"}
规划列多出以下函数：
  名称: vla_control, 参数: {"action": "resume_charge"}
2026-03-23 15:49:47,171 - ERROR - CaseID: 2645
函数数量不匹配：预期1个，规划0个
规划列无有效函数
2026-03-23 15:49:47,171 - ERROR - CaseID: 2649
规划列缺少以下函数：
  名称: vla_control, 参数: {"action": "start_charge"}
规划列多出以下函数：
  名称: vla_control, 参数: {"action": "resume_charge"}
2026-03-23 15:49:47,171 - ERROR - CaseID: 2650
规划列缺少以下函数：
  名称: vla_control, 参数: {"action": "start_charge"}
规划列多出以下函数：
  名称: vla_control, 参数: {"action": "resume_charge"}
2026-03-23 15:49:47,173 - ERROR - CaseID: 2677
规划列缺少以下函数：
  名称: vla_control, 参数: {"action": "resume"}
规划列多出以下函数：
  名称: global_control, 参数: {"action": "resume"}
2026-03-23 15:49:47,173 - ERROR - CaseID: 2678
规划列缺少以下函数：
  名称: vla_control, 参数: {"action": "resume"}
规划列多出以下函数：
  名称: global_control, 参数: {"action": "resume"}
2026-03-23 15:49:47,173 - ERROR - CaseID: 2679
规划列缺少以下函数：
  名称: vla_control, 参数: {"action": "resume"}
规划列多出以下函数：
  名称: global_control, 参数: {"action": "resume"}
2026-03-23 15:49:47,173 - ERROR - CaseID: 2680
规划列缺少以下函数：
  名称: vla_control, 参数: {"action": "resume"}
规划列多出以下函数：
  名称: global_control, 参数: {"action": "resume"}
2026-03-23 15:49:47,173 - ERROR - CaseID: 2681
规划列缺少以下函数：
  名称: vla_control, 参数: {"action": "resume"}
规划列多出以下函数：
  名称: global_control, 参数: {"action": "resume"}
2026-03-23 15:49:47,173 - ERROR - CaseID: 2682
规划列缺少以下函数：
  名称: vla_control, 参数: {"action": "resume"}
规划列多出以下函数：
  名称: global_control, 参数: {"action": "resume"}
2026-03-23 15:49:47,173 - ERROR - CaseID: 2683
规划列缺少以下函数：
  名称: vla_control, 参数: {"action": "resume"}
规划列多出以下函数：
  名称: global_control, 参数: {"action": "resume"}
2026-03-23 15:49:47,173 - ERROR - CaseID: 2684
规划列缺少以下函数：
  名称: vla_control, 参数: {"action": "resume"}
规划列多出以下函数：
  名称: global_control, 参数: {"action": "resume"}
2026-03-23 15:49:47,173 - ERROR - CaseID: 2685
规划列缺少以下函数：
  名称: vla_control, 参数: {"action": "resume"}
规划列多出以下函数：
  名称: global_control, 参数: {"action": "resume"}
2026-03-23 15:49:47,173 - ERROR - CaseID: 2686
函数数量不匹配：预期1个，规划0个
规划列无有效函数
2026-03-23 15:49:47,173 - ERROR - CaseID: 2687
函数数量不匹配：预期1个，规划0个
规划列无有效函数
2026-03-23 15:49:47,173 - ERROR - CaseID: 2688
函数数量不匹配：预期1个，规划0个
规划列无有效函数
2026-03-23 15:49:47,173 - ERROR - CaseID: 2689
规划列缺少以下函数：
  名称: vla_control, 参数: {"action": "resume"}
规划列多出以下函数：
  名称: global_control, 参数: {"action": "resume"}
2026-03-23 15:49:47,173 - ERROR - CaseID: 2690
规划列缺少以下函数：
  名称: vla_control, 参数: {"action": "resume"}
规划列多出以下函数：
  名称: global_control, 参数: {"action": "resume"}
2026-03-23 15:49:47,173 - ERROR - CaseID: 2691
规划列缺少以下函数：
  名称: vla_control, 参数: {"action": "resume"}
规划列多出以下函数：
  名称: global_control, 参数: {"action": "resume"}
2026-03-23 15:49:47,174 - ERROR - CaseID: 2692
规划列缺少以下函数：
  名称: vla_control, 参数: {"action": "resume"}
规划列多出以下函数：
  名称: global_control, 参数: {"action": "resume"}
2026-03-23 15:49:47,174 - ERROR - CaseID: 2693
规划列缺少以下函数：
  名称: vla_control, 参数: {"action": "resume"}
规划列多出以下函数：
  名称: global_control, 参数: {"action": "resume"}
2026-03-23 15:49:47,174 - ERROR - CaseID: 2694
规划列缺少以下函数：
  名称: vla_control, 参数: {"action": "resume"}
规划列多出以下函数：
  名称: global_control, 参数: {"action": "resume"}
2026-03-23 15:49:47,174 - ERROR - CaseID: 2695
函数数量不匹配：预期1个，规划0个
规划列无有效函数
2026-03-23 15:49:47,174 - ERROR - CaseID: 2696
函数数量不匹配：预期1个，规划0个
规划列无有效函数
2026-03-23 15:49:47,174 - ERROR - CaseID: 2697
规划列缺少以下函数：
  名称: vla_control, 参数: {"action": "pause"}
规划列多出以下函数：
  名称: global_control, 参数: {"action": "pause"}
2026-03-23 15:49:47,174 - ERROR - CaseID: 2698
规划列缺少以下函数：
  名称: vla_control, 参数: {"action": "pause"}
规划列多出以下函数：
  名称: global_control, 参数: {"action": "pause"}
2026-03-23 15:49:47,174 - ERROR - CaseID: 2699
规划列缺少以下函数：
  名称: vla_control, 参数: {"action": "pause"}
规划列多出以下函数：
  名称: global_control, 参数: {"action": "pause"}
2026-03-23 15:49:47,174 - ERROR - CaseID: 2700
规划列缺少以下函数：
  名称: vla_control, 参数: {"action": "pause"}
规划列多出以下函数：
  名称: global_control, 参数: {"action": "pause"}
2026-03-23 15:49:47,174 - ERROR - CaseID: 2701
规划列缺少以下函数：
  名称: vla_control, 参数: {"action": "pause"}
规划列多出以下函数：
  名称: global_control, 参数: {"action": "pause"}
2026-03-23 15:49:47,174 - ERROR - CaseID: 2702
规划列缺少以下函数：
  名称: vla_control, 参数: {"action": "pause"}
规划列多出以下函数：
  名称: global_control, 参数: {"action": "pause"}
2026-03-23 15:49:47,174 - ERROR - CaseID: 2703
规划列缺少以下函数：
  名称: vla_control, 参数: {"action": "pause"}
规划列多出以下函数：
  名称: global_control, 参数: {"action": "pause"}
2026-03-23 15:49:47,174 - ERROR - CaseID: 2704
函数数量不匹配：预期1个，规划0个
规划列无有效函数
2026-03-23 15:49:47,174 - ERROR - CaseID: 2705
规划列缺少以下函数：
  名称: vla_control, 参数: {"action": "pause"}
规划列多出以下函数：
  名称: global_control, 参数: {"action": "pause"}
2026-03-23 15:49:47,174 - ERROR - CaseID: 2706
规划列缺少以下函数：
  名称: vla_control, 参数: {"action": "pause"}
规划列多出以下函数：
  名称: global_control, 参数: {"action": "pause"}
2026-03-23 15:49:47,174 - ERROR - CaseID: 2707
函数数量不匹配：预期1个，规划0个
规划列无有效函数
2026-03-23 15:49:47,174 - ERROR - CaseID: 2708
规划列缺少以下函数：
  名称: vla_control, 参数: {"action": "pause"}
规划列多出以下函数：
  名称: global_control, 参数: {"action": "pause"}
2026-03-23 15:49:47,174 - ERROR - CaseID: 2709
规划列缺少以下函数：
  名称: vla_control, 参数: {"action": "pause"}
规划列多出以下函数：
  名称: global_control, 参数: {"action": "pause"}
2026-03-23 15:49:47,175 - ERROR - CaseID: 2710
规划列缺少以下函数：
  名称: vla_control, 参数: {"action": "pause"}
规划列多出以下函数：
  名称: global_control, 参数: {"action": "pause"}
2026-03-23 15:49:47,175 - ERROR - CaseID: 2711
规划列缺少以下函数：
  名称: vla_control, 参数: {"action": "pause"}
规划列多出以下函数：
  名称: global_control, 参数: {"action": "pause"}
2026-03-23 15:49:47,175 - ERROR - CaseID: 2712
规划列缺少以下函数：
  名称: vla_control, 参数: {"action": "pause"}
规划列多出以下函数：
  名称: global_control, 参数: {"action": "pause"}
2026-03-23 15:49:47,175 - ERROR - CaseID: 2713
规划列缺少以下函数：
  名称: vla_control, 参数: {"action": "pause"}
规划列多出以下函数：
  名称: global_control, 参数: {"action": "pause"}
2026-03-23 15:49:47,175 - ERROR - CaseID: 2714
规划列缺少以下函数：
  名称: vla_control, 参数: {"action": "pause"}
规划列多出以下函数：
  名称: global_control, 参数: {"action": "pause"}
2026-03-23 15:49:47,175 - ERROR - CaseID: 2715
规划列缺少以下函数：
  名称: vla_control, 参数: {"action": "pause"}
规划列多出以下函数：
  名称: global_control, 参数: {"action": "pause"}
2026-03-23 15:49:47,175 - ERROR - CaseID: 2716
函数数量不匹配：预期1个，规划0个
规划列无有效函数
2026-03-23 15:49:47,176 - ERROR - CaseID: 2733
规划列缺少以下函数：
  名称: vla_control, 参数: {"action": "steer", "direction": "ROUND"}
规划列多出以下函数：
  名称: vla_control, 参数: {"action": "steer", "direction": "BACKWARD"}
2026-03-23 15:49:47,179 - ERROR - CaseID: 2781
规划列缺少以下函数：
  名称: vla_control, 参数: {"action": "park_in"}
规划列多出以下函数：
  名称: vla_control, 参数: {"action": "park"}
2026-03-23 15:49:47,182 - WARNING - 单行JSON解析失败（原始字符串：{"name":"vla_control","arguments":{"action":"park","point_desc":{"parking_space":"车位"}},"position":"...）: Extra data: line 1 column 105 (char 104)
2026-03-23 15:49:47,182 - ERROR - CaseID: 2798
函数数量不匹配：预期0个，规划1个
2026-03-23 15:49:47,182 - WARNING - 单行JSON解析失败（原始字符串：{"name":"vla_control","arguments":{"action":"park","point_desc":{"parking_space":"空位"}},"position":"...）: Extra data: line 1 column 104 (char 103)
2026-03-23 15:49:47,182 - ERROR - CaseID: 2799
函数数量不匹配：预期0个，规划1个
2026-03-23 15:49:47,183 - ERROR - CaseID: 2801
规划列缺少以下函数：
  名称: vla_control, 参数: {"action": "park", "position": "\u9644\u8fd1"}
规划列多出以下函数：
  名称: device_control, 参数: {"action": "unsupport"}
2026-03-23 15:49:47,183 - WARNING - 单行JSON解析失败（原始字符串：{"name":"vla_control","arguments":{"action":"park","point_desc":{"parking_space":"空位"}},"position":"...）: Extra data: line 1 column 105 (char 104)
2026-03-23 15:49:47,183 - ERROR - CaseID: 2808
函数数量不匹配：预期0个，规划1个
2026-03-23 15:49:47,183 - ERROR - CaseID: 2809
规划列缺少以下函数：
  名称: vla_control, 参数: {"action": "park", "position": "\u9644\u8fd1"}
规划列多出以下函数：
  名称: device_control, 参数: {"action": "unsupport"}
2026-03-23 15:49:47,183 - WARNING - 单行JSON解析失败（原始字符串：{"name":"vla_control","arguments":{"action":"park","point_desc":{"parking_space":"空位"}},"position":"...）: Extra data: line 1 column 104 (char 103)
2026-03-23 15:49:47,183 - ERROR - CaseID: 2813
函数数量不匹配：预期0个，规划1个
2026-03-23 15:49:47,184 - WARNING - 单行JSON解析失败（原始字符串：{"name":"vla_control","arguments":{"action":"park","point_desc":{"parking_space":"空位"}},"position":"...）: Extra data: line 1 column 105 (char 104)
2026-03-23 15:49:47,184 - ERROR - CaseID: 2815
函数数量不匹配：预期0个，规划1个
2026-03-23 15:49:47,184 - WARNING - 单行JSON解析失败（原始字符串：{"name":"vla_control","arguments":{"action":"park","point_desc":{"parking_space":"空位"}},"position":"...）: Extra data: line 1 column 104 (char 103)
2026-03-23 15:49:47,184 - ERROR - CaseID: 2816
函数数量不匹配：预期0个，规划1个
2026-03-23 15:49:47,184 - WARNING - 单行JSON解析失败（原始字符串：{"name":"vla_control","arguments":{"action":"park_in","point_desc":{"parking_space":"车位"}},"position...）: Extra data: line 1 column 108 (char 107)
2026-03-23 15:49:47,184 - ERROR - CaseID: 2819
函数数量不匹配：预期0个，规划1个
2026-03-23 15:49:47,184 - WARNING - 单行JSON解析失败（原始字符串：{"name":"vla_control","arguments":{"action":"park_in","point_desc":{"parking_space":"车位"}},"position...）: Extra data: line 1 column 108 (char 107)
2026-03-23 15:49:47,184 - ERROR - CaseID: 2820
函数数量不匹配：预期0个，规划1个
2026-03-23 15:49:47,184 - ERROR - CaseID: 2825
规划列缺少以下函数：
  名称: vla_control, 参数: {"action": "park_in", "position": "\u9644\u8fd1"}
规划列多出以下函数：
  名称: vla_control, 参数: {"action": "park", "position": "\u9644\u8fd1"}
2026-03-23 15:49:47,184 - WARNING - 单行JSON解析失败（原始字符串：{"name":"vla_control","arguments":{"action":"park_in","point_desc":{"parking_space":"位子"}},"position...）: Extra data: line 1 column 107 (char 106)
2026-03-23 15:49:47,184 - ERROR - CaseID: 2827
函数数量不匹配：预期0个，规划1个
2026-03-23 15:49:47,185 - WARNING - 单行JSON解析失败（原始字符串：{"name":"vla_control","arguments":{"action":"park_in","point_desc":{"parking_space":"位子"}},"position...）: Extra data: line 1 column 107 (char 106)
2026-03-23 15:49:47,185 - ERROR - CaseID: 2828
函数数量不匹配：预期0个，规划1个
2026-03-23 15:49:47,186 - ERROR - CaseID: 2855
规划列缺少以下函数：
  名称: vla_control, 参数: {"action": "navigate", "position": "\u5de6"}
规划列多出以下函数：
  名称: vla_control, 参数: {"action": "steer", "direction": "LEFT"}
2026-03-23 15:49:47,186 - ERROR - CaseID: 2856
规划列缺少以下函数：
  名称: vla_control, 参数: {"action": "navigate", "position": "\u53f3"}
规划列多出以下函数：
  名称: vla_control, 参数: {"action": "steer", "direction": "RIGHT"}
2026-03-23 15:49:47,186 - ERROR - CaseID: 2862
规划列缺少以下函数：
  名称: vla_control, 参数: {"action": "pause_drive", "position": "\u524d"}
规划列多出以下函数：
  名称: vla_control, 参数: {"action": "pause_drive"}
2026-03-23 15:49:47,187 - ERROR - CaseID: 2869
规划列缺少以下函数：
  名称: vla_control, 参数: {"action": "pause_drive", "position": "\u9760\u53f3"}
规划列多出以下函数：
  名称: vla_control, 参数: {"action": "pause_drive", "duration": "\u4e00\u4f1a\u513f", "position": "\u9760\u53f3"}
2026-03-23 15:49:47,187 - ERROR - CaseID: 2870
规划列缺少以下函数：
  名称: vla_control, 参数: {"action": "pause_drive", "position": "\u524d"}
规划列多出以下函数：
  名称: vla_control, 参数: {"action": "pause_drive", "point_desc": {"cross_range": 1}}
2026-03-23 15:49:47,187 - ERROR - CaseID: 2871
规划列缺少以下函数：
  名称: vla_control, 参数: {"action": "pause_drive", "position": "\u53f3"}
规划列多出以下函数：
  名称: vla_control, 参数: {"action": "pause_drive", "point_desc": {"cross_range": "1", "subject": "\u8def\u53e3"}, "position": "\u53f3"}
2026-03-23 15:49:47,190 - ERROR - CaseID: 2897
规划列缺少以下函数：
  名称: vla_control, 参数: {"action": "park_in", "point_tag": "HERE"}
规划列多出以下函数：
  名称: vla_control, 参数: {"action": "park", "point_tag": "HERE"}
2026-03-23 15:49:47,190 - ERROR - CaseID: 2899
规划列缺少以下函数：
  名称: vla_control, 参数: {"action": "park_in", "point_tag": "HERE"}
规划列多出以下函数：
  名称: vla_control, 参数: {"action": "park", "point_tag": "HERE"}
2026-03-23 15:49:47,194 - ERROR - CaseID: 2927
规划列缺少以下函数：
  名称: vla_control, 参数: {"action": "pause_drive", "point_tag": "HERE"}
规划列多出以下函数：
  名称: vla_control, 参数: {"action": "pause_drive", "location": "\u539f\u5730"}
2026-03-23 15:49:47,194 - ERROR - CaseID: 2928
规划列缺少以下函数：
  名称: vla_control, 参数: {"action": "pause_drive", "point_tag": "HERE"}
规划列多出以下函数：
  名称: vla_control, 参数: {"action": "pause_drive"}
2026-03-23 15:49:47,195 - ERROR - CaseID: 2931
规划列缺少以下函数：
  名称: vla_control, 参数: {"action": "pause_drive", "point_tag": "HERE"}
规划列多出以下函数：
  名称: vla_control, 参数: {"action": "pause_drive"}
2026-03-23 15:49:47,196 - WARNING - 单行JSON解析失败（原始字符串：{"name":"vla_control","arguments":{"action":"park","point_desc":{"parking_space":"车位"}}}}...）: Extra data: line 1 column 89 (char 88)
2026-03-23 15:49:47,196 - ERROR - CaseID: 2937
函数数量不匹配：预期0个，规划1个
2026-03-23 15:49:47,196 - WARNING - 单行JSON解析失败（原始字符串：{"name":"vla_control","arguments":{"action":"park","point_desc":{"parking_space":"空车位"}}}}...）: Extra data: line 1 column 90 (char 89)
2026-03-23 15:49:47,196 - ERROR - CaseID: 2938
函数数量不匹配：预期0个，规划1个
2026-03-23 15:49:47,196 - WARNING - 单行JSON解析失败（原始字符串：{"name":"vla_control","arguments":{"action":"park","point_desc":{"parking_space":"充电车位"}}}}...）: Extra data: line 1 column 91 (char 90)
2026-03-23 15:49:47,196 - ERROR - CaseID: 2939
函数数量不匹配：预期0个，规划1个
2026-03-23 15:49:47,196 - WARNING - 单行JSON解析失败（原始字符串：{"name":"vla_control","arguments":{"action":"park","point_desc":{"parking_space":"无障碍车位"}}}}...）: Extra data: line 1 column 92 (char 91)
2026-03-23 15:49:47,196 - ERROR - CaseID: 2940
函数数量不匹配：预期0个，规划1个
2026-03-23 15:49:47,196 - WARNING - 单行JSON解析失败（原始字符串：{"name":"vla_control","arguments":{"action":"park","point_desc":{"parking_space":"空车位"},"position":"...）: Extra data: line 1 column 105 (char 104)
2026-03-23 15:49:47,196 - ERROR - CaseID: 2941
函数数量不匹配：预期0个，规划1个
2026-03-23 15:49:47,196 - WARNING - 单行JSON解析失败（原始字符串：{"name":"vla_control","arguments":{"action":"park","point_desc":{"parking_space":"车位"}}}}...）: Extra data: line 1 column 89 (char 88)
2026-03-23 15:49:47,196 - ERROR - CaseID: 2942
函数数量不匹配：预期0个，规划1个
2026-03-23 15:49:47,196 - WARNING - 单行JSON解析失败（原始字符串：{"name":"vla_control","arguments":{"action":"park","point_desc":{"parking_space":"充电车位"}}}}...）: Extra data: line 1 column 91 (char 90)
2026-03-23 15:49:47,196 - ERROR - CaseID: 2943
函数数量不匹配：预期0个，规划1个
2026-03-23 15:49:47,197 - WARNING - 单行JSON解析失败（原始字符串：{"name":"vla_control","arguments":{"action":"park","point_desc":{"parking_space":"无障碍车位"}}}}...）: Extra data: line 1 column 92 (char 91)
2026-03-23 15:49:47,197 - ERROR - CaseID: 2944
函数数量不匹配：预期0个，规划1个
2026-03-23 15:49:47,197 - WARNING - 单行JSON解析失败（原始字符串：{"name":"vla_control","arguments":{"action":"park","point_desc":{"parking_space":"车位"}}}}...）: Extra data: line 1 column 89 (char 88)
2026-03-23 15:49:47,197 - ERROR - CaseID: 2945
函数数量不匹配：预期0个，规划1个
2026-03-23 15:49:47,197 - WARNING - 单行JSON解析失败（原始字符串：{"name":"vla_control","arguments":{"action":"park","point_desc":{"parking_space":"充电车位"}}}}...）: Extra data: line 1 column 91 (char 90)
2026-03-23 15:49:47,197 - ERROR - CaseID: 2946
函数数量不匹配：预期0个，规划1个
2026-03-23 15:49:47,197 - WARNING - 单行JSON解析失败（原始字符串：{"name":"vla_control","arguments":{"action":"park","point_desc":{"parking_space":"充电车位"}}}}...）: Extra data: line 1 column 91 (char 90)
2026-03-23 15:49:47,197 - ERROR - CaseID: 2947
函数数量不匹配：预期0个，规划1个
2026-03-23 15:49:47,197 - WARNING - 单行JSON解析失败（原始字符串：{"name":"vla_control","arguments":{"action":"park","point_desc":{"parking_space":"无障碍车位"}}}}...）: Extra data: line 1 column 92 (char 91)
2026-03-23 15:49:47,197 - ERROR - CaseID: 2948
函数数量不匹配：预期0个，规划1个
2026-03-23 15:49:47,197 - WARNING - 单行JSON解析失败（原始字符串：{"name":"vla_control","arguments":{"action":"park","point_desc":{"parking_space":"空车位"}}}}...）: Extra data: line 1 column 90 (char 89)
2026-03-23 15:49:47,197 - ERROR - CaseID: 2949
函数数量不匹配：预期0个，规划1个
2026-03-23 15:49:47,197 - WARNING - 单行JSON解析失败（原始字符串：{"name":"vla_control","arguments":{"action":"park","point_desc":{"parking_space":"充电车位"}}}}...）: Extra data: line 1 column 91 (char 90)
2026-03-23 15:49:47,197 - ERROR - CaseID: 2950
函数数量不匹配：预期0个，规划1个
2026-03-23 15:49:47,198 - WARNING - 单行JSON解析失败（原始字符串：{"name":"vla_control","arguments":{"action":"park","point_desc":{"parking_space":"空车位"}}}}...）: Extra data: line 1 column 90 (char 89)
2026-03-23 15:49:47,198 - ERROR - CaseID: 2951
函数数量不匹配：预期0个，规划1个
2026-03-23 15:49:47,198 - WARNING - 单行JSON解析失败（原始字符串：{"name":"vla_control","arguments":{"action":"park","point_desc":{"parking_space":"车位"}}}}...）: Extra data: line 1 column 89 (char 88)
2026-03-23 15:49:47,198 - ERROR - CaseID: 2952
函数数量不匹配：预期0个，规划1个
2026-03-23 15:49:47,198 - WARNING - 单行JSON解析失败（原始字符串：{"name":"vla_control","arguments":{"action":"park","point_desc":{"parking_space":"空车位"}}}}...）: Extra data: line 1 column 90 (char 89)
2026-03-23 15:49:47,198 - ERROR - CaseID: 2953
函数数量不匹配：预期0个，规划1个
2026-03-23 15:49:47,198 - WARNING - 单行JSON解析失败（原始字符串：{"name":"vla_control","arguments":{"action":"park","point_desc":{"parking_space":"充电车位"}}}}...）: Extra data: line 1 column 91 (char 90)
2026-03-23 15:49:47,198 - ERROR - CaseID: 2954
函数数量不匹配：预期0个，规划1个
2026-03-23 15:49:47,198 - WARNING - 单行JSON解析失败（原始字符串：{"name":"vla_control","arguments":{"action":"park","point_desc":{"parking_space":"无障碍车位"}}}}...）: Extra data: line 1 column 92 (char 91)
2026-03-23 15:49:47,198 - ERROR - CaseID: 2955
函数数量不匹配：预期0个，规划1个
2026-03-23 15:49:47,198 - WARNING - 单行JSON解析失败（原始字符串：{"name":"vla_control","arguments":{"action":"park","point_desc":{"parking_space":"无障碍车位"}}}}...）: Extra data: line 1 column 92 (char 91)
2026-03-23 15:49:47,199 - ERROR - CaseID: 2956
函数数量不匹配：预期0个，规划1个
2026-03-23 15:49:47,199 - WARNING - 单行JSON解析失败（原始字符串：{"name":"vla_control","arguments":{"action":"park_in","point_desc":{"parking_space":"车位"}}}}...）: Extra data: line 1 column 92 (char 91)
2026-03-23 15:49:47,199 - ERROR - CaseID: 2957
函数数量不匹配：预期0个，规划1个
2026-03-23 15:49:47,199 - WARNING - 单行JSON解析失败（原始字符串：{"name":"vla_control","arguments":{"action":"park_in","point_desc":{"parking_space":"充电车位"}}}}...）: Extra data: line 1 column 94 (char 93)
2026-03-23 15:49:47,199 - ERROR - CaseID: 2958
函数数量不匹配：预期0个，规划1个
2026-03-23 15:49:47,199 - WARNING - 单行JSON解析失败（原始字符串：{"name":"vla_control","arguments":{"action":"park_in","point_desc":{"parking_space":"无障碍车位"}}}}...）: Extra data: line 1 column 95 (char 94)
2026-03-23 15:49:47,199 - ERROR - CaseID: 2959
函数数量不匹配：预期0个，规划1个
2026-03-23 15:49:47,199 - WARNING - 单行JSON解析失败（原始字符串：{"name":"vla_control","arguments":{"action":"park_in","point_desc":{"parking_space":"VIP车位"}}}}...）: Extra data: line 1 column 95 (char 94)
2026-03-23 15:49:47,200 - ERROR - CaseID: 2960
函数数量不匹配：预期0个，规划1个
2026-03-23 15:49:47,200 - WARNING - 单行JSON解析失败（原始字符串：{"name":"vla_control","arguments":{"action":"park_in","point_desc":{"parking_space":"车位"}}}}...）: Extra data: line 1 column 92 (char 91)
2026-03-23 15:49:47,200 - ERROR - CaseID: 2961
函数数量不匹配：预期0个，规划1个
2026-03-23 15:49:47,200 - WARNING - 单行JSON解析失败（原始字符串：{"name":"vla_control","arguments":{"action":"park_in","point_desc":{"parking_space":"充电车位"}}}}...）: Extra data: line 1 column 94 (char 93)
2026-03-23 15:49:47,200 - ERROR - CaseID: 2962
函数数量不匹配：预期0个，规划1个
2026-03-23 15:49:47,200 - WARNING - 单行JSON解析失败（原始字符串：{"name":"vla_control","arguments":{"action":"park_in","point_desc":{"parking_space":"无障碍车位"}}}}...）: Extra data: line 1 column 95 (char 94)
2026-03-23 15:49:47,200 - ERROR - CaseID: 2963
函数数量不匹配：预期0个，规划1个
2026-03-23 15:49:47,200 - WARNING - 单行JSON解析失败（原始字符串：{"name":"vla_control","arguments":{"action":"park_in","point_desc":{"parking_space":"VIP车位"}}}}...）: Extra data: line 1 column 95 (char 94)
2026-03-23 15:49:47,201 - ERROR - CaseID: 2964
函数数量不匹配：预期0个，规划1个
2026-03-23 15:49:47,201 - WARNING - 单行JSON解析失败（原始字符串：{"name":"vla_control","arguments":{"action":"park_in","point_desc":{"parking_space":"充电车位"}}}}...）: Extra data: line 1 column 94 (char 93)
2026-03-23 15:49:47,201 - ERROR - CaseID: 2965
函数数量不匹配：预期0个，规划1个
2026-03-23 15:49:47,201 - WARNING - 单行JSON解析失败（原始字符串：{"name":"vla_control","arguments":{"action":"park_in","point_desc":{"parking_space":"车位"}}}}...）: Extra data: line 1 column 92 (char 91)
2026-03-23 15:49:47,201 - ERROR - CaseID: 2966
函数数量不匹配：预期0个，规划1个
2026-03-23 15:49:47,202 - WARNING - 单行JSON解析失败（原始字符串：{"name":"vla_control","arguments":{"action":"park_in","point_desc":{"parking_space":"无障碍车位"}}}}...）: Extra data: line 1 column 95 (char 94)
2026-03-23 15:49:47,202 - ERROR - CaseID: 2967
函数数量不匹配：预期0个，规划1个
2026-03-23 15:49:47,202 - WARNING - 单行JSON解析失败（原始字符串：{"name":"vla_control","arguments":{"action":"park_in","point_desc":{"parking_space":"VIP车位"}}}}...）: Extra data: line 1 column 95 (char 94)
2026-03-23 15:49:47,202 - ERROR - CaseID: 2968
函数数量不匹配：预期0个，规划1个
2026-03-23 15:49:47,202 - WARNING - 单行JSON解析失败（原始字符串：{"name":"vla_control","arguments":{"action":"park_in","point_desc":{"parking_space":"车位"}}}}...）: Extra data: line 1 column 92 (char 91)
2026-03-23 15:49:47,202 - ERROR - CaseID: 2969
函数数量不匹配：预期0个，规划1个
2026-03-23 15:49:47,202 - WARNING - 单行JSON解析失败（原始字符串：{"name":"vla_control","arguments":{"action":"park_in","point_desc":{"parking_space":"无障碍车位"}}}}...）: Extra data: line 1 column 95 (char 94)
2026-03-23 15:49:47,202 - ERROR - CaseID: 2970
函数数量不匹配：预期0个，规划1个
2026-03-23 15:49:47,202 - WARNING - 单行JSON解析失败（原始字符串：{"name":"vla_control","arguments":{"action":"park_in","point_desc":{"parking_space":"车位"}}}}...）: Extra data: line 1 column 92 (char 91)
2026-03-23 15:49:47,203 - ERROR - CaseID: 2971
函数数量不匹配：预期0个，规划1个
2026-03-23 15:49:47,203 - WARNING - 单行JSON解析失败（原始字符串：{"name":"vla_control","arguments":{"action":"park_in","point_desc":{"parking_space":"充电车位"}}}}...）: Extra data: line 1 column 94 (char 93)
2026-03-23 15:49:47,203 - ERROR - CaseID: 2972
函数数量不匹配：预期0个，规划1个
2026-03-23 15:49:47,203 - WARNING - 单行JSON解析失败（原始字符串：{"name":"vla_control","arguments":{"action":"park_in","point_desc":{"parking_space":"车位"}}}}...）: Extra data: line 1 column 92 (char 91)
2026-03-23 15:49:47,203 - ERROR - CaseID: 2973
函数数量不匹配：预期0个，规划1个
2026-03-23 15:49:47,203 - WARNING - 单行JSON解析失败（原始字符串：{"name":"vla_control","arguments":{"action":"park_in","point_desc":{"parking_space":"车位"}}}}...）: Extra data: line 1 column 92 (char 91)
2026-03-23 15:49:47,203 - ERROR - CaseID: 2974
函数数量不匹配：预期0个，规划1个
2026-03-23 15:49:47,204 - WARNING - 单行JSON解析失败（原始字符串：{"name":"vla_control","arguments":{"action":"park_in","point_desc":{"parking_space":"充电车位"}}}}...）: Extra data: line 1 column 94 (char 93)
2026-03-23 15:49:47,204 - ERROR - CaseID: 2975
函数数量不匹配：预期0个，规划1个
2026-03-23 15:49:47,204 - WARNING - 单行JSON解析失败（原始字符串：{"name":"vla_control","arguments":{"action":"park_in","point_desc":{"parking_space":"无障碍车位"}}}}...）: Extra data: line 1 column 95 (char 94)
2026-03-23 15:49:47,204 - ERROR - CaseID: 2976
函数数量不匹配：预期0个，规划1个
2026-03-23 15:49:47,205 - WARNING - 单行JSON解析失败（原始字符串：{"name":"vla_control","arguments":{"action":"navigate","point_desc":{"parking_space":"空车位"}}}}...）: Extra data: line 1 column 94 (char 93)
2026-03-23 15:49:47,205 - ERROR - CaseID: 2977
函数数量不匹配：预期0个，规划1个
2026-03-23 15:49:47,205 - WARNING - 单行JSON解析失败（原始字符串：{"name":"vla_control","arguments":{"action":"navigate","point_desc":{"parking_space":"空车位"}}}}...）: Extra data: line 1 column 94 (char 93)
2026-03-23 15:49:47,205 - ERROR - CaseID: 2978
函数数量不匹配：预期0个，规划1个
2026-03-23 15:49:47,206 - WARNING - 单行JSON解析失败（原始字符串：{"name":"vla_control","arguments":{"action":"navigate","point_desc":{"parking_space":"空车位"}}}}...）: Extra data: line 1 column 94 (char 93)
2026-03-23 15:49:47,206 - ERROR - CaseID: 2979
函数数量不匹配：预期0个，规划1个
2026-03-23 15:49:47,206 - WARNING - 单行JSON解析失败（原始字符串：{"name":"vla_control","arguments":{"action":"navigate","point_desc":{"parking_space":"空车位"}}}}...）: Extra data: line 1 column 94 (char 93)
2026-03-23 15:49:47,206 - ERROR - CaseID: 2980
函数数量不匹配：预期0个，规划1个
2026-03-23 15:49:47,207 - WARNING - 单行JSON解析失败（原始字符串：{"name":"vla_control","arguments":{"action":"navigate","point_desc":{"parking_space":"空车位"}}}}...）: Extra data: line 1 column 94 (char 93)
2026-03-23 15:49:47,207 - ERROR - CaseID: 2981
函数数量不匹配：预期0个，规划1个
2026-03-23 15:49:47,207 - WARNING - 单行JSON解析失败（原始字符串：{"name":"vla_control","arguments":{"action":"navigate","point_desc":{"parking_space":"空车位"}}}}...）: Extra data: line 1 column 94 (char 93)
2026-03-23 15:49:47,207 - ERROR - CaseID: 2982
函数数量不匹配：预期0个，规划1个
2026-03-23 15:49:47,208 - WARNING - 单行JSON解析失败（原始字符串：{"name":"vla_control","arguments":{"action":"navigate","point_desc":{"parking_space":"空车位"}}}}...）: Extra data: line 1 column 94 (char 93)
2026-03-23 15:49:47,208 - ERROR - CaseID: 2983
函数数量不匹配：预期0个，规划1个
2026-03-23 15:49:47,208 - WARNING - 单行JSON解析失败（原始字符串：{"name":"vla_control","arguments":{"action":"navigate","point_desc":{"parking_space":"充电车位"}}}}...）: Extra data: line 1 column 95 (char 94)
2026-03-23 15:49:47,209 - ERROR - CaseID: 2984
函数数量不匹配：预期0个，规划1个
2026-03-23 15:49:47,209 - WARNING - 单行JSON解析失败（原始字符串：{"name":"vla_control","arguments":{"action":"navigate","point_desc":{"parking_space":"充电车位"}}}}...）: Extra data: line 1 column 95 (char 94)
2026-03-23 15:49:47,209 - ERROR - CaseID: 2985
函数数量不匹配：预期0个，规划1个
2026-03-23 15:49:47,210 - WARNING - 单行JSON解析失败（原始字符串：{"name":"vla_control","arguments":{"action":"navigate","point_desc":{"parking_space":"充电车位"}}}}...）: Extra data: line 1 column 95 (char 94)
2026-03-23 15:49:47,210 - ERROR - CaseID: 2986
函数数量不匹配：预期0个，规划1个
2026-03-23 15:49:47,210 - WARNING - 单行JSON解析失败（原始字符串：{"name":"vla_control","arguments":{"action":"navigate","point_desc":{"parking_space":"充电车位"}}}}...）: Extra data: line 1 column 95 (char 94)
2026-03-23 15:49:47,210 - ERROR - CaseID: 2987
函数数量不匹配：预期0个，规划1个
2026-03-23 15:49:47,211 - WARNING - 单行JSON解析失败（原始字符串：{"name":"vla_control","arguments":{"action":"navigate","point_desc":{"parking_space":"充电车位"}}}}...）: Extra data: line 1 column 95 (char 94)
2026-03-23 15:49:47,211 - ERROR - CaseID: 2988
函数数量不匹配：预期0个，规划1个
2026-03-23 15:49:47,211 - WARNING - 单行JSON解析失败（原始字符串：{"name":"vla_control","arguments":{"action":"navigate","point_desc":{"parking_space":"充电车位"}}}}...）: Extra data: line 1 column 95 (char 94)
2026-03-23 15:49:47,211 - ERROR - CaseID: 2989
函数数量不匹配：预期0个，规划1个
2026-03-23 15:49:47,211 - WARNING - 单行JSON解析失败（原始字符串：{"name":"vla_control","arguments":{"action":"navigate","point_desc":{"parking_space":"充电车位"}}}}...）: Extra data: line 1 column 95 (char 94)
2026-03-23 15:49:47,212 - ERROR - CaseID: 2990
函数数量不匹配：预期0个，规划1个
2026-03-23 15:49:47,212 - WARNING - 单行JSON解析失败（原始字符串：{"name":"vla_control","arguments":{"action":"navigate","point_desc":{"parking_space":"无障碍车位"}}}}...）: Extra data: line 1 column 96 (char 95)
2026-03-23 15:49:47,212 - ERROR - CaseID: 2991
函数数量不匹配：预期0个，规划1个
2026-03-23 15:49:47,212 - WARNING - 单行JSON解析失败（原始字符串：{"name":"vla_control","arguments":{"action":"navigate","point_desc":{"parking_space":"无障碍车位"}}}}...）: Extra data: line 1 column 96 (char 95)
2026-03-23 15:49:47,212 - ERROR - CaseID: 2992
函数数量不匹配：预期0个，规划1个
2026-03-23 15:49:47,213 - WARNING - 单行JSON解析失败（原始字符串：{"name":"vla_control","arguments":{"action":"navigate","point_desc":{"parking_space":"无障碍车位"}}}}...）: Extra data: line 1 column 96 (char 95)
2026-03-23 15:49:47,213 - ERROR - CaseID: 2993
函数数量不匹配：预期0个，规划1个
2026-03-23 15:49:47,213 - WARNING - 单行JSON解析失败（原始字符串：{"name":"vla_control","arguments":{"action":"navigate","point_desc":{"parking_space":"无障碍车位"}}}}...）: Extra data: line 1 column 96 (char 95)
2026-03-23 15:49:47,213 - ERROR - CaseID: 2994
函数数量不匹配：预期0个，规划1个
2026-03-23 15:49:47,214 - WARNING - 单行JSON解析失败（原始字符串：{"name":"vla_control","arguments":{"action":"navigate","point_desc":{"parking_space":"无障碍车位"}}}}...）: Extra data: line 1 column 96 (char 95)
2026-03-23 15:49:47,214 - ERROR - CaseID: 2995
函数数量不匹配：预期0个，规划1个
2026-03-23 15:49:47,214 - WARNING - 单行JSON解析失败（原始字符串：{"name":"vla_control","arguments":{"action":"navigate","point_desc":{"parking_space":"无障碍车位"}}}}...）: Extra data: line 1 column 96 (char 95)
2026-03-23 15:49:47,214 - ERROR - CaseID: 2996
函数数量不匹配：预期0个，规划1个
2026-03-23 15:49:47,215 - WARNING - 单行JSON解析失败（原始字符串：{"name":"vla_control","arguments":{"action":"pause_drive","point_desc":{"parking_space":"空车位"}}}}...）: Extra data: line 1 column 97 (char 96)
2026-03-23 15:49:47,215 - ERROR - CaseID: 2997
函数数量不匹配：预期0个，规划1个
2026-03-23 15:49:47,215 - WARNING - 单行JSON解析失败（原始字符串：{"name":"vla_control","arguments":{"action":"pause_drive","point_desc":{"parking_space":"空车位"}}}}...）: Extra data: line 1 column 97 (char 96)
2026-03-23 15:49:47,215 - ERROR - CaseID: 2998
函数数量不匹配：预期0个，规划1个
2026-03-23 15:49:47,216 - INFO - 已处理 3000 行数据
2026-03-23 15:49:47,216 - WARNING - 单行JSON解析失败（原始字符串：{"name":"vla_control","arguments":{"action":"pause_drive","point_desc":{"parking_space":"空车位"}}}}...）: Extra data: line 1 column 97 (char 96)
2026-03-23 15:49:47,216 - ERROR - CaseID: 2999
函数数量不匹配：预期0个，规划1个
2026-03-23 15:49:47,217 - WARNING - 单行JSON解析失败（原始字符串：{"name":"vla_control","arguments":{"action":"pause_drive","point_desc":{"parking_space":"空车位"}}}}...）: Extra data: line 1 column 97 (char 96)
2026-03-23 15:49:47,217 - ERROR - CaseID: 3000
函数数量不匹配：预期0个，规划2个
2026-03-23 15:49:47,903 - WARNING - 单行JSON解析失败（原始字符串：{"name":"vla_control","arguments":{"action":"pause_drive","point_desc":{"parking_space":"空车位"}}}}...）: Extra data: line 1 column 97 (char 96)
2026-03-23 15:49:47,904 - ERROR - CaseID: 3001
函数数量不匹配：预期0个，规划2个
2026-03-23 15:49:47,904 - WARNING - 单行JSON解析失败（原始字符串：{"name":"vla_control","arguments":{"action":"pause_drive","point_desc":{"parking_space":"空车位"}}}}...）: Extra data: line 1 column 97 (char 96)
2026-03-23 15:49:47,904 - ERROR - CaseID: 3002
函数数量不匹配：预期0个，规划1个
2026-03-23 15:49:47,904 - WARNING - 单行JSON解析失败（原始字符串：{"name":"vla_control","arguments":{"action":"pause_drive","point_desc":{"parking_space":"空车位"}}}}...）: Extra data: line 1 column 97 (char 96)
2026-03-23 15:49:47,905 - ERROR - CaseID: 3003
函数数量不匹配：预期0个，规划1个
2026-03-23 15:49:47,905 - WARNING - 单行JSON解析失败（原始字符串：{"name":"vla_control","arguments":{"action":"pause_drive","point_desc":{"parking_space":"空车位"}}}}...）: Extra data: line 1 column 97 (char 96)
2026-03-23 15:49:47,905 - ERROR - CaseID: 3004
函数数量不匹配：预期0个，规划1个
2026-03-23 15:49:47,905 - WARNING - 单行JSON解析失败（原始字符串：{"name":"vla_control","arguments":{"action":"pause_drive","point_desc":{"parking_space":"充电车位"}}}}...）: Extra data: line 1 column 98 (char 97)
2026-03-23 15:49:47,905 - ERROR - CaseID: 3005
函数数量不匹配：预期0个，规划1个
2026-03-23 15:49:47,905 - WARNING - 单行JSON解析失败（原始字符串：{"name":"vla_control","arguments":{"action":"pause_drive","point_desc":{"parking_space":"充电车位"}}}}...）: Extra data: line 1 column 98 (char 97)
2026-03-23 15:49:47,905 - ERROR - CaseID: 3006
函数数量不匹配：预期0个，规划1个
2026-03-23 15:49:47,905 - WARNING - 单行JSON解析失败（原始字符串：{"name":"vla_control","arguments":{"action":"pause_drive","point_desc":{"parking_space":"充电车位"}}}}...）: Extra data: line 1 column 98 (char 97)
2026-03-23 15:49:47,905 - ERROR - CaseID: 3007
函数数量不匹配：预期0个，规划1个
2026-03-23 15:49:47,905 - WARNING - 单行JSON解析失败（原始字符串：{"name":"vla_control","arguments":{"action":"pause_drive","point_desc":{"parking_space":"充电车位"}}}}...）: Extra data: line 1 column 98 (char 97)
2026-03-23 15:49:47,905 - ERROR - CaseID: 3008
函数数量不匹配：预期0个，规划1个
2026-03-23 15:49:47,906 - WARNING - 单行JSON解析失败（原始字符串：{"name":"vla_control","arguments":{"action":"pause_drive","point_desc":{"parking_space":"充电车位"}}}}...）: Extra data: line 1 column 98 (char 97)
2026-03-23 15:49:47,906 - ERROR - CaseID: 3009
函数数量不匹配：预期0个，规划1个
2026-03-23 15:49:47,906 - WARNING - 单行JSON解析失败（原始字符串：{"name":"vla_control","arguments":{"action":"pause_drive","point_desc":{"parking_space":"充电车位"}}}}...）: Extra data: line 1 column 98 (char 97)
2026-03-23 15:49:47,906 - ERROR - CaseID: 3010
函数数量不匹配：预期0个，规划1个
2026-03-23 15:49:47,906 - WARNING - 单行JSON解析失败（原始字符串：{"name":"vla_control","arguments":{"action":"pause_drive","point_desc":{"parking_space":"充电车位"}}}}...）: Extra data: line 1 column 98 (char 97)
2026-03-23 15:49:47,906 - ERROR - CaseID: 3011
函数数量不匹配：预期0个，规划1个
2026-03-23 15:49:47,906 - WARNING - 单行JSON解析失败（原始字符串：{"name":"vla_control","arguments":{"action":"pause_drive","point_desc":{"parking_space":"VIP车位"}}}}...）: Extra data: line 1 column 99 (char 98)
2026-03-23 15:49:47,906 - ERROR - CaseID: 3012
函数数量不匹配：预期0个，规划1个
2026-03-23 15:49:47,906 - WARNING - 单行JSON解析失败（原始字符串：{"name":"vla_control","arguments":{"action":"pause_drive","point_desc":{"parking_space":"VIP车位"}}}}...）: Extra data: line 1 column 99 (char 98)
2026-03-23 15:49:47,906 - ERROR - CaseID: 3013
函数数量不匹配：预期0个，规划1个
2026-03-23 15:49:47,907 - WARNING - 单行JSON解析失败（原始字符串：{"name":"vla_control","arguments":{"action":"pause_drive","point_desc":{"parking_space":"VIP车位"}}}}...）: Extra data: line 1 column 99 (char 98)
2026-03-23 15:49:47,907 - ERROR - CaseID: 3014
函数数量不匹配：预期0个，规划1个
2026-03-23 15:49:47,907 - WARNING - 单行JSON解析失败（原始字符串：{"name":"vla_control","arguments":{"action":"pause_drive","point_desc":{"parking_space":"VIP车位"}}}}...）: Extra data: line 1 column 99 (char 98)
2026-03-23 15:49:47,907 - ERROR - CaseID: 3015
函数数量不匹配：预期0个，规划1个
2026-03-23 15:49:47,907 - WARNING - 单行JSON解析失败（原始字符串：{"name":"vla_control","arguments":{"action":"pause_drive","point_desc":{"parking_space":"VIP车位"}}}}...）: Extra data: line 1 column 99 (char 98)
2026-03-23 15:49:47,907 - ERROR - CaseID: 3016
函数数量不匹配：预期0个，规划1个
2026-03-23 15:49:47,907 - ERROR - CaseID: 3020
规划列缺少以下函数：
  名称: vla_control, 参数: {"action": "resume_drive"}
规划列多出以下函数：
  名称: device_control, 参数: {"action": "unsupport"}
2026-03-23 15:49:47,907 - ERROR - CaseID: 3022
函数数量不匹配：预期1个，规划0个
规划列无有效函数
2026-03-23 15:49:47,908 - ERROR - CaseID: 3026
规划列缺少以下函数：
  名称: vla_control, 参数: {"action": "resume_drive"}
规划列多出以下函数：
  名称: vla_control, 参数: {"action": "cancel_navigate", "direction": "OUT"}
2026-03-23 15:49:47,908 - ERROR - CaseID: 3032
函数数量不匹配：预期1个，规划0个
规划列无有效函数
2026-03-23 15:49:47,909 - INFO - 开始分片写入 3036 条结果，每片 2000 条
2026-03-23 15:49:48,431 - INFO - 已写入第 1-2000 行结果
2026-03-23 15:49:49,330 - INFO - 已写入第 2001-3036 行结果
2026-03-23 15:49:49,834 - INFO - === IM_vehicle_control 流程完成，耗时: 11.95秒 ===
