2026-03-23 09:23:18,959 - INFO - === 4o_vehicle_control API对比工具启动 ===
2026-03-23 09:23:21,981 - WARNING - CaseID: 10 - 参数解析失败: Expecting ',' delimiter: line 1 column 53 (char 52), 原始数据: {"action":"park","point_desc":{"parking_space":"车位
2026-03-23 09:23:21,981 - WARNING - CaseID: 10 - name和args数量不匹配（name:1个, args:0个），跳过该组对比
2026-03-23 09:23:21,981 - ERROR - CaseID: 10
结果数量不匹配: 预期0个，实际1个
2026-03-23 09:23:21,981 - WARNING - CaseID: 11 - 参数解析失败: Expecting ',' delimiter: line 1 column 56 (char 55), 原始数据: {"action":"park_in","point_desc":{"parking_space":
2026-03-23 09:23:21,981 - WARNING - CaseID: 11 - name和args数量不匹配（name:1个, args:0个），跳过该组对比
2026-03-23 09:23:21,981 - ERROR - CaseID: 11
结果数量不匹配: 预期0个，实际1个
2026-03-23 09:23:21,981 - WARNING - CaseID: 12 - 参数解析失败: Expecting ',' delimiter: line 1 column 57 (char 56), 原始数据: {"action":"navigate","point_desc":{"parking_space"
2026-03-23 09:23:21,981 - WARNING - CaseID: 12 - name和args数量不匹配（name:1个, args:0个），跳过该组对比
2026-03-23 09:23:21,981 - ERROR - CaseID: 12
结果数量不匹配: 预期0个，实际1个
2026-03-23 09:23:21,983 - WARNING - CaseID: 47 - 参数解析失败: Expecting ',' delimiter: line 1 column 59 (char 58), 原始数据: {"action":"pause_park","point_desc":{"parking_spac
2026-03-23 09:23:21,983 - WARNING - CaseID: 47 - name和args数量不匹配（name:1个, args:0个），跳过该组对比
2026-03-23 09:23:21,983 - ERROR - CaseID: 47
结果数量不匹配: 预期0个，实际1个
2026-03-23 09:23:21,983 - WARNING - CaseID: 48 - 参数解析失败: Expecting ',' delimiter: line 1 column 59 (char 58), 原始数据: {"action":"pause_park","point_desc":{"parking_spac
2026-03-23 09:23:21,983 - WARNING - CaseID: 48 - name和args数量不匹配（name:1个, args:0个），跳过该组对比
2026-03-23 09:23:21,983 - ERROR - CaseID: 48
结果数量不匹配: 预期0个，实际1个
2026-03-23 09:23:21,983 - WARNING - CaseID: 49 - 参数解析失败: Expecting ',' delimiter: line 1 column 62 (char 61), 原始数据: {"action":"pause_park_in","point_desc":{"parking_s
2026-03-23 09:23:21,983 - WARNING - CaseID: 49 - name和args数量不匹配（name:1个, args:0个），跳过该组对比
2026-03-23 09:23:21,983 - ERROR - CaseID: 49
结果数量不匹配: 预期0个，实际1个
2026-03-23 09:23:21,983 - WARNING - CaseID: 50 - 参数解析失败: Expecting ',' delimiter: line 1 column 62 (char 61), 原始数据: {"action":"pause_park_in","point_desc":{"parking_s
2026-03-23 09:23:21,983 - WARNING - CaseID: 50 - name和args数量不匹配（name:1个, args:0个），跳过该组对比
2026-03-23 09:23:21,984 - ERROR - CaseID: 50
结果数量不匹配: 预期0个，实际1个
2026-03-23 09:23:21,984 - WARNING - CaseID: 51 - 参数解析失败: Expecting ',' delimiter: line 1 column 63 (char 62), 原始数据: {"action":"pause_navigate","point_desc":{"parking_
2026-03-23 09:23:21,984 - WARNING - CaseID: 51 - name和args数量不匹配（name:1个, args:0个），跳过该组对比
2026-03-23 09:23:21,984 - ERROR - CaseID: 51
结果数量不匹配: 预期0个，实际1个
2026-03-23 09:23:21,984 - WARNING - CaseID: 52 - 参数解析失败: Expecting ',' delimiter: line 1 column 63 (char 62), 原始数据: {"action":"pause_navigate","point_desc":{"parking_
2026-03-23 09:23:21,984 - WARNING - CaseID: 52 - name和args数量不匹配（name:1个, args:0个），跳过该组对比
2026-03-23 09:23:21,984 - ERROR - CaseID: 52
结果数量不匹配: 预期0个，实际1个
2026-03-23 09:23:21,985 - WARNING - CaseID: 69 - 参数解析失败: Expecting ',' delimiter: line 1 column 60 (char 59), 原始数据: {"action":"cancel_park","point_desc":{"parking_spa
2026-03-23 09:23:21,985 - WARNING - CaseID: 69 - name和args数量不匹配（name:1个, args:0个），跳过该组对比
2026-03-23 09:23:21,985 - ERROR - CaseID: 69
结果数量不匹配: 预期0个，实际1个
2026-03-23 09:23:21,985 - WARNING - CaseID: 70 - 参数解析失败: Expecting ',' delimiter: line 1 column 60 (char 59), 原始数据: {"action":"cancel_park","point_desc":{"parking_spa
2026-03-23 09:23:21,985 - WARNING - CaseID: 70 - name和args数量不匹配（name:1个, args:0个），跳过该组对比
2026-03-23 09:23:21,985 - ERROR - CaseID: 70
结果数量不匹配: 预期0个，实际1个
2026-03-23 09:23:21,985 - WARNING - CaseID: 71 - 参数解析失败: Expecting ',' delimiter: line 1 column 63 (char 62), 原始数据: {"action":"cancel_park_in","point_desc":{"parking_
2026-03-23 09:23:21,985 - WARNING - CaseID: 71 - name和args数量不匹配（name:1个, args:0个），跳过该组对比
2026-03-23 09:23:21,985 - ERROR - CaseID: 71
结果数量不匹配: 预期0个，实际1个
2026-03-23 09:23:21,985 - WARNING - CaseID: 72 - 参数解析失败: Expecting ',' delimiter: line 1 column 63 (char 62), 原始数据: {"action":"cancel_park_in","point_desc":{"parking_
2026-03-23 09:23:21,985 - WARNING - CaseID: 72 - name和args数量不匹配（name:1个, args:0个），跳过该组对比
2026-03-23 09:23:21,985 - ERROR - CaseID: 72
结果数量不匹配: 预期0个，实际1个
2026-03-23 09:23:21,985 - WARNING - CaseID: 73 - 参数解析失败: Expecting ',' delimiter: line 1 column 64 (char 63), 原始数据: {"action":"cancel_navigate","point_desc":{"parking
2026-03-23 09:23:21,985 - WARNING - CaseID: 73 - name和args数量不匹配（name:1个, args:0个），跳过该组对比
2026-03-23 09:23:21,985 - ERROR - CaseID: 73
结果数量不匹配: 预期0个，实际1个
2026-03-23 09:23:21,985 - WARNING - CaseID: 74 - 参数解析失败: Expecting ',' delimiter: line 1 column 64 (char 63), 原始数据: {"action":"cancel_navigate","point_desc":{"parking
2026-03-23 09:23:21,985 - WARNING - CaseID: 74 - name和args数量不匹配（name:1个, args:0个），跳过该组对比
2026-03-23 09:23:21,985 - ERROR - CaseID: 74
结果数量不匹配: 预期0个，实际1个
2026-03-23 09:23:21,986 - WARNING - CaseID: 90 - 参数解析失败: Expecting ',' delimiter: line 1 column 75 (char 74), 原始数据: {"action":"pause_park","position":"靠左","point_desc
2026-03-23 09:23:21,986 - WARNING - CaseID: 90 - name和args数量不匹配（name:1个, args:0个），跳过该组对比
2026-03-23 09:23:21,986 - ERROR - CaseID: 90
结果数量不匹配: 预期0个，实际1个
2026-03-23 09:23:21,986 - WARNING - CaseID: 91 - 参数解析失败: Expecting ',' delimiter: line 1 column 74 (char 73), 原始数据: {"action":"pause_park","position":"中","point_desc"
2026-03-23 09:23:21,986 - WARNING - CaseID: 91 - name和args数量不匹配（name:1个, args:0个），跳过该组对比
2026-03-23 09:23:21,986 - ERROR - CaseID: 91
结果数量不匹配: 预期0个，实际1个
2026-03-23 09:23:21,986 - WARNING - CaseID: 92 - 参数解析失败: Expecting ',' delimiter: line 1 column 78 (char 77), 原始数据: {"action":"pause_park_in","position":"靠左","point_d
2026-03-23 09:23:21,986 - WARNING - CaseID: 92 - name和args数量不匹配（name:1个, args:0个），跳过该组对比
2026-03-23 09:23:21,987 - ERROR - CaseID: 92
结果数量不匹配: 预期0个，实际1个
2026-03-23 09:23:21,987 - WARNING - CaseID: 93 - 参数解析失败: Expecting ',' delimiter: line 1 column 78 (char 77), 原始数据: {"action":"pause_park_in","position":"靠右","point_d
2026-03-23 09:23:21,987 - WARNING - CaseID: 93 - name和args数量不匹配（name:1个, args:0个），跳过该组对比
2026-03-23 09:23:21,987 - ERROR - CaseID: 93
结果数量不匹配: 预期0个，实际1个
2026-03-23 09:23:21,987 - WARNING - CaseID: 94 - 参数解析失败: Expecting ',' delimiter: line 1 column 79 (char 78), 原始数据: {"action":"pause_navigate","position":"靠左","point_
2026-03-23 09:23:21,987 - WARNING - CaseID: 94 - name和args数量不匹配（name:1个, args:0个），跳过该组对比
2026-03-23 09:23:21,987 - ERROR - CaseID: 94
结果数量不匹配: 预期0个，实际1个
2026-03-23 09:23:21,987 - WARNING - CaseID: 95 - 参数解析失败: Expecting ',' delimiter: line 1 column 79 (char 78), 原始数据: {"action":"pause_navigate","position":"靠右","point_
2026-03-23 09:23:21,987 - WARNING - CaseID: 95 - name和args数量不匹配（name:1个, args:0个），跳过该组对比
2026-03-23 09:23:21,987 - ERROR - CaseID: 95
结果数量不匹配: 预期0个，实际1个
2026-03-23 09:23:21,988 - ERROR - CaseID: 111
实际结果缺少以下预期项：
  名称: vla_control, 参数: {"action": "cancel_park", "point_desc": {"parking_space": "\u8f66\u4f4d"}, "position": "\u9760\u53f3"}
实际结果多出以下非预期项：
  名称: vla_control, 参数: {"action": "cancel_park", "point_desc": {"parking_space": "\u8f66\u4f4d"}}
2026-03-23 09:23:21,989 - WARNING - CaseID: 134 - 参数解析失败: Expecting ',' delimiter: line 1 column 57 (char 56), 原始数据: {"action":"park_out","point_desc":{"parking_space"
2026-03-23 09:23:21,989 - WARNING - CaseID: 134 - name和args数量不匹配（name:1个, args:0个），跳过该组对比
2026-03-23 09:23:21,989 - ERROR - CaseID: 134
结果数量不匹配: 预期0个，实际1个
2026-03-23 09:23:21,989 - WARNING - CaseID: 135 - 参数解析失败: Expecting ',' delimiter: line 1 column 57 (char 56), 原始数据: {"action":"park_out","point_desc":{"parking_space"
2026-03-23 09:23:21,989 - WARNING - CaseID: 135 - name和args数量不匹配（name:1个, args:0个），跳过该组对比
2026-03-23 09:23:21,989 - ERROR - CaseID: 135
结果数量不匹配: 预期0个，实际1个
2026-03-23 09:23:21,989 - WARNING - CaseID: 136 - 参数解析失败: Expecting ',' delimiter: line 1 column 57 (char 56), 原始数据: {"action":"park_out","point_desc":{"parking_space"
2026-03-23 09:23:21,989 - WARNING - CaseID: 136 - name和args数量不匹配（name:1个, args:0个），跳过该组对比
2026-03-23 09:23:21,989 - ERROR - CaseID: 136
结果数量不匹配: 预期0个，实际1个
2026-03-23 09:23:21,989 - WARNING - CaseID: 137 - 参数解析失败: Expecting ',' delimiter: line 1 column 57 (char 56), 原始数据: {"action":"park_out","point_desc":{"parking_space"
2026-03-23 09:23:21,989 - WARNING - CaseID: 137 - name和args数量不匹配（name:1个, args:0个），跳过该组对比
2026-03-23 09:23:21,989 - ERROR - CaseID: 137
结果数量不匹配: 预期0个，实际1个
2026-03-23 09:23:21,989 - ERROR - CaseID: 140
实际结果缺少以下预期项：
  名称: vla_control, 参数: {"action": "navigate", "direction": "OUT", "position": "\u5de6"}
实际结果多出以下非预期项：
  名称: vla_control, 参数: {"action": "navigate", "direction": "OUT", "position": "\u5de6\u524d"}
2026-03-23 09:23:21,989 - ERROR - CaseID: 141
实际结果缺少以下预期项：
  名称: vla_control, 参数: {"action": "navigate", "direction": "OUT", "position": "\u53f3"}
实际结果多出以下非预期项：
  名称: vla_control, 参数: {"action": "navigate", "direction": "OUT", "position": "\u53f3\u524d"}
2026-03-23 09:23:21,990 - ERROR - CaseID: 142
实际结果缺少以下预期项：
  名称: vla_control, 参数: {"action": "navigate", "direction": "OUT", "position": "\u5de6"}
实际结果多出以下非预期项：
  名称: vla_control, 参数: {"action": "navigate", "direction": "OUT", "position": "\u5de6\u524d"}
2026-03-23 09:23:21,990 - ERROR - CaseID: 143
实际结果缺少以下预期项：
  名称: vla_control, 参数: {"action": "navigate", "direction": "OUT", "position": "\u5de6"}
实际结果多出以下非预期项：
  名称: vla_control, 参数: {"action": "navigate", "direction": "OUT", "position": "\u5de6\u524d"}
2026-03-23 09:23:21,990 - ERROR - CaseID: 147
实际结果缺少以下预期项：
  名称: vla_control, 参数: {"action": "navigate", "direction": "OUT", "point_desc": {"parking_space": "\u8f66\u4f4d"}, "position": "\u5de6"}
实际结果多出以下非预期项：
  名称: vla_control, 参数: {"action": "navigate", "direction": "OUT", "point_desc": {"parking_space": "\u8f66\u4f4d"}, "position": "\u5de6\u524d"}
2026-03-23 09:23:21,990 - WARNING - CaseID: 162 - 参数解析失败: Expecting ',' delimiter: line 1 column 81 (char 80), 原始数据: {"action":"pause_navigate","direction":"OUT","poin
2026-03-23 09:23:21,991 - WARNING - CaseID: 162 - name和args数量不匹配（name:1个, args:0个），跳过该组对比
2026-03-23 09:23:21,991 - ERROR - CaseID: 162
结果数量不匹配: 预期0个，实际1个
2026-03-23 09:23:21,991 - WARNING - CaseID: 163 - 参数解析失败: Expecting ',' delimiter: line 1 column 81 (char 80), 原始数据: {"action":"pause_navigate","direction":"OUT","poin
2026-03-23 09:23:21,991 - WARNING - CaseID: 163 - name和args数量不匹配（name:1个, args:0个），跳过该组对比
2026-03-23 09:23:21,991 - ERROR - CaseID: 163
结果数量不匹配: 预期0个，实际1个
2026-03-23 09:23:21,991 - WARNING - CaseID: 164 - 参数解析失败: Expecting ',' delimiter: line 1 column 81 (char 80), 原始数据: {"action":"pause_navigate","direction":"OUT","poin
2026-03-23 09:23:21,991 - WARNING - CaseID: 164 - name和args数量不匹配（name:1个, args:0个），跳过该组对比
2026-03-23 09:23:21,991 - ERROR - CaseID: 164
结果数量不匹配: 预期0个，实际1个
2026-03-23 09:23:21,991 - WARNING - CaseID: 165 - 参数解析失败: Expecting ',' delimiter: line 1 column 63 (char 62), 原始数据: {"action":"pause_park_out","point_desc":{"parking_
2026-03-23 09:23:21,991 - WARNING - CaseID: 165 - name和args数量不匹配（name:1个, args:0个），跳过该组对比
2026-03-23 09:23:21,991 - ERROR - CaseID: 165
结果数量不匹配: 预期0个，实际1个
2026-03-23 09:23:21,991 - WARNING - CaseID: 166 - 参数解析失败: Expecting ',' delimiter: line 1 column 63 (char 62), 原始数据: {"action":"pause_park_out","point_desc":{"parking_
2026-03-23 09:23:21,991 - WARNING - CaseID: 166 - name和args数量不匹配（name:1个, args:0个），跳过该组对比
2026-03-23 09:23:21,991 - ERROR - CaseID: 166
结果数量不匹配: 预期0个，实际1个
2026-03-23 09:23:21,991 - WARNING - CaseID: 167 - 参数解析失败: Expecting ',' delimiter: line 1 column 63 (char 62), 原始数据: {"action":"pause_park_out","point_desc":{"parking_
2026-03-23 09:23:21,991 - WARNING - CaseID: 167 - name和args数量不匹配（name:1个, args:0个），跳过该组对比
2026-03-23 09:23:21,991 - ERROR - CaseID: 167
结果数量不匹配: 预期0个，实际1个
2026-03-23 09:23:21,992 - WARNING - CaseID: 257 - 参数解析失败: Expecting ',' delimiter: line 1 column 52 (char 51), 原始数据: {"action":"navigate","point_desc":{"subject":"大柱子"
2026-03-23 09:23:21,992 - WARNING - CaseID: 257 - name和args数量不匹配（name:1个, args:0个），跳过该组对比
2026-03-23 09:23:21,992 - ERROR - CaseID: 257
结果数量不匹配: 预期0个，实际1个
2026-03-23 09:23:21,993 - ERROR - CaseID: 256
实际结果缺少以下预期项：
  名称: vla_control, 参数: {"action": "park", "point_desc": {"position": "\u8f66\u4f4d", "subject": "\u67f1\u5b50"}, "position": "\u524d"}
实际结果多出以下非预期项：
  名称: vla_control, 参数: {"action": "park", "point_desc": {"parking_space": "\u8f66\u4f4d", "subject": "\u67f1\u5b50"}, "position": "\u524d"}
2026-03-23 09:23:21,993 - WARNING - CaseID: 259 - 参数解析失败: Expecting ',' delimiter: line 1 column 54 (char 53), 原始数据: {"action":"pause_drive","point_desc":{"subject":"柱
2026-03-23 09:23:21,993 - WARNING - CaseID: 259 - name和args数量不匹配（name:1个, args:0个），跳过该组对比
2026-03-23 09:23:21,993 - ERROR - CaseID: 259
结果数量不匹配: 预期0个，实际1个
2026-03-23 09:23:21,993 - WARNING - CaseID: 261 - 参数解析失败: Expecting ',' delimiter: line 1 column 62 (char 61), 原始数据: {"action":"park","point_desc":{"subject":"墙","posi
2026-03-23 09:23:21,993 - WARNING - CaseID: 261 - name和args数量不匹配（name:1个, args:0个），跳过该组对比
2026-03-23 09:23:21,993 - ERROR - CaseID: 261
结果数量不匹配: 预期0个，实际1个
2026-03-23 09:23:21,993 - WARNING - CaseID: 263 - 参数解析失败: Expecting ',' delimiter: line 1 column 66 (char 65), 原始数据: {"action":"navigate","point_desc":{"subject":"墙","
2026-03-23 09:23:21,993 - WARNING - CaseID: 263 - name和args数量不匹配（name:1个, args:0个），跳过该组对比
2026-03-23 09:23:21,993 - ERROR - CaseID: 263
结果数量不匹配: 预期0个，实际1个
2026-03-23 09:23:21,993 - WARNING - CaseID: 265 - 参数解析失败: Expecting ',' delimiter: line 1 column 69 (char 68), 原始数据: {"action":"pause_drive","point_desc":{"subject":"墙
2026-03-23 09:23:21,993 - WARNING - CaseID: 265 - name和args数量不匹配（name:1个, args:0个），跳过该组对比
2026-03-23 09:23:21,993 - ERROR - CaseID: 265
结果数量不匹配: 预期0个，实际1个
2026-03-23 09:23:21,993 - WARNING - CaseID: 264 - 参数解析失败: Expecting ',' delimiter: line 1 column 65 (char 64), 原始数据: {"action":"park_in","point_desc":{"subject":"墙","p
2026-03-23 09:23:21,993 - WARNING - CaseID: 264 - name和args数量不匹配（name:1个, args:0个），跳过该组对比
2026-03-23 09:23:21,993 - ERROR - CaseID: 264
结果数量不匹配: 预期0个，实际1个
2026-03-23 09:23:21,993 - WARNING - CaseID: 266 - 参数解析失败: Expecting ',' delimiter: line 1 column 69 (char 68), 原始数据: {"action":"pause_drive","point_desc":{"subject":"墙
2026-03-23 09:23:21,993 - WARNING - CaseID: 266 - name和args数量不匹配（name:1个, args:0个），跳过该组对比
2026-03-23 09:23:21,993 - ERROR - CaseID: 266
结果数量不匹配: 预期0个，实际1个
2026-03-23 09:23:21,994 - WARNING - CaseID: 267 - 参数解析失败: Expecting ',' delimiter: line 1 column 62 (char 61), 原始数据: {"action":"park","point_desc":{"subject":"我","posi
2026-03-23 09:23:21,994 - WARNING - CaseID: 267 - name和args数量不匹配（name:1个, args:0个），跳过该组对比
2026-03-23 09:23:21,994 - ERROR - CaseID: 267
结果数量不匹配: 预期0个，实际1个
2026-03-23 09:23:21,994 - WARNING - CaseID: 268 - 参数解析失败: Expecting ',' delimiter: line 1 column 63 (char 62), 原始数据: {"action":"park","point_desc":{"subject":"我们","pos
2026-03-23 09:23:21,994 - WARNING - CaseID: 268 - name和args数量不匹配（name:1个, args:0个），跳过该组对比
2026-03-23 09:23:21,994 - ERROR - CaseID: 268
结果数量不匹配: 预期0个，实际1个
2026-03-23 09:23:21,994 - WARNING - CaseID: 270 - 参数解析失败: Expecting ',' delimiter: line 1 column 65 (char 64), 原始数据: {"action":"park_in","point_desc":{"subject":"我","p
2026-03-23 09:23:21,994 - WARNING - CaseID: 270 - name和args数量不匹配（name:1个, args:0个），跳过该组对比
2026-03-23 09:23:21,994 - ERROR - CaseID: 270
结果数量不匹配: 预期0个，实际1个
2026-03-23 09:23:21,994 - WARNING - CaseID: 271 - 参数解析失败: Expecting ',' delimiter: line 1 column 64 (char 63), 原始数据: {"action":"park_in","point_desc":{"subject":"我","p
2026-03-23 09:23:21,994 - WARNING - CaseID: 271 - name和args数量不匹配（name:1个, args:0个），跳过该组对比
2026-03-23 09:23:21,994 - ERROR - CaseID: 271
结果数量不匹配: 预期0个，实际1个
2026-03-23 09:23:21,995 - WARNING - CaseID: 285 - 参数解析失败: Expecting ',' delimiter: line 1 column 68 (char 67), 原始数据: {"action":"park","position":"右","point_desc":{"par
2026-03-23 09:23:21,995 - WARNING - CaseID: 285 - name和args数量不匹配（name:1个, args:0个），跳过该组对比
2026-03-23 09:23:21,995 - ERROR - CaseID: 285
结果数量不匹配: 预期0个，实际1个
2026-03-23 09:23:21,995 - WARNING - CaseID: 284 - 参数解析失败: Expecting ',' delimiter: line 1 column 68 (char 67), 原始数据: {"action":"park","position":"左","point_desc":{"par
2026-03-23 09:23:21,995 - WARNING - CaseID: 284 - name和args数量不匹配（name:1个, args:0个），跳过该组对比
2026-03-23 09:23:21,995 - ERROR - CaseID: 284
结果数量不匹配: 预期0个，实际1个
2026-03-23 09:23:21,995 - WARNING - CaseID: 286 - 参数解析失败: Expecting ',' delimiter: line 1 column 68 (char 67), 原始数据: {"action":"park","position":"前","point_desc":{"par
2026-03-23 09:23:21,995 - WARNING - CaseID: 286 - name和args数量不匹配（name:1个, args:0个），跳过该组对比
2026-03-23 09:23:21,995 - ERROR - CaseID: 286
结果数量不匹配: 预期0个，实际1个
2026-03-23 09:23:21,995 - WARNING - CaseID: 287 - 参数解析失败: Expecting ',' delimiter: line 1 column 71 (char 70), 原始数据: {"action":"park_in","position":"左","point_desc":{"
2026-03-23 09:23:21,995 - WARNING - CaseID: 287 - name和args数量不匹配（name:1个, args:0个），跳过该组对比
2026-03-23 09:23:21,995 - ERROR - CaseID: 287
结果数量不匹配: 预期0个，实际1个
2026-03-23 09:23:21,995 - WARNING - CaseID: 288 - 参数解析失败: Expecting ',' delimiter: line 1 column 71 (char 70), 原始数据: {"action":"park_in","position":"左","point_desc":{"
2026-03-23 09:23:21,995 - WARNING - CaseID: 288 - name和args数量不匹配（name:1个, args:0个），跳过该组对比
2026-03-23 09:23:21,995 - ERROR - CaseID: 288
结果数量不匹配: 预期0个，实际1个
2026-03-23 09:23:21,995 - WARNING - CaseID: 289 - 参数解析失败: Expecting ',' delimiter: line 1 column 71 (char 70), 原始数据: {"action":"park_in","position":"右","point_desc":{"
2026-03-23 09:23:21,995 - WARNING - CaseID: 289 - name和args数量不匹配（name:1个, args:0个），跳过该组对比
2026-03-23 09:23:21,995 - ERROR - CaseID: 289
结果数量不匹配: 预期0个，实际1个
2026-03-23 09:23:21,995 - WARNING - CaseID: 290 - 参数解析失败: Expecting ',' delimiter: line 1 column 71 (char 70), 原始数据: {"action":"park_in","position":"前","point_desc":{"
2026-03-23 09:23:21,995 - WARNING - CaseID: 290 - name和args数量不匹配（name:1个, args:0个），跳过该组对比
2026-03-23 09:23:21,995 - ERROR - CaseID: 290
结果数量不匹配: 预期0个，实际1个
2026-03-23 09:23:21,995 - WARNING - CaseID: 291 - 参数解析失败: Expecting ',' delimiter: line 1 column 72 (char 71), 原始数据: {"action":"navigate","position":"左","point_desc":{
2026-03-23 09:23:21,996 - WARNING - CaseID: 291 - name和args数量不匹配（name:1个, args:0个），跳过该组对比
2026-03-23 09:23:21,996 - ERROR - CaseID: 291
结果数量不匹配: 预期0个，实际1个
2026-03-23 09:23:21,996 - WARNING - CaseID: 292 - 参数解析失败: Expecting ',' delimiter: line 1 column 72 (char 71), 原始数据: {"action":"navigate","position":"右","point_desc":{
2026-03-23 09:23:21,996 - WARNING - CaseID: 292 - name和args数量不匹配（name:1个, args:0个），跳过该组对比
2026-03-23 09:23:21,996 - ERROR - CaseID: 292
结果数量不匹配: 预期0个，实际1个
2026-03-23 09:23:21,996 - WARNING - CaseID: 293 - 参数解析失败: Expecting ',' delimiter: line 1 column 72 (char 71), 原始数据: {"action":"navigate","position":"前","point_desc":{
2026-03-23 09:23:21,996 - WARNING - CaseID: 293 - name和args数量不匹配（name:1个, args:0个），跳过该组对比
2026-03-23 09:23:21,996 - ERROR - CaseID: 293
结果数量不匹配: 预期0个，实际1个
2026-03-23 09:23:21,996 - ERROR - CaseID: 206
实际结果缺少以下预期项：
  名称: vla_control, 参数: {"action": "cancel_navigate", "direction": "OUT", "position": "\u5de6\u524d"}
实际结果多出以下非预期项：
  名称: vla_control, 参数: {"action": "cancel_navigate", "direction": "OUT", "point_desc": {"parking_space": "\u8f66\u4f4d"}, "position": "\u5de6\u524d"}
2026-03-23 09:23:21,997 - WARNING - CaseID: 234 - 参数解析失败: Expecting ',' delimiter: line 1 column 72 (char 71), 原始数据: {"action":"steer","direction":"STRAIGHT","point_de
2026-03-23 09:23:21,997 - WARNING - CaseID: 234 - name和args数量不匹配（name:1个, args:0个），跳过该组对比
2026-03-23 09:23:21,997 - ERROR - CaseID: 234
结果数量不匹配: 预期0个，实际1个
2026-03-23 09:23:21,998 - ERROR - CaseID: 233
实际结果缺少以下预期项：
  名称: vla_control, 参数: {"action": "cancel_straight_calling"}
实际结果多出以下非预期项：
  名称: vla_control, 参数: {"action": "pause_straight_calling"}
2026-03-23 09:23:21,998 - WARNING - CaseID: 235 - 参数解析失败: Expecting ',' delimiter: line 1 column 72 (char 71), 原始数据: {"action":"steer","direction":"BACKWARD","point_de
2026-03-23 09:23:21,998 - WARNING - CaseID: 235 - name和args数量不匹配（name:1个, args:0个），跳过该组对比
2026-03-23 09:23:21,998 - ERROR - CaseID: 235
结果数量不匹配: 预期0个，实际1个
2026-03-23 09:23:21,998 - WARNING - CaseID: 236 - 参数解析失败: Expecting ',' delimiter: line 1 column 72 (char 71), 原始数据: {"action":"steer","direction":"STRAIGHT","point_de
2026-03-23 09:23:21,998 - WARNING - CaseID: 236 - name和args数量不匹配（name:1个, args:0个），跳过该组对比
2026-03-23 09:23:21,998 - ERROR - CaseID: 236
结果数量不匹配: 预期0个，实际1个
2026-03-23 09:23:21,998 - WARNING - CaseID: 237 - 参数解析失败: Expecting ',' delimiter: line 1 column 72 (char 71), 原始数据: {"action":"steer","direction":"BACKWARD","point_de
2026-03-23 09:23:21,998 - WARNING - CaseID: 237 - name和args数量不匹配（name:1个, args:0个），跳过该组对比
2026-03-23 09:23:21,998 - ERROR - CaseID: 237
结果数量不匹配: 预期0个，实际1个
2026-03-23 09:23:21,998 - WARNING - CaseID: 249 - 参数解析失败: Expecting ',' delimiter: line 1 column 72 (char 71), 原始数据: {"action":"steer","direction":"LEFTWARD","point_de
2026-03-23 09:23:21,998 - WARNING - CaseID: 249 - name和args数量不匹配（name:1个, args:0个），跳过该组对比
2026-03-23 09:23:21,998 - ERROR - CaseID: 249
结果数量不匹配: 预期0个，实际1个
2026-03-23 09:23:21,998 - WARNING - CaseID: 250 - 参数解析失败: Expecting ',' delimiter: line 1 column 73 (char 72), 原始数据: {"action":"steer","direction":"RIGHTWARD","point_d
2026-03-23 09:23:21,998 - WARNING - CaseID: 250 - name和args数量不匹配（name:1个, args:0个），跳过该组对比
2026-03-23 09:23:21,999 - ERROR - CaseID: 250
结果数量不匹配: 预期0个，实际1个
2026-03-23 09:23:21,999 - WARNING - CaseID: 251 - 参数解析失败: Expecting ',' delimiter: line 1 column 72 (char 71), 原始数据: {"action":"steer","direction":"LEFTWARD","point_de
2026-03-23 09:23:21,999 - WARNING - CaseID: 251 - name和args数量不匹配（name:1个, args:0个），跳过该组对比
2026-03-23 09:23:21,999 - ERROR - CaseID: 251
结果数量不匹配: 预期0个，实际1个
2026-03-23 09:23:21,999 - WARNING - CaseID: 252 - 参数解析失败: Expecting ',' delimiter: line 1 column 73 (char 72), 原始数据: {"action":"steer","direction":"RIGHTWARD","point_d
2026-03-23 09:23:21,999 - WARNING - CaseID: 252 - name和args数量不匹配（name:1个, args:0个），跳过该组对比
2026-03-23 09:23:21,999 - ERROR - CaseID: 252
结果数量不匹配: 预期0个，实际1个
2026-03-23 09:23:21,999 - WARNING - CaseID: 253 - 参数解析失败: Expecting ',' delimiter: line 1 column 74 (char 73), 原始数据: {"action":"steer","direction":"RIGHTWARD","point_d
2026-03-23 09:23:21,999 - WARNING - CaseID: 253 - name和args数量不匹配（name:1个, args:0个），跳过该组对比
2026-03-23 09:23:21,999 - ERROR - CaseID: 253
结果数量不匹配: 预期0个，实际1个
2026-03-23 09:23:21,999 - WARNING - CaseID: 254 - 参数解析失败: Expecting ',' delimiter: line 1 column 74 (char 73), 原始数据: {"action":"steer","direction":"RIGHTWARD","point_d
2026-03-23 09:23:21,999 - WARNING - CaseID: 254 - name和args数量不匹配（name:1个, args:0个），跳过该组对比
2026-03-23 09:23:21,999 - ERROR - CaseID: 254
结果数量不匹配: 预期0个，实际1个
2026-03-23 09:23:22,000 - WARNING - CaseID: 329 - 参数解析失败: Expecting ',' delimiter: line 1 column 46 (char 45), 原始数据: {"action":"navigate","point_desc":{"poi":"家"}}
2026-03-23 09:23:22,000 - WARNING - CaseID: 329 - name和args数量不匹配（name:1个, args:0个），跳过该组对比
2026-03-23 09:23:22,001 - ERROR - CaseID: 329
结果数量不匹配: 预期0个，实际1个
2026-03-23 09:23:22,001 - WARNING - CaseID: 330 - 参数解析失败: Expecting ',' delimiter: line 1 column 47 (char 46), 原始数据: {"action":"navigate","point_desc":{"poi":"公司"}}
2026-03-23 09:23:22,001 - WARNING - CaseID: 330 - name和args数量不匹配（name:1个, args:0个），跳过该组对比
2026-03-23 09:23:22,001 - ERROR - CaseID: 330
结果数量不匹配: 预期0个，实际1个
2026-03-23 09:23:22,001 - WARNING - CaseID: 331 - 参数解析失败: Expecting ',' delimiter: line 1 column 46 (char 45), 原始数据: {"action":"navigate","point_desc":{"poi":"家"}}
2026-03-23 09:23:22,001 - WARNING - CaseID: 331 - name和args数量不匹配（name:1个, args:0个），跳过该组对比
2026-03-23 09:23:22,001 - ERROR - CaseID: 331
结果数量不匹配: 预期0个，实际1个
2026-03-23 09:23:22,001 - WARNING - CaseID: 332 - 参数解析失败: Expecting ',' delimiter: line 1 column 47 (char 46), 原始数据: {"action":"navigate","point_desc":{"poi":"公司"}}
2026-03-23 09:23:22,001 - WARNING - CaseID: 332 - name和args数量不匹配（name:1个, args:0个），跳过该组对比
2026-03-23 09:23:22,001 - ERROR - CaseID: 332
结果数量不匹配: 预期0个，实际1个
2026-03-23 09:23:22,001 - WARNING - CaseID: 333 - 参数解析失败: Expecting ',' delimiter: line 1 column 53 (char 52), 原始数据: {"action":"navigate","point_desc":{"poi":"理想汽车研发总部
2026-03-23 09:23:22,001 - WARNING - CaseID: 333 - name和args数量不匹配（name:1个, args:0个），跳过该组对比
2026-03-23 09:23:22,001 - ERROR - CaseID: 333
结果数量不匹配: 预期0个，实际1个
2026-03-23 09:23:22,001 - WARNING - CaseID: 334 - 参数解析失败: Expecting ',' delimiter: line 1 column 51 (char 50), 原始数据: {"action":"navigate","point_desc":{"poi":"万科时代中心"}
2026-03-23 09:23:22,001 - WARNING - CaseID: 334 - name和args数量不匹配（name:1个, args:0个），跳过该组对比
2026-03-23 09:23:22,001 - ERROR - CaseID: 334
结果数量不匹配: 预期0个，实际1个
2026-03-23 09:23:22,001 - WARNING - CaseID: 335 - 参数解析失败: Expecting ',' delimiter: line 1 column 46 (char 45), 原始数据: {"action":"navigate","point_desc":{"poi":"家"}}
2026-03-23 09:23:22,001 - WARNING - CaseID: 335 - name和args数量不匹配（name:1个, args:0个），跳过该组对比
2026-03-23 09:23:22,001 - ERROR - CaseID: 335
结果数量不匹配: 预期0个，实际1个
2026-03-23 09:23:22,001 - WARNING - CaseID: 336 - 参数解析失败: Expecting ',' delimiter: line 1 column 47 (char 46), 原始数据: {"action":"navigate","point_desc":{"poi":"公司"}}
2026-03-23 09:23:22,001 - WARNING - CaseID: 336 - name和args数量不匹配（name:1个, args:0个），跳过该组对比
2026-03-23 09:23:22,001 - ERROR - CaseID: 336
结果数量不匹配: 预期0个，实际1个
2026-03-23 09:23:22,001 - WARNING - CaseID: 337 - 参数解析失败: Expecting ',' delimiter: line 1 column 53 (char 52), 原始数据: {"action":"navigate","point_desc":{"poi":"理想汽车研发总部
2026-03-23 09:23:22,001 - WARNING - CaseID: 337 - name和args数量不匹配（name:1个, args:0个），跳过该组对比
2026-03-23 09:23:22,001 - ERROR - CaseID: 337
结果数量不匹配: 预期0个，实际1个
2026-03-23 09:23:22,002 - WARNING - CaseID: 338 - 参数解析失败: Expecting ',' delimiter: line 1 column 51 (char 50), 原始数据: {"action":"navigate","point_desc":{"poi":"万科时代中心"}
2026-03-23 09:23:22,002 - WARNING - CaseID: 338 - name和args数量不匹配（name:1个, args:0个），跳过该组对比
2026-03-23 09:23:22,002 - ERROR - CaseID: 338
结果数量不匹配: 预期0个，实际1个
2026-03-23 09:23:22,002 - WARNING - CaseID: 339 - 参数解析失败: Expecting ',' delimiter: line 1 column 53 (char 52), 原始数据: {"action":"navigate","point_desc":{"poi":"理想汽车研发总部
2026-03-23 09:23:22,002 - WARNING - CaseID: 339 - name和args数量不匹配（name:1个, args:0个），跳过该组对比
2026-03-23 09:23:22,002 - ERROR - CaseID: 339
结果数量不匹配: 预期0个，实际1个
2026-03-23 09:23:22,002 - WARNING - CaseID: 340 - 参数解析失败: Expecting ',' delimiter: line 1 column 48 (char 47), 原始数据: {"action":"navigate","point_desc":{"poi":"图书馆"}}
2026-03-23 09:23:22,002 - WARNING - CaseID: 340 - name和args数量不匹配（name:1个, args:0个），跳过该组对比
2026-03-23 09:23:22,002 - ERROR - CaseID: 340
结果数量不匹配: 预期0个，实际1个
2026-03-23 09:23:22,002 - WARNING - CaseID: 341 - 参数解析失败: Expecting ',' delimiter: line 1 column 48 (char 47), 原始数据: {"action":"navigate","point_desc":{"poi":"咖啡店"}}
2026-03-23 09:23:22,002 - WARNING - CaseID: 341 - name和args数量不匹配（name:1个, args:0个），跳过该组对比
2026-03-23 09:23:22,002 - ERROR - CaseID: 341
结果数量不匹配: 预期0个，实际1个
2026-03-23 09:23:22,002 - WARNING - CaseID: 342 - 参数解析失败: Expecting ',' delimiter: line 1 column 70 (char 69), 原始数据: {"action":"navigate","function_option":"map","poin
2026-03-23 09:23:22,002 - WARNING - CaseID: 342 - name和args数量不匹配（name:1个, args:0个），跳过该组对比
2026-03-23 09:23:22,002 - ERROR - CaseID: 342
结果数量不匹配: 预期0个，实际1个
2026-03-23 09:23:22,002 - WARNING - CaseID: 343 - 参数解析失败: Expecting ',' delimiter: line 1 column 71 (char 70), 原始数据: {"action":"navigate","function_option":"map","poin
2026-03-23 09:23:22,002 - WARNING - CaseID: 343 - name和args数量不匹配（name:1个, args:0个），跳过该组对比
2026-03-23 09:23:22,002 - ERROR - CaseID: 343
结果数量不匹配: 预期0个，实际1个
2026-03-23 09:23:22,002 - WARNING - CaseID: 344 - 参数解析失败: Expecting ',' delimiter: line 1 column 77 (char 76), 原始数据: {"action":"navigate","function_option":"map","poin
2026-03-23 09:23:22,002 - WARNING - CaseID: 344 - name和args数量不匹配（name:1个, args:0个），跳过该组对比
2026-03-23 09:23:22,002 - ERROR - CaseID: 344
结果数量不匹配: 预期0个，实际1个
2026-03-23 09:23:22,002 - WARNING - CaseID: 345 - 参数解析失败: Expecting ',' delimiter: line 1 column 71 (char 70), 原始数据: {"action":"navigate","function_option":"map","poin
2026-03-23 09:23:22,002 - WARNING - CaseID: 345 - name和args数量不匹配（name:1个, args:0个），跳过该组对比
2026-03-23 09:23:22,002 - ERROR - CaseID: 345
结果数量不匹配: 预期0个，实际1个
2026-03-23 09:23:22,003 - ERROR - CaseID: 352
实际结果缺少以下预期项：
  名称: vla_control, 参数: {"action": "resume"}
实际结果多出以下非预期项：
  名称: global_control, 参数: {"action": "resume"}
2026-03-23 09:23:22,003 - ERROR - CaseID: 353
结果数量不匹配: 预期1个，实际0个
2026-03-23 09:23:22,003 - ERROR - CaseID: 354
实际结果缺少以下预期项：
  名称: vla_control, 参数: {"action": "pause"}
实际结果多出以下非预期项：
  名称: global_control, 参数: {"action": "pause"}
2026-03-23 09:23:22,003 - ERROR - CaseID: 355
实际结果缺少以下预期项：
  名称: vla_control, 参数: {"action": "pause"}
实际结果多出以下非预期项：
  名称: global_control, 参数: {"action": "pause"}
2026-03-23 09:23:22,003 - ERROR - CaseID: 372
实际结果缺少以下预期项：
  名称: vla_control, 参数: {"action": "park", "point_desc": {"parking_space": "\u8f66\u4f4d"}, "position": "\u53f3\u524d"}
实际结果多出以下非预期项：
  名称: vla_control, 参数: {"action": "park", "position": "\u53f3\u524d"}
2026-03-23 09:23:22,004 - ERROR - CaseID: 387
实际结果缺少以下预期项：
  名称: vla_control, 参数: {"action": "park_in", "point_desc": {"parking_space": "\u4f4d\u5b50"}, "position": "\u53f3"}
实际结果多出以下非预期项：
  名称: vla_control, 参数: {"action": "park_in", "position": "\u53f3"}
2026-03-23 09:23:22,006 - WARNING - CaseID: 440 - 参数解析失败: Expecting ',' delimiter: line 1 column 53 (char 52), 原始数据: {"action":"park","point_desc":{"parking_space":"车位
2026-03-23 09:23:22,006 - WARNING - CaseID: 440 - name和args数量不匹配（name:1个, args:0个），跳过该组对比
2026-03-23 09:23:22,006 - ERROR - CaseID: 440
结果数量不匹配: 预期0个，实际1个
2026-03-23 09:23:22,006 - WARNING - CaseID: 441 - 参数解析失败: Expecting ',' delimiter: line 1 column 53 (char 52), 原始数据: {"action":"park","point_desc":{"parking_space":"车位
2026-03-23 09:23:22,006 - WARNING - CaseID: 441 - name和args数量不匹配（name:1个, args:0个），跳过该组对比
2026-03-23 09:23:22,006 - ERROR - CaseID: 441
结果数量不匹配: 预期0个，实际1个
2026-03-23 09:23:22,006 - WARNING - CaseID: 442 - 参数解析失败: Expecting ',' delimiter: line 1 column 53 (char 52), 原始数据: {"action":"park","point_desc":{"parking_space":"车位
2026-03-23 09:23:22,006 - WARNING - CaseID: 442 - name和args数量不匹配（name:1个, args:0个），跳过该组对比
2026-03-23 09:23:22,006 - ERROR - CaseID: 442
结果数量不匹配: 预期0个，实际1个
2026-03-23 09:23:22,006 - WARNING - CaseID: 443 - 参数解析失败: Expecting ',' delimiter: line 1 column 53 (char 52), 原始数据: {"action":"park","point_desc":{"parking_space":"车位
2026-03-23 09:23:22,006 - WARNING - CaseID: 443 - name和args数量不匹配（name:1个, args:0个），跳过该组对比
2026-03-23 09:23:22,006 - ERROR - CaseID: 443
结果数量不匹配: 预期0个，实际1个
2026-03-23 09:23:22,006 - WARNING - CaseID: 444 - 参数解析失败: Expecting ',' delimiter: line 1 column 56 (char 55), 原始数据: {"action":"park_in","point_desc":{"parking_space":
2026-03-23 09:23:22,006 - WARNING - CaseID: 444 - name和args数量不匹配（name:1个, args:0个），跳过该组对比
2026-03-23 09:23:22,006 - ERROR - CaseID: 444
结果数量不匹配: 预期0个，实际1个
2026-03-23 09:23:22,006 - WARNING - CaseID: 445 - 参数解析失败: Expecting ',' delimiter: line 1 column 56 (char 55), 原始数据: {"action":"park_in","point_desc":{"parking_space":
2026-03-23 09:23:22,006 - WARNING - CaseID: 445 - name和args数量不匹配（name:1个, args:0个），跳过该组对比
2026-03-23 09:23:22,006 - ERROR - CaseID: 445
结果数量不匹配: 预期0个，实际1个
2026-03-23 09:23:22,006 - WARNING - CaseID: 446 - 参数解析失败: Expecting ',' delimiter: line 1 column 56 (char 55), 原始数据: {"action":"park_in","point_desc":{"parking_space":
2026-03-23 09:23:22,006 - WARNING - CaseID: 446 - name和args数量不匹配（name:1个, args:0个），跳过该组对比
2026-03-23 09:23:22,006 - ERROR - CaseID: 446
结果数量不匹配: 预期0个，实际1个
2026-03-23 09:23:22,006 - WARNING - CaseID: 447 - 参数解析失败: Expecting ',' delimiter: line 1 column 56 (char 55), 原始数据: {"action":"park_in","point_desc":{"parking_space":
2026-03-23 09:23:22,007 - WARNING - CaseID: 447 - name和args数量不匹配（name:1个, args:0个），跳过该组对比
2026-03-23 09:23:22,007 - ERROR - CaseID: 447
结果数量不匹配: 预期0个，实际1个
2026-03-23 09:23:22,007 - WARNING - CaseID: 448 - 参数解析失败: Expecting ',' delimiter: line 1 column 57 (char 56), 原始数据: {"action":"navigate","point_desc":{"parking_space"
2026-03-23 09:23:22,007 - WARNING - CaseID: 448 - name和args数量不匹配（name:1个, args:0个），跳过该组对比
2026-03-23 09:23:22,007 - ERROR - CaseID: 448
结果数量不匹配: 预期0个，实际1个
2026-03-23 09:23:22,007 - WARNING - CaseID: 449 - 参数解析失败: Expecting ',' delimiter: line 1 column 57 (char 56), 原始数据: {"action":"navigate","point_desc":{"parking_space"
2026-03-23 09:23:22,007 - WARNING - CaseID: 449 - name和args数量不匹配（name:1个, args:0个），跳过该组对比
2026-03-23 09:23:22,007 - ERROR - CaseID: 449
结果数量不匹配: 预期0个，实际1个
2026-03-23 09:23:22,007 - WARNING - CaseID: 450 - 参数解析失败: Expecting ',' delimiter: line 1 column 57 (char 56), 原始数据: {"action":"navigate","point_desc":{"parking_space"
2026-03-23 09:23:22,007 - WARNING - CaseID: 450 - name和args数量不匹配（name:1个, args:0个），跳过该组对比
2026-03-23 09:23:22,007 - ERROR - CaseID: 450
结果数量不匹配: 预期0个，实际1个
2026-03-23 09:23:22,007 - WARNING - CaseID: 451 - 参数解析失败: Expecting ',' delimiter: line 1 column 60 (char 59), 原始数据: {"action":"pause_drive","point_desc":{"parking_spa
2026-03-23 09:23:22,007 - WARNING - CaseID: 451 - name和args数量不匹配（name:1个, args:0个），跳过该组对比
2026-03-23 09:23:22,007 - ERROR - CaseID: 451
结果数量不匹配: 预期0个，实际1个
2026-03-23 09:23:22,007 - WARNING - CaseID: 452 - 参数解析失败: Expecting ',' delimiter: line 1 column 60 (char 59), 原始数据: {"action":"pause_drive","point_desc":{"parking_spa
2026-03-23 09:23:22,007 - WARNING - CaseID: 452 - name和args数量不匹配（name:1个, args:0个），跳过该组对比
2026-03-23 09:23:22,007 - ERROR - CaseID: 452
结果数量不匹配: 预期0个，实际1个
2026-03-23 09:23:22,007 - WARNING - CaseID: 453 - 参数解析失败: Expecting ',' delimiter: line 1 column 60 (char 59), 原始数据: {"action":"pause_drive","point_desc":{"parking_spa
2026-03-23 09:23:22,007 - WARNING - CaseID: 453 - name和args数量不匹配（name:1个, args:0个），跳过该组对比
2026-03-23 09:23:22,007 - ERROR - CaseID: 453
结果数量不匹配: 预期0个，实际1个
2026-03-23 09:23:22,009 - ERROR - CaseID: 515
实际结果缺少以下预期项：
  名称: vla_control, 参数: {"action": "park_in"}
实际结果多出以下非预期项：
  名称: device_control, 参数: {"action": "unsupport"}
2026-03-23 09:23:22,009 - ERROR - CaseID: 519
实际结果缺少以下预期项：
  名称: vla_control, 参数: {"action": "park_in"}
实际结果多出以下非预期项：
  名称: device_control, 参数: {"action": "unsupport"}
2026-03-23 09:23:22,009 - ERROR - CaseID: 521
实际结果缺少以下预期项：
  名称: vla_control, 参数: {"action": "park_in"}
实际结果多出以下非预期项：
  名称: device_control, 参数: {"action": "unsupport"}
2026-03-23 09:23:22,009 - ERROR - CaseID: 522
实际结果缺少以下预期项：
  名称: vla_control, 参数: {"action": "park_in"}
实际结果多出以下非预期项：
  名称: vla_control, 参数: {"action": "navigate", "point_desc": {"parking_space": "\u8f66\u4f4d"}}
2026-03-23 09:23:22,009 - ERROR - CaseID: 525
实际结果缺少以下预期项：
  名称: vla_control, 参数: {"action": "park_in"}
实际结果多出以下非预期项：
  名称: device_control, 参数: {"action": "unsupport"}
2026-03-23 09:23:22,709 - ERROR - CaseID: 526
实际结果缺少以下预期项：
  名称: vla_control, 参数: {"action": "park_in"}
实际结果多出以下非预期项：
  名称: device_control, 参数: {"action": "unsupport"}
2026-03-23 09:23:22,709 - ERROR - CaseID: 529
实际结果缺少以下预期项：
  名称: vla_control, 参数: {"action": "park_in"}
实际结果多出以下非预期项：
  名称: device_control, 参数: {"action": "unsupport"}
2026-03-23 09:23:22,709 - ERROR - CaseID: 530
实际结果缺少以下预期项：
  名称: vla_control, 参数: {"action": "park_in"}
实际结果多出以下非预期项：
  名称: device_control, 参数: {"action": "unsupport"}
2026-03-23 09:23:22,709 - ERROR - CaseID: 531
实际结果缺少以下预期项：
  名称: vla_control, 参数: {"action": "park_in"}
实际结果多出以下非预期项：
  名称: device_control, 参数: {"action": "unsupport"}
2026-03-23 09:23:22,709 - ERROR - CaseID: 532
实际结果缺少以下预期项：
  名称: vla_control, 参数: {"action": "park_in"}
实际结果多出以下非预期项：
  名称: device_control, 参数: {"action": "unsupport"}
2026-03-23 09:23:22,710 - WARNING - CaseID: 534 - 参数解析失败: Expecting ',' delimiter: line 1 column 53 (char 52), 原始数据: {"action":"park","point_desc":{"parking_space":"车位
2026-03-23 09:23:22,710 - WARNING - CaseID: 534 - name和args数量不匹配（name:1个, args:0个），跳过该组对比
2026-03-23 09:23:22,710 - ERROR - CaseID: 534
结果数量不匹配: 预期0个，实际1个
2026-03-23 09:23:22,710 - WARNING - CaseID: 535 - 参数解析失败: Expecting ',' delimiter: line 1 column 53 (char 52), 原始数据: {"action":"park","point_desc":{"parking_space":"车位
2026-03-23 09:23:22,710 - WARNING - CaseID: 535 - name和args数量不匹配（name:1个, args:0个），跳过该组对比
2026-03-23 09:23:22,710 - ERROR - CaseID: 535
结果数量不匹配: 预期0个，实际1个
2026-03-23 09:23:22,710 - WARNING - CaseID: 536 - 参数解析失败: Expecting ',' delimiter: line 1 column 53 (char 52), 原始数据: {"action":"park","point_desc":{"parking_space":"车位
2026-03-23 09:23:22,710 - WARNING - CaseID: 536 - name和args数量不匹配（name:1个, args:0个），跳过该组对比
2026-03-23 09:23:22,710 - ERROR - CaseID: 536
结果数量不匹配: 预期0个，实际1个
2026-03-23 09:23:22,710 - WARNING - CaseID: 537 - 参数解析失败: Expecting ',' delimiter: line 1 column 53 (char 52), 原始数据: {"action":"park","point_desc":{"parking_space":"车位
2026-03-23 09:23:22,710 - WARNING - CaseID: 537 - name和args数量不匹配（name:1个, args:0个），跳过该组对比
2026-03-23 09:23:22,710 - ERROR - CaseID: 537
结果数量不匹配: 预期0个，实际1个
2026-03-23 09:23:22,710 - WARNING - CaseID: 538 - 参数解析失败: Expecting ',' delimiter: line 1 column 53 (char 52), 原始数据: {"action":"park","point_desc":{"parking_space":"车位
2026-03-23 09:23:22,710 - WARNING - CaseID: 538 - name和args数量不匹配（name:1个, args:0个），跳过该组对比
2026-03-23 09:23:22,710 - ERROR - CaseID: 538
结果数量不匹配: 预期0个，实际1个
2026-03-23 09:23:22,710 - WARNING - CaseID: 539 - 参数解析失败: Expecting ',' delimiter: line 1 column 53 (char 52), 原始数据: {"action":"park","point_desc":{"parking_space":"车位
2026-03-23 09:23:22,710 - WARNING - CaseID: 539 - name和args数量不匹配（name:1个, args:0个），跳过该组对比
2026-03-23 09:23:22,711 - ERROR - CaseID: 539
结果数量不匹配: 预期0个，实际1个
2026-03-23 09:23:22,711 - WARNING - CaseID: 540 - 参数解析失败: Expecting ',' delimiter: line 1 column 53 (char 52), 原始数据: {"action":"park","point_desc":{"parking_space":"车位
2026-03-23 09:23:22,711 - WARNING - CaseID: 540 - name和args数量不匹配（name:1个, args:0个），跳过该组对比
2026-03-23 09:23:22,711 - ERROR - CaseID: 540
结果数量不匹配: 预期0个，实际1个
2026-03-23 09:23:22,711 - WARNING - CaseID: 541 - 参数解析失败: Expecting ',' delimiter: line 1 column 53 (char 52), 原始数据: {"action":"park","point_desc":{"parking_space":"车位
2026-03-23 09:23:22,711 - WARNING - CaseID: 541 - name和args数量不匹配（name:1个, args:0个），跳过该组对比
2026-03-23 09:23:22,711 - ERROR - CaseID: 541
结果数量不匹配: 预期0个，实际1个
2026-03-23 09:23:22,711 - WARNING - CaseID: 543 - 参数解析失败: Expecting ',' delimiter: line 1 column 53 (char 52), 原始数据: {"action":"park","point_desc":{"parking_space":"车位
2026-03-23 09:23:22,711 - WARNING - CaseID: 543 - name和args数量不匹配（name:1个, args:0个），跳过该组对比
2026-03-23 09:23:22,711 - ERROR - CaseID: 543
结果数量不匹配: 预期0个，实际1个
2026-03-23 09:23:22,711 - WARNING - CaseID: 542 - 参数解析失败: Expecting ',' delimiter: line 1 column 53 (char 52), 原始数据: {"action":"park","point_desc":{"parking_space":"车位
2026-03-23 09:23:22,711 - WARNING - CaseID: 542 - name和args数量不匹配（name:1个, args:0个），跳过该组对比
2026-03-23 09:23:22,711 - ERROR - CaseID: 542
结果数量不匹配: 预期0个，实际1个
2026-03-23 09:23:22,711 - WARNING - CaseID: 544 - 参数解析失败: Expecting ',' delimiter: line 1 column 53 (char 52), 原始数据: {"action":"park","point_desc":{"parking_space":"车位
2026-03-23 09:23:22,711 - WARNING - CaseID: 544 - name和args数量不匹配（name:1个, args:0个），跳过该组对比
2026-03-23 09:23:22,711 - ERROR - CaseID: 544
结果数量不匹配: 预期0个，实际1个
2026-03-23 09:23:22,711 - WARNING - CaseID: 545 - 参数解析失败: Expecting ',' delimiter: line 1 column 53 (char 52), 原始数据: {"action":"park","point_desc":{"parking_space":"车位
2026-03-23 09:23:22,711 - WARNING - CaseID: 545 - name和args数量不匹配（name:1个, args:0个），跳过该组对比
2026-03-23 09:23:22,711 - ERROR - CaseID: 545
结果数量不匹配: 预期0个，实际1个
2026-03-23 09:23:22,711 - WARNING - CaseID: 547 - 参数解析失败: Expecting ',' delimiter: line 1 column 53 (char 52), 原始数据: {"action":"park","point_desc":{"parking_space":"车位
2026-03-23 09:23:22,711 - WARNING - CaseID: 547 - name和args数量不匹配（name:1个, args:0个），跳过该组对比
2026-03-23 09:23:22,712 - ERROR - CaseID: 547
结果数量不匹配: 预期0个，实际1个
2026-03-23 09:23:22,712 - WARNING - CaseID: 546 - 参数解析失败: Expecting ',' delimiter: line 1 column 53 (char 52), 原始数据: {"action":"park","point_desc":{"parking_space":"车位
2026-03-23 09:23:22,712 - WARNING - CaseID: 546 - name和args数量不匹配（name:1个, args:0个），跳过该组对比
2026-03-23 09:23:22,712 - ERROR - CaseID: 546
结果数量不匹配: 预期0个，实际1个
2026-03-23 09:23:22,712 - WARNING - CaseID: 548 - 参数解析失败: Expecting ',' delimiter: line 1 column 53 (char 52), 原始数据: {"action":"park","point_desc":{"parking_space":"车位
2026-03-23 09:23:22,712 - WARNING - CaseID: 548 - name和args数量不匹配（name:1个, args:0个），跳过该组对比
2026-03-23 09:23:22,712 - ERROR - CaseID: 548
结果数量不匹配: 预期0个，实际1个
2026-03-23 09:23:22,712 - WARNING - CaseID: 549 - 参数解析失败: Expecting ',' delimiter: line 1 column 53 (char 52), 原始数据: {"action":"park","point_desc":{"parking_space":"车位
2026-03-23 09:23:22,712 - WARNING - CaseID: 549 - name和args数量不匹配（name:1个, args:0个），跳过该组对比
2026-03-23 09:23:22,712 - ERROR - CaseID: 549
结果数量不匹配: 预期0个，实际1个
2026-03-23 09:23:22,712 - WARNING - CaseID: 550 - 参数解析失败: Expecting ',' delimiter: line 1 column 53 (char 52), 原始数据: {"action":"park","point_desc":{"parking_space":"车位
2026-03-23 09:23:22,712 - WARNING - CaseID: 550 - name和args数量不匹配（name:1个, args:0个），跳过该组对比
2026-03-23 09:23:22,712 - ERROR - CaseID: 550
结果数量不匹配: 预期0个，实际1个
2026-03-23 09:23:22,712 - WARNING - CaseID: 551 - 参数解析失败: Expecting ',' delimiter: line 1 column 53 (char 52), 原始数据: {"action":"park","point_desc":{"parking_space":"车位
2026-03-23 09:23:22,712 - WARNING - CaseID: 551 - name和args数量不匹配（name:1个, args:0个），跳过该组对比
2026-03-23 09:23:22,712 - ERROR - CaseID: 551
结果数量不匹配: 预期0个，实际1个
2026-03-23 09:23:22,712 - WARNING - CaseID: 552 - 参数解析失败: Expecting ',' delimiter: line 1 column 53 (char 52), 原始数据: {"action":"park","point_desc":{"parking_space":"车位
2026-03-23 09:23:22,712 - WARNING - CaseID: 552 - name和args数量不匹配（name:1个, args:0个），跳过该组对比
2026-03-23 09:23:22,712 - ERROR - CaseID: 552
结果数量不匹配: 预期0个，实际1个
2026-03-23 09:23:22,712 - WARNING - CaseID: 553 - 参数解析失败: Expecting ',' delimiter: line 1 column 53 (char 52), 原始数据: {"action":"park","point_desc":{"parking_space":"车位
2026-03-23 09:23:22,712 - WARNING - CaseID: 553 - name和args数量不匹配（name:1个, args:0个），跳过该组对比
2026-03-23 09:23:22,713 - ERROR - CaseID: 553
结果数量不匹配: 预期0个，实际1个
2026-03-23 09:23:22,713 - WARNING - CaseID: 554 - 参数解析失败: Expecting ',' delimiter: line 1 column 56 (char 55), 原始数据: {"action":"park_in","point_desc":{"parking_space":
2026-03-23 09:23:22,713 - WARNING - CaseID: 554 - name和args数量不匹配（name:1个, args:0个），跳过该组对比
2026-03-23 09:23:22,713 - ERROR - CaseID: 554
结果数量不匹配: 预期0个，实际1个
2026-03-23 09:23:22,713 - WARNING - CaseID: 555 - 参数解析失败: Expecting ',' delimiter: line 1 column 56 (char 55), 原始数据: {"action":"park_in","point_desc":{"parking_space":
2026-03-23 09:23:22,713 - WARNING - CaseID: 555 - name和args数量不匹配（name:1个, args:0个），跳过该组对比
2026-03-23 09:23:22,713 - ERROR - CaseID: 555
结果数量不匹配: 预期0个，实际1个
2026-03-23 09:23:22,713 - WARNING - CaseID: 556 - 参数解析失败: Expecting ',' delimiter: line 1 column 56 (char 55), 原始数据: {"action":"park_in","point_desc":{"parking_space":
2026-03-23 09:23:22,713 - WARNING - CaseID: 556 - name和args数量不匹配（name:1个, args:0个），跳过该组对比
2026-03-23 09:23:22,713 - ERROR - CaseID: 556
结果数量不匹配: 预期0个，实际1个
2026-03-23 09:23:22,713 - WARNING - CaseID: 557 - 参数解析失败: Expecting ',' delimiter: line 1 column 56 (char 55), 原始数据: {"action":"park_in","point_desc":{"parking_space":
2026-03-23 09:23:22,713 - WARNING - CaseID: 557 - name和args数量不匹配（name:1个, args:0个），跳过该组对比
2026-03-23 09:23:22,713 - ERROR - CaseID: 557
结果数量不匹配: 预期0个，实际1个
2026-03-23 09:23:22,713 - WARNING - CaseID: 558 - 参数解析失败: Expecting ',' delimiter: line 1 column 56 (char 55), 原始数据: {"action":"park_in","point_desc":{"parking_space":
2026-03-23 09:23:22,713 - WARNING - CaseID: 558 - name和args数量不匹配（name:1个, args:0个），跳过该组对比
2026-03-23 09:23:22,713 - ERROR - CaseID: 558
结果数量不匹配: 预期0个，实际1个
2026-03-23 09:23:22,713 - WARNING - CaseID: 559 - 参数解析失败: Expecting ',' delimiter: line 1 column 56 (char 55), 原始数据: {"action":"park_in","point_desc":{"parking_space":
2026-03-23 09:23:22,713 - WARNING - CaseID: 559 - name和args数量不匹配（name:1个, args:0个），跳过该组对比
2026-03-23 09:23:22,713 - ERROR - CaseID: 559
结果数量不匹配: 预期0个，实际1个
2026-03-23 09:23:22,714 - WARNING - CaseID: 560 - 参数解析失败: Expecting ',' delimiter: line 1 column 56 (char 55), 原始数据: {"action":"park_in","point_desc":{"parking_space":
2026-03-23 09:23:22,714 - WARNING - CaseID: 560 - name和args数量不匹配（name:1个, args:0个），跳过该组对比
2026-03-23 09:23:22,714 - ERROR - CaseID: 560
结果数量不匹配: 预期0个，实际1个
2026-03-23 09:23:22,714 - WARNING - CaseID: 561 - 参数解析失败: Expecting ',' delimiter: line 1 column 56 (char 55), 原始数据: {"action":"park_in","point_desc":{"parking_space":
2026-03-23 09:23:22,714 - WARNING - CaseID: 561 - name和args数量不匹配（name:1个, args:0个），跳过该组对比
2026-03-23 09:23:22,714 - ERROR - CaseID: 561
结果数量不匹配: 预期0个，实际1个
2026-03-23 09:23:22,714 - WARNING - CaseID: 562 - 参数解析失败: Expecting ',' delimiter: line 1 column 56 (char 55), 原始数据: {"action":"park_in","point_desc":{"parking_space":
2026-03-23 09:23:22,714 - WARNING - CaseID: 562 - name和args数量不匹配（name:1个, args:0个），跳过该组对比
2026-03-23 09:23:22,714 - ERROR - CaseID: 562
结果数量不匹配: 预期0个，实际1个
2026-03-23 09:23:22,714 - WARNING - CaseID: 563 - 参数解析失败: Expecting ',' delimiter: line 1 column 56 (char 55), 原始数据: {"action":"park_in","point_desc":{"parking_space":
2026-03-23 09:23:22,714 - WARNING - CaseID: 563 - name和args数量不匹配（name:1个, args:0个），跳过该组对比
2026-03-23 09:23:22,714 - ERROR - CaseID: 563
结果数量不匹配: 预期0个，实际1个
2026-03-23 09:23:22,714 - WARNING - CaseID: 564 - 参数解析失败: Expecting ',' delimiter: line 1 column 56 (char 55), 原始数据: {"action":"park_in","point_desc":{"parking_space":
2026-03-23 09:23:22,714 - WARNING - CaseID: 564 - name和args数量不匹配（name:1个, args:0个），跳过该组对比
2026-03-23 09:23:22,714 - ERROR - CaseID: 564
结果数量不匹配: 预期0个，实际1个
2026-03-23 09:23:22,714 - WARNING - CaseID: 565 - 参数解析失败: Expecting ',' delimiter: line 1 column 56 (char 55), 原始数据: {"action":"park_in","point_desc":{"parking_space":
2026-03-23 09:23:22,714 - WARNING - CaseID: 565 - name和args数量不匹配（name:1个, args:0个），跳过该组对比
2026-03-23 09:23:22,714 - ERROR - CaseID: 565
结果数量不匹配: 预期0个，实际1个
2026-03-23 09:23:22,714 - WARNING - CaseID: 566 - 参数解析失败: Expecting ',' delimiter: line 1 column 56 (char 55), 原始数据: {"action":"park_in","point_desc":{"parking_space":
2026-03-23 09:23:22,714 - WARNING - CaseID: 566 - name和args数量不匹配（name:1个, args:0个），跳过该组对比
2026-03-23 09:23:22,715 - ERROR - CaseID: 566
结果数量不匹配: 预期0个，实际1个
2026-03-23 09:23:22,715 - WARNING - CaseID: 567 - 参数解析失败: Expecting ',' delimiter: line 1 column 56 (char 55), 原始数据: {"action":"park_in","point_desc":{"parking_space":
2026-03-23 09:23:22,715 - WARNING - CaseID: 567 - name和args数量不匹配（name:1个, args:0个），跳过该组对比
2026-03-23 09:23:22,715 - ERROR - CaseID: 567
结果数量不匹配: 预期0个，实际1个
2026-03-23 09:23:22,715 - WARNING - CaseID: 568 - 参数解析失败: Expecting ',' delimiter: line 1 column 56 (char 55), 原始数据: {"action":"park_in","point_desc":{"parking_space":
2026-03-23 09:23:22,715 - WARNING - CaseID: 568 - name和args数量不匹配（name:1个, args:0个），跳过该组对比
2026-03-23 09:23:22,715 - ERROR - CaseID: 568
结果数量不匹配: 预期0个，实际1个
2026-03-23 09:23:22,715 - WARNING - CaseID: 569 - 参数解析失败: Expecting ',' delimiter: line 1 column 56 (char 55), 原始数据: {"action":"park_in","point_desc":{"parking_space":
2026-03-23 09:23:22,715 - WARNING - CaseID: 569 - name和args数量不匹配（name:1个, args:0个），跳过该组对比
2026-03-23 09:23:22,715 - ERROR - CaseID: 569
结果数量不匹配: 预期0个，实际1个
2026-03-23 09:23:22,715 - WARNING - CaseID: 570 - 参数解析失败: Expecting ',' delimiter: line 1 column 56 (char 55), 原始数据: {"action":"park_in","point_desc":{"parking_space":
2026-03-23 09:23:22,715 - WARNING - CaseID: 570 - name和args数量不匹配（name:1个, args:0个），跳过该组对比
2026-03-23 09:23:22,715 - ERROR - CaseID: 570
结果数量不匹配: 预期0个，实际1个
2026-03-23 09:23:22,715 - WARNING - CaseID: 571 - 参数解析失败: Expecting ',' delimiter: line 1 column 56 (char 55), 原始数据: {"action":"park_in","point_desc":{"parking_space":
2026-03-23 09:23:22,715 - WARNING - CaseID: 571 - name和args数量不匹配（name:1个, args:0个），跳过该组对比
2026-03-23 09:23:22,715 - ERROR - CaseID: 571
结果数量不匹配: 预期0个，实际1个
2026-03-23 09:23:22,715 - WARNING - CaseID: 572 - 参数解析失败: Expecting ',' delimiter: line 1 column 56 (char 55), 原始数据: {"action":"park_in","point_desc":{"parking_space":
2026-03-23 09:23:22,715 - WARNING - CaseID: 572 - name和args数量不匹配（name:1个, args:0个），跳过该组对比
2026-03-23 09:23:22,715 - ERROR - CaseID: 572
结果数量不匹配: 预期0个，实际1个
2026-03-23 09:23:22,715 - WARNING - CaseID: 573 - 参数解析失败: Expecting ',' delimiter: line 1 column 56 (char 55), 原始数据: {"action":"park_in","point_desc":{"parking_space":
2026-03-23 09:23:22,715 - WARNING - CaseID: 573 - name和args数量不匹配（name:1个, args:0个），跳过该组对比
2026-03-23 09:23:22,716 - ERROR - CaseID: 573
结果数量不匹配: 预期0个，实际1个
2026-03-23 09:23:22,716 - WARNING - CaseID: 574 - 参数解析失败: Expecting ',' delimiter: line 1 column 57 (char 56), 原始数据: {"action":"navigate","point_desc":{"parking_space"
2026-03-23 09:23:22,716 - WARNING - CaseID: 574 - name和args数量不匹配（name:1个, args:0个），跳过该组对比
2026-03-23 09:23:22,716 - ERROR - CaseID: 574
结果数量不匹配: 预期0个，实际1个
2026-03-23 09:23:22,716 - WARNING - CaseID: 575 - 参数解析失败: Expecting ',' delimiter: line 1 column 57 (char 56), 原始数据: {"action":"navigate","point_desc":{"parking_space"
2026-03-23 09:23:22,716 - WARNING - CaseID: 575 - name和args数量不匹配（name:1个, args:0个），跳过该组对比
2026-03-23 09:23:22,716 - ERROR - CaseID: 575
结果数量不匹配: 预期0个，实际1个
2026-03-23 09:23:22,716 - WARNING - CaseID: 576 - 参数解析失败: Expecting ',' delimiter: line 1 column 57 (char 56), 原始数据: {"action":"navigate","point_desc":{"parking_space"
2026-03-23 09:23:22,716 - WARNING - CaseID: 576 - name和args数量不匹配（name:1个, args:0个），跳过该组对比
2026-03-23 09:23:22,716 - ERROR - CaseID: 576
结果数量不匹配: 预期0个，实际1个
2026-03-23 09:23:22,716 - WARNING - CaseID: 577 - 参数解析失败: Expecting ',' delimiter: line 1 column 57 (char 56), 原始数据: {"action":"navigate","point_desc":{"parking_space"
2026-03-23 09:23:22,716 - WARNING - CaseID: 577 - name和args数量不匹配（name:1个, args:0个），跳过该组对比
2026-03-23 09:23:22,716 - ERROR - CaseID: 577
结果数量不匹配: 预期0个，实际1个
2026-03-23 09:23:22,716 - WARNING - CaseID: 578 - 参数解析失败: Expecting ',' delimiter: line 1 column 57 (char 56), 原始数据: {"action":"navigate","point_desc":{"parking_space"
2026-03-23 09:23:22,716 - WARNING - CaseID: 578 - name和args数量不匹配（name:1个, args:0个），跳过该组对比
2026-03-23 09:23:22,716 - ERROR - CaseID: 578
结果数量不匹配: 预期0个，实际1个
2026-03-23 09:23:22,716 - WARNING - CaseID: 579 - 参数解析失败: Expecting ',' delimiter: line 1 column 57 (char 56), 原始数据: {"action":"navigate","point_desc":{"parking_space"
2026-03-23 09:23:22,716 - WARNING - CaseID: 579 - name和args数量不匹配（name:1个, args:0个），跳过该组对比
2026-03-23 09:23:22,716 - ERROR - CaseID: 579
结果数量不匹配: 预期0个，实际1个
2026-03-23 09:23:22,716 - WARNING - CaseID: 580 - 参数解析失败: Expecting ',' delimiter: line 1 column 57 (char 56), 原始数据: {"action":"navigate","point_desc":{"parking_space"
2026-03-23 09:23:22,716 - WARNING - CaseID: 580 - name和args数量不匹配（name:1个, args:0个），跳过该组对比
2026-03-23 09:23:22,717 - ERROR - CaseID: 580
结果数量不匹配: 预期0个，实际1个
2026-03-23 09:23:22,717 - WARNING - CaseID: 581 - 参数解析失败: Expecting ',' delimiter: line 1 column 57 (char 56), 原始数据: {"action":"navigate","point_desc":{"parking_space"
2026-03-23 09:23:22,717 - WARNING - CaseID: 581 - name和args数量不匹配（name:1个, args:0个），跳过该组对比
2026-03-23 09:23:22,717 - ERROR - CaseID: 581
结果数量不匹配: 预期0个，实际1个
2026-03-23 09:23:22,717 - WARNING - CaseID: 582 - 参数解析失败: Expecting ',' delimiter: line 1 column 57 (char 56), 原始数据: {"action":"navigate","point_desc":{"parking_space"
2026-03-23 09:23:22,717 - WARNING - CaseID: 582 - name和args数量不匹配（name:1个, args:0个），跳过该组对比
2026-03-23 09:23:22,717 - ERROR - CaseID: 582
结果数量不匹配: 预期0个，实际1个
2026-03-23 09:23:22,717 - WARNING - CaseID: 583 - 参数解析失败: Expecting ',' delimiter: line 1 column 57 (char 56), 原始数据: {"action":"navigate","point_desc":{"parking_space"
2026-03-23 09:23:22,717 - WARNING - CaseID: 583 - name和args数量不匹配（name:1个, args:0个），跳过该组对比
2026-03-23 09:23:22,717 - ERROR - CaseID: 583
结果数量不匹配: 预期0个，实际1个
2026-03-23 09:23:22,717 - WARNING - CaseID: 584 - 参数解析失败: Expecting ',' delimiter: line 1 column 57 (char 56), 原始数据: {"action":"navigate","point_desc":{"parking_space"
2026-03-23 09:23:22,717 - WARNING - CaseID: 584 - name和args数量不匹配（name:1个, args:0个），跳过该组对比
2026-03-23 09:23:22,717 - ERROR - CaseID: 584
结果数量不匹配: 预期0个，实际1个
2026-03-23 09:23:22,717 - WARNING - CaseID: 585 - 参数解析失败: Expecting ',' delimiter: line 1 column 57 (char 56), 原始数据: {"action":"navigate","point_desc":{"parking_space"
2026-03-23 09:23:22,717 - WARNING - CaseID: 585 - name和args数量不匹配（name:1个, args:0个），跳过该组对比
2026-03-23 09:23:22,717 - ERROR - CaseID: 585
结果数量不匹配: 预期0个，实际1个
2026-03-23 09:23:22,717 - WARNING - CaseID: 586 - 参数解析失败: Expecting ',' delimiter: line 1 column 57 (char 56), 原始数据: {"action":"navigate","point_desc":{"parking_space"
2026-03-23 09:23:22,717 - WARNING - CaseID: 586 - name和args数量不匹配（name:1个, args:0个），跳过该组对比
2026-03-23 09:23:22,717 - ERROR - CaseID: 586
结果数量不匹配: 预期0个，实际1个
2026-03-23 09:23:22,717 - WARNING - CaseID: 587 - 参数解析失败: Expecting ',' delimiter: line 1 column 57 (char 56), 原始数据: {"action":"navigate","point_desc":{"parking_space"
2026-03-23 09:23:22,717 - WARNING - CaseID: 587 - name和args数量不匹配（name:1个, args:0个），跳过该组对比
2026-03-23 09:23:22,717 - ERROR - CaseID: 587
结果数量不匹配: 预期0个，实际1个
2026-03-23 09:23:22,718 - WARNING - CaseID: 588 - 参数解析失败: Expecting ',' delimiter: line 1 column 57 (char 56), 原始数据: {"action":"navigate","point_desc":{"parking_space"
2026-03-23 09:23:22,718 - WARNING - CaseID: 588 - name和args数量不匹配（name:1个, args:0个），跳过该组对比
2026-03-23 09:23:22,718 - ERROR - CaseID: 588
结果数量不匹配: 预期0个，实际1个
2026-03-23 09:23:22,718 - WARNING - CaseID: 589 - 参数解析失败: Expecting ',' delimiter: line 1 column 57 (char 56), 原始数据: {"action":"navigate","point_desc":{"parking_space"
2026-03-23 09:23:22,718 - WARNING - CaseID: 589 - name和args数量不匹配（name:1个, args:0个），跳过该组对比
2026-03-23 09:23:22,718 - ERROR - CaseID: 589
结果数量不匹配: 预期0个，实际1个
2026-03-23 09:23:22,718 - WARNING - CaseID: 590 - 参数解析失败: Expecting ',' delimiter: line 1 column 57 (char 56), 原始数据: {"action":"navigate","point_desc":{"parking_space"
2026-03-23 09:23:22,718 - WARNING - CaseID: 590 - name和args数量不匹配（name:1个, args:0个），跳过该组对比
2026-03-23 09:23:22,718 - ERROR - CaseID: 590
结果数量不匹配: 预期0个，实际1个
2026-03-23 09:23:22,718 - WARNING - CaseID: 591 - 参数解析失败: Expecting ',' delimiter: line 1 column 57 (char 56), 原始数据: {"action":"navigate","point_desc":{"parking_space"
2026-03-23 09:23:22,718 - WARNING - CaseID: 591 - name和args数量不匹配（name:1个, args:0个），跳过该组对比
2026-03-23 09:23:22,718 - ERROR - CaseID: 591
结果数量不匹配: 预期0个，实际1个
2026-03-23 09:23:22,718 - WARNING - CaseID: 592 - 参数解析失败: Expecting ',' delimiter: line 1 column 57 (char 56), 原始数据: {"action":"navigate","point_desc":{"parking_space"
2026-03-23 09:23:22,718 - WARNING - CaseID: 592 - name和args数量不匹配（name:1个, args:0个），跳过该组对比
2026-03-23 09:23:22,718 - ERROR - CaseID: 592
结果数量不匹配: 预期0个，实际1个
2026-03-23 09:23:22,718 - WARNING - CaseID: 593 - 参数解析失败: Expecting ',' delimiter: line 1 column 57 (char 56), 原始数据: {"action":"navigate","point_desc":{"parking_space"
2026-03-23 09:23:22,718 - WARNING - CaseID: 593 - name和args数量不匹配（name:1个, args:0个），跳过该组对比
2026-03-23 09:23:22,718 - ERROR - CaseID: 593
结果数量不匹配: 预期0个，实际1个
2026-03-23 09:23:22,721 - ERROR - CaseID: 633
实际结果缺少以下预期项：
  名称: vla_control, 参数: {"action": "park", "point_tag": "HERE"}
实际结果多出以下非预期项：
  名称: vla_control, 参数: {"action": "park"}
2026-03-23 09:23:22,722 - ERROR - CaseID: 660
实际结果缺少以下预期项：
  名称: vla_control, 参数: {"action": "park_in", "position": "\u9760\u53f3"}
实际结果多出以下非预期项：
  名称: vla_control, 参数: {"action": "park_in", "position": "\u53f3"}
2026-03-23 09:23:22,722 - ERROR - CaseID: 661
实际结果缺少以下预期项：
  名称: vla_control, 参数: {"action": "park_in", "position": "\u9760\u53f3"}
实际结果多出以下非预期项：
  名称: vla_control, 参数: {"action": "park_in", "point_desc": {"parking_space": "\u8f66\u4f4d"}, "position": "\u53f3"}
2026-03-23 09:23:22,722 - ERROR - CaseID: 672
实际结果缺少以下预期项：
  名称: vla_control, 参数: {"action": "park_in", "position": "\u9760\u5de6"}
实际结果多出以下非预期项：
  名称: vla_control, 参数: {"action": "park_in", "point_tag": "HERE", "position": "\u9760\u5de6"}
2026-03-23 09:23:22,723 - ERROR - CaseID: 770
实际结果缺少以下预期项：
  名称: vla_control, 参数: {"action": "park", "point_tag": "HERE", "position": "\u5c45\u4e2d"}
实际结果多出以下非预期项：
  名称: vla_control, 参数: {"action": "park", "point_tag": "HERE", "position": "\u4e2d"}
2026-03-23 09:23:22,725 - ERROR - CaseID: 706
实际结果缺少以下预期项：
  名称: vla_control, 参数: {"action": "park_in", "point_desc": {"parking_space": "\u8f66\u4f4d"}, "position": "\u9760\u5de6"}
实际结果多出以下非预期项：
  名称: vla_control, 参数: {"action": "park_in", "point_desc": {"parking_space": "\u8f66\u4f4d"}, "position": "\u5de6"}
2026-03-23 09:23:22,725 - ERROR - CaseID: 707
实际结果缺少以下预期项：
  名称: vla_control, 参数: {"action": "park_in", "point_desc": {"parking_space": "\u8f66\u4f4d"}, "position": "\u9760\u53f3"}
实际结果多出以下非预期项：
  名称: vla_control, 参数: {"action": "park_in", "point_desc": {"parking_space": "\u8f66\u4f4d"}, "position": "\u53f3"}
2026-03-23 09:23:22,727 - ERROR - CaseID: 763
实际结果缺少以下预期项：
  名称: vla_control, 参数: {"action": "park", "point_tag": "HERE", "position": "\u9760\u53f3"}
实际结果多出以下非预期项：
  名称: vla_control, 参数: {"action": "park", "point_desc": {"position": "\u9760\u53f3"}, "point_tag": "HERE", "position": "\u53f3"}
2026-03-23 09:23:22,727 - ERROR - CaseID: 764
实际结果缺少以下预期项：
  名称: vla_control, 参数: {"action": "park", "point_tag": "HERE", "position": "\u4e2d"}
实际结果多出以下非预期项：
  名称: vla_control, 参数: {"action": "park", "point_desc": {"position": "\u4e2d"}, "position": "\u5f53\u524d"}
2026-03-23 09:23:22,727 - ERROR - CaseID: 765
实际结果缺少以下预期项：
  名称: vla_control, 参数: {"action": "park", "point_tag": "HERE", "position": "\u9760\u5de6"}
实际结果多出以下非预期项：
  名称: vla_control, 参数: {"action": "park", "point_desc": {"position": "\u5de6"}, "point_tag": "HERE"}
2026-03-23 09:23:22,727 - ERROR - CaseID: 766
实际结果缺少以下预期项：
  名称: vla_control, 参数: {"action": "park", "point_tag": "HERE", "position": "\u9760\u53f3"}
实际结果多出以下非预期项：
  名称: vla_control, 参数: {"action": "park", "point_desc": {"position": "\u53f3"}, "point_tag": "HERE"}
2026-03-23 09:23:22,727 - ERROR - CaseID: 767
实际结果缺少以下预期项：
  名称: vla_control, 参数: {"action": "park", "point_tag": "HERE", "position": "\u4e2d"}
实际结果多出以下非预期项：
  名称: vla_control, 参数: {"action": "park", "position": "\u4e2d"}
2026-03-23 09:23:22,728 - ERROR - CaseID: 807
实际结果缺少以下预期项：
  名称: vla_control, 参数: {"action": "pause_park_in"}
实际结果多出以下非预期项：
  名称: vla_control, 参数: {"action": "cancel_park_in"}
2026-03-23 09:23:22,728 - WARNING - CaseID: 814 - 参数解析失败: Expecting ',' delimiter: line 1 column 59 (char 58), 原始数据: {"action":"pause_park","point_desc":{"parking_spac
2026-03-23 09:23:22,728 - WARNING - CaseID: 814 - name和args数量不匹配（name:1个, args:0个），跳过该组对比
2026-03-23 09:23:22,728 - ERROR - CaseID: 814
结果数量不匹配: 预期0个，实际1个
2026-03-23 09:23:22,728 - WARNING - CaseID: 815 - 参数解析失败: Expecting ',' delimiter: line 1 column 59 (char 58), 原始数据: {"action":"pause_park","point_desc":{"parking_spac
2026-03-23 09:23:22,728 - WARNING - CaseID: 815 - name和args数量不匹配（name:1个, args:0个），跳过该组对比
2026-03-23 09:23:22,728 - ERROR - CaseID: 815
结果数量不匹配: 预期0个，实际1个
2026-03-23 09:23:22,729 - WARNING - CaseID: 816 - 参数解析失败: Expecting ',' delimiter: line 1 column 59 (char 58), 原始数据: {"action":"pause_park","point_desc":{"parking_spac
2026-03-23 09:23:22,729 - WARNING - CaseID: 816 - name和args数量不匹配（name:1个, args:0个），跳过该组对比
2026-03-23 09:23:22,729 - ERROR - CaseID: 816
结果数量不匹配: 预期0个，实际1个
2026-03-23 09:23:22,729 - WARNING - CaseID: 817 - 参数解析失败: Expecting ',' delimiter: line 1 column 59 (char 58), 原始数据: {"action":"pause_park","point_desc":{"parking_spac
2026-03-23 09:23:22,729 - WARNING - CaseID: 817 - name和args数量不匹配（name:1个, args:0个），跳过该组对比
2026-03-23 09:23:22,729 - ERROR - CaseID: 817
结果数量不匹配: 预期0个，实际1个
2026-03-23 09:23:22,729 - WARNING - CaseID: 818 - 参数解析失败: Expecting ',' delimiter: line 1 column 59 (char 58), 原始数据: {"action":"pause_park","point_desc":{"parking_spac
2026-03-23 09:23:22,729 - WARNING - CaseID: 818 - name和args数量不匹配（name:1个, args:0个），跳过该组对比
2026-03-23 09:23:22,729 - ERROR - CaseID: 818
结果数量不匹配: 预期0个，实际1个
2026-03-23 09:23:22,729 - WARNING - CaseID: 819 - 参数解析失败: Expecting ',' delimiter: line 1 column 59 (char 58), 原始数据: {"action":"pause_park","point_desc":{"parking_spac
2026-03-23 09:23:22,729 - WARNING - CaseID: 819 - name和args数量不匹配（name:1个, args:0个），跳过该组对比
2026-03-23 09:23:22,729 - ERROR - CaseID: 819
结果数量不匹配: 预期0个，实际1个
2026-03-23 09:23:22,729 - WARNING - CaseID: 820 - 参数解析失败: Expecting ',' delimiter: line 1 column 59 (char 58), 原始数据: {"action":"pause_park","point_desc":{"parking_spac
2026-03-23 09:23:22,729 - WARNING - CaseID: 820 - name和args数量不匹配（name:1个, args:0个），跳过该组对比
2026-03-23 09:23:22,729 - ERROR - CaseID: 820
结果数量不匹配: 预期0个，实际1个
2026-03-23 09:23:22,729 - WARNING - CaseID: 821 - 参数解析失败: Expecting ',' delimiter: line 1 column 59 (char 58), 原始数据: {"action":"pause_park","point_desc":{"parking_spac
2026-03-23 09:23:22,729 - WARNING - CaseID: 821 - name和args数量不匹配（name:1个, args:0个），跳过该组对比
2026-03-23 09:23:22,729 - ERROR - CaseID: 821
结果数量不匹配: 预期0个，实际1个
2026-03-23 09:23:22,729 - WARNING - CaseID: 822 - 参数解析失败: Expecting ',' delimiter: line 1 column 59 (char 58), 原始数据: {"action":"pause_park","point_desc":{"parking_spac
2026-03-23 09:23:22,729 - WARNING - CaseID: 822 - name和args数量不匹配（name:1个, args:0个），跳过该组对比
2026-03-23 09:23:22,729 - ERROR - CaseID: 822
结果数量不匹配: 预期0个，实际1个
2026-03-23 09:23:22,729 - WARNING - CaseID: 823 - 参数解析失败: Expecting ',' delimiter: line 1 column 59 (char 58), 原始数据: {"action":"pause_park","point_desc":{"parking_spac
2026-03-23 09:23:22,729 - WARNING - CaseID: 823 - name和args数量不匹配（name:1个, args:0个），跳过该组对比
2026-03-23 09:23:22,729 - ERROR - CaseID: 823
结果数量不匹配: 预期0个，实际1个
2026-03-23 09:23:22,729 - WARNING - CaseID: 824 - 参数解析失败: Expecting ',' delimiter: line 1 column 59 (char 58), 原始数据: {"action":"pause_park","point_desc":{"parking_spac
2026-03-23 09:23:22,729 - WARNING - CaseID: 824 - name和args数量不匹配（name:1个, args:0个），跳过该组对比
2026-03-23 09:23:22,730 - ERROR - CaseID: 824
结果数量不匹配: 预期0个，实际1个
2026-03-23 09:23:22,730 - WARNING - CaseID: 825 - 参数解析失败: Expecting ',' delimiter: line 1 column 59 (char 58), 原始数据: {"action":"pause_park","point_desc":{"parking_spac
2026-03-23 09:23:22,730 - WARNING - CaseID: 825 - name和args数量不匹配（name:1个, args:0个），跳过该组对比
2026-03-23 09:23:22,730 - ERROR - CaseID: 825
结果数量不匹配: 预期0个，实际1个
2026-03-23 09:23:22,730 - WARNING - CaseID: 826 - 参数解析失败: Expecting ',' delimiter: line 1 column 59 (char 58), 原始数据: {"action":"pause_park","point_desc":{"parking_spac
2026-03-23 09:23:22,730 - WARNING - CaseID: 826 - name和args数量不匹配（name:1个, args:0个），跳过该组对比
2026-03-23 09:23:22,730 - ERROR - CaseID: 826
结果数量不匹配: 预期0个，实际1个
2026-03-23 09:23:22,730 - WARNING - CaseID: 827 - 参数解析失败: Expecting ',' delimiter: line 1 column 59 (char 58), 原始数据: {"action":"pause_park","point_desc":{"parking_spac
2026-03-23 09:23:22,730 - WARNING - CaseID: 827 - name和args数量不匹配（name:1个, args:0个），跳过该组对比
2026-03-23 09:23:22,730 - ERROR - CaseID: 827
结果数量不匹配: 预期0个，实际1个
2026-03-23 09:23:22,730 - WARNING - CaseID: 828 - 参数解析失败: Expecting ',' delimiter: line 1 column 59 (char 58), 原始数据: {"action":"pause_park","point_desc":{"parking_spac
2026-03-23 09:23:22,730 - WARNING - CaseID: 828 - name和args数量不匹配（name:1个, args:0个），跳过该组对比
2026-03-23 09:23:22,730 - ERROR - CaseID: 828
结果数量不匹配: 预期0个，实际1个
2026-03-23 09:23:22,730 - WARNING - CaseID: 829 - 参数解析失败: Expecting ',' delimiter: line 1 column 59 (char 58), 原始数据: {"action":"pause_park","point_desc":{"parking_spac
2026-03-23 09:23:22,730 - WARNING - CaseID: 829 - name和args数量不匹配（name:1个, args:0个），跳过该组对比
2026-03-23 09:23:22,730 - ERROR - CaseID: 829
结果数量不匹配: 预期0个，实际1个
2026-03-23 09:23:22,730 - WARNING - CaseID: 830 - 参数解析失败: Expecting ',' delimiter: line 1 column 59 (char 58), 原始数据: {"action":"pause_park","point_desc":{"parking_spac
2026-03-23 09:23:22,730 - WARNING - CaseID: 830 - name和args数量不匹配（name:1个, args:0个），跳过该组对比
2026-03-23 09:23:22,730 - ERROR - CaseID: 830
结果数量不匹配: 预期0个，实际1个
2026-03-23 09:23:22,730 - WARNING - CaseID: 831 - 参数解析失败: Expecting ',' delimiter: line 1 column 59 (char 58), 原始数据: {"action":"pause_park","point_desc":{"parking_spac
2026-03-23 09:23:22,730 - WARNING - CaseID: 831 - name和args数量不匹配（name:1个, args:0个），跳过该组对比
2026-03-23 09:23:22,730 - ERROR - CaseID: 831
结果数量不匹配: 预期0个，实际1个
2026-03-23 09:23:22,730 - WARNING - CaseID: 832 - 参数解析失败: Expecting ',' delimiter: line 1 column 59 (char 58), 原始数据: {"action":"pause_park","point_desc":{"parking_spac
2026-03-23 09:23:22,730 - WARNING - CaseID: 832 - name和args数量不匹配（name:1个, args:0个），跳过该组对比
2026-03-23 09:23:22,730 - ERROR - CaseID: 832
结果数量不匹配: 预期0个，实际1个
2026-03-23 09:23:22,730 - WARNING - CaseID: 833 - 参数解析失败: Expecting ',' delimiter: line 1 column 59 (char 58), 原始数据: {"action":"pause_park","point_desc":{"parking_spac
2026-03-23 09:23:22,730 - WARNING - CaseID: 833 - name和args数量不匹配（name:1个, args:0个），跳过该组对比
2026-03-23 09:23:22,731 - ERROR - CaseID: 833
结果数量不匹配: 预期0个，实际1个
2026-03-23 09:23:22,731 - WARNING - CaseID: 834 - 参数解析失败: Expecting ',' delimiter: line 1 column 62 (char 61), 原始数据: {"action":"pause_park_in","point_desc":{"parking_s
2026-03-23 09:23:22,731 - WARNING - CaseID: 834 - name和args数量不匹配（name:1个, args:0个），跳过该组对比
2026-03-23 09:23:22,731 - ERROR - CaseID: 834
结果数量不匹配: 预期0个，实际1个
2026-03-23 09:23:22,731 - WARNING - CaseID: 835 - 参数解析失败: Expecting ',' delimiter: line 1 column 62 (char 61), 原始数据: {"action":"pause_park_in","point_desc":{"parking_s
2026-03-23 09:23:22,731 - WARNING - CaseID: 835 - name和args数量不匹配（name:1个, args:0个），跳过该组对比
2026-03-23 09:23:22,731 - ERROR - CaseID: 835
结果数量不匹配: 预期0个，实际1个
2026-03-23 09:23:22,731 - WARNING - CaseID: 836 - 参数解析失败: Expecting ',' delimiter: line 1 column 62 (char 61), 原始数据: {"action":"pause_park_in","point_desc":{"parking_s
2026-03-23 09:23:22,731 - WARNING - CaseID: 836 - name和args数量不匹配（name:1个, args:0个），跳过该组对比
2026-03-23 09:23:22,731 - ERROR - CaseID: 836
结果数量不匹配: 预期0个，实际1个
2026-03-23 09:23:22,731 - WARNING - CaseID: 837 - 参数解析失败: Expecting ',' delimiter: line 1 column 62 (char 61), 原始数据: {"action":"pause_park_in","point_desc":{"parking_s
2026-03-23 09:23:22,731 - WARNING - CaseID: 837 - name和args数量不匹配（name:1个, args:0个），跳过该组对比
2026-03-23 09:23:22,731 - ERROR - CaseID: 837
结果数量不匹配: 预期0个，实际1个
2026-03-23 09:23:22,731 - WARNING - CaseID: 838 - 参数解析失败: Expecting ',' delimiter: line 1 column 62 (char 61), 原始数据: {"action":"pause_park_in","point_desc":{"parking_s
2026-03-23 09:23:22,731 - WARNING - CaseID: 838 - name和args数量不匹配（name:1个, args:0个），跳过该组对比
2026-03-23 09:23:22,731 - ERROR - CaseID: 838
结果数量不匹配: 预期0个，实际1个
2026-03-23 09:23:22,731 - WARNING - CaseID: 839 - 参数解析失败: Expecting ',' delimiter: line 1 column 62 (char 61), 原始数据: {"action":"pause_park_in","point_desc":{"parking_s
2026-03-23 09:23:22,731 - WARNING - CaseID: 839 - name和args数量不匹配（name:1个, args:0个），跳过该组对比
2026-03-23 09:23:22,731 - ERROR - CaseID: 839
结果数量不匹配: 预期0个，实际1个
2026-03-23 09:23:22,731 - WARNING - CaseID: 840 - 参数解析失败: Expecting ',' delimiter: line 1 column 62 (char 61), 原始数据: {"action":"pause_park_in","point_desc":{"parking_s
2026-03-23 09:23:22,731 - WARNING - CaseID: 840 - name和args数量不匹配（name:1个, args:0个），跳过该组对比
2026-03-23 09:23:22,731 - ERROR - CaseID: 840
结果数量不匹配: 预期0个，实际1个
2026-03-23 09:23:22,731 - WARNING - CaseID: 841 - 参数解析失败: Expecting ',' delimiter: line 1 column 62 (char 61), 原始数据: {"action":"pause_park_in","point_desc":{"parking_s
2026-03-23 09:23:22,731 - WARNING - CaseID: 841 - name和args数量不匹配（name:1个, args:0个），跳过该组对比
2026-03-23 09:23:22,731 - ERROR - CaseID: 841
结果数量不匹配: 预期0个，实际1个
2026-03-23 09:23:22,731 - WARNING - CaseID: 842 - 参数解析失败: Expecting ',' delimiter: line 1 column 62 (char 61), 原始数据: {"action":"pause_park_in","point_desc":{"parking_s
2026-03-23 09:23:22,732 - WARNING - CaseID: 842 - name和args数量不匹配（name:1个, args:0个），跳过该组对比
2026-03-23 09:23:22,732 - ERROR - CaseID: 842
结果数量不匹配: 预期0个，实际1个
2026-03-23 09:23:22,732 - WARNING - CaseID: 843 - 参数解析失败: Expecting ',' delimiter: line 1 column 62 (char 61), 原始数据: {"action":"pause_park_in","point_desc":{"parking_s
2026-03-23 09:23:22,732 - WARNING - CaseID: 843 - name和args数量不匹配（name:1个, args:0个），跳过该组对比
2026-03-23 09:23:22,732 - ERROR - CaseID: 843
结果数量不匹配: 预期0个，实际1个
2026-03-23 09:23:22,732 - WARNING - CaseID: 844 - 参数解析失败: Expecting ',' delimiter: line 1 column 62 (char 61), 原始数据: {"action":"pause_park_in","point_desc":{"parking_s
2026-03-23 09:23:22,732 - WARNING - CaseID: 844 - name和args数量不匹配（name:1个, args:0个），跳过该组对比
2026-03-23 09:23:22,732 - ERROR - CaseID: 844
结果数量不匹配: 预期0个，实际1个
2026-03-23 09:23:22,732 - WARNING - CaseID: 845 - 参数解析失败: Expecting ',' delimiter: line 1 column 62 (char 61), 原始数据: {"action":"pause_park_in","point_desc":{"parking_s
2026-03-23 09:23:22,732 - WARNING - CaseID: 845 - name和args数量不匹配（name:1个, args:0个），跳过该组对比
2026-03-23 09:23:22,732 - ERROR - CaseID: 845
结果数量不匹配: 预期0个，实际1个
2026-03-23 09:23:22,732 - WARNING - CaseID: 846 - 参数解析失败: Expecting ',' delimiter: line 1 column 62 (char 61), 原始数据: {"action":"pause_park_in","point_desc":{"parking_s
2026-03-23 09:23:22,732 - WARNING - CaseID: 846 - name和args数量不匹配（name:1个, args:0个），跳过该组对比
2026-03-23 09:23:22,732 - ERROR - CaseID: 846
结果数量不匹配: 预期0个，实际1个
2026-03-23 09:23:22,732 - WARNING - CaseID: 847 - 参数解析失败: Expecting ',' delimiter: line 1 column 62 (char 61), 原始数据: {"action":"pause_park_in","point_desc":{"parking_s
2026-03-23 09:23:22,732 - WARNING - CaseID: 847 - name和args数量不匹配（name:1个, args:0个），跳过该组对比
2026-03-23 09:23:22,732 - ERROR - CaseID: 847
结果数量不匹配: 预期0个，实际1个
2026-03-23 09:23:22,732 - WARNING - CaseID: 848 - 参数解析失败: Expecting ',' delimiter: line 1 column 62 (char 61), 原始数据: {"action":"pause_park_in","point_desc":{"parking_s
2026-03-23 09:23:22,732 - WARNING - CaseID: 848 - name和args数量不匹配（name:1个, args:0个），跳过该组对比
2026-03-23 09:23:22,732 - ERROR - CaseID: 848
结果数量不匹配: 预期0个，实际1个
2026-03-23 09:23:22,732 - WARNING - CaseID: 849 - 参数解析失败: Expecting ',' delimiter: line 1 column 62 (char 61), 原始数据: {"action":"pause_park_in","point_desc":{"parking_s
2026-03-23 09:23:22,732 - WARNING - CaseID: 849 - name和args数量不匹配（name:1个, args:0个），跳过该组对比
2026-03-23 09:23:22,732 - ERROR - CaseID: 849
结果数量不匹配: 预期0个，实际1个
2026-03-23 09:23:22,732 - WARNING - CaseID: 850 - 参数解析失败: Expecting ',' delimiter: line 1 column 62 (char 61), 原始数据: {"action":"pause_park_in","point_desc":{"parking_s
2026-03-23 09:23:22,732 - WARNING - CaseID: 850 - name和args数量不匹配（name:1个, args:0个），跳过该组对比
2026-03-23 09:23:22,732 - ERROR - CaseID: 850
结果数量不匹配: 预期0个，实际1个
2026-03-23 09:23:22,732 - WARNING - CaseID: 851 - 参数解析失败: Expecting ',' delimiter: line 1 column 62 (char 61), 原始数据: {"action":"pause_park_in","point_desc":{"parking_s
2026-03-23 09:23:22,732 - WARNING - CaseID: 851 - name和args数量不匹配（name:1个, args:0个），跳过该组对比
2026-03-23 09:23:22,733 - ERROR - CaseID: 851
结果数量不匹配: 预期0个，实际1个
2026-03-23 09:23:22,733 - WARNING - CaseID: 852 - 参数解析失败: Expecting ',' delimiter: line 1 column 62 (char 61), 原始数据: {"action":"pause_park_in","point_desc":{"parking_s
2026-03-23 09:23:22,733 - WARNING - CaseID: 852 - name和args数量不匹配（name:1个, args:0个），跳过该组对比
2026-03-23 09:23:22,733 - ERROR - CaseID: 852
结果数量不匹配: 预期0个，实际1个
2026-03-23 09:23:22,733 - WARNING - CaseID: 853 - 参数解析失败: Expecting ',' delimiter: line 1 column 62 (char 61), 原始数据: {"action":"pause_park_in","point_desc":{"parking_s
2026-03-23 09:23:22,733 - WARNING - CaseID: 853 - name和args数量不匹配（name:1个, args:0个），跳过该组对比
2026-03-23 09:23:22,733 - ERROR - CaseID: 853
结果数量不匹配: 预期0个，实际1个
2026-03-23 09:23:22,733 - WARNING - CaseID: 854 - 参数解析失败: Expecting ',' delimiter: line 1 column 63 (char 62), 原始数据: {"action":"pause_navigate","point_desc":{"parking_
2026-03-23 09:23:22,733 - WARNING - CaseID: 854 - name和args数量不匹配（name:1个, args:0个），跳过该组对比
2026-03-23 09:23:22,733 - ERROR - CaseID: 854
结果数量不匹配: 预期0个，实际1个
2026-03-23 09:23:22,733 - WARNING - CaseID: 855 - 参数解析失败: Expecting ',' delimiter: line 1 column 63 (char 62), 原始数据: {"action":"pause_navigate","point_desc":{"parking_
2026-03-23 09:23:22,733 - WARNING - CaseID: 855 - name和args数量不匹配（name:1个, args:0个），跳过该组对比
2026-03-23 09:23:22,733 - ERROR - CaseID: 855
结果数量不匹配: 预期0个，实际1个
2026-03-23 09:23:22,733 - WARNING - CaseID: 856 - 参数解析失败: Expecting ',' delimiter: line 1 column 63 (char 62), 原始数据: {"action":"pause_navigate","point_desc":{"parking_
2026-03-23 09:23:22,733 - WARNING - CaseID: 856 - name和args数量不匹配（name:1个, args:0个），跳过该组对比
2026-03-23 09:23:22,733 - ERROR - CaseID: 856
结果数量不匹配: 预期0个，实际1个
2026-03-23 09:23:22,733 - WARNING - CaseID: 857 - 参数解析失败: Expecting ',' delimiter: line 1 column 63 (char 62), 原始数据: {"action":"pause_navigate","point_desc":{"parking_
2026-03-23 09:23:22,733 - WARNING - CaseID: 857 - name和args数量不匹配（name:1个, args:0个），跳过该组对比
2026-03-23 09:23:22,733 - ERROR - CaseID: 857
结果数量不匹配: 预期0个，实际1个
2026-03-23 09:23:22,733 - WARNING - CaseID: 858 - 参数解析失败: Expecting ',' delimiter: line 1 column 63 (char 62), 原始数据: {"action":"pause_navigate","point_desc":{"parking_
2026-03-23 09:23:22,733 - WARNING - CaseID: 858 - name和args数量不匹配（name:1个, args:0个），跳过该组对比
2026-03-23 09:23:22,733 - ERROR - CaseID: 858
结果数量不匹配: 预期0个，实际1个
2026-03-23 09:23:22,733 - WARNING - CaseID: 859 - 参数解析失败: Expecting ',' delimiter: line 1 column 63 (char 62), 原始数据: {"action":"pause_navigate","point_desc":{"parking_
2026-03-23 09:23:22,733 - WARNING - CaseID: 859 - name和args数量不匹配（name:1个, args:0个），跳过该组对比
2026-03-23 09:23:22,733 - ERROR - CaseID: 859
结果数量不匹配: 预期0个，实际1个
2026-03-23 09:23:22,733 - WARNING - CaseID: 860 - 参数解析失败: Expecting ',' delimiter: line 1 column 63 (char 62), 原始数据: {"action":"pause_navigate","point_desc":{"parking_
2026-03-23 09:23:22,733 - WARNING - CaseID: 860 - name和args数量不匹配（name:1个, args:0个），跳过该组对比
2026-03-23 09:23:22,733 - ERROR - CaseID: 860
结果数量不匹配: 预期0个，实际1个
2026-03-23 09:23:22,733 - WARNING - CaseID: 861 - 参数解析失败: Expecting ',' delimiter: line 1 column 63 (char 62), 原始数据: {"action":"pause_navigate","point_desc":{"parking_
2026-03-23 09:23:22,734 - WARNING - CaseID: 861 - name和args数量不匹配（name:1个, args:0个），跳过该组对比
2026-03-23 09:23:22,734 - ERROR - CaseID: 861
结果数量不匹配: 预期0个，实际1个
2026-03-23 09:23:22,734 - WARNING - CaseID: 862 - 参数解析失败: Expecting ',' delimiter: line 1 column 63 (char 62), 原始数据: {"action":"pause_navigate","point_desc":{"parking_
2026-03-23 09:23:22,734 - WARNING - CaseID: 862 - name和args数量不匹配（name:1个, args:0个），跳过该组对比
2026-03-23 09:23:22,734 - ERROR - CaseID: 862
结果数量不匹配: 预期0个，实际1个
2026-03-23 09:23:22,734 - WARNING - CaseID: 863 - 参数解析失败: Expecting ',' delimiter: line 1 column 63 (char 62), 原始数据: {"action":"pause_navigate","point_desc":{"parking_
2026-03-23 09:23:22,734 - WARNING - CaseID: 863 - name和args数量不匹配（name:1个, args:0个），跳过该组对比
2026-03-23 09:23:22,734 - ERROR - CaseID: 863
结果数量不匹配: 预期0个，实际1个
2026-03-23 09:23:22,734 - WARNING - CaseID: 864 - 参数解析失败: Expecting ',' delimiter: line 1 column 63 (char 62), 原始数据: {"action":"pause_navigate","point_desc":{"parking_
2026-03-23 09:23:22,734 - WARNING - CaseID: 864 - name和args数量不匹配（name:1个, args:0个），跳过该组对比
2026-03-23 09:23:22,734 - ERROR - CaseID: 864
结果数量不匹配: 预期0个，实际1个
2026-03-23 09:23:22,734 - WARNING - CaseID: 865 - 参数解析失败: Expecting ',' delimiter: line 1 column 63 (char 62), 原始数据: {"action":"pause_navigate","point_desc":{"parking_
2026-03-23 09:23:22,734 - WARNING - CaseID: 865 - name和args数量不匹配（name:1个, args:0个），跳过该组对比
2026-03-23 09:23:22,734 - ERROR - CaseID: 865
结果数量不匹配: 预期0个，实际1个
2026-03-23 09:23:22,734 - WARNING - CaseID: 866 - 参数解析失败: Expecting ',' delimiter: line 1 column 63 (char 62), 原始数据: {"action":"pause_navigate","point_desc":{"parking_
2026-03-23 09:23:22,734 - WARNING - CaseID: 866 - name和args数量不匹配（name:1个, args:0个），跳过该组对比
2026-03-23 09:23:22,734 - ERROR - CaseID: 866
结果数量不匹配: 预期0个，实际1个
2026-03-23 09:23:22,734 - WARNING - CaseID: 867 - 参数解析失败: Expecting ',' delimiter: line 1 column 63 (char 62), 原始数据: {"action":"pause_navigate","point_desc":{"parking_
2026-03-23 09:23:22,734 - WARNING - CaseID: 867 - name和args数量不匹配（name:1个, args:0个），跳过该组对比
2026-03-23 09:23:22,734 - ERROR - CaseID: 867
结果数量不匹配: 预期0个，实际1个
2026-03-23 09:23:22,734 - WARNING - CaseID: 868 - 参数解析失败: Expecting ',' delimiter: line 1 column 63 (char 62), 原始数据: {"action":"pause_navigate","point_desc":{"parking_
2026-03-23 09:23:22,734 - WARNING - CaseID: 868 - name和args数量不匹配（name:1个, args:0个），跳过该组对比
2026-03-23 09:23:22,734 - ERROR - CaseID: 868
结果数量不匹配: 预期0个，实际1个
2026-03-23 09:23:22,734 - WARNING - CaseID: 869 - 参数解析失败: Expecting ',' delimiter: line 1 column 63 (char 62), 原始数据: {"action":"pause_navigate","point_desc":{"parking_
2026-03-23 09:23:22,734 - WARNING - CaseID: 869 - name和args数量不匹配（name:1个, args:0个），跳过该组对比
2026-03-23 09:23:22,734 - ERROR - CaseID: 869
结果数量不匹配: 预期0个，实际1个
2026-03-23 09:23:22,734 - WARNING - CaseID: 870 - 参数解析失败: Expecting ',' delimiter: line 1 column 63 (char 62), 原始数据: {"action":"pause_navigate","point_desc":{"parking_
2026-03-23 09:23:22,734 - WARNING - CaseID: 870 - name和args数量不匹配（name:1个, args:0个），跳过该组对比
2026-03-23 09:23:22,734 - ERROR - CaseID: 870
结果数量不匹配: 预期0个，实际1个
2026-03-23 09:23:22,735 - WARNING - CaseID: 871 - 参数解析失败: Expecting ',' delimiter: line 1 column 63 (char 62), 原始数据: {"action":"pause_navigate","point_desc":{"parking_
2026-03-23 09:23:22,735 - WARNING - CaseID: 871 - name和args数量不匹配（name:1个, args:0个），跳过该组对比
2026-03-23 09:23:22,735 - ERROR - CaseID: 871
结果数量不匹配: 预期0个，实际1个
2026-03-23 09:23:22,735 - WARNING - CaseID: 872 - 参数解析失败: Expecting ',' delimiter: line 1 column 63 (char 62), 原始数据: {"action":"pause_navigate","point_desc":{"parking_
2026-03-23 09:23:22,735 - WARNING - CaseID: 872 - name和args数量不匹配（name:1个, args:0个），跳过该组对比
2026-03-23 09:23:22,735 - ERROR - CaseID: 872
结果数量不匹配: 预期0个，实际1个
2026-03-23 09:23:22,735 - WARNING - CaseID: 873 - 参数解析失败: Expecting ',' delimiter: line 1 column 63 (char 62), 原始数据: {"action":"pause_navigate","point_desc":{"parking_
2026-03-23 09:23:22,735 - WARNING - CaseID: 873 - name和args数量不匹配（name:1个, args:0个），跳过该组对比
2026-03-23 09:23:22,735 - ERROR - CaseID: 873
结果数量不匹配: 预期0个，实际1个
2026-03-23 09:23:22,735 - ERROR - CaseID: 880
实际结果缺少以下预期项：
  名称: vla_control, 参数: {"action": "pause_park"}
实际结果多出以下非预期项：
  名称: vla_control, 参数: {"action": "pause_drive"}
2026-03-23 09:23:22,735 - ERROR - CaseID: 892
实际结果缺少以下预期项：
  名称: vla_control, 参数: {"action": "pause_park"}
实际结果多出以下非预期项：
  名称: device_control, 参数: {"action": "unsupport"}
2026-03-23 09:23:22,736 - ERROR - CaseID: 901
实际结果缺少以下预期项：
  名称: vla_control, 参数: {"action": "pause_park", "point_tag": "HERE"}
实际结果多出以下非预期项：
  名称: vla_control, 参数: {"action": "cancel_park", "point_tag": "HERE"}
2026-03-23 09:23:22,736 - ERROR - CaseID: 905
实际结果缺少以下预期项：
  名称: vla_control, 参数: {"action": "pause_park", "point_tag": "HERE"}
实际结果多出以下非预期项：
  名称: vla_control, 参数: {"action": "park", "point_tag": "HERE"}
2026-03-23 09:23:22,736 - ERROR - CaseID: 906
实际结果缺少以下预期项：
  名称: vla_control, 参数: {"action": "pause_park", "point_tag": "HERE"}
实际结果多出以下非预期项：
  名称: vla_control, 参数: {"action": "park", "point_tag": "HERE"}
2026-03-23 09:23:22,736 - ERROR - CaseID: 913
实际结果缺少以下预期项：
  名称: vla_control, 参数: {"action": "pause_park", "point_tag": "HERE"}
实际结果多出以下非预期项：
  名称: vla_control, 参数: {"action": "park", "point_tag": "HERE"}
2026-03-23 09:23:22,737 - ERROR - CaseID: 931
实际结果缺少以下预期项：
  名称: vla_control, 参数: {"action": "cancel_getoff_park"}
实际结果多出以下非预期项：
  名称: vla_control, 参数: {"action": "getoff_park"}
2026-03-23 09:23:22,737 - ERROR - CaseID: 949
实际结果缺少以下预期项：
  名称: vla_control, 参数: {"action": "cancel_park_in"}
实际结果多出以下非预期项：
  名称: vla_control, 参数: {"action": "cancel_park_out"}
2026-03-23 09:23:22,738 - WARNING - CaseID: 954 - 参数解析失败: Expecting ',' delimiter: line 1 column 60 (char 59), 原始数据: {"action":"cancel_park","point_desc":{"parking_spa
2026-03-23 09:23:22,738 - WARNING - CaseID: 954 - name和args数量不匹配（name:1个, args:0个），跳过该组对比
2026-03-23 09:23:22,738 - ERROR - CaseID: 954
结果数量不匹配: 预期0个，实际1个
2026-03-23 09:23:22,738 - WARNING - CaseID: 955 - 参数解析失败: Expecting ',' delimiter: line 1 column 60 (char 59), 原始数据: {"action":"cancel_park","point_desc":{"parking_spa
2026-03-23 09:23:22,738 - WARNING - CaseID: 955 - name和args数量不匹配（name:1个, args:0个），跳过该组对比
2026-03-23 09:23:22,738 - ERROR - CaseID: 955
结果数量不匹配: 预期0个，实际1个
2026-03-23 09:23:22,738 - WARNING - CaseID: 956 - 参数解析失败: Expecting ',' delimiter: line 1 column 60 (char 59), 原始数据: {"action":"cancel_park","point_desc":{"parking_spa
2026-03-23 09:23:22,738 - WARNING - CaseID: 956 - name和args数量不匹配（name:1个, args:0个），跳过该组对比
2026-03-23 09:23:22,738 - ERROR - CaseID: 956
结果数量不匹配: 预期0个，实际1个
2026-03-23 09:23:22,738 - WARNING - CaseID: 957 - 参数解析失败: Expecting ',' delimiter: line 1 column 60 (char 59), 原始数据: {"action":"cancel_park","point_desc":{"parking_spa
2026-03-23 09:23:22,738 - WARNING - CaseID: 957 - name和args数量不匹配（name:1个, args:0个），跳过该组对比
2026-03-23 09:23:22,738 - ERROR - CaseID: 957
结果数量不匹配: 预期0个，实际1个
2026-03-23 09:23:22,738 - WARNING - CaseID: 958 - 参数解析失败: Expecting ',' delimiter: line 1 column 60 (char 59), 原始数据: {"action":"cancel_park","point_desc":{"parking_spa
2026-03-23 09:23:22,738 - WARNING - CaseID: 958 - name和args数量不匹配（name:1个, args:0个），跳过该组对比
2026-03-23 09:23:22,738 - ERROR - CaseID: 958
结果数量不匹配: 预期0个，实际1个
2026-03-23 09:23:22,738 - WARNING - CaseID: 959 - 参数解析失败: Expecting ',' delimiter: line 1 column 60 (char 59), 原始数据: {"action":"cancel_park","point_desc":{"parking_spa
2026-03-23 09:23:22,738 - WARNING - CaseID: 959 - name和args数量不匹配（name:1个, args:0个），跳过该组对比
2026-03-23 09:23:22,738 - ERROR - CaseID: 959
结果数量不匹配: 预期0个，实际1个
2026-03-23 09:23:22,738 - WARNING - CaseID: 960 - 参数解析失败: Expecting ',' delimiter: line 1 column 60 (char 59), 原始数据: {"action":"cancel_park","point_desc":{"parking_spa
2026-03-23 09:23:22,738 - WARNING - CaseID: 960 - name和args数量不匹配（name:1个, args:0个），跳过该组对比
2026-03-23 09:23:22,738 - ERROR - CaseID: 960
结果数量不匹配: 预期0个，实际1个
2026-03-23 09:23:22,738 - WARNING - CaseID: 961 - 参数解析失败: Expecting ',' delimiter: line 1 column 60 (char 59), 原始数据: {"action":"cancel_park","point_desc":{"parking_spa
2026-03-23 09:23:22,738 - WARNING - CaseID: 961 - name和args数量不匹配（name:1个, args:0个），跳过该组对比
2026-03-23 09:23:22,738 - ERROR - CaseID: 961
结果数量不匹配: 预期0个，实际1个
2026-03-23 09:23:22,738 - WARNING - CaseID: 962 - 参数解析失败: Expecting ',' delimiter: line 1 column 60 (char 59), 原始数据: {"action":"cancel_park","point_desc":{"parking_spa
2026-03-23 09:23:22,738 - WARNING - CaseID: 962 - name和args数量不匹配（name:1个, args:0个），跳过该组对比
2026-03-23 09:23:22,738 - ERROR - CaseID: 962
结果数量不匹配: 预期0个，实际1个
2026-03-23 09:23:22,738 - WARNING - CaseID: 963 - 参数解析失败: Expecting ',' delimiter: line 1 column 60 (char 59), 原始数据: {"action":"cancel_park","point_desc":{"parking_spa
2026-03-23 09:23:22,739 - WARNING - CaseID: 963 - name和args数量不匹配（name:1个, args:0个），跳过该组对比
2026-03-23 09:23:22,739 - ERROR - CaseID: 963
结果数量不匹配: 预期0个，实际1个
2026-03-23 09:23:22,739 - WARNING - CaseID: 964 - 参数解析失败: Expecting ',' delimiter: line 1 column 60 (char 59), 原始数据: {"action":"cancel_park","point_desc":{"parking_spa
2026-03-23 09:23:22,739 - WARNING - CaseID: 964 - name和args数量不匹配（name:1个, args:0个），跳过该组对比
2026-03-23 09:23:22,739 - ERROR - CaseID: 964
结果数量不匹配: 预期0个，实际1个
2026-03-23 09:23:22,739 - WARNING - CaseID: 965 - 参数解析失败: Expecting ',' delimiter: line 1 column 60 (char 59), 原始数据: {"action":"cancel_park","point_desc":{"parking_spa
2026-03-23 09:23:22,739 - WARNING - CaseID: 965 - name和args数量不匹配（name:1个, args:0个），跳过该组对比
2026-03-23 09:23:22,739 - ERROR - CaseID: 965
结果数量不匹配: 预期0个，实际1个
2026-03-23 09:23:22,739 - WARNING - CaseID: 966 - 参数解析失败: Expecting ',' delimiter: line 1 column 60 (char 59), 原始数据: {"action":"cancel_park","point_desc":{"parking_spa
2026-03-23 09:23:22,739 - WARNING - CaseID: 966 - name和args数量不匹配（name:1个, args:0个），跳过该组对比
2026-03-23 09:23:22,739 - ERROR - CaseID: 966
结果数量不匹配: 预期0个，实际1个
2026-03-23 09:23:22,739 - WARNING - CaseID: 967 - 参数解析失败: Expecting ',' delimiter: line 1 column 60 (char 59), 原始数据: {"action":"cancel_park","point_desc":{"parking_spa
2026-03-23 09:23:22,739 - WARNING - CaseID: 967 - name和args数量不匹配（name:1个, args:0个），跳过该组对比
2026-03-23 09:23:22,739 - ERROR - CaseID: 967
结果数量不匹配: 预期0个，实际1个
2026-03-23 09:23:22,739 - WARNING - CaseID: 968 - 参数解析失败: Expecting ',' delimiter: line 1 column 60 (char 59), 原始数据: {"action":"cancel_park","point_desc":{"parking_spa
2026-03-23 09:23:22,739 - WARNING - CaseID: 968 - name和args数量不匹配（name:1个, args:0个），跳过该组对比
2026-03-23 09:23:22,739 - ERROR - CaseID: 968
结果数量不匹配: 预期0个，实际1个
2026-03-23 09:23:22,739 - WARNING - CaseID: 969 - 参数解析失败: Expecting ',' delimiter: line 1 column 60 (char 59), 原始数据: {"action":"cancel_park","point_desc":{"parking_spa
2026-03-23 09:23:22,739 - WARNING - CaseID: 969 - name和args数量不匹配（name:1个, args:0个），跳过该组对比
2026-03-23 09:23:22,739 - ERROR - CaseID: 969
结果数量不匹配: 预期0个，实际1个
2026-03-23 09:23:22,739 - WARNING - CaseID: 970 - 参数解析失败: Expecting ',' delimiter: line 1 column 60 (char 59), 原始数据: {"action":"cancel_park","point_desc":{"parking_spa
2026-03-23 09:23:22,739 - WARNING - CaseID: 970 - name和args数量不匹配（name:1个, args:0个），跳过该组对比
2026-03-23 09:23:22,739 - ERROR - CaseID: 970
结果数量不匹配: 预期0个，实际1个
2026-03-23 09:23:22,739 - WARNING - CaseID: 971 - 参数解析失败: Expecting ',' delimiter: line 1 column 60 (char 59), 原始数据: {"action":"cancel_park","point_desc":{"parking_spa
2026-03-23 09:23:22,739 - WARNING - CaseID: 971 - name和args数量不匹配（name:1个, args:0个），跳过该组对比
2026-03-23 09:23:22,739 - ERROR - CaseID: 971
结果数量不匹配: 预期0个，实际1个
2026-03-23 09:23:22,739 - WARNING - CaseID: 972 - 参数解析失败: Expecting ',' delimiter: line 1 column 60 (char 59), 原始数据: {"action":"cancel_park","point_desc":{"parking_spa
2026-03-23 09:23:22,739 - WARNING - CaseID: 972 - name和args数量不匹配（name:1个, args:0个），跳过该组对比
2026-03-23 09:23:22,739 - ERROR - CaseID: 972
结果数量不匹配: 预期0个，实际1个
2026-03-23 09:23:22,740 - WARNING - CaseID: 973 - 参数解析失败: Expecting ',' delimiter: line 1 column 60 (char 59), 原始数据: {"action":"cancel_park","point_desc":{"parking_spa
2026-03-23 09:23:22,740 - WARNING - CaseID: 973 - name和args数量不匹配（name:1个, args:0个），跳过该组对比
2026-03-23 09:23:22,740 - ERROR - CaseID: 973
结果数量不匹配: 预期0个，实际1个
2026-03-23 09:23:22,740 - WARNING - CaseID: 974 - 参数解析失败: Expecting ',' delimiter: line 1 column 63 (char 62), 原始数据: {"action":"cancel_park_in","point_desc":{"parking_
2026-03-23 09:23:22,740 - WARNING - CaseID: 974 - name和args数量不匹配（name:1个, args:0个），跳过该组对比
2026-03-23 09:23:22,740 - ERROR - CaseID: 974
结果数量不匹配: 预期0个，实际1个
2026-03-23 09:23:22,740 - WARNING - CaseID: 975 - 参数解析失败: Expecting ',' delimiter: line 1 column 63 (char 62), 原始数据: {"action":"cancel_park_in","point_desc":{"parking_
2026-03-23 09:23:22,740 - WARNING - CaseID: 975 - name和args数量不匹配（name:1个, args:0个），跳过该组对比
2026-03-23 09:23:22,740 - ERROR - CaseID: 975
结果数量不匹配: 预期0个，实际1个
2026-03-23 09:23:22,740 - WARNING - CaseID: 976 - 参数解析失败: Expecting ',' delimiter: line 1 column 63 (char 62), 原始数据: {"action":"cancel_park_in","point_desc":{"parking_
2026-03-23 09:23:22,740 - WARNING - CaseID: 976 - name和args数量不匹配（name:1个, args:0个），跳过该组对比
2026-03-23 09:23:22,740 - ERROR - CaseID: 976
结果数量不匹配: 预期0个，实际1个
2026-03-23 09:23:22,740 - WARNING - CaseID: 977 - 参数解析失败: Expecting ',' delimiter: line 1 column 63 (char 62), 原始数据: {"action":"cancel_park_in","point_desc":{"parking_
2026-03-23 09:23:22,740 - WARNING - CaseID: 977 - name和args数量不匹配（name:1个, args:0个），跳过该组对比
2026-03-23 09:23:22,740 - ERROR - CaseID: 977
结果数量不匹配: 预期0个，实际1个
2026-03-23 09:23:22,740 - WARNING - CaseID: 978 - 参数解析失败: Expecting ',' delimiter: line 1 column 63 (char 62), 原始数据: {"action":"cancel_park_in","point_desc":{"parking_
2026-03-23 09:23:22,740 - WARNING - CaseID: 978 - name和args数量不匹配（name:1个, args:0个），跳过该组对比
2026-03-23 09:23:22,740 - ERROR - CaseID: 978
结果数量不匹配: 预期0个，实际1个
2026-03-23 09:23:22,740 - WARNING - CaseID: 979 - 参数解析失败: Expecting ',' delimiter: line 1 column 63 (char 62), 原始数据: {"action":"cancel_park_in","point_desc":{"parking_
2026-03-23 09:23:22,740 - WARNING - CaseID: 979 - name和args数量不匹配（name:1个, args:0个），跳过该组对比
2026-03-23 09:23:22,740 - ERROR - CaseID: 979
结果数量不匹配: 预期0个，实际1个
2026-03-23 09:23:22,740 - WARNING - CaseID: 980 - 参数解析失败: Expecting ',' delimiter: line 1 column 63 (char 62), 原始数据: {"action":"cancel_park_in","point_desc":{"parking_
2026-03-23 09:23:22,740 - WARNING - CaseID: 980 - name和args数量不匹配（name:1个, args:0个），跳过该组对比
2026-03-23 09:23:22,740 - ERROR - CaseID: 980
结果数量不匹配: 预期0个，实际1个
2026-03-23 09:23:22,740 - WARNING - CaseID: 981 - 参数解析失败: Expecting ',' delimiter: line 1 column 63 (char 62), 原始数据: {"action":"cancel_park_in","point_desc":{"parking_
2026-03-23 09:23:22,740 - WARNING - CaseID: 981 - name和args数量不匹配（name:1个, args:0个），跳过该组对比
2026-03-23 09:23:22,740 - ERROR - CaseID: 981
结果数量不匹配: 预期0个，实际1个
2026-03-23 09:23:22,740 - WARNING - CaseID: 982 - 参数解析失败: Expecting ',' delimiter: line 1 column 63 (char 62), 原始数据: {"action":"cancel_park_in","point_desc":{"parking_
2026-03-23 09:23:22,740 - WARNING - CaseID: 982 - name和args数量不匹配（name:1个, args:0个），跳过该组对比
2026-03-23 09:23:22,740 - ERROR - CaseID: 982
结果数量不匹配: 预期0个，实际1个
2026-03-23 09:23:22,741 - WARNING - CaseID: 983 - 参数解析失败: Expecting ',' delimiter: line 1 column 63 (char 62), 原始数据: {"action":"cancel_park_in","point_desc":{"parking_
2026-03-23 09:23:22,741 - WARNING - CaseID: 983 - name和args数量不匹配（name:1个, args:0个），跳过该组对比
2026-03-23 09:23:22,741 - ERROR - CaseID: 983
结果数量不匹配: 预期0个，实际1个
2026-03-23 09:23:22,741 - WARNING - CaseID: 984 - 参数解析失败: Expecting ',' delimiter: line 1 column 63 (char 62), 原始数据: {"action":"cancel_park_in","point_desc":{"parking_
2026-03-23 09:23:22,741 - WARNING - CaseID: 984 - name和args数量不匹配（name:1个, args:0个），跳过该组对比
2026-03-23 09:23:22,741 - ERROR - CaseID: 984
结果数量不匹配: 预期0个，实际1个
2026-03-23 09:23:22,741 - WARNING - CaseID: 985 - 参数解析失败: Expecting ',' delimiter: line 1 column 63 (char 62), 原始数据: {"action":"cancel_park_in","point_desc":{"parking_
2026-03-23 09:23:22,741 - WARNING - CaseID: 985 - name和args数量不匹配（name:1个, args:0个），跳过该组对比
2026-03-23 09:23:22,741 - ERROR - CaseID: 985
结果数量不匹配: 预期0个，实际1个
2026-03-23 09:23:22,741 - WARNING - CaseID: 986 - 参数解析失败: Expecting ',' delimiter: line 1 column 63 (char 62), 原始数据: {"action":"cancel_park_in","point_desc":{"parking_
2026-03-23 09:23:22,741 - WARNING - CaseID: 986 - name和args数量不匹配（name:1个, args:0个），跳过该组对比
2026-03-23 09:23:22,741 - ERROR - CaseID: 986
结果数量不匹配: 预期0个，实际1个
2026-03-23 09:23:22,741 - WARNING - CaseID: 987 - 参数解析失败: Expecting ',' delimiter: line 1 column 63 (char 62), 原始数据: {"action":"cancel_park_in","point_desc":{"parking_
2026-03-23 09:23:22,741 - WARNING - CaseID: 987 - name和args数量不匹配（name:1个, args:0个），跳过该组对比
2026-03-23 09:23:22,741 - ERROR - CaseID: 987
结果数量不匹配: 预期0个，实际1个
2026-03-23 09:23:22,741 - WARNING - CaseID: 988 - 参数解析失败: Expecting ',' delimiter: line 1 column 63 (char 62), 原始数据: {"action":"cancel_park_in","point_desc":{"parking_
2026-03-23 09:23:22,741 - WARNING - CaseID: 988 - name和args数量不匹配（name:1个, args:0个），跳过该组对比
2026-03-23 09:23:22,741 - ERROR - CaseID: 988
结果数量不匹配: 预期0个，实际1个
2026-03-23 09:23:22,741 - WARNING - CaseID: 989 - 参数解析失败: Expecting ',' delimiter: line 1 column 63 (char 62), 原始数据: {"action":"cancel_park_in","point_desc":{"parking_
2026-03-23 09:23:22,741 - WARNING - CaseID: 989 - name和args数量不匹配（name:1个, args:0个），跳过该组对比
2026-03-23 09:23:22,741 - ERROR - CaseID: 989
结果数量不匹配: 预期0个，实际1个
2026-03-23 09:23:22,741 - WARNING - CaseID: 990 - 参数解析失败: Expecting ',' delimiter: line 1 column 63 (char 62), 原始数据: {"action":"cancel_park_in","point_desc":{"parking_
2026-03-23 09:23:22,741 - WARNING - CaseID: 990 - name和args数量不匹配（name:1个, args:0个），跳过该组对比
2026-03-23 09:23:22,741 - ERROR - CaseID: 990
结果数量不匹配: 预期0个，实际1个
2026-03-23 09:23:22,742 - ERROR - CaseID: 1031
实际结果缺少以下预期项：
  名称: vla_control, 参数: {"action": "cancel_park"}
实际结果多出以下非预期项：
  名称: vla_control, 参数: {"action": "park"}
2026-03-23 09:23:22,742 - ERROR - CaseID: 1032
实际结果缺少以下预期项：
  名称: vla_control, 参数: {"action": "cancel_park"}
实际结果多出以下非预期项：
  名称: vla_control, 参数: {"action": "park"}
2026-03-23 09:23:22,742 - INFO - 已处理 1000 行数据
2026-03-23 09:23:23,464 - ERROR - CaseID: 1082
实际结果缺少以下预期项：
  名称: vla_control, 参数: {"action": "pause_getoff_park", "position": "\u9760\u53f3"}
实际结果多出以下非预期项：
  名称: vla_control, 参数: {"action": "cancel_getoff_park", "position": "\u9760\u53f3"}
2026-03-23 09:23:23,464 - ERROR - CaseID: 1083
实际结果缺少以下预期项：
  名称: vla_control, 参数: {"action": "pause_getoff_park", "position": "\u9760\u5de6"}
实际结果多出以下非预期项：
  名称: vla_control, 参数: {"action": "cancel_getoff_park", "position": "\u9760\u5de6"}
2026-03-23 09:23:23,465 - WARNING - CaseID: 991 - 参数解析失败: Expecting ',' delimiter: line 1 column 63 (char 62), 原始数据: {"action":"cancel_park_in","point_desc":{"parking_
2026-03-23 09:23:23,465 - WARNING - CaseID: 991 - name和args数量不匹配（name:1个, args:0个），跳过该组对比
2026-03-23 09:23:23,465 - ERROR - CaseID: 991
结果数量不匹配: 预期0个，实际1个
2026-03-23 09:23:23,465 - WARNING - CaseID: 992 - 参数解析失败: Expecting ',' delimiter: line 1 column 63 (char 62), 原始数据: {"action":"cancel_park_in","point_desc":{"parking_
2026-03-23 09:23:23,465 - WARNING - CaseID: 992 - name和args数量不匹配（name:1个, args:0个），跳过该组对比
2026-03-23 09:23:23,465 - ERROR - CaseID: 992
结果数量不匹配: 预期0个，实际1个
2026-03-23 09:23:23,465 - WARNING - CaseID: 993 - 参数解析失败: Expecting ',' delimiter: line 1 column 63 (char 62), 原始数据: {"action":"cancel_park_in","point_desc":{"parking_
2026-03-23 09:23:23,465 - WARNING - CaseID: 993 - name和args数量不匹配（name:1个, args:0个），跳过该组对比
2026-03-23 09:23:23,465 - ERROR - CaseID: 993
结果数量不匹配: 预期0个，实际1个
2026-03-23 09:23:23,465 - WARNING - CaseID: 994 - 参数解析失败: Expecting ',' delimiter: line 1 column 63 (char 62), 原始数据: {"action":"cancel_park_in","point_desc":{"parking_
2026-03-23 09:23:23,465 - WARNING - CaseID: 994 - name和args数量不匹配（name:1个, args:0个），跳过该组对比
2026-03-23 09:23:23,465 - ERROR - CaseID: 994
结果数量不匹配: 预期0个，实际1个
2026-03-23 09:23:23,465 - WARNING - CaseID: 995 - 参数解析失败: Expecting ',' delimiter: line 1 column 63 (char 62), 原始数据: {"action":"cancel_park_in","point_desc":{"parking_
2026-03-23 09:23:23,465 - WARNING - CaseID: 995 - name和args数量不匹配（name:1个, args:0个），跳过该组对比
2026-03-23 09:23:23,465 - ERROR - CaseID: 995
结果数量不匹配: 预期0个，实际1个
2026-03-23 09:23:23,465 - WARNING - CaseID: 996 - 参数解析失败: Expecting ',' delimiter: line 1 column 63 (char 62), 原始数据: {"action":"cancel_park_in","point_desc":{"parking_
2026-03-23 09:23:23,465 - WARNING - CaseID: 996 - name和args数量不匹配（name:1个, args:0个），跳过该组对比
2026-03-23 09:23:23,465 - ERROR - CaseID: 996
结果数量不匹配: 预期0个，实际1个
2026-03-23 09:23:23,466 - WARNING - CaseID: 997 - 参数解析失败: Expecting ',' delimiter: line 1 column 64 (char 63), 原始数据: {"action":"cancel_navigate","point_desc":{"parking
2026-03-23 09:23:23,466 - WARNING - CaseID: 997 - name和args数量不匹配（name:1个, args:0个），跳过该组对比
2026-03-23 09:23:23,466 - ERROR - CaseID: 997
结果数量不匹配: 预期0个，实际1个
2026-03-23 09:23:23,466 - WARNING - CaseID: 998 - 参数解析失败: Expecting ',' delimiter: line 1 column 64 (char 63), 原始数据: {"action":"cancel_navigate","point_desc":{"parking
2026-03-23 09:23:23,466 - WARNING - CaseID: 998 - name和args数量不匹配（name:1个, args:0个），跳过该组对比
2026-03-23 09:23:23,466 - ERROR - CaseID: 998
结果数量不匹配: 预期0个，实际1个
2026-03-23 09:23:23,466 - WARNING - CaseID: 999 - 参数解析失败: Expecting ',' delimiter: line 1 column 64 (char 63), 原始数据: {"action":"cancel_navigate","point_desc":{"parking
2026-03-23 09:23:23,466 - WARNING - CaseID: 999 - name和args数量不匹配（name:1个, args:0个），跳过该组对比
2026-03-23 09:23:23,466 - ERROR - CaseID: 999
结果数量不匹配: 预期0个，实际1个
2026-03-23 09:23:23,466 - WARNING - CaseID: 1000 - 参数解析失败: Expecting ',' delimiter: line 1 column 64 (char 63), 原始数据: {"action":"cancel_navigate","point_desc":{"parking
2026-03-23 09:23:23,466 - WARNING - CaseID: 1000 - name和args数量不匹配（name:1个, args:0个），跳过该组对比
2026-03-23 09:23:23,466 - ERROR - CaseID: 1000
结果数量不匹配: 预期0个，实际1个
2026-03-23 09:23:23,466 - WARNING - CaseID: 1001 - 参数解析失败: Expecting ',' delimiter: line 1 column 64 (char 63), 原始数据: {"action":"cancel_navigate","point_desc":{"parking
2026-03-23 09:23:23,466 - WARNING - CaseID: 1001 - name和args数量不匹配（name:1个, args:0个），跳过该组对比
2026-03-23 09:23:23,466 - ERROR - CaseID: 1001
结果数量不匹配: 预期0个，实际1个
2026-03-23 09:23:23,466 - WARNING - CaseID: 1002 - 参数解析失败: Expecting ',' delimiter: line 1 column 64 (char 63), 原始数据: {"action":"cancel_navigate","point_desc":{"parking
2026-03-23 09:23:23,466 - WARNING - CaseID: 1002 - name和args数量不匹配（name:1个, args:0个），跳过该组对比
2026-03-23 09:23:23,466 - ERROR - CaseID: 1002
结果数量不匹配: 预期0个，实际1个
2026-03-23 09:23:23,466 - WARNING - CaseID: 1003 - 参数解析失败: Expecting ',' delimiter: line 1 column 64 (char 63), 原始数据: {"action":"cancel_navigate","point_desc":{"parking
2026-03-23 09:23:23,466 - WARNING - CaseID: 1003 - name和args数量不匹配（name:1个, args:0个），跳过该组对比
2026-03-23 09:23:23,467 - ERROR - CaseID: 1003
结果数量不匹配: 预期0个，实际1个
2026-03-23 09:23:23,467 - WARNING - CaseID: 1004 - 参数解析失败: Expecting ',' delimiter: line 1 column 64 (char 63), 原始数据: {"action":"cancel_navigate","point_desc":{"parking
2026-03-23 09:23:23,467 - WARNING - CaseID: 1004 - name和args数量不匹配（name:1个, args:0个），跳过该组对比
2026-03-23 09:23:23,467 - ERROR - CaseID: 1004
结果数量不匹配: 预期0个，实际1个
2026-03-23 09:23:23,467 - WARNING - CaseID: 1005 - 参数解析失败: Expecting ',' delimiter: line 1 column 64 (char 63), 原始数据: {"action":"cancel_navigate","point_desc":{"parking
2026-03-23 09:23:23,467 - WARNING - CaseID: 1005 - name和args数量不匹配（name:1个, args:0个），跳过该组对比
2026-03-23 09:23:23,467 - ERROR - CaseID: 1005
结果数量不匹配: 预期0个，实际1个
2026-03-23 09:23:23,467 - WARNING - CaseID: 1006 - 参数解析失败: Expecting ',' delimiter: line 1 column 64 (char 63), 原始数据: {"action":"cancel_navigate","point_desc":{"parking
2026-03-23 09:23:23,467 - WARNING - CaseID: 1006 - name和args数量不匹配（name:1个, args:0个），跳过该组对比
2026-03-23 09:23:23,467 - ERROR - CaseID: 1006
结果数量不匹配: 预期0个，实际1个
2026-03-23 09:23:23,467 - WARNING - CaseID: 1007 - 参数解析失败: Expecting ',' delimiter: line 1 column 64 (char 63), 原始数据: {"action":"cancel_navigate","point_desc":{"parking
2026-03-23 09:23:23,467 - WARNING - CaseID: 1007 - name和args数量不匹配（name:1个, args:0个），跳过该组对比
2026-03-23 09:23:23,467 - ERROR - CaseID: 1007
结果数量不匹配: 预期0个，实际1个
2026-03-23 09:23:23,467 - WARNING - CaseID: 1008 - 参数解析失败: Expecting ',' delimiter: line 1 column 64 (char 63), 原始数据: {"action":"cancel_navigate","point_desc":{"parking
2026-03-23 09:23:23,467 - WARNING - CaseID: 1008 - name和args数量不匹配（name:1个, args:0个），跳过该组对比
2026-03-23 09:23:23,467 - ERROR - CaseID: 1008
结果数量不匹配: 预期0个，实际1个
2026-03-23 09:23:23,467 - WARNING - CaseID: 1009 - 参数解析失败: Expecting ',' delimiter: line 1 column 64 (char 63), 原始数据: {"action":"cancel_navigate","point_desc":{"parking
2026-03-23 09:23:23,467 - WARNING - CaseID: 1009 - name和args数量不匹配（name:1个, args:0个），跳过该组对比
2026-03-23 09:23:23,467 - ERROR - CaseID: 1009
结果数量不匹配: 预期0个，实际1个
2026-03-23 09:23:23,467 - WARNING - CaseID: 1010 - 参数解析失败: Expecting ',' delimiter: line 1 column 64 (char 63), 原始数据: {"action":"cancel_navigate","point_desc":{"parking
2026-03-23 09:23:23,467 - WARNING - CaseID: 1010 - name和args数量不匹配（name:1个, args:0个），跳过该组对比
2026-03-23 09:23:23,467 - ERROR - CaseID: 1010
结果数量不匹配: 预期0个，实际1个
2026-03-23 09:23:23,468 - WARNING - CaseID: 1011 - 参数解析失败: Expecting ',' delimiter: line 1 column 64 (char 63), 原始数据: {"action":"cancel_navigate","point_desc":{"parking
2026-03-23 09:23:23,468 - WARNING - CaseID: 1011 - name和args数量不匹配（name:1个, args:0个），跳过该组对比
2026-03-23 09:23:23,468 - ERROR - CaseID: 1011
结果数量不匹配: 预期0个，实际1个
2026-03-23 09:23:23,468 - WARNING - CaseID: 1012 - 参数解析失败: Expecting ',' delimiter: line 1 column 64 (char 63), 原始数据: {"action":"cancel_navigate","point_desc":{"parking
2026-03-23 09:23:23,468 - WARNING - CaseID: 1012 - name和args数量不匹配（name:1个, args:0个），跳过该组对比
2026-03-23 09:23:23,468 - ERROR - CaseID: 1012
结果数量不匹配: 预期0个，实际1个
2026-03-23 09:23:23,468 - WARNING - CaseID: 1013 - 参数解析失败: Expecting ',' delimiter: line 1 column 64 (char 63), 原始数据: {"action":"cancel_navigate","point_desc":{"parking
2026-03-23 09:23:23,468 - WARNING - CaseID: 1013 - name和args数量不匹配（name:1个, args:0个），跳过该组对比
2026-03-23 09:23:23,468 - ERROR - CaseID: 1013
结果数量不匹配: 预期0个，实际1个
2026-03-23 09:23:23,468 - WARNING - CaseID: 1014 - 参数解析失败: Expecting ',' delimiter: line 1 column 64 (char 63), 原始数据: {"action":"cancel_navigate","point_desc":{"parking
2026-03-23 09:23:23,468 - WARNING - CaseID: 1014 - name和args数量不匹配（name:1个, args:0个），跳过该组对比
2026-03-23 09:23:23,468 - ERROR - CaseID: 1014
结果数量不匹配: 预期0个，实际1个
2026-03-23 09:23:23,468 - WARNING - CaseID: 1015 - 参数解析失败: Expecting ',' delimiter: line 1 column 64 (char 63), 原始数据: {"action":"cancel_navigate","point_desc":{"parking
2026-03-23 09:23:23,468 - WARNING - CaseID: 1015 - name和args数量不匹配（name:1个, args:0个），跳过该组对比
2026-03-23 09:23:23,468 - ERROR - CaseID: 1015
结果数量不匹配: 预期0个，实际1个
2026-03-23 09:23:23,468 - WARNING - CaseID: 1016 - 参数解析失败: Expecting ',' delimiter: line 1 column 64 (char 63), 原始数据: {"action":"cancel_navigate","point_desc":{"parking
2026-03-23 09:23:23,468 - WARNING - CaseID: 1016 - name和args数量不匹配（name:1个, args:0个），跳过该组对比
2026-03-23 09:23:23,468 - ERROR - CaseID: 1016
结果数量不匹配: 预期0个，实际1个
2026-03-23 09:23:23,468 - WARNING - CaseID: 1017 - 参数解析失败: Expecting ',' delimiter: line 1 column 64 (char 63), 原始数据: {"action":"cancel_navigate","point_desc":{"parking
2026-03-23 09:23:23,468 - WARNING - CaseID: 1017 - name和args数量不匹配（name:1个, args:0个），跳过该组对比
2026-03-23 09:23:23,468 - ERROR - CaseID: 1017
结果数量不匹配: 预期0个，实际1个
2026-03-23 09:23:23,469 - WARNING - CaseID: 1018 - 参数解析失败: Expecting ',' delimiter: line 1 column 64 (char 63), 原始数据: {"action":"cancel_navigate","point_desc":{"parking
2026-03-23 09:23:23,469 - WARNING - CaseID: 1018 - name和args数量不匹配（name:1个, args:0个），跳过该组对比
2026-03-23 09:23:23,469 - ERROR - CaseID: 1018
结果数量不匹配: 预期0个，实际1个
2026-03-23 09:23:23,469 - WARNING - CaseID: 1019 - 参数解析失败: Expecting ',' delimiter: line 1 column 64 (char 63), 原始数据: {"action":"cancel_navigate","point_desc":{"parking
2026-03-23 09:23:23,469 - WARNING - CaseID: 1019 - name和args数量不匹配（name:1个, args:0个），跳过该组对比
2026-03-23 09:23:23,469 - ERROR - CaseID: 1019
结果数量不匹配: 预期0个，实际1个
2026-03-23 09:23:23,469 - ERROR - CaseID: 1102
实际结果缺少以下预期项：
  名称: vla_control, 参数: {"action": "pause_park_in", "position": "\u9760\u53f3"}
实际结果多出以下非预期项：
  名称: vla_control, 参数: {"action": "cancel_park_in", "position": "\u9760\u53f3"}
2026-03-23 09:23:23,470 - ERROR - CaseID: 1103
实际结果缺少以下预期项：
  名称: vla_control, 参数: {"action": "pause_park_in", "position": "\u9760\u5de6"}
实际结果多出以下非预期项：
  名称: vla_control, 参数: {"action": "cancel_park_in", "position": "\u9760\u5de6"}
2026-03-23 09:23:23,470 - WARNING - CaseID: 1104 - 参数解析失败: Expecting ',' delimiter: line 1 column 75 (char 74), 原始数据: {"action":"pause_park","position":"靠左","point_desc
2026-03-23 09:23:23,470 - WARNING - CaseID: 1104 - name和args数量不匹配（name:1个, args:0个），跳过该组对比
2026-03-23 09:23:23,470 - ERROR - CaseID: 1104
结果数量不匹配: 预期0个，实际1个
2026-03-23 09:23:23,470 - WARNING - CaseID: 1105 - 参数解析失败: Expecting ',' delimiter: line 1 column 75 (char 74), 原始数据: {"action":"pause_park","position":"靠左","point_desc
2026-03-23 09:23:23,470 - WARNING - CaseID: 1105 - name和args数量不匹配（name:1个, args:0个），跳过该组对比
2026-03-23 09:23:23,470 - ERROR - CaseID: 1105
结果数量不匹配: 预期0个，实际1个
2026-03-23 09:23:23,470 - WARNING - CaseID: 1106 - 参数解析失败: Expecting ',' delimiter: line 1 column 75 (char 74), 原始数据: {"action":"pause_park","position":"靠左","point_desc
2026-03-23 09:23:23,470 - WARNING - CaseID: 1106 - name和args数量不匹配（name:1个, args:0个），跳过该组对比
2026-03-23 09:23:23,470 - ERROR - CaseID: 1106
结果数量不匹配: 预期0个，实际1个
2026-03-23 09:23:23,470 - WARNING - CaseID: 1107 - 参数解析失败: Expecting ',' delimiter: line 1 column 75 (char 74), 原始数据: {"action":"pause_park","position":"靠右","point_desc
2026-03-23 09:23:23,470 - WARNING - CaseID: 1107 - name和args数量不匹配（name:1个, args:0个），跳过该组对比
2026-03-23 09:23:23,470 - ERROR - CaseID: 1107
结果数量不匹配: 预期0个，实际1个
2026-03-23 09:23:23,470 - WARNING - CaseID: 1108 - 参数解析失败: Expecting ',' delimiter: line 1 column 75 (char 74), 原始数据: {"action":"pause_park","position":"靠右","point_desc
2026-03-23 09:23:23,470 - WARNING - CaseID: 1108 - name和args数量不匹配（name:1个, args:0个），跳过该组对比
2026-03-23 09:23:23,470 - ERROR - CaseID: 1108
结果数量不匹配: 预期0个，实际1个
2026-03-23 09:23:23,470 - WARNING - CaseID: 1109 - 参数解析失败: Expecting ',' delimiter: line 1 column 75 (char 74), 原始数据: {"action":"pause_park","position":"靠右","point_desc
2026-03-23 09:23:23,470 - WARNING - CaseID: 1109 - name和args数量不匹配（name:1个, args:0个），跳过该组对比
2026-03-23 09:23:23,470 - ERROR - CaseID: 1109
结果数量不匹配: 预期0个，实际1个
2026-03-23 09:23:23,470 - WARNING - CaseID: 1110 - 参数解析失败: Expecting ',' delimiter: line 1 column 74 (char 73), 原始数据: {"action":"pause_park","position":"中","point_desc"
2026-03-23 09:23:23,470 - WARNING - CaseID: 1110 - name和args数量不匹配（name:1个, args:0个），跳过该组对比
2026-03-23 09:23:23,470 - ERROR - CaseID: 1110
结果数量不匹配: 预期0个，实际1个
2026-03-23 09:23:23,471 - WARNING - CaseID: 1111 - 参数解析失败: Expecting ',' delimiter: line 1 column 74 (char 73), 原始数据: {"action":"pause_park","position":"中","point_desc"
2026-03-23 09:23:23,471 - WARNING - CaseID: 1111 - name和args数量不匹配（name:1个, args:0个），跳过该组对比
2026-03-23 09:23:23,471 - ERROR - CaseID: 1111
结果数量不匹配: 预期0个，实际1个
2026-03-23 09:23:23,471 - WARNING - CaseID: 1112 - 参数解析失败: Expecting ',' delimiter: line 1 column 74 (char 73), 原始数据: {"action":"pause_park","position":"中","point_desc"
2026-03-23 09:23:23,471 - WARNING - CaseID: 1112 - name和args数量不匹配（name:1个, args:0个），跳过该组对比
2026-03-23 09:23:23,471 - ERROR - CaseID: 1112
结果数量不匹配: 预期0个，实际1个
2026-03-23 09:23:23,471 - WARNING - CaseID: 1113 - 参数解析失败: Expecting ',' delimiter: line 1 column 75 (char 74), 原始数据: {"action":"pause_park","position":"靠左","point_desc
2026-03-23 09:23:23,471 - WARNING - CaseID: 1113 - name和args数量不匹配（name:1个, args:0个），跳过该组对比
2026-03-23 09:23:23,471 - ERROR - CaseID: 1113
结果数量不匹配: 预期0个，实际1个
2026-03-23 09:23:23,471 - WARNING - CaseID: 1114 - 参数解析失败: Expecting ',' delimiter: line 1 column 74 (char 73), 原始数据: {"action":"pause_park","position":"中","point_desc"
2026-03-23 09:23:23,471 - WARNING - CaseID: 1114 - name和args数量不匹配（name:1个, args:0个），跳过该组对比
2026-03-23 09:23:23,471 - ERROR - CaseID: 1114
结果数量不匹配: 预期0个，实际1个
2026-03-23 09:23:23,471 - WARNING - CaseID: 1115 - 参数解析失败: Expecting ',' delimiter: line 1 column 75 (char 74), 原始数据: {"action":"pause_park","position":"靠右","point_desc
2026-03-23 09:23:23,471 - WARNING - CaseID: 1115 - name和args数量不匹配（name:1个, args:0个），跳过该组对比
2026-03-23 09:23:23,471 - ERROR - CaseID: 1115
结果数量不匹配: 预期0个，实际1个
2026-03-23 09:23:23,471 - WARNING - CaseID: 1116 - 参数解析失败: Expecting ',' delimiter: line 1 column 74 (char 73), 原始数据: {"action":"pause_park","position":"中","point_desc"
2026-03-23 09:23:23,471 - WARNING - CaseID: 1116 - name和args数量不匹配（name:1个, args:0个），跳过该组对比
2026-03-23 09:23:23,471 - ERROR - CaseID: 1116
结果数量不匹配: 预期0个，实际1个
2026-03-23 09:23:23,471 - WARNING - CaseID: 1117 - 参数解析失败: Expecting ',' delimiter: line 1 column 75 (char 74), 原始数据: {"action":"pause_park","position":"靠左","point_desc
2026-03-23 09:23:23,471 - WARNING - CaseID: 1117 - name和args数量不匹配（name:1个, args:0个），跳过该组对比
2026-03-23 09:23:23,471 - ERROR - CaseID: 1117
结果数量不匹配: 预期0个，实际1个
2026-03-23 09:23:23,471 - WARNING - CaseID: 1118 - 参数解析失败: Expecting ',' delimiter: line 1 column 75 (char 74), 原始数据: {"action":"pause_park","position":"靠右","point_desc
2026-03-23 09:23:23,471 - WARNING - CaseID: 1118 - name和args数量不匹配（name:1个, args:0个），跳过该组对比
2026-03-23 09:23:23,471 - ERROR - CaseID: 1118
结果数量不匹配: 预期0个，实际1个
2026-03-23 09:23:23,472 - WARNING - CaseID: 1119 - 参数解析失败: Expecting ',' delimiter: line 1 column 75 (char 74), 原始数据: {"action":"pause_park","position":"靠右","point_desc
2026-03-23 09:23:23,472 - WARNING - CaseID: 1119 - name和args数量不匹配（name:1个, args:0个），跳过该组对比
2026-03-23 09:23:23,472 - ERROR - CaseID: 1119
结果数量不匹配: 预期0个，实际1个
2026-03-23 09:23:23,472 - WARNING - CaseID: 1120 - 参数解析失败: Expecting ',' delimiter: line 1 column 75 (char 74), 原始数据: {"action":"pause_park","position":"靠左","point_desc
2026-03-23 09:23:23,472 - WARNING - CaseID: 1120 - name和args数量不匹配（name:1个, args:0个），跳过该组对比
2026-03-23 09:23:23,472 - ERROR - CaseID: 1120
结果数量不匹配: 预期0个，实际1个
2026-03-23 09:23:23,472 - WARNING - CaseID: 1121 - 参数解析失败: Expecting ',' delimiter: line 1 column 74 (char 73), 原始数据: {"action":"pause_park","position":"中","point_desc"
2026-03-23 09:23:23,472 - WARNING - CaseID: 1121 - name和args数量不匹配（name:1个, args:0个），跳过该组对比
2026-03-23 09:23:23,472 - ERROR - CaseID: 1121
结果数量不匹配: 预期0个，实际1个
2026-03-23 09:23:23,472 - WARNING - CaseID: 1122 - 参数解析失败: Expecting ',' delimiter: line 1 column 75 (char 74), 原始数据: {"action":"pause_park","position":"靠右","point_desc
2026-03-23 09:23:23,472 - WARNING - CaseID: 1122 - name和args数量不匹配（name:1个, args:0个），跳过该组对比
2026-03-23 09:23:23,472 - ERROR - CaseID: 1122
结果数量不匹配: 预期0个，实际1个
2026-03-23 09:23:23,472 - WARNING - CaseID: 1123 - 参数解析失败: Expecting ',' delimiter: line 1 column 75 (char 74), 原始数据: {"action":"pause_park","position":"靠左","point_desc
2026-03-23 09:23:23,472 - WARNING - CaseID: 1123 - name和args数量不匹配（name:1个, args:0个），跳过该组对比
2026-03-23 09:23:23,472 - ERROR - CaseID: 1123
结果数量不匹配: 预期0个，实际1个
2026-03-23 09:23:23,472 - WARNING - CaseID: 1124 - 参数解析失败: Expecting ',' delimiter: line 1 column 78 (char 77), 原始数据: {"action":"pause_park_in","position":"靠左","point_d
2026-03-23 09:23:23,472 - WARNING - CaseID: 1124 - name和args数量不匹配（name:1个, args:0个），跳过该组对比
2026-03-23 09:23:23,472 - ERROR - CaseID: 1124
结果数量不匹配: 预期0个，实际1个
2026-03-23 09:23:23,472 - WARNING - CaseID: 1125 - 参数解析失败: Expecting ',' delimiter: line 1 column 78 (char 77), 原始数据: {"action":"pause_park_in","position":"靠左","point_d
2026-03-23 09:23:23,472 - WARNING - CaseID: 1125 - name和args数量不匹配（name:1个, args:0个），跳过该组对比
2026-03-23 09:23:23,472 - ERROR - CaseID: 1125
结果数量不匹配: 预期0个，实际1个
2026-03-23 09:23:23,472 - WARNING - CaseID: 1126 - 参数解析失败: Expecting ',' delimiter: line 1 column 78 (char 77), 原始数据: {"action":"pause_park_in","position":"靠左","point_d
2026-03-23 09:23:23,473 - WARNING - CaseID: 1126 - name和args数量不匹配（name:1个, args:0个），跳过该组对比
2026-03-23 09:23:23,473 - ERROR - CaseID: 1126
结果数量不匹配: 预期0个，实际1个
2026-03-23 09:23:23,473 - WARNING - CaseID: 1127 - 参数解析失败: Expecting ',' delimiter: line 1 column 78 (char 77), 原始数据: {"action":"pause_park_in","position":"靠右","point_d
2026-03-23 09:23:23,473 - WARNING - CaseID: 1127 - name和args数量不匹配（name:1个, args:0个），跳过该组对比
2026-03-23 09:23:23,473 - ERROR - CaseID: 1127
结果数量不匹配: 预期0个，实际1个
2026-03-23 09:23:23,473 - WARNING - CaseID: 1128 - 参数解析失败: Expecting ',' delimiter: line 1 column 78 (char 77), 原始数据: {"action":"pause_park_in","position":"靠右","point_d
2026-03-23 09:23:23,473 - WARNING - CaseID: 1128 - name和args数量不匹配（name:1个, args:0个），跳过该组对比
2026-03-23 09:23:23,473 - ERROR - CaseID: 1128
结果数量不匹配: 预期0个，实际1个
2026-03-23 09:23:23,473 - WARNING - CaseID: 1129 - 参数解析失败: Expecting ',' delimiter: line 1 column 78 (char 77), 原始数据: {"action":"pause_park_in","position":"靠右","point_d
2026-03-23 09:23:23,473 - WARNING - CaseID: 1129 - name和args数量不匹配（name:1个, args:0个），跳过该组对比
2026-03-23 09:23:23,473 - ERROR - CaseID: 1129
结果数量不匹配: 预期0个，实际1个
2026-03-23 09:23:23,473 - WARNING - CaseID: 1130 - 参数解析失败: Expecting ',' delimiter: line 1 column 77 (char 76), 原始数据: {"action":"pause_park_in","position":"中","point_de
2026-03-23 09:23:23,473 - WARNING - CaseID: 1130 - name和args数量不匹配（name:1个, args:0个），跳过该组对比
2026-03-23 09:23:23,473 - ERROR - CaseID: 1130
结果数量不匹配: 预期0个，实际1个
2026-03-23 09:23:23,473 - WARNING - CaseID: 1131 - 参数解析失败: Expecting ',' delimiter: line 1 column 77 (char 76), 原始数据: {"action":"pause_park_in","position":"中","point_de
2026-03-23 09:23:23,473 - WARNING - CaseID: 1131 - name和args数量不匹配（name:1个, args:0个），跳过该组对比
2026-03-23 09:23:23,473 - ERROR - CaseID: 1131
结果数量不匹配: 预期0个，实际1个
2026-03-23 09:23:23,473 - WARNING - CaseID: 1132 - 参数解析失败: Expecting ',' delimiter: line 1 column 77 (char 76), 原始数据: {"action":"pause_park_in","position":"中","point_de
2026-03-23 09:23:23,473 - WARNING - CaseID: 1132 - name和args数量不匹配（name:1个, args:0个），跳过该组对比
2026-03-23 09:23:23,473 - ERROR - CaseID: 1132
结果数量不匹配: 预期0个，实际1个
2026-03-23 09:23:23,473 - WARNING - CaseID: 1133 - 参数解析失败: Expecting ',' delimiter: line 1 column 78 (char 77), 原始数据: {"action":"pause_park_in","position":"靠左","point_d
2026-03-23 09:23:23,473 - WARNING - CaseID: 1133 - name和args数量不匹配（name:1个, args:0个），跳过该组对比
2026-03-23 09:23:23,473 - ERROR - CaseID: 1133
结果数量不匹配: 预期0个，实际1个
2026-03-23 09:23:23,474 - WARNING - CaseID: 1134 - 参数解析失败: Expecting ',' delimiter: line 1 column 77 (char 76), 原始数据: {"action":"pause_park_in","position":"中","point_de
2026-03-23 09:23:23,474 - WARNING - CaseID: 1134 - name和args数量不匹配（name:1个, args:0个），跳过该组对比
2026-03-23 09:23:23,474 - ERROR - CaseID: 1134
结果数量不匹配: 预期0个，实际1个
2026-03-23 09:23:23,474 - WARNING - CaseID: 1135 - 参数解析失败: Expecting ',' delimiter: line 1 column 78 (char 77), 原始数据: {"action":"pause_park_in","position":"靠右","point_d
2026-03-23 09:23:23,474 - WARNING - CaseID: 1135 - name和args数量不匹配（name:1个, args:0个），跳过该组对比
2026-03-23 09:23:23,474 - ERROR - CaseID: 1135
结果数量不匹配: 预期0个，实际1个
2026-03-23 09:23:23,474 - WARNING - CaseID: 1136 - 参数解析失败: Expecting ',' delimiter: line 1 column 77 (char 76), 原始数据: {"action":"pause_park_in","position":"中","point_de
2026-03-23 09:23:23,474 - WARNING - CaseID: 1136 - name和args数量不匹配（name:1个, args:0个），跳过该组对比
2026-03-23 09:23:23,474 - ERROR - CaseID: 1136
结果数量不匹配: 预期0个，实际1个
2026-03-23 09:23:23,474 - WARNING - CaseID: 1137 - 参数解析失败: Expecting ',' delimiter: line 1 column 78 (char 77), 原始数据: {"action":"pause_park_in","position":"靠左","point_d
2026-03-23 09:23:23,474 - WARNING - CaseID: 1137 - name和args数量不匹配（name:1个, args:0个），跳过该组对比
2026-03-23 09:23:23,474 - ERROR - CaseID: 1137
结果数量不匹配: 预期0个，实际1个
2026-03-23 09:23:23,474 - WARNING - CaseID: 1138 - 参数解析失败: Expecting ',' delimiter: line 1 column 78 (char 77), 原始数据: {"action":"pause_park_in","position":"靠右","point_d
2026-03-23 09:23:23,474 - WARNING - CaseID: 1138 - name和args数量不匹配（name:1个, args:0个），跳过该组对比
2026-03-23 09:23:23,474 - ERROR - CaseID: 1138
结果数量不匹配: 预期0个，实际1个
2026-03-23 09:23:23,474 - WARNING - CaseID: 1139 - 参数解析失败: Expecting ',' delimiter: line 1 column 78 (char 77), 原始数据: {"action":"pause_park_in","position":"靠右","point_d
2026-03-23 09:23:23,474 - WARNING - CaseID: 1139 - name和args数量不匹配（name:1个, args:0个），跳过该组对比
2026-03-23 09:23:23,474 - ERROR - CaseID: 1139
结果数量不匹配: 预期0个，实际1个
2026-03-23 09:23:23,474 - WARNING - CaseID: 1140 - 参数解析失败: Expecting ',' delimiter: line 1 column 78 (char 77), 原始数据: {"action":"pause_park_in","position":"靠左","point_d
2026-03-23 09:23:23,474 - WARNING - CaseID: 1140 - name和args数量不匹配（name:1个, args:0个），跳过该组对比
2026-03-23 09:23:23,474 - ERROR - CaseID: 1140
结果数量不匹配: 预期0个，实际1个
2026-03-23 09:23:23,474 - WARNING - CaseID: 1141 - 参数解析失败: Expecting ',' delimiter: line 1 column 77 (char 76), 原始数据: {"action":"pause_park_in","position":"中","point_de
2026-03-23 09:23:23,475 - WARNING - CaseID: 1141 - name和args数量不匹配（name:1个, args:0个），跳过该组对比
2026-03-23 09:23:23,475 - ERROR - CaseID: 1141
结果数量不匹配: 预期0个，实际1个
2026-03-23 09:23:23,475 - WARNING - CaseID: 1142 - 参数解析失败: Expecting ',' delimiter: line 1 column 78 (char 77), 原始数据: {"action":"pause_park_in","position":"靠右","point_d
2026-03-23 09:23:23,475 - WARNING - CaseID: 1142 - name和args数量不匹配（name:1个, args:0个），跳过该组对比
2026-03-23 09:23:23,475 - ERROR - CaseID: 1142
结果数量不匹配: 预期0个，实际1个
2026-03-23 09:23:23,475 - WARNING - CaseID: 1143 - 参数解析失败: Expecting ',' delimiter: line 1 column 78 (char 77), 原始数据: {"action":"pause_park_in","position":"靠左","point_d
2026-03-23 09:23:23,475 - WARNING - CaseID: 1143 - name和args数量不匹配（name:1个, args:0个），跳过该组对比
2026-03-23 09:23:23,475 - ERROR - CaseID: 1143
结果数量不匹配: 预期0个，实际1个
2026-03-23 09:23:23,475 - WARNING - CaseID: 1144 - 参数解析失败: Expecting ',' delimiter: line 1 column 79 (char 78), 原始数据: {"action":"pause_navigate","position":"靠左","point_
2026-03-23 09:23:23,475 - WARNING - CaseID: 1144 - name和args数量不匹配（name:1个, args:0个），跳过该组对比
2026-03-23 09:23:23,475 - ERROR - CaseID: 1144
结果数量不匹配: 预期0个，实际1个
2026-03-23 09:23:23,475 - WARNING - CaseID: 1145 - 参数解析失败: Expecting ',' delimiter: line 1 column 79 (char 78), 原始数据: {"action":"pause_navigate","position":"靠左","point_
2026-03-23 09:23:23,475 - WARNING - CaseID: 1145 - name和args数量不匹配（name:1个, args:0个），跳过该组对比
2026-03-23 09:23:23,475 - ERROR - CaseID: 1145
结果数量不匹配: 预期0个，实际1个
2026-03-23 09:23:23,475 - WARNING - CaseID: 1146 - 参数解析失败: Expecting ',' delimiter: line 1 column 79 (char 78), 原始数据: {"action":"pause_navigate","position":"靠左","point_
2026-03-23 09:23:23,475 - WARNING - CaseID: 1146 - name和args数量不匹配（name:1个, args:0个），跳过该组对比
2026-03-23 09:23:23,475 - ERROR - CaseID: 1146
结果数量不匹配: 预期0个，实际1个
2026-03-23 09:23:23,475 - WARNING - CaseID: 1147 - 参数解析失败: Expecting ',' delimiter: line 1 column 79 (char 78), 原始数据: {"action":"pause_navigate","position":"靠右","point_
2026-03-23 09:23:23,475 - WARNING - CaseID: 1147 - name和args数量不匹配（name:1个, args:0个），跳过该组对比
2026-03-23 09:23:23,475 - ERROR - CaseID: 1147
结果数量不匹配: 预期0个，实际1个
2026-03-23 09:23:23,475 - WARNING - CaseID: 1148 - 参数解析失败: Expecting ',' delimiter: line 1 column 79 (char 78), 原始数据: {"action":"pause_navigate","position":"靠右","point_
2026-03-23 09:23:23,475 - WARNING - CaseID: 1148 - name和args数量不匹配（name:1个, args:0个），跳过该组对比
2026-03-23 09:23:23,475 - ERROR - CaseID: 1148
结果数量不匹配: 预期0个，实际1个
2026-03-23 09:23:23,476 - WARNING - CaseID: 1149 - 参数解析失败: Expecting ',' delimiter: line 1 column 79 (char 78), 原始数据: {"action":"pause_navigate","position":"靠右","point_
2026-03-23 09:23:23,476 - WARNING - CaseID: 1149 - name和args数量不匹配（name:1个, args:0个），跳过该组对比
2026-03-23 09:23:23,476 - ERROR - CaseID: 1149
结果数量不匹配: 预期0个，实际1个
2026-03-23 09:23:23,476 - WARNING - CaseID: 1150 - 参数解析失败: Expecting ',' delimiter: line 1 column 78 (char 77), 原始数据: {"action":"pause_navigate","position":"中","point_d
2026-03-23 09:23:23,476 - WARNING - CaseID: 1150 - name和args数量不匹配（name:1个, args:0个），跳过该组对比
2026-03-23 09:23:23,476 - ERROR - CaseID: 1150
结果数量不匹配: 预期0个，实际1个
2026-03-23 09:23:23,476 - WARNING - CaseID: 1151 - 参数解析失败: Expecting ',' delimiter: line 1 column 78 (char 77), 原始数据: {"action":"pause_navigate","position":"中","point_d
2026-03-23 09:23:23,476 - WARNING - CaseID: 1151 - name和args数量不匹配（name:1个, args:0个），跳过该组对比
2026-03-23 09:23:23,476 - ERROR - CaseID: 1151
结果数量不匹配: 预期0个，实际1个
2026-03-23 09:23:23,476 - WARNING - CaseID: 1152 - 参数解析失败: Expecting ',' delimiter: line 1 column 78 (char 77), 原始数据: {"action":"pause_navigate","position":"中","point_d
2026-03-23 09:23:23,476 - WARNING - CaseID: 1152 - name和args数量不匹配（name:1个, args:0个），跳过该组对比
2026-03-23 09:23:23,476 - ERROR - CaseID: 1152
结果数量不匹配: 预期0个，实际1个
2026-03-23 09:23:23,476 - WARNING - CaseID: 1153 - 参数解析失败: Expecting ',' delimiter: line 1 column 79 (char 78), 原始数据: {"action":"pause_navigate","position":"靠左","point_
2026-03-23 09:23:23,476 - WARNING - CaseID: 1153 - name和args数量不匹配（name:1个, args:0个），跳过该组对比
2026-03-23 09:23:23,476 - ERROR - CaseID: 1153
结果数量不匹配: 预期0个，实际1个
2026-03-23 09:23:23,476 - WARNING - CaseID: 1154 - 参数解析失败: Expecting ',' delimiter: line 1 column 78 (char 77), 原始数据: {"action":"pause_navigate","position":"中","point_d
2026-03-23 09:23:23,476 - WARNING - CaseID: 1154 - name和args数量不匹配（name:1个, args:0个），跳过该组对比
2026-03-23 09:23:23,476 - ERROR - CaseID: 1154
结果数量不匹配: 预期0个，实际1个
2026-03-23 09:23:23,476 - WARNING - CaseID: 1155 - 参数解析失败: Expecting ',' delimiter: line 1 column 79 (char 78), 原始数据: {"action":"pause_navigate","position":"靠右","point_
2026-03-23 09:23:23,476 - WARNING - CaseID: 1155 - name和args数量不匹配（name:1个, args:0个），跳过该组对比
2026-03-23 09:23:23,476 - ERROR - CaseID: 1155
结果数量不匹配: 预期0个，实际1个
2026-03-23 09:23:23,476 - WARNING - CaseID: 1156 - 参数解析失败: Expecting ',' delimiter: line 1 column 78 (char 77), 原始数据: {"action":"pause_navigate","position":"中","point_d
2026-03-23 09:23:23,477 - WARNING - CaseID: 1156 - name和args数量不匹配（name:1个, args:0个），跳过该组对比
2026-03-23 09:23:23,477 - ERROR - CaseID: 1156
结果数量不匹配: 预期0个，实际1个
2026-03-23 09:23:23,477 - WARNING - CaseID: 1157 - 参数解析失败: Expecting ',' delimiter: line 1 column 79 (char 78), 原始数据: {"action":"pause_navigate","position":"靠左","point_
2026-03-23 09:23:23,477 - WARNING - CaseID: 1157 - name和args数量不匹配（name:1个, args:0个），跳过该组对比
2026-03-23 09:23:23,477 - ERROR - CaseID: 1157
结果数量不匹配: 预期0个，实际1个
2026-03-23 09:23:23,477 - WARNING - CaseID: 1158 - 参数解析失败: Expecting ',' delimiter: line 1 column 79 (char 78), 原始数据: {"action":"pause_navigate","position":"靠右","point_
2026-03-23 09:23:23,477 - WARNING - CaseID: 1158 - name和args数量不匹配（name:1个, args:0个），跳过该组对比
2026-03-23 09:23:23,477 - ERROR - CaseID: 1158
结果数量不匹配: 预期0个，实际1个
2026-03-23 09:23:23,477 - WARNING - CaseID: 1159 - 参数解析失败: Expecting ',' delimiter: line 1 column 79 (char 78), 原始数据: {"action":"pause_navigate","position":"靠右","point_
2026-03-23 09:23:23,477 - WARNING - CaseID: 1159 - name和args数量不匹配（name:1个, args:0个），跳过该组对比
2026-03-23 09:23:23,477 - ERROR - CaseID: 1159
结果数量不匹配: 预期0个，实际1个
2026-03-23 09:23:23,477 - WARNING - CaseID: 1160 - 参数解析失败: Expecting ',' delimiter: line 1 column 79 (char 78), 原始数据: {"action":"pause_navigate","position":"靠左","point_
2026-03-23 09:23:23,477 - WARNING - CaseID: 1160 - name和args数量不匹配（name:1个, args:0个），跳过该组对比
2026-03-23 09:23:23,477 - ERROR - CaseID: 1160
结果数量不匹配: 预期0个，实际1个
2026-03-23 09:23:23,477 - WARNING - CaseID: 1161 - 参数解析失败: Expecting ',' delimiter: line 1 column 78 (char 77), 原始数据: {"action":"pause_navigate","position":"中","point_d
2026-03-23 09:23:23,477 - WARNING - CaseID: 1161 - name和args数量不匹配（name:1个, args:0个），跳过该组对比
2026-03-23 09:23:23,477 - ERROR - CaseID: 1161
结果数量不匹配: 预期0个，实际1个
2026-03-23 09:23:23,477 - WARNING - CaseID: 1162 - 参数解析失败: Expecting ',' delimiter: line 1 column 79 (char 78), 原始数据: {"action":"pause_navigate","position":"靠右","point_
2026-03-23 09:23:23,477 - WARNING - CaseID: 1162 - name和args数量不匹配（name:1个, args:0个），跳过该组对比
2026-03-23 09:23:23,477 - ERROR - CaseID: 1162
结果数量不匹配: 预期0个，实际1个
2026-03-23 09:23:23,477 - WARNING - CaseID: 1163 - 参数解析失败: Expecting ',' delimiter: line 1 column 79 (char 78), 原始数据: {"action":"pause_navigate","position":"靠左","point_
2026-03-23 09:23:23,477 - WARNING - CaseID: 1163 - name和args数量不匹配（name:1个, args:0个），跳过该组对比
2026-03-23 09:23:23,478 - ERROR - CaseID: 1163
结果数量不匹配: 预期0个，实际1个
2026-03-23 09:23:23,478 - ERROR - CaseID: 1171
实际结果缺少以下预期项：
  名称: vla_control, 参数: {"action": "pause_park", "position": "\u9760\u53f3"}
实际结果多出以下非预期项：
  名称: vla_control, 参数: {"action": "cancel_park", "position": "\u9760\u53f3"}
2026-03-23 09:23:23,478 - ERROR - CaseID: 1172
实际结果缺少以下预期项：
  名称: vla_control, 参数: {"action": "pause_park", "position": "\u9760\u5de6"}
实际结果多出以下非预期项：
  名称: vla_control, 参数: {"action": "cancel_park", "position": "\u9760\u5de6"}
2026-03-23 09:23:23,478 - ERROR - CaseID: 1173
实际结果缺少以下预期项：
  名称: vla_control, 参数: {"action": "pause_park", "position": "\u9760\u5de6"}
实际结果多出以下非预期项：
  名称: vla_control, 参数: {"action": "cancel_park", "position": "\u9760\u5de6"}
2026-03-23 09:23:23,479 - ERROR - CaseID: 1285
实际结果缺少以下预期项：
  名称: vla_control, 参数: {"action": "cancel_park_in", "point_desc": {"parking_space": "\u8f66\u4f4d"}, "position": "\u4e2d"}
实际结果多出以下非预期项：
  名称: vla_control, 参数: {"action": "park_in", "point_desc": {"parking_space": "\u8f66\u4f4d"}, "position": "\u4e2d"}
2026-03-23 09:23:23,479 - ERROR - CaseID: 1191
实际结果缺少以下预期项：
  名称: vla_control, 参数: {"action": "pause_park", "point_tag": "HERE", "position": "\u9760\u53f3"}
实际结果多出以下非预期项：
  名称: vla_control, 参数: {"action": "cancel_park", "point_tag": "HERE", "position": "\u9760\u53f3"}
2026-03-23 09:23:23,479 - ERROR - CaseID: 1192
实际结果缺少以下预期项：
  名称: vla_control, 参数: {"action": "pause_park", "point_tag": "HERE", "position": "\u9760\u5de6"}
实际结果多出以下非预期项：
  名称: vla_control, 参数: {"action": "cancel_park", "point_tag": "HERE", "position": "\u9760\u5de6"}
2026-03-23 09:23:23,479 - ERROR - CaseID: 1193
实际结果缺少以下预期项：
  名称: vla_control, 参数: {"action": "pause_park", "point_tag": "HERE", "position": "\u9760\u5de6"}
实际结果多出以下非预期项：
  名称: vla_control, 参数: {"action": "cancel_park", "point_tag": "HERE", "position": "\u9760\u5de6"}
2026-03-23 09:23:23,480 - ERROR - CaseID: 1200
实际结果缺少以下预期项：
  名称: vla_control, 参数: {"action": "pause_park", "point_tag": "HERE", "position": "\u9760\u53f3"}
实际结果多出以下非预期项：
  名称: vla_control, 参数: {"action": "cancel_park", "point_tag": "HERE", "position": "\u9760\u5de6"}
2026-03-23 09:23:23,480 - ERROR - CaseID: 1215
实际结果缺少以下预期项：
  名称: vla_control, 参数: {"action": "cancel_getoff_park", "position": "\u4e2d"}
实际结果多出以下非预期项：
  名称: vla_control, 参数: {"action": "getoff_park", "position": "\u4e2d"}
2026-03-23 09:23:23,480 - ERROR - CaseID: 1216
实际结果缺少以下预期项：
  名称: vla_control, 参数: {"action": "cancel_getoff_park", "position": "\u4e2d"}
实际结果多出以下非预期项：
  名称: vla_control, 参数: {"action": "getoff_park", "position": "\u4e2d"}
2026-03-23 09:23:23,482 - ERROR - CaseID: 1257
实际结果缺少以下预期项：
  名称: vla_control, 参数: {"action": "cancel_park", "point_desc": {"parking_space": "\u8f66\u4f4d"}, "position": "\u9760\u53f3"}
实际结果多出以下非预期项：
  名称: vla_control, 参数: {"action": "park", "point_desc": {"parking_space": "\u8f66\u4f4d"}, "position": "\u9760\u53f3"}
2026-03-23 09:23:23,482 - ERROR - CaseID: 1267
实际结果缺少以下预期项：
  名称: vla_control, 参数: {"action": "cancel_park", "point_desc": {"parking_space": "\u8f66\u4f4d"}, "position": "\u9760\u53f3"}
实际结果多出以下非预期项：
  名称: vla_control, 参数: {"action": "park", "point_desc": {"parking_space": "\u8f66\u4f4d"}, "position": "\u9760\u53f3"}
2026-03-23 09:23:23,482 - ERROR - CaseID: 1268
实际结果缺少以下预期项：
  名称: vla_control, 参数: {"action": "cancel_park", "point_desc": {"parking_space": "\u8f66\u4f4d"}, "position": "\u4e2d"}
实际结果多出以下非预期项：
  名称: vla_control, 参数: {"action": "park", "point_desc": {"parking_space": "\u8f66\u4f4d"}, "position": "\u4e2d"}
2026-03-23 09:23:23,483 - ERROR - CaseID: 1291
实际结果缺少以下预期项：
  名称: vla_control, 参数: {"action": "cancel_park_in", "point_desc": {"parking_space": "\u8f66\u4f4d"}, "position": "\u4e2d"}
实际结果多出以下非预期项：
  名称: vla_control, 参数: {"action": "park_in", "point_desc": {"parking_space": "\u8f66\u4f4d"}, "position": "\u4e2d"}
2026-03-23 09:23:23,484 - ERROR - CaseID: 1308
实际结果缺少以下预期项：
  名称: vla_control, 参数: {"action": "cancel_navigate", "point_desc": {"parking_space": "\u8f66\u4f4d"}, "position": "\u4e2d"}
实际结果多出以下非预期项：
  名称: vla_control, 参数: {"action": "navigate", "point_desc": {"parking_space": "\u8f66\u4f4d"}, "position": "\u4e2d"}
2026-03-23 09:23:23,484 - ERROR - CaseID: 1313
实际结果缺少以下预期项：
  名称: vla_control, 参数: {"action": "cancel_navigate", "point_desc": {"parking_space": "\u8f66\u4f4d"}, "position": "\u9760\u53f3"}
实际结果多出以下非预期项：
  名称: vla_control, 参数: {"action": "navigate", "point_desc": {"parking_space": "\u8f66\u4f4d"}, "position": "\u9760\u53f3"}
2026-03-23 09:23:23,484 - ERROR - CaseID: 1314
实际结果缺少以下预期项：
  名称: vla_control, 参数: {"action": "cancel_navigate", "point_desc": {"parking_space": "\u8f66\u4f4d"}, "position": "\u4e2d"}
实际结果多出以下非预期项：
  名称: vla_control, 参数: {"action": "navigate", "point_desc": {"parking_space": "\u8f66\u4f4d"}, "position": "\u4e2d"}
2026-03-23 09:23:23,485 - ERROR - CaseID: 1336
实际结果缺少以下预期项：
  名称: vla_control, 参数: {"action": "cancel_park", "position": "\u9760\u53f3"}
实际结果多出以下非预期项：
  名称: vla_control, 参数: {"action": "park", "position": "\u9760\u53f3"}
2026-03-23 09:23:23,485 - ERROR - CaseID: 1345
实际结果缺少以下预期项：
  名称: vla_control, 参数: {"action": "cancel_park", "point_tag": "HERE", "position": "\u9760\u5de6"}
实际结果多出以下非预期项：
  名称: vla_control, 参数: {"action": "cancel_park", "point_tag": "HERE", "position": "\u5de6"}
2026-03-23 09:23:23,485 - ERROR - CaseID: 1346
实际结果缺少以下预期项：
  名称: vla_control, 参数: {"action": "cancel_park", "point_tag": "HERE", "position": "\u9760\u5de6"}
实际结果多出以下非预期项：
  名称: vla_control, 参数: {"action": "park", "point_tag": "HERE", "position": "\u9760\u5de6"}
2026-03-23 09:23:23,485 - ERROR - CaseID: 1347
实际结果缺少以下预期项：
  名称: vla_control, 参数: {"action": "cancel_park", "point_tag": "HERE", "position": "\u9760\u5de6"}
实际结果多出以下非预期项：
  名称: vla_control, 参数: {"action": "park", "point_tag": "HERE", "position": "\u5de6"}
2026-03-23 09:23:23,486 - ERROR - CaseID: 1351
实际结果缺少以下预期项：
  名称: vla_control, 参数: {"action": "cancel_park", "point_tag": "HERE", "position": "\u9760\u53f3"}
实际结果多出以下非预期项：
  名称: vla_control, 参数: {"action": "cancel_park", "point_tag": "HERE"}
2026-03-23 09:23:23,486 - ERROR - CaseID: 1358
结果数量不匹配: 预期1个，实际0个
2026-03-23 09:23:23,486 - ERROR - CaseID: 1359
实际结果缺少以下预期项：
  名称: vla_control, 参数: {"action": "cancel_park", "point_tag": "HERE", "position": "\u9760\u53f3"}
实际结果多出以下非预期项：
  名称: vla_control, 参数: {"action": "park", "point_desc": {"position": "\u9760\u53f3"}, "point_tag": "HERE", "position": "\u53f3"}
2026-03-23 09:23:23,486 - ERROR - CaseID: 1360
实际结果缺少以下预期项：
  名称: vla_control, 参数: {"action": "cancel_park", "point_tag": "HERE", "position": "\u4e2d"}
实际结果多出以下非预期项：
  名称: vla_control, 参数: {"action": "park", "point_tag": "HERE", "position": "\u4e2d"}
2026-03-23 09:23:23,486 - ERROR - CaseID: 1363
实际结果缺少以下预期项：
  名称: vla_control, 参数: {"action": "cancel_park", "point_tag": "HERE", "position": "\u9760\u5de6"}
实际结果多出以下非预期项：
  名称: vla_control, 参数: {"action": "park", "point_tag": "HERE", "position": "\u9760\u5de6"}
2026-03-23 09:23:23,486 - ERROR - CaseID: 1364
实际结果缺少以下预期项：
  名称: vla_control, 参数: {"action": "cancel_park", "point_tag": "HERE", "position": "\u9760\u5de6"}
实际结果多出以下非预期项：
  名称: vla_control, 参数: {"action": "park", "point_tag": "HERE", "position": "\u9760\u5de6"}
2026-03-23 09:23:23,487 - ERROR - CaseID: 1386
实际结果缺少以下预期项：
  名称: vla_control, 参数: {"action": "park_out"}
实际结果多出以下非预期项：
  名称: vla_control, 参数: {"action": "park_in"}
2026-03-23 09:23:23,487 - ERROR - CaseID: 1388
实际结果缺少以下预期项：
  名称: vla_control, 参数: {"action": "park_out"}
实际结果多出以下非预期项：
  名称: vla_control, 参数: {"action": "park_in"}
2026-03-23 09:23:23,487 - ERROR - CaseID: 1390
实际结果缺少以下预期项：
  名称: vla_control, 参数: {"action": "park_out"}
实际结果多出以下非预期项：
  名称: vla_control, 参数: {"action": "park_in"}
2026-03-23 09:23:23,487 - ERROR - CaseID: 1392
实际结果缺少以下预期项：
  名称: vla_control, 参数: {"action": "park_out"}
实际结果多出以下非预期项：
  名称: playback_control, 参数: {"action": "play"}
2026-03-23 09:23:23,487 - ERROR - CaseID: 1393
实际结果缺少以下预期项：
  名称: vla_control, 参数: {"action": "park_out"}
实际结果多出以下非预期项：
  名称: playback_control, 参数: {"action": "play"}
2026-03-23 09:23:23,487 - ERROR - CaseID: 1394
实际结果缺少以下预期项：
  名称: vla_control, 参数: {"action": "park_out"}
实际结果多出以下非预期项：
  名称: playback_control, 参数: {"action": "set", "function_option": "MUSIC_MESSAGE"}
2026-03-23 09:23:23,487 - ERROR - CaseID: 1396
实际结果缺少以下预期项：
  名称: vla_control, 参数: {"action": "park_out"}
实际结果多出以下非预期项：
  名称: vla_control, 参数: {"action": "park_in"}
2026-03-23 09:23:23,488 - WARNING - CaseID: 1425 - 参数解析失败: Expecting ',' delimiter: line 1 column 57 (char 56), 原始数据: {"action":"park_out","point_desc":{"parking_space"
2026-03-23 09:23:23,488 - WARNING - CaseID: 1425 - name和args数量不匹配（name:1个, args:0个），跳过该组对比
2026-03-23 09:23:23,489 - ERROR - CaseID: 1425
结果数量不匹配: 预期0个，实际1个
2026-03-23 09:23:23,489 - WARNING - CaseID: 1426 - 参数解析失败: Expecting ',' delimiter: line 1 column 57 (char 56), 原始数据: {"action":"park_out","point_desc":{"parking_space"
2026-03-23 09:23:23,489 - WARNING - CaseID: 1426 - name和args数量不匹配（name:1个, args:0个），跳过该组对比
2026-03-23 09:23:23,489 - ERROR - CaseID: 1426
结果数量不匹配: 预期0个，实际1个
2026-03-23 09:23:23,489 - WARNING - CaseID: 1427 - 参数解析失败: Expecting ',' delimiter: line 1 column 57 (char 56), 原始数据: {"action":"park_out","point_desc":{"parking_space"
2026-03-23 09:23:23,489 - WARNING - CaseID: 1427 - name和args数量不匹配（name:1个, args:0个），跳过该组对比
2026-03-23 09:23:23,489 - ERROR - CaseID: 1427
结果数量不匹配: 预期0个，实际1个
2026-03-23 09:23:23,489 - WARNING - CaseID: 1428 - 参数解析失败: Expecting ',' delimiter: line 1 column 57 (char 56), 原始数据: {"action":"park_out","point_desc":{"parking_space"
2026-03-23 09:23:23,489 - WARNING - CaseID: 1428 - name和args数量不匹配（name:1个, args:0个），跳过该组对比
2026-03-23 09:23:23,489 - ERROR - CaseID: 1428
结果数量不匹配: 预期0个，实际1个
2026-03-23 09:23:23,489 - WARNING - CaseID: 1429 - 参数解析失败: Expecting ',' delimiter: line 1 column 57 (char 56), 原始数据: {"action":"park_out","point_desc":{"parking_space"
2026-03-23 09:23:23,489 - WARNING - CaseID: 1429 - name和args数量不匹配（name:1个, args:0个），跳过该组对比
2026-03-23 09:23:23,489 - ERROR - CaseID: 1429
结果数量不匹配: 预期0个，实际1个
2026-03-23 09:23:23,489 - WARNING - CaseID: 1430 - 参数解析失败: Expecting ',' delimiter: line 1 column 57 (char 56), 原始数据: {"action":"park_out","point_desc":{"parking_space"
2026-03-23 09:23:23,489 - WARNING - CaseID: 1430 - name和args数量不匹配（name:1个, args:0个），跳过该组对比
2026-03-23 09:23:23,489 - ERROR - CaseID: 1430
结果数量不匹配: 预期0个，实际1个
2026-03-23 09:23:23,489 - WARNING - CaseID: 1431 - 参数解析失败: Expecting ',' delimiter: line 1 column 57 (char 56), 原始数据: {"action":"park_out","point_desc":{"parking_space"
2026-03-23 09:23:23,489 - WARNING - CaseID: 1431 - name和args数量不匹配（name:1个, args:0个），跳过该组对比
2026-03-23 09:23:23,489 - ERROR - CaseID: 1431
结果数量不匹配: 预期0个，实际1个
2026-03-23 09:23:23,489 - WARNING - CaseID: 1432 - 参数解析失败: Expecting ',' delimiter: line 1 column 57 (char 56), 原始数据: {"action":"park_out","point_desc":{"parking_space"
2026-03-23 09:23:23,489 - WARNING - CaseID: 1432 - name和args数量不匹配（name:1个, args:0个），跳过该组对比
2026-03-23 09:23:23,489 - ERROR - CaseID: 1432
结果数量不匹配: 预期0个，实际1个
2026-03-23 09:23:23,489 - WARNING - CaseID: 1433 - 参数解析失败: Expecting ',' delimiter: line 1 column 57 (char 56), 原始数据: {"action":"park_out","point_desc":{"parking_space"
2026-03-23 09:23:23,489 - WARNING - CaseID: 1433 - name和args数量不匹配（name:1个, args:0个），跳过该组对比
2026-03-23 09:23:23,489 - ERROR - CaseID: 1433
结果数量不匹配: 预期0个，实际1个
2026-03-23 09:23:23,489 - WARNING - CaseID: 1434 - 参数解析失败: Expecting ',' delimiter: line 1 column 57 (char 56), 原始数据: {"action":"park_out","point_desc":{"parking_space"
2026-03-23 09:23:23,489 - WARNING - CaseID: 1434 - name和args数量不匹配（name:1个, args:0个），跳过该组对比
2026-03-23 09:23:23,490 - ERROR - CaseID: 1434
结果数量不匹配: 预期0个，实际1个
2026-03-23 09:23:23,490 - WARNING - CaseID: 1435 - 参数解析失败: Expecting ',' delimiter: line 1 column 57 (char 56), 原始数据: {"action":"park_out","point_desc":{"parking_space"
2026-03-23 09:23:23,490 - WARNING - CaseID: 1435 - name和args数量不匹配（name:1个, args:0个），跳过该组对比
2026-03-23 09:23:23,490 - ERROR - CaseID: 1435
结果数量不匹配: 预期0个，实际1个
2026-03-23 09:23:23,490 - WARNING - CaseID: 1436 - 参数解析失败: Expecting ',' delimiter: line 1 column 57 (char 56), 原始数据: {"action":"park_out","point_desc":{"parking_space"
2026-03-23 09:23:23,490 - WARNING - CaseID: 1436 - name和args数量不匹配（name:1个, args:0个），跳过该组对比
2026-03-23 09:23:23,490 - ERROR - CaseID: 1436
结果数量不匹配: 预期0个，实际1个
2026-03-23 09:23:23,490 - WARNING - CaseID: 1437 - 参数解析失败: Expecting ',' delimiter: line 1 column 57 (char 56), 原始数据: {"action":"park_out","point_desc":{"parking_space"
2026-03-23 09:23:23,490 - WARNING - CaseID: 1437 - name和args数量不匹配（name:1个, args:0个），跳过该组对比
2026-03-23 09:23:23,490 - ERROR - CaseID: 1437
结果数量不匹配: 预期0个，实际1个
2026-03-23 09:23:23,490 - WARNING - CaseID: 1438 - 参数解析失败: Expecting ',' delimiter: line 1 column 57 (char 56), 原始数据: {"action":"park_out","point_desc":{"parking_space"
2026-03-23 09:23:23,490 - WARNING - CaseID: 1438 - name和args数量不匹配（name:1个, args:0个），跳过该组对比
2026-03-23 09:23:23,490 - ERROR - CaseID: 1438
结果数量不匹配: 预期0个，实际1个
2026-03-23 09:23:23,490 - WARNING - CaseID: 1439 - 参数解析失败: Expecting ',' delimiter: line 1 column 57 (char 56), 原始数据: {"action":"park_out","point_desc":{"parking_space"
2026-03-23 09:23:23,490 - WARNING - CaseID: 1439 - name和args数量不匹配（name:1个, args:0个），跳过该组对比
2026-03-23 09:23:23,490 - ERROR - CaseID: 1439
结果数量不匹配: 预期0个，实际1个
2026-03-23 09:23:23,490 - WARNING - CaseID: 1440 - 参数解析失败: Expecting ',' delimiter: line 1 column 57 (char 56), 原始数据: {"action":"park_out","point_desc":{"parking_space"
2026-03-23 09:23:23,490 - WARNING - CaseID: 1440 - name和args数量不匹配（name:1个, args:0个），跳过该组对比
2026-03-23 09:23:23,490 - ERROR - CaseID: 1440
结果数量不匹配: 预期0个，实际1个
2026-03-23 09:23:23,490 - WARNING - CaseID: 1441 - 参数解析失败: Expecting ',' delimiter: line 1 column 57 (char 56), 原始数据: {"action":"park_out","point_desc":{"parking_space"
2026-03-23 09:23:23,490 - WARNING - CaseID: 1441 - name和args数量不匹配（name:1个, args:0个），跳过该组对比
2026-03-23 09:23:23,490 - ERROR - CaseID: 1441
结果数量不匹配: 预期0个，实际1个
2026-03-23 09:23:23,490 - WARNING - CaseID: 1442 - 参数解析失败: Expecting ',' delimiter: line 1 column 57 (char 56), 原始数据: {"action":"park_out","point_desc":{"parking_space"
2026-03-23 09:23:23,490 - WARNING - CaseID: 1442 - name和args数量不匹配（name:1个, args:0个），跳过该组对比
2026-03-23 09:23:23,490 - ERROR - CaseID: 1442
结果数量不匹配: 预期0个，实际1个
2026-03-23 09:23:23,490 - WARNING - CaseID: 1443 - 参数解析失败: Expecting ',' delimiter: line 1 column 57 (char 56), 原始数据: {"action":"park_out","point_desc":{"parking_space"
2026-03-23 09:23:23,490 - WARNING - CaseID: 1443 - name和args数量不匹配（name:1个, args:0个），跳过该组对比
2026-03-23 09:23:23,490 - ERROR - CaseID: 1443
结果数量不匹配: 预期0个，实际1个
2026-03-23 09:23:23,491 - WARNING - CaseID: 1444 - 参数解析失败: Expecting ',' delimiter: line 1 column 57 (char 56), 原始数据: {"action":"park_out","point_desc":{"parking_space"
2026-03-23 09:23:23,491 - WARNING - CaseID: 1444 - name和args数量不匹配（name:1个, args:0个），跳过该组对比
2026-03-23 09:23:23,491 - ERROR - CaseID: 1444
结果数量不匹配: 预期0个，实际1个
2026-03-23 09:23:23,491 - ERROR - CaseID: 1454
实际结果缺少以下预期项：
  名称: vla_control, 参数: {"action": "navigate", "direction": "OUT", "position": "\u524d"}
实际结果多出以下非预期项：
  名称: vla_control, 参数: {"action": "navigate", "direction": "OUT"}
2026-03-23 09:23:23,491 - ERROR - CaseID: 1455
实际结果缺少以下预期项：
  名称: vla_control, 参数: {"action": "navigate", "direction": "OUT", "position": "\u524d"}
实际结果多出以下非预期项：
  名称: vla_control, 参数: {"action": "navigate", "direction": "OUT"}
2026-03-23 09:23:23,492 - ERROR - CaseID: 1474
实际结果缺少以下预期项：
  名称: vla_control, 参数: {"action": "park_out", "position": "\u524d"}
实际结果多出以下非预期项：
  名称: vla_control, 参数: {"action": "park_in", "position": "\u524d"}
2026-03-23 09:23:23,492 - ERROR - CaseID: 1479
实际结果缺少以下预期项：
  名称: vla_control, 参数: {"action": "park_out", "position": "\u53f3"}
实际结果多出以下非预期项：
  名称: playback_control, 参数: {"action": "play"}
2026-03-23 09:23:23,492 - ERROR - CaseID: 1478
实际结果缺少以下预期项：
  名称: vla_control, 参数: {"action": "park_out", "position": "\u53f3\u524d"}
实际结果多出以下非预期项：
  名称: vla_control, 参数: {"action": "park_in", "position": "\u53f3\u524d"}
2026-03-23 09:23:23,492 - ERROR - CaseID: 1480
实际结果缺少以下预期项：
  名称: vla_control, 参数: {"action": "park_out", "position": "\u524d"}
实际结果多出以下非预期项：
  名称: playback_control, 参数: {"action": "play"}
2026-03-23 09:23:23,492 - ERROR - CaseID: 1544
实际结果缺少以下预期项：
  名称: vla_control, 参数: {"action": "pause_navigate", "direction": "OUT"}
实际结果多出以下非预期项：
  名称: vla_control, 参数: {"action": "cancel_navigate", "direction": "OUT"}
2026-03-23 09:23:23,493 - ERROR - CaseID: 1549
实际结果缺少以下预期项：
  名称: vla_control, 参数: {"action": "pause_park_out"}
实际结果多出以下非预期项：
  名称: vla_control, 参数: {"action": "pause_park_in"}
2026-03-23 09:23:23,493 - ERROR - CaseID: 1555
实际结果缺少以下预期项：
  名称: vla_control, 参数: {"action": "pause_park_out"}
实际结果多出以下非预期项：
  名称: vla_control, 参数: {"action": "cancel_park_out"}
2026-03-23 09:23:23,493 - ERROR - CaseID: 1557
实际结果缺少以下预期项：
  名称: vla_control, 参数: {"action": "pause_park_out"}
实际结果多出以下非预期项：
  名称: vla_control, 参数: {"action": "cancel_park_in"}
2026-03-23 09:23:24,180 - ERROR - CaseID: 1560
实际结果缺少以下预期项：
  名称: vla_control, 参数: {"action": "pause_park_out"}
实际结果多出以下非预期项：
  名称: vla_control, 参数: {"action": "pause_park_in"}
2026-03-23 09:23:24,180 - ERROR - CaseID: 1564
实际结果缺少以下预期项：
  名称: vla_control, 参数: {"action": "pause_park_out"}
实际结果多出以下非预期项：
  名称: vla_control, 参数: {"action": "cancel_park_out"}
2026-03-23 09:23:24,180 - WARNING - CaseID: 1565 - 参数解析失败: Expecting ',' delimiter: line 1 column 81 (char 80), 原始数据: {"action":"pause_navigate","direction":"OUT","poin
2026-03-23 09:23:24,180 - WARNING - CaseID: 1565 - name和args数量不匹配（name:1个, args:0个），跳过该组对比
2026-03-23 09:23:24,180 - ERROR - CaseID: 1565
结果数量不匹配: 预期0个，实际1个
2026-03-23 09:23:24,180 - WARNING - CaseID: 1566 - 参数解析失败: Expecting ',' delimiter: line 1 column 81 (char 80), 原始数据: {"action":"pause_navigate","direction":"OUT","poin
2026-03-23 09:23:24,181 - WARNING - CaseID: 1566 - name和args数量不匹配（name:1个, args:0个），跳过该组对比
2026-03-23 09:23:24,181 - ERROR - CaseID: 1566
结果数量不匹配: 预期0个，实际1个
2026-03-23 09:23:24,181 - WARNING - CaseID: 1567 - 参数解析失败: Expecting ',' delimiter: line 1 column 81 (char 80), 原始数据: {"action":"pause_navigate","direction":"OUT","poin
2026-03-23 09:23:24,181 - WARNING - CaseID: 1567 - name和args数量不匹配（name:1个, args:0个），跳过该组对比
2026-03-23 09:23:24,181 - ERROR - CaseID: 1567
结果数量不匹配: 预期0个，实际1个
2026-03-23 09:23:24,181 - WARNING - CaseID: 1568 - 参数解析失败: Expecting ',' delimiter: line 1 column 81 (char 80), 原始数据: {"action":"pause_navigate","direction":"OUT","poin
2026-03-23 09:23:24,181 - WARNING - CaseID: 1568 - name和args数量不匹配（name:1个, args:0个），跳过该组对比
2026-03-23 09:23:24,181 - ERROR - CaseID: 1568
结果数量不匹配: 预期0个，实际1个
2026-03-23 09:23:24,181 - WARNING - CaseID: 1569 - 参数解析失败: Expecting ',' delimiter: line 1 column 81 (char 80), 原始数据: {"action":"pause_navigate","direction":"OUT","poin
2026-03-23 09:23:24,181 - WARNING - CaseID: 1569 - name和args数量不匹配（name:1个, args:0个），跳过该组对比
2026-03-23 09:23:24,181 - ERROR - CaseID: 1569
结果数量不匹配: 预期0个，实际1个
2026-03-23 09:23:24,181 - WARNING - CaseID: 1570 - 参数解析失败: Expecting ',' delimiter: line 1 column 81 (char 80), 原始数据: {"action":"pause_navigate","direction":"OUT","poin
2026-03-23 09:23:24,181 - WARNING - CaseID: 1570 - name和args数量不匹配（name:1个, args:0个），跳过该组对比
2026-03-23 09:23:24,181 - ERROR - CaseID: 1570
结果数量不匹配: 预期0个，实际1个
2026-03-23 09:23:24,181 - WARNING - CaseID: 1571 - 参数解析失败: Expecting ',' delimiter: line 1 column 81 (char 80), 原始数据: {"action":"pause_navigate","direction":"OUT","poin
2026-03-23 09:23:24,181 - WARNING - CaseID: 1571 - name和args数量不匹配（name:1个, args:0个），跳过该组对比
2026-03-23 09:23:24,181 - ERROR - CaseID: 1571
结果数量不匹配: 预期0个，实际1个
2026-03-23 09:23:24,182 - WARNING - CaseID: 1572 - 参数解析失败: Expecting ',' delimiter: line 1 column 81 (char 80), 原始数据: {"action":"pause_navigate","direction":"OUT","poin
2026-03-23 09:23:24,182 - WARNING - CaseID: 1572 - name和args数量不匹配（name:1个, args:0个），跳过该组对比
2026-03-23 09:23:24,182 - ERROR - CaseID: 1572
结果数量不匹配: 预期0个，实际1个
2026-03-23 09:23:24,182 - WARNING - CaseID: 1573 - 参数解析失败: Expecting ',' delimiter: line 1 column 81 (char 80), 原始数据: {"action":"pause_navigate","direction":"OUT","poin
2026-03-23 09:23:24,182 - WARNING - CaseID: 1573 - name和args数量不匹配（name:1个, args:0个），跳过该组对比
2026-03-23 09:23:24,182 - ERROR - CaseID: 1573
结果数量不匹配: 预期0个，实际1个
2026-03-23 09:23:24,182 - WARNING - CaseID: 1574 - 参数解析失败: Expecting ',' delimiter: line 1 column 81 (char 80), 原始数据: {"action":"pause_navigate","direction":"OUT","poin
2026-03-23 09:23:24,182 - WARNING - CaseID: 1574 - name和args数量不匹配（name:1个, args:0个），跳过该组对比
2026-03-23 09:23:24,182 - ERROR - CaseID: 1574
结果数量不匹配: 预期0个，实际1个
2026-03-23 09:23:24,182 - WARNING - CaseID: 1575 - 参数解析失败: Expecting ',' delimiter: line 1 column 81 (char 80), 原始数据: {"action":"pause_navigate","direction":"OUT","poin
2026-03-23 09:23:24,182 - WARNING - CaseID: 1575 - name和args数量不匹配（name:1个, args:0个），跳过该组对比
2026-03-23 09:23:24,182 - ERROR - CaseID: 1575
结果数量不匹配: 预期0个，实际1个
2026-03-23 09:23:24,182 - WARNING - CaseID: 1576 - 参数解析失败: Expecting ',' delimiter: line 1 column 81 (char 80), 原始数据: {"action":"pause_navigate","direction":"OUT","poin
2026-03-23 09:23:24,182 - WARNING - CaseID: 1576 - name和args数量不匹配（name:1个, args:0个），跳过该组对比
2026-03-23 09:23:24,182 - ERROR - CaseID: 1576
结果数量不匹配: 预期0个，实际1个
2026-03-23 09:23:24,182 - WARNING - CaseID: 1577 - 参数解析失败: Expecting ',' delimiter: line 1 column 81 (char 80), 原始数据: {"action":"pause_navigate","direction":"OUT","poin
2026-03-23 09:23:24,182 - WARNING - CaseID: 1577 - name和args数量不匹配（name:1个, args:0个），跳过该组对比
2026-03-23 09:23:24,182 - ERROR - CaseID: 1577
结果数量不匹配: 预期0个，实际1个
2026-03-23 09:23:24,182 - WARNING - CaseID: 1578 - 参数解析失败: Expecting ',' delimiter: line 1 column 81 (char 80), 原始数据: {"action":"pause_navigate","direction":"OUT","poin
2026-03-23 09:23:24,182 - WARNING - CaseID: 1578 - name和args数量不匹配（name:1个, args:0个），跳过该组对比
2026-03-23 09:23:24,183 - ERROR - CaseID: 1578
结果数量不匹配: 预期0个，实际1个
2026-03-23 09:23:24,183 - WARNING - CaseID: 1579 - 参数解析失败: Expecting ',' delimiter: line 1 column 81 (char 80), 原始数据: {"action":"pause_navigate","direction":"OUT","poin
2026-03-23 09:23:24,183 - WARNING - CaseID: 1579 - name和args数量不匹配（name:1个, args:0个），跳过该组对比
2026-03-23 09:23:24,183 - ERROR - CaseID: 1579
结果数量不匹配: 预期0个，实际1个
2026-03-23 09:23:24,183 - WARNING - CaseID: 1580 - 参数解析失败: Expecting ',' delimiter: line 1 column 81 (char 80), 原始数据: {"action":"pause_navigate","direction":"OUT","poin
2026-03-23 09:23:24,183 - WARNING - CaseID: 1580 - name和args数量不匹配（name:1个, args:0个），跳过该组对比
2026-03-23 09:23:24,183 - ERROR - CaseID: 1580
结果数量不匹配: 预期0个，实际1个
2026-03-23 09:23:24,183 - WARNING - CaseID: 1581 - 参数解析失败: Expecting ',' delimiter: line 1 column 81 (char 80), 原始数据: {"action":"pause_navigate","direction":"OUT","poin
2026-03-23 09:23:24,183 - WARNING - CaseID: 1581 - name和args数量不匹配（name:1个, args:0个），跳过该组对比
2026-03-23 09:23:24,184 - ERROR - CaseID: 1581
结果数量不匹配: 预期0个，实际1个
2026-03-23 09:23:24,184 - WARNING - CaseID: 1582 - 参数解析失败: Expecting ',' delimiter: line 1 column 81 (char 80), 原始数据: {"action":"pause_navigate","direction":"OUT","poin
2026-03-23 09:23:24,184 - WARNING - CaseID: 1582 - name和args数量不匹配（name:1个, args:0个），跳过该组对比
2026-03-23 09:23:24,184 - ERROR - CaseID: 1582
结果数量不匹配: 预期0个，实际1个
2026-03-23 09:23:24,184 - WARNING - CaseID: 1583 - 参数解析失败: Expecting ',' delimiter: line 1 column 81 (char 80), 原始数据: {"action":"pause_navigate","direction":"OUT","poin
2026-03-23 09:23:24,184 - WARNING - CaseID: 1583 - name和args数量不匹配（name:1个, args:0个），跳过该组对比
2026-03-23 09:23:24,184 - ERROR - CaseID: 1583
结果数量不匹配: 预期0个，实际1个
2026-03-23 09:23:24,184 - WARNING - CaseID: 1584 - 参数解析失败: Expecting ',' delimiter: line 1 column 81 (char 80), 原始数据: {"action":"pause_navigate","direction":"OUT","poin
2026-03-23 09:23:24,184 - WARNING - CaseID: 1584 - name和args数量不匹配（name:1个, args:0个），跳过该组对比
2026-03-23 09:23:24,184 - ERROR - CaseID: 1584
结果数量不匹配: 预期0个，实际1个
2026-03-23 09:23:24,184 - ERROR - CaseID: 1493
实际结果缺少以下预期项：
  名称: vla_control, 参数: {"action": "navigate", "direction": "OUT", "point_desc": {"parking_space": "\u8f66\u4f4d"}, "position": "\u5de6\u524d"}
实际结果多出以下非预期项：
  名称: vla_control, 参数: {"action": "navigate", "direction": "OUT", "position": "\u5de6\u524d"}
2026-03-23 09:23:24,186 - ERROR - CaseID: 1513
实际结果缺少以下预期项：
  名称: vla_control, 参数: {"action": "park_out", "point_desc": {"parking_space": "\u8f66\u4f4d"}, "position": "\u5de6\u524d"}
实际结果多出以下非预期项：
  名称: vla_control, 参数: {"action": "park_out", "position": "\u5de6\u524d"}
2026-03-23 09:23:24,187 - WARNING - CaseID: 1586 - 参数解析失败: Expecting ',' delimiter: line 1 column 63 (char 62), 原始数据: {"action":"pause_park_out","point_desc":{"parking_
2026-03-23 09:23:24,187 - WARNING - CaseID: 1586 - name和args数量不匹配（name:1个, args:0个），跳过该组对比
2026-03-23 09:23:24,187 - ERROR - CaseID: 1586
结果数量不匹配: 预期0个，实际1个
2026-03-23 09:23:24,187 - WARNING - CaseID: 1585 - 参数解析失败: Expecting ',' delimiter: line 1 column 63 (char 62), 原始数据: {"action":"pause_park_out","point_desc":{"parking_
2026-03-23 09:23:24,187 - WARNING - CaseID: 1585 - name和args数量不匹配（name:1个, args:0个），跳过该组对比
2026-03-23 09:23:24,187 - ERROR - CaseID: 1585
结果数量不匹配: 预期0个，实际1个
2026-03-23 09:23:24,187 - WARNING - CaseID: 1587 - 参数解析失败: Expecting ',' delimiter: line 1 column 63 (char 62), 原始数据: {"action":"pause_park_out","point_desc":{"parking_
2026-03-23 09:23:24,187 - WARNING - CaseID: 1587 - name和args数量不匹配（name:1个, args:0个），跳过该组对比
2026-03-23 09:23:24,187 - ERROR - CaseID: 1587
结果数量不匹配: 预期0个，实际1个
2026-03-23 09:23:24,187 - WARNING - CaseID: 1588 - 参数解析失败: Expecting ',' delimiter: line 1 column 63 (char 62), 原始数据: {"action":"pause_park_out","point_desc":{"parking_
2026-03-23 09:23:24,187 - WARNING - CaseID: 1588 - name和args数量不匹配（name:1个, args:0个），跳过该组对比
2026-03-23 09:23:24,187 - ERROR - CaseID: 1588
结果数量不匹配: 预期0个，实际1个
2026-03-23 09:23:24,187 - WARNING - CaseID: 1590 - 参数解析失败: Expecting ',' delimiter: line 1 column 63 (char 62), 原始数据: {"action":"pause_park_out","point_desc":{"parking_
2026-03-23 09:23:24,187 - WARNING - CaseID: 1590 - name和args数量不匹配（name:1个, args:0个），跳过该组对比
2026-03-23 09:23:24,188 - ERROR - CaseID: 1590
结果数量不匹配: 预期0个，实际1个
2026-03-23 09:23:24,188 - WARNING - CaseID: 1589 - 参数解析失败: Expecting ',' delimiter: line 1 column 63 (char 62), 原始数据: {"action":"pause_park_out","point_desc":{"parking_
2026-03-23 09:23:24,188 - WARNING - CaseID: 1589 - name和args数量不匹配（name:1个, args:0个），跳过该组对比
2026-03-23 09:23:24,188 - ERROR - CaseID: 1589
结果数量不匹配: 预期0个，实际1个
2026-03-23 09:23:24,188 - WARNING - CaseID: 1591 - 参数解析失败: Expecting ',' delimiter: line 1 column 63 (char 62), 原始数据: {"action":"pause_park_out","point_desc":{"parking_
2026-03-23 09:23:24,188 - WARNING - CaseID: 1591 - name和args数量不匹配（name:1个, args:0个），跳过该组对比
2026-03-23 09:23:24,188 - ERROR - CaseID: 1591
结果数量不匹配: 预期0个，实际1个
2026-03-23 09:23:24,188 - WARNING - CaseID: 1592 - 参数解析失败: Expecting ',' delimiter: line 1 column 63 (char 62), 原始数据: {"action":"pause_park_out","point_desc":{"parking_
2026-03-23 09:23:24,188 - WARNING - CaseID: 1592 - name和args数量不匹配（name:1个, args:0个），跳过该组对比
2026-03-23 09:23:24,188 - ERROR - CaseID: 1592
结果数量不匹配: 预期0个，实际1个
2026-03-23 09:23:24,188 - WARNING - CaseID: 1593 - 参数解析失败: Expecting ',' delimiter: line 1 column 63 (char 62), 原始数据: {"action":"pause_park_out","point_desc":{"parking_
2026-03-23 09:23:24,188 - WARNING - CaseID: 1593 - name和args数量不匹配（name:1个, args:0个），跳过该组对比
2026-03-23 09:23:24,188 - ERROR - CaseID: 1593
结果数量不匹配: 预期0个，实际1个
2026-03-23 09:23:24,188 - WARNING - CaseID: 1594 - 参数解析失败: Expecting ',' delimiter: line 1 column 63 (char 62), 原始数据: {"action":"pause_park_out","point_desc":{"parking_
2026-03-23 09:23:24,188 - WARNING - CaseID: 1594 - name和args数量不匹配（name:1个, args:0个），跳过该组对比
2026-03-23 09:23:24,188 - ERROR - CaseID: 1594
结果数量不匹配: 预期0个，实际1个
2026-03-23 09:23:24,188 - WARNING - CaseID: 1596 - 参数解析失败: Expecting ',' delimiter: line 1 column 63 (char 62), 原始数据: {"action":"pause_park_out","point_desc":{"parking_
2026-03-23 09:23:24,188 - WARNING - CaseID: 1596 - name和args数量不匹配（name:1个, args:0个），跳过该组对比
2026-03-23 09:23:24,188 - ERROR - CaseID: 1596
结果数量不匹配: 预期0个，实际1个
2026-03-23 09:23:24,188 - WARNING - CaseID: 1595 - 参数解析失败: Expecting ',' delimiter: line 1 column 63 (char 62), 原始数据: {"action":"pause_park_out","point_desc":{"parking_
2026-03-23 09:23:24,188 - WARNING - CaseID: 1595 - name和args数量不匹配（name:1个, args:0个），跳过该组对比
2026-03-23 09:23:24,188 - ERROR - CaseID: 1595
结果数量不匹配: 预期0个，实际1个
2026-03-23 09:23:24,189 - WARNING - CaseID: 1597 - 参数解析失败: Expecting ',' delimiter: line 1 column 63 (char 62), 原始数据: {"action":"pause_park_out","point_desc":{"parking_
2026-03-23 09:23:24,189 - WARNING - CaseID: 1597 - name和args数量不匹配（name:1个, args:0个），跳过该组对比
2026-03-23 09:23:24,189 - ERROR - CaseID: 1597
结果数量不匹配: 预期0个，实际1个
2026-03-23 09:23:24,189 - WARNING - CaseID: 1598 - 参数解析失败: Expecting ',' delimiter: line 1 column 63 (char 62), 原始数据: {"action":"pause_park_out","point_desc":{"parking_
2026-03-23 09:23:24,189 - WARNING - CaseID: 1598 - name和args数量不匹配（name:1个, args:0个），跳过该组对比
2026-03-23 09:23:24,189 - ERROR - CaseID: 1598
结果数量不匹配: 预期0个，实际1个
2026-03-23 09:23:24,189 - WARNING - CaseID: 1599 - 参数解析失败: Expecting ',' delimiter: line 1 column 63 (char 62), 原始数据: {"action":"pause_park_out","point_desc":{"parking_
2026-03-23 09:23:24,189 - WARNING - CaseID: 1599 - name和args数量不匹配（name:1个, args:0个），跳过该组对比
2026-03-23 09:23:24,189 - ERROR - CaseID: 1599
结果数量不匹配: 预期0个，实际1个
2026-03-23 09:23:24,189 - WARNING - CaseID: 1600 - 参数解析失败: Expecting ',' delimiter: line 1 column 63 (char 62), 原始数据: {"action":"pause_park_out","point_desc":{"parking_
2026-03-23 09:23:24,189 - WARNING - CaseID: 1600 - name和args数量不匹配（name:1个, args:0个），跳过该组对比
2026-03-23 09:23:24,189 - ERROR - CaseID: 1600
结果数量不匹配: 预期0个，实际1个
2026-03-23 09:23:24,189 - WARNING - CaseID: 1601 - 参数解析失败: Expecting ',' delimiter: line 1 column 63 (char 62), 原始数据: {"action":"pause_park_out","point_desc":{"parking_
2026-03-23 09:23:24,189 - WARNING - CaseID: 1601 - name和args数量不匹配（name:1个, args:0个），跳过该组对比
2026-03-23 09:23:24,189 - ERROR - CaseID: 1601
结果数量不匹配: 预期0个，实际1个
2026-03-23 09:23:24,189 - WARNING - CaseID: 1602 - 参数解析失败: Expecting ',' delimiter: line 1 column 63 (char 62), 原始数据: {"action":"pause_park_out","point_desc":{"parking_
2026-03-23 09:23:24,189 - WARNING - CaseID: 1602 - name和args数量不匹配（name:1个, args:0个），跳过该组对比
2026-03-23 09:23:24,189 - ERROR - CaseID: 1602
结果数量不匹配: 预期0个，实际1个
2026-03-23 09:23:24,189 - WARNING - CaseID: 1603 - 参数解析失败: Expecting ',' delimiter: line 1 column 63 (char 62), 原始数据: {"action":"pause_park_out","point_desc":{"parking_
2026-03-23 09:23:24,189 - WARNING - CaseID: 1603 - name和args数量不匹配（name:1个, args:0个），跳过该组对比
2026-03-23 09:23:24,189 - ERROR - CaseID: 1603
结果数量不匹配: 预期0个，实际1个
2026-03-23 09:23:24,189 - WARNING - CaseID: 1604 - 参数解析失败: Expecting ',' delimiter: line 1 column 63 (char 62), 原始数据: {"action":"pause_park_out","point_desc":{"parking_
2026-03-23 09:23:24,189 - WARNING - CaseID: 1604 - name和args数量不匹配（name:1个, args:0个），跳过该组对比
2026-03-23 09:23:24,189 - ERROR - CaseID: 1604
结果数量不匹配: 预期0个，实际1个
2026-03-23 09:23:24,190 - ERROR - CaseID: 1618
实际结果缺少以下预期项：
  名称: vla_control, 参数: {"action": "cancel_navigate", "direction": "OUT"}
实际结果多出以下非预期项：
  名称: vla_control, 参数: {"action": "navigate", "direction": "OUT"}
2026-03-23 09:23:24,190 - ERROR - CaseID: 1619
实际结果缺少以下预期项：
  名称: vla_control, 参数: {"action": "cancel_navigate", "direction": "OUT"}
实际结果多出以下非预期项：
  名称: vla_control, 参数: {"action": "navigate", "direction": "OUT"}
2026-03-23 09:23:24,190 - ERROR - CaseID: 1620
实际结果缺少以下预期项：
  名称: vla_control, 参数: {"action": "cancel_navigate", "direction": "OUT"}
实际结果多出以下非预期项：
  名称: vla_control, 参数: {"action": "navigate", "direction": "OUT"}
2026-03-23 09:23:24,191 - ERROR - CaseID: 1632
实际结果缺少以下预期项：
  名称: vla_control, 参数: {"action": "cancel_park_out"}
实际结果多出以下非预期项：
  名称: global_control, 参数: {"action": "cancel"}
2026-03-23 09:23:24,191 - ERROR - CaseID: 1641
实际结果缺少以下预期项：
  名称: vla_control, 参数: {"action": "cancel_park_out"}
实际结果多出以下非预期项：
  名称: playback_control, 参数: {"action": "pause"}
2026-03-23 09:23:24,191 - ERROR - CaseID: 1646
实际结果缺少以下预期项：
  名称: vla_control, 参数: {"action": "cancel_park_out"}
实际结果多出以下非预期项：
  名称: playback_control, 参数: {"action": "pause"}
2026-03-23 09:23:24,191 - ERROR - CaseID: 1648
实际结果缺少以下预期项：
  名称: vla_control, 参数: {"action": "cancel_park_out"}
实际结果多出以下非预期项：
  名称: playback_control, 参数: {"action": "pause"}
2026-03-23 09:23:24,191 - ERROR - CaseID: 1649
实际结果缺少以下预期项：
  名称: vla_control, 参数: {"action": "cancel_park_out"}
实际结果多出以下非预期项：
  名称: playback_control, 参数: {"action": "play"}
2026-03-23 09:23:24,193 - ERROR - CaseID: 1718
结果数量不匹配: 预期1个，实际2个
2026-03-23 09:23:24,193 - ERROR - CaseID: 1724
实际结果缺少以下预期项：
  名称: vla_control, 参数: {"action": "pause_park_out", "position": "\u5de6\u524d"}
实际结果多出以下非预期项：
  名称: vla_control, 参数: {"action": "cancel_park_out", "position": "\u5de6\u524d"}
2026-03-23 09:23:24,193 - ERROR - CaseID: 1725
实际结果缺少以下预期项：
  名称: vla_control, 参数: {"action": "pause_park_out", "position": "\u5de6\u524d"}
实际结果多出以下非预期项：
  名称: vla_control, 参数: {"action": "cancel_park_out", "position": "\u5de6\u524d"}
2026-03-23 09:23:24,193 - ERROR - CaseID: 1726
实际结果缺少以下预期项：
  名称: vla_control, 参数: {"action": "pause_park_out", "position": "\u53f3"}
实际结果多出以下非预期项：
  名称: vla_control, 参数: {"action": "cancel_park_out", "position": "\u53f3"}
2026-03-23 09:23:24,193 - ERROR - CaseID: 1727
实际结果缺少以下预期项：
  名称: vla_control, 参数: {"action": "pause_park_out", "position": "\u5de6"}
实际结果多出以下非预期项：
  名称: vla_control, 参数: {"action": "cancel_park_out", "position": "\u5de6"}
2026-03-23 09:23:24,193 - ERROR - CaseID: 1728
实际结果缺少以下预期项：
  名称: vla_control, 参数: {"action": "pause_park_out", "position": "\u524d"}
实际结果多出以下非预期项：
  名称: vla_control, 参数: {"action": "cancel_park_out", "position": "\u524d"}
2026-03-23 09:23:24,194 - ERROR - CaseID: 1739
实际结果缺少以下预期项：
  名称: vla_control, 参数: {"action": "pause_navigate", "direction": "OUT", "point_desc": {"parking_space": "\u8f66\u4f4d"}, "position": "\u53f3"}
实际结果多出以下非预期项：
  名称: vla_control, 参数: {"action": "cancel_navigate", "direction": "OUT", "point_desc": {"parking_space": "\u8f66\u4f4d"}, "position": "\u53f3"}
2026-03-23 09:23:24,194 - ERROR - CaseID: 1745
实际结果缺少以下预期项：
  名称: vla_control, 参数: {"action": "pause_navigate", "direction": "OUT", "point_desc": {"parking_space": "\u8f66\u4f4d"}, "position": "\u53f3\u524d"}
实际结果多出以下非预期项：
  名称: vla_control, 参数: {"action": "cancel_navigate", "direction": "OUT", "point_desc": {"parking_space": "\u8f66\u4f4d"}, "position": "\u53f3\u524d"}
2026-03-23 09:23:24,195 - ERROR - CaseID: 1764
实际结果缺少以下预期项：
  名称: vla_control, 参数: {"action": "pause_park_out", "point_desc": {"parking_space": "\u8f66\u4f4d"}, "position": "\u5de6\u524d"}
实际结果多出以下非预期项：
  名称: vla_control, 参数: {"action": "cancel_park_out", "point_desc": {"parking_space": "\u8f66\u4f4d"}, "position": "\u5de6\u524d"}
2026-03-23 09:23:24,195 - ERROR - CaseID: 1765
实际结果缺少以下预期项：
  名称: vla_control, 参数: {"action": "pause_park_out", "point_desc": {"parking_space": "\u8f66\u4f4d"}, "position": "\u5de6\u524d"}
实际结果多出以下非预期项：
  名称: vla_control, 参数: {"action": "cancel_park_out", "point_desc": {"parking_space": "\u8f66\u4f4d"}, "position": "\u5de6\u524d"}
2026-03-23 09:23:24,195 - ERROR - CaseID: 1766
实际结果缺少以下预期项：
  名称: vla_control, 参数: {"action": "pause_park_out", "point_desc": {"parking_space": "\u8f66\u4f4d"}, "position": "\u53f3"}
实际结果多出以下非预期项：
  名称: vla_control, 参数: {"action": "cancel_park_out", "point_desc": {"parking_space": "\u8f66\u4f4d"}, "position": "\u53f3"}
2026-03-23 09:23:24,195 - ERROR - CaseID: 1767
实际结果缺少以下预期项：
  名称: vla_control, 参数: {"action": "pause_park_out", "point_desc": {"parking_space": "\u8f66\u4f4d"}, "position": "\u5de6"}
实际结果多出以下非预期项：
  名称: vla_control, 参数: {"action": "cancel_park_out", "point_desc": {"parking_space": "\u8f66\u4f4d"}, "position": "\u5de6"}
2026-03-23 09:23:24,195 - ERROR - CaseID: 1768
实际结果缺少以下预期项：
  名称: vla_control, 参数: {"action": "pause_park_out", "point_desc": {"parking_space": "\u8f66\u4f4d"}, "position": "\u524d"}
实际结果多出以下非预期项：
  名称: vla_control, 参数: {"action": "cancel_park_out", "point_desc": {"parking_space": "\u8f66\u4f4d"}, "position": "\u524d"}
2026-03-23 09:23:24,196 - ERROR - CaseID: 1792
实际结果缺少以下预期项：
  名称: vla_control, 参数: {"action": "cancel_navigate", "direction": "OUT", "position": "\u53f3"}
实际结果多出以下非预期项：
  名称: vla_control, 参数: {"action": "cancel_navigate", "direction": "OUT", "point_desc": {"parking_space": "\u8f66\u4f4d"}, "position": "\u53f3"}
2026-03-23 09:23:24,196 - ERROR - CaseID: 1793
实际结果缺少以下预期项：
  名称: vla_control, 参数: {"action": "cancel_navigate", "direction": "OUT", "position": "\u53f3\u524d"}
实际结果多出以下非预期项：
  名称: vla_control, 参数: {"action": "cancel_navigate", "direction": "OUT", "point_desc": {"parking_space": "\u8f66\u4f4d"}, "position": "\u53f3\u524d"}
2026-03-23 09:23:24,196 - ERROR - CaseID: 1794
实际结果缺少以下预期项：
  名称: vla_control, 参数: {"action": "cancel_navigate", "direction": "OUT", "position": "\u524d"}
实际结果多出以下非预期项：
  名称: vla_control, 参数: {"action": "cancel_navigate", "direction": "OUT", "point_desc": {"parking_space": "\u8f66\u4f4d"}, "position": "\u524d"}
2026-03-23 09:23:24,196 - ERROR - CaseID: 1796
实际结果缺少以下预期项：
  名称: vla_control, 参数: {"action": "cancel_navigate", "direction": "OUT", "position": "\u53f3"}
实际结果多出以下非预期项：
  名称: vla_control, 参数: {"action": "cancel_navigate", "direction": "OUT", "point_desc": {"parking_space": "\u8f66\u4f4d"}, "position": "\u53f3"}
2026-03-23 09:23:24,196 - ERROR - CaseID: 1797
实际结果缺少以下预期项：
  名称: vla_control, 参数: {"action": "cancel_navigate", "direction": "OUT", "position": "\u53f3"}
实际结果多出以下非预期项：
  名称: vla_control, 参数: {"action": "navigate", "direction": "OUT", "position": "\u53f3"}
2026-03-23 09:23:24,197 - ERROR - CaseID: 1807
实际结果缺少以下预期项：
  名称: vla_control, 参数: {"action": "cancel_park_out", "position": "\u5de6"}
实际结果多出以下非预期项：
  名称: global_control, 参数: {"action": "quit"}
2026-03-23 09:23:24,197 - ERROR - CaseID: 1808
实际结果缺少以下预期项：
  名称: vla_control, 参数: {"action": "cancel_park_out", "position": "\u53f3"}
实际结果多出以下非预期项：
  名称: playback_control, 参数: {"action": "play"}
2026-03-23 09:23:24,197 - ERROR - CaseID: 1809
实际结果缺少以下预期项：
  名称: vla_control, 参数: {"action": "cancel_park_out", "position": "\u524d"}
实际结果多出以下非预期项：
  名称: playback_control, 参数: {"action": "forward", "media_type": "MUSIC", "range": "+"}
2026-03-23 09:23:24,197 - ERROR - CaseID: 1816
实际结果缺少以下预期项：
  名称: vla_control, 参数: {"action": "cancel_park_out", "position": "\u53f3"}
实际结果多出以下非预期项：
  名称: vla_control, 参数: {"action": "cancel_park_in", "position": "\u53f3"}
2026-03-23 09:23:24,197 - ERROR - CaseID: 1817
实际结果缺少以下预期项：
  名称: vla_control, 参数: {"action": "cancel_park_out", "position": "\u5de6\u524d"}
实际结果多出以下非预期项：
  名称: vla_control, 参数: {"action": "cancel_park_in", "position": "\u5de6\u524d"}
2026-03-23 09:23:24,197 - ERROR - CaseID: 1818
实际结果缺少以下预期项：
  名称: vla_control, 参数: {"action": "cancel_park_out", "position": "\u53f3\u524d"}
实际结果多出以下非预期项：
  名称: vla_control, 参数: {"action": "cancel_park_in", "position": "\u53f3\u524d"}
2026-03-23 09:23:24,197 - ERROR - CaseID: 1819
实际结果缺少以下预期项：
  名称: vla_control, 参数: {"action": "cancel_park_out", "position": "\u524d"}
实际结果多出以下非预期项：
  名称: vla_control, 参数: {"action": "cancel_park_in"}
2026-03-23 09:23:24,197 - ERROR - CaseID: 1820
实际结果缺少以下预期项：
  名称: vla_control, 参数: {"action": "cancel_park_out", "position": "\u53f3"}
实际结果多出以下非预期项：
  名称: vla_control, 参数: {"action": "cancel_park_in", "position": "\u53f3"}
2026-03-23 09:23:24,197 - ERROR - CaseID: 1821
实际结果缺少以下预期项：
  名称: vla_control, 参数: {"action": "cancel_park_out", "position": "\u5de6\u524d"}
实际结果多出以下非预期项：
  名称: vla_control, 参数: {"action": "cancel_park_in", "position": "\u5de6\u524d"}
2026-03-23 09:23:24,197 - ERROR - CaseID: 1822
实际结果缺少以下预期项：
  名称: vla_control, 参数: {"action": "cancel_park_out", "position": "\u53f3"}
实际结果多出以下非预期项：
  名称: vla_control, 参数: {"action": "cancel_park_in", "position": "\u53f3"}
2026-03-23 09:23:24,198 - ERROR - CaseID: 1832
实际结果缺少以下预期项：
  名称: vla_control, 参数: {"action": "cancel_navigate", "direction": "OUT", "point_desc": {"parking_space": "\u8f66\u4f4d"}, "position": "\u53f3\u524d"}
实际结果多出以下非预期项：
  名称: vla_control, 参数: {"action": "navigate", "direction": "OUT", "point_desc": {"parking_space": "\u8f66\u4f4d"}, "position": "\u53f3\u524d"}
2026-03-23 09:23:24,198 - ERROR - CaseID: 1833
实际结果缺少以下预期项：
  名称: vla_control, 参数: {"action": "cancel_navigate", "direction": "OUT", "point_desc": {"parking_space": "\u8f66\u4f4d"}, "position": "\u5de6"}
实际结果多出以下非预期项：
  名称: vla_control, 参数: {"action": "navigate", "direction": "OUT", "point_desc": {"parking_space": "\u8f66\u4f4d"}, "position": "\u5de6"}
2026-03-23 09:23:24,198 - ERROR - CaseID: 1834
实际结果缺少以下预期项：
  名称: vla_control, 参数: {"action": "cancel_navigate", "direction": "OUT", "point_desc": {"parking_space": "\u8f66\u4f4d"}, "position": "\u524d"}
实际结果多出以下非预期项：
  名称: vla_control, 参数: {"action": "navigate", "direction": "OUT", "point_desc": {"parking_space": "\u8f66\u4f4d"}, "position": "\u524d"}
2026-03-23 09:23:24,198 - ERROR - CaseID: 1835
实际结果缺少以下预期项：
  名称: vla_control, 参数: {"action": "cancel_navigate", "direction": "OUT", "point_desc": {"parking_space": "\u8f66\u4f4d"}, "position": "\u53f3"}
实际结果多出以下非预期项：
  名称: vla_control, 参数: {"action": "navigate", "direction": "OUT", "point_desc": {"parking_space": "\u8f66\u4f4d"}, "position": "\u53f3"}
2026-03-23 09:23:24,198 - ERROR - CaseID: 1840
实际结果缺少以下预期项：
  名称: vla_control, 参数: {"action": "cancel_navigate", "direction": "OUT", "point_desc": {"parking_space": "\u8f66\u4f4d"}, "position": "\u524d"}
实际结果多出以下非预期项：
  名称: global_control, 参数: {"action": "cancel"}
2026-03-23 09:23:24,199 - ERROR - CaseID: 1861
实际结果缺少以下预期项：
  名称: vla_control, 参数: {"action": "cancel_park_out", "point_desc": {"parking_space": "\u8f66\u4f4d"}, "position": "\u5de6"}
实际结果多出以下非预期项：
  名称: vla_control, 参数: {"action": "park_out", "point_desc": {"parking_space": "\u8f66\u4f4d"}, "position": "\u5de6"}
2026-03-23 09:23:24,199 - ERROR - CaseID: 1863
实际结果缺少以下预期项：
  名称: vla_control, 参数: {"action": "cancel_park_out", "point_desc": {"parking_space": "\u8f66\u4f4d"}, "position": "\u5de6\u524d"}
实际结果多出以下非预期项：
  名称: vla_control, 参数: {"action": "park_out", "point_desc": {"parking_space": "\u8f66\u4f4d"}, "position": "\u5de6\u524d"}
2026-03-23 09:23:24,199 - ERROR - CaseID: 1864
实际结果缺少以下预期项：
  名称: vla_control, 参数: {"action": "cancel_park_out", "point_desc": {"parking_space": "\u8f66\u4f4d"}, "position": "\u53f3\u524d"}
实际结果多出以下非预期项：
  名称: vla_control, 参数: {"action": "park_out", "point_desc": {"parking_space": "\u8f66\u4f4d"}, "position": "\u53f3\u524d"}
2026-03-23 09:23:24,200 - ERROR - CaseID: 1880
实际结果缺少以下预期项：
  名称: vla_control, 参数: {"action": "steer", "direction": "BACKWARD", "range": "+"}
实际结果多出以下非预期项：
  名称: playback_control, 参数: {"action": "forward", "range": "+"}
2026-03-23 09:23:24,200 - ERROR - CaseID: 1790
实际结果缺少以下预期项：
  名称: vla_control, 参数: {"action": "cancel_navigate", "direction": "OUT", "position": "\u524d"}
实际结果多出以下非预期项：
  名称: vla_control, 参数: {"action": "navigate", "direction": "OUT", "position": "\u524d"}
2026-03-23 09:23:24,202 - ERROR - CaseID: 1934
实际结果缺少以下预期项：
  名称: vla_control, 参数: {"action": "cancel_straight_calling"}
实际结果多出以下非预期项：
  名称: vla_control, 参数: {"action": "pause_straight_calling"}
2026-03-23 09:23:24,202 - ERROR - CaseID: 1937
实际结果缺少以下预期项：
  名称: vla_control, 参数: {"action": "cancel_straight_calling"}
实际结果多出以下非预期项：
  名称: vla_control, 参数: {"action": "pause_straight_calling"}
2026-03-23 09:23:24,202 - ERROR - CaseID: 1938
实际结果缺少以下预期项：
  名称: vla_control, 参数: {"action": "cancel_straight_calling"}
实际结果多出以下非预期项：
  名称: vla_control, 参数: {"action": "pause_straight_calling"}
2026-03-23 09:23:24,202 - ERROR - CaseID: 1939
实际结果缺少以下预期项：
  名称: vla_control, 参数: {"action": "cancel_straight_calling"}
实际结果多出以下非预期项：
  名称: vla_control, 参数: {"action": "pause_straight_calling"}
2026-03-23 09:23:24,202 - ERROR - CaseID: 1940
实际结果缺少以下预期项：
  名称: vla_control, 参数: {"action": "cancel_straight_calling"}
实际结果多出以下非预期项：
  名称: vla_control, 参数: {"action": "pause_straight_calling"}
2026-03-23 09:23:24,203 - ERROR - CaseID: 1945
实际结果缺少以下预期项：
  名称: vla_control, 参数: {"action": "cancel_straight_calling"}
实际结果多出以下非预期项：
  名称: vla_control, 参数: {"action": "pause_straight_calling"}
2026-03-23 09:23:24,203 - ERROR - CaseID: 1948
实际结果缺少以下预期项：
  名称: vla_control, 参数: {"action": "cancel_straight_calling"}
实际结果多出以下非预期项：
  名称: vla_control, 参数: {"action": "pause_straight_calling"}
2026-03-23 09:23:24,203 - ERROR - CaseID: 1950
实际结果缺少以下预期项：
  名称: vla_control, 参数: {"action": "cancel_straight_calling"}
实际结果多出以下非预期项：
  名称: vla_control, 参数: {"action": "pause_straight_calling"}
2026-03-23 09:23:24,203 - ERROR - CaseID: 1952
实际结果缺少以下预期项：
  名称: vla_control, 参数: {"action": "cancel_straight_calling"}
实际结果多出以下非预期项：
  名称: vla_control, 参数: {"action": "pause_straight_calling"}
2026-03-23 09:23:24,203 - WARNING - CaseID: 1953 - 参数解析失败: Expecting ',' delimiter: line 1 column 71 (char 70), 原始数据: {"action":"steer","direction":"STRAIGHT","point_de
2026-03-23 09:23:24,203 - WARNING - CaseID: 1953 - name和args数量不匹配（name:1个, args:0个），跳过该组对比
2026-03-23 09:23:24,203 - ERROR - CaseID: 1953
结果数量不匹配: 预期0个，实际1个
2026-03-23 09:23:24,203 - WARNING - CaseID: 1954 - 参数解析失败: Expecting ',' delimiter: line 1 column 73 (char 72), 原始数据: {"action":"steer","direction":"BACKWARD","point_de
2026-03-23 09:23:24,203 - WARNING - CaseID: 1954 - name和args数量不匹配（name:1个, args:0个），跳过该组对比
2026-03-23 09:23:24,203 - ERROR - CaseID: 1954
结果数量不匹配: 预期0个，实际1个
2026-03-23 09:23:24,203 - WARNING - CaseID: 1955 - 参数解析失败: Expecting ',' delimiter: line 1 column 72 (char 71), 原始数据: {"action":"steer","direction":"STRAIGHT","point_de
2026-03-23 09:23:24,203 - WARNING - CaseID: 1955 - name和args数量不匹配（name:1个, args:0个），跳过该组对比
2026-03-23 09:23:24,203 - ERROR - CaseID: 1955
结果数量不匹配: 预期0个，实际1个
2026-03-23 09:23:24,203 - WARNING - CaseID: 1957 - 参数解析失败: Expecting ',' delimiter: line 1 column 71 (char 70), 原始数据: {"action":"steer","direction":"STRAIGHT","point_de
2026-03-23 09:23:24,203 - WARNING - CaseID: 1957 - name和args数量不匹配（name:1个, args:0个），跳过该组对比
2026-03-23 09:23:24,203 - ERROR - CaseID: 1957
结果数量不匹配: 预期0个，实际1个
2026-03-23 09:23:24,203 - WARNING - CaseID: 1956 - 参数解析失败: Expecting ',' delimiter: line 1 column 73 (char 72), 原始数据: {"action":"steer","direction":"BACKWARD","point_de
2026-03-23 09:23:24,203 - WARNING - CaseID: 1956 - name和args数量不匹配（name:1个, args:0个），跳过该组对比
2026-03-23 09:23:24,203 - ERROR - CaseID: 1956
结果数量不匹配: 预期0个，实际1个
2026-03-23 09:23:24,203 - WARNING - CaseID: 1958 - 参数解析失败: Expecting ',' delimiter: line 1 column 72 (char 71), 原始数据: {"action":"steer","direction":"BACKWARD","point_de
2026-03-23 09:23:24,203 - WARNING - CaseID: 1958 - name和args数量不匹配（name:1个, args:0个），跳过该组对比
2026-03-23 09:23:24,204 - ERROR - CaseID: 1958
结果数量不匹配: 预期0个，实际1个
2026-03-23 09:23:24,204 - WARNING - CaseID: 1959 - 参数解析失败: Expecting ',' delimiter: line 1 column 72 (char 71), 原始数据: {"action":"steer","direction":"STRAIGHT","point_de
2026-03-23 09:23:24,204 - WARNING - CaseID: 1959 - name和args数量不匹配（name:1个, args:0个），跳过该组对比
2026-03-23 09:23:24,204 - ERROR - CaseID: 1959
结果数量不匹配: 预期0个，实际1个
2026-03-23 09:23:24,204 - WARNING - CaseID: 1960 - 参数解析失败: Expecting ',' delimiter: line 1 column 71 (char 70), 原始数据: {"action":"steer","direction":"BACKWARD","point_de
2026-03-23 09:23:24,204 - WARNING - CaseID: 1960 - name和args数量不匹配（name:1个, args:0个），跳过该组对比
2026-03-23 09:23:24,204 - ERROR - CaseID: 1960
结果数量不匹配: 预期0个，实际1个
2026-03-23 09:23:24,204 - WARNING - CaseID: 1961 - 参数解析失败: Expecting ',' delimiter: line 1 column 72 (char 71), 原始数据: {"action":"steer","direction":"BACKWARD","point_de
2026-03-23 09:23:24,204 - WARNING - CaseID: 1961 - name和args数量不匹配（name:1个, args:0个），跳过该组对比
2026-03-23 09:23:24,204 - ERROR - CaseID: 1961
结果数量不匹配: 预期0个，实际1个
2026-03-23 09:23:24,204 - WARNING - CaseID: 1962 - 参数解析失败: Expecting ',' delimiter: line 1 column 73 (char 72), 原始数据: {"action":"steer","direction":"STRAIGHT","point_de
2026-03-23 09:23:24,204 - WARNING - CaseID: 1962 - name和args数量不匹配（name:1个, args:0个），跳过该组对比
2026-03-23 09:23:24,204 - ERROR - CaseID: 1962
结果数量不匹配: 预期0个，实际1个
2026-03-23 09:23:24,204 - WARNING - CaseID: 1963 - 参数解析失败: Expecting ',' delimiter: line 1 column 71 (char 70), 原始数据: {"action":"steer","direction":"BACKWARD","point_de
2026-03-23 09:23:24,204 - WARNING - CaseID: 1963 - name和args数量不匹配（name:1个, args:0个），跳过该组对比
2026-03-23 09:23:24,204 - ERROR - CaseID: 1963
结果数量不匹配: 预期0个，实际1个
2026-03-23 09:23:24,204 - WARNING - CaseID: 1965 - 参数解析失败: Expecting ',' delimiter: line 1 column 72 (char 71), 原始数据: {"action":"steer","direction":"BACKWARD","point_de
2026-03-23 09:23:24,204 - WARNING - CaseID: 1965 - name和args数量不匹配（name:1个, args:0个），跳过该组对比
2026-03-23 09:23:24,204 - ERROR - CaseID: 1965
结果数量不匹配: 预期0个，实际1个
2026-03-23 09:23:24,204 - WARNING - CaseID: 1964 - 参数解析失败: Expecting ',' delimiter: line 1 column 73 (char 72), 原始数据: {"action":"steer","direction":"STRAIGHT","point_de
2026-03-23 09:23:24,204 - WARNING - CaseID: 1964 - name和args数量不匹配（name:1个, args:0个），跳过该组对比
2026-03-23 09:23:24,204 - ERROR - CaseID: 1964
结果数量不匹配: 预期0个，实际1个
2026-03-23 09:23:24,204 - WARNING - CaseID: 1967 - 参数解析失败: Expecting ',' delimiter: line 1 column 72 (char 71), 原始数据: {"action":"steer","direction":"STRAIGHT","point_de
2026-03-23 09:23:24,204 - WARNING - CaseID: 1967 - name和args数量不匹配（name:1个, args:0个），跳过该组对比
2026-03-23 09:23:24,204 - ERROR - CaseID: 1967
结果数量不匹配: 预期0个，实际1个
2026-03-23 09:23:24,204 - WARNING - CaseID: 1966 - 参数解析失败: Expecting ',' delimiter: line 1 column 73 (char 72), 原始数据: {"action":"steer","direction":"STRAIGHT","point_de
2026-03-23 09:23:24,204 - WARNING - CaseID: 1966 - name和args数量不匹配（name:1个, args:0个），跳过该组对比
2026-03-23 09:23:24,204 - ERROR - CaseID: 1966
结果数量不匹配: 预期0个，实际1个
2026-03-23 09:23:24,204 - WARNING - CaseID: 1969 - 参数解析失败: Expecting ',' delimiter: line 1 column 71 (char 70), 原始数据: {"action":"steer","direction":"STRAIGHT","point_de
2026-03-23 09:23:24,205 - WARNING - CaseID: 1969 - name和args数量不匹配（name:1个, args:0个），跳过该组对比
2026-03-23 09:23:24,205 - ERROR - CaseID: 1969
结果数量不匹配: 预期0个，实际1个
2026-03-23 09:23:24,205 - WARNING - CaseID: 1968 - 参数解析失败: Expecting ',' delimiter: line 1 column 71 (char 70), 原始数据: {"action":"steer","direction":"BACKWARD","point_de
2026-03-23 09:23:24,205 - WARNING - CaseID: 1968 - name和args数量不匹配（name:1个, args:0个），跳过该组对比
2026-03-23 09:23:24,205 - ERROR - CaseID: 1968
结果数量不匹配: 预期0个，实际1个
2026-03-23 09:23:24,205 - WARNING - CaseID: 1971 - 参数解析失败: Expecting ',' delimiter: line 1 column 72 (char 71), 原始数据: {"action":"steer","direction":"BACKWARD","point_de
2026-03-23 09:23:24,205 - WARNING - CaseID: 1971 - name和args数量不匹配（name:1个, args:0个），跳过该组对比
2026-03-23 09:23:24,205 - ERROR - CaseID: 1971
结果数量不匹配: 预期0个，实际1个
2026-03-23 09:23:24,205 - WARNING - CaseID: 1970 - 参数解析失败: Expecting ',' delimiter: line 1 column 72 (char 71), 原始数据: {"action":"steer","direction":"BACKWARD","point_de
2026-03-23 09:23:24,205 - WARNING - CaseID: 1970 - name和args数量不匹配（name:1个, args:0个），跳过该组对比
2026-03-23 09:23:24,205 - ERROR - CaseID: 1970
结果数量不匹配: 预期0个，实际1个
2026-03-23 09:23:24,205 - WARNING - CaseID: 1972 - 参数解析失败: Expecting ',' delimiter: line 1 column 71 (char 70), 原始数据: {"action":"steer","direction":"STRAIGHT","point_de
2026-03-23 09:23:24,205 - WARNING - CaseID: 1972 - name和args数量不匹配（name:1个, args:0个），跳过该组对比
2026-03-23 09:23:24,205 - ERROR - CaseID: 1972
结果数量不匹配: 预期0个，实际1个
2026-03-23 09:23:24,205 - WARNING - CaseID: 2049 - 参数解析失败: Expecting ',' delimiter: line 1 column 52 (char 51), 原始数据: {"action":"navigate","point_desc":{"subject":"大柱子"
2026-03-23 09:23:24,205 - WARNING - CaseID: 2049 - name和args数量不匹配（name:1个, args:0个），跳过该组对比
2026-03-23 09:23:24,205 - ERROR - CaseID: 2049
结果数量不匹配: 预期0个，实际1个
2026-03-23 09:23:24,205 - WARNING - CaseID: 2048 - 参数解析失败: Expecting ',' delimiter: line 1 column 52 (char 51), 原始数据: {"action":"navigate","point_desc":{"subject":"大柱子"
2026-03-23 09:23:24,206 - WARNING - CaseID: 2048 - name和args数量不匹配（name:1个, args:0个），跳过该组对比
2026-03-23 09:23:24,206 - ERROR - CaseID: 2048
结果数量不匹配: 预期0个，实际1个
2026-03-23 09:23:24,206 - WARNING - CaseID: 2050 - 参数解析失败: Expecting ',' delimiter: line 1 column 52 (char 51), 原始数据: {"action":"navigate","point_desc":{"subject":"大柱子"
2026-03-23 09:23:24,206 - WARNING - CaseID: 2050 - name和args数量不匹配（name:1个, args:0个），跳过该组对比
2026-03-23 09:23:24,206 - ERROR - CaseID: 2050
结果数量不匹配: 预期0个，实际1个
2026-03-23 09:23:24,206 - WARNING - CaseID: 2051 - 参数解析失败: Expecting ',' delimiter: line 1 column 52 (char 51), 原始数据: {"action":"navigate","point_desc":{"subject":"大柱子"
2026-03-23 09:23:24,206 - WARNING - CaseID: 2051 - name和args数量不匹配（name:1个, args:0个），跳过该组对比
2026-03-23 09:23:24,206 - ERROR - CaseID: 2051
结果数量不匹配: 预期0个，实际1个
2026-03-23 09:23:24,206 - WARNING - CaseID: 2052 - 参数解析失败: Expecting ',' delimiter: line 1 column 52 (char 51), 原始数据: {"action":"navigate","point_desc":{"subject":"大柱子"
2026-03-23 09:23:24,206 - WARNING - CaseID: 2052 - name和args数量不匹配（name:1个, args:0个），跳过该组对比
2026-03-23 09:23:24,206 - ERROR - CaseID: 2052
结果数量不匹配: 预期0个，实际1个
2026-03-23 09:23:24,206 - ERROR - CaseID: 2055
实际结果缺少以下预期项：
  名称: vla_control, 参数: {"action": "park_in", "point_desc": {"position": "\u524d", "subject": "\u67f1\u5b50"}, "position": "\u53f3"}
实际结果多出以下非预期项：
  名称: vla_control, 参数: {"action": "park_in", "point_desc": {"position": "\u53f3", "subject": "\u67f1\u5b50"}, "position": "\u524d"}
2026-03-23 09:23:24,206 - ERROR - CaseID: 2056
实际结果缺少以下预期项：
  名称: vla_control, 参数: {"action": "park_in", "point_desc": {"position": "\u540e", "subject": "\u67f1\u5b50"}, "position": "\u5de6"}
实际结果多出以下非预期项：
  名称: vla_control, 参数: {"action": "park_in", "point_desc": {"position": "\u5de6", "subject": "\u67f1\u5b50"}, "position": "\u540e"}
2026-03-23 09:23:24,206 - ERROR - CaseID: 2057
实际结果缺少以下预期项：
  名称: vla_control, 参数: {"action": "park_in", "point_desc": {"position": "\u5de6", "subject": "\u67f1\u5b50"}, "position": "\u53f3"}
实际结果多出以下非预期项：
  名称: vla_control, 参数: {"action": "park_in", "point_desc": {"position": "\u53f3", "subject": "\u67f1\u5b50"}, "position": "\u5de6"}
2026-03-23 09:23:24,206 - ERROR - CaseID: 2058
实际结果缺少以下预期项：
  名称: vla_control, 参数: {"action": "park_in", "point_desc": {"position": "\u53f3", "subject": "\u67f1\u5b50"}, "position": "\u5de6"}
实际结果多出以下非预期项：
  名称: vla_control, 参数: {"action": "park_in", "point_desc": {"position": "\u5de6", "subject": "\u67f1\u5b50"}, "position": "\u53f3"}
2026-03-23 09:23:24,206 - ERROR - CaseID: 2059
实际结果缺少以下预期项：
  名称: vla_control, 参数: {"action": "park_in", "point_desc": {"position": "\u524d", "subject": "\u67f1\u5b50"}, "position": "\u53f3"}
实际结果多出以下非预期项：
  名称: vla_control, 参数: {"action": "navigate", "point_desc": {"position": "\u53f3", "subject": "\u67f1\u5b50"}, "position": "\u524d"}
2026-03-23 09:23:24,207 - ERROR - CaseID: 2060
实际结果缺少以下预期项：
  名称: vla_control, 参数: {"action": "park_in", "point_desc": {"position": "\u540e", "subject": "\u67f1\u5b50"}, "position": "\u5de6"}
实际结果多出以下非预期项：
  名称: vla_control, 参数: {"action": "park_in", "point_desc": {"position": "\u5de6", "subject": "\u67f1\u5b50"}, "position": "\u540e"}
2026-03-23 09:23:24,207 - ERROR - CaseID: 2061
实际结果缺少以下预期项：
  名称: vla_control, 参数: {"action": "park_in", "point_desc": {"position": "\u5de6", "subject": "\u67f1\u5b50"}, "position": "\u5de6"}
实际结果多出以下非预期项：
  名称: vla_control, 参数: {"action": "park", "point_desc": {"position": "\u5de6", "subject": "\u67f1\u5b50"}, "position": "\u5de6"}
2026-03-23 09:23:24,207 - ERROR - CaseID: 2063
实际结果缺少以下预期项：
  名称: vla_control, 参数: {"action": "park_in", "point_desc": {"position": "\u524d", "subject": "\u67f1\u5b50"}, "position": "\u5de6"}
实际结果多出以下非预期项：
  名称: vla_control, 参数: {"action": "park", "point_desc": {"position": "\u5de6", "subject": "\u67f1\u5b50"}, "position": "\u524d"}
2026-03-23 09:23:24,207 - ERROR - CaseID: 2064
实际结果缺少以下预期项：
  名称: vla_control, 参数: {"action": "park_in", "point_desc": {"position": "\u540e", "subject": "\u67f1\u5b50"}, "position": "\u53f3"}
实际结果多出以下非预期项：
  名称: vla_control, 参数: {"action": "navigate", "point_desc": {"position": "\u53f3", "subject": "\u67f1\u5b50"}, "position": "\u540e"}
2026-03-23 09:23:24,207 - ERROR - CaseID: 2065
实际结果缺少以下预期项：
  名称: vla_control, 参数: {"action": "park_in", "point_desc": {"position": "\u5de6", "subject": "\u67f1\u5b50"}, "position": "\u53f3"}
实际结果多出以下非预期项：
  名称: vla_control, 参数: {"action": "park", "point_desc": {"position": "\u53f3", "subject": "\u67f1\u5b50"}, "position": "\u5de6"}
2026-03-23 09:23:24,207 - ERROR - CaseID: 2066
实际结果缺少以下预期项：
  名称: vla_control, 参数: {"action": "park_in", "point_desc": {"position": "\u53f3", "subject": "\u67f1\u5b50"}, "position": "\u5de6"}
实际结果多出以下非预期项：
  名称: vla_control, 参数: {"action": "park_in", "point_desc": {"position": "\u5de6", "subject": "\u67f1\u5b50"}, "position": "\u53f3"}
2026-03-23 09:23:24,207 - ERROR - CaseID: 2067
实际结果缺少以下预期项：
  名称: vla_control, 参数: {"action": "park_in", "point_desc": {"position": "\u524d", "subject": "\u67f1\u5b50"}, "position": "\u53f3"}
实际结果多出以下非预期项：
  名称: vla_control, 参数: {"action": "park_in", "point_desc": {"position": "\u53f3", "subject": "\u67f1\u5b50"}, "position": "\u524d"}
2026-03-23 09:23:24,207 - ERROR - CaseID: 2069
结果数量不匹配: 预期1个，实际0个
2026-03-23 09:23:24,207 - ERROR - CaseID: 2068
实际结果缺少以下预期项：
  名称: vla_control, 参数: {"action": "park_in", "point_desc": {"position": "\u540e", "subject": "\u67f1\u5b50"}, "position": "\u5de6"}
实际结果多出以下非预期项：
  名称: vla_control, 参数: {"action": "park_in", "point_desc": {"position": "\u5de6", "subject": "\u67f1\u5b50"}, "position": "\u540e"}
2026-03-23 09:23:24,207 - ERROR - CaseID: 2070
实际结果缺少以下预期项：
  名称: vla_control, 参数: {"action": "park_in", "point_desc": {"position": "\u5de6", "subject": "\u67f1\u5b50"}, "position": "\u53f3"}
实际结果多出以下非预期项：
  名称: vla_control, 参数: {"action": "park", "point_desc": {"position": "\u53f3", "subject": "\u67f1\u5b50"}, "position": "\u5de6"}
2026-03-23 09:23:24,207 - ERROR - CaseID: 2071
实际结果缺少以下预期项：
  名称: vla_control, 参数: {"action": "park_in", "point_desc": {"position": "\u524d", "subject": "\u67f1\u5b50"}, "position": "\u53f3"}
实际结果多出以下非预期项：
  名称: vla_control, 参数: {"action": "park_in", "point_desc": {"position": "\u53f3", "subject": "\u67f1\u5b50"}, "position": "\u524d"}
2026-03-23 09:23:24,207 - ERROR - CaseID: 2072
实际结果缺少以下预期项：
  名称: vla_control, 参数: {"action": "park_in", "point_desc": {"position": "\u540e", "subject": "\u67f1\u5b50"}, "position": "\u5de6"}
实际结果多出以下非预期项：
  名称: vla_control, 参数: {"action": "park_in", "point_desc": {"subject": "\u67f1\u5b50"}, "position": "\u5de6"}
2026-03-23 09:23:24,207 - WARNING - CaseID: 2073 - 参数解析失败: Expecting ',' delimiter: line 1 column 54 (char 53), 原始数据: {"action":"pause_drive","point_desc":{"subject":"柱
2026-03-23 09:23:24,207 - WARNING - CaseID: 2073 - name和args数量不匹配（name:1个, args:0个），跳过该组对比
2026-03-23 09:23:24,207 - ERROR - CaseID: 2073
结果数量不匹配: 预期0个，实际1个
2026-03-23 09:23:24,208 - ERROR - CaseID: 1988
实际结果缺少以下预期项：
  名称: vla_control, 参数: {"action": "steer", "direction": "LEFTWARD", "range": "+"}
实际结果多出以下非预期项：
  名称: vla_control, 参数: {"action": "steer", "direction": "LEFTWARD"}
2026-03-23 09:23:24,208 - WARNING - CaseID: 1993 - 参数解析失败: Expecting ',' delimiter: line 1 column 72 (char 71), 原始数据: {"action":"steer","direction":"LEFTWARD","point_de
2026-03-23 09:23:24,208 - WARNING - CaseID: 1993 - name和args数量不匹配（name:1个, args:0个），跳过该组对比
2026-03-23 09:23:24,208 - ERROR - CaseID: 1993
结果数量不匹配: 预期0个，实际1个
2026-03-23 09:23:24,208 - WARNING - CaseID: 1994 - 参数解析失败: Expecting ',' delimiter: line 1 column 73 (char 72), 原始数据: {"action":"steer","direction":"RIGHTWARD","point_d
2026-03-23 09:23:24,208 - WARNING - CaseID: 1994 - name和args数量不匹配（name:1个, args:0个），跳过该组对比
2026-03-23 09:23:24,208 - ERROR - CaseID: 1994
结果数量不匹配: 预期0个，实际1个
2026-03-23 09:23:24,208 - WARNING - CaseID: 1995 - 参数解析失败: Expecting ',' delimiter: line 1 column 73 (char 72), 原始数据: {"action":"steer","direction":"LEFTWARD","point_de
2026-03-23 09:23:24,208 - WARNING - CaseID: 1995 - name和args数量不匹配（name:1个, args:0个），跳过该组对比
2026-03-23 09:23:24,208 - ERROR - CaseID: 1995
结果数量不匹配: 预期0个，实际1个
2026-03-23 09:23:24,208 - WARNING - CaseID: 1996 - 参数解析失败: Expecting ',' delimiter: line 1 column 74 (char 73), 原始数据: {"action":"steer","direction":"RIGHTWARD","point_d
2026-03-23 09:23:24,208 - WARNING - CaseID: 1996 - name和args数量不匹配（name:1个, args:0个），跳过该组对比
2026-03-23 09:23:24,208 - ERROR - CaseID: 1996
结果数量不匹配: 预期0个，实际1个
2026-03-23 09:23:24,208 - WARNING - CaseID: 1997 - 参数解析失败: Expecting ',' delimiter: line 1 column 73 (char 72), 原始数据: {"action":"steer","direction":"LEFTWARD","point_de
2026-03-23 09:23:24,209 - WARNING - CaseID: 1997 - name和args数量不匹配（name:1个, args:0个），跳过该组对比
2026-03-23 09:23:24,209 - ERROR - CaseID: 1997
结果数量不匹配: 预期0个，实际1个
2026-03-23 09:23:24,209 - WARNING - CaseID: 1998 - 参数解析失败: Expecting ',' delimiter: line 1 column 72 (char 71), 原始数据: {"action":"steer","direction":"RIGHTWARD","point_d
2026-03-23 09:23:24,209 - WARNING - CaseID: 1998 - name和args数量不匹配（name:1个, args:0个），跳过该组对比
2026-03-23 09:23:24,209 - ERROR - CaseID: 1998
结果数量不匹配: 预期0个，实际1个
2026-03-23 09:23:24,209 - WARNING - CaseID: 1999 - 参数解析失败: Expecting ',' delimiter: line 1 column 71 (char 70), 原始数据: {"action":"steer","direction":"LEFTWARD","point_de
2026-03-23 09:23:24,209 - WARNING - CaseID: 1999 - name和args数量不匹配（name:1个, args:0个），跳过该组对比
2026-03-23 09:23:24,209 - ERROR - CaseID: 1999
结果数量不匹配: 预期0个，实际1个
2026-03-23 09:23:24,209 - WARNING - CaseID: 2000 - 参数解析失败: Expecting ',' delimiter: line 1 column 74 (char 73), 原始数据: {"action":"steer","direction":"RIGHTWARD","point_d
2026-03-23 09:23:24,209 - WARNING - CaseID: 2000 - name和args数量不匹配（name:1个, args:0个），跳过该组对比
2026-03-23 09:23:24,209 - ERROR - CaseID: 2000
结果数量不匹配: 预期0个，实际1个
2026-03-23 09:23:24,209 - WARNING - CaseID: 2001 - 参数解析失败: Expecting ',' delimiter: line 1 column 72 (char 71), 原始数据: {"action":"steer","direction":"LEFTWARD","point_de
2026-03-23 09:23:24,209 - WARNING - CaseID: 2001 - name和args数量不匹配（name:1个, args:0个），跳过该组对比
2026-03-23 09:23:24,209 - ERROR - CaseID: 2001
结果数量不匹配: 预期0个，实际1个
2026-03-23 09:23:24,209 - WARNING - CaseID: 2002 - 参数解析失败: Expecting ',' delimiter: line 1 column 74 (char 73), 原始数据: {"action":"steer","direction":"RIGHTWARD","point_d
2026-03-23 09:23:24,209 - WARNING - CaseID: 2002 - name和args数量不匹配（name:1个, args:0个），跳过该组对比
2026-03-23 09:23:24,209 - ERROR - CaseID: 2002
结果数量不匹配: 预期0个，实际1个
2026-03-23 09:23:24,209 - WARNING - CaseID: 2003 - 参数解析失败: Expecting ',' delimiter: line 1 column 73 (char 72), 原始数据: {"action":"steer","direction":"LEFTWARD","point_de
2026-03-23 09:23:24,209 - WARNING - CaseID: 2003 - name和args数量不匹配（name:1个, args:0个），跳过该组对比
2026-03-23 09:23:24,209 - ERROR - CaseID: 2003
结果数量不匹配: 预期0个，实际1个
2026-03-23 09:23:24,209 - WARNING - CaseID: 2004 - 参数解析失败: Expecting ',' delimiter: line 1 column 73 (char 72), 原始数据: {"action":"steer","direction":"LEFTWARD","point_de
2026-03-23 09:23:24,209 - WARNING - CaseID: 2004 - name和args数量不匹配（name:1个, args:0个），跳过该组对比
2026-03-23 09:23:24,209 - ERROR - CaseID: 2004
结果数量不匹配: 预期0个，实际1个
2026-03-23 09:23:24,209 - WARNING - CaseID: 2005 - 参数解析失败: Expecting ',' delimiter: line 1 column 72 (char 71), 原始数据: {"action":"steer","direction":"RIGHTWARD","point_d
2026-03-23 09:23:24,209 - WARNING - CaseID: 2005 - name和args数量不匹配（name:1个, args:0个），跳过该组对比
2026-03-23 09:23:24,209 - ERROR - CaseID: 2005
结果数量不匹配: 预期0个，实际1个
2026-03-23 09:23:24,209 - WARNING - CaseID: 2006 - 参数解析失败: Expecting ',' delimiter: line 1 column 71 (char 70), 原始数据: {"action":"steer","direction":"LEFTWARD","point_de
2026-03-23 09:23:24,209 - WARNING - CaseID: 2006 - name和args数量不匹配（name:1个, args:0个），跳过该组对比
2026-03-23 09:23:24,209 - ERROR - CaseID: 2006
结果数量不匹配: 预期0个，实际1个
2026-03-23 09:23:24,209 - WARNING - CaseID: 2007 - 参数解析失败: Expecting ',' delimiter: line 1 column 74 (char 73), 原始数据: {"action":"steer","direction":"RIGHTWARD","point_d
2026-03-23 09:23:24,209 - WARNING - CaseID: 2007 - name和args数量不匹配（name:1个, args:0个），跳过该组对比
2026-03-23 09:23:24,209 - ERROR - CaseID: 2007
结果数量不匹配: 预期0个，实际1个
2026-03-23 09:23:24,210 - WARNING - CaseID: 2008 - 参数解析失败: Expecting ',' delimiter: line 1 column 73 (char 72), 原始数据: {"action":"steer","direction":"LEFTWARD","point_de
2026-03-23 09:23:24,210 - WARNING - CaseID: 2008 - name和args数量不匹配（name:1个, args:0个），跳过该组对比
2026-03-23 09:23:24,210 - ERROR - CaseID: 2008
结果数量不匹配: 预期0个，实际1个
2026-03-23 09:23:24,210 - WARNING - CaseID: 2009 - 参数解析失败: Expecting ',' delimiter: line 1 column 74 (char 73), 原始数据: {"action":"steer","direction":"RIGHTWARD","point_d
2026-03-23 09:23:24,210 - WARNING - CaseID: 2009 - name和args数量不匹配（name:1个, args:0个），跳过该组对比
2026-03-23 09:23:24,210 - ERROR - CaseID: 2009
结果数量不匹配: 预期0个，实际1个
2026-03-23 09:23:24,210 - WARNING - CaseID: 2010 - 参数解析失败: Expecting ',' delimiter: line 1 column 72 (char 71), 原始数据: {"action":"steer","direction":"LEFTWARD","point_de
2026-03-23 09:23:24,210 - WARNING - CaseID: 2010 - name和args数量不匹配（name:1个, args:0个），跳过该组对比
2026-03-23 09:23:24,210 - ERROR - CaseID: 2010
结果数量不匹配: 预期0个，实际1个
2026-03-23 09:23:24,210 - WARNING - CaseID: 2011 - 参数解析失败: Expecting ',' delimiter: line 1 column 74 (char 73), 原始数据: {"action":"steer","direction":"RIGHTWARD","point_d
2026-03-23 09:23:24,210 - WARNING - CaseID: 2011 - name和args数量不匹配（name:1个, args:0个），跳过该组对比
2026-03-23 09:23:24,210 - ERROR - CaseID: 2011
结果数量不匹配: 预期0个，实际1个
2026-03-23 09:23:24,210 - WARNING - CaseID: 2012 - 参数解析失败: Expecting ',' delimiter: line 1 column 73 (char 72), 原始数据: {"action":"steer","direction":"LEFTWARD","point_de
2026-03-23 09:23:24,210 - WARNING - CaseID: 2012 - name和args数量不匹配（name:1个, args:0个），跳过该组对比
2026-03-23 09:23:24,210 - ERROR - CaseID: 2012
结果数量不匹配: 预期0个，实际1个
2026-03-23 09:23:24,210 - ERROR - CaseID: 2015
实际结果缺少以下预期项：
  名称: vla_control, 参数: {"action": "park", "point_desc": {"position": "\u65c1\u8fb9", "subject": "\u67f1\u5b50"}, "position": "\u6b63\u524d"}
实际结果多出以下非预期项：
  名称: vla_control, 参数: {"action": "park", "point_desc": {"position": "\u65c1\u8fb9", "subject": "\u67f1\u5b50"}, "position": "\u524d"}
2026-03-23 09:23:24,210 - ERROR - CaseID: 2016
实际结果缺少以下预期项：
  名称: vla_control, 参数: {"action": "park", "point_desc": {"position": "\u8f66\u4f4d", "subject": "\u67f1\u5b50"}, "position": "\u524d"}
实际结果多出以下非预期项：
  名称: vla_control, 参数: {"action": "park", "point_desc": {"position": "\u65c1\u8fb9", "subject": "\u67f1\u5b50"}, "position": "\u524d"}
2026-03-23 09:23:24,210 - INFO - 已处理 2000 行数据
2026-03-23 09:23:24,210 - ERROR - CaseID: 2020
实际结果缺少以下预期项：
  名称: vla_control, 参数: {"action": "park", "point_desc": {"position": "\u8f66\u4f4d", "subject": "\u67f1\u5b50"}, "position": "\u524d"}
实际结果多出以下非预期项：
  名称: vla_control, 参数: {"action": "park", "point_desc": {"parking_space": "\u8f66\u4f4d", "subject": "\u67f1\u5b50"}, "position": "\u524d"}
2026-03-23 09:23:24,895 - ERROR - CaseID: 2022
实际结果缺少以下预期项：
  名称: vla_control, 参数: {"action": "park", "point_desc": {"position": "\u8f66\u4f4d", "subject": "\u67f1\u5b50"}, "position": "\u524d"}
实际结果多出以下非预期项：
  名称: vla_control, 参数: {"action": "park", "point_desc": {"position": "\u9644\u8fd1", "subject": "\u67f1\u5b50"}, "position": "\u524d"}
2026-03-23 09:23:24,895 - ERROR - CaseID: 2023
实际结果缺少以下预期项：
  名称: vla_control, 参数: {"action": "park", "point_desc": {"position": "\u8f66\u4f4d", "subject": "\u67f1\u5b50"}, "position": "\u524d"}
实际结果多出以下非预期项：
  名称: vla_control, 参数: {"action": "park", "point_desc": {"position": "\u65c1\u8fb9", "subject": "\u67f1\u5b50"}, "position": "\u524d"}
2026-03-23 09:23:24,895 - ERROR - CaseID: 2024
结果数量不匹配: 预期1个，实际0个
2026-03-23 09:23:24,895 - ERROR - CaseID: 2025
实际结果缺少以下预期项：
  名称: vla_control, 参数: {"action": "park", "point_desc": {"position": "\u65c1\u8fb9", "subject": "\u67f1\u5b50"}, "position": "\u524d"}
实际结果多出以下非预期项：
  名称: vla_control, 参数: {"action": "park", "point_desc": {"position": "\u9644\u8fd1", "subject": "\u67f1\u5b50"}, "position": "\u524d"}
2026-03-23 09:23:24,896 - ERROR - CaseID: 2027
结果数量不匹配: 预期1个，实际0个
2026-03-23 09:23:24,896 - ERROR - CaseID: 2028
实际结果缺少以下预期项：
  名称: vla_control, 参数: {"action": "park", "point_desc": {"position": "\u65c1\u8fb9", "subject": "\u67f1\u5b50"}, "position": "\u524d"}
实际结果多出以下非预期项：
  名称: vla_control, 参数: {"action": "park", "point_desc": {"subject": "\u67f1\u5b50"}, "position": "\u524d"}
2026-03-23 09:23:24,896 - ERROR - CaseID: 2029
实际结果缺少以下预期项：
  名称: vla_control, 参数: {"action": "park", "point_desc": {"position": "\u8f66\u4f4d", "subject": "\u67f1\u5b50"}, "position": "\u524d"}
实际结果多出以下非预期项：
  名称: vla_control, 参数: {"action": "park", "point_desc": {"position": "\u65c1\u8fb9", "subject": "\u67f1\u5b50"}, "position": "\u524d"}
2026-03-23 09:23:24,896 - ERROR - CaseID: 2031
实际结果缺少以下预期项：
  名称: vla_control, 参数: {"action": "park", "point_desc": {"position": "\u8f66\u4f4d", "subject": "\u67f1\u5b50"}, "position": "\u53f3\u524d"}
实际结果多出以下非预期项：
  名称: vla_control, 参数: {"action": "park", "point_desc": {"position": "\u65c1\u8fb9", "subject": "\u67f1\u5b50"}, "position": "\u53f3\u524d"}
2026-03-23 09:23:24,896 - ERROR - CaseID: 2032
实际结果缺少以下预期项：
  名称: vla_control, 参数: {"action": "park", "point_desc": {"position": "\u8f66\u4f4d", "subject": "\u67f1\u5b50"}, "position": "\u524d"}
实际结果多出以下非预期项：
  名称: vla_control, 参数: {"action": "park", "point_desc": {"position": "\u65c1\u8fb9", "subject": "\u67f1\u5b50"}, "position": "\u524d"}
2026-03-23 09:23:24,896 - WARNING - CaseID: 2033 - 参数解析失败: Expecting ',' delimiter: line 1 column 52 (char 51), 原始数据: {"action":"navigate","point_desc":{"subject":"大柱子"
2026-03-23 09:23:24,896 - WARNING - CaseID: 2033 - name和args数量不匹配（name:1个, args:0个），跳过该组对比
2026-03-23 09:23:24,896 - ERROR - CaseID: 2033
结果数量不匹配: 预期0个，实际1个
2026-03-23 09:23:24,896 - WARNING - CaseID: 2034 - 参数解析失败: Expecting ',' delimiter: line 1 column 52 (char 51), 原始数据: {"action":"navigate","point_desc":{"subject":"大柱子"
2026-03-23 09:23:24,896 - WARNING - CaseID: 2034 - name和args数量不匹配（name:1个, args:0个），跳过该组对比
2026-03-23 09:23:24,896 - ERROR - CaseID: 2034
结果数量不匹配: 预期0个，实际1个
2026-03-23 09:23:24,897 - WARNING - CaseID: 2035 - 参数解析失败: Expecting ',' delimiter: line 1 column 52 (char 51), 原始数据: {"action":"navigate","point_desc":{"subject":"大柱子"
2026-03-23 09:23:24,897 - WARNING - CaseID: 2035 - name和args数量不匹配（name:1个, args:0个），跳过该组对比
2026-03-23 09:23:24,897 - ERROR - CaseID: 2035
结果数量不匹配: 预期0个，实际1个
2026-03-23 09:23:24,897 - WARNING - CaseID: 2036 - 参数解析失败: Expecting ',' delimiter: line 1 column 52 (char 51), 原始数据: {"action":"navigate","point_desc":{"subject":"大柱子"
2026-03-23 09:23:24,897 - WARNING - CaseID: 2036 - name和args数量不匹配（name:1个, args:0个），跳过该组对比
2026-03-23 09:23:24,897 - ERROR - CaseID: 2036
结果数量不匹配: 预期0个，实际1个
2026-03-23 09:23:24,897 - WARNING - CaseID: 2037 - 参数解析失败: Expecting ',' delimiter: line 1 column 52 (char 51), 原始数据: {"action":"navigate","point_desc":{"subject":"大柱子"
2026-03-23 09:23:24,897 - WARNING - CaseID: 2037 - name和args数量不匹配（name:1个, args:0个），跳过该组对比
2026-03-23 09:23:24,897 - ERROR - CaseID: 2037
结果数量不匹配: 预期0个，实际1个
2026-03-23 09:23:24,897 - WARNING - CaseID: 2038 - 参数解析失败: Expecting ',' delimiter: line 1 column 52 (char 51), 原始数据: {"action":"navigate","point_desc":{"subject":"大柱子"
2026-03-23 09:23:24,897 - WARNING - CaseID: 2038 - name和args数量不匹配（name:1个, args:0个），跳过该组对比
2026-03-23 09:23:24,897 - ERROR - CaseID: 2038
结果数量不匹配: 预期0个，实际1个
2026-03-23 09:23:24,897 - WARNING - CaseID: 2039 - 参数解析失败: Expecting ',' delimiter: line 1 column 52 (char 51), 原始数据: {"action":"navigate","point_desc":{"subject":"大柱子"
2026-03-23 09:23:24,897 - WARNING - CaseID: 2039 - name和args数量不匹配（name:1个, args:0个），跳过该组对比
2026-03-23 09:23:24,897 - ERROR - CaseID: 2039
结果数量不匹配: 预期0个，实际1个
2026-03-23 09:23:24,897 - WARNING - CaseID: 2040 - 参数解析失败: Expecting ',' delimiter: line 1 column 52 (char 51), 原始数据: {"action":"navigate","point_desc":{"subject":"大柱子"
2026-03-23 09:23:24,897 - WARNING - CaseID: 2040 - name和args数量不匹配（name:1个, args:0个），跳过该组对比
2026-03-23 09:23:24,897 - ERROR - CaseID: 2040
结果数量不匹配: 预期0个，实际1个
2026-03-23 09:23:24,897 - WARNING - CaseID: 2041 - 参数解析失败: Expecting ',' delimiter: line 1 column 52 (char 51), 原始数据: {"action":"navigate","point_desc":{"subject":"大柱子"
2026-03-23 09:23:24,897 - WARNING - CaseID: 2041 - name和args数量不匹配（name:1个, args:0个），跳过该组对比
2026-03-23 09:23:24,898 - ERROR - CaseID: 2041
结果数量不匹配: 预期0个，实际1个
2026-03-23 09:23:24,898 - WARNING - CaseID: 2042 - 参数解析失败: Expecting ',' delimiter: line 1 column 52 (char 51), 原始数据: {"action":"navigate","point_desc":{"subject":"大柱子"
2026-03-23 09:23:24,898 - WARNING - CaseID: 2042 - name和args数量不匹配（name:1个, args:0个），跳过该组对比
2026-03-23 09:23:24,898 - ERROR - CaseID: 2042
结果数量不匹配: 预期0个，实际1个
2026-03-23 09:23:24,898 - WARNING - CaseID: 2043 - 参数解析失败: Expecting ',' delimiter: line 1 column 52 (char 51), 原始数据: {"action":"navigate","point_desc":{"subject":"大柱子"
2026-03-23 09:23:24,898 - WARNING - CaseID: 2043 - name和args数量不匹配（name:1个, args:0个），跳过该组对比
2026-03-23 09:23:24,898 - ERROR - CaseID: 2043
结果数量不匹配: 预期0个，实际1个
2026-03-23 09:23:24,898 - WARNING - CaseID: 2044 - 参数解析失败: Expecting ',' delimiter: line 1 column 52 (char 51), 原始数据: {"action":"navigate","point_desc":{"subject":"大柱子"
2026-03-23 09:23:24,898 - WARNING - CaseID: 2044 - name和args数量不匹配（name:1个, args:0个），跳过该组对比
2026-03-23 09:23:24,898 - ERROR - CaseID: 2044
结果数量不匹配: 预期0个，实际1个
2026-03-23 09:23:24,898 - WARNING - CaseID: 2045 - 参数解析失败: Expecting ',' delimiter: line 1 column 52 (char 51), 原始数据: {"action":"navigate","point_desc":{"subject":"大柱子"
2026-03-23 09:23:24,898 - WARNING - CaseID: 2045 - name和args数量不匹配（name:1个, args:0个），跳过该组对比
2026-03-23 09:23:24,898 - ERROR - CaseID: 2045
结果数量不匹配: 预期0个，实际1个
2026-03-23 09:23:24,898 - WARNING - CaseID: 2046 - 参数解析失败: Expecting ',' delimiter: line 1 column 52 (char 51), 原始数据: {"action":"navigate","point_desc":{"subject":"大柱子"
2026-03-23 09:23:24,898 - WARNING - CaseID: 2046 - name和args数量不匹配（name:1个, args:0个），跳过该组对比
2026-03-23 09:23:24,898 - ERROR - CaseID: 2046
结果数量不匹配: 预期0个，实际1个
2026-03-23 09:23:24,898 - WARNING - CaseID: 2047 - 参数解析失败: Expecting ',' delimiter: line 1 column 52 (char 51), 原始数据: {"action":"navigate","point_desc":{"subject":"大柱子"
2026-03-23 09:23:24,898 - WARNING - CaseID: 2047 - name和args数量不匹配（name:1个, args:0个），跳过该组对比
2026-03-23 09:23:24,898 - ERROR - CaseID: 2047
结果数量不匹配: 预期0个，实际1个
2026-03-23 09:23:24,898 - WARNING - CaseID: 2081 - 参数解析失败: Expecting ',' delimiter: line 1 column 54 (char 53), 原始数据: {"action":"pause_drive","point_desc":{"subject":"柱
2026-03-23 09:23:24,898 - WARNING - CaseID: 2081 - name和args数量不匹配（name:1个, args:0个），跳过该组对比
2026-03-23 09:23:24,899 - ERROR - CaseID: 2081
结果数量不匹配: 预期0个，实际1个
2026-03-23 09:23:24,899 - WARNING - CaseID: 2082 - 参数解析失败: Expecting ',' delimiter: line 1 column 54 (char 53), 原始数据: {"action":"pause_drive","point_desc":{"subject":"柱
2026-03-23 09:23:24,899 - WARNING - CaseID: 2082 - name和args数量不匹配（name:1个, args:0个），跳过该组对比
2026-03-23 09:23:24,899 - ERROR - CaseID: 2082
结果数量不匹配: 预期0个，实际1个
2026-03-23 09:23:24,899 - WARNING - CaseID: 2083 - 参数解析失败: Expecting ',' delimiter: line 1 column 54 (char 53), 原始数据: {"action":"pause_drive","point_desc":{"subject":"柱
2026-03-23 09:23:24,899 - WARNING - CaseID: 2083 - name和args数量不匹配（name:1个, args:0个），跳过该组对比
2026-03-23 09:23:24,899 - ERROR - CaseID: 2083
结果数量不匹配: 预期0个，实际1个
2026-03-23 09:23:24,899 - WARNING - CaseID: 2084 - 参数解析失败: Expecting ',' delimiter: line 1 column 54 (char 53), 原始数据: {"action":"pause_drive","point_desc":{"subject":"柱
2026-03-23 09:23:24,899 - WARNING - CaseID: 2084 - name和args数量不匹配（name:1个, args:0个），跳过该组对比
2026-03-23 09:23:24,899 - ERROR - CaseID: 2084
结果数量不匹配: 预期0个，实际1个
2026-03-23 09:23:24,899 - ERROR - CaseID: 2085
实际结果缺少以下预期项：
  名称: vla_control, 参数: {"action": "pause_drive", "point_desc": {"subject": "\u67f1\u5b50"}, "position": "\u540e"}
实际结果多出以下非预期项：
  名称: vla_control, 参数: {"action": "pause_drive", "point_desc": {"position": "\u65c1\u8fb9", "subject": "\u67f1\u5b50"}, "position": "\u540e"}
2026-03-23 09:23:24,899 - ERROR - CaseID: 2087
实际结果缺少以下预期项：
  名称: vla_control, 参数: {"action": "pause_drive", "point_desc": {"subject": "\u67f1\u5b50"}, "position": "\u53f3\u524d"}
实际结果多出以下非预期项：
  名称: vla_control, 参数: {"action": "pause_drive", "point_desc": {"position": "\u65c1\u8fb9", "subject": "\u67f1\u5b50"}, "position": "\u53f3\u524d"}
2026-03-23 09:23:24,899 - ERROR - CaseID: 2088
实际结果缺少以下预期项：
  名称: vla_control, 参数: {"action": "pause_drive", "point_desc": {"subject": "\u67f1\u5b50"}, "position": "\u540e"}
实际结果多出以下非预期项：
  名称: vla_control, 参数: {"action": "pause_drive", "point_desc": {"subject": "\u67f1\u5b50"}, "position": "\u5de6\u540e"}
2026-03-23 09:23:24,900 - WARNING - CaseID: 2093 - 参数解析失败: Expecting ',' delimiter: line 1 column 62 (char 61), 原始数据: {"action":"park","point_desc":{"subject":"墙","posi
2026-03-23 09:23:24,900 - WARNING - CaseID: 2093 - name和args数量不匹配（name:1个, args:0个），跳过该组对比
2026-03-23 09:23:24,900 - ERROR - CaseID: 2093
结果数量不匹配: 预期0个，实际1个
2026-03-23 09:23:24,900 - WARNING - CaseID: 2094 - 参数解析失败: Expecting ',' delimiter: line 1 column 62 (char 61), 原始数据: {"action":"park","point_desc":{"subject":"墙","posi
2026-03-23 09:23:24,900 - WARNING - CaseID: 2094 - name和args数量不匹配（name:1个, args:0个），跳过该组对比
2026-03-23 09:23:24,900 - ERROR - CaseID: 2094
结果数量不匹配: 预期0个，实际1个
2026-03-23 09:23:24,900 - WARNING - CaseID: 2095 - 参数解析失败: Expecting ',' delimiter: line 1 column 62 (char 61), 原始数据: {"action":"park","point_desc":{"subject":"墙","posi
2026-03-23 09:23:24,900 - WARNING - CaseID: 2095 - name和args数量不匹配（name:1个, args:0个），跳过该组对比
2026-03-23 09:23:24,900 - ERROR - CaseID: 2095
结果数量不匹配: 预期0个，实际1个
2026-03-23 09:23:24,900 - WARNING - CaseID: 2096 - 参数解析失败: Expecting ',' delimiter: line 1 column 62 (char 61), 原始数据: {"action":"park","point_desc":{"subject":"墙","posi
2026-03-23 09:23:24,900 - WARNING - CaseID: 2096 - name和args数量不匹配（name:1个, args:0个），跳过该组对比
2026-03-23 09:23:24,900 - ERROR - CaseID: 2096
结果数量不匹配: 预期0个，实际1个
2026-03-23 09:23:24,900 - WARNING - CaseID: 2097 - 参数解析失败: Expecting ',' delimiter: line 1 column 62 (char 61), 原始数据: {"action":"park","point_desc":{"subject":"墙","posi
2026-03-23 09:23:24,900 - WARNING - CaseID: 2097 - name和args数量不匹配（name:1个, args:0个），跳过该组对比
2026-03-23 09:23:24,900 - ERROR - CaseID: 2097
结果数量不匹配: 预期0个，实际1个
2026-03-23 09:23:24,900 - WARNING - CaseID: 2098 - 参数解析失败: Expecting ',' delimiter: line 1 column 62 (char 61), 原始数据: {"action":"park","point_desc":{"subject":"墙","posi
2026-03-23 09:23:24,900 - WARNING - CaseID: 2098 - name和args数量不匹配（name:1个, args:0个），跳过该组对比
2026-03-23 09:23:24,900 - ERROR - CaseID: 2098
结果数量不匹配: 预期0个，实际1个
2026-03-23 09:23:24,900 - WARNING - CaseID: 2099 - 参数解析失败: Expecting ',' delimiter: line 1 column 62 (char 61), 原始数据: {"action":"park","point_desc":{"subject":"墙","posi
2026-03-23 09:23:24,901 - WARNING - CaseID: 2099 - name和args数量不匹配（name:1个, args:0个），跳过该组对比
2026-03-23 09:23:24,901 - ERROR - CaseID: 2099
结果数量不匹配: 预期0个，实际1个
2026-03-23 09:23:24,901 - WARNING - CaseID: 2100 - 参数解析失败: Expecting ',' delimiter: line 1 column 62 (char 61), 原始数据: {"action":"park","point_desc":{"subject":"墙","posi
2026-03-23 09:23:24,901 - WARNING - CaseID: 2100 - name和args数量不匹配（name:1个, args:0个），跳过该组对比
2026-03-23 09:23:24,901 - ERROR - CaseID: 2100
结果数量不匹配: 预期0个，实际1个
2026-03-23 09:23:24,901 - WARNING - CaseID: 2101 - 参数解析失败: Expecting ',' delimiter: line 1 column 62 (char 61), 原始数据: {"action":"park","point_desc":{"subject":"墙","posi
2026-03-23 09:23:24,901 - WARNING - CaseID: 2101 - name和args数量不匹配（name:1个, args:0个），跳过该组对比
2026-03-23 09:23:24,901 - ERROR - CaseID: 2101
结果数量不匹配: 预期0个，实际1个
2026-03-23 09:23:24,901 - WARNING - CaseID: 2102 - 参数解析失败: Expecting ',' delimiter: line 1 column 62 (char 61), 原始数据: {"action":"park","point_desc":{"subject":"墙","posi
2026-03-23 09:23:24,901 - WARNING - CaseID: 2102 - name和args数量不匹配（name:1个, args:0个），跳过该组对比
2026-03-23 09:23:24,901 - ERROR - CaseID: 2102
结果数量不匹配: 预期0个，实际1个
2026-03-23 09:23:24,901 - WARNING - CaseID: 2103 - 参数解析失败: Expecting ',' delimiter: line 1 column 62 (char 61), 原始数据: {"action":"park","point_desc":{"subject":"墙","posi
2026-03-23 09:23:24,901 - WARNING - CaseID: 2103 - name和args数量不匹配（name:1个, args:0个），跳过该组对比
2026-03-23 09:23:24,901 - ERROR - CaseID: 2103
结果数量不匹配: 预期0个，实际1个
2026-03-23 09:23:24,901 - WARNING - CaseID: 2104 - 参数解析失败: Expecting ',' delimiter: line 1 column 62 (char 61), 原始数据: {"action":"park","point_desc":{"subject":"墙","posi
2026-03-23 09:23:24,901 - WARNING - CaseID: 2104 - name和args数量不匹配（name:1个, args:0个），跳过该组对比
2026-03-23 09:23:24,901 - ERROR - CaseID: 2104
结果数量不匹配: 预期0个，实际1个
2026-03-23 09:23:24,901 - WARNING - CaseID: 2105 - 参数解析失败: Expecting ',' delimiter: line 1 column 62 (char 61), 原始数据: {"action":"park","point_desc":{"subject":"墙","posi
2026-03-23 09:23:24,901 - WARNING - CaseID: 2105 - name和args数量不匹配（name:1个, args:0个），跳过该组对比
2026-03-23 09:23:24,901 - ERROR - CaseID: 2105
结果数量不匹配: 预期0个，实际1个
2026-03-23 09:23:24,901 - WARNING - CaseID: 2106 - 参数解析失败: Expecting ',' delimiter: line 1 column 62 (char 61), 原始数据: {"action":"park","point_desc":{"subject":"墙","posi
2026-03-23 09:23:24,901 - WARNING - CaseID: 2106 - name和args数量不匹配（name:1个, args:0个），跳过该组对比
2026-03-23 09:23:24,901 - ERROR - CaseID: 2106
结果数量不匹配: 预期0个，实际1个
2026-03-23 09:23:24,902 - WARNING - CaseID: 2107 - 参数解析失败: Expecting ',' delimiter: line 1 column 62 (char 61), 原始数据: {"action":"park","point_desc":{"subject":"墙","posi
2026-03-23 09:23:24,902 - WARNING - CaseID: 2107 - name和args数量不匹配（name:1个, args:0个），跳过该组对比
2026-03-23 09:23:24,902 - ERROR - CaseID: 2107
结果数量不匹配: 预期0个，实际1个
2026-03-23 09:23:24,902 - WARNING - CaseID: 2108 - 参数解析失败: Expecting ',' delimiter: line 1 column 62 (char 61), 原始数据: {"action":"park","point_desc":{"subject":"墙","posi
2026-03-23 09:23:24,902 - WARNING - CaseID: 2108 - name和args数量不匹配（name:1个, args:0个），跳过该组对比
2026-03-23 09:23:24,902 - ERROR - CaseID: 2108
结果数量不匹配: 预期0个，实际1个
2026-03-23 09:23:24,902 - WARNING - CaseID: 2109 - 参数解析失败: Expecting ',' delimiter: line 1 column 63 (char 62), 原始数据: {"action":"park", "point_desc":{"subject":"墙","pos
2026-03-23 09:23:24,902 - WARNING - CaseID: 2109 - name和args数量不匹配（name:1个, args:0个），跳过该组对比
2026-03-23 09:23:24,902 - WARNING - CaseID: 2110 - 参数解析失败: Expecting ',' delimiter: line 1 column 62 (char 61), 原始数据: {"action":"park","point_desc":{"subject":"墙","posi
2026-03-23 09:23:24,902 - WARNING - CaseID: 2110 - name和args数量不匹配（name:1个, args:0个），跳过该组对比
2026-03-23 09:23:24,902 - ERROR - CaseID: 2110
结果数量不匹配: 预期0个，实际1个
2026-03-23 09:23:24,902 - WARNING - CaseID: 2111 - 参数解析失败: Expecting ',' delimiter: line 1 column 62 (char 61), 原始数据: {"action":"park","point_desc":{"subject":"墙","posi
2026-03-23 09:23:24,902 - WARNING - CaseID: 2111 - name和args数量不匹配（name:1个, args:0个），跳过该组对比
2026-03-23 09:23:24,902 - ERROR - CaseID: 2111
结果数量不匹配: 预期0个，实际1个
2026-03-23 09:23:24,902 - WARNING - CaseID: 2112 - 参数解析失败: Expecting ',' delimiter: line 1 column 62 (char 61), 原始数据: {"action":"park","point_desc":{"subject":"墙","posi
2026-03-23 09:23:24,902 - WARNING - CaseID: 2112 - name和args数量不匹配（name:1个, args:0个），跳过该组对比
2026-03-23 09:23:24,902 - ERROR - CaseID: 2112
结果数量不匹配: 预期0个，实际1个
2026-03-23 09:23:24,902 - ERROR - CaseID: 2129
结果数量不匹配: 预期1个，实际0个
2026-03-23 09:23:24,902 - WARNING - CaseID: 2133 - 参数解析失败: Expecting ',' delimiter: line 1 column 66 (char 65), 原始数据: {"action":"navigate","point_desc":{"subject":"墙","
2026-03-23 09:23:24,902 - WARNING - CaseID: 2133 - name和args数量不匹配（name:1个, args:0个），跳过该组对比
2026-03-23 09:23:24,902 - ERROR - CaseID: 2133
结果数量不匹配: 预期0个，实际1个
2026-03-23 09:23:24,903 - WARNING - CaseID: 2134 - 参数解析失败: Expecting ',' delimiter: line 1 column 66 (char 65), 原始数据: {"action":"navigate","point_desc":{"subject":"墙","
2026-03-23 09:23:24,903 - WARNING - CaseID: 2134 - name和args数量不匹配（name:1个, args:0个），跳过该组对比
2026-03-23 09:23:24,903 - ERROR - CaseID: 2134
结果数量不匹配: 预期0个，实际1个
2026-03-23 09:23:24,903 - WARNING - CaseID: 2135 - 参数解析失败: Expecting ',' delimiter: line 1 column 66 (char 65), 原始数据: {"action":"navigate","point_desc":{"subject":"墙","
2026-03-23 09:23:24,903 - WARNING - CaseID: 2135 - name和args数量不匹配（name:1个, args:0个），跳过该组对比
2026-03-23 09:23:24,903 - ERROR - CaseID: 2135
结果数量不匹配: 预期0个，实际1个
2026-03-23 09:23:24,903 - WARNING - CaseID: 2136 - 参数解析失败: Expecting ',' delimiter: line 1 column 66 (char 65), 原始数据: {"action":"navigate","point_desc":{"subject":"墙","
2026-03-23 09:23:24,903 - WARNING - CaseID: 2136 - name和args数量不匹配（name:1个, args:0个），跳过该组对比
2026-03-23 09:23:24,903 - ERROR - CaseID: 2136
结果数量不匹配: 预期0个，实际1个
2026-03-23 09:23:24,903 - WARNING - CaseID: 2137 - 参数解析失败: Expecting ',' delimiter: line 1 column 66 (char 65), 原始数据: {"action":"navigate","point_desc":{"subject":"墙","
2026-03-23 09:23:24,903 - WARNING - CaseID: 2137 - name和args数量不匹配（name:1个, args:0个），跳过该组对比
2026-03-23 09:23:24,903 - ERROR - CaseID: 2137
结果数量不匹配: 预期0个，实际1个
2026-03-23 09:23:24,903 - WARNING - CaseID: 2138 - 参数解析失败: Expecting ',' delimiter: line 1 column 66 (char 65), 原始数据: {"action":"navigate","point_desc":{"subject":"墙","
2026-03-23 09:23:24,903 - WARNING - CaseID: 2138 - name和args数量不匹配（name:1个, args:0个），跳过该组对比
2026-03-23 09:23:24,903 - ERROR - CaseID: 2138
结果数量不匹配: 预期0个，实际1个
2026-03-23 09:23:24,903 - WARNING - CaseID: 2139 - 参数解析失败: Expecting ',' delimiter: line 1 column 66 (char 65), 原始数据: {"action":"navigate","point_desc":{"subject":"墙","
2026-03-23 09:23:24,903 - WARNING - CaseID: 2139 - name和args数量不匹配（name:1个, args:0个），跳过该组对比
2026-03-23 09:23:24,903 - ERROR - CaseID: 2139
结果数量不匹配: 预期0个，实际1个
2026-03-23 09:23:24,903 - WARNING - CaseID: 2140 - 参数解析失败: Expecting ',' delimiter: line 1 column 66 (char 65), 原始数据: {"action":"navigate","point_desc":{"subject":"墙","
2026-03-23 09:23:24,903 - WARNING - CaseID: 2140 - name和args数量不匹配（name:1个, args:0个），跳过该组对比
2026-03-23 09:23:24,903 - ERROR - CaseID: 2140
结果数量不匹配: 预期0个，实际1个
2026-03-23 09:23:24,903 - WARNING - CaseID: 2141 - 参数解析失败: Expecting ',' delimiter: line 1 column 66 (char 65), 原始数据: {"action":"navigate","point_desc":{"subject":"墙","
2026-03-23 09:23:24,903 - WARNING - CaseID: 2141 - name和args数量不匹配（name:1个, args:0个），跳过该组对比
2026-03-23 09:23:24,904 - ERROR - CaseID: 2141
结果数量不匹配: 预期0个，实际1个
2026-03-23 09:23:24,904 - WARNING - CaseID: 2142 - 参数解析失败: Expecting ',' delimiter: line 1 column 66 (char 65), 原始数据: {"action":"navigate","point_desc":{"subject":"墙","
2026-03-23 09:23:24,904 - WARNING - CaseID: 2142 - name和args数量不匹配（name:1个, args:0个），跳过该组对比
2026-03-23 09:23:24,904 - ERROR - CaseID: 2142
结果数量不匹配: 预期0个，实际1个
2026-03-23 09:23:24,904 - WARNING - CaseID: 2143 - 参数解析失败: Expecting ',' delimiter: line 1 column 66 (char 65), 原始数据: {"action":"navigate","point_desc":{"subject":"墙","
2026-03-23 09:23:24,904 - WARNING - CaseID: 2143 - name和args数量不匹配（name:1个, args:0个），跳过该组对比
2026-03-23 09:23:24,904 - ERROR - CaseID: 2143
结果数量不匹配: 预期0个，实际1个
2026-03-23 09:23:24,904 - WARNING - CaseID: 2144 - 参数解析失败: Expecting ',' delimiter: line 1 column 66 (char 65), 原始数据: {"action":"navigate","point_desc":{"subject":"墙","
2026-03-23 09:23:24,904 - WARNING - CaseID: 2144 - name和args数量不匹配（name:1个, args:0个），跳过该组对比
2026-03-23 09:23:24,904 - ERROR - CaseID: 2144
结果数量不匹配: 预期0个，实际1个
2026-03-23 09:23:24,904 - WARNING - CaseID: 2145 - 参数解析失败: Expecting ',' delimiter: line 1 column 66 (char 65), 原始数据: {"action":"navigate","point_desc":{"subject":"墙","
2026-03-23 09:23:24,904 - WARNING - CaseID: 2145 - name和args数量不匹配（name:1个, args:0个），跳过该组对比
2026-03-23 09:23:24,904 - ERROR - CaseID: 2145
结果数量不匹配: 预期0个，实际1个
2026-03-23 09:23:24,904 - WARNING - CaseID: 2146 - 参数解析失败: Expecting ',' delimiter: line 1 column 66 (char 65), 原始数据: {"action":"navigate","point_desc":{"subject":"墙","
2026-03-23 09:23:24,904 - WARNING - CaseID: 2146 - name和args数量不匹配（name:1个, args:0个），跳过该组对比
2026-03-23 09:23:24,904 - ERROR - CaseID: 2146
结果数量不匹配: 预期0个，实际1个
2026-03-23 09:23:24,904 - WARNING - CaseID: 2147 - 参数解析失败: Expecting ',' delimiter: line 1 column 66 (char 65), 原始数据: {"action":"navigate","point_desc":{"subject":"墙","
2026-03-23 09:23:24,904 - WARNING - CaseID: 2147 - name和args数量不匹配（name:1个, args:0个），跳过该组对比
2026-03-23 09:23:24,904 - ERROR - CaseID: 2147
结果数量不匹配: 预期0个，实际1个
2026-03-23 09:23:24,904 - WARNING - CaseID: 2148 - 参数解析失败: Expecting ',' delimiter: line 1 column 66 (char 65), 原始数据: {"action":"navigate","point_desc":{"subject":"墙","
2026-03-23 09:23:24,904 - WARNING - CaseID: 2148 - name和args数量不匹配（name:1个, args:0个），跳过该组对比
2026-03-23 09:23:24,904 - ERROR - CaseID: 2148
结果数量不匹配: 预期0个，实际1个
2026-03-23 09:23:24,905 - WARNING - CaseID: 2149 - 参数解析失败: Expecting ',' delimiter: line 1 column 66 (char 65), 原始数据: {"action":"navigate","point_desc":{"subject":"墙","
2026-03-23 09:23:24,905 - WARNING - CaseID: 2149 - name和args数量不匹配（name:1个, args:0个），跳过该组对比
2026-03-23 09:23:24,905 - ERROR - CaseID: 2149
结果数量不匹配: 预期0个，实际1个
2026-03-23 09:23:24,905 - WARNING - CaseID: 2151 - 参数解析失败: Expecting ',' delimiter: line 1 column 66 (char 65), 原始数据: {"action":"navigate","point_desc":{"subject":"墙","
2026-03-23 09:23:24,905 - WARNING - CaseID: 2151 - name和args数量不匹配（name:1个, args:0个），跳过该组对比
2026-03-23 09:23:24,905 - ERROR - CaseID: 2151
结果数量不匹配: 预期0个，实际1个
2026-03-23 09:23:24,905 - WARNING - CaseID: 2150 - 参数解析失败: Expecting ',' delimiter: line 1 column 66 (char 65), 原始数据: {"action":"navigate","point_desc":{"subject":"墙","
2026-03-23 09:23:24,905 - WARNING - CaseID: 2150 - name和args数量不匹配（name:1个, args:0个），跳过该组对比
2026-03-23 09:23:24,905 - ERROR - CaseID: 2150
结果数量不匹配: 预期0个，实际1个
2026-03-23 09:23:24,905 - WARNING - CaseID: 2152 - 参数解析失败: Expecting ',' delimiter: line 1 column 66 (char 65), 原始数据: {"action":"navigate","point_desc":{"subject":"墙","
2026-03-23 09:23:24,905 - WARNING - CaseID: 2152 - name和args数量不匹配（name:1个, args:0个），跳过该组对比
2026-03-23 09:23:24,905 - ERROR - CaseID: 2152
结果数量不匹配: 预期0个，实际1个
2026-03-23 09:23:24,905 - WARNING - CaseID: 2153 - 参数解析失败: Expecting ',' delimiter: line 1 column 65 (char 64), 原始数据: {"action":"park_in","point_desc":{"subject":"墙","p
2026-03-23 09:23:24,905 - WARNING - CaseID: 2153 - name和args数量不匹配（name:1个, args:0个），跳过该组对比
2026-03-23 09:23:24,905 - ERROR - CaseID: 2153
结果数量不匹配: 预期0个，实际1个
2026-03-23 09:23:24,905 - WARNING - CaseID: 2154 - 参数解析失败: Expecting ',' delimiter: line 1 column 65 (char 64), 原始数据: {"action":"park_in","point_desc":{"subject":"墙","p
2026-03-23 09:23:24,905 - WARNING - CaseID: 2154 - name和args数量不匹配（name:1个, args:0个），跳过该组对比
2026-03-23 09:23:24,905 - ERROR - CaseID: 2154
结果数量不匹配: 预期0个，实际1个
2026-03-23 09:23:24,905 - WARNING - CaseID: 2155 - 参数解析失败: Expecting ',' delimiter: line 1 column 65 (char 64), 原始数据: {"action":"park_in","point_desc":{"subject":"墙","p
2026-03-23 09:23:24,905 - WARNING - CaseID: 2155 - name和args数量不匹配（name:1个, args:0个），跳过该组对比
2026-03-23 09:23:24,905 - ERROR - CaseID: 2155
结果数量不匹配: 预期0个，实际1个
2026-03-23 09:23:24,905 - WARNING - CaseID: 2156 - 参数解析失败: Expecting ',' delimiter: line 1 column 65 (char 64), 原始数据: {"action":"park_in","point_desc":{"subject":"墙","p
2026-03-23 09:23:24,905 - WARNING - CaseID: 2156 - name和args数量不匹配（name:1个, args:0个），跳过该组对比
2026-03-23 09:23:24,905 - ERROR - CaseID: 2156
结果数量不匹配: 预期0个，实际1个
2026-03-23 09:23:24,906 - WARNING - CaseID: 2157 - 参数解析失败: Expecting ',' delimiter: line 1 column 65 (char 64), 原始数据: {"action":"park_in","point_desc":{"subject":"墙","p
2026-03-23 09:23:24,906 - WARNING - CaseID: 2157 - name和args数量不匹配（name:1个, args:0个），跳过该组对比
2026-03-23 09:23:24,906 - ERROR - CaseID: 2157
结果数量不匹配: 预期0个，实际1个
2026-03-23 09:23:24,906 - WARNING - CaseID: 2158 - 参数解析失败: Expecting ',' delimiter: line 1 column 65 (char 64), 原始数据: {"action":"park_in","point_desc":{"subject":"墙","p
2026-03-23 09:23:24,906 - WARNING - CaseID: 2158 - name和args数量不匹配（name:1个, args:0个），跳过该组对比
2026-03-23 09:23:24,906 - ERROR - CaseID: 2158
结果数量不匹配: 预期0个，实际1个
2026-03-23 09:23:24,906 - WARNING - CaseID: 2159 - 参数解析失败: Expecting ',' delimiter: line 1 column 65 (char 64), 原始数据: {"action":"park_in","point_desc":{"subject":"墙","p
2026-03-23 09:23:24,906 - WARNING - CaseID: 2159 - name和args数量不匹配（name:1个, args:0个），跳过该组对比
2026-03-23 09:23:24,906 - ERROR - CaseID: 2159
结果数量不匹配: 预期0个，实际1个
2026-03-23 09:23:24,906 - WARNING - CaseID: 2160 - 参数解析失败: Expecting ',' delimiter: line 1 column 65 (char 64), 原始数据: {"action":"park_in","point_desc":{"subject":"墙","p
2026-03-23 09:23:24,906 - WARNING - CaseID: 2160 - name和args数量不匹配（name:1个, args:0个），跳过该组对比
2026-03-23 09:23:24,906 - ERROR - CaseID: 2160
结果数量不匹配: 预期0个，实际1个
2026-03-23 09:23:24,906 - WARNING - CaseID: 2161 - 参数解析失败: Expecting ',' delimiter: line 1 column 65 (char 64), 原始数据: {"action":"park_in","point_desc":{"subject":"墙","p
2026-03-23 09:23:24,906 - WARNING - CaseID: 2161 - name和args数量不匹配（name:1个, args:0个），跳过该组对比
2026-03-23 09:23:24,906 - ERROR - CaseID: 2161
结果数量不匹配: 预期0个，实际1个
2026-03-23 09:23:24,906 - WARNING - CaseID: 2162 - 参数解析失败: Expecting ',' delimiter: line 1 column 66 (char 65), 原始数据: {"action":"park_in", "point_desc":{"subject":"墙","
2026-03-23 09:23:24,906 - WARNING - CaseID: 2162 - name和args数量不匹配（name:1个, args:0个），跳过该组对比
2026-03-23 09:23:24,906 - WARNING - CaseID: 2163 - 参数解析失败: Expecting ',' delimiter: line 1 column 65 (char 64), 原始数据: {"action":"park_in","point_desc":{"subject":"墙","p
2026-03-23 09:23:24,906 - WARNING - CaseID: 2163 - name和args数量不匹配（name:1个, args:0个），跳过该组对比
2026-03-23 09:23:24,906 - ERROR - CaseID: 2163
结果数量不匹配: 预期0个，实际1个
2026-03-23 09:23:24,906 - WARNING - CaseID: 2164 - 参数解析失败: Expecting ',' delimiter: line 1 column 65 (char 64), 原始数据: {"action":"park_in","point_desc":{"subject":"墙","p
2026-03-23 09:23:24,906 - WARNING - CaseID: 2164 - name和args数量不匹配（name:1个, args:0个），跳过该组对比
2026-03-23 09:23:24,906 - ERROR - CaseID: 2164
结果数量不匹配: 预期0个，实际1个
2026-03-23 09:23:24,907 - WARNING - CaseID: 2165 - 参数解析失败: Expecting ',' delimiter: line 1 column 65 (char 64), 原始数据: {"action":"park_in","point_desc":{"subject":"墙","p
2026-03-23 09:23:24,907 - WARNING - CaseID: 2165 - name和args数量不匹配（name:1个, args:0个），跳过该组对比
2026-03-23 09:23:24,907 - ERROR - CaseID: 2165
结果数量不匹配: 预期0个，实际1个
2026-03-23 09:23:24,907 - WARNING - CaseID: 2167 - 参数解析失败: Expecting ',' delimiter: line 1 column 66 (char 65), 原始数据: {"action":"park_in", "point_desc":{"subject":"墙","
2026-03-23 09:23:24,907 - WARNING - CaseID: 2167 - name和args数量不匹配（name:1个, args:0个），跳过该组对比
2026-03-23 09:23:24,907 - WARNING - CaseID: 2166 - 参数解析失败: Expecting ',' delimiter: line 1 column 65 (char 64), 原始数据: {"action":"park_in","point_desc":{"subject":"墙","p
2026-03-23 09:23:24,907 - WARNING - CaseID: 2166 - name和args数量不匹配（name:1个, args:0个），跳过该组对比
2026-03-23 09:23:24,907 - ERROR - CaseID: 2166
结果数量不匹配: 预期0个，实际1个
2026-03-23 09:23:24,907 - WARNING - CaseID: 2168 - 参数解析失败: Expecting ',' delimiter: line 1 column 65 (char 64), 原始数据: {"action":"park_in","point_desc":{"subject":"墙","p
2026-03-23 09:23:24,907 - WARNING - CaseID: 2168 - name和args数量不匹配（name:1个, args:0个），跳过该组对比
2026-03-23 09:23:24,907 - ERROR - CaseID: 2168
结果数量不匹配: 预期0个，实际1个
2026-03-23 09:23:24,907 - WARNING - CaseID: 2169 - 参数解析失败: Expecting ',' delimiter: line 1 column 65 (char 64), 原始数据: {"action":"park_in","point_desc":{"subject":"墙","p
2026-03-23 09:23:24,907 - WARNING - CaseID: 2169 - name和args数量不匹配（name:1个, args:0个），跳过该组对比
2026-03-23 09:23:24,907 - ERROR - CaseID: 2169
结果数量不匹配: 预期0个，实际1个
2026-03-23 09:23:24,907 - WARNING - CaseID: 2170 - 参数解析失败: Expecting ',' delimiter: line 1 column 65 (char 64), 原始数据: {"action":"park_in","point_desc":{"subject":"墙","p
2026-03-23 09:23:24,907 - WARNING - CaseID: 2170 - name和args数量不匹配（name:1个, args:0个），跳过该组对比
2026-03-23 09:23:24,907 - ERROR - CaseID: 2170
结果数量不匹配: 预期0个，实际1个
2026-03-23 09:23:24,907 - WARNING - CaseID: 2171 - 参数解析失败: Expecting ',' delimiter: line 1 column 65 (char 64), 原始数据: {"action":"park_in","point_desc":{"subject":"墙","p
2026-03-23 09:23:24,907 - WARNING - CaseID: 2171 - name和args数量不匹配（name:1个, args:0个），跳过该组对比
2026-03-23 09:23:24,907 - ERROR - CaseID: 2171
结果数量不匹配: 预期0个，实际1个
2026-03-23 09:23:24,907 - WARNING - CaseID: 2172 - 参数解析失败: Expecting ',' delimiter: line 1 column 65 (char 64), 原始数据: {"action":"park_in","point_desc":{"subject":"墙","p
2026-03-23 09:23:24,907 - WARNING - CaseID: 2172 - name和args数量不匹配（name:1个, args:0个），跳过该组对比
2026-03-23 09:23:24,907 - ERROR - CaseID: 2172
结果数量不匹配: 预期0个，实际1个
2026-03-23 09:23:24,907 - WARNING - CaseID: 2173 - 参数解析失败: Expecting ',' delimiter: line 1 column 69 (char 68), 原始数据: {"action":"pause_drive","point_desc":{"subject":"墙
2026-03-23 09:23:24,907 - WARNING - CaseID: 2173 - name和args数量不匹配（name:1个, args:0个），跳过该组对比
2026-03-23 09:23:24,908 - ERROR - CaseID: 2173
结果数量不匹配: 预期0个，实际1个
2026-03-23 09:23:24,908 - WARNING - CaseID: 2174 - 参数解析失败: Expecting ',' delimiter: line 1 column 69 (char 68), 原始数据: {"action":"pause_drive","point_desc":{"subject":"墙
2026-03-23 09:23:24,908 - WARNING - CaseID: 2174 - name和args数量不匹配（name:1个, args:0个），跳过该组对比
2026-03-23 09:23:24,908 - ERROR - CaseID: 2174
结果数量不匹配: 预期0个，实际1个
2026-03-23 09:23:24,908 - WARNING - CaseID: 2175 - 参数解析失败: Expecting ',' delimiter: line 1 column 69 (char 68), 原始数据: {"action":"pause_drive","point_desc":{"subject":"墙
2026-03-23 09:23:24,908 - WARNING - CaseID: 2175 - name和args数量不匹配（name:1个, args:0个），跳过该组对比
2026-03-23 09:23:24,908 - ERROR - CaseID: 2175
结果数量不匹配: 预期0个，实际1个
2026-03-23 09:23:24,908 - WARNING - CaseID: 2176 - 参数解析失败: Expecting ',' delimiter: line 1 column 69 (char 68), 原始数据: {"action":"pause_drive","point_desc":{"subject":"墙
2026-03-23 09:23:24,908 - WARNING - CaseID: 2176 - name和args数量不匹配（name:1个, args:0个），跳过该组对比
2026-03-23 09:23:24,908 - ERROR - CaseID: 2176
结果数量不匹配: 预期0个，实际1个
2026-03-23 09:23:24,908 - WARNING - CaseID: 2177 - 参数解析失败: Expecting ',' delimiter: line 1 column 69 (char 68), 原始数据: {"action":"pause_drive","point_desc":{"subject":"墙
2026-03-23 09:23:24,908 - WARNING - CaseID: 2177 - name和args数量不匹配（name:1个, args:0个），跳过该组对比
2026-03-23 09:23:24,908 - ERROR - CaseID: 2177
结果数量不匹配: 预期0个，实际1个
2026-03-23 09:23:24,908 - WARNING - CaseID: 2178 - 参数解析失败: Expecting ',' delimiter: line 1 column 69 (char 68), 原始数据: {"action":"pause_drive","point_desc":{"subject":"墙
2026-03-23 09:23:24,908 - WARNING - CaseID: 2178 - name和args数量不匹配（name:1个, args:0个），跳过该组对比
2026-03-23 09:23:24,908 - ERROR - CaseID: 2178
结果数量不匹配: 预期0个，实际1个
2026-03-23 09:23:24,908 - WARNING - CaseID: 2180 - 参数解析失败: Expecting ',' delimiter: line 1 column 69 (char 68), 原始数据: {"action":"pause_drive","point_desc":{"subject":"墙
2026-03-23 09:23:24,908 - WARNING - CaseID: 2180 - name和args数量不匹配（name:1个, args:0个），跳过该组对比
2026-03-23 09:23:24,908 - ERROR - CaseID: 2180
结果数量不匹配: 预期0个，实际1个
2026-03-23 09:23:24,908 - WARNING - CaseID: 2179 - 参数解析失败: Expecting ',' delimiter: line 1 column 69 (char 68), 原始数据: {"action":"pause_drive","point_desc":{"subject":"墙
2026-03-23 09:23:24,908 - WARNING - CaseID: 2179 - name和args数量不匹配（name:1个, args:0个），跳过该组对比
2026-03-23 09:23:24,908 - ERROR - CaseID: 2179
结果数量不匹配: 预期0个，实际1个
2026-03-23 09:23:24,908 - WARNING - CaseID: 2181 - 参数解析失败: Expecting ',' delimiter: line 1 column 69 (char 68), 原始数据: {"action":"pause_drive","point_desc":{"subject":"墙
2026-03-23 09:23:24,908 - WARNING - CaseID: 2181 - name和args数量不匹配（name:1个, args:0个），跳过该组对比
2026-03-23 09:23:24,909 - ERROR - CaseID: 2181
结果数量不匹配: 预期0个，实际1个
2026-03-23 09:23:24,909 - WARNING - CaseID: 2182 - 参数解析失败: Expecting ',' delimiter: line 1 column 69 (char 68), 原始数据: {"action":"pause_drive","point_desc":{"subject":"墙
2026-03-23 09:23:24,909 - WARNING - CaseID: 2182 - name和args数量不匹配（name:1个, args:0个），跳过该组对比
2026-03-23 09:23:24,909 - ERROR - CaseID: 2182
结果数量不匹配: 预期0个，实际1个
2026-03-23 09:23:24,909 - WARNING - CaseID: 2183 - 参数解析失败: Expecting ',' delimiter: line 1 column 69 (char 68), 原始数据: {"action":"pause_drive","point_desc":{"subject":"墙
2026-03-23 09:23:24,909 - WARNING - CaseID: 2183 - name和args数量不匹配（name:1个, args:0个），跳过该组对比
2026-03-23 09:23:24,909 - ERROR - CaseID: 2183
结果数量不匹配: 预期0个，实际1个
2026-03-23 09:23:24,909 - WARNING - CaseID: 2184 - 参数解析失败: Expecting ',' delimiter: line 1 column 69 (char 68), 原始数据: {"action":"pause_drive","point_desc":{"subject":"墙
2026-03-23 09:23:24,909 - WARNING - CaseID: 2184 - name和args数量不匹配（name:1个, args:0个），跳过该组对比
2026-03-23 09:23:24,909 - ERROR - CaseID: 2184
结果数量不匹配: 预期0个，实际1个
2026-03-23 09:23:24,909 - WARNING - CaseID: 2185 - 参数解析失败: Expecting ',' delimiter: line 1 column 69 (char 68), 原始数据: {"action":"pause_drive","point_desc":{"subject":"墙
2026-03-23 09:23:24,909 - WARNING - CaseID: 2185 - name和args数量不匹配（name:1个, args:0个），跳过该组对比
2026-03-23 09:23:24,909 - ERROR - CaseID: 2185
结果数量不匹配: 预期0个，实际1个
2026-03-23 09:23:24,909 - WARNING - CaseID: 2186 - 参数解析失败: Expecting ',' delimiter: line 1 column 69 (char 68), 原始数据: {"action":"pause_drive","point_desc":{"subject":"墙
2026-03-23 09:23:24,909 - WARNING - CaseID: 2186 - name和args数量不匹配（name:1个, args:0个），跳过该组对比
2026-03-23 09:23:24,909 - ERROR - CaseID: 2186
结果数量不匹配: 预期0个，实际1个
2026-03-23 09:23:24,909 - WARNING - CaseID: 2187 - 参数解析失败: Expecting ',' delimiter: line 1 column 69 (char 68), 原始数据: {"action":"pause_drive","point_desc":{"subject":"墙
2026-03-23 09:23:24,909 - WARNING - CaseID: 2187 - name和args数量不匹配（name:1个, args:0个），跳过该组对比
2026-03-23 09:23:24,909 - ERROR - CaseID: 2187
结果数量不匹配: 预期0个，实际1个
2026-03-23 09:23:24,909 - WARNING - CaseID: 2188 - 参数解析失败: Expecting ',' delimiter: line 1 column 69 (char 68), 原始数据: {"action":"pause_drive","point_desc":{"subject":"墙
2026-03-23 09:23:24,909 - WARNING - CaseID: 2188 - name和args数量不匹配（name:1个, args:0个），跳过该组对比
2026-03-23 09:23:24,910 - ERROR - CaseID: 2188
结果数量不匹配: 预期0个，实际1个
2026-03-23 09:23:24,910 - WARNING - CaseID: 2189 - 参数解析失败: Expecting ',' delimiter: line 1 column 69 (char 68), 原始数据: {"action":"pause_drive","point_desc":{"subject":"墙
2026-03-23 09:23:24,910 - WARNING - CaseID: 2189 - name和args数量不匹配（name:1个, args:0个），跳过该组对比
2026-03-23 09:23:24,910 - ERROR - CaseID: 2189
结果数量不匹配: 预期0个，实际1个
2026-03-23 09:23:24,910 - WARNING - CaseID: 2190 - 参数解析失败: Expecting ',' delimiter: line 1 column 69 (char 68), 原始数据: {"action":"pause_drive","point_desc":{"subject":"墙
2026-03-23 09:23:24,910 - WARNING - CaseID: 2190 - name和args数量不匹配（name:1个, args:0个），跳过该组对比
2026-03-23 09:23:24,910 - ERROR - CaseID: 2190
结果数量不匹配: 预期0个，实际1个
2026-03-23 09:23:24,910 - WARNING - CaseID: 2191 - 参数解析失败: Expecting ',' delimiter: line 1 column 69 (char 68), 原始数据: {"action":"pause_drive","point_desc":{"subject":"墙
2026-03-23 09:23:24,910 - WARNING - CaseID: 2191 - name和args数量不匹配（name:1个, args:0个），跳过该组对比
2026-03-23 09:23:24,910 - ERROR - CaseID: 2191
结果数量不匹配: 预期0个，实际1个
2026-03-23 09:23:24,910 - WARNING - CaseID: 2192 - 参数解析失败: Expecting ',' delimiter: line 1 column 69 (char 68), 原始数据: {"action":"pause_drive","point_desc":{"subject":"墙
2026-03-23 09:23:24,910 - WARNING - CaseID: 2192 - name和args数量不匹配（name:1个, args:0个），跳过该组对比
2026-03-23 09:23:24,910 - ERROR - CaseID: 2192
结果数量不匹配: 预期0个，实际1个
2026-03-23 09:23:24,910 - WARNING - CaseID: 2193 - 参数解析失败: Expecting ',' delimiter: line 1 column 62 (char 61), 原始数据: {"action":"park","point_desc":{"subject":"我","posi
2026-03-23 09:23:24,910 - WARNING - CaseID: 2193 - name和args数量不匹配（name:1个, args:0个），跳过该组对比
2026-03-23 09:23:24,910 - ERROR - CaseID: 2193
结果数量不匹配: 预期0个，实际1个
2026-03-23 09:23:24,910 - WARNING - CaseID: 2194 - 参数解析失败: Expecting ',' delimiter: line 1 column 63 (char 62), 原始数据: {"action":"park","point_desc":{"subject":"我们","pos
2026-03-23 09:23:24,910 - WARNING - CaseID: 2194 - name和args数量不匹配（name:1个, args:0个），跳过该组对比
2026-03-23 09:23:24,910 - ERROR - CaseID: 2194
结果数量不匹配: 预期0个，实际1个
2026-03-23 09:23:24,910 - WARNING - CaseID: 2195 - 参数解析失败: Expecting ',' delimiter: line 1 column 62 (char 61), 原始数据: {"action":"park","point_desc":{"subject":"我","posi
2026-03-23 09:23:24,910 - WARNING - CaseID: 2195 - name和args数量不匹配（name:1个, args:0个），跳过该组对比
2026-03-23 09:23:24,910 - ERROR - CaseID: 2195
结果数量不匹配: 预期0个，实际1个
2026-03-23 09:23:24,911 - WARNING - CaseID: 2196 - 参数解析失败: Expecting ',' delimiter: line 1 column 63 (char 62), 原始数据: {"action":"park","point_desc":{"subject":"我们","pos
2026-03-23 09:23:24,911 - WARNING - CaseID: 2196 - name和args数量不匹配（name:1个, args:0个），跳过该组对比
2026-03-23 09:23:24,911 - ERROR - CaseID: 2196
结果数量不匹配: 预期0个，实际1个
2026-03-23 09:23:24,911 - WARNING - CaseID: 2197 - 参数解析失败: Expecting ',' delimiter: line 1 column 62 (char 61), 原始数据: {"action":"park","point_desc":{"subject":"我","posi
2026-03-23 09:23:24,911 - WARNING - CaseID: 2197 - name和args数量不匹配（name:1个, args:0个），跳过该组对比
2026-03-23 09:23:24,911 - ERROR - CaseID: 2197
结果数量不匹配: 预期0个，实际1个
2026-03-23 09:23:24,911 - WARNING - CaseID: 2198 - 参数解析失败: Expecting ',' delimiter: line 1 column 63 (char 62), 原始数据: {"action":"park","point_desc":{"subject":"我们","pos
2026-03-23 09:23:24,911 - WARNING - CaseID: 2198 - name和args数量不匹配（name:1个, args:0个），跳过该组对比
2026-03-23 09:23:24,911 - ERROR - CaseID: 2198
结果数量不匹配: 预期0个，实际1个
2026-03-23 09:23:24,911 - WARNING - CaseID: 2199 - 参数解析失败: Expecting ',' delimiter: line 1 column 62 (char 61), 原始数据: {"action":"park","point_desc":{"subject":"我","posi
2026-03-23 09:23:24,911 - WARNING - CaseID: 2199 - name和args数量不匹配（name:1个, args:0个），跳过该组对比
2026-03-23 09:23:24,911 - ERROR - CaseID: 2199
结果数量不匹配: 预期0个，实际1个
2026-03-23 09:23:24,911 - WARNING - CaseID: 2200 - 参数解析失败: Expecting ',' delimiter: line 1 column 63 (char 62), 原始数据: {"action":"park","point_desc":{"subject":"我们","pos
2026-03-23 09:23:24,911 - WARNING - CaseID: 2200 - name和args数量不匹配（name:1个, args:0个），跳过该组对比
2026-03-23 09:23:24,911 - ERROR - CaseID: 2200
结果数量不匹配: 预期0个，实际1个
2026-03-23 09:23:24,911 - WARNING - CaseID: 2201 - 参数解析失败: Expecting ',' delimiter: line 1 column 62 (char 61), 原始数据: {"action":"park","point_desc":{"subject":"我","posi
2026-03-23 09:23:24,911 - WARNING - CaseID: 2201 - name和args数量不匹配（name:1个, args:0个），跳过该组对比
2026-03-23 09:23:24,911 - ERROR - CaseID: 2201
结果数量不匹配: 预期0个，实际1个
2026-03-23 09:23:24,911 - WARNING - CaseID: 2202 - 参数解析失败: Expecting ',' delimiter: line 1 column 62 (char 61), 原始数据: {"action":"park","point_desc":{"subject":"我","posi
2026-03-23 09:23:24,911 - WARNING - CaseID: 2202 - name和args数量不匹配（name:1个, args:0个），跳过该组对比
2026-03-23 09:23:24,911 - ERROR - CaseID: 2202
结果数量不匹配: 预期0个，实际1个
2026-03-23 09:23:24,911 - WARNING - CaseID: 2203 - 参数解析失败: Expecting ',' delimiter: line 1 column 63 (char 62), 原始数据: {"action":"park","point_desc":{"subject":"我们","pos
2026-03-23 09:23:24,911 - WARNING - CaseID: 2203 - name和args数量不匹配（name:1个, args:0个），跳过该组对比
2026-03-23 09:23:24,911 - ERROR - CaseID: 2203
结果数量不匹配: 预期0个，实际1个
2026-03-23 09:23:24,911 - WARNING - CaseID: 2204 - 参数解析失败: Expecting ',' delimiter: line 1 column 62 (char 61), 原始数据: {"action":"park","point_desc":{"subject":"我","posi
2026-03-23 09:23:24,911 - WARNING - CaseID: 2204 - name和args数量不匹配（name:1个, args:0个），跳过该组对比
2026-03-23 09:23:24,912 - ERROR - CaseID: 2204
结果数量不匹配: 预期0个，实际1个
2026-03-23 09:23:24,912 - WARNING - CaseID: 2205 - 参数解析失败: Expecting ',' delimiter: line 1 column 63 (char 62), 原始数据: {"action":"park","point_desc":{"subject":"我们","pos
2026-03-23 09:23:24,912 - WARNING - CaseID: 2205 - name和args数量不匹配（name:1个, args:0个），跳过该组对比
2026-03-23 09:23:24,912 - ERROR - CaseID: 2205
结果数量不匹配: 预期0个，实际1个
2026-03-23 09:23:24,912 - WARNING - CaseID: 2206 - 参数解析失败: Expecting ',' delimiter: line 1 column 62 (char 61), 原始数据: {"action":"park","point_desc":{"subject":"我","posi
2026-03-23 09:23:24,912 - WARNING - CaseID: 2206 - name和args数量不匹配（name:1个, args:0个），跳过该组对比
2026-03-23 09:23:24,912 - ERROR - CaseID: 2206
结果数量不匹配: 预期0个，实际1个
2026-03-23 09:23:24,912 - WARNING - CaseID: 2207 - 参数解析失败: Expecting ',' delimiter: line 1 column 62 (char 61), 原始数据: {"action":"park","point_desc":{"subject":"我","posi
2026-03-23 09:23:24,912 - WARNING - CaseID: 2207 - name和args数量不匹配（name:1个, args:0个），跳过该组对比
2026-03-23 09:23:24,912 - ERROR - CaseID: 2207
结果数量不匹配: 预期0个，实际1个
2026-03-23 09:23:24,912 - WARNING - CaseID: 2208 - 参数解析失败: Expecting ',' delimiter: line 1 column 63 (char 62), 原始数据: {"action":"park","point_desc":{"subject":"我们","pos
2026-03-23 09:23:24,912 - WARNING - CaseID: 2208 - name和args数量不匹配（name:1个, args:0个），跳过该组对比
2026-03-23 09:23:24,912 - ERROR - CaseID: 2208
结果数量不匹配: 预期0个，实际1个
2026-03-23 09:23:24,912 - WARNING - CaseID: 2209 - 参数解析失败: Expecting ',' delimiter: line 1 column 62 (char 61), 原始数据: {"action":"park","point_desc":{"subject":"我","posi
2026-03-23 09:23:24,912 - WARNING - CaseID: 2209 - name和args数量不匹配（name:1个, args:0个），跳过该组对比
2026-03-23 09:23:24,912 - ERROR - CaseID: 2209
结果数量不匹配: 预期0个，实际1个
2026-03-23 09:23:24,912 - WARNING - CaseID: 2210 - 参数解析失败: Expecting ',' delimiter: line 1 column 62 (char 61), 原始数据: {"action":"park","point_desc":{"subject":"我","posi
2026-03-23 09:23:24,912 - WARNING - CaseID: 2210 - name和args数量不匹配（name:1个, args:0个），跳过该组对比
2026-03-23 09:23:24,912 - ERROR - CaseID: 2210
结果数量不匹配: 预期0个，实际1个
2026-03-23 09:23:24,912 - WARNING - CaseID: 2211 - 参数解析失败: Expecting ',' delimiter: line 1 column 63 (char 62), 原始数据: {"action":"park","point_desc":{"subject":"我们","pos
2026-03-23 09:23:24,912 - WARNING - CaseID: 2211 - name和args数量不匹配（name:1个, args:0个），跳过该组对比
2026-03-23 09:23:24,912 - ERROR - CaseID: 2211
结果数量不匹配: 预期0个，实际1个
2026-03-23 09:23:24,912 - WARNING - CaseID: 2212 - 参数解析失败: Expecting ',' delimiter: line 1 column 62 (char 61), 原始数据: {"action":"park","point_desc":{"subject":"我","posi
2026-03-23 09:23:24,912 - WARNING - CaseID: 2212 - name和args数量不匹配（name:1个, args:0个），跳过该组对比
2026-03-23 09:23:24,912 - ERROR - CaseID: 2212
结果数量不匹配: 预期0个，实际1个
2026-03-23 09:23:24,912 - ERROR - CaseID: 2214
实际结果缺少以下预期项：
  名称: vla_control, 参数: {"action": "park_out", "point_desc": {"subject": "\u6211"}, "point_tag": "HERE"}
实际结果多出以下非预期项：
  名称: phone_call, 参数: {"action": "call", "contacts": "\u6211"}
2026-03-23 09:23:24,913 - ERROR - CaseID: 2216
实际结果缺少以下预期项：
  名称: vla_control, 参数: {"action": "park_out", "point_desc": {"subject": "\u6211"}, "point_tag": "HERE"}
实际结果多出以下非预期项：
  名称: vla_control, 参数: {"action": "park_out", "point_desc": {"position": "\u65c1\u8fb9", "subject": "\u6211"}}
2026-03-23 09:23:24,913 - ERROR - CaseID: 2218
实际结果缺少以下预期项：
  名称: vla_control, 参数: {"action": "park_out", "point_desc": {"subject": "\u6211"}, "point_tag": "HERE"}
实际结果多出以下非预期项：
  名称: playback_control, 参数: {"action": "play"}
2026-03-23 09:23:24,913 - ERROR - CaseID: 2220
实际结果缺少以下预期项：
  名称: vla_control, 参数: {"action": "park_out", "point_desc": {"subject": "\u6211"}, "point_tag": "HERE"}
实际结果多出以下非预期项：
  名称: vla_control, 参数: {"action": "park_in", "point_desc": {"subject": "\u6211"}, "point_tag": "HERE"}
2026-03-23 09:23:24,913 - ERROR - CaseID: 2221
实际结果缺少以下预期项：
  名称: vla_control, 参数: {"action": "park_out", "point_desc": {"subject": "\u6211"}, "point_tag": "HERE"}
实际结果多出以下非预期项：
  名称: playback_control, 参数: {"action": "play"}
2026-03-23 09:23:24,913 - ERROR - CaseID: 2223
实际结果缺少以下预期项：
  名称: vla_control, 参数: {"action": "park_out", "point_desc": {"subject": "\u6211"}, "point_tag": "HERE"}
实际结果多出以下非预期项：
  名称: vla_control, 参数: {"action": "park_out", "point_desc": {"point_tag": "HERE", "subject": "\u6211"}}
2026-03-23 09:23:24,913 - ERROR - CaseID: 2225
实际结果缺少以下预期项：
  名称: vla_control, 参数: {"action": "park_out", "point_desc": {"subject": "\u6211"}, "point_tag": "HERE"}
实际结果多出以下非预期项：
  名称: vla_control, 参数: {"action": "park_out", "point_desc": {"point_tag": "HERE", "subject": "\u6211"}}
2026-03-23 09:23:24,913 - ERROR - CaseID: 2227
实际结果缺少以下预期项：
  名称: vla_control, 参数: {"action": "park_out", "point_desc": {"subject": "\u6211"}, "point_tag": "HERE"}
实际结果多出以下非预期项：
  名称: playback_control, 参数: {"action": "play"}
2026-03-23 09:23:24,913 - ERROR - CaseID: 2229
实际结果缺少以下预期项：
  名称: vla_control, 参数: {"action": "park_out", "point_desc": {"subject": "\u6211"}, "point_tag": "HERE"}
实际结果多出以下非预期项：
  名称: phone_call, 参数: {"action": "call", "contacts": "\u6211"}
2026-03-23 09:23:24,913 - ERROR - CaseID: 2228
实际结果缺少以下预期项：
  名称: vla_control, 参数: {"action": "park_out", "point_desc": {"subject": "\u6211"}, "point_tag": "HERE"}
实际结果多出以下非预期项：
  名称: vla_control, 参数: {"action": "park_out", "point_desc": {"subject": "\u6211"}, "position": "\u524d"}
2026-03-23 09:23:24,914 - ERROR - CaseID: 2231
实际结果缺少以下预期项：
  名称: vla_control, 参数: {"action": "park_out", "point_desc": {"subject": "\u6211"}, "point_tag": "HERE"}
实际结果多出以下非预期项：
  名称: playback_control, 参数: {"action": "play"}
2026-03-23 09:23:24,914 - ERROR - CaseID: 2230
实际结果缺少以下预期项：
  名称: vla_control, 参数: {"action": "park_out", "point_desc": {"subject": "\u6211"}, "point_tag": "HERE"}
实际结果多出以下非预期项：
  名称: device_control, 参数: {"action": "unsupport"}
2026-03-23 09:23:24,914 - ERROR - CaseID: 2232
实际结果缺少以下预期项：
  名称: vla_control, 参数: {"action": "park_out", "point_desc": {"subject": "\u6211"}, "point_tag": "HERE"}
实际结果多出以下非预期项：
  名称: vla_control, 参数: {"action": "park_out", "point_desc": {"point_tag": "HERE", "subject": "\u6211"}}
2026-03-23 09:23:24,914 - WARNING - CaseID: 2233 - 参数解析失败: Expecting ',' delimiter: line 1 column 65 (char 64), 原始数据: {"action":"park_in","point_desc":{"subject":"我","p
2026-03-23 09:23:24,914 - WARNING - CaseID: 2233 - name和args数量不匹配（name:1个, args:0个），跳过该组对比
2026-03-23 09:23:24,914 - ERROR - CaseID: 2233
结果数量不匹配: 预期0个，实际1个
2026-03-23 09:23:24,914 - WARNING - CaseID: 2234 - 参数解析失败: Expecting ',' delimiter: line 1 column 64 (char 63), 原始数据: {"action":"park_in","point_desc":{"subject":"我","p
2026-03-23 09:23:24,914 - WARNING - CaseID: 2234 - name和args数量不匹配（name:1个, args:0个），跳过该组对比
2026-03-23 09:23:24,914 - ERROR - CaseID: 2234
结果数量不匹配: 预期0个，实际1个
2026-03-23 09:23:24,914 - WARNING - CaseID: 2235 - 参数解析失败: Expecting ',' delimiter: line 1 column 64 (char 63), 原始数据: {"action":"park_in","point_desc":{"subject":"我","p
2026-03-23 09:23:24,914 - WARNING - CaseID: 2235 - name和args数量不匹配（name:1个, args:0个），跳过该组对比
2026-03-23 09:23:24,914 - ERROR - CaseID: 2235
结果数量不匹配: 预期0个，实际1个
2026-03-23 09:23:24,914 - WARNING - CaseID: 2236 - 参数解析失败: Expecting ',' delimiter: line 1 column 64 (char 63), 原始数据: {"action":"park_in","point_desc":{"subject":"我","p
2026-03-23 09:23:24,914 - WARNING - CaseID: 2236 - name和args数量不匹配（name:1个, args:0个），跳过该组对比
2026-03-23 09:23:24,914 - ERROR - CaseID: 2236
结果数量不匹配: 预期0个，实际1个
2026-03-23 09:23:24,914 - WARNING - CaseID: 2237 - 参数解析失败: Expecting ',' delimiter: line 1 column 65 (char 64), 原始数据: {"action":"park_in","point_desc":{"subject":"我","p
2026-03-23 09:23:24,914 - WARNING - CaseID: 2237 - name和args数量不匹配（name:1个, args:0个），跳过该组对比
2026-03-23 09:23:24,914 - ERROR - CaseID: 2237
结果数量不匹配: 预期0个，实际1个
2026-03-23 09:23:24,914 - WARNING - CaseID: 2238 - 参数解析失败: Expecting ',' delimiter: line 1 column 64 (char 63), 原始数据: {"action":"park_in","point_desc":{"subject":"我","p
2026-03-23 09:23:24,914 - WARNING - CaseID: 2238 - name和args数量不匹配（name:1个, args:0个），跳过该组对比
2026-03-23 09:23:24,914 - ERROR - CaseID: 2238
结果数量不匹配: 预期0个，实际1个
2026-03-23 09:23:24,914 - WARNING - CaseID: 2239 - 参数解析失败: Expecting ',' delimiter: line 1 column 65 (char 64), 原始数据: {"action":"park_in","point_desc":{"subject":"我","p
2026-03-23 09:23:24,914 - WARNING - CaseID: 2239 - name和args数量不匹配（name:1个, args:0个），跳过该组对比
2026-03-23 09:23:24,914 - ERROR - CaseID: 2239
结果数量不匹配: 预期0个，实际1个
2026-03-23 09:23:24,914 - WARNING - CaseID: 2240 - 参数解析失败: Expecting ',' delimiter: line 1 column 64 (char 63), 原始数据: {"action":"park_in","point_desc":{"subject":"我","p
2026-03-23 09:23:24,915 - WARNING - CaseID: 2240 - name和args数量不匹配（name:1个, args:0个），跳过该组对比
2026-03-23 09:23:24,915 - ERROR - CaseID: 2240
结果数量不匹配: 预期0个，实际1个
2026-03-23 09:23:24,915 - WARNING - CaseID: 2241 - 参数解析失败: Expecting ',' delimiter: line 1 column 66 (char 65), 原始数据: {"action":"park_in", "point_desc":{"subject":"我","
2026-03-23 09:23:24,915 - WARNING - CaseID: 2241 - name和args数量不匹配（name:1个, args:0个），跳过该组对比
2026-03-23 09:23:24,915 - WARNING - CaseID: 2242 - 参数解析失败: Expecting ',' delimiter: line 1 column 65 (char 64), 原始数据: {"action":"park_in","point_desc":{"subject":"我","p
2026-03-23 09:23:24,915 - WARNING - CaseID: 2242 - name和args数量不匹配（name:1个, args:0个），跳过该组对比
2026-03-23 09:23:24,915 - ERROR - CaseID: 2242
结果数量不匹配: 预期0个，实际1个
2026-03-23 09:23:24,915 - WARNING - CaseID: 2243 - 参数解析失败: Expecting ',' delimiter: line 1 column 64 (char 63), 原始数据: {"action":"park_in","point_desc":{"subject":"我","p
2026-03-23 09:23:24,915 - WARNING - CaseID: 2243 - name和args数量不匹配（name:1个, args:0个），跳过该组对比
2026-03-23 09:23:24,915 - ERROR - CaseID: 2243
结果数量不匹配: 预期0个，实际1个
2026-03-23 09:23:24,915 - WARNING - CaseID: 2244 - 参数解析失败: Expecting ',' delimiter: line 1 column 64 (char 63), 原始数据: {"action":"park_in","point_desc":{"subject":"我","p
2026-03-23 09:23:24,915 - WARNING - CaseID: 2244 - name和args数量不匹配（name:1个, args:0个），跳过该组对比
2026-03-23 09:23:24,915 - ERROR - CaseID: 2244
结果数量不匹配: 预期0个，实际1个
2026-03-23 09:23:24,915 - WARNING - CaseID: 2245 - 参数解析失败: Expecting ',' delimiter: line 1 column 64 (char 63), 原始数据: {"action":"park_in","point_desc":{"subject":"我","p
2026-03-23 09:23:24,915 - WARNING - CaseID: 2245 - name和args数量不匹配（name:1个, args:0个），跳过该组对比
2026-03-23 09:23:24,915 - ERROR - CaseID: 2245
结果数量不匹配: 预期0个，实际1个
2026-03-23 09:23:24,915 - WARNING - CaseID: 2246 - 参数解析失败: Expecting ',' delimiter: line 1 column 64 (char 63), 原始数据: {"action":"park_in","point_desc":{"subject":"我","p
2026-03-23 09:23:24,915 - WARNING - CaseID: 2246 - name和args数量不匹配（name:1个, args:0个），跳过该组对比
2026-03-23 09:23:24,915 - ERROR - CaseID: 2246
结果数量不匹配: 预期0个，实际1个
2026-03-23 09:23:24,915 - WARNING - CaseID: 2247 - 参数解析失败: Expecting ',' delimiter: line 1 column 66 (char 65), 原始数据: {"action":"park_in", "point_desc":{"subject":"我","
2026-03-23 09:23:24,915 - WARNING - CaseID: 2247 - name和args数量不匹配（name:1个, args:0个），跳过该组对比
2026-03-23 09:23:24,915 - WARNING - CaseID: 2248 - 参数解析失败: Expecting ',' delimiter: line 1 column 64 (char 63), 原始数据: {"action":"park_in","point_desc":{"subject":"我","p
2026-03-23 09:23:24,915 - WARNING - CaseID: 2248 - name和args数量不匹配（name:1个, args:0个），跳过该组对比
2026-03-23 09:23:24,915 - ERROR - CaseID: 2248
结果数量不匹配: 预期0个，实际1个
2026-03-23 09:23:24,915 - WARNING - CaseID: 2249 - 参数解析失败: Expecting ',' delimiter: line 1 column 64 (char 63), 原始数据: {"action":"park_in","point_desc":{"subject":"我","p
2026-03-23 09:23:24,915 - WARNING - CaseID: 2249 - name和args数量不匹配（name:1个, args:0个），跳过该组对比
2026-03-23 09:23:24,915 - ERROR - CaseID: 2249
结果数量不匹配: 预期0个，实际1个
2026-03-23 09:23:24,916 - WARNING - CaseID: 2250 - 参数解析失败: Expecting ',' delimiter: line 1 column 66 (char 65), 原始数据: {"action":"park_in", "point_desc":{"subject":"我","
2026-03-23 09:23:24,916 - WARNING - CaseID: 2250 - name和args数量不匹配（name:1个, args:0个），跳过该组对比
2026-03-23 09:23:24,916 - WARNING - CaseID: 2251 - 参数解析失败: Expecting ',' delimiter: line 1 column 64 (char 63), 原始数据: {"action":"park_in","point_desc":{"subject":"我","p
2026-03-23 09:23:24,916 - WARNING - CaseID: 2251 - name和args数量不匹配（name:1个, args:0个），跳过该组对比
2026-03-23 09:23:24,916 - ERROR - CaseID: 2251
结果数量不匹配: 预期0个，实际1个
2026-03-23 09:23:24,916 - WARNING - CaseID: 2252 - 参数解析失败: Expecting ',' delimiter: line 1 column 64 (char 63), 原始数据: {"action":"park_in","point_desc":{"subject":"我","p
2026-03-23 09:23:24,916 - WARNING - CaseID: 2252 - name和args数量不匹配（name:1个, args:0个），跳过该组对比
2026-03-23 09:23:24,916 - ERROR - CaseID: 2252
结果数量不匹配: 预期0个，实际1个
2026-03-23 09:23:24,917 - ERROR - CaseID: 2305
实际结果缺少以下预期项：
  名称: vla_control, 参数: {"action": "park", "point_desc": {"parking_space": "\u8f66\u4f4d"}, "position": "\u524d"}
实际结果多出以下非预期项：
  名称: vla_control, 参数: {"action": "park", "point_desc": {"parking_space": "\u8f66\u4f4d"}, "position": "\u5de6\u524d"}
2026-03-23 09:23:24,917 - ERROR - CaseID: 2306
实际结果缺少以下预期项：
  名称: vla_control, 参数: {"action": "park", "point_desc": {"parking_space": "\u8f66\u4f4d"}, "position": "\u524d"}
实际结果多出以下非预期项：
  名称: vla_control, 参数: {"action": "park", "point_desc": {"parking_space": "\u8f66\u4f4d"}, "position": "\u53f3\u524d"}
2026-03-23 09:23:24,917 - ERROR - CaseID: 2307
实际结果缺少以下预期项：
  名称: vla_control, 参数: {"action": "park", "point_desc": {"parking_space": "\u8f66\u4f4d"}, "position": "\u540e"}
实际结果多出以下非预期项：
  名称: vla_control, 参数: {"action": "park", "point_desc": {"parking_space": "\u8f66\u4f4d"}, "position": "\u5de6\u540e"}
2026-03-23 09:23:24,917 - ERROR - CaseID: 2308
实际结果缺少以下预期项：
  名称: vla_control, 参数: {"action": "park", "point_desc": {"parking_space": "\u8f66\u4f4d"}, "position": "\u540e"}
实际结果多出以下非预期项：
  名称: vla_control, 参数: {"action": "park", "point_desc": {"parking_space": "\u8f66\u4f4d"}, "position": "\u53f3\u540e"}
2026-03-23 09:23:24,917 - ERROR - CaseID: 2315
实际结果缺少以下预期项：
  名称: vla_control, 参数: {"action": "park_in", "position": "\u5de6"}
实际结果多出以下非预期项：
  名称: vla_control, 参数: {"action": "park_in", "point_desc": {"parking_space": "\u8f66\u4f4d"}, "position": "\u5de6"}
2026-03-23 09:23:24,917 - ERROR - CaseID: 2316
实际结果缺少以下预期项：
  名称: vla_control, 参数: {"action": "park_in", "position": "\u53f3"}
实际结果多出以下非预期项：
  名称: vla_control, 参数: {"action": "park_in", "point_desc": {"parking_space": "\u8f66\u4f4d"}, "position": "\u53f3"}
2026-03-23 09:23:24,917 - ERROR - CaseID: 2319
实际结果缺少以下预期项：
  名称: vla_control, 参数: {"action": "park_in", "position": "\u5de6"}
实际结果多出以下非预期项：
  名称: vla_control, 参数: {"action": "park_in", "point_desc": {"parking_space": "\u8f66\u4f4d"}, "position": "\u5de6"}
2026-03-23 09:23:24,918 - ERROR - CaseID: 2320
实际结果缺少以下预期项：
  名称: vla_control, 参数: {"action": "park_in", "position": "\u53f3"}
实际结果多出以下非预期项：
  名称: vla_control, 参数: {"action": "navigate", "point_desc": {"parking_space": "\u8f66\u4f4d"}, "position": "\u53f3"}
2026-03-23 09:23:24,918 - ERROR - CaseID: 2321
实际结果缺少以下预期项：
  名称: vla_control, 参数: {"action": "park_in", "position": "\u5de6"}
实际结果多出以下非预期项：
  名称: vla_control, 参数: {"action": "park_in", "point_desc": {"parking_space": "\u8f66\u4f4d"}, "position": "\u5de6"}
2026-03-23 09:23:24,918 - ERROR - CaseID: 2322
实际结果缺少以下预期项：
  名称: vla_control, 参数: {"action": "park_in", "position": "\u53f3"}
实际结果多出以下非预期项：
  名称: vla_control, 参数: {"action": "park", "point_desc": {"parking_space": "\u8f66\u4f4d"}, "position": "\u53f3"}
2026-03-23 09:23:24,918 - ERROR - CaseID: 2332
实际结果缺少以下预期项：
  名称: vla_control, 参数: {"action": "park_in", "position": "\u53f3"}
实际结果多出以下非预期项：
  名称: vla_control, 参数: {"action": "park_in", "position": "\u9760\u53f3"}
2026-03-23 09:23:24,918 - ERROR - CaseID: 2338
实际结果缺少以下预期项：
  名称: vla_control, 参数: {"action": "park_in", "position": "\u5de6"}
实际结果多出以下非预期项：
  名称: vla_control, 参数: {"action": "park_in", "position": "\u5de6\u524d"}
2026-03-23 09:23:24,919 - WARNING - CaseID: 2353 - 参数解析失败: Expecting ',' delimiter: line 1 column 68 (char 67), 原始数据: {"action":"park","position":"左","point_desc":{"par
2026-03-23 09:23:24,919 - WARNING - CaseID: 2353 - name和args数量不匹配（name:1个, args:0个），跳过该组对比
2026-03-23 09:23:24,919 - ERROR - CaseID: 2353
结果数量不匹配: 预期0个，实际1个
2026-03-23 09:23:24,919 - WARNING - CaseID: 2354 - 参数解析失败: Expecting ',' delimiter: line 1 column 68 (char 67), 原始数据: {"action":"park","position":"右","point_desc":{"par
2026-03-23 09:23:24,919 - WARNING - CaseID: 2354 - name和args数量不匹配（name:1个, args:0个），跳过该组对比
2026-03-23 09:23:24,919 - ERROR - CaseID: 2354
结果数量不匹配: 预期0个，实际1个
2026-03-23 09:23:24,919 - WARNING - CaseID: 2355 - 参数解析失败: Expecting ',' delimiter: line 1 column 68 (char 67), 原始数据: {"action":"park","position":"左","point_desc":{"par
2026-03-23 09:23:24,919 - WARNING - CaseID: 2355 - name和args数量不匹配（name:1个, args:0个），跳过该组对比
2026-03-23 09:23:24,919 - ERROR - CaseID: 2355
结果数量不匹配: 预期0个，实际1个
2026-03-23 09:23:24,919 - WARNING - CaseID: 2356 - 参数解析失败: Expecting ',' delimiter: line 1 column 68 (char 67), 原始数据: {"action":"park","position":"右","point_desc":{"par
2026-03-23 09:23:24,919 - WARNING - CaseID: 2356 - name和args数量不匹配（name:1个, args:0个），跳过该组对比
2026-03-23 09:23:24,919 - ERROR - CaseID: 2356
结果数量不匹配: 预期0个，实际1个
2026-03-23 09:23:24,919 - WARNING - CaseID: 2357 - 参数解析失败: Expecting ',' delimiter: line 1 column 69 (char 68), 原始数据: {"action":"park","position":"右后","point_desc":{"pa
2026-03-23 09:23:24,919 - WARNING - CaseID: 2357 - name和args数量不匹配（name:1个, args:0个），跳过该组对比
2026-03-23 09:23:24,919 - ERROR - CaseID: 2357
结果数量不匹配: 预期0个，实际1个
2026-03-23 09:23:24,919 - WARNING - CaseID: 2358 - 参数解析失败: Expecting ',' delimiter: line 1 column 68 (char 67), 原始数据: {"action":"park","position":"后","point_desc":{"par
2026-03-23 09:23:24,919 - WARNING - CaseID: 2358 - name和args数量不匹配（name:1个, args:0个），跳过该组对比
2026-03-23 09:23:24,919 - ERROR - CaseID: 2358
结果数量不匹配: 预期0个，实际1个
2026-03-23 09:23:24,919 - WARNING - CaseID: 2359 - 参数解析失败: Expecting ',' delimiter: line 1 column 69 (char 68), 原始数据: {"action":"park","position":"左后","point_desc":{"pa
2026-03-23 09:23:24,919 - WARNING - CaseID: 2359 - name和args数量不匹配（name:1个, args:0个），跳过该组对比
2026-03-23 09:23:24,919 - ERROR - CaseID: 2359
结果数量不匹配: 预期0个，实际1个
2026-03-23 09:23:24,919 - WARNING - CaseID: 2360 - 参数解析失败: Expecting ',' delimiter: line 1 column 69 (char 68), 原始数据: {"action":"park","position":"右前","point_desc":{"pa
2026-03-23 09:23:24,920 - WARNING - CaseID: 2360 - name和args数量不匹配（name:1个, args:0个），跳过该组对比
2026-03-23 09:23:24,920 - ERROR - CaseID: 2360
结果数量不匹配: 预期0个，实际1个
2026-03-23 09:23:24,920 - WARNING - CaseID: 2361 - 参数解析失败: Expecting ',' delimiter: line 1 column 68 (char 67), 原始数据: {"action":"park","position":"左","point_desc":{"par
2026-03-23 09:23:24,920 - WARNING - CaseID: 2361 - name和args数量不匹配（name:1个, args:0个），跳过该组对比
2026-03-23 09:23:24,920 - ERROR - CaseID: 2361
结果数量不匹配: 预期0个，实际1个
2026-03-23 09:23:24,920 - WARNING - CaseID: 2362 - 参数解析失败: Expecting ',' delimiter: line 1 column 68 (char 67), 原始数据: {"action":"park","position":"右","point_desc":{"par
2026-03-23 09:23:24,920 - WARNING - CaseID: 2362 - name和args数量不匹配（name:1个, args:0个），跳过该组对比
2026-03-23 09:23:24,920 - ERROR - CaseID: 2362
结果数量不匹配: 预期0个，实际1个
2026-03-23 09:23:24,920 - WARNING - CaseID: 2363 - 参数解析失败: Expecting ',' delimiter: line 1 column 68 (char 67), 原始数据: {"action":"park","position":"前","point_desc":{"par
2026-03-23 09:23:24,920 - WARNING - CaseID: 2363 - name和args数量不匹配（name:1个, args:0个），跳过该组对比
2026-03-23 09:23:24,920 - ERROR - CaseID: 2363
结果数量不匹配: 预期0个，实际1个
2026-03-23 09:23:24,920 - WARNING - CaseID: 2364 - 参数解析失败: Expecting ',' delimiter: line 1 column 68 (char 67), 原始数据: {"action":"park","position":"后","point_desc":{"par
2026-03-23 09:23:24,920 - WARNING - CaseID: 2364 - name和args数量不匹配（name:1个, args:0个），跳过该组对比
2026-03-23 09:23:24,920 - ERROR - CaseID: 2364
结果数量不匹配: 预期0个，实际1个
2026-03-23 09:23:24,920 - WARNING - CaseID: 2365 - 参数解析失败: Expecting ',' delimiter: line 1 column 69 (char 68), 原始数据: {"action":"park","position":"左前","point_desc":{"pa
2026-03-23 09:23:24,920 - WARNING - CaseID: 2365 - name和args数量不匹配（name:1个, args:0个），跳过该组对比
2026-03-23 09:23:24,920 - ERROR - CaseID: 2365
结果数量不匹配: 预期0个，实际1个
2026-03-23 09:23:24,920 - WARNING - CaseID: 2366 - 参数解析失败: Expecting ',' delimiter: line 1 column 69 (char 68), 原始数据: {"action":"park","position":"右后","point_desc":{"pa
2026-03-23 09:23:24,920 - WARNING - CaseID: 2366 - name和args数量不匹配（name:1个, args:0个），跳过该组对比
2026-03-23 09:23:24,920 - ERROR - CaseID: 2366
结果数量不匹配: 预期0个，实际1个
2026-03-23 09:23:24,920 - WARNING - CaseID: 2367 - 参数解析失败: Expecting ',' delimiter: line 1 column 69 (char 68), 原始数据: {"action":"park","position":"左后","point_desc":{"pa
2026-03-23 09:23:24,920 - WARNING - CaseID: 2367 - name和args数量不匹配（name:1个, args:0个），跳过该组对比
2026-03-23 09:23:24,920 - ERROR - CaseID: 2367
结果数量不匹配: 预期0个，实际1个
2026-03-23 09:23:24,920 - WARNING - CaseID: 2368 - 参数解析失败: Expecting ',' delimiter: line 1 column 69 (char 68), 原始数据: {"action":"park","position":"右前","point_desc":{"pa
2026-03-23 09:23:24,920 - WARNING - CaseID: 2368 - name和args数量不匹配（name:1个, args:0个），跳过该组对比
2026-03-23 09:23:24,920 - ERROR - CaseID: 2368
结果数量不匹配: 预期0个，实际1个
2026-03-23 09:23:24,920 - WARNING - CaseID: 2369 - 参数解析失败: Expecting ',' delimiter: line 1 column 68 (char 67), 原始数据: {"action":"park","position":"前","point_desc":{"par
2026-03-23 09:23:24,920 - WARNING - CaseID: 2369 - name和args数量不匹配（name:1个, args:0个），跳过该组对比
2026-03-23 09:23:24,920 - ERROR - CaseID: 2369
结果数量不匹配: 预期0个，实际1个
2026-03-23 09:23:24,921 - WARNING - CaseID: 2370 - 参数解析失败: Expecting ',' delimiter: line 1 column 68 (char 67), 原始数据: {"action":"park","position":"左","point_desc":{"par
2026-03-23 09:23:24,921 - WARNING - CaseID: 2370 - name和args数量不匹配（name:1个, args:0个），跳过该组对比
2026-03-23 09:23:24,921 - ERROR - CaseID: 2370
结果数量不匹配: 预期0个，实际1个
2026-03-23 09:23:24,921 - WARNING - CaseID: 2371 - 参数解析失败: Expecting ',' delimiter: line 1 column 68 (char 67), 原始数据: {"action":"park","position":"右","point_desc":{"par
2026-03-23 09:23:24,921 - WARNING - CaseID: 2371 - name和args数量不匹配（name:1个, args:0个），跳过该组对比
2026-03-23 09:23:24,921 - ERROR - CaseID: 2371
结果数量不匹配: 预期0个，实际1个
2026-03-23 09:23:24,921 - WARNING - CaseID: 2372 - 参数解析失败: Expecting ',' delimiter: line 1 column 68 (char 67), 原始数据: {"action":"park","position":"后","point_desc":{"par
2026-03-23 09:23:24,921 - WARNING - CaseID: 2372 - name和args数量不匹配（name:1个, args:0个），跳过该组对比
2026-03-23 09:23:24,921 - ERROR - CaseID: 2372
结果数量不匹配: 预期0个，实际1个
2026-03-23 09:23:24,922 - ERROR - CaseID: 2387
实际结果缺少以下预期项：
  名称: vla_control, 参数: {"action": "park", "point_desc": {"position": "\u9760\u5de6"}, "position": "\u5de6"}
实际结果多出以下非预期项：
  名称: vla_control, 参数: {"action": "park_in", "point_desc": {"position": "\u5de6", "subject": "\u5899"}, "position": "\u9760\u5de6"}
2026-03-23 09:23:24,922 - ERROR - CaseID: 2388
实际结果缺少以下预期项：
  名称: vla_control, 参数: {"action": "park", "point_desc": {"position": "\u9760\u5de6"}, "position": "\u53f3"}
实际结果多出以下非预期项：
  名称: vla_control, 参数: {"action": "park_in", "point_desc": {"position": "\u9760\u5de6"}, "position": "\u53f3"}
2026-03-23 09:23:24,922 - ERROR - CaseID: 2389
实际结果缺少以下预期项：
  名称: vla_control, 参数: {"action": "park", "point_desc": {"position": "\u9760\u53f3"}, "position": "\u53f3"}
实际结果多出以下非预期项：
  名称: vla_control, 参数: {"action": "park_in", "point_desc": {"position": "\u9760\u53f3"}, "position": "\u53f3"}
2026-03-23 09:23:24,922 - ERROR - CaseID: 2390
实际结果缺少以下预期项：
  名称: vla_control, 参数: {"action": "park", "point_desc": {"position": "\u4e2d"}, "position": "\u53f3"}
实际结果多出以下非预期项：
  名称: vla_control, 参数: {"action": "park_in", "point_desc": {"position": "\u4e2d"}, "position": "\u53f3"}
2026-03-23 09:23:24,922 - ERROR - CaseID: 2391
实际结果缺少以下预期项：
  名称: vla_control, 参数: {"action": "park", "point_desc": {"position": "\u4e2d"}, "position": "\u5de6"}
实际结果多出以下非预期项：
  名称: vla_control, 参数: {"action": "park_in", "point_desc": {"position": "\u4e2d"}, "position": "\u5de6"}
2026-03-23 09:23:24,922 - ERROR - CaseID: 2392
实际结果缺少以下预期项：
  名称: vla_control, 参数: {"action": "park", "point_desc": {"position": "\u4e2d"}, "position": "\u53f3"}
实际结果多出以下非预期项：
  名称: vla_control, 参数: {"action": "park_in", "point_desc": {"position": "\u4e2d"}, "position": "\u53f3"}
2026-03-23 09:23:24,923 - ERROR - CaseID: 2424
实际结果缺少以下预期项：
  名称: vla_control, 参数: {"action": "navigate", "point_desc": {"parking_space": "\u8f66\u4f4d", "position": "\u9760\u53f3"}, "position": "\u53f3"}
实际结果多出以下非预期项：
  名称: vla_control, 参数: {"action": "navigate", "point_desc": {"parking_space": "\u8f66\u4f4d", "position": "\u9760\u53f3"}, "position": "\u53f3\u524d"}
2026-03-23 09:23:24,924 - ERROR - CaseID: 2429
实际结果缺少以下预期项：
  名称: vla_control, 参数: {"action": "navigate", "point_desc": {"parking_space": "\u8f66\u4f4d", "position": "\u4e2d"}, "position": "\u53f3\u524d"}
实际结果多出以下非预期项：
  名称: vla_control, 参数: {"action": "navigate", "point_desc": {"parking_space": "\u8f66\u4f4d"}, "position": "\u4e2d"}
2026-03-23 09:23:24,924 - ERROR - CaseID: 2432
实际结果缺少以下预期项：
  名称: vla_control, 参数: {"action": "navigate", "point_desc": {"parking_space": "\u8f66\u4f4d", "position": "\u4e2d"}, "position": "\u5de6\u524d"}
实际结果多出以下非预期项：
  名称: vla_control, 参数: {"action": "navigate", "point_desc": {"parking_space": "\u8f66\u4f4d"}, "position": "\u4e2d"}
2026-03-23 09:23:24,924 - WARNING - CaseID: 2433 - 参数解析失败: Expecting ',' delimiter: line 1 column 71 (char 70), 原始数据: {"action":"park_in","position":"左","point_desc":{"
2026-03-23 09:23:24,924 - WARNING - CaseID: 2433 - name和args数量不匹配（name:1个, args:0个），跳过该组对比
2026-03-23 09:23:24,924 - ERROR - CaseID: 2433
结果数量不匹配: 预期0个，实际1个
2026-03-23 09:23:24,924 - WARNING - CaseID: 2434 - 参数解析失败: Expecting ',' delimiter: line 1 column 71 (char 70), 原始数据: {"action":"park_in","position":"左","point_desc":{"
2026-03-23 09:23:24,924 - WARNING - CaseID: 2434 - name和args数量不匹配（name:1个, args:0个），跳过该组对比
2026-03-23 09:23:24,924 - ERROR - CaseID: 2434
结果数量不匹配: 预期0个，实际1个
2026-03-23 09:23:24,924 - WARNING - CaseID: 2435 - 参数解析失败: Expecting ',' delimiter: line 1 column 71 (char 70), 原始数据: {"action":"park_in","position":"右","point_desc":{"
2026-03-23 09:23:24,924 - WARNING - CaseID: 2435 - name和args数量不匹配（name:1个, args:0个），跳过该组对比
2026-03-23 09:23:24,924 - ERROR - CaseID: 2435
结果数量不匹配: 预期0个，实际1个
2026-03-23 09:23:24,924 - WARNING - CaseID: 2436 - 参数解析失败: Expecting ',' delimiter: line 1 column 71 (char 70), 原始数据: {"action":"park_in","position":"前","point_desc":{"
2026-03-23 09:23:24,924 - WARNING - CaseID: 2436 - name和args数量不匹配（name:1个, args:0个），跳过该组对比
2026-03-23 09:23:24,924 - WARNING - CaseID: 2438 - 参数解析失败: Expecting ',' delimiter: line 1 column 72 (char 71), 原始数据: {"action":"park_in","position":"左后","point_desc":{
2026-03-23 09:23:24,924 - WARNING - CaseID: 2438 - name和args数量不匹配（name:1个, args:0个），跳过该组对比
2026-03-23 09:23:24,924 - ERROR - CaseID: 2438
结果数量不匹配: 预期0个，实际1个
2026-03-23 09:23:24,924 - WARNING - CaseID: 2437 - 参数解析失败: Expecting ',' delimiter: line 1 column 72 (char 71), 原始数据: {"action":"park_in","position":"右前","point_desc":{
2026-03-23 09:23:24,924 - WARNING - CaseID: 2437 - name和args数量不匹配（name:1个, args:0个），跳过该组对比
2026-03-23 09:23:24,924 - ERROR - CaseID: 2437
结果数量不匹配: 预期0个，实际1个
2026-03-23 09:23:24,924 - WARNING - CaseID: 2440 - 参数解析失败: Expecting ',' delimiter: line 1 column 71 (char 70), 原始数据: {"action":"park_in","position":"前","point_desc":{"
2026-03-23 09:23:24,924 - WARNING - CaseID: 2440 - name和args数量不匹配（name:1个, args:0个），跳过该组对比
2026-03-23 09:23:24,924 - ERROR - CaseID: 2440
结果数量不匹配: 预期0个，实际1个
2026-03-23 09:23:24,925 - WARNING - CaseID: 2439 - 参数解析失败: Expecting ',' delimiter: line 1 column 71 (char 70), 原始数据: {"action":"park_in","position":"右","point_desc":{"
2026-03-23 09:23:24,925 - WARNING - CaseID: 2439 - name和args数量不匹配（name:1个, args:0个），跳过该组对比
2026-03-23 09:23:24,925 - ERROR - CaseID: 2439
结果数量不匹配: 预期0个，实际1个
2026-03-23 09:23:24,925 - WARNING - CaseID: 2441 - 参数解析失败: Expecting ',' delimiter: line 1 column 72 (char 71), 原始数据: {"action":"park_in","position":"左前","point_desc":{
2026-03-23 09:23:24,925 - WARNING - CaseID: 2441 - name和args数量不匹配（name:1个, args:0个），跳过该组对比
2026-03-23 09:23:24,925 - ERROR - CaseID: 2441
结果数量不匹配: 预期0个，实际1个
2026-03-23 09:23:24,925 - WARNING - CaseID: 2442 - 参数解析失败: Expecting ',' delimiter: line 1 column 72 (char 71), 原始数据: {"action":"park_in","position":"右后","point_desc":{
2026-03-23 09:23:24,925 - WARNING - CaseID: 2442 - name和args数量不匹配（name:1个, args:0个），跳过该组对比
2026-03-23 09:23:24,925 - ERROR - CaseID: 2442
结果数量不匹配: 预期0个，实际1个
2026-03-23 09:23:24,925 - WARNING - CaseID: 2443 - 参数解析失败: Expecting ',' delimiter: line 1 column 71 (char 70), 原始数据: {"action":"park_in","position":"左","point_desc":{"
2026-03-23 09:23:24,925 - WARNING - CaseID: 2443 - name和args数量不匹配（name:1个, args:0个），跳过该组对比
2026-03-23 09:23:24,925 - ERROR - CaseID: 2443
结果数量不匹配: 预期0个，实际1个
2026-03-23 09:23:24,925 - WARNING - CaseID: 2444 - 参数解析失败: Expecting ',' delimiter: line 1 column 71 (char 70), 原始数据: {"action":"park_in","position":"右","point_desc":{"
2026-03-23 09:23:24,925 - WARNING - CaseID: 2444 - name和args数量不匹配（name:1个, args:0个），跳过该组对比
2026-03-23 09:23:24,925 - ERROR - CaseID: 2444
结果数量不匹配: 预期0个，实际1个
2026-03-23 09:23:24,925 - WARNING - CaseID: 2445 - 参数解析失败: Expecting ',' delimiter: line 1 column 71 (char 70), 原始数据: {"action":"park_in","position":"前","point_desc":{"
2026-03-23 09:23:24,925 - WARNING - CaseID: 2445 - name和args数量不匹配（name:1个, args:0个），跳过该组对比
2026-03-23 09:23:24,925 - ERROR - CaseID: 2445
结果数量不匹配: 预期0个，实际1个
2026-03-23 09:23:24,925 - WARNING - CaseID: 2446 - 参数解析失败: Expecting ',' delimiter: line 1 column 72 (char 71), 原始数据: {"action":"park_in","position":"左后","point_desc":{
2026-03-23 09:23:24,925 - WARNING - CaseID: 2446 - name和args数量不匹配（name:1个, args:0个），跳过该组对比
2026-03-23 09:23:24,925 - ERROR - CaseID: 2446
结果数量不匹配: 预期0个，实际1个
2026-03-23 09:23:24,925 - WARNING - CaseID: 2448 - 参数解析失败: Expecting ',' delimiter: line 1 column 71 (char 70), 原始数据: {"action":"park_in","position":"右","point_desc":{"
2026-03-23 09:23:24,925 - WARNING - CaseID: 2448 - name和args数量不匹配（name:1个, args:0个），跳过该组对比
2026-03-23 09:23:24,925 - ERROR - CaseID: 2448
结果数量不匹配: 预期0个，实际1个
2026-03-23 09:23:24,925 - WARNING - CaseID: 2447 - 参数解析失败: Expecting ',' delimiter: line 1 column 72 (char 71), 原始数据: {"action":"park_in","position":"右前","point_desc":{
2026-03-23 09:23:24,925 - WARNING - CaseID: 2447 - name和args数量不匹配（name:1个, args:0个），跳过该组对比
2026-03-23 09:23:24,925 - ERROR - CaseID: 2447
结果数量不匹配: 预期0个，实际1个
2026-03-23 09:23:24,925 - WARNING - CaseID: 2449 - 参数解析失败: Expecting ',' delimiter: line 1 column 71 (char 70), 原始数据: {"action":"park_in","position":"前","point_desc":{"
2026-03-23 09:23:24,925 - WARNING - CaseID: 2449 - name和args数量不匹配（name:1个, args:0个），跳过该组对比
2026-03-23 09:23:24,925 - ERROR - CaseID: 2449
结果数量不匹配: 预期0个，实际1个
2026-03-23 09:23:24,926 - WARNING - CaseID: 2450 - 参数解析失败: Expecting ',' delimiter: line 1 column 72 (char 71), 原始数据: {"action":"park_in","position":"右后","point_desc":{
2026-03-23 09:23:24,926 - WARNING - CaseID: 2450 - name和args数量不匹配（name:1个, args:0个），跳过该组对比
2026-03-23 09:23:24,926 - ERROR - CaseID: 2450
结果数量不匹配: 预期0个，实际1个
2026-03-23 09:23:24,926 - WARNING - CaseID: 2451 - 参数解析失败: Expecting ',' delimiter: line 1 column 72 (char 71), 原始数据: {"action":"park_in","position":"左前","point_desc":{
2026-03-23 09:23:24,926 - WARNING - CaseID: 2451 - name和args数量不匹配（name:1个, args:0个），跳过该组对比
2026-03-23 09:23:24,926 - ERROR - CaseID: 2451
结果数量不匹配: 预期0个，实际1个
2026-03-23 09:23:24,926 - WARNING - CaseID: 2452 - 参数解析失败: Expecting ',' delimiter: line 1 column 71 (char 70), 原始数据: {"action":"park_in","position":"右","point_desc":{"
2026-03-23 09:23:24,926 - WARNING - CaseID: 2452 - name和args数量不匹配（name:1个, args:0个），跳过该组对比
2026-03-23 09:23:24,926 - ERROR - CaseID: 2452
结果数量不匹配: 预期0个，实际1个
2026-03-23 09:23:24,926 - WARNING - CaseID: 2453 - 参数解析失败: Expecting ',' delimiter: line 1 column 72 (char 71), 原始数据: {"action":"navigate","position":"左","point_desc":{
2026-03-23 09:23:24,926 - WARNING - CaseID: 2453 - name和args数量不匹配（name:1个, args:0个），跳过该组对比
2026-03-23 09:23:24,926 - ERROR - CaseID: 2453
结果数量不匹配: 预期0个，实际1个
2026-03-23 09:23:24,926 - WARNING - CaseID: 2454 - 参数解析失败: Expecting ',' delimiter: line 1 column 72 (char 71), 原始数据: {"action":"navigate","position":"右","point_desc":{
2026-03-23 09:23:24,926 - WARNING - CaseID: 2454 - name和args数量不匹配（name:1个, args:0个），跳过该组对比
2026-03-23 09:23:24,926 - ERROR - CaseID: 2454
结果数量不匹配: 预期0个，实际1个
2026-03-23 09:23:24,926 - WARNING - CaseID: 2455 - 参数解析失败: Expecting ',' delimiter: line 1 column 72 (char 71), 原始数据: {"action":"navigate","position":"前","point_desc":{
2026-03-23 09:23:24,926 - WARNING - CaseID: 2455 - name和args数量不匹配（name:1个, args:0个），跳过该组对比
2026-03-23 09:23:24,926 - ERROR - CaseID: 2455
结果数量不匹配: 预期0个，实际1个
2026-03-23 09:23:24,926 - WARNING - CaseID: 2456 - 参数解析失败: Expecting ',' delimiter: line 1 column 73 (char 72), 原始数据: {"action":"navigate","position":"左前","point_desc":
2026-03-23 09:23:24,926 - WARNING - CaseID: 2456 - name和args数量不匹配（name:1个, args:0个），跳过该组对比
2026-03-23 09:23:24,926 - ERROR - CaseID: 2456
结果数量不匹配: 预期0个，实际1个
2026-03-23 09:23:24,926 - WARNING - CaseID: 2457 - 参数解析失败: Expecting ',' delimiter: line 1 column 73 (char 72), 原始数据: {"action":"navigate","position":"右后","point_desc":
2026-03-23 09:23:24,926 - WARNING - CaseID: 2457 - name和args数量不匹配（name:1个, args:0个），跳过该组对比
2026-03-23 09:23:24,926 - ERROR - CaseID: 2457
结果数量不匹配: 预期0个，实际1个
2026-03-23 09:23:24,926 - WARNING - CaseID: 2458 - 参数解析失败: Expecting ',' delimiter: line 1 column 72 (char 71), 原始数据: {"action":"navigate","position":"左","point_desc":{
2026-03-23 09:23:24,926 - WARNING - CaseID: 2458 - name和args数量不匹配（name:1个, args:0个），跳过该组对比
2026-03-23 09:23:24,926 - ERROR - CaseID: 2458
结果数量不匹配: 预期0个，实际1个
2026-03-23 09:23:24,926 - WARNING - CaseID: 2459 - 参数解析失败: Expecting ',' delimiter: line 1 column 72 (char 71), 原始数据: {"action":"navigate","position":"右","point_desc":{
2026-03-23 09:23:24,926 - WARNING - CaseID: 2459 - name和args数量不匹配（name:1个, args:0个），跳过该组对比
2026-03-23 09:23:24,926 - ERROR - CaseID: 2459
结果数量不匹配: 预期0个，实际1个
2026-03-23 09:23:24,926 - WARNING - CaseID: 2460 - 参数解析失败: Expecting ',' delimiter: line 1 column 72 (char 71), 原始数据: {"action":"navigate","position":"前","point_desc":{
2026-03-23 09:23:24,926 - WARNING - CaseID: 2460 - name和args数量不匹配（name:1个, args:0个），跳过该组对比
2026-03-23 09:23:24,926 - ERROR - CaseID: 2460
结果数量不匹配: 预期0个，实际1个
2026-03-23 09:23:24,927 - WARNING - CaseID: 2461 - 参数解析失败: Expecting ',' delimiter: line 1 column 73 (char 72), 原始数据: {"action":"navigate","position":"左后","point_desc":
2026-03-23 09:23:24,927 - WARNING - CaseID: 2461 - name和args数量不匹配（name:1个, args:0个），跳过该组对比
2026-03-23 09:23:24,927 - ERROR - CaseID: 2461
结果数量不匹配: 预期0个，实际1个
2026-03-23 09:23:24,927 - WARNING - CaseID: 2462 - 参数解析失败: Expecting ',' delimiter: line 1 column 73 (char 72), 原始数据: {"action":"navigate","position":"右前","point_desc":
2026-03-23 09:23:24,927 - WARNING - CaseID: 2462 - name和args数量不匹配（name:1个, args:0个），跳过该组对比
2026-03-23 09:23:24,927 - ERROR - CaseID: 2462
结果数量不匹配: 预期0个，实际1个
2026-03-23 09:23:24,927 - WARNING - CaseID: 2463 - 参数解析失败: Expecting ',' delimiter: line 1 column 72 (char 71), 原始数据: {"action":"navigate","position":"左","point_desc":{
2026-03-23 09:23:24,927 - WARNING - CaseID: 2463 - name和args数量不匹配（name:1个, args:0个），跳过该组对比
2026-03-23 09:23:24,927 - ERROR - CaseID: 2463
结果数量不匹配: 预期0个，实际1个
2026-03-23 09:23:24,927 - WARNING - CaseID: 2464 - 参数解析失败: Expecting ',' delimiter: line 1 column 72 (char 71), 原始数据: {"action":"navigate","position":"右","point_desc":{
2026-03-23 09:23:24,927 - WARNING - CaseID: 2464 - name和args数量不匹配（name:1个, args:0个），跳过该组对比
2026-03-23 09:23:24,927 - ERROR - CaseID: 2464
结果数量不匹配: 预期0个，实际1个
2026-03-23 09:23:24,927 - WARNING - CaseID: 2465 - 参数解析失败: Expecting ',' delimiter: line 1 column 72 (char 71), 原始数据: {"action":"navigate","position":"前","point_desc":{
2026-03-23 09:23:24,927 - WARNING - CaseID: 2465 - name和args数量不匹配（name:1个, args:0个），跳过该组对比
2026-03-23 09:23:24,927 - ERROR - CaseID: 2465
结果数量不匹配: 预期0个，实际1个
2026-03-23 09:23:24,927 - WARNING - CaseID: 2466 - 参数解析失败: Expecting ',' delimiter: line 1 column 73 (char 72), 原始数据: {"action":"navigate","position":"左后","point_desc":
2026-03-23 09:23:24,927 - WARNING - CaseID: 2466 - name和args数量不匹配（name:1个, args:0个），跳过该组对比
2026-03-23 09:23:24,927 - ERROR - CaseID: 2466
结果数量不匹配: 预期0个，实际1个
2026-03-23 09:23:24,927 - WARNING - CaseID: 2467 - 参数解析失败: Expecting ',' delimiter: line 1 column 73 (char 72), 原始数据: {"action":"navigate","position":"右前","point_desc":
2026-03-23 09:23:24,927 - WARNING - CaseID: 2467 - name和args数量不匹配（name:1个, args:0个），跳过该组对比
2026-03-23 09:23:24,927 - ERROR - CaseID: 2467
结果数量不匹配: 预期0个，实际1个
2026-03-23 09:23:24,927 - WARNING - CaseID: 2468 - 参数解析失败: Expecting ',' delimiter: line 1 column 72 (char 71), 原始数据: {"action":"navigate","position":"左","point_desc":{
2026-03-23 09:23:24,927 - WARNING - CaseID: 2468 - name和args数量不匹配（name:1个, args:0个），跳过该组对比
2026-03-23 09:23:24,927 - ERROR - CaseID: 2468
结果数量不匹配: 预期0个，实际1个
2026-03-23 09:23:24,927 - WARNING - CaseID: 2469 - 参数解析失败: Expecting ',' delimiter: line 1 column 72 (char 71), 原始数据: {"action":"navigate","position":"前","point_desc":{
2026-03-23 09:23:24,927 - WARNING - CaseID: 2469 - name和args数量不匹配（name:1个, args:0个），跳过该组对比
2026-03-23 09:23:24,927 - ERROR - CaseID: 2469
结果数量不匹配: 预期0个，实际1个
2026-03-23 09:23:24,927 - WARNING - CaseID: 2470 - 参数解析失败: Expecting ',' delimiter: line 1 column 73 (char 72), 原始数据: {"action":"navigate","position":"右后","point_desc":
2026-03-23 09:23:24,927 - WARNING - CaseID: 2470 - name和args数量不匹配（name:1个, args:0个），跳过该组对比
2026-03-23 09:23:24,927 - ERROR - CaseID: 2470
结果数量不匹配: 预期0个，实际1个
2026-03-23 09:23:24,927 - WARNING - CaseID: 2471 - 参数解析失败: Expecting ',' delimiter: line 1 column 73 (char 72), 原始数据: {"action":"navigate","position":"左前","point_desc":
2026-03-23 09:23:24,927 - WARNING - CaseID: 2471 - name和args数量不匹配（name:1个, args:0个），跳过该组对比
2026-03-23 09:23:24,928 - ERROR - CaseID: 2471
结果数量不匹配: 预期0个，实际1个
2026-03-23 09:23:24,928 - WARNING - CaseID: 2472 - 参数解析失败: Expecting ',' delimiter: line 1 column 72 (char 71), 原始数据: {"action":"navigate","position":"右","point_desc":{
2026-03-23 09:23:24,928 - WARNING - CaseID: 2472 - name和args数量不匹配（name:1个, args:0个），跳过该组对比
2026-03-23 09:23:24,928 - ERROR - CaseID: 2472
结果数量不匹配: 预期0个，实际1个
2026-03-23 09:23:24,928 - ERROR - CaseID: 2563
结果数量不匹配: 预期1个，实际2个
2026-03-23 09:23:24,928 - ERROR - CaseID: 2567
实际结果缺少以下预期项：
  名称: vla_control, 参数: {"action": "charge"}
实际结果多出以下非预期项：
  名称: vla_control, 参数: {"action": "navigate", "point_desc": {"poi": "\u8d85\u51b2\u7ad9\u5145\u4e2a\u7535\u5427"}}
2026-03-23 09:23:24,928 - ERROR - CaseID: 2570
实际结果缺少以下预期项：
  名称: vla_control, 参数: {"action": "charge"}
实际结果多出以下非预期项：
  名称: vla_control, 参数: {"action": "navigate", "point_desc": {"poi": "\u5145\u7535\u7ad9"}}
2026-03-23 09:23:24,928 - WARNING - CaseID: 2573 - 参数解析失败: Expecting ',' delimiter: line 1 column 47 (char 46), 原始数据: {"action":"navigate", "point_desc":{"poi":"家"}}
2026-03-23 09:23:24,928 - WARNING - CaseID: 2573 - name和args数量不匹配（name:1个, args:0个），跳过该组对比
2026-03-23 09:23:24,928 - WARNING - CaseID: 2574 - 参数解析失败: Expecting ',' delimiter: line 1 column 47 (char 46), 原始数据: {"action":"navigate","point_desc":{"poi":"公司"}}
2026-03-23 09:23:24,928 - WARNING - CaseID: 2574 - name和args数量不匹配（name:1个, args:0个），跳过该组对比
2026-03-23 09:23:24,928 - ERROR - CaseID: 2574
结果数量不匹配: 预期0个，实际1个
2026-03-23 09:23:24,929 - ERROR - CaseID: 2495
实际结果缺少以下预期项：
  名称: vla_control, 参数: {"action": "getoff_park", "point_desc": {"position": "\u4e2d"}, "position": "\u524d"}
实际结果多出以下非预期项：
  名称: vla_control, 参数: {"action": "getoff_park", "cross_range": "1", "point_desc": {"position": "\u524d"}, "position": "\u4e2d"}
2026-03-23 09:23:24,929 - ERROR - CaseID: 2500
实际结果缺少以下预期项：
  名称: vla_control, 参数: {"action": "getoff_park", "point_desc": {"position": "\u4e2d"}, "position": "\u53f3"}
实际结果多出以下非预期项：
  名称: vla_control, 参数: {"action": "getoff_park", "point_desc": {"position": "\u9760\u53f3"}, "position": "\u53f3"}
2026-03-23 09:23:24,929 - ERROR - CaseID: 2502
实际结果缺少以下预期项：
  名称: vla_control, 参数: {"action": "getoff_park", "point_desc": {"position": "\u9760\u5de6"}, "position": "\u53f3"}
实际结果多出以下非预期项：
  名称: vla_control, 参数: {"action": "getoff_park", "point_desc": {"position": "\u9760\u53f3"}, "position": "\u5de6"}
2026-03-23 09:23:24,929 - ERROR - CaseID: 2504
实际结果缺少以下预期项：
  名称: vla_control, 参数: {"action": "getoff_park", "point_desc": {"position": "\u9760\u53f3"}, "position": "\u53f3"}
实际结果多出以下非预期项：
  名称: vla_control, 参数: {"action": "getoff_park", "point_desc": {"position": "\u53f3"}, "position": "\u9760\u53f3"}
2026-03-23 09:23:24,930 - ERROR - CaseID: 2510
实际结果缺少以下预期项：
  名称: vla_control, 参数: {"action": "getoff_park", "point_desc": {"position": "\u9760\u5de6"}, "position": "\u53f3"}
实际结果多出以下非预期项：
  名称: vla_control, 参数: {"action": "getoff_park", "point_desc": {"position": "\u53f3"}, "position": "\u9760\u5de6"}
2026-03-23 09:23:24,930 - ERROR - CaseID: 2512
实际结果缺少以下预期项：
  名称: vla_control, 参数: {"action": "getoff_park", "point_desc": {"position": "\u4e2d"}, "position": "\u5de6"}
实际结果多出以下非预期项：
  名称: vla_control, 参数: {"action": "getoff_park", "point_desc": {"parking_space": "\u8f66\u4f4d"}, "position": "\u4e2d"}
2026-03-23 09:23:24,930 - ERROR - CaseID: 2513
实际结果缺少以下预期项：
  名称: vla_control, 参数: {"action": "park_in", "point_desc": {"position": "\u9760\u5de6"}, "position": "\u53f3"}
实际结果多出以下非预期项：
  名称: vla_control, 参数: {"action": "park_in", "point_desc": {"position": "\u9760\u5de6"}, "point_tag": "HERE", "position": "\u53f3"}
2026-03-23 09:23:24,930 - ERROR - CaseID: 2515
实际结果缺少以下预期项：
  名称: vla_control, 参数: {"action": "park_in", "point_desc": {"position": "\u9760\u5de6"}, "position": "\u5de6"}
实际结果多出以下非预期项：
  名称: vla_control, 参数: {"action": "park_in", "point_desc": {"position": "\u9760\u5de6"}, "point_tag": "HERE", "position": "\u5de6"}
2026-03-23 09:23:24,930 - ERROR - CaseID: 2526
实际结果缺少以下预期项：
  名称: vla_control, 参数: {"action": "park_in", "point_desc": {"position": "\u9760\u5de6"}, "position": "\u540e"}
实际结果多出以下非预期项：
  名称: vla_control, 参数: {"action": "park_in", "point_desc": {"subject": "\u6211"}, "point_tag": "HERE", "position": "\u9760\u5de6"}
2026-03-23 09:23:24,930 - ERROR - CaseID: 2528
实际结果缺少以下预期项：
  名称: vla_control, 参数: {"action": "park_in", "point_desc": {"position": "\u4e2d"}, "position": "\u53f3\u540e"}
实际结果多出以下非预期项：
  名称: vla_control, 参数: {"action": "park_in", "position": "\u53f3\u540e\u4e2d"}
2026-03-23 09:23:24,931 - ERROR - CaseID: 2543
实际结果缺少以下预期项：
  名称: vla_control, 参数: {"action": "park", "point_desc": {"parking_space": "\u8f66\u4f4d", "position": "\u9760\u5de6"}, "position": "\u5de6\u524d"}
实际结果多出以下非预期项：
  名称: vla_control, 参数: {"action": "park", "point_desc": {"parking_space": "\u8f66\u4f4d"}, "position": "\u5de6\u524d"}
2026-03-23 09:23:24,931 - ERROR - CaseID: 2553
实际结果缺少以下预期项：
  名称: vla_control, 参数: {"action": "charge"}
实际结果多出以下非预期项：
  名称: charge_control, 参数: {"action": "turnon", "entity": "CHARGER"}
2026-03-23 09:23:24,931 - ERROR - CaseID: 2554
实际结果缺少以下预期项：
  名称: vla_control, 参数: {"action": "charge"}
实际结果多出以下非预期项：
  名称: vla_control, 参数: {"action": "navigate", "point_desc": {"poi": "\u5145\u7535\u54c8"}}
2026-03-23 09:23:24,931 - ERROR - CaseID: 2559
结果数量不匹配: 预期1个，实际2个
2026-03-23 09:23:24,932 - WARNING - CaseID: 2575 - 参数解析失败: Expecting ',' delimiter: line 1 column 46 (char 45), 原始数据: {"action":"navigate","point_desc":{"poi":"家"}}
2026-03-23 09:23:24,932 - WARNING - CaseID: 2575 - name和args数量不匹配（name:1个, args:0个），跳过该组对比
2026-03-23 09:23:24,932 - ERROR - CaseID: 2575
结果数量不匹配: 预期0个，实际1个
2026-03-23 09:23:24,932 - WARNING - CaseID: 2576 - 参数解析失败: Expecting ',' delimiter: line 1 column 53 (char 52), 原始数据: {"action":"navigate","point_desc":{"poi":"理想汽车研发总部
2026-03-23 09:23:24,932 - WARNING - CaseID: 2576 - name和args数量不匹配（name:1个, args:0个），跳过该组对比
2026-03-23 09:23:24,932 - ERROR - CaseID: 2576
结果数量不匹配: 预期0个，实际1个
2026-03-23 09:23:24,932 - WARNING - CaseID: 2577 - 参数解析失败: Expecting ',' delimiter: line 1 column 51 (char 50), 原始数据: {"action":"navigate","point_desc":{"poi":"万科时代中心"}
2026-03-23 09:23:24,932 - WARNING - CaseID: 2577 - name和args数量不匹配（name:1个, args:0个），跳过该组对比
2026-03-23 09:23:24,932 - ERROR - CaseID: 2577
结果数量不匹配: 预期0个，实际1个
2026-03-23 09:23:24,932 - WARNING - CaseID: 2578 - 参数解析失败: Expecting ',' delimiter: line 1 column 48 (char 47), 原始数据: {"action":"navigate","point_desc":{"poi":"图书馆"}}
2026-03-23 09:23:24,932 - WARNING - CaseID: 2578 - name和args数量不匹配（name:1个, args:0个），跳过该组对比
2026-03-23 09:23:24,932 - ERROR - CaseID: 2578
结果数量不匹配: 预期0个，实际1个
2026-03-23 09:23:24,932 - WARNING - CaseID: 2579 - 参数解析失败: Expecting ',' delimiter: line 1 column 48 (char 47), 原始数据: {"action":"navigate","point_desc":{"poi":"咖啡店"}}
2026-03-23 09:23:24,932 - WARNING - CaseID: 2579 - name和args数量不匹配（name:1个, args:0个），跳过该组对比
2026-03-23 09:23:24,932 - ERROR - CaseID: 2579
结果数量不匹配: 预期0个，实际1个
2026-03-23 09:23:24,932 - WARNING - CaseID: 2580 - 参数解析失败: Expecting ',' delimiter: line 1 column 47 (char 46), 原始数据: {"action":"navigate","point_desc":{"poi":"公司"}}
2026-03-23 09:23:24,932 - WARNING - CaseID: 2580 - name和args数量不匹配（name:1个, args:0个），跳过该组对比
2026-03-23 09:23:24,932 - ERROR - CaseID: 2580
结果数量不匹配: 预期0个，实际1个
2026-03-23 09:23:24,932 - WARNING - CaseID: 2581 - 参数解析失败: Expecting ',' delimiter: line 1 column 48 (char 47), 原始数据: {"action":"navigate","point_desc":{"poi":"图书馆"}}
2026-03-23 09:23:24,932 - WARNING - CaseID: 2581 - name和args数量不匹配（name:1个, args:0个），跳过该组对比
2026-03-23 09:23:24,932 - ERROR - CaseID: 2581
结果数量不匹配: 预期0个，实际1个
2026-03-23 09:23:24,932 - WARNING - CaseID: 2582 - 参数解析失败: Expecting ',' delimiter: line 1 column 48 (char 47), 原始数据: {"action":"navigate","point_desc":{"poi":"咖啡店"}}
2026-03-23 09:23:24,932 - WARNING - CaseID: 2582 - name和args数量不匹配（name:1个, args:0个），跳过该组对比
2026-03-23 09:23:24,932 - ERROR - CaseID: 2582
结果数量不匹配: 预期0个，实际1个
2026-03-23 09:23:24,932 - WARNING - CaseID: 2584 - 参数解析失败: Expecting ',' delimiter: line 1 column 51 (char 50), 原始数据: {"action":"navigate","point_desc":{"poi":"万科时代中心"}
2026-03-23 09:23:24,932 - WARNING - CaseID: 2584 - name和args数量不匹配（name:1个, args:0个），跳过该组对比
2026-03-23 09:23:24,932 - ERROR - CaseID: 2584
结果数量不匹配: 预期0个，实际1个
2026-03-23 09:23:24,932 - WARNING - CaseID: 2583 - 参数解析失败: Expecting ',' delimiter: line 1 column 53 (char 52), 原始数据: {"action":"navigate","point_desc":{"poi":"理想汽车研发总部
2026-03-23 09:23:24,932 - WARNING - CaseID: 2583 - name和args数量不匹配（name:1个, args:0个），跳过该组对比
2026-03-23 09:23:24,932 - ERROR - CaseID: 2583
结果数量不匹配: 预期0个，实际1个
2026-03-23 09:23:24,932 - WARNING - CaseID: 2585 - 参数解析失败: Expecting ',' delimiter: line 1 column 47 (char 46), 原始数据: {"action":"navigate","point_desc":{"poi":"公司"}}
2026-03-23 09:23:24,932 - WARNING - CaseID: 2585 - name和args数量不匹配（name:1个, args:0个），跳过该组对比
2026-03-23 09:23:24,933 - ERROR - CaseID: 2585
结果数量不匹配: 预期0个，实际1个
2026-03-23 09:23:24,933 - WARNING - CaseID: 2586 - 参数解析失败: Expecting ',' delimiter: line 1 column 48 (char 47), 原始数据: {"action":"navigate","point_desc":{"poi":"图书馆"}}
2026-03-23 09:23:24,933 - WARNING - CaseID: 2586 - name和args数量不匹配（name:1个, args:0个），跳过该组对比
2026-03-23 09:23:24,933 - ERROR - CaseID: 2586
结果数量不匹配: 预期0个，实际1个
2026-03-23 09:23:24,933 - WARNING - CaseID: 2588 - 参数解析失败: Expecting ',' delimiter: line 1 column 48 (char 47), 原始数据: {"action":"navigate","point_desc":{"poi":"咖啡店"}}
2026-03-23 09:23:24,933 - WARNING - CaseID: 2588 - name和args数量不匹配（name:1个, args:0个），跳过该组对比
2026-03-23 09:23:24,933 - ERROR - CaseID: 2588
结果数量不匹配: 预期0个，实际1个
2026-03-23 09:23:24,933 - WARNING - CaseID: 2587 - 参数解析失败: Expecting ',' delimiter: line 1 column 53 (char 52), 原始数据: {"action":"navigate","point_desc":{"poi":"理想汽车研发总部
2026-03-23 09:23:24,933 - WARNING - CaseID: 2587 - name和args数量不匹配（name:1个, args:0个），跳过该组对比
2026-03-23 09:23:24,933 - ERROR - CaseID: 2587
结果数量不匹配: 预期0个，实际1个
2026-03-23 09:23:24,933 - WARNING - CaseID: 2589 - 参数解析失败: Expecting ',' delimiter: line 1 column 51 (char 50), 原始数据: {"action":"navigate","point_desc":{"poi":"万科时代中心"}
2026-03-23 09:23:24,933 - WARNING - CaseID: 2589 - name和args数量不匹配（name:1个, args:0个），跳过该组对比
2026-03-23 09:23:24,933 - ERROR - CaseID: 2589
结果数量不匹配: 预期0个，实际1个
2026-03-23 09:23:24,933 - WARNING - CaseID: 2590 - 参数解析失败: Expecting ',' delimiter: line 1 column 47 (char 46), 原始数据: {"action":"navigate","point_desc":{"poi":"公司"}}
2026-03-23 09:23:24,933 - WARNING - CaseID: 2590 - name和args数量不匹配（name:1个, args:0个），跳过该组对比
2026-03-23 09:23:24,933 - ERROR - CaseID: 2590
结果数量不匹配: 预期0个，实际1个
2026-03-23 09:23:24,933 - WARNING - CaseID: 2591 - 参数解析失败: Expecting ',' delimiter: line 1 column 48 (char 47), 原始数据: {"action":"navigate","point_desc":{"poi":"咖啡店"}}
2026-03-23 09:23:24,933 - WARNING - CaseID: 2591 - name和args数量不匹配（name:1个, args:0个），跳过该组对比
2026-03-23 09:23:24,933 - ERROR - CaseID: 2591
结果数量不匹配: 预期0个，实际1个
2026-03-23 09:23:24,933 - WARNING - CaseID: 2592 - 参数解析失败: Expecting ',' delimiter: line 1 column 46 (char 45), 原始数据: {"action":"navigate","point_desc":{"poi":"家"}}
2026-03-23 09:23:24,933 - WARNING - CaseID: 2592 - name和args数量不匹配（name:1个, args:0个），跳过该组对比
2026-03-23 09:23:24,933 - ERROR - CaseID: 2592
结果数量不匹配: 预期0个，实际1个
2026-03-23 09:23:24,933 - WARNING - CaseID: 2593 - 参数解析失败: Expecting ',' delimiter: line 1 column 70 (char 69), 原始数据: {"action":"navigate","function_option":"map","poin
2026-03-23 09:23:24,933 - WARNING - CaseID: 2593 - name和args数量不匹配（name:1个, args:0个），跳过该组对比
2026-03-23 09:23:24,933 - ERROR - CaseID: 2593
结果数量不匹配: 预期0个，实际1个
2026-03-23 09:23:25,561 - WARNING - CaseID: 2594 - 参数解析失败: Expecting ',' delimiter: line 1 column 71 (char 70), 原始数据: {"action":"navigate","function_option":"map","poin
2026-03-23 09:23:25,561 - WARNING - CaseID: 2594 - name和args数量不匹配（name:1个, args:0个），跳过该组对比
2026-03-23 09:23:25,561 - ERROR - CaseID: 2594
结果数量不匹配: 预期0个，实际1个
2026-03-23 09:23:25,561 - WARNING - CaseID: 2596 - 参数解析失败: Expecting ',' delimiter: line 1 column 71 (char 70), 原始数据: {"action":"navigate","function_option":"map","poin
2026-03-23 09:23:25,561 - WARNING - CaseID: 2596 - name和args数量不匹配（name:1个, args:0个），跳过该组对比
2026-03-23 09:23:25,561 - ERROR - CaseID: 2596
结果数量不匹配: 预期0个，实际1个
2026-03-23 09:23:25,561 - WARNING - CaseID: 2595 - 参数解析失败: Expecting ',' delimiter: line 1 column 77 (char 76), 原始数据: {"action":"navigate","function_option":"map","poin
2026-03-23 09:23:25,561 - WARNING - CaseID: 2595 - name和args数量不匹配（name:1个, args:0个），跳过该组对比
2026-03-23 09:23:25,561 - ERROR - CaseID: 2595
结果数量不匹配: 预期0个，实际1个
2026-03-23 09:23:25,561 - WARNING - CaseID: 2597 - 参数解析失败: Expecting ',' delimiter: line 1 column 70 (char 69), 原始数据: {"action":"navigate","function_option":"map","poin
2026-03-23 09:23:25,561 - WARNING - CaseID: 2597 - name和args数量不匹配（name:1个, args:0个），跳过该组对比
2026-03-23 09:23:25,561 - ERROR - CaseID: 2597
结果数量不匹配: 预期0个，实际1个
2026-03-23 09:23:25,562 - WARNING - CaseID: 2598 - 参数解析失败: Expecting ',' delimiter: line 1 column 72 (char 71), 原始数据: {"action":"navigate","function_option":"map","poin
2026-03-23 09:23:25,562 - WARNING - CaseID: 2598 - name和args数量不匹配（name:1个, args:0个），跳过该组对比
2026-03-23 09:23:25,562 - ERROR - CaseID: 2598
结果数量不匹配: 预期0个，实际1个
2026-03-23 09:23:25,562 - WARNING - CaseID: 2599 - 参数解析失败: Expecting ',' delimiter: line 1 column 75 (char 74), 原始数据: {"action":"navigate","function_option":"map","poin
2026-03-23 09:23:25,562 - WARNING - CaseID: 2599 - name和args数量不匹配（name:1个, args:0个），跳过该组对比
2026-03-23 09:23:25,562 - ERROR - CaseID: 2599
结果数量不匹配: 预期0个，实际1个
2026-03-23 09:23:25,562 - WARNING - CaseID: 2600 - 参数解析失败: Expecting ',' delimiter: line 1 column 71 (char 70), 原始数据: {"action":"navigate","function_option":"map","poin
2026-03-23 09:23:25,562 - WARNING - CaseID: 2600 - name和args数量不匹配（name:1个, args:0个），跳过该组对比
2026-03-23 09:23:25,562 - ERROR - CaseID: 2600
结果数量不匹配: 预期0个，实际1个
2026-03-23 09:23:25,562 - WARNING - CaseID: 2601 - 参数解析失败: Expecting ',' delimiter: line 1 column 72 (char 71), 原始数据: {"action":"navigate","function_option":"map","poin
2026-03-23 09:23:25,562 - WARNING - CaseID: 2601 - name和args数量不匹配（name:1个, args:0个），跳过该组对比
2026-03-23 09:23:25,562 - ERROR - CaseID: 2601
结果数量不匹配: 预期0个，实际1个
2026-03-23 09:23:25,562 - WARNING - CaseID: 2602 - 参数解析失败: Expecting ',' delimiter: line 1 column 77 (char 76), 原始数据: {"action":"navigate","function_option":"map","poin
2026-03-23 09:23:25,562 - WARNING - CaseID: 2602 - name和args数量不匹配（name:1个, args:0个），跳过该组对比
2026-03-23 09:23:25,562 - ERROR - CaseID: 2602
结果数量不匹配: 预期0个，实际1个
2026-03-23 09:23:25,562 - WARNING - CaseID: 2603 - 参数解析失败: Expecting ',' delimiter: line 1 column 71 (char 70), 原始数据: {"action":"navigate","function_option":"map","poin
2026-03-23 09:23:25,562 - WARNING - CaseID: 2603 - name和args数量不匹配（name:1个, args:0个），跳过该组对比
2026-03-23 09:23:25,562 - ERROR - CaseID: 2603
结果数量不匹配: 预期0个，实际1个
2026-03-23 09:23:25,562 - WARNING - CaseID: 2604 - 参数解析失败: Expecting ',' delimiter: line 1 column 72 (char 71), 原始数据: {"action":"navigate","function_option":"map","poin
2026-03-23 09:23:25,563 - WARNING - CaseID: 2604 - name和args数量不匹配（name:1个, args:0个），跳过该组对比
2026-03-23 09:23:25,563 - ERROR - CaseID: 2604
结果数量不匹配: 预期0个，实际1个
2026-03-23 09:23:25,563 - WARNING - CaseID: 2605 - 参数解析失败: Expecting ',' delimiter: line 1 column 70 (char 69), 原始数据: {"action":"navigate","function_option":"map","poin
2026-03-23 09:23:25,563 - WARNING - CaseID: 2605 - name和args数量不匹配（name:1个, args:0个），跳过该组对比
2026-03-23 09:23:25,563 - ERROR - CaseID: 2605
结果数量不匹配: 预期0个，实际1个
2026-03-23 09:23:25,563 - WARNING - CaseID: 2606 - 参数解析失败: Expecting ',' delimiter: line 1 column 71 (char 70), 原始数据: {"action":"navigate","function_option":"map","poin
2026-03-23 09:23:25,563 - WARNING - CaseID: 2606 - name和args数量不匹配（name:1个, args:0个），跳过该组对比
2026-03-23 09:23:25,563 - ERROR - CaseID: 2606
结果数量不匹配: 预期0个，实际1个
2026-03-23 09:23:25,563 - WARNING - CaseID: 2607 - 参数解析失败: Expecting ',' delimiter: line 1 column 75 (char 74), 原始数据: {"action":"navigate","function_option":"map","poin
2026-03-23 09:23:25,563 - WARNING - CaseID: 2607 - name和args数量不匹配（name:1个, args:0个），跳过该组对比
2026-03-23 09:23:25,563 - ERROR - CaseID: 2607
结果数量不匹配: 预期0个，实际1个
2026-03-23 09:23:25,563 - WARNING - CaseID: 2608 - 参数解析失败: Expecting ',' delimiter: line 1 column 72 (char 71), 原始数据: {"action":"navigate","function_option":"map","poin
2026-03-23 09:23:25,563 - WARNING - CaseID: 2608 - name和args数量不匹配（name:1个, args:0个），跳过该组对比
2026-03-23 09:23:25,563 - ERROR - CaseID: 2608
结果数量不匹配: 预期0个，实际1个
2026-03-23 09:23:25,563 - WARNING - CaseID: 2610 - 参数解析失败: Expecting ',' delimiter: line 1 column 71 (char 70), 原始数据: {"action":"navigate","function_option":"map","poin
2026-03-23 09:23:25,563 - WARNING - CaseID: 2610 - name和args数量不匹配（name:1个, args:0个），跳过该组对比
2026-03-23 09:23:25,563 - ERROR - CaseID: 2610
结果数量不匹配: 预期0个，实际1个
2026-03-23 09:23:25,563 - WARNING - CaseID: 2609 - 参数解析失败: Expecting ',' delimiter: line 1 column 77 (char 76), 原始数据: {"action":"navigate","function_option":"map","poin
2026-03-23 09:23:25,563 - WARNING - CaseID: 2609 - name和args数量不匹配（name:1个, args:0个），跳过该组对比
2026-03-23 09:23:25,563 - ERROR - CaseID: 2609
结果数量不匹配: 预期0个，实际1个
2026-03-23 09:23:25,564 - WARNING - CaseID: 2612 - 参数解析失败: Expecting ',' delimiter: line 1 column 72 (char 71), 原始数据: {"action":"navigate","function_option":"map","poin
2026-03-23 09:23:25,564 - WARNING - CaseID: 2612 - name和args数量不匹配（name:1个, args:0个），跳过该组对比
2026-03-23 09:23:25,564 - ERROR - CaseID: 2612
结果数量不匹配: 预期0个，实际1个
2026-03-23 09:23:25,564 - WARNING - CaseID: 2611 - 参数解析失败: Expecting ',' delimiter: line 1 column 70 (char 69), 原始数据: {"action":"navigate","function_option":"map","poin
2026-03-23 09:23:25,564 - WARNING - CaseID: 2611 - name和args数量不匹配（name:1个, args:0个），跳过该组对比
2026-03-23 09:23:25,564 - ERROR - CaseID: 2611
结果数量不匹配: 预期0个，实际1个
2026-03-23 09:23:25,567 - ERROR - CaseID: 2677
实际结果缺少以下预期项：
  名称: vla_control, 参数: {"action": "resume"}
实际结果多出以下非预期项：
  名称: global_control, 参数: {"action": "resume"}
2026-03-23 09:23:25,567 - ERROR - CaseID: 2678
实际结果缺少以下预期项：
  名称: vla_control, 参数: {"action": "resume"}
实际结果多出以下非预期项：
  名称: global_control, 参数: {"action": "resume"}
2026-03-23 09:23:25,567 - ERROR - CaseID: 2679
实际结果缺少以下预期项：
  名称: vla_control, 参数: {"action": "resume"}
实际结果多出以下非预期项：
  名称: global_control, 参数: {"action": "resume"}
2026-03-23 09:23:25,567 - ERROR - CaseID: 2680
实际结果缺少以下预期项：
  名称: vla_control, 参数: {"action": "resume"}
实际结果多出以下非预期项：
  名称: global_control, 参数: {"action": "resume"}
2026-03-23 09:23:25,567 - ERROR - CaseID: 2681
实际结果缺少以下预期项：
  名称: vla_control, 参数: {"action": "resume"}
实际结果多出以下非预期项：
  名称: global_control, 参数: {"action": "resume"}
2026-03-23 09:23:25,567 - ERROR - CaseID: 2682
实际结果缺少以下预期项：
  名称: vla_control, 参数: {"action": "resume"}
实际结果多出以下非预期项：
  名称: global_control, 参数: {"action": "resume"}
2026-03-23 09:23:25,567 - ERROR - CaseID: 2683
实际结果缺少以下预期项：
  名称: vla_control, 参数: {"action": "resume"}
实际结果多出以下非预期项：
  名称: global_control, 参数: {"action": "resume"}
2026-03-23 09:23:25,567 - ERROR - CaseID: 2684
实际结果缺少以下预期项：
  名称: vla_control, 参数: {"action": "resume"}
实际结果多出以下非预期项：
  名称: global_control, 参数: {"action": "resume"}
2026-03-23 09:23:25,567 - ERROR - CaseID: 2685
实际结果缺少以下预期项：
  名称: vla_control, 参数: {"action": "resume"}
实际结果多出以下非预期项：
  名称: global_control, 参数: {"action": "resume"}
2026-03-23 09:23:25,567 - ERROR - CaseID: 2686
结果数量不匹配: 预期1个，实际0个
2026-03-23 09:23:25,567 - ERROR - CaseID: 2687
实际结果缺少以下预期项：
  名称: vla_control, 参数: {"action": "resume"}
实际结果多出以下非预期项：
  名称: global_control, 参数: {"action": "resume"}
2026-03-23 09:23:25,567 - ERROR - CaseID: 2688
实际结果缺少以下预期项：
  名称: vla_control, 参数: {"action": "resume"}
实际结果多出以下非预期项：
  名称: playback_control, 参数: {"action": "resume"}
2026-03-23 09:23:25,568 - ERROR - CaseID: 2689
实际结果缺少以下预期项：
  名称: vla_control, 参数: {"action": "resume"}
实际结果多出以下非预期项：
  名称: global_control, 参数: {"action": "resume"}
2026-03-23 09:23:25,568 - ERROR - CaseID: 2690
实际结果缺少以下预期项：
  名称: vla_control, 参数: {"action": "resume"}
实际结果多出以下非预期项：
  名称: global_control, 参数: {"action": "resume"}
2026-03-23 09:23:25,568 - ERROR - CaseID: 2691
实际结果缺少以下预期项：
  名称: vla_control, 参数: {"action": "resume"}
实际结果多出以下非预期项：
  名称: global_control, 参数: {"action": "resume"}
2026-03-23 09:23:25,568 - ERROR - CaseID: 2692
实际结果缺少以下预期项：
  名称: vla_control, 参数: {"action": "resume"}
实际结果多出以下非预期项：
  名称: global_control, 参数: {"action": "resume"}
2026-03-23 09:23:25,568 - ERROR - CaseID: 2693
实际结果缺少以下预期项：
  名称: vla_control, 参数: {"action": "resume"}
实际结果多出以下非预期项：
  名称: global_control, 参数: {"action": "resume"}
2026-03-23 09:23:25,568 - ERROR - CaseID: 2694
实际结果缺少以下预期项：
  名称: vla_control, 参数: {"action": "resume"}
实际结果多出以下非预期项：
  名称: global_control, 参数: {"action": "resume"}
2026-03-23 09:23:25,568 - ERROR - CaseID: 2695
结果数量不匹配: 预期1个，实际0个
2026-03-23 09:23:25,568 - ERROR - CaseID: 2696
结果数量不匹配: 预期1个，实际0个
2026-03-23 09:23:25,568 - ERROR - CaseID: 2697
实际结果缺少以下预期项：
  名称: vla_control, 参数: {"action": "pause"}
实际结果多出以下非预期项：
  名称: global_control, 参数: {"action": "pause"}
2026-03-23 09:23:25,568 - ERROR - CaseID: 2698
实际结果缺少以下预期项：
  名称: vla_control, 参数: {"action": "pause"}
实际结果多出以下非预期项：
  名称: global_control, 参数: {"action": "pause"}
2026-03-23 09:23:25,568 - ERROR - CaseID: 2700
实际结果缺少以下预期项：
  名称: vla_control, 参数: {"action": "pause"}
实际结果多出以下非预期项：
  名称: global_control, 参数: {"action": "pause"}
2026-03-23 09:23:25,568 - ERROR - CaseID: 2701
实际结果缺少以下预期项：
  名称: vla_control, 参数: {"action": "pause"}
实际结果多出以下非预期项：
  名称: global_control, 参数: {"action": "pause"}
2026-03-23 09:23:25,568 - ERROR - CaseID: 2702
实际结果缺少以下预期项：
  名称: vla_control, 参数: {"action": "pause"}
实际结果多出以下非预期项：
  名称: global_control, 参数: {"action": "pause"}
2026-03-23 09:23:25,569 - ERROR - CaseID: 2703
实际结果缺少以下预期项：
  名称: vla_control, 参数: {"action": "pause"}
实际结果多出以下非预期项：
  名称: global_control, 参数: {"action": "pause"}
2026-03-23 09:23:25,569 - ERROR - CaseID: 2705
实际结果缺少以下预期项：
  名称: vla_control, 参数: {"action": "pause"}
实际结果多出以下非预期项：
  名称: global_control, 参数: {"action": "pause"}
2026-03-23 09:23:25,569 - ERROR - CaseID: 2704
实际结果缺少以下预期项：
  名称: vla_control, 参数: {"action": "pause"}
实际结果多出以下非预期项：
  名称: global_control, 参数: {"action": "pause"}
2026-03-23 09:23:25,569 - ERROR - CaseID: 2706
实际结果缺少以下预期项：
  名称: vla_control, 参数: {"action": "pause"}
实际结果多出以下非预期项：
  名称: global_control, 参数: {"action": "pause"}
2026-03-23 09:23:25,569 - ERROR - CaseID: 2707
实际结果缺少以下预期项：
  名称: vla_control, 参数: {"action": "pause"}
实际结果多出以下非预期项：
  名称: global_control, 参数: {"action": "pause"}
2026-03-23 09:23:25,569 - ERROR - CaseID: 2708
实际结果缺少以下预期项：
  名称: vla_control, 参数: {"action": "pause"}
实际结果多出以下非预期项：
  名称: global_control, 参数: {"action": "pause"}
2026-03-23 09:23:25,569 - ERROR - CaseID: 2709
实际结果缺少以下预期项：
  名称: vla_control, 参数: {"action": "pause"}
实际结果多出以下非预期项：
  名称: global_control, 参数: {"action": "pause"}
2026-03-23 09:23:25,569 - ERROR - CaseID: 2710
实际结果缺少以下预期项：
  名称: vla_control, 参数: {"action": "pause"}
实际结果多出以下非预期项：
  名称: global_control, 参数: {"action": "pause"}
2026-03-23 09:23:25,569 - ERROR - CaseID: 2711
实际结果缺少以下预期项：
  名称: vla_control, 参数: {"action": "pause"}
实际结果多出以下非预期项：
  名称: global_control, 参数: {"action": "pause"}
2026-03-23 09:23:25,569 - ERROR - CaseID: 2712
实际结果缺少以下预期项：
  名称: vla_control, 参数: {"action": "pause"}
实际结果多出以下非预期项：
  名称: global_control, 参数: {"action": "pause"}
2026-03-23 09:23:25,569 - ERROR - CaseID: 2713
实际结果缺少以下预期项：
  名称: vla_control, 参数: {"action": "pause"}
实际结果多出以下非预期项：
  名称: global_control, 参数: {"action": "pause"}
2026-03-23 09:23:25,569 - ERROR - CaseID: 2714
实际结果缺少以下预期项：
  名称: vla_control, 参数: {"action": "pause"}
实际结果多出以下非预期项：
  名称: global_control, 参数: {"action": "pause"}
2026-03-23 09:23:25,569 - ERROR - CaseID: 2715
实际结果缺少以下预期项：
  名称: vla_control, 参数: {"action": "pause"}
实际结果多出以下非预期项：
  名称: global_control, 参数: {"action": "pause"}
2026-03-23 09:23:25,570 - ERROR - CaseID: 2716
实际结果缺少以下预期项：
  名称: vla_control, 参数: {"action": "pause"}
实际结果多出以下非预期项：
  名称: global_control, 参数: {"action": "pause"}
2026-03-23 09:23:25,572 - ERROR - CaseID: 2816
实际结果缺少以下预期项：
  名称: vla_control, 参数: {"action": "park", "point_desc": {"parking_space": "\u7a7a\u4f4d"}, "position": "\u540e"}
实际结果多出以下非预期项：
  名称: vla_control, 参数: {"action": "park", "point_desc": {"parking_space": "\u8f66\u4f4d"}, "position": "\u540e"}
2026-03-23 09:23:25,572 - ERROR - CaseID: 2825
结果数量不匹配: 预期1个，实际0个
2026-03-23 09:23:25,572 - ERROR - CaseID: 2826
结果数量不匹配: 预期1个，实际0个
2026-03-23 09:23:25,572 - ERROR - CaseID: 2827
实际结果缺少以下预期项：
  名称: vla_control, 参数: {"action": "park_in", "point_desc": {"parking_space": "\u4f4d\u5b50"}, "position": "\u5de6"}
实际结果多出以下非预期项：
  名称: vla_control, 参数: {"action": "park_in", "position": "\u5de6"}
2026-03-23 09:23:25,572 - ERROR - CaseID: 2828
实际结果缺少以下预期项：
  名称: vla_control, 参数: {"action": "park_in", "point_desc": {"parking_space": "\u4f4d\u5b50"}, "position": "\u524d"}
实际结果多出以下非预期项：
  名称: vla_control, 参数: {"action": "park_in", "position": "\u524d"}
2026-03-23 09:23:25,573 - ERROR - CaseID: 2855
实际结果缺少以下预期项：
  名称: vla_control, 参数: {"action": "navigate", "position": "\u5de6"}
实际结果多出以下非预期项：
  名称: vla_control, 参数: {"action": "steer", "direction": "LEFT"}
2026-03-23 09:23:25,574 - ERROR - CaseID: 2856
实际结果缺少以下预期项：
  名称: vla_control, 参数: {"action": "navigate", "position": "\u53f3"}
实际结果多出以下非预期项：
  名称: vla_control, 参数: {"action": "steer", "direction": "RIGHT"}
2026-03-23 09:23:25,574 - ERROR - CaseID: 2869
实际结果缺少以下预期项：
  名称: vla_control, 参数: {"action": "pause_drive", "position": "\u53f3"}
实际结果多出以下非预期项：
  名称: vla_control, 参数: {"action": "pause_drive", "position": "\u9760\u53f3"}
2026-03-23 09:23:25,574 - ERROR - CaseID: 2870
实际结果缺少以下预期项：
  名称: vla_control, 参数: {"action": "pause_drive", "position": "\u524d"}
实际结果多出以下非预期项：
  名称: vla_control, 参数: {"action": "pause_drive", "cross_range": "1"}
2026-03-23 09:23:25,575 - ERROR - CaseID: 2798
实际结果缺少以下预期项：
  名称: vla_control, 参数: {"action": "park", "point_desc": {"parking_space": "\u8f66\u4f4d"}, "position": "\u5de6\u540e"}
实际结果多出以下非预期项：
  名称: vla_control, 参数: {"action": "park", "position": "\u5de6\u540e"}
2026-03-23 09:23:25,575 - ERROR - CaseID: 2799
实际结果缺少以下预期项：
  名称: vla_control, 参数: {"action": "park", "point_desc": {"parking_space": "\u7a7a\u4f4d"}, "position": "\u524d"}
实际结果多出以下非预期项：
  名称: vla_control, 参数: {"action": "park", "point_desc": {"parking_space": "\u8f66\u4f4d"}, "position": "\u524d"}
2026-03-23 09:23:25,575 - ERROR - CaseID: 2801
实际结果缺少以下预期项：
  名称: vla_control, 参数: {"action": "park", "position": "\u9644\u8fd1"}
实际结果多出以下非预期项：
  名称: vla_control, 参数: {"action": "pause_drive", "position": "\u9644\u8fd1"}
2026-03-23 09:23:25,576 - ERROR - CaseID: 2804
实际结果缺少以下预期项：
  名称: vla_control, 参数: {"action": "park", "position": "\u53f3\u8fb9"}
实际结果多出以下非预期项：
  名称: vla_control, 参数: {"action": "park", "position": "\u53f3"}
2026-03-23 09:23:25,576 - ERROR - CaseID: 2808
实际结果缺少以下预期项：
  名称: vla_control, 参数: {"action": "park", "point_desc": {"parking_space": "\u7a7a\u4f4d"}, "position": "\u5de6\u524d"}
实际结果多出以下非预期项：
  名称: vla_control, 参数: {"action": "park", "position": "\u5de6\u524d"}
2026-03-23 09:23:25,576 - ERROR - CaseID: 2810
实际结果缺少以下预期项：
  名称: vla_control, 参数: {"action": "park", "position": "\u540e\u9762"}
实际结果多出以下非预期项：
  名称: vla_control, 参数: {"action": "park", "position": "\u540e"}
2026-03-23 09:23:25,576 - ERROR - CaseID: 2811
实际结果缺少以下预期项：
  名称: vla_control, 参数: {"action": "park", "position": "\u5de6\u4fa7"}
实际结果多出以下非预期项：
  名称: vla_control, 参数: {"action": "park", "position": "\u5de6"}
2026-03-23 09:23:25,576 - ERROR - CaseID: 2813
实际结果缺少以下预期项：
  名称: vla_control, 参数: {"action": "park", "point_desc": {"parking_space": "\u7a7a\u4f4d"}, "position": "\u524d"}
实际结果多出以下非预期项：
  名称: vla_control, 参数: {"action": "park", "position": "\u524d"}
2026-03-23 09:23:25,576 - ERROR - CaseID: 2815
实际结果缺少以下预期项：
  名称: vla_control, 参数: {"action": "park", "point_desc": {"parking_space": "\u7a7a\u4f4d"}, "position": "\u5de6\u524d"}
实际结果多出以下非预期项：
  名称: vla_control, 参数: {"action": "park", "position": "\u5de6\u524d"}
2026-03-23 09:23:25,576 - ERROR - CaseID: 2874
实际结果缺少以下预期项：
  名称: vla_control, 参数: {"action": "pause_drive", "position": "\u53f3"}
实际结果多出以下非预期项：
  名称: vla_control, 参数: {"action": "pause_drive", "position": "\u53f3\u524d"}
2026-03-23 09:23:25,577 - ERROR - CaseID: 2885
结果数量不匹配: 预期1个，实际0个
2026-03-23 09:23:25,577 - ERROR - CaseID: 2899
结果数量不匹配: 预期1个，实际0个
2026-03-23 09:23:25,579 - ERROR - CaseID: 2928
结果数量不匹配: 预期1个，实际0个
2026-03-23 09:23:25,579 - WARNING - CaseID: 2937 - 参数解析失败: Expecting ',' delimiter: line 1 column 53 (char 52), 原始数据: {"action":"park","point_desc":{"parking_space":"车位
2026-03-23 09:23:25,579 - WARNING - CaseID: 2937 - name和args数量不匹配（name:1个, args:0个），跳过该组对比
2026-03-23 09:23:25,579 - ERROR - CaseID: 2937
结果数量不匹配: 预期0个，实际1个
2026-03-23 09:23:25,579 - WARNING - CaseID: 2939 - 参数解析失败: Expecting ',' delimiter: line 1 column 53 (char 52), 原始数据: {"action":"park","point_desc":{"parking_space":"车位
2026-03-23 09:23:25,579 - WARNING - CaseID: 2939 - name和args数量不匹配（name:1个, args:0个），跳过该组对比
2026-03-23 09:23:25,579 - ERROR - CaseID: 2939
结果数量不匹配: 预期0个，实际1个
2026-03-23 09:23:25,579 - WARNING - CaseID: 2938 - 参数解析失败: Expecting ',' delimiter: line 1 column 53 (char 52), 原始数据: {"action":"park","point_desc":{"parking_space":"车位
2026-03-23 09:23:25,579 - WARNING - CaseID: 2938 - name和args数量不匹配（name:1个, args:0个），跳过该组对比
2026-03-23 09:23:25,579 - ERROR - CaseID: 2938
结果数量不匹配: 预期0个，实际1个
2026-03-23 09:23:25,579 - WARNING - CaseID: 2940 - 参数解析失败: Expecting ',' delimiter: line 1 column 53 (char 52), 原始数据: {"action":"park","point_desc":{"parking_space":"车位
2026-03-23 09:23:25,579 - WARNING - CaseID: 2940 - name和args数量不匹配（name:1个, args:0个），跳过该组对比
2026-03-23 09:23:25,580 - ERROR - CaseID: 2940
结果数量不匹配: 预期0个，实际1个
2026-03-23 09:23:25,580 - WARNING - CaseID: 2941 - 参数解析失败: Expecting ',' delimiter: line 1 column 53 (char 52), 原始数据: {"action":"park","point_desc":{"parking_space":"车位
2026-03-23 09:23:25,580 - WARNING - CaseID: 2941 - name和args数量不匹配（name:1个, args:0个），跳过该组对比
2026-03-23 09:23:25,580 - ERROR - CaseID: 2941
结果数量不匹配: 预期0个，实际1个
2026-03-23 09:23:25,580 - WARNING - CaseID: 2942 - 参数解析失败: Expecting ',' delimiter: line 1 column 53 (char 52), 原始数据: {"action":"park","point_desc":{"parking_space":"车位
2026-03-23 09:23:25,580 - WARNING - CaseID: 2942 - name和args数量不匹配（name:1个, args:0个），跳过该组对比
2026-03-23 09:23:25,580 - ERROR - CaseID: 2942
结果数量不匹配: 预期0个，实际1个
2026-03-23 09:23:25,580 - WARNING - CaseID: 2943 - 参数解析失败: Expecting ',' delimiter: line 1 column 53 (char 52), 原始数据: {"action":"park","point_desc":{"parking_space":"车位
2026-03-23 09:23:25,580 - WARNING - CaseID: 2943 - name和args数量不匹配（name:1个, args:0个），跳过该组对比
2026-03-23 09:23:25,580 - ERROR - CaseID: 2943
结果数量不匹配: 预期0个，实际1个
2026-03-23 09:23:25,580 - WARNING - CaseID: 2944 - 参数解析失败: Expecting ',' delimiter: line 1 column 53 (char 52), 原始数据: {"action":"park","point_desc":{"parking_space":"车位
2026-03-23 09:23:25,580 - WARNING - CaseID: 2944 - name和args数量不匹配（name:1个, args:0个），跳过该组对比
2026-03-23 09:23:25,580 - ERROR - CaseID: 2944
结果数量不匹配: 预期0个，实际1个
2026-03-23 09:23:25,580 - WARNING - CaseID: 2945 - 参数解析失败: Expecting ',' delimiter: line 1 column 53 (char 52), 原始数据: {"action":"park","point_desc":{"parking_space":"车位
2026-03-23 09:23:25,580 - WARNING - CaseID: 2945 - name和args数量不匹配（name:1个, args:0个），跳过该组对比
2026-03-23 09:23:25,580 - ERROR - CaseID: 2945
结果数量不匹配: 预期0个，实际1个
2026-03-23 09:23:25,580 - WARNING - CaseID: 2946 - 参数解析失败: Expecting ',' delimiter: line 1 column 53 (char 52), 原始数据: {"action":"park","point_desc":{"parking_space":"车位
2026-03-23 09:23:25,580 - WARNING - CaseID: 2946 - name和args数量不匹配（name:1个, args:0个），跳过该组对比
2026-03-23 09:23:25,580 - ERROR - CaseID: 2946
结果数量不匹配: 预期0个，实际1个
2026-03-23 09:23:25,580 - WARNING - CaseID: 2947 - 参数解析失败: Expecting ',' delimiter: line 1 column 53 (char 52), 原始数据: {"action":"park","point_desc":{"parking_space":"车位
2026-03-23 09:23:25,580 - WARNING - CaseID: 2947 - name和args数量不匹配（name:1个, args:0个），跳过该组对比
2026-03-23 09:23:25,580 - ERROR - CaseID: 2947
结果数量不匹配: 预期0个，实际1个
2026-03-23 09:23:25,580 - WARNING - CaseID: 2948 - 参数解析失败: Expecting ',' delimiter: line 1 column 53 (char 52), 原始数据: {"action":"park","point_desc":{"parking_space":"车位
2026-03-23 09:23:25,580 - WARNING - CaseID: 2948 - name和args数量不匹配（name:1个, args:0个），跳过该组对比
2026-03-23 09:23:25,580 - ERROR - CaseID: 2948
结果数量不匹配: 预期0个，实际1个
2026-03-23 09:23:25,581 - WARNING - CaseID: 2949 - 参数解析失败: Expecting ',' delimiter: line 1 column 53 (char 52), 原始数据: {"action":"park","point_desc":{"parking_space":"车位
2026-03-23 09:23:25,581 - WARNING - CaseID: 2949 - name和args数量不匹配（name:1个, args:0个），跳过该组对比
2026-03-23 09:23:25,581 - ERROR - CaseID: 2949
结果数量不匹配: 预期0个，实际1个
2026-03-23 09:23:25,581 - WARNING - CaseID: 2951 - 参数解析失败: Expecting ',' delimiter: line 1 column 53 (char 52), 原始数据: {"action":"park","point_desc":{"parking_space":"车位
2026-03-23 09:23:25,581 - WARNING - CaseID: 2951 - name和args数量不匹配（name:1个, args:0个），跳过该组对比
2026-03-23 09:23:25,581 - ERROR - CaseID: 2951
结果数量不匹配: 预期0个，实际1个
2026-03-23 09:23:25,581 - WARNING - CaseID: 2950 - 参数解析失败: Expecting ',' delimiter: line 1 column 53 (char 52), 原始数据: {"action":"park","point_desc":{"parking_space":"车位
2026-03-23 09:23:25,581 - WARNING - CaseID: 2950 - name和args数量不匹配（name:1个, args:0个），跳过该组对比
2026-03-23 09:23:25,581 - ERROR - CaseID: 2950
结果数量不匹配: 预期0个，实际1个
2026-03-23 09:23:25,581 - WARNING - CaseID: 2952 - 参数解析失败: Expecting ',' delimiter: line 1 column 53 (char 52), 原始数据: {"action":"park","point_desc":{"parking_space":"车位
2026-03-23 09:23:25,581 - WARNING - CaseID: 2952 - name和args数量不匹配（name:1个, args:0个），跳过该组对比
2026-03-23 09:23:25,581 - ERROR - CaseID: 2952
结果数量不匹配: 预期0个，实际1个
2026-03-23 09:23:25,581 - WARNING - CaseID: 2953 - 参数解析失败: Expecting ',' delimiter: line 1 column 53 (char 52), 原始数据: {"action":"park","point_desc":{"parking_space":"车位
2026-03-23 09:23:25,581 - WARNING - CaseID: 2953 - name和args数量不匹配（name:1个, args:0个），跳过该组对比
2026-03-23 09:23:25,581 - ERROR - CaseID: 2953
结果数量不匹配: 预期0个，实际1个
2026-03-23 09:23:25,581 - WARNING - CaseID: 2954 - 参数解析失败: Expecting ',' delimiter: line 1 column 53 (char 52), 原始数据: {"action":"park","point_desc":{"parking_space":"车位
2026-03-23 09:23:25,581 - WARNING - CaseID: 2954 - name和args数量不匹配（name:1个, args:0个），跳过该组对比
2026-03-23 09:23:25,581 - ERROR - CaseID: 2954
结果数量不匹配: 预期0个，实际1个
2026-03-23 09:23:25,581 - WARNING - CaseID: 2955 - 参数解析失败: Expecting ',' delimiter: line 1 column 53 (char 52), 原始数据: {"action":"park","point_desc":{"parking_space":"车位
2026-03-23 09:23:25,581 - WARNING - CaseID: 2955 - name和args数量不匹配（name:1个, args:0个），跳过该组对比
2026-03-23 09:23:25,581 - ERROR - CaseID: 2955
结果数量不匹配: 预期0个，实际1个
2026-03-23 09:23:25,581 - WARNING - CaseID: 2957 - 参数解析失败: Expecting ',' delimiter: line 1 column 56 (char 55), 原始数据: {"action":"park_in","point_desc":{"parking_space":
2026-03-23 09:23:25,581 - WARNING - CaseID: 2957 - name和args数量不匹配（name:1个, args:0个），跳过该组对比
2026-03-23 09:23:25,581 - ERROR - CaseID: 2957
结果数量不匹配: 预期0个，实际1个
2026-03-23 09:23:25,581 - WARNING - CaseID: 2956 - 参数解析失败: Expecting ',' delimiter: line 1 column 53 (char 52), 原始数据: {"action":"park","point_desc":{"parking_space":"车位
2026-03-23 09:23:25,581 - WARNING - CaseID: 2956 - name和args数量不匹配（name:1个, args:0个），跳过该组对比
2026-03-23 09:23:25,581 - ERROR - CaseID: 2956
结果数量不匹配: 预期0个，实际1个
2026-03-23 09:23:25,582 - WARNING - CaseID: 2958 - 参数解析失败: Expecting ',' delimiter: line 1 column 56 (char 55), 原始数据: {"action":"park_in","point_desc":{"parking_space":
2026-03-23 09:23:25,582 - WARNING - CaseID: 2958 - name和args数量不匹配（name:1个, args:0个），跳过该组对比
2026-03-23 09:23:25,582 - ERROR - CaseID: 2958
结果数量不匹配: 预期0个，实际1个
2026-03-23 09:23:25,582 - WARNING - CaseID: 2959 - 参数解析失败: Expecting ',' delimiter: line 1 column 56 (char 55), 原始数据: {"action":"park_in","point_desc":{"parking_space":
2026-03-23 09:23:25,582 - WARNING - CaseID: 2959 - name和args数量不匹配（name:1个, args:0个），跳过该组对比
2026-03-23 09:23:25,582 - ERROR - CaseID: 2959
结果数量不匹配: 预期0个，实际1个
2026-03-23 09:23:25,582 - WARNING - CaseID: 2961 - 参数解析失败: Expecting ',' delimiter: line 1 column 56 (char 55), 原始数据: {"action":"park_in","point_desc":{"parking_space":
2026-03-23 09:23:25,582 - WARNING - CaseID: 2961 - name和args数量不匹配（name:1个, args:0个），跳过该组对比
2026-03-23 09:23:25,582 - ERROR - CaseID: 2961
结果数量不匹配: 预期0个，实际1个
2026-03-23 09:23:25,582 - WARNING - CaseID: 2960 - 参数解析失败: Expecting ',' delimiter: line 1 column 56 (char 55), 原始数据: {"action":"park_in","point_desc":{"parking_space":
2026-03-23 09:23:25,582 - WARNING - CaseID: 2960 - name和args数量不匹配（name:1个, args:0个），跳过该组对比
2026-03-23 09:23:25,582 - ERROR - CaseID: 2960
结果数量不匹配: 预期0个，实际1个
2026-03-23 09:23:25,582 - WARNING - CaseID: 2962 - 参数解析失败: Expecting ',' delimiter: line 1 column 56 (char 55), 原始数据: {"action":"park_in","point_desc":{"parking_space":
2026-03-23 09:23:25,582 - WARNING - CaseID: 2962 - name和args数量不匹配（name:1个, args:0个），跳过该组对比
2026-03-23 09:23:25,582 - ERROR - CaseID: 2962
结果数量不匹配: 预期0个，实际1个
2026-03-23 09:23:25,582 - WARNING - CaseID: 2963 - 参数解析失败: Expecting ',' delimiter: line 1 column 56 (char 55), 原始数据: {"action":"park_in","point_desc":{"parking_space":
2026-03-23 09:23:25,582 - WARNING - CaseID: 2963 - name和args数量不匹配（name:1个, args:0个），跳过该组对比
2026-03-23 09:23:25,582 - ERROR - CaseID: 2963
结果数量不匹配: 预期0个，实际1个
2026-03-23 09:23:25,582 - WARNING - CaseID: 2964 - 参数解析失败: Expecting ',' delimiter: line 1 column 56 (char 55), 原始数据: {"action":"park_in","point_desc":{"parking_space":
2026-03-23 09:23:25,582 - WARNING - CaseID: 2964 - name和args数量不匹配（name:1个, args:0个），跳过该组对比
2026-03-23 09:23:25,582 - ERROR - CaseID: 2964
结果数量不匹配: 预期0个，实际1个
2026-03-23 09:23:25,582 - WARNING - CaseID: 2965 - 参数解析失败: Expecting ',' delimiter: line 1 column 56 (char 55), 原始数据: {"action":"park_in","point_desc":{"parking_space":
2026-03-23 09:23:25,582 - WARNING - CaseID: 2965 - name和args数量不匹配（name:1个, args:0个），跳过该组对比
2026-03-23 09:23:25,582 - ERROR - CaseID: 2965
结果数量不匹配: 预期0个，实际1个
2026-03-23 09:23:25,582 - WARNING - CaseID: 2966 - 参数解析失败: Expecting ',' delimiter: line 1 column 56 (char 55), 原始数据: {"action":"park_in","point_desc":{"parking_space":
2026-03-23 09:23:25,582 - WARNING - CaseID: 2966 - name和args数量不匹配（name:1个, args:0个），跳过该组对比
2026-03-23 09:23:25,582 - ERROR - CaseID: 2966
结果数量不匹配: 预期0个，实际1个
2026-03-23 09:23:25,583 - WARNING - CaseID: 2967 - 参数解析失败: Expecting ',' delimiter: line 1 column 56 (char 55), 原始数据: {"action":"park_in","point_desc":{"parking_space":
2026-03-23 09:23:25,583 - WARNING - CaseID: 2967 - name和args数量不匹配（name:1个, args:0个），跳过该组对比
2026-03-23 09:23:25,583 - ERROR - CaseID: 2967
结果数量不匹配: 预期0个，实际1个
2026-03-23 09:23:25,583 - WARNING - CaseID: 2968 - 参数解析失败: Expecting ',' delimiter: line 1 column 56 (char 55), 原始数据: {"action":"park_in","point_desc":{"parking_space":
2026-03-23 09:23:25,583 - WARNING - CaseID: 2968 - name和args数量不匹配（name:1个, args:0个），跳过该组对比
2026-03-23 09:23:25,583 - ERROR - CaseID: 2968
结果数量不匹配: 预期0个，实际1个
2026-03-23 09:23:25,583 - WARNING - CaseID: 2969 - 参数解析失败: Expecting ',' delimiter: line 1 column 56 (char 55), 原始数据: {"action":"park_in","point_desc":{"parking_space":
2026-03-23 09:23:25,583 - WARNING - CaseID: 2969 - name和args数量不匹配（name:1个, args:0个），跳过该组对比
2026-03-23 09:23:25,583 - ERROR - CaseID: 2969
结果数量不匹配: 预期0个，实际1个
2026-03-23 09:23:25,583 - WARNING - CaseID: 2970 - 参数解析失败: Expecting ',' delimiter: line 1 column 56 (char 55), 原始数据: {"action":"park_in","point_desc":{"parking_space":
2026-03-23 09:23:25,583 - WARNING - CaseID: 2970 - name和args数量不匹配（name:1个, args:0个），跳过该组对比
2026-03-23 09:23:25,583 - ERROR - CaseID: 2970
结果数量不匹配: 预期0个，实际1个
2026-03-23 09:23:25,583 - WARNING - CaseID: 2971 - 参数解析失败: Expecting ',' delimiter: line 1 column 56 (char 55), 原始数据: {"action":"park_in","point_desc":{"parking_space":
2026-03-23 09:23:25,583 - WARNING - CaseID: 2971 - name和args数量不匹配（name:1个, args:0个），跳过该组对比
2026-03-23 09:23:25,583 - ERROR - CaseID: 2971
结果数量不匹配: 预期0个，实际1个
2026-03-23 09:23:25,583 - WARNING - CaseID: 2972 - 参数解析失败: Expecting ',' delimiter: line 1 column 56 (char 55), 原始数据: {"action":"park_in","point_desc":{"parking_space":
2026-03-23 09:23:25,583 - WARNING - CaseID: 2972 - name和args数量不匹配（name:1个, args:0个），跳过该组对比
2026-03-23 09:23:25,583 - ERROR - CaseID: 2972
结果数量不匹配: 预期0个，实际1个
2026-03-23 09:23:25,583 - WARNING - CaseID: 2973 - 参数解析失败: Expecting ',' delimiter: line 1 column 56 (char 55), 原始数据: {"action":"park_in","point_desc":{"parking_space":
2026-03-23 09:23:25,583 - WARNING - CaseID: 2973 - name和args数量不匹配（name:1个, args:0个），跳过该组对比
2026-03-23 09:23:25,583 - ERROR - CaseID: 2973
结果数量不匹配: 预期0个，实际1个
2026-03-23 09:23:25,583 - WARNING - CaseID: 2974 - 参数解析失败: Expecting ',' delimiter: line 1 column 56 (char 55), 原始数据: {"action":"park_in","point_desc":{"parking_space":
2026-03-23 09:23:25,583 - WARNING - CaseID: 2974 - name和args数量不匹配（name:1个, args:0个），跳过该组对比
2026-03-23 09:23:25,583 - ERROR - CaseID: 2974
结果数量不匹配: 预期0个，实际1个
2026-03-23 09:23:25,583 - WARNING - CaseID: 2976 - 参数解析失败: Expecting ',' delimiter: line 1 column 56 (char 55), 原始数据: {"action":"park_in","point_desc":{"parking_space":
2026-03-23 09:23:25,583 - WARNING - CaseID: 2976 - name和args数量不匹配（name:1个, args:0个），跳过该组对比
2026-03-23 09:23:25,584 - ERROR - CaseID: 2976
结果数量不匹配: 预期0个，实际1个
2026-03-23 09:23:25,584 - WARNING - CaseID: 2975 - 参数解析失败: Expecting ',' delimiter: line 1 column 56 (char 55), 原始数据: {"action":"park_in","point_desc":{"parking_space":
2026-03-23 09:23:25,584 - WARNING - CaseID: 2975 - name和args数量不匹配（name:1个, args:0个），跳过该组对比
2026-03-23 09:23:25,584 - ERROR - CaseID: 2975
结果数量不匹配: 预期0个，实际1个
2026-03-23 09:23:25,584 - WARNING - CaseID: 2978 - 参数解析失败: Expecting ',' delimiter: line 1 column 57 (char 56), 原始数据: {"action":"navigate","point_desc":{"parking_space"
2026-03-23 09:23:25,584 - WARNING - CaseID: 2978 - name和args数量不匹配（name:1个, args:0个），跳过该组对比
2026-03-23 09:23:25,584 - ERROR - CaseID: 2978
结果数量不匹配: 预期0个，实际1个
2026-03-23 09:23:25,584 - WARNING - CaseID: 2977 - 参数解析失败: Expecting ',' delimiter: line 1 column 57 (char 56), 原始数据: {"action":"navigate","point_desc":{"parking_space"
2026-03-23 09:23:25,584 - WARNING - CaseID: 2977 - name和args数量不匹配（name:1个, args:0个），跳过该组对比
2026-03-23 09:23:25,584 - ERROR - CaseID: 2977
结果数量不匹配: 预期0个，实际1个
2026-03-23 09:23:25,584 - WARNING - CaseID: 2979 - 参数解析失败: Expecting ',' delimiter: line 1 column 57 (char 56), 原始数据: {"action":"navigate","point_desc":{"parking_space"
2026-03-23 09:23:25,584 - WARNING - CaseID: 2979 - name和args数量不匹配（name:1个, args:0个），跳过该组对比
2026-03-23 09:23:25,584 - ERROR - CaseID: 2979
结果数量不匹配: 预期0个，实际1个
2026-03-23 09:23:25,584 - WARNING - CaseID: 2980 - 参数解析失败: Expecting ',' delimiter: line 1 column 57 (char 56), 原始数据: {"action":"navigate","point_desc":{"parking_space"
2026-03-23 09:23:25,584 - WARNING - CaseID: 2980 - name和args数量不匹配（name:1个, args:0个），跳过该组对比
2026-03-23 09:23:25,584 - ERROR - CaseID: 2980
结果数量不匹配: 预期0个，实际1个
2026-03-23 09:23:25,584 - WARNING - CaseID: 2981 - 参数解析失败: Expecting ',' delimiter: line 1 column 57 (char 56), 原始数据: {"action":"navigate","point_desc":{"parking_space"
2026-03-23 09:23:25,584 - WARNING - CaseID: 2981 - name和args数量不匹配（name:1个, args:0个），跳过该组对比
2026-03-23 09:23:25,584 - ERROR - CaseID: 2981
结果数量不匹配: 预期0个，实际1个
2026-03-23 09:23:25,584 - WARNING - CaseID: 2982 - 参数解析失败: Expecting ',' delimiter: line 1 column 57 (char 56), 原始数据: {"action":"navigate","point_desc":{"parking_space"
2026-03-23 09:23:25,584 - WARNING - CaseID: 2982 - name和args数量不匹配（name:1个, args:0个），跳过该组对比
2026-03-23 09:23:25,584 - ERROR - CaseID: 2982
结果数量不匹配: 预期0个，实际1个
2026-03-23 09:23:25,584 - WARNING - CaseID: 2983 - 参数解析失败: Expecting ',' delimiter: line 1 column 57 (char 56), 原始数据: {"action":"navigate","point_desc":{"parking_space"
2026-03-23 09:23:25,584 - WARNING - CaseID: 2983 - name和args数量不匹配（name:1个, args:0个），跳过该组对比
2026-03-23 09:23:25,584 - ERROR - CaseID: 2983
结果数量不匹配: 预期0个，实际1个
2026-03-23 09:23:25,584 - WARNING - CaseID: 2984 - 参数解析失败: Expecting ',' delimiter: line 1 column 57 (char 56), 原始数据: {"action":"navigate","point_desc":{"parking_space"
2026-03-23 09:23:25,585 - WARNING - CaseID: 2984 - name和args数量不匹配（name:1个, args:0个），跳过该组对比
2026-03-23 09:23:25,585 - ERROR - CaseID: 2984
结果数量不匹配: 预期0个，实际1个
2026-03-23 09:23:25,585 - WARNING - CaseID: 2985 - 参数解析失败: Expecting ',' delimiter: line 1 column 57 (char 56), 原始数据: {"action":"navigate","point_desc":{"parking_space"
2026-03-23 09:23:25,585 - WARNING - CaseID: 2985 - name和args数量不匹配（name:1个, args:0个），跳过该组对比
2026-03-23 09:23:25,585 - ERROR - CaseID: 2985
结果数量不匹配: 预期0个，实际1个
2026-03-23 09:23:25,585 - WARNING - CaseID: 2986 - 参数解析失败: Expecting ',' delimiter: line 1 column 57 (char 56), 原始数据: {"action":"navigate","point_desc":{"parking_space"
2026-03-23 09:23:25,585 - WARNING - CaseID: 2986 - name和args数量不匹配（name:1个, args:0个），跳过该组对比
2026-03-23 09:23:25,585 - ERROR - CaseID: 2986
结果数量不匹配: 预期0个，实际1个
2026-03-23 09:23:25,585 - WARNING - CaseID: 2988 - 参数解析失败: Expecting ',' delimiter: line 1 column 57 (char 56), 原始数据: {"action":"navigate","point_desc":{"parking_space"
2026-03-23 09:23:25,585 - WARNING - CaseID: 2988 - name和args数量不匹配（name:1个, args:0个），跳过该组对比
2026-03-23 09:23:25,585 - ERROR - CaseID: 2988
结果数量不匹配: 预期0个，实际1个
2026-03-23 09:23:25,585 - WARNING - CaseID: 2987 - 参数解析失败: Expecting ',' delimiter: line 1 column 57 (char 56), 原始数据: {"action":"navigate","point_desc":{"parking_space"
2026-03-23 09:23:25,585 - WARNING - CaseID: 2987 - name和args数量不匹配（name:1个, args:0个），跳过该组对比
2026-03-23 09:23:25,585 - ERROR - CaseID: 2987
结果数量不匹配: 预期0个，实际1个
2026-03-23 09:23:25,585 - WARNING - CaseID: 2990 - 参数解析失败: Expecting ',' delimiter: line 1 column 57 (char 56), 原始数据: {"action":"navigate","point_desc":{"parking_space"
2026-03-23 09:23:25,585 - WARNING - CaseID: 2990 - name和args数量不匹配（name:1个, args:0个），跳过该组对比
2026-03-23 09:23:25,585 - ERROR - CaseID: 2990
结果数量不匹配: 预期0个，实际1个
2026-03-23 09:23:25,585 - WARNING - CaseID: 2989 - 参数解析失败: Expecting ',' delimiter: line 1 column 57 (char 56), 原始数据: {"action":"navigate","point_desc":{"parking_space"
2026-03-23 09:23:25,585 - WARNING - CaseID: 2989 - name和args数量不匹配（name:1个, args:0个），跳过该组对比
2026-03-23 09:23:25,585 - ERROR - CaseID: 2989
结果数量不匹配: 预期0个，实际1个
2026-03-23 09:23:25,585 - WARNING - CaseID: 2992 - 参数解析失败: Expecting ',' delimiter: line 1 column 57 (char 56), 原始数据: {"action":"navigate","point_desc":{"parking_space"
2026-03-23 09:23:25,585 - WARNING - CaseID: 2992 - name和args数量不匹配（name:1个, args:0个），跳过该组对比
2026-03-23 09:23:25,585 - ERROR - CaseID: 2992
结果数量不匹配: 预期0个，实际1个
2026-03-23 09:23:25,585 - WARNING - CaseID: 2991 - 参数解析失败: Expecting ',' delimiter: line 1 column 57 (char 56), 原始数据: {"action":"navigate","point_desc":{"parking_space"
2026-03-23 09:23:25,585 - WARNING - CaseID: 2991 - name和args数量不匹配（name:1个, args:0个），跳过该组对比
2026-03-23 09:23:25,585 - ERROR - CaseID: 2991
结果数量不匹配: 预期0个，实际1个
2026-03-23 09:23:25,586 - WARNING - CaseID: 2993 - 参数解析失败: Expecting ',' delimiter: line 1 column 57 (char 56), 原始数据: {"action":"navigate","point_desc":{"parking_space"
2026-03-23 09:23:25,586 - WARNING - CaseID: 2993 - name和args数量不匹配（name:1个, args:0个），跳过该组对比
2026-03-23 09:23:25,586 - ERROR - CaseID: 2993
结果数量不匹配: 预期0个，实际1个
2026-03-23 09:23:25,586 - WARNING - CaseID: 2994 - 参数解析失败: Expecting ',' delimiter: line 1 column 57 (char 56), 原始数据: {"action":"navigate","point_desc":{"parking_space"
2026-03-23 09:23:25,586 - WARNING - CaseID: 2994 - name和args数量不匹配（name:1个, args:0个），跳过该组对比
2026-03-23 09:23:25,586 - ERROR - CaseID: 2994
结果数量不匹配: 预期0个，实际1个
2026-03-23 09:23:25,586 - WARNING - CaseID: 2995 - 参数解析失败: Expecting ',' delimiter: line 1 column 57 (char 56), 原始数据: {"action":"navigate","point_desc":{"parking_space"
2026-03-23 09:23:25,586 - WARNING - CaseID: 2995 - name和args数量不匹配（name:1个, args:0个），跳过该组对比
2026-03-23 09:23:25,586 - ERROR - CaseID: 2995
结果数量不匹配: 预期0个，实际1个
2026-03-23 09:23:25,586 - WARNING - CaseID: 2996 - 参数解析失败: Expecting ',' delimiter: line 1 column 57 (char 56), 原始数据: {"action":"navigate","point_desc":{"parking_space"
2026-03-23 09:23:25,586 - WARNING - CaseID: 2996 - name和args数量不匹配（name:1个, args:0个），跳过该组对比
2026-03-23 09:23:25,586 - ERROR - CaseID: 2996
结果数量不匹配: 预期0个，实际1个
2026-03-23 09:23:25,586 - WARNING - CaseID: 2998 - 参数解析失败: Expecting ',' delimiter: line 1 column 60 (char 59), 原始数据: {"action":"pause_drive","point_desc":{"parking_spa
2026-03-23 09:23:25,586 - WARNING - CaseID: 2998 - name和args数量不匹配（name:1个, args:0个），跳过该组对比
2026-03-23 09:23:25,586 - ERROR - CaseID: 2998
结果数量不匹配: 预期0个，实际1个
2026-03-23 09:23:25,586 - WARNING - CaseID: 2997 - 参数解析失败: Expecting ',' delimiter: line 1 column 60 (char 59), 原始数据: {"action":"pause_drive","point_desc":{"parking_spa
2026-03-23 09:23:25,586 - WARNING - CaseID: 2997 - name和args数量不匹配（name:1个, args:0个），跳过该组对比
2026-03-23 09:23:25,586 - ERROR - CaseID: 2997
结果数量不匹配: 预期0个，实际1个
2026-03-23 09:23:25,586 - WARNING - CaseID: 2999 - 参数解析失败: Expecting ',' delimiter: line 1 column 60 (char 59), 原始数据: {"action":"pause_drive","point_desc":{"parking_spa
2026-03-23 09:23:25,586 - WARNING - CaseID: 2999 - name和args数量不匹配（name:1个, args:0个），跳过该组对比
2026-03-23 09:23:25,586 - ERROR - CaseID: 2999
结果数量不匹配: 预期0个，实际1个
2026-03-23 09:23:25,586 - WARNING - CaseID: 3000 - 参数解析失败: Expecting ',' delimiter: line 1 column 60 (char 59), 原始数据: {"action":"pause_drive","point_desc":{"parking_spa
2026-03-23 09:23:25,586 - WARNING - CaseID: 3000 - name和args数量不匹配（name:1个, args:0个），跳过该组对比
2026-03-23 09:23:25,586 - ERROR - CaseID: 3000
结果数量不匹配: 预期0个，实际2个
2026-03-23 09:23:25,586 - WARNING - CaseID: 3001 - 参数解析失败: Expecting ',' delimiter: line 1 column 60 (char 59), 原始数据: {"action":"pause_drive","point_desc":{"parking_spa
2026-03-23 09:23:25,586 - WARNING - CaseID: 3001 - name和args数量不匹配（name:1个, args:0个），跳过该组对比
2026-03-23 09:23:25,587 - ERROR - CaseID: 3001
结果数量不匹配: 预期0个，实际2个
2026-03-23 09:23:25,587 - WARNING - CaseID: 3002 - 参数解析失败: Expecting ',' delimiter: line 1 column 60 (char 59), 原始数据: {"action":"pause_drive","point_desc":{"parking_spa
2026-03-23 09:23:25,587 - WARNING - CaseID: 3002 - name和args数量不匹配（name:1个, args:0个），跳过该组对比
2026-03-23 09:23:25,587 - ERROR - CaseID: 3002
结果数量不匹配: 预期0个，实际1个
2026-03-23 09:23:25,587 - WARNING - CaseID: 3004 - 参数解析失败: Expecting ',' delimiter: line 1 column 60 (char 59), 原始数据: {"action":"pause_drive","point_desc":{"parking_spa
2026-03-23 09:23:25,587 - WARNING - CaseID: 3004 - name和args数量不匹配（name:1个, args:0个），跳过该组对比
2026-03-23 09:23:25,587 - ERROR - CaseID: 3004
结果数量不匹配: 预期0个，实际1个
2026-03-23 09:23:25,587 - WARNING - CaseID: 3003 - 参数解析失败: Expecting ',' delimiter: line 1 column 60 (char 59), 原始数据: {"action":"pause_drive","point_desc":{"parking_spa
2026-03-23 09:23:25,587 - WARNING - CaseID: 3003 - name和args数量不匹配（name:1个, args:0个），跳过该组对比
2026-03-23 09:23:25,587 - ERROR - CaseID: 3003
结果数量不匹配: 预期0个，实际1个
2026-03-23 09:23:25,587 - WARNING - CaseID: 3006 - 参数解析失败: Expecting ',' delimiter: line 1 column 60 (char 59), 原始数据: {"action":"pause_drive","point_desc":{"parking_spa
2026-03-23 09:23:25,587 - WARNING - CaseID: 3006 - name和args数量不匹配（name:1个, args:0个），跳过该组对比
2026-03-23 09:23:25,587 - ERROR - CaseID: 3006
结果数量不匹配: 预期0个，实际1个
2026-03-23 09:23:25,587 - WARNING - CaseID: 3005 - 参数解析失败: Expecting ',' delimiter: line 1 column 60 (char 59), 原始数据: {"action":"pause_drive","point_desc":{"parking_spa
2026-03-23 09:23:25,587 - WARNING - CaseID: 3005 - name和args数量不匹配（name:1个, args:0个），跳过该组对比
2026-03-23 09:23:25,587 - ERROR - CaseID: 3005
结果数量不匹配: 预期0个，实际1个
2026-03-23 09:23:25,587 - WARNING - CaseID: 3007 - 参数解析失败: Expecting ',' delimiter: line 1 column 60 (char 59), 原始数据: {"action":"pause_drive","point_desc":{"parking_spa
2026-03-23 09:23:25,587 - WARNING - CaseID: 3007 - name和args数量不匹配（name:1个, args:0个），跳过该组对比
2026-03-23 09:23:25,587 - ERROR - CaseID: 3007
结果数量不匹配: 预期0个，实际1个
2026-03-23 09:23:25,587 - WARNING - CaseID: 3008 - 参数解析失败: Expecting ',' delimiter: line 1 column 60 (char 59), 原始数据: {"action":"pause_drive","point_desc":{"parking_spa
2026-03-23 09:23:25,587 - WARNING - CaseID: 3008 - name和args数量不匹配（name:1个, args:0个），跳过该组对比
2026-03-23 09:23:25,587 - ERROR - CaseID: 3008
结果数量不匹配: 预期0个，实际1个
2026-03-23 09:23:25,587 - WARNING - CaseID: 3010 - 参数解析失败: Expecting ',' delimiter: line 1 column 60 (char 59), 原始数据: {"action":"pause_drive","point_desc":{"parking_spa
2026-03-23 09:23:25,587 - WARNING - CaseID: 3010 - name和args数量不匹配（name:1个, args:0个），跳过该组对比
2026-03-23 09:23:25,587 - ERROR - CaseID: 3010
结果数量不匹配: 预期0个，实际1个
2026-03-23 09:23:25,587 - WARNING - CaseID: 3009 - 参数解析失败: Expecting ',' delimiter: line 1 column 60 (char 59), 原始数据: {"action":"pause_drive","point_desc":{"parking_spa
2026-03-23 09:23:25,587 - WARNING - CaseID: 3009 - name和args数量不匹配（name:1个, args:0个），跳过该组对比
2026-03-23 09:23:25,588 - ERROR - CaseID: 3009
结果数量不匹配: 预期0个，实际1个
2026-03-23 09:23:25,588 - WARNING - CaseID: 3012 - 参数解析失败: Expecting ',' delimiter: line 1 column 60 (char 59), 原始数据: {"action":"pause_drive","point_desc":{"parking_spa
2026-03-23 09:23:25,588 - WARNING - CaseID: 3012 - name和args数量不匹配（name:1个, args:0个），跳过该组对比
2026-03-23 09:23:25,588 - ERROR - CaseID: 3012
结果数量不匹配: 预期0个，实际1个
2026-03-23 09:23:25,588 - WARNING - CaseID: 3011 - 参数解析失败: Expecting ',' delimiter: line 1 column 60 (char 59), 原始数据: {"action":"pause_drive","point_desc":{"parking_spa
2026-03-23 09:23:25,588 - WARNING - CaseID: 3011 - name和args数量不匹配（name:1个, args:0个），跳过该组对比
2026-03-23 09:23:25,588 - ERROR - CaseID: 3011
结果数量不匹配: 预期0个，实际1个
2026-03-23 09:23:25,588 - WARNING - CaseID: 3013 - 参数解析失败: Expecting ',' delimiter: line 1 column 60 (char 59), 原始数据: {"action":"pause_drive","point_desc":{"parking_spa
2026-03-23 09:23:25,588 - WARNING - CaseID: 3013 - name和args数量不匹配（name:1个, args:0个），跳过该组对比
2026-03-23 09:23:25,588 - ERROR - CaseID: 3013
结果数量不匹配: 预期0个，实际1个
2026-03-23 09:23:25,588 - WARNING - CaseID: 3014 - 参数解析失败: Expecting ',' delimiter: line 1 column 60 (char 59), 原始数据: {"action":"pause_drive","point_desc":{"parking_spa
2026-03-23 09:23:25,588 - WARNING - CaseID: 3014 - name和args数量不匹配（name:1个, args:0个），跳过该组对比
2026-03-23 09:23:25,588 - ERROR - CaseID: 3014
结果数量不匹配: 预期0个，实际1个
2026-03-23 09:23:25,588 - WARNING - CaseID: 3015 - 参数解析失败: Expecting ',' delimiter: line 1 column 60 (char 59), 原始数据: {"action":"pause_drive","point_desc":{"parking_spa
2026-03-23 09:23:25,588 - WARNING - CaseID: 3015 - name和args数量不匹配（name:1个, args:0个），跳过该组对比
2026-03-23 09:23:25,588 - ERROR - CaseID: 3015
结果数量不匹配: 预期0个，实际1个
2026-03-23 09:23:25,588 - WARNING - CaseID: 3016 - 参数解析失败: Expecting ',' delimiter: line 1 column 60 (char 59), 原始数据: {"action":"pause_drive","point_desc":{"parking_spa
2026-03-23 09:23:25,588 - WARNING - CaseID: 3016 - name和args数量不匹配（name:1个, args:0个），跳过该组对比
2026-03-23 09:23:25,588 - ERROR - CaseID: 3016
结果数量不匹配: 预期0个，实际1个
2026-03-23 09:23:25,589 - ERROR - CaseID: 3030
结果数量不匹配: 预期1个，实际0个
2026-03-23 09:23:25,589 - ERROR - CaseID: 3031
结果数量不匹配: 预期1个，实际0个
2026-03-23 09:23:25,589 - ERROR - CaseID: 3032
结果数量不匹配: 预期1个，实际0个
2026-03-23 09:23:25,589 - ERROR - CaseID: 3033
结果数量不匹配: 预期1个，实际0个
2026-03-23 09:23:25,589 - INFO - 开始分片写入 2943 条结果，每片 2000 条
2026-03-23 09:23:26,017 - INFO - 已写入第 1-2000 行结果
2026-03-23 09:23:26,920 - INFO - 已写入第 2001-2943 行结果
2026-03-23 09:23:27,423 - INFO - === 4o_vehicle_control 流程完成，耗时: 8.46秒 ===
