2026-03-02 15:37:07,949 - INFO - === 看世界规划对比工具（高性能原版逻辑）启动 ===
2026-03-02 15:37:08,130 - INFO - 成功加载飞书表格
2026-03-02 15:37:09,781 - INFO - 已读取200行数据
2026-03-02 15:37:09,991 - INFO - 已读取400行数据
2026-03-02 15:37:10,747 - INFO - 已读取600行数据
2026-03-02 15:37:10,959 - INFO - 已读取800行数据
2026-03-02 15:37:11,209 - INFO - 已读取1000行数据
2026-03-02 15:37:11,953 - INFO - 已读取1200行数据
2026-03-02 15:37:12,164 - INFO - 已读取1400行数据
2026-03-02 15:37:12,807 - INFO - 已读取1600行数据
2026-03-02 15:37:13,016 - INFO - 已读取1800行数据
2026-03-02 15:37:13,221 - INFO - 已读取2000行数据
2026-03-02 15:37:13,906 - INFO - 已读取2200行数据
2026-03-02 15:37:14,113 - INFO - 已读取2400行数据
2026-03-02 15:37:14,636 - INFO - 表格读取完成，共2542行有效数据
2026-03-02 15:37:15,401 - INFO - CaseID:1 - QUERY字段：基础语义模糊匹配通过
2026-03-02 15:37:15,401 - INFO - CaseID:1 - 整体结果: PASS | 详情: 所有字段校验通过
2026-03-02 15:37:17,205 - INFO - CaseID:2 - QUERY字段：基础语义模糊匹配通过
2026-03-02 15:37:17,206 - INFO - CaseID:2 - 整体结果: PASS | 详情: 所有字段校验通过
2026-03-02 15:37:18,459 - INFO - CaseID:3 - QUERY字段：基础语义模糊匹配通过
2026-03-02 15:37:18,459 - INFO - CaseID:3 - 整体结果: PASS | 详情: 所有字段校验通过
2026-03-02 15:37:19,659 - INFO - CaseID:4 - QUERY字段：基础语义模糊匹配通过
2026-03-02 15:37:19,660 - INFO - CaseID:4 - 整体结果: PASS | 详情: 所有字段校验通过
2026-03-02 15:37:21,126 - INFO - CaseID:5 - QUERY字段：基础语义模糊匹配通过
2026-03-02 15:37:21,127 - INFO - CaseID:5 - 整体结果: PASS | 详情: 所有字段校验通过
2026-03-02 15:37:22,856 - INFO - CaseID:6 - QUERY字段：基础语义模糊匹配通过
2026-03-02 15:37:22,856 - INFO - CaseID:6 - 整体结果: PASS | 详情: 所有字段校验通过
2026-03-02 15:37:23,873 - INFO - CaseID:7 - QUERY字段：基础语义模糊匹配通过
2026-03-02 15:37:23,874 - INFO - CaseID:7 - 整体结果: PASS | 详情: 所有字段校验通过
2026-03-02 15:37:25,236 - INFO - CaseID:8 - QUERY字段：基础语义模糊匹配通过
2026-03-02 15:37:25,236 - INFO - CaseID:8 - 整体结果: PASS | 详情: 所有字段校验通过
2026-03-02 15:37:26,534 - INFO - CaseID:9 - QUERY字段：基础语义模糊匹配通过
2026-03-02 15:37:26,534 - INFO - CaseID:9 - 整体结果: PASS | 详情: 所有字段校验通过
2026-03-02 15:37:28,182 - INFO - CaseID:10 - QUERY字段：基础语义模糊匹配通过
2026-03-02 15:37:28,182 - INFO - CaseID:10 - 整体结果: PASS | 详情: 所有字段校验通过
2026-03-02 15:37:29,781 - INFO - CaseID:11 - QUERY字段：基础语义模糊匹配通过
2026-03-02 15:37:29,792 - INFO - CaseID:11 - 整体结果: PASS | 详情: 所有字段校验通过
2026-03-02 15:37:31,163 - INFO - CaseID:12 - QUERY字段：基础语义模糊匹配通过
2026-03-02 15:37:31,163 - INFO - CaseID:12 - 整体结果: PASS | 详情: 所有字段校验通过
2026-03-02 15:37:32,520 - INFO - CaseID:13 - QUERY字段：基础语义模糊匹配通过
2026-03-02 15:37:32,521 - INFO - CaseID:13 - 整体结果: PASS | 详情: 所有字段校验通过
2026-03-02 15:37:33,555 - INFO - CaseID:14 - QUERY字段：基础语义模糊匹配通过
2026-03-02 15:37:33,555 - INFO - CaseID:14 - 整体结果: PASS | 详情: 所有字段校验通过
2026-03-02 15:37:34,761 - INFO - CaseID:15 - QUERY字段：基础语义模糊匹配通过
2026-03-02 15:37:34,761 - INFO - CaseID:15 - 整体结果: PASS | 详情: 所有字段校验通过
2026-03-02 15:37:35,973 - INFO - CaseID:16 - QUERY字段：基础语义模糊匹配通过
2026-03-02 15:37:35,974 - INFO - CaseID:16 - 整体结果: PASS | 详情: 所有字段校验通过
2026-03-02 15:37:37,752 - INFO - CaseID:17 - QUERY字段：基础语义模糊匹配通过
2026-03-02 15:37:37,752 - INFO - CaseID:17 - 整体结果: PASS | 详情: 所有字段校验通过
2026-03-02 15:37:38,889 - INFO - CaseID:18 - QUERY字段：基础语义模糊匹配通过
2026-03-02 15:37:38,889 - INFO - CaseID:18 - 整体结果: FAILED | 详情: APINAME不匹配：预期[visual_search]，实际[QASearch]; CATEGORY不匹配：一方为空 - 预期[]，实际[生物]; TAG不匹配：一方为空 - 预期[]，实际[发财树&养护方法]
2026-03-02 15:37:40,173 - INFO - CaseID:19 - QUERY字段：基础语义模糊匹配通过
2026-03-02 15:37:40,173 - INFO - CaseID:19 - 整体结果: PASS | 详情: 所有字段校验通过
2026-03-02 15:37:41,259 - INFO - CaseID:20 - QUERY字段：基础语义模糊匹配通过
2026-03-02 15:37:41,260 - INFO - CaseID:20 - 整体结果: PASS | 详情: 所有字段校验通过
2026-03-02 15:37:42,273 - INFO - CaseID:21 - QUERY字段：基础语义模糊匹配通过
2026-03-02 15:37:42,273 - INFO - CaseID:21 - 整体结果: PASS | 详情: 所有字段校验通过
2026-03-02 15:37:44,139 - INFO - CaseID:22 - QUERY字段：基础语义模糊匹配通过
2026-03-02 15:37:44,139 - INFO - CaseID:22 - 整体结果: PASS | 详情: 所有字段校验通过
2026-03-02 15:37:45,231 - INFO - CaseID:23 - QUERY字段：基础语义模糊匹配通过
2026-03-02 15:37:45,252 - INFO - CaseID:23 - 整体结果: PASS | 详情: 所有字段校验通过
2026-03-02 15:37:46,448 - INFO - CaseID:24 - QUERY字段：基础语义模糊匹配通过
2026-03-02 15:37:46,449 - INFO - CaseID:24 - 整体结果: PASS | 详情: 所有字段校验通过
2026-03-02 15:37:47,613 - INFO - CaseID:25 - QUERY字段：基础语义模糊匹配通过
2026-03-02 15:37:47,613 - INFO - CaseID:25 - 整体结果: PASS | 详情: 所有字段校验通过
2026-03-02 15:37:47,613 - INFO - CaseID:26 - 整体结果: FAILED | 详情: 模型输出核心字段全为空，判定不通过
2026-03-02 15:37:48,882 - INFO - CaseID:27 - QUERY字段：基础语义模糊匹配通过
2026-03-02 15:37:48,882 - INFO - CaseID:27 - 整体结果: PASS | 详情: 所有字段校验通过
2026-03-02 15:37:51,171 - INFO - CaseID:28 - QUERY字段：基础语义模糊匹配通过
2026-03-02 15:37:51,171 - INFO - CaseID:28 - 整体结果: PASS | 详情: 所有字段校验通过
2026-03-02 15:37:52,249 - INFO - CaseID:29 - QUERY字段：基础语义模糊匹配通过
2026-03-02 15:37:52,249 - INFO - CaseID:29 - 整体结果: PASS | 详情: 所有字段校验通过
2026-03-02 15:37:53,488 - INFO - CaseID:30 - QUERY字段：基础语义模糊匹配通过
2026-03-02 15:37:53,488 - INFO - CaseID:30 - 整体结果: PASS | 详情: 所有字段校验通过
2026-03-02 15:37:54,716 - INFO - CaseID:31 - QUERY字段：基础语义模糊匹配通过
2026-03-02 15:37:54,716 - INFO - CaseID:31 - 整体结果: PASS | 详情: 所有字段校验通过
2026-03-02 15:37:56,148 - INFO - CaseID:32 - QUERY字段：基础语义模糊匹配通过
2026-03-02 15:37:56,148 - INFO - CaseID:32 - 整体结果: PASS | 详情: 所有字段校验通过
2026-03-02 15:37:57,333 - INFO - CaseID:33 - QUERY字段：基础语义模糊匹配通过
2026-03-02 15:37:57,333 - INFO - CaseID:33 - 整体结果: PASS | 详情: 所有字段校验通过
2026-03-02 15:37:58,597 - INFO - CaseID:34 - QUERY字段：基础语义模糊匹配通过
2026-03-02 15:37:58,597 - INFO - CaseID:34 - 整体结果: PASS | 详情: 所有字段校验通过
2026-03-02 15:37:59,708 - INFO - CaseID:35 - QUERY字段：基础语义模糊匹配通过
2026-03-02 15:37:59,708 - INFO - CaseID:35 - 整体结果: PASS | 详情: 所有字段校验通过
2026-03-02 15:38:00,864 - INFO - CaseID:36 - QUERY字段：基础语义模糊匹配通过
2026-03-02 15:38:00,864 - INFO - CaseID:36 - 整体结果: PASS | 详情: 所有字段校验通过
2026-03-02 15:38:02,096 - INFO - CaseID:37 - QUERY字段：基础语义模糊匹配通过
2026-03-02 15:38:02,096 - INFO - CaseID:37 - 整体结果: PASS | 详情: 所有字段校验通过
2026-03-02 15:38:03,261 - INFO - CaseID:38 - QUERY字段：基础语义模糊匹配通过
2026-03-02 15:38:03,261 - INFO - CaseID:38 - 整体结果: PASS | 详情: 所有字段校验通过
2026-03-02 15:38:04,572 - INFO - CaseID:39 - QUERY字段：基础语义模糊匹配通过
2026-03-02 15:38:04,573 - INFO - CaseID:39 - 整体结果: PASS | 详情: 所有字段校验通过
2026-03-02 15:38:05,774 - INFO - CaseID:40 - QUERY字段：基础语义模糊匹配通过
2026-03-02 15:38:05,775 - INFO - CaseID:40 - 整体结果: PASS | 详情: 所有字段校验通过
2026-03-02 15:38:07,218 - INFO - CaseID:41 - QUERY字段：基础语义模糊匹配通过
2026-03-02 15:38:07,218 - INFO - CaseID:41 - 整体结果: FAILED | 详情: APINAME不匹配：预期[visual_search]，实际[QASearch]; CATEGORY不匹配：一方为空 - 预期[]，实际[生物]; TAG不匹配：一方为空 - 预期[]，实际[树干&开花&原因]
2026-03-02 15:38:08,306 - INFO - CaseID:42 - QUERY字段：基础语义模糊匹配通过
2026-03-02 15:38:08,307 - INFO - CaseID:42 - 整体结果: PASS | 详情: 所有字段校验通过
2026-03-02 15:38:10,630 - INFO - CaseID:43 - 整体结果: FAILED | 详情: QUERY不匹配：语义和visual_search链路意图均不一致 - 预期[识别当前摄像头画面中的物体或场景]，实际[这个一般哪里有]
2026-03-02 15:38:12,208 - INFO - CaseID:44 - QUERY字段：基础语义模糊匹配通过
2026-03-02 15:38:12,208 - INFO - CaseID:44 - 整体结果: PASS | 详情: 所有字段校验通过
2026-03-02 15:38:13,624 - INFO - CaseID:45 - QUERY字段：基础语义模糊匹配通过
2026-03-02 15:38:13,624 - INFO - CaseID:45 - 整体结果: PASS | 详情: 所有字段校验通过
2026-03-02 15:38:14,999 - INFO - CaseID:46 - QUERY字段：基础语义模糊匹配通过
2026-03-02 15:38:15,000 - INFO - CaseID:46 - 整体结果: PASS | 详情: 所有字段校验通过
2026-03-02 15:38:16,266 - INFO - CaseID:47 - QUERY字段：基础语义模糊匹配通过
2026-03-02 15:38:16,266 - INFO - CaseID:47 - 整体结果: PASS | 详情: 所有字段校验通过
2026-03-02 15:38:17,651 - INFO - CaseID:48 - QUERY字段：基础语义模糊匹配通过
2026-03-02 15:38:17,652 - INFO - CaseID:48 - 整体结果: PASS | 详情: 所有字段校验通过
2026-03-02 15:38:18,658 - INFO - CaseID:49 - QUERY字段：基础语义模糊匹配通过
2026-03-02 15:38:18,658 - INFO - CaseID:49 - 整体结果: PASS | 详情: 所有字段校验通过
2026-03-02 15:38:19,906 - INFO - CaseID:50 - QUERY字段：基础语义模糊匹配通过
2026-03-02 15:38:19,906 - INFO - CaseID:50 - 整体结果: PASS | 详情: 所有字段校验通过
2026-03-02 15:38:21,499 - INFO - CaseID:51 - QUERY字段：基础语义模糊匹配通过
2026-03-02 15:38:21,499 - INFO - CaseID:51 - 整体结果: PASS | 详情: 所有字段校验通过
2026-03-02 15:38:23,121 - INFO - CaseID:52 - QUERY字段：基础语义模糊匹配通过
2026-03-02 15:38:23,121 - INFO - CaseID:52 - 整体结果: PASS | 详情: 所有字段校验通过
2026-03-02 15:38:24,229 - INFO - CaseID:53 - QUERY字段：基础语义模糊匹配通过
2026-03-02 15:38:24,230 - INFO - CaseID:53 - 整体结果: PASS | 详情: 所有字段校验通过
2026-03-02 15:38:26,828 - INFO - CaseID:54 - QUERY字段：语义匹配失败，但visual_search链路意图匹配通过
2026-03-02 15:38:26,828 - INFO - CaseID:54 - 整体结果: PASS | 详情: 所有字段校验通过
2026-03-02 15:38:27,891 - INFO - CaseID:55 - QUERY字段：基础语义模糊匹配通过
2026-03-02 15:38:27,891 - INFO - CaseID:55 - 整体结果: PASS | 详情: 所有字段校验通过
2026-03-02 15:38:29,163 - INFO - CaseID:56 - QUERY字段：基础语义模糊匹配通过
2026-03-02 15:38:29,164 - INFO - CaseID:56 - 整体结果: PASS | 详情: 所有字段校验通过
2026-03-02 15:38:30,309 - INFO - CaseID:57 - QUERY字段：基础语义模糊匹配通过
2026-03-02 15:38:30,310 - INFO - CaseID:57 - 整体结果: PASS | 详情: 所有字段校验通过
2026-03-02 15:38:31,582 - INFO - CaseID:58 - QUERY字段：基础语义模糊匹配通过
2026-03-02 15:38:31,583 - INFO - CaseID:58 - 整体结果: PASS | 详情: 所有字段校验通过
2026-03-02 15:38:32,811 - INFO - CaseID:59 - QUERY字段：基础语义模糊匹配通过
2026-03-02 15:38:32,811 - INFO - CaseID:59 - 整体结果: PASS | 详情: 所有字段校验通过
2026-03-02 15:38:35,679 - INFO - CaseID:60 - QUERY字段：语义匹配失败，但visual_search链路意图匹配通过
2026-03-02 15:38:35,680 - INFO - CaseID:60 - 整体结果: PASS | 详情: 所有字段校验通过
2026-03-02 15:38:36,613 - INFO - CaseID:61 - QUERY字段：基础语义模糊匹配通过
2026-03-02 15:38:36,613 - INFO - CaseID:61 - 整体结果: PASS | 详情: 所有字段校验通过
2026-03-02 15:38:39,358 - INFO - CaseID:62 - 整体结果: FAILED | 详情: QUERY不匹配：语义和visual_search链路意图均不一致 - 预期[识别当前摄像头画面中的车辆品牌和型号]，实际[这车卖多少钱]
2026-03-02 15:38:40,562 - INFO - CaseID:63 - QUERY字段：基础语义模糊匹配通过
2026-03-02 15:38:40,562 - INFO - CaseID:63 - 整体结果: PASS | 详情: 所有字段校验通过
2026-03-02 15:38:41,663 - INFO - CaseID:64 - QUERY字段：基础语义模糊匹配通过
2026-03-02 15:38:41,664 - INFO - CaseID:64 - 整体结果: PASS | 详情: 所有字段校验通过
2026-03-02 15:38:43,785 - INFO - CaseID:65 - QUERY字段：基础语义模糊匹配通过
2026-03-02 15:38:43,785 - INFO - CaseID:65 - 整体结果: PASS | 详情: 所有字段校验通过
2026-03-02 15:38:45,170 - INFO - CaseID:66 - QUERY字段：基础语义模糊匹配通过
2026-03-02 15:38:45,170 - INFO - CaseID:66 - 整体结果: PASS | 详情: 所有字段校验通过
2026-03-02 15:38:46,476 - INFO - CaseID:67 - QUERY字段：基础语义模糊匹配通过
2026-03-02 15:38:46,476 - INFO - CaseID:67 - 整体结果: PASS | 详情: 所有字段校验通过
2026-03-02 15:38:47,966 - INFO - CaseID:68 - QUERY字段：基础语义模糊匹配通过
2026-03-02 15:38:47,967 - INFO - CaseID:68 - 整体结果: PASS | 详情: 所有字段校验通过
2026-03-02 15:38:49,194 - INFO - CaseID:69 - QUERY字段：基础语义模糊匹配通过
2026-03-02 15:38:49,195 - INFO - CaseID:69 - 整体结果: PASS | 详情: 所有字段校验通过
2026-03-02 15:38:50,420 - INFO - CaseID:70 - QUERY字段：基础语义模糊匹配通过
2026-03-02 15:38:50,420 - INFO - CaseID:70 - 整体结果: PASS | 详情: 所有字段校验通过
2026-03-02 15:38:51,665 - INFO - CaseID:71 - QUERY字段：基础语义模糊匹配通过
2026-03-02 15:38:51,665 - INFO - CaseID:71 - 整体结果: PASS | 详情: 所有字段校验通过
2026-03-02 15:38:53,084 - INFO - CaseID:72 - QUERY字段：基础语义模糊匹配通过
2026-03-02 15:38:53,085 - INFO - CaseID:72 - 整体结果: PASS | 详情: 所有字段校验通过
2026-03-02 15:38:54,516 - INFO - CaseID:73 - QUERY字段：基础语义模糊匹配通过
2026-03-02 15:38:54,517 - INFO - CaseID:73 - 整体结果: PASS | 详情: 所有字段校验通过
2026-03-02 15:38:55,541 - INFO - CaseID:74 - QUERY字段：基础语义模糊匹配通过
2026-03-02 15:38:55,541 - INFO - CaseID:74 - 整体结果: PASS | 详情: 所有字段校验通过
2026-03-02 15:38:56,883 - INFO - CaseID:75 - QUERY字段：基础语义模糊匹配通过
2026-03-02 15:38:56,884 - INFO - CaseID:75 - 整体结果: PASS | 详情: 所有字段校验通过
2026-03-02 15:38:58,724 - INFO - CaseID:76 - QUERY字段：基础语义模糊匹配通过
2026-03-02 15:38:58,725 - INFO - CaseID:76 - 整体结果: PASS | 详情: 所有字段校验通过
2026-03-02 15:39:00,046 - INFO - CaseID:77 - QUERY字段：基础语义模糊匹配通过
2026-03-02 15:39:00,046 - INFO - CaseID:77 - 整体结果: PASS | 详情: 所有字段校验通过
2026-03-02 15:39:01,180 - INFO - CaseID:78 - QUERY字段：基础语义模糊匹配通过
2026-03-02 15:39:01,181 - INFO - CaseID:78 - 整体结果: PASS | 详情: 所有字段校验通过
2026-03-02 15:39:02,526 - INFO - CaseID:79 - QUERY字段：基础语义模糊匹配通过
2026-03-02 15:39:02,527 - INFO - CaseID:79 - 整体结果: PASS | 详情: 所有字段校验通过
2026-03-02 15:39:04,676 - INFO - CaseID:80 - QUERY字段：语义匹配失败，但visual_search链路意图匹配通过
2026-03-02 15:39:04,676 - INFO - CaseID:80 - 整体结果: PASS | 详情: 所有字段校验通过
2026-03-02 15:39:05,916 - INFO - CaseID:81 - QUERY字段：基础语义模糊匹配通过
2026-03-02 15:39:05,916 - INFO - CaseID:81 - 整体结果: PASS | 详情: 所有字段校验通过
2026-03-02 15:39:07,002 - INFO - CaseID:82 - QUERY字段：基础语义模糊匹配通过
2026-03-02 15:39:07,003 - INFO - CaseID:82 - 整体结果: PASS | 详情: 所有字段校验通过
2026-03-02 15:39:08,716 - INFO - CaseID:83 - QUERY字段：基础语义模糊匹配通过
2026-03-02 15:39:08,716 - INFO - CaseID:83 - 整体结果: PASS | 详情: 所有字段校验通过
2026-03-02 15:39:09,924 - INFO - CaseID:84 - QUERY字段：基础语义模糊匹配通过
2026-03-02 15:39:09,924 - INFO - CaseID:84 - 整体结果: PASS | 详情: 所有字段校验通过
2026-03-02 15:39:11,234 - INFO - CaseID:85 - QUERY字段：基础语义模糊匹配通过
2026-03-02 15:39:11,235 - INFO - CaseID:85 - 整体结果: PASS | 详情: 所有字段校验通过
2026-03-02 15:39:12,632 - INFO - CaseID:86 - QUERY字段：基础语义模糊匹配通过
2026-03-02 15:39:12,632 - INFO - CaseID:86 - 整体结果: PASS | 详情: 所有字段校验通过
2026-03-02 15:39:13,649 - INFO - CaseID:87 - QUERY字段：基础语义模糊匹配通过
2026-03-02 15:39:13,650 - INFO - CaseID:87 - 整体结果: PASS | 详情: 所有字段校验通过
2026-03-02 15:39:13,650 - INFO - CaseID:88 - QUERY字段：基础语义模糊匹配通过
2026-03-02 15:39:13,650 - INFO - CaseID:88 - 整体结果: PASS | 详情: 所有字段校验通过
2026-03-02 15:39:16,248 - INFO - CaseID:89 - QUERY字段：语义匹配失败，但visual_search链路意图匹配通过
2026-03-02 15:39:16,248 - INFO - CaseID:89 - 整体结果: PASS | 详情: 所有字段校验通过
2026-03-02 15:39:16,249 - INFO - CaseID:90 - QUERY字段：基础语义模糊匹配通过
2026-03-02 15:39:16,249 - INFO - CaseID:90 - 整体结果: PASS | 详情: 所有字段校验通过
2026-03-02 15:39:17,535 - INFO - CaseID:91 - QUERY字段：基础语义模糊匹配通过
2026-03-02 15:39:17,536 - INFO - CaseID:91 - 整体结果: PASS | 详情: 所有字段校验通过
2026-03-02 15:39:17,536 - INFO - CaseID:92 - QUERY字段：基础语义模糊匹配通过
2026-03-02 15:39:17,536 - INFO - CaseID:92 - 整体结果: PASS | 详情: 所有字段校验通过
2026-03-02 15:39:18,935 - INFO - CaseID:93 - QUERY字段：基础语义模糊匹配通过
2026-03-02 15:39:18,935 - INFO - CaseID:93 - 整体结果: PASS | 详情: 所有字段校验通过
2026-03-02 15:39:18,935 - INFO - CaseID:94 - QUERY字段：基础语义模糊匹配通过
2026-03-02 15:39:18,935 - INFO - CaseID:94 - 整体结果: PASS | 详情: 所有字段校验通过
2026-03-02 15:39:20,206 - INFO - CaseID:95 - QUERY字段：基础语义模糊匹配通过
2026-03-02 15:39:20,206 - INFO - CaseID:95 - 整体结果: PASS | 详情: 所有字段校验通过
2026-03-02 15:39:21,279 - INFO - CaseID:96 - QUERY字段：基础语义模糊匹配通过
2026-03-02 15:39:21,279 - INFO - CaseID:96 - 整体结果: PASS | 详情: 所有字段校验通过
2026-03-02 15:39:22,292 - INFO - CaseID:97 - QUERY字段：基础语义模糊匹配通过
2026-03-02 15:39:22,292 - INFO - CaseID:97 - 整体结果: PASS | 详情: 所有字段校验通过
2026-03-02 15:39:22,292 - INFO - CaseID:98 - QUERY字段：基础语义模糊匹配通过
2026-03-02 15:39:22,292 - INFO - CaseID:98 - 整体结果: PASS | 详情: 所有字段校验通过
2026-03-02 15:39:23,724 - INFO - CaseID:99 - QUERY字段：基础语义模糊匹配通过
2026-03-02 15:39:23,725 - INFO - CaseID:99 - 整体结果: PASS | 详情: 所有字段校验通过
2026-03-02 15:39:25,236 - INFO - CaseID:100 - QUERY字段：基础语义模糊匹配通过
2026-03-02 15:39:25,237 - INFO - CaseID:100 - 整体结果: PASS | 详情: 所有字段校验通过
2026-03-02 15:39:26,391 - INFO - CaseID:101 - QUERY字段：基础语义模糊匹配通过
2026-03-02 15:39:26,391 - INFO - CaseID:101 - 整体结果: PASS | 详情: 所有字段校验通过
2026-03-02 15:39:27,663 - INFO - CaseID:102 - QUERY字段：基础语义模糊匹配通过
2026-03-02 15:39:27,664 - INFO - CaseID:102 - 整体结果: PASS | 详情: 所有字段校验通过
2026-03-02 15:39:28,939 - INFO - CaseID:103 - QUERY字段：基础语义模糊匹配通过
2026-03-02 15:39:28,940 - INFO - CaseID:103 - 整体结果: PASS | 详情: 所有字段校验通过
2026-03-02 15:39:30,050 - INFO - CaseID:104 - QUERY字段：基础语义模糊匹配通过
2026-03-02 15:39:30,050 - INFO - CaseID:104 - 整体结果: PASS | 详情: 所有字段校验通过
2026-03-02 15:39:31,098 - INFO - CaseID:105 - QUERY字段：基础语义模糊匹配通过
2026-03-02 15:39:31,099 - INFO - CaseID:105 - 整体结果: PASS | 详情: 所有字段校验通过
2026-03-02 15:39:32,405 - INFO - CaseID:106 - QUERY字段：基础语义模糊匹配通过
2026-03-02 15:39:32,405 - INFO - CaseID:106 - 整体结果: PASS | 详情: 所有字段校验通过
2026-03-02 15:39:33,635 - INFO - CaseID:107 - QUERY字段：基础语义模糊匹配通过
2026-03-02 15:39:33,635 - INFO - CaseID:107 - 整体结果: PASS | 详情: 所有字段校验通过
2026-03-02 15:39:35,278 - INFO - CaseID:108 - QUERY字段：基础语义模糊匹配通过
2026-03-02 15:39:35,279 - INFO - CaseID:108 - 整体结果: PASS | 详情: 所有字段校验通过
2026-03-02 15:39:36,536 - INFO - CaseID:109 - QUERY字段：基础语义模糊匹配通过
2026-03-02 15:39:36,537 - INFO - CaseID:109 - 整体结果: PASS | 详情: 所有字段校验通过
2026-03-02 15:39:37,912 - INFO - CaseID:110 - QUERY字段：基础语义模糊匹配通过
2026-03-02 15:39:37,913 - INFO - CaseID:110 - 整体结果: PASS | 详情: 所有字段校验通过
2026-03-02 15:39:39,034 - INFO - CaseID:111 - QUERY字段：基础语义模糊匹配通过
2026-03-02 15:39:39,035 - INFO - CaseID:111 - 整体结果: PASS | 详情: 所有字段校验通过
2026-03-02 15:39:39,970 - INFO - CaseID:112 - QUERY字段：基础语义模糊匹配通过
2026-03-02 15:39:39,970 - INFO - CaseID:112 - 整体结果: PASS | 详情: 所有字段校验通过
2026-03-02 15:39:41,313 - INFO - CaseID:113 - QUERY字段：基础语义模糊匹配通过
2026-03-02 15:39:41,313 - INFO - CaseID:113 - 整体结果: PASS | 详情: 所有字段校验通过
2026-03-02 15:39:42,889 - INFO - CaseID:114 - QUERY字段：基础语义模糊匹配通过
2026-03-02 15:39:42,890 - INFO - CaseID:114 - 整体结果: PASS | 详情: 所有字段校验通过
2026-03-02 15:39:44,694 - INFO - CaseID:115 - QUERY字段：基础语义模糊匹配通过
2026-03-02 15:39:44,694 - INFO - CaseID:115 - 整体结果: PASS | 详情: 所有字段校验通过
2026-03-02 15:39:46,186 - INFO - CaseID:116 - QUERY字段：基础语义模糊匹配通过
2026-03-02 15:39:46,186 - INFO - CaseID:116 - 整体结果: PASS | 详情: 所有字段校验通过
2026-03-02 15:39:47,765 - INFO - CaseID:117 - QUERY字段：基础语义模糊匹配通过
2026-03-02 15:39:47,765 - INFO - CaseID:117 - 整体结果: PASS | 详情: 所有字段校验通过
2026-03-02 15:39:49,337 - INFO - CaseID:118 - QUERY字段：基础语义模糊匹配通过
2026-03-02 15:39:49,337 - INFO - CaseID:118 - 整体结果: PASS | 详情: 所有字段校验通过
2026-03-02 15:39:50,376 - INFO - CaseID:119 - QUERY字段：基础语义模糊匹配通过
2026-03-02 15:39:50,377 - INFO - CaseID:119 - 整体结果: PASS | 详情: 所有字段校验通过
2026-03-02 15:39:50,377 - INFO - CaseID:120 - QUERY字段：基础语义模糊匹配通过
2026-03-02 15:39:50,378 - INFO - CaseID:120 - 整体结果: PASS | 详情: 所有字段校验通过
2026-03-02 15:39:50,378 - INFO - CaseID:121 - QUERY字段：基础语义模糊匹配通过
2026-03-02 15:39:50,378 - INFO - CaseID:121 - 整体结果: PASS | 详情: 所有字段校验通过
2026-03-02 15:39:51,680 - INFO - CaseID:122 - QUERY字段：基础语义模糊匹配通过
2026-03-02 15:39:51,680 - INFO - CaseID:122 - 整体结果: PASS | 详情: 所有字段校验通过
2026-03-02 15:39:51,680 - INFO - CaseID:123 - QUERY字段：基础语义模糊匹配通过
2026-03-02 15:39:51,681 - INFO - CaseID:123 - 整体结果: PASS | 详情: 所有字段校验通过
2026-03-02 15:39:53,289 - INFO - CaseID:124 - QUERY字段：基础语义模糊匹配通过
2026-03-02 15:39:53,289 - INFO - CaseID:124 - 整体结果: PASS | 详情: 所有字段校验通过
2026-03-02 15:39:53,289 - INFO - CaseID:125 - QUERY字段：基础语义模糊匹配通过
2026-03-02 15:39:53,289 - INFO - CaseID:125 - 整体结果: PASS | 详情: 所有字段校验通过
2026-03-02 15:39:54,600 - INFO - CaseID:126 - QUERY字段：基础语义模糊匹配通过
2026-03-02 15:39:54,601 - INFO - CaseID:126 - 整体结果: PASS | 详情: 所有字段校验通过
2026-03-02 15:39:57,002 - INFO - CaseID:127 - QUERY字段：语义匹配失败，但visual_search链路意图匹配通过
2026-03-02 15:39:57,002 - INFO - CaseID:127 - 整体结果: PASS | 详情: 所有字段校验通过
2026-03-02 15:39:58,414 - INFO - CaseID:128 - QUERY字段：基础语义模糊匹配通过
2026-03-02 15:39:58,415 - INFO - CaseID:128 - 整体结果: PASS | 详情: 所有字段校验通过
2026-03-02 15:39:59,373 - INFO - CaseID:129 - QUERY字段：基础语义模糊匹配通过
2026-03-02 15:39:59,373 - INFO - CaseID:129 - 整体结果: PASS | 详情: 所有字段校验通过
2026-03-02 15:40:00,796 - INFO - CaseID:130 - QUERY字段：基础语义模糊匹配通过
2026-03-02 15:40:00,796 - INFO - CaseID:130 - 整体结果: PASS | 详情: 所有字段校验通过
2026-03-02 15:40:03,530 - INFO - CaseID:131 - 整体结果: FAILED | 详情: QUERY不匹配：语义和visual_search链路意图均不一致 - 预期[识别当前摄像头画面中的物体或生物]，实际[这是中国本土的品种吗]
2026-03-02 15:40:05,174 - INFO - CaseID:132 - QUERY字段：基础语义模糊匹配通过
2026-03-02 15:40:05,174 - INFO - CaseID:132 - 整体结果: PASS | 详情: 所有字段校验通过
2026-03-02 15:40:06,465 - INFO - CaseID:133 - QUERY字段：基础语义模糊匹配通过
2026-03-02 15:40:06,465 - INFO - CaseID:133 - 整体结果: PASS | 详情: 所有字段校验通过
2026-03-02 15:40:07,905 - INFO - CaseID:134 - QUERY字段：基础语义模糊匹配通过
2026-03-02 15:40:07,905 - INFO - CaseID:134 - 整体结果: PASS | 详情: 所有字段校验通过
2026-03-02 15:40:08,917 - INFO - CaseID:135 - QUERY字段：基础语义模糊匹配通过
2026-03-02 15:40:08,918 - INFO - CaseID:135 - 整体结果: PASS | 详情: 所有字段校验通过
2026-03-02 15:40:10,113 - INFO - CaseID:136 - QUERY字段：基础语义模糊匹配通过
2026-03-02 15:40:10,113 - INFO - CaseID:136 - 整体结果: PASS | 详情: 所有字段校验通过
2026-03-02 15:40:12,914 - INFO - CaseID:137 - QUERY字段：语义匹配失败，但visual_search链路意图匹配通过
2026-03-02 15:40:12,915 - INFO - CaseID:137 - 整体结果: PASS | 详情: 所有字段校验通过
2026-03-02 15:40:14,197 - INFO - CaseID:138 - QUERY字段：基础语义模糊匹配通过
2026-03-02 15:40:14,197 - INFO - CaseID:138 - 整体结果: PASS | 详情: 所有字段校验通过
2026-03-02 15:40:15,524 - INFO - CaseID:139 - QUERY字段：基础语义模糊匹配通过
2026-03-02 15:40:15,524 - INFO - CaseID:139 - 整体结果: PASS | 详情: 所有字段校验通过
2026-03-02 15:40:16,948 - INFO - CaseID:140 - QUERY字段：基础语义模糊匹配通过
2026-03-02 15:40:16,948 - INFO - CaseID:140 - 整体结果: PASS | 详情: 所有字段校验通过
2026-03-02 15:40:17,929 - INFO - CaseID:141 - QUERY字段：基础语义模糊匹配通过
2026-03-02 15:40:17,930 - INFO - CaseID:141 - 整体结果: PASS | 详情: 所有字段校验通过
2026-03-02 15:40:19,155 - INFO - CaseID:142 - QUERY字段：基础语义模糊匹配通过
2026-03-02 15:40:19,155 - INFO - CaseID:142 - 整体结果: PASS | 详情: 所有字段校验通过
2026-03-02 15:40:22,043 - INFO - CaseID:143 - QUERY字段：语义匹配失败，但visual_search链路意图匹配通过
2026-03-02 15:40:22,044 - INFO - CaseID:143 - 整体结果: PASS | 详情: 所有字段校验通过
2026-03-02 15:40:23,282 - INFO - CaseID:144 - QUERY字段：基础语义模糊匹配通过
2026-03-02 15:40:23,282 - INFO - CaseID:144 - 整体结果: PASS | 详情: 所有字段校验通过
2026-03-02 15:40:24,632 - INFO - CaseID:145 - QUERY字段：基础语义模糊匹配通过
2026-03-02 15:40:24,632 - INFO - CaseID:145 - 整体结果: PASS | 详情: 所有字段校验通过
2026-03-02 15:40:26,024 - INFO - CaseID:146 - QUERY字段：基础语义模糊匹配通过
2026-03-02 15:40:26,024 - INFO - CaseID:146 - 整体结果: PASS | 详情: 所有字段校验通过
2026-03-02 15:40:28,426 - INFO - CaseID:147 - QUERY字段：语义匹配失败，但visual_search链路意图匹配通过
2026-03-02 15:40:28,427 - INFO - CaseID:147 - 整体结果: PASS | 详情: 所有字段校验通过
2026-03-02 15:40:29,750 - INFO - CaseID:148 - QUERY字段：基础语义模糊匹配通过
2026-03-02 15:40:29,750 - INFO - CaseID:148 - 整体结果: PASS | 详情: 所有字段校验通过
2026-03-02 15:40:30,978 - INFO - CaseID:149 - QUERY字段：基础语义模糊匹配通过
2026-03-02 15:40:30,979 - INFO - CaseID:149 - 整体结果: PASS | 详情: 所有字段校验通过
2026-03-02 15:40:32,125 - INFO - CaseID:150 - QUERY字段：基础语义模糊匹配通过
2026-03-02 15:40:32,125 - INFO - CaseID:150 - 整体结果: PASS | 详情: 所有字段校验通过
2026-03-02 15:40:33,447 - INFO - CaseID:151 - QUERY字段：基础语义模糊匹配通过
2026-03-02 15:40:33,447 - INFO - CaseID:151 - 整体结果: PASS | 详情: 所有字段校验通过
2026-03-02 15:40:34,870 - INFO - CaseID:152 - QUERY字段：基础语义模糊匹配通过
2026-03-02 15:40:34,870 - INFO - CaseID:152 - 整体结果: PASS | 详情: 所有字段校验通过
2026-03-02 15:40:36,099 - INFO - CaseID:153 - QUERY字段：基础语义模糊匹配通过
2026-03-02 15:40:36,099 - INFO - CaseID:153 - 整体结果: PASS | 详情: 所有字段校验通过
2026-03-02 15:40:38,509 - INFO - CaseID:154 - QUERY字段：语义匹配失败，但visual_search链路意图匹配通过
2026-03-02 15:40:38,510 - INFO - CaseID:154 - 整体结果: PASS | 详情: 所有字段校验通过
2026-03-02 15:40:39,785 - INFO - CaseID:155 - QUERY字段：基础语义模糊匹配通过
2026-03-02 15:40:39,786 - INFO - CaseID:155 - 整体结果: PASS | 详情: 所有字段校验通过
2026-03-02 15:40:41,174 - INFO - CaseID:156 - QUERY字段：基础语义模糊匹配通过
2026-03-02 15:40:41,174 - INFO - CaseID:156 - 整体结果: PASS | 详情: 所有字段校验通过
2026-03-02 15:40:43,223 - INFO - CaseID:157 - QUERY字段：基础语义模糊匹配通过
2026-03-02 15:40:43,224 - INFO - CaseID:157 - 整体结果: PASS | 详情: 所有字段校验通过
2026-03-02 15:40:44,426 - INFO - CaseID:158 - QUERY字段：基础语义模糊匹配通过
2026-03-02 15:40:44,427 - INFO - CaseID:158 - 整体结果: PASS | 详情: 所有字段校验通过
2026-03-02 15:40:46,731 - INFO - CaseID:159 - QUERY字段：语义匹配失败，但visual_search链路意图匹配通过
2026-03-02 15:40:46,732 - INFO - CaseID:159 - 整体结果: PASS | 详情: 所有字段校验通过
2026-03-02 15:40:48,876 - INFO - CaseID:160 - QUERY字段：基础语义模糊匹配通过
2026-03-02 15:40:48,877 - INFO - CaseID:160 - 整体结果: PASS | 详情: 所有字段校验通过
2026-03-02 15:40:50,052 - INFO - CaseID:161 - QUERY字段：基础语义模糊匹配通过
2026-03-02 15:40:50,053 - INFO - CaseID:161 - 整体结果: PASS | 详情: 所有字段校验通过
2026-03-02 15:40:51,359 - INFO - CaseID:162 - QUERY字段：基础语义模糊匹配通过
2026-03-02 15:40:51,360 - INFO - CaseID:162 - 整体结果: PASS | 详情: 所有字段校验通过
2026-03-02 15:40:52,895 - INFO - CaseID:163 - QUERY字段：基础语义模糊匹配通过
2026-03-02 15:40:52,896 - INFO - CaseID:163 - 整体结果: PASS | 详情: 所有字段校验通过
2026-03-02 15:40:54,163 - INFO - CaseID:164 - QUERY字段：基础语义模糊匹配通过
2026-03-02 15:40:54,163 - INFO - CaseID:164 - 整体结果: PASS | 详情: 所有字段校验通过
2026-03-02 15:40:56,296 - INFO - CaseID:165 - QUERY字段：语义匹配失败，但visual_search链路意图匹配通过
2026-03-02 15:40:56,296 - INFO - CaseID:165 - 整体结果: PASS | 详情: 所有字段校验通过
2026-03-02 15:40:57,519 - INFO - CaseID:166 - QUERY字段：基础语义模糊匹配通过
2026-03-02 15:40:57,520 - INFO - CaseID:166 - 整体结果: PASS | 详情: 所有字段校验通过
2026-03-02 15:40:58,886 - INFO - CaseID:167 - QUERY字段：基础语义模糊匹配通过
2026-03-02 15:40:58,886 - INFO - CaseID:167 - 整体结果: PASS | 详情: 所有字段校验通过
2026-03-02 15:41:00,210 - INFO - CaseID:168 - QUERY字段：基础语义模糊匹配通过
2026-03-02 15:41:00,211 - INFO - CaseID:168 - 整体结果: PASS | 详情: 所有字段校验通过
2026-03-02 15:41:03,939 - INFO - CaseID:169 - QUERY字段：语义匹配失败，但visual_search链路意图匹配通过
2026-03-02 15:41:03,940 - INFO - CaseID:169 - 整体结果: PASS | 详情: 所有字段校验通过
2026-03-02 15:41:05,281 - INFO - CaseID:170 - QUERY字段：基础语义模糊匹配通过
2026-03-02 15:41:05,281 - INFO - CaseID:170 - 整体结果: PASS | 详情: 所有字段校验通过
2026-03-02 15:41:06,634 - INFO - CaseID:171 - QUERY字段：基础语义模糊匹配通过
2026-03-02 15:41:06,634 - INFO - CaseID:171 - 整体结果: PASS | 详情: 所有字段校验通过
2026-03-02 15:41:07,767 - INFO - CaseID:172 - QUERY字段：基础语义模糊匹配通过
2026-03-02 15:41:07,768 - INFO - CaseID:172 - 整体结果: PASS | 详情: 所有字段校验通过
2026-03-02 15:41:09,277 - INFO - CaseID:173 - QUERY字段：基础语义模糊匹配通过
2026-03-02 15:41:09,277 - INFO - CaseID:173 - 整体结果: PASS | 详情: 所有字段校验通过
2026-03-02 15:41:10,531 - INFO - CaseID:174 - QUERY字段：基础语义模糊匹配通过
2026-03-02 15:41:10,531 - INFO - CaseID:174 - 整体结果: PASS | 详情: 所有字段校验通过
2026-03-02 15:41:11,859 - INFO - CaseID:175 - QUERY字段：基础语义模糊匹配通过
2026-03-02 15:41:11,859 - INFO - CaseID:175 - 整体结果: PASS | 详情: 所有字段校验通过
2026-03-02 15:41:14,303 - INFO - CaseID:176 - 整体结果: FAILED | 详情: QUERY不匹配：语义和visual_search链路意图均不一致 - 预期[识别当前摄像头画面中的植物或生物]，实际[这个好养吗]
2026-03-02 15:41:15,773 - INFO - CaseID:177 - QUERY字段：基础语义模糊匹配通过
2026-03-02 15:41:15,774 - INFO - CaseID:177 - 整体结果: PASS | 详情: 所有字段校验通过
2026-03-02 15:41:16,955 - INFO - CaseID:178 - QUERY字段：基础语义模糊匹配通过
2026-03-02 15:41:16,956 - INFO - CaseID:178 - 整体结果: PASS | 详情: 所有字段校验通过
2026-03-02 15:41:18,636 - INFO - CaseID:179 - QUERY字段：基础语义模糊匹配通过
2026-03-02 15:41:18,637 - INFO - CaseID:179 - 整体结果: PASS | 详情: 所有字段校验通过
2026-03-02 15:41:18,637 - INFO - CaseID:180 - 整体结果: FAILED | 详情: 模型输出核心字段全为空，判定不通过
2026-03-02 15:41:19,926 - INFO - CaseID:181 - QUERY字段：基础语义模糊匹配通过
2026-03-02 15:41:19,927 - INFO - CaseID:181 - 整体结果: PASS | 详情: 所有字段校验通过
2026-03-02 15:41:21,181 - INFO - CaseID:182 - QUERY字段：基础语义模糊匹配通过
2026-03-02 15:41:21,181 - INFO - CaseID:182 - 整体结果: PASS | 详情: 所有字段校验通过
2026-03-02 15:41:23,421 - INFO - CaseID:183 - QUERY字段：基础语义模糊匹配通过
2026-03-02 15:41:23,421 - INFO - CaseID:183 - 整体结果: PASS | 详情: 所有字段校验通过
2026-03-02 15:41:25,866 - INFO - CaseID:184 - QUERY字段：语义匹配失败，但visual_search链路意图匹配通过
2026-03-02 15:41:25,866 - INFO - CaseID:184 - 整体结果: PASS | 详情: 所有字段校验通过
2026-03-02 15:41:27,149 - INFO - CaseID:185 - QUERY字段：基础语义模糊匹配通过
2026-03-02 15:41:27,149 - INFO - CaseID:185 - 整体结果: PASS | 详情: 所有字段校验通过
2026-03-02 15:41:29,553 - INFO - CaseID:186 - QUERY字段：语义匹配失败，但visual_search链路意图匹配通过
2026-03-02 15:41:29,553 - INFO - CaseID:186 - 整体结果: PASS | 详情: 所有字段校验通过
2026-03-02 15:41:30,817 - INFO - CaseID:187 - QUERY字段：基础语义模糊匹配通过
2026-03-02 15:41:30,818 - INFO - CaseID:187 - 整体结果: PASS | 详情: 所有字段校验通过
2026-03-02 15:41:33,445 - INFO - CaseID:188 - QUERY字段：语义匹配失败，但visual_search链路意图匹配通过
2026-03-02 15:41:33,446 - INFO - CaseID:188 - 整体结果: PASS | 详情: 所有字段校验通过
2026-03-02 15:41:34,976 - INFO - CaseID:189 - QUERY字段：基础语义模糊匹配通过
2026-03-02 15:41:34,983 - INFO - CaseID:189 - 整体结果: PASS | 详情: 所有字段校验通过
2026-03-02 15:41:36,089 - INFO - CaseID:190 - QUERY字段：基础语义模糊匹配通过
2026-03-02 15:41:36,090 - INFO - CaseID:190 - 整体结果: PASS | 详情: 所有字段校验通过
2026-03-02 15:41:37,336 - INFO - CaseID:191 - QUERY字段：基础语义模糊匹配通过
2026-03-02 15:41:37,336 - INFO - CaseID:191 - 整体结果: PASS | 详情: 所有字段校验通过
2026-03-02 15:41:38,647 - INFO - CaseID:192 - QUERY字段：基础语义模糊匹配通过
2026-03-02 15:41:38,647 - INFO - CaseID:192 - 整体结果: PASS | 详情: 所有字段校验通过
2026-03-02 15:41:40,000 - INFO - CaseID:193 - QUERY字段：基础语义模糊匹配通过
2026-03-02 15:41:40,000 - INFO - CaseID:193 - 整体结果: PASS | 详情: 所有字段校验通过
2026-03-02 15:41:41,637 - INFO - CaseID:194 - QUERY字段：基础语义模糊匹配通过
2026-03-02 15:41:41,637 - INFO - CaseID:194 - 整体结果: PASS | 详情: 所有字段校验通过
2026-03-02 15:41:42,660 - INFO - CaseID:195 - QUERY字段：基础语义模糊匹配通过
2026-03-02 15:41:42,661 - INFO - CaseID:195 - 整体结果: PASS | 详情: 所有字段校验通过
2026-03-02 15:41:44,000 - INFO - CaseID:196 - QUERY字段：基础语义模糊匹配通过
2026-03-02 15:41:44,001 - INFO - CaseID:196 - 整体结果: PASS | 详情: 所有字段校验通过
2026-03-02 15:41:45,311 - INFO - CaseID:197 - QUERY字段：基础语义模糊匹配通过
2026-03-02 15:41:45,312 - INFO - CaseID:197 - 整体结果: PASS | 详情: 所有字段校验通过
2026-03-02 15:41:48,072 - INFO - CaseID:198 - QUERY字段：语义匹配失败，但visual_search链路意图匹配通过
2026-03-02 15:41:48,073 - INFO - CaseID:198 - 整体结果: PASS | 详情: 所有字段校验通过
2026-03-02 15:41:49,329 - INFO - CaseID:199 - QUERY字段：基础语义模糊匹配通过
2026-03-02 15:41:49,330 - INFO - CaseID:199 - 整体结果: PASS | 详情: 所有字段校验通过
2026-03-02 15:41:50,859 - INFO - CaseID:200 - QUERY字段：基础语义模糊匹配通过
2026-03-02 15:41:50,859 - INFO - CaseID:200 - 整体结果: PASS | 详情: 所有字段校验通过
2026-03-02 15:41:52,490 - INFO - CaseID:201 - QUERY字段：基础语义模糊匹配通过
2026-03-02 15:41:52,490 - INFO - CaseID:201 - 整体结果: PASS | 详情: 所有字段校验通过
2026-03-02 15:41:53,951 - INFO - CaseID:202 - QUERY字段：基础语义模糊匹配通过
2026-03-02 15:41:53,952 - INFO - CaseID:202 - 整体结果: PASS | 详情: 所有字段校验通过
2026-03-02 15:41:55,360 - INFO - CaseID:203 - QUERY字段：基础语义模糊匹配通过
2026-03-02 15:41:55,361 - INFO - CaseID:203 - 整体结果: PASS | 详情: 所有字段校验通过
2026-03-02 15:41:56,856 - INFO - CaseID:204 - QUERY字段：基础语义模糊匹配通过
2026-03-02 15:41:56,857 - INFO - CaseID:204 - 整体结果: PASS | 详情: 所有字段校验通过
2026-03-02 15:41:58,314 - INFO - CaseID:205 - QUERY字段：基础语义模糊匹配通过
2026-03-02 15:41:58,314 - INFO - CaseID:205 - 整体结果: PASS | 详情: 所有字段校验通过
2026-03-02 15:41:59,865 - INFO - CaseID:206 - QUERY字段：基础语义模糊匹配通过
2026-03-02 15:41:59,865 - INFO - CaseID:206 - 整体结果: PASS | 详情: 所有字段校验通过
2026-03-02 15:42:01,298 - INFO - CaseID:207 - QUERY字段：基础语义模糊匹配通过
2026-03-02 15:42:01,298 - INFO - CaseID:207 - 整体结果: PASS | 详情: 所有字段校验通过
2026-03-02 15:42:03,748 - INFO - CaseID:208 - QUERY字段：语义匹配失败，但visual_search链路意图匹配通过
2026-03-02 15:42:03,748 - INFO - CaseID:208 - 整体结果: PASS | 详情: 所有字段校验通过
2026-03-02 15:42:04,991 - INFO - CaseID:209 - QUERY字段：基础语义模糊匹配通过
2026-03-02 15:42:04,992 - INFO - CaseID:209 - 整体结果: PASS | 详情: 所有字段校验通过
2026-03-02 15:42:06,628 - INFO - CaseID:210 - QUERY字段：基础语义模糊匹配通过
2026-03-02 15:42:06,629 - INFO - CaseID:210 - 整体结果: PASS | 详情: 所有字段校验通过
2026-03-02 15:42:07,752 - INFO - CaseID:211 - QUERY字段：基础语义模糊匹配通过
2026-03-02 15:42:07,753 - INFO - CaseID:211 - 整体结果: PASS | 详情: 所有字段校验通过
2026-03-02 15:42:09,840 - INFO - CaseID:212 - QUERY字段：基础语义模糊匹配通过
2026-03-02 15:42:09,841 - INFO - CaseID:212 - 整体结果: PASS | 详情: 所有字段校验通过
2026-03-02 15:42:11,226 - INFO - CaseID:213 - QUERY字段：基础语义模糊匹配通过
2026-03-02 15:42:11,226 - INFO - CaseID:213 - 整体结果: PASS | 详情: 所有字段校验通过
2026-03-02 15:42:11,227 - INFO - CaseID:214 - QUERY字段：基础语义模糊匹配通过
2026-03-02 15:42:11,227 - INFO - CaseID:214 - 整体结果: PASS | 详情: 所有字段校验通过
2026-03-02 15:42:12,396 - INFO - CaseID:215 - QUERY字段：基础语义模糊匹配通过
2026-03-02 15:42:12,396 - INFO - CaseID:215 - 整体结果: PASS | 详情: 所有字段校验通过
2026-03-02 15:42:13,609 - INFO - CaseID:216 - QUERY字段：基础语义模糊匹配通过
2026-03-02 15:42:13,610 - INFO - CaseID:216 - 整体结果: PASS | 详情: 所有字段校验通过
2026-03-02 15:42:14,830 - INFO - CaseID:217 - QUERY字段：基础语义模糊匹配通过
2026-03-02 15:42:14,831 - INFO - CaseID:217 - 整体结果: PASS | 详情: 所有字段校验通过
2026-03-02 15:42:16,899 - INFO - CaseID:218 - QUERY字段：基础语义模糊匹配通过
2026-03-02 15:42:16,899 - INFO - CaseID:218 - 整体结果: PASS | 详情: 所有字段校验通过
2026-03-02 15:42:19,292 - INFO - CaseID:219 - QUERY字段：语义匹配失败，但visual_search链路意图匹配通过
2026-03-02 15:42:19,294 - INFO - CaseID:219 - 整体结果: PASS | 详情: 所有字段校验通过
2026-03-02 15:42:23,203 - INFO - CaseID:220 - QUERY字段：语义匹配失败，但visual_search链路意图匹配通过
2026-03-02 15:42:23,204 - INFO - CaseID:220 - 整体结果: PASS | 详情: 所有字段校验通过
2026-03-02 15:42:24,645 - INFO - CaseID:221 - QUERY字段：基础语义模糊匹配通过
2026-03-02 15:42:24,645 - INFO - CaseID:221 - 整体结果: PASS | 详情: 所有字段校验通过
2026-03-02 15:42:26,111 - INFO - CaseID:222 - QUERY字段：基础语义模糊匹配通过
2026-03-02 15:42:26,112 - INFO - CaseID:222 - 整体结果: PASS | 详情: 所有字段校验通过
2026-03-02 15:42:27,717 - INFO - CaseID:223 - QUERY字段：基础语义模糊匹配通过
2026-03-02 15:42:27,719 - INFO - CaseID:223 - 整体结果: PASS | 详情: 所有字段校验通过
2026-03-02 15:42:28,832 - INFO - CaseID:224 - QUERY字段：基础语义模糊匹配通过
2026-03-02 15:42:28,833 - INFO - CaseID:224 - 整体结果: PASS | 详情: 所有字段校验通过
2026-03-02 15:42:32,059 - INFO - CaseID:225 - QUERY字段：语义匹配失败，但visual_search链路意图匹配通过
2026-03-02 15:42:32,060 - INFO - CaseID:225 - 整体结果: PASS | 详情: 所有字段校验通过
2026-03-02 15:42:33,660 - INFO - CaseID:226 - QUERY字段：基础语义模糊匹配通过
2026-03-02 15:42:33,660 - INFO - CaseID:226 - 整体结果: PASS | 详情: 所有字段校验通过
2026-03-02 15:42:35,356 - INFO - CaseID:227 - QUERY字段：基础语义模糊匹配通过
2026-03-02 15:42:35,356 - INFO - CaseID:227 - 整体结果: PASS | 详情: 所有字段校验通过
2026-03-02 15:42:38,743 - INFO - CaseID:228 - QUERY字段：基础语义模糊匹配通过
2026-03-02 15:42:38,743 - INFO - CaseID:228 - 整体结果: PASS | 详情: 所有字段校验通过
2026-03-02 15:42:41,250 - INFO - CaseID:229 - QUERY字段：语义匹配失败，但visual_search链路意图匹配通过
2026-03-02 15:42:41,251 - INFO - CaseID:229 - 整体结果: PASS | 详情: 所有字段校验通过
2026-03-02 15:42:42,514 - INFO - CaseID:230 - QUERY字段：基础语义模糊匹配通过
2026-03-02 15:42:42,515 - INFO - CaseID:230 - 整体结果: PASS | 详情: 所有字段校验通过
2026-03-02 15:42:44,450 - INFO - CaseID:231 - QUERY字段：基础语义模糊匹配通过
2026-03-02 15:42:44,451 - INFO - CaseID:231 - 整体结果: PASS | 详情: 所有字段校验通过
2026-03-02 15:42:45,753 - INFO - CaseID:232 - QUERY字段：基础语义模糊匹配通过
2026-03-02 15:42:45,753 - INFO - CaseID:232 - 整体结果: PASS | 详情: 所有字段校验通过
2026-03-02 15:42:48,192 - INFO - CaseID:233 - QUERY字段：语义匹配失败，但visual_search链路意图匹配通过
2026-03-02 15:42:48,194 - INFO - CaseID:233 - 整体结果: PASS | 详情: 所有字段校验通过
2026-03-02 15:42:49,370 - INFO - CaseID:234 - QUERY字段：基础语义模糊匹配通过
2026-03-02 15:42:49,370 - INFO - CaseID:234 - 整体结果: PASS | 详情: 所有字段校验通过
2026-03-02 15:42:50,654 - INFO - CaseID:235 - QUERY字段：基础语义模糊匹配通过
2026-03-02 15:42:50,655 - INFO - CaseID:235 - 整体结果: PASS | 详情: 所有字段校验通过
2026-03-02 15:42:51,996 - INFO - CaseID:236 - QUERY字段：基础语义模糊匹配通过
2026-03-02 15:42:51,996 - INFO - CaseID:236 - 整体结果: PASS | 详情: 所有字段校验通过
2026-03-02 15:42:53,441 - INFO - CaseID:237 - QUERY字段：基础语义模糊匹配通过
2026-03-02 15:42:53,442 - INFO - CaseID:237 - 整体结果: PASS | 详情: 所有字段校验通过
2026-03-02 15:42:54,717 - INFO - CaseID:238 - QUERY字段：基础语义模糊匹配通过
2026-03-02 15:42:54,717 - INFO - CaseID:238 - 整体结果: PASS | 详情: 所有字段校验通过
2026-03-02 15:42:56,146 - INFO - CaseID:239 - QUERY字段：基础语义模糊匹配通过
2026-03-02 15:42:56,147 - INFO - CaseID:239 - 整体结果: PASS | 详情: 所有字段校验通过
2026-03-02 15:42:57,420 - INFO - CaseID:240 - QUERY字段：基础语义模糊匹配通过
2026-03-02 15:42:57,421 - INFO - CaseID:240 - 整体结果: PASS | 详情: 所有字段校验通过
2026-03-02 15:42:58,596 - INFO - CaseID:241 - QUERY字段：基础语义模糊匹配通过
2026-03-02 15:42:58,597 - INFO - CaseID:241 - 整体结果: PASS | 详情: 所有字段校验通过
2026-03-02 15:42:59,771 - INFO - CaseID:242 - QUERY字段：基础语义模糊匹配通过
2026-03-02 15:42:59,772 - INFO - CaseID:242 - 整体结果: PASS | 详情: 所有字段校验通过
2026-03-02 15:43:01,173 - INFO - CaseID:243 - QUERY字段：基础语义模糊匹配通过
2026-03-02 15:43:01,174 - INFO - CaseID:243 - 整体结果: PASS | 详情: 所有字段校验通过
2026-03-02 15:43:02,838 - INFO - CaseID:244 - QUERY字段：基础语义模糊匹配通过
2026-03-02 15:43:02,838 - INFO - CaseID:244 - 整体结果: PASS | 详情: 所有字段校验通过
2026-03-02 15:43:03,989 - INFO - CaseID:245 - QUERY字段：基础语义模糊匹配通过
2026-03-02 15:43:03,989 - INFO - CaseID:245 - 整体结果: PASS | 详情: 所有字段校验通过
2026-03-02 15:43:05,180 - INFO - CaseID:246 - QUERY字段：基础语义模糊匹配通过
2026-03-02 15:43:05,181 - INFO - CaseID:246 - 整体结果: PASS | 详情: 所有字段校验通过
2026-03-02 15:43:06,778 - INFO - CaseID:247 - QUERY字段：基础语义模糊匹配通过
2026-03-02 15:43:06,779 - INFO - CaseID:247 - 整体结果: PASS | 详情: 所有字段校验通过
2026-03-02 15:43:09,414 - INFO - CaseID:248 - QUERY字段：语义匹配失败，但visual_search链路意图匹配通过
2026-03-02 15:43:09,414 - INFO - CaseID:248 - 整体结果: PASS | 详情: 所有字段校验通过
2026-03-02 15:43:09,414 - INFO - CaseID:249 - QUERY字段：基础语义模糊匹配通过
2026-03-02 15:43:09,415 - INFO - CaseID:249 - 整体结果: PASS | 详情: 所有字段校验通过
2026-03-02 15:43:10,870 - INFO - CaseID:250 - QUERY字段：基础语义模糊匹配通过
2026-03-02 15:43:10,870 - INFO - CaseID:250 - 整体结果: PASS | 详情: 所有字段校验通过
2026-03-02 15:43:12,004 - INFO - CaseID:251 - QUERY字段：基础语义模糊匹配通过
2026-03-02 15:43:12,004 - INFO - CaseID:251 - 整体结果: PASS | 详情: 所有字段校验通过
2026-03-02 15:43:13,953 - INFO - CaseID:252 - QUERY字段：基础语义模糊匹配通过
2026-03-02 15:43:13,953 - INFO - CaseID:252 - 整体结果: PASS | 详情: 所有字段校验通过
2026-03-02 15:43:15,265 - INFO - CaseID:253 - QUERY字段：基础语义模糊匹配通过
2026-03-02 15:43:15,266 - INFO - CaseID:253 - 整体结果: PASS | 详情: 所有字段校验通过
2026-03-02 15:43:16,795 - INFO - CaseID:254 - QUERY字段：基础语义模糊匹配通过
2026-03-02 15:43:16,796 - INFO - CaseID:254 - 整体结果: PASS | 详情: 所有字段校验通过
2026-03-02 15:43:17,983 - INFO - CaseID:255 - QUERY字段：基础语义模糊匹配通过
2026-03-02 15:43:17,984 - INFO - CaseID:255 - 整体结果: PASS | 详情: 所有字段校验通过
2026-03-02 15:43:20,310 - INFO - CaseID:256 - QUERY字段：语义匹配失败，但visual_search链路意图匹配通过
2026-03-02 15:43:20,310 - INFO - CaseID:256 - 整体结果: PASS | 详情: 所有字段校验通过
2026-03-02 15:43:21,582 - INFO - CaseID:257 - QUERY字段：基础语义模糊匹配通过
2026-03-02 15:43:21,583 - INFO - CaseID:257 - 整体结果: PASS | 详情: 所有字段校验通过
2026-03-02 15:43:22,808 - INFO - CaseID:258 - 整体结果: FAILED | 详情: APINAME不匹配：预期[visual_search]，实际[AUTOSearch]; CATEGORY不匹配：一方为空 - 预期[]，实际[汽车]; QUERY不匹配：基础语义模糊匹配失败 - 预期[识别当前摄像头画面中的车辆号牌]，实际[查看车辆车号]; TAG不匹配：一方为空 - 预期[]，实际[查看&车辆车号]
2026-03-02 15:43:24,151 - INFO - CaseID:259 - QUERY字段：基础语义模糊匹配通过
2026-03-02 15:43:24,151 - INFO - CaseID:259 - 整体结果: PASS | 详情: 所有字段校验通过
2026-03-02 15:43:25,851 - INFO - CaseID:260 - QUERY字段：基础语义模糊匹配通过
2026-03-02 15:43:25,851 - INFO - CaseID:260 - 整体结果: PASS | 详情: 所有字段校验通过
2026-03-02 15:43:27,607 - INFO - CaseID:261 - QUERY字段：基础语义模糊匹配通过
2026-03-02 15:43:27,608 - INFO - CaseID:261 - 整体结果: PASS | 详情: 所有字段校验通过
2026-03-02 15:43:29,133 - INFO - CaseID:262 - QUERY字段：基础语义模糊匹配通过
2026-03-02 15:43:29,134 - INFO - CaseID:262 - 整体结果: PASS | 详情: 所有字段校验通过
2026-03-02 15:43:30,497 - INFO - CaseID:263 - QUERY字段：基础语义模糊匹配通过
2026-03-02 15:43:30,498 - INFO - CaseID:263 - 整体结果: PASS | 详情: 所有字段校验通过
2026-03-02 15:43:32,273 - INFO - CaseID:264 - QUERY字段：基础语义模糊匹配通过
2026-03-02 15:43:32,274 - INFO - CaseID:264 - 整体结果: PASS | 详情: 所有字段校验通过
2026-03-02 15:43:33,750 - INFO - CaseID:265 - QUERY字段：基础语义模糊匹配通过
2026-03-02 15:43:33,751 - INFO - CaseID:265 - 整体结果: PASS | 详情: 所有字段校验通过
2026-03-02 15:43:34,994 - INFO - CaseID:266 - QUERY字段：基础语义模糊匹配通过
2026-03-02 15:43:34,994 - INFO - CaseID:266 - 整体结果: PASS | 详情: 所有字段校验通过
2026-03-02 15:43:36,530 - INFO - CaseID:267 - QUERY字段：基础语义模糊匹配通过
2026-03-02 15:43:36,531 - INFO - CaseID:267 - 整体结果: PASS | 详情: 所有字段校验通过
2026-03-02 15:43:37,964 - INFO - CaseID:268 - QUERY字段：基础语义模糊匹配通过
2026-03-02 15:43:37,965 - INFO - CaseID:268 - 整体结果: PASS | 详情: 所有字段校验通过
2026-03-02 15:43:40,628 - INFO - CaseID:269 - QUERY字段：语义匹配失败，但visual_search链路意图匹配通过
2026-03-02 15:43:40,629 - INFO - CaseID:269 - 整体结果: PASS | 详情: 所有字段校验通过
2026-03-02 15:43:42,674 - INFO - CaseID:270 - QUERY字段：基础语义模糊匹配通过
2026-03-02 15:43:42,674 - INFO - CaseID:270 - 整体结果: PASS | 详情: 所有字段校验通过
2026-03-02 15:43:43,808 - INFO - CaseID:271 - QUERY字段：基础语义模糊匹配通过
2026-03-02 15:43:43,809 - INFO - CaseID:271 - 整体结果: PASS | 详情: 所有字段校验通过
2026-03-02 15:43:45,132 - INFO - CaseID:272 - QUERY字段：基础语义模糊匹配通过
2026-03-02 15:43:45,132 - INFO - CaseID:272 - 整体结果: PASS | 详情: 所有字段校验通过
2026-03-02 15:43:46,369 - INFO - CaseID:273 - QUERY字段：基础语义模糊匹配通过
2026-03-02 15:43:46,370 - INFO - CaseID:273 - 整体结果: PASS | 详情: 所有字段校验通过
2026-03-02 15:43:48,002 - INFO - CaseID:274 - QUERY字段：基础语义模糊匹配通过
2026-03-02 15:43:48,003 - INFO - CaseID:274 - 整体结果: PASS | 详情: 所有字段校验通过
2026-03-02 15:43:49,433 - INFO - CaseID:275 - QUERY字段：基础语义模糊匹配通过
2026-03-02 15:43:49,433 - INFO - CaseID:275 - 整体结果: PASS | 详情: 所有字段校验通过
2026-03-02 15:43:50,867 - INFO - CaseID:276 - QUERY字段：基础语义模糊匹配通过
2026-03-02 15:43:50,868 - INFO - CaseID:276 - 整体结果: PASS | 详情: 所有字段校验通过
2026-03-02 15:43:52,098 - INFO - CaseID:277 - QUERY字段：基础语义模糊匹配通过
2026-03-02 15:43:52,099 - INFO - CaseID:277 - 整体结果: PASS | 详情: 所有字段校验通过
2026-03-02 15:43:53,255 - INFO - CaseID:278 - QUERY字段：基础语义模糊匹配通过
2026-03-02 15:43:53,255 - INFO - CaseID:278 - 整体结果: PASS | 详情: 所有字段校验通过
2026-03-02 15:43:53,255 - INFO - CaseID:279 - QUERY字段：基础语义模糊匹配通过
2026-03-02 15:43:53,255 - INFO - CaseID:279 - 整体结果: PASS | 详情: 所有字段校验通过
2026-03-02 15:43:53,256 - INFO - CaseID:280 - QUERY字段：基础语义模糊匹配通过
2026-03-02 15:43:53,256 - INFO - CaseID:280 - 整体结果: PASS | 详情: 所有字段校验通过
2026-03-02 15:43:53,256 - INFO - CaseID:281 - QUERY字段：基础语义模糊匹配通过
2026-03-02 15:43:53,256 - INFO - CaseID:281 - 整体结果: PASS | 详情: 所有字段校验通过
2026-03-02 15:43:53,256 - INFO - CaseID:282 - QUERY字段：基础语义模糊匹配通过
2026-03-02 15:43:53,256 - INFO - CaseID:282 - 整体结果: PASS | 详情: 所有字段校验通过
2026-03-02 15:43:55,346 - INFO - CaseID:283 - QUERY字段：基础语义模糊匹配通过
2026-03-02 15:43:55,346 - INFO - CaseID:283 - 整体结果: PASS | 详情: 所有字段校验通过
2026-03-02 15:43:56,590 - INFO - CaseID:284 - QUERY字段：基础语义模糊匹配通过
2026-03-02 15:43:56,590 - INFO - CaseID:284 - 整体结果: PASS | 详情: 所有字段校验通过
2026-03-02 15:43:57,829 - INFO - CaseID:285 - QUERY字段：基础语义模糊匹配通过
2026-03-02 15:43:57,829 - INFO - CaseID:285 - 整体结果: PASS | 详情: 所有字段校验通过
2026-03-02 15:44:00,785 - INFO - CaseID:286 - QUERY字段：语义匹配失败，但visual_search链路意图匹配通过
2026-03-02 15:44:00,786 - INFO - CaseID:286 - 整体结果: PASS | 详情: 所有字段校验通过
2026-03-02 15:44:02,173 - INFO - CaseID:287 - QUERY字段：基础语义模糊匹配通过
2026-03-02 15:44:02,173 - INFO - CaseID:287 - 整体结果: PASS | 详情: 所有字段校验通过
2026-03-02 15:44:03,360 - INFO - CaseID:288 - QUERY字段：基础语义模糊匹配通过
2026-03-02 15:44:03,360 - INFO - CaseID:288 - 整体结果: PASS | 详情: 所有字段校验通过
2026-03-02 15:44:04,699 - INFO - CaseID:289 - QUERY字段：基础语义模糊匹配通过
2026-03-02 15:44:04,699 - INFO - CaseID:289 - 整体结果: PASS | 详情: 所有字段校验通过
2026-03-02 15:44:05,898 - INFO - CaseID:290 - QUERY字段：基础语义模糊匹配通过
2026-03-02 15:44:05,898 - INFO - CaseID:290 - 整体结果: PASS | 详情: 所有字段校验通过
2026-03-02 15:44:07,514 - INFO - CaseID:291 - QUERY字段：基础语义模糊匹配通过
2026-03-02 15:44:07,514 - INFO - CaseID:291 - 整体结果: PASS | 详情: 所有字段校验通过
2026-03-02 15:44:08,650 - INFO - CaseID:292 - QUERY字段：基础语义模糊匹配通过
2026-03-02 15:44:08,650 - INFO - CaseID:292 - 整体结果: PASS | 详情: 所有字段校验通过
2026-03-02 15:44:09,916 - INFO - CaseID:293 - QUERY字段：基础语义模糊匹配通过
2026-03-02 15:44:09,917 - INFO - CaseID:293 - 整体结果: PASS | 详情: 所有字段校验通过
2026-03-02 15:44:09,917 - INFO - CaseID:294 - QUERY字段：基础语义模糊匹配通过
2026-03-02 15:44:09,918 - INFO - CaseID:294 - 整体结果: PASS | 详情: 所有字段校验通过
2026-03-02 15:44:12,196 - INFO - CaseID:295 - QUERY字段：语义匹配失败，但visual_search链路意图匹配通过
2026-03-02 15:44:12,196 - INFO - CaseID:295 - 整体结果: PASS | 详情: 所有字段校验通过
2026-03-02 15:44:13,546 - INFO - CaseID:296 - QUERY字段：基础语义模糊匹配通过
2026-03-02 15:44:13,547 - INFO - CaseID:296 - 整体结果: PASS | 详情: 所有字段校验通过
2026-03-02 15:44:14,828 - INFO - CaseID:297 - QUERY字段：基础语义模糊匹配通过
2026-03-02 15:44:14,828 - INFO - CaseID:297 - 整体结果: PASS | 详情: 所有字段校验通过
2026-03-02 15:44:14,828 - INFO - CaseID:298 - QUERY字段：基础语义模糊匹配通过
2026-03-02 15:44:14,828 - INFO - CaseID:298 - 整体结果: PASS | 详情: 所有字段校验通过
2026-03-02 15:44:17,174 - INFO - CaseID:299 - QUERY字段：语义匹配失败，但visual_search链路意图匹配通过
2026-03-02 15:44:17,174 - INFO - CaseID:299 - 整体结果: PASS | 详情: 所有字段校验通过
2026-03-02 15:44:18,440 - INFO - CaseID:300 - QUERY字段：基础语义模糊匹配通过
2026-03-02 15:44:18,440 - INFO - CaseID:300 - 整体结果: PASS | 详情: 所有字段校验通过
2026-03-02 15:44:20,973 - INFO - CaseID:301 - QUERY字段：语义匹配失败，但visual_search链路意图匹配通过
2026-03-02 15:44:20,974 - INFO - CaseID:301 - 整体结果: PASS | 详情: 所有字段校验通过
2026-03-02 15:44:23,317 - INFO - CaseID:302 - QUERY字段：语义匹配失败，但visual_search链路意图匹配通过
2026-03-02 15:44:23,318 - INFO - CaseID:302 - 整体结果: PASS | 详情: 所有字段校验通过
2026-03-02 15:44:25,600 - INFO - CaseID:303 - QUERY字段：语义匹配失败，但visual_search链路意图匹配通过
2026-03-02 15:44:25,601 - INFO - CaseID:303 - 整体结果: PASS | 详情: 所有字段校验通过
2026-03-02 15:44:26,882 - INFO - CaseID:304 - QUERY字段：基础语义模糊匹配通过
2026-03-02 15:44:26,883 - INFO - CaseID:304 - 整体结果: PASS | 详情: 所有字段校验通过
2026-03-02 15:44:28,263 - INFO - CaseID:305 - QUERY字段：基础语义模糊匹配通过
2026-03-02 15:44:28,264 - INFO - CaseID:305 - 整体结果: PASS | 详情: 所有字段校验通过
2026-03-02 15:44:30,807 - INFO - CaseID:306 - QUERY字段：语义匹配失败，但visual_search链路意图匹配通过
2026-03-02 15:44:30,807 - INFO - CaseID:306 - 整体结果: PASS | 详情: 所有字段校验通过
2026-03-02 15:44:33,188 - INFO - CaseID:307 - QUERY字段：语义匹配失败，但visual_search链路意图匹配通过
2026-03-02 15:44:33,189 - INFO - CaseID:307 - 整体结果: PASS | 详情: 所有字段校验通过
2026-03-02 15:44:34,344 - INFO - CaseID:308 - QUERY字段：基础语义模糊匹配通过
2026-03-02 15:44:34,344 - INFO - CaseID:308 - 整体结果: PASS | 详情: 所有字段校验通过
2026-03-02 15:44:37,154 - INFO - CaseID:309 - QUERY字段：语义匹配失败，但visual_search链路意图匹配通过
2026-03-02 15:44:37,155 - INFO - CaseID:309 - 整体结果: PASS | 详情: 所有字段校验通过
2026-03-02 15:44:38,422 - INFO - CaseID:310 - QUERY字段：基础语义模糊匹配通过
2026-03-02 15:44:38,422 - INFO - CaseID:310 - 整体结果: PASS | 详情: 所有字段校验通过
2026-03-02 15:44:39,815 - INFO - CaseID:311 - QUERY字段：基础语义模糊匹配通过
2026-03-02 15:44:39,815 - INFO - CaseID:311 - 整体结果: PASS | 详情: 所有字段校验通过
2026-03-02 15:44:41,683 - INFO - CaseID:312 - QUERY字段：基础语义模糊匹配通过
2026-03-02 15:44:41,683 - INFO - CaseID:312 - 整体结果: PASS | 详情: 所有字段校验通过
2026-03-02 15:44:44,571 - INFO - CaseID:313 - QUERY字段：语义匹配失败，但visual_search链路意图匹配通过
2026-03-02 15:44:44,572 - INFO - CaseID:313 - 整体结果: PASS | 详情: 所有字段校验通过
2026-03-02 15:44:44,572 - INFO - CaseID:314 - QUERY字段：基础语义模糊匹配通过
2026-03-02 15:44:44,572 - INFO - CaseID:314 - 整体结果: PASS | 详情: 所有字段校验通过
2026-03-02 15:44:47,381 - INFO - CaseID:315 - QUERY字段：语义匹配失败，但visual_search链路意图匹配通过
2026-03-02 15:44:47,382 - INFO - CaseID:315 - 整体结果: PASS | 详情: 所有字段校验通过
2026-03-02 15:44:48,705 - INFO - CaseID:316 - QUERY字段：基础语义模糊匹配通过
2026-03-02 15:44:48,705 - INFO - CaseID:316 - 整体结果: PASS | 详情: 所有字段校验通过
2026-03-02 15:44:48,705 - INFO - CaseID:317 - QUERY字段：基础语义模糊匹配通过
2026-03-02 15:44:48,706 - INFO - CaseID:317 - 整体结果: PASS | 详情: 所有字段校验通过
2026-03-02 15:44:51,098 - INFO - CaseID:318 - QUERY字段：语义匹配失败，但visual_search链路意图匹配通过
2026-03-02 15:44:51,098 - INFO - CaseID:318 - 整体结果: PASS | 详情: 所有字段校验通过
2026-03-02 15:44:53,729 - INFO - CaseID:319 - 整体结果: FAILED | 详情: QUERY不匹配：语义和visual_search链路意图均不一致 - 预期[识别当前摄像头画面中的车辆品牌和型号]，实际[这个车的轴距和奔驰S450比谁的更好一点]
2026-03-02 15:44:53,731 - INFO - CaseID:320 - QUERY字段：基础语义模糊匹配通过
2026-03-02 15:44:53,731 - INFO - CaseID:320 - 整体结果: PASS | 详情: 所有字段校验通过
2026-03-02 15:44:56,353 - INFO - CaseID:321 - QUERY字段：语义匹配失败，但visual_search链路意图匹配通过
2026-03-02 15:44:56,353 - INFO - CaseID:321 - 整体结果: PASS | 详情: 所有字段校验通过
2026-03-02 15:44:59,341 - INFO - CaseID:322 - QUERY字段：语义匹配失败，但visual_search链路意图匹配通过
2026-03-02 15:44:59,342 - INFO - CaseID:322 - 整体结果: PASS | 详情: 所有字段校验通过
2026-03-02 15:45:00,500 - INFO - CaseID:323 - QUERY字段：基础语义模糊匹配通过
2026-03-02 15:45:00,500 - INFO - CaseID:323 - 整体结果: PASS | 详情: 所有字段校验通过
2026-03-02 15:45:01,673 - INFO - CaseID:324 - QUERY字段：基础语义模糊匹配通过
2026-03-02 15:45:01,674 - INFO - CaseID:324 - 整体结果: PASS | 详情: 所有字段校验通过
2026-03-02 15:45:02,956 - INFO - CaseID:325 - QUERY字段：基础语义模糊匹配通过
2026-03-02 15:45:02,956 - INFO - CaseID:325 - 整体结果: PASS | 详情: 所有字段校验通过
2026-03-02 15:45:06,440 - INFO - CaseID:326 - QUERY字段：语义匹配失败，但visual_search链路意图匹配通过
2026-03-02 15:45:06,441 - INFO - CaseID:326 - 整体结果: PASS | 详情: 所有字段校验通过
2026-03-02 15:45:08,899 - INFO - CaseID:327 - QUERY字段：语义匹配失败，但visual_search链路意图匹配通过
2026-03-02 15:45:08,900 - INFO - CaseID:327 - 整体结果: PASS | 详情: 所有字段校验通过
2026-03-02 15:45:11,508 - INFO - CaseID:328 - QUERY字段：语义匹配失败，但visual_search链路意图匹配通过
2026-03-02 15:45:11,509 - INFO - CaseID:328 - 整体结果: PASS | 详情: 所有字段校验通过
2026-03-02 15:45:12,788 - INFO - CaseID:329 - QUERY字段：基础语义模糊匹配通过
2026-03-02 15:45:12,789 - INFO - CaseID:329 - 整体结果: PASS | 详情: 所有字段校验通过
2026-03-02 15:45:15,385 - INFO - CaseID:330 - QUERY字段：语义匹配失败，但visual_search链路意图匹配通过
2026-03-02 15:45:15,386 - INFO - CaseID:330 - 整体结果: PASS | 详情: 所有字段校验通过
2026-03-02 15:45:16,504 - INFO - CaseID:331 - QUERY字段：基础语义模糊匹配通过
2026-03-02 15:45:16,505 - INFO - CaseID:331 - 整体结果: PASS | 详情: 所有字段校验通过
2026-03-02 15:45:18,848 - INFO - CaseID:332 - QUERY字段：语义匹配失败，但visual_search链路意图匹配通过
2026-03-02 15:45:18,849 - INFO - CaseID:332 - 整体结果: PASS | 详情: 所有字段校验通过
2026-03-02 15:45:20,021 - INFO - CaseID:333 - QUERY字段：基础语义模糊匹配通过
2026-03-02 15:45:20,022 - INFO - CaseID:333 - 整体结果: PASS | 详情: 所有字段校验通过
2026-03-02 15:45:21,163 - INFO - CaseID:334 - QUERY字段：基础语义模糊匹配通过
2026-03-02 15:45:21,164 - INFO - CaseID:334 - 整体结果: PASS | 详情: 所有字段校验通过
2026-03-02 15:45:22,395 - INFO - CaseID:335 - QUERY字段：基础语义模糊匹配通过
2026-03-02 15:45:22,395 - INFO - CaseID:335 - 整体结果: PASS | 详情: 所有字段校验通过
2026-03-02 15:45:23,846 - INFO - CaseID:336 - QUERY字段：基础语义模糊匹配通过
2026-03-02 15:45:23,846 - INFO - CaseID:336 - 整体结果: PASS | 详情: 所有字段校验通过
2026-03-02 15:45:25,175 - INFO - CaseID:337 - QUERY字段：基础语义模糊匹配通过
2026-03-02 15:45:25,178 - INFO - CaseID:337 - 整体结果: PASS | 详情: 所有字段校验通过
2026-03-02 15:45:26,373 - INFO - CaseID:338 - QUERY字段：基础语义模糊匹配通过
2026-03-02 15:45:26,373 - INFO - CaseID:338 - 整体结果: PASS | 详情: 所有字段校验通过
2026-03-02 15:45:28,650 - INFO - CaseID:339 - QUERY字段：语义匹配失败，但visual_search链路意图匹配通过
2026-03-02 15:45:28,651 - INFO - CaseID:339 - 整体结果: PASS | 详情: 所有字段校验通过
2026-03-02 15:45:28,651 - INFO - CaseID:340 - 整体结果: FAILED | 详情: 模型输出核心字段全为空，判定不通过
2026-03-02 15:45:29,832 - INFO - CaseID:341 - QUERY字段：基础语义模糊匹配通过
2026-03-02 15:45:29,832 - INFO - CaseID:341 - 整体结果: PASS | 详情: 所有字段校验通过
2026-03-02 15:45:31,836 - INFO - CaseID:342 - QUERY字段：基础语义模糊匹配通过
2026-03-02 15:45:31,836 - INFO - CaseID:342 - 整体结果: PASS | 详情: 所有字段校验通过
2026-03-02 15:45:32,943 - INFO - CaseID:343 - QUERY字段：基础语义模糊匹配通过
2026-03-02 15:45:32,943 - INFO - CaseID:343 - 整体结果: PASS | 详情: 所有字段校验通过
2026-03-02 15:45:36,749 - INFO - CaseID:344 - QUERY字段：语义匹配失败，但visual_search链路意图匹配通过
2026-03-02 15:45:36,750 - INFO - CaseID:344 - 整体结果: PASS | 详情: 所有字段校验通过
2026-03-02 15:45:54,296 - INFO - CaseID:345 - QUERY字段：基础语义模糊匹配通过
2026-03-02 15:45:54,297 - INFO - CaseID:345 - 整体结果: PASS | 详情: 所有字段校验通过
2026-03-02 15:45:55,797 - INFO - CaseID:346 - QUERY字段：基础语义模糊匹配通过
2026-03-02 15:45:55,798 - INFO - CaseID:346 - 整体结果: PASS | 详情: 所有字段校验通过
2026-03-02 15:45:57,027 - INFO - CaseID:347 - QUERY字段：基础语义模糊匹配通过
2026-03-02 15:45:57,028 - INFO - CaseID:347 - 整体结果: PASS | 详情: 所有字段校验通过
2026-03-02 15:45:58,320 - INFO - CaseID:348 - QUERY字段：基础语义模糊匹配通过
2026-03-02 15:45:58,320 - INFO - CaseID:348 - 整体结果: PASS | 详情: 所有字段校验通过
2026-03-02 15:45:59,483 - INFO - CaseID:349 - QUERY字段：基础语义模糊匹配通过
2026-03-02 15:45:59,484 - INFO - CaseID:349 - 整体结果: PASS | 详情: 所有字段校验通过
2026-03-02 15:46:00,781 - INFO - CaseID:350 - QUERY字段：基础语义模糊匹配通过
2026-03-02 15:46:00,781 - INFO - CaseID:350 - 整体结果: PASS | 详情: 所有字段校验通过
2026-03-02 15:46:02,147 - INFO - CaseID:351 - QUERY字段：基础语义模糊匹配通过
2026-03-02 15:46:02,147 - INFO - CaseID:351 - 整体结果: PASS | 详情: 所有字段校验通过
2026-03-02 15:46:03,340 - INFO - CaseID:352 - QUERY字段：基础语义模糊匹配通过
2026-03-02 15:46:03,340 - INFO - CaseID:352 - 整体结果: PASS | 详情: 所有字段校验通过
2026-03-02 15:46:06,653 - INFO - CaseID:353 - QUERY字段：语义匹配失败，但visual_search链路意图匹配通过
2026-03-02 15:46:06,654 - INFO - CaseID:353 - 整体结果: PASS | 详情: 所有字段校验通过
2026-03-02 15:46:08,083 - INFO - CaseID:354 - QUERY字段：基础语义模糊匹配通过
2026-03-02 15:46:08,084 - INFO - CaseID:354 - 整体结果: PASS | 详情: 所有字段校验通过
2026-03-02 15:46:08,084 - INFO - CaseID:355 - QUERY字段：基础语义模糊匹配通过
2026-03-02 15:46:08,084 - INFO - CaseID:355 - 整体结果: PASS | 详情: 所有字段校验通过
2026-03-02 15:46:09,796 - INFO - CaseID:356 - QUERY字段：基础语义模糊匹配通过
2026-03-02 15:46:09,796 - INFO - CaseID:356 - 整体结果: PASS | 详情: 所有字段校验通过
2026-03-02 15:46:10,924 - INFO - CaseID:357 - QUERY字段：基础语义模糊匹配通过
2026-03-02 15:46:10,925 - INFO - CaseID:357 - 整体结果: PASS | 详情: 所有字段校验通过
2026-03-02 15:46:12,360 - INFO - CaseID:358 - QUERY字段：基础语义模糊匹配通过
2026-03-02 15:46:12,361 - INFO - CaseID:358 - 整体结果: PASS | 详情: 所有字段校验通过
2026-03-02 15:46:13,472 - INFO - CaseID:359 - QUERY字段：基础语义模糊匹配通过
2026-03-02 15:46:13,473 - INFO - CaseID:359 - 整体结果: PASS | 详情: 所有字段校验通过
2026-03-02 15:46:14,707 - INFO - CaseID:360 - QUERY字段：基础语义模糊匹配通过
2026-03-02 15:46:14,707 - INFO - CaseID:360 - 整体结果: PASS | 详情: 所有字段校验通过
2026-03-02 15:46:16,063 - INFO - CaseID:361 - QUERY字段：基础语义模糊匹配通过
2026-03-02 15:46:16,063 - INFO - CaseID:361 - 整体结果: PASS | 详情: 所有字段校验通过
2026-03-02 15:46:16,063 - INFO - CaseID:362 - QUERY字段：基础语义模糊匹配通过
2026-03-02 15:46:16,063 - INFO - CaseID:362 - 整体结果: PASS | 详情: 所有字段校验通过
2026-03-02 15:46:17,446 - INFO - CaseID:363 - QUERY字段：基础语义模糊匹配通过
2026-03-02 15:46:17,446 - INFO - CaseID:363 - 整体结果: PASS | 详情: 所有字段校验通过
2026-03-02 15:46:19,247 - INFO - CaseID:364 - QUERY字段：基础语义模糊匹配通过
2026-03-02 15:46:19,247 - INFO - CaseID:364 - 整体结果: PASS | 详情: 所有字段校验通过
2026-03-02 15:46:22,112 - INFO - CaseID:365 - QUERY字段：语义匹配失败，但visual_search链路意图匹配通过
2026-03-02 15:46:22,112 - INFO - CaseID:365 - 整体结果: PASS | 详情: 所有字段校验通过
2026-03-02 15:46:23,276 - INFO - CaseID:366 - QUERY字段：基础语义模糊匹配通过
2026-03-02 15:46:23,277 - INFO - CaseID:366 - 整体结果: PASS | 详情: 所有字段校验通过
2026-03-02 15:46:24,745 - INFO - CaseID:367 - QUERY字段：基础语义模糊匹配通过
2026-03-02 15:46:24,746 - INFO - CaseID:367 - 整体结果: PASS | 详情: 所有字段校验通过
2026-03-02 15:46:26,165 - INFO - CaseID:368 - QUERY字段：基础语义模糊匹配通过
2026-03-02 15:46:26,165 - INFO - CaseID:368 - 整体结果: PASS | 详情: 所有字段校验通过
2026-03-02 15:46:27,423 - INFO - CaseID:369 - QUERY字段：基础语义模糊匹配通过
2026-03-02 15:46:27,423 - INFO - CaseID:369 - 整体结果: PASS | 详情: 所有字段校验通过
2026-03-02 15:46:29,971 - INFO - CaseID:370 - QUERY字段：基础语义模糊匹配通过
2026-03-02 15:46:29,972 - INFO - CaseID:370 - 整体结果: PASS | 详情: 所有字段校验通过
2026-03-02 15:46:31,208 - INFO - CaseID:371 - QUERY字段：基础语义模糊匹配通过
2026-03-02 15:46:31,208 - INFO - CaseID:371 - 整体结果: PASS | 详情: 所有字段校验通过
2026-03-02 15:46:32,660 - INFO - CaseID:372 - QUERY字段：基础语义模糊匹配通过
2026-03-02 15:46:32,661 - INFO - CaseID:372 - 整体结果: PASS | 详情: 所有字段校验通过
2026-03-02 15:46:33,818 - INFO - CaseID:373 - QUERY字段：基础语义模糊匹配通过
2026-03-02 15:46:33,819 - INFO - CaseID:373 - 整体结果: PASS | 详情: 所有字段校验通过
2026-03-02 15:46:35,206 - INFO - CaseID:374 - QUERY字段：基础语义模糊匹配通过
2026-03-02 15:46:35,206 - INFO - CaseID:374 - 整体结果: PASS | 详情: 所有字段校验通过
2026-03-02 15:46:35,206 - INFO - CaseID:375 - QUERY字段：基础语义模糊匹配通过
2026-03-02 15:46:35,206 - INFO - CaseID:375 - 整体结果: PASS | 详情: 所有字段校验通过
2026-03-02 15:46:36,757 - INFO - CaseID:376 - QUERY字段：基础语义模糊匹配通过
2026-03-02 15:46:36,757 - INFO - CaseID:376 - 整体结果: PASS | 详情: 所有字段校验通过
2026-03-02 15:46:38,441 - INFO - CaseID:377 - QUERY字段：基础语义模糊匹配通过
2026-03-02 15:46:38,441 - INFO - CaseID:377 - 整体结果: PASS | 详情: 所有字段校验通过
2026-03-02 15:46:39,623 - INFO - CaseID:378 - QUERY字段：基础语义模糊匹配通过
2026-03-02 15:46:39,624 - INFO - CaseID:378 - 整体结果: PASS | 详情: 所有字段校验通过
2026-03-02 15:46:40,853 - INFO - CaseID:379 - QUERY字段：基础语义模糊匹配通过
2026-03-02 15:46:40,853 - INFO - CaseID:379 - 整体结果: PASS | 详情: 所有字段校验通过
2026-03-02 15:46:43,181 - INFO - CaseID:380 - QUERY字段：语义匹配失败，但visual_search链路意图匹配通过
2026-03-02 15:46:43,182 - INFO - CaseID:380 - 整体结果: PASS | 详情: 所有字段校验通过
2026-03-02 15:46:45,043 - INFO - CaseID:381 - QUERY字段：基础语义模糊匹配通过
2026-03-02 15:46:45,043 - INFO - CaseID:381 - 整体结果: PASS | 详情: 所有字段校验通过
2026-03-02 15:46:45,043 - INFO - CaseID:382 - QUERY字段：基础语义模糊匹配通过
2026-03-02 15:46:45,044 - INFO - CaseID:382 - 整体结果: PASS | 详情: 所有字段校验通过
2026-03-02 15:46:46,734 - INFO - CaseID:383 - QUERY字段：基础语义模糊匹配通过
2026-03-02 15:46:46,734 - INFO - CaseID:383 - 整体结果: PASS | 详情: 所有字段校验通过
2026-03-02 15:46:46,735 - INFO - CaseID:384 - QUERY字段：基础语义模糊匹配通过
2026-03-02 15:46:46,735 - INFO - CaseID:384 - 整体结果: PASS | 详情: 所有字段校验通过
2026-03-02 15:46:48,102 - INFO - CaseID:385 - QUERY字段：基础语义模糊匹配通过
2026-03-02 15:46:48,102 - INFO - CaseID:385 - 整体结果: PASS | 详情: 所有字段校验通过
2026-03-02 15:46:49,374 - INFO - CaseID:386 - QUERY字段：基础语义模糊匹配通过
2026-03-02 15:46:49,375 - INFO - CaseID:386 - 整体结果: PASS | 详情: 所有字段校验通过
2026-03-02 15:46:50,682 - INFO - CaseID:387 - QUERY字段：基础语义模糊匹配通过
2026-03-02 15:46:50,683 - INFO - CaseID:387 - 整体结果: PASS | 详情: 所有字段校验通过
2026-03-02 15:46:51,911 - INFO - CaseID:388 - QUERY字段：基础语义模糊匹配通过
2026-03-02 15:46:51,911 - INFO - CaseID:388 - 整体结果: PASS | 详情: 所有字段校验通过
2026-03-02 15:46:53,755 - INFO - CaseID:389 - QUERY字段：基础语义模糊匹配通过
2026-03-02 15:46:53,755 - INFO - CaseID:389 - 整体结果: PASS | 详情: 所有字段校验通过
2026-03-02 15:46:54,987 - INFO - CaseID:390 - QUERY字段：基础语义模糊匹配通过
2026-03-02 15:46:54,988 - INFO - CaseID:390 - 整体结果: PASS | 详情: 所有字段校验通过
2026-03-02 15:46:56,133 - INFO - CaseID:391 - QUERY字段：基础语义模糊匹配通过
2026-03-02 15:46:56,134 - INFO - CaseID:391 - 整体结果: PASS | 详情: 所有字段校验通过
2026-03-02 15:46:57,454 - INFO - CaseID:392 - QUERY字段：基础语义模糊匹配通过
2026-03-02 15:46:57,455 - INFO - CaseID:392 - 整体结果: PASS | 详情: 所有字段校验通过
2026-03-02 15:46:58,561 - INFO - CaseID:393 - QUERY字段：基础语义模糊匹配通过
2026-03-02 15:46:58,561 - INFO - CaseID:393 - 整体结果: PASS | 详情: 所有字段校验通过
2026-03-02 15:46:59,994 - INFO - CaseID:394 - QUERY字段：基础语义模糊匹配通过
2026-03-02 15:46:59,995 - INFO - CaseID:394 - 整体结果: PASS | 详情: 所有字段校验通过
2026-03-02 15:47:02,357 - INFO - CaseID:395 - QUERY字段：语义匹配失败，但visual_search链路意图匹配通过
2026-03-02 15:47:02,358 - INFO - CaseID:395 - 整体结果: PASS | 详情: 所有字段校验通过
2026-03-02 15:47:03,688 - INFO - CaseID:396 - QUERY字段：基础语义模糊匹配通过
2026-03-02 15:47:03,689 - INFO - CaseID:396 - 整体结果: PASS | 详情: 所有字段校验通过
2026-03-02 15:47:04,812 - INFO - CaseID:397 - QUERY字段：基础语义模糊匹配通过
2026-03-02 15:47:04,812 - INFO - CaseID:397 - 整体结果: PASS | 详情: 所有字段校验通过
2026-03-02 15:47:06,214 - INFO - CaseID:398 - QUERY字段：基础语义模糊匹配通过
2026-03-02 15:47:06,214 - INFO - CaseID:398 - 整体结果: PASS | 详情: 所有字段校验通过
2026-03-02 15:47:07,684 - INFO - CaseID:399 - QUERY字段：基础语义模糊匹配通过
2026-03-02 15:47:07,685 - INFO - CaseID:399 - 整体结果: PASS | 详情: 所有字段校验通过
2026-03-02 15:47:08,847 - INFO - CaseID:400 - QUERY字段：基础语义模糊匹配通过
2026-03-02 15:47:08,848 - INFO - CaseID:400 - 整体结果: PASS | 详情: 所有字段校验通过
2026-03-02 15:47:10,186 - INFO - CaseID:401 - QUERY字段：基础语义模糊匹配通过
2026-03-02 15:47:10,187 - INFO - CaseID:401 - 整体结果: PASS | 详情: 所有字段校验通过
2026-03-02 15:47:11,438 - INFO - CaseID:402 - QUERY字段：基础语义模糊匹配通过
2026-03-02 15:47:11,438 - INFO - CaseID:402 - 整体结果: PASS | 详情: 所有字段校验通过
2026-03-02 15:47:12,804 - INFO - CaseID:403 - QUERY字段：基础语义模糊匹配通过
2026-03-02 15:47:12,804 - INFO - CaseID:403 - 整体结果: PASS | 详情: 所有字段校验通过
2026-03-02 15:47:14,033 - INFO - CaseID:404 - QUERY字段：基础语义模糊匹配通过
2026-03-02 15:47:14,034 - INFO - CaseID:404 - 整体结果: PASS | 详情: 所有字段校验通过
2026-03-02 15:47:15,322 - INFO - CaseID:405 - QUERY字段：基础语义模糊匹配通过
2026-03-02 15:47:15,323 - INFO - CaseID:405 - 整体结果: PASS | 详情: 所有字段校验通过
2026-03-02 15:47:16,676 - INFO - CaseID:406 - QUERY字段：基础语义模糊匹配通过
2026-03-02 15:47:16,677 - INFO - CaseID:406 - 整体结果: PASS | 详情: 所有字段校验通过
2026-03-02 15:47:18,514 - INFO - CaseID:407 - QUERY字段：基础语义模糊匹配通过
2026-03-02 15:47:18,515 - INFO - CaseID:407 - 整体结果: PASS | 详情: 所有字段校验通过
2026-03-02 15:47:20,997 - INFO - CaseID:408 - QUERY字段：语义匹配失败，但visual_search链路意图匹配通过
2026-03-02 15:47:20,998 - INFO - CaseID:408 - 整体结果: PASS | 详情: 所有字段校验通过
2026-03-02 15:47:24,067 - INFO - CaseID:409 - QUERY字段：语义匹配失败，但visual_search链路意图匹配通过
2026-03-02 15:47:24,067 - INFO - CaseID:409 - 整体结果: PASS | 详情: 所有字段校验通过
2026-03-02 15:47:26,094 - INFO - CaseID:410 - QUERY字段：基础语义模糊匹配通过
2026-03-02 15:47:26,095 - INFO - CaseID:410 - 整体结果: PASS | 详情: 所有字段校验通过
2026-03-02 15:47:27,235 - INFO - CaseID:411 - QUERY字段：基础语义模糊匹配通过
2026-03-02 15:47:27,235 - INFO - CaseID:411 - 整体结果: PASS | 详情: 所有字段校验通过
2026-03-02 15:47:28,577 - INFO - CaseID:412 - QUERY字段：基础语义模糊匹配通过
2026-03-02 15:47:28,578 - INFO - CaseID:412 - 整体结果: PASS | 详情: 所有字段校验通过
2026-03-02 15:47:29,842 - INFO - CaseID:413 - QUERY字段：基础语义模糊匹配通过
2026-03-02 15:47:29,842 - INFO - CaseID:413 - 整体结果: PASS | 详情: 所有字段校验通过
2026-03-02 15:47:31,030 - INFO - CaseID:414 - QUERY字段：基础语义模糊匹配通过
2026-03-02 15:47:31,031 - INFO - CaseID:414 - 整体结果: PASS | 详情: 所有字段校验通过
2026-03-02 15:47:32,132 - INFO - CaseID:415 - QUERY字段：基础语义模糊匹配通过
2026-03-02 15:47:32,133 - INFO - CaseID:415 - 整体结果: PASS | 详情: 所有字段校验通过
2026-03-02 15:47:33,250 - INFO - CaseID:416 - QUERY字段：基础语义模糊匹配通过
2026-03-02 15:47:33,251 - INFO - CaseID:416 - 整体结果: PASS | 详情: 所有字段校验通过
2026-03-02 15:47:34,925 - INFO - CaseID:417 - QUERY字段：基础语义模糊匹配通过
2026-03-02 15:47:34,926 - INFO - CaseID:417 - 整体结果: PASS | 详情: 所有字段校验通过
2026-03-02 15:47:36,147 - INFO - CaseID:418 - QUERY字段：基础语义模糊匹配通过
2026-03-02 15:47:36,148 - INFO - CaseID:418 - 整体结果: PASS | 详情: 所有字段校验通过
2026-03-02 15:47:37,583 - INFO - CaseID:419 - QUERY字段：基础语义模糊匹配通过
2026-03-02 15:47:37,583 - INFO - CaseID:419 - 整体结果: PASS | 详情: 所有字段校验通过
2026-03-02 15:47:38,812 - INFO - CaseID:420 - QUERY字段：基础语义模糊匹配通过
2026-03-02 15:47:38,813 - INFO - CaseID:420 - 整体结果: PASS | 详情: 所有字段校验通过
2026-03-02 15:47:40,115 - INFO - CaseID:421 - QUERY字段：基础语义模糊匹配通过
2026-03-02 15:47:40,116 - INFO - CaseID:421 - 整体结果: PASS | 详情: 所有字段校验通过
2026-03-02 15:47:41,310 - INFO - CaseID:422 - QUERY字段：基础语义模糊匹配通过
2026-03-02 15:47:41,311 - INFO - CaseID:422 - 整体结果: PASS | 详情: 所有字段校验通过
2026-03-02 15:47:42,454 - INFO - CaseID:423 - QUERY字段：基础语义模糊匹配通过
2026-03-02 15:47:42,454 - INFO - CaseID:423 - 整体结果: PASS | 详情: 所有字段校验通过
2026-03-02 15:47:45,160 - INFO - CaseID:424 - QUERY字段：语义匹配失败，但visual_search链路意图匹配通过
2026-03-02 15:47:45,161 - INFO - CaseID:424 - 整体结果: PASS | 详情: 所有字段校验通过
2026-03-02 15:47:46,801 - INFO - CaseID:425 - QUERY字段：基础语义模糊匹配通过
2026-03-02 15:47:46,803 - INFO - CaseID:425 - 整体结果: PASS | 详情: 所有字段校验通过
2026-03-02 15:47:49,258 - INFO - CaseID:426 - QUERY字段：语义匹配失败，但visual_search链路意图匹配通过
2026-03-02 15:47:49,259 - INFO - CaseID:426 - 整体结果: PASS | 详情: 所有字段校验通过
2026-03-02 15:47:50,486 - INFO - CaseID:427 - QUERY字段：基础语义模糊匹配通过
2026-03-02 15:47:50,487 - INFO - CaseID:427 - 整体结果: PASS | 详情: 所有字段校验通过
2026-03-02 15:47:52,434 - INFO - CaseID:428 - QUERY字段：基础语义模糊匹配通过
2026-03-02 15:47:52,435 - INFO - CaseID:428 - 整体结果: PASS | 详情: 所有字段校验通过
2026-03-02 15:47:53,717 - INFO - CaseID:429 - QUERY字段：基础语义模糊匹配通过
2026-03-02 15:47:53,718 - INFO - CaseID:429 - 整体结果: PASS | 详情: 所有字段校验通过
2026-03-02 15:47:55,131 - INFO - CaseID:430 - QUERY字段：基础语义模糊匹配通过
2026-03-02 15:47:55,131 - INFO - CaseID:430 - 整体结果: PASS | 详情: 所有字段校验通过
2026-03-02 15:47:56,230 - INFO - CaseID:431 - QUERY字段：基础语义模糊匹配通过
2026-03-02 15:47:56,231 - INFO - CaseID:431 - 整体结果: PASS | 详情: 所有字段校验通过
2026-03-02 15:47:57,447 - INFO - CaseID:432 - QUERY字段：基础语义模糊匹配通过
2026-03-02 15:47:57,447 - INFO - CaseID:432 - 整体结果: PASS | 详情: 所有字段校验通过
2026-03-02 15:47:59,846 - INFO - CaseID:433 - QUERY字段：语义匹配失败，但visual_search链路意图匹配通过
2026-03-02 15:47:59,846 - INFO - CaseID:433 - 整体结果: PASS | 详情: 所有字段校验通过
2026-03-02 15:48:01,546 - INFO - CaseID:434 - QUERY字段：基础语义模糊匹配通过
2026-03-02 15:48:01,548 - INFO - CaseID:434 - 整体结果: FAILED | 详情: APINAME不匹配：预期[visual_search]，实际[QASearch]; CATEGORY不匹配：一方为空 - 预期[]，实际[生物]; TAG不匹配：一方为空 - 预期[]，实际[有两个长长牙齿&动物]
2026-03-02 15:48:03,390 - INFO - CaseID:435 - QUERY字段：基础语义模糊匹配通过
2026-03-02 15:48:03,390 - INFO - CaseID:435 - 整体结果: PASS | 详情: 所有字段校验通过
2026-03-02 15:48:04,671 - INFO - CaseID:436 - QUERY字段：基础语义模糊匹配通过
2026-03-02 15:48:04,671 - INFO - CaseID:436 - 整体结果: PASS | 详情: 所有字段校验通过
2026-03-02 15:48:05,937 - INFO - CaseID:437 - QUERY字段：基础语义模糊匹配通过
2026-03-02 15:48:05,938 - INFO - CaseID:437 - 整体结果: PASS | 详情: 所有字段校验通过
2026-03-02 15:48:07,145 - INFO - CaseID:438 - QUERY字段：基础语义模糊匹配通过
2026-03-02 15:48:07,146 - INFO - CaseID:438 - 整体结果: PASS | 详情: 所有字段校验通过
2026-03-02 15:48:08,358 - INFO - CaseID:439 - QUERY字段：基础语义模糊匹配通过
2026-03-02 15:48:08,358 - INFO - CaseID:439 - 整体结果: PASS | 详情: 所有字段校验通过
2026-03-02 15:48:11,332 - INFO - CaseID:440 - QUERY字段：语义匹配失败，但visual_search链路意图匹配通过
2026-03-02 15:48:11,333 - INFO - CaseID:440 - 整体结果: PASS | 详情: 所有字段校验通过
2026-03-02 15:48:12,609 - INFO - CaseID:441 - QUERY字段：基础语义模糊匹配通过
2026-03-02 15:48:12,609 - INFO - CaseID:441 - 整体结果: PASS | 详情: 所有字段校验通过
2026-03-02 15:48:13,993 - INFO - CaseID:442 - QUERY字段：基础语义模糊匹配通过
2026-03-02 15:48:13,993 - INFO - CaseID:442 - 整体结果: PASS | 详情: 所有字段校验通过
2026-03-02 15:48:15,149 - INFO - CaseID:443 - QUERY字段：基础语义模糊匹配通过
2026-03-02 15:48:15,149 - INFO - CaseID:443 - 整体结果: PASS | 详情: 所有字段校验通过
2026-03-02 15:48:16,352 - INFO - CaseID:444 - QUERY字段：基础语义模糊匹配通过
2026-03-02 15:48:16,352 - INFO - CaseID:444 - 整体结果: PASS | 详情: 所有字段校验通过
2026-03-02 15:48:17,725 - INFO - CaseID:445 - QUERY字段：基础语义模糊匹配通过
2026-03-02 15:48:17,725 - INFO - CaseID:445 - 整体结果: PASS | 详情: 所有字段校验通过
2026-03-02 15:48:19,468 - INFO - CaseID:446 - QUERY字段：基础语义模糊匹配通过
2026-03-02 15:48:19,469 - INFO - CaseID:446 - 整体结果: PASS | 详情: 所有字段校验通过
2026-03-02 15:48:20,601 - INFO - CaseID:447 - QUERY字段：基础语义模糊匹配通过
2026-03-02 15:48:20,602 - INFO - CaseID:447 - 整体结果: PASS | 详情: 所有字段校验通过
2026-03-02 15:48:22,027 - INFO - CaseID:448 - QUERY字段：基础语义模糊匹配通过
2026-03-02 15:48:22,027 - INFO - CaseID:448 - 整体结果: PASS | 详情: 所有字段校验通过
2026-03-02 15:48:23,573 - INFO - CaseID:449 - QUERY字段：基础语义模糊匹配通过
2026-03-02 15:48:23,574 - INFO - CaseID:449 - 整体结果: PASS | 详情: 所有字段校验通过
2026-03-02 15:48:24,729 - INFO - CaseID:450 - QUERY字段：基础语义模糊匹配通过
2026-03-02 15:48:24,729 - INFO - CaseID:450 - 整体结果: PASS | 详情: 所有字段校验通过
2026-03-02 15:48:26,058 - INFO - CaseID:451 - QUERY字段：基础语义模糊匹配通过
2026-03-02 15:48:26,058 - INFO - CaseID:451 - 整体结果: PASS | 详情: 所有字段校验通过
2026-03-02 15:48:27,627 - INFO - CaseID:452 - QUERY字段：基础语义模糊匹配通过
2026-03-02 15:48:27,628 - INFO - CaseID:452 - 整体结果: PASS | 详情: 所有字段校验通过
2026-03-02 15:48:28,788 - INFO - CaseID:453 - QUERY字段：基础语义模糊匹配通过
2026-03-02 15:48:28,788 - INFO - CaseID:453 - 整体结果: PASS | 详情: 所有字段校验通过
2026-03-02 15:48:29,970 - INFO - CaseID:454 - QUERY字段：基础语义模糊匹配通过
2026-03-02 15:48:29,971 - INFO - CaseID:454 - 整体结果: PASS | 详情: 所有字段校验通过
2026-03-02 15:48:31,708 - INFO - CaseID:455 - QUERY字段：基础语义模糊匹配通过
2026-03-02 15:48:31,708 - INFO - CaseID:455 - 整体结果: PASS | 详情: 所有字段校验通过
2026-03-02 15:48:33,144 - INFO - CaseID:456 - QUERY字段：基础语义模糊匹配通过
2026-03-02 15:48:33,145 - INFO - CaseID:456 - 整体结果: PASS | 详情: 所有字段校验通过
2026-03-02 15:48:34,315 - INFO - CaseID:457 - QUERY字段：基础语义模糊匹配通过
2026-03-02 15:48:34,316 - INFO - CaseID:457 - 整体结果: PASS | 详情: 所有字段校验通过
2026-03-02 15:48:34,316 - INFO - CaseID:458 - QUERY字段：基础语义模糊匹配通过
2026-03-02 15:48:34,316 - INFO - CaseID:458 - 整体结果: PASS | 详情: 所有字段校验通过
2026-03-02 15:48:36,158 - INFO - CaseID:459 - QUERY字段：基础语义模糊匹配通过
2026-03-02 15:48:36,159 - INFO - CaseID:459 - 整体结果: PASS | 详情: 所有字段校验通过
2026-03-02 15:48:37,385 - INFO - CaseID:460 - QUERY字段：基础语义模糊匹配通过
2026-03-02 15:48:37,386 - INFO - CaseID:460 - 整体结果: PASS | 详情: 所有字段校验通过
2026-03-02 15:48:38,608 - INFO - CaseID:461 - QUERY字段：基础语义模糊匹配通过
2026-03-02 15:48:38,608 - INFO - CaseID:461 - 整体结果: PASS | 详情: 所有字段校验通过
2026-03-02 15:48:39,763 - INFO - CaseID:462 - QUERY字段：基础语义模糊匹配通过
2026-03-02 15:48:39,763 - INFO - CaseID:462 - 整体结果: PASS | 详情: 所有字段校验通过
2026-03-02 15:48:41,073 - INFO - CaseID:463 - QUERY字段：基础语义模糊匹配通过
2026-03-02 15:48:41,074 - INFO - CaseID:463 - 整体结果: PASS | 详情: 所有字段校验通过
2026-03-02 15:48:42,439 - INFO - CaseID:464 - QUERY字段：基础语义模糊匹配通过
2026-03-02 15:48:42,439 - INFO - CaseID:464 - 整体结果: PASS | 详情: 所有字段校验通过
2026-03-02 15:48:43,580 - INFO - CaseID:465 - QUERY字段：基础语义模糊匹配通过
2026-03-02 15:48:43,580 - INFO - CaseID:465 - 整体结果: PASS | 详情: 所有字段校验通过
2026-03-02 15:48:46,095 - INFO - CaseID:466 - QUERY字段：语义匹配失败，但visual_search链路意图匹配通过
2026-03-02 15:48:46,095 - INFO - CaseID:466 - 整体结果: PASS | 详情: 所有字段校验通过
2026-03-02 15:48:47,310 - INFO - CaseID:467 - QUERY字段：基础语义模糊匹配通过
2026-03-02 15:48:47,310 - INFO - CaseID:467 - 整体结果: PASS | 详情: 所有字段校验通过
2026-03-02 15:48:48,502 - INFO - CaseID:468 - QUERY字段：基础语义模糊匹配通过
2026-03-02 15:48:48,503 - INFO - CaseID:468 - 整体结果: PASS | 详情: 所有字段校验通过
2026-03-02 15:48:49,804 - INFO - CaseID:469 - QUERY字段：基础语义模糊匹配通过
2026-03-02 15:48:49,804 - INFO - CaseID:469 - 整体结果: PASS | 详情: 所有字段校验通过
2026-03-02 15:48:51,181 - INFO - CaseID:470 - QUERY字段：基础语义模糊匹配通过
2026-03-02 15:48:51,182 - INFO - CaseID:470 - 整体结果: PASS | 详情: 所有字段校验通过
2026-03-02 15:48:52,415 - INFO - CaseID:471 - QUERY字段：基础语义模糊匹配通过
2026-03-02 15:48:52,416 - INFO - CaseID:471 - 整体结果: PASS | 详情: 所有字段校验通过
2026-03-02 15:48:53,626 - INFO - CaseID:472 - QUERY字段：基础语义模糊匹配通过
2026-03-02 15:48:53,627 - INFO - CaseID:472 - 整体结果: PASS | 详情: 所有字段校验通过
2026-03-02 15:48:54,773 - INFO - CaseID:473 - QUERY字段：基础语义模糊匹配通过
2026-03-02 15:48:54,773 - INFO - CaseID:473 - 整体结果: PASS | 详情: 所有字段校验通过
2026-03-02 15:48:56,384 - INFO - CaseID:474 - QUERY字段：基础语义模糊匹配通过
2026-03-02 15:48:56,384 - INFO - CaseID:474 - 整体结果: PASS | 详情: 所有字段校验通过
2026-03-02 15:48:59,514 - INFO - CaseID:475 - QUERY字段：语义匹配失败，但visual_search链路意图匹配通过
2026-03-02 15:48:59,516 - INFO - CaseID:475 - 整体结果: PASS | 详情: 所有字段校验通过
2026-03-02 15:49:00,890 - INFO - CaseID:476 - QUERY字段：基础语义模糊匹配通过
2026-03-02 15:49:00,891 - INFO - CaseID:476 - 整体结果: PASS | 详情: 所有字段校验通过
2026-03-02 15:49:03,399 - INFO - CaseID:477 - QUERY字段：语义匹配失败，但visual_search链路意图匹配通过
2026-03-02 15:49:03,400 - INFO - CaseID:477 - 整体结果: PASS | 详情: 所有字段校验通过
2026-03-02 15:49:05,054 - INFO - CaseID:478 - QUERY字段：基础语义模糊匹配通过
2026-03-02 15:49:05,054 - INFO - CaseID:478 - 整体结果: PASS | 详情: 所有字段校验通过
2026-03-02 15:49:06,256 - INFO - CaseID:479 - QUERY字段：基础语义模糊匹配通过
2026-03-02 15:49:06,256 - INFO - CaseID:479 - 整体结果: PASS | 详情: 所有字段校验通过
2026-03-02 15:49:07,495 - INFO - CaseID:480 - QUERY字段：基础语义模糊匹配通过
2026-03-02 15:49:07,496 - INFO - CaseID:480 - 整体结果: PASS | 详情: 所有字段校验通过
2026-03-02 15:49:08,844 - INFO - CaseID:481 - QUERY字段：基础语义模糊匹配通过
2026-03-02 15:49:08,845 - INFO - CaseID:481 - 整体结果: PASS | 详情: 所有字段校验通过
2026-03-02 15:49:10,008 - INFO - CaseID:482 - QUERY字段：基础语义模糊匹配通过
2026-03-02 15:49:10,009 - INFO - CaseID:482 - 整体结果: PASS | 详情: 所有字段校验通过
2026-03-02 15:49:10,988 - INFO - CaseID:483 - QUERY字段：基础语义模糊匹配通过
2026-03-02 15:49:10,989 - INFO - CaseID:483 - 整体结果: PASS | 详情: 所有字段校验通过
2026-03-02 15:49:12,164 - INFO - CaseID:484 - QUERY字段：基础语义模糊匹配通过
2026-03-02 15:49:12,164 - INFO - CaseID:484 - 整体结果: PASS | 详情: 所有字段校验通过
2026-03-02 15:49:13,301 - INFO - CaseID:485 - QUERY字段：基础语义模糊匹配通过
2026-03-02 15:49:13,301 - INFO - CaseID:485 - 整体结果: PASS | 详情: 所有字段校验通过
2026-03-02 15:49:14,662 - INFO - CaseID:486 - QUERY字段：基础语义模糊匹配通过
2026-03-02 15:49:14,663 - INFO - CaseID:486 - 整体结果: PASS | 详情: 所有字段校验通过
2026-03-02 15:49:15,843 - INFO - CaseID:487 - QUERY字段：基础语义模糊匹配通过
2026-03-02 15:49:15,843 - INFO - CaseID:487 - 整体结果: PASS | 详情: 所有字段校验通过
2026-03-02 15:49:17,162 - INFO - CaseID:488 - QUERY字段：基础语义模糊匹配通过
2026-03-02 15:49:17,162 - INFO - CaseID:488 - 整体结果: PASS | 详情: 所有字段校验通过
2026-03-02 15:49:19,026 - INFO - CaseID:489 - QUERY字段：基础语义模糊匹配通过
2026-03-02 15:49:19,027 - INFO - CaseID:489 - 整体结果: PASS | 详情: 所有字段校验通过
2026-03-02 15:49:19,027 - INFO - CaseID:490 - QUERY字段：基础语义模糊匹配通过
2026-03-02 15:49:19,027 - INFO - CaseID:490 - 整体结果: PASS | 详情: 所有字段校验通过
2026-03-02 15:49:20,086 - INFO - CaseID:491 - QUERY字段：基础语义模糊匹配通过
2026-03-02 15:49:20,087 - INFO - CaseID:491 - 整体结果: PASS | 详情: 所有字段校验通过
2026-03-02 15:49:22,508 - INFO - CaseID:492 - QUERY字段：语义匹配失败，但visual_search链路意图匹配通过
2026-03-02 15:49:22,508 - INFO - CaseID:492 - 整体结果: PASS | 详情: 所有字段校验通过
2026-03-02 15:49:23,877 - INFO - CaseID:493 - QUERY字段：基础语义模糊匹配通过
2026-03-02 15:49:23,878 - INFO - CaseID:493 - 整体结果: PASS | 详情: 所有字段校验通过
2026-03-02 15:49:25,889 - INFO - CaseID:494 - QUERY字段：基础语义模糊匹配通过
2026-03-02 15:49:25,890 - INFO - CaseID:494 - 整体结果: PASS | 详情: 所有字段校验通过
2026-03-02 15:49:27,244 - INFO - CaseID:495 - QUERY字段：基础语义模糊匹配通过
2026-03-02 15:49:27,245 - INFO - CaseID:495 - 整体结果: PASS | 详情: 所有字段校验通过
2026-03-02 15:49:29,613 - INFO - CaseID:496 - QUERY字段：基础语义模糊匹配通过
2026-03-02 15:49:29,614 - INFO - CaseID:496 - 整体结果: PASS | 详情: 所有字段校验通过
2026-03-02 15:49:31,024 - INFO - CaseID:497 - QUERY字段：基础语义模糊匹配通过
2026-03-02 15:49:31,025 - INFO - CaseID:497 - 整体结果: PASS | 详情: 所有字段校验通过
2026-03-02 15:49:32,273 - INFO - CaseID:498 - QUERY字段：基础语义模糊匹配通过
2026-03-02 15:49:32,273 - INFO - CaseID:498 - 整体结果: PASS | 详情: 所有字段校验通过
2026-03-02 15:49:33,502 - INFO - CaseID:499 - QUERY字段：基础语义模糊匹配通过
2026-03-02 15:49:33,502 - INFO - CaseID:499 - 整体结果: PASS | 详情: 所有字段校验通过
2026-03-02 15:49:34,792 - INFO - CaseID:500 - QUERY字段：基础语义模糊匹配通过
2026-03-02 15:49:34,792 - INFO - CaseID:500 - 整体结果: PASS | 详情: 所有字段校验通过
2026-03-02 15:49:34,792 - INFO - 进度：500/2542  通过：488  通过率：97.60%
2026-03-02 15:49:35,959 - INFO - CaseID:501 - QUERY字段：基础语义模糊匹配通过
2026-03-02 15:49:35,960 - INFO - CaseID:501 - 整体结果: PASS | 详情: 所有字段校验通过
2026-03-02 15:49:37,394 - INFO - CaseID:502 - QUERY字段：基础语义模糊匹配通过
2026-03-02 15:49:37,394 - INFO - CaseID:502 - 整体结果: PASS | 详情: 所有字段校验通过
2026-03-02 15:49:37,394 - INFO - CaseID:503 - QUERY字段：基础语义模糊匹配通过
2026-03-02 15:49:37,394 - INFO - CaseID:503 - 整体结果: PASS | 详情: 所有字段校验通过
2026-03-02 15:49:39,950 - INFO - CaseID:504 - QUERY字段：语义匹配失败，但visual_search链路意图匹配通过
2026-03-02 15:49:39,951 - INFO - CaseID:504 - 整体结果: PASS | 详情: 所有字段校验通过
2026-03-02 15:49:41,120 - INFO - CaseID:505 - QUERY字段：基础语义模糊匹配通过
2026-03-02 15:49:41,121 - INFO - CaseID:505 - 整体结果: PASS | 详情: 所有字段校验通过
2026-03-02 15:49:41,122 - INFO - CaseID:506 - QUERY字段：基础语义模糊匹配通过
2026-03-02 15:49:41,122 - INFO - CaseID:506 - 整体结果: PASS | 详情: 所有字段校验通过
2026-03-02 15:49:42,158 - INFO - CaseID:507 - QUERY字段：基础语义模糊匹配通过
2026-03-02 15:49:42,158 - INFO - CaseID:507 - 整体结果: PASS | 详情: 所有字段校验通过
2026-03-02 15:49:43,950 - INFO - CaseID:508 - QUERY字段：基础语义模糊匹配通过
2026-03-02 15:49:43,950 - INFO - CaseID:508 - 整体结果: PASS | 详情: 所有字段校验通过
2026-03-02 15:49:45,179 - INFO - CaseID:509 - QUERY字段：基础语义模糊匹配通过
2026-03-02 15:49:45,179 - INFO - CaseID:509 - 整体结果: PASS | 详情: 所有字段校验通过
2026-03-02 15:49:48,624 - INFO - CaseID:510 - QUERY字段：语义匹配失败，但visual_search链路意图匹配通过
2026-03-02 15:49:48,626 - INFO - CaseID:510 - 整体结果: PASS | 详情: 所有字段校验通过
2026-03-02 15:49:49,792 - INFO - CaseID:511 - QUERY字段：基础语义模糊匹配通过
2026-03-02 15:49:49,793 - INFO - CaseID:511 - 整体结果: PASS | 详情: 所有字段校验通过
2026-03-02 15:49:51,073 - INFO - CaseID:512 - QUERY字段：基础语义模糊匹配通过
2026-03-02 15:49:51,073 - INFO - CaseID:512 - 整体结果: PASS | 详情: 所有字段校验通过
2026-03-02 15:49:52,653 - INFO - CaseID:513 - QUERY字段：基础语义模糊匹配通过
2026-03-02 15:49:52,654 - INFO - CaseID:513 - 整体结果: PASS | 详情: 所有字段校验通过
2026-03-02 15:49:53,801 - INFO - CaseID:514 - QUERY字段：基础语义模糊匹配通过
2026-03-02 15:49:53,801 - INFO - CaseID:514 - 整体结果: PASS | 详情: 所有字段校验通过
2026-03-02 15:49:53,801 - INFO - CaseID:515 - QUERY字段：基础语义模糊匹配通过
2026-03-02 15:49:53,801 - INFO - CaseID:515 - 整体结果: PASS | 详情: 所有字段校验通过
2026-03-02 15:49:55,094 - INFO - CaseID:516 - QUERY字段：基础语义模糊匹配通过
2026-03-02 15:49:55,095 - INFO - CaseID:516 - 整体结果: PASS | 详情: 所有字段校验通过
2026-03-02 15:49:57,105 - INFO - CaseID:517 - QUERY字段：基础语义模糊匹配通过
2026-03-02 15:49:57,105 - INFO - CaseID:517 - 整体结果: PASS | 详情: 所有字段校验通过
2026-03-02 15:49:58,685 - INFO - CaseID:518 - QUERY字段：基础语义模糊匹配通过
2026-03-02 15:49:58,686 - INFO - CaseID:518 - 整体结果: PASS | 详情: 所有字段校验通过
2026-03-02 15:49:59,921 - INFO - CaseID:519 - QUERY字段：基础语义模糊匹配通过
2026-03-02 15:49:59,922 - INFO - CaseID:519 - 整体结果: PASS | 详情: 所有字段校验通过
2026-03-02 15:50:01,212 - INFO - CaseID:520 - QUERY字段：基础语义模糊匹配通过
2026-03-02 15:50:01,212 - INFO - CaseID:520 - 整体结果: PASS | 详情: 所有字段校验通过
2026-03-02 15:50:02,397 - INFO - CaseID:521 - QUERY字段：基础语义模糊匹配通过
2026-03-02 15:50:02,398 - INFO - CaseID:521 - 整体结果: PASS | 详情: 所有字段校验通过
2026-03-02 15:50:03,608 - INFO - CaseID:522 - QUERY字段：基础语义模糊匹配通过
2026-03-02 15:50:03,608 - INFO - CaseID:522 - 整体结果: PASS | 详情: 所有字段校验通过
2026-03-02 15:50:05,861 - INFO - CaseID:523 - QUERY字段：基础语义模糊匹配通过
2026-03-02 15:50:05,861 - INFO - CaseID:523 - 整体结果: PASS | 详情: 所有字段校验通过
2026-03-02 15:50:07,382 - INFO - CaseID:524 - QUERY字段：基础语义模糊匹配通过
2026-03-02 15:50:07,382 - INFO - CaseID:524 - 整体结果: PASS | 详情: 所有字段校验通过
2026-03-02 15:50:07,383 - INFO - CaseID:525 - QUERY字段：基础语义模糊匹配通过
2026-03-02 15:50:07,383 - INFO - CaseID:525 - 整体结果: PASS | 详情: 所有字段校验通过
2026-03-02 15:50:07,383 - INFO - CaseID:526 - QUERY字段：基础语义模糊匹配通过
2026-03-02 15:50:07,383 - INFO - CaseID:526 - 整体结果: PASS | 详情: 所有字段校验通过
2026-03-02 15:50:08,804 - INFO - CaseID:527 - QUERY字段：基础语义模糊匹配通过
2026-03-02 15:50:08,805 - INFO - CaseID:527 - 整体结果: PASS | 详情: 所有字段校验通过
2026-03-02 15:50:08,805 - INFO - CaseID:528 - QUERY字段：基础语义模糊匹配通过
2026-03-02 15:50:08,805 - INFO - CaseID:528 - 整体结果: PASS | 详情: 所有字段校验通过
2026-03-02 15:50:08,806 - INFO - CaseID:529 - QUERY字段：基础语义模糊匹配通过
2026-03-02 15:50:08,806 - INFO - CaseID:529 - 整体结果: PASS | 详情: 所有字段校验通过
2026-03-02 15:50:09,982 - INFO - CaseID:530 - QUERY字段：基础语义模糊匹配通过
2026-03-02 15:50:09,983 - INFO - CaseID:530 - 整体结果: PASS | 详情: 所有字段校验通过
2026-03-02 15:50:12,648 - INFO - CaseID:531 - QUERY字段：语义匹配失败，但visual_search链路意图匹配通过
2026-03-02 15:50:12,649 - INFO - CaseID:531 - 整体结果: PASS | 详情: 所有字段校验通过
2026-03-02 15:50:13,848 - INFO - CaseID:532 - QUERY字段：基础语义模糊匹配通过
2026-03-02 15:50:13,848 - INFO - CaseID:532 - 整体结果: PASS | 详情: 所有字段校验通过
2026-03-02 15:50:15,693 - INFO - CaseID:533 - QUERY字段：基础语义模糊匹配通过
2026-03-02 15:50:15,693 - INFO - CaseID:533 - 整体结果: PASS | 详情: 所有字段校验通过
2026-03-02 15:50:16,938 - INFO - CaseID:534 - QUERY字段：基础语义模糊匹配通过
2026-03-02 15:50:16,939 - INFO - CaseID:534 - 整体结果: PASS | 详情: 所有字段校验通过
2026-03-02 15:50:18,042 - INFO - CaseID:535 - QUERY字段：基础语义模糊匹配通过
2026-03-02 15:50:18,042 - INFO - CaseID:535 - 整体结果: PASS | 详情: 所有字段校验通过
2026-03-02 15:50:19,160 - INFO - CaseID:536 - QUERY字段：基础语义模糊匹配通过
2026-03-02 15:50:19,161 - INFO - CaseID:536 - 整体结果: PASS | 详情: 所有字段校验通过
2026-03-02 15:50:22,246 - INFO - CaseID:537 - QUERY字段：语义匹配失败，但visual_search链路意图匹配通过
2026-03-02 15:50:22,247 - INFO - CaseID:537 - 整体结果: PASS | 详情: 所有字段校验通过
2026-03-02 15:50:23,450 - INFO - CaseID:538 - QUERY字段：基础语义模糊匹配通过
2026-03-02 15:50:23,451 - INFO - CaseID:538 - 整体结果: PASS | 详情: 所有字段校验通过
2026-03-02 15:50:24,703 - INFO - CaseID:539 - QUERY字段：基础语义模糊匹配通过
2026-03-02 15:50:24,703 - INFO - CaseID:539 - 整体结果: PASS | 详情: 所有字段校验通过
2026-03-02 15:50:26,116 - INFO - CaseID:540 - QUERY字段：基础语义模糊匹配通过
2026-03-02 15:50:26,117 - INFO - CaseID:540 - 整体结果: PASS | 详情: 所有字段校验通过
2026-03-02 15:50:28,413 - INFO - CaseID:541 - QUERY字段：语义匹配失败，但visual_search链路意图匹配通过
2026-03-02 15:50:28,413 - INFO - CaseID:541 - 整体结果: PASS | 详情: 所有字段校验通过
2026-03-02 15:50:29,626 - INFO - CaseID:542 - QUERY字段：基础语义模糊匹配通过
2026-03-02 15:50:29,626 - INFO - CaseID:542 - 整体结果: PASS | 详情: 所有字段校验通过
2026-03-02 15:50:30,984 - INFO - CaseID:543 - QUERY字段：基础语义模糊匹配通过
2026-03-02 15:50:30,984 - INFO - CaseID:543 - 整体结果: PASS | 详情: 所有字段校验通过
2026-03-02 15:50:32,644 - INFO - CaseID:544 - QUERY字段：基础语义模糊匹配通过
2026-03-02 15:50:32,644 - INFO - CaseID:544 - 整体结果: PASS | 详情: 所有字段校验通过
2026-03-02 15:50:33,919 - INFO - CaseID:545 - QUERY字段：基础语义模糊匹配通过
2026-03-02 15:50:33,920 - INFO - CaseID:545 - 整体结果: PASS | 详情: 所有字段校验通过
2026-03-02 15:50:35,470 - INFO - CaseID:546 - QUERY字段：基础语义模糊匹配通过
2026-03-02 15:50:35,470 - INFO - CaseID:546 - 整体结果: PASS | 详情: 所有字段校验通过
2026-03-02 15:50:37,415 - INFO - CaseID:547 - QUERY字段：基础语义模糊匹配通过
2026-03-02 15:50:37,415 - INFO - CaseID:547 - 整体结果: PASS | 详情: 所有字段校验通过
2026-03-02 15:50:38,584 - INFO - CaseID:548 - QUERY字段：基础语义模糊匹配通过
2026-03-02 15:50:38,585 - INFO - CaseID:548 - 整体结果: PASS | 详情: 所有字段校验通过
2026-03-02 15:50:40,064 - INFO - CaseID:549 - QUERY字段：基础语义模糊匹配通过
2026-03-02 15:50:40,065 - INFO - CaseID:549 - 整体结果: PASS | 详情: 所有字段校验通过
2026-03-02 15:50:41,719 - INFO - CaseID:550 - QUERY字段：基础语义模糊匹配通过
2026-03-02 15:50:41,719 - INFO - CaseID:550 - 整体结果: PASS | 详情: 所有字段校验通过
2026-03-02 15:50:42,931 - INFO - CaseID:551 - QUERY字段：基础语义模糊匹配通过
2026-03-02 15:50:42,932 - INFO - CaseID:551 - 整体结果: PASS | 详情: 所有字段校验通过
2026-03-02 15:50:44,219 - INFO - CaseID:552 - QUERY字段：基础语义模糊匹配通过
2026-03-02 15:50:44,219 - INFO - CaseID:552 - 整体结果: PASS | 详情: 所有字段校验通过
2026-03-02 15:50:47,002 - INFO - CaseID:553 - QUERY字段：语义匹配失败，但visual_search链路意图匹配通过
2026-03-02 15:50:47,003 - INFO - CaseID:553 - 整体结果: PASS | 详情: 所有字段校验通过
2026-03-02 15:50:49,330 - INFO - CaseID:554 - QUERY字段：基础语义模糊匹配通过
2026-03-02 15:50:49,330 - INFO - CaseID:554 - 整体结果: PASS | 详情: 所有字段校验通过
2026-03-02 15:50:51,682 - INFO - CaseID:555 - QUERY字段：语义匹配失败，但visual_search链路意图匹配通过
2026-03-02 15:50:51,683 - INFO - CaseID:555 - 整体结果: PASS | 详情: 所有字段校验通过
2026-03-02 15:50:52,913 - INFO - CaseID:556 - QUERY字段：基础语义模糊匹配通过
2026-03-02 15:50:52,914 - INFO - CaseID:556 - 整体结果: PASS | 详情: 所有字段校验通过
2026-03-02 15:50:54,390 - INFO - CaseID:557 - QUERY字段：基础语义模糊匹配通过
2026-03-02 15:50:54,391 - INFO - CaseID:557 - 整体结果: PASS | 详情: 所有字段校验通过
2026-03-02 15:50:55,777 - INFO - CaseID:558 - QUERY字段：基础语义模糊匹配通过
2026-03-02 15:50:55,777 - INFO - CaseID:558 - 整体结果: PASS | 详情: 所有字段校验通过
2026-03-02 15:50:56,937 - INFO - CaseID:559 - QUERY字段：基础语义模糊匹配通过
2026-03-02 15:50:56,937 - INFO - CaseID:559 - 整体结果: PASS | 详情: 所有字段校验通过
2026-03-02 15:50:58,698 - INFO - CaseID:560 - QUERY字段：基础语义模糊匹配通过
2026-03-02 15:50:58,699 - INFO - CaseID:560 - 整体结果: PASS | 详情: 所有字段校验通过
2026-03-02 15:51:00,079 - INFO - CaseID:561 - QUERY字段：基础语义模糊匹配通过
2026-03-02 15:51:00,080 - INFO - CaseID:561 - 整体结果: PASS | 详情: 所有字段校验通过
2026-03-02 15:51:01,321 - INFO - CaseID:562 - QUERY字段：基础语义模糊匹配通过
2026-03-02 15:51:01,322 - INFO - CaseID:562 - 整体结果: PASS | 详情: 所有字段校验通过
2026-03-02 15:51:02,744 - INFO - CaseID:563 - QUERY字段：基础语义模糊匹配通过
2026-03-02 15:51:02,744 - INFO - CaseID:563 - 整体结果: PASS | 详情: 所有字段校验通过
2026-03-02 15:51:05,864 - INFO - CaseID:564 - QUERY字段：语义匹配失败，但visual_search链路意图匹配通过
2026-03-02 15:51:05,865 - INFO - CaseID:564 - 整体结果: PASS | 详情: 所有字段校验通过
2026-03-02 15:51:07,269 - INFO - CaseID:565 - QUERY字段：基础语义模糊匹配通过
2026-03-02 15:51:07,269 - INFO - CaseID:565 - 整体结果: PASS | 详情: 所有字段校验通过
2026-03-02 15:51:09,581 - INFO - CaseID:566 - QUERY字段：语义匹配失败，但visual_search链路意图匹配通过
2026-03-02 15:51:09,581 - INFO - CaseID:566 - 整体结果: PASS | 详情: 所有字段校验通过
2026-03-02 15:51:11,119 - INFO - CaseID:567 - QUERY字段：基础语义模糊匹配通过
2026-03-02 15:51:11,119 - INFO - CaseID:567 - 整体结果: PASS | 详情: 所有字段校验通过
2026-03-02 15:51:12,731 - INFO - CaseID:568 - QUERY字段：基础语义模糊匹配通过
2026-03-02 15:51:12,732 - INFO - CaseID:568 - 整体结果: PASS | 详情: 所有字段校验通过
2026-03-02 15:51:14,006 - INFO - CaseID:569 - QUERY字段：基础语义模糊匹配通过
2026-03-02 15:51:14,006 - INFO - CaseID:569 - 整体结果: PASS | 详情: 所有字段校验通过
2026-03-02 15:51:15,375 - INFO - CaseID:570 - QUERY字段：基础语义模糊匹配通过
2026-03-02 15:51:15,376 - INFO - CaseID:570 - 整体结果: PASS | 详情: 所有字段校验通过
2026-03-02 15:51:18,122 - INFO - CaseID:571 - QUERY字段：基础语义模糊匹配通过
2026-03-02 15:51:18,122 - INFO - CaseID:571 - 整体结果: PASS | 详情: 所有字段校验通过
2026-03-02 15:51:19,341 - INFO - CaseID:572 - QUERY字段：基础语义模糊匹配通过
2026-03-02 15:51:19,341 - INFO - CaseID:572 - 整体结果: PASS | 详情: 所有字段校验通过
2026-03-02 15:51:20,649 - INFO - CaseID:573 - QUERY字段：基础语义模糊匹配通过
2026-03-02 15:51:20,650 - INFO - CaseID:573 - 整体结果: PASS | 详情: 所有字段校验通过
2026-03-02 15:51:22,184 - INFO - CaseID:574 - QUERY字段：基础语义模糊匹配通过
2026-03-02 15:51:22,184 - INFO - CaseID:574 - 整体结果: PASS | 详情: 所有字段校验通过
2026-03-02 15:51:23,889 - INFO - CaseID:575 - QUERY字段：基础语义模糊匹配通过
2026-03-02 15:51:23,890 - INFO - CaseID:575 - 整体结果: PASS | 详情: 所有字段校验通过
2026-03-02 15:51:26,315 - INFO - CaseID:576 - 整体结果: FAILED | 详情: QUERY不匹配：语义和visual_search链路意图均不一致 - 预期[识别当前摄像头画面中的物品]，实际[这个没有毛摸着手感咋样]
2026-03-02 15:51:28,261 - INFO - CaseID:577 - QUERY字段：基础语义模糊匹配通过
2026-03-02 15:51:28,261 - INFO - CaseID:577 - 整体结果: PASS | 详情: 所有字段校验通过
2026-03-02 15:51:29,417 - INFO - CaseID:578 - QUERY字段：基础语义模糊匹配通过
2026-03-02 15:51:29,418 - INFO - CaseID:578 - 整体结果: PASS | 详情: 所有字段校验通过
2026-03-02 15:51:31,208 - INFO - CaseID:579 - QUERY字段：基础语义模糊匹配通过
2026-03-02 15:51:31,208 - INFO - CaseID:579 - 整体结果: PASS | 详情: 所有字段校验通过
2026-03-02 15:51:32,759 - INFO - CaseID:580 - QUERY字段：基础语义模糊匹配通过
2026-03-02 15:51:32,760 - INFO - CaseID:580 - 整体结果: PASS | 详情: 所有字段校验通过
2026-03-02 15:51:34,396 - INFO - CaseID:581 - QUERY字段：基础语义模糊匹配通过
2026-03-02 15:51:34,396 - INFO - CaseID:581 - 整体结果: PASS | 详情: 所有字段校验通过
2026-03-02 15:51:35,945 - INFO - CaseID:582 - QUERY字段：基础语义模糊匹配通过
2026-03-02 15:51:35,946 - INFO - CaseID:582 - 整体结果: PASS | 详情: 所有字段校验通过
2026-03-02 15:51:37,251 - INFO - CaseID:583 - QUERY字段：基础语义模糊匹配通过
2026-03-02 15:51:37,252 - INFO - CaseID:583 - 整体结果: PASS | 详情: 所有字段校验通过
2026-03-02 15:51:39,404 - INFO - CaseID:584 - QUERY字段：基础语义模糊匹配通过
2026-03-02 15:51:39,404 - INFO - CaseID:584 - 整体结果: PASS | 详情: 所有字段校验通过
2026-03-02 15:51:43,496 - INFO - CaseID:585 - QUERY字段：语义匹配失败，但visual_search链路意图匹配通过
2026-03-02 15:51:43,497 - INFO - CaseID:585 - 整体结果: PASS | 详情: 所有字段校验通过
2026-03-02 15:51:44,929 - INFO - CaseID:586 - QUERY字段：基础语义模糊匹配通过
2026-03-02 15:51:44,930 - INFO - CaseID:586 - 整体结果: PASS | 详情: 所有字段校验通过
2026-03-02 15:51:46,087 - INFO - CaseID:587 - QUERY字段：基础语义模糊匹配通过
2026-03-02 15:51:46,087 - INFO - CaseID:587 - 整体结果: FAILED | 详情: APINAME不匹配：预期[visual_search]，实际[QASearch]; CATEGORY不匹配：一方为空 - 预期[]，实际[生物]; TAG不匹配：一方为空 - 预期[]，实际[金渐层&毛&金色]
2026-03-02 15:51:47,335 - INFO - CaseID:588 - QUERY字段：基础语义模糊匹配通过
2026-03-02 15:51:47,335 - INFO - CaseID:588 - 整体结果: PASS | 详情: 所有字段校验通过
2026-03-02 15:51:48,717 - INFO - CaseID:589 - QUERY字段：基础语义模糊匹配通过
2026-03-02 15:51:48,717 - INFO - CaseID:589 - 整体结果: PASS | 详情: 所有字段校验通过
2026-03-02 15:51:50,870 - INFO - CaseID:590 - QUERY字段：基础语义模糊匹配通过
2026-03-02 15:51:50,871 - INFO - CaseID:590 - 整体结果: PASS | 详情: 所有字段校验通过
2026-03-02 15:51:52,101 - INFO - CaseID:591 - QUERY字段：基础语义模糊匹配通过
2026-03-02 15:51:52,101 - INFO - CaseID:591 - 整体结果: PASS | 详情: 所有字段校验通过
2026-03-02 15:51:53,442 - INFO - CaseID:592 - QUERY字段：基础语义模糊匹配通过
2026-03-02 15:51:53,443 - INFO - CaseID:592 - 整体结果: PASS | 详情: 所有字段校验通过
2026-03-02 15:51:54,520 - INFO - CaseID:593 - QUERY字段：基础语义模糊匹配通过
2026-03-02 15:51:54,521 - INFO - CaseID:593 - 整体结果: PASS | 详情: 所有字段校验通过
2026-03-02 15:51:55,744 - INFO - CaseID:594 - QUERY字段：基础语义模糊匹配通过
2026-03-02 15:51:55,744 - INFO - CaseID:594 - 整体结果: PASS | 详情: 所有字段校验通过
2026-03-02 15:51:56,979 - INFO - CaseID:595 - QUERY字段：基础语义模糊匹配通过
2026-03-02 15:51:56,979 - INFO - CaseID:595 - 整体结果: PASS | 详情: 所有字段校验通过
2026-03-02 15:51:58,230 - INFO - CaseID:596 - QUERY字段：基础语义模糊匹配通过
2026-03-02 15:51:58,230 - INFO - CaseID:596 - 整体结果: PASS | 详情: 所有字段校验通过
2026-03-02 15:51:59,745 - INFO - CaseID:597 - QUERY字段：基础语义模糊匹配通过
2026-03-02 15:51:59,746 - INFO - CaseID:597 - 整体结果: PASS | 详情: 所有字段校验通过
2026-03-02 15:52:01,249 - INFO - CaseID:598 - QUERY字段：基础语义模糊匹配通过
2026-03-02 15:52:01,249 - INFO - CaseID:598 - 整体结果: PASS | 详情: 所有字段校验通过
2026-03-02 15:52:02,635 - INFO - CaseID:599 - QUERY字段：基础语义模糊匹配通过
2026-03-02 15:52:02,635 - INFO - CaseID:599 - 整体结果: PASS | 详情: 所有字段校验通过
2026-03-02 15:52:03,753 - INFO - CaseID:600 - QUERY字段：基础语义模糊匹配通过
2026-03-02 15:52:03,753 - INFO - CaseID:600 - 整体结果: PASS | 详情: 所有字段校验通过
2026-03-02 15:52:06,307 - INFO - CaseID:601 - QUERY字段：语义匹配失败，但visual_search链路意图匹配通过
2026-03-02 15:52:06,307 - INFO - CaseID:601 - 整体结果: PASS | 详情: 所有字段校验通过
2026-03-02 15:52:07,664 - INFO - CaseID:602 - QUERY字段：基础语义模糊匹配通过
2026-03-02 15:52:07,665 - INFO - CaseID:602 - 整体结果: PASS | 详情: 所有字段校验通过
2026-03-02 15:52:09,070 - INFO - CaseID:603 - QUERY字段：基础语义模糊匹配通过
2026-03-02 15:52:09,070 - INFO - CaseID:603 - 整体结果: PASS | 详情: 所有字段校验通过
2026-03-02 15:52:10,309 - INFO - CaseID:604 - QUERY字段：基础语义模糊匹配通过
2026-03-02 15:52:10,309 - INFO - CaseID:604 - 整体结果: PASS | 详情: 所有字段校验通过
2026-03-02 15:52:11,535 - INFO - CaseID:605 - QUERY字段：基础语义模糊匹配通过
2026-03-02 15:52:11,536 - INFO - CaseID:605 - 整体结果: PASS | 详情: 所有字段校验通过
2026-03-02 15:52:12,649 - INFO - CaseID:606 - QUERY字段：基础语义模糊匹配通过
2026-03-02 15:52:12,649 - INFO - CaseID:606 - 整体结果: PASS | 详情: 所有字段校验通过
2026-03-02 15:52:12,650 - INFO - CaseID:607 - 整体结果: FAILED | 详情: 模型输出核心字段全为空，判定不通过
2026-03-02 15:52:15,445 - INFO - CaseID:608 - QUERY字段：语义匹配失败，但visual_search链路意图匹配通过
2026-03-02 15:52:15,445 - INFO - CaseID:608 - 整体结果: PASS | 详情: 所有字段校验通过
2026-03-02 15:52:16,668 - INFO - CaseID:609 - QUERY字段：基础语义模糊匹配通过
2026-03-02 15:52:16,668 - INFO - CaseID:609 - 整体结果: PASS | 详情: 所有字段校验通过
2026-03-02 15:52:17,902 - INFO - CaseID:610 - QUERY字段：基础语义模糊匹配通过
2026-03-02 15:52:17,902 - INFO - CaseID:610 - 整体结果: PASS | 详情: 所有字段校验通过
2026-03-02 15:52:19,336 - INFO - CaseID:611 - QUERY字段：基础语义模糊匹配通过
2026-03-02 15:52:19,336 - INFO - CaseID:611 - 整体结果: PASS | 详情: 所有字段校验通过
2026-03-02 15:52:20,565 - INFO - CaseID:612 - QUERY字段：基础语义模糊匹配通过
2026-03-02 15:52:20,565 - INFO - CaseID:612 - 整体结果: PASS | 详情: 所有字段校验通过
2026-03-02 15:52:21,674 - INFO - CaseID:613 - QUERY字段：基础语义模糊匹配通过
2026-03-02 15:52:21,674 - INFO - CaseID:613 - 整体结果: PASS | 详情: 所有字段校验通过
2026-03-02 15:52:22,793 - INFO - CaseID:614 - QUERY字段：基础语义模糊匹配通过
2026-03-02 15:52:22,793 - INFO - CaseID:614 - 整体结果: PASS | 详情: 所有字段校验通过
2026-03-02 15:52:23,948 - INFO - CaseID:615 - QUERY字段：基础语义模糊匹配通过
2026-03-02 15:52:23,948 - INFO - CaseID:615 - 整体结果: PASS | 详情: 所有字段校验通过
2026-03-02 15:52:25,201 - INFO - CaseID:616 - QUERY字段：基础语义模糊匹配通过
2026-03-02 15:52:25,201 - INFO - CaseID:616 - 整体结果: PASS | 详情: 所有字段校验通过
2026-03-02 15:52:29,434 - INFO - CaseID:617 - QUERY字段：语义匹配失败，但visual_search链路意图匹配通过
2026-03-02 15:52:29,434 - INFO - CaseID:617 - 整体结果: PASS | 详情: 所有字段校验通过
2026-03-02 15:52:31,924 - INFO - CaseID:618 - QUERY字段：语义匹配失败，但visual_search链路意图匹配通过
2026-03-02 15:52:31,925 - INFO - CaseID:618 - 整体结果: PASS | 详情: 所有字段校验通过
2026-03-02 15:52:33,659 - INFO - CaseID:619 - QUERY字段：基础语义模糊匹配通过
2026-03-02 15:52:33,660 - INFO - CaseID:619 - 整体结果: PASS | 详情: 所有字段校验通过
2026-03-02 15:52:34,866 - INFO - CaseID:620 - QUERY字段：基础语义模糊匹配通过
2026-03-02 15:52:34,867 - INFO - CaseID:620 - 整体结果: PASS | 详情: 所有字段校验通过
2026-03-02 15:52:36,132 - INFO - CaseID:621 - QUERY字段：基础语义模糊匹配通过
2026-03-02 15:52:36,133 - INFO - CaseID:621 - 整体结果: PASS | 详情: 所有字段校验通过
2026-03-02 15:52:38,050 - INFO - CaseID:622 - QUERY字段：基础语义模糊匹配通过
2026-03-02 15:52:38,050 - INFO - CaseID:622 - 整体结果: PASS | 详情: 所有字段校验通过
2026-03-02 15:52:40,840 - INFO - CaseID:623 - QUERY字段：语义匹配失败，但visual_search链路意图匹配通过
2026-03-02 15:52:40,840 - INFO - CaseID:623 - 整体结果: PASS | 详情: 所有字段校验通过
2026-03-02 15:52:42,048 - INFO - CaseID:624 - QUERY字段：基础语义模糊匹配通过
2026-03-02 15:52:42,048 - INFO - CaseID:624 - 整体结果: PASS | 详情: 所有字段校验通过
2026-03-02 15:52:43,187 - INFO - CaseID:625 - QUERY字段：基础语义模糊匹配通过
2026-03-02 15:52:43,187 - INFO - CaseID:625 - 整体结果: PASS | 详情: 所有字段校验通过
2026-03-02 15:52:44,528 - INFO - CaseID:626 - QUERY字段：基础语义模糊匹配通过
2026-03-02 15:52:44,529 - INFO - CaseID:626 - 整体结果: PASS | 详情: 所有字段校验通过
2026-03-02 15:52:44,529 - INFO - CaseID:627 - QUERY字段：基础语义模糊匹配通过
2026-03-02 15:52:44,529 - INFO - CaseID:627 - 整体结果: PASS | 详情: 所有字段校验通过
2026-03-02 15:52:45,960 - INFO - CaseID:628 - QUERY字段：基础语义模糊匹配通过
2026-03-02 15:52:45,960 - INFO - CaseID:628 - 整体结果: PASS | 详情: 所有字段校验通过
2026-03-02 15:52:47,598 - INFO - CaseID:629 - QUERY字段：基础语义模糊匹配通过
2026-03-02 15:52:47,598 - INFO - CaseID:629 - 整体结果: PASS | 详情: 所有字段校验通过
2026-03-02 15:52:50,466 - INFO - CaseID:630 - QUERY字段：语义匹配失败，但visual_search链路意图匹配通过
2026-03-02 15:52:50,467 - INFO - CaseID:630 - 整体结果: PASS | 详情: 所有字段校验通过
2026-03-02 15:52:51,694 - INFO - CaseID:631 - QUERY字段：基础语义模糊匹配通过
2026-03-02 15:52:51,695 - INFO - CaseID:631 - 整体结果: PASS | 详情: 所有字段校验通过
2026-03-02 15:52:54,481 - INFO - CaseID:632 - QUERY字段：语义匹配失败，但visual_search链路意图匹配通过
2026-03-02 15:52:54,482 - INFO - CaseID:632 - 整体结果: PASS | 详情: 所有字段校验通过
2026-03-02 15:52:57,179 - INFO - CaseID:633 - QUERY字段：语义匹配失败，但visual_search链路意图匹配通过
2026-03-02 15:52:57,180 - INFO - CaseID:633 - 整体结果: PASS | 详情: 所有字段校验通过
2026-03-02 15:52:58,305 - INFO - CaseID:634 - QUERY字段：基础语义模糊匹配通过
2026-03-02 15:52:58,305 - INFO - CaseID:634 - 整体结果: PASS | 详情: 所有字段校验通过
2026-03-02 15:52:59,477 - INFO - CaseID:635 - QUERY字段：基础语义模糊匹配通过
2026-03-02 15:52:59,478 - INFO - CaseID:635 - 整体结果: PASS | 详情: 所有字段校验通过
2026-03-02 15:53:00,910 - INFO - CaseID:636 - QUERY字段：基础语义模糊匹配通过
2026-03-02 15:53:00,910 - INFO - CaseID:636 - 整体结果: PASS | 详情: 所有字段校验通过
2026-03-02 15:53:03,370 - INFO - CaseID:637 - QUERY字段：语义匹配失败，但visual_search链路意图匹配通过
2026-03-02 15:53:03,371 - INFO - CaseID:637 - 整体结果: PASS | 详情: 所有字段校验通过
2026-03-02 15:53:04,643 - INFO - CaseID:638 - QUERY字段：基础语义模糊匹配通过
2026-03-02 15:53:04,643 - INFO - CaseID:638 - 整体结果: PASS | 详情: 所有字段校验通过
2026-03-02 15:53:05,825 - INFO - CaseID:639 - QUERY字段：基础语义模糊匹配通过
2026-03-02 15:53:05,825 - INFO - CaseID:639 - 整体结果: PASS | 详情: 所有字段校验通过
2026-03-02 15:53:08,490 - INFO - CaseID:640 - QUERY字段：语义匹配失败，但visual_search链路意图匹配通过
2026-03-02 15:53:08,491 - INFO - CaseID:640 - 整体结果: PASS | 详情: 所有字段校验通过
2026-03-02 15:53:09,783 - INFO - CaseID:641 - QUERY字段：基础语义模糊匹配通过
2026-03-02 15:53:09,784 - INFO - CaseID:641 - 整体结果: PASS | 详情: 所有字段校验通过
2026-03-02 15:53:13,282 - INFO - CaseID:642 - 整体结果: FAILED | 详情: QUERY不匹配：语义和visual_search链路意图均不一致 - 预期[识别当前摄像头画面中的花卉种类]，实际[这个花一般种下多久可以开花]
2026-03-02 15:53:16,623 - INFO - CaseID:643 - QUERY字段：语义匹配失败，但visual_search链路意图匹配通过
2026-03-02 15:53:16,623 - INFO - CaseID:643 - 整体结果: PASS | 详情: 所有字段校验通过
2026-03-02 15:53:18,997 - INFO - CaseID:644 - QUERY字段：语义匹配失败，但visual_search链路意图匹配通过
2026-03-02 15:53:18,997 - INFO - CaseID:644 - 整体结果: PASS | 详情: 所有字段校验通过
2026-03-02 15:53:21,390 - INFO - CaseID:645 - QUERY字段：语义匹配失败，但visual_search链路意图匹配通过
2026-03-02 15:53:21,391 - INFO - CaseID:645 - 整体结果: PASS | 详情: 所有字段校验通过
2026-03-02 15:53:22,619 - INFO - CaseID:646 - QUERY字段：基础语义模糊匹配通过
2026-03-02 15:53:22,619 - INFO - CaseID:646 - 整体结果: PASS | 详情: 所有字段校验通过
2026-03-02 15:53:24,056 - INFO - CaseID:647 - QUERY字段：基础语义模糊匹配通过
2026-03-02 15:53:24,057 - INFO - CaseID:647 - 整体结果: PASS | 详情: 所有字段校验通过
2026-03-02 15:53:25,429 - INFO - CaseID:648 - QUERY字段：基础语义模糊匹配通过
2026-03-02 15:53:25,429 - INFO - CaseID:648 - 整体结果: PASS | 详情: 所有字段校验通过
2026-03-02 15:53:27,533 - INFO - CaseID:649 - QUERY字段：基础语义模糊匹配通过
2026-03-02 15:53:27,534 - INFO - CaseID:649 - 整体结果: PASS | 详情: 所有字段校验通过
2026-03-02 15:53:28,741 - INFO - CaseID:650 - QUERY字段：基础语义模糊匹配通过
2026-03-02 15:53:28,742 - INFO - CaseID:650 - 整体结果: PASS | 详情: 所有字段校验通过
2026-03-02 15:53:31,222 - INFO - CaseID:651 - 整体结果: FAILED | 详情: QUERY不匹配：语义和visual_search链路意图均不一致 - 预期[这棵树的种类是什么？]，实际[这棵树能活多久呢]
2026-03-02 15:53:34,089 - INFO - CaseID:652 - QUERY字段：语义匹配失败，但visual_search链路意图匹配通过
2026-03-02 15:53:34,090 - INFO - CaseID:652 - 整体结果: PASS | 详情: 所有字段校验通过
2026-03-02 15:53:35,540 - INFO - CaseID:653 - QUERY字段：基础语义模糊匹配通过
2026-03-02 15:53:35,540 - INFO - CaseID:653 - 整体结果: PASS | 详情: 所有字段校验通过
2026-03-02 15:53:37,145 - INFO - CaseID:654 - QUERY字段：基础语义模糊匹配通过
2026-03-02 15:53:37,145 - INFO - CaseID:654 - 整体结果: PASS | 详情: 所有字段校验通过
2026-03-02 15:53:38,708 - INFO - CaseID:655 - QUERY字段：基础语义模糊匹配通过
2026-03-02 15:53:38,709 - INFO - CaseID:655 - 整体结果: PASS | 详情: 所有字段校验通过
2026-03-02 15:53:39,824 - INFO - CaseID:656 - QUERY字段：基础语义模糊匹配通过
2026-03-02 15:53:39,824 - INFO - CaseID:656 - 整体结果: PASS | 详情: 所有字段校验通过
2026-03-02 15:53:41,336 - INFO - CaseID:657 - QUERY字段：基础语义模糊匹配通过
2026-03-02 15:53:41,336 - INFO - CaseID:657 - 整体结果: PASS | 详情: 所有字段校验通过
2026-03-02 15:53:42,552 - INFO - CaseID:658 - QUERY字段：基础语义模糊匹配通过
2026-03-02 15:53:42,552 - INFO - CaseID:658 - 整体结果: PASS | 详情: 所有字段校验通过
2026-03-02 15:53:42,552 - INFO - CaseID:659 - QUERY字段：基础语义模糊匹配通过
2026-03-02 15:53:42,552 - INFO - CaseID:659 - 整体结果: PASS | 详情: 所有字段校验通过
2026-03-02 15:53:44,077 - INFO - CaseID:660 - QUERY字段：基础语义模糊匹配通过
2026-03-02 15:53:44,077 - INFO - CaseID:660 - 整体结果: PASS | 详情: 所有字段校验通过
2026-03-02 15:53:44,077 - INFO - CaseID:661 - QUERY字段：基础语义模糊匹配通过
2026-03-02 15:53:44,077 - INFO - CaseID:661 - 整体结果: PASS | 详情: 所有字段校验通过
2026-03-02 15:53:46,706 - INFO - CaseID:662 - QUERY字段：语义匹配失败，但visual_search链路意图匹配通过
2026-03-02 15:53:46,707 - INFO - CaseID:662 - 整体结果: PASS | 详情: 所有字段校验通过
2026-03-02 15:53:47,979 - INFO - CaseID:663 - QUERY字段：基础语义模糊匹配通过
2026-03-02 15:53:47,979 - INFO - CaseID:663 - 整体结果: PASS | 详情: 所有字段校验通过
2026-03-02 15:53:49,241 - INFO - CaseID:664 - QUERY字段：基础语义模糊匹配通过
2026-03-02 15:53:49,241 - INFO - CaseID:664 - 整体结果: PASS | 详情: 所有字段校验通过
2026-03-02 15:53:50,473 - INFO - CaseID:665 - QUERY字段：基础语义模糊匹配通过
2026-03-02 15:53:50,474 - INFO - CaseID:665 - 整体结果: PASS | 详情: 所有字段校验通过
2026-03-02 15:53:51,701 - INFO - CaseID:666 - QUERY字段：基础语义模糊匹配通过
2026-03-02 15:53:51,701 - INFO - CaseID:666 - 整体结果: PASS | 详情: 所有字段校验通过
2026-03-02 15:53:52,950 - INFO - CaseID:667 - QUERY字段：基础语义模糊匹配通过
2026-03-02 15:53:52,951 - INFO - CaseID:667 - 整体结果: PASS | 详情: 所有字段校验通过
2026-03-02 15:53:54,013 - INFO - CaseID:668 - QUERY字段：基础语义模糊匹配通过
2026-03-02 15:53:54,013 - INFO - CaseID:668 - 整体结果: PASS | 详情: 所有字段校验通过
2026-03-02 15:53:55,326 - INFO - CaseID:669 - QUERY字段：基础语义模糊匹配通过
2026-03-02 15:53:55,326 - INFO - CaseID:669 - 整体结果: PASS | 详情: 所有字段校验通过
2026-03-02 15:53:56,594 - INFO - CaseID:670 - QUERY字段：基础语义模糊匹配通过
2026-03-02 15:53:56,595 - INFO - CaseID:670 - 整体结果: PASS | 详情: 所有字段校验通过
2026-03-02 15:53:58,050 - INFO - CaseID:671 - QUERY字段：基础语义模糊匹配通过
2026-03-02 15:53:58,050 - INFO - CaseID:671 - 整体结果: PASS | 详情: 所有字段校验通过
2026-03-02 15:53:59,231 - INFO - CaseID:672 - QUERY字段：基础语义模糊匹配通过
2026-03-02 15:53:59,232 - INFO - CaseID:672 - 整体结果: PASS | 详情: 所有字段校验通过
2026-03-02 15:54:00,343 - INFO - CaseID:673 - QUERY字段：基础语义模糊匹配通过
2026-03-02 15:54:00,343 - INFO - CaseID:673 - 整体结果: PASS | 详情: 所有字段校验通过
2026-03-02 15:54:01,628 - INFO - CaseID:674 - QUERY字段：基础语义模糊匹配通过
2026-03-02 15:54:01,628 - INFO - CaseID:674 - 整体结果: PASS | 详情: 所有字段校验通过
2026-03-02 15:54:03,382 - INFO - CaseID:675 - QUERY字段：基础语义模糊匹配通过
2026-03-02 15:54:03,382 - INFO - CaseID:675 - 整体结果: PASS | 详情: 所有字段校验通过
2026-03-02 15:54:05,593 - INFO - CaseID:676 - QUERY字段：基础语义模糊匹配通过
2026-03-02 15:54:05,593 - INFO - CaseID:676 - 整体结果: PASS | 详情: 所有字段校验通过
2026-03-02 15:54:06,806 - INFO - CaseID:677 - QUERY字段：基础语义模糊匹配通过
2026-03-02 15:54:06,807 - INFO - CaseID:677 - 整体结果: PASS | 详情: 所有字段校验通过
2026-03-02 15:54:08,290 - INFO - CaseID:678 - QUERY字段：基础语义模糊匹配通过
2026-03-02 15:54:08,291 - INFO - CaseID:678 - 整体结果: PASS | 详情: 所有字段校验通过
2026-03-02 15:54:08,292 - INFO - CaseID:679 - QUERY字段：基础语义模糊匹配通过
2026-03-02 15:54:08,292 - INFO - CaseID:679 - 整体结果: PASS | 详情: 所有字段校验通过
2026-03-02 15:54:09,518 - INFO - CaseID:680 - QUERY字段：基础语义模糊匹配通过
2026-03-02 15:54:09,518 - INFO - CaseID:680 - 整体结果: PASS | 详情: 所有字段校验通过
2026-03-02 15:54:09,518 - INFO - CaseID:681 - QUERY字段：基础语义模糊匹配通过
2026-03-02 15:54:09,519 - INFO - CaseID:681 - 整体结果: PASS | 详情: 所有字段校验通过
2026-03-02 15:54:10,710 - INFO - CaseID:682 - QUERY字段：基础语义模糊匹配通过
2026-03-02 15:54:10,710 - INFO - CaseID:682 - 整体结果: PASS | 详情: 所有字段校验通过
2026-03-02 15:54:12,141 - INFO - CaseID:683 - QUERY字段：基础语义模糊匹配通过
2026-03-02 15:54:12,141 - INFO - CaseID:683 - 整体结果: PASS | 详情: 所有字段校验通过
2026-03-02 15:54:14,140 - INFO - CaseID:684 - QUERY字段：基础语义模糊匹配通过
2026-03-02 15:54:14,140 - INFO - CaseID:684 - 整体结果: PASS | 详情: 所有字段校验通过
2026-03-02 15:54:15,323 - INFO - CaseID:685 - QUERY字段：基础语义模糊匹配通过
2026-03-02 15:54:15,324 - INFO - CaseID:685 - 整体结果: PASS | 详情: 所有字段校验通过
2026-03-02 15:54:15,324 - INFO - CaseID:686 - QUERY字段：基础语义模糊匹配通过
2026-03-02 15:54:15,324 - INFO - CaseID:686 - 整体结果: PASS | 详情: 所有字段校验通过
2026-03-02 15:54:16,690 - INFO - CaseID:687 - QUERY字段：基础语义模糊匹配通过
2026-03-02 15:54:16,690 - INFO - CaseID:687 - 整体结果: PASS | 详情: 所有字段校验通过
2026-03-02 15:54:17,947 - INFO - CaseID:688 - QUERY字段：基础语义模糊匹配通过
2026-03-02 15:54:17,947 - INFO - CaseID:688 - 整体结果: PASS | 详情: 所有字段校验通过
2026-03-02 15:54:19,101 - INFO - CaseID:689 - QUERY字段：基础语义模糊匹配通过
2026-03-02 15:54:19,101 - INFO - CaseID:689 - 整体结果: PASS | 详情: 所有字段校验通过
2026-03-02 15:54:20,293 - INFO - CaseID:690 - QUERY字段：基础语义模糊匹配通过
2026-03-02 15:54:20,294 - INFO - CaseID:690 - 整体结果: PASS | 详情: 所有字段校验通过
2026-03-02 15:54:22,310 - INFO - CaseID:691 - QUERY字段：基础语义模糊匹配通过
2026-03-02 15:54:22,310 - INFO - CaseID:691 - 整体结果: PASS | 详情: 所有字段校验通过
2026-03-02 15:54:23,404 - INFO - CaseID:692 - QUERY字段：基础语义模糊匹配通过
2026-03-02 15:54:23,404 - INFO - CaseID:692 - 整体结果: PASS | 详情: 所有字段校验通过
2026-03-02 15:54:24,511 - INFO - CaseID:693 - QUERY字段：基础语义模糊匹配通过
2026-03-02 15:54:24,511 - INFO - CaseID:693 - 整体结果: PASS | 详情: 所有字段校验通过
2026-03-02 15:54:26,106 - INFO - CaseID:694 - QUERY字段：基础语义模糊匹配通过
2026-03-02 15:54:26,106 - INFO - CaseID:694 - 整体结果: PASS | 详情: 所有字段校验通过
2026-03-02 15:54:27,794 - INFO - CaseID:695 - QUERY字段：基础语义模糊匹配通过
2026-03-02 15:54:27,794 - INFO - CaseID:695 - 整体结果: PASS | 详情: 所有字段校验通过
2026-03-02 15:54:28,944 - INFO - CaseID:696 - QUERY字段：基础语义模糊匹配通过
2026-03-02 15:54:28,944 - INFO - CaseID:696 - 整体结果: PASS | 详情: 所有字段校验通过
2026-03-02 15:54:30,097 - INFO - CaseID:697 - QUERY字段：基础语义模糊匹配通过
2026-03-02 15:54:30,098 - INFO - CaseID:697 - 整体结果: PASS | 详情: 所有字段校验通过
2026-03-02 15:54:32,495 - INFO - CaseID:698 - QUERY字段：语义匹配失败，但visual_search链路意图匹配通过
2026-03-02 15:54:32,496 - INFO - CaseID:698 - 整体结果: PASS | 详情: 所有字段校验通过
2026-03-02 15:54:32,496 - INFO - CaseID:699 - QUERY字段：基础语义模糊匹配通过
2026-03-02 15:54:32,496 - INFO - CaseID:699 - 整体结果: PASS | 详情: 所有字段校验通过
2026-03-02 15:54:33,654 - INFO - CaseID:700 - QUERY字段：基础语义模糊匹配通过
2026-03-02 15:54:33,654 - INFO - CaseID:700 - 整体结果: PASS | 详情: 所有字段校验通过
2026-03-02 15:54:34,813 - INFO - CaseID:701 - QUERY字段：基础语义模糊匹配通过
2026-03-02 15:54:34,814 - INFO - CaseID:701 - 整体结果: PASS | 详情: 所有字段校验通过
2026-03-02 15:54:36,981 - INFO - CaseID:702 - QUERY字段：语义匹配失败，但visual_search链路意图匹配通过
2026-03-02 15:54:36,981 - INFO - CaseID:702 - 整体结果: PASS | 详情: 所有字段校验通过
2026-03-02 15:54:38,093 - INFO - CaseID:703 - QUERY字段：基础语义模糊匹配通过
2026-03-02 15:54:38,094 - INFO - CaseID:703 - 整体结果: PASS | 详情: 所有字段校验通过
2026-03-02 15:54:39,373 - INFO - CaseID:704 - QUERY字段：基础语义模糊匹配通过
2026-03-02 15:54:39,374 - INFO - CaseID:704 - 整体结果: PASS | 详情: 所有字段校验通过
2026-03-02 15:54:39,375 - INFO - CaseID:705 - QUERY字段：基础语义模糊匹配通过
2026-03-02 15:54:39,375 - INFO - CaseID:705 - 整体结果: PASS | 详情: 所有字段校验通过
2026-03-02 15:54:40,746 - INFO - CaseID:706 - QUERY字段：基础语义模糊匹配通过
2026-03-02 15:54:40,746 - INFO - CaseID:706 - 整体结果: PASS | 详情: 所有字段校验通过
2026-03-02 15:54:41,924 - INFO - CaseID:707 - QUERY字段：基础语义模糊匹配通过
2026-03-02 15:54:41,936 - INFO - CaseID:707 - 整体结果: PASS | 详情: 所有字段校验通过
2026-03-02 15:54:43,080 - INFO - CaseID:708 - QUERY字段：基础语义模糊匹配通过
2026-03-02 15:54:43,080 - INFO - CaseID:708 - 整体结果: PASS | 详情: 所有字段校验通过
2026-03-02 15:54:44,298 - INFO - CaseID:709 - QUERY字段：基础语义模糊匹配通过
2026-03-02 15:54:44,298 - INFO - CaseID:709 - 整体结果: PASS | 详情: 所有字段校验通过
2026-03-02 15:54:45,512 - INFO - CaseID:710 - QUERY字段：基础语义模糊匹配通过
2026-03-02 15:54:45,513 - INFO - CaseID:710 - 整体结果: PASS | 详情: 所有字段校验通过
2026-03-02 15:54:45,513 - INFO - CaseID:711 - QUERY字段：基础语义模糊匹配通过
2026-03-02 15:54:45,513 - INFO - CaseID:711 - 整体结果: PASS | 详情: 所有字段校验通过
2026-03-02 15:54:47,676 - INFO - CaseID:712 - QUERY字段：基础语义模糊匹配通过
2026-03-02 15:54:47,677 - INFO - CaseID:712 - 整体结果: PASS | 详情: 所有字段校验通过
2026-03-02 15:54:50,114 - INFO - CaseID:713 - QUERY字段：语义匹配失败，但visual_search链路意图匹配通过
2026-03-02 15:54:50,115 - INFO - CaseID:713 - 整体结果: PASS | 详情: 所有字段校验通过
2026-03-02 15:54:52,525 - INFO - CaseID:714 - QUERY字段：语义匹配失败，但visual_search链路意图匹配通过
2026-03-02 15:54:52,526 - INFO - CaseID:714 - 整体结果: PASS | 详情: 所有字段校验通过
2026-03-02 15:54:53,603 - INFO - CaseID:715 - QUERY字段：基础语义模糊匹配通过
2026-03-02 15:54:53,603 - INFO - CaseID:715 - 整体结果: PASS | 详情: 所有字段校验通过
2026-03-02 15:54:55,394 - INFO - CaseID:716 - QUERY字段：基础语义模糊匹配通过
2026-03-02 15:54:55,394 - INFO - CaseID:716 - 整体结果: PASS | 详情: 所有字段校验通过
2026-03-02 15:54:56,557 - INFO - CaseID:717 - QUERY字段：基础语义模糊匹配通过
2026-03-02 15:54:56,557 - INFO - CaseID:717 - 整体结果: PASS | 详情: 所有字段校验通过
2026-03-02 15:54:57,895 - INFO - CaseID:718 - QUERY字段：基础语义模糊匹配通过
2026-03-02 15:54:57,895 - INFO - CaseID:718 - 整体结果: PASS | 详情: 所有字段校验通过
2026-03-02 15:54:59,603 - INFO - CaseID:719 - QUERY字段：基础语义模糊匹配通过
2026-03-02 15:54:59,603 - INFO - CaseID:719 - 整体结果: PASS | 详情: 所有字段校验通过
2026-03-02 15:54:59,604 - INFO - CaseID:720 - QUERY字段：基础语义模糊匹配通过
2026-03-02 15:54:59,604 - INFO - CaseID:720 - 整体结果: PASS | 详情: 所有字段校验通过
2026-03-02 15:55:00,931 - INFO - CaseID:721 - QUERY字段：基础语义模糊匹配通过
2026-03-02 15:55:00,931 - INFO - CaseID:721 - 整体结果: PASS | 详情: 所有字段校验通过
2026-03-02 15:55:02,355 - INFO - CaseID:722 - QUERY字段：基础语义模糊匹配通过
2026-03-02 15:55:02,355 - INFO - CaseID:722 - 整体结果: PASS | 详情: 所有字段校验通过
2026-03-02 15:55:03,583 - INFO - CaseID:723 - QUERY字段：基础语义模糊匹配通过
2026-03-02 15:55:03,583 - INFO - CaseID:723 - 整体结果: PASS | 详情: 所有字段校验通过
2026-03-02 15:55:03,584 - INFO - CaseID:724 - QUERY字段：基础语义模糊匹配通过
2026-03-02 15:55:03,584 - INFO - CaseID:724 - 整体结果: PASS | 详情: 所有字段校验通过
2026-03-02 15:55:05,762 - INFO - CaseID:725 - QUERY字段：基础语义模糊匹配通过
2026-03-02 15:55:05,762 - INFO - CaseID:725 - 整体结果: PASS | 详情: 所有字段校验通过
2026-03-02 15:55:07,089 - INFO - CaseID:726 - QUERY字段：基础语义模糊匹配通过
2026-03-02 15:55:07,090 - INFO - CaseID:726 - 整体结果: PASS | 详情: 所有字段校验通过
2026-03-02 15:55:08,565 - INFO - CaseID:727 - QUERY字段：基础语义模糊匹配通过
2026-03-02 15:55:08,566 - INFO - CaseID:727 - 整体结果: PASS | 详情: 所有字段校验通过
2026-03-02 15:55:09,934 - INFO - CaseID:728 - QUERY字段：基础语义模糊匹配通过
2026-03-02 15:55:09,934 - INFO - CaseID:728 - 整体结果: PASS | 详情: 所有字段校验通过
2026-03-02 15:55:11,146 - INFO - CaseID:729 - QUERY字段：基础语义模糊匹配通过
2026-03-02 15:55:11,146 - INFO - CaseID:729 - 整体结果: PASS | 详情: 所有字段校验通过
2026-03-02 15:55:12,376 - INFO - CaseID:730 - QUERY字段：基础语义模糊匹配通过
2026-03-02 15:55:12,376 - INFO - CaseID:730 - 整体结果: PASS | 详情: 所有字段校验通过
2026-03-02 15:55:13,484 - INFO - CaseID:731 - QUERY字段：基础语义模糊匹配通过
2026-03-02 15:55:13,484 - INFO - CaseID:731 - 整体结果: PASS | 详情: 所有字段校验通过
2026-03-02 15:55:13,485 - INFO - CaseID:732 - QUERY字段：基础语义模糊匹配通过
2026-03-02 15:55:13,485 - INFO - CaseID:732 - 整体结果: PASS | 详情: 所有字段校验通过
2026-03-02 15:55:13,486 - INFO - CaseID:733 - QUERY字段：基础语义模糊匹配通过
2026-03-02 15:55:13,486 - INFO - CaseID:733 - 整体结果: PASS | 详情: 所有字段校验通过
2026-03-02 15:55:15,775 - INFO - CaseID:734 - QUERY字段：语义匹配失败，但visual_search链路意图匹配通过
2026-03-02 15:55:15,775 - INFO - CaseID:734 - 整体结果: PASS | 详情: 所有字段校验通过
2026-03-02 15:55:17,054 - INFO - CaseID:735 - QUERY字段：基础语义模糊匹配通过
2026-03-02 15:55:17,055 - INFO - CaseID:735 - 整体结果: PASS | 详情: 所有字段校验通过
2026-03-02 15:55:18,240 - INFO - CaseID:736 - QUERY字段：基础语义模糊匹配通过
2026-03-02 15:55:18,240 - INFO - CaseID:736 - 整体结果: PASS | 详情: 所有字段校验通过
2026-03-02 15:55:19,511 - INFO - CaseID:737 - QUERY字段：基础语义模糊匹配通过
2026-03-02 15:55:19,512 - INFO - CaseID:737 - 整体结果: PASS | 详情: 所有字段校验通过
2026-03-02 15:55:20,717 - INFO - CaseID:738 - QUERY字段：基础语义模糊匹配通过
2026-03-02 15:55:20,717 - INFO - CaseID:738 - 整体结果: PASS | 详情: 所有字段校验通过
2026-03-02 15:55:21,823 - INFO - CaseID:739 - QUERY字段：基础语义模糊匹配通过
2026-03-02 15:55:21,823 - INFO - CaseID:739 - 整体结果: PASS | 详情: 所有字段校验通过
2026-03-02 15:55:23,495 - INFO - CaseID:740 - QUERY字段：基础语义模糊匹配通过
2026-03-02 15:55:23,496 - INFO - CaseID:740 - 整体结果: PASS | 详情: 所有字段校验通过
2026-03-02 15:55:24,599 - INFO - CaseID:741 - QUERY字段：基础语义模糊匹配通过
2026-03-02 15:55:24,599 - INFO - CaseID:741 - 整体结果: PASS | 详情: 所有字段校验通过
2026-03-02 15:55:25,890 - INFO - CaseID:742 - QUERY字段：基础语义模糊匹配通过
2026-03-02 15:55:25,890 - INFO - CaseID:742 - 整体结果: PASS | 详情: 所有字段校验通过
2026-03-02 15:55:25,891 - INFO - CaseID:743 - QUERY字段：基础语义模糊匹配通过
2026-03-02 15:55:25,891 - INFO - CaseID:743 - 整体结果: PASS | 详情: 所有字段校验通过
2026-03-02 15:55:27,548 - INFO - CaseID:744 - QUERY字段：基础语义模糊匹配通过
2026-03-02 15:55:27,549 - INFO - CaseID:744 - 整体结果: PASS | 详情: 所有字段校验通过
2026-03-02 15:55:28,703 - INFO - CaseID:745 - QUERY字段：基础语义模糊匹配通过
2026-03-02 15:55:28,704 - INFO - CaseID:745 - 整体结果: PASS | 详情: 所有字段校验通过
2026-03-02 15:55:29,914 - INFO - CaseID:746 - QUERY字段：基础语义模糊匹配通过
2026-03-02 15:55:29,915 - INFO - CaseID:746 - 整体结果: PASS | 详情: 所有字段校验通过
2026-03-02 15:55:31,462 - INFO - CaseID:747 - QUERY字段：基础语义模糊匹配通过
2026-03-02 15:55:31,462 - INFO - CaseID:747 - 整体结果: PASS | 详情: 所有字段校验通过
2026-03-02 15:55:32,681 - INFO - CaseID:748 - QUERY字段：基础语义模糊匹配通过
2026-03-02 15:55:32,681 - INFO - CaseID:748 - 整体结果: PASS | 详情: 所有字段校验通过
2026-03-02 15:55:33,947 - INFO - CaseID:749 - QUERY字段：基础语义模糊匹配通过
2026-03-02 15:55:33,947 - INFO - CaseID:749 - 整体结果: PASS | 详情: 所有字段校验通过
2026-03-02 15:55:35,297 - INFO - CaseID:750 - QUERY字段：基础语义模糊匹配通过
2026-03-02 15:55:35,297 - INFO - CaseID:750 - 整体结果: PASS | 详情: 所有字段校验通过
2026-03-02 15:55:37,882 - INFO - CaseID:751 - QUERY字段：语义匹配失败，但visual_search链路意图匹配通过
2026-03-02 15:55:37,882 - INFO - CaseID:751 - 整体结果: PASS | 详情: 所有字段校验通过
2026-03-02 15:55:40,872 - INFO - CaseID:752 - QUERY字段：基础语义模糊匹配通过
2026-03-02 15:55:40,873 - INFO - CaseID:752 - 整体结果: PASS | 详情: 所有字段校验通过
2026-03-02 15:55:42,009 - INFO - CaseID:753 - QUERY字段：基础语义模糊匹配通过
2026-03-02 15:55:42,009 - INFO - CaseID:753 - 整体结果: PASS | 详情: 所有字段校验通过
2026-03-02 15:55:43,157 - INFO - CaseID:754 - QUERY字段：基础语义模糊匹配通过
2026-03-02 15:55:43,158 - INFO - CaseID:754 - 整体结果: PASS | 详情: 所有字段校验通过
2026-03-02 15:55:44,547 - INFO - CaseID:755 - QUERY字段：基础语义模糊匹配通过
2026-03-02 15:55:44,548 - INFO - CaseID:755 - 整体结果: PASS | 详情: 所有字段校验通过
2026-03-02 15:55:46,593 - INFO - CaseID:756 - QUERY字段：基础语义模糊匹配通过
2026-03-02 15:55:46,594 - INFO - CaseID:756 - 整体结果: PASS | 详情: 所有字段校验通过
2026-03-02 15:55:48,045 - INFO - CaseID:757 - QUERY字段：基础语义模糊匹配通过
2026-03-02 15:55:48,045 - INFO - CaseID:757 - 整体结果: PASS | 详情: 所有字段校验通过
2026-03-02 15:55:49,675 - INFO - CaseID:758 - QUERY字段：基础语义模糊匹配通过
2026-03-02 15:55:49,675 - INFO - CaseID:758 - 整体结果: PASS | 详情: 所有字段校验通过
2026-03-02 15:55:50,895 - INFO - CaseID:759 - QUERY字段：基础语义模糊匹配通过
2026-03-02 15:55:50,896 - INFO - CaseID:759 - 整体结果: PASS | 详情: 所有字段校验通过
2026-03-02 15:55:52,580 - INFO - CaseID:760 - QUERY字段：基础语义模糊匹配通过
2026-03-02 15:55:52,581 - INFO - CaseID:760 - 整体结果: PASS | 详情: 所有字段校验通过
2026-03-02 15:55:52,581 - INFO - CaseID:761 - QUERY字段：基础语义模糊匹配通过
2026-03-02 15:55:52,581 - INFO - CaseID:761 - 整体结果: PASS | 详情: 所有字段校验通过
2026-03-02 15:55:53,799 - INFO - CaseID:762 - QUERY字段：基础语义模糊匹配通过
2026-03-02 15:55:53,799 - INFO - CaseID:762 - 整体结果: PASS | 详情: 所有字段校验通过
2026-03-02 15:55:54,980 - INFO - CaseID:763 - QUERY字段：基础语义模糊匹配通过
2026-03-02 15:55:54,980 - INFO - CaseID:763 - 整体结果: PASS | 详情: 所有字段校验通过
2026-03-02 15:55:56,253 - INFO - CaseID:764 - QUERY字段：基础语义模糊匹配通过
2026-03-02 15:55:56,253 - INFO - CaseID:764 - 整体结果: PASS | 详情: 所有字段校验通过
2026-03-02 15:55:57,859 - INFO - CaseID:765 - QUERY字段：基础语义模糊匹配通过
2026-03-02 15:55:57,859 - INFO - CaseID:765 - 整体结果: PASS | 详情: 所有字段校验通过
2026-03-02 15:55:59,083 - INFO - CaseID:766 - QUERY字段：基础语义模糊匹配通过
2026-03-02 15:55:59,083 - INFO - CaseID:766 - 整体结果: PASS | 详情: 所有字段校验通过
2026-03-02 15:56:00,313 - INFO - CaseID:767 - QUERY字段：基础语义模糊匹配通过
2026-03-02 15:56:00,313 - INFO - CaseID:767 - 整体结果: PASS | 详情: 所有字段校验通过
2026-03-02 15:56:01,783 - INFO - CaseID:768 - QUERY字段：基础语义模糊匹配通过
2026-03-02 15:56:01,784 - INFO - CaseID:768 - 整体结果: PASS | 详情: 所有字段校验通过
2026-03-02 15:56:01,784 - INFO - CaseID:769 - QUERY字段：基础语义模糊匹配通过
2026-03-02 15:56:01,785 - INFO - CaseID:769 - 整体结果: PASS | 详情: 所有字段校验通过
2026-03-02 15:56:03,446 - INFO - CaseID:770 - QUERY字段：基础语义模糊匹配通过
2026-03-02 15:56:03,446 - INFO - CaseID:770 - 整体结果: PASS | 详情: 所有字段校验通过
2026-03-02 15:56:03,446 - INFO - CaseID:771 - QUERY字段：基础语义模糊匹配通过
2026-03-02 15:56:03,446 - INFO - CaseID:771 - 整体结果: PASS | 详情: 所有字段校验通过
2026-03-02 15:56:06,351 - INFO - CaseID:772 - QUERY字段：语义匹配失败，但visual_search链路意图匹配通过
2026-03-02 15:56:06,352 - INFO - CaseID:772 - 整体结果: PASS | 详情: 所有字段校验通过
2026-03-02 15:56:08,583 - INFO - CaseID:773 - QUERY字段：基础语义模糊匹配通过
2026-03-02 15:56:08,584 - INFO - CaseID:773 - 整体结果: PASS | 详情: 所有字段校验通过
2026-03-02 15:56:11,022 - INFO - CaseID:774 - QUERY字段：语义匹配失败，但visual_search链路意图匹配通过
2026-03-02 15:56:11,023 - INFO - CaseID:774 - 整体结果: PASS | 详情: 所有字段校验通过
2026-03-02 15:56:12,321 - INFO - CaseID:775 - QUERY字段：基础语义模糊匹配通过
2026-03-02 15:56:12,321 - INFO - CaseID:775 - 整体结果: PASS | 详情: 所有字段校验通过
2026-03-02 15:56:13,973 - INFO - CaseID:776 - QUERY字段：基础语义模糊匹配通过
2026-03-02 15:56:13,974 - INFO - CaseID:776 - 整体结果: PASS | 详情: 所有字段校验通过
2026-03-02 15:56:16,902 - INFO - CaseID:777 - QUERY字段：语义匹配失败，但visual_search链路意图匹配通过
2026-03-02 15:56:16,902 - INFO - CaseID:777 - 整体结果: PASS | 详情: 所有字段校验通过
2026-03-02 15:56:18,270 - INFO - CaseID:778 - QUERY字段：基础语义模糊匹配通过
2026-03-02 15:56:18,271 - INFO - CaseID:778 - 整体结果: PASS | 详情: 所有字段校验通过
2026-03-02 15:56:19,506 - INFO - CaseID:779 - QUERY字段：基础语义模糊匹配通过
2026-03-02 15:56:19,506 - INFO - CaseID:779 - 整体结果: PASS | 详情: 所有字段校验通过
2026-03-02 15:56:20,793 - INFO - CaseID:780 - QUERY字段：基础语义模糊匹配通过
2026-03-02 15:56:20,793 - INFO - CaseID:780 - 整体结果: PASS | 详情: 所有字段校验通过
2026-03-02 15:56:22,054 - INFO - CaseID:781 - QUERY字段：基础语义模糊匹配通过
2026-03-02 15:56:22,054 - INFO - CaseID:781 - 整体结果: PASS | 详情: 所有字段校验通过
2026-03-02 15:56:22,055 - INFO - CaseID:782 - QUERY字段：基础语义模糊匹配通过
2026-03-02 15:56:22,055 - INFO - CaseID:782 - 整体结果: PASS | 详情: 所有字段校验通过
2026-03-02 15:56:23,230 - INFO - CaseID:783 - QUERY字段：基础语义模糊匹配通过
2026-03-02 15:56:23,230 - INFO - CaseID:783 - 整体结果: PASS | 详情: 所有字段校验通过
2026-03-02 15:56:24,358 - INFO - CaseID:784 - QUERY字段：基础语义模糊匹配通过
2026-03-02 15:56:24,359 - INFO - CaseID:784 - 整体结果: PASS | 详情: 所有字段校验通过
2026-03-02 15:56:25,779 - INFO - CaseID:785 - QUERY字段：基础语义模糊匹配通过
2026-03-02 15:56:25,780 - INFO - CaseID:785 - 整体结果: PASS | 详情: 所有字段校验通过
2026-03-02 15:56:27,652 - INFO - CaseID:786 - QUERY字段：基础语义模糊匹配通过
2026-03-02 15:56:27,652 - INFO - CaseID:786 - 整体结果: PASS | 详情: 所有字段校验通过
2026-03-02 15:56:28,816 - INFO - CaseID:787 - QUERY字段：基础语义模糊匹配通过
2026-03-02 15:56:28,816 - INFO - CaseID:787 - 整体结果: PASS | 详情: 所有字段校验通过
2026-03-02 15:56:31,122 - INFO - CaseID:788 - QUERY字段：语义匹配失败，但visual_search链路意图匹配通过
2026-03-02 15:56:31,123 - INFO - CaseID:788 - 整体结果: PASS | 详情: 所有字段校验通过
2026-03-02 15:56:32,367 - INFO - CaseID:789 - QUERY字段：基础语义模糊匹配通过
2026-03-02 15:56:32,367 - INFO - CaseID:789 - 整体结果: PASS | 详情: 所有字段校验通过
2026-03-02 15:56:32,367 - INFO - CaseID:790 - QUERY字段：基础语义模糊匹配通过
2026-03-02 15:56:32,367 - INFO - CaseID:790 - 整体结果: PASS | 详情: 所有字段校验通过
2026-03-02 15:56:35,144 - INFO - CaseID:791 - QUERY字段：语义匹配失败，但visual_search链路意图匹配通过
2026-03-02 15:56:35,144 - INFO - CaseID:791 - 整体结果: PASS | 详情: 所有字段校验通过
2026-03-02 15:56:37,904 - INFO - CaseID:792 - QUERY字段：语义匹配失败，但visual_search链路意图匹配通过
2026-03-02 15:56:37,904 - INFO - CaseID:792 - 整体结果: PASS | 详情: 所有字段校验通过
2026-03-02 15:56:39,172 - INFO - CaseID:793 - QUERY字段：基础语义模糊匹配通过
2026-03-02 15:56:39,173 - INFO - CaseID:793 - 整体结果: PASS | 详情: 所有字段校验通过
2026-03-02 15:56:40,362 - INFO - CaseID:794 - QUERY字段：基础语义模糊匹配通过
2026-03-02 15:56:40,362 - INFO - CaseID:794 - 整体结果: PASS | 详情: 所有字段校验通过
2026-03-02 15:56:43,102 - INFO - CaseID:795 - QUERY字段：语义匹配失败，但visual_search链路意图匹配通过
2026-03-02 15:56:43,102 - INFO - CaseID:795 - 整体结果: PASS | 详情: 所有字段校验通过
2026-03-02 15:56:45,567 - INFO - CaseID:796 - QUERY字段：语义匹配失败，但visual_search链路意图匹配通过
2026-03-02 15:56:45,567 - INFO - CaseID:796 - 整体结果: PASS | 详情: 所有字段校验通过
2026-03-02 15:56:46,802 - INFO - CaseID:797 - QUERY字段：基础语义模糊匹配通过
2026-03-02 15:56:46,803 - INFO - CaseID:797 - 整体结果: PASS | 详情: 所有字段校验通过
2026-03-02 15:56:49,243 - INFO - CaseID:798 - QUERY字段：语义匹配失败，但visual_search链路意图匹配通过
2026-03-02 15:56:49,243 - INFO - CaseID:798 - 整体结果: PASS | 详情: 所有字段校验通过
2026-03-02 15:56:50,445 - INFO - CaseID:799 - QUERY字段：基础语义模糊匹配通过
2026-03-02 15:56:50,446 - INFO - CaseID:799 - 整体结果: PASS | 详情: 所有字段校验通过
2026-03-02 15:56:50,446 - INFO - CaseID:800 - QUERY字段：基础语义模糊匹配通过
2026-03-02 15:56:50,446 - INFO - CaseID:800 - 整体结果: PASS | 详情: 所有字段校验通过
2026-03-02 15:56:52,947 - INFO - CaseID:801 - QUERY字段：语义匹配失败，但visual_search链路意图匹配通过
2026-03-02 15:56:52,947 - INFO - CaseID:801 - 整体结果: PASS | 详情: 所有字段校验通过
2026-03-02 15:56:56,277 - INFO - CaseID:802 - QUERY字段：语义匹配失败，但visual_search链路意图匹配通过
2026-03-02 15:56:56,278 - INFO - CaseID:802 - 整体结果: PASS | 详情: 所有字段校验通过
2026-03-02 15:56:58,067 - INFO - CaseID:803 - QUERY字段：基础语义模糊匹配通过
2026-03-02 15:56:58,068 - INFO - CaseID:803 - 整体结果: PASS | 详情: 所有字段校验通过
2026-03-02 15:56:59,191 - INFO - CaseID:804 - QUERY字段：基础语义模糊匹配通过
2026-03-02 15:56:59,191 - INFO - CaseID:804 - 整体结果: PASS | 详情: 所有字段校验通过
2026-03-02 15:57:01,530 - INFO - CaseID:805 - QUERY字段：语义匹配失败，但visual_search链路意图匹配通过
2026-03-02 15:57:01,530 - INFO - CaseID:805 - 整体结果: PASS | 详情: 所有字段校验通过
2026-03-02 15:57:01,531 - INFO - CaseID:806 - QUERY字段：基础语义模糊匹配通过
2026-03-02 15:57:01,531 - INFO - CaseID:806 - 整体结果: PASS | 详情: 所有字段校验通过
2026-03-02 15:57:01,532 - INFO - CaseID:807 - QUERY字段：基础语义模糊匹配通过
2026-03-02 15:57:01,532 - INFO - CaseID:807 - 整体结果: PASS | 详情: 所有字段校验通过
2026-03-02 15:57:02,896 - INFO - CaseID:808 - QUERY字段：基础语义模糊匹配通过
2026-03-02 15:57:02,897 - INFO - CaseID:808 - 整体结果: PASS | 详情: 所有字段校验通过
2026-03-02 15:57:04,135 - INFO - CaseID:809 - QUERY字段：基础语义模糊匹配通过
2026-03-02 15:57:04,136 - INFO - CaseID:809 - 整体结果: PASS | 详情: 所有字段校验通过
2026-03-02 15:57:06,577 - INFO - CaseID:810 - QUERY字段：基础语义模糊匹配通过
2026-03-02 15:57:06,577 - INFO - CaseID:810 - 整体结果: PASS | 详情: 所有字段校验通过
2026-03-02 15:57:09,031 - INFO - CaseID:811 - QUERY字段：语义匹配失败，但visual_search链路意图匹配通过
2026-03-02 15:57:09,031 - INFO - CaseID:811 - 整体结果: PASS | 详情: 所有字段校验通过
2026-03-02 15:57:09,031 - INFO - CaseID:812 - QUERY字段：基础语义模糊匹配通过
2026-03-02 15:57:09,031 - INFO - CaseID:812 - 整体结果: PASS | 详情: 所有字段校验通过
2026-03-02 15:57:10,560 - INFO - CaseID:813 - QUERY字段：基础语义模糊匹配通过
2026-03-02 15:57:10,561 - INFO - CaseID:813 - 整体结果: PASS | 详情: 所有字段校验通过
2026-03-02 15:57:13,286 - INFO - CaseID:814 - QUERY字段：语义匹配失败，但visual_search链路意图匹配通过
2026-03-02 15:57:13,286 - INFO - CaseID:814 - 整体结果: PASS | 详情: 所有字段校验通过
2026-03-02 15:57:14,687 - INFO - CaseID:815 - QUERY字段：基础语义模糊匹配通过
2026-03-02 15:57:14,687 - INFO - CaseID:815 - 整体结果: PASS | 详情: 所有字段校验通过
2026-03-02 15:57:16,090 - INFO - CaseID:816 - QUERY字段：基础语义模糊匹配通过
2026-03-02 15:57:16,090 - INFO - CaseID:816 - 整体结果: PASS | 详情: 所有字段校验通过
2026-03-02 15:57:17,277 - INFO - CaseID:817 - QUERY字段：基础语义模糊匹配通过
2026-03-02 15:57:17,277 - INFO - CaseID:817 - 整体结果: PASS | 详情: 所有字段校验通过
2026-03-02 15:57:18,437 - INFO - CaseID:818 - QUERY字段：基础语义模糊匹配通过
2026-03-02 15:57:18,438 - INFO - CaseID:818 - 整体结果: PASS | 详情: 所有字段校验通过
2026-03-02 15:57:19,640 - INFO - CaseID:819 - QUERY字段：基础语义模糊匹配通过
2026-03-02 15:57:19,640 - INFO - CaseID:819 - 整体结果: PASS | 详情: 所有字段校验通过
2026-03-02 15:57:20,765 - INFO - CaseID:820 - QUERY字段：基础语义模糊匹配通过
2026-03-02 15:57:20,765 - INFO - CaseID:820 - 整体结果: PASS | 详情: 所有字段校验通过
2026-03-02 15:57:23,158 - INFO - CaseID:821 - QUERY字段：语义匹配失败，但visual_search链路意图匹配通过
2026-03-02 15:57:23,159 - INFO - CaseID:821 - 整体结果: PASS | 详情: 所有字段校验通过
2026-03-02 15:57:23,160 - INFO - CaseID:822 - QUERY字段：基础语义模糊匹配通过
2026-03-02 15:57:23,160 - INFO - CaseID:822 - 整体结果: PASS | 详情: 所有字段校验通过
2026-03-02 15:57:24,308 - INFO - CaseID:823 - QUERY字段：基础语义模糊匹配通过
2026-03-02 15:57:24,308 - INFO - CaseID:823 - 整体结果: PASS | 详情: 所有字段校验通过
2026-03-02 15:57:26,595 - INFO - CaseID:824 - QUERY字段：语义匹配失败，但visual_search链路意图匹配通过
2026-03-02 15:57:26,595 - INFO - CaseID:824 - 整体结果: PASS | 详情: 所有字段校验通过
2026-03-02 15:57:29,603 - INFO - CaseID:825 - QUERY字段：基础语义模糊匹配通过
2026-03-02 15:57:29,604 - INFO - CaseID:825 - 整体结果: PASS | 详情: 所有字段校验通过
2026-03-02 15:57:31,041 - INFO - CaseID:826 - QUERY字段：基础语义模糊匹配通过
2026-03-02 15:57:31,041 - INFO - CaseID:826 - 整体结果: PASS | 详情: 所有字段校验通过
2026-03-02 15:57:32,325 - INFO - CaseID:827 - QUERY字段：基础语义模糊匹配通过
2026-03-02 15:57:32,325 - INFO - CaseID:827 - 整体结果: PASS | 详情: 所有字段校验通过
2026-03-02 15:57:34,725 - INFO - CaseID:828 - QUERY字段：基础语义模糊匹配通过
2026-03-02 15:57:34,725 - INFO - CaseID:828 - 整体结果: PASS | 详情: 所有字段校验通过
2026-03-02 15:57:35,921 - INFO - CaseID:829 - QUERY字段：基础语义模糊匹配通过
2026-03-02 15:57:35,921 - INFO - CaseID:829 - 整体结果: PASS | 详情: 所有字段校验通过
2026-03-02 15:57:37,166 - INFO - CaseID:830 - QUERY字段：基础语义模糊匹配通过
2026-03-02 15:57:37,166 - INFO - CaseID:830 - 整体结果: PASS | 详情: 所有字段校验通过
2026-03-02 15:57:39,558 - INFO - CaseID:831 - QUERY字段：语义匹配失败，但visual_search链路意图匹配通过
2026-03-02 15:57:39,558 - INFO - CaseID:831 - 整体结果: PASS | 详情: 所有字段校验通过
2026-03-02 15:57:40,710 - INFO - CaseID:832 - QUERY字段：基础语义模糊匹配通过
2026-03-02 15:57:40,710 - INFO - CaseID:832 - 整体结果: PASS | 详情: 所有字段校验通过
2026-03-02 15:57:43,430 - INFO - CaseID:833 - QUERY字段：语义匹配失败，但visual_search链路意图匹配通过
2026-03-02 15:57:43,430 - INFO - CaseID:833 - 整体结果: PASS | 详情: 所有字段校验通过
2026-03-02 15:57:44,569 - INFO - CaseID:834 - QUERY字段：基础语义模糊匹配通过
2026-03-02 15:57:44,569 - INFO - CaseID:834 - 整体结果: PASS | 详情: 所有字段校验通过
2026-03-02 15:57:45,786 - INFO - CaseID:835 - QUERY字段：基础语义模糊匹配通过
2026-03-02 15:57:45,787 - INFO - CaseID:835 - 整体结果: PASS | 详情: 所有字段校验通过
2026-03-02 15:57:46,969 - INFO - CaseID:836 - QUERY字段：基础语义模糊匹配通过
2026-03-02 15:57:46,969 - INFO - CaseID:836 - 整体结果: PASS | 详情: 所有字段校验通过
2026-03-02 15:57:48,193 - INFO - CaseID:837 - QUERY字段：基础语义模糊匹配通过
2026-03-02 15:57:48,193 - INFO - CaseID:837 - 整体结果: PASS | 详情: 所有字段校验通过
2026-03-02 15:57:49,676 - INFO - CaseID:838 - QUERY字段：基础语义模糊匹配通过
2026-03-02 15:57:49,677 - INFO - CaseID:838 - 整体结果: PASS | 详情: 所有字段校验通过
2026-03-02 15:57:51,041 - INFO - CaseID:839 - QUERY字段：基础语义模糊匹配通过
2026-03-02 15:57:51,042 - INFO - CaseID:839 - 整体结果: PASS | 详情: 所有字段校验通过
2026-03-02 15:57:52,337 - INFO - CaseID:840 - QUERY字段：基础语义模糊匹配通过
2026-03-02 15:57:52,338 - INFO - CaseID:840 - 整体结果: PASS | 详情: 所有字段校验通过
2026-03-02 15:57:52,338 - INFO - CaseID:841 - QUERY字段：基础语义模糊匹配通过
2026-03-02 15:57:52,338 - INFO - CaseID:841 - 整体结果: PASS | 详情: 所有字段校验通过
2026-03-02 15:57:53,508 - INFO - CaseID:842 - QUERY字段：基础语义模糊匹配通过
2026-03-02 15:57:53,509 - INFO - CaseID:842 - 整体结果: PASS | 详情: 所有字段校验通过
2026-03-02 15:57:56,640 - INFO - CaseID:843 - QUERY字段：语义匹配失败，但visual_search链路意图匹配通过
2026-03-02 15:57:56,640 - INFO - CaseID:843 - 整体结果: PASS | 详情: 所有字段校验通过
2026-03-02 15:57:59,102 - INFO - CaseID:844 - QUERY字段：语义匹配失败，但visual_search链路意图匹配通过
2026-03-02 15:57:59,103 - INFO - CaseID:844 - 整体结果: PASS | 详情: 所有字段校验通过
2026-03-02 15:58:00,735 - INFO - CaseID:845 - QUERY字段：基础语义模糊匹配通过
2026-03-02 15:58:00,736 - INFO - CaseID:845 - 整体结果: PASS | 详情: 所有字段校验通过
2026-03-02 15:58:02,183 - INFO - CaseID:846 - QUERY字段：基础语义模糊匹配通过
2026-03-02 15:58:02,184 - INFO - CaseID:846 - 整体结果: PASS | 详情: 所有字段校验通过
2026-03-02 15:58:04,857 - INFO - CaseID:847 - QUERY字段：语义匹配失败，但visual_search链路意图匹配通过
2026-03-02 15:58:04,857 - INFO - CaseID:847 - 整体结果: PASS | 详情: 所有字段校验通过
2026-03-02 15:58:06,469 - INFO - CaseID:848 - QUERY字段：基础语义模糊匹配通过
2026-03-02 15:58:06,469 - INFO - CaseID:848 - 整体结果: PASS | 详情: 所有字段校验通过
2026-03-02 15:58:09,233 - INFO - CaseID:849 - QUERY字段：语义匹配失败，但visual_search链路意图匹配通过
2026-03-02 15:58:09,233 - INFO - CaseID:849 - 整体结果: PASS | 详情: 所有字段校验通过
2026-03-02 15:58:13,024 - INFO - CaseID:850 - QUERY字段：语义匹配失败，但visual_search链路意图匹配通过
2026-03-02 15:58:13,024 - INFO - CaseID:850 - 整体结果: PASS | 详情: 所有字段校验通过
2026-03-02 15:58:15,518 - INFO - CaseID:851 - QUERY字段：语义匹配失败，但visual_search链路意图匹配通过
2026-03-02 15:58:15,519 - INFO - CaseID:851 - 整体结果: PASS | 详情: 所有字段校验通过
2026-03-02 15:58:15,519 - INFO - CaseID:852 - QUERY字段：基础语义模糊匹配通过
2026-03-02 15:58:15,519 - INFO - CaseID:852 - 整体结果: PASS | 详情: 所有字段校验通过
2026-03-02 15:58:18,551 - INFO - CaseID:853 - QUERY字段：语义匹配失败，但visual_search链路意图匹配通过
2026-03-02 15:58:18,552 - INFO - CaseID:853 - 整体结果: PASS | 详情: 所有字段校验通过
2026-03-02 15:58:20,147 - INFO - CaseID:854 - QUERY字段：基础语义模糊匹配通过
2026-03-02 15:58:20,147 - INFO - CaseID:854 - 整体结果: PASS | 详情: 所有字段校验通过
2026-03-02 15:58:21,484 - INFO - CaseID:855 - QUERY字段：基础语义模糊匹配通过
2026-03-02 15:58:21,484 - INFO - CaseID:855 - 整体结果: PASS | 详情: 所有字段校验通过
2026-03-02 15:58:23,876 - INFO - CaseID:856 - QUERY字段：语义匹配失败，但visual_search链路意图匹配通过
2026-03-02 15:58:23,876 - INFO - CaseID:856 - 整体结果: PASS | 详情: 所有字段校验通过
2026-03-02 15:58:25,112 - INFO - CaseID:857 - QUERY字段：基础语义模糊匹配通过
2026-03-02 15:58:25,113 - INFO - CaseID:857 - 整体结果: PASS | 详情: 所有字段校验通过
2026-03-02 15:58:27,998 - INFO - CaseID:858 - QUERY字段：语义匹配失败，但visual_search链路意图匹配通过
2026-03-02 15:58:27,999 - INFO - CaseID:858 - 整体结果: PASS | 详情: 所有字段校验通过
2026-03-02 15:58:29,134 - INFO - CaseID:859 - QUERY字段：基础语义模糊匹配通过
2026-03-02 15:58:29,135 - INFO - CaseID:859 - 整体结果: PASS | 详情: 所有字段校验通过
2026-03-02 15:58:30,390 - INFO - CaseID:860 - QUERY字段：基础语义模糊匹配通过
2026-03-02 15:58:30,390 - INFO - CaseID:860 - 整体结果: PASS | 详情: 所有字段校验通过
2026-03-02 15:58:31,863 - INFO - CaseID:861 - QUERY字段：基础语义模糊匹配通过
2026-03-02 15:58:31,864 - INFO - CaseID:861 - 整体结果: PASS | 详情: 所有字段校验通过
2026-03-02 15:58:32,987 - INFO - CaseID:862 - QUERY字段：基础语义模糊匹配通过
2026-03-02 15:58:32,987 - INFO - CaseID:862 - 整体结果: PASS | 详情: 所有字段校验通过
2026-03-02 15:58:34,276 - INFO - CaseID:863 - QUERY字段：基础语义模糊匹配通过
2026-03-02 15:58:34,277 - INFO - CaseID:863 - 整体结果: PASS | 详情: 所有字段校验通过
2026-03-02 15:58:34,277 - INFO - CaseID:864 - QUERY字段：基础语义模糊匹配通过
2026-03-02 15:58:34,277 - INFO - CaseID:864 - 整体结果: PASS | 详情: 所有字段校验通过
2026-03-02 15:58:35,755 - INFO - CaseID:865 - QUERY字段：基础语义模糊匹配通过
2026-03-02 15:58:35,755 - INFO - CaseID:865 - 整体结果: PASS | 详情: 所有字段校验通过
2026-03-02 15:58:37,384 - INFO - CaseID:866 - QUERY字段：基础语义模糊匹配通过
2026-03-02 15:58:37,384 - INFO - CaseID:866 - 整体结果: PASS | 详情: 所有字段校验通过
2026-03-02 15:58:40,166 - INFO - CaseID:867 - QUERY字段：语义匹配失败，但visual_search链路意图匹配通过
2026-03-02 15:58:40,166 - INFO - CaseID:867 - 整体结果: PASS | 详情: 所有字段校验通过
2026-03-02 15:58:42,513 - INFO - CaseID:868 - QUERY字段：语义匹配失败，但visual_search链路意图匹配通过
2026-03-02 15:58:42,513 - INFO - CaseID:868 - 整体结果: PASS | 详情: 所有字段校验通过
2026-03-02 15:58:43,743 - INFO - CaseID:869 - QUERY字段：基础语义模糊匹配通过
2026-03-02 15:58:43,743 - INFO - CaseID:869 - 整体结果: PASS | 详情: 所有字段校验通过
2026-03-02 15:58:43,743 - INFO - CaseID:870 - QUERY字段：基础语义模糊匹配通过
2026-03-02 15:58:43,743 - INFO - CaseID:870 - 整体结果: PASS | 详情: 所有字段校验通过
2026-03-02 15:58:43,744 - INFO - CaseID:871 - QUERY字段：基础语义模糊匹配通过
2026-03-02 15:58:43,744 - INFO - CaseID:871 - 整体结果: PASS | 详情: 所有字段校验通过
2026-03-02 15:58:44,970 - INFO - CaseID:872 - QUERY字段：基础语义模糊匹配通过
2026-03-02 15:58:44,970 - INFO - CaseID:872 - 整体结果: PASS | 详情: 所有字段校验通过
2026-03-02 15:58:47,632 - INFO - CaseID:873 - QUERY字段：语义匹配失败，但visual_search链路意图匹配通过
2026-03-02 15:58:47,632 - INFO - CaseID:873 - 整体结果: PASS | 详情: 所有字段校验通过
2026-03-02 15:58:47,632 - INFO - CaseID:874 - QUERY字段：基础语义模糊匹配通过
2026-03-02 15:58:47,632 - INFO - CaseID:874 - 整体结果: PASS | 详情: 所有字段校验通过
2026-03-02 15:58:50,235 - INFO - CaseID:875 - QUERY字段：语义匹配失败，但visual_search链路意图匹配通过
2026-03-02 15:58:50,236 - INFO - CaseID:875 - 整体结果: PASS | 详情: 所有字段校验通过
2026-03-02 15:58:51,674 - INFO - CaseID:876 - QUERY字段：基础语义模糊匹配通过
2026-03-02 15:58:51,674 - INFO - CaseID:876 - 整体结果: PASS | 详情: 所有字段校验通过
2026-03-02 15:58:52,960 - INFO - CaseID:877 - QUERY字段：基础语义模糊匹配通过
2026-03-02 15:58:52,960 - INFO - CaseID:877 - 整体结果: PASS | 详情: 所有字段校验通过
2026-03-02 15:58:52,961 - INFO - CaseID:878 - QUERY字段：基础语义模糊匹配通过
2026-03-02 15:58:52,961 - INFO - CaseID:878 - 整体结果: PASS | 详情: 所有字段校验通过
2026-03-02 15:58:52,961 - INFO - CaseID:879 - QUERY字段：基础语义模糊匹配通过
2026-03-02 15:58:52,962 - INFO - CaseID:879 - 整体结果: PASS | 详情: 所有字段校验通过
2026-03-02 15:58:55,317 - INFO - CaseID:880 - QUERY字段：语义匹配失败，但visual_search链路意图匹配通过
2026-03-02 15:58:55,318 - INFO - CaseID:880 - 整体结果: PASS | 详情: 所有字段校验通过
2026-03-02 15:58:57,907 - INFO - CaseID:881 - QUERY字段：语义匹配失败，但visual_search链路意图匹配通过
2026-03-02 15:58:57,908 - INFO - CaseID:881 - 整体结果: PASS | 详情: 所有字段校验通过
2026-03-02 15:58:59,839 - INFO - CaseID:882 - QUERY字段：基础语义模糊匹配通过
2026-03-02 15:58:59,839 - INFO - CaseID:882 - 整体结果: PASS | 详情: 所有字段校验通过
2026-03-02 15:59:02,791 - INFO - CaseID:883 - QUERY字段：语义匹配失败，但visual_search链路意图匹配通过
2026-03-02 15:59:02,792 - INFO - CaseID:883 - 整体结果: PASS | 详情: 所有字段校验通过
2026-03-02 15:59:04,536 - INFO - CaseID:884 - QUERY字段：基础语义模糊匹配通过
2026-03-02 15:59:04,536 - INFO - CaseID:884 - 整体结果: PASS | 详情: 所有字段校验通过
2026-03-02 15:59:06,212 - INFO - CaseID:885 - QUERY字段：基础语义模糊匹配通过
2026-03-02 15:59:06,213 - INFO - CaseID:885 - 整体结果: PASS | 详情: 所有字段校验通过
2026-03-02 15:59:08,692 - INFO - CaseID:886 - QUERY字段：语义匹配失败，但visual_search链路意图匹配通过
2026-03-02 15:59:08,692 - INFO - CaseID:886 - 整体结果: PASS | 详情: 所有字段校验通过
2026-03-02 15:59:08,693 - INFO - CaseID:887 - QUERY字段：基础语义模糊匹配通过
2026-03-02 15:59:08,693 - INFO - CaseID:887 - 整体结果: PASS | 详情: 所有字段校验通过
2026-03-02 15:59:09,919 - INFO - CaseID:888 - QUERY字段：基础语义模糊匹配通过
2026-03-02 15:59:09,919 - INFO - CaseID:888 - 整体结果: PASS | 详情: 所有字段校验通过
2026-03-02 15:59:11,158 - INFO - CaseID:889 - QUERY字段：基础语义模糊匹配通过
2026-03-02 15:59:11,158 - INFO - CaseID:889 - 整体结果: PASS | 详情: 所有字段校验通过
2026-03-02 15:59:12,617 - INFO - CaseID:890 - QUERY字段：基础语义模糊匹配通过
2026-03-02 15:59:12,618 - INFO - CaseID:890 - 整体结果: PASS | 详情: 所有字段校验通过
2026-03-02 15:59:13,861 - INFO - CaseID:891 - QUERY字段：基础语义模糊匹配通过
2026-03-02 15:59:13,861 - INFO - CaseID:891 - 整体结果: PASS | 详情: 所有字段校验通过
2026-03-02 15:59:15,052 - INFO - CaseID:892 - QUERY字段：基础语义模糊匹配通过
2026-03-02 15:59:15,052 - INFO - CaseID:892 - 整体结果: PASS | 详情: 所有字段校验通过
2026-03-02 15:59:17,538 - INFO - CaseID:893 - QUERY字段：语义匹配失败，但visual_search链路意图匹配通过
2026-03-02 15:59:17,539 - INFO - CaseID:893 - 整体结果: PASS | 详情: 所有字段校验通过
2026-03-02 15:59:18,685 - INFO - CaseID:894 - QUERY字段：基础语义模糊匹配通过
2026-03-02 15:59:18,686 - INFO - CaseID:894 - 整体结果: PASS | 详情: 所有字段校验通过
2026-03-02 15:59:19,905 - INFO - CaseID:895 - QUERY字段：基础语义模糊匹配通过
2026-03-02 15:59:19,906 - INFO - CaseID:895 - 整体结果: PASS | 详情: 所有字段校验通过
2026-03-02 15:59:21,220 - INFO - CaseID:896 - QUERY字段：基础语义模糊匹配通过
2026-03-02 15:59:21,220 - INFO - CaseID:896 - 整体结果: PASS | 详情: 所有字段校验通过
2026-03-02 15:59:22,448 - INFO - CaseID:897 - QUERY字段：基础语义模糊匹配通过
2026-03-02 15:59:22,449 - INFO - CaseID:897 - 整体结果: PASS | 详情: 所有字段校验通过
2026-03-02 15:59:23,662 - INFO - CaseID:898 - QUERY字段：基础语义模糊匹配通过
2026-03-02 15:59:23,663 - INFO - CaseID:898 - 整体结果: PASS | 详情: 所有字段校验通过
2026-03-02 15:59:24,877 - INFO - CaseID:899 - QUERY字段：基础语义模糊匹配通过
2026-03-02 15:59:24,878 - INFO - CaseID:899 - 整体结果: PASS | 详情: 所有字段校验通过
2026-03-02 15:59:26,213 - INFO - CaseID:900 - QUERY字段：基础语义模糊匹配通过
2026-03-02 15:59:26,214 - INFO - CaseID:900 - 整体结果: PASS | 详情: 所有字段校验通过
2026-03-02 15:59:27,568 - INFO - CaseID:901 - QUERY字段：基础语义模糊匹配通过
2026-03-02 15:59:27,569 - INFO - CaseID:901 - 整体结果: PASS | 详情: 所有字段校验通过
2026-03-02 15:59:28,827 - INFO - CaseID:902 - QUERY字段：基础语义模糊匹配通过
2026-03-02 15:59:28,827 - INFO - CaseID:902 - 整体结果: PASS | 详情: 所有字段校验通过
2026-03-02 15:59:30,054 - INFO - CaseID:903 - QUERY字段：基础语义模糊匹配通过
2026-03-02 15:59:30,054 - INFO - CaseID:903 - 整体结果: PASS | 详情: 所有字段校验通过
2026-03-02 15:59:32,687 - INFO - CaseID:904 - QUERY字段：语义匹配失败，但visual_search链路意图匹配通过
2026-03-02 15:59:32,688 - INFO - CaseID:904 - 整体结果: PASS | 详情: 所有字段校验通过
2026-03-02 15:59:33,921 - INFO - CaseID:905 - QUERY字段：基础语义模糊匹配通过
2026-03-02 15:59:33,921 - INFO - CaseID:905 - 整体结果: PASS | 详情: 所有字段校验通过
2026-03-02 15:59:35,356 - INFO - CaseID:906 - QUERY字段：基础语义模糊匹配通过
2026-03-02 15:59:35,356 - INFO - CaseID:906 - 整体结果: PASS | 详情: 所有字段校验通过
2026-03-02 15:59:37,906 - INFO - CaseID:907 - QUERY字段：语义匹配失败，但visual_search链路意图匹配通过
2026-03-02 15:59:37,906 - INFO - CaseID:907 - 整体结果: PASS | 详情: 所有字段校验通过
2026-03-02 15:59:39,652 - INFO - CaseID:908 - QUERY字段：基础语义模糊匹配通过
2026-03-02 15:59:39,653 - INFO - CaseID:908 - 整体结果: PASS | 详情: 所有字段校验通过
2026-03-02 15:59:41,069 - INFO - CaseID:909 - QUERY字段：基础语义模糊匹配通过
2026-03-02 15:59:41,069 - INFO - CaseID:909 - 整体结果: PASS | 详情: 所有字段校验通过
2026-03-02 15:59:42,725 - INFO - CaseID:910 - QUERY字段：基础语义模糊匹配通过
2026-03-02 15:59:42,726 - INFO - CaseID:910 - 整体结果: PASS | 详情: 所有字段校验通过
2026-03-02 15:59:43,953 - INFO - CaseID:911 - QUERY字段：基础语义模糊匹配通过
2026-03-02 15:59:43,953 - INFO - CaseID:911 - 整体结果: PASS | 详情: 所有字段校验通过
2026-03-02 15:59:46,387 - INFO - CaseID:912 - QUERY字段：基础语义模糊匹配通过
2026-03-02 15:59:46,388 - INFO - CaseID:912 - 整体结果: PASS | 详情: 所有字段校验通过
2026-03-02 15:59:48,646 - INFO - CaseID:913 - QUERY字段：基础语义模糊匹配通过
2026-03-02 15:59:48,646 - INFO - CaseID:913 - 整体结果: PASS | 详情: 所有字段校验通过
2026-03-02 15:59:49,859 - INFO - CaseID:914 - QUERY字段：基础语义模糊匹配通过
2026-03-02 15:59:49,860 - INFO - CaseID:914 - 整体结果: PASS | 详情: 所有字段校验通过
2026-03-02 15:59:51,066 - INFO - CaseID:915 - QUERY字段：基础语义模糊匹配通过
2026-03-02 15:59:51,067 - INFO - CaseID:915 - 整体结果: PASS | 详情: 所有字段校验通过
2026-03-02 15:59:52,555 - INFO - CaseID:916 - QUERY字段：基础语义模糊匹配通过
2026-03-02 15:59:52,556 - INFO - CaseID:916 - 整体结果: PASS | 详情: 所有字段校验通过
2026-03-02 15:59:54,215 - INFO - CaseID:917 - QUERY字段：基础语义模糊匹配通过
2026-03-02 15:59:54,215 - INFO - CaseID:917 - 整体结果: PASS | 详情: 所有字段校验通过
2026-03-02 15:59:55,365 - INFO - CaseID:918 - QUERY字段：基础语义模糊匹配通过
2026-03-02 15:59:55,365 - INFO - CaseID:918 - 整体结果: PASS | 详情: 所有字段校验通过
2026-03-02 15:59:57,878 - INFO - CaseID:919 - QUERY字段：语义匹配失败，但visual_search链路意图匹配通过
2026-03-02 15:59:57,879 - INFO - CaseID:919 - 整体结果: PASS | 详情: 所有字段校验通过
2026-03-02 15:59:59,107 - INFO - CaseID:920 - QUERY字段：基础语义模糊匹配通过
2026-03-02 15:59:59,107 - INFO - CaseID:920 - 整体结果: PASS | 详情: 所有字段校验通过
2026-03-02 16:00:00,389 - INFO - CaseID:921 - QUERY字段：基础语义模糊匹配通过
2026-03-02 16:00:00,389 - INFO - CaseID:921 - 整体结果: PASS | 详情: 所有字段校验通过
2026-03-02 16:00:01,736 - INFO - CaseID:922 - QUERY字段：基础语义模糊匹配通过
2026-03-02 16:00:01,736 - INFO - CaseID:922 - 整体结果: PASS | 详情: 所有字段校验通过
2026-03-02 16:00:03,497 - INFO - CaseID:923 - QUERY字段：基础语义模糊匹配通过
2026-03-02 16:00:03,498 - INFO - CaseID:923 - 整体结果: PASS | 详情: 所有字段校验通过
2026-03-02 16:00:04,708 - INFO - CaseID:924 - QUERY字段：基础语义模糊匹配通过
2026-03-02 16:00:04,709 - INFO - CaseID:924 - 整体结果: PASS | 详情: 所有字段校验通过
2026-03-02 16:00:06,051 - INFO - CaseID:925 - QUERY字段：基础语义模糊匹配通过
2026-03-02 16:00:06,051 - INFO - CaseID:925 - 整体结果: PASS | 详情: 所有字段校验通过
2026-03-02 16:00:07,170 - INFO - CaseID:926 - QUERY字段：基础语义模糊匹配通过
2026-03-02 16:00:07,170 - INFO - CaseID:926 - 整体结果: PASS | 详情: 所有字段校验通过
2026-03-02 16:00:10,706 - INFO - CaseID:927 - QUERY字段：语义匹配失败，但visual_search链路意图匹配通过
2026-03-02 16:00:10,710 - INFO - CaseID:927 - 整体结果: PASS | 详情: 所有字段校验通过
2026-03-02 16:00:10,711 - INFO - CaseID:928 - QUERY字段：基础语义模糊匹配通过
2026-03-02 16:00:10,711 - INFO - CaseID:928 - 整体结果: PASS | 详情: 所有字段校验通过
2026-03-02 16:00:11,934 - INFO - CaseID:929 - QUERY字段：基础语义模糊匹配通过
2026-03-02 16:00:11,935 - INFO - CaseID:929 - 整体结果: PASS | 详情: 所有字段校验通过
2026-03-02 16:00:11,935 - INFO - CaseID:930 - QUERY字段：基础语义模糊匹配通过
2026-03-02 16:00:11,935 - INFO - CaseID:930 - 整体结果: PASS | 详情: 所有字段校验通过
2026-03-02 16:00:13,057 - INFO - CaseID:931 - QUERY字段：基础语义模糊匹配通过
2026-03-02 16:00:13,058 - INFO - CaseID:931 - 整体结果: PASS | 详情: 所有字段校验通过
2026-03-02 16:00:15,607 - INFO - CaseID:932 - QUERY字段：语义匹配失败，但visual_search链路意图匹配通过
2026-03-02 16:00:15,608 - INFO - CaseID:932 - 整体结果: PASS | 详情: 所有字段校验通过
2026-03-02 16:00:17,130 - INFO - CaseID:933 - QUERY字段：基础语义模糊匹配通过
2026-03-02 16:00:17,131 - INFO - CaseID:933 - 整体结果: PASS | 详情: 所有字段校验通过
2026-03-02 16:00:18,266 - INFO - CaseID:934 - QUERY字段：基础语义模糊匹配通过
2026-03-02 16:00:18,267 - INFO - CaseID:934 - 整体结果: PASS | 详情: 所有字段校验通过
2026-03-02 16:00:20,817 - INFO - CaseID:935 - QUERY字段：语义匹配失败，但visual_search链路意图匹配通过
2026-03-02 16:00:20,817 - INFO - CaseID:935 - 整体结果: PASS | 详情: 所有字段校验通过
2026-03-02 16:00:22,004 - INFO - CaseID:936 - QUERY字段：基础语义模糊匹配通过
2026-03-02 16:00:22,004 - INFO - CaseID:936 - 整体结果: PASS | 详情: 所有字段校验通过
2026-03-02 16:00:23,128 - INFO - CaseID:937 - QUERY字段：基础语义模糊匹配通过
2026-03-02 16:00:23,128 - INFO - CaseID:937 - 整体结果: PASS | 详情: 所有字段校验通过
2026-03-02 16:00:23,129 - INFO - CaseID:938 - QUERY字段：基础语义模糊匹配通过
2026-03-02 16:00:23,129 - INFO - CaseID:938 - 整体结果: PASS | 详情: 所有字段校验通过
2026-03-02 16:00:24,442 - INFO - CaseID:939 - QUERY字段：基础语义模糊匹配通过
2026-03-02 16:00:24,443 - INFO - CaseID:939 - 整体结果: PASS | 详情: 所有字段校验通过
2026-03-02 16:00:26,990 - INFO - CaseID:940 - QUERY字段：语义匹配失败，但visual_search链路意图匹配通过
2026-03-02 16:00:26,990 - INFO - CaseID:940 - 整体结果: PASS | 详情: 所有字段校验通过
2026-03-02 16:00:28,237 - INFO - CaseID:941 - QUERY字段：基础语义模糊匹配通过
2026-03-02 16:00:28,237 - INFO - CaseID:941 - 整体结果: PASS | 详情: 所有字段校验通过
2026-03-02 16:00:29,880 - INFO - CaseID:942 - QUERY字段：基础语义模糊匹配通过
2026-03-02 16:00:29,880 - INFO - CaseID:942 - 整体结果: PASS | 详情: 所有字段校验通过
2026-03-02 16:00:31,670 - INFO - CaseID:943 - QUERY字段：基础语义模糊匹配通过
2026-03-02 16:00:31,670 - INFO - CaseID:943 - 整体结果: PASS | 详情: 所有字段校验通过
2026-03-02 16:00:32,790 - INFO - CaseID:944 - QUERY字段：基础语义模糊匹配通过
2026-03-02 16:00:32,790 - INFO - CaseID:944 - 整体结果: PASS | 详情: 所有字段校验通过
2026-03-02 16:00:34,240 - INFO - CaseID:945 - QUERY字段：基础语义模糊匹配通过
2026-03-02 16:00:34,240 - INFO - CaseID:945 - 整体结果: PASS | 详情: 所有字段校验通过
2026-03-02 16:00:37,240 - INFO - CaseID:946 - 整体结果: FAILED | 详情: QUERY不匹配：语义和visual_search链路意图均不一致 - 预期[识别当前摄像头画面中的书籍名称或ISBN]，实际[这个书在哪里能买到呀]
2026-03-02 16:00:39,798 - INFO - CaseID:947 - QUERY字段：语义匹配失败，但visual_search链路意图匹配通过
2026-03-02 16:00:39,799 - INFO - CaseID:947 - 整体结果: PASS | 详情: 所有字段校验通过
2026-03-02 16:00:41,200 - INFO - CaseID:948 - QUERY字段：基础语义模糊匹配通过
2026-03-02 16:00:41,200 - INFO - CaseID:948 - 整体结果: PASS | 详情: 所有字段校验通过
2026-03-02 16:00:44,162 - INFO - CaseID:949 - QUERY字段：语义匹配失败，但visual_search链路意图匹配通过
2026-03-02 16:00:44,163 - INFO - CaseID:949 - 整体结果: PASS | 详情: 所有字段校验通过
2026-03-02 16:00:46,676 - INFO - CaseID:950 - QUERY字段：语义匹配失败，但visual_search链路意图匹配通过
2026-03-02 16:00:46,677 - INFO - CaseID:950 - 整体结果: PASS | 详情: 所有字段校验通过
2026-03-02 16:00:47,928 - INFO - CaseID:951 - QUERY字段：基础语义模糊匹配通过
2026-03-02 16:00:47,928 - INFO - CaseID:951 - 整体结果: PASS | 详情: 所有字段校验通过
2026-03-02 16:00:50,511 - INFO - CaseID:952 - QUERY字段：语义匹配失败，但visual_search链路意图匹配通过
2026-03-02 16:00:50,511 - INFO - CaseID:952 - 整体结果: PASS | 详情: 所有字段校验通过
2026-03-02 16:00:51,747 - INFO - CaseID:953 - QUERY字段：基础语义模糊匹配通过
2026-03-02 16:00:51,747 - INFO - CaseID:953 - 整体结果: PASS | 详情: 所有字段校验通过
2026-03-02 16:00:53,994 - INFO - CaseID:954 - QUERY字段：基础语义模糊匹配通过
2026-03-02 16:00:53,996 - INFO - CaseID:954 - 整体结果: PASS | 详情: 所有字段校验通过
2026-03-02 16:00:55,604 - INFO - CaseID:955 - QUERY字段：基础语义模糊匹配通过
2026-03-02 16:00:55,605 - INFO - CaseID:955 - 整体结果: PASS | 详情: 所有字段校验通过
2026-03-02 16:00:58,292 - INFO - CaseID:956 - QUERY字段：语义匹配失败，但visual_search链路意图匹配通过
2026-03-02 16:00:58,292 - INFO - CaseID:956 - 整体结果: PASS | 详情: 所有字段校验通过
2026-03-02 16:00:59,728 - INFO - CaseID:957 - QUERY字段：基础语义模糊匹配通过
2026-03-02 16:00:59,729 - INFO - CaseID:957 - 整体结果: PASS | 详情: 所有字段校验通过
2026-03-02 16:01:02,184 - INFO - CaseID:958 - QUERY字段：语义匹配失败，但visual_search链路意图匹配通过
2026-03-02 16:01:02,185 - INFO - CaseID:958 - 整体结果: PASS | 详情: 所有字段校验通过
2026-03-02 16:01:05,006 - INFO - CaseID:959 - 整体结果: FAILED | 详情: QUERY不匹配：语义和visual_search链路意图均不一致 - 预期[识别当前摄像头画面中的书籍名称或封面信息]，实际[这本书的作者是谁]
2026-03-02 16:01:06,354 - INFO - CaseID:960 - QUERY字段：基础语义模糊匹配通过
2026-03-02 16:01:06,355 - INFO - CaseID:960 - 整体结果: PASS | 详情: 所有字段校验通过
2026-03-02 16:01:08,616 - INFO - CaseID:961 - QUERY字段：语义匹配失败，但visual_search链路意图匹配通过
2026-03-02 16:01:08,616 - INFO - CaseID:961 - 整体结果: PASS | 详情: 所有字段校验通过
2026-03-02 16:01:08,616 - INFO - CaseID:962 - QUERY字段：基础语义模糊匹配通过
2026-03-02 16:01:08,616 - INFO - CaseID:962 - 整体结果: PASS | 详情: 所有字段校验通过
2026-03-02 16:01:11,333 - INFO - CaseID:963 - QUERY字段：语义匹配失败，但visual_search链路意图匹配通过
2026-03-02 16:01:11,333 - INFO - CaseID:963 - 整体结果: PASS | 详情: 所有字段校验通过
2026-03-02 16:01:12,651 - INFO - CaseID:964 - QUERY字段：基础语义模糊匹配通过
2026-03-02 16:01:12,651 - INFO - CaseID:964 - 整体结果: PASS | 详情: 所有字段校验通过
2026-03-02 16:01:15,001 - INFO - CaseID:965 - QUERY字段：语义匹配失败，但visual_search链路意图匹配通过
2026-03-02 16:01:15,001 - INFO - CaseID:965 - 整体结果: PASS | 详情: 所有字段校验通过
2026-03-02 16:01:17,467 - INFO - CaseID:966 - QUERY字段：语义匹配失败，但visual_search链路意图匹配通过
2026-03-02 16:01:17,468 - INFO - CaseID:966 - 整体结果: PASS | 详情: 所有字段校验通过
2026-03-02 16:01:18,692 - INFO - CaseID:967 - QUERY字段：基础语义模糊匹配通过
2026-03-02 16:01:18,692 - INFO - CaseID:967 - 整体结果: PASS | 详情: 所有字段校验通过
2026-03-02 16:01:19,826 - INFO - CaseID:968 - QUERY字段：基础语义模糊匹配通过
2026-03-02 16:01:19,827 - INFO - CaseID:968 - 整体结果: PASS | 详情: 所有字段校验通过
2026-03-02 16:01:21,205 - INFO - CaseID:969 - QUERY字段：基础语义模糊匹配通过
2026-03-02 16:01:21,205 - INFO - CaseID:969 - 整体结果: PASS | 详情: 所有字段校验通过
2026-03-02 16:01:22,773 - INFO - CaseID:970 - QUERY字段：基础语义模糊匹配通过
2026-03-02 16:01:22,773 - INFO - CaseID:970 - 整体结果: PASS | 详情: 所有字段校验通过
2026-03-02 16:01:24,000 - INFO - CaseID:971 - QUERY字段：基础语义模糊匹配通过
2026-03-02 16:01:24,001 - INFO - CaseID:971 - 整体结果: PASS | 详情: 所有字段校验通过
2026-03-02 16:01:26,449 - INFO - CaseID:972 - 整体结果: FAILED | 详情: QUERY不匹配：语义和visual_search链路意图均不一致 - 预期[识别当前摄像头画面中的物品]，实际[这东西在那可以买到]
2026-03-02 16:01:29,283 - INFO - CaseID:973 - QUERY字段：语义匹配失败，但visual_search链路意图匹配通过
2026-03-02 16:01:29,283 - INFO - CaseID:973 - 整体结果: PASS | 详情: 所有字段校验通过
2026-03-02 16:01:31,674 - INFO - CaseID:974 - QUERY字段：语义匹配失败，但visual_search链路意图匹配通过
2026-03-02 16:01:31,675 - INFO - CaseID:974 - 整体结果: PASS | 详情: 所有字段校验通过
2026-03-02 16:01:34,061 - INFO - CaseID:975 - QUERY字段：语义匹配失败，但visual_search链路意图匹配通过
2026-03-02 16:01:34,061 - INFO - CaseID:975 - 整体结果: PASS | 详情: 所有字段校验通过
2026-03-02 16:01:39,459 - INFO - CaseID:976 - QUERY字段：语义匹配失败，但visual_search链路意图匹配通过
2026-03-02 16:01:39,460 - INFO - CaseID:976 - 整体结果: PASS | 详情: 所有字段校验通过
2026-03-02 16:01:40,628 - INFO - CaseID:977 - QUERY字段：基础语义模糊匹配通过
2026-03-02 16:01:40,629 - INFO - CaseID:977 - 整体结果: PASS | 详情: 所有字段校验通过
2026-03-02 16:01:43,110 - INFO - CaseID:978 - QUERY字段：语义匹配失败，但visual_search链路意图匹配通过
2026-03-02 16:01:43,110 - INFO - CaseID:978 - 整体结果: PASS | 详情: 所有字段校验通过
2026-03-02 16:01:45,809 - INFO - CaseID:979 - QUERY字段：基础语义模糊匹配通过
2026-03-02 16:01:45,810 - INFO - CaseID:979 - 整体结果: PASS | 详情: 所有字段校验通过
2026-03-02 16:01:48,375 - INFO - CaseID:980 - QUERY字段：语义匹配失败，但visual_search链路意图匹配通过
2026-03-02 16:01:48,376 - INFO - CaseID:980 - 整体结果: PASS | 详情: 所有字段校验通过
2026-03-02 16:01:49,589 - INFO - CaseID:981 - QUERY字段：基础语义模糊匹配通过
2026-03-02 16:01:49,589 - INFO - CaseID:981 - 整体结果: PASS | 详情: 所有字段校验通过
2026-03-02 16:01:52,222 - INFO - CaseID:982 - QUERY字段：语义匹配失败，但visual_search链路意图匹配通过
2026-03-02 16:01:52,223 - INFO - CaseID:982 - 整体结果: PASS | 详情: 所有字段校验通过
2026-03-02 16:01:54,614 - INFO - CaseID:983 - 整体结果: FAILED | 详情: QUERY不匹配：语义和visual_search链路意图均不一致 - 预期[分析用户当前穿着的衣服款式、颜色搭配等视觉信息]，实际[这件衣服我穿着好看吗]
2026-03-02 16:01:56,047 - INFO - CaseID:984 - QUERY字段：基础语义模糊匹配通过
2026-03-02 16:01:56,047 - INFO - CaseID:984 - 整体结果: PASS | 详情: 所有字段校验通过
2026-03-02 16:01:57,163 - INFO - CaseID:985 - QUERY字段：基础语义模糊匹配通过
2026-03-02 16:01:57,164 - INFO - CaseID:985 - 整体结果: PASS | 详情: 所有字段校验通过
2026-03-02 16:02:00,062 - INFO - CaseID:986 - 整体结果: FAILED | 详情: QUERY不匹配：语义和visual_search链路意图均不一致 - 预期[你喜欢这个电影吗]，实际[当前画面中是否有电影相关的信息？]
2026-03-02 16:02:01,375 - INFO - CaseID:987 - QUERY字段：基础语义模糊匹配通过
2026-03-02 16:02:01,376 - INFO - CaseID:987 - 整体结果: PASS | 详情: 所有字段校验通过
2026-03-02 16:02:04,823 - INFO - CaseID:988 - QUERY字段：语义匹配失败，但visual_search链路意图匹配通过
2026-03-02 16:02:04,823 - INFO - CaseID:988 - 整体结果: PASS | 详情: 所有字段校验通过
2026-03-02 16:02:06,697 - INFO - CaseID:989 - QUERY字段：基础语义模糊匹配通过
2026-03-02 16:02:06,698 - INFO - CaseID:989 - 整体结果: PASS | 详情: 所有字段校验通过
2026-03-02 16:02:07,928 - INFO - CaseID:990 - QUERY字段：基础语义模糊匹配通过
2026-03-02 16:02:07,929 - INFO - CaseID:990 - 整体结果: PASS | 详情: 所有字段校验通过
2026-03-02 16:02:09,358 - INFO - CaseID:991 - QUERY字段：基础语义模糊匹配通过
2026-03-02 16:02:09,359 - INFO - CaseID:991 - 整体结果: PASS | 详情: 所有字段校验通过
2026-03-02 16:02:10,562 - INFO - CaseID:992 - QUERY字段：基础语义模糊匹配通过
2026-03-02 16:02:10,563 - INFO - CaseID:992 - 整体结果: PASS | 详情: 所有字段校验通过
2026-03-02 16:02:11,940 - INFO - CaseID:993 - QUERY字段：基础语义模糊匹配通过
2026-03-02 16:02:11,941 - INFO - CaseID:993 - 整体结果: PASS | 详情: 所有字段校验通过
2026-03-02 16:02:15,433 - INFO - CaseID:994 - QUERY字段：语义匹配失败，但visual_search链路意图匹配通过
2026-03-02 16:02:15,434 - INFO - CaseID:994 - 整体结果: PASS | 详情: 所有字段校验通过
2026-03-02 16:02:16,750 - INFO - CaseID:995 - QUERY字段：基础语义模糊匹配通过
2026-03-02 16:02:16,750 - INFO - CaseID:995 - 整体结果: PASS | 详情: 所有字段校验通过
2026-03-02 16:02:18,274 - INFO - CaseID:996 - QUERY字段：基础语义模糊匹配通过
2026-03-02 16:02:18,275 - INFO - CaseID:996 - 整体结果: PASS | 详情: 所有字段校验通过
2026-03-02 16:02:19,837 - INFO - CaseID:997 - QUERY字段：基础语义模糊匹配通过
2026-03-02 16:02:19,837 - INFO - CaseID:997 - 整体结果: PASS | 详情: 所有字段校验通过
2026-03-02 16:02:22,733 - INFO - CaseID:998 - QUERY字段：语义匹配失败，但visual_search链路意图匹配通过
2026-03-02 16:02:22,734 - INFO - CaseID:998 - 整体结果: PASS | 详情: 所有字段校验通过
2026-03-02 16:02:24,123 - INFO - CaseID:999 - QUERY字段：基础语义模糊匹配通过
2026-03-02 16:02:24,123 - INFO - CaseID:999 - 整体结果: PASS | 详情: 所有字段校验通过
2026-03-02 16:02:25,334 - INFO - CaseID:1000 - QUERY字段：基础语义模糊匹配通过
2026-03-02 16:02:25,335 - INFO - CaseID:1000 - 整体结果: PASS | 详情: 所有字段校验通过
2026-03-02 16:02:25,335 - INFO - 进度：1000/2542  通过：978  通过率：97.80%
2026-03-02 16:02:26,521 - INFO - CaseID:1001 - QUERY字段：基础语义模糊匹配通过
2026-03-02 16:02:26,521 - INFO - CaseID:1001 - 整体结果: PASS | 详情: 所有字段校验通过
2026-03-02 16:02:26,522 - INFO - CaseID:1002 - QUERY字段：语义匹配失败，但visual_search链路意图匹配通过
2026-03-02 16:02:26,522 - INFO - CaseID:1002 - 整体结果: PASS | 详情: 所有字段校验通过
2026-03-02 16:02:28,075 - INFO - CaseID:1003 - QUERY字段：基础语义模糊匹配通过
2026-03-02 16:02:28,075 - INFO - CaseID:1003 - 整体结果: PASS | 详情: 所有字段校验通过
2026-03-02 16:02:29,430 - INFO - CaseID:1004 - QUERY字段：基础语义模糊匹配通过
2026-03-02 16:02:29,430 - INFO - CaseID:1004 - 整体结果: PASS | 详情: 所有字段校验通过
2026-03-02 16:02:30,660 - INFO - CaseID:1005 - QUERY字段：基础语义模糊匹配通过
2026-03-02 16:02:30,660 - INFO - CaseID:1005 - 整体结果: PASS | 详情: 所有字段校验通过
2026-03-02 16:02:32,746 - INFO - CaseID:1006 - QUERY字段：基础语义模糊匹配通过
2026-03-02 16:02:32,747 - INFO - CaseID:1006 - 整体结果: PASS | 详情: 所有字段校验通过
2026-03-02 16:02:34,102 - INFO - CaseID:1007 - QUERY字段：基础语义模糊匹配通过
2026-03-02 16:02:34,103 - INFO - CaseID:1007 - 整体结果: PASS | 详情: 所有字段校验通过
2026-03-02 16:02:35,271 - INFO - CaseID:1008 - QUERY字段：基础语义模糊匹配通过
2026-03-02 16:02:35,271 - INFO - CaseID:1008 - 整体结果: PASS | 详情: 所有字段校验通过
2026-03-02 16:02:36,600 - INFO - CaseID:1009 - QUERY字段：基础语义模糊匹配通过
2026-03-02 16:02:36,600 - INFO - CaseID:1009 - 整体结果: PASS | 详情: 所有字段校验通过
2026-03-02 16:02:37,883 - INFO - CaseID:1010 - QUERY字段：基础语义模糊匹配通过
2026-03-02 16:02:37,883 - INFO - CaseID:1010 - 整体结果: PASS | 详情: 所有字段校验通过
2026-03-02 16:02:39,669 - INFO - CaseID:1011 - QUERY字段：基础语义模糊匹配通过
2026-03-02 16:02:39,670 - INFO - CaseID:1011 - 整体结果: PASS | 详情: 所有字段校验通过
2026-03-02 16:02:40,849 - INFO - CaseID:1012 - QUERY字段：基础语义模糊匹配通过
2026-03-02 16:02:40,850 - INFO - CaseID:1012 - 整体结果: PASS | 详情: 所有字段校验通过
2026-03-02 16:02:42,945 - INFO - CaseID:1013 - QUERY字段：基础语义模糊匹配通过
2026-03-02 16:02:42,946 - INFO - CaseID:1013 - 整体结果: PASS | 详情: 所有字段校验通过
2026-03-02 16:02:44,794 - INFO - CaseID:1014 - QUERY字段：基础语义模糊匹配通过
2026-03-02 16:02:44,795 - INFO - CaseID:1014 - 整体结果: PASS | 详情: 所有字段校验通过
2026-03-02 16:02:46,634 - INFO - CaseID:1015 - QUERY字段：基础语义模糊匹配通过
2026-03-02 16:02:46,635 - INFO - CaseID:1015 - 整体结果: PASS | 详情: 所有字段校验通过
2026-03-02 16:02:47,837 - INFO - CaseID:1016 - QUERY字段：基础语义模糊匹配通过
2026-03-02 16:02:47,838 - INFO - CaseID:1016 - 整体结果: PASS | 详情: 所有字段校验通过
2026-03-02 16:02:49,090 - INFO - CaseID:1017 - QUERY字段：基础语义模糊匹配通过
2026-03-02 16:02:49,091 - INFO - CaseID:1017 - 整体结果: PASS | 详情: 所有字段校验通过
2026-03-02 16:02:50,335 - INFO - CaseID:1018 - QUERY字段：基础语义模糊匹配通过
2026-03-02 16:02:50,336 - INFO - CaseID:1018 - 整体结果: PASS | 详情: 所有字段校验通过
2026-03-02 16:02:51,887 - INFO - CaseID:1019 - QUERY字段：基础语义模糊匹配通过
2026-03-02 16:02:51,888 - INFO - CaseID:1019 - 整体结果: PASS | 详情: 所有字段校验通过
2026-03-02 16:02:55,093 - INFO - CaseID:1020 - QUERY字段：语义匹配失败，但visual_search链路意图匹配通过
2026-03-02 16:02:55,093 - INFO - CaseID:1020 - 整体结果: PASS | 详情: 所有字段校验通过
2026-03-02 16:02:57,488 - INFO - CaseID:1021 - QUERY字段：语义匹配失败，但visual_search链路意图匹配通过
2026-03-02 16:02:57,488 - INFO - CaseID:1021 - 整体结果: PASS | 详情: 所有字段校验通过
2026-03-02 16:02:58,722 - INFO - CaseID:1022 - QUERY字段：基础语义模糊匹配通过
2026-03-02 16:02:58,724 - INFO - CaseID:1022 - 整体结果: PASS | 详情: 所有字段校验通过
2026-03-02 16:03:00,011 - INFO - CaseID:1023 - QUERY字段：基础语义模糊匹配通过
2026-03-02 16:03:00,012 - INFO - CaseID:1023 - 整体结果: PASS | 详情: 所有字段校验通过
2026-03-02 16:03:01,174 - INFO - CaseID:1024 - QUERY字段：基础语义模糊匹配通过
2026-03-02 16:03:01,175 - INFO - CaseID:1024 - 整体结果: PASS | 详情: 所有字段校验通过
2026-03-02 16:03:02,498 - INFO - CaseID:1025 - QUERY字段：基础语义模糊匹配通过
2026-03-02 16:03:02,499 - INFO - CaseID:1025 - 整体结果: PASS | 详情: 所有字段校验通过
2026-03-02 16:03:03,577 - INFO - CaseID:1026 - QUERY字段：基础语义模糊匹配通过
2026-03-02 16:03:03,578 - INFO - CaseID:1026 - 整体结果: PASS | 详情: 所有字段校验通过
2026-03-02 16:03:06,097 - INFO - CaseID:1027 - QUERY字段：语义匹配失败，但visual_search链路意图匹配通过
2026-03-02 16:03:06,098 - INFO - CaseID:1027 - 整体结果: PASS | 详情: 所有字段校验通过
2026-03-02 16:03:09,282 - INFO - CaseID:1028 - QUERY字段：基础语义模糊匹配通过
2026-03-02 16:03:09,283 - INFO - CaseID:1028 - 整体结果: PASS | 详情: 所有字段校验通过
2026-03-02 16:03:12,063 - INFO - CaseID:1029 - QUERY字段：语义匹配失败，但visual_search链路意图匹配通过
2026-03-02 16:03:12,063 - INFO - CaseID:1029 - 整体结果: PASS | 详情: 所有字段校验通过
2026-03-02 16:03:12,064 - INFO - CaseID:1030 - QUERY字段：语义匹配失败，但visual_search链路意图匹配通过
2026-03-02 16:03:12,064 - INFO - CaseID:1030 - 整体结果: PASS | 详情: 所有字段校验通过
2026-03-02 16:03:13,461 - INFO - CaseID:1031 - QUERY字段：基础语义模糊匹配通过
2026-03-02 16:03:13,461 - INFO - CaseID:1031 - 整体结果: PASS | 详情: 所有字段校验通过
2026-03-02 16:03:14,523 - INFO - CaseID:1032 - QUERY字段：基础语义模糊匹配通过
2026-03-02 16:03:14,523 - INFO - CaseID:1032 - 整体结果: PASS | 详情: 所有字段校验通过
2026-03-02 16:03:16,014 - INFO - CaseID:1033 - QUERY字段：基础语义模糊匹配通过
2026-03-02 16:03:16,014 - INFO - CaseID:1033 - 整体结果: PASS | 详情: 所有字段校验通过
2026-03-02 16:03:19,177 - INFO - CaseID:1034 - QUERY字段：语义匹配失败，但visual_search链路意图匹配通过
2026-03-02 16:03:19,178 - INFO - CaseID:1034 - 整体结果: PASS | 详情: 所有字段校验通过
2026-03-02 16:03:21,478 - INFO - CaseID:1035 - QUERY字段：语义匹配失败，但visual_search链路意图匹配通过
2026-03-02 16:03:21,478 - INFO - CaseID:1035 - 整体结果: PASS | 详情: 所有字段校验通过
2026-03-02 16:03:22,792 - INFO - CaseID:1036 - QUERY字段：基础语义模糊匹配通过
2026-03-02 16:03:22,793 - INFO - CaseID:1036 - 整体结果: PASS | 详情: 所有字段校验通过
2026-03-02 16:03:22,793 - INFO - CaseID:1037 - QUERY字段：基础语义模糊匹配通过
2026-03-02 16:03:22,793 - INFO - CaseID:1037 - 整体结果: PASS | 详情: 所有字段校验通过
2026-03-02 16:03:24,111 - INFO - CaseID:1038 - QUERY字段：基础语义模糊匹配通过
2026-03-02 16:03:24,112 - INFO - CaseID:1038 - 整体结果: PASS | 详情: 所有字段校验通过
2026-03-02 16:03:25,420 - INFO - CaseID:1039 - QUERY字段：基础语义模糊匹配通过
2026-03-02 16:03:25,421 - INFO - CaseID:1039 - 整体结果: PASS | 详情: 所有字段校验通过
2026-03-02 16:03:27,763 - INFO - CaseID:1040 - QUERY字段：语义匹配失败，但visual_search链路意图匹配通过
2026-03-02 16:03:27,763 - INFO - CaseID:1040 - 整体结果: PASS | 详情: 所有字段校验通过
2026-03-02 16:03:28,988 - INFO - CaseID:1041 - QUERY字段：基础语义模糊匹配通过
2026-03-02 16:03:28,988 - INFO - CaseID:1041 - 整体结果: PASS | 详情: 所有字段校验通过
2026-03-02 16:03:30,083 - INFO - CaseID:1042 - QUERY字段：基础语义模糊匹配通过
2026-03-02 16:03:30,083 - INFO - CaseID:1042 - 整体结果: PASS | 详情: 所有字段校验通过
2026-03-02 16:03:33,093 - INFO - CaseID:1043 - QUERY字段：语义匹配失败，但visual_search链路意图匹配通过
2026-03-02 16:03:33,093 - INFO - CaseID:1043 - 整体结果: PASS | 详情: 所有字段校验通过
2026-03-02 16:03:34,690 - INFO - CaseID:1044 - QUERY字段：基础语义模糊匹配通过
2026-03-02 16:03:34,691 - INFO - CaseID:1044 - 整体结果: PASS | 详情: 所有字段校验通过
2026-03-02 16:03:36,062 - INFO - CaseID:1045 - QUERY字段：基础语义模糊匹配通过
2026-03-02 16:03:36,063 - INFO - CaseID:1045 - 整体结果: PASS | 详情: 所有字段校验通过
2026-03-02 16:03:37,219 - INFO - CaseID:1046 - QUERY字段：基础语义模糊匹配通过
2026-03-02 16:03:37,219 - INFO - CaseID:1046 - 整体结果: PASS | 详情: 所有字段校验通过
2026-03-02 16:03:38,373 - INFO - CaseID:1047 - QUERY字段：基础语义模糊匹配通过
2026-03-02 16:03:38,373 - INFO - CaseID:1047 - 整体结果: PASS | 详情: 所有字段校验通过
2026-03-02 16:03:38,374 - INFO - CaseID:1048 - QUERY字段：基础语义模糊匹配通过
2026-03-02 16:03:38,374 - INFO - CaseID:1048 - 整体结果: PASS | 详情: 所有字段校验通过
2026-03-02 16:03:40,782 - INFO - CaseID:1049 - QUERY字段：语义匹配失败，但visual_search链路意图匹配通过
2026-03-02 16:03:40,783 - INFO - CaseID:1049 - 整体结果: PASS | 详情: 所有字段校验通过
2026-03-02 16:03:41,847 - INFO - CaseID:1050 - QUERY字段：基础语义模糊匹配通过
2026-03-02 16:03:41,848 - INFO - CaseID:1050 - 整体结果: PASS | 详情: 所有字段校验通过
2026-03-02 16:03:43,891 - INFO - CaseID:1051 - QUERY字段：基础语义模糊匹配通过
2026-03-02 16:03:43,893 - INFO - CaseID:1051 - 整体结果: PASS | 详情: 所有字段校验通过
2026-03-02 16:03:45,207 - INFO - CaseID:1052 - QUERY字段：基础语义模糊匹配通过
2026-03-02 16:03:45,208 - INFO - CaseID:1052 - 整体结果: PASS | 详情: 所有字段校验通过
2026-03-02 16:03:46,370 - INFO - CaseID:1053 - QUERY字段：基础语义模糊匹配通过
2026-03-02 16:03:46,370 - INFO - CaseID:1053 - 整体结果: PASS | 详情: 所有字段校验通过
2026-03-02 16:03:47,539 - INFO - CaseID:1054 - QUERY字段：基础语义模糊匹配通过
2026-03-02 16:03:47,539 - INFO - CaseID:1054 - 整体结果: PASS | 详情: 所有字段校验通过
2026-03-02 16:03:48,812 - INFO - CaseID:1055 - QUERY字段：基础语义模糊匹配通过
2026-03-02 16:03:48,813 - INFO - CaseID:1055 - 整体结果: PASS | 详情: 所有字段校验通过
2026-03-02 16:03:50,191 - INFO - CaseID:1056 - QUERY字段：基础语义模糊匹配通过
2026-03-02 16:03:50,191 - INFO - CaseID:1056 - 整体结果: PASS | 详情: 所有字段校验通过
2026-03-02 16:03:53,629 - INFO - CaseID:1057 - QUERY字段：语义匹配失败，但visual_search链路意图匹配通过
2026-03-02 16:03:53,629 - INFO - CaseID:1057 - 整体结果: PASS | 详情: 所有字段校验通过
2026-03-02 16:03:55,057 - INFO - CaseID:1058 - QUERY字段：基础语义模糊匹配通过
2026-03-02 16:03:55,057 - INFO - CaseID:1058 - 整体结果: PASS | 详情: 所有字段校验通过
2026-03-02 16:03:56,470 - INFO - CaseID:1059 - QUERY字段：基础语义模糊匹配通过
2026-03-02 16:03:56,471 - INFO - CaseID:1059 - 整体结果: PASS | 详情: 所有字段校验通过
2026-03-02 16:03:57,803 - INFO - CaseID:1060 - QUERY字段：基础语义模糊匹配通过
2026-03-02 16:03:57,804 - INFO - CaseID:1060 - 整体结果: PASS | 详情: 所有字段校验通过
2026-03-02 16:03:57,804 - INFO - CaseID:1061 - QUERY字段：基础语义模糊匹配通过
2026-03-02 16:03:57,804 - INFO - CaseID:1061 - 整体结果: PASS | 详情: 所有字段校验通过
2026-03-02 16:03:59,323 - INFO - CaseID:1062 - QUERY字段：基础语义模糊匹配通过
2026-03-02 16:03:59,324 - INFO - CaseID:1062 - 整体结果: PASS | 详情: 所有字段校验通过
2026-03-02 16:04:00,649 - INFO - CaseID:1063 - QUERY字段：基础语义模糊匹配通过
2026-03-02 16:04:00,650 - INFO - CaseID:1063 - 整体结果: PASS | 详情: 所有字段校验通过
2026-03-02 16:04:02,415 - INFO - CaseID:1064 - QUERY字段：基础语义模糊匹配通过
2026-03-02 16:04:02,416 - INFO - CaseID:1064 - 整体结果: PASS | 详情: 所有字段校验通过
2026-03-02 16:04:05,310 - INFO - CaseID:1065 - QUERY字段：语义匹配失败，但visual_search链路意图匹配通过
2026-03-02 16:04:05,310 - INFO - CaseID:1065 - 整体结果: PASS | 详情: 所有字段校验通过
2026-03-02 16:04:08,271 - INFO - CaseID:1066 - QUERY字段：语义匹配失败，但visual_search链路意图匹配通过
2026-03-02 16:04:08,271 - INFO - CaseID:1066 - 整体结果: PASS | 详情: 所有字段校验通过
2026-03-02 16:04:10,796 - INFO - CaseID:1067 - QUERY字段：语义匹配失败，但visual_search链路意图匹配通过
2026-03-02 16:04:10,796 - INFO - CaseID:1067 - 整体结果: PASS | 详情: 所有字段校验通过
2026-03-02 16:04:12,678 - INFO - CaseID:1068 - QUERY字段：基础语义模糊匹配通过
2026-03-02 16:04:12,678 - INFO - CaseID:1068 - 整体结果: PASS | 详情: 所有字段校验通过
2026-03-02 16:04:15,069 - INFO - CaseID:1069 - QUERY字段：语义匹配失败，但visual_search链路意图匹配通过
2026-03-02 16:04:15,069 - INFO - CaseID:1069 - 整体结果: PASS | 详情: 所有字段校验通过
2026-03-02 16:04:18,179 - INFO - CaseID:1070 - QUERY字段：语义匹配失败，但visual_search链路意图匹配通过
2026-03-02 16:04:18,179 - INFO - CaseID:1070 - 整体结果: PASS | 详情: 所有字段校验通过
2026-03-02 16:04:20,812 - INFO - CaseID:1071 - QUERY字段：语义匹配失败，但visual_search链路意图匹配通过
2026-03-02 16:04:20,813 - INFO - CaseID:1071 - 整体结果: PASS | 详情: 所有字段校验通过
2026-03-02 16:04:22,562 - INFO - CaseID:1072 - QUERY字段：基础语义模糊匹配通过
2026-03-02 16:04:22,563 - INFO - CaseID:1072 - 整体结果: PASS | 详情: 所有字段校验通过
2026-03-02 16:04:24,970 - INFO - CaseID:1073 - QUERY字段：语义匹配失败，但visual_search链路意图匹配通过
2026-03-02 16:04:24,970 - INFO - CaseID:1073 - 整体结果: PASS | 详情: 所有字段校验通过
2026-03-02 16:04:27,895 - INFO - CaseID:1074 - QUERY字段：语义匹配失败，但visual_search链路意图匹配通过
2026-03-02 16:04:27,897 - INFO - CaseID:1074 - 整体结果: PASS | 详情: 所有字段校验通过
2026-03-02 16:04:29,238 - INFO - CaseID:1075 - QUERY字段：基础语义模糊匹配通过
2026-03-02 16:04:29,238 - INFO - CaseID:1075 - 整体结果: PASS | 详情: 所有字段校验通过
2026-03-02 16:04:32,108 - INFO - CaseID:1076 - QUERY字段：基础语义模糊匹配通过
2026-03-02 16:04:32,108 - INFO - CaseID:1076 - 整体结果: PASS | 详情: 所有字段校验通过
2026-03-02 16:04:34,828 - INFO - CaseID:1077 - QUERY字段：基础语义模糊匹配通过
2026-03-02 16:04:34,829 - INFO - CaseID:1077 - 整体结果: PASS | 详情: 所有字段校验通过
2026-03-02 16:04:37,256 - INFO - CaseID:1078 - 整体结果: FAILED | 详情: QUERY不匹配：语义和visual_search链路意图均不一致 - 预期[识别用户当前穿着的衣服款式、颜色、材质等特征]，实际[我这衣服适合什么季节穿]
2026-03-02 16:04:39,784 - INFO - CaseID:1079 - QUERY字段：基础语义模糊匹配通过
2026-03-02 16:04:39,784 - INFO - CaseID:1079 - 整体结果: PASS | 详情: 所有字段校验通过
2026-03-02 16:04:41,069 - INFO - CaseID:1080 - QUERY字段：基础语义模糊匹配通过
2026-03-02 16:04:41,070 - INFO - CaseID:1080 - 整体结果: PASS | 详情: 所有字段校验通过
2026-03-02 16:04:42,346 - INFO - CaseID:1081 - QUERY字段：基础语义模糊匹配通过
2026-03-02 16:04:42,347 - INFO - CaseID:1081 - 整体结果: PASS | 详情: 所有字段校验通过
2026-03-02 16:04:43,804 - INFO - CaseID:1082 - QUERY字段：基础语义模糊匹配通过
2026-03-02 16:04:43,804 - INFO - CaseID:1082 - 整体结果: PASS | 详情: 所有字段校验通过
2026-03-02 16:04:45,743 - INFO - CaseID:1083 - QUERY字段：基础语义模糊匹配通过
2026-03-02 16:04:45,744 - INFO - CaseID:1083 - 整体结果: PASS | 详情: 所有字段校验通过
2026-03-02 16:04:48,077 - INFO - CaseID:1084 - QUERY字段：基础语义模糊匹配通过
2026-03-02 16:04:48,079 - INFO - CaseID:1084 - 整体结果: PASS | 详情: 所有字段校验通过
2026-03-02 16:04:49,474 - INFO - CaseID:1085 - QUERY字段：基础语义模糊匹配通过
2026-03-02 16:04:49,474 - INFO - CaseID:1085 - 整体结果: PASS | 详情: 所有字段校验通过
2026-03-02 16:04:50,702 - INFO - CaseID:1086 - QUERY字段：基础语义模糊匹配通过
2026-03-02 16:04:50,703 - INFO - CaseID:1086 - 整体结果: PASS | 详情: 所有字段校验通过
2026-03-02 16:04:52,185 - INFO - CaseID:1087 - QUERY字段：基础语义模糊匹配通过
2026-03-02 16:04:52,185 - INFO - CaseID:1087 - 整体结果: PASS | 详情: 所有字段校验通过
2026-03-02 16:04:53,665 - INFO - CaseID:1088 - QUERY字段：基础语义模糊匹配通过
2026-03-02 16:04:53,665 - INFO - CaseID:1088 - 整体结果: PASS | 详情: 所有字段校验通过
2026-03-02 16:04:55,044 - INFO - CaseID:1089 - QUERY字段：基础语义模糊匹配通过
2026-03-02 16:04:55,044 - INFO - CaseID:1089 - 整体结果: PASS | 详情: 所有字段校验通过
2026-03-02 16:04:56,428 - INFO - CaseID:1090 - QUERY字段：基础语义模糊匹配通过
2026-03-02 16:04:56,429 - INFO - CaseID:1090 - 整体结果: PASS | 详情: 所有字段校验通过
2026-03-02 16:04:57,995 - INFO - CaseID:1091 - QUERY字段：基础语义模糊匹配通过
2026-03-02 16:04:57,995 - INFO - CaseID:1091 - 整体结果: PASS | 详情: 所有字段校验通过
2026-03-02 16:04:59,410 - INFO - CaseID:1092 - QUERY字段：基础语义模糊匹配通过
2026-03-02 16:04:59,410 - INFO - CaseID:1092 - 整体结果: PASS | 详情: 所有字段校验通过
2026-03-02 16:05:00,633 - INFO - CaseID:1093 - QUERY字段：基础语义模糊匹配通过
2026-03-02 16:05:00,634 - INFO - CaseID:1093 - 整体结果: PASS | 详情: 所有字段校验通过
2026-03-02 16:05:03,331 - INFO - CaseID:1094 - QUERY字段：语义匹配失败，但visual_search链路意图匹配通过
2026-03-02 16:05:03,333 - INFO - CaseID:1094 - 整体结果: PASS | 详情: 所有字段校验通过
2026-03-02 16:05:04,788 - INFO - CaseID:1095 - QUERY字段：基础语义模糊匹配通过
2026-03-02 16:05:04,788 - INFO - CaseID:1095 - 整体结果: PASS | 详情: 所有字段校验通过
2026-03-02 16:05:07,278 - INFO - CaseID:1096 - QUERY字段：语义匹配失败，但visual_search链路意图匹配通过
2026-03-02 16:05:07,279 - INFO - CaseID:1096 - 整体结果: PASS | 详情: 所有字段校验通过
2026-03-02 16:05:08,829 - INFO - CaseID:1097 - QUERY字段：基础语义模糊匹配通过
2026-03-02 16:05:08,829 - INFO - CaseID:1097 - 整体结果: PASS | 详情: 所有字段校验通过
2026-03-02 16:05:10,087 - INFO - CaseID:1098 - QUERY字段：基础语义模糊匹配通过
2026-03-02 16:05:10,087 - INFO - CaseID:1098 - 整体结果: PASS | 详情: 所有字段校验通过
2026-03-02 16:05:11,895 - INFO - CaseID:1099 - QUERY字段：基础语义模糊匹配通过
2026-03-02 16:05:11,897 - INFO - CaseID:1099 - 整体结果: PASS | 详情: 所有字段校验通过
2026-03-02 16:05:15,048 - INFO - CaseID:1100 - QUERY字段：语义匹配失败，但visual_search链路意图匹配通过
2026-03-02 16:05:15,049 - INFO - CaseID:1100 - 整体结果: PASS | 详情: 所有字段校验通过
2026-03-02 16:05:16,280 - INFO - CaseID:1101 - QUERY字段：基础语义模糊匹配通过
2026-03-02 16:05:16,280 - INFO - CaseID:1101 - 整体结果: PASS | 详情: 所有字段校验通过
2026-03-02 16:05:19,198 - INFO - CaseID:1102 - QUERY字段：语义匹配失败，但visual_search链路意图匹配通过
2026-03-02 16:05:19,199 - INFO - CaseID:1102 - 整体结果: PASS | 详情: 所有字段校验通过
2026-03-02 16:05:20,691 - INFO - CaseID:1103 - QUERY字段：基础语义模糊匹配通过
2026-03-02 16:05:20,691 - INFO - CaseID:1103 - 整体结果: PASS | 详情: 所有字段校验通过
2026-03-02 16:05:22,481 - INFO - CaseID:1104 - QUERY字段：基础语义模糊匹配通过
2026-03-02 16:05:22,482 - INFO - CaseID:1104 - 整体结果: PASS | 详情: 所有字段校验通过
2026-03-02 16:05:25,355 - INFO - CaseID:1105 - QUERY字段：语义匹配失败，但visual_search链路意图匹配通过
2026-03-02 16:05:25,356 - INFO - CaseID:1105 - 整体结果: PASS | 详情: 所有字段校验通过
2026-03-02 16:05:27,083 - INFO - CaseID:1106 - QUERY字段：基础语义模糊匹配通过
2026-03-02 16:05:27,084 - INFO - CaseID:1106 - 整体结果: PASS | 详情: 所有字段校验通过
2026-03-02 16:05:28,284 - INFO - CaseID:1107 - QUERY字段：基础语义模糊匹配通过
2026-03-02 16:05:28,285 - INFO - CaseID:1107 - 整体结果: PASS | 详情: 所有字段校验通过
2026-03-02 16:05:29,589 - INFO - CaseID:1108 - QUERY字段：基础语义模糊匹配通过
2026-03-02 16:05:29,590 - INFO - CaseID:1108 - 整体结果: PASS | 详情: 所有字段校验通过
2026-03-02 16:05:31,090 - INFO - CaseID:1109 - QUERY字段：基础语义模糊匹配通过
2026-03-02 16:05:31,091 - INFO - CaseID:1109 - 整体结果: PASS | 详情: 所有字段校验通过
2026-03-02 16:05:32,523 - INFO - CaseID:1110 - QUERY字段：基础语义模糊匹配通过
2026-03-02 16:05:32,524 - INFO - CaseID:1110 - 整体结果: PASS | 详情: 所有字段校验通过
2026-03-02 16:05:33,732 - INFO - CaseID:1111 - QUERY字段：基础语义模糊匹配通过
2026-03-02 16:05:33,732 - INFO - CaseID:1111 - 整体结果: PASS | 详情: 所有字段校验通过
2026-03-02 16:05:35,158 - INFO - CaseID:1112 - QUERY字段：基础语义模糊匹配通过
2026-03-02 16:05:35,159 - INFO - CaseID:1112 - 整体结果: PASS | 详情: 所有字段校验通过
2026-03-02 16:05:36,420 - INFO - CaseID:1113 - QUERY字段：基础语义模糊匹配通过
2026-03-02 16:05:36,421 - INFO - CaseID:1113 - 整体结果: PASS | 详情: 所有字段校验通过
2026-03-02 16:05:37,630 - INFO - CaseID:1114 - QUERY字段：基础语义模糊匹配通过
2026-03-02 16:05:37,630 - INFO - CaseID:1114 - 整体结果: PASS | 详情: 所有字段校验通过
2026-03-02 16:05:41,124 - INFO - CaseID:1115 - QUERY字段：语义匹配失败，但visual_search链路意图匹配通过
2026-03-02 16:05:41,125 - INFO - CaseID:1115 - 整体结果: PASS | 详情: 所有字段校验通过
2026-03-02 16:05:44,057 - INFO - CaseID:1116 - QUERY字段：语义匹配失败，但visual_search链路意图匹配通过
2026-03-02 16:05:44,057 - INFO - CaseID:1116 - 整体结果: PASS | 详情: 所有字段校验通过
2026-03-02 16:05:47,475 - INFO - CaseID:1117 - QUERY字段：语义匹配失败，但visual_search链路意图匹配通过
2026-03-02 16:05:47,476 - INFO - CaseID:1117 - 整体结果: PASS | 详情: 所有字段校验通过
2026-03-02 16:05:48,617 - INFO - CaseID:1118 - QUERY字段：基础语义模糊匹配通过
2026-03-02 16:05:48,617 - INFO - CaseID:1118 - 整体结果: PASS | 详情: 所有字段校验通过
2026-03-02 16:05:49,930 - INFO - CaseID:1119 - QUERY字段：基础语义模糊匹配通过
2026-03-02 16:05:49,931 - INFO - CaseID:1119 - 整体结果: PASS | 详情: 所有字段校验通过
2026-03-02 16:05:51,285 - INFO - CaseID:1120 - QUERY字段：基础语义模糊匹配通过
2026-03-02 16:05:51,286 - INFO - CaseID:1120 - 整体结果: PASS | 详情: 所有字段校验通过
2026-03-02 16:05:53,678 - INFO - CaseID:1121 - QUERY字段：语义匹配失败，但visual_search链路意图匹配通过
2026-03-02 16:05:53,678 - INFO - CaseID:1121 - 整体结果: PASS | 详情: 所有字段校验通过
2026-03-02 16:05:57,643 - INFO - CaseID:1122 - QUERY字段：语义匹配失败，但visual_search链路意图匹配通过
2026-03-02 16:05:57,643 - INFO - CaseID:1122 - 整体结果: PASS | 详情: 所有字段校验通过
2026-03-02 16:06:00,129 - INFO - CaseID:1123 - QUERY字段：语义匹配失败，但visual_search链路意图匹配通过
2026-03-02 16:06:00,129 - INFO - CaseID:1123 - 整体结果: PASS | 详情: 所有字段校验通过
2026-03-02 16:06:01,448 - INFO - CaseID:1124 - QUERY字段：基础语义模糊匹配通过
2026-03-02 16:06:01,448 - INFO - CaseID:1124 - 整体结果: PASS | 详情: 所有字段校验通过
2026-03-02 16:06:02,704 - INFO - CaseID:1125 - QUERY字段：基础语义模糊匹配通过
2026-03-02 16:06:02,705 - INFO - CaseID:1125 - 整体结果: PASS | 详情: 所有字段校验通过
2026-03-02 16:06:04,052 - INFO - CaseID:1126 - QUERY字段：基础语义模糊匹配通过
2026-03-02 16:06:04,053 - INFO - CaseID:1126 - 整体结果: PASS | 详情: 所有字段校验通过
2026-03-02 16:06:06,048 - INFO - CaseID:1127 - QUERY字段：基础语义模糊匹配通过
2026-03-02 16:06:06,048 - INFO - CaseID:1127 - 整体结果: PASS | 详情: 所有字段校验通过
2026-03-02 16:06:07,816 - INFO - CaseID:1128 - QUERY字段：基础语义模糊匹配通过
2026-03-02 16:06:07,816 - INFO - CaseID:1128 - 整体结果: PASS | 详情: 所有字段校验通过
2026-03-02 16:06:10,411 - INFO - CaseID:1129 - QUERY字段：语义匹配失败，但visual_search链路意图匹配通过
2026-03-02 16:06:10,411 - INFO - CaseID:1129 - 整体结果: PASS | 详情: 所有字段校验通过
2026-03-02 16:06:10,412 - INFO - CaseID:1130 - QUERY字段：基础语义模糊匹配通过
2026-03-02 16:06:10,412 - INFO - CaseID:1130 - 整体结果: PASS | 详情: 所有字段校验通过
2026-03-02 16:06:11,803 - INFO - CaseID:1131 - QUERY字段：基础语义模糊匹配通过
2026-03-02 16:06:11,804 - INFO - CaseID:1131 - 整体结果: PASS | 详情: 所有字段校验通过
2026-03-02 16:06:13,088 - INFO - CaseID:1132 - QUERY字段：基础语义模糊匹配通过
2026-03-02 16:06:13,088 - INFO - CaseID:1132 - 整体结果: PASS | 详情: 所有字段校验通过
2026-03-02 16:06:14,439 - INFO - CaseID:1133 - QUERY字段：基础语义模糊匹配通过
2026-03-02 16:06:14,439 - INFO - CaseID:1133 - 整体结果: PASS | 详情: 所有字段校验通过
2026-03-02 16:06:16,759 - INFO - CaseID:1134 - QUERY字段：基础语义模糊匹配通过
2026-03-02 16:06:16,759 - INFO - CaseID:1134 - 整体结果: PASS | 详情: 所有字段校验通过
2026-03-02 16:06:17,924 - INFO - CaseID:1135 - QUERY字段：基础语义模糊匹配通过
2026-03-02 16:06:17,924 - INFO - CaseID:1135 - 整体结果: PASS | 详情: 所有字段校验通过
2026-03-02 16:06:22,083 - INFO - CaseID:1136 - QUERY字段：语义匹配失败，但visual_search链路意图匹配通过
2026-03-02 16:06:22,084 - INFO - CaseID:1136 - 整体结果: PASS | 详情: 所有字段校验通过
2026-03-02 16:06:23,519 - INFO - CaseID:1137 - QUERY字段：基础语义模糊匹配通过
2026-03-02 16:06:23,519 - INFO - CaseID:1137 - 整体结果: PASS | 详情: 所有字段校验通过
2026-03-02 16:06:26,375 - INFO - CaseID:1138 - QUERY字段：语义匹配失败，但visual_search链路意图匹配通过
2026-03-02 16:06:26,376 - INFO - CaseID:1138 - 整体结果: PASS | 详情: 所有字段校验通过
2026-03-02 16:06:28,613 - INFO - CaseID:1139 - QUERY字段：基础语义模糊匹配通过
2026-03-02 16:06:28,614 - INFO - CaseID:1139 - 整体结果: PASS | 详情: 所有字段校验通过
2026-03-02 16:06:31,300 - INFO - CaseID:1140 - QUERY字段：语义匹配失败，但visual_search链路意图匹配通过
2026-03-02 16:06:31,301 - INFO - CaseID:1140 - 整体结果: PASS | 详情: 所有字段校验通过
2026-03-02 16:06:33,968 - INFO - CaseID:1141 - QUERY字段：语义匹配失败，但visual_search链路意图匹配通过
2026-03-02 16:06:33,969 - INFO - CaseID:1141 - 整体结果: PASS | 详情: 所有字段校验通过
2026-03-02 16:06:36,627 - INFO - CaseID:1142 - QUERY字段：语义匹配失败，但visual_search链路意图匹配通过
2026-03-02 16:06:36,627 - INFO - CaseID:1142 - 整体结果: PASS | 详情: 所有字段校验通过
2026-03-02 16:06:36,628 - INFO - CaseID:1143 - QUERY字段：基础语义模糊匹配通过
2026-03-02 16:06:36,628 - INFO - CaseID:1143 - 整体结果: PASS | 详情: 所有字段校验通过
2026-03-02 16:06:39,837 - INFO - CaseID:1144 - 整体结果: FAILED | 详情: QUERY不匹配：语义和visual_search链路意图均不一致 - 预期[识别当前摄像头画面中的物品]，实际[这个东西得多少钱]
2026-03-02 16:06:41,176 - INFO - CaseID:1145 - QUERY字段：基础语义模糊匹配通过
2026-03-02 16:06:41,177 - INFO - CaseID:1145 - 整体结果: PASS | 详情: 所有字段校验通过
2026-03-02 16:06:42,521 - INFO - CaseID:1146 - QUERY字段：基础语义模糊匹配通过
2026-03-02 16:06:42,522 - INFO - CaseID:1146 - 整体结果: PASS | 详情: 所有字段校验通过
2026-03-02 16:06:42,522 - INFO - CaseID:1147 - QUERY字段：基础语义模糊匹配通过
2026-03-02 16:06:42,522 - INFO - CaseID:1147 - 整体结果: PASS | 详情: 所有字段校验通过
2026-03-02 16:06:42,523 - INFO - CaseID:1148 - QUERY字段：基础语义模糊匹配通过
2026-03-02 16:06:42,523 - INFO - CaseID:1148 - 整体结果: PASS | 详情: 所有字段校验通过
2026-03-02 16:06:45,458 - INFO - CaseID:1149 - QUERY字段：语义匹配失败，但visual_search链路意图匹配通过
2026-03-02 16:06:45,460 - INFO - CaseID:1149 - 整体结果: PASS | 详情: 所有字段校验通过
2026-03-02 16:06:48,242 - INFO - CaseID:1150 - QUERY字段：语义匹配失败，但visual_search链路意图匹配通过
2026-03-02 16:06:48,243 - INFO - CaseID:1150 - 整体结果: PASS | 详情: 所有字段校验通过
2026-03-02 16:06:50,073 - INFO - CaseID:1151 - QUERY字段：基础语义模糊匹配通过
2026-03-02 16:06:50,073 - INFO - CaseID:1151 - 整体结果: PASS | 详情: 所有字段校验通过
2026-03-02 16:06:51,265 - INFO - CaseID:1152 - QUERY字段：基础语义模糊匹配通过
2026-03-02 16:06:51,266 - INFO - CaseID:1152 - 整体结果: PASS | 详情: 所有字段校验通过
2026-03-02 16:06:54,120 - INFO - CaseID:1153 - 整体结果: FAILED | 详情: QUERY不匹配：语义和visual_search链路意图均不一致 - 预期[识别当前摄像头画面中的手表品牌和型号]，实际[这个手表的大概价格你知道不]
2026-03-02 16:06:55,844 - INFO - CaseID:1154 - QUERY字段：基础语义模糊匹配通过
2026-03-02 16:06:55,845 - INFO - CaseID:1154 - 整体结果: PASS | 详情: 所有字段校验通过
2026-03-02 16:06:55,845 - INFO - CaseID:1155 - QUERY字段：基础语义模糊匹配通过
2026-03-02 16:06:55,845 - INFO - CaseID:1155 - 整体结果: PASS | 详情: 所有字段校验通过
2026-03-02 16:06:57,071 - INFO - CaseID:1156 - QUERY字段：基础语义模糊匹配通过
2026-03-02 16:06:57,072 - INFO - CaseID:1156 - 整体结果: PASS | 详情: 所有字段校验通过
2026-03-02 16:06:59,728 - INFO - CaseID:1157 - QUERY字段：基础语义模糊匹配通过
2026-03-02 16:06:59,728 - INFO - CaseID:1157 - 整体结果: PASS | 详情: 所有字段校验通过
2026-03-02 16:07:00,881 - INFO - CaseID:1158 - QUERY字段：基础语义模糊匹配通过
2026-03-02 16:07:00,882 - INFO - CaseID:1158 - 整体结果: PASS | 详情: 所有字段校验通过
2026-03-02 16:07:00,882 - INFO - CaseID:1159 - QUERY字段：基础语义模糊匹配通过
2026-03-02 16:07:00,882 - INFO - CaseID:1159 - 整体结果: PASS | 详情: 所有字段校验通过
2026-03-02 16:07:02,228 - INFO - CaseID:1160 - QUERY字段：基础语义模糊匹配通过
2026-03-02 16:07:02,229 - INFO - CaseID:1160 - 整体结果: PASS | 详情: 所有字段校验通过
2026-03-02 16:07:03,495 - INFO - CaseID:1161 - QUERY字段：基础语义模糊匹配通过
2026-03-02 16:07:03,496 - INFO - CaseID:1161 - 整体结果: PASS | 详情: 所有字段校验通过
2026-03-02 16:07:04,659 - INFO - CaseID:1162 - QUERY字段：基础语义模糊匹配通过
2026-03-02 16:07:04,659 - INFO - CaseID:1162 - 整体结果: PASS | 详情: 所有字段校验通过
2026-03-02 16:07:06,241 - INFO - CaseID:1163 - QUERY字段：基础语义模糊匹配通过
2026-03-02 16:07:06,241 - INFO - CaseID:1163 - 整体结果: PASS | 详情: 所有字段校验通过
2026-03-02 16:07:07,455 - INFO - CaseID:1164 - QUERY字段：基础语义模糊匹配通过
2026-03-02 16:07:07,456 - INFO - CaseID:1164 - 整体结果: PASS | 详情: 所有字段校验通过
2026-03-02 16:07:08,878 - INFO - CaseID:1165 - QUERY字段：基础语义模糊匹配通过
2026-03-02 16:07:08,878 - INFO - CaseID:1165 - 整体结果: PASS | 详情: 所有字段校验通过
2026-03-02 16:07:11,226 - INFO - CaseID:1166 - QUERY字段：语义匹配失败，但visual_search链路意图匹配通过
2026-03-02 16:07:11,227 - INFO - CaseID:1166 - 整体结果: PASS | 详情: 所有字段校验通过
2026-03-02 16:07:13,052 - INFO - CaseID:1167 - QUERY字段：基础语义模糊匹配通过
2026-03-02 16:07:13,053 - INFO - CaseID:1167 - 整体结果: PASS | 详情: 所有字段校验通过
2026-03-02 16:07:14,234 - INFO - CaseID:1168 - QUERY字段：基础语义模糊匹配通过
2026-03-02 16:07:14,234 - INFO - CaseID:1168 - 整体结果: PASS | 详情: 所有字段校验通过
2026-03-02 16:07:15,672 - INFO - CaseID:1169 - QUERY字段：基础语义模糊匹配通过
2026-03-02 16:07:15,672 - INFO - CaseID:1169 - 整体结果: PASS | 详情: 所有字段校验通过
2026-03-02 16:07:18,348 - INFO - CaseID:1170 - QUERY字段：语义匹配失败，但visual_search链路意图匹配通过
2026-03-02 16:07:18,348 - INFO - CaseID:1170 - 整体结果: PASS | 详情: 所有字段校验通过
2026-03-02 16:07:20,861 - INFO - CaseID:1171 - QUERY字段：语义匹配失败，但visual_search链路意图匹配通过
2026-03-02 16:07:20,861 - INFO - CaseID:1171 - 整体结果: PASS | 详情: 所有字段校验通过
2026-03-02 16:07:22,295 - INFO - CaseID:1172 - QUERY字段：基础语义模糊匹配通过
2026-03-02 16:07:22,295 - INFO - CaseID:1172 - 整体结果: PASS | 详情: 所有字段校验通过
2026-03-02 16:07:22,295 - INFO - CaseID:1173 - QUERY字段：基础语义模糊匹配通过
2026-03-02 16:07:22,296 - INFO - CaseID:1173 - 整体结果: PASS | 详情: 所有字段校验通过
2026-03-02 16:07:23,511 - INFO - CaseID:1174 - QUERY字段：基础语义模糊匹配通过
2026-03-02 16:07:23,511 - INFO - CaseID:1174 - 整体结果: PASS | 详情: 所有字段校验通过
2026-03-02 16:07:24,890 - INFO - CaseID:1175 - QUERY字段：基础语义模糊匹配通过
2026-03-02 16:07:24,890 - INFO - CaseID:1175 - 整体结果: PASS | 详情: 所有字段校验通过
2026-03-02 16:07:26,598 - INFO - CaseID:1176 - QUERY字段：基础语义模糊匹配通过
2026-03-02 16:07:26,598 - INFO - CaseID:1176 - 整体结果: PASS | 详情: 所有字段校验通过
2026-03-02 16:07:30,896 - INFO - CaseID:1177 - QUERY字段：语义匹配失败，但visual_search链路意图匹配通过
2026-03-02 16:07:30,896 - INFO - CaseID:1177 - 整体结果: PASS | 详情: 所有字段校验通过
2026-03-02 16:07:30,897 - INFO - CaseID:1178 - QUERY字段：基础语义模糊匹配通过
2026-03-02 16:07:30,897 - INFO - CaseID:1178 - 整体结果: PASS | 详情: 所有字段校验通过
2026-03-02 16:07:33,970 - INFO - CaseID:1179 - 整体结果: FAILED | 详情: QUERY不匹配：语义和visual_search链路意图均不一致 - 预期[识别当前摄像头画面中的相机品牌和型号]，实际[这个相机新的大概什么价钱]
2026-03-02 16:07:35,611 - INFO - CaseID:1180 - QUERY字段：基础语义模糊匹配通过
2026-03-02 16:07:35,611 - INFO - CaseID:1180 - 整体结果: PASS | 详情: 所有字段校验通过
2026-03-02 16:07:37,023 - INFO - CaseID:1181 - QUERY字段：基础语义模糊匹配通过
2026-03-02 16:07:37,024 - INFO - CaseID:1181 - 整体结果: PASS | 详情: 所有字段校验通过
2026-03-02 16:07:39,684 - INFO - CaseID:1182 - QUERY字段：语义匹配失败，但visual_search链路意图匹配通过
2026-03-02 16:07:39,684 - INFO - CaseID:1182 - 整体结果: PASS | 详情: 所有字段校验通过
2026-03-02 16:07:41,415 - INFO - CaseID:1183 - QUERY字段：基础语义模糊匹配通过
2026-03-02 16:07:41,416 - INFO - CaseID:1183 - 整体结果: PASS | 详情: 所有字段校验通过
2026-03-02 16:07:42,565 - INFO - CaseID:1184 - QUERY字段：基础语义模糊匹配通过
2026-03-02 16:07:42,565 - INFO - CaseID:1184 - 整体结果: PASS | 详情: 所有字段校验通过
2026-03-02 16:07:44,515 - INFO - CaseID:1185 - QUERY字段：基础语义模糊匹配通过
2026-03-02 16:07:44,516 - INFO - CaseID:1185 - 整体结果: PASS | 详情: 所有字段校验通过
2026-03-02 16:07:45,743 - INFO - CaseID:1186 - QUERY字段：基础语义模糊匹配通过
2026-03-02 16:07:45,744 - INFO - CaseID:1186 - 整体结果: PASS | 详情: 所有字段校验通过
2026-03-02 16:07:47,139 - INFO - CaseID:1187 - QUERY字段：基础语义模糊匹配通过
2026-03-02 16:07:47,140 - INFO - CaseID:1187 - 整体结果: PASS | 详情: 所有字段校验通过
2026-03-02 16:07:49,895 - INFO - CaseID:1188 - 整体结果: FAILED | 详情: QUERY不匹配：语义和visual_search链路意图均不一致 - 预期[识别当前摄像头画面中的耳机品牌和型号]，实际[这个耳机可以在电脑上使用吗]
2026-03-02 16:07:51,149 - INFO - CaseID:1189 - QUERY字段：基础语义模糊匹配通过
2026-03-02 16:07:51,150 - INFO - CaseID:1189 - 整体结果: PASS | 详情: 所有字段校验通过
2026-03-02 16:07:52,923 - INFO - CaseID:1190 - QUERY字段：基础语义模糊匹配通过
2026-03-02 16:07:52,924 - INFO - CaseID:1190 - 整体结果: PASS | 详情: 所有字段校验通过
2026-03-02 16:07:55,473 - INFO - CaseID:1191 - QUERY字段：语义匹配失败，但visual_search链路意图匹配通过
2026-03-02 16:07:55,474 - INFO - CaseID:1191 - 整体结果: PASS | 详情: 所有字段校验通过
2026-03-02 16:07:55,475 - INFO - CaseID:1192 - QUERY字段：基础语义模糊匹配通过
2026-03-02 16:07:55,475 - INFO - CaseID:1192 - 整体结果: PASS | 详情: 所有字段校验通过
2026-03-02 16:07:57,147 - INFO - CaseID:1193 - QUERY字段：基础语义模糊匹配通过
2026-03-02 16:07:57,147 - INFO - CaseID:1193 - 整体结果: PASS | 详情: 所有字段校验通过
2026-03-02 16:07:58,326 - INFO - CaseID:1194 - QUERY字段：基础语义模糊匹配通过
2026-03-02 16:07:58,326 - INFO - CaseID:1194 - 整体结果: PASS | 详情: 所有字段校验通过
2026-03-02 16:08:01,208 - INFO - CaseID:1195 - QUERY字段：语义匹配失败，但visual_search链路意图匹配通过
2026-03-02 16:08:01,210 - INFO - CaseID:1195 - 整体结果: PASS | 详情: 所有字段校验通过
2026-03-02 16:08:02,376 - INFO - CaseID:1196 - QUERY字段：基础语义模糊匹配通过
2026-03-02 16:08:02,377 - INFO - CaseID:1196 - 整体结果: PASS | 详情: 所有字段校验通过
2026-03-02 16:08:03,869 - INFO - CaseID:1197 - QUERY字段：基础语义模糊匹配通过
2026-03-02 16:08:03,870 - INFO - CaseID:1197 - 整体结果: PASS | 详情: 所有字段校验通过
2026-03-02 16:08:06,839 - INFO - CaseID:1198 - QUERY字段：语义匹配失败，但visual_search链路意图匹配通过
2026-03-02 16:08:06,840 - INFO - CaseID:1198 - 整体结果: PASS | 详情: 所有字段校验通过
2026-03-02 16:08:06,841 - INFO - CaseID:1199 - QUERY字段：语义匹配失败，但visual_search链路意图匹配通过
2026-03-02 16:08:06,842 - INFO - CaseID:1199 - 整体结果: PASS | 详情: 所有字段校验通过
2026-03-02 16:08:08,071 - INFO - CaseID:1200 - QUERY字段：基础语义模糊匹配通过
2026-03-02 16:08:08,071 - INFO - CaseID:1200 - 整体结果: PASS | 详情: 所有字段校验通过
2026-03-02 16:08:11,225 - INFO - CaseID:1201 - QUERY字段：语义匹配失败，但visual_search链路意图匹配通过
2026-03-02 16:08:11,225 - INFO - CaseID:1201 - 整体结果: PASS | 详情: 所有字段校验通过
2026-03-02 16:08:11,226 - INFO - CaseID:1202 - QUERY字段：基础语义模糊匹配通过
2026-03-02 16:08:11,226 - INFO - CaseID:1202 - 整体结果: PASS | 详情: 所有字段校验通过
2026-03-02 16:08:13,908 - INFO - CaseID:1203 - QUERY字段：语义匹配失败，但visual_search链路意图匹配通过
2026-03-02 16:08:13,909 - INFO - CaseID:1203 - 整体结果: PASS | 详情: 所有字段校验通过
2026-03-02 16:08:15,170 - INFO - CaseID:1204 - QUERY字段：基础语义模糊匹配通过
2026-03-02 16:08:15,171 - INFO - CaseID:1204 - 整体结果: PASS | 详情: 所有字段校验通过
2026-03-02 16:08:16,763 - INFO - CaseID:1205 - QUERY字段：基础语义模糊匹配通过
2026-03-02 16:08:16,763 - INFO - CaseID:1205 - 整体结果: PASS | 详情: 所有字段校验通过
2026-03-02 16:08:18,118 - INFO - CaseID:1206 - QUERY字段：基础语义模糊匹配通过
2026-03-02 16:08:18,119 - INFO - CaseID:1206 - 整体结果: PASS | 详情: 所有字段校验通过
2026-03-02 16:08:18,120 - INFO - CaseID:1207 - QUERY字段：基础语义模糊匹配通过
2026-03-02 16:08:18,120 - INFO - CaseID:1207 - 整体结果: PASS | 详情: 所有字段校验通过
2026-03-02 16:08:19,639 - INFO - CaseID:1208 - QUERY字段：基础语义模糊匹配通过
2026-03-02 16:08:19,641 - INFO - CaseID:1208 - 整体结果: PASS | 详情: 所有字段校验通过
2026-03-02 16:08:19,641 - INFO - CaseID:1209 - QUERY字段：基础语义模糊匹配通过
2026-03-02 16:08:19,641 - INFO - CaseID:1209 - 整体结果: PASS | 详情: 所有字段校验通过
2026-03-02 16:08:21,891 - INFO - CaseID:1210 - QUERY字段：语义匹配失败，但visual_search链路意图匹配通过
2026-03-02 16:08:21,891 - INFO - CaseID:1210 - 整体结果: PASS | 详情: 所有字段校验通过
2026-03-02 16:08:24,338 - INFO - CaseID:1211 - 整体结果: FAILED | 详情: QUERY不匹配：语义和visual_search链路意图均不一致 - 预期[识别当前摄像头画面中的物品]，实际[这个在哪里可以买到]
2026-03-02 16:08:24,338 - INFO - CaseID:1212 - QUERY字段：基础语义模糊匹配通过
2026-03-02 16:08:24,338 - INFO - CaseID:1212 - 整体结果: PASS | 详情: 所有字段校验通过
2026-03-02 16:08:27,014 - INFO - CaseID:1213 - 整体结果: FAILED | 详情: QUERY不匹配：语义和visual_search链路意图均不一致 - 预期[识别当前摄像头画面中的设备（如打印机）型号或品牌]，实际[它可以打印彩色文档吗]
2026-03-02 16:08:28,603 - INFO - CaseID:1214 - QUERY字段：基础语义模糊匹配通过
2026-03-02 16:08:28,603 - INFO - CaseID:1214 - 整体结果: PASS | 详情: 所有字段校验通过
2026-03-02 16:08:32,041 - INFO - CaseID:1215 - 整体结果: FAILED | 详情: QUERY不匹配：语义和visual_search链路意图均不一致 - 预期[识别当前摄像头画面中的设备或物品]，实际[这个可以远程使用吗]
2026-03-02 16:08:33,411 - INFO - CaseID:1216 - QUERY字段：基础语义模糊匹配通过
2026-03-02 16:08:33,412 - INFO - CaseID:1216 - 整体结果: PASS | 详情: 所有字段校验通过
2026-03-02 16:08:35,074 - INFO - CaseID:1217 - QUERY字段：基础语义模糊匹配通过
2026-03-02 16:08:35,074 - INFO - CaseID:1217 - 整体结果: PASS | 详情: 所有字段校验通过
2026-03-02 16:08:36,519 - INFO - CaseID:1218 - QUERY字段：基础语义模糊匹配通过
2026-03-02 16:08:36,520 - INFO - CaseID:1218 - 整体结果: PASS | 详情: 所有字段校验通过
2026-03-02 16:08:36,520 - INFO - CaseID:1219 - QUERY字段：基础语义模糊匹配通过
2026-03-02 16:08:36,520 - INFO - CaseID:1219 - 整体结果: PASS | 详情: 所有字段校验通过
2026-03-02 16:08:37,689 - INFO - CaseID:1220 - QUERY字段：基础语义模糊匹配通过
2026-03-02 16:08:37,690 - INFO - CaseID:1220 - 整体结果: PASS | 详情: 所有字段校验通过
2026-03-02 16:08:39,164 - INFO - CaseID:1221 - QUERY字段：基础语义模糊匹配通过
2026-03-02 16:08:39,165 - INFO - CaseID:1221 - 整体结果: PASS | 详情: 所有字段校验通过
2026-03-02 16:08:40,528 - INFO - CaseID:1222 - QUERY字段：基础语义模糊匹配通过
2026-03-02 16:08:40,528 - INFO - CaseID:1222 - 整体结果: PASS | 详情: 所有字段校验通过
2026-03-02 16:08:40,528 - INFO - CaseID:1223 - QUERY字段：基础语义模糊匹配通过
2026-03-02 16:08:40,528 - INFO - CaseID:1223 - 整体结果: PASS | 详情: 所有字段校验通过
2026-03-02 16:08:41,791 - INFO - CaseID:1224 - QUERY字段：基础语义模糊匹配通过
2026-03-02 16:08:41,792 - INFO - CaseID:1224 - 整体结果: PASS | 详情: 所有字段校验通过
2026-03-02 16:08:41,792 - INFO - CaseID:1225 - 整体结果: FAILED | 详情: QUERY不匹配：语义和visual_search链路意图均不一致 - 预期[识别当前摄像头画面中的物品]，实际[这个在哪里可以买到]
2026-03-02 16:08:41,794 - INFO - CaseID:1226 - QUERY字段：基础语义模糊匹配通过
2026-03-02 16:08:41,794 - INFO - CaseID:1226 - 整体结果: PASS | 详情: 所有字段校验通过
2026-03-02 16:08:43,056 - INFO - CaseID:1227 - QUERY字段：基础语义模糊匹配通过
2026-03-02 16:08:43,057 - INFO - CaseID:1227 - 整体结果: PASS | 详情: 所有字段校验通过
2026-03-02 16:08:45,780 - INFO - CaseID:1228 - QUERY字段：语义匹配失败，但visual_search链路意图匹配通过
2026-03-02 16:08:45,781 - INFO - CaseID:1228 - 整体结果: PASS | 详情: 所有字段校验通过
2026-03-02 16:08:47,079 - INFO - CaseID:1229 - QUERY字段：基础语义模糊匹配通过
2026-03-02 16:08:47,079 - INFO - CaseID:1229 - 整体结果: PASS | 详情: 所有字段校验通过
2026-03-02 16:08:48,500 - INFO - CaseID:1230 - QUERY字段：基础语义模糊匹配通过
2026-03-02 16:08:48,501 - INFO - CaseID:1230 - 整体结果: PASS | 详情: 所有字段校验通过
2026-03-02 16:08:51,014 - INFO - CaseID:1231 - QUERY字段：语义匹配失败，但visual_search链路意图匹配通过
2026-03-02 16:08:51,014 - INFO - CaseID:1231 - 整体结果: PASS | 详情: 所有字段校验通过
2026-03-02 16:08:52,303 - INFO - CaseID:1232 - QUERY字段：基础语义模糊匹配通过
2026-03-02 16:08:52,303 - INFO - CaseID:1232 - 整体结果: PASS | 详情: 所有字段校验通过
2026-03-02 16:08:55,406 - INFO - CaseID:1233 - QUERY字段：语义匹配失败，但visual_search链路意图匹配通过
2026-03-02 16:08:55,406 - INFO - CaseID:1233 - 整体结果: PASS | 详情: 所有字段校验通过
2026-03-02 16:08:56,600 - INFO - CaseID:1234 - QUERY字段：基础语义模糊匹配通过
2026-03-02 16:08:56,600 - INFO - CaseID:1234 - 整体结果: PASS | 详情: 所有字段校验通过
2026-03-02 16:08:58,173 - INFO - CaseID:1235 - QUERY字段：基础语义模糊匹配通过
2026-03-02 16:08:58,173 - INFO - CaseID:1235 - 整体结果: PASS | 详情: 所有字段校验通过
2026-03-02 16:09:01,059 - INFO - CaseID:1236 - QUERY字段：语义匹配失败，但visual_search链路意图匹配通过
2026-03-02 16:09:01,059 - INFO - CaseID:1236 - 整体结果: PASS | 详情: 所有字段校验通过
2026-03-02 16:09:02,650 - INFO - CaseID:1237 - QUERY字段：基础语义模糊匹配通过
2026-03-02 16:09:02,651 - INFO - CaseID:1237 - 整体结果: PASS | 详情: 所有字段校验通过
2026-03-02 16:09:04,008 - INFO - CaseID:1238 - QUERY字段：基础语义模糊匹配通过
2026-03-02 16:09:04,008 - INFO - CaseID:1238 - 整体结果: PASS | 详情: 所有字段校验通过
2026-03-02 16:09:05,684 - INFO - CaseID:1239 - QUERY字段：基础语义模糊匹配通过
2026-03-02 16:09:05,685 - INFO - CaseID:1239 - 整体结果: PASS | 详情: 所有字段校验通过
2026-03-02 16:09:07,160 - INFO - CaseID:1240 - QUERY字段：基础语义模糊匹配通过
2026-03-02 16:09:07,161 - INFO - CaseID:1240 - 整体结果: PASS | 详情: 所有字段校验通过
2026-03-02 16:09:08,614 - INFO - CaseID:1241 - QUERY字段：基础语义模糊匹配通过
2026-03-02 16:09:08,614 - INFO - CaseID:1241 - 整体结果: PASS | 详情: 所有字段校验通过
2026-03-02 16:09:09,833 - INFO - CaseID:1242 - QUERY字段：基础语义模糊匹配通过
2026-03-02 16:09:09,833 - INFO - CaseID:1242 - 整体结果: PASS | 详情: 所有字段校验通过
2026-03-02 16:09:12,181 - INFO - CaseID:1243 - QUERY字段：语义匹配失败，但visual_search链路意图匹配通过
2026-03-02 16:09:12,182 - INFO - CaseID:1243 - 整体结果: PASS | 详情: 所有字段校验通过
2026-03-02 16:09:14,804 - INFO - CaseID:1244 - 整体结果: FAILED | 详情: QUERY不匹配：语义和visual_search链路意图均不一致 - 预期[这写得怎么样啊]，实际[请展示当前需要评价的文本内容]
2026-03-02 16:09:17,756 - INFO - CaseID:1245 - 整体结果: FAILED | 详情: QUERY不匹配：语义和visual_search链路意图均不一致 - 预期[这篇写得如何]，实际[请展示需要评价的文本内容]
2026-03-02 16:09:21,079 - INFO - CaseID:1246 - 整体结果: FAILED | 详情: QUERY不匹配：语义和visual_search链路意图均不一致 - 预期[这段内容写得怎么样]，实际[请展示需要评价的文本内容]
2026-03-02 16:09:22,514 - INFO - CaseID:1247 - QUERY字段：基础语义模糊匹配通过
2026-03-02 16:09:22,514 - INFO - CaseID:1247 - 整体结果: PASS | 详情: 所有字段校验通过
2026-03-02 16:09:25,381 - INFO - CaseID:1248 - QUERY字段：语义匹配失败，但visual_search链路意图匹配通过
2026-03-02 16:09:25,382 - INFO - CaseID:1248 - 整体结果: PASS | 详情: 所有字段校验通过
2026-03-02 16:09:27,035 - INFO - CaseID:1249 - QUERY字段：基础语义模糊匹配通过
2026-03-02 16:09:27,035 - INFO - CaseID:1249 - 整体结果: PASS | 详情: 所有字段校验通过
2026-03-02 16:09:30,452 - INFO - CaseID:1250 - QUERY字段：语义匹配失败，但visual_search链路意图匹配通过
2026-03-02 16:09:30,453 - INFO - CaseID:1250 - 整体结果: PASS | 详情: 所有字段校验通过
2026-03-02 16:09:32,138 - INFO - CaseID:1251 - QUERY字段：基础语义模糊匹配通过
2026-03-02 16:09:32,138 - INFO - CaseID:1251 - 整体结果: PASS | 详情: 所有字段校验通过
2026-03-02 16:09:34,804 - INFO - CaseID:1252 - 整体结果: FAILED | 详情: QUERY不匹配：语义和visual_search链路意图均不一致 - 预期[这段写得可圈可点吗]，实际[请提供需要评价的文本内容]
2026-03-02 16:09:37,875 - INFO - CaseID:1253 - 整体结果: FAILED | 详情: QUERY不匹配：语义和visual_search链路意图均不一致 - 预期[你觉得这段写得怎么样]，实际[请识别并分析摄像头捕捉到的文本内容]
2026-03-02 16:09:41,800 - INFO - CaseID:1254 - 整体结果: FAILED | 详情: QUERY不匹配：语义和visual_search链路意图均不一致 - 预期[这写得是不是挺不错]，实际[请展示需要评价的文本或相关内容]
2026-03-02 16:09:43,051 - INFO - CaseID:1255 - QUERY字段：基础语义模糊匹配通过
2026-03-02 16:09:43,052 - INFO - CaseID:1255 - 整体结果: PASS | 详情: 所有字段校验通过
2026-03-02 16:09:46,065 - INFO - CaseID:1256 - 整体结果: FAILED | 详情: QUERY不匹配：语义和visual_search链路意图均不一致 - 预期[这写得你觉得行不行]，实际[请展示当前需要评价的文本内容]
2026-03-02 16:09:47,283 - INFO - CaseID:1257 - QUERY字段：基础语义模糊匹配通过
2026-03-02 16:09:47,283 - INFO - CaseID:1257 - 整体结果: PASS | 详情: 所有字段校验通过
2026-03-02 16:09:49,918 - INFO - CaseID:1258 - 整体结果: FAILED | 详情: QUERY不匹配：语义和visual_search链路意图均不一致 - 预期[这段你觉得写得好吗]，实际[请提供需要评价的文本内容]
2026-03-02 16:09:52,620 - INFO - CaseID:1259 - QUERY字段：基础语义模糊匹配通过
2026-03-02 16:09:52,621 - INFO - CaseID:1259 - 整体结果: PASS | 详情: 所有字段校验通过
2026-03-02 16:09:53,826 - INFO - CaseID:1260 - QUERY字段：基础语义模糊匹配通过
2026-03-02 16:09:53,826 - INFO - CaseID:1260 - 整体结果: PASS | 详情: 所有字段校验通过
2026-03-02 16:09:56,715 - INFO - CaseID:1261 - 整体结果: FAILED | 详情: QUERY不匹配：语义和visual_search链路意图均不一致 - 预期[这段写得还好吗]，实际[请展示需要评价的文本内容]
2026-03-02 16:09:59,787 - INFO - CaseID:1262 - 整体结果: FAILED | 详情: QUERY不匹配：语义和visual_search链路意图均不一致 - 预期[文章整体写得怎么样]，实际[请展示需要评价的文章内容]
2026-03-02 16:10:01,202 - INFO - CaseID:1263 - QUERY字段：基础语义模糊匹配通过
2026-03-02 16:10:01,202 - INFO - CaseID:1263 - 整体结果: PASS | 详情: 所有字段校验通过
2026-03-02 16:10:02,454 - INFO - CaseID:1264 - QUERY字段：基础语义模糊匹配通过
2026-03-02 16:10:02,454 - INFO - CaseID:1264 - 整体结果: PASS | 详情: 所有字段校验通过
2026-03-02 16:10:03,669 - INFO - CaseID:1265 - QUERY字段：基础语义模糊匹配通过
2026-03-02 16:10:03,669 - INFO - CaseID:1265 - 整体结果: PASS | 详情: 所有字段校验通过
2026-03-02 16:10:04,952 - INFO - CaseID:1266 - QUERY字段：基础语义模糊匹配通过
2026-03-02 16:10:04,952 - INFO - CaseID:1266 - 整体结果: PASS | 详情: 所有字段校验通过
2026-03-02 16:10:06,176 - INFO - CaseID:1267 - QUERY字段：基础语义模糊匹配通过
2026-03-02 16:10:06,176 - INFO - CaseID:1267 - 整体结果: PASS | 详情: 所有字段校验通过
2026-03-02 16:10:07,593 - INFO - CaseID:1268 - QUERY字段：基础语义模糊匹配通过
2026-03-02 16:10:07,594 - INFO - CaseID:1268 - 整体结果: PASS | 详情: 所有字段校验通过
2026-03-02 16:10:08,839 - INFO - CaseID:1269 - QUERY字段：基础语义模糊匹配通过
2026-03-02 16:10:08,839 - INFO - CaseID:1269 - 整体结果: PASS | 详情: 所有字段校验通过
2026-03-02 16:10:10,244 - INFO - CaseID:1270 - QUERY字段：基础语义模糊匹配通过
2026-03-02 16:10:10,245 - INFO - CaseID:1270 - 整体结果: PASS | 详情: 所有字段校验通过
2026-03-02 16:10:12,025 - INFO - CaseID:1271 - QUERY字段：基础语义模糊匹配通过
2026-03-02 16:10:12,026 - INFO - CaseID:1271 - 整体结果: PASS | 详情: 所有字段校验通过
2026-03-02 16:10:13,437 - INFO - CaseID:1272 - QUERY字段：基础语义模糊匹配通过
2026-03-02 16:10:13,437 - INFO - CaseID:1272 - 整体结果: PASS | 详情: 所有字段校验通过
2026-03-02 16:10:14,840 - INFO - CaseID:1273 - QUERY字段：基础语义模糊匹配通过
2026-03-02 16:10:14,841 - INFO - CaseID:1273 - 整体结果: PASS | 详情: 所有字段校验通过
2026-03-02 16:10:16,306 - INFO - CaseID:1274 - QUERY字段：基础语义模糊匹配通过
2026-03-02 16:10:16,307 - INFO - CaseID:1274 - 整体结果: PASS | 详情: 所有字段校验通过
2026-03-02 16:10:17,604 - INFO - CaseID:1275 - QUERY字段：基础语义模糊匹配通过
2026-03-02 16:10:17,604 - INFO - CaseID:1275 - 整体结果: PASS | 详情: 所有字段校验通过
2026-03-02 16:10:18,895 - INFO - CaseID:1276 - QUERY字段：基础语义模糊匹配通过
2026-03-02 16:10:18,896 - INFO - CaseID:1276 - 整体结果: PASS | 详情: 所有字段校验通过
2026-03-02 16:10:20,325 - INFO - CaseID:1277 - QUERY字段：基础语义模糊匹配通过
2026-03-02 16:10:20,325 - INFO - CaseID:1277 - 整体结果: PASS | 详情: 所有字段校验通过
2026-03-02 16:10:21,700 - INFO - CaseID:1278 - QUERY字段：基础语义模糊匹配通过
2026-03-02 16:10:21,701 - INFO - CaseID:1278 - 整体结果: PASS | 详情: 所有字段校验通过
2026-03-02 16:10:22,870 - INFO - CaseID:1279 - QUERY字段：基础语义模糊匹配通过
2026-03-02 16:10:22,871 - INFO - CaseID:1279 - 整体结果: PASS | 详情: 所有字段校验通过
2026-03-02 16:10:24,169 - INFO - CaseID:1280 - QUERY字段：基础语义模糊匹配通过
2026-03-02 16:10:24,171 - INFO - CaseID:1280 - 整体结果: PASS | 详情: 所有字段校验通过
2026-03-02 16:10:25,594 - INFO - CaseID:1281 - QUERY字段：基础语义模糊匹配通过
2026-03-02 16:10:25,595 - INFO - CaseID:1281 - 整体结果: PASS | 详情: 所有字段校验通过
2026-03-02 16:10:28,570 - INFO - CaseID:1282 - QUERY字段：语义匹配失败，但visual_search链路意图匹配通过
2026-03-02 16:10:28,570 - INFO - CaseID:1282 - 整体结果: PASS | 详情: 所有字段校验通过
2026-03-02 16:10:31,074 - INFO - CaseID:1283 - 整体结果: FAILED | 详情: QUERY不匹配：语义和visual_search链路意图均不一致 - 预期[你喜欢这段文字么]，实际[请识别并展示当前摄像头捕捉到的文字内容]
2026-03-02 16:10:33,878 - INFO - CaseID:1284 - QUERY字段：语义匹配失败，但visual_search链路意图匹配通过
2026-03-02 16:10:33,879 - INFO - CaseID:1284 - 整体结果: PASS | 详情: 所有字段校验通过
2026-03-02 16:10:35,146 - INFO - CaseID:1285 - QUERY字段：基础语义模糊匹配通过
2026-03-02 16:10:35,147 - INFO - CaseID:1285 - 整体结果: PASS | 详情: 所有字段校验通过
2026-03-02 16:10:38,362 - INFO - CaseID:1286 - QUERY字段：语义匹配失败，但visual_search链路意图匹配通过
2026-03-02 16:10:38,364 - INFO - CaseID:1286 - 整体结果: PASS | 详情: 所有字段校验通过
2026-03-02 16:10:41,676 - INFO - CaseID:1287 - QUERY字段：语义匹配失败，但visual_search链路意图匹配通过
2026-03-02 16:10:41,676 - INFO - CaseID:1287 - 整体结果: PASS | 详情: 所有字段校验通过
2026-03-02 16:10:42,864 - INFO - CaseID:1288 - QUERY字段：基础语义模糊匹配通过
2026-03-02 16:10:42,865 - INFO - CaseID:1288 - 整体结果: PASS | 详情: 所有字段校验通过
2026-03-02 16:10:45,523 - INFO - CaseID:1289 - QUERY字段：语义匹配失败，但visual_search链路意图匹配通过
2026-03-02 16:10:45,524 - INFO - CaseID:1289 - 整体结果: PASS | 详情: 所有字段校验通过
2026-03-02 16:10:46,848 - INFO - CaseID:1290 - QUERY字段：基础语义模糊匹配通过
2026-03-02 16:10:46,848 - INFO - CaseID:1290 - 整体结果: PASS | 详情: 所有字段校验通过
2026-03-02 16:10:49,965 - INFO - CaseID:1291 - QUERY字段：语义匹配失败，但visual_search链路意图匹配通过
2026-03-02 16:10:49,966 - INFO - CaseID:1291 - 整体结果: PASS | 详情: 所有字段校验通过
2026-03-02 16:10:52,832 - INFO - CaseID:1292 - 整体结果: FAILED | 详情: QUERY不匹配：语义和visual_search链路意图均不一致 - 预期[用这个作一首诗]，实际[请描述当前摄像头捕捉到的画面内容]
2026-03-02 16:10:55,494 - INFO - CaseID:1293 - QUERY字段：语义匹配失败，但visual_search链路意图匹配通过
2026-03-02 16:10:55,495 - INFO - CaseID:1293 - 整体结果: PASS | 详情: 所有字段校验通过
2026-03-02 16:10:56,933 - INFO - CaseID:1294 - QUERY字段：基础语义模糊匹配通过
2026-03-02 16:10:56,933 - INFO - CaseID:1294 - 整体结果: PASS | 详情: 所有字段校验通过
2026-03-02 16:10:58,351 - INFO - CaseID:1295 - QUERY字段：基础语义模糊匹配通过
2026-03-02 16:10:58,352 - INFO - CaseID:1295 - 整体结果: PASS | 详情: 所有字段校验通过
2026-03-02 16:11:01,801 - INFO - CaseID:1296 - QUERY字段：语义匹配失败，但visual_search链路意图匹配通过
2026-03-02 16:11:01,803 - INFO - CaseID:1296 - 整体结果: PASS | 详情: 所有字段校验通过
2026-03-02 16:11:02,986 - INFO - CaseID:1297 - QUERY字段：基础语义模糊匹配通过
2026-03-02 16:11:02,986 - INFO - CaseID:1297 - 整体结果: PASS | 详情: 所有字段校验通过
2026-03-02 16:11:04,264 - INFO - CaseID:1298 - QUERY字段：基础语义模糊匹配通过
2026-03-02 16:11:04,265 - INFO - CaseID:1298 - 整体结果: PASS | 详情: 所有字段校验通过
2026-03-02 16:11:07,133 - INFO - CaseID:1299 - 整体结果: FAILED | 详情: QUERY不匹配：语义和visual_search链路意图均不一致 - 预期[这幅画画得咋样]，实际[这幅画的评价如何]
2026-03-02 16:11:09,821 - INFO - CaseID:1300 - QUERY字段：语义匹配失败，但visual_search链路意图匹配通过
2026-03-02 16:11:09,822 - INFO - CaseID:1300 - 整体结果: PASS | 详情: 所有字段校验通过
2026-03-02 16:11:11,742 - INFO - CaseID:1301 - QUERY字段：基础语义模糊匹配通过
2026-03-02 16:11:11,742 - INFO - CaseID:1301 - 整体结果: PASS | 详情: 所有字段校验通过
2026-03-02 16:11:14,338 - INFO - CaseID:1302 - QUERY字段：语义匹配失败，但visual_search链路意图匹配通过
2026-03-02 16:11:14,338 - INFO - CaseID:1302 - 整体结果: PASS | 详情: 所有字段校验通过
2026-03-02 16:11:14,339 - INFO - CaseID:1303 - QUERY字段：基础语义模糊匹配通过
2026-03-02 16:11:14,339 - INFO - CaseID:1303 - 整体结果: PASS | 详情: 所有字段校验通过
2026-03-02 16:11:15,589 - INFO - CaseID:1304 - QUERY字段：基础语义模糊匹配通过
2026-03-02 16:11:15,590 - INFO - CaseID:1304 - 整体结果: PASS | 详情: 所有字段校验通过
2026-03-02 16:11:16,771 - INFO - CaseID:1305 - QUERY字段：基础语义模糊匹配通过
2026-03-02 16:11:16,772 - INFO - CaseID:1305 - 整体结果: PASS | 详情: 所有字段校验通过
2026-03-02 16:11:16,773 - INFO - CaseID:1306 - QUERY字段：语义匹配失败，但visual_search链路意图匹配通过
2026-03-02 16:11:16,773 - INFO - CaseID:1306 - 整体结果: PASS | 详情: 所有字段校验通过
2026-03-02 16:11:18,124 - INFO - CaseID:1307 - QUERY字段：基础语义模糊匹配通过
2026-03-02 16:11:18,125 - INFO - CaseID:1307 - 整体结果: PASS | 详情: 所有字段校验通过
2026-03-02 16:11:21,757 - INFO - CaseID:1308 - QUERY字段：语义匹配失败，但visual_search链路意图匹配通过
2026-03-02 16:11:21,758 - INFO - CaseID:1308 - 整体结果: PASS | 详情: 所有字段校验通过
2026-03-02 16:11:23,065 - INFO - CaseID:1309 - QUERY字段：基础语义模糊匹配通过
2026-03-02 16:11:23,065 - INFO - CaseID:1309 - 整体结果: PASS | 详情: 所有字段校验通过
2026-03-02 16:11:25,611 - INFO - CaseID:1310 - QUERY字段：语义匹配失败，但visual_search链路意图匹配通过
2026-03-02 16:11:25,612 - INFO - CaseID:1310 - 整体结果: PASS | 详情: 所有字段校验通过
2026-03-02 16:11:26,818 - INFO - CaseID:1311 - QUERY字段：基础语义模糊匹配通过
2026-03-02 16:11:26,818 - INFO - CaseID:1311 - 整体结果: PASS | 详情: 所有字段校验通过
2026-03-02 16:11:28,481 - INFO - CaseID:1312 - QUERY字段：基础语义模糊匹配通过
2026-03-02 16:11:28,481 - INFO - CaseID:1312 - 整体结果: PASS | 详情: 所有字段校验通过
2026-03-02 16:11:29,943 - INFO - CaseID:1313 - QUERY字段：基础语义模糊匹配通过
2026-03-02 16:11:29,944 - INFO - CaseID:1313 - 整体结果: PASS | 详情: 所有字段校验通过
2026-03-02 16:11:31,587 - INFO - CaseID:1314 - QUERY字段：基础语义模糊匹配通过
2026-03-02 16:11:31,588 - INFO - CaseID:1314 - 整体结果: PASS | 详情: 所有字段校验通过
2026-03-02 16:11:32,772 - INFO - CaseID:1315 - QUERY字段：基础语义模糊匹配通过
2026-03-02 16:11:32,772 - INFO - CaseID:1315 - 整体结果: PASS | 详情: 所有字段校验通过
2026-03-02 16:11:35,425 - INFO - CaseID:1316 - QUERY字段：语义匹配失败，但visual_search链路意图匹配通过
2026-03-02 16:11:35,426 - INFO - CaseID:1316 - 整体结果: PASS | 详情: 所有字段校验通过
2026-03-02 16:11:37,643 - INFO - CaseID:1317 - QUERY字段：语义匹配失败，但visual_search链路意图匹配通过
2026-03-02 16:11:37,644 - INFO - CaseID:1317 - 整体结果: PASS | 详情: 所有字段校验通过
2026-03-02 16:11:37,645 - INFO - CaseID:1318 - QUERY字段：基础语义模糊匹配通过
2026-03-02 16:11:37,645 - INFO - CaseID:1318 - 整体结果: PASS | 详情: 所有字段校验通过
2026-03-02 16:11:39,180 - INFO - CaseID:1319 - QUERY字段：基础语义模糊匹配通过
2026-03-02 16:11:39,180 - INFO - CaseID:1319 - 整体结果: PASS | 详情: 所有字段校验通过
2026-03-02 16:11:39,181 - INFO - CaseID:1320 - QUERY字段：基础语义模糊匹配通过
2026-03-02 16:11:39,181 - INFO - CaseID:1320 - 整体结果: PASS | 详情: 所有字段校验通过
2026-03-02 16:11:41,391 - INFO - CaseID:1321 - 整体结果: FAILED | 详情: QUERY不匹配：语义和visual_search链路意图均不一致 - 预期[这画得如何还不错吗]，实际[这幅画的评价如何？]
2026-03-02 16:11:42,601 - INFO - CaseID:1322 - QUERY字段：基础语义模糊匹配通过
2026-03-02 16:11:42,601 - INFO - CaseID:1322 - 整体结果: PASS | 详情: 所有字段校验通过
2026-03-02 16:11:46,350 - INFO - CaseID:1323 - 整体结果: FAILED | 详情: QUERY不匹配：语义和visual_search链路意图均不一致 - 预期[这幅画中的动物是什么？]，实际[用一个成语来形容下这幅画里面的动物]
2026-03-02 16:11:47,443 - INFO - CaseID:1324 - QUERY字段：基础语义模糊匹配通过
2026-03-02 16:11:47,443 - INFO - CaseID:1324 - 整体结果: PASS | 详情: 所有字段校验通过
2026-03-02 16:11:51,373 - INFO - CaseID:1325 - 整体结果: FAILED | 详情: QUERY不匹配：语义和visual_search链路意图均不一致 - 预期[啥感觉这个画的还行吗]，实际[这幅画的风格和内容是什么？]
2026-03-02 16:11:53,076 - INFO - CaseID:1326 - QUERY字段：基础语义模糊匹配通过
2026-03-02 16:11:53,076 - INFO - CaseID:1326 - 整体结果: PASS | 详情: 所有字段校验通过
2026-03-02 16:11:54,744 - INFO - CaseID:1327 - QUERY字段：基础语义模糊匹配通过
2026-03-02 16:11:54,744 - INFO - CaseID:1327 - 整体结果: PASS | 详情: 所有字段校验通过
2026-03-02 16:11:56,029 - INFO - CaseID:1328 - QUERY字段：基础语义模糊匹配通过
2026-03-02 16:11:56,030 - INFO - CaseID:1328 - 整体结果: PASS | 详情: 所有字段校验通过
2026-03-02 16:11:58,268 - INFO - CaseID:1329 - QUERY字段：语义匹配失败，但visual_search链路意图匹配通过
2026-03-02 16:11:58,268 - INFO - CaseID:1329 - 整体结果: PASS | 详情: 所有字段校验通过
2026-03-02 16:12:01,515 - INFO - CaseID:1330 - QUERY字段：基础语义模糊匹配通过
2026-03-02 16:12:01,516 - INFO - CaseID:1330 - 整体结果: PASS | 详情: 所有字段校验通过
2026-03-02 16:12:03,314 - INFO - CaseID:1331 - QUERY字段：基础语义模糊匹配通过
2026-03-02 16:12:03,314 - INFO - CaseID:1331 - 整体结果: PASS | 详情: 所有字段校验通过
2026-03-02 16:12:03,315 - INFO - CaseID:1332 - QUERY字段：基础语义模糊匹配通过
2026-03-02 16:12:03,315 - INFO - CaseID:1332 - 整体结果: PASS | 详情: 所有字段校验通过
2026-03-02 16:12:07,495 - INFO - CaseID:1333 - QUERY字段：语义匹配失败，但visual_search链路意图匹配通过
2026-03-02 16:12:07,496 - INFO - CaseID:1333 - 整体结果: PASS | 详情: 所有字段校验通过
2026-03-02 16:12:09,939 - INFO - CaseID:1334 - QUERY字段：语义匹配失败，但visual_search链路意图匹配通过
2026-03-02 16:12:09,939 - INFO - CaseID:1334 - 整体结果: PASS | 详情: 所有字段校验通过
2026-03-02 16:12:11,123 - INFO - CaseID:1335 - QUERY字段：基础语义模糊匹配通过
2026-03-02 16:12:11,123 - INFO - CaseID:1335 - 整体结果: PASS | 详情: 所有字段校验通过
2026-03-02 16:12:12,582 - INFO - CaseID:1336 - QUERY字段：基础语义模糊匹配通过
2026-03-02 16:12:12,582 - INFO - CaseID:1336 - 整体结果: PASS | 详情: 所有字段校验通过
2026-03-02 16:12:14,135 - INFO - CaseID:1337 - QUERY字段：基础语义模糊匹配通过
2026-03-02 16:12:14,177 - INFO - CaseID:1337 - 整体结果: PASS | 详情: 所有字段校验通过
2026-03-02 16:12:14,205 - INFO - CaseID:1338 - QUERY字段：基础语义模糊匹配通过
2026-03-02 16:12:14,205 - INFO - CaseID:1338 - 整体结果: PASS | 详情: 所有字段校验通过
2026-03-02 16:12:15,866 - INFO - CaseID:1339 - QUERY字段：基础语义模糊匹配通过
2026-03-02 16:12:15,866 - INFO - CaseID:1339 - 整体结果: PASS | 详情: 所有字段校验通过
2026-03-02 16:12:17,167 - INFO - CaseID:1340 - QUERY字段：基础语义模糊匹配通过
2026-03-02 16:12:17,167 - INFO - CaseID:1340 - 整体结果: PASS | 详情: 所有字段校验通过
2026-03-02 16:12:18,935 - INFO - CaseID:1341 - QUERY字段：基础语义模糊匹配通过
2026-03-02 16:12:18,936 - INFO - CaseID:1341 - 整体结果: PASS | 详情: 所有字段校验通过
2026-03-02 16:12:21,818 - INFO - CaseID:1342 - QUERY字段：语义匹配失败，但visual_search链路意图匹配通过
2026-03-02 16:12:21,819 - INFO - CaseID:1342 - 整体结果: PASS | 详情: 所有字段校验通过
2026-03-02 16:12:23,763 - INFO - CaseID:1343 - QUERY字段：基础语义模糊匹配通过
2026-03-02 16:12:23,763 - INFO - CaseID:1343 - 整体结果: PASS | 详情: 所有字段校验通过
2026-03-02 16:12:23,763 - INFO - CaseID:1344 - QUERY字段：基础语义模糊匹配通过
2026-03-02 16:12:23,764 - INFO - CaseID:1344 - 整体结果: PASS | 详情: 所有字段校验通过
2026-03-02 16:12:26,542 - INFO - CaseID:1345 - QUERY字段：语义匹配失败，但visual_search链路意图匹配通过
2026-03-02 16:12:26,542 - INFO - CaseID:1345 - 整体结果: PASS | 详情: 所有字段校验通过
2026-03-02 16:12:29,299 - INFO - CaseID:1346 - QUERY字段：语义匹配失败，但visual_search链路意图匹配通过
2026-03-02 16:12:29,301 - INFO - CaseID:1346 - 整体结果: PASS | 详情: 所有字段校验通过
2026-03-02 16:12:30,523 - INFO - CaseID:1347 - QUERY字段：基础语义模糊匹配通过
2026-03-02 16:12:30,524 - INFO - CaseID:1347 - 整体结果: PASS | 详情: 所有字段校验通过
2026-03-02 16:12:32,136 - INFO - CaseID:1348 - QUERY字段：基础语义模糊匹配通过
2026-03-02 16:12:32,137 - INFO - CaseID:1348 - 整体结果: PASS | 详情: 所有字段校验通过
2026-03-02 16:12:33,696 - INFO - CaseID:1349 - QUERY字段：基础语义模糊匹配通过
2026-03-02 16:12:33,697 - INFO - CaseID:1349 - 整体结果: PASS | 详情: 所有字段校验通过
2026-03-02 16:12:36,460 - INFO - CaseID:1350 - QUERY字段：语义匹配失败，但visual_search链路意图匹配通过
2026-03-02 16:12:36,460 - INFO - CaseID:1350 - 整体结果: PASS | 详情: 所有字段校验通过
2026-03-02 16:12:37,689 - INFO - CaseID:1351 - QUERY字段：基础语义模糊匹配通过
2026-03-02 16:12:37,690 - INFO - CaseID:1351 - 整体结果: PASS | 详情: 所有字段校验通过
2026-03-02 16:12:40,288 - INFO - CaseID:1352 - QUERY字段：语义匹配失败，但visual_search链路意图匹配通过
2026-03-02 16:12:40,289 - INFO - CaseID:1352 - 整体结果: PASS | 详情: 所有字段校验通过
2026-03-02 16:12:41,939 - INFO - CaseID:1353 - QUERY字段：基础语义模糊匹配通过
2026-03-02 16:12:41,939 - INFO - CaseID:1353 - 整体结果: PASS | 详情: 所有字段校验通过
2026-03-02 16:12:45,257 - INFO - CaseID:1354 - QUERY字段：语义匹配失败，但visual_search链路意图匹配通过
2026-03-02 16:12:45,258 - INFO - CaseID:1354 - 整体结果: PASS | 详情: 所有字段校验通过
2026-03-02 16:12:46,477 - INFO - CaseID:1355 - QUERY字段：基础语义模糊匹配通过
2026-03-02 16:12:46,478 - INFO - CaseID:1355 - 整体结果: PASS | 详情: 所有字段校验通过
2026-03-02 16:12:49,041 - INFO - CaseID:1356 - QUERY字段：语义匹配失败，但visual_search链路意图匹配通过
2026-03-02 16:12:49,041 - INFO - CaseID:1356 - 整体结果: PASS | 详情: 所有字段校验通过
2026-03-02 16:12:50,256 - INFO - CaseID:1357 - QUERY字段：基础语义模糊匹配通过
2026-03-02 16:12:50,256 - INFO - CaseID:1357 - 整体结果: PASS | 详情: 所有字段校验通过
2026-03-02 16:12:51,618 - INFO - CaseID:1358 - QUERY字段：基础语义模糊匹配通过
2026-03-02 16:12:51,618 - INFO - CaseID:1358 - 整体结果: PASS | 详情: 所有字段校验通过
2026-03-02 16:12:55,659 - INFO - CaseID:1359 - QUERY字段：语义匹配失败，但visual_search链路意图匹配通过
2026-03-02 16:12:55,660 - INFO - CaseID:1359 - 整体结果: PASS | 详情: 所有字段校验通过
2026-03-02 16:12:56,839 - INFO - CaseID:1360 - QUERY字段：基础语义模糊匹配通过
2026-03-02 16:12:56,840 - INFO - CaseID:1360 - 整体结果: PASS | 详情: 所有字段校验通过
2026-03-02 16:12:58,019 - INFO - CaseID:1361 - QUERY字段：基础语义模糊匹配通过
2026-03-02 16:12:58,019 - INFO - CaseID:1361 - 整体结果: PASS | 详情: 所有字段校验通过
2026-03-02 16:12:59,409 - INFO - CaseID:1362 - QUERY字段：基础语义模糊匹配通过
2026-03-02 16:12:59,410 - INFO - CaseID:1362 - 整体结果: PASS | 详情: 所有字段校验通过
2026-03-02 16:13:01,016 - INFO - CaseID:1363 - QUERY字段：基础语义模糊匹配通过
2026-03-02 16:13:01,016 - INFO - CaseID:1363 - 整体结果: PASS | 详情: 所有字段校验通过
2026-03-02 16:13:02,473 - INFO - CaseID:1364 - QUERY字段：基础语义模糊匹配通过
2026-03-02 16:13:02,473 - INFO - CaseID:1364 - 整体结果: PASS | 详情: 所有字段校验通过
2026-03-02 16:13:05,489 - INFO - CaseID:1365 - 整体结果: FAILED | 详情: QUERY不匹配：语义和visual_search链路意图均不一致 - 预期[这幅画的水平如何？请分析其构图、色彩、技法等艺术表现力。]，实际[这幅画的水平如何？]
2026-03-02 16:13:07,180 - INFO - CaseID:1366 - QUERY字段：基础语义模糊匹配通过
2026-03-02 16:13:07,180 - INFO - CaseID:1366 - 整体结果: PASS | 详情: 所有字段校验通过
2026-03-02 16:13:07,181 - INFO - CaseID:1367 - QUERY字段：基础语义模糊匹配通过
2026-03-02 16:13:07,181 - INFO - CaseID:1367 - 整体结果: PASS | 详情: 所有字段校验通过
2026-03-02 16:13:08,409 - INFO - CaseID:1368 - QUERY字段：基础语义模糊匹配通过
2026-03-02 16:13:08,410 - INFO - CaseID:1368 - 整体结果: PASS | 详情: 所有字段校验通过
2026-03-02 16:13:09,600 - INFO - CaseID:1369 - QUERY字段：基础语义模糊匹配通过
2026-03-02 16:13:09,600 - INFO - CaseID:1369 - 整体结果: PASS | 详情: 所有字段校验通过
2026-03-02 16:13:11,802 - INFO - CaseID:1370 - QUERY字段：语义匹配失败，但visual_search链路意图匹配通过
2026-03-02 16:13:11,803 - INFO - CaseID:1370 - 整体结果: PASS | 详情: 所有字段校验通过
2026-03-02 16:13:16,267 - INFO - CaseID:1371 - QUERY字段：语义匹配失败，但visual_search链路意图匹配通过
2026-03-02 16:13:16,267 - INFO - CaseID:1371 - 整体结果: PASS | 详情: 所有字段校验通过
2026-03-02 16:13:19,171 - INFO - CaseID:1372 - QUERY字段：语义匹配失败，但visual_search链路意图匹配通过
2026-03-02 16:13:19,172 - INFO - CaseID:1372 - 整体结果: PASS | 详情: 所有字段校验通过
2026-03-02 16:13:20,376 - INFO - CaseID:1373 - QUERY字段：基础语义模糊匹配通过
2026-03-02 16:13:20,376 - INFO - CaseID:1373 - 整体结果: PASS | 详情: 所有字段校验通过
2026-03-02 16:13:21,890 - INFO - CaseID:1374 - QUERY字段：基础语义模糊匹配通过
2026-03-02 16:13:21,890 - INFO - CaseID:1374 - 整体结果: PASS | 详情: 所有字段校验通过
2026-03-02 16:13:23,294 - INFO - CaseID:1375 - QUERY字段：基础语义模糊匹配通过
2026-03-02 16:13:23,294 - INFO - CaseID:1375 - 整体结果: PASS | 详情: 所有字段校验通过
2026-03-02 16:13:26,771 - INFO - CaseID:1376 - QUERY字段：语义匹配失败，但visual_search链路意图匹配通过
2026-03-02 16:13:26,771 - INFO - CaseID:1376 - 整体结果: PASS | 详情: 所有字段校验通过
2026-03-02 16:13:29,801 - INFO - CaseID:1377 - 整体结果: FAILED | 详情: QUERY不匹配：语义和visual_search链路意图均不一致 - 预期[这画给你什么印象]，实际[这画给我什么印象]
2026-03-02 16:13:29,801 - INFO - CaseID:1378 - QUERY字段：语义匹配失败，但visual_search链路意图匹配通过
2026-03-02 16:13:29,801 - INFO - CaseID:1378 - 整体结果: PASS | 详情: 所有字段校验通过
2026-03-02 16:13:32,673 - INFO - CaseID:1379 - QUERY字段：语义匹配失败，但visual_search链路意图匹配通过
2026-03-02 16:13:32,674 - INFO - CaseID:1379 - 整体结果: PASS | 详情: 所有字段校验通过
2026-03-02 16:13:33,804 - INFO - CaseID:1380 - QUERY字段：基础语义模糊匹配通过
2026-03-02 16:13:33,805 - INFO - CaseID:1380 - 整体结果: PASS | 详情: 所有字段校验通过
2026-03-02 16:13:36,160 - INFO - CaseID:1381 - QUERY字段：基础语义模糊匹配通过
2026-03-02 16:13:36,160 - INFO - CaseID:1381 - 整体结果: PASS | 详情: 所有字段校验通过
2026-03-02 16:13:39,173 - INFO - CaseID:1382 - 整体结果: FAILED | 详情: QUERY不匹配：语义和visual_search链路意图均不一致 - 预期[你觉得还行吗]，实际[当前摄像头捕捉到的内容是什么？]
2026-03-02 16:13:40,377 - INFO - CaseID:1383 - QUERY字段：基础语义模糊匹配通过
2026-03-02 16:13:40,378 - INFO - CaseID:1383 - 整体结果: PASS | 详情: 所有字段校验通过
2026-03-02 16:13:41,596 - INFO - CaseID:1384 - QUERY字段：基础语义模糊匹配通过
2026-03-02 16:13:41,597 - INFO - CaseID:1384 - 整体结果: PASS | 详情: 所有字段校验通过
2026-03-02 16:13:42,725 - INFO - CaseID:1385 - QUERY字段：基础语义模糊匹配通过
2026-03-02 16:13:42,725 - INFO - CaseID:1385 - 整体结果: PASS | 详情: 所有字段校验通过
2026-03-02 16:13:44,291 - INFO - CaseID:1386 - QUERY字段：基础语义模糊匹配通过
2026-03-02 16:13:44,292 - INFO - CaseID:1386 - 整体结果: PASS | 详情: 所有字段校验通过
2026-03-02 16:13:47,731 - INFO - CaseID:1387 - QUERY字段：语义匹配失败，但visual_search链路意图匹配通过
2026-03-02 16:13:47,731 - INFO - CaseID:1387 - 整体结果: PASS | 详情: 所有字段校验通过
2026-03-02 16:13:50,804 - INFO - CaseID:1388 - QUERY字段：语义匹配失败，但visual_search链路意图匹配通过
2026-03-02 16:13:50,804 - INFO - CaseID:1388 - 整体结果: PASS | 详情: 所有字段校验通过
2026-03-02 16:13:52,028 - INFO - CaseID:1389 - QUERY字段：基础语义模糊匹配通过
2026-03-02 16:13:52,028 - INFO - CaseID:1389 - 整体结果: PASS | 详情: 所有字段校验通过
2026-03-02 16:13:54,900 - INFO - CaseID:1390 - 整体结果: FAILED | 详情: QUERY不匹配：语义和visual_search链路意图均不一致 - 预期[识别当前摄像头画面中的饮品是什么]，实际[这个好喝还是特仑苏好喝]
2026-03-02 16:13:56,348 - INFO - CaseID:1391 - QUERY字段：基础语义模糊匹配通过
2026-03-02 16:13:56,348 - INFO - CaseID:1391 - 整体结果: PASS | 详情: 所有字段校验通过
2026-03-02 16:13:58,146 - INFO - CaseID:1392 - QUERY字段：基础语义模糊匹配通过
2026-03-02 16:13:58,146 - INFO - CaseID:1392 - 整体结果: PASS | 详情: 所有字段校验通过
2026-03-02 16:13:59,384 - INFO - CaseID:1393 - QUERY字段：基础语义模糊匹配通过
2026-03-02 16:13:59,384 - INFO - CaseID:1393 - 整体结果: PASS | 详情: 所有字段校验通过
2026-03-02 16:13:59,385 - INFO - CaseID:1394 - QUERY字段：基础语义模糊匹配通过
2026-03-02 16:13:59,385 - INFO - CaseID:1394 - 整体结果: PASS | 详情: 所有字段校验通过
2026-03-02 16:14:00,839 - INFO - CaseID:1395 - QUERY字段：基础语义模糊匹配通过
2026-03-02 16:14:00,840 - INFO - CaseID:1395 - 整体结果: PASS | 详情: 所有字段校验通过
2026-03-02 16:14:02,519 - INFO - CaseID:1396 - QUERY字段：基础语义模糊匹配通过
2026-03-02 16:14:02,520 - INFO - CaseID:1396 - 整体结果: PASS | 详情: 所有字段校验通过
2026-03-02 16:14:02,521 - INFO - CaseID:1397 - QUERY字段：语义匹配失败，但visual_search链路意图匹配通过
2026-03-02 16:14:02,521 - INFO - CaseID:1397 - 整体结果: PASS | 详情: 所有字段校验通过
2026-03-02 16:14:05,297 - INFO - CaseID:1398 - QUERY字段：语义匹配失败，但visual_search链路意图匹配通过
2026-03-02 16:14:05,297 - INFO - CaseID:1398 - 整体结果: PASS | 详情: 所有字段校验通过
2026-03-02 16:14:06,712 - INFO - CaseID:1399 - QUERY字段：基础语义模糊匹配通过
2026-03-02 16:14:06,713 - INFO - CaseID:1399 - 整体结果: PASS | 详情: 所有字段校验通过
2026-03-02 16:14:08,222 - INFO - CaseID:1400 - QUERY字段：基础语义模糊匹配通过
2026-03-02 16:14:08,223 - INFO - CaseID:1400 - 整体结果: PASS | 详情: 所有字段校验通过
2026-03-02 16:14:09,389 - INFO - CaseID:1401 - QUERY字段：基础语义模糊匹配通过
2026-03-02 16:14:09,390 - INFO - CaseID:1401 - 整体结果: PASS | 详情: 所有字段校验通过
2026-03-02 16:14:10,669 - INFO - CaseID:1402 - QUERY字段：基础语义模糊匹配通过
2026-03-02 16:14:10,669 - INFO - CaseID:1402 - 整体结果: PASS | 详情: 所有字段校验通过
2026-03-02 16:14:11,865 - INFO - CaseID:1403 - QUERY字段：基础语义模糊匹配通过
2026-03-02 16:14:11,865 - INFO - CaseID:1403 - 整体结果: PASS | 详情: 所有字段校验通过
2026-03-02 16:14:11,865 - INFO - CaseID:1404 - QUERY字段：基础语义模糊匹配通过
2026-03-02 16:14:11,866 - INFO - CaseID:1404 - 整体结果: PASS | 详情: 所有字段校验通过
2026-03-02 16:14:11,867 - INFO - CaseID:1405 - QUERY字段：基础语义模糊匹配通过
2026-03-02 16:14:11,867 - INFO - CaseID:1405 - 整体结果: PASS | 详情: 所有字段校验通过
2026-03-02 16:14:13,481 - INFO - CaseID:1406 - QUERY字段：基础语义模糊匹配通过
2026-03-02 16:14:13,482 - INFO - CaseID:1406 - 整体结果: PASS | 详情: 所有字段校验通过
2026-03-02 16:14:14,946 - INFO - CaseID:1407 - QUERY字段：基础语义模糊匹配通过
2026-03-02 16:14:14,947 - INFO - CaseID:1407 - 整体结果: PASS | 详情: 所有字段校验通过
2026-03-02 16:14:17,460 - INFO - CaseID:1408 - QUERY字段：语义匹配失败，但visual_search链路意图匹配通过
2026-03-02 16:14:17,461 - INFO - CaseID:1408 - 整体结果: PASS | 详情: 所有字段校验通过
2026-03-02 16:14:18,807 - INFO - CaseID:1409 - QUERY字段：基础语义模糊匹配通过
2026-03-02 16:14:18,808 - INFO - CaseID:1409 - 整体结果: PASS | 详情: 所有字段校验通过
2026-03-02 16:14:20,128 - INFO - CaseID:1410 - QUERY字段：基础语义模糊匹配通过
2026-03-02 16:14:20,129 - INFO - CaseID:1410 - 整体结果: PASS | 详情: 所有字段校验通过
2026-03-02 16:14:21,726 - INFO - CaseID:1411 - QUERY字段：基础语义模糊匹配通过
2026-03-02 16:14:21,727 - INFO - CaseID:1411 - 整体结果: PASS | 详情: 所有字段校验通过
2026-03-02 16:14:24,598 - INFO - CaseID:1412 - QUERY字段：语义匹配失败，但visual_search链路意图匹配通过
2026-03-02 16:14:24,598 - INFO - CaseID:1412 - 整体结果: PASS | 详情: 所有字段校验通过
2026-03-02 16:14:26,066 - INFO - CaseID:1413 - QUERY字段：基础语义模糊匹配通过
2026-03-02 16:14:26,066 - INFO - CaseID:1413 - 整体结果: PASS | 详情: 所有字段校验通过
2026-03-02 16:14:27,256 - INFO - CaseID:1414 - QUERY字段：基础语义模糊匹配通过
2026-03-02 16:14:27,256 - INFO - CaseID:1414 - 整体结果: PASS | 详情: 所有字段校验通过
2026-03-02 16:14:27,257 - INFO - CaseID:1415 - CATEGORY字段：模型输出含「其他问答」，该字段通过
2026-03-02 16:14:28,460 - INFO - CaseID:1415 - QUERY字段：基础语义模糊匹配通过
2026-03-02 16:14:28,461 - INFO - CaseID:1415 - 整体结果: FAILED | 详情: APINAME不匹配：预期[visual_search]，实际[QASearch]; TAG不匹配：一方为空 - 预期[]，实际[水煮牛肉&价格]
2026-03-02 16:14:29,669 - INFO - CaseID:1416 - QUERY字段：基础语义模糊匹配通过
2026-03-02 16:14:29,671 - INFO - CaseID:1416 - 整体结果: PASS | 详情: 所有字段校验通过
2026-03-02 16:14:30,944 - INFO - CaseID:1417 - QUERY字段：基础语义模糊匹配通过
2026-03-02 16:14:30,944 - INFO - CaseID:1417 - 整体结果: PASS | 详情: 所有字段校验通过
2026-03-02 16:14:32,106 - INFO - CaseID:1418 - QUERY字段：基础语义模糊匹配通过
2026-03-02 16:14:32,106 - INFO - CaseID:1418 - 整体结果: PASS | 详情: 所有字段校验通过
2026-03-02 16:14:32,106 - INFO - CaseID:1419 - QUERY字段：语义匹配失败，但visual_search链路意图匹配通过
2026-03-02 16:14:32,106 - INFO - CaseID:1419 - 整体结果: PASS | 详情: 所有字段校验通过
2026-03-02 16:14:33,403 - INFO - CaseID:1420 - QUERY字段：基础语义模糊匹配通过
2026-03-02 16:14:33,403 - INFO - CaseID:1420 - 整体结果: PASS | 详情: 所有字段校验通过
2026-03-02 16:14:34,848 - INFO - CaseID:1421 - QUERY字段：基础语义模糊匹配通过
2026-03-02 16:14:34,848 - INFO - CaseID:1421 - 整体结果: PASS | 详情: 所有字段校验通过
2026-03-02 16:14:36,596 - INFO - CaseID:1422 - QUERY字段：基础语义模糊匹配通过
2026-03-02 16:14:36,597 - INFO - CaseID:1422 - 整体结果: PASS | 详情: 所有字段校验通过
2026-03-02 16:14:37,802 - INFO - CaseID:1423 - QUERY字段：基础语义模糊匹配通过
2026-03-02 16:14:37,802 - INFO - CaseID:1423 - 整体结果: PASS | 详情: 所有字段校验通过
2026-03-02 16:14:39,136 - INFO - CaseID:1424 - QUERY字段：基础语义模糊匹配通过
2026-03-02 16:14:39,137 - INFO - CaseID:1424 - 整体结果: PASS | 详情: 所有字段校验通过
2026-03-02 16:14:40,568 - INFO - CaseID:1425 - QUERY字段：基础语义模糊匹配通过
2026-03-02 16:14:40,568 - INFO - CaseID:1425 - 整体结果: PASS | 详情: 所有字段校验通过
2026-03-02 16:14:41,723 - INFO - CaseID:1426 - QUERY字段：基础语义模糊匹配通过
2026-03-02 16:14:41,724 - INFO - CaseID:1426 - 整体结果: PASS | 详情: 所有字段校验通过
2026-03-02 16:14:42,952 - INFO - CaseID:1427 - QUERY字段：基础语义模糊匹配通过
2026-03-02 16:14:42,952 - INFO - CaseID:1427 - 整体结果: PASS | 详情: 所有字段校验通过
2026-03-02 16:14:44,460 - INFO - CaseID:1428 - QUERY字段：基础语义模糊匹配通过
2026-03-02 16:14:44,460 - INFO - CaseID:1428 - 整体结果: PASS | 详情: 所有字段校验通过
2026-03-02 16:14:45,688 - INFO - CaseID:1429 - QUERY字段：基础语义模糊匹配通过
2026-03-02 16:14:45,688 - INFO - CaseID:1429 - 整体结果: PASS | 详情: 所有字段校验通过
2026-03-02 16:14:47,227 - INFO - CaseID:1430 - QUERY字段：基础语义模糊匹配通过
2026-03-02 16:14:47,228 - INFO - CaseID:1430 - 整体结果: PASS | 详情: 所有字段校验通过
2026-03-02 16:14:49,784 - INFO - CaseID:1431 - QUERY字段：语义匹配失败，但visual_search链路意图匹配通过
2026-03-02 16:14:49,784 - INFO - CaseID:1431 - 整体结果: PASS | 详情: 所有字段校验通过
2026-03-02 16:14:51,763 - INFO - CaseID:1432 - QUERY字段：基础语义模糊匹配通过
2026-03-02 16:14:51,764 - INFO - CaseID:1432 - 整体结果: PASS | 详情: 所有字段校验通过
2026-03-02 16:14:52,857 - INFO - CaseID:1433 - QUERY字段：基础语义模糊匹配通过
2026-03-02 16:14:52,858 - INFO - CaseID:1433 - 整体结果: PASS | 详情: 所有字段校验通过
2026-03-02 16:14:54,703 - INFO - CaseID:1434 - QUERY字段：基础语义模糊匹配通过
2026-03-02 16:14:54,704 - INFO - CaseID:1434 - 整体结果: PASS | 详情: 所有字段校验通过
2026-03-02 16:14:55,929 - INFO - CaseID:1435 - QUERY字段：基础语义模糊匹配通过
2026-03-02 16:14:55,929 - INFO - CaseID:1435 - 整体结果: PASS | 详情: 所有字段校验通过
2026-03-02 16:14:57,735 - INFO - CaseID:1436 - QUERY字段：基础语义模糊匹配通过
2026-03-02 16:14:57,735 - INFO - CaseID:1436 - 整体结果: PASS | 详情: 所有字段校验通过
2026-03-02 16:14:58,894 - INFO - CaseID:1437 - QUERY字段：基础语义模糊匹配通过
2026-03-02 16:14:58,895 - INFO - CaseID:1437 - 整体结果: PASS | 详情: 所有字段校验通过
2026-03-02 16:14:58,895 - INFO - CaseID:1438 - QUERY字段：语义匹配失败，但visual_search链路意图匹配通过
2026-03-02 16:14:58,896 - INFO - CaseID:1438 - 整体结果: PASS | 详情: 所有字段校验通过
2026-03-02 16:15:01,220 - INFO - CaseID:1439 - 整体结果: FAILED | 详情: QUERY不匹配：语义和visual_search链路意图均不一致 - 预期[帮我把它翻译成中文呗]，实际[请识别摄像头捕捉到的内容]
2026-03-02 16:15:02,350 - INFO - CaseID:1440 - QUERY字段：基础语义模糊匹配通过
2026-03-02 16:15:02,351 - INFO - CaseID:1440 - 整体结果: PASS | 详情: 所有字段校验通过
2026-03-02 16:15:02,351 - INFO - CaseID:1441 - QUERY字段：基础语义模糊匹配通过
2026-03-02 16:15:02,351 - INFO - CaseID:1441 - 整体结果: PASS | 详情: 所有字段校验通过
2026-03-02 16:15:03,883 - INFO - CaseID:1442 - QUERY字段：基础语义模糊匹配通过
2026-03-02 16:15:03,883 - INFO - CaseID:1442 - 整体结果: PASS | 详情: 所有字段校验通过
2026-03-02 16:15:06,375 - INFO - CaseID:1443 - QUERY字段：语义匹配失败，但visual_search链路意图匹配通过
2026-03-02 16:15:06,376 - INFO - CaseID:1443 - 整体结果: PASS | 详情: 所有字段校验通过
2026-03-02 16:15:07,603 - INFO - CaseID:1444 - QUERY字段：基础语义模糊匹配通过
2026-03-02 16:15:07,604 - INFO - CaseID:1444 - 整体结果: PASS | 详情: 所有字段校验通过
2026-03-02 16:15:10,183 - INFO - CaseID:1445 - QUERY字段：语义匹配失败，但visual_search链路意图匹配通过
2026-03-02 16:15:10,184 - INFO - CaseID:1445 - 整体结果: PASS | 详情: 所有字段校验通过
2026-03-02 16:15:11,390 - INFO - CaseID:1446 - QUERY字段：基础语义模糊匹配通过
2026-03-02 16:15:11,390 - INFO - CaseID:1446 - 整体结果: PASS | 详情: 所有字段校验通过
2026-03-02 16:15:14,594 - INFO - CaseID:1447 - QUERY字段：语义匹配失败，但visual_search链路意图匹配通过
2026-03-02 16:15:14,594 - INFO - CaseID:1447 - 整体结果: PASS | 详情: 所有字段校验通过
2026-03-02 16:15:16,104 - INFO - CaseID:1448 - QUERY字段：基础语义模糊匹配通过
2026-03-02 16:15:16,104 - INFO - CaseID:1448 - 整体结果: PASS | 详情: 所有字段校验通过
2026-03-02 16:15:16,105 - INFO - CaseID:1449 - QUERY字段：语义匹配失败，但visual_search链路意图匹配通过
2026-03-02 16:15:16,105 - INFO - CaseID:1449 - 整体结果: PASS | 详情: 所有字段校验通过
2026-03-02 16:15:17,289 - INFO - CaseID:1450 - QUERY字段：基础语义模糊匹配通过
2026-03-02 16:15:17,290 - INFO - CaseID:1450 - 整体结果: PASS | 详情: 所有字段校验通过
2026-03-02 16:15:19,893 - INFO - CaseID:1451 - QUERY字段：语义匹配失败，但visual_search链路意图匹配通过
2026-03-02 16:15:19,893 - INFO - CaseID:1451 - 整体结果: PASS | 详情: 所有字段校验通过
2026-03-02 16:15:21,037 - INFO - CaseID:1452 - QUERY字段：基础语义模糊匹配通过
2026-03-02 16:15:21,037 - INFO - CaseID:1452 - 整体结果: PASS | 详情: 所有字段校验通过
2026-03-02 16:15:22,554 - INFO - CaseID:1453 - QUERY字段：基础语义模糊匹配通过
2026-03-02 16:15:22,554 - INFO - CaseID:1453 - 整体结果: PASS | 详情: 所有字段校验通过
2026-03-02 16:15:26,316 - INFO - CaseID:1454 - QUERY字段：语义匹配失败，但visual_search链路意图匹配通过
2026-03-02 16:15:26,316 - INFO - CaseID:1454 - 整体结果: PASS | 详情: 所有字段校验通过
2026-03-02 16:15:27,675 - INFO - CaseID:1455 - QUERY字段：基础语义模糊匹配通过
2026-03-02 16:15:27,677 - INFO - CaseID:1455 - 整体结果: PASS | 详情: 所有字段校验通过
2026-03-02 16:15:27,677 - INFO - CaseID:1456 - QUERY字段：语义匹配失败，但visual_search链路意图匹配通过
2026-03-02 16:15:27,677 - INFO - CaseID:1456 - 整体结果: PASS | 详情: 所有字段校验通过
2026-03-02 16:15:27,678 - INFO - CaseID:1457 - QUERY字段：基础语义模糊匹配通过
2026-03-02 16:15:27,678 - INFO - CaseID:1457 - 整体结果: PASS | 详情: 所有字段校验通过
2026-03-02 16:15:27,678 - INFO - CaseID:1458 - QUERY字段：基础语义模糊匹配通过
2026-03-02 16:15:27,678 - INFO - CaseID:1458 - 整体结果: PASS | 详情: 所有字段校验通过
2026-03-02 16:15:27,679 - INFO - CaseID:1459 - QUERY字段：语义匹配失败，但visual_search链路意图匹配通过
2026-03-02 16:15:27,679 - INFO - CaseID:1459 - 整体结果: PASS | 详情: 所有字段校验通过
2026-03-02 16:15:27,680 - INFO - CaseID:1460 - QUERY字段：语义匹配失败，但visual_search链路意图匹配通过
2026-03-02 16:15:27,680 - INFO - CaseID:1460 - 整体结果: PASS | 详情: 所有字段校验通过
2026-03-02 16:15:29,692 - INFO - CaseID:1461 - QUERY字段：基础语义模糊匹配通过
2026-03-02 16:15:29,692 - INFO - CaseID:1461 - 整体结果: PASS | 详情: 所有字段校验通过
2026-03-02 16:15:30,849 - INFO - CaseID:1462 - QUERY字段：基础语义模糊匹配通过
2026-03-02 16:15:30,849 - INFO - CaseID:1462 - 整体结果: PASS | 详情: 所有字段校验通过
2026-03-02 16:15:32,060 - INFO - CaseID:1463 - QUERY字段：基础语义模糊匹配通过
2026-03-02 16:15:32,061 - INFO - CaseID:1463 - 整体结果: PASS | 详情: 所有字段校验通过
2026-03-02 16:15:33,613 - INFO - CaseID:1464 - QUERY字段：基础语义模糊匹配通过
2026-03-02 16:15:33,614 - INFO - CaseID:1464 - 整体结果: PASS | 详情: 所有字段校验通过
2026-03-02 16:15:36,720 - INFO - CaseID:1465 - QUERY字段：语义匹配失败，但visual_search链路意图匹配通过
2026-03-02 16:15:36,720 - INFO - CaseID:1465 - 整体结果: PASS | 详情: 所有字段校验通过
2026-03-02 16:15:38,527 - INFO - CaseID:1466 - QUERY字段：基础语义模糊匹配通过
2026-03-02 16:15:38,528 - INFO - CaseID:1466 - 整体结果: PASS | 详情: 所有字段校验通过
2026-03-02 16:15:39,916 - INFO - CaseID:1467 - QUERY字段：基础语义模糊匹配通过
2026-03-02 16:15:39,916 - INFO - CaseID:1467 - 整体结果: PASS | 详情: 所有字段校验通过
2026-03-02 16:15:41,888 - INFO - CaseID:1468 - QUERY字段：基础语义模糊匹配通过
2026-03-02 16:15:41,889 - INFO - CaseID:1468 - 整体结果: PASS | 详情: 所有字段校验通过
2026-03-02 16:15:43,444 - INFO - CaseID:1469 - QUERY字段：基础语义模糊匹配通过
2026-03-02 16:15:43,444 - INFO - CaseID:1469 - 整体结果: PASS | 详情: 所有字段校验通过
2026-03-02 16:15:44,821 - INFO - CaseID:1470 - QUERY字段：基础语义模糊匹配通过
2026-03-02 16:15:44,821 - INFO - CaseID:1470 - 整体结果: PASS | 详情: 所有字段校验通过
2026-03-02 16:15:46,103 - INFO - CaseID:1471 - QUERY字段：基础语义模糊匹配通过
2026-03-02 16:15:46,103 - INFO - CaseID:1471 - 整体结果: PASS | 详情: 所有字段校验通过
2026-03-02 16:15:47,245 - INFO - CaseID:1472 - QUERY字段：基础语义模糊匹配通过
2026-03-02 16:15:47,246 - INFO - CaseID:1472 - 整体结果: PASS | 详情: 所有字段校验通过
2026-03-02 16:15:50,085 - INFO - CaseID:1473 - QUERY字段：语义匹配失败，但visual_search链路意图匹配通过
2026-03-02 16:15:50,085 - INFO - CaseID:1473 - 整体结果: PASS | 详情: 所有字段校验通过
2026-03-02 16:15:51,839 - INFO - CaseID:1474 - QUERY字段：基础语义模糊匹配通过
2026-03-02 16:15:51,839 - INFO - CaseID:1474 - 整体结果: PASS | 详情: 所有字段校验通过
2026-03-02 16:15:53,034 - INFO - CaseID:1475 - QUERY字段：基础语义模糊匹配通过
2026-03-02 16:15:53,034 - INFO - CaseID:1475 - 整体结果: PASS | 详情: 所有字段校验通过
2026-03-02 16:15:54,482 - INFO - CaseID:1476 - QUERY字段：基础语义模糊匹配通过
2026-03-02 16:15:54,483 - INFO - CaseID:1476 - 整体结果: PASS | 详情: 所有字段校验通过
2026-03-02 16:15:55,735 - INFO - CaseID:1477 - QUERY字段：基础语义模糊匹配通过
2026-03-02 16:15:55,735 - INFO - CaseID:1477 - 整体结果: PASS | 详情: 所有字段校验通过
2026-03-02 16:15:56,903 - INFO - CaseID:1478 - QUERY字段：基础语义模糊匹配通过
2026-03-02 16:15:56,903 - INFO - CaseID:1478 - 整体结果: PASS | 详情: 所有字段校验通过
2026-03-02 16:15:58,111 - INFO - CaseID:1479 - QUERY字段：基础语义模糊匹配通过
2026-03-02 16:15:58,111 - INFO - CaseID:1479 - 整体结果: PASS | 详情: 所有字段校验通过
2026-03-02 16:15:58,112 - INFO - CaseID:1480 - QUERY字段：基础语义模糊匹配通过
2026-03-02 16:15:58,112 - INFO - CaseID:1480 - 整体结果: PASS | 详情: 所有字段校验通过
2026-03-02 16:16:00,563 - INFO - CaseID:1481 - QUERY字段：语义匹配失败，但visual_search链路意图匹配通过
2026-03-02 16:16:00,565 - INFO - CaseID:1481 - 整体结果: PASS | 详情: 所有字段校验通过
2026-03-02 16:16:03,104 - INFO - CaseID:1482 - QUERY字段：语义匹配失败，但visual_search链路意图匹配通过
2026-03-02 16:16:03,104 - INFO - CaseID:1482 - 整体结果: PASS | 详情: 所有字段校验通过
2026-03-02 16:16:05,688 - INFO - CaseID:1483 - QUERY字段：基础语义模糊匹配通过
2026-03-02 16:16:05,688 - INFO - CaseID:1483 - 整体结果: PASS | 详情: 所有字段校验通过
2026-03-02 16:16:06,874 - INFO - CaseID:1484 - QUERY字段：基础语义模糊匹配通过
2026-03-02 16:16:06,874 - INFO - CaseID:1484 - 整体结果: PASS | 详情: 所有字段校验通过
2026-03-02 16:16:08,044 - INFO - CaseID:1485 - QUERY字段：基础语义模糊匹配通过
2026-03-02 16:16:08,044 - INFO - CaseID:1485 - 整体结果: PASS | 详情: 所有字段校验通过
2026-03-02 16:16:09,498 - INFO - CaseID:1486 - QUERY字段：基础语义模糊匹配通过
2026-03-02 16:16:09,499 - INFO - CaseID:1486 - 整体结果: PASS | 详情: 所有字段校验通过
2026-03-02 16:16:10,649 - INFO - CaseID:1487 - QUERY字段：基础语义模糊匹配通过
2026-03-02 16:16:10,649 - INFO - CaseID:1487 - 整体结果: PASS | 详情: 所有字段校验通过
2026-03-02 16:16:11,745 - INFO - CaseID:1488 - QUERY字段：基础语义模糊匹配通过
2026-03-02 16:16:11,745 - INFO - CaseID:1488 - 整体结果: PASS | 详情: 所有字段校验通过
2026-03-02 16:16:13,203 - INFO - CaseID:1489 - QUERY字段：基础语义模糊匹配通过
2026-03-02 16:16:13,203 - INFO - CaseID:1489 - 整体结果: PASS | 详情: 所有字段校验通过
2026-03-02 16:16:16,460 - INFO - CaseID:1490 - QUERY字段：语义匹配失败，但visual_search链路意图匹配通过
2026-03-02 16:16:16,461 - INFO - CaseID:1490 - 整体结果: PASS | 详情: 所有字段校验通过
2026-03-02 16:16:17,617 - INFO - CaseID:1491 - QUERY字段：基础语义模糊匹配通过
2026-03-02 16:16:17,618 - INFO - CaseID:1491 - 整体结果: PASS | 详情: 所有字段校验通过
2026-03-02 16:16:19,212 - INFO - CaseID:1492 - QUERY字段：基础语义模糊匹配通过
2026-03-02 16:16:19,212 - INFO - CaseID:1492 - 整体结果: PASS | 详情: 所有字段校验通过
2026-03-02 16:16:20,826 - INFO - CaseID:1493 - QUERY字段：基础语义模糊匹配通过
2026-03-02 16:16:20,827 - INFO - CaseID:1493 - 整体结果: PASS | 详情: 所有字段校验通过
2026-03-02 16:16:23,381 - INFO - CaseID:1494 - QUERY字段：语义匹配失败，但visual_search链路意图匹配通过
2026-03-02 16:16:23,382 - INFO - CaseID:1494 - 整体结果: PASS | 详情: 所有字段校验通过
2026-03-02 16:16:24,822 - INFO - CaseID:1495 - QUERY字段：基础语义模糊匹配通过
2026-03-02 16:16:24,822 - INFO - CaseID:1495 - 整体结果: PASS | 详情: 所有字段校验通过
2026-03-02 16:16:27,258 - INFO - CaseID:1496 - QUERY字段：基础语义模糊匹配通过
2026-03-02 16:16:27,258 - INFO - CaseID:1496 - 整体结果: PASS | 详情: 所有字段校验通过
2026-03-02 16:16:28,444 - INFO - CaseID:1497 - QUERY字段：基础语义模糊匹配通过
2026-03-02 16:16:28,445 - INFO - CaseID:1497 - 整体结果: PASS | 详情: 所有字段校验通过
2026-03-02 16:16:29,745 - INFO - CaseID:1498 - QUERY字段：基础语义模糊匹配通过
2026-03-02 16:16:29,746 - INFO - CaseID:1498 - 整体结果: PASS | 详情: 所有字段校验通过
2026-03-02 16:16:30,874 - INFO - CaseID:1499 - QUERY字段：基础语义模糊匹配通过
2026-03-02 16:16:30,874 - INFO - CaseID:1499 - 整体结果: PASS | 详情: 所有字段校验通过
2026-03-02 16:16:32,482 - INFO - CaseID:1500 - QUERY字段：基础语义模糊匹配通过
2026-03-02 16:16:32,483 - INFO - CaseID:1500 - 整体结果: PASS | 详情: 所有字段校验通过
2026-03-02 16:16:32,483 - INFO - 进度：1500/2542  通过：1447  通过率：96.47%
2026-03-02 16:16:32,485 - INFO - CaseID:1501 - QUERY字段：语义匹配失败，但visual_search链路意图匹配通过
2026-03-02 16:16:32,485 - INFO - CaseID:1501 - 整体结果: PASS | 详情: 所有字段校验通过
2026-03-02 16:16:33,930 - INFO - CaseID:1502 - QUERY字段：基础语义模糊匹配通过
2026-03-02 16:16:33,931 - INFO - CaseID:1502 - 整体结果: PASS | 详情: 所有字段校验通过
2026-03-02 16:16:35,025 - INFO - CaseID:1503 - QUERY字段：基础语义模糊匹配通过
2026-03-02 16:16:35,026 - INFO - CaseID:1503 - 整体结果: PASS | 详情: 所有字段校验通过
2026-03-02 16:16:36,534 - INFO - CaseID:1504 - QUERY字段：基础语义模糊匹配通过
2026-03-02 16:16:36,536 - INFO - CaseID:1504 - 整体结果: PASS | 详情: 所有字段校验通过
2026-03-02 16:16:37,692 - INFO - CaseID:1505 - QUERY字段：基础语义模糊匹配通过
2026-03-02 16:16:37,693 - INFO - CaseID:1505 - 整体结果: PASS | 详情: 所有字段校验通过
2026-03-02 16:16:39,206 - INFO - CaseID:1506 - QUERY字段：基础语义模糊匹配通过
2026-03-02 16:16:39,206 - INFO - CaseID:1506 - 整体结果: PASS | 详情: 所有字段校验通过
2026-03-02 16:16:40,452 - INFO - CaseID:1507 - QUERY字段：基础语义模糊匹配通过
2026-03-02 16:16:40,452 - INFO - CaseID:1507 - 整体结果: PASS | 详情: 所有字段校验通过
2026-03-02 16:16:43,012 - INFO - CaseID:1508 - QUERY字段：语义匹配失败，但visual_search链路意图匹配通过
2026-03-02 16:16:43,013 - INFO - CaseID:1508 - 整体结果: PASS | 详情: 所有字段校验通过
2026-03-02 16:16:43,013 - INFO - CaseID:1509 - 整体结果: FAILED | 详情: 模型输出核心字段全为空，判定不通过
2026-03-02 16:16:45,202 - INFO - CaseID:1510 - QUERY字段：基础语义模糊匹配通过
2026-03-02 16:16:45,202 - INFO - CaseID:1510 - 整体结果: PASS | 详情: 所有字段校验通过
2026-03-02 16:16:46,521 - INFO - CaseID:1511 - QUERY字段：基础语义模糊匹配通过
2026-03-02 16:16:46,521 - INFO - CaseID:1511 - 整体结果: PASS | 详情: 所有字段校验通过
2026-03-02 16:16:47,669 - INFO - CaseID:1512 - QUERY字段：基础语义模糊匹配通过
2026-03-02 16:16:47,669 - INFO - CaseID:1512 - 整体结果: PASS | 详情: 所有字段校验通过
2026-03-02 16:16:49,030 - INFO - CaseID:1513 - QUERY字段：基础语义模糊匹配通过
2026-03-02 16:16:49,031 - INFO - CaseID:1513 - 整体结果: PASS | 详情: 所有字段校验通过
2026-03-02 16:16:51,445 - INFO - CaseID:1514 - QUERY字段：语义匹配失败，但visual_search链路意图匹配通过
2026-03-02 16:16:51,445 - INFO - CaseID:1514 - 整体结果: PASS | 详情: 所有字段校验通过
2026-03-02 16:16:52,828 - INFO - CaseID:1515 - QUERY字段：基础语义模糊匹配通过
2026-03-02 16:16:52,828 - INFO - CaseID:1515 - 整体结果: PASS | 详情: 所有字段校验通过
2026-03-02 16:16:55,079 - INFO - CaseID:1516 - QUERY字段：语义匹配失败，但visual_search链路意图匹配通过
2026-03-02 16:16:55,079 - INFO - CaseID:1516 - 整体结果: PASS | 详情: 所有字段校验通过
2026-03-02 16:16:58,127 - INFO - CaseID:1517 - QUERY字段：语义匹配失败，但visual_search链路意图匹配通过
2026-03-02 16:16:58,127 - INFO - CaseID:1517 - 整体结果: PASS | 详情: 所有字段校验通过
2026-03-02 16:16:59,833 - INFO - CaseID:1518 - QUERY字段：基础语义模糊匹配通过
2026-03-02 16:16:59,833 - INFO - CaseID:1518 - 整体结果: PASS | 详情: 所有字段校验通过
2026-03-02 16:17:01,061 - INFO - CaseID:1519 - QUERY字段：基础语义模糊匹配通过
2026-03-02 16:17:01,062 - INFO - CaseID:1519 - 整体结果: PASS | 详情: 所有字段校验通过
2026-03-02 16:17:02,603 - INFO - CaseID:1520 - QUERY字段：基础语义模糊匹配通过
2026-03-02 16:17:02,604 - INFO - CaseID:1520 - 整体结果: PASS | 详情: 所有字段校验通过
2026-03-02 16:17:04,488 - INFO - CaseID:1521 - QUERY字段：基础语义模糊匹配通过
2026-03-02 16:17:04,489 - INFO - CaseID:1521 - 整体结果: PASS | 详情: 所有字段校验通过
2026-03-02 16:17:06,962 - INFO - CaseID:1522 - QUERY字段：语义匹配失败，但visual_search链路意图匹配通过
2026-03-02 16:17:06,962 - INFO - CaseID:1522 - 整体结果: PASS | 详情: 所有字段校验通过
2026-03-02 16:17:10,343 - INFO - CaseID:1523 - QUERY字段：基础语义模糊匹配通过
2026-03-02 16:17:10,344 - INFO - CaseID:1523 - 整体结果: PASS | 详情: 所有字段校验通过
2026-03-02 16:17:11,881 - INFO - CaseID:1524 - QUERY字段：基础语义模糊匹配通过
2026-03-02 16:17:11,881 - INFO - CaseID:1524 - 整体结果: PASS | 详情: 所有字段校验通过
2026-03-02 16:17:13,025 - INFO - CaseID:1525 - QUERY字段：基础语义模糊匹配通过
2026-03-02 16:17:13,025 - INFO - CaseID:1525 - 整体结果: PASS | 详情: 所有字段校验通过
2026-03-02 16:17:16,012 - INFO - CaseID:1526 - QUERY字段：基础语义模糊匹配通过
2026-03-02 16:17:16,012 - INFO - CaseID:1526 - 整体结果: PASS | 详情: 所有字段校验通过
2026-03-02 16:17:17,858 - INFO - CaseID:1527 - QUERY字段：基础语义模糊匹配通过
2026-03-02 16:17:17,858 - INFO - CaseID:1527 - 整体结果: PASS | 详情: 所有字段校验通过
2026-03-02 16:17:19,149 - INFO - CaseID:1528 - QUERY字段：基础语义模糊匹配通过
2026-03-02 16:17:19,149 - INFO - CaseID:1528 - 整体结果: PASS | 详情: 所有字段校验通过
2026-03-02 16:17:20,415 - INFO - CaseID:1529 - QUERY字段：基础语义模糊匹配通过
2026-03-02 16:17:20,415 - INFO - CaseID:1529 - 整体结果: PASS | 详情: 所有字段校验通过
2026-03-02 16:17:21,750 - INFO - CaseID:1530 - QUERY字段：基础语义模糊匹配通过
2026-03-02 16:17:21,751 - INFO - CaseID:1530 - 整体结果: PASS | 详情: 所有字段校验通过
2026-03-02 16:17:23,591 - INFO - CaseID:1531 - QUERY字段：基础语义模糊匹配通过
2026-03-02 16:17:23,592 - INFO - CaseID:1531 - 整体结果: PASS | 详情: 所有字段校验通过
2026-03-02 16:17:24,819 - INFO - CaseID:1532 - QUERY字段：基础语义模糊匹配通过
2026-03-02 16:17:24,820 - INFO - CaseID:1532 - 整体结果: PASS | 详情: 所有字段校验通过
2026-03-02 16:17:26,180 - INFO - CaseID:1533 - QUERY字段：基础语义模糊匹配通过
2026-03-02 16:17:26,181 - INFO - CaseID:1533 - 整体结果: PASS | 详情: 所有字段校验通过
2026-03-02 16:17:27,201 - INFO - CaseID:1534 - QUERY字段：基础语义模糊匹配通过
2026-03-02 16:17:27,202 - INFO - CaseID:1534 - 整体结果: PASS | 详情: 所有字段校验通过
2026-03-02 16:17:28,510 - INFO - CaseID:1535 - QUERY字段：基础语义模糊匹配通过
2026-03-02 16:17:28,510 - INFO - CaseID:1535 - 整体结果: PASS | 详情: 所有字段校验通过
2026-03-02 16:17:31,071 - INFO - CaseID:1536 - QUERY字段：语义匹配失败，但visual_search链路意图匹配通过
2026-03-02 16:17:31,072 - INFO - CaseID:1536 - 整体结果: PASS | 详情: 所有字段校验通过
2026-03-02 16:17:32,235 - INFO - CaseID:1537 - QUERY字段：基础语义模糊匹配通过
2026-03-02 16:17:32,236 - INFO - CaseID:1537 - 整体结果: PASS | 详情: 所有字段校验通过
2026-03-02 16:17:33,832 - INFO - CaseID:1538 - QUERY字段：基础语义模糊匹配通过
2026-03-02 16:17:33,833 - INFO - CaseID:1538 - 整体结果: PASS | 详情: 所有字段校验通过
2026-03-02 16:17:38,439 - INFO - CaseID:1539 - QUERY字段：语义匹配失败，但visual_search链路意图匹配通过
2026-03-02 16:17:38,439 - INFO - CaseID:1539 - 整体结果: PASS | 详情: 所有字段校验通过
2026-03-02 16:17:41,163 - INFO - CaseID:1540 - QUERY字段：基础语义模糊匹配通过
2026-03-02 16:17:41,163 - INFO - CaseID:1540 - 整体结果: PASS | 详情: 所有字段校验通过
2026-03-02 16:17:42,637 - INFO - CaseID:1541 - QUERY字段：基础语义模糊匹配通过
2026-03-02 16:17:42,637 - INFO - CaseID:1541 - 整体结果: PASS | 详情: 所有字段校验通过
2026-03-02 16:17:45,298 - INFO - CaseID:1542 - QUERY字段：语义匹配失败，但visual_search链路意图匹配通过
2026-03-02 16:17:45,299 - INFO - CaseID:1542 - 整体结果: PASS | 详情: 所有字段校验通过
2026-03-02 16:17:48,321 - INFO - CaseID:1543 - QUERY字段：语义匹配失败，但visual_search链路意图匹配通过
2026-03-02 16:17:48,322 - INFO - CaseID:1543 - 整体结果: PASS | 详情: 所有字段校验通过
2026-03-02 16:17:51,034 - INFO - CaseID:1544 - QUERY字段：语义匹配失败，但visual_search链路意图匹配通过
2026-03-02 16:17:51,034 - INFO - CaseID:1544 - 整体结果: PASS | 详情: 所有字段校验通过
2026-03-02 16:17:53,743 - INFO - CaseID:1545 - QUERY字段：语义匹配失败，但visual_search链路意图匹配通过
2026-03-02 16:17:53,744 - INFO - CaseID:1545 - 整体结果: PASS | 详情: 所有字段校验通过
2026-03-02 16:17:56,967 - INFO - CaseID:1546 - QUERY字段：语义匹配失败，但visual_search链路意图匹配通过
2026-03-02 16:17:56,968 - INFO - CaseID:1546 - 整体结果: PASS | 详情: 所有字段校验通过
2026-03-02 16:17:59,536 - INFO - CaseID:1547 - QUERY字段：语义匹配失败，但visual_search链路意图匹配通过
2026-03-02 16:17:59,537 - INFO - CaseID:1547 - 整体结果: PASS | 详情: 所有字段校验通过
2026-03-02 16:18:00,866 - INFO - CaseID:1548 - QUERY字段：基础语义模糊匹配通过
2026-03-02 16:18:00,866 - INFO - CaseID:1548 - 整体结果: PASS | 详情: 所有字段校验通过
2026-03-02 16:18:03,308 - INFO - CaseID:1549 - 整体结果: FAILED | 详情: QUERY不匹配：语义和visual_search链路意图均不一致 - 预期[识别当前摄像头捕捉到的食物或物品]，实际[吃完这个需要刷牙么]
2026-03-02 16:18:06,189 - INFO - CaseID:1550 - QUERY字段：语义匹配失败，但visual_search链路意图匹配通过
2026-03-02 16:18:06,189 - INFO - CaseID:1550 - 整体结果: PASS | 详情: 所有字段校验通过
2026-03-02 16:18:08,736 - INFO - CaseID:1551 - QUERY字段：语义匹配失败，但visual_search链路意图匹配通过
2026-03-02 16:18:08,736 - INFO - CaseID:1551 - 整体结果: PASS | 详情: 所有字段校验通过
2026-03-02 16:18:11,922 - INFO - CaseID:1552 - QUERY字段：语义匹配失败，但visual_search链路意图匹配通过
2026-03-02 16:18:11,923 - INFO - CaseID:1552 - 整体结果: PASS | 详情: 所有字段校验通过
2026-03-02 16:18:14,326 - INFO - CaseID:1553 - QUERY字段：语义匹配失败，但visual_search链路意图匹配通过
2026-03-02 16:18:14,326 - INFO - CaseID:1553 - 整体结果: PASS | 详情: 所有字段校验通过
2026-03-02 16:18:17,014 - INFO - CaseID:1554 - QUERY字段：语义匹配失败，但visual_search链路意图匹配通过
2026-03-02 16:18:17,014 - INFO - CaseID:1554 - 整体结果: PASS | 详情: 所有字段校验通过
2026-03-02 16:18:19,988 - INFO - CaseID:1555 - QUERY字段：语义匹配失败，但visual_search链路意图匹配通过
2026-03-02 16:18:19,988 - INFO - CaseID:1555 - 整体结果: PASS | 详情: 所有字段校验通过
2026-03-02 16:18:22,512 - INFO - CaseID:1556 - QUERY字段：语义匹配失败，但visual_search链路意图匹配通过
2026-03-02 16:18:22,512 - INFO - CaseID:1556 - 整体结果: PASS | 详情: 所有字段校验通过
2026-03-02 16:18:23,665 - INFO - CaseID:1557 - QUERY字段：基础语义模糊匹配通过
2026-03-02 16:18:23,666 - INFO - CaseID:1557 - 整体结果: PASS | 详情: 所有字段校验通过
2026-03-02 16:18:27,302 - INFO - CaseID:1558 - QUERY字段：语义匹配失败，但visual_search链路意图匹配通过
2026-03-02 16:18:27,303 - INFO - CaseID:1558 - 整体结果: PASS | 详情: 所有字段校验通过
2026-03-02 16:18:30,684 - INFO - CaseID:1559 - QUERY字段：语义匹配失败，但visual_search链路意图匹配通过
2026-03-02 16:18:30,684 - INFO - CaseID:1559 - 整体结果: PASS | 详情: 所有字段校验通过
2026-03-02 16:18:33,119 - INFO - CaseID:1560 - 整体结果: FAILED | 详情: QUERY不匹配：语义和visual_search链路意图均不一致 - 预期[识别当前摄像头画面中的物品或商品]，实际[这个多少钱呢]
2026-03-02 16:18:35,368 - INFO - CaseID:1561 - 整体结果: FAILED | 详情: QUERY不匹配：语义和visual_search链路意图均不一致 - 预期[这个粉色的东西是什么？]，实际[这个粉色的东西好吃么]
2026-03-02 16:18:38,035 - INFO - CaseID:1562 - QUERY字段：语义匹配失败，但visual_search链路意图匹配通过
2026-03-02 16:18:38,035 - INFO - CaseID:1562 - 整体结果: PASS | 详情: 所有字段校验通过
2026-03-02 16:18:39,697 - INFO - CaseID:1563 - QUERY字段：基础语义模糊匹配通过
2026-03-02 16:18:39,698 - INFO - CaseID:1563 - 整体结果: PASS | 详情: 所有字段校验通过
2026-03-02 16:18:42,020 - INFO - CaseID:1564 - QUERY字段：语义匹配失败，但visual_search链路意图匹配通过
2026-03-02 16:18:42,020 - INFO - CaseID:1564 - 整体结果: PASS | 详情: 所有字段校验通过
2026-03-02 16:18:44,586 - INFO - CaseID:1565 - QUERY字段：语义匹配失败，但visual_search链路意图匹配通过
2026-03-02 16:18:44,586 - INFO - CaseID:1565 - 整体结果: PASS | 详情: 所有字段校验通过
2026-03-02 16:18:47,354 - INFO - CaseID:1566 - QUERY字段：语义匹配失败，但visual_search链路意图匹配通过
2026-03-02 16:18:47,354 - INFO - CaseID:1566 - 整体结果: PASS | 详情: 所有字段校验通过
2026-03-02 16:18:48,478 - INFO - CaseID:1567 - QUERY字段：基础语义模糊匹配通过
2026-03-02 16:18:48,478 - INFO - CaseID:1567 - 整体结果: PASS | 详情: 所有字段校验通过
2026-03-02 16:18:49,650 - INFO - CaseID:1568 - QUERY字段：基础语义模糊匹配通过
2026-03-02 16:18:49,650 - INFO - CaseID:1568 - 整体结果: PASS | 详情: 所有字段校验通过
2026-03-02 16:18:49,651 - INFO - CaseID:1569 - QUERY字段：基础语义模糊匹配通过
2026-03-02 16:18:49,651 - INFO - CaseID:1569 - 整体结果: PASS | 详情: 所有字段校验通过
2026-03-02 16:18:50,879 - INFO - CaseID:1570 - QUERY字段：基础语义模糊匹配通过
2026-03-02 16:18:50,879 - INFO - CaseID:1570 - 整体结果: PASS | 详情: 所有字段校验通过
2026-03-02 16:18:50,880 - INFO - CaseID:1571 - QUERY字段：基础语义模糊匹配通过
2026-03-02 16:18:50,880 - INFO - CaseID:1571 - 整体结果: PASS | 详情: 所有字段校验通过
2026-03-02 16:18:50,882 - INFO - CaseID:1572 - QUERY字段：基础语义模糊匹配通过
2026-03-02 16:18:50,882 - INFO - CaseID:1572 - 整体结果: PASS | 详情: 所有字段校验通过
2026-03-02 16:18:52,507 - INFO - CaseID:1573 - QUERY字段：基础语义模糊匹配通过
2026-03-02 16:18:52,507 - INFO - CaseID:1573 - 整体结果: PASS | 详情: 所有字段校验通过
2026-03-02 16:18:53,617 - INFO - CaseID:1574 - QUERY字段：基础语义模糊匹配通过
2026-03-02 16:18:53,618 - INFO - CaseID:1574 - 整体结果: PASS | 详情: 所有字段校验通过
2026-03-02 16:18:55,081 - INFO - CaseID:1575 - QUERY字段：基础语义模糊匹配通过
2026-03-02 16:18:55,082 - INFO - CaseID:1575 - 整体结果: PASS | 详情: 所有字段校验通过
2026-03-02 16:18:55,082 - INFO - CaseID:1576 - QUERY字段：语义匹配失败，但visual_search链路意图匹配通过
2026-03-02 16:18:55,083 - INFO - CaseID:1576 - 整体结果: PASS | 详情: 所有字段校验通过
2026-03-02 16:18:56,828 - INFO - CaseID:1577 - QUERY字段：基础语义模糊匹配通过
2026-03-02 16:18:56,828 - INFO - CaseID:1577 - 整体结果: PASS | 详情: 所有字段校验通过
2026-03-02 16:18:59,185 - INFO - CaseID:1578 - QUERY字段：语义匹配失败，但visual_search链路意图匹配通过
2026-03-02 16:18:59,186 - INFO - CaseID:1578 - 整体结果: PASS | 详情: 所有字段校验通过
2026-03-02 16:18:59,187 - INFO - CaseID:1579 - QUERY字段：基础语义模糊匹配通过
2026-03-02 16:18:59,187 - INFO - CaseID:1579 - 整体结果: PASS | 详情: 所有字段校验通过
2026-03-02 16:19:02,130 - INFO - CaseID:1580 - QUERY字段：语义匹配失败，但visual_search链路意图匹配通过
2026-03-02 16:19:02,131 - INFO - CaseID:1580 - 整体结果: PASS | 详情: 所有字段校验通过
2026-03-02 16:19:04,817 - INFO - CaseID:1581 - QUERY字段：语义匹配失败，但visual_search链路意图匹配通过
2026-03-02 16:19:04,818 - INFO - CaseID:1581 - 整体结果: PASS | 详情: 所有字段校验通过
2026-03-02 16:19:06,548 - INFO - CaseID:1582 - QUERY字段：基础语义模糊匹配通过
2026-03-02 16:19:06,549 - INFO - CaseID:1582 - 整体结果: PASS | 详情: 所有字段校验通过
2026-03-02 16:19:08,939 - INFO - CaseID:1583 - QUERY字段：语义匹配失败，但visual_search链路意图匹配通过
2026-03-02 16:19:08,939 - INFO - CaseID:1583 - 整体结果: PASS | 详情: 所有字段校验通过
2026-03-02 16:19:10,129 - INFO - CaseID:1584 - QUERY字段：基础语义模糊匹配通过
2026-03-02 16:19:10,130 - INFO - CaseID:1584 - 整体结果: PASS | 详情: 所有字段校验通过
2026-03-02 16:19:11,659 - INFO - CaseID:1585 - QUERY字段：基础语义模糊匹配通过
2026-03-02 16:19:11,660 - INFO - CaseID:1585 - 整体结果: PASS | 详情: 所有字段校验通过
2026-03-02 16:19:11,660 - INFO - CaseID:1586 - QUERY字段：基础语义模糊匹配通过
2026-03-02 16:19:11,660 - INFO - CaseID:1586 - 整体结果: PASS | 详情: 所有字段校验通过
2026-03-02 16:19:13,180 - INFO - CaseID:1587 - QUERY字段：基础语义模糊匹配通过
2026-03-02 16:19:13,181 - INFO - CaseID:1587 - 整体结果: PASS | 详情: 所有字段校验通过
2026-03-02 16:19:14,593 - INFO - CaseID:1588 - QUERY字段：基础语义模糊匹配通过
2026-03-02 16:19:14,594 - INFO - CaseID:1588 - 整体结果: PASS | 详情: 所有字段校验通过
2026-03-02 16:19:14,595 - INFO - CaseID:1589 - QUERY字段：基础语义模糊匹配通过
2026-03-02 16:19:14,595 - INFO - CaseID:1589 - 整体结果: PASS | 详情: 所有字段校验通过
2026-03-02 16:19:16,025 - INFO - CaseID:1590 - QUERY字段：基础语义模糊匹配通过
2026-03-02 16:19:16,026 - INFO - CaseID:1590 - 整体结果: PASS | 详情: 所有字段校验通过
2026-03-02 16:19:17,166 - INFO - CaseID:1591 - QUERY字段：基础语义模糊匹配通过
2026-03-02 16:19:17,166 - INFO - CaseID:1591 - 整体结果: PASS | 详情: 所有字段校验通过
2026-03-02 16:19:17,167 - INFO - CaseID:1592 - QUERY字段：基础语义模糊匹配通过
2026-03-02 16:19:17,167 - INFO - CaseID:1592 - 整体结果: PASS | 详情: 所有字段校验通过
2026-03-02 16:19:19,612 - INFO - CaseID:1593 - 整体结果: FAILED | 详情: QUERY不匹配：语义和visual_search链路意图均不一致 - 预期[识别当前摄像头画面中的物品]，实际[这个东西得花多少钱]
2026-03-02 16:19:19,612 - INFO - CaseID:1594 - QUERY字段：基础语义模糊匹配通过
2026-03-02 16:19:19,612 - INFO - CaseID:1594 - 整体结果: PASS | 详情: 所有字段校验通过
2026-03-02 16:19:21,963 - INFO - CaseID:1595 - QUERY字段：语义匹配失败，但visual_search链路意图匹配通过
2026-03-02 16:19:21,963 - INFO - CaseID:1595 - 整体结果: PASS | 详情: 所有字段校验通过
2026-03-02 16:19:23,412 - INFO - CaseID:1596 - QUERY字段：基础语义模糊匹配通过
2026-03-02 16:19:23,412 - INFO - CaseID:1596 - 整体结果: PASS | 详情: 所有字段校验通过
2026-03-02 16:19:26,061 - INFO - CaseID:1597 - QUERY字段：语义匹配失败，但visual_search链路意图匹配通过
2026-03-02 16:19:26,062 - INFO - CaseID:1597 - 整体结果: PASS | 详情: 所有字段校验通过
2026-03-02 16:19:28,511 - INFO - CaseID:1598 - QUERY字段：语义匹配失败，但visual_search链路意图匹配通过
2026-03-02 16:19:28,511 - INFO - CaseID:1598 - 整体结果: PASS | 详情: 所有字段校验通过
2026-03-02 16:19:28,511 - INFO - CaseID:1599 - QUERY字段：基础语义模糊匹配通过
2026-03-02 16:19:28,512 - INFO - CaseID:1599 - 整体结果: PASS | 详情: 所有字段校验通过
2026-03-02 16:19:31,721 - INFO - CaseID:1600 - QUERY字段：语义匹配失败，但visual_search链路意图匹配通过
2026-03-02 16:19:31,725 - INFO - CaseID:1600 - 整体结果: PASS | 详情: 所有字段校验通过
2026-03-02 16:19:33,103 - INFO - CaseID:1601 - QUERY字段：基础语义模糊匹配通过
2026-03-02 16:19:33,103 - INFO - CaseID:1601 - 整体结果: PASS | 详情: 所有字段校验通过
2026-03-02 16:19:35,445 - INFO - CaseID:1602 - QUERY字段：语义匹配失败，但visual_search链路意图匹配通过
2026-03-02 16:19:35,446 - INFO - CaseID:1602 - 整体结果: PASS | 详情: 所有字段校验通过
2026-03-02 16:19:38,828 - INFO - CaseID:1603 - QUERY字段：语义匹配失败，但visual_search链路意图匹配通过
2026-03-02 16:19:38,828 - INFO - CaseID:1603 - 整体结果: PASS | 详情: 所有字段校验通过
2026-03-02 16:19:41,626 - INFO - CaseID:1604 - QUERY字段：语义匹配失败，但visual_search链路意图匹配通过
2026-03-02 16:19:41,626 - INFO - CaseID:1604 - 整体结果: PASS | 详情: 所有字段校验通过
2026-03-02 16:19:41,627 - INFO - CaseID:1605 - QUERY字段：语义匹配失败，但visual_search链路意图匹配通过
2026-03-02 16:19:41,627 - INFO - CaseID:1605 - 整体结果: PASS | 详情: 所有字段校验通过
2026-03-02 16:19:45,108 - INFO - CaseID:1606 - QUERY字段：语义匹配失败，但visual_search链路意图匹配通过
2026-03-02 16:19:45,108 - INFO - CaseID:1606 - 整体结果: PASS | 详情: 所有字段校验通过
2026-03-02 16:19:46,251 - INFO - CaseID:1607 - QUERY字段：基础语义模糊匹配通过
2026-03-02 16:19:46,251 - INFO - CaseID:1607 - 整体结果: PASS | 详情: 所有字段校验通过
2026-03-02 16:19:47,564 - INFO - CaseID:1608 - QUERY字段：基础语义模糊匹配通过
2026-03-02 16:19:47,564 - INFO - CaseID:1608 - 整体结果: PASS | 详情: 所有字段校验通过
2026-03-02 16:19:50,077 - INFO - CaseID:1609 - QUERY字段：语义匹配失败，但visual_search链路意图匹配通过
2026-03-02 16:19:50,078 - INFO - CaseID:1609 - 整体结果: PASS | 详情: 所有字段校验通过
2026-03-02 16:19:51,258 - INFO - CaseID:1610 - QUERY字段：基础语义模糊匹配通过
2026-03-02 16:19:51,259 - INFO - CaseID:1610 - 整体结果: PASS | 详情: 所有字段校验通过
2026-03-02 16:19:53,394 - INFO - CaseID:1611 - QUERY字段：基础语义模糊匹配通过
2026-03-02 16:19:53,394 - INFO - CaseID:1611 - 整体结果: PASS | 详情: 所有字段校验通过
2026-03-02 16:19:57,239 - INFO - CaseID:1612 - QUERY字段：语义匹配失败，但visual_search链路意图匹配通过
2026-03-02 16:19:57,239 - INFO - CaseID:1612 - 整体结果: PASS | 详情: 所有字段校验通过
2026-03-02 16:19:58,458 - INFO - CaseID:1613 - QUERY字段：基础语义模糊匹配通过
2026-03-02 16:19:58,458 - INFO - CaseID:1613 - 整体结果: PASS | 详情: 所有字段校验通过
2026-03-02 16:19:59,853 - INFO - CaseID:1614 - QUERY字段：基础语义模糊匹配通过
2026-03-02 16:19:59,854 - INFO - CaseID:1614 - 整体结果: PASS | 详情: 所有字段校验通过
2026-03-02 16:20:02,515 - INFO - CaseID:1615 - QUERY字段：语义匹配失败，但visual_search链路意图匹配通过
2026-03-02 16:20:02,515 - INFO - CaseID:1615 - 整体结果: PASS | 详情: 所有字段校验通过
2026-03-02 16:20:05,587 - INFO - CaseID:1616 - QUERY字段：语义匹配失败，但visual_search链路意图匹配通过
2026-03-02 16:20:05,588 - INFO - CaseID:1616 - 整体结果: PASS | 详情: 所有字段校验通过
2026-03-02 16:20:05,589 - INFO - CaseID:1617 - QUERY字段：基础语义模糊匹配通过
2026-03-02 16:20:05,589 - INFO - CaseID:1617 - 整体结果: PASS | 详情: 所有字段校验通过
2026-03-02 16:20:05,589 - INFO - CaseID:1618 - QUERY字段：基础语义模糊匹配通过
2026-03-02 16:20:05,589 - INFO - CaseID:1618 - 整体结果: PASS | 详情: 所有字段校验通过
2026-03-02 16:20:07,972 - INFO - CaseID:1619 - QUERY字段：语义匹配失败，但visual_search链路意图匹配通过
2026-03-02 16:20:07,972 - INFO - CaseID:1619 - 整体结果: PASS | 详情: 所有字段校验通过
2026-03-02 16:20:09,274 - INFO - CaseID:1620 - QUERY字段：基础语义模糊匹配通过
2026-03-02 16:20:09,274 - INFO - CaseID:1620 - 整体结果: PASS | 详情: 所有字段校验通过
2026-03-02 16:20:11,555 - INFO - CaseID:1621 - 整体结果: FAILED | 详情: QUERY不匹配：语义和visual_search链路意图均不一致 - 预期[识别当前摄像头画面中的物品或服务]，实际[这个大概要多少钱]
2026-03-02 16:20:11,556 - INFO - CaseID:1622 - QUERY字段：基础语义模糊匹配通过
2026-03-02 16:20:11,556 - INFO - CaseID:1622 - 整体结果: PASS | 详情: 所有字段校验通过
2026-03-02 16:20:11,556 - INFO - CaseID:1623 - QUERY字段：基础语义模糊匹配通过
2026-03-02 16:20:11,556 - INFO - CaseID:1623 - 整体结果: PASS | 详情: 所有字段校验通过
2026-03-02 16:20:12,985 - INFO - CaseID:1624 - QUERY字段：基础语义模糊匹配通过
2026-03-02 16:20:12,986 - INFO - CaseID:1624 - 整体结果: PASS | 详情: 所有字段校验通过
2026-03-02 16:20:14,195 - INFO - CaseID:1625 - QUERY字段：基础语义模糊匹配通过
2026-03-02 16:20:14,195 - INFO - CaseID:1625 - 整体结果: PASS | 详情: 所有字段校验通过
2026-03-02 16:20:17,149 - INFO - CaseID:1626 - QUERY字段：语义匹配失败，但visual_search链路意图匹配通过
2026-03-02 16:20:17,149 - INFO - CaseID:1626 - 整体结果: PASS | 详情: 所有字段校验通过
2026-03-02 16:20:18,373 - INFO - CaseID:1627 - QUERY字段：基础语义模糊匹配通过
2026-03-02 16:20:18,374 - INFO - CaseID:1627 - 整体结果: PASS | 详情: 所有字段校验通过
2026-03-02 16:20:19,720 - INFO - CaseID:1628 - QUERY字段：基础语义模糊匹配通过
2026-03-02 16:20:19,720 - INFO - CaseID:1628 - 整体结果: PASS | 详情: 所有字段校验通过
2026-03-02 16:20:21,265 - INFO - CaseID:1629 - QUERY字段：基础语义模糊匹配通过
2026-03-02 16:20:21,265 - INFO - CaseID:1629 - 整体结果: PASS | 详情: 所有字段校验通过
2026-03-02 16:20:24,437 - INFO - CaseID:1630 - QUERY字段：语义匹配失败，但visual_search链路意图匹配通过
2026-03-02 16:20:24,437 - INFO - CaseID:1630 - 整体结果: PASS | 详情: 所有字段校验通过
2026-03-02 16:20:27,505 - INFO - CaseID:1631 - QUERY字段：基础语义模糊匹配通过
2026-03-02 16:20:27,506 - INFO - CaseID:1631 - 整体结果: PASS | 详情: 所有字段校验通过
2026-03-02 16:20:28,783 - INFO - CaseID:1632 - QUERY字段：基础语义模糊匹配通过
2026-03-02 16:20:28,783 - INFO - CaseID:1632 - 整体结果: PASS | 详情: 所有字段校验通过
2026-03-02 16:20:31,231 - INFO - CaseID:1633 - QUERY字段：语义匹配失败，但visual_search链路意图匹配通过
2026-03-02 16:20:31,231 - INFO - CaseID:1633 - 整体结果: PASS | 详情: 所有字段校验通过
2026-03-02 16:20:32,331 - INFO - CaseID:1634 - QUERY字段：基础语义模糊匹配通过
2026-03-02 16:20:32,332 - INFO - CaseID:1634 - 整体结果: PASS | 详情: 所有字段校验通过
2026-03-02 16:20:34,490 - INFO - CaseID:1635 - QUERY字段：基础语义模糊匹配通过
2026-03-02 16:20:34,492 - INFO - CaseID:1635 - 整体结果: PASS | 详情: 所有字段校验通过
2026-03-02 16:20:35,694 - INFO - CaseID:1636 - QUERY字段：基础语义模糊匹配通过
2026-03-02 16:20:35,694 - INFO - CaseID:1636 - 整体结果: PASS | 详情: 所有字段校验通过
2026-03-02 16:20:38,139 - INFO - CaseID:1637 - QUERY字段：语义匹配失败，但visual_search链路意图匹配通过
2026-03-02 16:20:38,139 - INFO - CaseID:1637 - 整体结果: PASS | 详情: 所有字段校验通过
2026-03-02 16:20:40,660 - INFO - CaseID:1638 - QUERY字段：基础语义模糊匹配通过
2026-03-02 16:20:40,661 - INFO - CaseID:1638 - 整体结果: PASS | 详情: 所有字段校验通过
2026-03-02 16:20:41,846 - INFO - CaseID:1639 - QUERY字段：基础语义模糊匹配通过
2026-03-02 16:20:41,847 - INFO - CaseID:1639 - 整体结果: PASS | 详情: 所有字段校验通过
2026-03-02 16:20:42,972 - INFO - CaseID:1640 - QUERY字段：基础语义模糊匹配通过
2026-03-02 16:20:42,972 - INFO - CaseID:1640 - 整体结果: PASS | 详情: 所有字段校验通过
2026-03-02 16:20:44,398 - INFO - CaseID:1641 - QUERY字段：基础语义模糊匹配通过
2026-03-02 16:20:44,398 - INFO - CaseID:1641 - 整体结果: PASS | 详情: 所有字段校验通过
2026-03-02 16:20:46,058 - INFO - CaseID:1642 - QUERY字段：基础语义模糊匹配通过
2026-03-02 16:20:46,058 - INFO - CaseID:1642 - 整体结果: PASS | 详情: 所有字段校验通过
2026-03-02 16:20:47,368 - INFO - CaseID:1643 - QUERY字段：基础语义模糊匹配通过
2026-03-02 16:20:47,368 - INFO - CaseID:1643 - 整体结果: PASS | 详情: 所有字段校验通过
2026-03-02 16:20:48,576 - INFO - CaseID:1644 - QUERY字段：基础语义模糊匹配通过
2026-03-02 16:20:48,576 - INFO - CaseID:1644 - 整体结果: PASS | 详情: 所有字段校验通过
2026-03-02 16:20:51,046 - INFO - CaseID:1645 - QUERY字段：语义匹配失败，但visual_search链路意图匹配通过
2026-03-02 16:20:51,048 - INFO - CaseID:1645 - 整体结果: PASS | 详情: 所有字段校验通过
2026-03-02 16:20:52,144 - INFO - CaseID:1646 - QUERY字段：基础语义模糊匹配通过
2026-03-02 16:20:52,144 - INFO - CaseID:1646 - 整体结果: PASS | 详情: 所有字段校验通过
2026-03-02 16:20:54,595 - INFO - CaseID:1647 - QUERY字段：语义匹配失败，但visual_search链路意图匹配通过
2026-03-02 16:20:54,596 - INFO - CaseID:1647 - 整体结果: PASS | 详情: 所有字段校验通过
2026-03-02 16:20:55,758 - INFO - CaseID:1648 - QUERY字段：基础语义模糊匹配通过
2026-03-02 16:20:55,759 - INFO - CaseID:1648 - 整体结果: PASS | 详情: 所有字段校验通过
2026-03-02 16:20:58,629 - INFO - CaseID:1649 - QUERY字段：语义匹配失败，但visual_search链路意图匹配通过
2026-03-02 16:20:58,630 - INFO - CaseID:1649 - 整体结果: PASS | 详情: 所有字段校验通过
2026-03-02 16:20:59,860 - INFO - CaseID:1650 - QUERY字段：基础语义模糊匹配通过
2026-03-02 16:20:59,860 - INFO - CaseID:1650 - 整体结果: PASS | 详情: 所有字段校验通过
2026-03-02 16:21:02,520 - INFO - CaseID:1651 - QUERY字段：语义匹配失败，但visual_search链路意图匹配通过
2026-03-02 16:21:02,521 - INFO - CaseID:1651 - 整体结果: PASS | 详情: 所有字段校验通过
2026-03-02 16:21:03,622 - INFO - CaseID:1652 - QUERY字段：基础语义模糊匹配通过
2026-03-02 16:21:03,623 - INFO - CaseID:1652 - 整体结果: PASS | 详情: 所有字段校验通过
2026-03-02 16:21:04,726 - INFO - CaseID:1653 - QUERY字段：基础语义模糊匹配通过
2026-03-02 16:21:04,726 - INFO - CaseID:1653 - 整体结果: PASS | 详情: 所有字段校验通过
2026-03-02 16:21:07,210 - INFO - CaseID:1654 - QUERY字段：语义匹配失败，但visual_search链路意图匹配通过
2026-03-02 16:21:07,210 - INFO - CaseID:1654 - 整体结果: PASS | 详情: 所有字段校验通过
2026-03-02 16:21:09,610 - INFO - CaseID:1655 - QUERY字段：语义匹配失败，但visual_search链路意图匹配通过
2026-03-02 16:21:09,611 - INFO - CaseID:1655 - 整体结果: PASS | 详情: 所有字段校验通过
2026-03-02 16:21:11,262 - INFO - CaseID:1656 - QUERY字段：基础语义模糊匹配通过
2026-03-02 16:21:11,263 - INFO - CaseID:1656 - 整体结果: PASS | 详情: 所有字段校验通过
2026-03-02 16:21:13,200 - INFO - CaseID:1657 - QUERY字段：基础语义模糊匹配通过
2026-03-02 16:21:13,200 - INFO - CaseID:1657 - 整体结果: PASS | 详情: 所有字段校验通过
2026-03-02 16:21:14,417 - INFO - CaseID:1658 - QUERY字段：基础语义模糊匹配通过
2026-03-02 16:21:14,418 - INFO - CaseID:1658 - 整体结果: PASS | 详情: 所有字段校验通过
2026-03-02 16:21:17,017 - INFO - CaseID:1659 - QUERY字段：语义匹配失败，但visual_search链路意图匹配通过
2026-03-02 16:21:17,018 - INFO - CaseID:1659 - 整体结果: PASS | 详情: 所有字段校验通过
2026-03-02 16:21:18,285 - INFO - CaseID:1660 - QUERY字段：基础语义模糊匹配通过
2026-03-02 16:21:18,286 - INFO - CaseID:1660 - 整体结果: PASS | 详情: 所有字段校验通过
2026-03-02 16:21:21,666 - INFO - CaseID:1661 - QUERY字段：语义匹配失败，但visual_search链路意图匹配通过
2026-03-02 16:21:21,669 - INFO - CaseID:1661 - 整体结果: PASS | 详情: 所有字段校验通过
2026-03-02 16:21:22,752 - INFO - CaseID:1662 - QUERY字段：基础语义模糊匹配通过
2026-03-02 16:21:22,752 - INFO - CaseID:1662 - 整体结果: PASS | 详情: 所有字段校验通过
2026-03-02 16:21:24,435 - INFO - CaseID:1663 - QUERY字段：基础语义模糊匹配通过
2026-03-02 16:21:24,435 - INFO - CaseID:1663 - 整体结果: PASS | 详情: 所有字段校验通过
2026-03-02 16:21:25,646 - INFO - CaseID:1664 - QUERY字段：基础语义模糊匹配通过
2026-03-02 16:21:25,646 - INFO - CaseID:1664 - 整体结果: PASS | 详情: 所有字段校验通过
2026-03-02 16:21:27,429 - INFO - CaseID:1665 - QUERY字段：基础语义模糊匹配通过
2026-03-02 16:21:27,429 - INFO - CaseID:1665 - 整体结果: PASS | 详情: 所有字段校验通过
2026-03-02 16:21:29,103 - INFO - CaseID:1666 - QUERY字段：基础语义模糊匹配通过
2026-03-02 16:21:29,103 - INFO - CaseID:1666 - 整体结果: PASS | 详情: 所有字段校验通过
2026-03-02 16:21:34,364 - INFO - CaseID:1667 - QUERY字段：语义匹配失败，但visual_search链路意图匹配通过
2026-03-02 16:21:34,366 - INFO - CaseID:1667 - 整体结果: PASS | 详情: 所有字段校验通过
2026-03-02 16:21:35,413 - INFO - CaseID:1668 - QUERY字段：基础语义模糊匹配通过
2026-03-02 16:21:35,413 - INFO - CaseID:1668 - 整体结果: PASS | 详情: 所有字段校验通过
2026-03-02 16:21:38,372 - INFO - CaseID:1669 - QUERY字段：语义匹配失败，但visual_search链路意图匹配通过
2026-03-02 16:21:38,373 - INFO - CaseID:1669 - 整体结果: PASS | 详情: 所有字段校验通过
2026-03-02 16:21:40,282 - INFO - CaseID:1670 - QUERY字段：基础语义模糊匹配通过
2026-03-02 16:21:40,283 - INFO - CaseID:1670 - 整体结果: PASS | 详情: 所有字段校验通过
2026-03-02 16:21:41,535 - INFO - CaseID:1671 - QUERY字段：基础语义模糊匹配通过
2026-03-02 16:21:41,536 - INFO - CaseID:1671 - 整体结果: PASS | 详情: 所有字段校验通过
2026-03-02 16:21:42,640 - INFO - CaseID:1672 - QUERY字段：基础语义模糊匹配通过
2026-03-02 16:21:42,640 - INFO - CaseID:1672 - 整体结果: PASS | 详情: 所有字段校验通过
2026-03-02 16:21:44,258 - INFO - CaseID:1673 - QUERY字段：基础语义模糊匹配通过
2026-03-02 16:21:44,259 - INFO - CaseID:1673 - 整体结果: PASS | 详情: 所有字段校验通过
2026-03-02 16:21:47,512 - INFO - CaseID:1674 - QUERY字段：语义匹配失败，但visual_search链路意图匹配通过
2026-03-02 16:21:47,512 - INFO - CaseID:1674 - 整体结果: PASS | 详情: 所有字段校验通过
2026-03-02 16:21:48,806 - INFO - CaseID:1675 - QUERY字段：基础语义模糊匹配通过
2026-03-02 16:21:48,806 - INFO - CaseID:1675 - 整体结果: PASS | 详情: 所有字段校验通过
2026-03-02 16:21:49,969 - INFO - CaseID:1676 - QUERY字段：基础语义模糊匹配通过
2026-03-02 16:21:49,969 - INFO - CaseID:1676 - 整体结果: PASS | 详情: 所有字段校验通过
2026-03-02 16:21:51,089 - INFO - CaseID:1677 - QUERY字段：基础语义模糊匹配通过
2026-03-02 16:21:51,089 - INFO - CaseID:1677 - 整体结果: PASS | 详情: 所有字段校验通过
2026-03-02 16:21:52,199 - INFO - CaseID:1678 - QUERY字段：基础语义模糊匹配通过
2026-03-02 16:21:52,200 - INFO - CaseID:1678 - 整体结果: PASS | 详情: 所有字段校验通过
2026-03-02 16:21:53,580 - INFO - CaseID:1679 - QUERY字段：基础语义模糊匹配通过
2026-03-02 16:21:53,581 - INFO - CaseID:1679 - 整体结果: PASS | 详情: 所有字段校验通过
2026-03-02 16:21:54,744 - INFO - CaseID:1680 - QUERY字段：基础语义模糊匹配通过
2026-03-02 16:21:54,744 - INFO - CaseID:1680 - 整体结果: PASS | 详情: 所有字段校验通过
2026-03-02 16:21:59,085 - INFO - CaseID:1681 - QUERY字段：语义匹配失败，但visual_search链路意图匹配通过
2026-03-02 16:21:59,085 - INFO - CaseID:1681 - 整体结果: PASS | 详情: 所有字段校验通过
2026-03-02 16:22:00,280 - INFO - CaseID:1682 - QUERY字段：基础语义模糊匹配通过
2026-03-02 16:22:00,280 - INFO - CaseID:1682 - 整体结果: PASS | 详情: 所有字段校验通过
2026-03-02 16:22:01,490 - INFO - CaseID:1683 - QUERY字段：基础语义模糊匹配通过
2026-03-02 16:22:01,491 - INFO - CaseID:1683 - 整体结果: PASS | 详情: 所有字段校验通过
2026-03-02 16:22:02,733 - INFO - CaseID:1684 - QUERY字段：基础语义模糊匹配通过
2026-03-02 16:22:02,734 - INFO - CaseID:1684 - 整体结果: PASS | 详情: 所有字段校验通过
2026-03-02 16:22:06,419 - INFO - CaseID:1685 - QUERY字段：语义匹配失败，但visual_search链路意图匹配通过
2026-03-02 16:22:06,420 - INFO - CaseID:1685 - 整体结果: PASS | 详情: 所有字段校验通过
2026-03-02 16:22:07,906 - INFO - CaseID:1686 - QUERY字段：基础语义模糊匹配通过
2026-03-02 16:22:07,906 - INFO - CaseID:1686 - 整体结果: PASS | 详情: 所有字段校验通过
2026-03-02 16:22:10,501 - INFO - CaseID:1687 - QUERY字段：语义匹配失败，但visual_search链路意图匹配通过
2026-03-02 16:22:10,501 - INFO - CaseID:1687 - 整体结果: PASS | 详情: 所有字段校验通过
2026-03-02 16:22:11,809 - INFO - CaseID:1688 - QUERY字段：基础语义模糊匹配通过
2026-03-02 16:22:11,810 - INFO - CaseID:1688 - 整体结果: PASS | 详情: 所有字段校验通过
2026-03-02 16:22:12,950 - INFO - CaseID:1689 - QUERY字段：基础语义模糊匹配通过
2026-03-02 16:22:12,951 - INFO - CaseID:1689 - 整体结果: PASS | 详情: 所有字段校验通过
2026-03-02 16:22:14,520 - INFO - CaseID:1690 - QUERY字段：基础语义模糊匹配通过
2026-03-02 16:22:14,520 - INFO - CaseID:1690 - 整体结果: PASS | 详情: 所有字段校验通过
2026-03-02 16:22:16,367 - INFO - CaseID:1691 - QUERY字段：基础语义模糊匹配通过
2026-03-02 16:22:16,368 - INFO - CaseID:1691 - 整体结果: PASS | 详情: 所有字段校验通过
2026-03-02 16:22:18,890 - INFO - CaseID:1692 - QUERY字段：语义匹配失败，但visual_search链路意图匹配通过
2026-03-02 16:22:18,890 - INFO - CaseID:1692 - 整体结果: PASS | 详情: 所有字段校验通过
2026-03-02 16:22:20,129 - INFO - CaseID:1693 - QUERY字段：基础语义模糊匹配通过
2026-03-02 16:22:20,129 - INFO - CaseID:1693 - 整体结果: PASS | 详情: 所有字段校验通过
2026-03-02 16:22:21,369 - INFO - CaseID:1694 - QUERY字段：基础语义模糊匹配通过
2026-03-02 16:22:21,370 - INFO - CaseID:1694 - 整体结果: PASS | 详情: 所有字段校验通过
2026-03-02 16:22:22,511 - INFO - CaseID:1695 - QUERY字段：基础语义模糊匹配通过
2026-03-02 16:22:22,511 - INFO - CaseID:1695 - 整体结果: PASS | 详情: 所有字段校验通过
2026-03-02 16:22:25,260 - INFO - CaseID:1696 - 整体结果: FAILED | 详情: QUERY不匹配：语义和visual_search链路意图均不一致 - 预期[分析用户当前穿着的款式、颜色搭配等视觉信息]，实际[我穿这个衣服帅气不]
2026-03-02 16:22:26,428 - INFO - CaseID:1697 - QUERY字段：基础语义模糊匹配通过
2026-03-02 16:22:26,428 - INFO - CaseID:1697 - 整体结果: PASS | 详情: 所有字段校验通过
2026-03-02 16:22:28,852 - INFO - CaseID:1698 - QUERY字段：语义匹配失败，但visual_search链路意图匹配通过
2026-03-02 16:22:28,852 - INFO - CaseID:1698 - 整体结果: PASS | 详情: 所有字段校验通过
2026-03-02 16:22:30,174 - INFO - CaseID:1699 - QUERY字段：基础语义模糊匹配通过
2026-03-02 16:22:30,175 - INFO - CaseID:1699 - 整体结果: PASS | 详情: 所有字段校验通过
2026-03-02 16:22:31,406 - INFO - CaseID:1700 - QUERY字段：基础语义模糊匹配通过
2026-03-02 16:22:31,407 - INFO - CaseID:1700 - 整体结果: PASS | 详情: 所有字段校验通过
2026-03-02 16:22:32,898 - INFO - CaseID:1701 - QUERY字段：基础语义模糊匹配通过
2026-03-02 16:22:32,898 - INFO - CaseID:1701 - 整体结果: PASS | 详情: 所有字段校验通过
2026-03-02 16:22:34,176 - INFO - CaseID:1702 - QUERY字段：基础语义模糊匹配通过
2026-03-02 16:22:34,176 - INFO - CaseID:1702 - 整体结果: PASS | 详情: 所有字段校验通过
2026-03-02 16:22:35,306 - INFO - CaseID:1703 - QUERY字段：基础语义模糊匹配通过
2026-03-02 16:22:35,306 - INFO - CaseID:1703 - 整体结果: PASS | 详情: 所有字段校验通过
2026-03-02 16:22:36,460 - INFO - CaseID:1704 - QUERY字段：基础语义模糊匹配通过
2026-03-02 16:22:36,461 - INFO - CaseID:1704 - 整体结果: PASS | 详情: 所有字段校验通过
2026-03-02 16:22:39,391 - INFO - CaseID:1705 - QUERY字段：语义匹配失败，但visual_search链路意图匹配通过
2026-03-02 16:22:39,392 - INFO - CaseID:1705 - 整体结果: PASS | 详情: 所有字段校验通过
2026-03-02 16:22:40,478 - INFO - CaseID:1706 - QUERY字段：基础语义模糊匹配通过
2026-03-02 16:22:40,479 - INFO - CaseID:1706 - 整体结果: PASS | 详情: 所有字段校验通过
2026-03-02 16:22:43,188 - INFO - CaseID:1707 - QUERY字段：语义匹配失败，但visual_search链路意图匹配通过
2026-03-02 16:22:43,188 - INFO - CaseID:1707 - 整体结果: PASS | 详情: 所有字段校验通过
2026-03-02 16:22:45,463 - INFO - CaseID:1708 - QUERY字段：语义匹配失败，但visual_search链路意图匹配通过
2026-03-02 16:22:45,463 - INFO - CaseID:1708 - 整体结果: PASS | 详情: 所有字段校验通过
2026-03-02 16:22:46,741 - INFO - CaseID:1709 - QUERY字段：基础语义模糊匹配通过
2026-03-02 16:22:46,741 - INFO - CaseID:1709 - 整体结果: PASS | 详情: 所有字段校验通过
2026-03-02 16:22:49,427 - INFO - CaseID:1710 - QUERY字段：语义匹配失败，但visual_search链路意图匹配通过
2026-03-02 16:22:49,427 - INFO - CaseID:1710 - 整体结果: PASS | 详情: 所有字段校验通过
2026-03-02 16:22:50,814 - INFO - CaseID:1711 - QUERY字段：基础语义模糊匹配通过
2026-03-02 16:22:50,815 - INFO - CaseID:1711 - 整体结果: PASS | 详情: 所有字段校验通过
2026-03-02 16:22:52,911 - INFO - CaseID:1712 - QUERY字段：基础语义模糊匹配通过
2026-03-02 16:22:52,911 - INFO - CaseID:1712 - 整体结果: PASS | 详情: 所有字段校验通过
2026-03-02 16:22:54,751 - INFO - CaseID:1713 - QUERY字段：基础语义模糊匹配通过
2026-03-02 16:22:54,751 - INFO - CaseID:1713 - 整体结果: PASS | 详情: 所有字段校验通过
2026-03-02 16:22:56,017 - INFO - CaseID:1714 - QUERY字段：基础语义模糊匹配通过
2026-03-02 16:22:56,018 - INFO - CaseID:1714 - 整体结果: PASS | 详情: 所有字段校验通过
2026-03-02 16:22:57,313 - INFO - CaseID:1715 - QUERY字段：基础语义模糊匹配通过
2026-03-02 16:22:57,313 - INFO - CaseID:1715 - 整体结果: PASS | 详情: 所有字段校验通过
2026-03-02 16:23:00,483 - INFO - CaseID:1716 - 整体结果: FAILED | 详情: QUERY不匹配：语义和visual_search链路意图均不一致 - 预期[这双鞋的款式、颜色和风格是什么？]，实际[这双鞋搭配什么衣服合适]
2026-03-02 16:23:00,483 - INFO - CaseID:1717 - QUERY字段：基础语义模糊匹配通过
2026-03-02 16:23:00,483 - INFO - CaseID:1717 - 整体结果: PASS | 详情: 所有字段校验通过
2026-03-02 16:23:01,912 - INFO - CaseID:1718 - QUERY字段：基础语义模糊匹配通过
2026-03-02 16:23:01,913 - INFO - CaseID:1718 - 整体结果: PASS | 详情: 所有字段校验通过
2026-03-02 16:23:03,791 - INFO - CaseID:1719 - QUERY字段：基础语义模糊匹配通过
2026-03-02 16:23:03,791 - INFO - CaseID:1719 - 整体结果: PASS | 详情: 所有字段校验通过
2026-03-02 16:23:05,290 - INFO - CaseID:1720 - QUERY字段：基础语义模糊匹配通过
2026-03-02 16:23:05,291 - INFO - CaseID:1720 - 整体结果: PASS | 详情: 所有字段校验通过
2026-03-02 16:23:06,772 - INFO - CaseID:1721 - QUERY字段：基础语义模糊匹配通过
2026-03-02 16:23:06,772 - INFO - CaseID:1721 - 整体结果: PASS | 详情: 所有字段校验通过
2026-03-02 16:23:09,625 - INFO - CaseID:1722 - QUERY字段：语义匹配失败，但visual_search链路意图匹配通过
2026-03-02 16:23:09,626 - INFO - CaseID:1722 - 整体结果: PASS | 详情: 所有字段校验通过
2026-03-02 16:23:12,679 - INFO - CaseID:1723 - QUERY字段：语义匹配失败，但visual_search链路意图匹配通过
2026-03-02 16:23:12,679 - INFO - CaseID:1723 - 整体结果: PASS | 详情: 所有字段校验通过
2026-03-02 16:23:13,974 - INFO - CaseID:1724 - QUERY字段：基础语义模糊匹配通过
2026-03-02 16:23:13,974 - INFO - CaseID:1724 - 整体结果: PASS | 详情: 所有字段校验通过
2026-03-02 16:23:15,145 - INFO - CaseID:1725 - QUERY字段：基础语义模糊匹配通过
2026-03-02 16:23:15,146 - INFO - CaseID:1725 - 整体结果: PASS | 详情: 所有字段校验通过
2026-03-02 16:23:16,414 - INFO - CaseID:1726 - QUERY字段：基础语义模糊匹配通过
2026-03-02 16:23:16,414 - INFO - CaseID:1726 - 整体结果: PASS | 详情: 所有字段校验通过
2026-03-02 16:23:17,643 - INFO - CaseID:1727 - QUERY字段：基础语义模糊匹配通过
2026-03-02 16:23:17,643 - INFO - CaseID:1727 - 整体结果: PASS | 详情: 所有字段校验通过
2026-03-02 16:23:18,856 - INFO - CaseID:1728 - QUERY字段：基础语义模糊匹配通过
2026-03-02 16:23:18,857 - INFO - CaseID:1728 - 整体结果: PASS | 详情: 所有字段校验通过
2026-03-02 16:23:20,072 - INFO - CaseID:1729 - QUERY字段：基础语义模糊匹配通过
2026-03-02 16:23:20,072 - INFO - CaseID:1729 - 整体结果: PASS | 详情: 所有字段校验通过
2026-03-02 16:23:22,349 - INFO - CaseID:1730 - QUERY字段：基础语义模糊匹配通过
2026-03-02 16:23:22,349 - INFO - CaseID:1730 - 整体结果: PASS | 详情: 所有字段校验通过
2026-03-02 16:23:23,636 - INFO - CaseID:1731 - QUERY字段：基础语义模糊匹配通过
2026-03-02 16:23:23,636 - INFO - CaseID:1731 - 整体结果: PASS | 详情: 所有字段校验通过
2026-03-02 16:23:25,279 - INFO - CaseID:1732 - QUERY字段：基础语义模糊匹配通过
2026-03-02 16:23:25,279 - INFO - CaseID:1732 - 整体结果: PASS | 详情: 所有字段校验通过
2026-03-02 16:23:26,473 - INFO - CaseID:1733 - QUERY字段：基础语义模糊匹配通过
2026-03-02 16:23:26,473 - INFO - CaseID:1733 - 整体结果: PASS | 详情: 所有字段校验通过
2026-03-02 16:23:28,204 - INFO - CaseID:1734 - QUERY字段：基础语义模糊匹配通过
2026-03-02 16:23:28,204 - INFO - CaseID:1734 - 整体结果: PASS | 详情: 所有字段校验通过
2026-03-02 16:23:29,918 - INFO - CaseID:1735 - QUERY字段：基础语义模糊匹配通过
2026-03-02 16:23:29,918 - INFO - CaseID:1735 - 整体结果: PASS | 详情: 所有字段校验通过
2026-03-02 16:23:32,572 - INFO - CaseID:1736 - 整体结果: FAILED | 详情: QUERY不匹配：语义和visual_search链路意图均不一致 - 预期[分析用户当前穿着的鞋子款式、颜色搭配等视觉信息]，实际[我穿这鞋好看不]
2026-03-02 16:23:33,868 - INFO - CaseID:1737 - QUERY字段：基础语义模糊匹配通过
2026-03-02 16:23:33,869 - INFO - CaseID:1737 - 整体结果: PASS | 详情: 所有字段校验通过
2026-03-02 16:23:35,020 - INFO - CaseID:1738 - QUERY字段：基础语义模糊匹配通过
2026-03-02 16:23:35,021 - INFO - CaseID:1738 - 整体结果: PASS | 详情: 所有字段校验通过
2026-03-02 16:23:37,531 - INFO - CaseID:1739 - 整体结果: FAILED | 详情: QUERY不匹配：语义和visual_search链路意图均不一致 - 预期[识别当前鞋子的款式、颜色和风格]，实际[这鞋搭配什么一个合适一点]
2026-03-02 16:23:39,175 - INFO - CaseID:1740 - QUERY字段：基础语义模糊匹配通过
2026-03-02 16:23:39,176 - INFO - CaseID:1740 - 整体结果: PASS | 详情: 所有字段校验通过
2026-03-02 16:23:40,316 - INFO - CaseID:1741 - QUERY字段：基础语义模糊匹配通过
2026-03-02 16:23:40,317 - INFO - CaseID:1741 - 整体结果: PASS | 详情: 所有字段校验通过
2026-03-02 16:23:41,751 - INFO - CaseID:1742 - QUERY字段：基础语义模糊匹配通过
2026-03-02 16:23:41,751 - INFO - CaseID:1742 - 整体结果: PASS | 详情: 所有字段校验通过
2026-03-02 16:23:42,880 - INFO - CaseID:1743 - QUERY字段：基础语义模糊匹配通过
2026-03-02 16:23:42,880 - INFO - CaseID:1743 - 整体结果: PASS | 详情: 所有字段校验通过
2026-03-02 16:23:44,108 - INFO - CaseID:1744 - QUERY字段：基础语义模糊匹配通过
2026-03-02 16:23:44,108 - INFO - CaseID:1744 - 整体结果: PASS | 详情: 所有字段校验通过
2026-03-02 16:23:46,435 - INFO - CaseID:1745 - QUERY字段：语义匹配失败，但visual_search链路意图匹配通过
2026-03-02 16:23:46,436 - INFO - CaseID:1745 - 整体结果: PASS | 详情: 所有字段校验通过
2026-03-02 16:23:47,795 - INFO - CaseID:1746 - QUERY字段：基础语义模糊匹配通过
2026-03-02 16:23:47,796 - INFO - CaseID:1746 - 整体结果: PASS | 详情: 所有字段校验通过
2026-03-02 16:23:48,915 - INFO - CaseID:1747 - QUERY字段：基础语义模糊匹配通过
2026-03-02 16:23:48,916 - INFO - CaseID:1747 - 整体结果: PASS | 详情: 所有字段校验通过
2026-03-02 16:23:50,292 - INFO - CaseID:1748 - QUERY字段：基础语义模糊匹配通过
2026-03-02 16:23:50,292 - INFO - CaseID:1748 - 整体结果: PASS | 详情: 所有字段校验通过
2026-03-02 16:23:51,685 - INFO - CaseID:1749 - QUERY字段：基础语义模糊匹配通过
2026-03-02 16:23:51,685 - INFO - CaseID:1749 - 整体结果: PASS | 详情: 所有字段校验通过
2026-03-02 16:23:52,945 - INFO - CaseID:1750 - QUERY字段：基础语义模糊匹配通过
2026-03-02 16:23:52,946 - INFO - CaseID:1750 - 整体结果: PASS | 详情: 所有字段校验通过
2026-03-02 16:23:55,373 - INFO - CaseID:1751 - QUERY字段：语义匹配失败，但visual_search链路意图匹配通过
2026-03-02 16:23:55,373 - INFO - CaseID:1751 - 整体结果: PASS | 详情: 所有字段校验通过
2026-03-02 16:23:56,467 - INFO - CaseID:1752 - QUERY字段：基础语义模糊匹配通过
2026-03-02 16:23:56,468 - INFO - CaseID:1752 - 整体结果: PASS | 详情: 所有字段校验通过
2026-03-02 16:23:59,054 - INFO - CaseID:1753 - QUERY字段：语义匹配失败，但visual_search链路意图匹配通过
2026-03-02 16:23:59,054 - INFO - CaseID:1753 - 整体结果: PASS | 详情: 所有字段校验通过
2026-03-02 16:24:00,411 - INFO - CaseID:1754 - QUERY字段：基础语义模糊匹配通过
2026-03-02 16:24:00,412 - INFO - CaseID:1754 - 整体结果: PASS | 详情: 所有字段校验通过
2026-03-02 16:24:01,719 - INFO - CaseID:1755 - QUERY字段：基础语义模糊匹配通过
2026-03-02 16:24:01,719 - INFO - CaseID:1755 - 整体结果: PASS | 详情: 所有字段校验通过
2026-03-02 16:24:03,565 - INFO - CaseID:1756 - QUERY字段：基础语义模糊匹配通过
2026-03-02 16:24:03,566 - INFO - CaseID:1756 - 整体结果: PASS | 详情: 所有字段校验通过
2026-03-02 16:24:06,228 - INFO - CaseID:1757 - QUERY字段：基础语义模糊匹配通过
2026-03-02 16:24:06,228 - INFO - CaseID:1757 - 整体结果: PASS | 详情: 所有字段校验通过
2026-03-02 16:24:09,671 - INFO - CaseID:1758 - QUERY字段：语义匹配失败，但visual_search链路意图匹配通过
2026-03-02 16:24:09,671 - INFO - CaseID:1758 - 整体结果: PASS | 详情: 所有字段校验通过
2026-03-02 16:24:13,011 - INFO - CaseID:1759 - QUERY字段：语义匹配失败，但visual_search链路意图匹配通过
2026-03-02 16:24:13,011 - INFO - CaseID:1759 - 整体结果: PASS | 详情: 所有字段校验通过
2026-03-02 16:24:15,296 - INFO - CaseID:1760 - QUERY字段：语义匹配失败，但visual_search链路意图匹配通过
2026-03-02 16:24:15,296 - INFO - CaseID:1760 - 整体结果: PASS | 详情: 所有字段校验通过
2026-03-02 16:24:16,528 - INFO - CaseID:1761 - QUERY字段：基础语义模糊匹配通过
2026-03-02 16:24:16,529 - INFO - CaseID:1761 - 整体结果: PASS | 详情: 所有字段校验通过
2026-03-02 16:24:17,721 - INFO - CaseID:1762 - QUERY字段：基础语义模糊匹配通过
2026-03-02 16:24:17,721 - INFO - CaseID:1762 - 整体结果: PASS | 详情: 所有字段校验通过
2026-03-02 16:24:20,574 - INFO - CaseID:1763 - QUERY字段：语义匹配失败，但visual_search链路意图匹配通过
2026-03-02 16:24:20,574 - INFO - CaseID:1763 - 整体结果: PASS | 详情: 所有字段校验通过
2026-03-02 16:24:22,010 - INFO - CaseID:1764 - QUERY字段：基础语义模糊匹配通过
2026-03-02 16:24:22,010 - INFO - CaseID:1764 - 整体结果: PASS | 详情: 所有字段校验通过
2026-03-02 16:24:24,386 - INFO - CaseID:1765 - QUERY字段：语义匹配失败，但visual_search链路意图匹配通过
2026-03-02 16:24:24,387 - INFO - CaseID:1765 - 整体结果: PASS | 详情: 所有字段校验通过
2026-03-02 16:24:25,616 - INFO - CaseID:1766 - QUERY字段：基础语义模糊匹配通过
2026-03-02 16:24:25,616 - INFO - CaseID:1766 - 整体结果: PASS | 详情: 所有字段校验通过
2026-03-02 16:24:27,184 - INFO - CaseID:1767 - QUERY字段：基础语义模糊匹配通过
2026-03-02 16:24:27,184 - INFO - CaseID:1767 - 整体结果: PASS | 详情: 所有字段校验通过
2026-03-02 16:24:29,741 - INFO - CaseID:1768 - QUERY字段：语义匹配失败，但visual_search链路意图匹配通过
2026-03-02 16:24:29,742 - INFO - CaseID:1768 - 整体结果: PASS | 详情: 所有字段校验通过
2026-03-02 16:24:33,005 - INFO - CaseID:1769 - 整体结果: FAILED | 详情: QUERY不匹配：语义和visual_search链路意图均不一致 - 预期[这鞋质感真不错]，实际[这双鞋的质感如何？]
2026-03-02 16:24:34,226 - INFO - CaseID:1770 - QUERY字段：基础语义模糊匹配通过
2026-03-02 16:24:34,226 - INFO - CaseID:1770 - 整体结果: PASS | 详情: 所有字段校验通过
2026-03-02 16:24:36,561 - INFO - CaseID:1771 - QUERY字段：语义匹配失败，但visual_search链路意图匹配通过
2026-03-02 16:24:36,562 - INFO - CaseID:1771 - 整体结果: PASS | 详情: 所有字段校验通过
2026-03-02 16:24:39,873 - INFO - CaseID:1772 - QUERY字段：语义匹配失败，但visual_search链路意图匹配通过
2026-03-02 16:24:39,873 - INFO - CaseID:1772 - 整体结果: PASS | 详情: 所有字段校验通过
2026-03-02 16:24:42,187 - INFO - CaseID:1773 - QUERY字段：语义匹配失败，但visual_search链路意图匹配通过
2026-03-02 16:24:42,187 - INFO - CaseID:1773 - 整体结果: PASS | 详情: 所有字段校验通过
2026-03-02 16:24:43,353 - INFO - CaseID:1774 - QUERY字段：基础语义模糊匹配通过
2026-03-02 16:24:43,354 - INFO - CaseID:1774 - 整体结果: PASS | 详情: 所有字段校验通过
2026-03-02 16:24:46,202 - INFO - CaseID:1775 - QUERY字段：语义匹配失败，但visual_search链路意图匹配通过
2026-03-02 16:24:46,203 - INFO - CaseID:1775 - 整体结果: PASS | 详情: 所有字段校验通过
2026-03-02 16:24:47,389 - INFO - CaseID:1776 - QUERY字段：基础语义模糊匹配通过
2026-03-02 16:24:47,390 - INFO - CaseID:1776 - 整体结果: PASS | 详情: 所有字段校验通过
2026-03-02 16:24:48,778 - INFO - CaseID:1777 - QUERY字段：基础语义模糊匹配通过
2026-03-02 16:24:48,778 - INFO - CaseID:1777 - 整体结果: PASS | 详情: 所有字段校验通过
2026-03-02 16:24:48,780 - INFO - CaseID:1778 - QUERY字段：基础语义模糊匹配通过
2026-03-02 16:24:48,780 - INFO - CaseID:1778 - 整体结果: PASS | 详情: 所有字段校验通过
2026-03-02 16:24:49,878 - INFO - CaseID:1779 - QUERY字段：基础语义模糊匹配通过
2026-03-02 16:24:49,878 - INFO - CaseID:1779 - 整体结果: PASS | 详情: 所有字段校验通过
2026-03-02 16:24:51,504 - INFO - CaseID:1780 - QUERY字段：基础语义模糊匹配通过
2026-03-02 16:24:51,504 - INFO - CaseID:1780 - 整体结果: PASS | 详情: 所有字段校验通过
2026-03-02 16:24:51,505 - INFO - CaseID:1781 - QUERY字段：基础语义模糊匹配通过
2026-03-02 16:24:51,505 - INFO - CaseID:1781 - 整体结果: PASS | 详情: 所有字段校验通过
2026-03-02 16:24:52,717 - INFO - CaseID:1782 - QUERY字段：基础语义模糊匹配通过
2026-03-02 16:24:52,717 - INFO - CaseID:1782 - 整体结果: PASS | 详情: 所有字段校验通过
2026-03-02 16:24:54,337 - INFO - CaseID:1783 - QUERY字段：基础语义模糊匹配通过
2026-03-02 16:24:54,338 - INFO - CaseID:1783 - 整体结果: PASS | 详情: 所有字段校验通过
2026-03-02 16:24:56,577 - INFO - CaseID:1784 - QUERY字段：语义匹配失败，但visual_search链路意图匹配通过
2026-03-02 16:24:56,578 - INFO - CaseID:1784 - 整体结果: PASS | 详情: 所有字段校验通过
2026-03-02 16:24:56,578 - INFO - CaseID:1785 - QUERY字段：基础语义模糊匹配通过
2026-03-02 16:24:56,579 - INFO - CaseID:1785 - 整体结果: PASS | 详情: 所有字段校验通过
2026-03-02 16:25:00,487 - INFO - CaseID:1786 - QUERY字段：语义匹配失败，但visual_search链路意图匹配通过
2026-03-02 16:25:00,488 - INFO - CaseID:1786 - 整体结果: PASS | 详情: 所有字段校验通过
2026-03-02 16:25:01,724 - INFO - CaseID:1787 - QUERY字段：基础语义模糊匹配通过
2026-03-02 16:25:01,725 - INFO - CaseID:1787 - 整体结果: PASS | 详情: 所有字段校验通过
2026-03-02 16:25:02,961 - INFO - CaseID:1788 - QUERY字段：基础语义模糊匹配通过
2026-03-02 16:25:02,961 - INFO - CaseID:1788 - 整体结果: PASS | 详情: 所有字段校验通过
2026-03-02 16:25:04,158 - INFO - CaseID:1789 - QUERY字段：基础语义模糊匹配通过
2026-03-02 16:25:04,158 - INFO - CaseID:1789 - 整体结果: PASS | 详情: 所有字段校验通过
2026-03-02 16:25:05,616 - INFO - CaseID:1790 - QUERY字段：基础语义模糊匹配通过
2026-03-02 16:25:05,617 - INFO - CaseID:1790 - 整体结果: PASS | 详情: 所有字段校验通过
2026-03-02 16:25:07,255 - INFO - CaseID:1791 - QUERY字段：基础语义模糊匹配通过
2026-03-02 16:25:07,255 - INFO - CaseID:1791 - 整体结果: PASS | 详情: 所有字段校验通过
2026-03-02 16:25:07,256 - INFO - CaseID:1792 - QUERY字段：基础语义模糊匹配通过
2026-03-02 16:25:07,256 - INFO - CaseID:1792 - 整体结果: PASS | 详情: 所有字段校验通过
2026-03-02 16:25:09,262 - INFO - CaseID:1793 - QUERY字段：基础语义模糊匹配通过
2026-03-02 16:25:09,263 - INFO - CaseID:1793 - 整体结果: PASS | 详情: 所有字段校验通过
2026-03-02 16:25:10,762 - INFO - CaseID:1794 - QUERY字段：基础语义模糊匹配通过
2026-03-02 16:25:10,774 - INFO - CaseID:1794 - 整体结果: PASS | 详情: 所有字段校验通过
2026-03-02 16:25:12,315 - INFO - CaseID:1795 - QUERY字段：基础语义模糊匹配通过
2026-03-02 16:25:12,315 - INFO - CaseID:1795 - 整体结果: PASS | 详情: 所有字段校验通过
2026-03-02 16:25:14,887 - INFO - CaseID:1796 - QUERY字段：语义匹配失败，但visual_search链路意图匹配通过
2026-03-02 16:25:14,888 - INFO - CaseID:1796 - 整体结果: PASS | 详情: 所有字段校验通过
2026-03-02 16:25:16,482 - INFO - CaseID:1797 - QUERY字段：基础语义模糊匹配通过
2026-03-02 16:25:16,483 - INFO - CaseID:1797 - 整体结果: PASS | 详情: 所有字段校验通过
2026-03-02 16:25:17,699 - INFO - CaseID:1798 - QUERY字段：基础语义模糊匹配通过
2026-03-02 16:25:17,699 - INFO - CaseID:1798 - 整体结果: PASS | 详情: 所有字段校验通过
2026-03-02 16:25:17,699 - INFO - CaseID:1799 - QUERY字段：基础语义模糊匹配通过
2026-03-02 16:25:17,699 - INFO - CaseID:1799 - 整体结果: PASS | 详情: 所有字段校验通过
2026-03-02 16:25:19,155 - INFO - CaseID:1800 - QUERY字段：基础语义模糊匹配通过
2026-03-02 16:25:19,155 - INFO - CaseID:1800 - 整体结果: PASS | 详情: 所有字段校验通过
2026-03-02 16:25:21,932 - INFO - CaseID:1801 - QUERY字段：语义匹配失败，但visual_search链路意图匹配通过
2026-03-02 16:25:21,932 - INFO - CaseID:1801 - 整体结果: PASS | 详情: 所有字段校验通过
2026-03-02 16:25:23,290 - INFO - CaseID:1802 - QUERY字段：基础语义模糊匹配通过
2026-03-02 16:25:23,290 - INFO - CaseID:1802 - 整体结果: PASS | 详情: 所有字段校验通过
2026-03-02 16:25:25,013 - INFO - CaseID:1803 - QUERY字段：基础语义模糊匹配通过
2026-03-02 16:25:25,014 - INFO - CaseID:1803 - 整体结果: PASS | 详情: 所有字段校验通过
2026-03-02 16:25:26,218 - INFO - CaseID:1804 - QUERY字段：基础语义模糊匹配通过
2026-03-02 16:25:26,218 - INFO - CaseID:1804 - 整体结果: PASS | 详情: 所有字段校验通过
2026-03-02 16:25:27,533 - INFO - CaseID:1805 - QUERY字段：基础语义模糊匹配通过
2026-03-02 16:25:27,533 - INFO - CaseID:1805 - 整体结果: PASS | 详情: 所有字段校验通过
2026-03-02 16:25:28,981 - INFO - CaseID:1806 - QUERY字段：基础语义模糊匹配通过
2026-03-02 16:25:28,982 - INFO - CaseID:1806 - 整体结果: PASS | 详情: 所有字段校验通过
2026-03-02 16:25:31,008 - INFO - CaseID:1807 - QUERY字段：基础语义模糊匹配通过
2026-03-02 16:25:31,009 - INFO - CaseID:1807 - 整体结果: PASS | 详情: 所有字段校验通过
2026-03-02 16:25:32,142 - INFO - CaseID:1808 - QUERY字段：基础语义模糊匹配通过
2026-03-02 16:25:32,142 - INFO - CaseID:1808 - 整体结果: PASS | 详情: 所有字段校验通过
2026-03-02 16:25:33,481 - INFO - CaseID:1809 - QUERY字段：基础语义模糊匹配通过
2026-03-02 16:25:33,482 - INFO - CaseID:1809 - 整体结果: PASS | 详情: 所有字段校验通过
2026-03-02 16:25:36,543 - INFO - CaseID:1810 - QUERY字段：语义匹配失败，但visual_search链路意图匹配通过
2026-03-02 16:25:36,543 - INFO - CaseID:1810 - 整体结果: PASS | 详情: 所有字段校验通过
2026-03-02 16:25:39,203 - INFO - CaseID:1811 - 整体结果: FAILED | 详情: QUERY不匹配：语义和visual_search链路意图均不一致 - 预期[识别当前摄像头画面中的物品或商品]，实际[这个得多少钱]
2026-03-02 16:25:40,433 - INFO - CaseID:1812 - QUERY字段：基础语义模糊匹配通过
2026-03-02 16:25:40,433 - INFO - CaseID:1812 - 整体结果: PASS | 详情: 所有字段校验通过
2026-03-02 16:25:41,566 - INFO - CaseID:1813 - QUERY字段：基础语义模糊匹配通过
2026-03-02 16:25:41,566 - INFO - CaseID:1813 - 整体结果: PASS | 详情: 所有字段校验通过
2026-03-02 16:25:43,183 - INFO - CaseID:1814 - QUERY字段：基础语义模糊匹配通过
2026-03-02 16:25:43,183 - INFO - CaseID:1814 - 整体结果: PASS | 详情: 所有字段校验通过
2026-03-02 16:25:45,552 - INFO - CaseID:1815 - QUERY字段：语义匹配失败，但visual_search链路意图匹配通过
2026-03-02 16:25:45,552 - INFO - CaseID:1815 - 整体结果: PASS | 详情: 所有字段校验通过
2026-03-02 16:25:46,679 - INFO - CaseID:1816 - QUERY字段：基础语义模糊匹配通过
2026-03-02 16:25:46,680 - INFO - CaseID:1816 - 整体结果: PASS | 详情: 所有字段校验通过
2026-03-02 16:25:49,803 - INFO - CaseID:1817 - 整体结果: FAILED | 详情: QUERY不匹配：语义和visual_search链路意图均不一致 - 预期[这电脑的品牌和型号是什么？]，实际[这电脑可以在哪里买到]
2026-03-02 16:25:51,018 - INFO - CaseID:1818 - QUERY字段：基础语义模糊匹配通过
2026-03-02 16:25:51,019 - INFO - CaseID:1818 - 整体结果: PASS | 详情: 所有字段校验通过
2026-03-02 16:25:52,263 - INFO - CaseID:1819 - QUERY字段：基础语义模糊匹配通过
2026-03-02 16:25:52,263 - INFO - CaseID:1819 - 整体结果: PASS | 详情: 所有字段校验通过
2026-03-02 16:25:53,539 - INFO - CaseID:1820 - QUERY字段：基础语义模糊匹配通过
2026-03-02 16:25:53,539 - INFO - CaseID:1820 - 整体结果: PASS | 详情: 所有字段校验通过
2026-03-02 16:25:53,539 - INFO - CaseID:1821 - QUERY字段：基础语义模糊匹配通过
2026-03-02 16:25:53,540 - INFO - CaseID:1821 - 整体结果: PASS | 详情: 所有字段校验通过
2026-03-02 16:25:54,972 - INFO - CaseID:1822 - QUERY字段：基础语义模糊匹配通过
2026-03-02 16:25:54,972 - INFO - CaseID:1822 - 整体结果: PASS | 详情: 所有字段校验通过
2026-03-02 16:25:58,050 - INFO - CaseID:1823 - QUERY字段：语义匹配失败，但visual_search链路意图匹配通过
2026-03-02 16:25:58,050 - INFO - CaseID:1823 - 整体结果: PASS | 详情: 所有字段校验通过
2026-03-02 16:25:59,888 - INFO - CaseID:1824 - QUERY字段：基础语义模糊匹配通过
2026-03-02 16:25:59,888 - INFO - CaseID:1824 - 整体结果: PASS | 详情: 所有字段校验通过
2026-03-02 16:26:02,527 - INFO - CaseID:1825 - 整体结果: FAILED | 详情: QUERY不匹配：语义和visual_search链路意图均不一致 - 预期[识别当前摄像头画面中的转接器型号或品牌]，实际[这些转接器都多少钱呢]
2026-03-02 16:26:03,984 - INFO - CaseID:1826 - QUERY字段：基础语义模糊匹配通过
2026-03-02 16:26:03,984 - INFO - CaseID:1826 - 整体结果: PASS | 详情: 所有字段校验通过
2026-03-02 16:26:03,985 - INFO - CaseID:1827 - QUERY字段：基础语义模糊匹配通过
2026-03-02 16:26:03,985 - INFO - CaseID:1827 - 整体结果: PASS | 详情: 所有字段校验通过
2026-03-02 16:26:07,058 - INFO - CaseID:1828 - 整体结果: FAILED | 详情: QUERY不匹配：语义和visual_search链路意图均不一致 - 预期[识别当前摄像头画面中的键盘品牌和型号]，实际[这键盘多少钱呀]
2026-03-02 16:26:08,624 - INFO - CaseID:1829 - QUERY字段：基础语义模糊匹配通过
2026-03-02 16:26:08,625 - INFO - CaseID:1829 - 整体结果: PASS | 详情: 所有字段校验通过
2026-03-02 16:26:11,253 - INFO - CaseID:1830 - 整体结果: FAILED | 详情: QUERY不匹配：语义和visual_search链路意图均不一致 - 预期[这键盘的品牌和型号是什么]，实际[这键盘可以在网上买得到吗]
2026-03-02 16:26:12,461 - INFO - CaseID:1831 - QUERY字段：基础语义模糊匹配通过
2026-03-02 16:26:12,462 - INFO - CaseID:1831 - 整体结果: PASS | 详情: 所有字段校验通过
2026-03-02 16:26:13,609 - INFO - CaseID:1832 - QUERY字段：基础语义模糊匹配通过
2026-03-02 16:26:13,609 - INFO - CaseID:1832 - 整体结果: PASS | 详情: 所有字段校验通过
2026-03-02 16:26:14,916 - INFO - CaseID:1833 - QUERY字段：基础语义模糊匹配通过
2026-03-02 16:26:14,917 - INFO - CaseID:1833 - 整体结果: PASS | 详情: 所有字段校验通过
2026-03-02 16:26:16,577 - INFO - CaseID:1834 - QUERY字段：基础语义模糊匹配通过
2026-03-02 16:26:16,577 - INFO - CaseID:1834 - 整体结果: PASS | 详情: 所有字段校验通过
2026-03-02 16:26:16,579 - INFO - CaseID:1835 - QUERY字段：基础语义模糊匹配通过
2026-03-02 16:26:16,579 - INFO - CaseID:1835 - 整体结果: PASS | 详情: 所有字段校验通过
2026-03-02 16:26:18,774 - INFO - CaseID:1836 - QUERY字段：基础语义模糊匹配通过
2026-03-02 16:26:18,774 - INFO - CaseID:1836 - 整体结果: PASS | 详情: 所有字段校验通过
2026-03-02 16:26:18,775 - INFO - CaseID:1837 - QUERY字段：基础语义模糊匹配通过
2026-03-02 16:26:18,775 - INFO - CaseID:1837 - 整体结果: PASS | 详情: 所有字段校验通过
2026-03-02 16:26:20,251 - INFO - CaseID:1838 - QUERY字段：基础语义模糊匹配通过
2026-03-02 16:26:20,251 - INFO - CaseID:1838 - 整体结果: PASS | 详情: 所有字段校验通过
2026-03-02 16:26:23,778 - INFO - CaseID:1839 - QUERY字段：基础语义模糊匹配通过
2026-03-02 16:26:23,779 - INFO - CaseID:1839 - 整体结果: PASS | 详情: 所有字段校验通过
2026-03-02 16:26:25,125 - INFO - CaseID:1840 - QUERY字段：基础语义模糊匹配通过
2026-03-02 16:26:25,125 - INFO - CaseID:1840 - 整体结果: PASS | 详情: 所有字段校验通过
2026-03-02 16:26:26,343 - INFO - CaseID:1841 - QUERY字段：基础语义模糊匹配通过
2026-03-02 16:26:26,343 - INFO - CaseID:1841 - 整体结果: PASS | 详情: 所有字段校验通过
2026-03-02 16:26:27,582 - INFO - CaseID:1842 - QUERY字段：基础语义模糊匹配通过
2026-03-02 16:26:27,582 - INFO - CaseID:1842 - 整体结果: PASS | 详情: 所有字段校验通过
2026-03-02 16:26:30,094 - INFO - CaseID:1843 - 整体结果: FAILED | 详情: QUERY不匹配：语义和visual_search链路意图均不一致 - 预期[识别当前摄像头画面中的鼠标品牌和型号]，实际[这鼠标在哪里可以买得到]
2026-03-02 16:26:31,156 - INFO - CaseID:1844 - QUERY字段：基础语义模糊匹配通过
2026-03-02 16:26:31,157 - INFO - CaseID:1844 - 整体结果: PASS | 详情: 所有字段校验通过
2026-03-02 16:26:31,157 - INFO - CaseID:1845 - QUERY字段：基础语义模糊匹配通过
2026-03-02 16:26:31,157 - INFO - CaseID:1845 - 整体结果: PASS | 详情: 所有字段校验通过
2026-03-02 16:26:32,361 - INFO - CaseID:1846 - QUERY字段：基础语义模糊匹配通过
2026-03-02 16:26:32,361 - INFO - CaseID:1846 - 整体结果: PASS | 详情: 所有字段校验通过
2026-03-02 16:26:33,721 - INFO - CaseID:1847 - QUERY字段：基础语义模糊匹配通过
2026-03-02 16:26:33,721 - INFO - CaseID:1847 - 整体结果: PASS | 详情: 所有字段校验通过
2026-03-02 16:26:34,896 - INFO - CaseID:1848 - QUERY字段：基础语义模糊匹配通过
2026-03-02 16:26:34,896 - INFO - CaseID:1848 - 整体结果: PASS | 详情: 所有字段校验通过
2026-03-02 16:26:37,641 - INFO - CaseID:1849 - 整体结果: FAILED | 详情: QUERY不匹配：语义和visual_search链路意图均不一致 - 预期[识别当前摄像头画面中的鼠标品牌和型号]，实际[这个鼠标大概得多少钱]
2026-03-02 16:26:37,642 - INFO - CaseID:1850 - QUERY字段：基础语义模糊匹配通过
2026-03-02 16:26:37,643 - INFO - CaseID:1850 - 整体结果: PASS | 详情: 所有字段校验通过
2026-03-02 16:26:39,030 - INFO - CaseID:1851 - QUERY字段：基础语义模糊匹配通过
2026-03-02 16:26:39,030 - INFO - CaseID:1851 - 整体结果: PASS | 详情: 所有字段校验通过
2026-03-02 16:26:39,031 - INFO - CaseID:1852 - QUERY字段：基础语义模糊匹配通过
2026-03-02 16:26:39,031 - INFO - CaseID:1852 - 整体结果: PASS | 详情: 所有字段校验通过
2026-03-02 16:26:40,151 - INFO - CaseID:1853 - QUERY字段：基础语义模糊匹配通过
2026-03-02 16:26:40,151 - INFO - CaseID:1853 - 整体结果: PASS | 详情: 所有字段校验通过
2026-03-02 16:26:41,325 - INFO - CaseID:1854 - QUERY字段：基础语义模糊匹配通过
2026-03-02 16:26:41,325 - INFO - CaseID:1854 - 整体结果: PASS | 详情: 所有字段校验通过
2026-03-02 16:26:42,522 - INFO - CaseID:1855 - QUERY字段：基础语义模糊匹配通过
2026-03-02 16:26:42,522 - INFO - CaseID:1855 - 整体结果: PASS | 详情: 所有字段校验通过
2026-03-02 16:26:43,919 - INFO - CaseID:1856 - QUERY字段：基础语义模糊匹配通过
2026-03-02 16:26:43,921 - INFO - CaseID:1856 - 整体结果: PASS | 详情: 所有字段校验通过
2026-03-02 16:26:46,581 - INFO - CaseID:1857 - QUERY字段：语义匹配失败，但visual_search链路意图匹配通过
2026-03-02 16:26:46,581 - INFO - CaseID:1857 - 整体结果: PASS | 详情: 所有字段校验通过
2026-03-02 16:26:51,620 - INFO - CaseID:1858 - QUERY字段：语义匹配失败，但visual_search链路意图匹配通过
2026-03-02 16:26:51,621 - INFO - CaseID:1858 - 整体结果: PASS | 详情: 所有字段校验通过
2026-03-02 16:26:54,022 - INFO - CaseID:1859 - QUERY字段：语义匹配失败，但visual_search链路意图匹配通过
2026-03-02 16:26:54,023 - INFO - CaseID:1859 - 整体结果: PASS | 详情: 所有字段校验通过
2026-03-02 16:26:55,264 - INFO - CaseID:1860 - QUERY字段：基础语义模糊匹配通过
2026-03-02 16:26:55,265 - INFO - CaseID:1860 - 整体结果: PASS | 详情: 所有字段校验通过
2026-03-02 16:26:58,648 - INFO - CaseID:1861 - QUERY字段：语义匹配失败，但visual_search链路意图匹配通过
2026-03-02 16:26:58,649 - INFO - CaseID:1861 - 整体结果: PASS | 详情: 所有字段校验通过
2026-03-02 16:27:00,050 - INFO - CaseID:1862 - QUERY字段：基础语义模糊匹配通过
2026-03-02 16:27:00,051 - INFO - CaseID:1862 - 整体结果: PASS | 详情: 所有字段校验通过
2026-03-02 16:27:02,554 - INFO - CaseID:1863 - QUERY字段：语义匹配失败，但visual_search链路意图匹配通过
2026-03-02 16:27:02,555 - INFO - CaseID:1863 - 整体结果: PASS | 详情: 所有字段校验通过
2026-03-02 16:27:03,787 - INFO - CaseID:1864 - QUERY字段：基础语义模糊匹配通过
2026-03-02 16:27:03,787 - INFO - CaseID:1864 - 整体结果: PASS | 详情: 所有字段校验通过
2026-03-02 16:27:05,424 - INFO - CaseID:1865 - QUERY字段：基础语义模糊匹配通过
2026-03-02 16:27:05,425 - INFO - CaseID:1865 - 整体结果: PASS | 详情: 所有字段校验通过
2026-03-02 16:27:06,652 - INFO - CaseID:1866 - QUERY字段：基础语义模糊匹配通过
2026-03-02 16:27:06,653 - INFO - CaseID:1866 - 整体结果: PASS | 详情: 所有字段校验通过
2026-03-02 16:27:07,921 - INFO - CaseID:1867 - QUERY字段：基础语义模糊匹配通过
2026-03-02 16:27:07,921 - INFO - CaseID:1867 - 整体结果: PASS | 详情: 所有字段校验通过
2026-03-02 16:27:09,320 - INFO - CaseID:1868 - QUERY字段：基础语义模糊匹配通过
2026-03-02 16:27:09,320 - INFO - CaseID:1868 - 整体结果: PASS | 详情: 所有字段校验通过
2026-03-02 16:27:10,369 - INFO - CaseID:1869 - QUERY字段：基础语义模糊匹配通过
2026-03-02 16:27:10,369 - INFO - CaseID:1869 - 整体结果: PASS | 详情: 所有字段校验通过
2026-03-02 16:27:12,205 - INFO - CaseID:1870 - QUERY字段：基础语义模糊匹配通过
2026-03-02 16:27:12,206 - INFO - CaseID:1870 - 整体结果: PASS | 详情: 所有字段校验通过
2026-03-02 16:27:13,401 - INFO - CaseID:1871 - QUERY字段：基础语义模糊匹配通过
2026-03-02 16:27:13,401 - INFO - CaseID:1871 - 整体结果: PASS | 详情: 所有字段校验通过
2026-03-02 16:27:14,632 - INFO - CaseID:1872 - QUERY字段：基础语义模糊匹配通过
2026-03-02 16:27:14,632 - INFO - CaseID:1872 - 整体结果: PASS | 详情: 所有字段校验通过
2026-03-02 16:27:15,798 - INFO - CaseID:1873 - QUERY字段：基础语义模糊匹配通过
2026-03-02 16:27:15,799 - INFO - CaseID:1873 - 整体结果: PASS | 详情: 所有字段校验通过
2026-03-02 16:27:16,995 - INFO - CaseID:1874 - QUERY字段：基础语义模糊匹配通过
2026-03-02 16:27:16,995 - INFO - CaseID:1874 - 整体结果: PASS | 详情: 所有字段校验通过
2026-03-02 16:27:18,453 - INFO - CaseID:1875 - QUERY字段：基础语义模糊匹配通过
2026-03-02 16:27:18,454 - INFO - CaseID:1875 - 整体结果: PASS | 详情: 所有字段校验通过
2026-03-02 16:27:19,555 - INFO - CaseID:1876 - QUERY字段：基础语义模糊匹配通过
2026-03-02 16:27:19,556 - INFO - CaseID:1876 - 整体结果: PASS | 详情: 所有字段校验通过
2026-03-02 16:27:22,299 - INFO - CaseID:1877 - QUERY字段：语义匹配失败，但visual_search链路意图匹配通过
2026-03-02 16:27:22,299 - INFO - CaseID:1877 - 整体结果: PASS | 详情: 所有字段校验通过
2026-03-02 16:27:23,604 - INFO - CaseID:1878 - QUERY字段：基础语义模糊匹配通过
2026-03-02 16:27:23,605 - INFO - CaseID:1878 - 整体结果: PASS | 详情: 所有字段校验通过
2026-03-02 16:27:24,761 - INFO - CaseID:1879 - QUERY字段：基础语义模糊匹配通过
2026-03-02 16:27:24,761 - INFO - CaseID:1879 - 整体结果: PASS | 详情: 所有字段校验通过
2026-03-02 16:27:25,904 - INFO - CaseID:1880 - QUERY字段：基础语义模糊匹配通过
2026-03-02 16:27:25,905 - INFO - CaseID:1880 - 整体结果: PASS | 详情: 所有字段校验通过
2026-03-02 16:27:28,706 - INFO - CaseID:1881 - QUERY字段：语义匹配失败，但visual_search链路意图匹配通过
2026-03-02 16:27:28,706 - INFO - CaseID:1881 - 整体结果: PASS | 详情: 所有字段校验通过
2026-03-02 16:27:29,854 - INFO - CaseID:1882 - QUERY字段：基础语义模糊匹配通过
2026-03-02 16:27:29,854 - INFO - CaseID:1882 - 整体结果: PASS | 详情: 所有字段校验通过
2026-03-02 16:27:29,854 - INFO - CaseID:1883 - QUERY字段：基础语义模糊匹配通过
2026-03-02 16:27:29,855 - INFO - CaseID:1883 - 整体结果: PASS | 详情: 所有字段校验通过
2026-03-02 16:27:31,228 - INFO - CaseID:1884 - QUERY字段：基础语义模糊匹配通过
2026-03-02 16:27:31,229 - INFO - CaseID:1884 - 整体结果: PASS | 详情: 所有字段校验通过
2026-03-02 16:27:33,536 - INFO - CaseID:1885 - QUERY字段：语义匹配失败，但visual_search链路意图匹配通过
2026-03-02 16:27:33,536 - INFO - CaseID:1885 - 整体结果: PASS | 详情: 所有字段校验通过
2026-03-02 16:27:34,710 - INFO - CaseID:1886 - QUERY字段：基础语义模糊匹配通过
2026-03-02 16:27:34,711 - INFO - CaseID:1886 - 整体结果: PASS | 详情: 所有字段校验通过
2026-03-02 16:27:36,208 - INFO - CaseID:1887 - QUERY字段：基础语义模糊匹配通过
2026-03-02 16:27:36,208 - INFO - CaseID:1887 - 整体结果: PASS | 详情: 所有字段校验通过
2026-03-02 16:27:37,514 - INFO - CaseID:1888 - QUERY字段：基础语义模糊匹配通过
2026-03-02 16:27:37,515 - INFO - CaseID:1888 - 整体结果: PASS | 详情: 所有字段校验通过
2026-03-02 16:27:38,716 - INFO - CaseID:1889 - QUERY字段：基础语义模糊匹配通过
2026-03-02 16:27:38,716 - INFO - CaseID:1889 - 整体结果: PASS | 详情: 所有字段校验通过
2026-03-02 16:27:39,907 - INFO - CaseID:1890 - QUERY字段：基础语义模糊匹配通过
2026-03-02 16:27:39,908 - INFO - CaseID:1890 - 整体结果: PASS | 详情: 所有字段校验通过
2026-03-02 16:27:41,124 - INFO - CaseID:1891 - QUERY字段：基础语义模糊匹配通过
2026-03-02 16:27:41,124 - INFO - CaseID:1891 - 整体结果: PASS | 详情: 所有字段校验通过
2026-03-02 16:27:43,312 - INFO - CaseID:1892 - QUERY字段：语义匹配失败，但visual_search链路意图匹配通过
2026-03-02 16:27:43,312 - INFO - CaseID:1892 - 整体结果: PASS | 详情: 所有字段校验通过
2026-03-02 16:27:45,779 - INFO - CaseID:1893 - 整体结果: FAILED | 详情: QUERY不匹配：语义和visual_search链路意图均不一致 - 预期[基于这个写一个爱情故事]，实际[请描述当前摄像头捕捉到的画面内容]
2026-03-02 16:27:48,094 - INFO - CaseID:1894 - QUERY字段：语义匹配失败，但visual_search链路意图匹配通过
2026-03-02 16:27:48,094 - INFO - CaseID:1894 - 整体结果: PASS | 详情: 所有字段校验通过
2026-03-02 16:27:50,684 - INFO - CaseID:1895 - QUERY字段：基础语义模糊匹配通过
2026-03-02 16:27:50,685 - INFO - CaseID:1895 - 整体结果: PASS | 详情: 所有字段校验通过
2026-03-02 16:27:52,120 - INFO - CaseID:1896 - QUERY字段：基础语义模糊匹配通过
2026-03-02 16:27:52,120 - INFO - CaseID:1896 - 整体结果: PASS | 详情: 所有字段校验通过
2026-03-02 16:27:55,037 - INFO - CaseID:1897 - QUERY字段：语义匹配失败，但visual_search链路意图匹配通过
2026-03-02 16:27:55,038 - INFO - CaseID:1897 - 整体结果: PASS | 详情: 所有字段校验通过
2026-03-02 16:27:58,009 - INFO - CaseID:1898 - QUERY字段：语义匹配失败，但visual_search链路意图匹配通过
2026-03-02 16:27:58,009 - INFO - CaseID:1898 - 整体结果: PASS | 详情: 所有字段校验通过
2026-03-02 16:27:59,216 - INFO - CaseID:1899 - QUERY字段：基础语义模糊匹配通过
2026-03-02 16:27:59,217 - INFO - CaseID:1899 - 整体结果: PASS | 详情: 所有字段校验通过
2026-03-02 16:28:01,742 - INFO - CaseID:1900 - QUERY字段：语义匹配失败，但visual_search链路意图匹配通过
2026-03-02 16:28:01,743 - INFO - CaseID:1900 - 整体结果: PASS | 详情: 所有字段校验通过
2026-03-02 16:28:03,382 - INFO - CaseID:1901 - QUERY字段：基础语义模糊匹配通过
2026-03-02 16:28:03,382 - INFO - CaseID:1901 - 整体结果: PASS | 详情: 所有字段校验通过
2026-03-02 16:28:05,633 - INFO - CaseID:1902 - QUERY字段：基础语义模糊匹配通过
2026-03-02 16:28:05,633 - INFO - CaseID:1902 - 整体结果: PASS | 详情: 所有字段校验通过
2026-03-02 16:28:07,068 - INFO - CaseID:1903 - QUERY字段：基础语义模糊匹配通过
2026-03-02 16:28:07,068 - INFO - CaseID:1903 - 整体结果: PASS | 详情: 所有字段校验通过
2026-03-02 16:28:09,828 - INFO - CaseID:1904 - QUERY字段：语义匹配失败，但visual_search链路意图匹配通过
2026-03-02 16:28:09,830 - INFO - CaseID:1904 - 整体结果: PASS | 详情: 所有字段校验通过
2026-03-02 16:28:11,071 - INFO - CaseID:1905 - QUERY字段：基础语义模糊匹配通过
2026-03-02 16:28:11,071 - INFO - CaseID:1905 - 整体结果: PASS | 详情: 所有字段校验通过
2026-03-02 16:28:12,161 - INFO - CaseID:1906 - QUERY字段：基础语义模糊匹配通过
2026-03-02 16:28:12,161 - INFO - CaseID:1906 - 整体结果: PASS | 详情: 所有字段校验通过
2026-03-02 16:28:13,351 - INFO - CaseID:1907 - QUERY字段：基础语义模糊匹配通过
2026-03-02 16:28:13,352 - INFO - CaseID:1907 - 整体结果: PASS | 详情: 所有字段校验通过
2026-03-02 16:28:15,273 - INFO - CaseID:1908 - QUERY字段：基础语义模糊匹配通过
2026-03-02 16:28:15,274 - INFO - CaseID:1908 - 整体结果: PASS | 详情: 所有字段校验通过
2026-03-02 16:28:17,097 - INFO - CaseID:1909 - QUERY字段：基础语义模糊匹配通过
2026-03-02 16:28:17,098 - INFO - CaseID:1909 - 整体结果: PASS | 详情: 所有字段校验通过
2026-03-02 16:28:17,099 - INFO - CaseID:1910 - QUERY字段：基础语义模糊匹配通过
2026-03-02 16:28:17,099 - INFO - CaseID:1910 - 整体结果: PASS | 详情: 所有字段校验通过
2026-03-02 16:28:18,442 - INFO - CaseID:1911 - QUERY字段：基础语义模糊匹配通过
2026-03-02 16:28:18,443 - INFO - CaseID:1911 - 整体结果: PASS | 详情: 所有字段校验通过
2026-03-02 16:28:19,770 - INFO - CaseID:1912 - QUERY字段：基础语义模糊匹配通过
2026-03-02 16:28:19,771 - INFO - CaseID:1912 - 整体结果: PASS | 详情: 所有字段校验通过
2026-03-02 16:28:20,980 - INFO - CaseID:1913 - QUERY字段：基础语义模糊匹配通过
2026-03-02 16:28:20,981 - INFO - CaseID:1913 - 整体结果: PASS | 详情: 所有字段校验通过
2026-03-02 16:28:22,272 - INFO - CaseID:1914 - QUERY字段：基础语义模糊匹配通过
2026-03-02 16:28:22,273 - INFO - CaseID:1914 - 整体结果: PASS | 详情: 所有字段校验通过
2026-03-02 16:28:23,372 - INFO - CaseID:1915 - QUERY字段：基础语义模糊匹配通过
2026-03-02 16:28:23,372 - INFO - CaseID:1915 - 整体结果: PASS | 详情: 所有字段校验通过
2026-03-02 16:28:24,886 - INFO - CaseID:1916 - QUERY字段：基础语义模糊匹配通过
2026-03-02 16:28:24,886 - INFO - CaseID:1916 - 整体结果: PASS | 详情: 所有字段校验通过
2026-03-02 16:28:26,686 - INFO - CaseID:1917 - QUERY字段：基础语义模糊匹配通过
2026-03-02 16:28:26,686 - INFO - CaseID:1917 - 整体结果: PASS | 详情: 所有字段校验通过
2026-03-02 16:28:29,208 - INFO - CaseID:1918 - QUERY字段：语义匹配失败，但visual_search链路意图匹配通过
2026-03-02 16:28:29,208 - INFO - CaseID:1918 - 整体结果: PASS | 详情: 所有字段校验通过
2026-03-02 16:28:31,790 - INFO - CaseID:1919 - QUERY字段：语义匹配失败，但visual_search链路意图匹配通过
2026-03-02 16:28:31,790 - INFO - CaseID:1919 - 整体结果: PASS | 详情: 所有字段校验通过
2026-03-02 16:28:31,791 - INFO - CaseID:1920 - QUERY字段：基础语义模糊匹配通过
2026-03-02 16:28:31,791 - INFO - CaseID:1920 - 整体结果: PASS | 详情: 所有字段校验通过
2026-03-02 16:28:34,382 - INFO - CaseID:1921 - QUERY字段：语义匹配失败，但visual_search链路意图匹配通过
2026-03-02 16:28:34,383 - INFO - CaseID:1921 - 整体结果: PASS | 详情: 所有字段校验通过
2026-03-02 16:28:36,156 - INFO - CaseID:1922 - QUERY字段：基础语义模糊匹配通过
2026-03-02 16:28:36,157 - INFO - CaseID:1922 - 整体结果: PASS | 详情: 所有字段校验通过
2026-03-02 16:28:39,451 - INFO - CaseID:1923 - QUERY字段：语义匹配失败，但visual_search链路意图匹配通过
2026-03-02 16:28:39,452 - INFO - CaseID:1923 - 整体结果: PASS | 详情: 所有字段校验通过
2026-03-02 16:28:42,755 - INFO - CaseID:1924 - QUERY字段：语义匹配失败，但visual_search链路意图匹配通过
2026-03-02 16:28:42,755 - INFO - CaseID:1924 - 整体结果: PASS | 详情: 所有字段校验通过
2026-03-02 16:28:43,939 - INFO - CaseID:1925 - QUERY字段：基础语义模糊匹配通过
2026-03-02 16:28:43,940 - INFO - CaseID:1925 - 整体结果: PASS | 详情: 所有字段校验通过
2026-03-02 16:28:47,004 - INFO - CaseID:1926 - QUERY字段：语义匹配失败，但visual_search链路意图匹配通过
2026-03-02 16:28:47,004 - INFO - CaseID:1926 - 整体结果: PASS | 详情: 所有字段校验通过
2026-03-02 16:28:48,232 - INFO - CaseID:1927 - QUERY字段：基础语义模糊匹配通过
2026-03-02 16:28:48,233 - INFO - CaseID:1927 - 整体结果: PASS | 详情: 所有字段校验通过
2026-03-02 16:28:49,429 - INFO - CaseID:1928 - QUERY字段：基础语义模糊匹配通过
2026-03-02 16:28:49,429 - INFO - CaseID:1928 - 整体结果: PASS | 详情: 所有字段校验通过
2026-03-02 16:28:52,331 - INFO - CaseID:1929 - QUERY字段：语义匹配失败，但visual_search链路意图匹配通过
2026-03-02 16:28:52,331 - INFO - CaseID:1929 - 整体结果: PASS | 详情: 所有字段校验通过
2026-03-02 16:28:53,573 - INFO - CaseID:1930 - QUERY字段：基础语义模糊匹配通过
2026-03-02 16:28:53,573 - INFO - CaseID:1930 - 整体结果: PASS | 详情: 所有字段校验通过
2026-03-02 16:28:55,081 - INFO - CaseID:1931 - QUERY字段：基础语义模糊匹配通过
2026-03-02 16:28:55,081 - INFO - CaseID:1931 - 整体结果: PASS | 详情: 所有字段校验通过
2026-03-02 16:28:56,456 - INFO - CaseID:1932 - QUERY字段：基础语义模糊匹配通过
2026-03-02 16:28:56,457 - INFO - CaseID:1932 - 整体结果: PASS | 详情: 所有字段校验通过
2026-03-02 16:28:57,649 - INFO - CaseID:1933 - QUERY字段：基础语义模糊匹配通过
2026-03-02 16:28:57,649 - INFO - CaseID:1933 - 整体结果: PASS | 详情: 所有字段校验通过
2026-03-02 16:28:58,877 - INFO - CaseID:1934 - QUERY字段：基础语义模糊匹配通过
2026-03-02 16:28:58,878 - INFO - CaseID:1934 - 整体结果: PASS | 详情: 所有字段校验通过
2026-03-02 16:29:01,243 - INFO - CaseID:1935 - QUERY字段：语义匹配失败，但visual_search链路意图匹配通过
2026-03-02 16:29:01,243 - INFO - CaseID:1935 - 整体结果: PASS | 详情: 所有字段校验通过
2026-03-02 16:29:02,365 - INFO - CaseID:1936 - QUERY字段：基础语义模糊匹配通过
2026-03-02 16:29:02,365 - INFO - CaseID:1936 - 整体结果: PASS | 详情: 所有字段校验通过
2026-03-02 16:29:04,808 - INFO - CaseID:1937 - QUERY字段：语义匹配失败，但visual_search链路意图匹配通过
2026-03-02 16:29:04,809 - INFO - CaseID:1937 - 整体结果: PASS | 详情: 所有字段校验通过
2026-03-02 16:29:07,289 - INFO - CaseID:1938 - QUERY字段：语义匹配失败，但visual_search链路意图匹配通过
2026-03-02 16:29:07,290 - INFO - CaseID:1938 - 整体结果: PASS | 详情: 所有字段校验通过
2026-03-02 16:29:07,290 - INFO - CaseID:1939 - QUERY字段：基础语义模糊匹配通过
2026-03-02 16:29:07,290 - INFO - CaseID:1939 - 整体结果: PASS | 详情: 所有字段校验通过
2026-03-02 16:29:07,291 - INFO - CaseID:1940 - QUERY字段：基础语义模糊匹配通过
2026-03-02 16:29:07,291 - INFO - CaseID:1940 - 整体结果: PASS | 详情: 所有字段校验通过
2026-03-02 16:29:08,713 - INFO - CaseID:1941 - QUERY字段：基础语义模糊匹配通过
2026-03-02 16:29:08,714 - INFO - CaseID:1941 - 整体结果: PASS | 详情: 所有字段校验通过
2026-03-02 16:29:09,866 - INFO - CaseID:1942 - QUERY字段：基础语义模糊匹配通过
2026-03-02 16:29:09,866 - INFO - CaseID:1942 - 整体结果: PASS | 详情: 所有字段校验通过
2026-03-02 16:29:11,501 - INFO - CaseID:1943 - QUERY字段：基础语义模糊匹配通过
2026-03-02 16:29:11,502 - INFO - CaseID:1943 - 整体结果: PASS | 详情: 所有字段校验通过
2026-03-02 16:29:11,502 - INFO - CaseID:1944 - QUERY字段：基础语义模糊匹配通过
2026-03-02 16:29:11,502 - INFO - CaseID:1944 - 整体结果: PASS | 详情: 所有字段校验通过
2026-03-02 16:29:11,502 - INFO - CaseID:1945 - QUERY字段：语义匹配失败，但visual_search链路意图匹配通过
2026-03-02 16:29:11,502 - INFO - CaseID:1945 - 整体结果: PASS | 详情: 所有字段校验通过
2026-03-02 16:29:12,949 - INFO - CaseID:1946 - QUERY字段：基础语义模糊匹配通过
2026-03-02 16:29:12,949 - INFO - CaseID:1946 - 整体结果: PASS | 详情: 所有字段校验通过
2026-03-02 16:29:12,950 - INFO - CaseID:1947 - QUERY字段：基础语义模糊匹配通过
2026-03-02 16:29:12,950 - INFO - CaseID:1947 - 整体结果: PASS | 详情: 所有字段校验通过
2026-03-02 16:29:15,883 - INFO - CaseID:1948 - QUERY字段：语义匹配失败，但visual_search链路意图匹配通过
2026-03-02 16:29:15,883 - INFO - CaseID:1948 - 整体结果: PASS | 详情: 所有字段校验通过
2026-03-02 16:29:18,510 - INFO - CaseID:1949 - QUERY字段：语义匹配失败，但visual_search链路意图匹配通过
2026-03-02 16:29:18,510 - INFO - CaseID:1949 - 整体结果: PASS | 详情: 所有字段校验通过
2026-03-02 16:29:20,147 - INFO - CaseID:1950 - QUERY字段：基础语义模糊匹配通过
2026-03-02 16:29:20,147 - INFO - CaseID:1950 - 整体结果: PASS | 详情: 所有字段校验通过
2026-03-02 16:29:21,305 - INFO - CaseID:1951 - QUERY字段：基础语义模糊匹配通过
2026-03-02 16:29:21,305 - INFO - CaseID:1951 - 整体结果: PASS | 详情: 所有字段校验通过
2026-03-02 16:29:23,867 - INFO - CaseID:1952 - QUERY字段：语义匹配失败，但visual_search链路意图匹配通过
2026-03-02 16:29:23,868 - INFO - CaseID:1952 - 整体结果: PASS | 详情: 所有字段校验通过
2026-03-02 16:29:25,311 - INFO - CaseID:1953 - QUERY字段：基础语义模糊匹配通过
2026-03-02 16:29:25,312 - INFO - CaseID:1953 - 整体结果: PASS | 详情: 所有字段校验通过
2026-03-02 16:29:26,645 - INFO - CaseID:1954 - QUERY字段：基础语义模糊匹配通过
2026-03-02 16:29:26,646 - INFO - CaseID:1954 - 整体结果: PASS | 详情: 所有字段校验通过
2026-03-02 16:29:27,929 - INFO - CaseID:1955 - QUERY字段：基础语义模糊匹配通过
2026-03-02 16:29:27,929 - INFO - CaseID:1955 - 整体结果: PASS | 详情: 所有字段校验通过
2026-03-02 16:29:29,487 - INFO - CaseID:1956 - QUERY字段：基础语义模糊匹配通过
2026-03-02 16:29:29,487 - INFO - CaseID:1956 - 整体结果: PASS | 详情: 所有字段校验通过
2026-03-02 16:29:30,623 - INFO - CaseID:1957 - QUERY字段：基础语义模糊匹配通过
2026-03-02 16:29:30,623 - INFO - CaseID:1957 - 整体结果: PASS | 详情: 所有字段校验通过
2026-03-02 16:29:32,719 - INFO - CaseID:1958 - QUERY字段：基础语义模糊匹配通过
2026-03-02 16:29:32,720 - INFO - CaseID:1958 - 整体结果: PASS | 详情: 所有字段校验通过
2026-03-02 16:29:33,719 - INFO - CaseID:1959 - QUERY字段：基础语义模糊匹配通过
2026-03-02 16:29:33,719 - INFO - CaseID:1959 - 整体结果: PASS | 详情: 所有字段校验通过
2026-03-02 16:29:34,945 - INFO - CaseID:1960 - QUERY字段：基础语义模糊匹配通过
2026-03-02 16:29:34,945 - INFO - CaseID:1960 - 整体结果: PASS | 详情: 所有字段校验通过
2026-03-02 16:29:37,533 - INFO - CaseID:1961 - QUERY字段：语义匹配失败，但visual_search链路意图匹配通过
2026-03-02 16:29:37,533 - INFO - CaseID:1961 - 整体结果: PASS | 详情: 所有字段校验通过
2026-03-02 16:29:39,074 - INFO - CaseID:1962 - QUERY字段：基础语义模糊匹配通过
2026-03-02 16:29:39,075 - INFO - CaseID:1962 - 整体结果: PASS | 详情: 所有字段校验通过
2026-03-02 16:29:40,457 - INFO - CaseID:1963 - QUERY字段：基础语义模糊匹配通过
2026-03-02 16:29:40,457 - INFO - CaseID:1963 - 整体结果: PASS | 详情: 所有字段校验通过
2026-03-02 16:29:41,921 - INFO - CaseID:1964 - QUERY字段：基础语义模糊匹配通过
2026-03-02 16:29:41,921 - INFO - CaseID:1964 - 整体结果: PASS | 详情: 所有字段校验通过
2026-03-02 16:29:43,655 - INFO - CaseID:1965 - QUERY字段：基础语义模糊匹配通过
2026-03-02 16:29:43,655 - INFO - CaseID:1965 - 整体结果: PASS | 详情: 所有字段校验通过
2026-03-02 16:29:44,961 - INFO - CaseID:1966 - QUERY字段：基础语义模糊匹配通过
2026-03-02 16:29:44,962 - INFO - CaseID:1966 - 整体结果: PASS | 详情: 所有字段校验通过
2026-03-02 16:29:47,228 - INFO - CaseID:1967 - QUERY字段：语义匹配失败，但visual_search链路意图匹配通过
2026-03-02 16:29:47,230 - INFO - CaseID:1967 - 整体结果: PASS | 详情: 所有字段校验通过
2026-03-02 16:29:48,411 - INFO - CaseID:1968 - QUERY字段：基础语义模糊匹配通过
2026-03-02 16:29:48,411 - INFO - CaseID:1968 - 整体结果: PASS | 详情: 所有字段校验通过
2026-03-02 16:29:49,495 - INFO - CaseID:1969 - QUERY字段：基础语义模糊匹配通过
2026-03-02 16:29:49,496 - INFO - CaseID:1969 - 整体结果: PASS | 详情: 所有字段校验通过
2026-03-02 16:29:50,901 - INFO - CaseID:1970 - QUERY字段：基础语义模糊匹配通过
2026-03-02 16:29:50,902 - INFO - CaseID:1970 - 整体结果: PASS | 详情: 所有字段校验通过
2026-03-02 16:29:52,695 - INFO - CaseID:1971 - QUERY字段：基础语义模糊匹配通过
2026-03-02 16:29:52,695 - INFO - CaseID:1971 - 整体结果: PASS | 详情: 所有字段校验通过
2026-03-02 16:29:53,875 - INFO - CaseID:1972 - QUERY字段：基础语义模糊匹配通过
2026-03-02 16:29:53,875 - INFO - CaseID:1972 - 整体结果: PASS | 详情: 所有字段校验通过
2026-03-02 16:29:55,611 - INFO - CaseID:1973 - QUERY字段：基础语义模糊匹配通过
2026-03-02 16:29:55,612 - INFO - CaseID:1973 - 整体结果: PASS | 详情: 所有字段校验通过
2026-03-02 16:29:57,221 - INFO - CaseID:1974 - QUERY字段：基础语义模糊匹配通过
2026-03-02 16:29:57,221 - INFO - CaseID:1974 - 整体结果: PASS | 详情: 所有字段校验通过
2026-03-02 16:29:58,394 - INFO - CaseID:1975 - QUERY字段：基础语义模糊匹配通过
2026-03-02 16:29:58,394 - INFO - CaseID:1975 - 整体结果: PASS | 详情: 所有字段校验通过
2026-03-02 16:29:59,585 - INFO - CaseID:1976 - QUERY字段：基础语义模糊匹配通过
2026-03-02 16:29:59,585 - INFO - CaseID:1976 - 整体结果: PASS | 详情: 所有字段校验通过
2026-03-02 16:30:01,025 - INFO - CaseID:1977 - QUERY字段：基础语义模糊匹配通过
2026-03-02 16:30:01,025 - INFO - CaseID:1977 - 整体结果: PASS | 详情: 所有字段校验通过
2026-03-02 16:30:02,128 - INFO - CaseID:1978 - QUERY字段：基础语义模糊匹配通过
2026-03-02 16:30:02,129 - INFO - CaseID:1978 - 整体结果: PASS | 详情: 所有字段校验通过
2026-03-02 16:30:04,564 - INFO - CaseID:1979 - QUERY字段：语义匹配失败，但visual_search链路意图匹配通过
2026-03-02 16:30:04,565 - INFO - CaseID:1979 - 整体结果: PASS | 详情: 所有字段校验通过
2026-03-02 16:30:05,851 - INFO - CaseID:1980 - QUERY字段：基础语义模糊匹配通过
2026-03-02 16:30:05,851 - INFO - CaseID:1980 - 整体结果: PASS | 详情: 所有字段校验通过
2026-03-02 16:30:08,280 - INFO - CaseID:1981 - QUERY字段：语义匹配失败，但visual_search链路意图匹配通过
2026-03-02 16:30:08,280 - INFO - CaseID:1981 - 整体结果: PASS | 详情: 所有字段校验通过
2026-03-02 16:30:09,911 - INFO - CaseID:1982 - QUERY字段：基础语义模糊匹配通过
2026-03-02 16:30:09,911 - INFO - CaseID:1982 - 整体结果: PASS | 详情: 所有字段校验通过
2026-03-02 16:30:11,860 - INFO - CaseID:1983 - QUERY字段：基础语义模糊匹配通过
2026-03-02 16:30:11,862 - INFO - CaseID:1983 - 整体结果: PASS | 详情: 所有字段校验通过
2026-03-02 16:30:13,042 - INFO - CaseID:1984 - QUERY字段：基础语义模糊匹配通过
2026-03-02 16:30:13,043 - INFO - CaseID:1984 - 整体结果: PASS | 详情: 所有字段校验通过
2026-03-02 16:30:14,293 - INFO - CaseID:1985 - QUERY字段：基础语义模糊匹配通过
2026-03-02 16:30:14,293 - INFO - CaseID:1985 - 整体结果: PASS | 详情: 所有字段校验通过
2026-03-02 16:30:15,695 - INFO - CaseID:1986 - QUERY字段：基础语义模糊匹配通过
2026-03-02 16:30:15,695 - INFO - CaseID:1986 - 整体结果: PASS | 详情: 所有字段校验通过
2026-03-02 16:30:16,993 - INFO - CaseID:1987 - QUERY字段：基础语义模糊匹配通过
2026-03-02 16:30:16,993 - INFO - CaseID:1987 - 整体结果: PASS | 详情: 所有字段校验通过
2026-03-02 16:30:18,251 - INFO - CaseID:1988 - QUERY字段：基础语义模糊匹配通过
2026-03-02 16:30:18,251 - INFO - CaseID:1988 - 整体结果: PASS | 详情: 所有字段校验通过
2026-03-02 16:30:19,709 - INFO - CaseID:1989 - QUERY字段：基础语义模糊匹配通过
2026-03-02 16:30:19,709 - INFO - CaseID:1989 - 整体结果: PASS | 详情: 所有字段校验通过
2026-03-02 16:30:21,477 - INFO - CaseID:1990 - QUERY字段：基础语义模糊匹配通过
2026-03-02 16:30:21,478 - INFO - CaseID:1990 - 整体结果: PASS | 详情: 所有字段校验通过
2026-03-02 16:30:22,645 - INFO - CaseID:1991 - QUERY字段：基础语义模糊匹配通过
2026-03-02 16:30:22,645 - INFO - CaseID:1991 - 整体结果: PASS | 详情: 所有字段校验通过
2026-03-02 16:30:23,874 - INFO - CaseID:1992 - QUERY字段：基础语义模糊匹配通过
2026-03-02 16:30:23,875 - INFO - CaseID:1992 - 整体结果: PASS | 详情: 所有字段校验通过
2026-03-02 16:30:25,717 - INFO - CaseID:1993 - QUERY字段：基础语义模糊匹配通过
2026-03-02 16:30:25,717 - INFO - CaseID:1993 - 整体结果: PASS | 详情: 所有字段校验通过
2026-03-02 16:30:27,445 - INFO - CaseID:1994 - QUERY字段：基础语义模糊匹配通过
2026-03-02 16:30:27,446 - INFO - CaseID:1994 - 整体结果: PASS | 详情: 所有字段校验通过
2026-03-02 16:30:28,693 - INFO - CaseID:1995 - QUERY字段：基础语义模糊匹配通过
2026-03-02 16:30:28,693 - INFO - CaseID:1995 - 整体结果: PASS | 详情: 所有字段校验通过
2026-03-02 16:30:31,665 - INFO - CaseID:1996 - QUERY字段：语义匹配失败，但visual_search链路意图匹配通过
2026-03-02 16:30:31,666 - INFO - CaseID:1996 - 整体结果: PASS | 详情: 所有字段校验通过
2026-03-02 16:30:34,434 - INFO - CaseID:1997 - QUERY字段：语义匹配失败，但visual_search链路意图匹配通过
2026-03-02 16:30:34,434 - INFO - CaseID:1997 - 整体结果: PASS | 详情: 所有字段校验通过
2026-03-02 16:30:36,940 - INFO - CaseID:1998 - QUERY字段：语义匹配失败，但visual_search链路意图匹配通过
2026-03-02 16:30:36,940 - INFO - CaseID:1998 - 整体结果: PASS | 详情: 所有字段校验通过
2026-03-02 16:30:38,213 - INFO - CaseID:1999 - QUERY字段：基础语义模糊匹配通过
2026-03-02 16:30:38,214 - INFO - CaseID:1999 - 整体结果: PASS | 详情: 所有字段校验通过
2026-03-02 16:30:40,909 - INFO - CaseID:2000 - QUERY字段：语义匹配失败，但visual_search链路意图匹配通过
2026-03-02 16:30:40,909 - INFO - CaseID:2000 - 整体结果: PASS | 详情: 所有字段校验通过
2026-03-02 16:30:40,910 - INFO - 进度：2000/2542  通过：1928  通过率：96.40%
2026-03-02 16:30:42,203 - INFO - CaseID:2001 - QUERY字段：基础语义模糊匹配通过
2026-03-02 16:30:42,203 - INFO - CaseID:2001 - 整体结果: PASS | 详情: 所有字段校验通过
2026-03-02 16:30:43,434 - INFO - CaseID:2002 - QUERY字段：基础语义模糊匹配通过
2026-03-02 16:30:43,434 - INFO - CaseID:2002 - 整体结果: PASS | 详情: 所有字段校验通过
2026-03-02 16:30:44,658 - INFO - CaseID:2003 - QUERY字段：基础语义模糊匹配通过
2026-03-02 16:30:44,658 - INFO - CaseID:2003 - 整体结果: PASS | 详情: 所有字段校验通过
2026-03-02 16:30:45,842 - INFO - CaseID:2004 - QUERY字段：基础语义模糊匹配通过
2026-03-02 16:30:45,845 - INFO - CaseID:2004 - 整体结果: PASS | 详情: 所有字段校验通过
2026-03-02 16:30:46,911 - INFO - CaseID:2005 - QUERY字段：基础语义模糊匹配通过
2026-03-02 16:30:46,912 - INFO - CaseID:2005 - 整体结果: PASS | 详情: 所有字段校验通过
2026-03-02 16:30:48,382 - INFO - CaseID:2006 - QUERY字段：基础语义模糊匹配通过
2026-03-02 16:30:48,382 - INFO - CaseID:2006 - 整体结果: PASS | 详情: 所有字段校验通过
2026-03-02 16:30:49,554 - INFO - CaseID:2007 - QUERY字段：基础语义模糊匹配通过
2026-03-02 16:30:49,555 - INFO - CaseID:2007 - 整体结果: PASS | 详情: 所有字段校验通过
2026-03-02 16:30:51,914 - INFO - CaseID:2008 - QUERY字段：语义匹配失败，但visual_search链路意图匹配通过
2026-03-02 16:30:51,914 - INFO - CaseID:2008 - 整体结果: PASS | 详情: 所有字段校验通过
2026-03-02 16:30:53,113 - INFO - CaseID:2009 - QUERY字段：基础语义模糊匹配通过
2026-03-02 16:30:53,113 - INFO - CaseID:2009 - 整体结果: PASS | 详情: 所有字段校验通过
2026-03-02 16:30:55,976 - INFO - CaseID:2010 - QUERY字段：语义匹配失败，但visual_search链路意图匹配通过
2026-03-02 16:30:55,976 - INFO - CaseID:2010 - 整体结果: PASS | 详情: 所有字段校验通过
2026-03-02 16:30:59,114 - INFO - CaseID:2011 - QUERY字段：语义匹配失败，但visual_search链路意图匹配通过
2026-03-02 16:30:59,115 - INFO - CaseID:2011 - 整体结果: PASS | 详情: 所有字段校验通过
2026-03-02 16:31:00,531 - INFO - CaseID:2012 - QUERY字段：基础语义模糊匹配通过
2026-03-02 16:31:00,531 - INFO - CaseID:2012 - 整体结果: PASS | 详情: 所有字段校验通过
2026-03-02 16:31:01,691 - INFO - CaseID:2013 - QUERY字段：基础语义模糊匹配通过
2026-03-02 16:31:01,691 - INFO - CaseID:2013 - 整体结果: PASS | 详情: 所有字段校验通过
2026-03-02 16:31:03,125 - INFO - CaseID:2014 - QUERY字段：基础语义模糊匹配通过
2026-03-02 16:31:03,125 - INFO - CaseID:2014 - 整体结果: PASS | 详情: 所有字段校验通过
2026-03-02 16:31:03,126 - INFO - CaseID:2015 - QUERY字段：基础语义模糊匹配通过
2026-03-02 16:31:03,126 - INFO - CaseID:2015 - 整体结果: PASS | 详情: 所有字段校验通过
2026-03-02 16:31:03,126 - INFO - CaseID:2016 - QUERY字段：基础语义模糊匹配通过
2026-03-02 16:31:03,126 - INFO - CaseID:2016 - 整体结果: PASS | 详情: 所有字段校验通过
2026-03-02 16:31:03,128 - INFO - CaseID:2017 - QUERY字段：基础语义模糊匹配通过
2026-03-02 16:31:03,128 - INFO - CaseID:2017 - 整体结果: PASS | 详情: 所有字段校验通过
2026-03-02 16:31:03,129 - INFO - CaseID:2018 - QUERY字段：基础语义模糊匹配通过
2026-03-02 16:31:03,129 - INFO - CaseID:2018 - 整体结果: PASS | 详情: 所有字段校验通过
2026-03-02 16:31:04,265 - INFO - CaseID:2019 - QUERY字段：基础语义模糊匹配通过
2026-03-02 16:31:04,265 - INFO - CaseID:2019 - 整体结果: PASS | 详情: 所有字段校验通过
2026-03-02 16:31:05,857 - INFO - CaseID:2020 - QUERY字段：基础语义模糊匹配通过
2026-03-02 16:31:05,857 - INFO - CaseID:2020 - 整体结果: PASS | 详情: 所有字段校验通过
2026-03-02 16:31:07,336 - INFO - CaseID:2021 - QUERY字段：基础语义模糊匹配通过
2026-03-02 16:31:07,336 - INFO - CaseID:2021 - 整体结果: PASS | 详情: 所有字段校验通过
2026-03-02 16:31:08,894 - INFO - CaseID:2022 - QUERY字段：基础语义模糊匹配通过
2026-03-02 16:31:08,895 - INFO - CaseID:2022 - 整体结果: PASS | 详情: 所有字段校验通过
2026-03-02 16:31:10,020 - INFO - CaseID:2023 - QUERY字段：基础语义模糊匹配通过
2026-03-02 16:31:10,020 - INFO - CaseID:2023 - 整体结果: PASS | 详情: 所有字段校验通过
2026-03-02 16:31:11,242 - INFO - CaseID:2024 - QUERY字段：基础语义模糊匹配通过
2026-03-02 16:31:11,243 - INFO - CaseID:2024 - 整体结果: PASS | 详情: 所有字段校验通过
2026-03-02 16:31:12,517 - INFO - CaseID:2025 - QUERY字段：基础语义模糊匹配通过
2026-03-02 16:31:12,518 - INFO - CaseID:2025 - 整体结果: PASS | 详情: 所有字段校验通过
2026-03-02 16:31:14,941 - INFO - CaseID:2026 - QUERY字段：语义匹配失败，但visual_search链路意图匹配通过
2026-03-02 16:31:14,942 - INFO - CaseID:2026 - 整体结果: PASS | 详情: 所有字段校验通过
2026-03-02 16:31:14,942 - INFO - CaseID:2027 - QUERY字段：基础语义模糊匹配通过
2026-03-02 16:31:14,942 - INFO - CaseID:2027 - 整体结果: PASS | 详情: 所有字段校验通过
2026-03-02 16:31:17,162 - INFO - CaseID:2028 - QUERY字段：基础语义模糊匹配通过
2026-03-02 16:31:17,162 - INFO - CaseID:2028 - 整体结果: PASS | 详情: 所有字段校验通过
2026-03-02 16:31:18,350 - INFO - CaseID:2029 - QUERY字段：基础语义模糊匹配通过
2026-03-02 16:31:18,351 - INFO - CaseID:2029 - 整体结果: PASS | 详情: 所有字段校验通过
2026-03-02 16:31:18,351 - INFO - CaseID:2030 - QUERY字段：基础语义模糊匹配通过
2026-03-02 16:31:18,351 - INFO - CaseID:2030 - 整体结果: PASS | 详情: 所有字段校验通过
2026-03-02 16:31:18,351 - INFO - CaseID:2031 - QUERY字段：基础语义模糊匹配通过
2026-03-02 16:31:18,351 - INFO - CaseID:2031 - 整体结果: PASS | 详情: 所有字段校验通过
2026-03-02 16:31:20,023 - INFO - CaseID:2032 - QUERY字段：基础语义模糊匹配通过
2026-03-02 16:31:20,023 - INFO - CaseID:2032 - 整体结果: PASS | 详情: 所有字段校验通过
2026-03-02 16:31:21,738 - INFO - CaseID:2033 - QUERY字段：基础语义模糊匹配通过
2026-03-02 16:31:21,739 - INFO - CaseID:2033 - 整体结果: PASS | 详情: 所有字段校验通过
2026-03-02 16:31:23,191 - INFO - CaseID:2034 - QUERY字段：基础语义模糊匹配通过
2026-03-02 16:31:23,191 - INFO - CaseID:2034 - 整体结果: PASS | 详情: 所有字段校验通过
2026-03-02 16:31:24,503 - INFO - CaseID:2035 - QUERY字段：基础语义模糊匹配通过
2026-03-02 16:31:24,503 - INFO - CaseID:2035 - 整体结果: PASS | 详情: 所有字段校验通过
2026-03-02 16:31:25,929 - INFO - CaseID:2036 - QUERY字段：基础语义模糊匹配通过
2026-03-02 16:31:25,929 - INFO - CaseID:2036 - 整体结果: PASS | 详情: 所有字段校验通过
2026-03-02 16:31:28,365 - INFO - CaseID:2037 - QUERY字段：语义匹配失败，但visual_search链路意图匹配通过
2026-03-02 16:31:28,366 - INFO - CaseID:2037 - 整体结果: PASS | 详情: 所有字段校验通过
2026-03-02 16:31:30,435 - INFO - CaseID:2038 - QUERY字段：基础语义模糊匹配通过
2026-03-02 16:31:30,435 - INFO - CaseID:2038 - 整体结果: PASS | 详情: 所有字段校验通过
2026-03-02 16:31:30,435 - INFO - CaseID:2039 - QUERY字段：基础语义模糊匹配通过
2026-03-02 16:31:30,436 - INFO - CaseID:2039 - 整体结果: PASS | 详情: 所有字段校验通过
2026-03-02 16:31:31,640 - INFO - CaseID:2040 - QUERY字段：基础语义模糊匹配通过
2026-03-02 16:31:31,640 - INFO - CaseID:2040 - 整体结果: PASS | 详情: 所有字段校验通过
2026-03-02 16:31:34,176 - INFO - CaseID:2041 - QUERY字段：语义匹配失败，但visual_search链路意图匹配通过
2026-03-02 16:31:34,176 - INFO - CaseID:2041 - 整体结果: PASS | 详情: 所有字段校验通过
2026-03-02 16:31:35,758 - INFO - CaseID:2042 - QUERY字段：基础语义模糊匹配通过
2026-03-02 16:31:35,758 - INFO - CaseID:2042 - 整体结果: PASS | 详情: 所有字段校验通过
2026-03-02 16:31:39,241 - INFO - CaseID:2043 - QUERY字段：语义匹配失败，但visual_search链路意图匹配通过
2026-03-02 16:31:39,241 - INFO - CaseID:2043 - 整体结果: PASS | 详情: 所有字段校验通过
2026-03-02 16:31:41,017 - INFO - CaseID:2044 - QUERY字段：基础语义模糊匹配通过
2026-03-02 16:31:41,018 - INFO - CaseID:2044 - 整体结果: PASS | 详情: 所有字段校验通过
2026-03-02 16:31:41,018 - INFO - CaseID:2045 - QUERY字段：基础语义模糊匹配通过
2026-03-02 16:31:41,018 - INFO - CaseID:2045 - 整体结果: PASS | 详情: 所有字段校验通过
2026-03-02 16:31:42,722 - INFO - CaseID:2046 - QUERY字段：基础语义模糊匹配通过
2026-03-02 16:31:42,722 - INFO - CaseID:2046 - 整体结果: PASS | 详情: 所有字段校验通过
2026-03-02 16:31:43,923 - INFO - CaseID:2047 - QUERY字段：基础语义模糊匹配通过
2026-03-02 16:31:43,923 - INFO - CaseID:2047 - 整体结果: PASS | 详情: 所有字段校验通过
2026-03-02 16:31:46,586 - INFO - CaseID:2048 - QUERY字段：语义匹配失败，但visual_search链路意图匹配通过
2026-03-02 16:31:46,587 - INFO - CaseID:2048 - 整体结果: PASS | 详情: 所有字段校验通过
2026-03-02 16:31:49,052 - INFO - CaseID:2049 - QUERY字段：语义匹配失败，但visual_search链路意图匹配通过
2026-03-02 16:31:49,052 - INFO - CaseID:2049 - 整体结果: PASS | 详情: 所有字段校验通过
2026-03-02 16:31:50,162 - INFO - CaseID:2050 - QUERY字段：基础语义模糊匹配通过
2026-03-02 16:31:50,162 - INFO - CaseID:2050 - 整体结果: PASS | 详情: 所有字段校验通过
2026-03-02 16:31:50,162 - INFO - CaseID:2051 - QUERY字段：基础语义模糊匹配通过
2026-03-02 16:31:50,162 - INFO - CaseID:2051 - 整体结果: PASS | 详情: 所有字段校验通过
2026-03-02 16:31:51,322 - INFO - CaseID:2052 - QUERY字段：基础语义模糊匹配通过
2026-03-02 16:31:51,322 - INFO - CaseID:2052 - 整体结果: PASS | 详情: 所有字段校验通过
2026-03-02 16:31:52,803 - INFO - CaseID:2053 - QUERY字段：基础语义模糊匹配通过
2026-03-02 16:31:52,803 - INFO - CaseID:2053 - 整体结果: PASS | 详情: 所有字段校验通过
2026-03-02 16:31:55,623 - INFO - CaseID:2054 - QUERY字段：语义匹配失败，但visual_search链路意图匹配通过
2026-03-02 16:31:55,624 - INFO - CaseID:2054 - 整体结果: PASS | 详情: 所有字段校验通过
2026-03-02 16:31:57,008 - INFO - CaseID:2055 - QUERY字段：基础语义模糊匹配通过
2026-03-02 16:31:57,008 - INFO - CaseID:2055 - 整体结果: PASS | 详情: 所有字段校验通过
2026-03-02 16:32:00,915 - INFO - CaseID:2056 - QUERY字段：语义匹配失败，但visual_search链路意图匹配通过
2026-03-02 16:32:00,916 - INFO - CaseID:2056 - 整体结果: PASS | 详情: 所有字段校验通过
2026-03-02 16:32:00,917 - INFO - CaseID:2057 - QUERY字段：基础语义模糊匹配通过
2026-03-02 16:32:00,917 - INFO - CaseID:2057 - 整体结果: PASS | 详情: 所有字段校验通过
2026-03-02 16:32:02,176 - INFO - CaseID:2058 - QUERY字段：基础语义模糊匹配通过
2026-03-02 16:32:02,176 - INFO - CaseID:2058 - 整体结果: PASS | 详情: 所有字段校验通过
2026-03-02 16:32:03,817 - INFO - CaseID:2059 - QUERY字段：基础语义模糊匹配通过
2026-03-02 16:32:03,817 - INFO - CaseID:2059 - 整体结果: PASS | 详情: 所有字段校验通过
2026-03-02 16:32:03,817 - INFO - CaseID:2060 - QUERY字段：基础语义模糊匹配通过
2026-03-02 16:32:03,818 - INFO - CaseID:2060 - 整体结果: PASS | 详情: 所有字段校验通过
2026-03-02 16:32:03,818 - INFO - CaseID:2061 - QUERY字段：基础语义模糊匹配通过
2026-03-02 16:32:03,818 - INFO - CaseID:2061 - 整体结果: PASS | 详情: 所有字段校验通过
2026-03-02 16:32:05,265 - INFO - CaseID:2062 - QUERY字段：基础语义模糊匹配通过
2026-03-02 16:32:05,265 - INFO - CaseID:2062 - 整体结果: PASS | 详情: 所有字段校验通过
2026-03-02 16:32:07,721 - INFO - CaseID:2063 - QUERY字段：语义匹配失败，但visual_search链路意图匹配通过
2026-03-02 16:32:07,721 - INFO - CaseID:2063 - 整体结果: PASS | 详情: 所有字段校验通过
2026-03-02 16:32:09,465 - INFO - CaseID:2064 - QUERY字段：基础语义模糊匹配通过
2026-03-02 16:32:09,466 - INFO - CaseID:2064 - 整体结果: PASS | 详情: 所有字段校验通过
2026-03-02 16:32:13,324 - INFO - CaseID:2065 - QUERY字段：语义匹配失败，但visual_search链路意图匹配通过
2026-03-02 16:32:13,325 - INFO - CaseID:2065 - 整体结果: PASS | 详情: 所有字段校验通过
2026-03-02 16:32:13,326 - INFO - CaseID:2066 - QUERY字段：基础语义模糊匹配通过
2026-03-02 16:32:13,326 - INFO - CaseID:2066 - 整体结果: PASS | 详情: 所有字段校验通过
2026-03-02 16:32:14,821 - INFO - CaseID:2067 - QUERY字段：基础语义模糊匹配通过
2026-03-02 16:32:14,822 - INFO - CaseID:2067 - 整体结果: PASS | 详情: 所有字段校验通过
2026-03-02 16:32:15,972 - INFO - CaseID:2068 - QUERY字段：基础语义模糊匹配通过
2026-03-02 16:32:15,972 - INFO - CaseID:2068 - 整体结果: PASS | 详情: 所有字段校验通过
2026-03-02 16:32:17,852 - INFO - CaseID:2069 - QUERY字段：基础语义模糊匹配通过
2026-03-02 16:32:17,853 - INFO - CaseID:2069 - 整体结果: PASS | 详情: 所有字段校验通过
2026-03-02 16:32:20,813 - INFO - CaseID:2070 - QUERY字段：基础语义模糊匹配通过
2026-03-02 16:32:20,813 - INFO - CaseID:2070 - 整体结果: PASS | 详情: 所有字段校验通过
2026-03-02 16:32:21,954 - INFO - CaseID:2071 - QUERY字段：基础语义模糊匹配通过
2026-03-02 16:32:21,954 - INFO - CaseID:2071 - 整体结果: PASS | 详情: 所有字段校验通过
2026-03-02 16:32:24,900 - INFO - CaseID:2072 - QUERY字段：语义匹配失败，但visual_search链路意图匹配通过
2026-03-02 16:32:24,901 - INFO - CaseID:2072 - 整体结果: PASS | 详情: 所有字段校验通过
2026-03-02 16:32:26,322 - INFO - CaseID:2073 - QUERY字段：基础语义模糊匹配通过
2026-03-02 16:32:26,323 - INFO - CaseID:2073 - 整体结果: PASS | 详情: 所有字段校验通过
2026-03-02 16:32:27,407 - INFO - CaseID:2074 - QUERY字段：基础语义模糊匹配通过
2026-03-02 16:32:27,407 - INFO - CaseID:2074 - 整体结果: PASS | 详情: 所有字段校验通过
2026-03-02 16:32:30,396 - INFO - CaseID:2075 - QUERY字段：语义匹配失败，但visual_search链路意图匹配通过
2026-03-02 16:32:30,396 - INFO - CaseID:2075 - 整体结果: PASS | 详情: 所有字段校验通过
2026-03-02 16:32:33,290 - INFO - CaseID:2076 - QUERY字段：语义匹配失败，但visual_search链路意图匹配通过
2026-03-02 16:32:33,290 - INFO - CaseID:2076 - 整体结果: PASS | 详情: 所有字段校验通过
2026-03-02 16:32:34,510 - INFO - CaseID:2077 - QUERY字段：基础语义模糊匹配通过
2026-03-02 16:32:34,511 - INFO - CaseID:2077 - 整体结果: PASS | 详情: 所有字段校验通过
2026-03-02 16:32:36,820 - INFO - CaseID:2078 - QUERY字段：语义匹配失败，但visual_search链路意图匹配通过
2026-03-02 16:32:36,820 - INFO - CaseID:2078 - 整体结果: PASS | 详情: 所有字段校验通过
2026-03-02 16:32:39,655 - INFO - CaseID:2079 - QUERY字段：语义匹配失败，但visual_search链路意图匹配通过
2026-03-02 16:32:39,655 - INFO - CaseID:2079 - 整体结果: PASS | 详情: 所有字段校验通过
2026-03-02 16:32:40,726 - INFO - CaseID:2080 - QUERY字段：基础语义模糊匹配通过
2026-03-02 16:32:40,727 - INFO - CaseID:2080 - 整体结果: PASS | 详情: 所有字段校验通过
2026-03-02 16:32:42,197 - INFO - CaseID:2081 - QUERY字段：基础语义模糊匹配通过
2026-03-02 16:32:42,197 - INFO - CaseID:2081 - 整体结果: PASS | 详情: 所有字段校验通过
2026-03-02 16:32:44,801 - INFO - CaseID:2082 - QUERY字段：语义匹配失败，但visual_search链路意图匹配通过
2026-03-02 16:32:44,801 - INFO - CaseID:2082 - 整体结果: PASS | 详情: 所有字段校验通过
2026-03-02 16:32:45,967 - INFO - CaseID:2083 - QUERY字段：基础语义模糊匹配通过
2026-03-02 16:32:45,967 - INFO - CaseID:2083 - 整体结果: PASS | 详情: 所有字段校验通过
2026-03-02 16:32:47,437 - INFO - CaseID:2084 - QUERY字段：基础语义模糊匹配通过
2026-03-02 16:32:47,437 - INFO - CaseID:2084 - 整体结果: PASS | 详情: 所有字段校验通过
2026-03-02 16:32:48,926 - INFO - CaseID:2085 - QUERY字段：基础语义模糊匹配通过
2026-03-02 16:32:48,926 - INFO - CaseID:2085 - 整体结果: PASS | 详情: 所有字段校验通过
2026-03-02 16:32:52,152 - INFO - CaseID:2086 - QUERY字段：语义匹配失败，但visual_search链路意图匹配通过
2026-03-02 16:32:52,152 - INFO - CaseID:2086 - 整体结果: PASS | 详情: 所有字段校验通过
2026-03-02 16:32:54,607 - INFO - CaseID:2087 - QUERY字段：语义匹配失败，但visual_search链路意图匹配通过
2026-03-02 16:32:54,608 - INFO - CaseID:2087 - 整体结果: PASS | 详情: 所有字段校验通过
2026-03-02 16:32:55,833 - INFO - CaseID:2088 - QUERY字段：基础语义模糊匹配通过
2026-03-02 16:32:55,833 - INFO - CaseID:2088 - 整体结果: PASS | 详情: 所有字段校验通过
2026-03-02 16:32:58,937 - INFO - CaseID:2089 - 整体结果: FAILED | 详情: QUERY不匹配：语义和visual_search链路意图均不一致 - 预期[用户当前位置附近的电影院]，实际[电影院要怎么走]
2026-03-02 16:33:00,007 - INFO - CaseID:2090 - QUERY字段：基础语义模糊匹配通过
2026-03-02 16:33:00,007 - INFO - CaseID:2090 - 整体结果: PASS | 详情: 所有字段校验通过
2026-03-02 16:33:01,116 - INFO - CaseID:2091 - QUERY字段：基础语义模糊匹配通过
2026-03-02 16:33:01,116 - INFO - CaseID:2091 - 整体结果: PASS | 详情: 所有字段校验通过
2026-03-02 16:33:02,592 - INFO - CaseID:2092 - QUERY字段：基础语义模糊匹配通过
2026-03-02 16:33:02,592 - INFO - CaseID:2092 - 整体结果: PASS | 详情: 所有字段校验通过
2026-03-02 16:33:05,258 - INFO - CaseID:2093 - 整体结果: FAILED | 详情: QUERY不匹配：语义和visual_search链路意图均不一致 - 预期[故宫怎么走]，实际[故宫的步行或公共交通路线导航]
2026-03-02 16:33:07,916 - INFO - CaseID:2094 - QUERY字段：语义匹配失败，但visual_search链路意图匹配通过
2026-03-02 16:33:07,916 - INFO - CaseID:2094 - 整体结果: PASS | 详情: 所有字段校验通过
2026-03-02 16:33:09,036 - INFO - CaseID:2095 - QUERY字段：基础语义模糊匹配通过
2026-03-02 16:33:09,036 - INFO - CaseID:2095 - 整体结果: PASS | 详情: 所有字段校验通过
2026-03-02 16:33:09,037 - INFO - CaseID:2096 - QUERY字段：基础语义模糊匹配通过
2026-03-02 16:33:09,037 - INFO - CaseID:2096 - 整体结果: PASS | 详情: 所有字段校验通过
2026-03-02 16:33:10,253 - INFO - CaseID:2097 - QUERY字段：基础语义模糊匹配通过
2026-03-02 16:33:10,254 - INFO - CaseID:2097 - 整体结果: PASS | 详情: 所有字段校验通过
2026-03-02 16:33:11,458 - INFO - CaseID:2098 - QUERY字段：基础语义模糊匹配通过
2026-03-02 16:33:11,458 - INFO - CaseID:2098 - 整体结果: PASS | 详情: 所有字段校验通过
2026-03-02 16:33:14,266 - INFO - CaseID:2099 - QUERY字段：基础语义模糊匹配通过
2026-03-02 16:33:14,266 - INFO - CaseID:2099 - 整体结果: PASS | 详情: 所有字段校验通过
2026-03-02 16:33:14,267 - INFO - CaseID:2100 - QUERY字段：基础语义模糊匹配通过
2026-03-02 16:33:14,268 - INFO - CaseID:2100 - 整体结果: PASS | 详情: 所有字段校验通过
2026-03-02 16:33:15,495 - INFO - CaseID:2101 - QUERY字段：基础语义模糊匹配通过
2026-03-02 16:33:15,495 - INFO - CaseID:2101 - 整体结果: PASS | 详情: 所有字段校验通过
2026-03-02 16:33:16,608 - INFO - CaseID:2102 - QUERY字段：基础语义模糊匹配通过
2026-03-02 16:33:16,609 - INFO - CaseID:2102 - 整体结果: PASS | 详情: 所有字段校验通过
2026-03-02 16:33:18,114 - INFO - CaseID:2103 - QUERY字段：基础语义模糊匹配通过
2026-03-02 16:33:18,115 - INFO - CaseID:2103 - 整体结果: PASS | 详情: 所有字段校验通过
2026-03-02 16:33:19,592 - INFO - CaseID:2104 - QUERY字段：基础语义模糊匹配通过
2026-03-02 16:33:19,592 - INFO - CaseID:2104 - 整体结果: PASS | 详情: 所有字段校验通过
2026-03-02 16:33:21,023 - INFO - CaseID:2105 - QUERY字段：基础语义模糊匹配通过
2026-03-02 16:33:21,023 - INFO - CaseID:2105 - 整体结果: PASS | 详情: 所有字段校验通过
2026-03-02 16:33:22,243 - INFO - CaseID:2106 - QUERY字段：基础语义模糊匹配通过
2026-03-02 16:33:22,243 - INFO - CaseID:2106 - 整体结果: PASS | 详情: 所有字段校验通过
2026-03-02 16:33:22,244 - INFO - CaseID:2107 - QUERY字段：基础语义模糊匹配通过
2026-03-02 16:33:22,244 - INFO - CaseID:2107 - 整体结果: PASS | 详情: 所有字段校验通过
2026-03-02 16:33:24,511 - INFO - CaseID:2108 - QUERY字段：基础语义模糊匹配通过
2026-03-02 16:33:24,512 - INFO - CaseID:2108 - 整体结果: PASS | 详情: 所有字段校验通过
2026-03-02 16:33:25,685 - INFO - CaseID:2109 - QUERY字段：基础语义模糊匹配通过
2026-03-02 16:33:25,685 - INFO - CaseID:2109 - 整体结果: PASS | 详情: 所有字段校验通过
2026-03-02 16:33:28,179 - INFO - CaseID:2110 - QUERY字段：语义匹配失败，但visual_search链路意图匹配通过
2026-03-02 16:33:28,180 - INFO - CaseID:2110 - 整体结果: PASS | 详情: 所有字段校验通过
2026-03-02 16:33:28,180 - INFO - CaseID:2111 - QUERY字段：基础语义模糊匹配通过
2026-03-02 16:33:28,180 - INFO - CaseID:2111 - 整体结果: PASS | 详情: 所有字段校验通过
2026-03-02 16:33:29,941 - INFO - CaseID:2112 - QUERY字段：基础语义模糊匹配通过
2026-03-02 16:33:29,941 - INFO - CaseID:2112 - 整体结果: PASS | 详情: 所有字段校验通过
2026-03-02 16:33:31,454 - INFO - CaseID:2113 - QUERY字段：基础语义模糊匹配通过
2026-03-02 16:33:31,454 - INFO - CaseID:2113 - 整体结果: PASS | 详情: 所有字段校验通过
2026-03-02 16:33:32,640 - INFO - CaseID:2114 - QUERY字段：基础语义模糊匹配通过
2026-03-02 16:33:32,640 - INFO - CaseID:2114 - 整体结果: PASS | 详情: 所有字段校验通过
2026-03-02 16:33:35,769 - INFO - CaseID:2115 - 整体结果: FAILED | 详情: QUERY不匹配：语义和visual_search链路意图均不一致 - 预期[识别当前环境中的“17号”位置或方向指示]，实际[17号指的是什么路线（地铁、公交、公路等）？]
2026-03-02 16:33:36,890 - INFO - CaseID:2116 - QUERY字段：基础语义模糊匹配通过
2026-03-02 16:33:36,890 - INFO - CaseID:2116 - 整体结果: PASS | 详情: 所有字段校验通过
2026-03-02 16:33:38,438 - INFO - CaseID:2117 - QUERY字段：基础语义模糊匹配通过
2026-03-02 16:33:38,438 - INFO - CaseID:2117 - 整体结果: PASS | 详情: 所有字段校验通过
2026-03-02 16:33:40,174 - INFO - CaseID:2118 - QUERY字段：基础语义模糊匹配通过
2026-03-02 16:33:40,174 - INFO - CaseID:2118 - 整体结果: PASS | 详情: 所有字段校验通过
2026-03-02 16:33:42,647 - INFO - CaseID:2119 - QUERY字段：语义匹配失败，但visual_search链路意图匹配通过
2026-03-02 16:33:42,647 - INFO - CaseID:2119 - 整体结果: PASS | 详情: 所有字段校验通过
2026-03-02 16:33:43,970 - INFO - CaseID:2120 - QUERY字段：基础语义模糊匹配通过
2026-03-02 16:33:43,970 - INFO - CaseID:2120 - 整体结果: PASS | 详情: 所有字段校验通过
2026-03-02 16:33:47,033 - INFO - CaseID:2121 - QUERY字段：语义匹配失败，但visual_search链路意图匹配通过
2026-03-02 16:33:47,034 - INFO - CaseID:2121 - 整体结果: PASS | 详情: 所有字段校验通过
2026-03-02 16:33:48,992 - INFO - CaseID:2122 - QUERY字段：基础语义模糊匹配通过
2026-03-02 16:33:48,992 - INFO - CaseID:2122 - 整体结果: PASS | 详情: 所有字段校验通过
2026-03-02 16:33:48,992 - INFO - CaseID:2123 - QUERY字段：语义匹配失败，但visual_search链路意图匹配通过
2026-03-02 16:33:48,993 - INFO - CaseID:2123 - 整体结果: PASS | 详情: 所有字段校验通过
2026-03-02 16:33:50,124 - INFO - CaseID:2124 - QUERY字段：基础语义模糊匹配通过
2026-03-02 16:33:50,125 - INFO - CaseID:2124 - 整体结果: PASS | 详情: 所有字段校验通过
2026-03-02 16:33:51,885 - INFO - CaseID:2125 - QUERY字段：基础语义模糊匹配通过
2026-03-02 16:33:51,885 - INFO - CaseID:2125 - 整体结果: PASS | 详情: 所有字段校验通过
2026-03-02 16:33:53,360 - INFO - CaseID:2126 - QUERY字段：基础语义模糊匹配通过
2026-03-02 16:33:53,361 - INFO - CaseID:2126 - 整体结果: PASS | 详情: 所有字段校验通过
2026-03-02 16:33:54,631 - INFO - CaseID:2127 - QUERY字段：基础语义模糊匹配通过
2026-03-02 16:33:54,631 - INFO - CaseID:2127 - 整体结果: PASS | 详情: 所有字段校验通过
2026-03-02 16:33:56,787 - INFO - CaseID:2128 - QUERY字段：基础语义模糊匹配通过
2026-03-02 16:33:56,787 - INFO - CaseID:2128 - 整体结果: PASS | 详情: 所有字段校验通过
2026-03-02 16:33:58,297 - INFO - CaseID:2129 - QUERY字段：基础语义模糊匹配通过
2026-03-02 16:33:58,298 - INFO - CaseID:2129 - 整体结果: PASS | 详情: 所有字段校验通过
2026-03-02 16:33:59,881 - INFO - CaseID:2130 - QUERY字段：基础语义模糊匹配通过
2026-03-02 16:33:59,882 - INFO - CaseID:2130 - 整体结果: PASS | 详情: 所有字段校验通过
2026-03-02 16:34:01,661 - INFO - CaseID:2131 - QUERY字段：基础语义模糊匹配通过
2026-03-02 16:34:01,662 - INFO - CaseID:2131 - 整体结果: PASS | 详情: 所有字段校验通过
2026-03-02 16:34:03,472 - INFO - CaseID:2132 - QUERY字段：基础语义模糊匹配通过
2026-03-02 16:34:03,473 - INFO - CaseID:2132 - 整体结果: PASS | 详情: 所有字段校验通过
2026-03-02 16:34:05,896 - INFO - CaseID:2133 - QUERY字段：语义匹配失败，但visual_search链路意图匹配通过
2026-03-02 16:34:05,896 - INFO - CaseID:2133 - 整体结果: PASS | 详情: 所有字段校验通过
2026-03-02 16:34:07,464 - INFO - CaseID:2134 - QUERY字段：基础语义模糊匹配通过
2026-03-02 16:34:07,464 - INFO - CaseID:2134 - 整体结果: PASS | 详情: 所有字段校验通过
2026-03-02 16:34:08,608 - INFO - CaseID:2135 - QUERY字段：基础语义模糊匹配通过
2026-03-02 16:34:08,609 - INFO - CaseID:2135 - 整体结果: PASS | 详情: 所有字段校验通过
2026-03-02 16:34:11,062 - INFO - CaseID:2136 - QUERY字段：基础语义模糊匹配通过
2026-03-02 16:34:11,065 - INFO - CaseID:2136 - 整体结果: PASS | 详情: 所有字段校验通过
2026-03-02 16:34:14,067 - INFO - CaseID:2137 - 整体结果: FAILED | 详情: QUERY不匹配：语义和visual_search链路意图均不一致 - 预期[当前摄像头画面中有什么物体或场景？]，实际[放这个的目的是什么]
2026-03-02 16:34:15,295 - INFO - CaseID:2138 - QUERY字段：基础语义模糊匹配通过
2026-03-02 16:34:15,296 - INFO - CaseID:2138 - 整体结果: PASS | 详情: 所有字段校验通过
2026-03-02 16:34:17,309 - INFO - CaseID:2139 - QUERY字段：基础语义模糊匹配通过
2026-03-02 16:34:17,310 - INFO - CaseID:2139 - 整体结果: PASS | 详情: 所有字段校验通过
2026-03-02 16:34:18,441 - INFO - CaseID:2140 - QUERY字段：基础语义模糊匹配通过
2026-03-02 16:34:18,441 - INFO - CaseID:2140 - 整体结果: PASS | 详情: 所有字段校验通过
2026-03-02 16:34:18,441 - INFO - CaseID:2141 - QUERY字段：基础语义模糊匹配通过
2026-03-02 16:34:18,442 - INFO - CaseID:2141 - 整体结果: PASS | 详情: 所有字段校验通过
2026-03-02 16:34:19,588 - INFO - CaseID:2142 - QUERY字段：基础语义模糊匹配通过
2026-03-02 16:34:19,588 - INFO - CaseID:2142 - 整体结果: PASS | 详情: 所有字段校验通过
2026-03-02 16:34:22,258 - INFO - CaseID:2143 - 整体结果: FAILED | 详情: QUERY不匹配：语义和visual_search链路意图均不一致 - 预期[看着这幅画想出一个下联]，实际[这幅画的主题或内容是什么？]
2026-03-02 16:34:24,155 - INFO - CaseID:2144 - QUERY字段：基础语义模糊匹配通过
2026-03-02 16:34:24,155 - INFO - CaseID:2144 - 整体结果: PASS | 详情: 所有字段校验通过
2026-03-02 16:34:26,969 - INFO - CaseID:2145 - QUERY字段：语义匹配失败，但visual_search链路意图匹配通过
2026-03-02 16:34:26,969 - INFO - CaseID:2145 - 整体结果: PASS | 详情: 所有字段校验通过
2026-03-02 16:34:28,119 - INFO - CaseID:2146 - QUERY字段：基础语义模糊匹配通过
2026-03-02 16:34:28,119 - INFO - CaseID:2146 - 整体结果: PASS | 详情: 所有字段校验通过
2026-03-02 16:34:31,885 - INFO - CaseID:2147 - QUERY字段：语义匹配失败，但visual_search链路意图匹配通过
2026-03-02 16:34:31,886 - INFO - CaseID:2147 - 整体结果: PASS | 详情: 所有字段校验通过
2026-03-02 16:34:32,964 - INFO - CaseID:2148 - QUERY字段：基础语义模糊匹配通过
2026-03-02 16:34:32,964 - INFO - CaseID:2148 - 整体结果: PASS | 详情: 所有字段校验通过
2026-03-02 16:34:34,753 - INFO - CaseID:2149 - QUERY字段：基础语义模糊匹配通过
2026-03-02 16:34:34,753 - INFO - CaseID:2149 - 整体结果: PASS | 详情: 所有字段校验通过
2026-03-02 16:34:35,968 - INFO - CaseID:2150 - QUERY字段：基础语义模糊匹配通过
2026-03-02 16:34:35,978 - INFO - CaseID:2150 - 整体结果: PASS | 详情: 所有字段校验通过
2026-03-02 16:34:37,880 - INFO - CaseID:2151 - QUERY字段：基础语义模糊匹配通过
2026-03-02 16:34:37,881 - INFO - CaseID:2151 - 整体结果: PASS | 详情: 所有字段校验通过
2026-03-02 16:34:39,668 - INFO - CaseID:2152 - QUERY字段：基础语义模糊匹配通过
2026-03-02 16:34:39,669 - INFO - CaseID:2152 - 整体结果: PASS | 详情: 所有字段校验通过
2026-03-02 16:34:41,296 - INFO - CaseID:2153 - QUERY字段：基础语义模糊匹配通过
2026-03-02 16:34:41,296 - INFO - CaseID:2153 - 整体结果: PASS | 详情: 所有字段校验通过
2026-03-02 16:34:45,253 - INFO - CaseID:2154 - QUERY字段：语义匹配失败，但visual_search链路意图匹配通过
2026-03-02 16:34:45,253 - INFO - CaseID:2154 - 整体结果: PASS | 详情: 所有字段校验通过
2026-03-02 16:34:47,593 - INFO - CaseID:2155 - QUERY字段：基础语义模糊匹配通过
2026-03-02 16:34:47,594 - INFO - CaseID:2155 - 整体结果: PASS | 详情: 所有字段校验通过
2026-03-02 16:34:48,883 - INFO - CaseID:2156 - QUERY字段：基础语义模糊匹配通过
2026-03-02 16:34:48,884 - INFO - CaseID:2156 - 整体结果: PASS | 详情: 所有字段校验通过
2026-03-02 16:34:51,360 - INFO - CaseID:2157 - 整体结果: FAILED | 详情: QUERY不匹配：语义和visual_search链路意图均不一致 - 预期[识别当前摄像头画面中的主体对象]，实际[这个的起源是什么]
2026-03-02 16:34:54,114 - INFO - CaseID:2158 - QUERY字段：语义匹配失败，但visual_search链路意图匹配通过
2026-03-02 16:34:54,115 - INFO - CaseID:2158 - 整体结果: PASS | 详情: 所有字段校验通过
2026-03-02 16:34:55,369 - INFO - CaseID:2159 - QUERY字段：基础语义模糊匹配通过
2026-03-02 16:34:55,370 - INFO - CaseID:2159 - 整体结果: PASS | 详情: 所有字段校验通过
2026-03-02 16:34:58,896 - INFO - CaseID:2160 - QUERY字段：语义匹配失败，但visual_search链路意图匹配通过
2026-03-02 16:34:58,896 - INFO - CaseID:2160 - 整体结果: PASS | 详情: 所有字段校验通过
2026-03-02 16:35:01,139 - INFO - CaseID:2161 - QUERY字段：基础语义模糊匹配通过
2026-03-02 16:35:01,140 - INFO - CaseID:2161 - 整体结果: PASS | 详情: 所有字段校验通过
2026-03-02 16:35:02,286 - INFO - CaseID:2162 - QUERY字段：基础语义模糊匹配通过
2026-03-02 16:35:02,287 - INFO - CaseID:2162 - 整体结果: PASS | 详情: 所有字段校验通过
2026-03-02 16:35:06,399 - INFO - CaseID:2163 - QUERY字段：语义匹配失败，但visual_search链路意图匹配通过
2026-03-02 16:35:06,400 - INFO - CaseID:2163 - 整体结果: PASS | 详情: 所有字段校验通过
2026-03-02 16:35:08,167 - INFO - CaseID:2164 - QUERY字段：基础语义模糊匹配通过
2026-03-02 16:35:08,168 - INFO - CaseID:2164 - 整体结果: PASS | 详情: 所有字段校验通过
2026-03-02 16:35:09,804 - INFO - CaseID:2165 - QUERY字段：基础语义模糊匹配通过
2026-03-02 16:35:09,805 - INFO - CaseID:2165 - 整体结果: PASS | 详情: 所有字段校验通过
2026-03-02 16:35:11,156 - INFO - CaseID:2166 - QUERY字段：基础语义模糊匹配通过
2026-03-02 16:35:11,156 - INFO - CaseID:2166 - 整体结果: PASS | 详情: 所有字段校验通过
2026-03-02 16:35:15,050 - INFO - CaseID:2167 - QUERY字段：语义匹配失败，但visual_search链路意图匹配通过
2026-03-02 16:35:15,050 - INFO - CaseID:2167 - 整体结果: PASS | 详情: 所有字段校验通过
2026-03-02 16:35:19,571 - INFO - CaseID:2168 - QUERY字段：语义匹配失败，但visual_search链路意图匹配通过
2026-03-02 16:35:19,572 - INFO - CaseID:2168 - 整体结果: PASS | 详情: 所有字段校验通过
2026-03-02 16:35:20,643 - INFO - CaseID:2169 - QUERY字段：基础语义模糊匹配通过
2026-03-02 16:35:20,643 - INFO - CaseID:2169 - 整体结果: PASS | 详情: 所有字段校验通过
2026-03-02 16:35:22,061 - INFO - CaseID:2170 - QUERY字段：基础语义模糊匹配通过
2026-03-02 16:35:22,061 - INFO - CaseID:2170 - 整体结果: PASS | 详情: 所有字段校验通过
2026-03-02 16:35:23,262 - INFO - CaseID:2171 - QUERY字段：基础语义模糊匹配通过
2026-03-02 16:35:23,263 - INFO - CaseID:2171 - 整体结果: PASS | 详情: 所有字段校验通过
2026-03-02 16:35:24,938 - INFO - CaseID:2172 - QUERY字段：基础语义模糊匹配通过
2026-03-02 16:35:24,939 - INFO - CaseID:2172 - 整体结果: PASS | 详情: 所有字段校验通过
2026-03-02 16:35:26,377 - INFO - CaseID:2173 - QUERY字段：基础语义模糊匹配通过
2026-03-02 16:35:26,377 - INFO - CaseID:2173 - 整体结果: PASS | 详情: 所有字段校验通过
2026-03-02 16:35:26,378 - INFO - CaseID:2174 - QUERY字段：基础语义模糊匹配通过
2026-03-02 16:35:26,378 - INFO - CaseID:2174 - 整体结果: PASS | 详情: 所有字段校验通过
2026-03-02 16:35:27,791 - INFO - CaseID:2175 - QUERY字段：基础语义模糊匹配通过
2026-03-02 16:35:27,791 - INFO - CaseID:2175 - 整体结果: PASS | 详情: 所有字段校验通过
2026-03-02 16:35:29,434 - INFO - CaseID:2176 - QUERY字段：基础语义模糊匹配通过
2026-03-02 16:35:29,435 - INFO - CaseID:2176 - 整体结果: PASS | 详情: 所有字段校验通过
2026-03-02 16:35:33,230 - INFO - CaseID:2177 - QUERY字段：语义匹配失败，但visual_search链路意图匹配通过
2026-03-02 16:35:33,231 - INFO - CaseID:2177 - 整体结果: PASS | 详情: 所有字段校验通过
2026-03-02 16:35:33,231 - INFO - CaseID:2178 - QUERY字段：基础语义模糊匹配通过
2026-03-02 16:35:33,231 - INFO - CaseID:2178 - 整体结果: PASS | 详情: 所有字段校验通过
2026-03-02 16:35:35,815 - INFO - CaseID:2179 - QUERY字段：语义匹配失败，但visual_search链路意图匹配通过
2026-03-02 16:35:35,815 - INFO - CaseID:2179 - 整体结果: PASS | 详情: 所有字段校验通过
2026-03-02 16:35:37,458 - INFO - CaseID:2180 - QUERY字段：基础语义模糊匹配通过
2026-03-02 16:35:37,458 - INFO - CaseID:2180 - 整体结果: PASS | 详情: 所有字段校验通过
2026-03-02 16:35:38,650 - INFO - CaseID:2181 - QUERY字段：基础语义模糊匹配通过
2026-03-02 16:35:38,650 - INFO - CaseID:2181 - 整体结果: PASS | 详情: 所有字段校验通过
2026-03-02 16:35:42,261 - INFO - CaseID:2182 - QUERY字段：语义匹配失败，但visual_search链路意图匹配通过
2026-03-02 16:35:42,262 - INFO - CaseID:2182 - 整体结果: PASS | 详情: 所有字段校验通过
2026-03-02 16:35:44,403 - INFO - CaseID:2183 - QUERY字段：基础语义模糊匹配通过
2026-03-02 16:35:44,403 - INFO - CaseID:2183 - 整体结果: PASS | 详情: 所有字段校验通过
2026-03-02 16:35:45,800 - INFO - CaseID:2184 - QUERY字段：基础语义模糊匹配通过
2026-03-02 16:35:45,801 - INFO - CaseID:2184 - 整体结果: PASS | 详情: 所有字段校验通过
2026-03-02 16:35:45,801 - INFO - CaseID:2185 - QUERY字段：基础语义模糊匹配通过
2026-03-02 16:35:45,801 - INFO - CaseID:2185 - 整体结果: PASS | 详情: 所有字段校验通过
2026-03-02 16:35:45,801 - INFO - CaseID:2186 - QUERY字段：语义匹配失败，但visual_search链路意图匹配通过
2026-03-02 16:35:45,802 - INFO - CaseID:2186 - 整体结果: PASS | 详情: 所有字段校验通过
2026-03-02 16:35:47,088 - INFO - CaseID:2187 - QUERY字段：基础语义模糊匹配通过
2026-03-02 16:35:47,088 - INFO - CaseID:2187 - 整体结果: PASS | 详情: 所有字段校验通过
2026-03-02 16:35:47,088 - INFO - CaseID:2188 - QUERY字段：基础语义模糊匹配通过
2026-03-02 16:35:47,089 - INFO - CaseID:2188 - 整体结果: PASS | 详情: 所有字段校验通过
2026-03-02 16:35:49,892 - INFO - CaseID:2189 - QUERY字段：语义匹配失败，但visual_search链路意图匹配通过
2026-03-02 16:35:49,893 - INFO - CaseID:2189 - 整体结果: PASS | 详情: 所有字段校验通过
2026-03-02 16:35:51,281 - INFO - CaseID:2190 - QUERY字段：基础语义模糊匹配通过
2026-03-02 16:35:51,281 - INFO - CaseID:2190 - 整体结果: PASS | 详情: 所有字段校验通过
2026-03-02 16:35:52,396 - INFO - CaseID:2191 - QUERY字段：基础语义模糊匹配通过
2026-03-02 16:35:52,397 - INFO - CaseID:2191 - 整体结果: PASS | 详情: 所有字段校验通过
2026-03-02 16:35:54,551 - INFO - CaseID:2192 - QUERY字段：基础语义模糊匹配通过
2026-03-02 16:35:54,552 - INFO - CaseID:2192 - 整体结果: PASS | 详情: 所有字段校验通过
2026-03-02 16:35:54,552 - INFO - CaseID:2193 - QUERY字段：基础语义模糊匹配通过
2026-03-02 16:35:54,552 - INFO - CaseID:2193 - 整体结果: PASS | 详情: 所有字段校验通过
2026-03-02 16:35:55,754 - INFO - CaseID:2194 - QUERY字段：基础语义模糊匹配通过
2026-03-02 16:35:55,754 - INFO - CaseID:2194 - 整体结果: PASS | 详情: 所有字段校验通过
2026-03-02 16:35:57,356 - INFO - CaseID:2195 - QUERY字段：基础语义模糊匹配通过
2026-03-02 16:35:57,357 - INFO - CaseID:2195 - 整体结果: PASS | 详情: 所有字段校验通过
2026-03-02 16:35:58,944 - INFO - CaseID:2196 - QUERY字段：基础语义模糊匹配通过
2026-03-02 16:35:58,945 - INFO - CaseID:2196 - 整体结果: PASS | 详情: 所有字段校验通过
2026-03-02 16:35:58,945 - INFO - CaseID:2197 - QUERY字段：基础语义模糊匹配通过
2026-03-02 16:35:58,946 - INFO - CaseID:2197 - 整体结果: PASS | 详情: 所有字段校验通过
2026-03-02 16:36:00,124 - INFO - CaseID:2198 - QUERY字段：基础语义模糊匹配通过
2026-03-02 16:36:00,125 - INFO - CaseID:2198 - 整体结果: PASS | 详情: 所有字段校验通过
2026-03-02 16:36:00,126 - INFO - CaseID:2199 - QUERY字段：基础语义模糊匹配通过
2026-03-02 16:36:00,126 - INFO - CaseID:2199 - 整体结果: PASS | 详情: 所有字段校验通过
2026-03-02 16:36:01,507 - INFO - CaseID:2200 - QUERY字段：基础语义模糊匹配通过
2026-03-02 16:36:01,508 - INFO - CaseID:2200 - 整体结果: PASS | 详情: 所有字段校验通过
2026-03-02 16:36:05,537 - INFO - CaseID:2201 - QUERY字段：语义匹配失败，但visual_search链路意图匹配通过
2026-03-02 16:36:05,539 - INFO - CaseID:2201 - 整体结果: PASS | 详情: 所有字段校验通过
2026-03-02 16:36:06,912 - INFO - CaseID:2202 - QUERY字段：基础语义模糊匹配通过
2026-03-02 16:36:06,913 - INFO - CaseID:2202 - 整体结果: PASS | 详情: 所有字段校验通过
2026-03-02 16:36:08,989 - INFO - CaseID:2203 - QUERY字段：基础语义模糊匹配通过
2026-03-02 16:36:08,989 - INFO - CaseID:2203 - 整体结果: PASS | 详情: 所有字段校验通过
2026-03-02 16:36:11,234 - INFO - CaseID:2204 - 整体结果: FAILED | 详情: QUERY不匹配：语义和visual_search链路意图均不一致 - 预期[我这个写的怎样]，实际[请展示当前需要评价的文本或内容]
2026-03-02 16:36:13,805 - INFO - CaseID:2205 - QUERY字段：语义匹配失败，但visual_search链路意图匹配通过
2026-03-02 16:36:13,805 - INFO - CaseID:2205 - 整体结果: PASS | 详情: 所有字段校验通过
2026-03-02 16:36:14,994 - INFO - CaseID:2206 - QUERY字段：基础语义模糊匹配通过
2026-03-02 16:36:14,994 - INFO - CaseID:2206 - 整体结果: PASS | 详情: 所有字段校验通过
2026-03-02 16:36:16,145 - INFO - CaseID:2207 - QUERY字段：基础语义模糊匹配通过
2026-03-02 16:36:16,145 - INFO - CaseID:2207 - 整体结果: PASS | 详情: 所有字段校验通过
2026-03-02 16:36:19,296 - INFO - CaseID:2208 - QUERY字段：语义匹配失败，但visual_search链路意图匹配通过
2026-03-02 16:36:19,298 - INFO - CaseID:2208 - 整体结果: PASS | 详情: 所有字段校验通过
2026-03-02 16:36:20,474 - INFO - CaseID:2209 - QUERY字段：基础语义模糊匹配通过
2026-03-02 16:36:20,475 - INFO - CaseID:2209 - 整体结果: PASS | 详情: 所有字段校验通过
2026-03-02 16:36:22,067 - INFO - CaseID:2210 - QUERY字段：基础语义模糊匹配通过
2026-03-02 16:36:22,067 - INFO - CaseID:2210 - 整体结果: PASS | 详情: 所有字段校验通过
2026-03-02 16:36:23,504 - INFO - CaseID:2211 - QUERY字段：基础语义模糊匹配通过
2026-03-02 16:36:23,505 - INFO - CaseID:2211 - 整体结果: PASS | 详情: 所有字段校验通过
2026-03-02 16:36:25,284 - INFO - CaseID:2212 - QUERY字段：基础语义模糊匹配通过
2026-03-02 16:36:25,284 - INFO - CaseID:2212 - 整体结果: PASS | 详情: 所有字段校验通过
2026-03-02 16:36:30,329 - INFO - CaseID:2213 - QUERY字段：语义匹配失败，但visual_search链路意图匹配通过
2026-03-02 16:36:30,331 - INFO - CaseID:2213 - 整体结果: PASS | 详情: 所有字段校验通过
2026-03-02 16:36:31,592 - INFO - CaseID:2214 - QUERY字段：基础语义模糊匹配通过
2026-03-02 16:36:31,592 - INFO - CaseID:2214 - 整体结果: PASS | 详情: 所有字段校验通过
2026-03-02 16:36:33,158 - INFO - CaseID:2215 - QUERY字段：基础语义模糊匹配通过
2026-03-02 16:36:33,158 - INFO - CaseID:2215 - 整体结果: PASS | 详情: 所有字段校验通过
2026-03-02 16:36:35,094 - INFO - CaseID:2216 - QUERY字段：基础语义模糊匹配通过
2026-03-02 16:36:35,094 - INFO - CaseID:2216 - 整体结果: PASS | 详情: 所有字段校验通过
2026-03-02 16:36:36,127 - INFO - CaseID:2217 - QUERY字段：基础语义模糊匹配通过
2026-03-02 16:36:36,127 - INFO - CaseID:2217 - 整体结果: PASS | 详情: 所有字段校验通过
2026-03-02 16:36:38,013 - INFO - CaseID:2218 - QUERY字段：基础语义模糊匹配通过
2026-03-02 16:36:38,013 - INFO - CaseID:2218 - 整体结果: PASS | 详情: 所有字段校验通过
2026-03-02 16:36:40,786 - INFO - CaseID:2219 - QUERY字段：语义匹配失败，但visual_search链路意图匹配通过
2026-03-02 16:36:40,787 - INFO - CaseID:2219 - 整体结果: PASS | 详情: 所有字段校验通过
2026-03-02 16:36:42,032 - INFO - CaseID:2220 - QUERY字段：基础语义模糊匹配通过
2026-03-02 16:36:42,033 - INFO - CaseID:2220 - 整体结果: PASS | 详情: 所有字段校验通过
2026-03-02 16:36:43,264 - INFO - CaseID:2221 - QUERY字段：基础语义模糊匹配通过
2026-03-02 16:36:43,264 - INFO - CaseID:2221 - 整体结果: PASS | 详情: 所有字段校验通过
2026-03-02 16:36:43,265 - INFO - CaseID:2222 - QUERY字段：基础语义模糊匹配通过
2026-03-02 16:36:43,265 - INFO - CaseID:2222 - 整体结果: PASS | 详情: 所有字段校验通过
2026-03-02 16:36:44,764 - INFO - CaseID:2223 - QUERY字段：基础语义模糊匹配通过
2026-03-02 16:36:44,765 - INFO - CaseID:2223 - 整体结果: PASS | 详情: 所有字段校验通过
2026-03-02 16:36:47,886 - INFO - CaseID:2224 - QUERY字段：语义匹配失败，但visual_search链路意图匹配通过
2026-03-02 16:36:47,887 - INFO - CaseID:2224 - 整体结果: PASS | 详情: 所有字段校验通过
2026-03-02 16:36:47,887 - INFO - CaseID:2225 - QUERY字段：基础语义模糊匹配通过
2026-03-02 16:36:47,887 - INFO - CaseID:2225 - 整体结果: PASS | 详情: 所有字段校验通过
2026-03-02 16:36:49,065 - INFO - CaseID:2226 - QUERY字段：基础语义模糊匹配通过
2026-03-02 16:36:49,065 - INFO - CaseID:2226 - 整体结果: PASS | 详情: 所有字段校验通过
2026-03-02 16:36:50,369 - INFO - CaseID:2227 - QUERY字段：基础语义模糊匹配通过
2026-03-02 16:36:50,370 - INFO - CaseID:2227 - 整体结果: PASS | 详情: 所有字段校验通过
2026-03-02 16:36:53,153 - INFO - CaseID:2228 - QUERY字段：语义匹配失败，但visual_search链路意图匹配通过
2026-03-02 16:36:53,153 - INFO - CaseID:2228 - 整体结果: PASS | 详情: 所有字段校验通过
2026-03-02 16:36:53,154 - INFO - CaseID:2229 - QUERY字段：语义匹配失败，但visual_search链路意图匹配通过
2026-03-02 16:36:53,154 - INFO - CaseID:2229 - 整体结果: PASS | 详情: 所有字段校验通过
2026-03-02 16:36:54,634 - INFO - CaseID:2230 - QUERY字段：基础语义模糊匹配通过
2026-03-02 16:36:54,634 - INFO - CaseID:2230 - 整体结果: PASS | 详情: 所有字段校验通过
2026-03-02 16:36:56,742 - INFO - CaseID:2231 - QUERY字段：基础语义模糊匹配通过
2026-03-02 16:36:56,742 - INFO - CaseID:2231 - 整体结果: PASS | 详情: 所有字段校验通过
2026-03-02 16:36:59,846 - INFO - CaseID:2232 - QUERY字段：语义匹配失败，但visual_search链路意图匹配通过
2026-03-02 16:36:59,847 - INFO - CaseID:2232 - 整体结果: PASS | 详情: 所有字段校验通过
2026-03-02 16:37:01,139 - INFO - CaseID:2233 - QUERY字段：基础语义模糊匹配通过
2026-03-02 16:37:01,140 - INFO - CaseID:2233 - 整体结果: PASS | 详情: 所有字段校验通过
2026-03-02 16:37:02,448 - INFO - CaseID:2234 - QUERY字段：基础语义模糊匹配通过
2026-03-02 16:37:02,449 - INFO - CaseID:2234 - 整体结果: PASS | 详情: 所有字段校验通过
2026-03-02 16:37:05,467 - INFO - CaseID:2235 - QUERY字段：语义匹配失败，但visual_search链路意图匹配通过
2026-03-02 16:37:05,468 - INFO - CaseID:2235 - 整体结果: PASS | 详情: 所有字段校验通过
2026-03-02 16:37:06,606 - INFO - CaseID:2236 - QUERY字段：基础语义模糊匹配通过
2026-03-02 16:37:06,607 - INFO - CaseID:2236 - 整体结果: PASS | 详情: 所有字段校验通过
2026-03-02 16:37:09,762 - INFO - CaseID:2237 - QUERY字段：语义匹配失败，但visual_search链路意图匹配通过
2026-03-02 16:37:09,762 - INFO - CaseID:2237 - 整体结果: PASS | 详情: 所有字段校验通过
2026-03-02 16:37:11,433 - INFO - CaseID:2238 - QUERY字段：基础语义模糊匹配通过
2026-03-02 16:37:11,435 - INFO - CaseID:2238 - 整体结果: PASS | 详情: 所有字段校验通过
2026-03-02 16:37:13,948 - INFO - CaseID:2239 - QUERY字段：语义匹配失败，但visual_search链路意图匹配通过
2026-03-02 16:37:13,948 - INFO - CaseID:2239 - 整体结果: PASS | 详情: 所有字段校验通过
2026-03-02 16:37:16,422 - INFO - CaseID:2240 - QUERY字段：语义匹配失败，但visual_search链路意图匹配通过
2026-03-02 16:37:16,422 - INFO - CaseID:2240 - 整体结果: PASS | 详情: 所有字段校验通过
2026-03-02 16:37:19,052 - INFO - CaseID:2241 - QUERY字段：语义匹配失败，但visual_search链路意图匹配通过
2026-03-02 16:37:19,053 - INFO - CaseID:2241 - 整体结果: PASS | 详情: 所有字段校验通过
2026-03-02 16:37:21,460 - INFO - CaseID:2242 - QUERY字段：语义匹配失败，但visual_search链路意图匹配通过
2026-03-02 16:37:21,460 - INFO - CaseID:2242 - 整体结果: PASS | 详情: 所有字段校验通过
2026-03-02 16:37:24,063 - INFO - CaseID:2243 - QUERY字段：语义匹配失败，但visual_search链路意图匹配通过
2026-03-02 16:37:24,064 - INFO - CaseID:2243 - 整体结果: PASS | 详情: 所有字段校验通过
2026-03-02 16:37:25,156 - INFO - CaseID:2244 - QUERY字段：基础语义模糊匹配通过
2026-03-02 16:37:25,156 - INFO - CaseID:2244 - 整体结果: PASS | 详情: 所有字段校验通过
2026-03-02 16:37:26,735 - INFO - CaseID:2245 - QUERY字段：基础语义模糊匹配通过
2026-03-02 16:37:26,735 - INFO - CaseID:2245 - 整体结果: PASS | 详情: 所有字段校验通过
2026-03-02 16:37:28,018 - INFO - CaseID:2246 - QUERY字段：基础语义模糊匹配通过
2026-03-02 16:37:28,018 - INFO - CaseID:2246 - 整体结果: PASS | 详情: 所有字段校验通过
2026-03-02 16:37:31,020 - INFO - CaseID:2247 - QUERY字段：语义匹配失败，但visual_search链路意图匹配通过
2026-03-02 16:37:31,022 - INFO - CaseID:2247 - 整体结果: PASS | 详情: 所有字段校验通过
2026-03-02 16:37:32,524 - INFO - CaseID:2248 - QUERY字段：基础语义模糊匹配通过
2026-03-02 16:37:32,524 - INFO - CaseID:2248 - 整体结果: PASS | 详情: 所有字段校验通过
2026-03-02 16:37:35,037 - INFO - CaseID:2249 - QUERY字段：语义匹配失败，但visual_search链路意图匹配通过
2026-03-02 16:37:35,037 - INFO - CaseID:2249 - 整体结果: PASS | 详情: 所有字段校验通过
2026-03-02 16:37:35,038 - INFO - CaseID:2250 - QUERY字段：基础语义模糊匹配通过
2026-03-02 16:37:35,038 - INFO - CaseID:2250 - 整体结果: PASS | 详情: 所有字段校验通过
2026-03-02 16:37:37,024 - INFO - CaseID:2251 - QUERY字段：基础语义模糊匹配通过
2026-03-02 16:37:37,025 - INFO - CaseID:2251 - 整体结果: PASS | 详情: 所有字段校验通过
2026-03-02 16:37:38,196 - INFO - CaseID:2252 - QUERY字段：基础语义模糊匹配通过
2026-03-02 16:37:38,197 - INFO - CaseID:2252 - 整体结果: PASS | 详情: 所有字段校验通过
2026-03-02 16:37:39,688 - INFO - CaseID:2253 - QUERY字段：基础语义模糊匹配通过
2026-03-02 16:37:39,689 - INFO - CaseID:2253 - 整体结果: PASS | 详情: 所有字段校验通过
2026-03-02 16:37:41,269 - INFO - CaseID:2254 - QUERY字段：基础语义模糊匹配通过
2026-03-02 16:37:41,270 - INFO - CaseID:2254 - 整体结果: PASS | 详情: 所有字段校验通过
2026-03-02 16:37:43,910 - INFO - CaseID:2255 - QUERY字段：语义匹配失败，但visual_search链路意图匹配通过
2026-03-02 16:37:43,911 - INFO - CaseID:2255 - 整体结果: PASS | 详情: 所有字段校验通过
2026-03-02 16:37:43,911 - INFO - CaseID:2256 - QUERY字段：基础语义模糊匹配通过
2026-03-02 16:37:43,911 - INFO - CaseID:2256 - 整体结果: PASS | 详情: 所有字段校验通过
2026-03-02 16:37:46,703 - INFO - CaseID:2257 - QUERY字段：基础语义模糊匹配通过
2026-03-02 16:37:46,704 - INFO - CaseID:2257 - 整体结果: PASS | 详情: 所有字段校验通过
2026-03-02 16:37:48,882 - INFO - CaseID:2258 - QUERY字段：基础语义模糊匹配通过
2026-03-02 16:37:48,882 - INFO - CaseID:2258 - 整体结果: PASS | 详情: 所有字段校验通过
2026-03-02 16:37:50,673 - INFO - CaseID:2259 - QUERY字段：基础语义模糊匹配通过
2026-03-02 16:37:50,674 - INFO - CaseID:2259 - 整体结果: PASS | 详情: 所有字段校验通过
2026-03-02 16:37:53,197 - INFO - CaseID:2260 - QUERY字段：语义匹配失败，但visual_search链路意图匹配通过
2026-03-02 16:37:53,197 - INFO - CaseID:2260 - 整体结果: PASS | 详情: 所有字段校验通过
2026-03-02 16:37:54,716 - INFO - CaseID:2261 - QUERY字段：基础语义模糊匹配通过
2026-03-02 16:37:54,717 - INFO - CaseID:2261 - 整体结果: PASS | 详情: 所有字段校验通过
2026-03-02 16:37:56,265 - INFO - CaseID:2262 - QUERY字段：基础语义模糊匹配通过
2026-03-02 16:37:56,265 - INFO - CaseID:2262 - 整体结果: PASS | 详情: 所有字段校验通过
2026-03-02 16:37:56,266 - INFO - CaseID:2263 - QUERY字段：基础语义模糊匹配通过
2026-03-02 16:37:56,266 - INFO - CaseID:2263 - 整体结果: PASS | 详情: 所有字段校验通过
2026-03-02 16:37:57,995 - INFO - CaseID:2264 - QUERY字段：基础语义模糊匹配通过
2026-03-02 16:37:57,995 - INFO - CaseID:2264 - 整体结果: PASS | 详情: 所有字段校验通过
2026-03-02 16:38:00,343 - INFO - CaseID:2265 - QUERY字段：语义匹配失败，但visual_search链路意图匹配通过
2026-03-02 16:38:00,343 - INFO - CaseID:2265 - 整体结果: PASS | 详情: 所有字段校验通过
2026-03-02 16:38:01,615 - INFO - CaseID:2266 - QUERY字段：基础语义模糊匹配通过
2026-03-02 16:38:01,616 - INFO - CaseID:2266 - 整体结果: PASS | 详情: 所有字段校验通过
2026-03-02 16:38:03,957 - INFO - CaseID:2267 - QUERY字段：语义匹配失败，但visual_search链路意图匹配通过
2026-03-02 16:38:03,958 - INFO - CaseID:2267 - 整体结果: PASS | 详情: 所有字段校验通过
2026-03-02 16:38:08,167 - INFO - CaseID:2268 - 整体结果: FAILED | 详情: QUERY不匹配：语义和visual_search链路意图均不一致 - 预期[你喜欢他不]，实际[当前摄像头画面中是否有可识别的人物或对象？]
2026-03-02 16:38:10,002 - INFO - CaseID:2269 - QUERY字段：基础语义模糊匹配通过
2026-03-02 16:38:10,003 - INFO - CaseID:2269 - 整体结果: PASS | 详情: 所有字段校验通过
2026-03-02 16:38:12,345 - INFO - CaseID:2270 - QUERY字段：语义匹配失败，但visual_search链路意图匹配通过
2026-03-02 16:38:12,345 - INFO - CaseID:2270 - 整体结果: PASS | 详情: 所有字段校验通过
2026-03-02 16:38:12,345 - INFO - CaseID:2271 - QUERY字段：基础语义模糊匹配通过
2026-03-02 16:38:12,345 - INFO - CaseID:2271 - 整体结果: PASS | 详情: 所有字段校验通过
2026-03-02 16:38:14,613 - INFO - CaseID:2272 - QUERY字段：语义匹配失败，但visual_search链路意图匹配通过
2026-03-02 16:38:14,614 - INFO - CaseID:2272 - 整体结果: PASS | 详情: 所有字段校验通过
2026-03-02 16:38:16,029 - INFO - CaseID:2273 - QUERY字段：基础语义模糊匹配通过
2026-03-02 16:38:16,029 - INFO - CaseID:2273 - 整体结果: PASS | 详情: 所有字段校验通过
2026-03-02 16:38:19,051 - INFO - CaseID:2274 - QUERY字段：语义匹配失败，但visual_search链路意图匹配通过
2026-03-02 16:38:19,051 - INFO - CaseID:2274 - 整体结果: PASS | 详情: 所有字段校验通过
2026-03-02 16:38:20,835 - INFO - CaseID:2275 - QUERY字段：基础语义模糊匹配通过
2026-03-02 16:38:20,836 - INFO - CaseID:2275 - 整体结果: PASS | 详情: 所有字段校验通过
2026-03-02 16:38:20,837 - INFO - CaseID:2276 - QUERY字段：基础语义模糊匹配通过
2026-03-02 16:38:20,837 - INFO - CaseID:2276 - 整体结果: PASS | 详情: 所有字段校验通过
2026-03-02 16:38:22,050 - INFO - CaseID:2277 - QUERY字段：基础语义模糊匹配通过
2026-03-02 16:38:22,050 - INFO - CaseID:2277 - 整体结果: PASS | 详情: 所有字段校验通过
2026-03-02 16:38:23,229 - INFO - CaseID:2278 - QUERY字段：基础语义模糊匹配通过
2026-03-02 16:38:23,229 - INFO - CaseID:2278 - 整体结果: PASS | 详情: 所有字段校验通过
2026-03-02 16:38:24,368 - INFO - CaseID:2279 - QUERY字段：基础语义模糊匹配通过
2026-03-02 16:38:24,369 - INFO - CaseID:2279 - 整体结果: PASS | 详情: 所有字段校验通过
2026-03-02 16:38:27,681 - INFO - CaseID:2280 - QUERY字段：语义匹配失败，但visual_search链路意图匹配通过
2026-03-02 16:38:27,682 - INFO - CaseID:2280 - 整体结果: PASS | 详情: 所有字段校验通过
2026-03-02 16:38:30,589 - INFO - CaseID:2281 - QUERY字段：语义匹配失败，但visual_search链路意图匹配通过
2026-03-02 16:38:30,589 - INFO - CaseID:2281 - 整体结果: PASS | 详情: 所有字段校验通过
2026-03-02 16:38:30,589 - INFO - CaseID:2282 - QUERY字段：基础语义模糊匹配通过
2026-03-02 16:38:30,589 - INFO - CaseID:2282 - 整体结果: PASS | 详情: 所有字段校验通过
2026-03-02 16:38:31,886 - INFO - CaseID:2283 - QUERY字段：基础语义模糊匹配通过
2026-03-02 16:38:31,886 - INFO - CaseID:2283 - 整体结果: PASS | 详情: 所有字段校验通过
2026-03-02 16:38:31,887 - INFO - CaseID:2284 - QUERY字段：基础语义模糊匹配通过
2026-03-02 16:38:31,887 - INFO - CaseID:2284 - 整体结果: PASS | 详情: 所有字段校验通过
2026-03-02 16:38:34,503 - INFO - CaseID:2285 - QUERY字段：语义匹配失败，但visual_search链路意图匹配通过
2026-03-02 16:38:34,504 - INFO - CaseID:2285 - 整体结果: PASS | 详情: 所有字段校验通过
2026-03-02 16:38:36,085 - INFO - CaseID:2286 - QUERY字段：基础语义模糊匹配通过
2026-03-02 16:38:36,085 - INFO - CaseID:2286 - 整体结果: PASS | 详情: 所有字段校验通过
2026-03-02 16:38:38,234 - INFO - CaseID:2287 - QUERY字段：基础语义模糊匹配通过
2026-03-02 16:38:38,234 - INFO - CaseID:2287 - 整体结果: PASS | 详情: 所有字段校验通过
2026-03-02 16:38:40,103 - INFO - CaseID:2288 - QUERY字段：基础语义模糊匹配通过
2026-03-02 16:38:40,104 - INFO - CaseID:2288 - 整体结果: PASS | 详情: 所有字段校验通过
2026-03-02 16:38:41,356 - INFO - CaseID:2289 - QUERY字段：基础语义模糊匹配通过
2026-03-02 16:38:41,357 - INFO - CaseID:2289 - 整体结果: PASS | 详情: 所有字段校验通过
2026-03-02 16:38:44,380 - INFO - CaseID:2290 - QUERY字段：语义匹配失败，但visual_search链路意图匹配通过
2026-03-02 16:38:44,381 - INFO - CaseID:2290 - 整体结果: PASS | 详情: 所有字段校验通过
2026-03-02 16:38:45,812 - INFO - CaseID:2291 - QUERY字段：基础语义模糊匹配通过
2026-03-02 16:38:45,812 - INFO - CaseID:2291 - 整体结果: PASS | 详情: 所有字段校验通过
2026-03-02 16:38:48,629 - INFO - CaseID:2292 - QUERY字段：语义匹配失败，但visual_search链路意图匹配通过
2026-03-02 16:38:48,630 - INFO - CaseID:2292 - 整体结果: PASS | 详情: 所有字段校验通过
2026-03-02 16:38:50,408 - INFO - CaseID:2293 - QUERY字段：基础语义模糊匹配通过
2026-03-02 16:38:50,408 - INFO - CaseID:2293 - 整体结果: PASS | 详情: 所有字段校验通过
2026-03-02 16:38:51,599 - INFO - CaseID:2294 - QUERY字段：基础语义模糊匹配通过
2026-03-02 16:38:51,600 - INFO - CaseID:2294 - 整体结果: PASS | 详情: 所有字段校验通过
2026-03-02 16:38:54,208 - INFO - CaseID:2295 - QUERY字段：语义匹配失败，但visual_search链路意图匹配通过
2026-03-02 16:38:54,209 - INFO - CaseID:2295 - 整体结果: PASS | 详情: 所有字段校验通过
2026-03-02 16:38:55,506 - INFO - CaseID:2296 - QUERY字段：基础语义模糊匹配通过
2026-03-02 16:38:55,507 - INFO - CaseID:2296 - 整体结果: PASS | 详情: 所有字段校验通过
2026-03-02 16:38:57,020 - INFO - CaseID:2297 - QUERY字段：基础语义模糊匹配通过
2026-03-02 16:38:57,020 - INFO - CaseID:2297 - 整体结果: PASS | 详情: 所有字段校验通过
2026-03-02 16:38:58,897 - INFO - CaseID:2298 - QUERY字段：基础语义模糊匹配通过
2026-03-02 16:38:58,897 - INFO - CaseID:2298 - 整体结果: PASS | 详情: 所有字段校验通过
2026-03-02 16:39:00,763 - INFO - CaseID:2299 - QUERY字段：基础语义模糊匹配通过
2026-03-02 16:39:00,764 - INFO - CaseID:2299 - 整体结果: PASS | 详情: 所有字段校验通过
2026-03-02 16:39:00,764 - INFO - CaseID:2300 - QUERY字段：基础语义模糊匹配通过
2026-03-02 16:39:00,764 - INFO - CaseID:2300 - 整体结果: PASS | 详情: 所有字段校验通过
2026-03-02 16:39:03,364 - INFO - CaseID:2301 - QUERY字段：语义匹配失败，但visual_search链路意图匹配通过
2026-03-02 16:39:03,364 - INFO - CaseID:2301 - 整体结果: PASS | 详情: 所有字段校验通过
2026-03-02 16:39:03,365 - INFO - CaseID:2302 - QUERY字段：基础语义模糊匹配通过
2026-03-02 16:39:03,365 - INFO - CaseID:2302 - 整体结果: PASS | 详情: 所有字段校验通过
2026-03-02 16:39:06,355 - INFO - CaseID:2303 - 整体结果: FAILED | 详情: QUERY不匹配：语义和visual_search链路意图均不一致 - 预期[识别当前摄像头画面中的人物]，实际[介绍一下这个人]
2026-03-02 16:39:07,929 - INFO - CaseID:2304 - QUERY字段：基础语义模糊匹配通过
2026-03-02 16:39:07,929 - INFO - CaseID:2304 - 整体结果: PASS | 详情: 所有字段校验通过
2026-03-02 16:39:07,930 - INFO - CaseID:2305 - QUERY字段：基础语义模糊匹配通过
2026-03-02 16:39:07,930 - INFO - CaseID:2305 - 整体结果: PASS | 详情: 所有字段校验通过
2026-03-02 16:39:07,930 - INFO - CaseID:2306 - QUERY字段：基础语义模糊匹配通过
2026-03-02 16:39:07,930 - INFO - CaseID:2306 - 整体结果: PASS | 详情: 所有字段校验通过
2026-03-02 16:39:11,614 - INFO - CaseID:2307 - QUERY字段：语义匹配失败，但visual_search链路意图匹配通过
2026-03-02 16:39:11,615 - INFO - CaseID:2307 - 整体结果: PASS | 详情: 所有字段校验通过
2026-03-02 16:39:11,615 - INFO - CaseID:2308 - QUERY字段：基础语义模糊匹配通过
2026-03-02 16:39:11,615 - INFO - CaseID:2308 - 整体结果: PASS | 详情: 所有字段校验通过
2026-03-02 16:39:11,615 - INFO - CaseID:2309 - QUERY字段：基础语义模糊匹配通过
2026-03-02 16:39:11,615 - INFO - CaseID:2309 - 整体结果: PASS | 详情: 所有字段校验通过
2026-03-02 16:39:12,925 - INFO - CaseID:2310 - QUERY字段：基础语义模糊匹配通过
2026-03-02 16:39:12,926 - INFO - CaseID:2310 - 整体结果: PASS | 详情: 所有字段校验通过
2026-03-02 16:39:14,378 - INFO - CaseID:2311 - QUERY字段：基础语义模糊匹配通过
2026-03-02 16:39:14,378 - INFO - CaseID:2311 - 整体结果: PASS | 详情: 所有字段校验通过
2026-03-02 16:39:15,474 - INFO - CaseID:2312 - QUERY字段：基础语义模糊匹配通过
2026-03-02 16:39:15,474 - INFO - CaseID:2312 - 整体结果: PASS | 详情: 所有字段校验通过
2026-03-02 16:39:16,596 - INFO - CaseID:2313 - QUERY字段：基础语义模糊匹配通过
2026-03-02 16:39:16,596 - INFO - CaseID:2313 - 整体结果: PASS | 详情: 所有字段校验通过
2026-03-02 16:39:19,891 - INFO - CaseID:2314 - 整体结果: FAILED | 详情: QUERY不匹配：语义和visual_search链路意图均不一致 - 预期[我挺佩服他的]，实际[当前摄像头捕捉到的内容是什么？]
2026-03-02 16:39:21,449 - INFO - CaseID:2315 - QUERY字段：基础语义模糊匹配通过
2026-03-02 16:39:21,449 - INFO - CaseID:2315 - 整体结果: PASS | 详情: 所有字段校验通过
2026-03-02 16:39:21,449 - INFO - CaseID:2316 - QUERY字段：基础语义模糊匹配通过
2026-03-02 16:39:21,449 - INFO - CaseID:2316 - 整体结果: PASS | 详情: 所有字段校验通过
2026-03-02 16:39:22,673 - INFO - CaseID:2317 - QUERY字段：基础语义模糊匹配通过
2026-03-02 16:39:22,673 - INFO - CaseID:2317 - 整体结果: PASS | 详情: 所有字段校验通过
2026-03-02 16:39:28,336 - INFO - CaseID:2318 - QUERY字段：语义匹配失败，但visual_search链路意图匹配通过
2026-03-02 16:39:28,336 - INFO - CaseID:2318 - 整体结果: PASS | 详情: 所有字段校验通过
2026-03-02 16:39:28,337 - INFO - CaseID:2319 - QUERY字段：基础语义模糊匹配通过
2026-03-02 16:39:28,337 - INFO - CaseID:2319 - 整体结果: PASS | 详情: 所有字段校验通过
2026-03-02 16:39:29,485 - INFO - CaseID:2320 - QUERY字段：基础语义模糊匹配通过
2026-03-02 16:39:29,486 - INFO - CaseID:2320 - 整体结果: PASS | 详情: 所有字段校验通过
2026-03-02 16:39:29,486 - INFO - CaseID:2321 - QUERY字段：基础语义模糊匹配通过
2026-03-02 16:39:29,486 - INFO - CaseID:2321 - 整体结果: PASS | 详情: 所有字段校验通过
2026-03-02 16:39:32,710 - INFO - CaseID:2322 - QUERY字段：语义匹配失败，但visual_search链路意图匹配通过
2026-03-02 16:39:32,710 - INFO - CaseID:2322 - 整体结果: PASS | 详情: 所有字段校验通过
2026-03-02 16:39:35,168 - INFO - CaseID:2323 - QUERY字段：语义匹配失败，但visual_search链路意图匹配通过
2026-03-02 16:39:35,168 - INFO - CaseID:2323 - 整体结果: PASS | 详情: 所有字段校验通过
2026-03-02 16:39:38,027 - INFO - CaseID:2324 - QUERY字段：语义匹配失败，但visual_search链路意图匹配通过
2026-03-02 16:39:38,027 - INFO - CaseID:2324 - 整体结果: PASS | 详情: 所有字段校验通过
2026-03-02 16:39:38,028 - INFO - CaseID:2325 - QUERY字段：基础语义模糊匹配通过
2026-03-02 16:39:38,028 - INFO - CaseID:2325 - 整体结果: PASS | 详情: 所有字段校验通过
2026-03-02 16:39:41,079 - INFO - CaseID:2326 - QUERY字段：语义匹配失败，但visual_search链路意图匹配通过
2026-03-02 16:39:41,080 - INFO - CaseID:2326 - 整体结果: PASS | 详情: 所有字段校验通过
2026-03-02 16:39:42,227 - INFO - CaseID:2327 - QUERY字段：基础语义模糊匹配通过
2026-03-02 16:39:42,227 - INFO - CaseID:2327 - 整体结果: PASS | 详情: 所有字段校验通过
2026-03-02 16:39:44,860 - INFO - CaseID:2328 - QUERY字段：语义匹配失败，但visual_search链路意图匹配通过
2026-03-02 16:39:44,861 - INFO - CaseID:2328 - 整体结果: PASS | 详情: 所有字段校验通过
2026-03-02 16:39:47,247 - INFO - CaseID:2329 - QUERY字段：基础语义模糊匹配通过
2026-03-02 16:39:47,247 - INFO - CaseID:2329 - 整体结果: PASS | 详情: 所有字段校验通过
2026-03-02 16:39:48,906 - INFO - CaseID:2330 - QUERY字段：基础语义模糊匹配通过
2026-03-02 16:39:48,906 - INFO - CaseID:2330 - 整体结果: PASS | 详情: 所有字段校验通过
2026-03-02 16:39:51,947 - INFO - CaseID:2331 - QUERY字段：语义匹配失败，但visual_search链路意图匹配通过
2026-03-02 16:39:51,947 - INFO - CaseID:2331 - 整体结果: PASS | 详情: 所有字段校验通过
2026-03-02 16:39:53,066 - INFO - CaseID:2332 - QUERY字段：基础语义模糊匹配通过
2026-03-02 16:39:53,067 - INFO - CaseID:2332 - 整体结果: PASS | 详情: 所有字段校验通过
2026-03-02 16:39:54,584 - INFO - CaseID:2333 - QUERY字段：基础语义模糊匹配通过
2026-03-02 16:39:54,585 - INFO - CaseID:2333 - 整体结果: PASS | 详情: 所有字段校验通过
2026-03-02 16:39:57,113 - INFO - CaseID:2334 - QUERY字段：语义匹配失败，但visual_search链路意图匹配通过
2026-03-02 16:39:57,113 - INFO - CaseID:2334 - 整体结果: PASS | 详情: 所有字段校验通过
2026-03-02 16:39:59,652 - INFO - CaseID:2335 - QUERY字段：语义匹配失败，但visual_search链路意图匹配通过
2026-03-02 16:39:59,653 - INFO - CaseID:2335 - 整体结果: PASS | 详情: 所有字段校验通过
2026-03-02 16:40:03,972 - INFO - CaseID:2336 - QUERY字段：语义匹配失败，但visual_search链路意图匹配通过
2026-03-02 16:40:03,973 - INFO - CaseID:2336 - 整体结果: PASS | 详情: 所有字段校验通过
2026-03-02 16:40:08,075 - INFO - CaseID:2337 - QUERY字段：语义匹配失败，但visual_search链路意图匹配通过
2026-03-02 16:40:08,076 - INFO - CaseID:2337 - 整体结果: PASS | 详情: 所有字段校验通过
2026-03-02 16:40:10,600 - INFO - CaseID:2338 - QUERY字段：语义匹配失败，但visual_search链路意图匹配通过
2026-03-02 16:40:10,601 - INFO - CaseID:2338 - 整体结果: PASS | 详情: 所有字段校验通过
2026-03-02 16:40:13,465 - INFO - CaseID:2339 - QUERY字段：语义匹配失败，但visual_search链路意图匹配通过
2026-03-02 16:40:13,466 - INFO - CaseID:2339 - 整体结果: PASS | 详情: 所有字段校验通过
2026-03-02 16:40:14,692 - INFO - CaseID:2340 - QUERY字段：基础语义模糊匹配通过
2026-03-02 16:40:14,692 - INFO - CaseID:2340 - 整体结果: PASS | 详情: 所有字段校验通过
2026-03-02 16:40:16,017 - INFO - CaseID:2341 - QUERY字段：基础语义模糊匹配通过
2026-03-02 16:40:16,018 - INFO - CaseID:2341 - 整体结果: PASS | 详情: 所有字段校验通过
2026-03-02 16:40:18,585 - INFO - CaseID:2342 - QUERY字段：语义匹配失败，但visual_search链路意图匹配通过
2026-03-02 16:40:18,585 - INFO - CaseID:2342 - 整体结果: PASS | 详情: 所有字段校验通过
2026-03-02 16:40:21,264 - INFO - CaseID:2343 - QUERY字段：语义匹配失败，但visual_search链路意图匹配通过
2026-03-02 16:40:21,265 - INFO - CaseID:2343 - 整体结果: PASS | 详情: 所有字段校验通过
2026-03-02 16:40:25,491 - INFO - CaseID:2344 - QUERY字段：语义匹配失败，但visual_search链路意图匹配通过
2026-03-02 16:40:25,492 - INFO - CaseID:2344 - 整体结果: PASS | 详情: 所有字段校验通过
2026-03-02 16:40:27,824 - INFO - CaseID:2345 - QUERY字段：语义匹配失败，但visual_search链路意图匹配通过
2026-03-02 16:40:27,827 - INFO - CaseID:2345 - 整体结果: PASS | 详情: 所有字段校验通过
2026-03-02 16:40:29,439 - INFO - CaseID:2346 - QUERY字段：基础语义模糊匹配通过
2026-03-02 16:40:29,440 - INFO - CaseID:2346 - 整体结果: PASS | 详情: 所有字段校验通过
2026-03-02 16:40:30,589 - INFO - CaseID:2347 - QUERY字段：基础语义模糊匹配通过
2026-03-02 16:40:30,590 - INFO - CaseID:2347 - 整体结果: PASS | 详情: 所有字段校验通过
2026-03-02 16:40:33,665 - INFO - CaseID:2348 - QUERY字段：语义匹配失败，但visual_search链路意图匹配通过
2026-03-02 16:40:33,665 - INFO - CaseID:2348 - 整体结果: PASS | 详情: 所有字段校验通过
2026-03-02 16:40:35,581 - INFO - CaseID:2349 - QUERY字段：基础语义模糊匹配通过
2026-03-02 16:40:35,581 - INFO - CaseID:2349 - 整体结果: PASS | 详情: 所有字段校验通过
2026-03-02 16:40:37,938 - INFO - CaseID:2350 - QUERY字段：语义匹配失败，但visual_search链路意图匹配通过
2026-03-02 16:40:37,939 - INFO - CaseID:2350 - 整体结果: PASS | 详情: 所有字段校验通过
2026-03-02 16:40:39,170 - INFO - CaseID:2351 - QUERY字段：基础语义模糊匹配通过
2026-03-02 16:40:39,170 - INFO - CaseID:2351 - 整体结果: PASS | 详情: 所有字段校验通过
2026-03-02 16:40:42,004 - INFO - CaseID:2352 - QUERY字段：语义匹配失败，但visual_search链路意图匹配通过
2026-03-02 16:40:42,005 - INFO - CaseID:2352 - 整体结果: PASS | 详情: 所有字段校验通过
2026-03-02 16:40:43,490 - INFO - CaseID:2353 - QUERY字段：基础语义模糊匹配通过
2026-03-02 16:40:43,491 - INFO - CaseID:2353 - 整体结果: PASS | 详情: 所有字段校验通过
2026-03-02 16:40:47,812 - INFO - CaseID:2354 - QUERY字段：语义匹配失败，但visual_search链路意图匹配通过
2026-03-02 16:40:47,813 - INFO - CaseID:2354 - 整体结果: PASS | 详情: 所有字段校验通过
2026-03-02 16:40:47,813 - INFO - CaseID:2355 - QUERY字段：基础语义模糊匹配通过
2026-03-02 16:40:47,813 - INFO - CaseID:2355 - 整体结果: PASS | 详情: 所有字段校验通过
2026-03-02 16:40:50,536 - INFO - CaseID:2356 - QUERY字段：语义匹配失败，但visual_search链路意图匹配通过
2026-03-02 16:40:50,537 - INFO - CaseID:2356 - 整体结果: PASS | 详情: 所有字段校验通过
2026-03-02 16:40:53,401 - INFO - CaseID:2357 - QUERY字段：语义匹配失败，但visual_search链路意图匹配通过
2026-03-02 16:40:53,401 - INFO - CaseID:2357 - 整体结果: PASS | 详情: 所有字段校验通过
2026-03-02 16:40:56,247 - INFO - CaseID:2358 - QUERY字段：语义匹配失败，但visual_search链路意图匹配通过
2026-03-02 16:40:56,250 - INFO - CaseID:2358 - 整体结果: PASS | 详情: 所有字段校验通过
2026-03-02 16:40:58,726 - INFO - CaseID:2359 - QUERY字段：语义匹配失败，但visual_search链路意图匹配通过
2026-03-02 16:40:58,726 - INFO - CaseID:2359 - 整体结果: PASS | 详情: 所有字段校验通过
2026-03-02 16:41:02,413 - INFO - CaseID:2360 - QUERY字段：语义匹配失败，但visual_search链路意图匹配通过
2026-03-02 16:41:02,414 - INFO - CaseID:2360 - 整体结果: PASS | 详情: 所有字段校验通过
2026-03-02 16:41:03,640 - INFO - CaseID:2361 - QUERY字段：基础语义模糊匹配通过
2026-03-02 16:41:03,641 - INFO - CaseID:2361 - 整体结果: PASS | 详情: 所有字段校验通过
2026-03-02 16:41:06,317 - INFO - CaseID:2362 - QUERY字段：语义匹配失败，但visual_search链路意图匹配通过
2026-03-02 16:41:06,318 - INFO - CaseID:2362 - 整体结果: PASS | 详情: 所有字段校验通过
2026-03-02 16:41:08,761 - INFO - CaseID:2363 - QUERY字段：语义匹配失败，但visual_search链路意图匹配通过
2026-03-02 16:41:08,761 - INFO - CaseID:2363 - 整体结果: PASS | 详情: 所有字段校验通过
2026-03-02 16:41:11,241 - INFO - CaseID:2364 - QUERY字段：语义匹配失败，但visual_search链路意图匹配通过
2026-03-02 16:41:11,242 - INFO - CaseID:2364 - 整体结果: PASS | 详情: 所有字段校验通过
2026-03-02 16:41:14,865 - INFO - CaseID:2365 - QUERY字段：语义匹配失败，但visual_search链路意图匹配通过
2026-03-02 16:41:14,866 - INFO - CaseID:2365 - 整体结果: PASS | 详情: 所有字段校验通过
2026-03-02 16:41:16,669 - INFO - CaseID:2366 - QUERY字段：基础语义模糊匹配通过
2026-03-02 16:41:16,669 - INFO - CaseID:2366 - 整体结果: PASS | 详情: 所有字段校验通过
2026-03-02 16:41:16,669 - INFO - CaseID:2367 - QUERY字段：语义匹配失败，但visual_search链路意图匹配通过
2026-03-02 16:41:16,669 - INFO - CaseID:2367 - 整体结果: PASS | 详情: 所有字段校验通过
2026-03-02 16:41:16,670 - INFO - CaseID:2368 - QUERY字段：基础语义模糊匹配通过
2026-03-02 16:41:16,670 - INFO - CaseID:2368 - 整体结果: PASS | 详情: 所有字段校验通过
2026-03-02 16:41:19,821 - INFO - CaseID:2369 - QUERY字段：语义匹配失败，但visual_search链路意图匹配通过
2026-03-02 16:41:19,822 - INFO - CaseID:2369 - 整体结果: PASS | 详情: 所有字段校验通过
2026-03-02 16:41:22,915 - INFO - CaseID:2370 - QUERY字段：基础语义模糊匹配通过
2026-03-02 16:41:22,916 - INFO - CaseID:2370 - 整体结果: PASS | 详情: 所有字段校验通过
2026-03-02 16:41:24,093 - INFO - CaseID:2371 - QUERY字段：基础语义模糊匹配通过
2026-03-02 16:41:24,094 - INFO - CaseID:2371 - 整体结果: PASS | 详情: 所有字段校验通过
2026-03-02 16:41:25,555 - INFO - CaseID:2372 - QUERY字段：基础语义模糊匹配通过
2026-03-02 16:41:25,555 - INFO - CaseID:2372 - 整体结果: PASS | 详情: 所有字段校验通过
2026-03-02 16:41:25,556 - INFO - CaseID:2373 - QUERY字段：基础语义模糊匹配通过
2026-03-02 16:41:25,556 - INFO - CaseID:2373 - 整体结果: PASS | 详情: 所有字段校验通过
2026-03-02 16:41:27,195 - INFO - CaseID:2374 - QUERY字段：基础语义模糊匹配通过
2026-03-02 16:41:27,196 - INFO - CaseID:2374 - 整体结果: PASS | 详情: 所有字段校验通过
2026-03-02 16:41:29,650 - INFO - CaseID:2375 - QUERY字段：语义匹配失败，但visual_search链路意图匹配通过
2026-03-02 16:41:29,651 - INFO - CaseID:2375 - 整体结果: PASS | 详情: 所有字段校验通过
2026-03-02 16:41:30,879 - INFO - CaseID:2376 - QUERY字段：基础语义模糊匹配通过
2026-03-02 16:41:30,880 - INFO - CaseID:2376 - 整体结果: PASS | 详情: 所有字段校验通过
2026-03-02 16:41:30,880 - INFO - CaseID:2377 - QUERY字段：基础语义模糊匹配通过
2026-03-02 16:41:30,880 - INFO - CaseID:2377 - 整体结果: PASS | 详情: 所有字段校验通过
2026-03-02 16:41:30,880 - INFO - CaseID:2378 - QUERY字段：基础语义模糊匹配通过
2026-03-02 16:41:30,881 - INFO - CaseID:2378 - 整体结果: PASS | 详情: 所有字段校验通过
2026-03-02 16:41:32,313 - INFO - CaseID:2379 - QUERY字段：基础语义模糊匹配通过
2026-03-02 16:41:32,313 - INFO - CaseID:2379 - 整体结果: PASS | 详情: 所有字段校验通过
2026-03-02 16:41:33,951 - INFO - CaseID:2380 - QUERY字段：基础语义模糊匹配通过
2026-03-02 16:41:33,951 - INFO - CaseID:2380 - 整体结果: PASS | 详情: 所有字段校验通过
2026-03-02 16:41:35,118 - INFO - CaseID:2381 - QUERY字段：基础语义模糊匹配通过
2026-03-02 16:41:35,119 - INFO - CaseID:2381 - 整体结果: PASS | 详情: 所有字段校验通过
2026-03-02 16:41:38,253 - INFO - CaseID:2382 - QUERY字段：语义匹配失败，但visual_search链路意图匹配通过
2026-03-02 16:41:38,254 - INFO - CaseID:2382 - 整体结果: PASS | 详情: 所有字段校验通过
2026-03-02 16:41:39,474 - INFO - CaseID:2383 - QUERY字段：基础语义模糊匹配通过
2026-03-02 16:41:39,475 - INFO - CaseID:2383 - 整体结果: PASS | 详情: 所有字段校验通过
2026-03-02 16:41:40,710 - INFO - CaseID:2384 - QUERY字段：基础语义模糊匹配通过
2026-03-02 16:41:40,711 - INFO - CaseID:2384 - 整体结果: PASS | 详情: 所有字段校验通过
2026-03-02 16:41:41,910 - INFO - CaseID:2385 - QUERY字段：基础语义模糊匹配通过
2026-03-02 16:41:41,911 - INFO - CaseID:2385 - 整体结果: PASS | 详情: 所有字段校验通过
2026-03-02 16:41:43,087 - INFO - CaseID:2386 - QUERY字段：基础语义模糊匹配通过
2026-03-02 16:41:43,087 - INFO - CaseID:2386 - 整体结果: PASS | 详情: 所有字段校验通过
2026-03-02 16:41:44,396 - INFO - CaseID:2387 - QUERY字段：基础语义模糊匹配通过
2026-03-02 16:41:44,396 - INFO - CaseID:2387 - 整体结果: PASS | 详情: 所有字段校验通过
2026-03-02 16:41:44,396 - INFO - CaseID:2388 - QUERY字段：基础语义模糊匹配通过
2026-03-02 16:41:44,396 - INFO - CaseID:2388 - 整体结果: PASS | 详情: 所有字段校验通过
2026-03-02 16:41:44,396 - INFO - CaseID:2389 - QUERY字段：基础语义模糊匹配通过
2026-03-02 16:41:44,396 - INFO - CaseID:2389 - 整体结果: PASS | 详情: 所有字段校验通过
2026-03-02 16:41:47,876 - INFO - CaseID:2390 - QUERY字段：语义匹配失败，但visual_search链路意图匹配通过
2026-03-02 16:41:47,877 - INFO - CaseID:2390 - 整体结果: PASS | 详情: 所有字段校验通过
2026-03-02 16:41:49,722 - INFO - CaseID:2391 - QUERY字段：基础语义模糊匹配通过
2026-03-02 16:41:49,722 - INFO - CaseID:2391 - 整体结果: PASS | 详情: 所有字段校验通过
2026-03-02 16:41:52,982 - INFO - CaseID:2392 - QUERY字段：语义匹配失败，但visual_search链路意图匹配通过
2026-03-02 16:41:52,982 - INFO - CaseID:2392 - 整体结果: PASS | 详情: 所有字段校验通过
2026-03-02 16:41:56,129 - INFO - CaseID:2393 - QUERY字段：语义匹配失败，但visual_search链路意图匹配通过
2026-03-02 16:41:56,130 - INFO - CaseID:2393 - 整体结果: PASS | 详情: 所有字段校验通过
2026-03-02 16:41:57,600 - INFO - CaseID:2394 - QUERY字段：基础语义模糊匹配通过
2026-03-02 16:41:57,601 - INFO - CaseID:2394 - 整体结果: PASS | 详情: 所有字段校验通过
2026-03-02 16:41:57,601 - INFO - CaseID:2395 - APINAME字段：QASearch↔worthbuy，判定通过
2026-03-02 16:41:57,601 - INFO - CaseID:2395 - CATEGORY字段：标准答案含「其他问答」，模型输出任意值通过
2026-03-02 16:41:58,920 - INFO - CaseID:2395 - QUERY字段：基础语义模糊匹配通过
2026-03-02 16:41:58,921 - INFO - CaseID:2395 - TAG字段：有交集（{'文蛤'}），判定通过
2026-03-02 16:41:58,921 - INFO - CaseID:2395 - 整体结果: PASS | 详情: 所有字段校验通过
2026-03-02 16:42:00,532 - INFO - CaseID:2396 - QUERY字段：基础语义模糊匹配通过
2026-03-02 16:42:00,532 - INFO - CaseID:2396 - 整体结果: PASS | 详情: 所有字段校验通过
2026-03-02 16:42:01,730 - INFO - CaseID:2397 - QUERY字段：基础语义模糊匹配通过
2026-03-02 16:42:01,730 - INFO - CaseID:2397 - 整体结果: PASS | 详情: 所有字段校验通过
2026-03-02 16:42:01,730 - INFO - CaseID:2398 - CATEGORY字段：标准答案含「其他问答」，模型输出任意值通过
2026-03-02 16:42:03,238 - INFO - CaseID:2398 - QUERY字段：基础语义模糊匹配通过
2026-03-02 16:42:03,239 - INFO - CaseID:2398 - TAG字段：有交集（{'生物学特性', '大熊猫'}），判定通过
2026-03-02 16:42:03,239 - INFO - CaseID:2398 - 整体结果: PASS | 详情: 所有字段校验通过
2026-03-02 16:42:03,240 - INFO - CaseID:2399 - CATEGORY字段：标准答案含「其他问答」，模型输出任意值通过
2026-03-02 16:42:04,385 - INFO - CaseID:2399 - QUERY字段：基础语义模糊匹配通过
2026-03-02 16:42:04,385 - INFO - CaseID:2399 - TAG字段：有交集（{'主要食物', '猕猴'}），判定通过
2026-03-02 16:42:04,385 - INFO - CaseID:2399 - 整体结果: PASS | 详情: 所有字段校验通过
2026-03-02 16:42:05,698 - INFO - CaseID:2400 - QUERY字段：基础语义模糊匹配通过
2026-03-02 16:42:05,698 - INFO - CaseID:2400 - 整体结果: FAILED | 详情: APINAME不匹配：预期[visual_search]，实际[QASearch]; CATEGORY不匹配：一方为空 - 预期[]，实际[生物]; TAG不匹配：一方为空 - 预期[]，实际[猕猴&毛色]
2026-03-02 16:42:05,699 - INFO - CaseID:2401 - CATEGORY字段：交集匹配（{'生物'}），判定通过
2026-03-02 16:42:07,192 - INFO - CaseID:2401 - QUERY字段：基础语义模糊匹配通过
2026-03-02 16:42:07,193 - INFO - CaseID:2401 - TAG字段：有交集（{'主要食物', '荷斯坦牛'}），判定通过
2026-03-02 16:42:07,193 - INFO - CaseID:2401 - 整体结果: PASS | 详情: 所有字段校验通过
2026-03-02 16:42:07,193 - INFO - CaseID:2402 - CATEGORY字段：标准答案含「其他问答」，模型输出任意值通过
2026-03-02 16:42:08,913 - INFO - CaseID:2402 - QUERY字段：基础语义模糊匹配通过
2026-03-02 16:42:08,914 - INFO - CaseID:2402 - TAG字段：有交集（{'黄牛', '最长寿命'}），判定通过
2026-03-02 16:42:08,914 - INFO - CaseID:2402 - 整体结果: PASS | 详情: 所有字段校验通过
2026-03-02 16:42:08,915 - INFO - CaseID:2403 - CATEGORY字段：标准答案含「其他问答」，模型输出任意值通过
2026-03-02 16:42:10,199 - INFO - CaseID:2403 - QUERY字段：基础语义模糊匹配通过
2026-03-02 16:42:10,200 - INFO - CaseID:2403 - TAG字段：有交集（{'奶牛'}），判定通过
2026-03-02 16:42:10,200 - INFO - CaseID:2403 - 整体结果: PASS | 详情: 所有字段校验通过
2026-03-02 16:42:10,200 - INFO - CaseID:2404 - CATEGORY字段：标准答案含「其他问答」，模型输出任意值通过
2026-03-02 16:42:11,952 - INFO - CaseID:2404 - QUERY字段：基础语义模糊匹配通过
2026-03-02 16:42:11,953 - INFO - CaseID:2404 - TAG字段：有交集（{'螳螂虾'}），判定通过
2026-03-02 16:42:11,953 - INFO - CaseID:2404 - 整体结果: PASS | 详情: 所有字段校验通过
2026-03-02 16:42:11,953 - INFO - CaseID:2405 - CATEGORY字段：交集匹配（{'生物'}），判定通过
2026-03-02 16:42:13,400 - INFO - CaseID:2405 - QUERY字段：基础语义模糊匹配通过
2026-03-02 16:42:13,400 - INFO - CaseID:2405 - TAG字段：有交集（{'淡水蟹', '能够食用'}），判定通过
2026-03-02 16:42:13,400 - INFO - CaseID:2405 - 整体结果: PASS | 详情: 所有字段校验通过
2026-03-02 16:42:13,400 - INFO - CaseID:2406 - CATEGORY字段：交集匹配（{'生物'}），判定通过
2026-03-02 16:42:14,549 - INFO - CaseID:2406 - QUERY字段：基础语义模糊匹配通过
2026-03-02 16:42:14,549 - INFO - CaseID:2406 - TAG字段：有交集（{'最简单的烹饪方法', '中华绒螯蟹'}），判定通过
2026-03-02 16:42:14,549 - INFO - CaseID:2406 - 整体结果: PASS | 详情: 所有字段校验通过
2026-03-02 16:42:14,549 - INFO - CaseID:2407 - CATEGORY字段：交集匹配（{'生物'}），判定通过
2026-03-02 16:42:16,037 - INFO - CaseID:2407 - QUERY字段：基础语义模糊匹配通过
2026-03-02 16:42:16,037 - INFO - CaseID:2407 - TAG字段：有交集（{'生存环境', '寄居蟹'}），判定通过
2026-03-02 16:42:16,037 - INFO - CaseID:2407 - 整体结果: PASS | 详情: 所有字段校验通过
2026-03-02 16:42:16,038 - INFO - CaseID:2408 - CATEGORY字段：标准答案含「其他问答」，模型输出任意值通过
2026-03-02 16:42:17,779 - INFO - CaseID:2408 - QUERY字段：基础语义模糊匹配通过
2026-03-02 16:42:17,780 - INFO - CaseID:2408 - TAG字段：有交集（{'锦鲤', '重量'}），判定通过
2026-03-02 16:42:17,780 - INFO - CaseID:2408 - 整体结果: PASS | 详情: 所有字段校验通过
2026-03-02 16:42:17,781 - INFO - CaseID:2409 - CATEGORY字段：交集匹配（{'生物'}），判定通过
2026-03-02 16:42:19,202 - INFO - CaseID:2409 - QUERY字段：基础语义模糊匹配通过
2026-03-02 16:42:19,203 - INFO - CaseID:2409 - TAG字段：有交集（{'主要食物', '金鱼'}），判定通过
2026-03-02 16:42:19,203 - INFO - CaseID:2409 - 整体结果: PASS | 详情: 所有字段校验通过
2026-03-02 16:42:19,203 - INFO - CaseID:2410 - CATEGORY字段：交集匹配（{'生物'}），判定通过
2026-03-02 16:42:20,365 - INFO - CaseID:2410 - QUERY字段：基础语义模糊匹配通过
2026-03-02 16:42:20,366 - INFO - CaseID:2410 - TAG字段：有交集（{'主要分布', '国家', '骆驼'}），判定通过
2026-03-02 16:42:20,367 - INFO - CaseID:2410 - 整体结果: PASS | 详情: 所有字段校验通过
2026-03-02 16:42:20,368 - INFO - CaseID:2411 - CATEGORY字段：交集匹配（{'生物'}），判定通过
2026-03-02 16:42:21,668 - INFO - CaseID:2411 - QUERY字段：基础语义模糊匹配通过
2026-03-02 16:42:21,668 - INFO - CaseID:2411 - TAG字段：有交集（{'双峰驼', '作用', '驼峰'}），判定通过
2026-03-02 16:42:21,668 - INFO - CaseID:2411 - 整体结果: PASS | 详情: 所有字段校验通过
2026-03-02 16:42:21,668 - INFO - CaseID:2412 - CATEGORY字段：交集匹配（{'生物'}），判定通过
2026-03-02 16:42:23,002 - INFO - CaseID:2412 - QUERY字段：基础语义模糊匹配通过
2026-03-02 16:42:23,003 - INFO - CaseID:2412 - TAG字段：有交集（{'凤尾鱼', '名字'}），判定通过
2026-03-02 16:42:23,003 - INFO - CaseID:2412 - 整体结果: PASS | 详情: 所有字段校验通过
2026-03-02 16:42:23,003 - INFO - CaseID:2413 - CATEGORY字段：交集匹配（{'生物'}），判定通过
2026-03-02 16:42:24,334 - INFO - CaseID:2413 - QUERY字段：基础语义模糊匹配通过
2026-03-02 16:42:24,335 - INFO - CaseID:2413 - TAG字段：有交集（{'比目鱼'}），判定通过
2026-03-02 16:42:24,335 - INFO - CaseID:2413 - 整体结果: PASS | 详情: 所有字段校验通过
2026-03-02 16:42:24,335 - INFO - CaseID:2414 - CATEGORY字段：交集匹配（{'生物'}），判定通过
2026-03-02 16:42:25,442 - INFO - CaseID:2414 - QUERY字段：基础语义模糊匹配通过
2026-03-02 16:42:25,443 - INFO - CaseID:2414 - TAG字段：有交集（{'肉食性动物', '海鲈鱼'}），判定通过
2026-03-02 16:42:25,443 - INFO - CaseID:2414 - 整体结果: PASS | 详情: 所有字段校验通过
2026-03-02 16:42:25,444 - INFO - CaseID:2415 - CATEGORY字段：标准答案含「其他问答」，模型输出任意值通过
2026-03-02 16:42:27,006 - INFO - CaseID:2415 - QUERY字段：基础语义模糊匹配通过
2026-03-02 16:42:27,006 - INFO - CaseID:2415 - TAG字段：有交集（{'最好吃', '烹饪方法', '鲫鱼'}），判定通过
2026-03-02 16:42:27,007 - INFO - CaseID:2415 - 整体结果: PASS | 详情: 所有字段校验通过
2026-03-02 16:42:27,007 - INFO - CaseID:2416 - CATEGORY字段：交集匹配（{'生物'}），判定通过
2026-03-02 16:42:28,773 - INFO - CaseID:2416 - QUERY字段：基础语义模糊匹配通过
2026-03-02 16:42:28,773 - INFO - CaseID:2416 - TAG字段：有交集（{'大嘴鲈鱼', '概率', '捕获'}），判定通过
2026-03-02 16:42:28,773 - INFO - CaseID:2416 - 整体结果: PASS | 详情: 所有字段校验通过
2026-03-02 16:42:28,773 - INFO - CaseID:2417 - CATEGORY字段：交集匹配（{'生物'}），判定通过
2026-03-02 16:42:30,681 - INFO - CaseID:2417 - QUERY字段：基础语义模糊匹配通过
2026-03-02 16:42:30,682 - INFO - CaseID:2417 - TAG字段：有交集（{'小比目鱼', '科属'}），判定通过
2026-03-02 16:42:30,682 - INFO - CaseID:2417 - 整体结果: PASS | 详情: 所有字段校验通过
2026-03-02 16:42:30,682 - INFO - CaseID:2418 - CATEGORY字段：交集匹配（{'生物'}），判定通过
2026-03-02 16:42:31,913 - INFO - CaseID:2418 - QUERY字段：基础语义模糊匹配通过
2026-03-02 16:42:31,914 - INFO - CaseID:2418 - TAG字段：有交集（{'生活习性', '鲫鱼'}），判定通过
2026-03-02 16:42:31,914 - INFO - CaseID:2418 - 整体结果: PASS | 详情: 所有字段校验通过
2026-03-02 16:42:31,914 - INFO - CaseID:2419 - CATEGORY字段：触发白名单（人物→影视），判定通过
2026-03-02 16:42:33,039 - INFO - CaseID:2419 - QUERY字段：基础语义模糊匹配通过
2026-03-02 16:42:33,039 - INFO - CaseID:2419 - TAG字段：有交集（{'小猪佩奇'}），判定通过
2026-03-02 16:42:33,039 - INFO - CaseID:2419 - 整体结果: PASS | 详情: 所有字段校验通过
2026-03-02 16:42:33,040 - INFO - CaseID:2420 - APINAME字段：QASearch↔worthbuy，判定通过
2026-03-02 16:42:33,040 - INFO - CaseID:2420 - CATEGORY字段：标准答案含「其他问答」，模型输出任意值通过
2026-03-02 16:42:34,982 - INFO - CaseID:2420 - QUERY字段：基础语义模糊匹配通过
2026-03-02 16:42:34,982 - INFO - CaseID:2420 - TAG字段：有交集（{'小猪佩奇玩偶', '购买渠道'}），判定通过
2026-03-02 16:42:34,983 - INFO - CaseID:2420 - 整体结果: PASS | 详情: 所有字段校验通过
2026-03-02 16:42:34,983 - INFO - CaseID:2421 - APINAME字段：QASearch↔worthbuy，判定通过
2026-03-02 16:42:34,983 - INFO - CaseID:2421 - CATEGORY字段：标准答案含「其他问答」，模型输出任意值通过
2026-03-02 16:42:36,211 - INFO - CaseID:2421 - QUERY字段：基础语义模糊匹配通过
2026-03-02 16:42:36,212 - INFO - CaseID:2421 - TAG字段：有交集（{'玩偶', '小猪佩奇', '售价'}），判定通过
2026-03-02 16:42:36,212 - INFO - CaseID:2421 - 整体结果: PASS | 详情: 所有字段校验通过
2026-03-02 16:42:36,213 - INFO - CaseID:2422 - CATEGORY字段：交集匹配（{'影视'}），判定通过
2026-03-02 16:42:37,940 - INFO - CaseID:2422 - QUERY字段：基础语义模糊匹配通过
2026-03-02 16:42:37,941 - INFO - CaseID:2422 - TAG字段：有交集（{'小猪佩奇'}），判定通过
2026-03-02 16:42:37,941 - INFO - CaseID:2422 - 整体结果: PASS | 详情: 所有字段校验通过
2026-03-02 16:42:37,942 - INFO - CaseID:2423 - CATEGORY字段：交集匹配（{'人物'}），判定通过
2026-03-02 16:42:39,848 - INFO - CaseID:2423 - QUERY字段：基础语义模糊匹配通过
2026-03-02 16:42:39,849 - INFO - CaseID:2423 - TAG字段：有交集（{'事情', '最喜欢', '佩奇'}），判定通过
2026-03-02 16:42:39,849 - INFO - CaseID:2423 - 整体结果: PASS | 详情: 所有字段校验通过
2026-03-02 16:42:39,849 - INFO - CaseID:2424 - APINAME字段：QASearch↔worthbuy，判定通过
2026-03-02 16:42:39,850 - INFO - CaseID:2424 - CATEGORY字段：标准答案含「其他问答」，模型输出任意值通过
2026-03-02 16:42:41,533 - INFO - CaseID:2424 - QUERY字段：基础语义模糊匹配通过
2026-03-02 16:42:41,533 - INFO - CaseID:2424 - TAG字段：有交集（{'适合年龄', '玩偶', '小猪佩奇'}），判定通过
2026-03-02 16:42:41,534 - INFO - CaseID:2424 - 整体结果: PASS | 详情: 所有字段校验通过
2026-03-02 16:42:43,145 - INFO - CaseID:2425 - QUERY字段：基础语义模糊匹配通过
2026-03-02 16:42:43,146 - INFO - CaseID:2425 - 整体结果: PASS | 详情: 所有字段校验通过
2026-03-02 16:42:44,608 - INFO - CaseID:2426 - QUERY字段：基础语义模糊匹配通过
2026-03-02 16:42:44,608 - INFO - CaseID:2426 - 整体结果: PASS | 详情: 所有字段校验通过
2026-03-02 16:42:46,247 - INFO - CaseID:2427 - QUERY字段：基础语义模糊匹配通过
2026-03-02 16:42:46,247 - INFO - CaseID:2427 - 整体结果: PASS | 详情: 所有字段校验通过
2026-03-02 16:42:47,473 - INFO - CaseID:2428 - QUERY字段：基础语义模糊匹配通过
2026-03-02 16:42:47,474 - INFO - CaseID:2428 - 整体结果: PASS | 详情: 所有字段校验通过
2026-03-02 16:42:48,954 - INFO - CaseID:2429 - QUERY字段：基础语义模糊匹配通过
2026-03-02 16:42:48,954 - INFO - CaseID:2429 - 整体结果: PASS | 详情: 所有字段校验通过
2026-03-02 16:42:48,954 - INFO - CaseID:2430 - CATEGORY字段：触发白名单（人物→影视），判定通过
2026-03-02 16:42:50,125 - INFO - CaseID:2430 - QUERY字段：基础语义模糊匹配通过
2026-03-02 16:42:50,127 - INFO - CaseID:2430 - TAG字段：有交集（{'配音演员', 'skye'}），判定通过
2026-03-02 16:42:50,127 - INFO - CaseID:2430 - 整体结果: PASS | 详情: 所有字段校验通过
2026-03-02 16:42:50,127 - INFO - CaseID:2431 - CATEGORY字段：标准答案含「其他问答」，模型输出任意值通过
2026-03-02 16:42:51,481 - INFO - CaseID:2431 - QUERY字段：基础语义模糊匹配通过
2026-03-02 16:42:51,482 - INFO - CaseID:2431 - TAG字段：有交集（{'穿着粉色衣服', '小狗毛绒玩具', '别名'}），判定通过
2026-03-02 16:42:51,482 - INFO - CaseID:2431 - 整体结果: PASS | 详情: 所有字段校验通过
2026-03-02 16:42:51,482 - INFO - CaseID:2432 - CATEGORY字段：交集匹配（{'人物'}），判定通过
2026-03-02 16:42:52,629 - INFO - CaseID:2432 - QUERY字段：基础语义模糊匹配通过
2026-03-02 16:42:52,629 - INFO - CaseID:2432 - TAG字段：有交集（{'职业', 'rubble'}），判定通过
2026-03-02 16:42:52,629 - INFO - CaseID:2432 - 整体结果: PASS | 详情: 所有字段校验通过
2026-03-02 16:42:53,971 - INFO - CaseID:2433 - QUERY字段：基础语义模糊匹配通过
2026-03-02 16:42:53,971 - INFO - CaseID:2433 - 整体结果: PASS | 详情: 所有字段校验通过
2026-03-02 16:42:55,140 - INFO - CaseID:2434 - QUERY字段：基础语义模糊匹配通过
2026-03-02 16:42:55,140 - INFO - CaseID:2434 - 整体结果: PASS | 详情: 所有字段校验通过
2026-03-02 16:42:56,668 - INFO - CaseID:2435 - QUERY字段：基础语义模糊匹配通过
2026-03-02 16:42:56,669 - INFO - CaseID:2435 - 整体结果: PASS | 详情: 所有字段校验通过
2026-03-02 16:42:58,122 - INFO - CaseID:2436 - QUERY字段：基础语义模糊匹配通过
2026-03-02 16:42:58,122 - INFO - CaseID:2436 - 整体结果: PASS | 详情: 所有字段校验通过
2026-03-02 16:42:58,123 - INFO - CaseID:2437 - CATEGORY字段：交集匹配（{'影视'}），判定通过
2026-03-02 16:42:59,164 - INFO - CaseID:2437 - QUERY字段：基础语义模糊匹配通过
2026-03-02 16:42:59,164 - INFO - CaseID:2437 - TAG字段：有交集（{'汪汪队立大功', '时效性'}），判定通过
2026-03-02 16:42:59,164 - INFO - CaseID:2437 - 整体结果: PASS | 详情: 所有字段校验通过
2026-03-02 16:42:59,164 - INFO - CaseID:2438 - APINAME字段：QASearch↔worthbuy，判定通过
2026-03-02 16:42:59,164 - INFO - CaseID:2438 - CATEGORY字段：标准答案含「其他问答」，模型输出任意值通过
2026-03-02 16:43:00,992 - INFO - CaseID:2438 - TAG字段：有交集（{'购买渠道', '汪汪队立大功'}），判定通过
2026-03-02 16:43:00,992 - INFO - CaseID:2438 - 整体结果: FAILED | 详情: QUERY不匹配：基础语义模糊匹配失败 - 预期[汪汪队立大功的购买渠道有哪些]，实际[汪汪队立大功的毛绒玩具的购买渠道]
2026-03-02 16:43:02,845 - INFO - CaseID:2439 - QUERY字段：基础语义模糊匹配通过
2026-03-02 16:43:02,845 - INFO - CaseID:2439 - 整体结果: PASS | 详情: 所有字段校验通过
2026-03-02 16:43:04,128 - INFO - CaseID:2440 - QUERY字段：基础语义模糊匹配通过
2026-03-02 16:43:04,128 - INFO - CaseID:2440 - TAG字段：有交集（{'rocky', '车辆编号'}），判定通过
2026-03-02 16:43:04,128 - INFO - CaseID:2440 - 整体结果: FAILED | 详情: APINAME不匹配：预期[QASearch]，实际[AUTOSearch]; CATEGORY不匹配：无交集 - 预期[人物]，实际[汽车]
2026-03-02 16:43:04,128 - INFO - CaseID:2441 - CATEGORY字段：标准答案含「其他问答」，模型输出任意值通过
2026-03-02 16:43:05,225 - INFO - CaseID:2441 - QUERY字段：基础语义模糊匹配通过
2026-03-02 16:43:05,225 - INFO - CaseID:2441 - TAG字段：有交集（{'汪汪队立大功', '受众年龄'}），判定通过
2026-03-02 16:43:05,225 - INFO - CaseID:2441 - 整体结果: PASS | 详情: 所有字段校验通过
2026-03-02 16:43:05,225 - INFO - CaseID:2442 - CATEGORY字段：标准答案含「其他问答」，模型输出任意值通过
2026-03-02 16:43:06,317 - INFO - CaseID:2442 - QUERY字段：基础语义模糊匹配通过
2026-03-02 16:43:06,317 - INFO - CaseID:2442 - TAG字段：有交集（{'灰灰公仔'}），判定通过
2026-03-02 16:43:06,317 - INFO - CaseID:2442 - 整体结果: PASS | 详情: 所有字段校验通过
2026-03-02 16:43:07,955 - INFO - CaseID:2443 - QUERY字段：基础语义模糊匹配通过
2026-03-02 16:43:07,956 - INFO - CaseID:2443 - 整体结果: PASS | 详情: 所有字段校验通过
2026-03-02 16:43:07,956 - INFO - CaseID:2444 - CATEGORY字段：标准答案含「其他问答」，模型输出任意值通过
2026-03-02 16:43:09,945 - INFO - CaseID:2444 - QUERY字段：基础语义模糊匹配通过
2026-03-02 16:43:09,946 - INFO - CaseID:2444 - TAG字段：有交集（{'功能', '入耳式耳机'}），判定通过
2026-03-02 16:43:09,946 - INFO - CaseID:2444 - 整体结果: PASS | 详情: 所有字段校验通过
2026-03-02 16:43:09,946 - INFO - CaseID:2445 - CATEGORY字段：标准答案含「其他问答」，模型输出任意值通过
2026-03-02 16:43:11,607 - INFO - CaseID:2445 - QUERY字段：基础语义模糊匹配通过
2026-03-02 16:43:11,607 - INFO - CaseID:2445 - TAG字段：有交集（{'入耳式耳机', '舒服', '长时间佩戴'}），判定通过
2026-03-02 16:43:11,607 - INFO - CaseID:2445 - 整体结果: PASS | 详情: 所有字段校验通过
2026-03-02 16:43:12,801 - INFO - CaseID:2446 - QUERY字段：基础语义模糊匹配通过
2026-03-02 16:43:12,801 - INFO - CaseID:2446 - 整体结果: PASS | 详情: 所有字段校验通过
2026-03-02 16:43:12,801 - INFO - CaseID:2447 - APINAME字段：QASearch↔worthbuy，判定通过
2026-03-02 16:43:12,801 - INFO - CaseID:2447 - CATEGORY字段：标准答案含「其他问答」，模型输出任意值通过
2026-03-02 16:43:14,111 - INFO - CaseID:2447 - TAG字段：有交集（{'无线耳机', '好处'}），判定通过
2026-03-02 16:43:14,111 - INFO - CaseID:2447 - 整体结果: FAILED | 详情: QUERY不匹配：基础语义模糊匹配失败 - 预期[无线耳机的好处]，实际[华为的无线耳机的好处]
2026-03-02 16:43:15,736 - INFO - CaseID:2448 - QUERY字段：基础语义模糊匹配通过
2026-03-02 16:43:15,737 - INFO - CaseID:2448 - 整体结果: PASS | 详情: 所有字段校验通过
2026-03-02 16:43:16,776 - INFO - CaseID:2449 - QUERY字段：基础语义模糊匹配通过
2026-03-02 16:43:16,776 - INFO - CaseID:2449 - 整体结果: PASS | 详情: 所有字段校验通过
2026-03-02 16:43:16,776 - INFO - CaseID:2450 - CATEGORY字段：标准答案含「其他问答」，模型输出任意值通过
2026-03-02 16:43:18,398 - INFO - CaseID:2450 - TAG字段：有交集（{'遥控器'}），判定通过
2026-03-02 16:43:18,398 - INFO - CaseID:2450 - 整体结果: FAILED | 详情: APINAME不匹配：预期[QASearch]，实际[AUTOSearch]; QUERY不匹配：基础语义模糊匹配失败 - 预期[遥控器的用途是什么]，实际[遥控器的简介]
2026-03-02 16:43:18,398 - INFO - CaseID:2451 - CATEGORY字段：标准答案含「其他问答」，模型输出任意值通过
2026-03-02 16:43:19,695 - INFO - CaseID:2451 - QUERY字段：基础语义模糊匹配通过
2026-03-02 16:43:19,696 - INFO - CaseID:2451 - TAG字段：有交集（{'遥控器'}），判定通过
2026-03-02 16:43:19,696 - INFO - CaseID:2451 - 整体结果: FAILED | 详情: APINAME不匹配：预期[QASearch]，实际[AUTOSearch]
2026-03-02 16:43:20,855 - INFO - CaseID:2452 - QUERY字段：基础语义模糊匹配通过
2026-03-02 16:43:20,855 - INFO - CaseID:2452 - 整体结果: PASS | 详情: 所有字段校验通过
2026-03-02 16:43:20,855 - INFO - CaseID:2453 - CATEGORY字段：标准答案含「其他问答」，模型输出任意值通过
2026-03-02 16:43:22,025 - INFO - CaseID:2453 - QUERY字段：基础语义模糊匹配通过
2026-03-02 16:43:22,026 - INFO - CaseID:2453 - TAG字段：有交集（{'空调遥控器', '组成'}），判定通过
2026-03-02 16:43:22,027 - INFO - CaseID:2453 - 整体结果: FAILED | 详情: APINAME不匹配：预期[QASearch]，实际[AUTOSearch]
2026-03-02 16:43:23,524 - INFO - CaseID:2454 - QUERY字段：基础语义模糊匹配通过
2026-03-02 16:43:23,524 - INFO - CaseID:2454 - 整体结果: PASS | 详情: 所有字段校验通过
2026-03-02 16:43:25,279 - INFO - CaseID:2455 - QUERY字段：基础语义模糊匹配通过
2026-03-02 16:43:25,280 - INFO - CaseID:2455 - 整体结果: PASS | 详情: 所有字段校验通过
2026-03-02 16:43:25,281 - INFO - CaseID:2456 - CATEGORY字段：标准答案含「其他问答」，模型输出任意值通过
2026-03-02 16:43:26,396 - INFO - CaseID:2456 - QUERY字段：基础语义模糊匹配通过
2026-03-02 16:43:26,396 - INFO - CaseID:2456 - TAG字段：有交集（{'工作原理', '麦克风'}），判定通过
2026-03-02 16:43:26,397 - INFO - CaseID:2456 - 整体结果: FAILED | 详情: APINAME不匹配：预期[QASearch]，实际[AUTOSearch]
2026-03-02 16:43:26,397 - INFO - CaseID:2457 - CATEGORY字段：标准答案含「其他问答」，模型输出任意值通过
2026-03-02 16:43:27,998 - INFO - CaseID:2457 - QUERY字段：基础语义模糊匹配通过
2026-03-02 16:43:27,999 - INFO - CaseID:2457 - TAG字段：有交集（{'麦克风', '售价'}），判定通过
2026-03-02 16:43:27,999 - INFO - CaseID:2457 - 整体结果: FAILED | 详情: APINAME不匹配：预期[QASearch]，实际[AUTOSearch]
2026-03-02 16:43:27,999 - INFO - CaseID:2458 - CATEGORY字段：标准答案含「其他问答」，模型输出任意值通过
2026-03-02 16:43:29,775 - INFO - CaseID:2458 - QUERY字段：基础语义模糊匹配通过
2026-03-02 16:43:29,776 - INFO - CaseID:2458 - TAG字段：有交集（{'频率', '女生', '使用发夹'}），判定通过
2026-03-02 16:43:29,776 - INFO - CaseID:2458 - 整体结果: PASS | 详情: 所有字段校验通过
2026-03-02 16:43:31,509 - INFO - CaseID:2459 - QUERY字段：基础语义模糊匹配通过
2026-03-02 16:43:31,510 - INFO - CaseID:2459 - 整体结果: PASS | 详情: 所有字段校验通过
2026-03-02 16:43:32,950 - INFO - CaseID:2460 - QUERY字段：基础语义模糊匹配通过
2026-03-02 16:43:32,950 - INFO - CaseID:2460 - 整体结果: PASS | 详情: 所有字段校验通过
2026-03-02 16:43:32,951 - INFO - CaseID:2461 - APINAME字段：QASearch↔worthbuy，判定通过
2026-03-02 16:43:32,951 - INFO - CaseID:2461 - CATEGORY字段：标准答案含「其他问答」，模型输出任意值通过
2026-03-02 16:43:34,245 - INFO - CaseID:2461 - QUERY字段：基础语义模糊匹配通过
2026-03-02 16:43:34,246 - INFO - CaseID:2461 - TAG字段：有交集（{'遮光效果', '墨镜'}），判定通过
2026-03-02 16:43:34,247 - INFO - CaseID:2461 - 整体结果: PASS | 详情: 所有字段校验通过
2026-03-02 16:43:34,247 - INFO - CaseID:2462 - APINAME字段：QASearch↔worthbuy，判定通过
2026-03-02 16:43:34,247 - INFO - CaseID:2462 - CATEGORY字段：标准答案含「其他问答」，模型输出任意值通过
2026-03-02 16:43:35,378 - INFO - CaseID:2462 - TAG字段：有交集（{'分类'}），判定通过
2026-03-02 16:43:35,378 - INFO - CaseID:2462 - 整体结果: FAILED | 详情: QUERY不匹配：基础语义模糊匹配失败 - 预期[拉链袋的分类有哪些]，实际[牛仔布拉链袋的分类]
2026-03-02 16:43:36,628 - INFO - CaseID:2463 - QUERY字段：基础语义模糊匹配通过
2026-03-02 16:43:36,628 - INFO - CaseID:2463 - 整体结果: PASS | 详情: 所有字段校验通过
2026-03-02 16:43:36,629 - INFO - CaseID:2464 - CATEGORY字段：标准答案含「其他问答」，模型输出任意值通过
2026-03-02 16:43:38,118 - INFO - CaseID:2464 - QUERY字段：基础语义模糊匹配通过
2026-03-02 16:43:38,119 - INFO - CaseID:2464 - 整体结果: FAILED | 详情: APINAME不匹配：预期[QASearch]，实际[visual_search]; TAG不匹配：一方为空 - 预期[混合坚果&品牌]，实际[]
2026-03-02 16:43:38,119 - INFO - CaseID:2465 - CATEGORY字段：交集匹配（{'生物'}），判定通过
2026-03-02 16:43:39,493 - INFO - CaseID:2465 - QUERY字段：基础语义模糊匹配通过
2026-03-02 16:43:39,494 - INFO - CaseID:2465 - TAG字段：有交集（{'生长环境', '腰果'}），判定通过
2026-03-02 16:43:39,494 - INFO - CaseID:2465 - 整体结果: PASS | 详情: 所有字段校验通过
2026-03-02 16:43:39,494 - INFO - CaseID:2466 - CATEGORY字段：交集匹配（{'健康'}），判定通过
2026-03-02 16:43:40,613 - INFO - CaseID:2466 - QUERY字段：基础语义模糊匹配通过
2026-03-02 16:43:40,613 - INFO - CaseID:2466 - TAG字段：有交集（{'腰果', '营养价值'}），判定通过
2026-03-02 16:43:40,613 - INFO - CaseID:2466 - 整体结果: PASS | 详情: 所有字段校验通过
2026-03-02 16:43:40,613 - INFO - CaseID:2467 - CATEGORY字段：标准答案含「其他问答」，模型输出任意值通过
2026-03-02 16:43:42,344 - INFO - CaseID:2467 - QUERY字段：基础语义模糊匹配通过
2026-03-02 16:43:42,345 - INFO - CaseID:2467 - TAG字段：有交集（{'口感', '琦王花生'}），判定通过
2026-03-02 16:43:42,345 - INFO - CaseID:2467 - 整体结果: PASS | 详情: 所有字段校验通过
2026-03-02 16:43:43,411 - INFO - CaseID:2468 - QUERY字段：基础语义模糊匹配通过
2026-03-02 16:43:43,411 - INFO - CaseID:2468 - 整体结果: PASS | 详情: 所有字段校验通过
2026-03-02 16:43:43,411 - INFO - CaseID:2469 - APINAME字段：QASearch↔worthbuy，判定通过
2026-03-02 16:43:43,412 - INFO - CaseID:2469 - CATEGORY字段：标准答案含「其他问答」，模型输出任意值通过
2026-03-02 16:43:44,818 - INFO - CaseID:2469 - QUERY字段：基础语义模糊匹配通过
2026-03-02 16:43:44,819 - INFO - CaseID:2469 - TAG字段：有交集（{'星巴克'}），判定通过
2026-03-02 16:43:44,819 - INFO - CaseID:2469 - 整体结果: PASS | 详情: 所有字段校验通过
2026-03-02 16:43:46,046 - INFO - CaseID:2470 - QUERY字段：基础语义模糊匹配通过
2026-03-02 16:43:46,046 - INFO - CaseID:2470 - 整体结果: PASS | 详情: 所有字段校验通过
2026-03-02 16:43:47,606 - INFO - CaseID:2471 - QUERY字段：基础语义模糊匹配通过
2026-03-02 16:43:47,606 - INFO - CaseID:2471 - 整体结果: PASS | 详情: 所有字段校验通过
2026-03-02 16:43:49,529 - INFO - CaseID:2472 - QUERY字段：基础语义模糊匹配通过
2026-03-02 16:43:49,530 - INFO - CaseID:2472 - 整体结果: PASS | 详情: 所有字段校验通过
2026-03-02 16:43:50,787 - INFO - CaseID:2473 - QUERY字段：基础语义模糊匹配通过
2026-03-02 16:43:50,788 - INFO - CaseID:2473 - 整体结果: FAILED | 详情: APINAME不匹配：预期[visual_search]，实际[worthbuy]; CATEGORY不匹配：一方为空 - 预期[]，实际[商品查询-确定商品]; TAG不匹配：一方为空 - 预期[]，实际[竹香乌龙茶&售价]
2026-03-02 16:43:50,788 - INFO - CaseID:2474 - CATEGORY字段：交集匹配（{'健康'}），判定通过
2026-03-02 16:43:51,993 - INFO - CaseID:2474 - QUERY字段：基础语义模糊匹配通过
2026-03-02 16:43:51,994 - INFO - CaseID:2474 - TAG字段：有交集（{'原料', '竹叶青'}），判定通过
2026-03-02 16:43:51,994 - INFO - CaseID:2474 - 整体结果: PASS | 详情: 所有字段校验通过
2026-03-02 16:43:53,021 - INFO - CaseID:2475 - QUERY字段：基础语义模糊匹配通过
2026-03-02 16:43:53,023 - INFO - CaseID:2475 - 整体结果: PASS | 详情: 所有字段校验通过
2026-03-02 16:43:54,200 - INFO - CaseID:2476 - QUERY字段：基础语义模糊匹配通过
2026-03-02 16:43:54,200 - INFO - CaseID:2476 - 整体结果: PASS | 详情: 所有字段校验通过
2026-03-02 16:43:54,200 - INFO - CaseID:2477 - APINAME字段：QASearch↔worthbuy，判定通过
2026-03-02 16:43:54,200 - INFO - CaseID:2477 - CATEGORY字段：标准答案含「其他问答」，模型输出任意值通过
2026-03-02 16:43:55,471 - INFO - CaseID:2477 - QUERY字段：基础语义模糊匹配通过
2026-03-02 16:43:55,472 - INFO - CaseID:2477 - TAG字段：有交集（{'高', '绿茶饮品', '营养价值'}），判定通过
2026-03-02 16:43:55,472 - INFO - CaseID:2477 - 整体结果: PASS | 详情: 所有字段校验通过
2026-03-02 16:43:56,969 - INFO - CaseID:2478 - QUERY字段：基础语义模糊匹配通过
2026-03-02 16:43:56,970 - INFO - CaseID:2478 - 整体结果: PASS | 详情: 所有字段校验通过
2026-03-02 16:43:56,970 - INFO - CaseID:2479 - CATEGORY字段：交集匹配（{'生物'}），判定通过
2026-03-02 16:43:58,015 - INFO - CaseID:2479 - QUERY字段：基础语义模糊匹配通过
2026-03-02 16:43:58,016 - INFO - CaseID:2479 - TAG字段：有交集（{'生活习性', '布偶猫'}），判定通过
2026-03-02 16:43:58,016 - INFO - CaseID:2479 - 整体结果: PASS | 详情: 所有字段校验通过
2026-03-02 16:43:58,016 - INFO - CaseID:2480 - CATEGORY字段：交集匹配（{'生物'}），判定通过
2026-03-02 16:43:59,139 - INFO - CaseID:2480 - QUERY字段：基础语义模糊匹配通过
2026-03-02 16:43:59,140 - INFO - CaseID:2480 - TAG字段：有交集（{'喜马拉雅猫', '生活习性'}），判定通过
2026-03-02 16:43:59,140 - INFO - CaseID:2480 - 整体结果: PASS | 详情: 所有字段校验通过
2026-03-02 16:43:59,140 - INFO - CaseID:2481 - CATEGORY字段：标准答案含「其他问答」，模型输出任意值通过
2026-03-02 16:44:00,312 - INFO - CaseID:2481 - QUERY字段：基础语义模糊匹配通过
2026-03-02 16:44:00,313 - INFO - CaseID:2481 - TAG字段：有交集（{'布偶猫'}），判定通过
2026-03-02 16:44:00,313 - INFO - CaseID:2481 - 整体结果: PASS | 详情: 所有字段校验通过
2026-03-02 16:44:00,314 - INFO - CaseID:2482 - APINAME字段：QASearch↔worthbuy，判定通过
2026-03-02 16:44:00,314 - INFO - CaseID:2482 - CATEGORY字段：标准答案含「其他问答」，模型输出任意值通过
2026-03-02 16:44:01,612 - INFO - CaseID:2482 - QUERY字段：基础语义模糊匹配通过
2026-03-02 16:44:01,612 - INFO - CaseID:2482 - TAG字段：有交集（{'价格', '布偶猫'}），判定通过
2026-03-02 16:44:01,612 - INFO - CaseID:2482 - 整体结果: PASS | 详情: 所有字段校验通过
2026-03-02 16:44:01,613 - INFO - CaseID:2483 - CATEGORY字段：交集匹配（{'生物'}），判定通过
2026-03-02 16:44:02,817 - INFO - CaseID:2483 - QUERY字段：基础语义模糊匹配通过
2026-03-02 16:44:02,818 - INFO - CaseID:2483 - TAG字段：有交集（{'土耳其安哥拉猫'}），判定通过
2026-03-02 16:44:02,818 - INFO - CaseID:2483 - 整体结果: PASS | 详情: 所有字段校验通过
2026-03-02 16:44:02,820 - INFO - CaseID:2484 - CATEGORY字段：交集匹配（{'生物'}），判定通过
2026-03-02 16:44:03,922 - INFO - CaseID:2484 - QUERY字段：触发规划视角白名单，判定为语义相关
2026-03-02 16:44:03,922 - INFO - CaseID:2484 - TAG字段：有交集（{'波斯猫'}），判定通过
2026-03-02 16:44:03,923 - INFO - CaseID:2484 - 整体结果: PASS | 详情: 所有字段校验通过
2026-03-02 16:44:03,923 - INFO - CaseID:2485 - CATEGORY字段：标准答案含「其他问答」，模型输出任意值通过
2026-03-02 16:44:05,394 - INFO - CaseID:2485 - QUERY字段：基础语义模糊匹配通过
2026-03-02 16:44:05,395 - INFO - CaseID:2485 - TAG字段：有交集（{'波斯猫', '眼睛', '颜色'}），判定通过
2026-03-02 16:44:05,395 - INFO - CaseID:2485 - 整体结果: PASS | 详情: 所有字段校验通过
2026-03-02 16:44:07,553 - INFO - CaseID:2486 - QUERY字段：基础语义模糊匹配通过
2026-03-02 16:44:07,554 - INFO - CaseID:2486 - 整体结果: PASS | 详情: 所有字段校验通过
2026-03-02 16:44:07,554 - INFO - CaseID:2487 - CATEGORY字段：标准答案含「其他问答」，模型输出任意值通过
2026-03-02 16:44:09,065 - INFO - CaseID:2487 - QUERY字段：基础语义模糊匹配通过
2026-03-02 16:44:09,066 - INFO - CaseID:2487 - TAG字段：有交集（{'波斯猫'}），判定通过
2026-03-02 16:44:09,066 - INFO - CaseID:2487 - 整体结果: PASS | 详情: 所有字段校验通过
2026-03-02 16:44:09,066 - INFO - CaseID:2488 - CATEGORY字段：标准答案含「其他问答」，模型输出任意值通过
2026-03-02 16:44:10,286 - INFO - CaseID:2488 - QUERY字段：基础语义模糊匹配通过
2026-03-02 16:44:10,287 - INFO - CaseID:2488 - TAG字段：有交集（{'培育'}），判定通过
2026-03-02 16:44:10,287 - INFO - CaseID:2488 - 整体结果: PASS | 详情: 所有字段校验通过
2026-03-02 16:44:10,287 - INFO - CaseID:2489 - CATEGORY字段：交集匹配（{'生物'}），判定通过
2026-03-02 16:44:11,565 - INFO - CaseID:2489 - QUERY字段：基础语义模糊匹配通过
2026-03-02 16:44:11,566 - INFO - CaseID:2489 - TAG字段：有交集（{'科属'}），判定通过
2026-03-02 16:44:11,567 - INFO - CaseID:2489 - 整体结果: PASS | 详情: 所有字段校验通过
2026-03-02 16:44:11,567 - INFO - CaseID:2490 - CATEGORY字段：交集匹配（{'生物'}），判定通过
2026-03-02 16:44:13,186 - INFO - CaseID:2490 - QUERY字段：基础语义模糊匹配通过
2026-03-02 16:44:13,187 - INFO - CaseID:2490 - TAG字段：有交集（{'花语', '玫瑰花'}），判定通过
2026-03-02 16:44:13,187 - INFO - CaseID:2490 - 整体结果: PASS | 详情: 所有字段校验通过
2026-03-02 16:44:13,187 - INFO - CaseID:2491 - CATEGORY字段：触发白名单（生物→健康），判定通过
2026-03-02 16:44:14,514 - INFO - CaseID:2491 - QUERY字段：基础语义模糊匹配通过
2026-03-02 16:44:14,515 - INFO - CaseID:2491 - TAG字段：有交集（{'葡萄藤', '有毒'}），判定通过
2026-03-02 16:44:14,515 - INFO - CaseID:2491 - 整体结果: PASS | 详情: 所有字段校验通过
2026-03-02 16:44:14,515 - INFO - CaseID:2492 - CATEGORY字段：交集匹配（{'生物'}），判定通过
2026-03-02 16:44:16,108 - INFO - CaseID:2492 - QUERY字段：基础语义模糊匹配通过
2026-03-02 16:44:16,108 - INFO - CaseID:2492 - TAG字段：有交集（{'适宜生长', '木芙蓉', '气候条件'}），判定通过
2026-03-02 16:44:16,108 - INFO - CaseID:2492 - 整体结果: PASS | 详情: 所有字段校验通过
2026-03-02 16:44:16,108 - INFO - CaseID:2493 - CATEGORY字段：交集匹配（{'生物'}），判定通过
2026-03-02 16:44:17,360 - INFO - CaseID:2493 - QUERY字段：基础语义模糊匹配通过
2026-03-02 16:44:17,361 - INFO - CaseID:2493 - TAG字段：有交集（{'木芙蓉'}），判定通过
2026-03-02 16:44:17,361 - INFO - CaseID:2493 - 整体结果: PASS | 详情: 所有字段校验通过
2026-03-02 16:44:17,362 - INFO - CaseID:2494 - CATEGORY字段：交集匹配（{'生物'}），判定通过
2026-03-02 16:44:18,929 - INFO - CaseID:2494 - QUERY字段：基础语义模糊匹配通过
2026-03-02 16:44:18,930 - INFO - CaseID:2494 - TAG字段：有交集（{'柚子树'}），判定通过
2026-03-02 16:44:18,930 - INFO - CaseID:2494 - 整体结果: PASS | 详情: 所有字段校验通过
2026-03-02 16:44:18,930 - INFO - CaseID:2495 - CATEGORY字段：交集匹配（{'健康'}），判定通过
2026-03-02 16:44:20,865 - INFO - CaseID:2495 - QUERY字段：基础语义模糊匹配通过
2026-03-02 16:44:20,865 - INFO - CaseID:2495 - TAG字段：有交集（{'医学作用', '柚子'}），判定通过
2026-03-02 16:44:20,866 - INFO - CaseID:2495 - 整体结果: PASS | 详情: 所有字段校验通过
2026-03-02 16:44:20,866 - INFO - CaseID:2496 - CATEGORY字段：标准答案含「其他问答」，模型输出任意值通过
2026-03-02 16:44:22,502 - INFO - CaseID:2496 - QUERY字段：基础语义模糊匹配通过
2026-03-02 16:44:22,503 - INFO - CaseID:2496 - TAG字段：有交集（{'百合科', '花卉'}），判定通过
2026-03-02 16:44:22,503 - INFO - CaseID:2496 - 整体结果: PASS | 详情: 所有字段校验通过
2026-03-02 16:44:22,503 - INFO - CaseID:2497 - CATEGORY字段：交集匹配（{'生物'}），判定通过
2026-03-02 16:44:23,730 - INFO - CaseID:2497 - QUERY字段：基础语义模糊匹配通过
2026-03-02 16:44:23,730 - INFO - CaseID:2497 - TAG字段：有交集（{'开花', '颜色', '郁金香'}），判定通过
2026-03-02 16:44:23,731 - INFO - CaseID:2497 - 整体结果: PASS | 详情: 所有字段校验通过
2026-03-02 16:44:23,731 - INFO - CaseID:2498 - CATEGORY字段：交集匹配（{'生物'}），判定通过
2026-03-02 16:44:24,853 - INFO - CaseID:2498 - QUERY字段：基础语义模糊匹配通过
2026-03-02 16:44:24,853 - INFO - CaseID:2498 - TAG字段：有交集（{'别名', '水仙百合'}），判定通过
2026-03-02 16:44:24,853 - INFO - CaseID:2498 - 整体结果: PASS | 详情: 所有字段校验通过
2026-03-02 16:44:24,853 - INFO - CaseID:2499 - CATEGORY字段：交集匹配（{'生物'}），判定通过
2026-03-02 16:44:27,027 - INFO - CaseID:2499 - QUERY字段：基础语义模糊匹配通过
2026-03-02 16:44:27,027 - INFO - CaseID:2499 - TAG字段：有交集（{'落羽杉', '通常'}），判定通过
2026-03-02 16:44:27,028 - INFO - CaseID:2499 - 整体结果: PASS | 详情: 所有字段校验通过
2026-03-02 16:44:27,028 - INFO - CaseID:2500 - CATEGORY字段：交集匹配（{'生物'}），判定通过
2026-03-02 16:44:28,157 - INFO - CaseID:2500 - QUERY字段：基础语义模糊匹配通过
2026-03-02 16:44:28,157 - INFO - CaseID:2500 - TAG字段：有交集（{'水杉'}），判定通过
2026-03-02 16:44:28,157 - INFO - CaseID:2500 - 整体结果: PASS | 详情: 所有字段校验通过
2026-03-02 16:44:28,157 - INFO - 进度：2500/2542  通过：2406  通过率：96.24%
2026-03-02 16:44:28,158 - INFO - CaseID:2501 - CATEGORY字段：交集匹配（{'生物'}），判定通过
2026-03-02 16:44:29,398 - INFO - CaseID:2501 - QUERY字段：基础语义模糊匹配通过
2026-03-02 16:44:29,398 - INFO - CaseID:2501 - TAG字段：有交集（{'特点', '水杉', '分布地区'}），判定通过
2026-03-02 16:44:29,399 - INFO - CaseID:2501 - 整体结果: PASS | 详情: 所有字段校验通过
2026-03-02 16:44:29,399 - INFO - CaseID:2502 - CATEGORY字段：交集匹配（{'生物'}），判定通过
2026-03-02 16:44:30,612 - INFO - CaseID:2502 - QUERY字段：基础语义模糊匹配通过
2026-03-02 16:44:30,612 - INFO - CaseID:2502 - TAG字段：有交集（{'雏菊', '颜色'}），判定通过
2026-03-02 16:44:30,613 - INFO - CaseID:2502 - 整体结果: PASS | 详情: 所有字段校验通过
2026-03-02 16:44:30,613 - INFO - CaseID:2503 - CATEGORY字段：触发白名单（生物→健康），判定通过
2026-03-02 16:44:31,718 - INFO - CaseID:2503 - QUERY字段：基础语义模糊匹配通过
2026-03-02 16:44:31,718 - INFO - CaseID:2503 - TAG字段：有交集（{'功效', '洋甘菊'}），判定通过
2026-03-02 16:44:31,718 - INFO - CaseID:2503 - 整体结果: PASS | 详情: 所有字段校验通过
2026-03-02 16:44:31,719 - INFO - CaseID:2504 - CATEGORY字段：触发白名单（生物→健康），判定通过
2026-03-02 16:44:33,023 - INFO - CaseID:2504 - QUERY字段：基础语义模糊匹配通过
2026-03-02 16:44:33,024 - INFO - CaseID:2504 - TAG字段：有交集（{'果实', '中药药材', '海棠树'}），判定通过
2026-03-02 16:44:33,024 - INFO - CaseID:2504 - 整体结果: PASS | 详情: 所有字段校验通过
2026-03-02 16:44:33,025 - INFO - CaseID:2505 - CATEGORY字段：交集匹配（{'生物'}），判定通过
2026-03-02 16:44:34,167 - INFO - CaseID:2505 - QUERY字段：基础语义模糊匹配通过
2026-03-02 16:44:34,168 - INFO - CaseID:2505 - TAG字段：有交集（{'适宜生长', '海棠树', '土壤类型'}），判定通过
2026-03-02 16:44:34,168 - INFO - CaseID:2505 - 整体结果: PASS | 详情: 所有字段校验通过
2026-03-02 16:44:34,168 - INFO - CaseID:2506 - CATEGORY字段：交集匹配（{'生物'}），判定通过
2026-03-02 16:44:35,693 - INFO - CaseID:2506 - QUERY字段：基础语义模糊匹配通过
2026-03-02 16:44:35,693 - INFO - CaseID:2506 - TAG字段：有交集（{'拉丁学名', '海棠树'}），判定通过
2026-03-02 16:44:35,693 - INFO - CaseID:2506 - 整体结果: PASS | 详情: 所有字段校验通过
2026-03-02 16:44:35,693 - INFO - CaseID:2507 - CATEGORY字段：交集匹配（{'生物'}），判定通过
2026-03-02 16:44:36,862 - INFO - CaseID:2507 - QUERY字段：基础语义模糊匹配通过
2026-03-02 16:44:36,866 - INFO - CaseID:2507 - TAG字段：有交集（{'植物'}），判定通过
2026-03-02 16:44:36,872 - INFO - CaseID:2507 - 整体结果: PASS | 详情: 所有字段校验通过
2026-03-02 16:44:36,879 - INFO - CaseID:2508 - CATEGORY字段：交集匹配（{'生物'}），判定通过
2026-03-02 16:44:38,064 - INFO - CaseID:2508 - QUERY字段：基础语义模糊匹配通过
2026-03-02 16:44:38,064 - INFO - CaseID:2508 - TAG字段：有交集（{'玉兰树', '植物保护等级'}），判定通过
2026-03-02 16:44:38,064 - INFO - CaseID:2508 - 整体结果: PASS | 详情: 所有字段校验通过
2026-03-02 16:44:38,065 - INFO - CaseID:2509 - CATEGORY字段：交集匹配（{'生物'}），判定通过
2026-03-02 16:44:39,358 - INFO - CaseID:2509 - QUERY字段：基础语义模糊匹配通过
2026-03-02 16:44:39,359 - INFO - CaseID:2509 - TAG字段：有交集（{'玉兰树', '高度'}），判定通过
2026-03-02 16:44:39,359 - INFO - CaseID:2509 - 整体结果: PASS | 详情: 所有字段校验通过
2026-03-02 16:44:39,359 - INFO - CaseID:2510 - CATEGORY字段：交集匹配（{'生物'}），判定通过
2026-03-02 16:44:40,447 - INFO - CaseID:2510 - QUERY字段：基础语义模糊匹配通过
2026-03-02 16:44:40,447 - INFO - CaseID:2510 - TAG字段：有交集（{'龟背竹', '喜光植物'}），判定通过
2026-03-02 16:44:40,447 - INFO - CaseID:2510 - 整体结果: PASS | 详情: 所有字段校验通过
2026-03-02 16:44:40,447 - INFO - CaseID:2511 - CATEGORY字段：交集匹配（{'生物'}），判定通过
2026-03-02 16:44:42,913 - INFO - CaseID:2511 - QUERY字段：基础语义模糊匹配通过
2026-03-02 16:44:42,915 - INFO - CaseID:2511 - TAG字段：有交集（{'龟背竹', '科属'}），判定通过
2026-03-02 16:44:42,915 - INFO - CaseID:2511 - 整体结果: PASS | 详情: 所有字段校验通过
2026-03-02 16:44:44,446 - INFO - CaseID:2512 - QUERY字段：基础语义模糊匹配通过
2026-03-02 16:44:44,446 - INFO - CaseID:2512 - 整体结果: FAILED | 详情: APINAME不匹配：预期[visual_search]，实际[worthbuy]; CATEGORY不匹配：一方为空 - 预期[]，实际[商品查询-确定商品]; TAG不匹配：一方为空 - 预期[]，实际[黑色T恤&材质]
2026-03-02 16:44:45,876 - INFO - CaseID:2513 - QUERY字段：基础语义模糊匹配通过
2026-03-02 16:44:45,876 - INFO - CaseID:2513 - 整体结果: PASS | 详情: 所有字段校验通过
2026-03-02 16:44:46,991 - INFO - CaseID:2514 - QUERY字段：基础语义模糊匹配通过
2026-03-02 16:44:46,991 - INFO - CaseID:2514 - 整体结果: PASS | 详情: 所有字段校验通过
2026-03-02 16:44:48,161 - INFO - CaseID:2515 - QUERY字段：基础语义模糊匹配通过
2026-03-02 16:44:48,162 - INFO - CaseID:2515 - 整体结果: PASS | 详情: 所有字段校验通过
2026-03-02 16:44:48,163 - INFO - CaseID:2516 - CATEGORY字段：触发白名单（地理→地理通用），判定通过
2026-03-02 16:44:49,383 - INFO - CaseID:2516 - QUERY字段：基础语义模糊匹配通过
2026-03-02 16:44:49,383 - INFO - CaseID:2516 - TAG字段：有交集（{'平均温度', '北方', '冬天'}），判定通过
2026-03-02 16:44:49,383 - INFO - CaseID:2516 - 整体结果: PASS | 详情: 所有字段校验通过
2026-03-02 16:44:50,559 - INFO - CaseID:2517 - QUERY字段：基础语义模糊匹配通过
2026-03-02 16:44:50,562 - INFO - CaseID:2517 - 整体结果: PASS | 详情: 所有字段校验通过
2026-03-02 16:44:51,713 - INFO - CaseID:2518 - 整体结果: FAILED | 详情: APINAME不匹配：预期[visual_search]，实际[worthbuy]; CATEGORY不匹配：一方为空 - 预期[]，实际[商品推荐]; QUERY不匹配：基础语义模糊匹配失败 - 预期[这件夹克的款式怎么样]，实际[黑色防风防水夹克的款式]; TAG不匹配：一方为空 - 预期[]，实际[黑色&防风防水夹克&款式]
2026-03-02 16:44:52,891 - INFO - CaseID:2519 - QUERY字段：基础语义模糊匹配通过
2026-03-02 16:44:52,892 - INFO - CaseID:2519 - 整体结果: PASS | 详情: 所有字段校验通过
2026-03-02 16:44:52,892 - INFO - CaseID:2520 - APINAME字段：QASearch↔worthbuy，判定通过
2026-03-02 16:44:52,892 - INFO - CaseID:2520 - CATEGORY字段：标准答案含「其他问答」，模型输出任意值通过
2026-03-02 16:44:54,627 - INFO - CaseID:2520 - QUERY字段：基础语义模糊匹配通过
2026-03-02 16:44:54,627 - INFO - CaseID:2520 - TAG字段：有交集（{'牛仔裤'}），判定通过
2026-03-02 16:44:54,628 - INFO - CaseID:2520 - 整体结果: PASS | 详情: 所有字段校验通过
2026-03-02 16:44:54,628 - INFO - CaseID:2521 - APINAME字段：QASearch↔worthbuy，判定通过
2026-03-02 16:44:54,628 - INFO - CaseID:2521 - CATEGORY字段：标准答案含「其他问答」，模型输出任意值通过
2026-03-02 16:44:55,765 - INFO - CaseID:2521 - QUERY字段：基础语义模糊匹配通过
2026-03-02 16:44:55,765 - INFO - CaseID:2521 - TAG字段：有交集（{'灰色休闲服'}），判定通过
2026-03-02 16:44:55,765 - INFO - CaseID:2521 - 整体结果: PASS | 详情: 所有字段校验通过
2026-03-02 16:44:56,869 - INFO - CaseID:2522 - QUERY字段：基础语义模糊匹配通过
2026-03-02 16:44:56,870 - INFO - CaseID:2522 - 整体结果: PASS | 详情: 所有字段校验通过
2026-03-02 16:44:56,870 - INFO - CaseID:2523 - APINAME字段：QASearch↔worthbuy，判定通过
2026-03-02 16:44:56,871 - INFO - CaseID:2523 - CATEGORY字段：标准答案含「其他问答」，模型输出任意值通过
2026-03-02 16:44:58,273 - INFO - CaseID:2523 - QUERY字段：基础语义模糊匹配通过
2026-03-02 16:44:58,274 - INFO - CaseID:2523 - TAG字段：有交集（{'裤子', '适合搭配', '颜色', '灰色上衣'}），判定通过
2026-03-02 16:44:58,274 - INFO - CaseID:2523 - 整体结果: PASS | 详情: 所有字段校验通过
2026-03-02 16:44:58,275 - INFO - CaseID:2524 - APINAME字段：QASearch↔worthbuy，判定通过
2026-03-02 16:44:58,275 - INFO - CaseID:2524 - CATEGORY字段：标准答案含「其他问答」，模型输出任意值通过
2026-03-02 16:44:59,551 - INFO - CaseID:2524 - QUERY字段：基础语义模糊匹配通过
2026-03-02 16:44:59,551 - INFO - CaseID:2524 - TAG字段：有交集（{'选择外套'}），判定通过
2026-03-02 16:44:59,552 - INFO - CaseID:2524 - 整体结果: PASS | 详情: 所有字段校验通过
2026-03-02 16:44:59,552 - INFO - CaseID:2525 - CATEGORY字段：模型输出含「其他问答」，该字段通过
2026-03-02 16:45:00,705 - INFO - CaseID:2525 - QUERY字段：基础语义模糊匹配通过
2026-03-02 16:45:00,706 - INFO - CaseID:2525 - 整体结果: FAILED | 详情: APINAME不匹配：预期[visual_search]，实际[QASearch]; TAG不匹配：一方为空 - 预期[]，实际[拼色毛衣&编织方法]
2026-03-02 16:45:01,933 - INFO - CaseID:2526 - QUERY字段：基础语义模糊匹配通过
2026-03-02 16:45:01,934 - INFO - CaseID:2526 - 整体结果: PASS | 详情: 所有字段校验通过
2026-03-02 16:45:03,463 - INFO - CaseID:2527 - QUERY字段：基础语义模糊匹配通过
2026-03-02 16:45:03,464 - INFO - CaseID:2527 - 整体结果: PASS | 详情: 所有字段校验通过
2026-03-02 16:45:04,571 - INFO - CaseID:2528 - QUERY字段：基础语义模糊匹配通过
2026-03-02 16:45:04,572 - INFO - CaseID:2528 - 整体结果: FAILED | 详情: APINAME不匹配：预期[visual_search]，实际[worthbuy]; CATEGORY不匹配：一方为空 - 预期[]，实际[商品推荐]; TAG不匹配：一方为空 - 预期[]，实际[红白格纹外套&搭配&包包]
2026-03-02 16:45:05,722 - INFO - CaseID:2529 - QUERY字段：基础语义模糊匹配通过
2026-03-02 16:45:05,722 - INFO - CaseID:2529 - 整体结果: PASS | 详情: 所有字段校验通过
2026-03-02 16:45:06,963 - INFO - CaseID:2530 - QUERY字段：基础语义模糊匹配通过
2026-03-02 16:45:06,966 - INFO - CaseID:2530 - 整体结果: PASS | 详情: 所有字段校验通过
2026-03-02 16:45:08,378 - INFO - CaseID:2531 - QUERY字段：基础语义模糊匹配通过
2026-03-02 16:45:08,379 - INFO - CaseID:2531 - 整体结果: PASS | 详情: 所有字段校验通过
2026-03-02 16:45:09,614 - INFO - CaseID:2532 - QUERY字段：基础语义模糊匹配通过
2026-03-02 16:45:09,614 - INFO - CaseID:2532 - 整体结果: PASS | 详情: 所有字段校验通过
2026-03-02 16:45:09,615 - INFO - CaseID:2533 - CATEGORY字段：标准答案含「其他问答」，模型输出任意值通过
2026-03-02 16:45:10,899 - INFO - CaseID:2533 - QUERY字段：基础语义模糊匹配通过
2026-03-02 16:45:10,900 - INFO - CaseID:2533 - 整体结果: FAILED | 详情: APINAME不匹配：预期[QASearch]，实际[visual_search]; TAG不匹配：一方为空 - 预期[羽绒服&价格]，实际[]
2026-03-02 16:45:10,901 - INFO - CaseID:2534 - APINAME字段：QASearch↔worthbuy，判定通过
2026-03-02 16:45:10,901 - INFO - CaseID:2534 - CATEGORY字段：标准答案含「其他问答」，模型输出任意值通过
2026-03-02 16:45:12,448 - INFO - CaseID:2534 - QUERY字段：基础语义模糊匹配通过
2026-03-02 16:45:12,449 - INFO - CaseID:2534 - TAG字段：有交集（{'浅色羽绒服', '内搭', '版型'}），判定通过
2026-03-02 16:45:12,450 - INFO - CaseID:2534 - 整体结果: PASS | 详情: 所有字段校验通过
2026-03-02 16:45:14,294 - INFO - CaseID:2535 - QUERY字段：基础语义模糊匹配通过
2026-03-02 16:45:14,295 - INFO - CaseID:2535 - 整体结果: PASS | 详情: 所有字段校验通过
2026-03-02 16:45:15,470 - INFO - CaseID:2536 - QUERY字段：基础语义模糊匹配通过
2026-03-02 16:45:15,470 - INFO - CaseID:2536 - 整体结果: PASS | 详情: 所有字段校验通过
2026-03-02 16:45:16,763 - INFO - CaseID:2537 - QUERY字段：基础语义模糊匹配通过
2026-03-02 16:45:16,763 - INFO - CaseID:2537 - 整体结果: FAILED | 详情: APINAME不匹配：预期[visual_search]，实际[worthbuy]; CATEGORY不匹配：一方为空 - 预期[]，实际[商品查询-不确定商品]; TAG不匹配：一方为空 - 预期[]，实际[条纹衬衫&材质]
2026-03-02 16:45:17,907 - INFO - CaseID:2538 - QUERY字段：基础语义模糊匹配通过
2026-03-02 16:45:17,907 - INFO - CaseID:2538 - 整体结果: PASS | 详情: 所有字段校验通过
2026-03-02 16:45:19,350 - INFO - CaseID:2539 - QUERY字段：基础语义模糊匹配通过
2026-03-02 16:45:19,351 - INFO - CaseID:2539 - 整体结果: PASS | 详情: 所有字段校验通过
2026-03-02 16:45:20,874 - INFO - CaseID:2540 - QUERY字段：基础语义模糊匹配通过
2026-03-02 16:45:20,874 - INFO - CaseID:2540 - 整体结果: FAILED | 详情: APINAME不匹配：预期[visual_search]，实际[worthbuy]; CATEGORY不匹配：一方为空 - 预期[]，实际[商品推荐]; TAG不匹配：一方为空 - 预期[]，实际[蓝色条纹衬衫&适合&穿着年龄]
2026-03-02 16:45:20,874 - INFO - CaseID:2541 - CATEGORY字段：触发白名单（人物→影视），判定通过
2026-03-02 16:45:22,510 - INFO - CaseID:2541 - TAG字段：有交集（{'rocky'}），判定通过
2026-03-02 16:45:22,510 - INFO - CaseID:2541 - 整体结果: FAILED | 详情: QUERY不匹配：基础语义模糊匹配失败 - 预期[Rocky的中文名字]，实际[汪汪队立大功Rocky的中文名字]
2026-03-02 16:45:22,511 - INFO - CaseID:2542 - CATEGORY字段：触发白名单（人物→影视），判定通过
2026-03-02 16:45:24,377 - INFO - CaseID:2542 - QUERY字段：基础语义模糊匹配通过
2026-03-02 16:45:24,377 - INFO - CaseID:2542 - TAG字段：有交集（{'动画', '小克'}），判定通过
2026-03-02 16:45:24,377 - INFO - CaseID:2542 - 整体结果: PASS | 详情: 所有字段校验通过
2026-03-02 16:48:15,081 - INFO - 
=== 执行完成 ===
2026-03-02 16:48:15,083 - INFO - 总耗时：4267.13s ≈ 71.1min
2026-03-02 16:48:15,083 - INFO - 总用例：2542  PASS：2440  通过率：95.99%
