2026-02-27 02:43:28,357 - INFO - === 看世界规划对比工具（单线程稳定版）启动 ===
2026-02-27 02:43:28,461 - INFO - 成功加载飞书表格
2026-02-27 02:43:33,421 - INFO - 已读取100行数据
2026-02-27 02:43:33,929 - INFO - 已读取200行数据
2026-02-27 02:43:34,437 - INFO - 已读取300行数据
2026-02-27 02:43:34,947 - INFO - 已读取400行数据
2026-02-27 02:43:35,459 - INFO - 已读取500行数据
2026-02-27 02:43:36,311 - INFO - 已读取600行数据
2026-02-27 02:43:36,820 - INFO - 已读取700行数据
2026-02-27 02:43:37,326 - INFO - 已读取800行数据
2026-02-27 02:43:37,836 - INFO - 已读取900行数据
2026-02-27 02:43:38,344 - INFO - 已读取1000行数据
2026-02-27 02:43:39,221 - INFO - 已读取1100行数据
2026-02-27 02:43:39,731 - INFO - 已读取1200行数据
2026-02-27 02:43:40,236 - INFO - 已读取1300行数据
2026-02-27 02:43:40,746 - INFO - 已读取1400行数据
2026-02-27 02:43:41,253 - INFO - 已读取1500行数据
2026-02-27 02:43:42,132 - INFO - 已读取1600行数据
2026-02-27 02:43:42,637 - INFO - 已读取1700行数据
2026-02-27 02:43:43,144 - INFO - 已读取1800行数据
2026-02-27 02:43:43,653 - INFO - 已读取1900行数据
2026-02-27 02:43:44,160 - INFO - 已读取2000行数据
2026-02-27 02:43:45,011 - INFO - 已读取2100行数据
2026-02-27 02:43:45,518 - INFO - 已读取2200行数据
2026-02-27 02:43:46,027 - INFO - 已读取2300行数据
2026-02-27 02:43:46,533 - INFO - 表格读取完成，共读取2393行有效数据
2026-02-27 02:43:47,511 - INFO - CaseID:1 - QUERY字段：基础语义模糊匹配通过
2026-02-27 02:43:47,511 - INFO - CaseID:1 - 整体结果: PASS | 详情: 所有字段校验通过
2026-02-27 02:43:51,609 - INFO - CaseID:2 - QUERY字段：基础语义模糊匹配通过
2026-02-27 02:43:51,610 - INFO - CaseID:2 - 整体结果: PASS | 详情: 所有字段校验通过
2026-02-27 02:43:55,484 - INFO - CaseID:3 - QUERY字段：基础语义模糊匹配通过
2026-02-27 02:43:55,484 - INFO - CaseID:3 - 整体结果: PASS | 详情: 所有字段校验通过
2026-02-27 02:43:59,614 - INFO - CaseID:4 - QUERY字段：基础语义模糊匹配通过
2026-02-27 02:43:59,615 - INFO - CaseID:4 - 整体结果: PASS | 详情: 所有字段校验通过
2026-02-27 02:44:03,587 - INFO - CaseID:5 - QUERY字段：基础语义模糊匹配通过
2026-02-27 02:44:03,587 - INFO - CaseID:5 - 整体结果: PASS | 详情: 所有字段校验通过
2026-02-27 02:44:07,389 - INFO - CaseID:6 - QUERY字段：基础语义模糊匹配通过
2026-02-27 02:44:07,390 - INFO - CaseID:6 - 整体结果: PASS | 详情: 所有字段校验通过
2026-02-27 02:44:11,783 - INFO - CaseID:7 - QUERY字段：基础语义模糊匹配通过
2026-02-27 02:44:11,784 - INFO - CaseID:7 - 整体结果: PASS | 详情: 所有字段校验通过
2026-02-27 02:44:15,672 - INFO - CaseID:8 - QUERY字段：基础语义模糊匹配通过
2026-02-27 02:44:15,672 - INFO - CaseID:8 - 整体结果: PASS | 详情: 所有字段校验通过
2026-02-27 02:44:20,628 - INFO - CaseID:9 - QUERY字段：基础语义模糊匹配通过
2026-02-27 02:44:20,629 - INFO - CaseID:9 - 整体结果: PASS | 详情: 所有字段校验通过
2026-02-27 02:44:24,685 - INFO - CaseID:10 - QUERY字段：基础语义模糊匹配通过
2026-02-27 02:44:24,685 - INFO - CaseID:10 - 整体结果: PASS | 详情: 所有字段校验通过
2026-02-27 02:44:28,675 - INFO - CaseID:11 - QUERY字段：基础语义模糊匹配通过
2026-02-27 02:44:28,675 - INFO - CaseID:11 - 整体结果: PASS | 详情: 所有字段校验通过
2026-02-27 02:44:32,673 - INFO - CaseID:12 - QUERY字段：基础语义模糊匹配通过
2026-02-27 02:44:32,674 - INFO - CaseID:12 - 整体结果: PASS | 详情: 所有字段校验通过
2026-02-27 02:44:32,674 - INFO - CaseID:13 - 整体结果: FAILED | 详情: 模型输出核心字段全为空，判定不通过
2026-02-27 02:44:32,674 - INFO - CaseID:14 - 整体结果: FAILED | 详情: 模型输出核心字段全为空，判定不通过
2026-02-27 02:44:36,285 - INFO - CaseID:15 - QUERY字段：基础语义模糊匹配通过
2026-02-27 02:44:36,286 - INFO - CaseID:15 - 整体结果: FAILED | 详情: APINAME不匹配：预期[visual_search]，实际[QASearch]; CATEGORY不匹配：一方为空 - 预期[]，实际[生物]; TAG不匹配：一方为空 - 预期[]，实际[这棵树&开花时间]
2026-02-27 02:44:40,658 - INFO - CaseID:16 - 整体结果: FAILED | 详情: APINAME不匹配：预期[visual_search]，实际[QASearch]; CATEGORY不匹配：一方为空 - 预期[]，实际[生物]; QUERY不匹配：基础语义模糊匹配失败 - 预期[这棵树多少年会开花结果]，实际[常见树木开花结果的年份]; TAG不匹配：一方为空 - 预期[]，实际[常见树木&开花结果&年份]
2026-02-27 02:44:44,652 - INFO - CaseID:17 - QUERY字段：基础语义模糊匹配通过
2026-02-27 02:44:44,653 - INFO - CaseID:17 - 整体结果: PASS | 详情: 所有字段校验通过
2026-02-27 02:44:48,648 - INFO - CaseID:18 - QUERY字段：基础语义模糊匹配通过
2026-02-27 02:44:48,649 - INFO - CaseID:18 - 整体结果: FAILED | 详情: APINAME不匹配：预期[visual_search]，实际[QASearch]; CATEGORY不匹配：一方为空 - 预期[]，实际[生物]; TAG不匹配：一方为空 - 预期[]，实际[发财树&养护方法]
2026-02-27 02:44:52,537 - INFO - CaseID:19 - QUERY字段：基础语义模糊匹配通过
2026-02-27 02:44:52,538 - INFO - CaseID:19 - 整体结果: PASS | 详情: 所有字段校验通过
2026-02-27 02:44:56,194 - INFO - CaseID:20 - QUERY字段：基础语义模糊匹配通过
2026-02-27 02:44:56,195 - INFO - CaseID:20 - 整体结果: FAILED | 详情: APINAME不匹配：预期[visual_search]，实际[QASearch]; CATEGORY不匹配：一方为空 - 预期[]，实际[生物]; TAG不匹配：一方为空 - 预期[]，实际[紫色&球形&花]
2026-02-27 02:45:00,162 - INFO - CaseID:21 - QUERY字段：基础语义模糊匹配通过
2026-02-27 02:45:00,163 - INFO - CaseID:21 - 整体结果: PASS | 详情: 所有字段校验通过
2026-02-27 02:45:04,011 - INFO - CaseID:22 - QUERY字段：基础语义模糊匹配通过
2026-02-27 02:45:04,011 - INFO - CaseID:22 - 整体结果: PASS | 详情: 所有字段校验通过
2026-02-27 02:45:08,345 - INFO - CaseID:23 - 整体结果: FAILED | 详情: APINAME不匹配：预期[visual_search]，实际[QASearch]; CATEGORY不匹配：一方为空 - 预期[]，实际[生物]; QUERY不匹配：基础语义模糊匹配失败 - 预期[这是月季还是玫瑰]，实际[月季的简介]; TAG不匹配：一方为空 - 预期[]，实际[月季&简介]
2026-02-27 02:45:12,609 - INFO - CaseID:24 - QUERY字段：基础语义模糊匹配通过
2026-02-27 02:45:12,609 - INFO - CaseID:24 - 整体结果: PASS | 详情: 所有字段校验通过
2026-02-27 02:45:16,516 - INFO - CaseID:25 - 整体结果: FAILED | 详情: APINAME不匹配：预期[visual_search]，实际[QASearch]; CATEGORY不匹配：一方为空 - 预期[]，实际[地理通用]; QUERY不匹配：基础语义模糊匹配失败 - 预期[地里长的什么花]，实际[北京朝阳区2026年2月常见农田花卉]; TAG不匹配：一方为空 - 预期[]，实际[北京朝阳区&2026年2月&常见农田花卉]
2026-02-27 02:45:16,517 - INFO - CaseID:26 - 整体结果: FAILED | 详情: 模型输出核心字段全为空，判定不通过
2026-02-27 02:45:20,493 - INFO - CaseID:27 - QUERY字段：基础语义模糊匹配通过
2026-02-27 02:45:20,494 - INFO - CaseID:27 - 整体结果: PASS | 详情: 所有字段校验通过
2026-02-27 02:45:24,208 - INFO - CaseID:28 - QUERY字段：基础语义模糊匹配通过
2026-02-27 02:45:24,209 - INFO - CaseID:28 - 整体结果: FAILED | 详情: APINAME不匹配：预期[visual_search]，实际[QASearch]; CATEGORY不匹配：一方为空 - 预期[]，实际[生物]; TAG不匹配：一方为空 - 预期[]，实际[这个&一般&开花时间]
2026-02-27 02:45:28,275 - INFO - CaseID:29 - QUERY字段：基础语义模糊匹配通过
2026-02-27 02:45:28,276 - INFO - CaseID:29 - 整体结果: PASS | 详情: 所有字段校验通过
2026-02-27 02:45:35,849 - INFO - CaseID:30 - QUERY字段：语义匹配失败，但visual_search链路意图匹配通过
2026-02-27 02:45:35,850 - INFO - CaseID:30 - 整体结果: PASS | 详情: 所有字段校验通过
2026-02-27 02:45:35,850 - INFO - CaseID:31 - 整体结果: FAILED | 详情: 模型输出核心字段全为空，判定不通过
2026-02-27 02:45:41,092 - INFO - CaseID:32 - QUERY字段：基础语义模糊匹配通过
2026-02-27 02:45:41,092 - INFO - CaseID:32 - 整体结果: PASS | 详情: 所有字段校验通过
2026-02-27 02:45:45,698 - INFO - CaseID:33 - QUERY字段：基础语义模糊匹配通过
2026-02-27 02:45:45,698 - INFO - CaseID:33 - 整体结果: PASS | 详情: 所有字段校验通过
2026-02-27 02:45:50,019 - INFO - CaseID:34 - 整体结果: FAILED | 详情: APINAME不匹配：预期[visual_search]，实际[QASearch]; CATEGORY不匹配：一方为空 - 预期[]，实际[生物]; QUERY不匹配：基础语义模糊匹配失败 - 预期[这个和中华木绣球有什么区别]，实际[中华木绣球的植物学特征]; TAG不匹配：一方为空 - 预期[]，实际[中华木绣球&植物学特征]
2026-02-27 02:45:53,997 - INFO - CaseID:35 - QUERY字段：基础语义模糊匹配通过
2026-02-27 02:45:53,998 - INFO - CaseID:35 - 整体结果: PASS | 详情: 所有字段校验通过
2026-02-27 02:45:57,891 - INFO - CaseID:36 - QUERY字段：基础语义模糊匹配通过
2026-02-27 02:45:57,892 - INFO - CaseID:36 - 整体结果: PASS | 详情: 所有字段校验通过
2026-02-27 02:46:02,217 - INFO - CaseID:37 - 整体结果: FAILED | 详情: APINAME不匹配：预期[visual_search]，实际[QASearch]; CATEGORY不匹配：一方为空 - 预期[]，实际[生物]; QUERY不匹配：基础语义模糊匹配失败 - 预期[这个是布鲁诺绿菊吗]，实际[布鲁诺绿菊的特征]; TAG不匹配：一方为空 - 预期[]，实际[布鲁诺绿菊&特征]
2026-02-27 02:46:10,522 - INFO - CaseID:38 - QUERY字段：语义匹配失败，但visual_search链路意图匹配通过
2026-02-27 02:46:10,522 - INFO - CaseID:38 - 整体结果: PASS | 详情: 所有字段校验通过
2026-02-27 02:46:15,278 - INFO - CaseID:39 - QUERY字段：基础语义模糊匹配通过
2026-02-27 02:46:15,279 - INFO - CaseID:39 - 整体结果: PASS | 详情: 所有字段校验通过
2026-02-27 02:46:19,271 - INFO - CaseID:40 - QUERY字段：基础语义模糊匹配通过
2026-02-27 02:46:19,272 - INFO - CaseID:40 - 整体结果: FAILED | 详情: APINAME不匹配：预期[visual_search]，实际[calendar]
2026-02-27 02:46:23,330 - INFO - CaseID:41 - 整体结果: FAILED | 详情: APINAME不匹配：预期[visual_search]，实际[QASearch]; CATEGORY不匹配：一方为空 - 预期[]，实际[生物]; QUERY不匹配：基础语义模糊匹配失败 - 预期[为什么树干上开花]，实际[树干上开花的植物有哪些]; TAG不匹配：一方为空 - 预期[]，实际[树干上&开花&植物]
2026-02-27 02:46:27,362 - INFO - CaseID:42 - QUERY字段：基础语义模糊匹配通过
2026-02-27 02:46:27,363 - INFO - CaseID:42 - 整体结果: PASS | 详情: 所有字段校验通过
2026-02-27 02:46:35,554 - INFO - CaseID:43 - QUERY字段：语义匹配失败，但visual_search链路意图匹配通过
2026-02-27 02:46:35,555 - INFO - CaseID:43 - 整体结果: PASS | 详情: 所有字段校验通过
2026-02-27 02:46:39,444 - INFO - CaseID:44 - QUERY字段：基础语义模糊匹配通过
2026-02-27 02:46:39,445 - INFO - CaseID:44 - 整体结果: FAILED | 详情: APINAME不匹配：预期[visual_search]，实际[QASearch]; CATEGORY不匹配：一方为空 - 预期[]，实际[生物]; TAG不匹配：一方为空 - 预期[]，实际[树&主要价值&方面]
2026-02-27 02:46:43,443 - INFO - CaseID:45 - QUERY字段：基础语义模糊匹配通过
2026-02-27 02:46:43,443 - INFO - CaseID:45 - 整体结果: PASS | 详情: 所有字段校验通过
2026-02-27 02:46:51,258 - INFO - CaseID:46 - QUERY字段：语义匹配失败，但visual_search链路意图匹配通过
2026-02-27 02:46:51,259 - INFO - CaseID:46 - 整体结果: PASS | 详情: 所有字段校验通过
2026-02-27 02:46:55,318 - INFO - CaseID:47 - QUERY字段：基础语义模糊匹配通过
2026-02-27 02:46:55,319 - INFO - CaseID:47 - 整体结果: FAILED | 详情: APINAME不匹配：预期[visual_search]，实际[calendar]
2026-02-27 02:46:59,177 - INFO - CaseID:48 - 整体结果: FAILED | 详情: APINAME不匹配：预期[visual_search]，实际[QASearch]; CATEGORY不匹配：一方为空 - 预期[]，实际[生物]; QUERY不匹配：基础语义模糊匹配失败 - 预期[这棵树看上去有多少岁]，实际[通过树的外观估算年龄的方法]; TAG不匹配：一方为空 - 预期[]，实际[通过树&外观&估算年龄&方法]
2026-02-27 02:47:03,588 - INFO - CaseID:49 - 整体结果: FAILED | 详情: APINAME不匹配：预期[visual_search]，实际[QASearch]; CATEGORY不匹配：一方为空 - 预期[]，实际[生物]; QUERY不匹配：基础语义模糊匹配失败 - 预期[柳树是在什么季节拍的呢]，实际[柳树在不同季节的特征]; TAG不匹配：一方为空 - 预期[]，实际[柳树&不同季节&特征]
2026-02-27 02:47:07,502 - INFO - CaseID:50 - QUERY字段：基础语义模糊匹配通过
2026-02-27 02:47:07,503 - INFO - CaseID:50 - 整体结果: PASS | 详情: 所有字段校验通过
2026-02-27 02:47:17,245 - INFO - CaseID:51 - QUERY字段：语义匹配失败，但visual_search链路意图匹配通过
2026-02-27 02:47:17,245 - INFO - CaseID:51 - 整体结果: PASS | 详情: 所有字段校验通过
2026-02-27 02:47:21,225 - INFO - CaseID:52 - QUERY字段：基础语义模糊匹配通过
2026-02-27 02:47:21,226 - INFO - CaseID:52 - 整体结果: PASS | 详情: 所有字段校验通过
2026-02-27 02:47:25,142 - INFO - CaseID:53 - 整体结果: FAILED | 详情: APINAME不匹配：预期[visual_search]，实际[QASearch]; CATEGORY不匹配：一方为空 - 预期[]，实际[城市]; QUERY不匹配：基础语义模糊匹配失败 - 预期[这是辽宁哪里的车]，实际[辽宁车牌代码]; TAG不匹配：一方为空 - 预期[]，实际[辽宁&车牌代码]
2026-02-27 02:47:33,823 - INFO - CaseID:54 - QUERY字段：语义匹配失败，但visual_search链路意图匹配通过
2026-02-27 02:47:33,823 - INFO - CaseID:54 - 整体结果: PASS | 详情: 所有字段校验通过
2026-02-27 02:47:38,069 - INFO - CaseID:55 - QUERY字段：基础语义模糊匹配通过
2026-02-27 02:47:38,069 - INFO - CaseID:55 - 整体结果: PASS | 详情: 所有字段校验通过
2026-02-27 02:47:41,947 - INFO - CaseID:56 - QUERY字段：基础语义模糊匹配通过
2026-02-27 02:47:41,948 - INFO - CaseID:56 - 整体结果: PASS | 详情: 所有字段校验通过
2026-02-27 02:47:45,800 - INFO - CaseID:57 - 整体结果: FAILED | 详情: APINAME不匹配：预期[visual_search]，实际[QASearch]; CATEGORY不匹配：一方为空 - 预期[]，实际[国家]; QUERY不匹配：基础语义模糊匹配失败 - 预期[这个车牌照代表什么]，实际[中国车牌号码的编码规则]; TAG不匹配：一方为空 - 预期[]，实际[中国&车牌号码&编码规则]
2026-02-27 02:47:53,660 - INFO - CaseID:58 - QUERY字段：语义匹配失败，但visual_search链路意图匹配通过
2026-02-27 02:47:53,660 - INFO - CaseID:58 - 整体结果: PASS | 详情: 所有字段校验通过
2026-02-27 02:47:57,576 - INFO - CaseID:59 - QUERY字段：基础语义模糊匹配通过
2026-02-27 02:47:57,577 - INFO - CaseID:59 - 整体结果: PASS | 详情: 所有字段校验通过
2026-02-27 02:48:01,466 - INFO - CaseID:60 - QUERY字段：基础语义模糊匹配通过
2026-02-27 02:48:01,466 - INFO - CaseID:60 - 整体结果: PASS | 详情: 所有字段校验通过
2026-02-27 02:48:05,341 - INFO - CaseID:61 - QUERY字段：基础语义模糊匹配通过
2026-02-27 02:48:05,342 - INFO - CaseID:61 - 整体结果: PASS | 详情: 所有字段校验通过
2026-02-27 02:48:09,958 - INFO - CaseID:62 - QUERY字段：基础语义模糊匹配通过
2026-02-27 02:48:09,959 - INFO - CaseID:62 - 整体结果: PASS | 详情: 所有字段校验通过
2026-02-27 02:48:18,283 - INFO - CaseID:63 - QUERY字段：语义匹配失败，但visual_search链路意图匹配通过
2026-02-27 02:48:18,283 - INFO - CaseID:63 - 整体结果: PASS | 详情: 所有字段校验通过
2026-02-27 02:48:22,254 - INFO - CaseID:64 - QUERY字段：基础语义模糊匹配通过
2026-02-27 02:48:22,255 - INFO - CaseID:64 - 整体结果: PASS | 详情: 所有字段校验通过
2026-02-27 02:48:25,994 - INFO - CaseID:65 - QUERY字段：基础语义模糊匹配通过
2026-02-27 02:48:25,994 - INFO - CaseID:65 - 整体结果: PASS | 详情: 所有字段校验通过
2026-02-27 02:48:30,154 - INFO - CaseID:66 - QUERY字段：基础语义模糊匹配通过
2026-02-27 02:48:30,155 - INFO - CaseID:66 - 整体结果: PASS | 详情: 所有字段校验通过
2026-02-27 02:48:34,404 - INFO - CaseID:67 - QUERY字段：基础语义模糊匹配通过
2026-02-27 02:48:34,405 - INFO - CaseID:67 - 整体结果: PASS | 详情: 所有字段校验通过
2026-02-27 02:48:38,436 - INFO - CaseID:68 - QUERY字段：基础语义模糊匹配通过
2026-02-27 02:48:38,436 - INFO - CaseID:68 - 整体结果: PASS | 详情: 所有字段校验通过
2026-02-27 02:48:42,336 - INFO - CaseID:69 - QUERY字段：基础语义模糊匹配通过
2026-02-27 02:48:42,337 - INFO - CaseID:69 - 整体结果: PASS | 详情: 所有字段校验通过
2026-02-27 02:48:46,294 - INFO - CaseID:70 - QUERY字段：基础语义模糊匹配通过
2026-02-27 02:48:46,295 - INFO - CaseID:70 - 整体结果: PASS | 详情: 所有字段校验通过
2026-02-27 02:48:54,576 - INFO - CaseID:71 - QUERY字段：语义匹配失败，但visual_search链路意图匹配通过
2026-02-27 02:48:54,577 - INFO - CaseID:71 - 整体结果: PASS | 详情: 所有字段校验通过
2026-02-27 02:48:58,484 - INFO - CaseID:72 - QUERY字段：基础语义模糊匹配通过
2026-02-27 02:48:58,485 - INFO - CaseID:72 - 整体结果: PASS | 详情: 所有字段校验通过
2026-02-27 02:49:02,395 - INFO - CaseID:73 - QUERY字段：基础语义模糊匹配通过
2026-02-27 02:49:02,395 - INFO - CaseID:73 - 整体结果: PASS | 详情: 所有字段校验通过
2026-02-27 02:49:06,394 - INFO - CaseID:74 - QUERY字段：基础语义模糊匹配通过
2026-02-27 02:49:06,395 - INFO - CaseID:74 - 整体结果: PASS | 详情: 所有字段校验通过
2026-02-27 02:49:10,280 - INFO - CaseID:75 - QUERY字段：基础语义模糊匹配通过
2026-02-27 02:49:10,280 - INFO - CaseID:75 - 整体结果: PASS | 详情: 所有字段校验通过
2026-02-27 02:49:14,237 - INFO - CaseID:76 - QUERY字段：基础语义模糊匹配通过
2026-02-27 02:49:14,238 - INFO - CaseID:76 - 整体结果: PASS | 详情: 所有字段校验通过
2026-02-27 02:49:18,373 - INFO - CaseID:77 - QUERY字段：基础语义模糊匹配通过
2026-02-27 02:49:18,373 - INFO - CaseID:77 - 整体结果: PASS | 详情: 所有字段校验通过
2026-02-27 02:49:22,283 - INFO - CaseID:78 - QUERY字段：基础语义模糊匹配通过
2026-02-27 02:49:22,283 - INFO - CaseID:78 - 整体结果: PASS | 详情: 所有字段校验通过
2026-02-27 02:49:26,577 - INFO - CaseID:79 - QUERY字段：基础语义模糊匹配通过
2026-02-27 02:49:26,577 - INFO - CaseID:79 - 整体结果: PASS | 详情: 所有字段校验通过
2026-02-27 02:49:34,262 - INFO - CaseID:80 - QUERY字段：语义匹配失败，但visual_search链路意图匹配通过
2026-02-27 02:49:34,263 - INFO - CaseID:80 - 整体结果: PASS | 详情: 所有字段校验通过
2026-02-27 02:49:38,236 - INFO - CaseID:81 - QUERY字段：基础语义模糊匹配通过
2026-02-27 02:49:38,236 - INFO - CaseID:81 - 整体结果: PASS | 详情: 所有字段校验通过
2026-02-27 02:49:42,197 - INFO - CaseID:82 - QUERY字段：基础语义模糊匹配通过
2026-02-27 02:49:42,197 - INFO - CaseID:82 - 整体结果: PASS | 详情: 所有字段校验通过
2026-02-27 02:49:46,115 - INFO - CaseID:83 - QUERY字段：基础语义模糊匹配通过
2026-02-27 02:49:46,116 - INFO - CaseID:83 - 整体结果: PASS | 详情: 所有字段校验通过
2026-02-27 02:49:49,802 - INFO - CaseID:84 - 整体结果: FAILED | 详情: APINAME不匹配：预期[visual_search]，实际[AUTOSearch]; CATEGORY不匹配：一方为空 - 预期[]，实际[汽车]; QUERY不匹配：基础语义模糊匹配失败 - 预期[这车是从哪个地方来的]，实际[理想汽车的生产制造地点]; TAG不匹配：一方为空 - 预期[]，实际[理想汽车&生产制造地点]
2026-02-27 02:49:54,164 - INFO - CaseID:85 - QUERY字段：基础语义模糊匹配通过
2026-02-27 02:49:54,165 - INFO - CaseID:85 - 整体结果: PASS | 详情: 所有字段校验通过
2026-02-27 02:49:58,282 - INFO - CaseID:86 - QUERY字段：基础语义模糊匹配通过
2026-02-27 02:49:58,282 - INFO - CaseID:86 - 整体结果: PASS | 详情: 所有字段校验通过
2026-02-27 02:50:06,047 - INFO - CaseID:87 - QUERY字段：语义匹配失败，但visual_search链路意图匹配通过
2026-02-27 02:50:06,048 - INFO - CaseID:87 - 整体结果: PASS | 详情: 所有字段校验通过
2026-02-27 02:50:10,039 - INFO - CaseID:88 - QUERY字段：基础语义模糊匹配通过
2026-02-27 02:50:10,039 - INFO - CaseID:88 - 整体结果: PASS | 详情: 所有字段校验通过
2026-02-27 02:50:10,040 - INFO - CaseID:89 - 整体结果: FAILED | 详情: 模型输出核心字段全为空，判定不通过
2026-02-27 02:50:14,501 - INFO - CaseID:90 - QUERY字段：基础语义模糊匹配通过
2026-02-27 02:50:14,501 - INFO - CaseID:90 - 整体结果: PASS | 详情: 所有字段校验通过
2026-02-27 02:50:18,105 - INFO - CaseID:91 - QUERY字段：基础语义模糊匹配通过
2026-02-27 02:50:18,105 - INFO - CaseID:91 - 整体结果: PASS | 详情: 所有字段校验通过
2026-02-27 02:50:22,061 - INFO - CaseID:92 - QUERY字段：基础语义模糊匹配通过
2026-02-27 02:50:22,062 - INFO - CaseID:92 - 整体结果: PASS | 详情: 所有字段校验通过
2026-02-27 02:50:26,160 - INFO - CaseID:93 - QUERY字段：基础语义模糊匹配通过
2026-02-27 02:50:26,160 - INFO - CaseID:93 - 整体结果: PASS | 详情: 所有字段校验通过
2026-02-27 02:50:30,088 - INFO - CaseID:94 - QUERY字段：基础语义模糊匹配通过
2026-02-27 02:50:30,088 - INFO - CaseID:94 - 整体结果: PASS | 详情: 所有字段校验通过
2026-02-27 02:50:33,983 - INFO - CaseID:95 - QUERY字段：基础语义模糊匹配通过
2026-02-27 02:50:33,983 - INFO - CaseID:95 - 整体结果: PASS | 详情: 所有字段校验通过
2026-02-27 02:50:37,919 - INFO - CaseID:96 - QUERY字段：基础语义模糊匹配通过
2026-02-27 02:50:37,920 - INFO - CaseID:96 - 整体结果: PASS | 详情: 所有字段校验通过
2026-02-27 02:50:42,101 - INFO - CaseID:97 - QUERY字段：基础语义模糊匹配通过
2026-02-27 02:50:42,102 - INFO - CaseID:97 - 整体结果: PASS | 详情: 所有字段校验通过
2026-02-27 02:50:45,854 - INFO - CaseID:98 - QUERY字段：基础语义模糊匹配通过
2026-02-27 02:50:45,854 - INFO - CaseID:98 - 整体结果: PASS | 详情: 所有字段校验通过
2026-02-27 02:50:49,869 - INFO - CaseID:99 - QUERY字段：基础语义模糊匹配通过
2026-02-27 02:50:49,869 - INFO - CaseID:99 - 整体结果: PASS | 详情: 所有字段校验通过
2026-02-27 02:50:54,174 - INFO - CaseID:100 - QUERY字段：基础语义模糊匹配通过
2026-02-27 02:50:54,174 - INFO - CaseID:100 - 整体结果: PASS | 详情: 所有字段校验通过
2026-02-27 02:50:58,111 - INFO - CaseID:101 - QUERY字段：基础语义模糊匹配通过
2026-02-27 02:50:58,112 - INFO - CaseID:101 - 整体结果: PASS | 详情: 所有字段校验通过
2026-02-27 02:51:02,009 - INFO - CaseID:102 - 整体结果: FAILED | 详情: APINAME不匹配：预期[visual_search]，实际[QASearch]; CATEGORY不匹配：一方为空 - 预期[]，实际[国家]; QUERY不匹配：基础语义模糊匹配失败 - 预期[识别车牌上的文字信息]，实际[中国车牌号地区代码对照表]; TAG不匹配：一方为空 - 预期[]，实际[中国&车牌号&地区代码对照表]
2026-02-27 02:51:05,791 - INFO - CaseID:103 - QUERY字段：基础语义模糊匹配通过
2026-02-27 02:51:05,791 - INFO - CaseID:103 - 整体结果: PASS | 详情: 所有字段校验通过
2026-02-27 02:51:09,977 - INFO - CaseID:104 - QUERY字段：基础语义模糊匹配通过
2026-02-27 02:51:09,977 - INFO - CaseID:104 - 整体结果: PASS | 详情: 所有字段校验通过
2026-02-27 02:51:13,866 - INFO - CaseID:105 - QUERY字段：基础语义模糊匹配通过
2026-02-27 02:51:13,867 - INFO - CaseID:105 - 整体结果: PASS | 详情: 所有字段校验通过
2026-02-27 02:51:18,383 - INFO - CaseID:106 - QUERY字段：基础语义模糊匹配通过
2026-02-27 02:51:18,384 - INFO - CaseID:106 - 整体结果: PASS | 详情: 所有字段校验通过
2026-02-27 02:51:22,891 - INFO - CaseID:107 - QUERY字段：基础语义模糊匹配通过
2026-02-27 02:51:22,892 - INFO - CaseID:107 - 整体结果: PASS | 详情: 所有字段校验通过
2026-02-27 02:51:28,112 - INFO - CaseID:108 - QUERY字段：基础语义模糊匹配通过
2026-02-27 02:51:28,113 - INFO - CaseID:108 - 整体结果: PASS | 详情: 所有字段校验通过
2026-02-27 02:51:32,300 - INFO - CaseID:109 - QUERY字段：基础语义模糊匹配通过
2026-02-27 02:51:32,301 - INFO - CaseID:109 - 整体结果: PASS | 详情: 所有字段校验通过
2026-02-27 02:51:36,345 - INFO - CaseID:110 - QUERY字段：基础语义模糊匹配通过
2026-02-27 02:51:36,346 - INFO - CaseID:110 - 整体结果: PASS | 详情: 所有字段校验通过
2026-02-27 02:51:40,282 - INFO - CaseID:111 - QUERY字段：基础语义模糊匹配通过
2026-02-27 02:51:40,283 - INFO - CaseID:111 - 整体结果: PASS | 详情: 所有字段校验通过
2026-02-27 02:51:43,912 - INFO - CaseID:112 - QUERY字段：基础语义模糊匹配通过
2026-02-27 02:51:43,913 - INFO - CaseID:112 - 整体结果: PASS | 详情: 所有字段校验通过
2026-02-27 02:51:48,389 - INFO - CaseID:113 - QUERY字段：基础语义模糊匹配通过
2026-02-27 02:51:48,389 - INFO - CaseID:113 - 整体结果: PASS | 详情: 所有字段校验通过
2026-02-27 02:51:52,275 - INFO - CaseID:114 - QUERY字段：基础语义模糊匹配通过
2026-02-27 02:51:52,276 - INFO - CaseID:114 - 整体结果: PASS | 详情: 所有字段校验通过
2026-02-27 02:51:57,026 - INFO - CaseID:115 - QUERY字段：基础语义模糊匹配通过
2026-02-27 02:51:57,026 - INFO - CaseID:115 - 整体结果: PASS | 详情: 所有字段校验通过
2026-02-27 02:51:57,027 - INFO - CaseID:116 - 整体结果: FAILED | 详情: 模型输出核心字段全为空，判定不通过
2026-02-27 02:52:01,186 - INFO - CaseID:117 - QUERY字段：基础语义模糊匹配通过
2026-02-27 02:52:01,187 - INFO - CaseID:117 - 整体结果: PASS | 详情: 所有字段校验通过
2026-02-27 02:52:04,861 - INFO - CaseID:118 - QUERY字段：基础语义模糊匹配通过
2026-02-27 02:52:04,861 - INFO - CaseID:118 - 整体结果: PASS | 详情: 所有字段校验通过
2026-02-27 02:52:08,786 - INFO - CaseID:119 - QUERY字段：基础语义模糊匹配通过
2026-02-27 02:52:08,786 - INFO - CaseID:119 - 整体结果: PASS | 详情: 所有字段校验通过
2026-02-27 02:52:12,356 - INFO - CaseID:120 - QUERY字段：基础语义模糊匹配通过
2026-02-27 02:52:12,357 - INFO - CaseID:120 - 整体结果: PASS | 详情: 所有字段校验通过
2026-02-27 02:52:20,747 - INFO - CaseID:121 - QUERY字段：语义匹配失败，但visual_search链路意图匹配通过
2026-02-27 02:52:20,747 - INFO - CaseID:121 - 整体结果: PASS | 详情: 所有字段校验通过
2026-02-27 02:52:24,827 - INFO - CaseID:122 - QUERY字段：基础语义模糊匹配通过
2026-02-27 02:52:24,828 - INFO - CaseID:122 - 整体结果: PASS | 详情: 所有字段校验通过
2026-02-27 02:52:28,597 - INFO - CaseID:123 - QUERY字段：基础语义模糊匹配通过
2026-02-27 02:52:28,598 - INFO - CaseID:123 - 整体结果: PASS | 详情: 所有字段校验通过
2026-02-27 02:52:32,340 - INFO - CaseID:124 - QUERY字段：基础语义模糊匹配通过
2026-02-27 02:52:32,340 - INFO - CaseID:124 - 整体结果: PASS | 详情: 所有字段校验通过
2026-02-27 02:52:36,358 - INFO - CaseID:125 - QUERY字段：基础语义模糊匹配通过
2026-02-27 02:52:36,358 - INFO - CaseID:125 - 整体结果: PASS | 详情: 所有字段校验通过
2026-02-27 02:52:39,914 - INFO - CaseID:126 - QUERY字段：基础语义模糊匹配通过
2026-02-27 02:52:39,914 - INFO - CaseID:126 - 整体结果: PASS | 详情: 所有字段校验通过
2026-02-27 02:52:39,915 - INFO - CaseID:127 - 整体结果: FAILED | 详情: 模型输出核心字段全为空，判定不通过
2026-02-27 02:52:44,006 - INFO - CaseID:128 - QUERY字段：基础语义模糊匹配通过
2026-02-27 02:52:44,006 - INFO - CaseID:128 - 整体结果: FAILED | 详情: APINAME不匹配：预期[visual_search]，实际[QASearch]; CATEGORY不匹配：一方为空 - 预期[]，实际[生物]; TAG不匹配：一方为空 - 预期[]，实际[土耳其安哥拉猫&特征]
2026-02-27 02:52:47,911 - INFO - CaseID:129 - QUERY字段：基础语义模糊匹配通过
2026-02-27 02:52:47,911 - INFO - CaseID:129 - 整体结果: PASS | 详情: 所有字段校验通过
2026-02-27 02:52:51,913 - INFO - CaseID:130 - QUERY字段：基础语义模糊匹配通过
2026-02-27 02:52:51,914 - INFO - CaseID:130 - 整体结果: PASS | 详情: 所有字段校验通过
2026-02-27 02:52:55,774 - INFO - CaseID:131 - 整体结果: FAILED | 详情: APINAME不匹配：预期[visual_search]，实际[QASearch]; CATEGORY不匹配：一方为空 - 预期[]，实际[国家]; QUERY不匹配：基础语义模糊匹配失败 - 预期[识别当前摄像头画面中的物体或生物]，实际[中国本土的犬种]; TAG不匹配：一方为空 - 预期[]，实际[中国&本土&犬种]
2026-02-27 02:52:59,458 - INFO - CaseID:132 - QUERY字段：基础语义模糊匹配通过
2026-02-27 02:52:59,459 - INFO - CaseID:132 - 整体结果: PASS | 详情: 所有字段校验通过
2026-02-27 02:53:03,375 - INFO - CaseID:133 - QUERY字段：基础语义模糊匹配通过
2026-02-27 02:53:03,375 - INFO - CaseID:133 - 整体结果: PASS | 详情: 所有字段校验通过
2026-02-27 02:53:07,279 - INFO - CaseID:134 - QUERY字段：基础语义模糊匹配通过
2026-02-27 02:53:07,279 - INFO - CaseID:134 - 整体结果: PASS | 详情: 所有字段校验通过
2026-02-27 02:53:11,644 - INFO - CaseID:135 - 整体结果: FAILED | 详情: APINAME不匹配：预期[visual_search]，实际[QASearch]; CATEGORY不匹配：一方为空 - 预期[]，实际[生物]; QUERY不匹配：基础语义模糊匹配失败 - 预期[这个猫粘人吗]，实际[猫的粘人行为常见表现]; TAG不匹配：一方为空 - 预期[]，实际[猫&粘人行为&常见表现]
2026-02-27 02:53:15,684 - INFO - CaseID:136 - QUERY字段：基础语义模糊匹配通过
2026-02-27 02:53:15,684 - INFO - CaseID:136 - 整体结果: FAILED | 详情: APINAME不匹配：预期[visual_search]，实际[QASearch]; CATEGORY不匹配：一方为空 - 预期[]，实际[生物]; TAG不匹配：一方为空 - 预期[]，实际[猫&罕见品种]
2026-02-27 02:53:23,834 - INFO - CaseID:137 - QUERY字段：语义匹配失败，但visual_search链路意图匹配通过
2026-02-27 02:53:23,835 - INFO - CaseID:137 - 整体结果: PASS | 详情: 所有字段校验通过
2026-02-27 02:53:27,788 - INFO - CaseID:138 - 整体结果: FAILED | 详情: APINAME不匹配：预期[visual_search]，实际[QASearch]; CATEGORY不匹配：一方为空 - 预期[]，实际[生物]; QUERY不匹配：基础语义模糊匹配失败 - 预期[这只猫咪是什么品种]，实际[如何通过猫咪的外貌特征判断其品种]; TAG不匹配：一方为空 - 预期[]，实际[通过猫咪&外貌特征&判断&品种]
2026-02-27 02:53:27,789 - INFO - CaseID:139 - 整体结果: FAILED | 详情: 模型输出核心字段全为空，判定不通过
2026-02-27 02:53:31,696 - INFO - CaseID:140 - 整体结果: FAILED | 详情: APINAME不匹配：预期[visual_search]，实际[QASearch]; CATEGORY不匹配：一方为空 - 预期[]，实际[生物]; QUERY不匹配：基础语义模糊匹配失败 - 预期[这只猫的行为或特征是什么？]，实际[猫的智力表现]; TAG不匹配：一方为空 - 预期[]，实际[猫&智力表现]
2026-02-27 02:53:39,538 - INFO - CaseID:141 - QUERY字段：语义匹配失败，但visual_search链路意图匹配通过
2026-02-27 02:53:39,539 - INFO - CaseID:141 - 整体结果: PASS | 详情: 所有字段校验通过
2026-02-27 02:53:47,378 - INFO - CaseID:142 - QUERY字段：语义匹配失败，但visual_search链路意图匹配通过
2026-02-27 02:53:47,378 - INFO - CaseID:142 - 整体结果: PASS | 详情: 所有字段校验通过
2026-02-27 02:53:54,957 - INFO - CaseID:143 - QUERY字段：语义匹配失败，但visual_search链路意图匹配通过
2026-02-27 02:53:54,957 - INFO - CaseID:143 - 整体结果: PASS | 详情: 所有字段校验通过
2026-02-27 02:53:58,924 - INFO - CaseID:144 - 整体结果: FAILED | 详情: APINAME不匹配：预期[visual_search]，实际[QASearch]; CATEGORY不匹配：一方为空 - 预期[]，实际[生物]; QUERY不匹配：基础语义模糊匹配失败 - 预期[它的毛为啥那么长]，实际[动物毛发长度的生物学原因]; TAG不匹配：一方为空 - 预期[]，实际[动物&毛发长度&生物学原因]
2026-02-27 02:54:02,740 - INFO - CaseID:145 - QUERY字段：基础语义模糊匹配通过
2026-02-27 02:54:02,741 - INFO - CaseID:145 - 整体结果: PASS | 详情: 所有字段校验通过
2026-02-27 02:54:07,047 - INFO - CaseID:146 - QUERY字段：基础语义模糊匹配通过
2026-02-27 02:54:07,048 - INFO - CaseID:146 - 整体结果: PASS | 详情: 所有字段校验通过
2026-02-27 02:54:14,879 - INFO - CaseID:147 - QUERY字段：语义匹配失败，但visual_search链路意图匹配通过
2026-02-27 02:54:14,879 - INFO - CaseID:147 - 整体结果: PASS | 详情: 所有字段校验通过
2026-02-27 02:54:18,714 - INFO - CaseID:148 - 整体结果: FAILED | 详情: APINAME不匹配：预期[visual_search]，实际[QASearch]; CATEGORY不匹配：一方为空 - 预期[]，实际[生物]; QUERY不匹配：基础语义模糊匹配失败 - 预期[这条纹是美短猫吗]，实际[美短猫的毛色和纹路特征]; TAG不匹配：一方为空 - 预期[]，实际[美短猫&毛色&纹路]
2026-02-27 02:54:18,714 - INFO - CaseID:149 - 整体结果: FAILED | 详情: 模型输出核心字段全为空，判定不通过
2026-02-27 02:54:22,707 - INFO - CaseID:150 - QUERY字段：基础语义模糊匹配通过
2026-02-27 02:54:22,707 - INFO - CaseID:150 - 整体结果: PASS | 详情: 所有字段校验通过
2026-02-27 02:54:26,805 - INFO - CaseID:151 - QUERY字段：基础语义模糊匹配通过
2026-02-27 02:54:26,805 - INFO - CaseID:151 - 整体结果: PASS | 详情: 所有字段校验通过
2026-02-27 02:54:30,529 - INFO - CaseID:152 - 整体结果: FAILED | 详情: APINAME不匹配：预期[visual_search]，实际[AUTOSearch]; CATEGORY不匹配：一方为空 - 预期[]，实际[汽车]; QUERY不匹配：基础语义模糊匹配失败 - 预期[它是很容易掉毛吗]，实际[用户提到的它具体指什么]; TAG不匹配：一方为空 - 预期[]，实际[用户提到的它&具体指什么]
2026-02-27 02:54:34,466 - INFO - CaseID:153 - QUERY字段：基础语义模糊匹配通过
2026-02-27 02:54:34,466 - INFO - CaseID:153 - 整体结果: PASS | 详情: 所有字段校验通过
2026-02-27 02:54:34,466 - INFO - CaseID:154 - 整体结果: FAILED | 详情: 模型输出核心字段全为空，判定不通过
2026-02-27 02:54:38,377 - INFO - CaseID:155 - QUERY字段：基础语义模糊匹配通过
2026-02-27 02:54:38,377 - INFO - CaseID:155 - 整体结果: PASS | 详情: 所有字段校验通过
2026-02-27 02:54:43,051 - INFO - CaseID:156 - QUERY字段：基础语义模糊匹配通过
2026-02-27 02:54:43,051 - INFO - CaseID:156 - 整体结果: PASS | 详情: 所有字段校验通过
2026-02-27 02:54:50,938 - INFO - CaseID:157 - QUERY字段：语义匹配失败，但visual_search链路意图匹配通过
2026-02-27 02:54:50,940 - INFO - CaseID:157 - 整体结果: PASS | 详情: 所有字段校验通过
2026-02-27 02:54:54,832 - INFO - CaseID:158 - QUERY字段：基础语义模糊匹配通过
2026-02-27 02:54:54,832 - INFO - CaseID:158 - 整体结果: PASS | 详情: 所有字段校验通过
2026-02-27 02:55:02,767 - INFO - CaseID:159 - QUERY字段：语义匹配失败，但visual_search链路意图匹配通过
2026-02-27 02:55:02,769 - INFO - CaseID:159 - 整体结果: PASS | 详情: 所有字段校验通过
2026-02-27 02:55:07,129 - INFO - CaseID:160 - QUERY字段：基础语义模糊匹配通过
2026-02-27 02:55:07,130 - INFO - CaseID:160 - 整体结果: PASS | 详情: 所有字段校验通过
2026-02-27 02:55:11,089 - INFO - CaseID:161 - QUERY字段：基础语义模糊匹配通过
2026-02-27 02:55:11,090 - INFO - CaseID:161 - 整体结果: PASS | 详情: 所有字段校验通过
2026-02-27 02:55:15,072 - INFO - CaseID:162 - QUERY字段：基础语义模糊匹配通过
2026-02-27 02:55:15,073 - INFO - CaseID:162 - 整体结果: PASS | 详情: 所有字段校验通过
2026-02-27 02:55:15,073 - INFO - CaseID:163 - 整体结果: FAILED | 详情: 模型输出核心字段全为空，判定不通过
2026-02-27 02:55:19,080 - INFO - CaseID:164 - QUERY字段：基础语义模糊匹配通过
2026-02-27 02:55:19,080 - INFO - CaseID:164 - 整体结果: PASS | 详情: 所有字段校验通过
2026-02-27 02:55:19,081 - INFO - CaseID:165 - 整体结果: FAILED | 详情: 模型输出核心字段全为空，判定不通过
2026-02-27 02:55:22,985 - INFO - CaseID:166 - QUERY字段：基础语义模糊匹配通过
2026-02-27 02:55:22,985 - INFO - CaseID:166 - 整体结果: PASS | 详情: 所有字段校验通过
2026-02-27 02:55:22,985 - INFO - CaseID:167 - 整体结果: FAILED | 详情: 模型输出核心字段全为空，判定不通过
2026-02-27 02:55:22,986 - INFO - CaseID:168 - 整体结果: FAILED | 详情: 模型输出核心字段全为空，判定不通过
2026-02-27 02:55:30,794 - INFO - CaseID:169 - QUERY字段：语义匹配失败，但visual_search链路意图匹配通过
2026-02-27 02:55:30,794 - INFO - CaseID:169 - 整体结果: PASS | 详情: 所有字段校验通过
2026-02-27 02:55:34,662 - INFO - CaseID:170 - QUERY字段：基础语义模糊匹配通过
2026-02-27 02:55:34,662 - INFO - CaseID:170 - 整体结果: PASS | 详情: 所有字段校验通过
2026-02-27 02:55:43,318 - INFO - CaseID:171 - QUERY字段：语义匹配失败，但visual_search链路意图匹配通过
2026-02-27 02:55:43,319 - INFO - CaseID:171 - 整体结果: PASS | 详情: 所有字段校验通过
2026-02-27 02:55:46,982 - INFO - CaseID:172 - QUERY字段：基础语义模糊匹配通过
2026-02-27 02:55:46,982 - INFO - CaseID:172 - 整体结果: PASS | 详情: 所有字段校验通过
2026-02-27 02:55:54,596 - INFO - CaseID:173 - QUERY字段：语义匹配失败，但visual_search链路意图匹配通过
2026-02-27 02:55:54,596 - INFO - CaseID:173 - 整体结果: PASS | 详情: 所有字段校验通过
2026-02-27 02:55:54,597 - INFO - CaseID:174 - 整体结果: FAILED | 详情: 模型输出核心字段全为空，判定不通过
2026-02-27 02:55:59,121 - INFO - CaseID:175 - QUERY字段：基础语义模糊匹配通过
2026-02-27 02:55:59,122 - INFO - CaseID:175 - 整体结果: PASS | 详情: 所有字段校验通过
2026-02-27 02:56:03,062 - INFO - CaseID:176 - 整体结果: FAILED | 详情: APINAME不匹配：预期[visual_search]，实际[QASearch]; CATEGORY不匹配：一方为空 - 预期[]，实际[生物]; QUERY不匹配：基础语义模糊匹配失败 - 预期[识别当前摄像头画面中的植物或生物]，实际[这个具体指代的植物动物或物品]; TAG不匹配：一方为空 - 预期[]，实际[这个&具体指代&植物&动物&物品]
2026-02-27 02:56:07,054 - INFO - CaseID:177 - QUERY字段：基础语义模糊匹配通过
2026-02-27 02:56:07,055 - INFO - CaseID:177 - 整体结果: PASS | 详情: 所有字段校验通过
2026-02-27 02:56:10,925 - INFO - CaseID:178 - QUERY字段：基础语义模糊匹配通过
2026-02-27 02:56:10,925 - INFO - CaseID:178 - 整体结果: PASS | 详情: 所有字段校验通过
2026-02-27 02:56:15,047 - INFO - CaseID:179 - 整体结果: FAILED | 详情: APINAME不匹配：预期[visual_search]，实际[QASearch]; CATEGORY不匹配：一方为空 - 预期[]，实际[生物]; QUERY不匹配：基础语义模糊匹配失败 - 预期[这个叶子发黄怎么办]，实际[叶子发黄的常见原因]; TAG不匹配：一方为空 - 预期[]，实际[叶子发黄&常见原因]
2026-02-27 02:56:15,048 - INFO - CaseID:180 - 整体结果: FAILED | 详情: 模型输出核心字段全为空，判定不通过
2026-02-27 02:56:19,033 - INFO - CaseID:181 - QUERY字段：基础语义模糊匹配通过
2026-02-27 02:56:19,034 - INFO - CaseID:181 - 整体结果: PASS | 详情: 所有字段校验通过
2026-02-27 02:56:22,804 - INFO - CaseID:182 - QUERY字段：基础语义模糊匹配通过
2026-02-27 02:56:22,805 - INFO - CaseID:182 - 整体结果: PASS | 详情: 所有字段校验通过
2026-02-27 02:56:26,662 - INFO - CaseID:183 - QUERY字段：基础语义模糊匹配通过
2026-02-27 02:56:26,663 - INFO - CaseID:183 - 整体结果: PASS | 详情: 所有字段校验通过
2026-02-27 02:56:26,663 - INFO - CaseID:184 - 整体结果: FAILED | 详情: 模型输出核心字段全为空，判定不通过
2026-02-27 02:56:30,543 - INFO - CaseID:185 - QUERY字段：基础语义模糊匹配通过
2026-02-27 02:56:30,544 - INFO - CaseID:185 - 整体结果: PASS | 详情: 所有字段校验通过
2026-02-27 02:56:30,544 - INFO - CaseID:186 - 整体结果: FAILED | 详情: 模型输出核心字段全为空，判定不通过
2026-02-27 02:56:34,484 - INFO - CaseID:187 - QUERY字段：基础语义模糊匹配通过
2026-02-27 02:56:34,485 - INFO - CaseID:187 - 整体结果: PASS | 详情: 所有字段校验通过
2026-02-27 02:56:34,485 - INFO - CaseID:188 - 整体结果: FAILED | 详情: 模型输出核心字段全为空，判定不通过
2026-02-27 02:56:38,599 - INFO - CaseID:189 - QUERY字段：基础语义模糊匹配通过
2026-02-27 02:56:38,599 - INFO - CaseID:189 - 整体结果: PASS | 详情: 所有字段校验通过
2026-02-27 02:56:42,279 - INFO - CaseID:190 - QUERY字段：基础语义模糊匹配通过
2026-02-27 02:56:42,280 - INFO - CaseID:190 - 整体结果: PASS | 详情: 所有字段校验通过
2026-02-27 02:56:46,259 - INFO - CaseID:191 - QUERY字段：基础语义模糊匹配通过
2026-02-27 02:56:46,259 - INFO - CaseID:191 - 整体结果: PASS | 详情: 所有字段校验通过
2026-02-27 02:56:50,588 - INFO - CaseID:192 - QUERY字段：基础语义模糊匹配通过
2026-02-27 02:56:50,589 - INFO - CaseID:192 - 整体结果: PASS | 详情: 所有字段校验通过
2026-02-27 02:56:54,909 - INFO - CaseID:193 - QUERY字段：基础语义模糊匹配通过
2026-02-27 02:56:54,909 - INFO - CaseID:193 - 整体结果: PASS | 详情: 所有字段校验通过
2026-02-27 02:56:54,910 - INFO - CaseID:194 - 整体结果: FAILED | 详情: 模型输出核心字段全为空，判定不通过
2026-02-27 02:56:58,814 - INFO - CaseID:195 - QUERY字段：基础语义模糊匹配通过
2026-02-27 02:56:58,814 - INFO - CaseID:195 - 整体结果: PASS | 详情: 所有字段校验通过
2026-02-27 02:57:02,845 - INFO - CaseID:196 - QUERY字段：基础语义模糊匹配通过
2026-02-27 02:57:02,845 - INFO - CaseID:196 - 整体结果: PASS | 详情: 所有字段校验通过
2026-02-27 02:57:06,950 - INFO - CaseID:197 - QUERY字段：基础语义模糊匹配通过
2026-02-27 02:57:06,951 - INFO - CaseID:197 - 整体结果: PASS | 详情: 所有字段校验通过
2026-02-27 02:57:06,951 - INFO - CaseID:198 - 整体结果: FAILED | 详情: 模型输出核心字段全为空，判定不通过
2026-02-27 02:57:06,951 - INFO - CaseID:199 - 整体结果: FAILED | 详情: 模型输出核心字段全为空，判定不通过
2026-02-27 02:57:10,646 - INFO - CaseID:200 - 整体结果: FAILED | 详情: APINAME不匹配：预期[visual_search]，实际[QASearch]; CATEGORY不匹配：一方为空 - 预期[]，实际[国家]; QUERY不匹配：基础语义模糊匹配失败 - 预期[这是萨摩亚吗]，实际[萨摩亚的地理位置]; TAG不匹配：一方为空 - 预期[]，实际[萨摩亚&地理位置]
2026-02-27 02:57:10,647 - INFO - 已处理200/2393条用例，当前通过数：147（73.50%）
2026-02-27 02:57:15,652 - INFO - CaseID:201 - 整体结果: FAILED | 详情: 模型输出核心字段全为空，判定不通过
2026-02-27 02:57:16,591 - INFO - CaseID:202 - QUERY字段：基础语义模糊匹配通过
2026-02-27 02:57:16,591 - INFO - CaseID:202 - 整体结果: PASS | 详情: 所有字段校验通过
2026-02-27 02:57:20,668 - INFO - CaseID:203 - QUERY字段：基础语义模糊匹配通过
2026-02-27 02:57:20,668 - INFO - CaseID:203 - 整体结果: PASS | 详情: 所有字段校验通过
2026-02-27 02:57:25,046 - INFO - CaseID:204 - QUERY字段：基础语义模糊匹配通过
2026-02-27 02:57:25,046 - INFO - CaseID:204 - 整体结果: PASS | 详情: 所有字段校验通过
2026-02-27 02:57:28,977 - INFO - CaseID:205 - QUERY字段：基础语义模糊匹配通过
2026-02-27 02:57:28,977 - INFO - CaseID:205 - 整体结果: PASS | 详情: 所有字段校验通过
2026-02-27 02:57:32,907 - INFO - CaseID:206 - QUERY字段：基础语义模糊匹配通过
2026-02-27 02:57:32,907 - INFO - CaseID:206 - 整体结果: PASS | 详情: 所有字段校验通过
2026-02-27 02:57:36,796 - INFO - CaseID:207 - 整体结果: FAILED | 详情: APINAME不匹配：预期[visual_search]，实际[QASearch]; CATEGORY不匹配：一方为空 - 预期[]，实际[生物]; QUERY不匹配：基础语义模糊匹配失败 - 预期[这是松鼠猴吗]，实际[松鼠猴的特征]; TAG不匹配：一方为空 - 预期[]，实际[松鼠猴&特征]
2026-02-27 02:57:36,796 - INFO - CaseID:208 - 整体结果: FAILED | 详情: 模型输出核心字段全为空，判定不通过
2026-02-27 02:57:40,854 - INFO - CaseID:209 - QUERY字段：基础语义模糊匹配通过
2026-02-27 02:57:40,855 - INFO - CaseID:209 - 整体结果: PASS | 详情: 所有字段校验通过
2026-02-27 02:57:44,832 - INFO - CaseID:210 - QUERY字段：基础语义模糊匹配通过
2026-02-27 02:57:44,832 - INFO - CaseID:210 - 整体结果: PASS | 详情: 所有字段校验通过
2026-02-27 02:57:48,433 - INFO - CaseID:211 - QUERY字段：基础语义模糊匹配通过
2026-02-27 02:57:48,433 - INFO - CaseID:211 - 整体结果: PASS | 详情: 所有字段校验通过
2026-02-27 02:57:52,834 - INFO - CaseID:212 - QUERY字段：基础语义模糊匹配通过
2026-02-27 02:57:52,834 - INFO - CaseID:212 - 整体结果: PASS | 详情: 所有字段校验通过
2026-02-27 02:57:56,721 - INFO - CaseID:213 - 整体结果: FAILED | 详情: APINAME不匹配：预期[visual_search]，实际[QASearch]; CATEGORY不匹配：一方为空 - 预期[]，实际[生物]; QUERY不匹配：基础语义模糊匹配失败 - 预期[有黑色条纹的是东北虎吗]，实际[东北虎的毛色和条纹特征]; TAG不匹配：一方为空 - 预期[]，实际[东北虎&毛色&条纹]
2026-02-27 02:58:01,373 - INFO - CaseID:214 - QUERY字段：基础语义模糊匹配通过
2026-02-27 02:58:01,374 - INFO - CaseID:214 - 整体结果: PASS | 详情: 所有字段校验通过
2026-02-27 02:58:05,420 - INFO - CaseID:215 - QUERY字段：基础语义模糊匹配通过
2026-02-27 02:58:05,421 - INFO - CaseID:215 - 整体结果: PASS | 详情: 所有字段校验通过
2026-02-27 02:58:09,383 - INFO - CaseID:216 - QUERY字段：基础语义模糊匹配通过
2026-02-27 02:58:09,383 - INFO - CaseID:216 - 整体结果: PASS | 详情: 所有字段校验通过
2026-02-27 02:58:17,034 - INFO - CaseID:217 - QUERY字段：语义匹配失败，但visual_search链路意图匹配通过
2026-02-27 02:58:17,035 - INFO - CaseID:217 - 整体结果: PASS | 详情: 所有字段校验通过
2026-02-27 02:58:20,907 - INFO - CaseID:218 - QUERY字段：基础语义模糊匹配通过
2026-02-27 02:58:20,907 - INFO - CaseID:218 - 整体结果: FAILED | 详情: APINAME不匹配：预期[visual_search]，实际[QASearch]; CATEGORY不匹配：一方为空 - 预期[]，实际[生物]; TAG不匹配：一方为空 - 预期[]，实际[满身斑点&动物]
2026-02-27 02:58:20,908 - INFO - CaseID:219 - 整体结果: FAILED | 详情: 模型输出核心字段全为空，判定不通过
2026-02-27 02:58:20,908 - INFO - CaseID:220 - 整体结果: FAILED | 详情: 模型输出核心字段全为空，判定不通过
2026-02-27 02:58:24,770 - INFO - CaseID:221 - QUERY字段：基础语义模糊匹配通过
2026-02-27 02:58:24,770 - INFO - CaseID:221 - 整体结果: PASS | 详情: 所有字段校验通过
2026-02-27 02:58:29,890 - INFO - CaseID:222 - QUERY字段：基础语义模糊匹配通过
2026-02-27 02:58:29,890 - INFO - CaseID:222 - 整体结果: PASS | 详情: 所有字段校验通过
2026-02-27 02:58:33,829 - INFO - CaseID:223 - QUERY字段：基础语义模糊匹配通过
2026-02-27 02:58:33,829 - INFO - CaseID:223 - 整体结果: PASS | 详情: 所有字段校验通过
2026-02-27 02:58:37,840 - INFO - CaseID:224 - QUERY字段：基础语义模糊匹配通过
2026-02-27 02:58:37,840 - INFO - CaseID:224 - 整体结果: PASS | 详情: 所有字段校验通过
2026-02-27 02:58:45,718 - INFO - CaseID:225 - QUERY字段：语义匹配失败，但visual_search链路意图匹配通过
2026-02-27 02:58:45,719 - INFO - CaseID:225 - 整体结果: PASS | 详情: 所有字段校验通过
2026-02-27 02:58:50,111 - INFO - CaseID:226 - QUERY字段：基础语义模糊匹配通过
2026-02-27 02:58:50,112 - INFO - CaseID:226 - 整体结果: PASS | 详情: 所有字段校验通过
2026-02-27 02:58:54,024 - INFO - CaseID:227 - QUERY字段：基础语义模糊匹配通过
2026-02-27 02:58:54,025 - INFO - CaseID:227 - 整体结果: PASS | 详情: 所有字段校验通过
2026-02-27 02:58:58,049 - INFO - CaseID:228 - QUERY字段：基础语义模糊匹配通过
2026-02-27 02:58:58,049 - INFO - CaseID:228 - 整体结果: PASS | 详情: 所有字段校验通过
2026-02-27 02:59:05,459 - INFO - CaseID:229 - QUERY字段：语义匹配失败，但visual_search链路意图匹配通过
2026-02-27 02:59:05,460 - INFO - CaseID:229 - 整体结果: PASS | 详情: 所有字段校验通过
2026-02-27 02:59:09,432 - INFO - CaseID:230 - QUERY字段：基础语义模糊匹配通过
2026-02-27 02:59:09,432 - INFO - CaseID:230 - 整体结果: PASS | 详情: 所有字段校验通过
2026-02-27 02:59:12,989 - INFO - CaseID:231 - QUERY字段：基础语义模糊匹配通过
2026-02-27 02:59:12,990 - INFO - CaseID:231 - 整体结果: PASS | 详情: 所有字段校验通过
2026-02-27 02:59:17,260 - INFO - CaseID:232 - QUERY字段：基础语义模糊匹配通过
2026-02-27 02:59:17,260 - INFO - CaseID:232 - 整体结果: PASS | 详情: 所有字段校验通过
2026-02-27 02:59:21,257 - INFO - CaseID:233 - QUERY字段：基础语义模糊匹配通过
2026-02-27 02:59:21,258 - INFO - CaseID:233 - 整体结果: PASS | 详情: 所有字段校验通过
2026-02-27 02:59:25,913 - INFO - CaseID:234 - QUERY字段：基础语义模糊匹配通过
2026-02-27 02:59:25,913 - INFO - CaseID:234 - 整体结果: PASS | 详情: 所有字段校验通过
2026-02-27 02:59:29,833 - INFO - CaseID:235 - QUERY字段：基础语义模糊匹配通过
2026-02-27 02:59:29,833 - INFO - CaseID:235 - 整体结果: FAILED | 详情: APINAME不匹配：预期[visual_search]，实际[QASearch]; CATEGORY不匹配：一方为空 - 预期[]，实际[生物]; TAG不匹配：一方为空 - 预期[]，实际[长长的鼻子&动物]
2026-02-27 02:59:33,808 - INFO - CaseID:236 - QUERY字段：基础语义模糊匹配通过
2026-02-27 02:59:33,808 - INFO - CaseID:236 - 整体结果: PASS | 详情: 所有字段校验通过
2026-02-27 02:59:37,729 - INFO - CaseID:237 - 整体结果: FAILED | 详情: APINAME不匹配：预期[visual_search]，实际[QASearch]; CATEGORY不匹配：一方为空 - 预期[]，实际[生物]; QUERY不匹配：基础语义模糊匹配失败 - 预期[这个长满刺的动物是什么]，实际[长满刺的动物有哪些]; TAG不匹配：一方为空 - 预期[]，实际[长满刺&动物]
2026-02-27 02:59:41,440 - INFO - CaseID:238 - QUERY字段：基础语义模糊匹配通过
2026-02-27 02:59:41,441 - INFO - CaseID:238 - 整体结果: PASS | 详情: 所有字段校验通过
2026-02-27 02:59:45,731 - INFO - CaseID:239 - QUERY字段：基础语义模糊匹配通过
2026-02-27 02:59:45,732 - INFO - CaseID:239 - 整体结果: PASS | 详情: 所有字段校验通过
2026-02-27 02:59:49,733 - INFO - CaseID:240 - QUERY字段：基础语义模糊匹配通过
2026-02-27 02:59:49,734 - INFO - CaseID:240 - 整体结果: PASS | 详情: 所有字段校验通过
2026-02-27 02:59:54,392 - INFO - CaseID:241 - QUERY字段：基础语义模糊匹配通过
2026-02-27 02:59:54,393 - INFO - CaseID:241 - 整体结果: PASS | 详情: 所有字段校验通过
2026-02-27 02:59:58,267 - INFO - CaseID:242 - QUERY字段：基础语义模糊匹配通过
2026-02-27 02:59:58,267 - INFO - CaseID:242 - 整体结果: PASS | 详情: 所有字段校验通过
2026-02-27 03:00:02,272 - INFO - CaseID:243 - QUERY字段：基础语义模糊匹配通过
2026-02-27 03:00:02,273 - INFO - CaseID:243 - 整体结果: PASS | 详情: 所有字段校验通过
2026-02-27 03:00:06,232 - INFO - CaseID:244 - QUERY字段：基础语义模糊匹配通过
2026-02-27 03:00:06,233 - INFO - CaseID:244 - 整体结果: PASS | 详情: 所有字段校验通过
2026-02-27 03:00:06,233 - INFO - CaseID:245 - 整体结果: FAILED | 详情: 模型输出核心字段全为空，判定不通过
2026-02-27 03:00:09,949 - INFO - CaseID:246 - QUERY字段：基础语义模糊匹配通过
2026-02-27 03:00:09,950 - INFO - CaseID:246 - 整体结果: PASS | 详情: 所有字段校验通过
2026-02-27 03:00:13,857 - INFO - CaseID:247 - QUERY字段：基础语义模糊匹配通过
2026-02-27 03:00:13,858 - INFO - CaseID:247 - 整体结果: PASS | 详情: 所有字段校验通过
2026-02-27 03:00:13,858 - INFO - CaseID:248 - 整体结果: FAILED | 详情: 模型输出核心字段全为空，判定不通过
2026-02-27 03:00:17,735 - INFO - CaseID:249 - QUERY字段：基础语义模糊匹配通过
2026-02-27 03:00:17,735 - INFO - CaseID:249 - 整体结果: PASS | 详情: 所有字段校验通过
2026-02-27 03:00:22,447 - INFO - CaseID:250 - QUERY字段：基础语义模糊匹配通过
2026-02-27 03:00:22,448 - INFO - CaseID:250 - 整体结果: PASS | 详情: 所有字段校验通过
2026-02-27 03:00:30,169 - INFO - CaseID:251 - QUERY字段：语义匹配失败，但visual_search链路意图匹配通过
2026-02-27 03:00:30,170 - INFO - CaseID:251 - 整体结果: PASS | 详情: 所有字段校验通过
2026-02-27 03:00:34,090 - INFO - CaseID:252 - QUERY字段：基础语义模糊匹配通过
2026-02-27 03:00:34,091 - INFO - CaseID:252 - 整体结果: FAILED | 详情: APINAME不匹配：预期[visual_search]，实际[AUTOSearch]; CATEGORY不匹配：一方为空 - 预期[]，实际[汽车]; TAG不匹配：一方为空 - 预期[]，实际[这辆车是哪个地区的]
2026-02-27 03:00:37,832 - INFO - CaseID:253 - 整体结果: FAILED | 详情: APINAME不匹配：预期[visual_search]，实际[AUTOSearch]; CATEGORY不匹配：一方为空 - 预期[]，实际[汽车]; QUERY不匹配：基础语义模糊匹配失败 - 预期[识别车辆牌照上的河北地级市信息]，实际[河北省车辆上牌地点查询方法]; TAG不匹配：一方为空 - 预期[]，实际[河北省车辆上牌地点查询方法]
2026-02-27 03:00:42,332 - INFO - CaseID:254 - QUERY字段：基础语义模糊匹配通过
2026-02-27 03:00:42,333 - INFO - CaseID:254 - 整体结果: PASS | 详情: 所有字段校验通过
2026-02-27 03:00:46,391 - INFO - CaseID:255 - QUERY字段：基础语义模糊匹配通过
2026-02-27 03:00:46,391 - INFO - CaseID:255 - 整体结果: PASS | 详情: 所有字段校验通过
2026-02-27 03:00:54,285 - INFO - CaseID:256 - QUERY字段：语义匹配失败，但visual_search链路意图匹配通过
2026-02-27 03:00:54,285 - INFO - CaseID:256 - 整体结果: PASS | 详情: 所有字段校验通过
2026-02-27 03:00:58,052 - INFO - CaseID:257 - QUERY字段：基础语义模糊匹配通过
2026-02-27 03:00:58,052 - INFO - CaseID:257 - 整体结果: PASS | 详情: 所有字段校验通过
2026-02-27 03:01:02,017 - INFO - CaseID:258 - 整体结果: FAILED | 详情: APINAME不匹配：预期[visual_search]，实际[AUTOSearch]; CATEGORY不匹配：一方为空 - 预期[]，实际[汽车]; QUERY不匹配：基础语义模糊匹配失败 - 预期[识别当前摄像头画面中的车辆号牌]，实际[查看车辆车号]; TAG不匹配：一方为空 - 预期[]，实际[查看&车辆车号]
2026-02-27 03:01:05,824 - INFO - CaseID:259 - QUERY字段：基础语义模糊匹配通过
2026-02-27 03:01:05,824 - INFO - CaseID:259 - 整体结果: PASS | 详情: 所有字段校验通过
2026-02-27 03:01:10,312 - INFO - CaseID:260 - QUERY字段：基础语义模糊匹配通过
2026-02-27 03:01:10,312 - INFO - CaseID:260 - 整体结果: PASS | 详情: 所有字段校验通过
2026-02-27 03:01:14,175 - INFO - CaseID:261 - QUERY字段：基础语义模糊匹配通过
2026-02-27 03:01:14,175 - INFO - CaseID:261 - 整体结果: PASS | 详情: 所有字段校验通过
2026-02-27 03:01:18,153 - INFO - CaseID:262 - QUERY字段：基础语义模糊匹配通过
2026-02-27 03:01:18,154 - INFO - CaseID:262 - 整体结果: PASS | 详情: 所有字段校验通过
2026-02-27 03:01:22,061 - INFO - CaseID:263 - 整体结果: FAILED | 详情: APINAME不匹配：预期[visual_search]，实际[AUTOSearch]; CATEGORY不匹配：一方为空 - 预期[]，实际[汽车]; QUERY不匹配：基础语义模糊匹配失败 - 预期[这是不是哈弗大狗]，实际[哈弗大狗的外观特征]; TAG不匹配：一方为空 - 预期[]，实际[哈弗大狗&外观特征]
2026-02-27 03:01:26,137 - INFO - CaseID:264 - QUERY字段：基础语义模糊匹配通过
2026-02-27 03:01:26,137 - INFO - CaseID:264 - 整体结果: PASS | 详情: 所有字段校验通过
2026-02-27 03:01:30,043 - INFO - CaseID:265 - QUERY字段：基础语义模糊匹配通过
2026-02-27 03:01:30,043 - INFO - CaseID:265 - 整体结果: PASS | 详情: 所有字段校验通过
2026-02-27 03:01:34,831 - INFO - CaseID:266 - QUERY字段：基础语义模糊匹配通过
2026-02-27 03:01:34,832 - INFO - CaseID:266 - 整体结果: PASS | 详情: 所有字段校验通过
2026-02-27 03:01:38,871 - INFO - CaseID:267 - 整体结果: FAILED | 详情: APINAME不匹配：预期[visual_search]，实际[AUTOSearch]; CATEGORY不匹配：一方为空 - 预期[]，实际[汽车]; QUERY不匹配：基础语义模糊匹配失败 - 预期[这个轿车是红旗的哪款车]，实际[红旗轿车最新车型]; TAG不匹配：一方为空 - 预期[]，实际[红旗轿车&最新车型]
2026-02-27 03:01:43,546 - INFO - CaseID:268 - 整体结果: FAILED | 详情: APINAME不匹配：预期[visual_search]，实际[AUTOSearch]; CATEGORY不匹配：一方为空 - 预期[]，实际[汽车]; QUERY不匹配：基础语义模糊匹配失败 - 预期[这是不是大众的帕萨特]，实际[大众帕萨特的外观特征]; TAG不匹配：一方为空 - 预期[]，实际[大众帕萨特&外观特征]
2026-02-27 03:01:51,423 - INFO - CaseID:269 - QUERY字段：语义匹配失败，但visual_search链路意图匹配通过
2026-02-27 03:01:51,423 - INFO - CaseID:269 - 整体结果: PASS | 详情: 所有字段校验通过
2026-02-27 03:01:55,091 - INFO - CaseID:270 - QUERY字段：基础语义模糊匹配通过
2026-02-27 03:01:55,092 - INFO - CaseID:270 - 整体结果: FAILED | 详情: APINAME不匹配：预期[visual_search]，实际[AUTOSearch]; CATEGORY不匹配：一方为空 - 预期[]，实际[汽车]; TAG不匹配：一方为空 - 预期[]，实际[别克昂科威&外观特征]
2026-02-27 03:01:59,172 - INFO - CaseID:271 - QUERY字段：基础语义模糊匹配通过
2026-02-27 03:01:59,172 - INFO - CaseID:271 - 整体结果: PASS | 详情: 所有字段校验通过
2026-02-27 03:02:02,716 - INFO - CaseID:272 - QUERY字段：基础语义模糊匹配通过
2026-02-27 03:02:02,717 - INFO - CaseID:272 - 整体结果: PASS | 详情: 所有字段校验通过
2026-02-27 03:02:07,610 - INFO - CaseID:273 - 整体结果: FAILED | 详情: APINAME不匹配：预期[visual_search]，实际[AUTOSearch]; CATEGORY不匹配：一方为空 - 预期[]，实际[汽车]; QUERY不匹配：基础语义模糊匹配失败 - 预期[这是丰田的雷凌吗]，实际[丰田雷凌的外观特征]; TAG不匹配：一方为空 - 预期[]，实际[丰田雷凌&外观特征]
2026-02-27 03:02:11,705 - INFO - CaseID:274 - QUERY字段：基础语义模糊匹配通过
2026-02-27 03:02:11,705 - INFO - CaseID:274 - 整体结果: PASS | 详情: 所有字段校验通过
2026-02-27 03:02:16,447 - INFO - CaseID:275 - 整体结果: FAILED | 详情: APINAME不匹配：预期[visual_search]，实际[AUTOSearch]; CATEGORY不匹配：一方为空 - 预期[]，实际[汽车]; QUERY不匹配：基础语义模糊匹配失败 - 预期[这到底是不是北京现代的ix35]，实际[北京现代ix35的官方名称]; TAG不匹配：一方为空 - 预期[]，实际[北京现代ix35&官方名称]
2026-02-27 03:02:24,492 - INFO - CaseID:276 - QUERY字段：语义匹配失败，但visual_search链路意图匹配通过
2026-02-27 03:02:24,492 - INFO - CaseID:276 - 整体结果: PASS | 详情: 所有字段校验通过
2026-02-27 03:02:28,631 - INFO - CaseID:277 - QUERY字段：基础语义模糊匹配通过
2026-02-27 03:02:28,631 - INFO - CaseID:277 - 整体结果: PASS | 详情: 所有字段校验通过
2026-02-27 03:02:32,364 - INFO - CaseID:278 - QUERY字段：基础语义模糊匹配通过
2026-02-27 03:02:32,365 - INFO - CaseID:278 - 整体结果: PASS | 详情: 所有字段校验通过
2026-02-27 03:02:36,348 - INFO - CaseID:279 - QUERY字段：基础语义模糊匹配通过
2026-02-27 03:02:36,349 - INFO - CaseID:279 - 整体结果: PASS | 详情: 所有字段校验通过
2026-02-27 03:02:40,624 - INFO - CaseID:280 - QUERY字段：基础语义模糊匹配通过
2026-02-27 03:02:40,624 - INFO - CaseID:280 - 整体结果: PASS | 详情: 所有字段校验通过
2026-02-27 03:02:44,531 - INFO - CaseID:281 - 整体结果: FAILED | 详情: APINAME不匹配：预期[visual_search]，实际[AUTOSearch]; CATEGORY不匹配：一方为空 - 预期[]，实际[汽车]; QUERY不匹配：基础语义模糊匹配失败 - 预期[识别当前摄像头画面中的车辆品牌和型号]，实际[丰田霸道的最新款型号]; TAG不匹配：一方为空 - 预期[]，实际[丰田霸道&最新款&型号]
2026-02-27 03:02:48,421 - INFO - CaseID:282 - QUERY字段：基础语义模糊匹配通过
2026-02-27 03:02:48,421 - INFO - CaseID:282 - 整体结果: PASS | 详情: 所有字段校验通过
2026-02-27 03:02:52,156 - INFO - CaseID:283 - 整体结果: FAILED | 详情: APINAME不匹配：预期[visual_search]，实际[AUTOSearch]; CATEGORY不匹配：一方为空 - 预期[]，实际[汽车]; QUERY不匹配：基础语义模糊匹配失败 - 预期[这是元puls吗？]，实际[元puls的简介]; TAG不匹配：一方为空 - 预期[]，实际[元puls&简介]
2026-02-27 03:02:56,690 - INFO - CaseID:284 - QUERY字段：基础语义模糊匹配通过
2026-02-27 03:02:56,690 - INFO - CaseID:284 - 整体结果: PASS | 详情: 所有字段校验通过
2026-02-27 03:02:56,691 - INFO - CaseID:285 - 整体结果: FAILED | 详情: 模型输出核心字段全为空，判定不通过
2026-02-27 03:03:00,347 - INFO - CaseID:286 - QUERY字段：基础语义模糊匹配通过
2026-02-27 03:03:00,348 - INFO - CaseID:286 - 整体结果: FAILED | 详情: APINAME不匹配：预期[visual_search]，实际[AUTOSearch]; CATEGORY不匹配：一方为空 - 预期[]，实际[汽车]; TAG不匹配：一方为空 - 预期[]，实际[沃尔沃xc60&最新款车型&特征]
2026-02-27 03:03:04,638 - INFO - CaseID:287 - QUERY字段：基础语义模糊匹配通过
2026-02-27 03:03:04,638 - INFO - CaseID:287 - 整体结果: PASS | 详情: 所有字段校验通过
2026-02-27 03:03:08,539 - INFO - CaseID:288 - 整体结果: FAILED | 详情: APINAME不匹配：预期[visual_search]，实际[AUTOSearch]; CATEGORY不匹配：一方为空 - 预期[]，实际[汽车]; QUERY不匹配：基础语义模糊匹配失败 - 预期[这个车是红旗的HS5吗]，实际[红旗hs5的外观特征]; TAG不匹配：一方为空 - 预期[]，实际[红旗hs5&外观特征]
2026-02-27 03:03:13,248 - INFO - CaseID:289 - 整体结果: FAILED | 详情: APINAME不匹配：预期[visual_search]，实际[QASearch]; CATEGORY不匹配：一方为空 - 预期[]，实际[城市]; QUERY不匹配：基础语义模糊匹配失败 - 预期[这辆车牌是河北哪儿的]，实际[河北省的车牌代码]; TAG不匹配：一方为空 - 预期[]，实际[河北省&车牌代码]
2026-02-27 03:03:17,129 - INFO - CaseID:290 - QUERY字段：基础语义模糊匹配通过
2026-02-27 03:03:17,129 - INFO - CaseID:290 - 整体结果: PASS | 详情: 所有字段校验通过
2026-02-27 03:03:21,124 - INFO - CaseID:291 - QUERY字段：基础语义模糊匹配通过
2026-02-27 03:03:21,125 - INFO - CaseID:291 - 整体结果: PASS | 详情: 所有字段校验通过
2026-02-27 03:03:25,113 - INFO - CaseID:292 - 整体结果: FAILED | 详情: APINAME不匹配：预期[visual_search]，实际[QASearch]; CATEGORY不匹配：一方为空 - 预期[]，实际[城市]; QUERY不匹配：基础语义模糊匹配失败 - 预期[这是河南哪个城市的车]，实际[河南车牌城市代码]; TAG不匹配：一方为空 - 预期[]，实际[河南&车牌城市代码]
2026-02-27 03:03:28,856 - INFO - CaseID:293 - 整体结果: FAILED | 详情: APINAME不匹配：预期[visual_search]，实际[QASearch]; CATEGORY不匹配：一方为空 - 预期[]，实际[城市]; QUERY不匹配：基础语义模糊匹配失败 - 预期[这辆车属于河北省的哪个地区的]，实际[河北省的车牌代码]; TAG不匹配：一方为空 - 预期[]，实际[河北省&车牌代码]
2026-02-27 03:03:28,856 - INFO - CaseID:294 - 整体结果: FAILED | 详情: 模型输出核心字段全为空，判定不通过
2026-02-27 03:03:28,856 - INFO - CaseID:295 - 整体结果: FAILED | 详情: 模型输出核心字段全为空，判定不通过
2026-02-27 03:03:28,857 - INFO - CaseID:296 - 整体结果: FAILED | 详情: 模型输出核心字段全为空，判定不通过
2026-02-27 03:03:28,857 - INFO - CaseID:297 - 整体结果: FAILED | 详情: 模型输出核心字段全为空，判定不通过
2026-02-27 03:03:28,858 - INFO - CaseID:298 - 整体结果: FAILED | 详情: 模型输出核心字段全为空，判定不通过
2026-02-27 03:03:28,858 - INFO - CaseID:299 - 整体结果: FAILED | 详情: 模型输出核心字段全为空，判定不通过
2026-02-27 03:03:28,858 - INFO - CaseID:300 - 整体结果: FAILED | 详情: 模型输出核心字段全为空，判定不通过
2026-02-27 03:03:28,858 - INFO - CaseID:301 - 整体结果: FAILED | 详情: 模型输出核心字段全为空，判定不通过
2026-02-27 03:03:28,859 - INFO - CaseID:302 - 整体结果: FAILED | 详情: 模型输出核心字段全为空，判定不通过
2026-02-27 03:03:28,859 - INFO - CaseID:303 - 整体结果: FAILED | 详情: 模型输出核心字段全为空，判定不通过
2026-02-27 03:03:28,859 - INFO - CaseID:304 - 整体结果: FAILED | 详情: 模型输出核心字段全为空，判定不通过
2026-02-27 03:03:28,859 - INFO - CaseID:305 - 整体结果: FAILED | 详情: 模型输出核心字段全为空，判定不通过
2026-02-27 03:03:28,859 - INFO - CaseID:306 - 整体结果: FAILED | 详情: 模型输出核心字段全为空，判定不通过
2026-02-27 03:03:28,860 - INFO - CaseID:307 - 整体结果: FAILED | 详情: 模型输出核心字段全为空，判定不通过
2026-02-27 03:03:28,860 - INFO - CaseID:308 - 整体结果: FAILED | 详情: 模型输出核心字段全为空，判定不通过
2026-02-27 03:03:33,174 - INFO - CaseID:309 - 整体结果: FAILED | 详情: APINAME不匹配：预期[visual_search]，实际[AUTOSearch]; CATEGORY不匹配：一方为空 - 预期[]，实际[汽车]; QUERY不匹配：基础语义模糊匹配失败 - 预期[这个车有L和没L有什么区别]，实际[理想汽车L系列的简介]; TAG不匹配：一方为空 - 预期[]，实际[理想汽车L系列&简介]
2026-02-27 03:03:41,938 - INFO - CaseID:310 - QUERY字段：语义匹配失败，但visual_search链路意图匹配通过
2026-02-27 03:03:41,939 - INFO - CaseID:310 - 整体结果: PASS | 详情: 所有字段校验通过
2026-02-27 03:03:45,813 - INFO - CaseID:311 - QUERY字段：基础语义模糊匹配通过
2026-02-27 03:03:45,814 - INFO - CaseID:311 - 整体结果: PASS | 详情: 所有字段校验通过
2026-02-27 03:03:49,822 - INFO - CaseID:312 - 整体结果: FAILED | 详情: APINAME不匹配：预期[visual_search]，实际[AUTOSearch]; CATEGORY不匹配：一方为空 - 预期[]，实际[汽车]; QUERY不匹配：基础语义模糊匹配失败 - 预期[识别当前摄像头画面中的车辆颜色选项（白色和黑色）]，实际[白色汽车的优缺点]; TAG不匹配：一方为空 - 预期[]，实际[白色汽车&优缺点]
2026-02-27 03:03:53,802 - INFO - CaseID:313 - 整体结果: FAILED | 详情: APINAME不匹配：预期[visual_search]，实际[AUTOSearch]; CATEGORY不匹配：一方为空 - 预期[]，实际[汽车]; QUERY不匹配：基础语义模糊匹配失败 - 预期[这个车和比亚迪元哪个好]，实际[理想l7的简介]; TAG不匹配：一方为空 - 预期[]，实际[理想l7&简介]
2026-02-27 03:03:57,805 - INFO - CaseID:314 - 整体结果: FAILED | 详情: APINAME不匹配：预期[visual_search]，实际[AUTOSearch]; CATEGORY不匹配：一方为空 - 预期[]，实际[汽车]; QUERY不匹配：基础语义模糊匹配失败 - 预期[识别当前摄像头画面中的车辆品牌和型号]，实际[小米su7的0-100km/h加速时间]; TAG不匹配：一方为空 - 预期[]，实际[小米su7&0-100km/h加速时间]
2026-02-27 03:04:06,195 - INFO - CaseID:315 - QUERY字段：语义匹配失败，但visual_search链路意图匹配通过
2026-02-27 03:04:06,196 - INFO - CaseID:315 - 整体结果: PASS | 详情: 所有字段校验通过
2026-02-27 03:04:14,480 - INFO - CaseID:316 - QUERY字段：语义匹配失败，但visual_search链路意图匹配通过
2026-02-27 03:04:14,480 - INFO - CaseID:316 - 整体结果: PASS | 详情: 所有字段校验通过
2026-02-27 03:04:18,170 - INFO - CaseID:317 - 整体结果: FAILED | 详情: APINAME不匹配：预期[visual_search]，实际[AUTOSearch]; CATEGORY不匹配：一方为空 - 预期[]，实际[汽车]; QUERY不匹配：基础语义模糊匹配失败 - 预期[识别当前摄像头画面中的车辆品牌和型号]，实际[用户提到的这个车具体是指哪个车型]; TAG不匹配：一方为空 - 预期[]，实际[用户提到的这个车&具体&车型]
2026-02-27 03:04:22,074 - INFO - CaseID:318 - 整体结果: FAILED | 详情: APINAME不匹配：预期[visual_search]，实际[AUTOSearch]; CATEGORY不匹配：一方为空 - 预期[]，实际[汽车]; QUERY不匹配：基础语义模糊匹配失败 - 预期[这个车和哈佛H5的动力谁的强]，实际[理想汽车的动力]; TAG不匹配：一方为空 - 预期[]，实际[理想汽车&动力]
2026-02-27 03:04:25,875 - INFO - CaseID:319 - 整体结果: FAILED | 详情: APINAME不匹配：预期[visual_search]，实际[AUTOSearch]; CATEGORY不匹配：一方为空 - 预期[]，实际[汽车]; QUERY不匹配：基础语义模糊匹配失败 - 预期[识别当前摄像头画面中的车辆品牌和型号]，实际[奔驰s450的轴距]; TAG不匹配：一方为空 - 预期[]，实际[奔驰s450&轴距]
2026-02-27 03:04:30,034 - INFO - CaseID:320 - QUERY字段：基础语义模糊匹配通过
2026-02-27 03:04:30,034 - INFO - CaseID:320 - 整体结果: PASS | 详情: 所有字段校验通过
2026-02-27 03:04:38,961 - INFO - CaseID:321 - QUERY字段：语义匹配失败，但visual_search链路意图匹配通过
2026-02-27 03:04:38,962 - INFO - CaseID:321 - 整体结果: PASS | 详情: 所有字段校验通过
2026-02-27 03:04:43,773 - INFO - CaseID:322 - 整体结果: FAILED | 详情: APINAME不匹配：预期[visual_search]，实际[QASearch]; CATEGORY不匹配：一方为空 - 预期[]，实际[生物]; QUERY不匹配：基础语义模糊匹配失败 - 预期[它和猫谁更聪明]，实际[狗的智力]; TAG不匹配：一方为空 - 预期[]，实际[狗&智力]
2026-02-27 03:04:43,774 - INFO - CaseID:323 - 整体结果: FAILED | 详情: 模型输出核心字段全为空，判定不通过
2026-02-27 03:04:47,458 - INFO - CaseID:324 - QUERY字段：基础语义模糊匹配通过
2026-02-27 03:04:47,459 - INFO - CaseID:324 - 整体结果: PASS | 详情: 所有字段校验通过
2026-02-27 03:04:51,656 - INFO - CaseID:325 - QUERY字段：基础语义模糊匹配通过
2026-02-27 03:04:51,656 - INFO - CaseID:325 - 整体结果: PASS | 详情: 所有字段校验通过
2026-02-27 03:04:59,325 - INFO - CaseID:326 - QUERY字段：语义匹配失败，但visual_search链路意图匹配通过
2026-02-27 03:04:59,325 - INFO - CaseID:326 - 整体结果: PASS | 详情: 所有字段校验通过
2026-02-27 03:05:07,153 - INFO - CaseID:327 - QUERY字段：语义匹配失败，但visual_search链路意图匹配通过
2026-02-27 03:05:07,153 - INFO - CaseID:327 - 整体结果: PASS | 详情: 所有字段校验通过
2026-02-27 03:05:07,154 - INFO - CaseID:328 - 整体结果: FAILED | 详情: 模型输出核心字段全为空，判定不通过
2026-02-27 03:05:11,133 - INFO - CaseID:329 - 整体结果: FAILED | 详情: APINAME不匹配：预期[visual_search]，实际[QASearch]; CATEGORY不匹配：一方为空 - 预期[]，实际[生物]; QUERY不匹配：基础语义模糊匹配失败 - 预期[这个白色的小狗是不是拉布拉多]，实际[白色拉布拉多犬的特征]; TAG不匹配：一方为空 - 预期[]，实际[白色拉布拉多犬&特征]
2026-02-27 03:05:11,134 - INFO - CaseID:330 - 整体结果: FAILED | 详情: 模型输出核心字段全为空，判定不通过
2026-02-27 03:05:14,805 - INFO - CaseID:331 - 整体结果: FAILED | 详情: APINAME不匹配：预期[visual_search]，实际[QASearch]; CATEGORY不匹配：一方为空 - 预期[]，实际[生物]; QUERY不匹配：基础语义模糊匹配失败 - 预期[这是柯基还是泰迪]，实际[柯基犬的外观]; TAG不匹配：一方为空 - 预期[]，实际[柯基犬&外观]
2026-02-27 03:05:14,806 - INFO - CaseID:332 - 整体结果: FAILED | 详情: 模型输出核心字段全为空，判定不通过
2026-02-27 03:05:22,469 - INFO - CaseID:333 - QUERY字段：语义匹配失败，但visual_search链路意图匹配通过
2026-02-27 03:05:22,470 - INFO - CaseID:333 - 整体结果: PASS | 详情: 所有字段校验通过
2026-02-27 03:05:22,470 - INFO - CaseID:334 - 整体结果: FAILED | 详情: 模型输出核心字段全为空，判定不通过
2026-02-27 03:05:30,345 - INFO - CaseID:335 - QUERY字段：语义匹配失败，但visual_search链路意图匹配通过
2026-02-27 03:05:30,345 - INFO - CaseID:335 - 整体结果: PASS | 详情: 所有字段校验通过
2026-02-27 03:05:35,053 - INFO - CaseID:336 - QUERY字段：基础语义模糊匹配通过
2026-02-27 03:05:35,053 - INFO - CaseID:336 - 整体结果: PASS | 详情: 所有字段校验通过
2026-02-27 03:05:38,965 - INFO - CaseID:337 - 整体结果: FAILED | 详情: APINAME不匹配：预期[visual_search]，实际[QASearch]; CATEGORY不匹配：一方为空 - 预期[]，实际[生物]; QUERY不匹配：基础语义模糊匹配失败 - 预期[分析当前摄像头画面中狗的眼神和表情，推测它可能在想什么]，实际[狗的眼神表达的常见心理]; TAG不匹配：一方为空 - 预期[]，实际[狗&眼神表达&常见心理]
2026-02-27 03:05:42,651 - INFO - CaseID:338 - QUERY字段：基础语义模糊匹配通过
2026-02-27 03:05:42,651 - INFO - CaseID:338 - 整体结果: PASS | 详情: 所有字段校验通过
2026-02-27 03:05:50,436 - INFO - CaseID:339 - QUERY字段：语义匹配失败，但visual_search链路意图匹配通过
2026-02-27 03:05:50,436 - INFO - CaseID:339 - 整体结果: PASS | 详情: 所有字段校验通过
2026-02-27 03:05:58,319 - INFO - CaseID:340 - QUERY字段：语义匹配失败，但visual_search链路意图匹配通过
2026-02-27 03:05:58,319 - INFO - CaseID:340 - 整体结果: PASS | 详情: 所有字段校验通过
2026-02-27 03:05:58,320 - INFO - CaseID:341 - 整体结果: FAILED | 详情: 模型输出核心字段全为空，判定不通过
2026-02-27 03:06:02,296 - INFO - CaseID:342 - QUERY字段：基础语义模糊匹配通过
2026-02-27 03:06:02,296 - INFO - CaseID:342 - 整体结果: PASS | 详情: 所有字段校验通过
2026-02-27 03:06:06,166 - INFO - CaseID:343 - QUERY字段：基础语义模糊匹配通过
2026-02-27 03:06:06,167 - INFO - CaseID:343 - 整体结果: PASS | 详情: 所有字段校验通过
2026-02-27 03:06:06,167 - INFO - CaseID:344 - 整体结果: FAILED | 详情: 模型输出核心字段全为空，判定不通过
2026-02-27 03:06:09,828 - INFO - CaseID:345 - 整体结果: FAILED | 详情: APINAME不匹配：预期[visual_search]，实际[AUTOSearch]; CATEGORY不匹配：一方为空 - 预期[]，实际[汽车]; QUERY不匹配：基础语义模糊匹配失败 - 预期[这是smart什么车型]，实际[smart品牌当前在售车型列表]; TAG不匹配：一方为空 - 预期[]，实际[smart品牌&当前在售车型]
2026-02-27 03:06:13,991 - INFO - CaseID:346 - QUERY字段：基础语义模糊匹配通过
2026-02-27 03:06:13,991 - INFO - CaseID:346 - 整体结果: PASS | 详情: 所有字段校验通过
2026-02-27 03:06:17,591 - INFO - CaseID:347 - QUERY字段：基础语义模糊匹配通过
2026-02-27 03:06:17,591 - INFO - CaseID:347 - 整体结果: PASS | 详情: 所有字段校验通过
2026-02-27 03:06:22,093 - INFO - CaseID:348 - 整体结果: FAILED | 详情: APINAME不匹配：预期[visual_search]，实际[AUTOSearch]; CATEGORY不匹配：一方为空 - 预期[]，实际[汽车]; QUERY不匹配：基础语义模糊匹配失败 - 预期[这是依维柯吗]，实际[依维柯的车型特征]; TAG不匹配：一方为空 - 预期[]，实际[依维柯&车型特征]
2026-02-27 03:06:25,997 - INFO - CaseID:349 - QUERY字段：基础语义模糊匹配通过
2026-02-27 03:06:25,998 - INFO - CaseID:349 - 整体结果: PASS | 详情: 所有字段校验通过
2026-02-27 03:06:33,735 - INFO - CaseID:350 - QUERY字段：语义匹配失败，但visual_search链路意图匹配通过
2026-02-27 03:06:33,736 - INFO - CaseID:350 - 整体结果: PASS | 详情: 所有字段校验通过
2026-02-27 03:06:37,643 - INFO - CaseID:351 - QUERY字段：基础语义模糊匹配通过
2026-02-27 03:06:37,644 - INFO - CaseID:351 - 整体结果: PASS | 详情: 所有字段校验通过
2026-02-27 03:06:41,596 - INFO - CaseID:352 - 整体结果: FAILED | 详情: APINAME不匹配：预期[visual_search]，实际[AUTOSearch]; CATEGORY不匹配：一方为空 - 预期[]，实际[汽车]; QUERY不匹配：基础语义模糊匹配失败 - 预期[这是北京的车吗]，实际[北京车辆牌照识别规则]; TAG不匹配：一方为空 - 预期[]，实际[北京车辆牌照&识别规则]
2026-02-27 03:06:49,264 - INFO - CaseID:353 - QUERY字段：语义匹配失败，但visual_search链路意图匹配通过
2026-02-27 03:06:49,265 - INFO - CaseID:353 - 整体结果: PASS | 详情: 所有字段校验通过
2026-02-27 03:06:57,169 - INFO - CaseID:354 - QUERY字段：语义匹配失败，但visual_search链路意图匹配通过
2026-02-27 03:06:57,170 - INFO - CaseID:354 - 整体结果: PASS | 详情: 所有字段校验通过
2026-02-27 03:07:01,051 - INFO - CaseID:355 - QUERY字段：基础语义模糊匹配通过
2026-02-27 03:07:01,052 - INFO - CaseID:355 - 整体结果: PASS | 详情: 所有字段校验通过
2026-02-27 03:07:01,052 - INFO - CaseID:356 - 整体结果: FAILED | 详情: 模型输出核心字段全为空，判定不通过
2026-02-27 03:07:08,772 - INFO - CaseID:357 - QUERY字段：语义匹配失败，但visual_search链路意图匹配通过
2026-02-27 03:07:08,773 - INFO - CaseID:357 - 整体结果: PASS | 详情: 所有字段校验通过
2026-02-27 03:07:12,518 - INFO - CaseID:358 - QUERY字段：基础语义模糊匹配通过
2026-02-27 03:07:12,518 - INFO - CaseID:358 - 整体结果: PASS | 详情: 所有字段校验通过
2026-02-27 03:07:16,843 - INFO - CaseID:359 - QUERY字段：基础语义模糊匹配通过
2026-02-27 03:07:16,843 - INFO - CaseID:359 - 整体结果: PASS | 详情: 所有字段校验通过
2026-02-27 03:07:20,755 - INFO - CaseID:360 - QUERY字段：基础语义模糊匹配通过
2026-02-27 03:07:20,757 - INFO - CaseID:360 - 整体结果: PASS | 详情: 所有字段校验通过
2026-02-27 03:07:24,670 - INFO - CaseID:361 - QUERY字段：基础语义模糊匹配通过
2026-02-27 03:07:24,671 - INFO - CaseID:361 - 整体结果: PASS | 详情: 所有字段校验通过
2026-02-27 03:07:28,588 - INFO - CaseID:362 - QUERY字段：基础语义模糊匹配通过
2026-02-27 03:07:28,588 - INFO - CaseID:362 - 整体结果: PASS | 详情: 所有字段校验通过
2026-02-27 03:07:32,289 - INFO - CaseID:363 - QUERY字段：基础语义模糊匹配通过
2026-02-27 03:07:32,290 - INFO - CaseID:363 - 整体结果: FAILED | 详情: APINAME不匹配：预期[visual_search]，实际[QASearch]; CATEGORY不匹配：一方为空 - 预期[]，实际[公司]; TAG不匹配：一方为空 - 预期[]，实际[捷途汽车&简介]
2026-02-27 03:07:36,318 - INFO - CaseID:364 - QUERY字段：基础语义模糊匹配通过
2026-02-27 03:07:36,319 - INFO - CaseID:364 - 整体结果: PASS | 详情: 所有字段校验通过
2026-02-27 03:07:44,387 - INFO - CaseID:365 - QUERY字段：语义匹配失败，但visual_search链路意图匹配通过
2026-02-27 03:07:44,388 - INFO - CaseID:365 - 整体结果: PASS | 详情: 所有字段校验通过
2026-02-27 03:07:48,248 - INFO - CaseID:366 - QUERY字段：基础语义模糊匹配通过
2026-02-27 03:07:48,249 - INFO - CaseID:366 - 整体结果: PASS | 详情: 所有字段校验通过
2026-02-27 03:07:52,279 - INFO - CaseID:367 - QUERY字段：基础语义模糊匹配通过
2026-02-27 03:07:52,279 - INFO - CaseID:367 - 整体结果: PASS | 详情: 所有字段校验通过
2026-02-27 03:07:52,280 - INFO - CaseID:368 - 整体结果: FAILED | 详情: 模型输出核心字段全为空，判定不通过
2026-02-27 03:07:56,202 - INFO - CaseID:369 - QUERY字段：基础语义模糊匹配通过
2026-02-27 03:07:56,202 - INFO - CaseID:369 - 整体结果: PASS | 详情: 所有字段校验通过
2026-02-27 03:07:56,203 - INFO - CaseID:370 - 整体结果: FAILED | 详情: 模型输出核心字段全为空，判定不通过
2026-02-27 03:07:59,839 - INFO - CaseID:371 - 整体结果: FAILED | 详情: APINAME不匹配：预期[visual_search]，实际[QASearch]; CATEGORY不匹配：一方为空 - 预期[]，实际[公司]; QUERY不匹配：基础语义模糊匹配失败 - 预期[这个是上汽的什么车]，实际[上汽旗下车型列表]; TAG不匹配：一方为空 - 预期[]，实际[上汽&旗下车型]
2026-02-27 03:08:03,770 - INFO - CaseID:372 - QUERY字段：基础语义模糊匹配通过
2026-02-27 03:08:03,771 - INFO - CaseID:372 - 整体结果: FAILED | 详情: APINAME不匹配：预期[visual_search]，实际[QASearch]; CATEGORY不匹配：一方为空 - 预期[]，实际[公司]; TAG不匹配：一方为空 - 预期[]，实际[上汽&汽车品牌]
2026-02-27 03:08:07,426 - INFO - CaseID:373 - QUERY字段：基础语义模糊匹配通过
2026-02-27 03:08:07,427 - INFO - CaseID:373 - 整体结果: PASS | 详情: 所有字段校验通过
2026-02-27 03:08:11,623 - INFO - CaseID:374 - QUERY字段：基础语义模糊匹配通过
2026-02-27 03:08:11,624 - INFO - CaseID:374 - 整体结果: PASS | 详情: 所有字段校验通过
2026-02-27 03:08:15,719 - INFO - CaseID:375 - QUERY字段：基础语义模糊匹配通过
2026-02-27 03:08:15,719 - INFO - CaseID:375 - 整体结果: PASS | 详情: 所有字段校验通过
2026-02-27 03:08:20,533 - INFO - CaseID:376 - QUERY字段：基础语义模糊匹配通过
2026-02-27 03:08:20,534 - INFO - CaseID:376 - 整体结果: PASS | 详情: 所有字段校验通过
2026-02-27 03:08:24,729 - INFO - CaseID:377 - QUERY字段：基础语义模糊匹配通过
2026-02-27 03:08:24,729 - INFO - CaseID:377 - 整体结果: PASS | 详情: 所有字段校验通过
2026-02-27 03:08:28,879 - INFO - CaseID:378 - QUERY字段：基础语义模糊匹配通过
2026-02-27 03:08:28,880 - INFO - CaseID:378 - 整体结果: PASS | 详情: 所有字段校验通过
2026-02-27 03:08:32,869 - INFO - CaseID:379 - QUERY字段：基础语义模糊匹配通过
2026-02-27 03:08:32,869 - INFO - CaseID:379 - 整体结果: PASS | 详情: 所有字段校验通过
2026-02-27 03:08:32,870 - INFO - CaseID:380 - 整体结果: FAILED | 详情: 模型输出核心字段全为空，判定不通过
2026-02-27 03:08:36,706 - INFO - CaseID:381 - QUERY字段：基础语义模糊匹配通过
2026-02-27 03:08:36,707 - INFO - CaseID:381 - 整体结果: PASS | 详情: 所有字段校验通过
2026-02-27 03:08:40,668 - INFO - CaseID:382 - QUERY字段：基础语义模糊匹配通过
2026-02-27 03:08:40,669 - INFO - CaseID:382 - 整体结果: PASS | 详情: 所有字段校验通过
2026-02-27 03:08:44,532 - INFO - CaseID:383 - QUERY字段：基础语义模糊匹配通过
2026-02-27 03:08:44,533 - INFO - CaseID:383 - 整体结果: PASS | 详情: 所有字段校验通过
2026-02-27 03:08:48,519 - INFO - CaseID:384 - QUERY字段：基础语义模糊匹配通过
2026-02-27 03:08:48,520 - INFO - CaseID:384 - 整体结果: PASS | 详情: 所有字段校验通过
2026-02-27 03:08:53,304 - INFO - CaseID:385 - 整体结果: FAILED | 详情: APINAME不匹配：预期[visual_search]，实际[AUTOSearch]; CATEGORY不匹配：一方为空 - 预期[]，实际[汽车]; QUERY不匹配：基础语义模糊匹配失败 - 预期[这个是吉利缤越么]，实际[吉利缤越的外观特征]; TAG不匹配：一方为空 - 预期[]，实际[吉利缤越&外观特征]
2026-02-27 03:08:57,033 - INFO - CaseID:386 - QUERY字段：基础语义模糊匹配通过
2026-02-27 03:08:57,034 - INFO - CaseID:386 - 整体结果: PASS | 详情: 所有字段校验通过
2026-02-27 03:08:57,034 - INFO - CaseID:387 - 整体结果: FAILED | 详情: 模型输出核心字段全为空，判定不通过
2026-02-27 03:09:01,638 - INFO - CaseID:388 - QUERY字段：基础语义模糊匹配通过
2026-02-27 03:09:01,640 - INFO - CaseID:388 - 整体结果: PASS | 详情: 所有字段校验通过
2026-02-27 03:09:05,400 - INFO - CaseID:389 - QUERY字段：基础语义模糊匹配通过
2026-02-27 03:09:05,401 - INFO - CaseID:389 - 整体结果: FAILED | 详情: APINAME不匹配：预期[visual_search]，实际[AUTOSearch]; CATEGORY不匹配：一方为空 - 预期[]，实际[汽车]; TAG不匹配：一方为空 - 预期[]，实际[捷途旅行者&简介]
2026-02-27 03:09:09,315 - INFO - CaseID:390 - 整体结果: FAILED | 详情: APINAME不匹配：预期[visual_search]，实际[AUTOSearch]; CATEGORY不匹配：一方为空 - 预期[]，实际[汽车]; QUERY不匹配：基础语义模糊匹配失败 - 预期[这是瑞虎7么]，实际[瑞虎7的官方图片]; TAG不匹配：一方为空 - 预期[]，实际[瑞虎7&官方图片]
2026-02-27 03:09:09,316 - INFO - CaseID:391 - 整体结果: FAILED | 详情: 模型输出核心字段全为空，判定不通过
2026-02-27 03:09:13,778 - INFO - CaseID:392 - QUERY字段：基础语义模糊匹配通过
2026-02-27 03:09:13,778 - INFO - CaseID:392 - 整体结果: PASS | 详情: 所有字段校验通过
2026-02-27 03:09:18,474 - INFO - CaseID:393 - 整体结果: FAILED | 详情: APINAME不匹配：预期[visual_search]，实际[QASearch]; CATEGORY不匹配：一方为空 - 预期[]，实际[生物]; QUERY不匹配：基础语义模糊匹配失败 - 预期[这是东非冠鹤西非冠鹤吗]，实际[东非冠鹤的简介]; TAG不匹配：一方为空 - 预期[]，实际[东非冠鹤&简介]
2026-02-27 03:09:22,385 - INFO - CaseID:394 - QUERY字段：基础语义模糊匹配通过
2026-02-27 03:09:22,386 - INFO - CaseID:394 - 整体结果: PASS | 详情: 所有字段校验通过
2026-02-27 03:09:26,498 - INFO - CaseID:395 - 整体结果: FAILED | 详情: APINAME不匹配：预期[visual_search]，实际[QASearch]; CATEGORY不匹配：一方为空 - 预期[]，实际[生物]; QUERY不匹配：基础语义模糊匹配失败 - 预期[它在是在大海里生活吗]，实际[它具体指什么生物或物体]; TAG不匹配：一方为空 - 预期[]，实际[它&具体指&生物或物体]
2026-02-27 03:09:30,469 - INFO - CaseID:396 - QUERY字段：基础语义模糊匹配通过
2026-02-27 03:09:30,470 - INFO - CaseID:396 - 整体结果: PASS | 详情: 所有字段校验通过
2026-02-27 03:09:34,195 - INFO - CaseID:397 - QUERY字段：基础语义模糊匹配通过
2026-02-27 03:09:34,195 - INFO - CaseID:397 - 整体结果: PASS | 详情: 所有字段校验通过
2026-02-27 03:09:39,070 - INFO - CaseID:398 - 整体结果: FAILED | 详情: APINAME不匹配：预期[visual_search]，实际[QASearch]; CATEGORY不匹配：一方为空 - 预期[]，实际[生物]; QUERY不匹配：基础语义模糊匹配失败 - 预期[这个是丹顶鹤吧]，实际[丹顶鹤的特征]; TAG不匹配：一方为空 - 预期[]，实际[丹顶鹤&特征]
2026-02-27 03:09:43,056 - INFO - CaseID:399 - QUERY字段：基础语义模糊匹配通过
2026-02-27 03:09:43,057 - INFO - CaseID:399 - 整体结果: PASS | 详情: 所有字段校验通过
2026-02-27 03:09:47,441 - INFO - CaseID:400 - QUERY字段：基础语义模糊匹配通过
2026-02-27 03:09:47,441 - INFO - CaseID:400 - 整体结果: PASS | 详情: 所有字段校验通过
2026-02-27 03:09:47,442 - INFO - 已处理400/2393条用例，当前通过数：268（67.00%）
2026-02-27 03:09:53,406 - INFO - CaseID:401 - QUERY字段：基础语义模糊匹配通过
2026-02-27 03:09:53,406 - INFO - CaseID:401 - 整体结果: PASS | 详情: 所有字段校验通过
2026-02-27 03:09:57,534 - INFO - CaseID:402 - QUERY字段：基础语义模糊匹配通过
2026-02-27 03:09:57,535 - INFO - CaseID:402 - 整体结果: FAILED | 详情: APINAME不匹配：预期[visual_search]，实际[QASearch]; CATEGORY不匹配：一方为空 - 预期[]，实际[生物]; TAG不匹配：一方为空 - 预期[]，实际[羊&角&弯&原因]
2026-02-27 03:10:01,506 - INFO - CaseID:403 - QUERY字段：基础语义模糊匹配通过
2026-02-27 03:10:01,507 - INFO - CaseID:403 - 整体结果: PASS | 详情: 所有字段校验通过
2026-02-27 03:10:05,389 - INFO - CaseID:404 - QUERY字段：基础语义模糊匹配通过
2026-02-27 03:10:05,391 - INFO - CaseID:404 - 整体结果: PASS | 详情: 所有字段校验通过
2026-02-27 03:10:09,278 - INFO - CaseID:405 - 整体结果: FAILED | 详情: APINAME不匹配：预期[visual_search]，实际[QASearch]; CATEGORY不匹配：一方为空 - 预期[]，实际[生物]; QUERY不匹配：基础语义模糊匹配失败 - 预期[阳光下的骆驼是什么品种]，实际[骆驼的品种分类]; TAG不匹配：一方为空 - 预期[]，实际[骆驼&品种&分类]
2026-02-27 03:10:13,478 - INFO - CaseID:406 - QUERY字段：基础语义模糊匹配通过
2026-02-27 03:10:13,479 - INFO - CaseID:406 - 整体结果: PASS | 详情: 所有字段校验通过
2026-02-27 03:10:17,472 - INFO - CaseID:407 - QUERY字段：基础语义模糊匹配通过
2026-02-27 03:10:17,473 - INFO - CaseID:407 - 整体结果: PASS | 详情: 所有字段校验通过
2026-02-27 03:10:25,687 - INFO - CaseID:408 - QUERY字段：语义匹配失败，但visual_search链路意图匹配通过
2026-02-27 03:10:25,688 - INFO - CaseID:408 - 整体结果: PASS | 详情: 所有字段校验通过
2026-02-27 03:10:25,688 - INFO - CaseID:409 - 整体结果: FAILED | 详情: 模型输出核心字段全为空，判定不通过
2026-02-27 03:10:29,622 - INFO - CaseID:410 - 整体结果: FAILED | 详情: APINAME不匹配：预期[visual_search]，实际[QASearch]; CATEGORY不匹配：一方为空 - 预期[]，实际[生物]; QUERY不匹配：基础语义模糊匹配失败 - 预期[它的鼻子为啥这么长]，实际[长鼻子的动物有哪些]; TAG不匹配：一方为空 - 预期[]，实际[长鼻子&动物]
2026-02-27 03:10:33,645 - INFO - CaseID:411 - 整体结果: FAILED | 详情: APINAME不匹配：预期[visual_search]，实际[QASearch]; CATEGORY不匹配：一方为空 - 预期[]，实际[生物]; QUERY不匹配：基础语义模糊匹配失败 - 预期[这个是大熊猫还是小熊猫]，实际[大熊猫的简介]; TAG不匹配：一方为空 - 预期[]，实际[大熊猫&简介]
2026-02-27 03:10:33,645 - INFO - CaseID:412 - 整体结果: FAILED | 详情: 模型输出核心字段全为空，判定不通过
2026-02-27 03:10:37,642 - INFO - CaseID:413 - QUERY字段：基础语义模糊匹配通过
2026-02-27 03:10:37,643 - INFO - CaseID:413 - 整体结果: PASS | 详情: 所有字段校验通过
2026-02-27 03:10:37,643 - INFO - CaseID:414 - 整体结果: FAILED | 详情: 模型输出核心字段全为空，判定不通过
2026-02-27 03:10:37,643 - INFO - CaseID:415 - 整体结果: FAILED | 详情: 模型输出核心字段全为空，判定不通过
2026-02-27 03:10:41,581 - INFO - CaseID:416 - QUERY字段：基础语义模糊匹配通过
2026-02-27 03:10:41,581 - INFO - CaseID:416 - 整体结果: PASS | 详情: 所有字段校验通过
2026-02-27 03:10:41,582 - INFO - CaseID:417 - 整体结果: FAILED | 详情: 模型输出核心字段全为空，判定不通过
2026-02-27 03:10:45,532 - INFO - CaseID:418 - QUERY字段：基础语义模糊匹配通过
2026-02-27 03:10:45,532 - INFO - CaseID:418 - 整体结果: PASS | 详情: 所有字段校验通过
2026-02-27 03:10:45,533 - INFO - CaseID:419 - 整体结果: FAILED | 详情: 模型输出核心字段全为空，判定不通过
2026-02-27 03:10:49,469 - INFO - CaseID:420 - QUERY字段：基础语义模糊匹配通过
2026-02-27 03:10:49,470 - INFO - CaseID:420 - 整体结果: PASS | 详情: 所有字段校验通过
2026-02-27 03:10:53,207 - INFO - CaseID:421 - QUERY字段：基础语义模糊匹配通过
2026-02-27 03:10:53,207 - INFO - CaseID:421 - 整体结果: PASS | 详情: 所有字段校验通过
2026-02-27 03:11:01,194 - INFO - CaseID:422 - QUERY字段：语义匹配失败，但visual_search链路意图匹配通过
2026-02-27 03:11:01,194 - INFO - CaseID:422 - 整体结果: PASS | 详情: 所有字段校验通过
2026-02-27 03:11:05,101 - INFO - CaseID:423 - QUERY字段：基础语义模糊匹配通过
2026-02-27 03:11:05,101 - INFO - CaseID:423 - 整体结果: PASS | 详情: 所有字段校验通过
2026-02-27 03:11:05,102 - INFO - CaseID:424 - 整体结果: FAILED | 详情: 模型输出核心字段全为空，判定不通过
2026-02-27 03:11:08,971 - INFO - CaseID:425 - QUERY字段：基础语义模糊匹配通过
2026-02-27 03:11:08,972 - INFO - CaseID:425 - 整体结果: PASS | 详情: 所有字段校验通过
2026-02-27 03:11:08,972 - INFO - CaseID:426 - 整体结果: FAILED | 详情: 模型输出核心字段全为空，判定不通过
2026-02-27 03:11:12,970 - INFO - CaseID:427 - QUERY字段：基础语义模糊匹配通过
2026-02-27 03:11:12,970 - INFO - CaseID:427 - 整体结果: PASS | 详情: 所有字段校验通过
2026-02-27 03:11:12,971 - INFO - CaseID:428 - 整体结果: FAILED | 详情: 模型输出核心字段全为空，判定不通过
2026-02-27 03:11:16,909 - INFO - CaseID:429 - QUERY字段：基础语义模糊匹配通过
2026-02-27 03:11:16,910 - INFO - CaseID:429 - 整体结果: PASS | 详情: 所有字段校验通过
2026-02-27 03:11:20,579 - INFO - CaseID:430 - QUERY字段：基础语义模糊匹配通过
2026-02-27 03:11:20,579 - INFO - CaseID:430 - 整体结果: PASS | 详情: 所有字段校验通过
2026-02-27 03:11:24,546 - INFO - CaseID:431 - QUERY字段：基础语义模糊匹配通过
2026-02-27 03:11:24,546 - INFO - CaseID:431 - 整体结果: PASS | 详情: 所有字段校验通过
2026-02-27 03:11:24,546 - INFO - CaseID:432 - 整体结果: FAILED | 详情: 模型输出核心字段全为空，判定不通过
2026-02-27 03:11:24,547 - INFO - CaseID:433 - 整体结果: FAILED | 详情: 模型输出核心字段全为空，判定不通过
2026-02-27 03:11:28,949 - INFO - CaseID:434 - QUERY字段：基础语义模糊匹配通过
2026-02-27 03:11:28,950 - INFO - CaseID:434 - 整体结果: FAILED | 详情: APINAME不匹配：预期[visual_search]，实际[QASearch]; CATEGORY不匹配：一方为空 - 预期[]，实际[生物]; TAG不匹配：一方为空 - 预期[]，实际[动物&特别长的牙齿]
2026-02-27 03:11:32,901 - INFO - CaseID:435 - 整体结果: FAILED | 详情: APINAME不匹配：预期[visual_search]，实际[QASearch]; CATEGORY不匹配：一方为空 - 预期[]，实际[生物]; QUERY不匹配：基础语义模糊匹配失败 - 预期[它们的牙齿为啥那么长]，实际[牙齿特别长的动物有哪些]; TAG不匹配：一方为空 - 预期[]，实际[牙齿特别长&动物]
2026-02-27 03:11:36,830 - INFO - CaseID:436 - QUERY字段：基础语义模糊匹配通过
2026-02-27 03:11:36,830 - INFO - CaseID:436 - 整体结果: PASS | 详情: 所有字段校验通过
2026-02-27 03:11:40,736 - INFO - CaseID:437 - QUERY字段：基础语义模糊匹配通过
2026-02-27 03:11:40,737 - INFO - CaseID:437 - 整体结果: PASS | 详情: 所有字段校验通过
2026-02-27 03:11:44,616 - INFO - CaseID:438 - QUERY字段：基础语义模糊匹配通过
2026-02-27 03:11:44,617 - INFO - CaseID:438 - 整体结果: PASS | 详情: 所有字段校验通过
2026-02-27 03:11:48,608 - INFO - CaseID:439 - QUERY字段：基础语义模糊匹配通过
2026-02-27 03:11:48,609 - INFO - CaseID:439 - 整体结果: PASS | 详情: 所有字段校验通过
2026-02-27 03:11:56,234 - INFO - CaseID:440 - QUERY字段：语义匹配失败，但visual_search链路意图匹配通过
2026-02-27 03:11:56,234 - INFO - CaseID:440 - 整体结果: PASS | 详情: 所有字段校验通过
2026-02-27 03:12:00,690 - INFO - CaseID:441 - QUERY字段：基础语义模糊匹配通过
2026-02-27 03:12:00,690 - INFO - CaseID:441 - 整体结果: PASS | 详情: 所有字段校验通过
2026-02-27 03:12:04,779 - INFO - CaseID:442 - QUERY字段：基础语义模糊匹配通过
2026-02-27 03:12:04,779 - INFO - CaseID:442 - 整体结果: PASS | 详情: 所有字段校验通过
2026-02-27 03:12:09,597 - INFO - CaseID:443 - QUERY字段：基础语义模糊匹配通过
2026-02-27 03:12:09,598 - INFO - CaseID:443 - 整体结果: PASS | 详情: 所有字段校验通过
2026-02-27 03:12:13,596 - INFO - CaseID:444 - QUERY字段：基础语义模糊匹配通过
2026-02-27 03:12:13,596 - INFO - CaseID:444 - 整体结果: PASS | 详情: 所有字段校验通过
2026-02-27 03:12:21,597 - INFO - CaseID:445 - QUERY字段：语义匹配失败，但visual_search链路意图匹配通过
2026-02-27 03:12:21,597 - INFO - CaseID:445 - 整体结果: PASS | 详情: 所有字段校验通过
2026-02-27 03:12:25,356 - INFO - CaseID:446 - QUERY字段：基础语义模糊匹配通过
2026-02-27 03:12:25,356 - INFO - CaseID:446 - 整体结果: PASS | 详情: 所有字段校验通过
2026-02-27 03:12:33,505 - INFO - CaseID:447 - QUERY字段：语义匹配失败，但visual_search链路意图匹配通过
2026-02-27 03:12:33,506 - INFO - CaseID:447 - 整体结果: PASS | 详情: 所有字段校验通过
2026-02-27 03:12:38,212 - INFO - CaseID:448 - 整体结果: FAILED | 详情: APINAME不匹配：预期[visual_search]，实际[QASearch]; CATEGORY不匹配：一方为空 - 预期[]，实际[生物]; QUERY不匹配：基础语义模糊匹配失败 - 预期[它是卵生生物吗]，实际[它具体指哪种生物]; TAG不匹配：一方为空 - 预期[]，实际[它&具体指&生物]
2026-02-27 03:12:42,078 - INFO - CaseID:449 - QUERY字段：基础语义模糊匹配通过
2026-02-27 03:12:42,079 - INFO - CaseID:449 - 整体结果: PASS | 详情: 所有字段校验通过
2026-02-27 03:12:45,707 - INFO - CaseID:450 - 整体结果: FAILED | 详情: APINAME不匹配：预期[visual_search]，实际[QASearch]; CATEGORY不匹配：一方为空 - 预期[]，实际[生物]; QUERY不匹配：基础语义模糊匹配失败 - 预期[这是白额雁吗]，实际[白额雁的特征]; TAG不匹配：一方为空 - 预期[]，实际[白额雁&特征]
2026-02-27 03:12:45,707 - INFO - CaseID:451 - 整体结果: FAILED | 详情: 模型输出核心字段全为空，判定不通过
2026-02-27 03:12:53,785 - INFO - CaseID:452 - QUERY字段：语义匹配失败，但visual_search链路意图匹配通过
2026-02-27 03:12:53,785 - INFO - CaseID:452 - 整体结果: PASS | 详情: 所有字段校验通过
2026-02-27 03:12:57,727 - INFO - CaseID:453 - QUERY字段：基础语义模糊匹配通过
2026-02-27 03:12:57,727 - INFO - CaseID:453 - 整体结果: PASS | 详情: 所有字段校验通过
2026-02-27 03:13:01,601 - INFO - CaseID:454 - 整体结果: FAILED | 详情: APINAME不匹配：预期[visual_search]，实际[QASearch]; CATEGORY不匹配：一方为空 - 预期[]，实际[生物]; QUERY不匹配：基础语义模糊匹配失败 - 预期[这是几只白鹤呀]，实际[白鹤的种类]; TAG不匹配：一方为空 - 预期[]，实际[白鹤&种类]
2026-02-27 03:13:06,346 - INFO - CaseID:455 - QUERY字段：基础语义模糊匹配通过
2026-02-27 03:13:06,346 - INFO - CaseID:455 - 整体结果: PASS | 详情: 所有字段校验通过
2026-02-27 03:13:10,425 - INFO - CaseID:456 - QUERY字段：基础语义模糊匹配通过
2026-02-27 03:13:10,425 - INFO - CaseID:456 - 整体结果: PASS | 详情: 所有字段校验通过
2026-02-27 03:13:14,096 - INFO - CaseID:457 - QUERY字段：基础语义模糊匹配通过
2026-02-27 03:13:14,096 - INFO - CaseID:457 - 整体结果: PASS | 详情: 所有字段校验通过
2026-02-27 03:13:18,042 - INFO - CaseID:458 - QUERY字段：基础语义模糊匹配通过
2026-02-27 03:13:18,042 - INFO - CaseID:458 - 整体结果: PASS | 详情: 所有字段校验通过
2026-02-27 03:13:21,580 - INFO - CaseID:459 - 整体结果: FAILED | 详情: APINAME不匹配：预期[visual_search]，实际[QASearch]; CATEGORY不匹配：一方为空 - 预期[]，实际[生物]; QUERY不匹配：基础语义模糊匹配失败 - 预期[它的尾巴为什么那么长]，实际[尾巴特别长的动物有哪些]; TAG不匹配：一方为空 - 预期[]，实际[尾巴特别长&动物]
2026-02-27 03:13:25,479 - INFO - CaseID:460 - QUERY字段：基础语义模糊匹配通过
2026-02-27 03:13:25,479 - INFO - CaseID:460 - 整体结果: PASS | 详情: 所有字段校验通过
2026-02-27 03:13:29,578 - INFO - CaseID:461 - 整体结果: FAILED | 详情: APINAME不匹配：预期[visual_search]，实际[QASearch]; CATEGORY不匹配：一方为空 - 预期[]，实际[生物]; QUERY不匹配：基础语义模糊匹配失败 - 预期[这是几只细尾獴]，实际[细尾獴的特征]; TAG不匹配：一方为空 - 预期[]，实际[细尾獴&特征]
2026-02-27 03:13:33,568 - INFO - CaseID:462 - QUERY字段：基础语义模糊匹配通过
2026-02-27 03:13:33,568 - INFO - CaseID:462 - 整体结果: PASS | 详情: 所有字段校验通过
2026-02-27 03:13:33,569 - INFO - CaseID:463 - 整体结果: FAILED | 详情: 模型输出核心字段全为空，判定不通过
2026-02-27 03:13:37,462 - INFO - CaseID:464 - QUERY字段：基础语义模糊匹配通过
2026-02-27 03:13:37,462 - INFO - CaseID:464 - 整体结果: PASS | 详情: 所有字段校验通过
2026-02-27 03:13:41,075 - INFO - CaseID:465 - 整体结果: FAILED | 详情: APINAME不匹配：预期[visual_search]，实际[QASearch]; CATEGORY不匹配：一方为空 - 预期[]，实际[生物]; QUERY不匹配：基础语义模糊匹配失败 - 预期[这个孔雀是绿孔雀吗]，实际[绿孔雀的特征]; TAG不匹配：一方为空 - 预期[]，实际[绿孔雀&特征]
2026-02-27 03:13:41,076 - INFO - CaseID:466 - 整体结果: FAILED | 详情: 模型输出核心字段全为空，判定不通过
2026-02-27 03:13:46,060 - INFO - CaseID:467 - QUERY字段：基础语义模糊匹配通过
2026-02-27 03:13:46,061 - INFO - CaseID:467 - 整体结果: PASS | 详情: 所有字段校验通过
2026-02-27 03:13:50,015 - INFO - CaseID:468 - QUERY字段：基础语义模糊匹配通过
2026-02-27 03:13:50,015 - INFO - CaseID:468 - 整体结果: PASS | 详情: 所有字段校验通过
2026-02-27 03:13:54,494 - INFO - CaseID:469 - QUERY字段：基础语义模糊匹配通过
2026-02-27 03:13:54,495 - INFO - CaseID:469 - 整体结果: PASS | 详情: 所有字段校验通过
2026-02-27 03:13:58,474 - INFO - CaseID:470 - QUERY字段：基础语义模糊匹配通过
2026-02-27 03:13:58,475 - INFO - CaseID:470 - 整体结果: PASS | 详情: 所有字段校验通过
2026-02-27 03:14:02,466 - INFO - CaseID:471 - QUERY字段：基础语义模糊匹配通过
2026-02-27 03:14:02,466 - INFO - CaseID:471 - 整体结果: PASS | 详情: 所有字段校验通过
2026-02-27 03:14:06,433 - INFO - CaseID:472 - QUERY字段：基础语义模糊匹配通过
2026-02-27 03:14:06,433 - INFO - CaseID:472 - 整体结果: PASS | 详情: 所有字段校验通过
2026-02-27 03:14:10,432 - INFO - CaseID:473 - 整体结果: FAILED | 详情: APINAME不匹配：预期[visual_search]，实际[QASearch]; CATEGORY不匹配：一方为空 - 预期[]，实际[生物]; QUERY不匹配：基础语义模糊匹配失败 - 预期[这个是羚牛么]，实际[羚牛的特征]; TAG不匹配：一方为空 - 预期[]，实际[羚牛&特征]
2026-02-27 03:14:14,403 - INFO - CaseID:474 - QUERY字段：基础语义模糊匹配通过
2026-02-27 03:14:14,403 - INFO - CaseID:474 - 整体结果: PASS | 详情: 所有字段校验通过
2026-02-27 03:14:22,515 - INFO - CaseID:475 - QUERY字段：语义匹配失败，但visual_search链路意图匹配通过
2026-02-27 03:14:22,516 - INFO - CaseID:475 - 整体结果: PASS | 详情: 所有字段校验通过
2026-02-27 03:14:26,503 - INFO - CaseID:476 - QUERY字段：基础语义模糊匹配通过
2026-02-27 03:14:26,504 - INFO - CaseID:476 - 整体结果: PASS | 详情: 所有字段校验通过
2026-02-27 03:14:34,913 - INFO - CaseID:477 - QUERY字段：语义匹配失败，但visual_search链路意图匹配通过
2026-02-27 03:14:34,913 - INFO - CaseID:477 - 整体结果: PASS | 详情: 所有字段校验通过
2026-02-27 03:14:38,593 - INFO - CaseID:478 - QUERY字段：基础语义模糊匹配通过
2026-02-27 03:14:38,593 - INFO - CaseID:478 - 整体结果: PASS | 详情: 所有字段校验通过
2026-02-27 03:14:46,244 - INFO - CaseID:479 - QUERY字段：语义匹配失败，但visual_search链路意图匹配通过
2026-02-27 03:14:46,245 - INFO - CaseID:479 - 整体结果: PASS | 详情: 所有字段校验通过
2026-02-27 03:14:50,163 - INFO - CaseID:480 - 整体结果: FAILED | 详情: APINAME不匹配：预期[visual_search]，实际[QASearch]; CATEGORY不匹配：一方为空 - 预期[]，实际[生物]; QUERY不匹配：基础语义模糊匹配失败 - 预期[蓑羽鹤在干什么]，实际[蓑羽鹤的主要活动]; TAG不匹配：一方为空 - 预期[]，实际[蓑羽鹤&主要活动]
2026-02-27 03:14:50,163 - INFO - CaseID:481 - 整体结果: FAILED | 详情: 模型输出核心字段全为空，判定不通过
2026-02-27 03:14:54,149 - INFO - CaseID:482 - QUERY字段：基础语义模糊匹配通过
2026-02-27 03:14:54,149 - INFO - CaseID:482 - 整体结果: PASS | 详情: 所有字段校验通过
2026-02-27 03:14:58,833 - INFO - CaseID:483 - QUERY字段：基础语义模糊匹配通过
2026-02-27 03:14:58,834 - INFO - CaseID:483 - 整体结果: PASS | 详情: 所有字段校验通过
2026-02-27 03:15:06,457 - INFO - CaseID:484 - QUERY字段：语义匹配失败，但visual_search链路意图匹配通过
2026-02-27 03:15:06,457 - INFO - CaseID:484 - 整体结果: PASS | 详情: 所有字段校验通过
2026-02-27 03:15:10,445 - INFO - CaseID:485 - QUERY字段：基础语义模糊匹配通过
2026-02-27 03:15:10,445 - INFO - CaseID:485 - 整体结果: PASS | 详情: 所有字段校验通过
2026-02-27 03:15:14,658 - INFO - CaseID:486 - QUERY字段：基础语义模糊匹配通过
2026-02-27 03:15:14,658 - INFO - CaseID:486 - 整体结果: PASS | 详情: 所有字段校验通过
2026-02-27 03:15:18,836 - INFO - CaseID:487 - QUERY字段：基础语义模糊匹配通过
2026-02-27 03:15:18,836 - INFO - CaseID:487 - 整体结果: PASS | 详情: 所有字段校验通过
2026-02-27 03:15:22,829 - INFO - CaseID:488 - 整体结果: FAILED | 详情: APINAME不匹配：预期[visual_search]，实际[QASearch]; CATEGORY不匹配：一方为空 - 预期[]，实际[生物]; QUERY不匹配：基础语义模糊匹配失败 - 预期[这个野猪在干嘛]，实际[野猪常见行为]; TAG不匹配：一方为空 - 预期[]，实际[野猪&常见行为]
2026-02-27 03:15:26,998 - INFO - CaseID:489 - QUERY字段：基础语义模糊匹配通过
2026-02-27 03:15:26,998 - INFO - CaseID:489 - 整体结果: PASS | 详情: 所有字段校验通过
2026-02-27 03:15:32,130 - INFO - CaseID:490 - QUERY字段：基础语义模糊匹配通过
2026-02-27 03:15:32,130 - INFO - CaseID:490 - 整体结果: PASS | 详情: 所有字段校验通过
2026-02-27 03:15:36,213 - INFO - CaseID:491 - QUERY字段：基础语义模糊匹配通过
2026-02-27 03:15:36,213 - INFO - CaseID:491 - 整体结果: PASS | 详情: 所有字段校验通过
2026-02-27 03:15:40,443 - INFO - CaseID:492 - 整体结果: FAILED | 详情: APINAME不匹配：预期[visual_search]，实际[QASearch]; CATEGORY不匹配：一方为空 - 预期[]，实际[生物]; QUERY不匹配：基础语义模糊匹配失败 - 预期[它为什么满身斑点]，实际[它具体指代的动物]; TAG不匹配：一方为空 - 预期[]，实际[它&具体指代&动物]
2026-02-27 03:15:48,224 - INFO - CaseID:493 - QUERY字段：语义匹配失败，但visual_search链路意图匹配通过
2026-02-27 03:15:48,224 - INFO - CaseID:493 - 整体结果: PASS | 详情: 所有字段校验通过
2026-02-27 03:15:52,125 - INFO - CaseID:494 - QUERY字段：基础语义模糊匹配通过
2026-02-27 03:15:52,125 - INFO - CaseID:494 - 整体结果: PASS | 详情: 所有字段校验通过
2026-02-27 03:15:56,762 - INFO - CaseID:495 - QUERY字段：基础语义模糊匹配通过
2026-02-27 03:15:56,762 - INFO - CaseID:495 - 整体结果: PASS | 详情: 所有字段校验通过
2026-02-27 03:16:04,711 - INFO - CaseID:496 - QUERY字段：语义匹配失败，但visual_search链路意图匹配通过
2026-02-27 03:16:04,712 - INFO - CaseID:496 - 整体结果: PASS | 详情: 所有字段校验通过
2026-02-27 03:16:13,724 - INFO - CaseID:497 - QUERY字段：语义匹配失败，但visual_search链路意图匹配通过
2026-02-27 03:16:13,724 - INFO - CaseID:497 - 整体结果: PASS | 详情: 所有字段校验通过
2026-02-27 03:16:18,842 - INFO - CaseID:498 - QUERY字段：基础语义模糊匹配通过
2026-02-27 03:16:18,842 - INFO - CaseID:498 - 整体结果: PASS | 详情: 所有字段校验通过
2026-02-27 03:16:22,838 - INFO - CaseID:499 - QUERY字段：基础语义模糊匹配通过
2026-02-27 03:16:22,838 - INFO - CaseID:499 - 整体结果: PASS | 详情: 所有字段校验通过
2026-02-27 03:16:26,889 - INFO - CaseID:500 - QUERY字段：基础语义模糊匹配通过
2026-02-27 03:16:26,889 - INFO - CaseID:500 - 整体结果: PASS | 详情: 所有字段校验通过
2026-02-27 03:16:30,825 - INFO - CaseID:501 - 整体结果: FAILED | 详情: APINAME不匹配：预期[visual_search]，实际[QASearch]; CATEGORY不匹配：一方为空 - 预期[]，实际[生物]; QUERY不匹配：基础语义模糊匹配失败 - 预期[这是马来熊吗]，实际[马来熊的特征]; TAG不匹配：一方为空 - 预期[]，实际[马来熊&特征]
2026-02-27 03:16:34,440 - INFO - CaseID:502 - QUERY字段：基础语义模糊匹配通过
2026-02-27 03:16:34,440 - INFO - CaseID:502 - 整体结果: PASS | 详情: 所有字段校验通过
2026-02-27 03:16:38,452 - INFO - CaseID:503 - QUERY字段：基础语义模糊匹配通过
2026-02-27 03:16:38,452 - INFO - CaseID:503 - 整体结果: PASS | 详情: 所有字段校验通过
2026-02-27 03:16:38,453 - INFO - CaseID:504 - 整体结果: FAILED | 详情: 模型输出核心字段全为空，判定不通过
2026-02-27 03:16:42,292 - INFO - CaseID:505 - QUERY字段：基础语义模糊匹配通过
2026-02-27 03:16:42,292 - INFO - CaseID:505 - 整体结果: PASS | 详情: 所有字段校验通过
2026-02-27 03:16:46,238 - INFO - CaseID:506 - QUERY字段：基础语义模糊匹配通过
2026-02-27 03:16:46,239 - INFO - CaseID:506 - 整体结果: PASS | 详情: 所有字段校验通过
2026-02-27 03:16:50,178 - INFO - CaseID:507 - QUERY字段：基础语义模糊匹配通过
2026-02-27 03:16:50,179 - INFO - CaseID:507 - 整体结果: PASS | 详情: 所有字段校验通过
2026-02-27 03:16:50,179 - INFO - CaseID:508 - 整体结果: FAILED | 详情: 模型输出核心字段全为空，判定不通过
2026-02-27 03:16:54,134 - INFO - CaseID:509 - QUERY字段：基础语义模糊匹配通过
2026-02-27 03:16:54,134 - INFO - CaseID:509 - 整体结果: PASS | 详情: 所有字段校验通过
2026-02-27 03:16:54,134 - INFO - CaseID:510 - 整体结果: FAILED | 详情: 模型输出核心字段全为空，判定不通过
2026-02-27 03:16:54,135 - INFO - CaseID:511 - 整体结果: FAILED | 详情: 模型输出核心字段全为空，判定不通过
2026-02-27 03:16:58,124 - INFO - CaseID:512 - QUERY字段：基础语义模糊匹配通过
2026-02-27 03:16:58,125 - INFO - CaseID:512 - 整体结果: PASS | 详情: 所有字段校验通过
2026-02-27 03:17:02,096 - INFO - CaseID:513 - QUERY字段：基础语义模糊匹配通过
2026-02-27 03:17:02,096 - INFO - CaseID:513 - 整体结果: PASS | 详情: 所有字段校验通过
2026-02-27 03:17:06,971 - INFO - CaseID:514 - QUERY字段：基础语义模糊匹配通过
2026-02-27 03:17:06,972 - INFO - CaseID:514 - 整体结果: PASS | 详情: 所有字段校验通过
2026-02-27 03:17:10,720 - INFO - CaseID:515 - QUERY字段：基础语义模糊匹配通过
2026-02-27 03:17:10,720 - INFO - CaseID:515 - 整体结果: PASS | 详情: 所有字段校验通过
2026-02-27 03:17:14,680 - INFO - CaseID:516 - QUERY字段：基础语义模糊匹配通过
2026-02-27 03:17:14,680 - INFO - CaseID:516 - 整体结果: PASS | 详情: 所有字段校验通过
2026-02-27 03:17:18,662 - INFO - CaseID:517 - 整体结果: FAILED | 详情: APINAME不匹配：预期[visual_search]，实际[QASearch]; CATEGORY不匹配：一方为空 - 预期[]，实际[生物]; QUERY不匹配：基础语义模糊匹配失败 - 预期[这是黑天鹅么]，实际[黑天鹅的特征]; TAG不匹配：一方为空 - 预期[]，实际[黑天鹅&特征]
2026-02-27 03:17:23,768 - INFO - CaseID:518 - QUERY字段：基础语义模糊匹配通过
2026-02-27 03:17:23,769 - INFO - CaseID:518 - 整体结果: PASS | 详情: 所有字段校验通过
2026-02-27 03:17:28,066 - INFO - CaseID:519 - 整体结果: FAILED | 详情: APINAME不匹配：预期[visual_search]，实际[QASearch]; CATEGORY不匹配：一方为空 - 预期[]，实际[人物]; QUERY不匹配：基础语义模糊匹配失败 - 预期[识别当前摄像头捕捉到的物体或生物]，实际[理想同学与人类的渊源]; TAG不匹配：一方为空 - 预期[]，实际[理想同学&人类&渊源]
2026-02-27 03:17:28,067 - INFO - CaseID:520 - 整体结果: FAILED | 详情: 模型输出核心字段全为空，判定不通过
2026-02-27 03:17:31,825 - INFO - CaseID:521 - QUERY字段：基础语义模糊匹配通过
2026-02-27 03:17:31,826 - INFO - CaseID:521 - 整体结果: PASS | 详情: 所有字段校验通过
2026-02-27 03:17:35,785 - INFO - CaseID:522 - QUERY字段：基础语义模糊匹配通过
2026-02-27 03:17:35,785 - INFO - CaseID:522 - 整体结果: PASS | 详情: 所有字段校验通过
2026-02-27 03:17:39,554 - INFO - CaseID:523 - QUERY字段：基础语义模糊匹配通过
2026-02-27 03:17:39,554 - INFO - CaseID:523 - 整体结果: PASS | 详情: 所有字段校验通过
2026-02-27 03:17:44,028 - INFO - CaseID:524 - QUERY字段：基础语义模糊匹配通过
2026-02-27 03:17:44,028 - INFO - CaseID:524 - 整体结果: PASS | 详情: 所有字段校验通过
2026-02-27 03:17:48,034 - INFO - CaseID:525 - QUERY字段：基础语义模糊匹配通过
2026-02-27 03:17:48,034 - INFO - CaseID:525 - 整体结果: PASS | 详情: 所有字段校验通过
2026-02-27 03:17:55,743 - INFO - CaseID:526 - QUERY字段：语义匹配失败，但visual_search链路意图匹配通过
2026-02-27 03:17:55,743 - INFO - CaseID:526 - 整体结果: PASS | 详情: 所有字段校验通过
2026-02-27 03:17:59,405 - INFO - CaseID:527 - QUERY字段：基础语义模糊匹配通过
2026-02-27 03:17:59,405 - INFO - CaseID:527 - 整体结果: PASS | 详情: 所有字段校验通过
2026-02-27 03:18:03,393 - INFO - CaseID:528 - QUERY字段：基础语义模糊匹配通过
2026-02-27 03:18:03,394 - INFO - CaseID:528 - 整体结果: PASS | 详情: 所有字段校验通过
2026-02-27 03:18:03,394 - INFO - CaseID:529 - 整体结果: FAILED | 详情: 模型输出核心字段全为空，判定不通过
2026-02-27 03:18:07,284 - INFO - CaseID:530 - QUERY字段：基础语义模糊匹配通过
2026-02-27 03:18:07,284 - INFO - CaseID:530 - 整体结果: PASS | 详情: 所有字段校验通过
2026-02-27 03:18:07,284 - INFO - CaseID:531 - 整体结果: FAILED | 详情: 模型输出核心字段全为空，判定不通过
2026-02-27 03:18:07,284 - INFO - CaseID:532 - 整体结果: FAILED | 详情: 模型输出核心字段全为空，判定不通过
2026-02-27 03:18:07,284 - INFO - CaseID:533 - 整体结果: FAILED | 详情: 模型输出核心字段全为空，判定不通过
2026-02-27 03:18:11,689 - INFO - CaseID:534 - QUERY字段：基础语义模糊匹配通过
2026-02-27 03:18:11,690 - INFO - CaseID:534 - 整体结果: PASS | 详情: 所有字段校验通过
2026-02-27 03:18:15,581 - INFO - CaseID:535 - QUERY字段：基础语义模糊匹配通过
2026-02-27 03:18:15,581 - INFO - CaseID:535 - 整体结果: PASS | 详情: 所有字段校验通过
2026-02-27 03:18:19,531 - INFO - CaseID:536 - QUERY字段：基础语义模糊匹配通过
2026-02-27 03:18:19,531 - INFO - CaseID:536 - 整体结果: PASS | 详情: 所有字段校验通过
2026-02-27 03:18:27,226 - INFO - CaseID:537 - QUERY字段：语义匹配失败，但visual_search链路意图匹配通过
2026-02-27 03:18:27,227 - INFO - CaseID:537 - 整体结果: PASS | 详情: 所有字段校验通过
2026-02-27 03:18:31,247 - INFO - CaseID:538 - QUERY字段：基础语义模糊匹配通过
2026-02-27 03:18:31,248 - INFO - CaseID:538 - 整体结果: PASS | 详情: 所有字段校验通过
2026-02-27 03:18:35,449 - INFO - CaseID:539 - QUERY字段：基础语义模糊匹配通过
2026-02-27 03:18:35,449 - INFO - CaseID:539 - 整体结果: PASS | 详情: 所有字段校验通过
2026-02-27 03:18:39,810 - INFO - CaseID:540 - 整体结果: FAILED | 详情: APINAME不匹配：预期[visual_search]，实际[QASearch]; CATEGORY不匹配：一方为空 - 预期[]，实际[生物]; QUERY不匹配：基础语义模糊匹配失败 - 预期[你觉得这只狗可能在考虑什么呢]，实际[狗的行为心理学分析]; TAG不匹配：一方为空 - 预期[]，实际[狗&行为心理学]
2026-02-27 03:18:48,864 - INFO - CaseID:541 - QUERY字段：语义匹配失败，但visual_search链路意图匹配通过
2026-02-27 03:18:48,865 - INFO - CaseID:541 - 整体结果: PASS | 详情: 所有字段校验通过
2026-02-27 03:18:52,854 - INFO - CaseID:542 - QUERY字段：基础语义模糊匹配通过
2026-02-27 03:18:52,854 - INFO - CaseID:542 - 整体结果: PASS | 详情: 所有字段校验通过
2026-02-27 03:18:56,819 - INFO - CaseID:543 - QUERY字段：基础语义模糊匹配通过
2026-02-27 03:18:56,819 - INFO - CaseID:543 - 整体结果: PASS | 详情: 所有字段校验通过
2026-02-27 03:19:00,843 - INFO - CaseID:544 - QUERY字段：基础语义模糊匹配通过
2026-02-27 03:19:00,844 - INFO - CaseID:544 - 整体结果: PASS | 详情: 所有字段校验通过
2026-02-27 03:19:04,480 - INFO - CaseID:545 - QUERY字段：基础语义模糊匹配通过
2026-02-27 03:19:04,481 - INFO - CaseID:545 - 整体结果: PASS | 详情: 所有字段校验通过
2026-02-27 03:19:08,491 - INFO - CaseID:546 - QUERY字段：基础语义模糊匹配通过
2026-02-27 03:19:08,492 - INFO - CaseID:546 - 整体结果: PASS | 详情: 所有字段校验通过
2026-02-27 03:19:12,372 - INFO - CaseID:547 - QUERY字段：基础语义模糊匹配通过
2026-02-27 03:19:12,373 - INFO - CaseID:547 - 整体结果: PASS | 详情: 所有字段校验通过
2026-02-27 03:19:16,298 - INFO - CaseID:548 - QUERY字段：基础语义模糊匹配通过
2026-02-27 03:19:16,298 - INFO - CaseID:548 - 整体结果: PASS | 详情: 所有字段校验通过
2026-02-27 03:19:20,282 - INFO - CaseID:549 - QUERY字段：基础语义模糊匹配通过
2026-02-27 03:19:20,282 - INFO - CaseID:549 - 整体结果: PASS | 详情: 所有字段校验通过
2026-02-27 03:19:24,284 - INFO - CaseID:550 - QUERY字段：基础语义模糊匹配通过
2026-02-27 03:19:24,284 - INFO - CaseID:550 - 整体结果: PASS | 详情: 所有字段校验通过
2026-02-27 03:19:24,285 - INFO - CaseID:551 - 整体结果: FAILED | 详情: 模型输出核心字段全为空，判定不通过
2026-02-27 03:19:24,285 - INFO - CaseID:552 - 整体结果: FAILED | 详情: 模型输出核心字段全为空，判定不通过
2026-02-27 03:19:24,286 - INFO - CaseID:553 - 整体结果: FAILED | 详情: 模型输出核心字段全为空，判定不通过
2026-02-27 03:19:28,284 - INFO - CaseID:554 - QUERY字段：基础语义模糊匹配通过
2026-02-27 03:19:28,285 - INFO - CaseID:554 - 整体结果: PASS | 详情: 所有字段校验通过
2026-02-27 03:19:28,285 - INFO - CaseID:555 - 整体结果: FAILED | 详情: 模型输出核心字段全为空，判定不通过
2026-02-27 03:19:32,396 - INFO - CaseID:556 - QUERY字段：基础语义模糊匹配通过
2026-02-27 03:19:32,397 - INFO - CaseID:556 - 整体结果: PASS | 详情: 所有字段校验通过
2026-02-27 03:19:36,369 - INFO - CaseID:557 - QUERY字段：基础语义模糊匹配通过
2026-02-27 03:19:36,370 - INFO - CaseID:557 - 整体结果: PASS | 详情: 所有字段校验通过
2026-02-27 03:19:40,230 - INFO - CaseID:558 - 整体结果: FAILED | 详情: APINAME不匹配：预期[visual_search]，实际[QASearch]; CATEGORY不匹配：一方为空 - 预期[]，实际[生物]; QUERY不匹配：基础语义模糊匹配失败 - 预期[这个狗是爱尔兰红白雪达犬吗]，实际[爱尔兰红白雪达犬的特征]; TAG不匹配：一方为空 - 预期[]，实际[爱尔兰红白雪达犬&特征]
2026-02-27 03:19:44,158 - INFO - CaseID:559 - QUERY字段：基础语义模糊匹配通过
2026-02-27 03:19:44,159 - INFO - CaseID:559 - 整体结果: PASS | 详情: 所有字段校验通过
2026-02-27 03:19:48,046 - INFO - CaseID:560 - QUERY字段：基础语义模糊匹配通过
2026-02-27 03:19:48,046 - INFO - CaseID:560 - 整体结果: PASS | 详情: 所有字段校验通过
2026-02-27 03:19:48,047 - INFO - CaseID:561 - 整体结果: FAILED | 详情: 模型输出核心字段全为空，判定不通过
2026-02-27 03:19:51,797 - INFO - CaseID:562 - QUERY字段：基础语义模糊匹配通过
2026-02-27 03:19:51,797 - INFO - CaseID:562 - 整体结果: PASS | 详情: 所有字段校验通过
2026-02-27 03:19:56,302 - INFO - CaseID:563 - QUERY字段：基础语义模糊匹配通过
2026-02-27 03:19:56,302 - INFO - CaseID:563 - 整体结果: PASS | 详情: 所有字段校验通过
2026-02-27 03:19:56,303 - INFO - CaseID:564 - 整体结果: FAILED | 详情: 模型输出核心字段全为空，判定不通过
2026-02-27 03:20:00,006 - INFO - CaseID:565 - QUERY字段：基础语义模糊匹配通过
2026-02-27 03:20:00,006 - INFO - CaseID:565 - 整体结果: PASS | 详情: 所有字段校验通过
2026-02-27 03:20:04,024 - INFO - CaseID:566 - QUERY字段：基础语义模糊匹配通过
2026-02-27 03:20:04,025 - INFO - CaseID:566 - 整体结果: PASS | 详情: 所有字段校验通过
2026-02-27 03:20:08,036 - INFO - CaseID:567 - QUERY字段：基础语义模糊匹配通过
2026-02-27 03:20:08,037 - INFO - CaseID:567 - 整体结果: PASS | 详情: 所有字段校验通过
2026-02-27 03:20:12,122 - INFO - CaseID:568 - QUERY字段：基础语义模糊匹配通过
2026-02-27 03:20:12,122 - INFO - CaseID:568 - 整体结果: PASS | 详情: 所有字段校验通过
2026-02-27 03:20:16,207 - INFO - CaseID:569 - QUERY字段：基础语义模糊匹配通过
2026-02-27 03:20:16,207 - INFO - CaseID:569 - 整体结果: FAILED | 详情: APINAME不匹配：预期[visual_search]，实际[QASearch]; CATEGORY不匹配：一方为空 - 预期[]，实际[生物]; TAG不匹配：一方为空 - 预期[]，实际[蓝猫&品种]
2026-02-27 03:20:23,832 - INFO - CaseID:570 - QUERY字段：语义匹配失败，但visual_search链路意图匹配通过
2026-02-27 03:20:23,833 - INFO - CaseID:570 - 整体结果: PASS | 详情: 所有字段校验通过
2026-02-27 03:20:27,634 - INFO - CaseID:571 - QUERY字段：基础语义模糊匹配通过
2026-02-27 03:20:27,635 - INFO - CaseID:571 - 整体结果: PASS | 详情: 所有字段校验通过
2026-02-27 03:20:31,521 - INFO - CaseID:572 - QUERY字段：基础语义模糊匹配通过
2026-02-27 03:20:31,522 - INFO - CaseID:572 - 整体结果: PASS | 详情: 所有字段校验通过
2026-02-27 03:20:31,522 - INFO - CaseID:573 - 整体结果: FAILED | 详情: 模型输出核心字段全为空，判定不通过
2026-02-27 03:20:39,365 - INFO - CaseID:574 - QUERY字段：语义匹配失败，但visual_search链路意图匹配通过
2026-02-27 03:20:39,365 - INFO - CaseID:574 - 整体结果: PASS | 详情: 所有字段校验通过
2026-02-27 03:20:39,365 - INFO - CaseID:575 - 整体结果: FAILED | 详情: 模型输出核心字段全为空，判定不通过
2026-02-27 03:20:43,205 - INFO - CaseID:576 - 整体结果: FAILED | 详情: APINAME不匹配：预期[visual_search]，实际[worthbuy]; CATEGORY不匹配：一方为空 - 预期[]，实际[商品对比]; QUERY不匹配：基础语义模糊匹配失败 - 预期[识别当前摄像头画面中的物品]，实际[常见无毛材料手感对比]; TAG不匹配：一方为空 - 预期[]，实际[常见&无毛材料&手感对比]
2026-02-27 03:20:47,245 - INFO - CaseID:577 - 整体结果: FAILED | 详情: APINAME不匹配：预期[visual_search]，实际[QASearch]; CATEGORY不匹配：一方为空 - 预期[]，实际[生物]; QUERY不匹配：基础语义模糊匹配失败 - 预期[这个是曼基康猫吗]，实际[曼基康猫的特征]; TAG不匹配：一方为空 - 预期[]，实际[曼基康猫&特征]
2026-02-27 03:20:51,657 - INFO - CaseID:578 - 整体结果: FAILED | 详情: APINAME不匹配：预期[visual_search]，实际[QASearch]; CATEGORY不匹配：一方为空 - 预期[]，实际[生物]; QUERY不匹配：基础语义模糊匹配失败 - 预期[它是不是食肉动物]，实际[它具体指哪种动物]; TAG不匹配：一方为空 - 预期[]，实际[它&具体指&动物]
2026-02-27 03:20:51,658 - INFO - CaseID:579 - 整体结果: FAILED | 详情: 模型输出核心字段全为空，判定不通过
2026-02-27 03:20:55,429 - INFO - CaseID:580 - QUERY字段：基础语义模糊匹配通过
2026-02-27 03:20:55,429 - INFO - CaseID:580 - 整体结果: PASS | 详情: 所有字段校验通过
2026-02-27 03:20:59,910 - INFO - CaseID:581 - QUERY字段：基础语义模糊匹配通过
2026-02-27 03:20:59,911 - INFO - CaseID:581 - 整体结果: PASS | 详情: 所有字段校验通过
2026-02-27 03:21:03,778 - INFO - CaseID:582 - QUERY字段：基础语义模糊匹配通过
2026-02-27 03:21:03,778 - INFO - CaseID:582 - 整体结果: PASS | 详情: 所有字段校验通过
2026-02-27 03:21:07,731 - INFO - CaseID:583 - QUERY字段：基础语义模糊匹配通过
2026-02-27 03:21:07,731 - INFO - CaseID:583 - 整体结果: PASS | 详情: 所有字段校验通过
2026-02-27 03:21:11,607 - INFO - CaseID:584 - QUERY字段：基础语义模糊匹配通过
2026-02-27 03:21:11,608 - INFO - CaseID:584 - 整体结果: PASS | 详情: 所有字段校验通过
2026-02-27 03:21:11,608 - INFO - CaseID:585 - 整体结果: FAILED | 详情: 模型输出核心字段全为空，判定不通过
2026-02-27 03:21:15,240 - INFO - CaseID:586 - QUERY字段：基础语义模糊匹配通过
2026-02-27 03:21:15,241 - INFO - CaseID:586 - 整体结果: PASS | 详情: 所有字段校验通过
2026-02-27 03:21:19,189 - INFO - CaseID:587 - 整体结果: FAILED | 详情: APINAME不匹配：预期[visual_search]，实际[QASearch]; CATEGORY不匹配：一方为空 - 预期[]，实际[生物]; QUERY不匹配：基础语义模糊匹配失败 - 预期[金渐层的毛都是金色的吗]，实际[金渐层犬的毛色特征]; TAG不匹配：一方为空 - 预期[]，实际[金渐层犬&毛色特征]
2026-02-27 03:21:19,190 - INFO - CaseID:588 - 整体结果: FAILED | 详情: 模型输出核心字段全为空，判定不通过
2026-02-27 03:21:27,468 - INFO - CaseID:589 - QUERY字段：语义匹配失败，但visual_search链路意图匹配通过
2026-02-27 03:21:27,468 - INFO - CaseID:589 - 整体结果: PASS | 详情: 所有字段校验通过
2026-02-27 03:21:31,385 - INFO - CaseID:590 - QUERY字段：基础语义模糊匹配通过
2026-02-27 03:21:31,385 - INFO - CaseID:590 - 整体结果: PASS | 详情: 所有字段校验通过
2026-02-27 03:21:35,400 - INFO - CaseID:591 - QUERY字段：基础语义模糊匹配通过
2026-02-27 03:21:35,400 - INFO - CaseID:591 - 整体结果: PASS | 详情: 所有字段校验通过
2026-02-27 03:21:39,240 - INFO - CaseID:592 - 整体结果: FAILED | 详情: APINAME不匹配：预期[visual_search]，实际[QASearch]; CATEGORY不匹配：一方为空 - 预期[]，实际[生物]; QUERY不匹配：基础语义模糊匹配失败 - 预期[这个在哪里比较容易生长]，实际[这个具体是什么植物或生物]; TAG不匹配：一方为空 - 预期[]，实际[这个&具体&植物或生物]
2026-02-27 03:21:47,344 - INFO - CaseID:593 - QUERY字段：语义匹配失败，但visual_search链路意图匹配通过
2026-02-27 03:21:47,344 - INFO - CaseID:593 - 整体结果: PASS | 详情: 所有字段校验通过
2026-02-27 03:21:51,238 - INFO - CaseID:594 - 整体结果: FAILED | 详情: APINAME不匹配：预期[visual_search]，实际[QASearch]; CATEGORY不匹配：一方为空 - 预期[]，实际[生物]; QUERY不匹配：基础语义模糊匹配失败 - 预期[这是吊兰吗？]，实际[吊兰的特征]; TAG不匹配：一方为空 - 预期[]，实际[吊兰&特征]
2026-02-27 03:21:55,143 - INFO - CaseID:595 - 整体结果: FAILED | 详情: APINAME不匹配：预期[visual_search]，实际[QASearch]; CATEGORY不匹配：一方为空 - 预期[]，实际[生物]; QUERY不匹配：基础语义模糊匹配失败 - 预期[这是不是吊竹梅呢]，实际[吊竹梅的植物特征]; TAG不匹配：一方为空 - 预期[]，实际[吊竹梅&植物特征]
2026-02-27 03:21:59,211 - INFO - CaseID:596 - QUERY字段：基础语义模糊匹配通过
2026-02-27 03:21:59,212 - INFO - CaseID:596 - 整体结果: PASS | 详情: 所有字段校验通过
2026-02-27 03:22:03,170 - INFO - CaseID:597 - QUERY字段：基础语义模糊匹配通过
2026-02-27 03:22:03,171 - INFO - CaseID:597 - 整体结果: PASS | 详情: 所有字段校验通过
2026-02-27 03:22:07,061 - INFO - CaseID:598 - 整体结果: FAILED | 详情: APINAME不匹配：预期[visual_search]，实际[QASearch]; CATEGORY不匹配：一方为空 - 预期[]，实际[生物]; QUERY不匹配：基础语义模糊匹配失败 - 预期[这是以君子著称的君子兰么]，实际[君子兰的特征]; TAG不匹配：一方为空 - 预期[]，实际[君子兰&特征]
2026-02-27 03:22:10,968 - INFO - CaseID:599 - QUERY字段：基础语义模糊匹配通过
2026-02-27 03:22:10,968 - INFO - CaseID:599 - 整体结果: PASS | 详情: 所有字段校验通过
2026-02-27 03:22:14,908 - INFO - CaseID:600 - 整体结果: FAILED | 详情: APINAME不匹配：预期[visual_search]，实际[QASearch]; CATEGORY不匹配：一方为空 - 预期[]，实际[生物]; QUERY不匹配：基础语义模糊匹配失败 - 预期[这是爬山虎吗]，实际[爬山虎的植物学特征]; TAG不匹配：一方为空 - 预期[]，实际[爬山虎&植物学特征]
2026-02-27 03:22:14,909 - INFO - 已处理600/2393条用例，当前通过数：402（67.00%）
2026-02-27 03:22:20,870 - INFO - CaseID:601 - QUERY字段：基础语义模糊匹配通过
2026-02-27 03:22:20,870 - INFO - CaseID:601 - 整体结果: PASS | 详情: 所有字段校验通过
2026-02-27 03:22:28,747 - INFO - CaseID:602 - QUERY字段：语义匹配失败，但visual_search链路意图匹配通过
2026-02-27 03:22:28,747 - INFO - CaseID:602 - 整体结果: PASS | 详情: 所有字段校验通过
2026-02-27 03:22:33,695 - INFO - CaseID:603 - QUERY字段：基础语义模糊匹配通过
2026-02-27 03:22:33,695 - INFO - CaseID:603 - 整体结果: PASS | 详情: 所有字段校验通过
2026-02-27 03:22:37,766 - INFO - CaseID:604 - QUERY字段：基础语义模糊匹配通过
2026-02-27 03:22:37,766 - INFO - CaseID:604 - 整体结果: PASS | 详情: 所有字段校验通过
2026-02-27 03:22:45,664 - INFO - CaseID:605 - QUERY字段：语义匹配失败，但visual_search链路意图匹配通过
2026-02-27 03:22:45,665 - INFO - CaseID:605 - 整体结果: PASS | 详情: 所有字段校验通过
2026-02-27 03:22:49,448 - INFO - CaseID:606 - QUERY字段：基础语义模糊匹配通过
2026-02-27 03:22:49,448 - INFO - CaseID:606 - 整体结果: PASS | 详情: 所有字段校验通过
2026-02-27 03:22:49,449 - INFO - CaseID:607 - 整体结果: FAILED | 详情: 模型输出核心字段全为空，判定不通过
2026-02-27 03:22:57,251 - INFO - CaseID:608 - QUERY字段：语义匹配失败，但visual_search链路意图匹配通过
2026-02-27 03:22:57,251 - INFO - CaseID:608 - 整体结果: PASS | 详情: 所有字段校验通过
2026-02-27 03:23:01,342 - INFO - CaseID:609 - QUERY字段：基础语义模糊匹配通过
2026-02-27 03:23:01,342 - INFO - CaseID:609 - 整体结果: PASS | 详情: 所有字段校验通过
2026-02-27 03:23:05,373 - INFO - CaseID:610 - QUERY字段：基础语义模糊匹配通过
2026-02-27 03:23:05,374 - INFO - CaseID:610 - 整体结果: FAILED | 详情: APINAME不匹配：预期[visual_search]，实际[QASearch]; CATEGORY不匹配：一方为空 - 预期[]，实际[生物]; TAG不匹配：一方为空 - 预期[]，实际[水塔花&特征]
2026-02-27 03:23:08,985 - INFO - CaseID:611 - 整体结果: FAILED | 详情: APINAME不匹配：预期[visual_search]，实际[QASearch]; CATEGORY不匹配：一方为空 - 预期[]，实际[生物]; QUERY不匹配：基础语义模糊匹配失败 - 预期[这是水竹吗？]，实际[水竹的植物学特征]; TAG不匹配：一方为空 - 预期[]，实际[水竹&植物学特征]
2026-02-27 03:23:13,461 - INFO - CaseID:612 - QUERY字段：基础语义模糊匹配通过
2026-02-27 03:23:13,462 - INFO - CaseID:612 - 整体结果: FAILED | 详情: APINAME不匹配：预期[visual_search]，实际[QASearch]; CATEGORY不匹配：一方为空 - 预期[]，实际[生物]; TAG不匹配：一方为空 - 预期[]，实际[竹子&植物学分类&属]
2026-02-27 03:23:17,569 - INFO - CaseID:613 - QUERY字段：基础语义模糊匹配通过
2026-02-27 03:23:17,571 - INFO - CaseID:613 - 整体结果: PASS | 详情: 所有字段校验通过
2026-02-27 03:23:17,571 - INFO - CaseID:614 - 整体结果: FAILED | 详情: 模型输出核心字段全为空，判定不通过
2026-02-27 03:23:17,571 - INFO - CaseID:615 - 整体结果: FAILED | 详情: 模型输出核心字段全为空，判定不通过
2026-02-27 03:23:17,572 - INFO - CaseID:616 - 整体结果: FAILED | 详情: 模型输出核心字段全为空，判定不通过
2026-02-27 03:23:17,572 - INFO - CaseID:617 - 整体结果: FAILED | 详情: 模型输出核心字段全为空，判定不通过
2026-02-27 03:23:21,429 - INFO - CaseID:618 - QUERY字段：基础语义模糊匹配通过
2026-02-27 03:23:21,429 - INFO - CaseID:618 - 整体结果: PASS | 详情: 所有字段校验通过
2026-02-27 03:23:25,344 - INFO - CaseID:619 - QUERY字段：基础语义模糊匹配通过
2026-02-27 03:23:25,344 - INFO - CaseID:619 - 整体结果: PASS | 详情: 所有字段校验通过
2026-02-27 03:23:29,301 - INFO - CaseID:620 - QUERY字段：基础语义模糊匹配通过
2026-02-27 03:23:29,302 - INFO - CaseID:620 - 整体结果: PASS | 详情: 所有字段校验通过
2026-02-27 03:23:33,265 - INFO - CaseID:621 - QUERY字段：基础语义模糊匹配通过
2026-02-27 03:23:33,265 - INFO - CaseID:621 - 整体结果: PASS | 详情: 所有字段校验通过
2026-02-27 03:23:37,018 - INFO - CaseID:622 - QUERY字段：基础语义模糊匹配通过
2026-02-27 03:23:37,018 - INFO - CaseID:622 - 整体结果: PASS | 详情: 所有字段校验通过
2026-02-27 03:23:37,018 - INFO - CaseID:623 - 整体结果: FAILED | 详情: 模型输出核心字段全为空，判定不通过
2026-02-27 03:23:40,934 - INFO - CaseID:624 - 整体结果: FAILED | 详情: APINAME不匹配：预期[visual_search]，实际[QASearch]; CATEGORY不匹配：一方为空 - 预期[]，实际[生物]; QUERY不匹配：基础语义模糊匹配失败 - 预期[这个算是多肉吗]，实际[多肉植物的定义和特征]; TAG不匹配：一方为空 - 预期[]，实际[多肉植物&定义&特征]
2026-02-27 03:23:44,727 - INFO - CaseID:625 - 整体结果: FAILED | 详情: APINAME不匹配：预期[visual_search]，实际[QASearch]; CATEGORY不匹配：一方为空 - 预期[]，实际[生物]; QUERY不匹配：基础语义模糊匹配失败 - 预期[这个是紫鹅绒吗]，实际[紫鹅绒的植物特征]; TAG不匹配：一方为空 - 预期[]，实际[紫鹅绒&植物特征]
2026-02-27 03:23:52,684 - INFO - CaseID:626 - QUERY字段：语义匹配失败，但visual_search链路意图匹配通过
2026-02-27 03:23:52,684 - INFO - CaseID:626 - 整体结果: PASS | 详情: 所有字段校验通过
2026-02-27 03:23:56,640 - INFO - CaseID:627 - QUERY字段：基础语义模糊匹配通过
2026-02-27 03:23:56,641 - INFO - CaseID:627 - 整体结果: PASS | 详情: 所有字段校验通过
2026-02-27 03:24:04,869 - INFO - CaseID:628 - QUERY字段：语义匹配失败，但visual_search链路意图匹配通过
2026-02-27 03:24:04,870 - INFO - CaseID:628 - 整体结果: PASS | 详情: 所有字段校验通过
2026-02-27 03:24:08,803 - INFO - CaseID:629 - 整体结果: FAILED | 详情: APINAME不匹配：预期[visual_search]，实际[QASearch]; CATEGORY不匹配：一方为空 - 预期[]，实际[生物]; QUERY不匹配：基础语义模糊匹配失败 - 预期[这是袖珍椰子吗]，实际[袖珍椰子的特征]; TAG不匹配：一方为空 - 预期[]，实际[袖珍椰子&特征]
2026-02-27 03:24:16,310 - INFO - CaseID:630 - QUERY字段：语义匹配失败，但visual_search链路意图匹配通过
2026-02-27 03:24:16,310 - INFO - CaseID:630 - 整体结果: PASS | 详情: 所有字段校验通过
2026-02-27 03:24:16,311 - INFO - CaseID:631 - 整体结果: FAILED | 详情: 模型输出核心字段全为空，判定不通过
2026-02-27 03:24:25,081 - INFO - CaseID:632 - QUERY字段：语义匹配失败，但visual_search链路意图匹配通过
2026-02-27 03:24:25,081 - INFO - CaseID:632 - 整体结果: PASS | 详情: 所有字段校验通过
2026-02-27 03:24:28,945 - INFO - CaseID:633 - QUERY字段：基础语义模糊匹配通过
2026-02-27 03:24:28,946 - INFO - CaseID:633 - 整体结果: PASS | 详情: 所有字段校验通过
2026-02-27 03:24:32,595 - INFO - CaseID:634 - QUERY字段：基础语义模糊匹配通过
2026-02-27 03:24:32,596 - INFO - CaseID:634 - 整体结果: PASS | 详情: 所有字段校验通过
2026-02-27 03:24:36,527 - INFO - CaseID:635 - QUERY字段：基础语义模糊匹配通过
2026-02-27 03:24:36,527 - INFO - CaseID:635 - 整体结果: PASS | 详情: 所有字段校验通过
2026-02-27 03:24:44,297 - INFO - CaseID:636 - QUERY字段：语义匹配失败，但visual_search链路意图匹配通过
2026-02-27 03:24:44,298 - INFO - CaseID:636 - 整体结果: PASS | 详情: 所有字段校验通过
2026-02-27 03:24:44,298 - INFO - CaseID:637 - 整体结果: FAILED | 详情: 模型输出核心字段全为空，判定不通过
2026-02-27 03:24:48,287 - INFO - CaseID:638 - QUERY字段：基础语义模糊匹配通过
2026-02-27 03:24:48,288 - INFO - CaseID:638 - 整体结果: PASS | 详情: 所有字段校验通过
2026-02-27 03:24:56,091 - INFO - CaseID:639 - QUERY字段：语义匹配失败，但visual_search链路意图匹配通过
2026-02-27 03:24:56,091 - INFO - CaseID:639 - 整体结果: PASS | 详情: 所有字段校验通过
2026-02-27 03:24:59,759 - INFO - CaseID:640 - 整体结果: FAILED | 详情: APINAME不匹配：预期[visual_search]，实际[skill_search]; QUERY不匹配：基础语义模糊匹配失败 - 预期[表达专业一点应该怎么称它]，实际[当前摄像头捕捉到的物体或场景是什么]
2026-02-27 03:25:03,778 - INFO - CaseID:641 - QUERY字段：基础语义模糊匹配通过
2026-02-27 03:25:03,778 - INFO - CaseID:641 - 整体结果: PASS | 详情: 所有字段校验通过
2026-02-27 03:25:07,807 - INFO - CaseID:642 - 整体结果: FAILED | 详情: APINAME不匹配：预期[visual_search]，实际[QASearch]; CATEGORY不匹配：一方为空 - 预期[]，实际[生物]; QUERY不匹配：基础语义模糊匹配失败 - 预期[识别当前摄像头画面中的花卉种类]，实际[常见花卉种类]; TAG不匹配：一方为空 - 预期[]，实际[常见&花卉种类]
2026-02-27 03:25:07,808 - INFO - CaseID:643 - 整体结果: FAILED | 详情: 模型输出核心字段全为空，判定不通过
2026-02-27 03:25:15,758 - INFO - CaseID:644 - QUERY字段：语义匹配失败，但visual_search链路意图匹配通过
2026-02-27 03:25:15,759 - INFO - CaseID:644 - 整体结果: PASS | 详情: 所有字段校验通过
2026-02-27 03:25:23,902 - INFO - CaseID:645 - QUERY字段：语义匹配失败，但visual_search链路意图匹配通过
2026-02-27 03:25:23,903 - INFO - CaseID:645 - 整体结果: PASS | 详情: 所有字段校验通过
2026-02-27 03:25:32,084 - INFO - CaseID:646 - QUERY字段：语义匹配失败，但visual_search链路意图匹配通过
2026-02-27 03:25:32,084 - INFO - CaseID:646 - 整体结果: PASS | 详情: 所有字段校验通过
2026-02-27 03:25:35,861 - INFO - CaseID:647 - QUERY字段：基础语义模糊匹配通过
2026-02-27 03:25:35,861 - INFO - CaseID:647 - 整体结果: PASS | 详情: 所有字段校验通过
2026-02-27 03:25:43,993 - INFO - CaseID:648 - QUERY字段：语义匹配失败，但visual_search链路意图匹配通过
2026-02-27 03:25:43,993 - INFO - CaseID:648 - 整体结果: PASS | 详情: 所有字段校验通过
2026-02-27 03:25:47,869 - INFO - CaseID:649 - 整体结果: FAILED | 详情: APINAME不匹配：预期[visual_search]，实际[QASearch]; CATEGORY不匹配：一方为空 - 预期[]，实际[生物]; QUERY不匹配：基础语义模糊匹配失败 - 预期[这是银莲花么]，实际[银莲花的特征]; TAG不匹配：一方为空 - 预期[]，实际[银莲花&特征]
2026-02-27 03:25:51,717 - INFO - CaseID:650 - QUERY字段：基础语义模糊匹配通过
2026-02-27 03:25:51,717 - INFO - CaseID:650 - 整体结果: PASS | 详情: 所有字段校验通过
2026-02-27 03:25:55,566 - INFO - CaseID:651 - QUERY字段：基础语义模糊匹配通过
2026-02-27 03:25:55,566 - INFO - CaseID:651 - 整体结果: FAILED | 详情: APINAME不匹配：预期[visual_search]，实际[QASearch]; CATEGORY不匹配：一方为空 - 预期[]，实际[生物]; TAG不匹配：一方为空 - 预期[]，实际[树&种类]
2026-02-27 03:25:55,566 - INFO - CaseID:652 - 整体结果: FAILED | 详情: 模型输出核心字段全为空，判定不通过
2026-02-27 03:25:59,763 - INFO - CaseID:653 - 整体结果: FAILED | 详情: APINAME不匹配：预期[visual_search]，实际[QASearch]; CATEGORY不匹配：一方为空 - 预期[]，实际[生物]; QUERY不匹配：基础语义模糊匹配失败 - 预期[这棵树的种类是什么？]，实际[树种的简介]; TAG不匹配：一方为空 - 预期[]，实际[树种&简介]
2026-02-27 03:26:04,059 - INFO - CaseID:654 - QUERY字段：基础语义模糊匹配通过
2026-02-27 03:26:04,059 - INFO - CaseID:654 - 整体结果: PASS | 详情: 所有字段校验通过
2026-02-27 03:26:08,866 - INFO - CaseID:655 - QUERY字段：基础语义模糊匹配通过
2026-02-27 03:26:08,866 - INFO - CaseID:655 - 整体结果: PASS | 详情: 所有字段校验通过
2026-02-27 03:26:12,729 - INFO - CaseID:656 - QUERY字段：基础语义模糊匹配通过
2026-02-27 03:26:12,730 - INFO - CaseID:656 - 整体结果: PASS | 详情: 所有字段校验通过
2026-02-27 03:26:18,093 - INFO - CaseID:657 - QUERY字段：基础语义模糊匹配通过
2026-02-27 03:26:18,093 - INFO - CaseID:657 - 整体结果: PASS | 详情: 所有字段校验通过
2026-02-27 03:26:22,146 - INFO - CaseID:658 - QUERY字段：基础语义模糊匹配通过
2026-02-27 03:26:22,147 - INFO - CaseID:658 - 整体结果: PASS | 详情: 所有字段校验通过
2026-02-27 03:26:25,969 - INFO - CaseID:659 - QUERY字段：基础语义模糊匹配通过
2026-02-27 03:26:25,970 - INFO - CaseID:659 - 整体结果: PASS | 详情: 所有字段校验通过
2026-02-27 03:26:29,946 - INFO - CaseID:660 - QUERY字段：基础语义模糊匹配通过
2026-02-27 03:26:29,946 - INFO - CaseID:660 - 整体结果: PASS | 详情: 所有字段校验通过
2026-02-27 03:26:33,691 - INFO - CaseID:661 - QUERY字段：基础语义模糊匹配通过
2026-02-27 03:26:33,692 - INFO - CaseID:661 - 整体结果: PASS | 详情: 所有字段校验通过
2026-02-27 03:26:33,692 - INFO - CaseID:662 - 整体结果: FAILED | 详情: 模型输出核心字段全为空，判定不通过
2026-02-27 03:26:37,686 - INFO - CaseID:663 - QUERY字段：基础语义模糊匹配通过
2026-02-27 03:26:37,686 - INFO - CaseID:663 - 整体结果: PASS | 详情: 所有字段校验通过
2026-02-27 03:26:41,643 - INFO - CaseID:664 - 整体结果: FAILED | 详情: APINAME不匹配：预期[visual_search]，实际[QASearch]; CATEGORY不匹配：一方为空 - 预期[]，实际[生物]; QUERY不匹配：基础语义模糊匹配失败 - 预期[这棵树可以活多久]，实际[这棵树的种类或特征是什么]; TAG不匹配：一方为空 - 预期[]，实际[这棵树&种类或特征]
2026-02-27 03:26:46,345 - INFO - CaseID:665 - QUERY字段：基础语义模糊匹配通过
2026-02-27 03:26:46,346 - INFO - CaseID:665 - 整体结果: FAILED | 详情: APINAME不匹配：预期[visual_search]，实际[QASearch]; CATEGORY不匹配：一方为空 - 预期[]，实际[生物]; TAG不匹配：一方为空 - 预期[]，实际[这棵树&果期]
2026-02-27 03:26:50,315 - INFO - CaseID:666 - QUERY字段：基础语义模糊匹配通过
2026-02-27 03:26:50,315 - INFO - CaseID:666 - 整体结果: PASS | 详情: 所有字段校验通过
2026-02-27 03:26:54,291 - INFO - CaseID:667 - QUERY字段：基础语义模糊匹配通过
2026-02-27 03:26:54,291 - INFO - CaseID:667 - 整体结果: PASS | 详情: 所有字段校验通过
2026-02-27 03:27:01,972 - INFO - CaseID:668 - QUERY字段：语义匹配失败，但visual_search链路意图匹配通过
2026-02-27 03:27:01,974 - INFO - CaseID:668 - 整体结果: PASS | 详情: 所有字段校验通过
2026-02-27 03:27:05,892 - INFO - CaseID:669 - QUERY字段：基础语义模糊匹配通过
2026-02-27 03:27:05,892 - INFO - CaseID:669 - 整体结果: PASS | 详情: 所有字段校验通过
2026-02-27 03:27:09,761 - INFO - CaseID:670 - QUERY字段：基础语义模糊匹配通过
2026-02-27 03:27:09,761 - INFO - CaseID:670 - 整体结果: PASS | 详情: 所有字段校验通过
2026-02-27 03:27:13,705 - INFO - CaseID:671 - QUERY字段：基础语义模糊匹配通过
2026-02-27 03:27:13,705 - INFO - CaseID:671 - 整体结果: PASS | 详情: 所有字段校验通过
2026-02-27 03:27:17,692 - INFO - CaseID:672 - QUERY字段：基础语义模糊匹配通过
2026-02-27 03:27:17,692 - INFO - CaseID:672 - 整体结果: PASS | 详情: 所有字段校验通过
2026-02-27 03:27:21,691 - INFO - CaseID:673 - QUERY字段：基础语义模糊匹配通过
2026-02-27 03:27:21,691 - INFO - CaseID:673 - 整体结果: PASS | 详情: 所有字段校验通过
2026-02-27 03:27:25,652 - INFO - CaseID:674 - QUERY字段：基础语义模糊匹配通过
2026-02-27 03:27:25,652 - INFO - CaseID:674 - 整体结果: PASS | 详情: 所有字段校验通过
2026-02-27 03:27:29,888 - INFO - CaseID:675 - QUERY字段：基础语义模糊匹配通过
2026-02-27 03:27:29,888 - INFO - CaseID:675 - 整体结果: PASS | 详情: 所有字段校验通过
2026-02-27 03:27:33,872 - INFO - CaseID:676 - QUERY字段：基础语义模糊匹配通过
2026-02-27 03:27:33,873 - INFO - CaseID:676 - 整体结果: PASS | 详情: 所有字段校验通过
2026-02-27 03:27:37,719 - INFO - CaseID:677 - 整体结果: FAILED | 详情: APINAME不匹配：预期[visual_search]，实际[skill_search]; QUERY不匹配：基础语义模糊匹配失败 - 预期[这个花要养的话是盆栽种植还是做成鲜切花]，实际[这个花的具体种类是什么]
2026-02-27 03:27:37,719 - INFO - CaseID:678 - 整体结果: FAILED | 详情: 模型输出核心字段全为空，判定不通过
2026-02-27 03:27:42,448 - INFO - CaseID:679 - QUERY字段：基础语义模糊匹配通过
2026-02-27 03:27:42,448 - INFO - CaseID:679 - 整体结果: PASS | 详情: 所有字段校验通过
2026-02-27 03:27:42,448 - INFO - CaseID:680 - 整体结果: FAILED | 详情: 模型输出核心字段全为空，判定不通过
2026-02-27 03:27:47,080 - INFO - CaseID:681 - QUERY字段：基础语义模糊匹配通过
2026-02-27 03:27:47,080 - INFO - CaseID:681 - 整体结果: PASS | 详情: 所有字段校验通过
2026-02-27 03:27:50,862 - INFO - CaseID:682 - QUERY字段：基础语义模糊匹配通过
2026-02-27 03:27:50,862 - INFO - CaseID:682 - 整体结果: PASS | 详情: 所有字段校验通过
2026-02-27 03:27:54,856 - INFO - CaseID:683 - QUERY字段：基础语义模糊匹配通过
2026-02-27 03:27:54,856 - INFO - CaseID:683 - 整体结果: PASS | 详情: 所有字段校验通过
2026-02-27 03:27:58,675 - INFO - CaseID:684 - QUERY字段：基础语义模糊匹配通过
2026-02-27 03:27:58,675 - INFO - CaseID:684 - 整体结果: PASS | 详情: 所有字段校验通过
2026-02-27 03:28:02,750 - INFO - CaseID:685 - 整体结果: FAILED | 详情: APINAME不匹配：预期[visual_search]，实际[QASearch]; CATEGORY不匹配：一方为空 - 预期[]，实际[生物]; QUERY不匹配：基础语义模糊匹配失败 - 预期[这个可以做成鲜切花吗]，实际[鲜切花的制作要求]; TAG不匹配：一方为空 - 预期[]，实际[鲜切花&制作要求]
2026-02-27 03:28:06,608 - INFO - CaseID:686 - QUERY字段：基础语义模糊匹配通过
2026-02-27 03:28:06,609 - INFO - CaseID:686 - 整体结果: PASS | 详情: 所有字段校验通过
2026-02-27 03:28:10,683 - INFO - CaseID:687 - QUERY字段：基础语义模糊匹配通过
2026-02-27 03:28:10,684 - INFO - CaseID:687 - 整体结果: PASS | 详情: 所有字段校验通过
2026-02-27 03:28:14,627 - INFO - CaseID:688 - QUERY字段：基础语义模糊匹配通过
2026-02-27 03:28:14,627 - INFO - CaseID:688 - 整体结果: PASS | 详情: 所有字段校验通过
2026-02-27 03:28:18,260 - INFO - CaseID:689 - QUERY字段：基础语义模糊匹配通过
2026-02-27 03:28:18,260 - INFO - CaseID:689 - 整体结果: PASS | 详情: 所有字段校验通过
2026-02-27 03:28:22,247 - INFO - CaseID:690 - QUERY字段：基础语义模糊匹配通过
2026-02-27 03:28:22,248 - INFO - CaseID:690 - 整体结果: PASS | 详情: 所有字段校验通过
2026-02-27 03:28:25,795 - INFO - CaseID:691 - QUERY字段：基础语义模糊匹配通过
2026-02-27 03:28:25,795 - INFO - CaseID:691 - 整体结果: PASS | 详情: 所有字段校验通过
2026-02-27 03:28:30,111 - INFO - CaseID:692 - QUERY字段：基础语义模糊匹配通过
2026-02-27 03:28:30,112 - INFO - CaseID:692 - 整体结果: PASS | 详情: 所有字段校验通过
2026-02-27 03:28:33,984 - INFO - CaseID:693 - QUERY字段：基础语义模糊匹配通过
2026-02-27 03:28:33,984 - INFO - CaseID:693 - 整体结果: FAILED | 详情: APINAME不匹配：预期[visual_search]，实际[QASearch]; CATEGORY不匹配：一方为空 - 预期[]，实际[生物]; TAG不匹配：一方为空 - 预期[]，实际[树干上一条一条&纹理&树&生长&特征]
2026-02-27 03:28:38,649 - INFO - CaseID:694 - QUERY字段：基础语义模糊匹配通过
2026-02-27 03:28:38,650 - INFO - CaseID:694 - 整体结果: PASS | 详情: 所有字段校验通过
2026-02-27 03:28:42,580 - INFO - CaseID:695 - QUERY字段：基础语义模糊匹配通过
2026-02-27 03:28:42,581 - INFO - CaseID:695 - 整体结果: PASS | 详情: 所有字段校验通过
2026-02-27 03:28:46,263 - INFO - CaseID:696 - QUERY字段：基础语义模糊匹配通过
2026-02-27 03:28:46,264 - INFO - CaseID:696 - 整体结果: PASS | 详情: 所有字段校验通过
2026-02-27 03:28:50,301 - INFO - CaseID:697 - QUERY字段：基础语义模糊匹配通过
2026-02-27 03:28:50,302 - INFO - CaseID:697 - 整体结果: PASS | 详情: 所有字段校验通过
2026-02-27 03:28:57,864 - INFO - CaseID:698 - QUERY字段：语义匹配失败，但visual_search链路意图匹配通过
2026-02-27 03:28:57,864 - INFO - CaseID:698 - 整体结果: PASS | 详情: 所有字段校验通过
2026-02-27 03:29:01,719 - INFO - CaseID:699 - QUERY字段：基础语义模糊匹配通过
2026-02-27 03:29:01,719 - INFO - CaseID:699 - 整体结果: PASS | 详情: 所有字段校验通过
2026-02-27 03:29:05,725 - INFO - CaseID:700 - QUERY字段：基础语义模糊匹配通过
2026-02-27 03:29:05,726 - INFO - CaseID:700 - 整体结果: PASS | 详情: 所有字段校验通过
2026-02-27 03:29:09,561 - INFO - CaseID:701 - QUERY字段：基础语义模糊匹配通过
2026-02-27 03:29:09,561 - INFO - CaseID:701 - 整体结果: PASS | 详情: 所有字段校验通过
2026-02-27 03:29:09,562 - INFO - CaseID:702 - 整体结果: FAILED | 详情: 模型输出核心字段全为空，判定不通过
2026-02-27 03:29:13,713 - INFO - CaseID:703 - QUERY字段：基础语义模糊匹配通过
2026-02-27 03:29:13,714 - INFO - CaseID:703 - 整体结果: PASS | 详情: 所有字段校验通过
2026-02-27 03:29:18,090 - INFO - CaseID:704 - QUERY字段：基础语义模糊匹配通过
2026-02-27 03:29:18,090 - INFO - CaseID:704 - 整体结果: PASS | 详情: 所有字段校验通过
2026-02-27 03:29:21,847 - INFO - CaseID:705 - QUERY字段：基础语义模糊匹配通过
2026-02-27 03:29:21,847 - INFO - CaseID:705 - 整体结果: PASS | 详情: 所有字段校验通过
2026-02-27 03:29:25,853 - INFO - CaseID:706 - QUERY字段：基础语义模糊匹配通过
2026-02-27 03:29:25,854 - INFO - CaseID:706 - 整体结果: PASS | 详情: 所有字段校验通过
2026-02-27 03:29:29,791 - INFO - CaseID:707 - QUERY字段：基础语义模糊匹配通过
2026-02-27 03:29:29,791 - INFO - CaseID:707 - 整体结果: PASS | 详情: 所有字段校验通过
2026-02-27 03:29:33,746 - INFO - CaseID:708 - QUERY字段：基础语义模糊匹配通过
2026-02-27 03:29:33,747 - INFO - CaseID:708 - 整体结果: PASS | 详情: 所有字段校验通过
2026-02-27 03:29:37,881 - INFO - CaseID:709 - QUERY字段：基础语义模糊匹配通过
2026-02-27 03:29:37,882 - INFO - CaseID:709 - 整体结果: PASS | 详情: 所有字段校验通过
2026-02-27 03:29:41,566 - INFO - CaseID:710 - 整体结果: FAILED | 详情: APINAME不匹配：预期[visual_search]，实际[QASearch]; CATEGORY不匹配：一方为空 - 预期[]，实际[生物]; QUERY不匹配：基础语义模糊匹配失败 - 预期[这片橙色的树是什么品种的呀]，实际[北京冬季橙色树木品种]; TAG不匹配：一方为空 - 预期[]，实际[北京&冬季&橙色&树木品种]
2026-02-27 03:29:45,764 - INFO - CaseID:711 - QUERY字段：基础语义模糊匹配通过
2026-02-27 03:29:45,766 - INFO - CaseID:711 - 整体结果: PASS | 详情: 所有字段校验通过
2026-02-27 03:29:49,523 - INFO - CaseID:712 - QUERY字段：基础语义模糊匹配通过
2026-02-27 03:29:49,524 - INFO - CaseID:712 - 整体结果: PASS | 详情: 所有字段校验通过
2026-02-27 03:29:57,781 - INFO - CaseID:713 - QUERY字段：语义匹配失败，但visual_search链路意图匹配通过
2026-02-27 03:29:57,781 - INFO - CaseID:713 - 整体结果: PASS | 详情: 所有字段校验通过
2026-02-27 03:29:57,782 - INFO - CaseID:714 - 整体结果: FAILED | 详情: 模型输出核心字段全为空，判定不通过
2026-02-27 03:30:02,117 - INFO - CaseID:715 - QUERY字段：基础语义模糊匹配通过
2026-02-27 03:30:02,118 - INFO - CaseID:715 - 整体结果: PASS | 详情: 所有字段校验通过
2026-02-27 03:30:05,986 - INFO - CaseID:716 - QUERY字段：基础语义模糊匹配通过
2026-02-27 03:30:05,987 - INFO - CaseID:716 - 整体结果: PASS | 详情: 所有字段校验通过
2026-02-27 03:30:10,176 - INFO - CaseID:717 - 整体结果: FAILED | 详情: APINAME不匹配：预期[visual_search]，实际[QASearch]; CATEGORY不匹配：一方为空 - 预期[]，实际[生物]; QUERY不匹配：基础语义模糊匹配失败 - 预期[帮我看看这个树活了多少年呢]，实际[估算树木的年龄方法]; TAG不匹配：一方为空 - 预期[]，实际[估算树木&年龄&方法]
2026-02-27 03:30:15,250 - INFO - CaseID:718 - QUERY字段：基础语义模糊匹配通过
2026-02-27 03:30:15,250 - INFO - CaseID:718 - 整体结果: PASS | 详情: 所有字段校验通过
2026-02-27 03:30:18,948 - INFO - CaseID:719 - QUERY字段：基础语义模糊匹配通过
2026-02-27 03:30:18,949 - INFO - CaseID:719 - 整体结果: PASS | 详情: 所有字段校验通过
2026-02-27 03:30:26,852 - INFO - CaseID:720 - QUERY字段：语义匹配失败，但visual_search链路意图匹配通过
2026-02-27 03:30:26,853 - INFO - CaseID:720 - 整体结果: PASS | 详情: 所有字段校验通过
2026-02-27 03:30:31,637 - INFO - CaseID:721 - QUERY字段：基础语义模糊匹配通过
2026-02-27 03:30:31,638 - INFO - CaseID:721 - 整体结果: PASS | 详情: 所有字段校验通过
2026-02-27 03:30:35,519 - INFO - CaseID:722 - QUERY字段：基础语义模糊匹配通过
2026-02-27 03:30:35,520 - INFO - CaseID:722 - 整体结果: PASS | 详情: 所有字段校验通过
2026-02-27 03:30:39,219 - INFO - CaseID:723 - QUERY字段：基础语义模糊匹配通过
2026-02-27 03:30:39,220 - INFO - CaseID:723 - 整体结果: PASS | 详情: 所有字段校验通过
2026-02-27 03:30:43,231 - INFO - CaseID:724 - QUERY字段：基础语义模糊匹配通过
2026-02-27 03:30:43,232 - INFO - CaseID:724 - 整体结果: PASS | 详情: 所有字段校验通过
2026-02-27 03:30:47,103 - INFO - CaseID:725 - QUERY字段：基础语义模糊匹配通过
2026-02-27 03:30:47,104 - INFO - CaseID:725 - 整体结果: PASS | 详情: 所有字段校验通过
2026-02-27 03:30:51,506 - INFO - CaseID:726 - QUERY字段：基础语义模糊匹配通过
2026-02-27 03:30:51,506 - INFO - CaseID:726 - 整体结果: PASS | 详情: 所有字段校验通过
2026-02-27 03:30:55,501 - INFO - CaseID:727 - QUERY字段：基础语义模糊匹配通过
2026-02-27 03:30:55,502 - INFO - CaseID:727 - 整体结果: FAILED | 详情: APINAME不匹配：预期[visual_search]，实际[QASearch]; CATEGORY不匹配：一方为空 - 预期[]，实际[生物]; TAG不匹配：一方为空 - 预期[]，实际[具有独特特征&树种&识别]
2026-02-27 03:30:59,478 - INFO - CaseID:728 - QUERY字段：基础语义模糊匹配通过
2026-02-27 03:30:59,479 - INFO - CaseID:728 - 整体结果: PASS | 详情: 所有字段校验通过
2026-02-27 03:31:03,384 - INFO - CaseID:729 - QUERY字段：基础语义模糊匹配通过
2026-02-27 03:31:03,384 - INFO - CaseID:729 - 整体结果: PASS | 详情: 所有字段校验通过
2026-02-27 03:31:07,170 - INFO - CaseID:730 - QUERY字段：基础语义模糊匹配通过
2026-02-27 03:31:07,171 - INFO - CaseID:730 - 整体结果: PASS | 详情: 所有字段校验通过
2026-02-27 03:31:11,269 - INFO - CaseID:731 - QUERY字段：基础语义模糊匹配通过
2026-02-27 03:31:11,269 - INFO - CaseID:731 - 整体结果: PASS | 详情: 所有字段校验通过
2026-02-27 03:31:15,161 - INFO - CaseID:732 - QUERY字段：基础语义模糊匹配通过
2026-02-27 03:31:15,162 - INFO - CaseID:732 - 整体结果: PASS | 详情: 所有字段校验通过
2026-02-27 03:31:19,596 - INFO - CaseID:733 - QUERY字段：基础语义模糊匹配通过
2026-02-27 03:31:19,596 - INFO - CaseID:733 - 整体结果: PASS | 详情: 所有字段校验通过
2026-02-27 03:31:27,442 - INFO - CaseID:734 - QUERY字段：语义匹配失败，但visual_search链路意图匹配通过
2026-02-27 03:31:27,442 - INFO - CaseID:734 - 整体结果: PASS | 详情: 所有字段校验通过
2026-02-27 03:31:31,392 - INFO - CaseID:735 - QUERY字段：基础语义模糊匹配通过
2026-02-27 03:31:31,393 - INFO - CaseID:735 - 整体结果: PASS | 详情: 所有字段校验通过
2026-02-27 03:31:35,451 - INFO - CaseID:736 - QUERY字段：基础语义模糊匹配通过
2026-02-27 03:31:35,451 - INFO - CaseID:736 - 整体结果: PASS | 详情: 所有字段校验通过
2026-02-27 03:31:39,683 - INFO - CaseID:737 - QUERY字段：基础语义模糊匹配通过
2026-02-27 03:31:39,683 - INFO - CaseID:737 - 整体结果: PASS | 详情: 所有字段校验通过
2026-02-27 03:31:43,321 - INFO - CaseID:738 - QUERY字段：基础语义模糊匹配通过
2026-02-27 03:31:43,322 - INFO - CaseID:738 - 整体结果: PASS | 详情: 所有字段校验通过
2026-02-27 03:31:47,317 - INFO - CaseID:739 - QUERY字段：基础语义模糊匹配通过
2026-02-27 03:31:47,317 - INFO - CaseID:739 - 整体结果: PASS | 详情: 所有字段校验通过
2026-02-27 03:31:47,318 - INFO - CaseID:740 - 整体结果: FAILED | 详情: 模型输出核心字段全为空，判定不通过
2026-02-27 03:31:51,209 - INFO - CaseID:741 - QUERY字段：基础语义模糊匹配通过
2026-02-27 03:31:51,209 - INFO - CaseID:741 - 整体结果: PASS | 详情: 所有字段校验通过
2026-02-27 03:31:55,237 - INFO - CaseID:742 - QUERY字段：基础语义模糊匹配通过
2026-02-27 03:31:55,238 - INFO - CaseID:742 - 整体结果: PASS | 详情: 所有字段校验通过
2026-02-27 03:32:00,218 - INFO - CaseID:743 - QUERY字段：基础语义模糊匹配通过
2026-02-27 03:32:00,219 - INFO - CaseID:743 - 整体结果: PASS | 详情: 所有字段校验通过
2026-02-27 03:32:07,822 - INFO - CaseID:744 - QUERY字段：语义匹配失败，但visual_search链路意图匹配通过
2026-02-27 03:32:07,823 - INFO - CaseID:744 - 整体结果: PASS | 详情: 所有字段校验通过
2026-02-27 03:32:11,703 - INFO - CaseID:745 - 整体结果: FAILED | 详情: APINAME不匹配：预期[visual_search]，实际[AUTOSearch]; CATEGORY不匹配：一方为空 - 预期[]，实际[汽车]; QUERY不匹配：基础语义模糊匹配失败 - 预期[这是路虎的发现还是路虎的极光]，实际[路虎发现的外观]; TAG不匹配：一方为空 - 预期[]，实际[路虎发现&外观]
2026-02-27 03:32:16,088 - INFO - CaseID:746 - QUERY字段：基础语义模糊匹配通过
2026-02-27 03:32:16,088 - INFO - CaseID:746 - 整体结果: PASS | 详情: 所有字段校验通过
2026-02-27 03:32:20,501 - INFO - CaseID:747 - QUERY字段：基础语义模糊匹配通过
2026-02-27 03:32:20,502 - INFO - CaseID:747 - 整体结果: PASS | 详情: 所有字段校验通过
2026-02-27 03:32:25,268 - INFO - CaseID:748 - 整体结果: FAILED | 详情: APINAME不匹配：预期[visual_search]，实际[QASearch]; CATEGORY不匹配：一方为空 - 预期[]，实际[公司]; QUERY不匹配：基础语义模糊匹配失败 - 预期[这是丰田的哪款车呀]，实际[丰田汽车最新在售车型列表]; TAG不匹配：一方为空 - 预期[]，实际[丰田汽车&最新在售车型&列表&时效性]
2026-02-27 03:32:29,298 - INFO - CaseID:749 - QUERY字段：基础语义模糊匹配通过
2026-02-27 03:32:29,298 - INFO - CaseID:749 - 整体结果: PASS | 详情: 所有字段校验通过
2026-02-27 03:32:33,289 - INFO - CaseID:750 - 整体结果: FAILED | 详情: APINAME不匹配：预期[visual_search]，实际[QASearch]; CATEGORY不匹配：一方为空 - 预期[]，实际[公司]; QUERY不匹配：基础语义模糊匹配失败 - 预期[这是广汽传祺的什么车型？]，实际[广汽传祺2026年最新车型列表]; TAG不匹配：一方为空 - 预期[]，实际[广汽传祺&2026年&最新车型列表&时效性]
2026-02-27 03:32:40,914 - INFO - CaseID:751 - QUERY字段：语义匹配失败，但visual_search链路意图匹配通过
2026-02-27 03:32:40,914 - INFO - CaseID:751 - 整体结果: PASS | 详情: 所有字段校验通过
2026-02-27 03:32:44,807 - INFO - CaseID:752 - QUERY字段：基础语义模糊匹配通过
2026-02-27 03:32:44,808 - INFO - CaseID:752 - 整体结果: PASS | 详情: 所有字段校验通过
2026-02-27 03:32:52,668 - INFO - CaseID:753 - QUERY字段：语义匹配失败，但visual_search链路意图匹配通过
2026-02-27 03:32:52,668 - INFO - CaseID:753 - 整体结果: PASS | 详情: 所有字段校验通过
2026-02-27 03:32:56,528 - INFO - CaseID:754 - QUERY字段：基础语义模糊匹配通过
2026-02-27 03:32:56,528 - INFO - CaseID:754 - 整体结果: PASS | 详情: 所有字段校验通过
2026-02-27 03:33:00,632 - INFO - CaseID:755 - QUERY字段：基础语义模糊匹配通过
2026-02-27 03:33:00,632 - INFO - CaseID:755 - 整体结果: PASS | 详情: 所有字段校验通过
2026-02-27 03:33:04,495 - INFO - CaseID:756 - QUERY字段：基础语义模糊匹配通过
2026-02-27 03:33:04,496 - INFO - CaseID:756 - 整体结果: PASS | 详情: 所有字段校验通过
2026-02-27 03:33:08,209 - INFO - CaseID:757 - QUERY字段：基础语义模糊匹配通过
2026-02-27 03:33:08,209 - INFO - CaseID:757 - 整体结果: PASS | 详情: 所有字段校验通过
2026-02-27 03:33:12,614 - INFO - CaseID:758 - QUERY字段：基础语义模糊匹配通过
2026-02-27 03:33:12,615 - INFO - CaseID:758 - 整体结果: PASS | 详情: 所有字段校验通过
2026-02-27 03:33:16,526 - INFO - CaseID:759 - QUERY字段：基础语义模糊匹配通过
2026-02-27 03:33:16,526 - INFO - CaseID:759 - 整体结果: PASS | 详情: 所有字段校验通过
2026-02-27 03:33:20,500 - INFO - CaseID:760 - QUERY字段：基础语义模糊匹配通过
2026-02-27 03:33:20,500 - INFO - CaseID:760 - 整体结果: PASS | 详情: 所有字段校验通过
2026-02-27 03:33:24,392 - INFO - CaseID:761 - QUERY字段：基础语义模糊匹配通过
2026-02-27 03:33:24,393 - INFO - CaseID:761 - 整体结果: PASS | 详情: 所有字段校验通过
2026-02-27 03:33:28,490 - INFO - CaseID:762 - QUERY字段：基础语义模糊匹配通过
2026-02-27 03:33:28,491 - INFO - CaseID:762 - 整体结果: PASS | 详情: 所有字段校验通过
2026-02-27 03:33:32,615 - INFO - CaseID:763 - 整体结果: FAILED | 详情: APINAME不匹配：预期[visual_search]，实际[QASearch]; CATEGORY不匹配：一方为空 - 预期[]，实际[生物]; QUERY不匹配：基础语义模糊匹配失败 - 预期[这个是龟背竹吗]，实际[龟背竹的特征]; TAG不匹配：一方为空 - 预期[]，实际[龟背竹&特征]
2026-02-27 03:33:36,640 - INFO - CaseID:764 - QUERY字段：基础语义模糊匹配通过
2026-02-27 03:33:36,641 - INFO - CaseID:764 - 整体结果: PASS | 详情: 所有字段校验通过
2026-02-27 03:33:41,021 - INFO - CaseID:765 - QUERY字段：基础语义模糊匹配通过
2026-02-27 03:33:41,021 - INFO - CaseID:765 - 整体结果: PASS | 详情: 所有字段校验通过
2026-02-27 03:33:45,247 - INFO - CaseID:766 - QUERY字段：基础语义模糊匹配通过
2026-02-27 03:33:45,247 - INFO - CaseID:766 - 整体结果: PASS | 详情: 所有字段校验通过
2026-02-27 03:33:49,260 - INFO - CaseID:767 - QUERY字段：基础语义模糊匹配通过
2026-02-27 03:33:49,260 - INFO - CaseID:767 - 整体结果: PASS | 详情: 所有字段校验通过
2026-02-27 03:33:49,261 - INFO - CaseID:768 - 整体结果: FAILED | 详情: 模型输出核心字段全为空，判定不通过
2026-02-27 03:33:53,115 - INFO - CaseID:769 - QUERY字段：基础语义模糊匹配通过
2026-02-27 03:33:53,116 - INFO - CaseID:769 - 整体结果: PASS | 详情: 所有字段校验通过
2026-02-27 03:33:57,174 - INFO - CaseID:770 - QUERY字段：基础语义模糊匹配通过
2026-02-27 03:33:57,175 - INFO - CaseID:770 - 整体结果: PASS | 详情: 所有字段校验通过
2026-02-27 03:34:01,807 - INFO - CaseID:771 - QUERY字段：基础语义模糊匹配通过
2026-02-27 03:34:01,807 - INFO - CaseID:771 - 整体结果: PASS | 详情: 所有字段校验通过
2026-02-27 03:34:05,762 - INFO - CaseID:772 - QUERY字段：基础语义模糊匹配通过
2026-02-27 03:34:05,762 - INFO - CaseID:772 - 整体结果: PASS | 详情: 所有字段校验通过
2026-02-27 03:34:05,763 - INFO - CaseID:773 - 整体结果: FAILED | 详情: 模型输出核心字段全为空，判定不通过
2026-02-27 03:34:10,087 - INFO - CaseID:774 - QUERY字段：基础语义模糊匹配通过
2026-02-27 03:34:10,088 - INFO - CaseID:774 - 整体结果: PASS | 详情: 所有字段校验通过
2026-02-27 03:34:13,961 - INFO - CaseID:775 - QUERY字段：基础语义模糊匹配通过
2026-02-27 03:34:13,961 - INFO - CaseID:775 - 整体结果: PASS | 详情: 所有字段校验通过
2026-02-27 03:34:17,868 - INFO - CaseID:776 - QUERY字段：基础语义模糊匹配通过
2026-02-27 03:34:17,869 - INFO - CaseID:776 - 整体结果: PASS | 详情: 所有字段校验通过
2026-02-27 03:34:21,758 - INFO - CaseID:777 - QUERY字段：基础语义模糊匹配通过
2026-02-27 03:34:21,759 - INFO - CaseID:777 - 整体结果: PASS | 详情: 所有字段校验通过
2026-02-27 03:34:29,269 - INFO - CaseID:778 - QUERY字段：语义匹配失败，但visual_search链路意图匹配通过
2026-02-27 03:34:29,269 - INFO - CaseID:778 - 整体结果: PASS | 详情: 所有字段校验通过
2026-02-27 03:34:29,270 - INFO - CaseID:779 - 整体结果: FAILED | 详情: 模型输出核心字段全为空，判定不通过
2026-02-27 03:34:33,501 - INFO - CaseID:780 - QUERY字段：基础语义模糊匹配通过
2026-02-27 03:34:33,501 - INFO - CaseID:780 - 整体结果: PASS | 详情: 所有字段校验通过
2026-02-27 03:34:41,668 - INFO - CaseID:781 - QUERY字段：语义匹配失败，但visual_search链路意图匹配通过
2026-02-27 03:34:41,669 - INFO - CaseID:781 - 整体结果: PASS | 详情: 所有字段校验通过
2026-02-27 03:34:41,669 - INFO - CaseID:782 - 整体结果: FAILED | 详情: 模型输出核心字段全为空，判定不通过
2026-02-27 03:34:45,715 - INFO - CaseID:783 - QUERY字段：基础语义模糊匹配通过
2026-02-27 03:34:45,716 - INFO - CaseID:783 - 整体结果: PASS | 详情: 所有字段校验通过
2026-02-27 03:34:49,490 - INFO - CaseID:784 - QUERY字段：基础语义模糊匹配通过
2026-02-27 03:34:49,490 - INFO - CaseID:784 - 整体结果: PASS | 详情: 所有字段校验通过
2026-02-27 03:34:53,126 - INFO - CaseID:785 - QUERY字段：基础语义模糊匹配通过
2026-02-27 03:34:53,127 - INFO - CaseID:785 - 整体结果: PASS | 详情: 所有字段校验通过
2026-02-27 03:34:57,082 - INFO - CaseID:786 - QUERY字段：基础语义模糊匹配通过
2026-02-27 03:34:57,082 - INFO - CaseID:786 - 整体结果: PASS | 详情: 所有字段校验通过
2026-02-27 03:35:00,923 - INFO - CaseID:787 - QUERY字段：基础语义模糊匹配通过
2026-02-27 03:35:00,924 - INFO - CaseID:787 - 整体结果: PASS | 详情: 所有字段校验通过
2026-02-27 03:35:09,250 - INFO - CaseID:788 - QUERY字段：语义匹配失败，但visual_search链路意图匹配通过
2026-02-27 03:35:09,251 - INFO - CaseID:788 - 整体结果: PASS | 详情: 所有字段校验通过
2026-02-27 03:35:13,233 - INFO - CaseID:789 - QUERY字段：基础语义模糊匹配通过
2026-02-27 03:35:13,234 - INFO - CaseID:789 - 整体结果: PASS | 详情: 所有字段校验通过
2026-02-27 03:35:17,752 - INFO - CaseID:790 - QUERY字段：基础语义模糊匹配通过
2026-02-27 03:35:17,752 - INFO - CaseID:790 - 整体结果: PASS | 详情: 所有字段校验通过
2026-02-27 03:35:25,739 - INFO - CaseID:791 - QUERY字段：语义匹配失败，但visual_search链路意图匹配通过
2026-02-27 03:35:25,740 - INFO - CaseID:791 - 整体结果: PASS | 详情: 所有字段校验通过
2026-02-27 03:35:34,033 - INFO - CaseID:792 - QUERY字段：语义匹配失败，但visual_search链路意图匹配通过
2026-02-27 03:35:34,033 - INFO - CaseID:792 - 整体结果: PASS | 详情: 所有字段校验通过
2026-02-27 03:35:38,230 - INFO - CaseID:793 - QUERY字段：基础语义模糊匹配通过
2026-02-27 03:35:38,231 - INFO - CaseID:793 - 整体结果: PASS | 详情: 所有字段校验通过
2026-02-27 03:35:43,010 - INFO - CaseID:794 - QUERY字段：基础语义模糊匹配通过
2026-02-27 03:35:43,010 - INFO - CaseID:794 - 整体结果: PASS | 详情: 所有字段校验通过
2026-02-27 03:35:46,833 - INFO - CaseID:795 - 整体结果: FAILED | 详情: APINAME不匹配：预期[visual_search]，实际[QASearch]; CATEGORY不匹配：一方为空 - 预期[]，实际[生物]; QUERY不匹配：基础语义模糊匹配失败 - 预期[识别当前摄像头画面中的物品是什么]，实际[石榴的味道特点]; TAG不匹配：一方为空 - 预期[]，实际[石榴&味道特点]
2026-02-27 03:35:50,827 - INFO - CaseID:796 - QUERY字段：基础语义模糊匹配通过
2026-02-27 03:35:50,828 - INFO - CaseID:796 - 整体结果: PASS | 详情: 所有字段校验通过
2026-02-27 03:35:54,821 - INFO - CaseID:797 - QUERY字段：基础语义模糊匹配通过
2026-02-27 03:35:54,821 - INFO - CaseID:797 - 整体结果: PASS | 详情: 所有字段校验通过
2026-02-27 03:35:58,710 - INFO - CaseID:798 - 整体结果: FAILED | 详情: APINAME不匹配：预期[visual_search]，实际[skill_search]; QUERY不匹配：基础语义模糊匹配失败 - 预期[这个喝了应该不会胖吧]，实际[常见饮品的热量含量]
2026-02-27 03:36:03,010 - INFO - CaseID:799 - QUERY字段：基础语义模糊匹配通过
2026-02-27 03:36:03,011 - INFO - CaseID:799 - 整体结果: PASS | 详情: 所有字段校验通过
2026-02-27 03:36:06,900 - INFO - CaseID:800 - QUERY字段：基础语义模糊匹配通过
2026-02-27 03:36:06,901 - INFO - CaseID:800 - 整体结果: PASS | 详情: 所有字段校验通过
2026-02-27 03:36:06,901 - INFO - 已处理800/2393条用例，当前通过数：557（69.62%）
2026-02-27 03:36:11,908 - INFO - CaseID:801 - 整体结果: FAILED | 详情: 模型输出核心字段全为空，判定不通过
2026-02-27 03:36:11,909 - INFO - CaseID:802 - 整体结果: FAILED | 详情: 模型输出核心字段全为空，判定不通过
2026-02-27 03:36:13,604 - INFO - CaseID:803 - QUERY字段：基础语义模糊匹配通过
2026-02-27 03:36:13,604 - INFO - CaseID:803 - 整体结果: PASS | 详情: 所有字段校验通过
2026-02-27 03:36:17,389 - INFO - CaseID:804 - QUERY字段：基础语义模糊匹配通过
2026-02-27 03:36:17,389 - INFO - CaseID:804 - 整体结果: PASS | 详情: 所有字段校验通过
2026-02-27 03:36:17,390 - INFO - CaseID:805 - 整体结果: FAILED | 详情: 模型输出核心字段全为空，判定不通过
2026-02-27 03:36:21,070 - INFO - CaseID:806 - QUERY字段：基础语义模糊匹配通过
2026-02-27 03:36:21,070 - INFO - CaseID:806 - 整体结果: PASS | 详情: 所有字段校验通过
2026-02-27 03:36:24,985 - INFO - CaseID:807 - QUERY字段：基础语义模糊匹配通过
2026-02-27 03:36:24,986 - INFO - CaseID:807 - 整体结果: PASS | 详情: 所有字段校验通过
2026-02-27 03:36:28,885 - INFO - CaseID:808 - QUERY字段：基础语义模糊匹配通过
2026-02-27 03:36:28,886 - INFO - CaseID:808 - 整体结果: PASS | 详情: 所有字段校验通过
2026-02-27 03:36:37,321 - INFO - CaseID:809 - QUERY字段：语义匹配失败，但visual_search链路意图匹配通过
2026-02-27 03:36:37,321 - INFO - CaseID:809 - 整体结果: PASS | 详情: 所有字段校验通过
2026-02-27 03:36:41,266 - INFO - CaseID:810 - QUERY字段：基础语义模糊匹配通过
2026-02-27 03:36:41,267 - INFO - CaseID:810 - 整体结果: PASS | 详情: 所有字段校验通过
2026-02-27 03:36:41,267 - INFO - CaseID:811 - 整体结果: FAILED | 详情: 模型输出核心字段全为空，判定不通过
2026-02-27 03:36:41,267 - INFO - CaseID:812 - 整体结果: FAILED | 详情: 模型输出核心字段全为空，判定不通过
2026-02-27 03:36:48,685 - INFO - CaseID:813 - QUERY字段：语义匹配失败，但visual_search链路意图匹配通过
2026-02-27 03:36:48,686 - INFO - CaseID:813 - 整体结果: PASS | 详情: 所有字段校验通过
2026-02-27 03:36:48,687 - INFO - CaseID:814 - 整体结果: FAILED | 详情: 模型输出核心字段全为空，判定不通过
2026-02-27 03:36:52,629 - INFO - CaseID:815 - QUERY字段：基础语义模糊匹配通过
2026-02-27 03:36:52,629 - INFO - CaseID:815 - 整体结果: PASS | 详情: 所有字段校验通过
2026-02-27 03:36:56,364 - INFO - CaseID:816 - 整体结果: FAILED | 详情: APINAME不匹配：预期[visual_search]，实际[QASearch]; CATEGORY不匹配：一方为空 - 预期[]，实际[健康]; QUERY不匹配：基础语义模糊匹配失败 - 预期[这奶是哪家牌子的]，实际[用户是否提供了奶制品的包装图片或具体描述]; TAG不匹配：一方为空 - 预期[]，实际[用户&提供了&奶制品&包装图片&具体描述]
2026-02-27 03:37:00,355 - INFO - CaseID:817 - QUERY字段：基础语义模糊匹配通过
2026-02-27 03:37:00,355 - INFO - CaseID:817 - 整体结果: FAILED | 详情: APINAME不匹配：预期[visual_search]，实际[AUTOSearch]; CATEGORY不匹配：一方为空 - 预期[]，实际[汽车]; TAG不匹配：一方为空 - 预期[]，实际[这个能不能喝得完]
2026-02-27 03:37:08,232 - INFO - CaseID:818 - QUERY字段：语义匹配失败，但visual_search链路意图匹配通过
2026-02-27 03:37:08,233 - INFO - CaseID:818 - 整体结果: PASS | 详情: 所有字段校验通过
2026-02-27 03:37:12,190 - INFO - CaseID:819 - QUERY字段：基础语义模糊匹配通过
2026-02-27 03:37:12,191 - INFO - CaseID:819 - 整体结果: PASS | 详情: 所有字段校验通过
2026-02-27 03:37:16,226 - INFO - CaseID:820 - QUERY字段：基础语义模糊匹配通过
2026-02-27 03:37:16,226 - INFO - CaseID:820 - 整体结果: PASS | 详情: 所有字段校验通过
2026-02-27 03:37:20,175 - INFO - CaseID:821 - 整体结果: FAILED | 详情: APINAME不匹配：预期[visual_search]，实际[skill_search]; QUERY不匹配：基础语义模糊匹配失败 - 预期[这个和酸奶哪个好喝]，实际[用户提到的这个具体指什么饮品或食品]
2026-02-27 03:37:28,310 - INFO - CaseID:822 - QUERY字段：语义匹配失败，但visual_search链路意图匹配通过
2026-02-27 03:37:28,311 - INFO - CaseID:822 - 整体结果: PASS | 详情: 所有字段校验通过
2026-02-27 03:37:32,612 - INFO - CaseID:823 - QUERY字段：基础语义模糊匹配通过
2026-02-27 03:37:32,613 - INFO - CaseID:823 - 整体结果: PASS | 详情: 所有字段校验通过
2026-02-27 03:37:32,613 - INFO - CaseID:824 - 整体结果: FAILED | 详情: 模型输出核心字段全为空，判定不通过
2026-02-27 03:37:36,537 - INFO - CaseID:825 - QUERY字段：基础语义模糊匹配通过
2026-02-27 03:37:36,537 - INFO - CaseID:825 - 整体结果: PASS | 详情: 所有字段校验通过
2026-02-27 03:37:40,417 - INFO - CaseID:826 - 整体结果: FAILED | 详情: APINAME不匹配：预期[visual_search]，实际[QASearch]; CATEGORY不匹配：一方为空 - 预期[]，实际[健康]; QUERY不匹配：基础语义模糊匹配失败 - 预期[这个从营养价值角度上看是牛奶吗]，实际[牛奶的营养成分标准]; TAG不匹配：一方为空 - 预期[]，实际[牛奶&营养成分&标准]
2026-02-27 03:37:44,285 - INFO - CaseID:827 - QUERY字段：基础语义模糊匹配通过
2026-02-27 03:37:44,286 - INFO - CaseID:827 - 整体结果: PASS | 详情: 所有字段校验通过
2026-02-27 03:37:52,271 - INFO - CaseID:828 - QUERY字段：语义匹配失败，但visual_search链路意图匹配通过
2026-02-27 03:37:52,272 - INFO - CaseID:828 - 整体结果: PASS | 详情: 所有字段校验通过
2026-02-27 03:38:01,004 - INFO - CaseID:829 - QUERY字段：语义匹配失败，但visual_search链路意图匹配通过
2026-02-27 03:38:01,005 - INFO - CaseID:829 - 整体结果: PASS | 详情: 所有字段校验通过
2026-02-27 03:38:04,886 - INFO - CaseID:830 - QUERY字段：基础语义模糊匹配通过
2026-02-27 03:38:04,886 - INFO - CaseID:830 - 整体结果: PASS | 详情: 所有字段校验通过
2026-02-27 03:38:08,851 - INFO - CaseID:831 - QUERY字段：基础语义模糊匹配通过
2026-02-27 03:38:08,852 - INFO - CaseID:831 - 整体结果: PASS | 详情: 所有字段校验通过
2026-02-27 03:38:12,534 - INFO - CaseID:832 - QUERY字段：基础语义模糊匹配通过
2026-02-27 03:38:12,535 - INFO - CaseID:832 - 整体结果: PASS | 详情: 所有字段校验通过
2026-02-27 03:38:20,431 - INFO - CaseID:833 - QUERY字段：语义匹配失败，但visual_search链路意图匹配通过
2026-02-27 03:38:20,431 - INFO - CaseID:833 - 整体结果: PASS | 详情: 所有字段校验通过
2026-02-27 03:38:29,136 - INFO - CaseID:834 - QUERY字段：语义匹配失败，但visual_search链路意图匹配通过
2026-02-27 03:38:29,137 - INFO - CaseID:834 - 整体结果: PASS | 详情: 所有字段校验通过
2026-02-27 03:38:29,137 - INFO - CaseID:835 - CATEGORY字段：模型输出含「其他问答」，该字段通过
2026-02-27 03:38:33,796 - INFO - CaseID:835 - 整体结果: FAILED | 详情: APINAME不匹配：预期[visual_search]，实际[QASearch]; QUERY不匹配：基础语义模糊匹配失败 - 预期[这配料表里都有些什么]，实际[配料表中常见的成分分类]; TAG不匹配：一方为空 - 预期[]，实际[配料表中常见&成分&分类]
2026-02-27 03:38:37,674 - INFO - CaseID:836 - QUERY字段：基础语义模糊匹配通过
2026-02-27 03:38:37,674 - INFO - CaseID:836 - 整体结果: PASS | 详情: 所有字段校验通过
2026-02-27 03:38:45,248 - INFO - CaseID:837 - QUERY字段：语义匹配失败，但visual_search链路意图匹配通过
2026-02-27 03:38:45,248 - INFO - CaseID:837 - 整体结果: PASS | 详情: 所有字段校验通过
2026-02-27 03:38:53,960 - INFO - CaseID:838 - QUERY字段：语义匹配失败，但visual_search链路意图匹配通过
2026-02-27 03:38:53,961 - INFO - CaseID:838 - 整体结果: PASS | 详情: 所有字段校验通过
2026-02-27 03:39:01,936 - INFO - CaseID:839 - QUERY字段：语义匹配失败，但visual_search链路意图匹配通过
2026-02-27 03:39:01,937 - INFO - CaseID:839 - 整体结果: PASS | 详情: 所有字段校验通过
2026-02-27 03:39:05,818 - INFO - CaseID:840 - 整体结果: FAILED | 详情: APINAME不匹配：预期[visual_search]，实际[skill_search]; QUERY不匹配：基础语义模糊匹配失败 - 预期[这个喝起来会有巧克力味吗]，实际[用户所指的物品是什么（例如饮料、食品等）]
2026-02-27 03:39:09,461 - INFO - CaseID:841 - QUERY字段：基础语义模糊匹配通过
2026-02-27 03:39:09,462 - INFO - CaseID:841 - 整体结果: PASS | 详情: 所有字段校验通过
2026-02-27 03:39:13,403 - INFO - CaseID:842 - QUERY字段：基础语义模糊匹配通过
2026-02-27 03:39:13,404 - INFO - CaseID:842 - 整体结果: PASS | 详情: 所有字段校验通过
2026-02-27 03:39:13,404 - INFO - CaseID:843 - 整体结果: FAILED | 详情: 模型输出核心字段全为空，判定不通过
2026-02-27 03:39:17,599 - INFO - CaseID:844 - 整体结果: FAILED | 详情: APINAME不匹配：预期[visual_search]，实际[QASearch]; CATEGORY不匹配：一方为空 - 预期[]，实际[健康]; QUERY不匹配：基础语义模糊匹配失败 - 预期[识别当前摄像头画面中的瓶子容量和用户一天的饮用量]，实际[成年人每日推荐饮水量]; TAG不匹配：一方为空 - 预期[]，实际[成年人&每日&推荐饮水量]
2026-02-27 03:39:22,478 - INFO - CaseID:845 - QUERY字段：基础语义模糊匹配通过
2026-02-27 03:39:22,479 - INFO - CaseID:845 - 整体结果: PASS | 详情: 所有字段校验通过
2026-02-27 03:39:29,026 - INFO - CaseID:846 - QUERY字段：基础语义模糊匹配通过
2026-02-27 03:39:29,027 - INFO - CaseID:846 - 整体结果: PASS | 详情: 所有字段校验通过
2026-02-27 03:39:33,760 - INFO - CaseID:847 - QUERY字段：基础语义模糊匹配通过
2026-02-27 03:39:33,761 - INFO - CaseID:847 - 整体结果: PASS | 详情: 所有字段校验通过
2026-02-27 03:39:37,634 - INFO - CaseID:848 - QUERY字段：基础语义模糊匹配通过
2026-02-27 03:39:37,635 - INFO - CaseID:848 - 整体结果: PASS | 详情: 所有字段校验通过
2026-02-27 03:39:45,544 - INFO - CaseID:849 - QUERY字段：语义匹配失败，但visual_search链路意图匹配通过
2026-02-27 03:39:45,546 - INFO - CaseID:849 - 整体结果: PASS | 详情: 所有字段校验通过
2026-02-27 03:39:53,209 - INFO - CaseID:850 - QUERY字段：语义匹配失败，但visual_search链路意图匹配通过
2026-02-27 03:39:53,209 - INFO - CaseID:850 - 整体结果: PASS | 详情: 所有字段校验通过
2026-02-27 03:40:01,795 - INFO - CaseID:851 - QUERY字段：语义匹配失败，但visual_search链路意图匹配通过
2026-02-27 03:40:01,796 - INFO - CaseID:851 - 整体结果: PASS | 详情: 所有字段校验通过
2026-02-27 03:40:05,723 - INFO - CaseID:852 - QUERY字段：基础语义模糊匹配通过
2026-02-27 03:40:05,724 - INFO - CaseID:852 - 整体结果: PASS | 详情: 所有字段校验通过
2026-02-27 03:40:13,681 - INFO - CaseID:853 - QUERY字段：语义匹配失败，但visual_search链路意图匹配通过
2026-02-27 03:40:13,682 - INFO - CaseID:853 - 整体结果: PASS | 详情: 所有字段校验通过
2026-02-27 03:40:17,406 - INFO - CaseID:854 - QUERY字段：基础语义模糊匹配通过
2026-02-27 03:40:17,407 - INFO - CaseID:854 - 整体结果: PASS | 详情: 所有字段校验通过
2026-02-27 03:40:17,407 - INFO - CaseID:855 - 整体结果: FAILED | 详情: 模型输出核心字段全为空，判定不通过
2026-02-27 03:40:25,591 - INFO - CaseID:856 - QUERY字段：语义匹配失败，但visual_search链路意图匹配通过
2026-02-27 03:40:25,593 - INFO - CaseID:856 - 整体结果: PASS | 详情: 所有字段校验通过
2026-02-27 03:40:29,529 - INFO - CaseID:857 - QUERY字段：基础语义模糊匹配通过
2026-02-27 03:40:29,529 - INFO - CaseID:857 - 整体结果: PASS | 详情: 所有字段校验通过
2026-02-27 03:40:29,530 - INFO - CaseID:858 - 整体结果: FAILED | 详情: 模型输出核心字段全为空，判定不通过
2026-02-27 03:40:33,376 - INFO - CaseID:859 - QUERY字段：基础语义模糊匹配通过
2026-02-27 03:40:33,377 - INFO - CaseID:859 - 整体结果: PASS | 详情: 所有字段校验通过
2026-02-27 03:40:41,465 - INFO - CaseID:860 - QUERY字段：语义匹配失败，但visual_search链路意图匹配通过
2026-02-27 03:40:41,465 - INFO - CaseID:860 - 整体结果: PASS | 详情: 所有字段校验通过
2026-02-27 03:40:41,466 - INFO - CaseID:861 - 整体结果: FAILED | 详情: 模型输出核心字段全为空，判定不通过
2026-02-27 03:40:49,657 - INFO - CaseID:862 - QUERY字段：语义匹配失败，但visual_search链路意图匹配通过
2026-02-27 03:40:49,658 - INFO - CaseID:862 - 整体结果: PASS | 详情: 所有字段校验通过
2026-02-27 03:40:53,513 - INFO - CaseID:863 - QUERY字段：基础语义模糊匹配通过
2026-02-27 03:40:53,513 - INFO - CaseID:863 - 整体结果: PASS | 详情: 所有字段校验通过
2026-02-27 03:40:58,222 - INFO - CaseID:864 - QUERY字段：基础语义模糊匹配通过
2026-02-27 03:40:58,223 - INFO - CaseID:864 - 整体结果: PASS | 详情: 所有字段校验通过
2026-02-27 03:40:58,223 - INFO - CaseID:865 - 整体结果: FAILED | 详情: 模型输出核心字段全为空，判定不通过
2026-02-27 03:40:58,223 - INFO - CaseID:866 - 整体结果: FAILED | 详情: 模型输出核心字段全为空，判定不通过
2026-02-27 03:41:06,081 - INFO - CaseID:867 - QUERY字段：语义匹配失败，但visual_search链路意图匹配通过
2026-02-27 03:41:06,082 - INFO - CaseID:867 - 整体结果: PASS | 详情: 所有字段校验通过
2026-02-27 03:41:06,083 - INFO - CaseID:868 - 整体结果: FAILED | 详情: 模型输出核心字段全为空，判定不通过
2026-02-27 03:41:06,083 - INFO - CaseID:869 - 整体结果: FAILED | 详情: 模型输出核心字段全为空，判定不通过
2026-02-27 03:41:10,102 - INFO - CaseID:870 - QUERY字段：基础语义模糊匹配通过
2026-02-27 03:41:10,102 - INFO - CaseID:870 - 整体结果: PASS | 详情: 所有字段校验通过
2026-02-27 03:41:14,004 - INFO - CaseID:871 - QUERY字段：基础语义模糊匹配通过
2026-02-27 03:41:14,005 - INFO - CaseID:871 - 整体结果: PASS | 详情: 所有字段校验通过
2026-02-27 03:41:18,401 - INFO - CaseID:872 - QUERY字段：基础语义模糊匹配通过
2026-02-27 03:41:18,402 - INFO - CaseID:872 - 整体结果: PASS | 详情: 所有字段校验通过
2026-02-27 03:41:27,370 - INFO - CaseID:873 - QUERY字段：语义匹配失败，但visual_search链路意图匹配通过
2026-02-27 03:41:27,371 - INFO - CaseID:873 - 整体结果: PASS | 详情: 所有字段校验通过
2026-02-27 03:41:31,378 - INFO - CaseID:874 - QUERY字段：基础语义模糊匹配通过
2026-02-27 03:41:31,378 - INFO - CaseID:874 - 整体结果: PASS | 详情: 所有字段校验通过
2026-02-27 03:41:39,388 - INFO - CaseID:875 - QUERY字段：语义匹配失败，但visual_search链路意图匹配通过
2026-02-27 03:41:39,388 - INFO - CaseID:875 - 整体结果: PASS | 详情: 所有字段校验通过
2026-02-27 03:41:43,134 - INFO - CaseID:876 - QUERY字段：基础语义模糊匹配通过
2026-02-27 03:41:43,135 - INFO - CaseID:876 - 整体结果: PASS | 详情: 所有字段校验通过
2026-02-27 03:41:43,136 - INFO - CaseID:877 - 整体结果: FAILED | 详情: 模型输出核心字段全为空，判定不通过
2026-02-27 03:41:47,499 - INFO - CaseID:878 - QUERY字段：基础语义模糊匹配通过
2026-02-27 03:41:47,499 - INFO - CaseID:878 - 整体结果: PASS | 详情: 所有字段校验通过
2026-02-27 03:41:47,500 - INFO - CaseID:879 - 整体结果: FAILED | 详情: 模型输出核心字段全为空，判定不通过
2026-02-27 03:41:55,264 - INFO - CaseID:880 - QUERY字段：语义匹配失败，但visual_search链路意图匹配通过
2026-02-27 03:41:55,264 - INFO - CaseID:880 - 整体结果: PASS | 详情: 所有字段校验通过
2026-02-27 03:41:59,060 - INFO - CaseID:881 - QUERY字段：基础语义模糊匹配通过
2026-02-27 03:41:59,060 - INFO - CaseID:881 - 整体结果: PASS | 详情: 所有字段校验通过
2026-02-27 03:42:03,050 - INFO - CaseID:882 - QUERY字段：基础语义模糊匹配通过
2026-02-27 03:42:03,050 - INFO - CaseID:882 - 整体结果: PASS | 详情: 所有字段校验通过
2026-02-27 03:42:11,183 - INFO - CaseID:883 - QUERY字段：语义匹配失败，但visual_search链路意图匹配通过
2026-02-27 03:42:11,184 - INFO - CaseID:883 - 整体结果: PASS | 详情: 所有字段校验通过
2026-02-27 03:42:19,120 - INFO - CaseID:884 - QUERY字段：语义匹配失败，但visual_search链路意图匹配通过
2026-02-27 03:42:19,120 - INFO - CaseID:884 - 整体结果: PASS | 详情: 所有字段校验通过
2026-02-27 03:42:24,300 - INFO - CaseID:885 - QUERY字段：基础语义模糊匹配通过
2026-02-27 03:42:24,301 - INFO - CaseID:885 - 整体结果: PASS | 详情: 所有字段校验通过
2026-02-27 03:42:28,133 - INFO - CaseID:886 - QUERY字段：基础语义模糊匹配通过
2026-02-27 03:42:28,133 - INFO - CaseID:886 - 整体结果: PASS | 详情: 所有字段校验通过
2026-02-27 03:42:36,223 - INFO - CaseID:887 - QUERY字段：语义匹配失败，但visual_search链路意图匹配通过
2026-02-27 03:42:36,223 - INFO - CaseID:887 - 整体结果: PASS | 详情: 所有字段校验通过
2026-02-27 03:42:40,503 - INFO - CaseID:888 - QUERY字段：基础语义模糊匹配通过
2026-02-27 03:42:40,504 - INFO - CaseID:888 - 整体结果: PASS | 详情: 所有字段校验通过
2026-02-27 03:42:44,860 - INFO - CaseID:889 - QUERY字段：基础语义模糊匹配通过
2026-02-27 03:42:44,861 - INFO - CaseID:889 - 整体结果: PASS | 详情: 所有字段校验通过
2026-02-27 03:42:44,861 - INFO - CaseID:890 - 整体结果: FAILED | 详情: 模型输出核心字段全为空，判定不通过
2026-02-27 03:42:48,735 - INFO - CaseID:891 - QUERY字段：基础语义模糊匹配通过
2026-02-27 03:42:48,736 - INFO - CaseID:891 - 整体结果: PASS | 详情: 所有字段校验通过
2026-02-27 03:42:48,736 - INFO - CaseID:892 - 整体结果: FAILED | 详情: 模型输出核心字段全为空，判定不通过
2026-02-27 03:42:48,736 - INFO - CaseID:893 - 整体结果: FAILED | 详情: 模型输出核心字段全为空，判定不通过
2026-02-27 03:42:48,736 - INFO - CaseID:894 - 整体结果: FAILED | 详情: 模型输出核心字段全为空，判定不通过
2026-02-27 03:42:48,737 - INFO - CaseID:895 - CATEGORY字段：模型输出含「其他问答」，该字段通过
2026-02-27 03:42:53,527 - INFO - CaseID:895 - QUERY字段：基础语义模糊匹配通过
2026-02-27 03:42:53,528 - INFO - CaseID:895 - 整体结果: FAILED | 详情: APINAME不匹配：预期[visual_search]，实际[QASearch]; TAG不匹配：一方为空 - 预期[]，实际[他&打球&技术]
2026-02-27 03:42:57,623 - INFO - CaseID:896 - QUERY字段：基础语义模糊匹配通过
2026-02-27 03:42:57,624 - INFO - CaseID:896 - 整体结果: PASS | 详情: 所有字段校验通过
2026-02-27 03:43:06,890 - INFO - CaseID:897 - QUERY字段：语义匹配失败，但visual_search链路意图匹配通过
2026-02-27 03:43:06,891 - INFO - CaseID:897 - 整体结果: PASS | 详情: 所有字段校验通过
2026-02-27 03:43:06,891 - INFO - CaseID:898 - 整体结果: FAILED | 详情: 模型输出核心字段全为空，判定不通过
2026-02-27 03:43:10,803 - INFO - CaseID:899 - 整体结果: FAILED | 详情: APINAME不匹配：预期[visual_search]，实际[QASearch]; CATEGORY不匹配：一方为空 - 预期[]，实际[人物]; QUERY不匹配：基础语义模糊匹配失败 - 预期[他的祖上是不是外国人]，实际[他具体指代的人物是谁]; TAG不匹配：一方为空 - 预期[]，实际[他&具体指代&人物]
2026-02-27 03:43:10,803 - INFO - CaseID:900 - 整体结果: FAILED | 详情: 模型输出核心字段全为空，判定不通过
2026-02-27 03:43:10,804 - INFO - CaseID:901 - 整体结果: FAILED | 详情: 模型输出核心字段全为空，判定不通过
2026-02-27 03:43:10,804 - INFO - CaseID:902 - 整体结果: FAILED | 详情: 模型输出核心字段全为空，判定不通过
2026-02-27 03:43:10,805 - INFO - CaseID:903 - 整体结果: FAILED | 详情: 模型输出核心字段全为空，判定不通过
2026-02-27 03:43:15,101 - INFO - CaseID:904 - 整体结果: FAILED | 详情: APINAME不匹配：预期[visual_search]，实际[QASearch]; CATEGORY不匹配：一方为空 - 预期[]，实际[人物]; QUERY不匹配：基础语义模糊匹配失败 - 预期[分析当前摄像头画面中人物的性格特征]，实际[用户提到的她具体指代谁或哪个角色]; TAG不匹配：一方为空 - 预期[]，实际[用户提到&她&指代&角色]
2026-02-27 03:43:19,413 - INFO - CaseID:905 - 整体结果: FAILED | 详情: APINAME不匹配：预期[visual_search]，实际[skill_search]; QUERY不匹配：基础语义模糊匹配失败 - 预期[这是一本什么书呀]，实际[识别当前摄像头画面中的书籍名称和内容]
2026-02-27 03:43:23,431 - INFO - CaseID:906 - QUERY字段：基础语义模糊匹配通过
2026-02-27 03:43:23,432 - INFO - CaseID:906 - 整体结果: PASS | 详情: 所有字段校验通过
2026-02-27 03:43:27,674 - INFO - CaseID:907 - QUERY字段：基础语义模糊匹配通过
2026-02-27 03:43:27,675 - INFO - CaseID:907 - 整体结果: PASS | 详情: 所有字段校验通过
2026-02-27 03:43:31,318 - INFO - CaseID:908 - QUERY字段：基础语义模糊匹配通过
2026-02-27 03:43:31,319 - INFO - CaseID:908 - 整体结果: PASS | 详情: 所有字段校验通过
2026-02-27 03:43:35,306 - INFO - CaseID:909 - QUERY字段：基础语义模糊匹配通过
2026-02-27 03:43:35,306 - INFO - CaseID:909 - 整体结果: PASS | 详情: 所有字段校验通过
2026-02-27 03:43:39,137 - INFO - CaseID:910 - QUERY字段：基础语义模糊匹配通过
2026-02-27 03:43:39,138 - INFO - CaseID:910 - 整体结果: PASS | 详情: 所有字段校验通过
2026-02-27 03:43:43,502 - INFO - CaseID:911 - 整体结果: FAILED | 详情: APINAME不匹配：预期[visual_search]，实际[QASearch]; CATEGORY不匹配：一方为空 - 预期[]，实际[文学]; QUERY不匹配：基础语义模糊匹配失败 - 预期[这书什么东西是书吗]，实际[书的定义]; TAG不匹配：一方为空 - 预期[]，实际[书&定义]
2026-02-27 03:43:51,690 - INFO - CaseID:912 - QUERY字段：语义匹配失败，但visual_search链路意图匹配通过
2026-02-27 03:43:51,690 - INFO - CaseID:912 - 整体结果: PASS | 详情: 所有字段校验通过
2026-02-27 03:43:55,790 - INFO - CaseID:913 - QUERY字段：基础语义模糊匹配通过
2026-02-27 03:43:55,791 - INFO - CaseID:913 - 整体结果: PASS | 详情: 所有字段校验通过
2026-02-27 03:43:59,789 - INFO - CaseID:914 - QUERY字段：基础语义模糊匹配通过
2026-02-27 03:43:59,791 - INFO - CaseID:914 - 整体结果: PASS | 详情: 所有字段校验通过
2026-02-27 03:43:59,791 - INFO - CaseID:915 - 整体结果: FAILED | 详情: 模型输出核心字段全为空，判定不通过
2026-02-27 03:44:03,872 - INFO - CaseID:916 - QUERY字段：基础语义模糊匹配通过
2026-02-27 03:44:03,872 - INFO - CaseID:916 - 整体结果: PASS | 详情: 所有字段校验通过
2026-02-27 03:44:07,666 - INFO - CaseID:917 - QUERY字段：基础语义模糊匹配通过
2026-02-27 03:44:07,667 - INFO - CaseID:917 - 整体结果: PASS | 详情: 所有字段校验通过
2026-02-27 03:44:11,554 - INFO - CaseID:918 - QUERY字段：基础语义模糊匹配通过
2026-02-27 03:44:11,555 - INFO - CaseID:918 - 整体结果: FAILED | 详情: APINAME不匹配：预期[visual_search]，实际[QASearch]; CATEGORY不匹配：一方为空 - 预期[]，实际[文学]; TAG不匹配：一方为空 - 预期[]，实际[《中国历代文学作品选》&出版信息]
2026-02-27 03:44:19,884 - INFO - CaseID:919 - QUERY字段：语义匹配失败，但visual_search链路意图匹配通过
2026-02-27 03:44:19,885 - INFO - CaseID:919 - 整体结果: PASS | 详情: 所有字段校验通过
2026-02-27 03:44:27,719 - INFO - CaseID:920 - QUERY字段：语义匹配失败，但visual_search链路意图匹配通过
2026-02-27 03:44:27,719 - INFO - CaseID:920 - 整体结果: PASS | 详情: 所有字段校验通过
2026-02-27 03:44:27,720 - INFO - CaseID:921 - 整体结果: FAILED | 详情: 模型输出核心字段全为空，判定不通过
2026-02-27 03:44:31,652 - INFO - CaseID:922 - QUERY字段：基础语义模糊匹配通过
2026-02-27 03:44:31,653 - INFO - CaseID:922 - 整体结果: PASS | 详情: 所有字段校验通过
2026-02-27 03:44:35,423 - INFO - CaseID:923 - QUERY字段：基础语义模糊匹配通过
2026-02-27 03:44:35,424 - INFO - CaseID:923 - 整体结果: PASS | 详情: 所有字段校验通过
2026-02-27 03:44:43,674 - INFO - CaseID:924 - QUERY字段：语义匹配失败，但visual_search链路意图匹配通过
2026-02-27 03:44:43,675 - INFO - CaseID:924 - 整体结果: PASS | 详情: 所有字段校验通过
2026-02-27 03:44:47,705 - INFO - CaseID:925 - QUERY字段：基础语义模糊匹配通过
2026-02-27 03:44:47,706 - INFO - CaseID:925 - 整体结果: PASS | 详情: 所有字段校验通过
2026-02-27 03:44:51,699 - INFO - CaseID:926 - QUERY字段：基础语义模糊匹配通过
2026-02-27 03:44:51,699 - INFO - CaseID:926 - 整体结果: PASS | 详情: 所有字段校验通过
2026-02-27 03:44:59,616 - INFO - CaseID:927 - QUERY字段：语义匹配失败，但visual_search链路意图匹配通过
2026-02-27 03:44:59,618 - INFO - CaseID:927 - 整体结果: PASS | 详情: 所有字段校验通过
2026-02-27 03:45:03,516 - INFO - CaseID:928 - QUERY字段：基础语义模糊匹配通过
2026-02-27 03:45:03,516 - INFO - CaseID:928 - 整体结果: PASS | 详情: 所有字段校验通过
2026-02-27 03:45:07,880 - INFO - CaseID:929 - QUERY字段：基础语义模糊匹配通过
2026-02-27 03:45:07,881 - INFO - CaseID:929 - 整体结果: PASS | 详情: 所有字段校验通过
2026-02-27 03:45:11,782 - INFO - CaseID:930 - QUERY字段：基础语义模糊匹配通过
2026-02-27 03:45:11,783 - INFO - CaseID:930 - 整体结果: PASS | 详情: 所有字段校验通过
2026-02-27 03:45:15,721 - INFO - CaseID:931 - QUERY字段：基础语义模糊匹配通过
2026-02-27 03:45:15,721 - INFO - CaseID:931 - 整体结果: PASS | 详情: 所有字段校验通过
2026-02-27 03:45:23,316 - INFO - CaseID:932 - QUERY字段：语义匹配失败，但visual_search链路意图匹配通过
2026-02-27 03:45:23,316 - INFO - CaseID:932 - 整体结果: PASS | 详情: 所有字段校验通过
2026-02-27 03:45:31,042 - INFO - CaseID:933 - QUERY字段：语义匹配失败，但visual_search链路意图匹配通过
2026-02-27 03:45:31,043 - INFO - CaseID:933 - 整体结果: PASS | 详情: 所有字段校验通过
2026-02-27 03:45:39,297 - INFO - CaseID:934 - QUERY字段：语义匹配失败，但visual_search链路意图匹配通过
2026-02-27 03:45:39,297 - INFO - CaseID:934 - 整体结果: PASS | 详情: 所有字段校验通过
2026-02-27 03:45:43,217 - INFO - CaseID:935 - 整体结果: FAILED | 详情: APINAME不匹配：预期[visual_search]，实际[QASearch]; CATEGORY不匹配：一方为空 - 预期[]，实际[文学]; QUERY不匹配：基础语义模糊匹配失败 - 预期[识别当前摄像头画面中的书籍名称及内容]，实际[《三体》的内容简介]; TAG不匹配：一方为空 - 预期[]，实际[三体&内容&简介]
2026-02-27 03:45:47,301 - INFO - CaseID:936 - QUERY字段：基础语义模糊匹配通过
2026-02-27 03:45:47,301 - INFO - CaseID:936 - 整体结果: PASS | 详情: 所有字段校验通过
2026-02-27 03:45:50,952 - INFO - CaseID:937 - QUERY字段：基础语义模糊匹配通过
2026-02-27 03:45:50,953 - INFO - CaseID:937 - 整体结果: FAILED | 详情: APINAME不匹配：预期[visual_search]，实际[QASearch]; CATEGORY不匹配：一方为空 - 预期[]，实际[文学]; TAG不匹配：一方为空 - 预期[]，实际[这是一本什么样的书]
2026-02-27 03:45:55,000 - INFO - CaseID:938 - QUERY字段：基础语义模糊匹配通过
2026-02-27 03:45:55,001 - INFO - CaseID:938 - 整体结果: PASS | 详情: 所有字段校验通过
2026-02-27 03:45:58,872 - INFO - CaseID:939 - QUERY字段：基础语义模糊匹配通过
2026-02-27 03:45:58,872 - INFO - CaseID:939 - 整体结果: PASS | 详情: 所有字段校验通过
2026-02-27 03:46:07,546 - INFO - CaseID:940 - QUERY字段：语义匹配失败，但visual_search链路意图匹配通过
2026-02-27 03:46:07,546 - INFO - CaseID:940 - 整体结果: PASS | 详情: 所有字段校验通过
2026-02-27 03:46:12,203 - INFO - CaseID:941 - QUERY字段：基础语义模糊匹配通过
2026-02-27 03:46:12,203 - INFO - CaseID:941 - 整体结果: PASS | 详情: 所有字段校验通过
2026-02-27 03:46:16,075 - INFO - CaseID:942 - QUERY字段：基础语义模糊匹配通过
2026-02-27 03:46:16,075 - INFO - CaseID:942 - 整体结果: PASS | 详情: 所有字段校验通过
2026-02-27 03:46:23,754 - INFO - CaseID:943 - QUERY字段：语义匹配失败，但visual_search链路意图匹配通过
2026-02-27 03:46:23,755 - INFO - CaseID:943 - 整体结果: PASS | 详情: 所有字段校验通过
2026-02-27 03:46:27,348 - INFO - CaseID:944 - QUERY字段：基础语义模糊匹配通过
2026-02-27 03:46:27,348 - INFO - CaseID:944 - 整体结果: PASS | 详情: 所有字段校验通过
2026-02-27 03:46:31,334 - INFO - CaseID:945 - QUERY字段：基础语义模糊匹配通过
2026-02-27 03:46:31,334 - INFO - CaseID:945 - 整体结果: PASS | 详情: 所有字段校验通过
2026-02-27 03:46:35,230 - INFO - CaseID:946 - 整体结果: FAILED | 详情: APINAME不匹配：预期[visual_search]，实际[QASearch]; CATEGORY不匹配：一方为空 - 预期[]，实际[文学]; QUERY不匹配：基础语义模糊匹配失败 - 预期[识别当前摄像头画面中的书籍名称或ISBN]，实际[用户提到的书名是什么]; TAG不匹配：一方为空 - 预期[]，实际[书名]
2026-02-27 03:46:44,132 - INFO - CaseID:947 - QUERY字段：语义匹配失败，但visual_search链路意图匹配通过
2026-02-27 03:46:44,133 - INFO - CaseID:947 - 整体结果: PASS | 详情: 所有字段校验通过
2026-02-27 03:46:48,166 - INFO - CaseID:948 - QUERY字段：基础语义模糊匹配通过
2026-02-27 03:46:48,167 - INFO - CaseID:948 - 整体结果: PASS | 详情: 所有字段校验通过
2026-02-27 03:46:55,988 - INFO - CaseID:949 - QUERY字段：语义匹配失败，但visual_search链路意图匹配通过
2026-02-27 03:46:55,988 - INFO - CaseID:949 - 整体结果: PASS | 详情: 所有字段校验通过
2026-02-27 03:47:04,306 - INFO - CaseID:950 - QUERY字段：语义匹配失败，但visual_search链路意图匹配通过
2026-02-27 03:47:04,307 - INFO - CaseID:950 - 整体结果: PASS | 详情: 所有字段校验通过
2026-02-27 03:47:08,983 - INFO - CaseID:951 - QUERY字段：基础语义模糊匹配通过
2026-02-27 03:47:08,984 - INFO - CaseID:951 - 整体结果: PASS | 详情: 所有字段校验通过
2026-02-27 03:47:08,984 - INFO - CaseID:952 - 整体结果: FAILED | 详情: 模型输出核心字段全为空，判定不通过
2026-02-27 03:47:13,219 - INFO - CaseID:953 - QUERY字段：基础语义模糊匹配通过
2026-02-27 03:47:13,220 - INFO - CaseID:953 - 整体结果: PASS | 详情: 所有字段校验通过
2026-02-27 03:47:17,256 - INFO - CaseID:954 - 整体结果: FAILED | 详情: APINAME不匹配：预期[visual_search]，实际[QASearch]; CATEGORY不匹配：一方为空 - 预期[]，实际[文学]; QUERY不匹配：基础语义模糊匹配失败 - 预期[识别当前摄像头画面中的书籍名称或特征]，实际[这么好的书具体是指哪本书]; TAG不匹配：一方为空 - 预期[]，实际[这么好&书]
2026-02-27 03:47:24,756 - INFO - CaseID:955 - QUERY字段：语义匹配失败，但visual_search链路意图匹配通过
2026-02-27 03:47:24,756 - INFO - CaseID:955 - 整体结果: PASS | 详情: 所有字段校验通过
2026-02-27 03:47:29,189 - INFO - CaseID:956 - QUERY字段：基础语义模糊匹配通过
2026-02-27 03:47:29,189 - INFO - CaseID:956 - 整体结果: FAILED | 详情: APINAME不匹配：预期[visual_search]，实际[QASearch]; CATEGORY不匹配：一方为空 - 预期[]，实际[文学]; TAG不匹配：一方为空 - 预期[]，实际[书&简介]
2026-02-27 03:47:33,099 - INFO - CaseID:957 - QUERY字段：基础语义模糊匹配通过
2026-02-27 03:47:33,100 - INFO - CaseID:957 - 整体结果: PASS | 详情: 所有字段校验通过
2026-02-27 03:47:33,100 - INFO - CaseID:958 - 整体结果: FAILED | 详情: 模型输出核心字段全为空，判定不通过
2026-02-27 03:47:40,984 - INFO - CaseID:959 - QUERY字段：语义匹配失败，但visual_search链路意图匹配通过
2026-02-27 03:47:40,984 - INFO - CaseID:959 - 整体结果: PASS | 详情: 所有字段校验通过
2026-02-27 03:47:44,638 - INFO - CaseID:960 - QUERY字段：基础语义模糊匹配通过
2026-02-27 03:47:44,638 - INFO - CaseID:960 - 整体结果: PASS | 详情: 所有字段校验通过
2026-02-27 03:47:52,466 - INFO - CaseID:961 - 整体结果: FAILED | 详情: QUERY不匹配：语义和visual_search链路意图均不一致 - 预期[你觉得这书好不好看]，实际[这是什么书？]
2026-02-27 03:47:57,269 - INFO - CaseID:962 - QUERY字段：基础语义模糊匹配通过
2026-02-27 03:47:57,269 - INFO - CaseID:962 - 整体结果: PASS | 详情: 所有字段校验通过
2026-02-27 03:48:01,524 - INFO - CaseID:963 - 整体结果: FAILED | 详情: APINAME不匹配：预期[visual_search]，实际[QASearch]; CATEGORY不匹配：一方为空 - 预期[]，实际[文学]; QUERY不匹配：基础语义模糊匹配失败 - 预期[这本书的书名和作者是什么？]，实际[当前所指的书籍名称]; TAG不匹配：一方为空 - 预期[]，实际[当前&所指&书籍名称]
2026-02-27 03:48:09,330 - INFO - CaseID:964 - QUERY字段：语义匹配失败，但visual_search链路意图匹配通过
2026-02-27 03:48:09,330 - INFO - CaseID:964 - 整体结果: PASS | 详情: 所有字段校验通过
2026-02-27 03:48:13,367 - INFO - CaseID:965 - 整体结果: FAILED | 详情: APINAME不匹配：预期[visual_search]，实际[QASearch]; CATEGORY不匹配：一方为空 - 预期[]，实际[文学]; QUERY不匹配：基础语义模糊匹配失败 - 预期[识别当前摄像头画面中的书名和作者]，实际[用户提到的书名是什么]; TAG不匹配：一方为空 - 预期[]，实际[书名]
2026-02-27 03:48:17,240 - INFO - CaseID:966 - QUERY字段：基础语义模糊匹配通过
2026-02-27 03:48:17,240 - INFO - CaseID:966 - 整体结果: PASS | 详情: 所有字段校验通过
2026-02-27 03:48:21,125 - INFO - CaseID:967 - QUERY字段：基础语义模糊匹配通过
2026-02-27 03:48:21,126 - INFO - CaseID:967 - 整体结果: PASS | 详情: 所有字段校验通过
2026-02-27 03:48:25,941 - INFO - CaseID:968 - QUERY字段：基础语义模糊匹配通过
2026-02-27 03:48:25,941 - INFO - CaseID:968 - 整体结果: PASS | 详情: 所有字段校验通过
2026-02-27 03:48:33,701 - INFO - CaseID:969 - QUERY字段：语义匹配失败，但visual_search链路意图匹配通过
2026-02-27 03:48:33,701 - INFO - CaseID:969 - 整体结果: PASS | 详情: 所有字段校验通过
2026-02-27 03:48:37,649 - INFO - CaseID:970 - QUERY字段：基础语义模糊匹配通过
2026-02-27 03:48:37,649 - INFO - CaseID:970 - 整体结果: PASS | 详情: 所有字段校验通过
2026-02-27 03:48:42,126 - INFO - CaseID:971 - QUERY字段：基础语义模糊匹配通过
2026-02-27 03:48:42,126 - INFO - CaseID:971 - 整体结果: PASS | 详情: 所有字段校验通过
2026-02-27 03:48:46,042 - INFO - CaseID:972 - QUERY字段：基础语义模糊匹配通过
2026-02-27 03:48:46,043 - INFO - CaseID:972 - 整体结果: PASS | 详情: 所有字段校验通过
2026-02-27 03:48:46,043 - INFO - CaseID:973 - 整体结果: FAILED | 详情: 模型输出核心字段全为空，判定不通过
2026-02-27 03:48:46,043 - INFO - CaseID:974 - 整体结果: FAILED | 详情: 模型输出核心字段全为空，判定不通过
2026-02-27 03:48:46,044 - INFO - CaseID:975 - 整体结果: FAILED | 详情: 模型输出核心字段全为空，判定不通过
2026-02-27 03:48:46,044 - INFO - CaseID:976 - 整体结果: FAILED | 详情: 模型输出核心字段全为空，判定不通过
2026-02-27 03:48:46,044 - INFO - CaseID:977 - 整体结果: FAILED | 详情: 模型输出核心字段全为空，判定不通过
2026-02-27 03:48:46,044 - INFO - CaseID:978 - 整体结果: FAILED | 详情: 模型输出核心字段全为空，判定不通过
2026-02-27 03:48:46,044 - INFO - CaseID:979 - 整体结果: FAILED | 详情: 模型输出核心字段全为空，判定不通过
2026-02-27 03:48:46,045 - INFO - CaseID:980 - 整体结果: FAILED | 详情: 模型输出核心字段全为空，判定不通过
2026-02-27 03:48:53,644 - INFO - CaseID:981 - 整体结果: FAILED | 详情: QUERY不匹配：语义和visual_search链路意图均不一致 - 预期[这件衣服的颜色和你的肤色对比是否显白？]，实际[这件衣服的颜色和款式是否显白？]
2026-02-27 03:48:53,645 - INFO - CaseID:982 - 整体结果: FAILED | 详情: 模型输出核心字段全为空，判定不通过
2026-02-27 03:49:02,272 - INFO - CaseID:983 - 整体结果: FAILED | 详情: QUERY不匹配：语义和visual_search链路意图均不一致 - 预期[分析用户当前穿着的衣服款式、颜色搭配等视觉信息]，实际[这件衣服我穿着好看吗]
2026-02-27 03:49:06,178 - INFO - CaseID:984 - QUERY字段：基础语义模糊匹配通过
2026-02-27 03:49:06,178 - INFO - CaseID:984 - 整体结果: PASS | 详情: 所有字段校验通过
2026-02-27 03:49:10,270 - INFO - CaseID:985 - 整体结果: FAILED | 详情: APINAME不匹配：预期[visual_search]，实际[skill_search]; QUERY不匹配：基础语义模糊匹配失败 - 预期[这个是哪个电影的海报]，实际[识别当前摄像头画面中的电影海报]
2026-02-27 03:49:10,271 - INFO - CaseID:986 - 整体结果: FAILED | 详情: 模型输出核心字段全为空，判定不通过
2026-02-27 03:49:10,271 - INFO - CaseID:987 - 整体结果: FAILED | 详情: 模型输出核心字段全为空，判定不通过
2026-02-27 03:49:17,879 - INFO - CaseID:988 - QUERY字段：语义匹配失败，但visual_search链路意图匹配通过
2026-02-27 03:49:17,880 - INFO - CaseID:988 - 整体结果: PASS | 详情: 所有字段校验通过
2026-02-27 03:49:22,189 - INFO - CaseID:989 - QUERY字段：基础语义模糊匹配通过
2026-02-27 03:49:22,189 - INFO - CaseID:989 - 整体结果: PASS | 详情: 所有字段校验通过
2026-02-27 03:49:22,190 - INFO - CaseID:990 - 整体结果: FAILED | 详情: 模型输出核心字段全为空，判定不通过
2026-02-27 03:49:22,190 - INFO - CaseID:991 - CATEGORY字段：模型输出含「其他问答」，该字段通过
2026-02-27 03:49:26,132 - INFO - CaseID:991 - 整体结果: FAILED | 详情: APINAME不匹配：预期[visual_search]，实际[QASearch]; QUERY不匹配：基础语义模糊匹配失败 - 预期[这种一般是叫仕女图吗]，实际[仕女图的定义和特征]; TAG不匹配：一方为空 - 预期[]，实际[仕女图&定义&特征]
2026-02-27 03:49:30,025 - INFO - CaseID:992 - QUERY字段：基础语义模糊匹配通过
2026-02-27 03:49:30,026 - INFO - CaseID:992 - 整体结果: PASS | 详情: 所有字段校验通过
2026-02-27 03:49:34,264 - INFO - CaseID:993 - QUERY字段：基础语义模糊匹配通过
2026-02-27 03:49:34,265 - INFO - CaseID:993 - 整体结果: PASS | 详情: 所有字段校验通过
2026-02-27 03:49:38,025 - INFO - CaseID:994 - 整体结果: FAILED | 详情: APINAME不匹配：预期[visual_search]，实际[skill_search]; QUERY不匹配：基础语义模糊匹配失败 - 预期[分析当前摄像头捕捉到的画作内容（主题、风格、色彩等）]，实际[当前摄像头捕捉到的电影内容是什么]
2026-02-27 03:49:41,977 - INFO - CaseID:995 - QUERY字段：基础语义模糊匹配通过
2026-02-27 03:49:41,978 - INFO - CaseID:995 - 整体结果: PASS | 详情: 所有字段校验通过
2026-02-27 03:49:45,793 - INFO - CaseID:996 - QUERY字段：基础语义模糊匹配通过
2026-02-27 03:49:45,794 - INFO - CaseID:996 - 整体结果: PASS | 详情: 所有字段校验通过
2026-02-27 03:49:50,167 - INFO - CaseID:997 - QUERY字段：基础语义模糊匹配通过
2026-02-27 03:49:50,167 - INFO - CaseID:997 - 整体结果: FAILED | 详情: APINAME不匹配：预期[visual_search]，实际[QASearch]; CATEGORY不匹配：一方为空 - 预期[]，实际[影视]; TAG不匹配：一方为空 - 预期[]，实际[海报&影视作品]
2026-02-27 03:49:58,802 - INFO - CaseID:998 - QUERY字段：语义匹配失败，但visual_search链路意图匹配通过
2026-02-27 03:49:58,802 - INFO - CaseID:998 - 整体结果: PASS | 详情: 所有字段校验通过
2026-02-27 03:50:02,686 - INFO - CaseID:999 - QUERY字段：基础语义模糊匹配通过
2026-02-27 03:50:02,687 - INFO - CaseID:999 - 整体结果: FAILED | 详情: APINAME不匹配：预期[visual_search]，实际[AUTOSearch]; CATEGORY不匹配：一方为空 - 预期[]，实际[汽车]; TAG不匹配：一方为空 - 预期[]，实际[这是什么的宣传海报]
2026-02-27 03:50:06,676 - INFO - CaseID:1000 - QUERY字段：基础语义模糊匹配通过
2026-02-27 03:50:06,677 - INFO - CaseID:1000 - 整体结果: PASS | 详情: 所有字段校验通过
2026-02-27 03:50:06,677 - INFO - 已处理1000/2393条用例，当前通过数：687（68.70%）
2026-02-27 03:50:13,012 - INFO - CaseID:1001 - QUERY字段：基础语义模糊匹配通过
2026-02-27 03:50:13,012 - INFO - CaseID:1001 - 整体结果: PASS | 详情: 所有字段校验通过
2026-02-27 03:50:13,012 - INFO - CaseID:1002 - 整体结果: FAILED | 详情: 模型输出核心字段全为空，判定不通过
2026-02-27 03:50:13,013 - INFO - CaseID:1003 - CATEGORY字段：模型输出含「其他问答」，该字段通过
2026-02-27 03:50:16,571 - INFO - CaseID:1003 - 整体结果: FAILED | 详情: APINAME不匹配：预期[visual_search]，实际[QASearch]; QUERY不匹配：基础语义模糊匹配失败 - 预期[这幅书法作品有什么独特之处]，实际[书法作品独特之处的评价标准]; TAG不匹配：一方为空 - 预期[]，实际[书法作品&独特之处&评价标准]
2026-02-27 03:50:16,572 - INFO - CaseID:1004 - CATEGORY字段：模型输出含「其他问答」，该字段通过
2026-02-27 03:50:20,914 - INFO - CaseID:1004 - QUERY字段：基础语义模糊匹配通过
2026-02-27 03:50:20,914 - INFO - CaseID:1004 - 整体结果: FAILED | 详情: APINAME不匹配：预期[visual_search]，实际[QASearch]; TAG不匹配：一方为空 - 预期[]，实际[书法艺术&吸引人&地方]
2026-02-27 03:50:29,167 - INFO - CaseID:1005 - QUERY字段：语义匹配失败，但visual_search链路意图匹配通过
2026-02-27 03:50:29,168 - INFO - CaseID:1005 - 整体结果: PASS | 详情: 所有字段校验通过
2026-02-27 03:50:29,169 - INFO - CaseID:1006 - CATEGORY字段：模型输出含「其他问答」，该字段通过
2026-02-27 03:50:32,987 - INFO - CaseID:1006 - QUERY字段：基础语义模糊匹配通过
2026-02-27 03:50:32,988 - INFO - CaseID:1006 - 整体结果: FAILED | 详情: APINAME不匹配：预期[visual_search]，实际[QASearch]; TAG不匹配：一方为空 - 预期[]，实际[书法风格&特别之处&方面]
2026-02-27 03:50:32,988 - INFO - CaseID:1007 - CATEGORY字段：模型输出含「其他问答」，该字段通过
2026-02-27 03:50:37,404 - INFO - CaseID:1007 - 整体结果: FAILED | 详情: APINAME不匹配：预期[visual_search]，实际[QASearch]; QUERY不匹配：基础语义模糊匹配失败 - 预期[这个书法作品有什么过人之处]，实际[书法作品评价标准]; TAG不匹配：一方为空 - 预期[]，实际[书法作品&评价标准]
2026-02-27 03:50:37,405 - INFO - CaseID:1008 - CATEGORY字段：模型输出含「其他问答」，该字段通过
2026-02-27 03:50:41,510 - INFO - CaseID:1008 - 整体结果: FAILED | 详情: APINAME不匹配：预期[visual_search]，实际[QASearch]; QUERY不匹配：基础语义模糊匹配失败 - 预期[这书法与众不同的地方是什么]，实际[书法艺术的独特之处通常体现在哪些方面]; TAG不匹配：一方为空 - 预期[]，实际[书法艺术&独特之处&方面&时效性]
2026-02-27 03:50:45,265 - INFO - CaseID:1009 - QUERY字段：基础语义模糊匹配通过
2026-02-27 03:50:45,266 - INFO - CaseID:1009 - 整体结果: PASS | 详情: 所有字段校验通过
2026-02-27 03:50:50,070 - INFO - CaseID:1010 - QUERY字段：基础语义模糊匹配通过
2026-02-27 03:50:50,070 - INFO - CaseID:1010 - 整体结果: PASS | 详情: 所有字段校验通过
2026-02-27 03:50:54,046 - INFO - CaseID:1011 - QUERY字段：基础语义模糊匹配通过
2026-02-27 03:50:54,047 - INFO - CaseID:1011 - 整体结果: PASS | 详情: 所有字段校验通过
2026-02-27 03:50:54,047 - INFO - CaseID:1012 - CATEGORY字段：模型输出含「其他问答」，该字段通过
2026-02-27 03:50:58,091 - INFO - CaseID:1012 - 整体结果: FAILED | 详情: APINAME不匹配：预期[visual_search]，实际[QASearch]; QUERY不匹配：基础语义模糊匹配失败 - 预期[这幅书法有什么鲜明的特色]，实际[书法艺术的鲜明特色通常包括哪些方面]; TAG不匹配：一方为空 - 预期[]，实际[书法艺术&鲜明特色&方面]
2026-02-27 03:51:01,984 - INFO - CaseID:1013 - QUERY字段：基础语义模糊匹配通过
2026-02-27 03:51:01,985 - INFO - CaseID:1013 - 整体结果: FAILED | 详情: APINAME不匹配：预期[visual_search]，实际[QASearch]; CATEGORY不匹配：一方为空 - 预期[]，实际[文学]; TAG不匹配：一方为空 - 预期[]，实际[书法&特殊感受]
2026-02-27 03:51:01,985 - INFO - CaseID:1014 - CATEGORY字段：模型输出含「其他问答」，该字段通过
2026-02-27 03:51:05,973 - INFO - CaseID:1014 - 整体结果: FAILED | 详情: APINAME不匹配：预期[visual_search]，实际[QASearch]; QUERY不匹配：基础语义模糊匹配失败 - 预期[这书法的风格有哪些特点]，实际[书法风格的主要特点分类]; TAG不匹配：一方为空 - 预期[]，实际[书法风格&主要特点&分类]
2026-02-27 03:51:09,915 - INFO - CaseID:1015 - QUERY字段：基础语义模糊匹配通过
2026-02-27 03:51:09,916 - INFO - CaseID:1015 - 整体结果: PASS | 详情: 所有字段校验通过
2026-02-27 03:51:13,652 - INFO - CaseID:1016 - QUERY字段：基础语义模糊匹配通过
2026-02-27 03:51:13,653 - INFO - CaseID:1016 - 整体结果: PASS | 详情: 所有字段校验通过
2026-02-27 03:51:17,968 - INFO - CaseID:1017 - QUERY字段：基础语义模糊匹配通过
2026-02-27 03:51:17,968 - INFO - CaseID:1017 - 整体结果: PASS | 详情: 所有字段校验通过
2026-02-27 03:51:21,838 - INFO - CaseID:1018 - QUERY字段：基础语义模糊匹配通过
2026-02-27 03:51:21,838 - INFO - CaseID:1018 - 整体结果: PASS | 详情: 所有字段校验通过
2026-02-27 03:51:29,551 - INFO - CaseID:1019 - QUERY字段：语义匹配失败，但visual_search链路意图匹配通过
2026-02-27 03:51:29,552 - INFO - CaseID:1019 - 整体结果: PASS | 详情: 所有字段校验通过
2026-02-27 03:51:29,552 - INFO - CaseID:1020 - 整体结果: FAILED | 详情: 模型输出核心字段全为空，判定不通过
2026-02-27 03:51:37,777 - INFO - CaseID:1021 - QUERY字段：语义匹配失败，但visual_search链路意图匹配通过
2026-02-27 03:51:37,777 - INFO - CaseID:1021 - 整体结果: PASS | 详情: 所有字段校验通过
2026-02-27 03:51:37,778 - INFO - CaseID:1022 - CATEGORY字段：模型输出含「其他问答」，该字段通过
2026-02-27 03:51:41,623 - INFO - CaseID:1022 - 整体结果: FAILED | 详情: APINAME不匹配：预期[visual_search]，实际[QASearch]; QUERY不匹配：基础语义模糊匹配失败 - 预期[这酸奶是哪家公司出的]，实际[用户所指的酸奶品牌或包装信息]; TAG不匹配：一方为空 - 预期[]，实际[用户&指的&酸奶&品牌&包装信息]
2026-02-27 03:51:41,624 - INFO - CaseID:1023 - CATEGORY字段：模型输出含「其他问答」，该字段通过
2026-02-27 03:51:46,022 - INFO - CaseID:1023 - 整体结果: FAILED | 详情: APINAME不匹配：预期[visual_search]，实际[QASearch]; QUERY不匹配：基础语义模糊匹配失败 - 预期[这个奶是哪个品牌的]，实际[常见奶粉品牌包装标识]; TAG不匹配：一方为空 - 预期[]，实际[常见&奶粉品牌&包装标识]
2026-02-27 03:51:49,906 - INFO - CaseID:1024 - QUERY字段：基础语义模糊匹配通过
2026-02-27 03:51:49,907 - INFO - CaseID:1024 - 整体结果: PASS | 详情: 所有字段校验通过
2026-02-27 03:51:58,436 - INFO - CaseID:1025 - QUERY字段：语义匹配失败，但visual_search链路意图匹配通过
2026-02-27 03:51:58,436 - INFO - CaseID:1025 - 整体结果: PASS | 详情: 所有字段校验通过
2026-02-27 03:52:06,583 - INFO - CaseID:1026 - QUERY字段：语义匹配失败，但visual_search链路意图匹配通过
2026-02-27 03:52:06,584 - INFO - CaseID:1026 - 整体结果: PASS | 详情: 所有字段校验通过
2026-02-27 03:52:10,384 - INFO - CaseID:1027 - 整体结果: FAILED | 详情: APINAME不匹配：预期[visual_search]，实际[AUTOSearch]; CATEGORY不匹配：一方为空 - 预期[]，实际[汽车]; QUERY不匹配：基础语义模糊匹配失败 - 预期[识别当前摄像头画面中的物品或食品标签，判断是否含有蔗糖]，实际[里面具体是什么产品或食物]; TAG不匹配：一方为空 - 预期[]，实际[里面&具体&产品或食物]
2026-02-27 03:52:14,787 - INFO - CaseID:1028 - 整体结果: FAILED | 详情: APINAME不匹配：预期[visual_search]，实际[skill_search]; QUERY不匹配：基础语义模糊匹配失败 - 预期[这奶是什么牌子]，实际[识别当前摄像头画面中的奶制品品牌]
2026-02-27 03:52:22,571 - INFO - CaseID:1029 - QUERY字段：语义匹配失败，但visual_search链路意图匹配通过
2026-02-27 03:52:22,572 - INFO - CaseID:1029 - 整体结果: PASS | 详情: 所有字段校验通过
2026-02-27 03:52:30,564 - INFO - CaseID:1030 - QUERY字段：语义匹配失败，但visual_search链路意图匹配通过
2026-02-27 03:52:30,564 - INFO - CaseID:1030 - 整体结果: PASS | 详情: 所有字段校验通过
2026-02-27 03:52:34,961 - INFO - CaseID:1031 - QUERY字段：基础语义模糊匹配通过
2026-02-27 03:52:34,961 - INFO - CaseID:1031 - 整体结果: PASS | 详情: 所有字段校验通过
2026-02-27 03:52:43,269 - INFO - CaseID:1032 - QUERY字段：语义匹配失败，但visual_search链路意图匹配通过
2026-02-27 03:52:43,269 - INFO - CaseID:1032 - 整体结果: PASS | 详情: 所有字段校验通过
2026-02-27 03:52:52,062 - INFO - CaseID:1033 - QUERY字段：语义匹配失败，但visual_search链路意图匹配通过
2026-02-27 03:52:52,063 - INFO - CaseID:1033 - 整体结果: PASS | 详情: 所有字段校验通过
2026-02-27 03:53:00,166 - INFO - CaseID:1034 - QUERY字段：语义匹配失败，但visual_search链路意图匹配通过
2026-02-27 03:53:00,166 - INFO - CaseID:1034 - 整体结果: PASS | 详情: 所有字段校验通过
2026-02-27 03:53:04,220 - INFO - CaseID:1035 - QUERY字段：基础语义模糊匹配通过
2026-02-27 03:53:04,220 - INFO - CaseID:1035 - 整体结果: PASS | 详情: 所有字段校验通过
2026-02-27 03:53:07,838 - INFO - CaseID:1036 - QUERY字段：基础语义模糊匹配通过
2026-02-27 03:53:07,839 - INFO - CaseID:1036 - 整体结果: PASS | 详情: 所有字段校验通过
2026-02-27 03:53:11,750 - INFO - CaseID:1037 - QUERY字段：基础语义模糊匹配通过
2026-02-27 03:53:11,751 - INFO - CaseID:1037 - 整体结果: PASS | 详情: 所有字段校验通过
2026-02-27 03:53:11,751 - INFO - CaseID:1038 - 整体结果: FAILED | 详情: 模型输出核心字段全为空，判定不通过
2026-02-27 03:53:15,611 - INFO - CaseID:1039 - QUERY字段：基础语义模糊匹配通过
2026-02-27 03:53:15,612 - INFO - CaseID:1039 - 整体结果: PASS | 详情: 所有字段校验通过
2026-02-27 03:53:19,524 - INFO - CaseID:1040 - 整体结果: FAILED | 详情: APINAME不匹配：预期[visual_search]，实际[AUTOSearch]; CATEGORY不匹配：一方为空 - 预期[]，实际[汽车]; QUERY不匹配：基础语义模糊匹配失败 - 预期[这个和百事、可口比起来哪个好喝]，实际[用户提到的这个具体指哪种饮料品牌或产品]; TAG不匹配：一方为空 - 预期[]，实际[用户提到的这个&饮料品牌或产品]
2026-02-27 03:53:23,406 - INFO - CaseID:1041 - QUERY字段：基础语义模糊匹配通过
2026-02-27 03:53:23,406 - INFO - CaseID:1041 - 整体结果: PASS | 详情: 所有字段校验通过
2026-02-27 03:53:23,407 - INFO - CaseID:1042 - 整体结果: FAILED | 详情: 模型输出核心字段全为空，判定不通过
2026-02-27 03:53:23,407 - INFO - CaseID:1043 - 整体结果: FAILED | 详情: 模型输出核心字段全为空，判定不通过
2026-02-27 03:53:23,407 - INFO - CaseID:1044 - 整体结果: FAILED | 详情: 模型输出核心字段全为空，判定不通过
2026-02-27 03:53:27,511 - INFO - CaseID:1045 - 整体结果: FAILED | 详情: APINAME不匹配：预期[visual_search]，实际[QASearch]; CATEGORY不匹配：一方为空 - 预期[]，实际[健康]; QUERY不匹配：基础语义模糊匹配失败 - 预期[这个小孩的个子目前高吗]，实际[中国儿童身高发育指南]; TAG不匹配：一方为空 - 预期[]，实际[中国儿童&身高&发育指南]
2026-02-27 03:53:31,477 - INFO - CaseID:1046 - QUERY字段：基础语义模糊匹配通过
2026-02-27 03:53:31,477 - INFO - CaseID:1046 - 整体结果: PASS | 详情: 所有字段校验通过
2026-02-27 03:53:31,478 - INFO - CaseID:1047 - 整体结果: FAILED | 详情: 模型输出核心字段全为空，判定不通过
2026-02-27 03:53:31,478 - INFO - CaseID:1048 - 整体结果: FAILED | 详情: 模型输出核心字段全为空，判定不通过
2026-02-27 03:53:31,478 - INFO - CaseID:1049 - 整体结果: FAILED | 详情: 模型输出核心字段全为空，判定不通过
2026-02-27 03:53:35,167 - INFO - CaseID:1050 - QUERY字段：基础语义模糊匹配通过
2026-02-27 03:53:35,168 - INFO - CaseID:1050 - 整体结果: PASS | 详情: 所有字段校验通过
2026-02-27 03:53:35,168 - INFO - CaseID:1051 - 整体结果: FAILED | 详情: 模型输出核心字段全为空，判定不通过
2026-02-27 03:53:39,168 - INFO - CaseID:1052 - QUERY字段：基础语义模糊匹配通过
2026-02-27 03:53:39,169 - INFO - CaseID:1052 - 整体结果: FAILED | 详情: APINAME不匹配：预期[visual_search]，实际[MEDIASearch]
2026-02-27 03:53:43,175 - INFO - CaseID:1053 - 整体结果: FAILED | 详情: APINAME不匹配：预期[visual_search]，实际[QASearch]; CATEGORY不匹配：一方为空 - 预期[]，实际[健康]; QUERY不匹配：基础语义模糊匹配失败 - 预期[他们这样做小孩会危险吗]，实际[常见的儿童危险行为]; TAG不匹配：一方为空 - 预期[]，实际[常见&儿童&危险行为]
2026-02-27 03:53:47,073 - INFO - CaseID:1054 - QUERY字段：基础语义模糊匹配通过
2026-02-27 03:53:47,074 - INFO - CaseID:1054 - 整体结果: PASS | 详情: 所有字段校验通过
2026-02-27 03:53:50,968 - INFO - CaseID:1055 - QUERY字段：基础语义模糊匹配通过
2026-02-27 03:53:50,968 - INFO - CaseID:1055 - 整体结果: PASS | 详情: 所有字段校验通过
2026-02-27 03:53:54,548 - INFO - CaseID:1056 - 整体结果: FAILED | 详情: APINAME不匹配：预期[visual_search]，实际[skill_search]; QUERY不匹配：基础语义模糊匹配失败 - 预期[这个小孩这样做有危险吗]，实际[小孩当前行为的具体描述和环境]
2026-02-27 03:53:54,549 - INFO - CaseID:1057 - 整体结果: FAILED | 详情: 模型输出核心字段全为空，判定不通过
2026-02-27 03:53:54,550 - INFO - CaseID:1058 - 整体结果: FAILED | 详情: 模型输出核心字段全为空，判定不通过
2026-02-27 03:53:58,567 - INFO - CaseID:1059 - QUERY字段：基础语义模糊匹配通过
2026-02-27 03:53:58,568 - INFO - CaseID:1059 - 整体结果: PASS | 详情: 所有字段校验通过
2026-02-27 03:54:02,309 - INFO - CaseID:1060 - QUERY字段：基础语义模糊匹配通过
2026-02-27 03:54:02,310 - INFO - CaseID:1060 - 整体结果: PASS | 详情: 所有字段校验通过
2026-02-27 03:54:02,311 - INFO - CaseID:1061 - 整体结果: FAILED | 详情: 模型输出核心字段全为空，判定不通过
2026-02-27 03:54:02,311 - INFO - CaseID:1062 - 整体结果: FAILED | 详情: 模型输出核心字段全为空，判定不通过
2026-02-27 03:54:06,245 - INFO - CaseID:1063 - QUERY字段：基础语义模糊匹配通过
2026-02-27 03:54:06,246 - INFO - CaseID:1063 - 整体结果: PASS | 详情: 所有字段校验通过
2026-02-27 03:54:14,095 - INFO - CaseID:1064 - QUERY字段：语义匹配失败，但visual_search链路意图匹配通过
2026-02-27 03:54:14,096 - INFO - CaseID:1064 - 整体结果: PASS | 详情: 所有字段校验通过
2026-02-27 03:54:18,052 - INFO - CaseID:1065 - 整体结果: FAILED | 详情: APINAME不匹配：预期[visual_search]，实际[QASearch]; CATEGORY不匹配：一方为空 - 预期[]，实际[地理通用]; QUERY不匹配：基础语义模糊匹配失败 - 预期[这是在赶海吗]，实际[赶海的定义]; TAG不匹配：一方为空 - 预期[]，实际[赶海&定义]
2026-02-27 03:54:18,052 - INFO - CaseID:1066 - 整体结果: FAILED | 详情: 模型输出核心字段全为空，判定不通过
2026-02-27 03:54:18,052 - INFO - CaseID:1067 - 整体结果: FAILED | 详情: 模型输出核心字段全为空，判定不通过
2026-02-27 03:54:22,017 - INFO - CaseID:1068 - QUERY字段：基础语义模糊匹配通过
2026-02-27 03:54:22,017 - INFO - CaseID:1068 - 整体结果: PASS | 详情: 所有字段校验通过
2026-02-27 03:54:22,017 - INFO - CaseID:1069 - 整体结果: FAILED | 详情: 模型输出核心字段全为空，判定不通过
2026-02-27 03:54:22,018 - INFO - CaseID:1070 - 整体结果: FAILED | 详情: 模型输出核心字段全为空，判定不通过
2026-02-27 03:54:29,752 - INFO - CaseID:1071 - QUERY字段：语义匹配失败，但visual_search链路意图匹配通过
2026-02-27 03:54:29,754 - INFO - CaseID:1071 - 整体结果: PASS | 详情: 所有字段校验通过
2026-02-27 03:54:37,496 - INFO - CaseID:1072 - QUERY字段：语义匹配失败，但visual_search链路意图匹配通过
2026-02-27 03:54:37,497 - INFO - CaseID:1072 - 整体结果: PASS | 详情: 所有字段校验通过
2026-02-27 03:54:37,497 - INFO - CaseID:1073 - 整体结果: FAILED | 详情: 模型输出核心字段全为空，判定不通过
2026-02-27 03:54:37,497 - INFO - CaseID:1074 - 整体结果: FAILED | 详情: 模型输出核心字段全为空，判定不通过
2026-02-27 03:54:37,498 - INFO - CaseID:1075 - 整体结果: FAILED | 详情: 模型输出核心字段全为空，判定不通过
2026-02-27 03:54:37,498 - INFO - CaseID:1076 - 整体结果: FAILED | 详情: 模型输出核心字段全为空，判定不通过
2026-02-27 03:54:41,490 - INFO - CaseID:1077 - QUERY字段：基础语义模糊匹配通过
2026-02-27 03:54:41,491 - INFO - CaseID:1077 - 整体结果: PASS | 详情: 所有字段校验通过
2026-02-27 03:54:45,392 - INFO - CaseID:1078 - 整体结果: FAILED | 详情: APINAME不匹配：预期[visual_search]，实际[skill_search]; QUERY不匹配：基础语义模糊匹配失败 - 预期[识别用户当前穿着的衣服款式、颜色、材质等特征]，实际[用户当前所穿衣服的材质厚度颜色和款式]
2026-02-27 03:54:52,951 - INFO - CaseID:1079 - QUERY字段：语义匹配失败，但visual_search链路意图匹配通过
2026-02-27 03:54:52,952 - INFO - CaseID:1079 - 整体结果: PASS | 详情: 所有字段校验通过
2026-02-27 03:54:56,660 - INFO - CaseID:1080 - QUERY字段：基础语义模糊匹配通过
2026-02-27 03:54:56,660 - INFO - CaseID:1080 - 整体结果: PASS | 详情: 所有字段校验通过
2026-02-27 03:54:56,661 - INFO - CaseID:1081 - CATEGORY字段：模型输出含「其他问答」，该字段通过
2026-02-27 03:55:00,639 - INFO - CaseID:1081 - 整体结果: FAILED | 详情: APINAME不匹配：预期[visual_search]，实际[QASearch]; QUERY不匹配：基础语义模糊匹配失败 - 预期[这衣服适合在酒会上穿不]，实际[酒会的着装要求]; TAG不匹配：一方为空 - 预期[]，实际[酒会&着装要求]
2026-02-27 03:55:04,633 - INFO - CaseID:1082 - QUERY字段：基础语义模糊匹配通过
2026-02-27 03:55:04,633 - INFO - CaseID:1082 - 整体结果: PASS | 详情: 所有字段校验通过
2026-02-27 03:55:09,389 - INFO - CaseID:1083 - QUERY字段：基础语义模糊匹配通过
2026-02-27 03:55:09,390 - INFO - CaseID:1083 - 整体结果: PASS | 详情: 所有字段校验通过
2026-02-27 03:55:09,390 - INFO - CaseID:1084 - 整体结果: FAILED | 详情: 模型输出核心字段全为空，判定不通过
2026-02-27 03:55:09,391 - INFO - CaseID:1085 - 整体结果: FAILED | 详情: 模型输出核心字段全为空，判定不通过
2026-02-27 03:55:17,213 - INFO - CaseID:1086 - QUERY字段：语义匹配失败，但visual_search链路意图匹配通过
2026-02-27 03:55:17,213 - INFO - CaseID:1086 - 整体结果: PASS | 详情: 所有字段校验通过
2026-02-27 03:55:21,633 - INFO - CaseID:1087 - QUERY字段：基础语义模糊匹配通过
2026-02-27 03:55:21,634 - INFO - CaseID:1087 - 整体结果: PASS | 详情: 所有字段校验通过
2026-02-27 03:55:21,634 - INFO - CaseID:1088 - 整体结果: FAILED | 详情: 模型输出核心字段全为空，判定不通过
2026-02-27 03:55:25,769 - INFO - CaseID:1089 - QUERY字段：基础语义模糊匹配通过
2026-02-27 03:55:25,770 - INFO - CaseID:1089 - 整体结果: PASS | 详情: 所有字段校验通过
2026-02-27 03:55:30,086 - INFO - CaseID:1090 - QUERY字段：基础语义模糊匹配通过
2026-02-27 03:55:30,086 - INFO - CaseID:1090 - 整体结果: PASS | 详情: 所有字段校验通过
2026-02-27 03:55:33,919 - INFO - CaseID:1091 - QUERY字段：基础语义模糊匹配通过
2026-02-27 03:55:33,920 - INFO - CaseID:1091 - 整体结果: PASS | 详情: 所有字段校验通过
2026-02-27 03:55:37,934 - INFO - CaseID:1092 - QUERY字段：基础语义模糊匹配通过
2026-02-27 03:55:37,935 - INFO - CaseID:1092 - 整体结果: PASS | 详情: 所有字段校验通过
2026-02-27 03:55:41,836 - INFO - CaseID:1093 - QUERY字段：基础语义模糊匹配通过
2026-02-27 03:55:41,836 - INFO - CaseID:1093 - 整体结果: PASS | 详情: 所有字段校验通过
2026-02-27 03:55:49,498 - INFO - CaseID:1094 - QUERY字段：语义匹配失败，但visual_search链路意图匹配通过
2026-02-27 03:55:49,500 - INFO - CaseID:1094 - 整体结果: PASS | 详情: 所有字段校验通过
2026-02-27 03:55:49,500 - INFO - CaseID:1095 - 整体结果: FAILED | 详情: 模型输出核心字段全为空，判定不通过
2026-02-27 03:55:57,329 - INFO - CaseID:1096 - QUERY字段：语义匹配失败，但visual_search链路意图匹配通过
2026-02-27 03:55:57,330 - INFO - CaseID:1096 - 整体结果: PASS | 详情: 所有字段校验通过
2026-02-27 03:55:57,330 - INFO - CaseID:1097 - 整体结果: FAILED | 详情: 模型输出核心字段全为空，判定不通过
2026-02-27 03:56:01,608 - INFO - CaseID:1098 - QUERY字段：基础语义模糊匹配通过
2026-02-27 03:56:01,610 - INFO - CaseID:1098 - 整体结果: PASS | 详情: 所有字段校验通过
2026-02-27 03:56:01,610 - INFO - CaseID:1099 - CATEGORY字段：模型输出含「其他问答」，该字段通过
2026-02-27 03:56:05,663 - INFO - CaseID:1099 - 整体结果: FAILED | 详情: APINAME不匹配：预期[visual_search]，实际[QASearch]; QUERY不匹配：基础语义模糊匹配失败 - 预期[这个麻辣小龙虾做的如何]，实际[麻辣小龙虾的制作方法]; TAG不匹配：一方为空 - 预期[]，实际[麻辣小龙虾&制作方法]
2026-02-27 03:56:13,158 - INFO - CaseID:1100 - QUERY字段：语义匹配失败，但visual_search链路意图匹配通过
2026-02-27 03:56:13,159 - INFO - CaseID:1100 - 整体结果: PASS | 详情: 所有字段校验通过
2026-02-27 03:56:17,048 - INFO - CaseID:1101 - QUERY字段：基础语义模糊匹配通过
2026-02-27 03:56:17,048 - INFO - CaseID:1101 - 整体结果: PASS | 详情: 所有字段校验通过
2026-02-27 03:56:17,049 - INFO - CaseID:1102 - 整体结果: FAILED | 详情: 模型输出核心字段全为空，判定不通过
2026-02-27 03:56:20,757 - INFO - CaseID:1103 - QUERY字段：基础语义模糊匹配通过
2026-02-27 03:56:20,758 - INFO - CaseID:1103 - 整体结果: PASS | 详情: 所有字段校验通过
2026-02-27 03:56:25,162 - INFO - CaseID:1104 - QUERY字段：基础语义模糊匹配通过
2026-02-27 03:56:25,163 - INFO - CaseID:1104 - 整体结果: PASS | 详情: 所有字段校验通过
2026-02-27 03:56:33,144 - INFO - CaseID:1105 - QUERY字段：语义匹配失败，但visual_search链路意图匹配通过
2026-02-27 03:56:33,144 - INFO - CaseID:1105 - 整体结果: PASS | 详情: 所有字段校验通过
2026-02-27 03:56:36,958 - INFO - CaseID:1106 - QUERY字段：基础语义模糊匹配通过
2026-02-27 03:56:36,958 - INFO - CaseID:1106 - 整体结果: PASS | 详情: 所有字段校验通过
2026-02-27 03:56:44,971 - INFO - CaseID:1107 - QUERY字段：语义匹配失败，但visual_search链路意图匹配通过
2026-02-27 03:56:44,972 - INFO - CaseID:1107 - 整体结果: PASS | 详情: 所有字段校验通过
2026-02-27 03:56:48,669 - INFO - CaseID:1108 - QUERY字段：基础语义模糊匹配通过
2026-02-27 03:56:48,669 - INFO - CaseID:1108 - 整体结果: PASS | 详情: 所有字段校验通过
2026-02-27 03:56:53,565 - INFO - CaseID:1109 - QUERY字段：基础语义模糊匹配通过
2026-02-27 03:56:53,565 - INFO - CaseID:1109 - 整体结果: PASS | 详情: 所有字段校验通过
2026-02-27 03:56:57,580 - INFO - CaseID:1110 - QUERY字段：基础语义模糊匹配通过
2026-02-27 03:56:57,581 - INFO - CaseID:1110 - 整体结果: PASS | 详情: 所有字段校验通过
2026-02-27 03:57:01,559 - INFO - CaseID:1111 - QUERY字段：基础语义模糊匹配通过
2026-02-27 03:57:01,559 - INFO - CaseID:1111 - 整体结果: PASS | 详情: 所有字段校验通过
2026-02-27 03:57:05,530 - INFO - CaseID:1112 - QUERY字段：基础语义模糊匹配通过
2026-02-27 03:57:05,531 - INFO - CaseID:1112 - 整体结果: PASS | 详情: 所有字段校验通过
2026-02-27 03:57:09,876 - INFO - CaseID:1113 - QUERY字段：基础语义模糊匹配通过
2026-02-27 03:57:09,877 - INFO - CaseID:1113 - 整体结果: PASS | 详情: 所有字段校验通过
2026-02-27 03:57:13,833 - INFO - CaseID:1114 - QUERY字段：基础语义模糊匹配通过
2026-02-27 03:57:13,834 - INFO - CaseID:1114 - 整体结果: PASS | 详情: 所有字段校验通过
2026-02-27 03:57:22,177 - INFO - CaseID:1115 - QUERY字段：语义匹配失败，但visual_search链路意图匹配通过
2026-02-27 03:57:22,177 - INFO - CaseID:1115 - 整体结果: PASS | 详情: 所有字段校验通过
2026-02-27 03:57:22,178 - INFO - CaseID:1116 - 整体结果: FAILED | 详情: 模型输出核心字段全为空，判定不通过
2026-02-27 03:57:22,178 - INFO - CaseID:1117 - 整体结果: FAILED | 详情: 模型输出核心字段全为空，判定不通过
2026-02-27 03:57:22,178 - INFO - CaseID:1118 - 整体结果: FAILED | 详情: 模型输出核心字段全为空，判定不通过
2026-02-27 03:57:22,179 - INFO - CaseID:1119 - 整体结果: FAILED | 详情: 模型输出核心字段全为空，判定不通过
2026-02-27 03:57:22,179 - INFO - CaseID:1120 - 整体结果: FAILED | 详情: 模型输出核心字段全为空，判定不通过
2026-02-27 03:57:22,179 - INFO - CaseID:1121 - 整体结果: FAILED | 详情: 模型输出核心字段全为空，判定不通过
2026-02-27 03:57:22,179 - INFO - CaseID:1122 - 整体结果: FAILED | 详情: 模型输出核心字段全为空，判定不通过
2026-02-27 03:57:22,180 - INFO - CaseID:1123 - 整体结果: FAILED | 详情: 模型输出核心字段全为空，判定不通过
2026-02-27 03:57:26,167 - INFO - CaseID:1124 - QUERY字段：基础语义模糊匹配通过
2026-02-27 03:57:26,167 - INFO - CaseID:1124 - 整体结果: PASS | 详情: 所有字段校验通过
2026-02-27 03:57:26,168 - INFO - CaseID:1125 - 整体结果: FAILED | 详情: 模型输出核心字段全为空，判定不通过
2026-02-27 03:57:30,143 - INFO - CaseID:1126 - QUERY字段：基础语义模糊匹配通过
2026-02-27 03:57:30,144 - INFO - CaseID:1126 - 整体结果: PASS | 详情: 所有字段校验通过
2026-02-27 03:57:34,681 - INFO - CaseID:1127 - QUERY字段：基础语义模糊匹配通过
2026-02-27 03:57:34,681 - INFO - CaseID:1127 - 整体结果: PASS | 详情: 所有字段校验通过
2026-02-27 03:57:38,729 - INFO - CaseID:1128 - QUERY字段：基础语义模糊匹配通过
2026-02-27 03:57:38,730 - INFO - CaseID:1128 - 整体结果: PASS | 详情: 所有字段校验通过
2026-02-27 03:57:46,349 - INFO - CaseID:1129 - QUERY字段：语义匹配失败，但visual_search链路意图匹配通过
2026-02-27 03:57:46,350 - INFO - CaseID:1129 - 整体结果: PASS | 详情: 所有字段校验通过
2026-02-27 03:57:50,237 - INFO - CaseID:1130 - QUERY字段：基础语义模糊匹配通过
2026-02-27 03:57:50,237 - INFO - CaseID:1130 - 整体结果: PASS | 详情: 所有字段校验通过
2026-02-27 03:57:50,238 - INFO - CaseID:1131 - 整体结果: FAILED | 详情: 模型输出核心字段全为空，判定不通过
2026-02-27 03:57:54,427 - INFO - CaseID:1132 - QUERY字段：基础语义模糊匹配通过
2026-02-27 03:57:54,427 - INFO - CaseID:1132 - 整体结果: PASS | 详情: 所有字段校验通过
2026-02-27 03:57:59,011 - INFO - CaseID:1133 - QUERY字段：基础语义模糊匹配通过
2026-02-27 03:57:59,011 - INFO - CaseID:1133 - 整体结果: PASS | 详情: 所有字段校验通过
2026-02-27 03:58:03,221 - INFO - CaseID:1134 - QUERY字段：基础语义模糊匹配通过
2026-02-27 03:58:03,222 - INFO - CaseID:1134 - 整体结果: PASS | 详情: 所有字段校验通过
2026-02-27 03:58:07,293 - INFO - CaseID:1135 - QUERY字段：基础语义模糊匹配通过
2026-02-27 03:58:07,294 - INFO - CaseID:1135 - 整体结果: PASS | 详情: 所有字段校验通过
2026-02-27 03:58:07,294 - INFO - CaseID:1136 - 整体结果: FAILED | 详情: 模型输出核心字段全为空，判定不通过
2026-02-27 03:58:11,240 - INFO - CaseID:1137 - QUERY字段：基础语义模糊匹配通过
2026-02-27 03:58:11,241 - INFO - CaseID:1137 - 整体结果: PASS | 详情: 所有字段校验通过
2026-02-27 03:58:11,241 - INFO - CaseID:1138 - 整体结果: FAILED | 详情: 模型输出核心字段全为空，判定不通过
2026-02-27 03:58:15,048 - INFO - CaseID:1139 - QUERY字段：基础语义模糊匹配通过
2026-02-27 03:58:15,049 - INFO - CaseID:1139 - 整体结果: PASS | 详情: 所有字段校验通过
2026-02-27 03:58:15,049 - INFO - CaseID:1140 - 整体结果: FAILED | 详情: 模型输出核心字段全为空，判定不通过
2026-02-27 03:58:15,049 - INFO - CaseID:1141 - 整体结果: FAILED | 详情: 模型输出核心字段全为空，判定不通过
2026-02-27 03:58:15,050 - INFO - CaseID:1142 - 整体结果: FAILED | 详情: 模型输出核心字段全为空，判定不通过
2026-02-27 03:58:19,347 - INFO - CaseID:1143 - QUERY字段：基础语义模糊匹配通过
2026-02-27 03:58:19,348 - INFO - CaseID:1143 - 整体结果: PASS | 详情: 所有字段校验通过
2026-02-27 03:58:23,243 - INFO - CaseID:1144 - QUERY字段：基础语义模糊匹配通过
2026-02-27 03:58:23,244 - INFO - CaseID:1144 - 整体结果: PASS | 详情: 所有字段校验通过
2026-02-27 03:58:28,403 - INFO - CaseID:1145 - QUERY字段：基础语义模糊匹配通过
2026-02-27 03:58:28,403 - INFO - CaseID:1145 - 整体结果: PASS | 详情: 所有字段校验通过
2026-02-27 03:58:28,404 - INFO - CaseID:1146 - CATEGORY字段：模型输出含「其他问答」，该字段通过
2026-02-27 03:58:33,282 - INFO - CaseID:1146 - 整体结果: FAILED | 详情: APINAME不匹配：预期[visual_search]，实际[QASearch]; QUERY不匹配：基础语义模糊匹配失败 - 预期[识别当前摄像头画面中的物品]，实际[数码店通常销售的产品类型]; TAG不匹配：一方为空 - 预期[]，实际[数码店&通常销售&产品类型]
2026-02-27 03:58:37,239 - INFO - CaseID:1147 - QUERY字段：基础语义模糊匹配通过
2026-02-27 03:58:37,239 - INFO - CaseID:1147 - 整体结果: PASS | 详情: 所有字段校验通过
2026-02-27 03:58:41,640 - INFO - CaseID:1148 - QUERY字段：基础语义模糊匹配通过
2026-02-27 03:58:41,641 - INFO - CaseID:1148 - 整体结果: PASS | 详情: 所有字段校验通过
2026-02-27 03:58:41,641 - INFO - CaseID:1149 - 整体结果: FAILED | 详情: 模型输出核心字段全为空，判定不通过
2026-02-27 03:58:49,561 - INFO - CaseID:1150 - QUERY字段：语义匹配失败，但visual_search链路意图匹配通过
2026-02-27 03:58:49,562 - INFO - CaseID:1150 - 整体结果: PASS | 详情: 所有字段校验通过
2026-02-27 03:58:49,563 - INFO - CaseID:1151 - CATEGORY字段：模型输出含「其他问答」，该字段通过
2026-02-27 03:58:53,405 - INFO - CaseID:1151 - 整体结果: FAILED | 详情: APINAME不匹配：预期[visual_search]，实际[QASearch]; QUERY不匹配：基础语义模糊匹配失败 - 预期[这个是不是机械表呀]，实际[机械表的定义和特征]; TAG不匹配：一方为空 - 预期[]，实际[机械表&定义&特征]
2026-02-27 03:58:58,301 - INFO - CaseID:1152 - QUERY字段：基础语义模糊匹配通过
2026-02-27 03:58:58,302 - INFO - CaseID:1152 - 整体结果: PASS | 详情: 所有字段校验通过
2026-02-27 03:59:02,510 - INFO - CaseID:1153 - QUERY字段：基础语义模糊匹配通过
2026-02-27 03:59:02,511 - INFO - CaseID:1153 - 整体结果: PASS | 详情: 所有字段校验通过
2026-02-27 03:59:06,483 - INFO - CaseID:1154 - QUERY字段：基础语义模糊匹配通过
2026-02-27 03:59:06,483 - INFO - CaseID:1154 - 整体结果: PASS | 详情: 所有字段校验通过
2026-02-27 03:59:15,232 - INFO - CaseID:1155 - QUERY字段：语义匹配失败，但visual_search链路意图匹配通过
2026-02-27 03:59:15,233 - INFO - CaseID:1155 - 整体结果: PASS | 详情: 所有字段校验通过
2026-02-27 03:59:15,233 - INFO - CaseID:1156 - 整体结果: FAILED | 详情: 模型输出核心字段全为空，判定不通过
2026-02-27 03:59:15,234 - INFO - CaseID:1157 - 整体结果: FAILED | 详情: 模型输出核心字段全为空，判定不通过
2026-02-27 03:59:15,234 - INFO - CaseID:1158 - 整体结果: FAILED | 详情: 模型输出核心字段全为空，判定不通过
2026-02-27 03:59:19,557 - INFO - CaseID:1159 - QUERY字段：基础语义模糊匹配通过
2026-02-27 03:59:19,558 - INFO - CaseID:1159 - 整体结果: PASS | 详情: 所有字段校验通过
2026-02-27 03:59:23,544 - INFO - CaseID:1160 - QUERY字段：基础语义模糊匹配通过
2026-02-27 03:59:23,545 - INFO - CaseID:1160 - 整体结果: PASS | 详情: 所有字段校验通过
2026-02-27 03:59:27,905 - INFO - CaseID:1161 - QUERY字段：基础语义模糊匹配通过
2026-02-27 03:59:27,905 - INFO - CaseID:1161 - 整体结果: PASS | 详情: 所有字段校验通过
2026-02-27 03:59:31,836 - INFO - CaseID:1162 - QUERY字段：基础语义模糊匹配通过
2026-02-27 03:59:31,837 - INFO - CaseID:1162 - 整体结果: PASS | 详情: 所有字段校验通过
2026-02-27 03:59:35,829 - INFO - CaseID:1163 - 整体结果: FAILED | 详情: APINAME不匹配：预期[visual_search]，实际[AUTOSearch]; CATEGORY不匹配：一方为空 - 预期[]，实际[汽车]; QUERY不匹配：基础语义模糊匹配失败 - 预期[识别当前摄像头画面中的物品]，实际[用户提到的它具体指什么产品]; TAG不匹配：一方为空 - 预期[]，实际[用户提到的它具体指什么产品]
2026-02-27 03:59:39,781 - INFO - CaseID:1164 - QUERY字段：基础语义模糊匹配通过
2026-02-27 03:59:39,781 - INFO - CaseID:1164 - 整体结果: PASS | 详情: 所有字段校验通过
2026-02-27 03:59:43,412 - INFO - CaseID:1165 - QUERY字段：基础语义模糊匹配通过
2026-02-27 03:59:43,413 - INFO - CaseID:1165 - 整体结果: PASS | 详情: 所有字段校验通过
2026-02-27 03:59:51,644 - INFO - CaseID:1166 - QUERY字段：语义匹配失败，但visual_search链路意图匹配通过
2026-02-27 03:59:51,645 - INFO - CaseID:1166 - 整体结果: PASS | 详情: 所有字段校验通过
2026-02-27 03:59:55,557 - INFO - CaseID:1167 - QUERY字段：基础语义模糊匹配通过
2026-02-27 03:59:55,558 - INFO - CaseID:1167 - 整体结果: PASS | 详情: 所有字段校验通过
2026-02-27 03:59:55,558 - INFO - CaseID:1168 - 整体结果: FAILED | 详情: 模型输出核心字段全为空，判定不通过
2026-02-27 03:59:55,558 - INFO - CaseID:1169 - CATEGORY字段：模型输出含「其他问答」，该字段通过
2026-02-27 03:59:59,934 - INFO - CaseID:1169 - 整体结果: FAILED | 详情: APINAME不匹配：预期[visual_search]，实际[QASearch]; QUERY不匹配：基础语义模糊匹配失败 - 预期[这个到底是不是拍立得]，实际[用户所指物品的具体信息或图片]; TAG不匹配：一方为空 - 预期[]，实际[用户所指物品&具体信息&图片]
2026-02-27 04:00:08,362 - INFO - CaseID:1170 - QUERY字段：语义匹配失败，但visual_search链路意图匹配通过
2026-02-27 04:00:08,362 - INFO - CaseID:1170 - 整体结果: PASS | 详情: 所有字段校验通过
2026-02-27 04:00:16,932 - INFO - CaseID:1171 - QUERY字段：语义匹配失败，但visual_search链路意图匹配通过
2026-02-27 04:00:16,932 - INFO - CaseID:1171 - 整体结果: PASS | 详情: 所有字段校验通过
2026-02-27 04:00:25,525 - INFO - CaseID:1172 - QUERY字段：语义匹配失败，但visual_search链路意图匹配通过
2026-02-27 04:00:25,526 - INFO - CaseID:1172 - 整体结果: PASS | 详情: 所有字段校验通过
2026-02-27 04:00:29,314 - INFO - CaseID:1173 - QUERY字段：基础语义模糊匹配通过
2026-02-27 04:00:29,315 - INFO - CaseID:1173 - 整体结果: PASS | 详情: 所有字段校验通过
2026-02-27 04:00:33,392 - INFO - CaseID:1174 - QUERY字段：基础语义模糊匹配通过
2026-02-27 04:00:33,392 - INFO - CaseID:1174 - 整体结果: PASS | 详情: 所有字段校验通过
2026-02-27 04:00:37,333 - INFO - CaseID:1175 - 整体结果: FAILED | 详情: APINAME不匹配：预期[visual_search]，实际[skill_search]; QUERY不匹配：基础语义模糊匹配失败 - 预期[识别当前摄像头画面中的物品或商品]，实际[理想同学是否可以在线下购买到]
2026-02-27 04:00:41,091 - INFO - CaseID:1176 - QUERY字段：基础语义模糊匹配通过
2026-02-27 04:00:41,092 - INFO - CaseID:1176 - 整体结果: PASS | 详情: 所有字段校验通过
2026-02-27 04:00:41,092 - INFO - CaseID:1177 - 整体结果: FAILED | 详情: 模型输出核心字段全为空，判定不通过
2026-02-27 04:00:45,487 - INFO - CaseID:1178 - QUERY字段：基础语义模糊匹配通过
2026-02-27 04:00:45,487 - INFO - CaseID:1178 - 整体结果: PASS | 详情: 所有字段校验通过
2026-02-27 04:00:53,324 - INFO - CaseID:1179 - 整体结果: FAILED | 详情: QUERY不匹配：语义和visual_search链路意图均不一致 - 预期[识别当前摄像头画面中的相机品牌和型号]，实际[这个相机新的大概什么价钱]
2026-02-27 04:00:57,285 - INFO - CaseID:1180 - QUERY字段：基础语义模糊匹配通过
2026-02-27 04:00:57,285 - INFO - CaseID:1180 - 整体结果: PASS | 详情: 所有字段校验通过
2026-02-27 04:01:05,081 - INFO - CaseID:1181 - QUERY字段：语义匹配失败，但visual_search链路意图匹配通过
2026-02-27 04:01:05,082 - INFO - CaseID:1181 - 整体结果: PASS | 详情: 所有字段校验通过
2026-02-27 04:01:05,083 - INFO - CaseID:1182 - 整体结果: FAILED | 详情: 模型输出核心字段全为空，判定不通过
2026-02-27 04:01:08,946 - INFO - CaseID:1183 - QUERY字段：基础语义模糊匹配通过
2026-02-27 04:01:08,947 - INFO - CaseID:1183 - 整体结果: PASS | 详情: 所有字段校验通过
2026-02-27 04:01:08,947 - INFO - CaseID:1184 - CATEGORY字段：模型输出含「其他问答」，该字段通过
2026-02-27 04:01:13,619 - INFO - CaseID:1184 - QUERY字段：基础语义模糊匹配通过
2026-02-27 04:01:13,620 - INFO - CaseID:1184 - 整体结果: FAILED | 详情: APINAME不匹配：预期[visual_search]，实际[QASearch]; TAG不匹配：一方为空 - 预期[]，实际[索尼&小相机&型号]
2026-02-27 04:01:17,579 - INFO - CaseID:1185 - QUERY字段：基础语义模糊匹配通过
2026-02-27 04:01:17,579 - INFO - CaseID:1185 - 整体结果: PASS | 详情: 所有字段校验通过
2026-02-27 04:01:22,379 - INFO - CaseID:1186 - QUERY字段：基础语义模糊匹配通过
2026-02-27 04:01:22,379 - INFO - CaseID:1186 - 整体结果: PASS | 详情: 所有字段校验通过
2026-02-27 04:01:26,376 - INFO - CaseID:1187 - 整体结果: FAILED | 详情: APINAME不匹配：预期[visual_search]，实际[AUTOSearch]; CATEGORY不匹配：一方为空 - 预期[]，实际[汽车]; QUERY不匹配：基础语义模糊匹配失败 - 预期[这个是线控耳机吗]，实际[线控耳机的定义和特征]; TAG不匹配：一方为空 - 预期[]，实际[线控耳机&定义&特征]
2026-02-27 04:01:26,377 - INFO - CaseID:1188 - CATEGORY字段：模型输出含「其他问答」，该字段通过
2026-02-27 04:01:30,173 - INFO - CaseID:1188 - 整体结果: FAILED | 详情: APINAME不匹配：预期[visual_search]，实际[QASearch]; QUERY不匹配：基础语义模糊匹配失败 - 预期[识别当前摄像头画面中的耳机品牌和型号]，实际[常见耳机与电脑连接方式]; TAG不匹配：一方为空 - 预期[]，实际[常见耳机&电脑&连接方式]
2026-02-27 04:01:34,137 - INFO - CaseID:1189 - QUERY字段：基础语义模糊匹配通过
2026-02-27 04:01:34,138 - INFO - CaseID:1189 - 整体结果: PASS | 详情: 所有字段校验通过
2026-02-27 04:01:34,138 - INFO - CaseID:1190 - 整体结果: FAILED | 详情: 模型输出核心字段全为空，判定不通过
2026-02-27 04:01:34,138 - INFO - CaseID:1191 - 整体结果: FAILED | 详情: 模型输出核心字段全为空，判定不通过
2026-02-27 04:01:37,958 - INFO - CaseID:1192 - QUERY字段：基础语义模糊匹配通过
2026-02-27 04:01:37,959 - INFO - CaseID:1192 - 整体结果: PASS | 详情: 所有字段校验通过
2026-02-27 04:01:41,947 - INFO - CaseID:1193 - QUERY字段：基础语义模糊匹配通过
2026-02-27 04:01:41,948 - INFO - CaseID:1193 - 整体结果: PASS | 详情: 所有字段校验通过
2026-02-27 04:01:45,941 - INFO - CaseID:1194 - QUERY字段：基础语义模糊匹配通过
2026-02-27 04:01:45,942 - INFO - CaseID:1194 - 整体结果: PASS | 详情: 所有字段校验通过
2026-02-27 04:01:49,916 - INFO - CaseID:1195 - 整体结果: FAILED | 详情: APINAME不匹配：预期[visual_search]，实际[worthbuy]; CATEGORY不匹配：一方为空 - 预期[]，实际[商品推荐]; QUERY不匹配：基础语义模糊匹配失败 - 预期[识别当前摄像头画面中的有线耳机品牌和型号]，实际[常见有线耳机的线上购买渠道]; TAG不匹配：一方为空 - 预期[]，实际[常见&有线耳机&线上购买渠道]
2026-02-27 04:01:53,917 - INFO - CaseID:1196 - QUERY字段：基础语义模糊匹配通过
2026-02-27 04:01:53,918 - INFO - CaseID:1196 - 整体结果: PASS | 详情: 所有字段校验通过
2026-02-27 04:01:58,024 - INFO - CaseID:1197 - QUERY字段：基础语义模糊匹配通过
2026-02-27 04:01:58,024 - INFO - CaseID:1197 - 整体结果: PASS | 详情: 所有字段校验通过
2026-02-27 04:02:02,086 - INFO - CaseID:1198 - 整体结果: FAILED | 详情: APINAME不匹配：预期[visual_search]，实际[AUTOSearch]; CATEGORY不匹配：一方为空 - 预期[]，实际[汽车]; QUERY不匹配：基础语义模糊匹配失败 - 预期[这东西数码城卖吗]，实际[这东西具体是什么产品]; TAG不匹配：一方为空 - 预期[]，实际[这东西&具体&产品]
2026-02-27 04:02:10,312 - INFO - CaseID:1199 - QUERY字段：语义匹配失败，但visual_search链路意图匹配通过
2026-02-27 04:02:10,314 - INFO - CaseID:1199 - 整体结果: PASS | 详情: 所有字段校验通过
2026-02-27 04:02:10,314 - INFO - CaseID:1200 - 整体结果: FAILED | 详情: 模型输出核心字段全为空，判定不通过
2026-02-27 04:02:10,314 - INFO - 已处理1200/2393条用例，当前通过数：802（66.83%）
2026-02-27 04:02:20,766 - INFO - CaseID:1201 - QUERY字段：语义匹配失败，但visual_search链路意图匹配通过
2026-02-27 04:02:20,767 - INFO - CaseID:1201 - 整体结果: PASS | 详情: 所有字段校验通过
2026-02-27 04:02:24,670 - INFO - CaseID:1202 - QUERY字段：基础语义模糊匹配通过
2026-02-27 04:02:24,671 - INFO - CaseID:1202 - 整体结果: PASS | 详情: 所有字段校验通过
2026-02-27 04:02:28,938 - INFO - CaseID:1203 - QUERY字段：基础语义模糊匹配通过
2026-02-27 04:02:28,938 - INFO - CaseID:1203 - 整体结果: PASS | 详情: 所有字段校验通过
2026-02-27 04:02:32,888 - INFO - CaseID:1204 - 整体结果: FAILED | 详情: APINAME不匹配：预期[visual_search]，实际[AUTOSearch]; CATEGORY不匹配：一方为空 - 预期[]，实际[汽车]; QUERY不匹配：基础语义模糊匹配失败 - 预期[识别当前摄像头画面中的音响品牌和型号]，实际[用户提到的音响品牌和型号]; TAG不匹配：一方为空 - 预期[]，实际[用户&提到&音响品牌&型号]
2026-02-27 04:02:36,443 - INFO - CaseID:1205 - QUERY字段：基础语义模糊匹配通过
2026-02-27 04:02:36,443 - INFO - CaseID:1205 - 整体结果: PASS | 详情: 所有字段校验通过
2026-02-27 04:02:40,394 - INFO - CaseID:1206 - QUERY字段：基础语义模糊匹配通过
2026-02-27 04:02:40,395 - INFO - CaseID:1206 - 整体结果: PASS | 详情: 所有字段校验通过
2026-02-27 04:02:44,280 - INFO - CaseID:1207 - QUERY字段：基础语义模糊匹配通过
2026-02-27 04:02:44,282 - INFO - CaseID:1207 - 整体结果: PASS | 详情: 所有字段校验通过
2026-02-27 04:02:52,807 - INFO - CaseID:1208 - QUERY字段：语义匹配失败，但visual_search链路意图匹配通过
2026-02-27 04:02:52,808 - INFO - CaseID:1208 - 整体结果: PASS | 详情: 所有字段校验通过
2026-02-27 04:02:57,014 - INFO - CaseID:1209 - QUERY字段：基础语义模糊匹配通过
2026-02-27 04:02:57,014 - INFO - CaseID:1209 - 整体结果: PASS | 详情: 所有字段校验通过
2026-02-27 04:03:00,850 - INFO - CaseID:1210 - QUERY字段：基础语义模糊匹配通过
2026-02-27 04:03:00,850 - INFO - CaseID:1210 - 整体结果: PASS | 详情: 所有字段校验通过
2026-02-27 04:03:08,720 - INFO - CaseID:1211 - QUERY字段：语义匹配失败，但visual_search链路意图匹配通过
2026-02-27 04:03:08,721 - INFO - CaseID:1211 - 整体结果: PASS | 详情: 所有字段校验通过
2026-02-27 04:03:13,088 - INFO - CaseID:1212 - QUERY字段：基础语义模糊匹配通过
2026-02-27 04:03:13,089 - INFO - CaseID:1212 - 整体结果: PASS | 详情: 所有字段校验通过
2026-02-27 04:03:21,071 - INFO - CaseID:1213 - 整体结果: FAILED | 详情: QUERY不匹配：语义和visual_search链路意图均不一致 - 预期[识别当前摄像头画面中的设备（如打印机）型号或品牌]，实际[它可以打印彩色文档吗]
2026-02-27 04:03:21,072 - INFO - CaseID:1214 - 整体结果: FAILED | 详情: 模型输出核心字段全为空，判定不通过
2026-02-27 04:03:29,087 - INFO - CaseID:1215 - 整体结果: FAILED | 详情: QUERY不匹配：语义和visual_search链路意图均不一致 - 预期[识别当前摄像头画面中的设备或物品]，实际[这个可以远程使用吗]
2026-02-27 04:03:32,872 - INFO - CaseID:1216 - QUERY字段：基础语义模糊匹配通过
2026-02-27 04:03:32,872 - INFO - CaseID:1216 - 整体结果: PASS | 详情: 所有字段校验通过
2026-02-27 04:03:32,872 - INFO - CaseID:1217 - 整体结果: FAILED | 详情: 模型输出核心字段全为空，判定不通过
2026-02-27 04:03:32,873 - INFO - CaseID:1218 - 整体结果: FAILED | 详情: 模型输出核心字段全为空，判定不通过
2026-02-27 04:03:37,473 - INFO - CaseID:1219 - QUERY字段：基础语义模糊匹配通过
2026-02-27 04:03:37,474 - INFO - CaseID:1219 - 整体结果: PASS | 详情: 所有字段校验通过
2026-02-27 04:03:41,448 - INFO - CaseID:1220 - QUERY字段：基础语义模糊匹配通过
2026-02-27 04:03:41,449 - INFO - CaseID:1220 - 整体结果: PASS | 详情: 所有字段校验通过
2026-02-27 04:03:45,300 - INFO - CaseID:1221 - QUERY字段：基础语义模糊匹配通过
2026-02-27 04:03:45,301 - INFO - CaseID:1221 - 整体结果: PASS | 详情: 所有字段校验通过
2026-02-27 04:03:49,230 - INFO - CaseID:1222 - QUERY字段：基础语义模糊匹配通过
2026-02-27 04:03:49,230 - INFO - CaseID:1222 - 整体结果: PASS | 详情: 所有字段校验通过
2026-02-27 04:03:53,326 - INFO - CaseID:1223 - QUERY字段：基础语义模糊匹配通过
2026-02-27 04:03:53,327 - INFO - CaseID:1223 - 整体结果: PASS | 详情: 所有字段校验通过
2026-02-27 04:03:57,331 - INFO - CaseID:1224 - QUERY字段：基础语义模糊匹配通过
2026-02-27 04:03:57,331 - INFO - CaseID:1224 - 整体结果: PASS | 详情: 所有字段校验通过
2026-02-27 04:04:01,315 - INFO - CaseID:1225 - QUERY字段：基础语义模糊匹配通过
2026-02-27 04:04:01,317 - INFO - CaseID:1225 - 整体结果: PASS | 详情: 所有字段校验通过
2026-02-27 04:04:01,317 - INFO - CaseID:1226 - 整体结果: FAILED | 详情: 模型输出核心字段全为空，判定不通过
2026-02-27 04:04:06,087 - INFO - CaseID:1227 - QUERY字段：基础语义模糊匹配通过
2026-02-27 04:04:06,087 - INFO - CaseID:1227 - 整体结果: FAILED | 详情: APINAME不匹配：预期[visual_search]，实际[skill_search]
2026-02-27 04:04:06,088 - INFO - CaseID:1228 - 整体结果: FAILED | 详情: 模型输出核心字段全为空，判定不通过
2026-02-27 04:04:10,124 - INFO - CaseID:1229 - QUERY字段：基础语义模糊匹配通过
2026-02-27 04:04:10,124 - INFO - CaseID:1229 - 整体结果: PASS | 详情: 所有字段校验通过
2026-02-27 04:04:14,008 - INFO - CaseID:1230 - QUERY字段：基础语义模糊匹配通过
2026-02-27 04:04:14,008 - INFO - CaseID:1230 - 整体结果: PASS | 详情: 所有字段校验通过
2026-02-27 04:04:18,004 - INFO - CaseID:1231 - QUERY字段：基础语义模糊匹配通过
2026-02-27 04:04:18,004 - INFO - CaseID:1231 - 整体结果: PASS | 详情: 所有字段校验通过
2026-02-27 04:04:21,727 - INFO - CaseID:1232 - QUERY字段：基础语义模糊匹配通过
2026-02-27 04:04:21,728 - INFO - CaseID:1232 - 整体结果: PASS | 详情: 所有字段校验通过
2026-02-27 04:04:29,406 - INFO - CaseID:1233 - QUERY字段：语义匹配失败，但visual_search链路意图匹配通过
2026-02-27 04:04:29,406 - INFO - CaseID:1233 - 整体结果: PASS | 详情: 所有字段校验通过
2026-02-27 04:04:33,325 - INFO - CaseID:1234 - QUERY字段：基础语义模糊匹配通过
2026-02-27 04:04:33,325 - INFO - CaseID:1234 - 整体结果: PASS | 详情: 所有字段校验通过
2026-02-27 04:04:33,326 - INFO - CaseID:1235 - CATEGORY字段：模型输出含「其他问答」，该字段通过
2026-02-27 04:04:37,359 - INFO - CaseID:1235 - QUERY字段：基础语义模糊匹配通过
2026-02-27 04:04:37,359 - INFO - CaseID:1235 - 整体结果: FAILED | 详情: APINAME不匹配：预期[visual_search]，实际[QASearch]; TAG不匹配：一方为空 - 预期[]，实际[书法&显著特征]
2026-02-27 04:04:37,360 - INFO - CaseID:1236 - CATEGORY字段：模型输出含「其他问答」，该字段通过
2026-02-27 04:04:41,281 - INFO - CaseID:1236 - 整体结果: FAILED | 详情: APINAME不匹配：预期[visual_search]，实际[QASearch]; QUERY不匹配：基础语义模糊匹配失败 - 预期[这本书的封面或内容图片是什么？]，实际[书法艺术的主要特点]; TAG不匹配：一方为空 - 预期[]，实际[书法艺术&主要特点]
2026-02-27 04:04:45,093 - INFO - CaseID:1237 - 整体结果: FAILED | 详情: APINAME不匹配：预期[visual_search]，实际[QASearch]; CATEGORY不匹配：一方为空 - 预期[]，实际[文学]; QUERY不匹配：基础语义模糊匹配失败 - 预期[这本书法有什么与众不同的地方]，实际[这本书法指的是哪本书的书法或书写方法]; TAG不匹配：一方为空 - 预期[]，实际[这本书法&指的&书&书法&书写方法]
2026-02-27 04:04:48,755 - INFO - CaseID:1238 - QUERY字段：基础语义模糊匹配通过
2026-02-27 04:04:48,756 - INFO - CaseID:1238 - 整体结果: PASS | 详情: 所有字段校验通过
2026-02-27 04:04:48,756 - INFO - CaseID:1239 - CATEGORY字段：模型输出含「其他问答」，该字段通过
2026-02-27 04:04:52,659 - INFO - CaseID:1239 - 整体结果: FAILED | 详情: APINAME不匹配：预期[visual_search]，实际[QASearch]; QUERY不匹配：基础语义模糊匹配失败 - 预期[这书法的独特之处在哪里]，实际[书法艺术的独特之处通常体现在哪些方面]; TAG不匹配：一方为空 - 预期[]，实际[书法艺术&独特之处&方面&时效性]
2026-02-27 04:04:52,660 - INFO - CaseID:1240 - CATEGORY字段：模型输出含「其他问答」，该字段通过
2026-02-27 04:04:56,508 - INFO - CaseID:1240 - 整体结果: FAILED | 详情: APINAME不匹配：预期[visual_search]，实际[QASearch]; QUERY不匹配：基础语义模糊匹配失败 - 预期[这幅书法有没有什么特别之处]，实际[书法艺术的特别之处通常体现在哪些方面]; TAG不匹配：一方为空 - 预期[]，实际[书法艺术&特别之处&体现方面&时效性]
2026-02-27 04:05:00,604 - INFO - CaseID:1241 - QUERY字段：基础语义模糊匹配通过
2026-02-27 04:05:00,605 - INFO - CaseID:1241 - 整体结果: PASS | 详情: 所有字段校验通过
2026-02-27 04:05:00,605 - INFO - CaseID:1242 - CATEGORY字段：模型输出含「其他问答」，该字段通过
2026-02-27 04:05:04,903 - INFO - CaseID:1242 - QUERY字段：基础语义模糊匹配通过
2026-02-27 04:05:04,903 - INFO - CaseID:1242 - 整体结果: FAILED | 详情: APINAME不匹配：预期[visual_search]，实际[QASearch]; TAG不匹配：一方为空 - 预期[]，实际[书法艺术&给人&特殊感受]
2026-02-27 04:05:12,829 - INFO - CaseID:1243 - 整体结果: FAILED | 详情: QUERY不匹配：语义和visual_search链路意图均不一致 - 预期[你觉得这个写得好不好]，实际[请展示需要评价的文本内容]
2026-02-27 04:05:12,830 - INFO - CaseID:1244 - 整体结果: FAILED | 详情: 模型输出核心字段全为空，判定不通过
2026-02-27 04:05:12,830 - INFO - CaseID:1245 - 整体结果: FAILED | 详情: 模型输出核心字段全为空，判定不通过
2026-02-27 04:05:12,830 - INFO - CaseID:1246 - 整体结果: FAILED | 详情: 模型输出核心字段全为空，判定不通过
2026-02-27 04:05:20,419 - INFO - CaseID:1247 - QUERY字段：语义匹配失败，但visual_search链路意图匹配通过
2026-02-27 04:05:20,420 - INFO - CaseID:1247 - 整体结果: PASS | 详情: 所有字段校验通过
2026-02-27 04:05:20,420 - INFO - CaseID:1248 - 整体结果: FAILED | 详情: 模型输出核心字段全为空，判定不通过
2026-02-27 04:05:20,420 - INFO - CaseID:1249 - 整体结果: FAILED | 详情: 模型输出核心字段全为空，判定不通过
2026-02-27 04:05:20,421 - INFO - CaseID:1250 - 整体结果: FAILED | 详情: 模型输出核心字段全为空，判定不通过
2026-02-27 04:05:20,421 - INFO - CaseID:1251 - 整体结果: FAILED | 详情: 模型输出核心字段全为空，判定不通过
2026-02-27 04:05:20,421 - INFO - CaseID:1252 - 整体结果: FAILED | 详情: 模型输出核心字段全为空，判定不通过
2026-02-27 04:05:20,421 - INFO - CaseID:1253 - 整体结果: FAILED | 详情: 模型输出核心字段全为空，判定不通过
2026-02-27 04:05:20,421 - INFO - CaseID:1254 - 整体结果: FAILED | 详情: 模型输出核心字段全为空，判定不通过
2026-02-27 04:05:24,132 - INFO - CaseID:1255 - 整体结果: FAILED | 详情: APINAME不匹配：预期[visual_search]，实际[QASearch]; CATEGORY不匹配：一方为空 - 预期[]，实际[文学]; QUERY不匹配：基础语义模糊匹配失败 - 预期[这篇章写得好不好]，实际[用户提到的这篇章具体指哪篇文章或文本内容]; TAG不匹配：一方为空 - 预期[]，实际[用户提到&这篇章&具体指&文章&文本内容]
2026-02-27 04:05:32,297 - INFO - CaseID:1256 - 整体结果: FAILED | 详情: QUERY不匹配：语义和visual_search链路意图均不一致 - 预期[这写得你觉得行不行]，实际[请展示当前需要评价的文本内容]
2026-02-27 04:05:32,297 - INFO - CaseID:1257 - CATEGORY字段：模型输出含「其他问答」，该字段通过
2026-02-27 04:05:36,169 - INFO - CaseID:1257 - 整体结果: FAILED | 详情: APINAME不匹配：预期[visual_search]，实际[QASearch]; QUERY不匹配：基础语义模糊匹配失败 - 预期[这写得有说服力吗]，实际[评估文本的说服力标准的方法]; TAG不匹配：一方为空 - 预期[]，实际[评估&文本&说服力标准&方法]
2026-02-27 04:05:36,169 - INFO - CaseID:1258 - 整体结果: FAILED | 详情: 模型输出核心字段全为空，判定不通过
2026-02-27 04:05:39,990 - INFO - CaseID:1259 - 整体结果: FAILED | 详情: APINAME不匹配：预期[visual_search]，实际[QASearch]; CATEGORY不匹配：一方为空 - 预期[]，实际[音乐]; QUERY不匹配：基础语义模糊匹配失败 - 预期[这个作品写得好不好]，实际[这个作品的简介]; TAG不匹配：一方为空 - 预期[]，实际[这个作品&简介]
2026-02-27 04:05:47,874 - INFO - CaseID:1260 - QUERY字段：语义匹配失败，但visual_search链路意图匹配通过
2026-02-27 04:05:47,875 - INFO - CaseID:1260 - 整体结果: PASS | 详情: 所有字段校验通过
2026-02-27 04:05:47,875 - INFO - CaseID:1261 - 整体结果: FAILED | 详情: 模型输出核心字段全为空，判定不通过
2026-02-27 04:05:47,876 - INFO - CaseID:1262 - 整体结果: FAILED | 详情: 模型输出核心字段全为空，判定不通过
2026-02-27 04:05:47,876 - INFO - CaseID:1263 - CATEGORY字段：模型输出含「其他问答」，该字段通过
2026-02-27 04:05:51,616 - INFO - CaseID:1263 - QUERY字段：基础语义模糊匹配通过
2026-02-27 04:05:51,616 - INFO - CaseID:1263 - 整体结果: FAILED | 详情: APINAME不匹配：预期[visual_search]，实际[QASearch]; TAG不匹配：一方为空 - 预期[]，实际[第一行最后一个字是什么字]
2026-02-27 04:05:55,667 - INFO - CaseID:1264 - QUERY字段：基础语义模糊匹配通过
2026-02-27 04:05:55,667 - INFO - CaseID:1264 - 整体结果: PASS | 详情: 所有字段校验通过
2026-02-27 04:05:59,586 - INFO - CaseID:1265 - 整体结果: FAILED | 详情: APINAME不匹配：预期[visual_search]，实际[skill_search]; QUERY不匹配：基础语义模糊匹配失败 - 预期[识别当前画面中的第一个字是什么]，实际[用户所指的具体内容或上下文]
2026-02-27 04:06:03,578 - INFO - CaseID:1266 - 整体结果: FAILED | 详情: APINAME不匹配：预期[visual_search]，实际[skill_search]; QUERY不匹配：基础语义模糊匹配失败 - 预期[识别当前摄像头画面中的文字内容]，实际[当前显示内容的第二行第五个字是什么]
2026-02-27 04:06:07,626 - INFO - CaseID:1267 - QUERY字段：基础语义模糊匹配通过
2026-02-27 04:06:07,627 - INFO - CaseID:1267 - 整体结果: PASS | 详情: 所有字段校验通过
2026-02-27 04:06:11,593 - INFO - CaseID:1268 - QUERY字段：基础语义模糊匹配通过
2026-02-27 04:06:11,593 - INFO - CaseID:1268 - 整体结果: PASS | 详情: 所有字段校验通过
2026-02-27 04:06:15,562 - INFO - CaseID:1269 - QUERY字段：基础语义模糊匹配通过
2026-02-27 04:06:15,562 - INFO - CaseID:1269 - 整体结果: PASS | 详情: 所有字段校验通过
2026-02-27 04:06:19,350 - INFO - CaseID:1270 - QUERY字段：基础语义模糊匹配通过
2026-02-27 04:06:19,351 - INFO - CaseID:1270 - 整体结果: FAILED | 详情: APINAME不匹配：预期[visual_search]，实际[AUTOSearch]; CATEGORY不匹配：一方为空 - 预期[]，实际[汽车]; TAG不匹配：一方为空 - 预期[]，实际[倒数第一行&几个字]
2026-02-27 04:06:23,708 - INFO - CaseID:1271 - QUERY字段：基础语义模糊匹配通过
2026-02-27 04:06:23,708 - INFO - CaseID:1271 - 整体结果: PASS | 详情: 所有字段校验通过
2026-02-27 04:06:27,573 - INFO - CaseID:1272 - QUERY字段：基础语义模糊匹配通过
2026-02-27 04:06:27,573 - INFO - CaseID:1272 - 整体结果: PASS | 详情: 所有字段校验通过
2026-02-27 04:06:27,574 - INFO - CaseID:1273 - CATEGORY字段：模型输出含「其他问答」，该字段通过
2026-02-27 04:06:31,534 - INFO - CaseID:1273 - QUERY字段：基础语义模糊匹配通过
2026-02-27 04:06:31,535 - INFO - CaseID:1273 - 整体结果: FAILED | 详情: APINAME不匹配：预期[visual_search]，实际[QASearch]; TAG不匹配：一方为空 - 预期[]，实际[第一行&中间&字]
2026-02-27 04:06:35,426 - INFO - CaseID:1274 - QUERY字段：基础语义模糊匹配通过
2026-02-27 04:06:35,426 - INFO - CaseID:1274 - 整体结果: PASS | 详情: 所有字段校验通过
2026-02-27 04:06:35,427 - INFO - CaseID:1275 - CATEGORY字段：模型输出含「其他问答」，该字段通过
2026-02-27 04:06:39,114 - INFO - CaseID:1275 - QUERY字段：基础语义模糊匹配通过
2026-02-27 04:06:39,114 - INFO - CaseID:1275 - 整体结果: FAILED | 详情: APINAME不匹配：预期[visual_search]，实际[QASearch]; TAG不匹配：一方为空 - 预期[]，实际[第一行&最左边&字]
2026-02-27 04:06:39,114 - INFO - CaseID:1276 - CATEGORY字段：模型输出含「其他问答」，该字段通过
2026-02-27 04:06:43,148 - INFO - CaseID:1276 - QUERY字段：基础语义模糊匹配通过
2026-02-27 04:06:43,148 - INFO - CaseID:1276 - 整体结果: FAILED | 详情: APINAME不匹配：预期[visual_search]，实际[QASearch]; TAG不匹配：一方为空 - 预期[]，实际[这篇文章&最后一个字]
2026-02-27 04:06:43,149 - INFO - CaseID:1277 - CATEGORY字段：模型输出含「其他问答」，该字段通过
2026-02-27 04:06:46,792 - INFO - CaseID:1277 - QUERY字段：基础语义模糊匹配通过
2026-02-27 04:06:46,793 - INFO - CaseID:1277 - 整体结果: FAILED | 详情: APINAME不匹配：预期[visual_search]，实际[QASearch]; TAG不匹配：一方为空 - 预期[]，实际[这段话&最后一个字]
2026-02-27 04:06:51,131 - INFO - CaseID:1278 - QUERY字段：基础语义模糊匹配通过
2026-02-27 04:06:51,131 - INFO - CaseID:1278 - 整体结果: FAILED | 详情: APINAME不匹配：预期[visual_search]，实际[skill_search]
2026-02-27 04:06:55,069 - INFO - CaseID:1279 - QUERY字段：基础语义模糊匹配通过
2026-02-27 04:06:55,069 - INFO - CaseID:1279 - 整体结果: FAILED | 详情: APINAME不匹配：预期[visual_search]，实际[AUTOSearch]; CATEGORY不匹配：一方为空 - 预期[]，实际[汽车]; TAG不匹配：一方为空 - 预期[]，实际[第五行&名字]
2026-02-27 04:06:59,080 - INFO - CaseID:1280 - QUERY字段：基础语义模糊匹配通过
2026-02-27 04:06:59,080 - INFO - CaseID:1280 - 整体结果: PASS | 详情: 所有字段校验通过
2026-02-27 04:07:03,178 - INFO - CaseID:1281 - QUERY字段：基础语义模糊匹配通过
2026-02-27 04:07:03,179 - INFO - CaseID:1281 - 整体结果: PASS | 详情: 所有字段校验通过
2026-02-27 04:07:06,862 - INFO - CaseID:1282 - 整体结果: FAILED | 详情: APINAME不匹配：预期[visual_search]，实际[skill_search]; QUERY不匹配：基础语义模糊匹配失败 - 预期[第二行第三个字是什么]，实际[理想同学的回复内容]
2026-02-27 04:07:06,863 - INFO - CaseID:1283 - 整体结果: FAILED | 详情: 模型输出核心字段全为空，判定不通过
2026-02-27 04:07:06,863 - INFO - CaseID:1284 - 整体结果: FAILED | 详情: 模型输出核心字段全为空，判定不通过
2026-02-27 04:07:06,864 - INFO - CaseID:1285 - 整体结果: FAILED | 详情: 模型输出核心字段全为空，判定不通过
2026-02-27 04:07:06,864 - INFO - CaseID:1286 - 整体结果: FAILED | 详情: 模型输出核心字段全为空，判定不通过
2026-02-27 04:07:06,864 - INFO - CaseID:1287 - 整体结果: FAILED | 详情: 模型输出核心字段全为空，判定不通过
2026-02-27 04:07:10,843 - INFO - CaseID:1288 - QUERY字段：基础语义模糊匹配通过
2026-02-27 04:07:10,844 - INFO - CaseID:1288 - 整体结果: PASS | 详情: 所有字段校验通过
2026-02-27 04:07:19,155 - INFO - CaseID:1289 - QUERY字段：语义匹配失败，但visual_search链路意图匹配通过
2026-02-27 04:07:19,155 - INFO - CaseID:1289 - 整体结果: PASS | 详情: 所有字段校验通过
2026-02-27 04:07:23,045 - INFO - CaseID:1290 - QUERY字段：基础语义模糊匹配通过
2026-02-27 04:07:23,046 - INFO - CaseID:1290 - 整体结果: PASS | 详情: 所有字段校验通过
2026-02-27 04:07:30,756 - INFO - CaseID:1291 - QUERY字段：语义匹配失败，但visual_search链路意图匹配通过
2026-02-27 04:07:30,756 - INFO - CaseID:1291 - 整体结果: PASS | 详情: 所有字段校验通过
2026-02-27 04:07:30,757 - INFO - CaseID:1292 - 整体结果: FAILED | 详情: 模型输出核心字段全为空，判定不通过
2026-02-27 04:07:34,483 - INFO - CaseID:1293 - QUERY字段：基础语义模糊匹配通过
2026-02-27 04:07:34,483 - INFO - CaseID:1293 - 整体结果: PASS | 详情: 所有字段校验通过
2026-02-27 04:07:42,262 - INFO - CaseID:1294 - QUERY字段：语义匹配失败，但visual_search链路意图匹配通过
2026-02-27 04:07:42,263 - INFO - CaseID:1294 - 整体结果: PASS | 详情: 所有字段校验通过
2026-02-27 04:07:42,263 - INFO - CaseID:1295 - 整体结果: FAILED | 详情: 模型输出核心字段全为空，判定不通过
2026-02-27 04:07:50,077 - INFO - CaseID:1296 - QUERY字段：语义匹配失败，但visual_search链路意图匹配通过
2026-02-27 04:07:50,077 - INFO - CaseID:1296 - 整体结果: PASS | 详情: 所有字段校验通过
2026-02-27 04:07:54,772 - INFO - CaseID:1297 - QUERY字段：基础语义模糊匹配通过
2026-02-27 04:07:54,772 - INFO - CaseID:1297 - 整体结果: PASS | 详情: 所有字段校验通过
2026-02-27 04:07:58,635 - INFO - CaseID:1298 - QUERY字段：基础语义模糊匹配通过
2026-02-27 04:07:58,636 - INFO - CaseID:1298 - 整体结果: PASS | 详情: 所有字段校验通过
2026-02-27 04:08:06,871 - INFO - CaseID:1299 - QUERY字段：语义匹配失败，但visual_search链路意图匹配通过
2026-02-27 04:08:06,871 - INFO - CaseID:1299 - 整体结果: PASS | 详情: 所有字段校验通过
2026-02-27 04:08:06,871 - INFO - CaseID:1300 - 整体结果: FAILED | 详情: 模型输出核心字段全为空，判定不通过
2026-02-27 04:08:10,590 - INFO - CaseID:1301 - QUERY字段：基础语义模糊匹配通过
2026-02-27 04:08:10,590 - INFO - CaseID:1301 - 整体结果: PASS | 详情: 所有字段校验通过
2026-02-27 04:08:18,441 - INFO - CaseID:1302 - QUERY字段：语义匹配失败，但visual_search链路意图匹配通过
2026-02-27 04:08:18,441 - INFO - CaseID:1302 - 整体结果: PASS | 详情: 所有字段校验通过
2026-02-27 04:08:23,133 - INFO - CaseID:1303 - QUERY字段：基础语义模糊匹配通过
2026-02-27 04:08:23,134 - INFO - CaseID:1303 - 整体结果: PASS | 详情: 所有字段校验通过
2026-02-27 04:08:27,145 - INFO - CaseID:1304 - QUERY字段：基础语义模糊匹配通过
2026-02-27 04:08:27,146 - INFO - CaseID:1304 - 整体结果: PASS | 详情: 所有字段校验通过
2026-02-27 04:08:35,037 - INFO - CaseID:1305 - 整体结果: FAILED | 详情: QUERY不匹配：语义和visual_search链路意图均不一致 - 预期[这画得如何还不错吗]，实际[这幅画的评价如何？]
2026-02-27 04:08:42,608 - INFO - CaseID:1306 - QUERY字段：语义匹配失败，但visual_search链路意图匹配通过
2026-02-27 04:08:42,609 - INFO - CaseID:1306 - 整体结果: PASS | 详情: 所有字段校验通过
2026-02-27 04:08:46,503 - INFO - CaseID:1307 - QUERY字段：基础语义模糊匹配通过
2026-02-27 04:08:46,503 - INFO - CaseID:1307 - 整体结果: PASS | 详情: 所有字段校验通过
2026-02-27 04:08:46,504 - INFO - CaseID:1308 - 整体结果: FAILED | 详情: 模型输出核心字段全为空，判定不通过
2026-02-27 04:08:54,313 - INFO - CaseID:1309 - QUERY字段：语义匹配失败，但visual_search链路意图匹配通过
2026-02-27 04:08:54,314 - INFO - CaseID:1309 - 整体结果: PASS | 详情: 所有字段校验通过
2026-02-27 04:08:54,314 - INFO - CaseID:1310 - 整体结果: FAILED | 详情: 模型输出核心字段全为空，判定不通过
2026-02-27 04:08:57,947 - INFO - CaseID:1311 - QUERY字段：基础语义模糊匹配通过
2026-02-27 04:08:57,948 - INFO - CaseID:1311 - 整体结果: PASS | 详情: 所有字段校验通过
2026-02-27 04:09:02,067 - INFO - CaseID:1312 - QUERY字段：基础语义模糊匹配通过
2026-02-27 04:09:02,067 - INFO - CaseID:1312 - 整体结果: PASS | 详情: 所有字段校验通过
2026-02-27 04:09:10,621 - INFO - CaseID:1313 - QUERY字段：语义匹配失败，但visual_search链路意图匹配通过
2026-02-27 04:09:10,621 - INFO - CaseID:1313 - 整体结果: PASS | 详情: 所有字段校验通过
2026-02-27 04:09:19,240 - INFO - CaseID:1314 - QUERY字段：语义匹配失败，但visual_search链路意图匹配通过
2026-02-27 04:09:19,240 - INFO - CaseID:1314 - 整体结果: PASS | 详情: 所有字段校验通过
2026-02-27 04:09:23,159 - INFO - CaseID:1315 - QUERY字段：基础语义模糊匹配通过
2026-02-27 04:09:23,159 - INFO - CaseID:1315 - 整体结果: PASS | 详情: 所有字段校验通过
2026-02-27 04:09:23,160 - INFO - CaseID:1316 - 整体结果: FAILED | 详情: 模型输出核心字段全为空，判定不通过
2026-02-27 04:09:30,768 - INFO - CaseID:1317 - QUERY字段：语义匹配失败，但visual_search链路意图匹配通过
2026-02-27 04:09:30,768 - INFO - CaseID:1317 - 整体结果: PASS | 详情: 所有字段校验通过
2026-02-27 04:09:34,420 - INFO - CaseID:1318 - QUERY字段：基础语义模糊匹配通过
2026-02-27 04:09:34,420 - INFO - CaseID:1318 - 整体结果: PASS | 详情: 所有字段校验通过
2026-02-27 04:09:38,301 - INFO - CaseID:1319 - QUERY字段：基础语义模糊匹配通过
2026-02-27 04:09:38,301 - INFO - CaseID:1319 - 整体结果: PASS | 详情: 所有字段校验通过
2026-02-27 04:09:42,175 - INFO - CaseID:1320 - QUERY字段：基础语义模糊匹配通过
2026-02-27 04:09:42,175 - INFO - CaseID:1320 - 整体结果: PASS | 详情: 所有字段校验通过
2026-02-27 04:09:49,971 - INFO - CaseID:1321 - 整体结果: FAILED | 详情: QUERY不匹配：语义和visual_search链路意图均不一致 - 预期[这画得如何还不错吗]，实际[这幅画的评价如何？]
2026-02-27 04:09:57,951 - INFO - CaseID:1322 - QUERY字段：语义匹配失败，但visual_search链路意图匹配通过
2026-02-27 04:09:57,952 - INFO - CaseID:1322 - 整体结果: PASS | 详情: 所有字段校验通过
2026-02-27 04:10:01,556 - INFO - CaseID:1323 - QUERY字段：基础语义模糊匹配通过
2026-02-27 04:10:01,556 - INFO - CaseID:1323 - 整体结果: PASS | 详情: 所有字段校验通过
2026-02-27 04:10:09,329 - INFO - CaseID:1324 - QUERY字段：语义匹配失败，但visual_search链路意图匹配通过
2026-02-27 04:10:09,330 - INFO - CaseID:1324 - 整体结果: PASS | 详情: 所有字段校验通过
2026-02-27 04:10:17,252 - INFO - CaseID:1325 - 整体结果: FAILED | 详情: QUERY不匹配：语义和visual_search链路意图均不一致 - 预期[啥感觉这个画的还行吗]，实际[这幅画的内容和风格是什么？]
2026-02-27 04:10:17,253 - INFO - CaseID:1326 - CATEGORY字段：模型输出含「其他问答」，该字段通过
2026-02-27 04:10:21,116 - INFO - CaseID:1326 - 整体结果: FAILED | 详情: APINAME不匹配：预期[visual_search]，实际[QASearch]; QUERY不匹配：基础语义模糊匹配失败 - 预期[这幅画在细节上有什么特点]，实际[《星月夜》的细节特点]; TAG不匹配：一方为空 - 预期[]，实际[《星月夜》&细节特点]
2026-02-27 04:10:25,110 - INFO - CaseID:1327 - QUERY字段：基础语义模糊匹配通过
2026-02-27 04:10:25,110 - INFO - CaseID:1327 - 整体结果: PASS | 详情: 所有字段校验通过
2026-02-27 04:10:28,797 - INFO - CaseID:1328 - QUERY字段：基础语义模糊匹配通过
2026-02-27 04:10:28,799 - INFO - CaseID:1328 - 整体结果: PASS | 详情: 所有字段校验通过
2026-02-27 04:10:36,974 - INFO - CaseID:1329 - QUERY字段：语义匹配失败，但visual_search链路意图匹配通过
2026-02-27 04:10:36,974 - INFO - CaseID:1329 - 整体结果: PASS | 详情: 所有字段校验通过
2026-02-27 04:10:40,939 - INFO - CaseID:1330 - QUERY字段：基础语义模糊匹配通过
2026-02-27 04:10:40,940 - INFO - CaseID:1330 - 整体结果: PASS | 详情: 所有字段校验通过
2026-02-27 04:10:48,559 - INFO - CaseID:1331 - QUERY字段：语义匹配失败，但visual_search链路意图匹配通过
2026-02-27 04:10:48,559 - INFO - CaseID:1331 - 整体结果: PASS | 详情: 所有字段校验通过
2026-02-27 04:10:56,343 - INFO - CaseID:1332 - 整体结果: FAILED | 详情: QUERY不匹配：语义和visual_search链路意图均不一致 - 预期[这画得如何还不错吗]，实际[这幅画的评价如何？]
2026-02-27 04:11:04,228 - INFO - CaseID:1333 - QUERY字段：语义匹配失败，但visual_search链路意图匹配通过
2026-02-27 04:11:04,229 - INFO - CaseID:1333 - 整体结果: PASS | 详情: 所有字段校验通过
2026-02-27 04:11:12,116 - INFO - CaseID:1334 - QUERY字段：语义匹配失败，但visual_search链路意图匹配通过
2026-02-27 04:11:12,117 - INFO - CaseID:1334 - 整体结果: PASS | 详情: 所有字段校验通过
2026-02-27 04:11:16,148 - INFO - CaseID:1335 - QUERY字段：基础语义模糊匹配通过
2026-02-27 04:11:16,149 - INFO - CaseID:1335 - 整体结果: PASS | 详情: 所有字段校验通过
2026-02-27 04:11:20,101 - INFO - CaseID:1336 - QUERY字段：基础语义模糊匹配通过
2026-02-27 04:11:20,102 - INFO - CaseID:1336 - 整体结果: PASS | 详情: 所有字段校验通过
2026-02-27 04:11:20,102 - INFO - CaseID:1337 - 整体结果: FAILED | 详情: 模型输出核心字段全为空，判定不通过
2026-02-27 04:11:23,823 - INFO - CaseID:1338 - QUERY字段：基础语义模糊匹配通过
2026-02-27 04:11:23,823 - INFO - CaseID:1338 - 整体结果: PASS | 详情: 所有字段校验通过
2026-02-27 04:11:29,008 - INFO - CaseID:1339 - QUERY字段：基础语义模糊匹配通过
2026-02-27 04:11:29,009 - INFO - CaseID:1339 - 整体结果: PASS | 详情: 所有字段校验通过
2026-02-27 04:11:32,887 - INFO - CaseID:1340 - QUERY字段：基础语义模糊匹配通过
2026-02-27 04:11:32,888 - INFO - CaseID:1340 - 整体结果: PASS | 详情: 所有字段校验通过
2026-02-27 04:11:36,894 - INFO - CaseID:1341 - QUERY字段：基础语义模糊匹配通过
2026-02-27 04:11:36,895 - INFO - CaseID:1341 - 整体结果: PASS | 详情: 所有字段校验通过
2026-02-27 04:11:36,895 - INFO - CaseID:1342 - 整体结果: FAILED | 详情: 模型输出核心字段全为空，判定不通过
2026-02-27 04:11:44,409 - INFO - CaseID:1343 - QUERY字段：语义匹配失败，但visual_search链路意图匹配通过
2026-02-27 04:11:44,409 - INFO - CaseID:1343 - 整体结果: PASS | 详情: 所有字段校验通过
2026-02-27 04:11:48,466 - INFO - CaseID:1344 - QUERY字段：基础语义模糊匹配通过
2026-02-27 04:11:48,466 - INFO - CaseID:1344 - 整体结果: PASS | 详情: 所有字段校验通过
2026-02-27 04:11:56,232 - INFO - CaseID:1345 - QUERY字段：语义匹配失败，但visual_search链路意图匹配通过
2026-02-27 04:11:56,233 - INFO - CaseID:1345 - 整体结果: PASS | 详情: 所有字段校验通过
2026-02-27 04:12:04,883 - INFO - CaseID:1346 - QUERY字段：语义匹配失败，但visual_search链路意图匹配通过
2026-02-27 04:12:04,885 - INFO - CaseID:1346 - 整体结果: PASS | 详情: 所有字段校验通过
2026-02-27 04:12:04,885 - INFO - CaseID:1347 - 整体结果: FAILED | 详情: 模型输出核心字段全为空，判定不通过
2026-02-27 04:12:08,842 - INFO - CaseID:1348 - QUERY字段：基础语义模糊匹配通过
2026-02-27 04:12:08,842 - INFO - CaseID:1348 - 整体结果: PASS | 详情: 所有字段校验通过
2026-02-27 04:12:12,803 - INFO - CaseID:1349 - QUERY字段：基础语义模糊匹配通过
2026-02-27 04:12:12,804 - INFO - CaseID:1349 - 整体结果: PASS | 详情: 所有字段校验通过
2026-02-27 04:12:12,804 - INFO - CaseID:1350 - 整体结果: FAILED | 详情: 模型输出核心字段全为空，判定不通过
2026-02-27 04:12:16,780 - INFO - CaseID:1351 - QUERY字段：基础语义模糊匹配通过
2026-02-27 04:12:16,781 - INFO - CaseID:1351 - 整体结果: PASS | 详情: 所有字段校验通过
2026-02-27 04:12:20,569 - INFO - CaseID:1352 - QUERY字段：基础语义模糊匹配通过
2026-02-27 04:12:20,570 - INFO - CaseID:1352 - 整体结果: PASS | 详情: 所有字段校验通过
2026-02-27 04:12:24,546 - INFO - CaseID:1353 - QUERY字段：基础语义模糊匹配通过
2026-02-27 04:12:24,546 - INFO - CaseID:1353 - 整体结果: PASS | 详情: 所有字段校验通过
2026-02-27 04:12:32,748 - INFO - CaseID:1354 - QUERY字段：语义匹配失败，但visual_search链路意图匹配通过
2026-02-27 04:12:32,748 - INFO - CaseID:1354 - 整体结果: PASS | 详情: 所有字段校验通过
2026-02-27 04:12:40,199 - INFO - CaseID:1355 - QUERY字段：语义匹配失败，但visual_search链路意图匹配通过
2026-02-27 04:12:40,199 - INFO - CaseID:1355 - 整体结果: PASS | 详情: 所有字段校验通过
2026-02-27 04:12:40,200 - INFO - CaseID:1356 - 整体结果: FAILED | 详情: 模型输出核心字段全为空，判定不通过
2026-02-27 04:12:48,061 - INFO - CaseID:1357 - QUERY字段：语义匹配失败，但visual_search链路意图匹配通过
2026-02-27 04:12:48,062 - INFO - CaseID:1357 - 整体结果: PASS | 详情: 所有字段校验通过
2026-02-27 04:12:52,075 - INFO - CaseID:1358 - QUERY字段：基础语义模糊匹配通过
2026-02-27 04:12:52,076 - INFO - CaseID:1358 - 整体结果: PASS | 详情: 所有字段校验通过
2026-02-27 04:13:00,043 - INFO - CaseID:1359 - QUERY字段：语义匹配失败，但visual_search链路意图匹配通过
2026-02-27 04:13:00,044 - INFO - CaseID:1359 - 整体结果: PASS | 详情: 所有字段校验通过
2026-02-27 04:13:03,935 - INFO - CaseID:1360 - QUERY字段：基础语义模糊匹配通过
2026-02-27 04:13:03,935 - INFO - CaseID:1360 - 整体结果: PASS | 详情: 所有字段校验通过
2026-02-27 04:13:11,949 - INFO - CaseID:1361 - QUERY字段：语义匹配失败，但visual_search链路意图匹配通过
2026-02-27 04:13:11,950 - INFO - CaseID:1361 - 整体结果: PASS | 详情: 所有字段校验通过
2026-02-27 04:13:15,507 - INFO - CaseID:1362 - QUERY字段：基础语义模糊匹配通过
2026-02-27 04:13:15,507 - INFO - CaseID:1362 - 整体结果: PASS | 详情: 所有字段校验通过
2026-02-27 04:13:19,917 - INFO - CaseID:1363 - QUERY字段：基础语义模糊匹配通过
2026-02-27 04:13:19,917 - INFO - CaseID:1363 - 整体结果: PASS | 详情: 所有字段校验通过
2026-02-27 04:13:24,696 - INFO - CaseID:1364 - QUERY字段：基础语义模糊匹配通过
2026-02-27 04:13:24,696 - INFO - CaseID:1364 - 整体结果: PASS | 详情: 所有字段校验通过
2026-02-27 04:13:32,605 - INFO - CaseID:1365 - 整体结果: FAILED | 详情: QUERY不匹配：语义和visual_search链路意图均不一致 - 预期[这幅画的水平如何？请分析其构图、色彩、技法等艺术表现力。]，实际[这幅画的水平如何？]
2026-02-27 04:13:36,315 - INFO - CaseID:1366 - QUERY字段：基础语义模糊匹配通过
2026-02-27 04:13:36,315 - INFO - CaseID:1366 - 整体结果: PASS | 详情: 所有字段校验通过
2026-02-27 04:13:40,286 - INFO - CaseID:1367 - QUERY字段：基础语义模糊匹配通过
2026-02-27 04:13:40,287 - INFO - CaseID:1367 - 整体结果: PASS | 详情: 所有字段校验通过
2026-02-27 04:13:48,682 - INFO - CaseID:1368 - QUERY字段：语义匹配失败，但visual_search链路意图匹配通过
2026-02-27 04:13:48,683 - INFO - CaseID:1368 - 整体结果: PASS | 详情: 所有字段校验通过
2026-02-27 04:13:52,676 - INFO - CaseID:1369 - QUERY字段：基础语义模糊匹配通过
2026-02-27 04:13:52,676 - INFO - CaseID:1369 - 整体结果: PASS | 详情: 所有字段校验通过
2026-02-27 04:13:52,677 - INFO - CaseID:1370 - 整体结果: FAILED | 详情: 模型输出核心字段全为空，判定不通过
2026-02-27 04:14:00,540 - INFO - CaseID:1371 - QUERY字段：语义匹配失败，但visual_search链路意图匹配通过
2026-02-27 04:14:00,540 - INFO - CaseID:1371 - 整体结果: PASS | 详情: 所有字段校验通过
2026-02-27 04:14:00,540 - INFO - CaseID:1372 - 整体结果: FAILED | 详情: 模型输出核心字段全为空，判定不通过
2026-02-27 04:14:08,458 - INFO - CaseID:1373 - 整体结果: FAILED | 详情: QUERY不匹配：语义和visual_search链路意图均不一致 - 预期[这个画的怎么样呀]，实际[这幅画的评价如何？]
2026-02-27 04:14:12,207 - INFO - CaseID:1374 - QUERY字段：基础语义模糊匹配通过
2026-02-27 04:14:12,208 - INFO - CaseID:1374 - 整体结果: PASS | 详情: 所有字段校验通过
2026-02-27 04:14:20,527 - INFO - CaseID:1375 - QUERY字段：语义匹配失败，但visual_search链路意图匹配通过
2026-02-27 04:14:20,527 - INFO - CaseID:1375 - 整体结果: PASS | 详情: 所有字段校验通过
2026-02-27 04:14:28,310 - INFO - CaseID:1376 - QUERY字段：语义匹配失败，但visual_search链路意图匹配通过
2026-02-27 04:14:28,311 - INFO - CaseID:1376 - 整体结果: PASS | 详情: 所有字段校验通过
2026-02-27 04:14:32,256 - INFO - CaseID:1377 - QUERY字段：基础语义模糊匹配通过
2026-02-27 04:14:32,256 - INFO - CaseID:1377 - 整体结果: PASS | 详情: 所有字段校验通过
2026-02-27 04:14:36,229 - INFO - CaseID:1378 - QUERY字段：基础语义模糊匹配通过
2026-02-27 04:14:36,229 - INFO - CaseID:1378 - 整体结果: PASS | 详情: 所有字段校验通过
2026-02-27 04:14:43,875 - INFO - CaseID:1379 - QUERY字段：语义匹配失败，但visual_search链路意图匹配通过
2026-02-27 04:14:43,876 - INFO - CaseID:1379 - 整体结果: PASS | 详情: 所有字段校验通过
2026-02-27 04:14:47,747 - INFO - CaseID:1380 - 整体结果: FAILED | 详情: APINAME不匹配：预期[visual_search]，实际[QASearch]; CATEGORY不匹配：一方为空 - 预期[]，实际[公司]; QUERY不匹配：基础语义模糊匹配失败 - 预期[这个苹果的外观、大小、颜色等特征是什么？]，实际[苹果公司2026年的整体表现评价]; TAG不匹配：一方为空 - 预期[]，实际[苹果公司&2026年&整体表现评价]
2026-02-27 04:14:51,678 - INFO - CaseID:1381 - QUERY字段：基础语义模糊匹配通过
2026-02-27 04:14:51,679 - INFO - CaseID:1381 - 整体结果: PASS | 详情: 所有字段校验通过
2026-02-27 04:14:55,654 - INFO - CaseID:1382 - 整体结果: FAILED | 详情: APINAME不匹配：预期[visual_search]，实际[skill_search]; QUERY不匹配：基础语义模糊匹配失败 - 预期[你觉得还行吗]，实际[用户当前评价的对象或场景是什么]
2026-02-27 04:14:59,722 - INFO - CaseID:1383 - QUERY字段：基础语义模糊匹配通过
2026-02-27 04:14:59,722 - INFO - CaseID:1383 - 整体结果: PASS | 详情: 所有字段校验通过
2026-02-27 04:15:04,048 - INFO - CaseID:1384 - 整体结果: FAILED | 详情: APINAME不匹配：预期[visual_search]，实际[skill_search]; QUERY不匹配：基础语义模糊匹配失败 - 预期[这一整桶的热量是多少]，实际[一整桶常见食品的热量范围（如桶装水桶装油桶装方便面等）]
2026-02-27 04:15:07,940 - INFO - CaseID:1385 - QUERY字段：基础语义模糊匹配通过
2026-02-27 04:15:07,940 - INFO - CaseID:1385 - 整体结果: FAILED | 详情: APINAME不匹配：预期[visual_search]，实际[worthbuy]; CATEGORY不匹配：一方为空 - 预期[]，实际[商品对比]; TAG不匹配：一方为空 - 预期[]，实际[更好喝&两个]
2026-02-27 04:15:12,241 - INFO - CaseID:1386 - QUERY字段：基础语义模糊匹配通过
2026-02-27 04:15:12,241 - INFO - CaseID:1386 - 整体结果: PASS | 详情: 所有字段校验通过
2026-02-27 04:15:12,242 - INFO - CaseID:1387 - CATEGORY字段：模型输出含「其他问答」，该字段通过
2026-02-27 04:15:16,353 - INFO - CaseID:1387 - 整体结果: FAILED | 详情: APINAME不匹配：预期[visual_search]，实际[QASearch]; QUERY不匹配：基础语义模糊匹配失败 - 预期[识别当前摄像头画面中的产品标签信息，特别是每100毫升原生蛋白含量]，实际[里面具体是什么产品]; TAG不匹配：一方为空 - 预期[]，实际[里面&具体&产品]
2026-02-27 04:15:16,353 - INFO - CaseID:1388 - 整体结果: FAILED | 详情: 模型输出核心字段全为空，判定不通过
2026-02-27 04:15:20,336 - INFO - CaseID:1389 - QUERY字段：基础语义模糊匹配通过
2026-02-27 04:15:20,336 - INFO - CaseID:1389 - 整体结果: PASS | 详情: 所有字段校验通过
2026-02-27 04:15:24,567 - INFO - CaseID:1390 - 整体结果: FAILED | 详情: APINAME不匹配：预期[visual_search]，实际[skill_search]; QUERY不匹配：基础语义模糊匹配失败 - 预期[识别当前摄像头画面中的饮品是什么]，实际[用户提到的这个具体指什么饮品]
2026-02-27 04:15:28,449 - INFO - CaseID:1391 - QUERY字段：基础语义模糊匹配通过
2026-02-27 04:15:28,450 - INFO - CaseID:1391 - 整体结果: PASS | 详情: 所有字段校验通过
2026-02-27 04:15:32,413 - INFO - CaseID:1392 - QUERY字段：基础语义模糊匹配通过
2026-02-27 04:15:32,413 - INFO - CaseID:1392 - 整体结果: FAILED | 详情: APINAME不匹配：预期[visual_search]，实际[worthbuy]; CATEGORY不匹配：一方为空 - 预期[]，实际[商品对比]; TAG不匹配：一方为空 - 预期[]，实际[更好喝&两个口味]
2026-02-27 04:15:36,023 - INFO - CaseID:1393 - QUERY字段：基础语义模糊匹配通过
2026-02-27 04:15:36,024 - INFO - CaseID:1393 - 整体结果: PASS | 详情: 所有字段校验通过
2026-02-27 04:15:40,807 - INFO - CaseID:1394 - QUERY字段：基础语义模糊匹配通过
2026-02-27 04:15:40,807 - INFO - CaseID:1394 - 整体结果: PASS | 详情: 所有字段校验通过
2026-02-27 04:15:44,719 - INFO - CaseID:1395 - QUERY字段：基础语义模糊匹配通过
2026-02-27 04:15:44,720 - INFO - CaseID:1395 - 整体结果: PASS | 详情: 所有字段校验通过
2026-02-27 04:15:49,427 - INFO - CaseID:1396 - QUERY字段：基础语义模糊匹配通过
2026-02-27 04:15:49,428 - INFO - CaseID:1396 - 整体结果: PASS | 详情: 所有字段校验通过
2026-02-27 04:15:53,404 - INFO - CaseID:1397 - QUERY字段：基础语义模糊匹配通过
2026-02-27 04:15:53,404 - INFO - CaseID:1397 - 整体结果: PASS | 详情: 所有字段校验通过
2026-02-27 04:16:01,481 - INFO - CaseID:1398 - QUERY字段：语义匹配失败，但visual_search链路意图匹配通过
2026-02-27 04:16:01,482 - INFO - CaseID:1398 - 整体结果: PASS | 详情: 所有字段校验通过
2026-02-27 04:16:01,482 - INFO - CaseID:1399 - CATEGORY字段：模型输出含「其他问答」，该字段通过
2026-02-27 04:16:05,392 - INFO - CaseID:1399 - 整体结果: FAILED | 详情: APINAME不匹配：预期[visual_search]，实际[QASearch]; QUERY不匹配：基础语义模糊匹配失败 - 预期[识别当前摄像头画面中的物品，判断是否为固体奶制品]，实际[固体奶的定义]; TAG不匹配：一方为空 - 预期[]，实际[固体奶&定义]
2026-02-27 04:16:09,768 - INFO - CaseID:1400 - QUERY字段：基础语义模糊匹配通过
2026-02-27 04:16:09,769 - INFO - CaseID:1400 - 整体结果: PASS | 详情: 所有字段校验通过
2026-02-27 04:16:09,769 - INFO - 已处理1400/2393条用例，当前通过数：924（66.00%）
2026-02-27 04:16:15,713 - INFO - CaseID:1401 - QUERY字段：基础语义模糊匹配通过
2026-02-27 04:16:15,714 - INFO - CaseID:1401 - 整体结果: PASS | 详情: 所有字段校验通过
2026-02-27 04:16:20,525 - INFO - CaseID:1402 - QUERY字段：基础语义模糊匹配通过
2026-02-27 04:16:20,526 - INFO - CaseID:1402 - 整体结果: PASS | 详情: 所有字段校验通过
2026-02-27 04:16:24,390 - INFO - CaseID:1403 - QUERY字段：基础语义模糊匹配通过
2026-02-27 04:16:24,391 - INFO - CaseID:1403 - 整体结果: PASS | 详情: 所有字段校验通过
2026-02-27 04:16:28,220 - INFO - CaseID:1404 - QUERY字段：基础语义模糊匹配通过
2026-02-27 04:16:28,221 - INFO - CaseID:1404 - 整体结果: PASS | 详情: 所有字段校验通过
2026-02-27 04:16:32,401 - INFO - CaseID:1405 - QUERY字段：基础语义模糊匹配通过
2026-02-27 04:16:32,402 - INFO - CaseID:1405 - 整体结果: PASS | 详情: 所有字段校验通过
2026-02-27 04:16:32,402 - INFO - CaseID:1406 - CATEGORY字段：模型输出含「其他问答」，该字段通过
2026-02-27 04:16:36,013 - INFO - CaseID:1406 - 整体结果: FAILED | 详情: APINAME不匹配：预期[visual_search]，实际[QASearch]; QUERY不匹配：基础语义模糊匹配失败 - 预期[坚果蔬菜沙拉的价格是多少]，实际[北京朝阳区坚果蔬菜沙拉价格]; TAG不匹配：一方为空 - 预期[]，实际[北京朝阳区&坚果蔬菜沙拉&价格]
2026-02-27 04:16:39,899 - INFO - CaseID:1407 - QUERY字段：基础语义模糊匹配通过
2026-02-27 04:16:39,900 - INFO - CaseID:1407 - 整体结果: PASS | 详情: 所有字段校验通过
2026-02-27 04:16:47,677 - INFO - CaseID:1408 - QUERY字段：语义匹配失败，但visual_search链路意图匹配通过
2026-02-27 04:16:47,677 - INFO - CaseID:1408 - 整体结果: PASS | 详情: 所有字段校验通过
2026-02-27 04:16:52,077 - INFO - CaseID:1409 - QUERY字段：基础语义模糊匹配通过
2026-02-27 04:16:52,077 - INFO - CaseID:1409 - 整体结果: PASS | 详情: 所有字段校验通过
2026-02-27 04:16:52,078 - INFO - CaseID:1410 - CATEGORY字段：模型输出含「其他问答」，该字段通过
2026-02-27 04:16:56,180 - INFO - CaseID:1410 - QUERY字段：基础语义模糊匹配通过
2026-02-27 04:16:56,181 - INFO - CaseID:1410 - 整体结果: FAILED | 详情: APINAME不匹配：预期[visual_search]，实际[QASearch]; TAG不匹配：一方为空 - 预期[]，实际[水果酸奶&价格]
2026-02-27 04:17:00,101 - INFO - CaseID:1411 - QUERY字段：基础语义模糊匹配通过
2026-02-27 04:17:00,102 - INFO - CaseID:1411 - 整体结果: FAILED | 详情: APINAME不匹配：预期[visual_search]，实际[QASearch]; CATEGORY不匹配：一方为空 - 预期[]，实际[出游美食]; TAG不匹配：一方为空 - 预期[]，实际[最下面的菜名字叫什么]
2026-02-27 04:17:03,925 - INFO - CaseID:1412 - QUERY字段：基础语义模糊匹配通过
2026-02-27 04:17:03,925 - INFO - CaseID:1412 - 整体结果: PASS | 详情: 所有字段校验通过
2026-02-27 04:17:08,363 - INFO - CaseID:1413 - QUERY字段：基础语义模糊匹配通过
2026-02-27 04:17:08,364 - INFO - CaseID:1413 - 整体结果: FAILED | 详情: APINAME不匹配：预期[visual_search]，实际[worthbuy]; CATEGORY不匹配：一方为空 - 预期[]，实际[商品推荐]; TAG不匹配：一方为空 - 预期[]，实际[常见&下酒小菜]
2026-02-27 04:17:12,838 - INFO - CaseID:1414 - QUERY字段：基础语义模糊匹配通过
2026-02-27 04:17:12,839 - INFO - CaseID:1414 - 整体结果: FAILED | 详情: APINAME不匹配：预期[visual_search]，实际[QASearch]; CATEGORY不匹配：一方为空 - 预期[]，实际[出游美食]; TAG不匹配：一方为空 - 预期[]，实际[这页有口水鸡这个菜么]
2026-02-27 04:17:16,876 - INFO - CaseID:1415 - QUERY字段：基础语义模糊匹配通过
2026-02-27 04:17:16,877 - INFO - CaseID:1415 - 整体结果: FAILED | 详情: APINAME不匹配：预期[visual_search]，实际[QASearch]; CATEGORY不匹配：一方为空 - 预期[]，实际[出游美食]; TAG不匹配：一方为空 - 预期[]，实际[水煮牛肉多少钱一例呢]
2026-02-27 04:17:20,753 - INFO - CaseID:1416 - QUERY字段：基础语义模糊匹配通过
2026-02-27 04:17:20,753 - INFO - CaseID:1416 - 整体结果: FAILED | 详情: APINAME不匹配：预期[visual_search]，实际[QASearch]; CATEGORY不匹配：一方为空 - 预期[]，实际[出游美食]; TAG不匹配：一方为空 - 预期[]，实际[星期一下面第一个是什么菜]
2026-02-27 04:17:24,462 - INFO - CaseID:1417 - QUERY字段：基础语义模糊匹配通过
2026-02-27 04:17:24,462 - INFO - CaseID:1417 - 整体结果: FAILED | 详情: APINAME不匹配：预期[visual_search]，实际[QASearch]; CATEGORY不匹配：一方为空 - 预期[]，实际[出游美食]; TAG不匹配：一方为空 - 预期[]，实际[这页第一个菜是什么菜]
2026-02-27 04:17:28,353 - INFO - CaseID:1418 - QUERY字段：基础语义模糊匹配通过
2026-02-27 04:17:28,353 - INFO - CaseID:1418 - 整体结果: FAILED | 详情: APINAME不匹配：预期[visual_search]，实际[QASearch]; CATEGORY不匹配：一方为空 - 预期[]，实际[出游美食]; TAG不匹配：一方为空 - 预期[]，实际[第二个菜是什么菜]
2026-02-27 04:17:36,044 - INFO - CaseID:1419 - QUERY字段：语义匹配失败，但visual_search链路意图匹配通过
2026-02-27 04:17:36,045 - INFO - CaseID:1419 - 整体结果: PASS | 详情: 所有字段校验通过
2026-02-27 04:17:36,045 - INFO - CaseID:1420 - CATEGORY字段：模型输出含「其他问答」，该字段通过
2026-02-27 04:17:39,873 - INFO - CaseID:1420 - 整体结果: FAILED | 详情: APINAME不匹配：预期[visual_search]，实际[QASearch]; QUERY不匹配：基础语义模糊匹配失败 - 预期[鸡蛋炒面的价格是多少]，实际[北京朝阳区鸡蛋炒面价格]; TAG不匹配：一方为空 - 预期[]，实际[北京朝阳区&鸡蛋炒面&价格]
2026-02-27 04:17:43,905 - INFO - CaseID:1421 - QUERY字段：基础语义模糊匹配通过
2026-02-27 04:17:43,906 - INFO - CaseID:1421 - 整体结果: PASS | 详情: 所有字段校验通过
2026-02-27 04:17:47,747 - INFO - CaseID:1422 - QUERY字段：基础语义模糊匹配通过
2026-02-27 04:17:47,748 - INFO - CaseID:1422 - 整体结果: PASS | 详情: 所有字段校验通过
2026-02-27 04:17:51,408 - INFO - CaseID:1423 - QUERY字段：基础语义模糊匹配通过
2026-02-27 04:17:51,408 - INFO - CaseID:1423 - 整体结果: PASS | 详情: 所有字段校验通过
2026-02-27 04:17:55,356 - INFO - CaseID:1424 - QUERY字段：基础语义模糊匹配通过
2026-02-27 04:17:55,357 - INFO - CaseID:1424 - 整体结果: FAILED | 详情: APINAME不匹配：预期[visual_search]，实际[worthbuy]; CATEGORY不匹配：一方为空 - 预期[]，实际[商品查询-确定商品]; TAG不匹配：一方为空 - 预期[]，实际[沙姜爽肚&价格]
2026-02-27 04:17:58,985 - INFO - CaseID:1425 - QUERY字段：基础语义模糊匹配通过
2026-02-27 04:17:58,985 - INFO - CaseID:1425 - 整体结果: PASS | 详情: 所有字段校验通过
2026-02-27 04:18:02,848 - INFO - CaseID:1426 - 整体结果: FAILED | 详情: APINAME不匹配：预期[visual_search]，实际[QASearch]; CATEGORY不匹配：一方为空 - 预期[]，实际[健康]; QUERY不匹配：基础语义模糊匹配失败 - 预期[紫菜汤在哪里]，实际[紫菜汤的常见做法]; TAG不匹配：一方为空 - 预期[]，实际[紫菜汤&常见做法]
2026-02-27 04:18:06,812 - INFO - CaseID:1427 - QUERY字段：基础语义模糊匹配通过
2026-02-27 04:18:06,813 - INFO - CaseID:1427 - 整体结果: FAILED | 详情: APINAME不匹配：预期[visual_search]，实际[skill_search]
2026-02-27 04:18:10,703 - INFO - CaseID:1428 - QUERY字段：基础语义模糊匹配通过
2026-02-27 04:18:10,704 - INFO - CaseID:1428 - 整体结果: FAILED | 详情: APINAME不匹配：预期[visual_search]，实际[QASearch]; CATEGORY不匹配：一方为空 - 预期[]，实际[出游美食]; TAG不匹配：一方为空 - 预期[]，实际[这页有汉堡这个菜么]
2026-02-27 04:18:18,102 - INFO - CaseID:1429 - QUERY字段：语义匹配失败，但visual_search链路意图匹配通过
2026-02-27 04:18:18,102 - INFO - CaseID:1429 - 整体结果: PASS | 详情: 所有字段校验通过
2026-02-27 04:18:22,046 - INFO - CaseID:1430 - QUERY字段：基础语义模糊匹配通过
2026-02-27 04:18:22,046 - INFO - CaseID:1430 - 整体结果: FAILED | 详情: APINAME不匹配：预期[visual_search]，实际[QASearch]; CATEGORY不匹配：一方为空 - 预期[]，实际[出游美食]; TAG不匹配：一方为空 - 预期[]，实际[第一个菜是什么菜]
2026-02-27 04:18:25,774 - INFO - CaseID:1431 - 整体结果: FAILED | 详情: APINAME不匹配：预期[visual_search]，实际[skill_search]; QUERY不匹配：基础语义模糊匹配失败 - 预期[请识别并提取当前摄像头画面中的菜单文字内容]，实际[帮我把这个菜单翻译成英文]
2026-02-27 04:18:29,719 - INFO - CaseID:1432 - QUERY字段：基础语义模糊匹配通过
2026-02-27 04:18:29,720 - INFO - CaseID:1432 - 整体结果: FAILED | 详情: APINAME不匹配：预期[visual_search]，实际[QASearch]; CATEGORY不匹配：一方为空 - 预期[]，实际[出游美食]; TAG不匹配：一方为空 - 预期[]，实际[这个菜单是早餐菜单还是炒菜菜单]
2026-02-27 04:18:33,934 - INFO - CaseID:1433 - QUERY字段：基础语义模糊匹配通过
2026-02-27 04:18:33,935 - INFO - CaseID:1433 - 整体结果: FAILED | 详情: APINAME不匹配：预期[visual_search]，实际[worthbuy]; CATEGORY不匹配：一方为空 - 预期[]，实际[商品对比]; TAG不匹配：一方为空 - 预期[]，实际[中餐菜单&西餐菜单&区别]
2026-02-27 04:18:33,935 - INFO - CaseID:1434 - CATEGORY字段：模型输出含「其他问答」，该字段通过
2026-02-27 04:18:38,370 - INFO - CaseID:1434 - 整体结果: FAILED | 详情: APINAME不匹配：预期[visual_search]，实际[QASearch]; QUERY不匹配：基础语义模糊匹配失败 - 预期[帮我看看鱼片粥每碗多少钱]，实际[北京朝阳区鱼片粥价格]; TAG不匹配：一方为空 - 预期[]，实际[北京朝阳区&鱼片粥&价格]
2026-02-27 04:18:42,512 - INFO - CaseID:1435 - QUERY字段：基础语义模糊匹配通过
2026-02-27 04:18:42,513 - INFO - CaseID:1435 - 整体结果: FAILED | 详情: APINAME不匹配：预期[visual_search]，实际[AUTOSearch]; CATEGORY不匹配：一方为空 - 预期[]，实际[汽车]; TAG不匹配：一方为空 - 预期[]，实际[a套餐&价格]
2026-02-27 04:18:46,154 - INFO - CaseID:1436 - QUERY字段：基础语义模糊匹配通过
2026-02-27 04:18:46,154 - INFO - CaseID:1436 - 整体结果: PASS | 详情: 所有字段校验通过
2026-02-27 04:18:50,149 - INFO - CaseID:1437 - QUERY字段：基础语义模糊匹配通过
2026-02-27 04:18:50,149 - INFO - CaseID:1437 - 整体结果: PASS | 详情: 所有字段校验通过
2026-02-27 04:18:57,936 - INFO - CaseID:1438 - QUERY字段：语义匹配失败，但visual_search链路意图匹配通过
2026-02-27 04:18:57,937 - INFO - CaseID:1438 - 整体结果: PASS | 详情: 所有字段校验通过
2026-02-27 04:18:57,937 - INFO - CaseID:1439 - 整体结果: FAILED | 详情: 模型输出核心字段全为空，判定不通过
2026-02-27 04:18:57,937 - INFO - CaseID:1440 - CATEGORY字段：模型输出含「其他问答」，该字段通过
2026-02-27 04:19:01,794 - INFO - CaseID:1440 - QUERY字段：基础语义模糊匹配通过
2026-02-27 04:19:01,794 - INFO - CaseID:1440 - 整体结果: FAILED | 详情: APINAME不匹配：预期[visual_search]，实际[QASearch]; TAG不匹配：一方为空 - 预期[]，实际[世界上&第一个汉堡&名称]
2026-02-27 04:19:06,532 - INFO - CaseID:1441 - QUERY字段：基础语义模糊匹配通过
2026-02-27 04:19:06,532 - INFO - CaseID:1441 - 整体结果: FAILED | 详情: APINAME不匹配：预期[visual_search]，实际[QASearch]; CATEGORY不匹配：一方为空 - 预期[]，实际[出游美食]; TAG不匹配：一方为空 - 预期[]，实际[这页第一个菜是什么菜]
2026-02-27 04:19:10,695 - INFO - CaseID:1442 - QUERY字段：基础语义模糊匹配通过
2026-02-27 04:19:10,695 - INFO - CaseID:1442 - 整体结果: PASS | 详情: 所有字段校验通过
2026-02-27 04:19:10,695 - INFO - CaseID:1443 - 整体结果: FAILED | 详情: 模型输出核心字段全为空，判定不通过
2026-02-27 04:19:18,613 - INFO - CaseID:1444 - QUERY字段：语义匹配失败，但visual_search链路意图匹配通过
2026-02-27 04:19:18,614 - INFO - CaseID:1444 - 整体结果: PASS | 详情: 所有字段校验通过
2026-02-27 04:19:26,605 - INFO - CaseID:1445 - QUERY字段：语义匹配失败，但visual_search链路意图匹配通过
2026-02-27 04:19:26,605 - INFO - CaseID:1445 - 整体结果: PASS | 详情: 所有字段校验通过
2026-02-27 04:19:30,492 - INFO - CaseID:1446 - QUERY字段：基础语义模糊匹配通过
2026-02-27 04:19:30,492 - INFO - CaseID:1446 - 整体结果: PASS | 详情: 所有字段校验通过
2026-02-27 04:19:39,093 - INFO - CaseID:1447 - QUERY字段：语义匹配失败，但visual_search链路意图匹配通过
2026-02-27 04:19:39,093 - INFO - CaseID:1447 - 整体结果: PASS | 详情: 所有字段校验通过
2026-02-27 04:19:42,764 - INFO - CaseID:1448 - QUERY字段：基础语义模糊匹配通过
2026-02-27 04:19:42,765 - INFO - CaseID:1448 - 整体结果: PASS | 详情: 所有字段校验通过
2026-02-27 04:19:50,352 - INFO - CaseID:1449 - QUERY字段：语义匹配失败，但visual_search链路意图匹配通过
2026-02-27 04:19:50,353 - INFO - CaseID:1449 - 整体结果: PASS | 详情: 所有字段校验通过
2026-02-27 04:19:54,260 - INFO - CaseID:1450 - QUERY字段：基础语义模糊匹配通过
2026-02-27 04:19:54,261 - INFO - CaseID:1450 - 整体结果: PASS | 详情: 所有字段校验通过
2026-02-27 04:19:58,089 - INFO - CaseID:1451 - 整体结果: FAILED | 详情: APINAME不匹配：预期[visual_search]，实际[skill_search]; QUERY不匹配：基础语义模糊匹配失败 - 预期[请识别并翻译这份菜单的中文版本]，实际[请提供需要翻译的菜单图片或文字内容]
2026-02-27 04:20:02,078 - INFO - CaseID:1452 - QUERY字段：基础语义模糊匹配通过
2026-02-27 04:20:02,079 - INFO - CaseID:1452 - 整体结果: FAILED | 详情: APINAME不匹配：预期[visual_search]，实际[QASearch]; CATEGORY不匹配：一方为空 - 预期[]，实际[出游美食]; TAG不匹配：一方为空 - 预期[]，实际[这是什么菜系的菜单]
2026-02-27 04:20:07,184 - INFO - CaseID:1453 - QUERY字段：基础语义模糊匹配通过
2026-02-27 04:20:07,184 - INFO - CaseID:1453 - 整体结果: FAILED | 详情: APINAME不匹配：预期[visual_search]，实际[QASearch]; CATEGORY不匹配：一方为空 - 预期[]，实际[出游美食]; TAG不匹配：一方为空 - 预期[]，实际[第一个比萨叫什么名字]
2026-02-27 04:20:15,244 - INFO - CaseID:1454 - QUERY字段：语义匹配失败，但visual_search链路意图匹配通过
2026-02-27 04:20:15,244 - INFO - CaseID:1454 - 整体结果: PASS | 详情: 所有字段校验通过
2026-02-27 04:20:18,822 - INFO - CaseID:1455 - QUERY字段：基础语义模糊匹配通过
2026-02-27 04:20:18,823 - INFO - CaseID:1455 - 整体结果: FAILED | 详情: APINAME不匹配：预期[visual_search]，实际[QASearch]; CATEGORY不匹配：一方为空 - 预期[]，实际[出游美食]; TAG不匹配：一方为空 - 预期[]，实际[第一个菜叫什么名字]
2026-02-27 04:20:27,122 - INFO - CaseID:1456 - QUERY字段：语义匹配失败，但visual_search链路意图匹配通过
2026-02-27 04:20:27,124 - INFO - CaseID:1456 - 整体结果: PASS | 详情: 所有字段校验通过
2026-02-27 04:20:30,989 - INFO - CaseID:1457 - QUERY字段：基础语义模糊匹配通过
2026-02-27 04:20:30,989 - INFO - CaseID:1457 - 整体结果: PASS | 详情: 所有字段校验通过
2026-02-27 04:20:35,162 - INFO - CaseID:1458 - QUERY字段：基础语义模糊匹配通过
2026-02-27 04:20:35,163 - INFO - CaseID:1458 - 整体结果: PASS | 详情: 所有字段校验通过
2026-02-27 04:20:42,690 - INFO - CaseID:1459 - QUERY字段：语义匹配失败，但visual_search链路意图匹配通过
2026-02-27 04:20:42,690 - INFO - CaseID:1459 - 整体结果: PASS | 详情: 所有字段校验通过
2026-02-27 04:20:50,707 - INFO - CaseID:1460 - QUERY字段：语义匹配失败，但visual_search链路意图匹配通过
2026-02-27 04:20:50,707 - INFO - CaseID:1460 - 整体结果: PASS | 详情: 所有字段校验通过
2026-02-27 04:20:54,590 - INFO - CaseID:1461 - QUERY字段：基础语义模糊匹配通过
2026-02-27 04:20:54,591 - INFO - CaseID:1461 - 整体结果: PASS | 详情: 所有字段校验通过
2026-02-27 04:20:59,320 - INFO - CaseID:1462 - QUERY字段：基础语义模糊匹配通过
2026-02-27 04:20:59,320 - INFO - CaseID:1462 - 整体结果: PASS | 详情: 所有字段校验通过
2026-02-27 04:21:03,488 - INFO - CaseID:1463 - QUERY字段：基础语义模糊匹配通过
2026-02-27 04:21:03,490 - INFO - CaseID:1463 - 整体结果: PASS | 详情: 所有字段校验通过
2026-02-27 04:21:07,116 - INFO - CaseID:1464 - QUERY字段：基础语义模糊匹配通过
2026-02-27 04:21:07,116 - INFO - CaseID:1464 - 整体结果: PASS | 详情: 所有字段校验通过
2026-02-27 04:21:15,054 - INFO - CaseID:1465 - QUERY字段：语义匹配失败，但visual_search链路意图匹配通过
2026-02-27 04:21:15,055 - INFO - CaseID:1465 - 整体结果: PASS | 详情: 所有字段校验通过
2026-02-27 04:21:19,538 - INFO - CaseID:1466 - QUERY字段：基础语义模糊匹配通过
2026-02-27 04:21:19,538 - INFO - CaseID:1466 - 整体结果: PASS | 详情: 所有字段校验通过
2026-02-27 04:21:23,364 - INFO - CaseID:1467 - QUERY字段：基础语义模糊匹配通过
2026-02-27 04:21:23,364 - INFO - CaseID:1467 - 整体结果: FAILED | 详情: APINAME不匹配：预期[visual_search]，实际[AUTOSearch]; CATEGORY不匹配：一方为空 - 预期[]，实际[汽车]; TAG不匹配：一方为空 - 预期[]，实际[左上角&第一个物品]
2026-02-27 04:21:27,360 - INFO - CaseID:1468 - 整体结果: FAILED | 详情: APINAME不匹配：预期[visual_search]，实际[QASearch]; CATEGORY不匹配：一方为空 - 预期[]，实际[世界之最]; QUERY不匹配：基础语义模糊匹配失败 - 预期[第一个是什么酒]，实际[世界第一个酒]; TAG不匹配：一方为空 - 预期[]，实际[世界&第一个酒]
2026-02-27 04:21:27,361 - INFO - CaseID:1469 - CATEGORY字段：模型输出含「其他问答」，该字段通过
2026-02-27 04:21:31,290 - INFO - CaseID:1469 - QUERY字段：基础语义模糊匹配通过
2026-02-27 04:21:31,291 - INFO - CaseID:1469 - 整体结果: FAILED | 详情: APINAME不匹配：预期[visual_search]，实际[QASearch]; TAG不匹配：一方为空 - 预期[]，实际[罗斯福10酒&详细信息]
2026-02-27 04:21:34,940 - INFO - CaseID:1470 - QUERY字段：基础语义模糊匹配通过
2026-02-27 04:21:34,940 - INFO - CaseID:1470 - 整体结果: PASS | 详情: 所有字段校验通过
2026-02-27 04:21:34,940 - INFO - CaseID:1471 - 整体结果: FAILED | 详情: 模型输出核心字段全为空，判定不通过
2026-02-27 04:21:34,941 - INFO - CaseID:1472 - 整体结果: FAILED | 详情: 模型输出核心字段全为空，判定不通过
2026-02-27 04:21:42,619 - INFO - CaseID:1473 - QUERY字段：语义匹配失败，但visual_search链路意图匹配通过
2026-02-27 04:21:42,620 - INFO - CaseID:1473 - 整体结果: PASS | 详情: 所有字段校验通过
2026-02-27 04:21:46,992 - INFO - CaseID:1474 - 整体结果: FAILED | 详情: APINAME不匹配：预期[visual_search]，实际[QASearch]; CATEGORY不匹配：一方为空 - 预期[]，实际[人物]; QUERY不匹配：基础语义模糊匹配失败 - 预期[创作他的灵感来自于什么]，实际[他指的是哪位创作者或艺术家]; TAG不匹配：一方为空 - 预期[]，实际[他&创作者&艺术家]
2026-02-27 04:21:50,811 - INFO - CaseID:1475 - QUERY字段：基础语义模糊匹配通过
2026-02-27 04:21:50,811 - INFO - CaseID:1475 - 整体结果: PASS | 详情: 所有字段校验通过
2026-02-27 04:21:59,690 - INFO - CaseID:1476 - QUERY字段：语义匹配失败，但visual_search链路意图匹配通过
2026-02-27 04:21:59,691 - INFO - CaseID:1476 - 整体结果: PASS | 详情: 所有字段校验通过
2026-02-27 04:22:03,359 - INFO - CaseID:1477 - QUERY字段：基础语义模糊匹配通过
2026-02-27 04:22:03,360 - INFO - CaseID:1477 - 整体结果: PASS | 详情: 所有字段校验通过
2026-02-27 04:22:07,389 - INFO - CaseID:1478 - QUERY字段：基础语义模糊匹配通过
2026-02-27 04:22:07,389 - INFO - CaseID:1478 - 整体结果: PASS | 详情: 所有字段校验通过
2026-02-27 04:22:11,161 - INFO - CaseID:1479 - 整体结果: FAILED | 详情: APINAME不匹配：预期[visual_search]，实际[AUTOSearch]; CATEGORY不匹配：一方为空 - 预期[]，实际[汽车]; QUERY不匹配：基础语义模糊匹配失败 - 预期[这是理想汽车的徽章吗]，实际[理想汽车官方徽章设计]; TAG不匹配：一方为空 - 预期[]，实际[理想汽车&官方徽章&设计]
2026-02-27 04:22:16,996 - INFO - CaseID:1480 - QUERY字段：基础语义模糊匹配通过
2026-02-27 04:22:16,997 - INFO - CaseID:1480 - 整体结果: PASS | 详情: 所有字段校验通过
2026-02-27 04:22:16,997 - INFO - CaseID:1481 - 整体结果: FAILED | 详情: 模型输出核心字段全为空，判定不通过
2026-02-27 04:22:16,998 - INFO - CaseID:1482 - 整体结果: FAILED | 详情: 模型输出核心字段全为空，判定不通过
2026-02-27 04:22:21,254 - INFO - CaseID:1483 - QUERY字段：基础语义模糊匹配通过
2026-02-27 04:22:21,255 - INFO - CaseID:1483 - 整体结果: PASS | 详情: 所有字段校验通过
2026-02-27 04:22:21,255 - INFO - CaseID:1484 - CATEGORY字段：模型输出含「其他问答」，该字段通过
2026-02-27 04:22:25,187 - INFO - CaseID:1484 - 整体结果: FAILED | 详情: APINAME不匹配：预期[visual_search]，实际[QASearch]; QUERY不匹配：基础语义模糊匹配失败 - 预期[这个玩偶是杨村里的帅气的喜羊羊吗]，实际[杨村里的喜羊羊玩偶特征]; TAG不匹配：一方为空 - 预期[]，实际[杨村&喜羊羊玩偶&特征]
2026-02-27 04:22:29,015 - INFO - CaseID:1485 - QUERY字段：基础语义模糊匹配通过
2026-02-27 04:22:29,015 - INFO - CaseID:1485 - 整体结果: PASS | 详情: 所有字段校验通过
2026-02-27 04:22:32,767 - INFO - CaseID:1486 - 整体结果: FAILED | 详情: APINAME不匹配：预期[visual_search]，实际[QASearch]; CATEGORY不匹配：一方为空 - 预期[]，实际[法律]; QUERY不匹配：基础语义模糊匹配失败 - 预期[这看起来像不像盗版的]，实际[盗版的定义]; TAG不匹配：一方为空 - 预期[]，实际[盗版&定义]
2026-02-27 04:22:37,023 - INFO - CaseID:1487 - QUERY字段：基础语义模糊匹配通过
2026-02-27 04:22:37,023 - INFO - CaseID:1487 - 整体结果: PASS | 详情: 所有字段校验通过
2026-02-27 04:22:40,753 - INFO - CaseID:1488 - QUERY字段：基础语义模糊匹配通过
2026-02-27 04:22:40,754 - INFO - CaseID:1488 - 整体结果: PASS | 详情: 所有字段校验通过
2026-02-27 04:22:44,641 - INFO - CaseID:1489 - QUERY字段：基础语义模糊匹配通过
2026-02-27 04:22:44,642 - INFO - CaseID:1489 - 整体结果: PASS | 详情: 所有字段校验通过
2026-02-27 04:22:44,642 - INFO - CaseID:1490 - 整体结果: FAILED | 详情: 模型输出核心字段全为空，判定不通过
2026-02-27 04:22:44,642 - INFO - CaseID:1491 - 整体结果: FAILED | 详情: 模型输出核心字段全为空，判定不通过
2026-02-27 04:22:48,636 - INFO - CaseID:1492 - 整体结果: FAILED | 详情: APINAME不匹配：预期[visual_search]，实际[QASearch]; CATEGORY不匹配：一方为空 - 预期[]，实际[人物]; QUERY不匹配：基础语义模糊匹配失败 - 预期[这是灰太狼吗]，实际[灰太狼的形象特征]; TAG不匹配：一方为空 - 预期[]，实际[灰太狼&形象特征]
2026-02-27 04:22:48,637 - INFO - CaseID:1493 - 整体结果: FAILED | 详情: 模型输出核心字段全为空，判定不通过
2026-02-27 04:22:48,637 - INFO - CaseID:1494 - 整体结果: FAILED | 详情: 模型输出核心字段全为空，判定不通过
2026-02-27 04:22:53,282 - INFO - CaseID:1495 - QUERY字段：基础语义模糊匹配通过
2026-02-27 04:22:53,283 - INFO - CaseID:1495 - 整体结果: PASS | 详情: 所有字段校验通过
2026-02-27 04:22:53,283 - INFO - CaseID:1496 - 整体结果: FAILED | 详情: 模型输出核心字段全为空，判定不通过
2026-02-27 04:22:53,283 - INFO - CaseID:1497 - 整体结果: FAILED | 详情: 模型输出核心字段全为空，判定不通过
2026-02-27 04:22:57,173 - INFO - CaseID:1498 - 整体结果: FAILED | 详情: APINAME不匹配：预期[visual_search]，实际[QASearch]; CATEGORY不匹配：一方为空 - 预期[]，实际[生物]; QUERY不匹配：基础语义模糊匹配失败 - 预期[这个系着粉色蝴蝶结的羊是什么]，实际[系着粉色蝴蝶结的羊的品种或特征]; TAG不匹配：一方为空 - 预期[]，实际[系着粉色蝴蝶结&羊&品种或特征]
2026-02-27 04:22:57,173 - INFO - CaseID:1499 - 整体结果: FAILED | 详情: 模型输出核心字段全为空，判定不通过
2026-02-27 04:22:57,173 - INFO - CaseID:1500 - 整体结果: FAILED | 详情: 模型输出核心字段全为空，判定不通过
2026-02-27 04:22:57,174 - INFO - CaseID:1501 - 整体结果: FAILED | 详情: 模型输出核心字段全为空，判定不通过
2026-02-27 04:23:00,818 - INFO - CaseID:1502 - 整体结果: FAILED | 详情: APINAME不匹配：预期[visual_search]，实际[QASearch]; CATEGORY不匹配：一方为空 - 预期[]，实际[影视]; QUERY不匹配：基础语义模糊匹配失败 - 预期[穿红色衣服的是小猪佩奇吗]，实际[小猪佩奇的典型服装颜色]; TAG不匹配：一方为空 - 预期[]，实际[小猪佩奇&服装&颜色]
2026-02-27 04:23:00,820 - INFO - CaseID:1503 - 整体结果: FAILED | 详情: 模型输出核心字段全为空，判定不通过
2026-02-27 04:23:04,703 - INFO - CaseID:1504 - 整体结果: FAILED | 详情: APINAME不匹配：预期[visual_search]，实际[worthbuy]; CATEGORY不匹配：一方为空 - 预期[]，实际[商品查询-确定商品]; QUERY不匹配：基础语义模糊匹配失败 - 预期[这真的是小猪佩奇玩偶吗]，实际[小猪佩奇玩偶的官方特征和图片]; TAG不匹配：一方为空 - 预期[]，实际[小猪佩奇玩偶&官方特征&图片]
2026-02-27 04:23:04,704 - INFO - CaseID:1505 - CATEGORY字段：模型输出含「其他问答」，该字段通过
2026-02-27 04:23:08,409 - INFO - CaseID:1505 - 整体结果: FAILED | 详情: APINAME不匹配：预期[visual_search]，实际[QASearch]; QUERY不匹配：基础语义模糊匹配失败 - 预期[用户手中拿的是佩奇（PeppaPig）吗？]，实际[佩奇指的是什么产品]; TAG不匹配：一方为空 - 预期[]，实际[佩奇&产品]
2026-02-27 04:23:12,326 - INFO - CaseID:1506 - 整体结果: FAILED | 详情: APINAME不匹配：预期[visual_search]，实际[worthbuy]; CATEGORY不匹配：一方为空 - 预期[]，实际[商品查询-确定商品]; QUERY不匹配：基础语义模糊匹配失败 - 预期[这是不是小猪佩奇的玩偶啊]，实际[小猪佩奇玩偶的特征]; TAG不匹配：一方为空 - 预期[]，实际[小猪佩奇玩偶&特征]
2026-02-27 04:23:16,209 - INFO - CaseID:1507 - QUERY字段：基础语义模糊匹配通过
2026-02-27 04:23:16,210 - INFO - CaseID:1507 - 整体结果: PASS | 详情: 所有字段校验通过
2026-02-27 04:23:16,210 - INFO - CaseID:1508 - 整体结果: FAILED | 详情: 模型输出核心字段全为空，判定不通过
2026-02-27 04:23:16,210 - INFO - CaseID:1509 - 整体结果: FAILED | 详情: 模型输出核心字段全为空，判定不通过
2026-02-27 04:23:20,177 - INFO - CaseID:1510 - QUERY字段：基础语义模糊匹配通过
2026-02-27 04:23:20,178 - INFO - CaseID:1510 - 整体结果: PASS | 详情: 所有字段校验通过
2026-02-27 04:23:24,171 - INFO - CaseID:1511 - QUERY字段：基础语义模糊匹配通过
2026-02-27 04:23:24,172 - INFO - CaseID:1511 - 整体结果: PASS | 详情: 所有字段校验通过
2026-02-27 04:23:27,798 - INFO - CaseID:1512 - QUERY字段：基础语义模糊匹配通过
2026-02-27 04:23:27,798 - INFO - CaseID:1512 - 整体结果: PASS | 详情: 所有字段校验通过
2026-02-27 04:23:31,853 - INFO - CaseID:1513 - QUERY字段：基础语义模糊匹配通过
2026-02-27 04:23:31,854 - INFO - CaseID:1513 - 整体结果: PASS | 详情: 所有字段校验通过
2026-02-27 04:23:39,358 - INFO - CaseID:1514 - QUERY字段：语义匹配失败，但visual_search链路意图匹配通过
2026-02-27 04:23:39,358 - INFO - CaseID:1514 - 整体结果: PASS | 详情: 所有字段校验通过
2026-02-27 04:23:39,359 - INFO - CaseID:1515 - 整体结果: FAILED | 详情: 模型输出核心字段全为空，判定不通过
2026-02-27 04:23:48,338 - INFO - CaseID:1516 - QUERY字段：语义匹配失败，但visual_search链路意图匹配通过
2026-02-27 04:23:48,338 - INFO - CaseID:1516 - 整体结果: PASS | 详情: 所有字段校验通过
2026-02-27 04:23:56,325 - INFO - CaseID:1517 - QUERY字段：语义匹配失败，但visual_search链路意图匹配通过
2026-02-27 04:23:56,326 - INFO - CaseID:1517 - 整体结果: PASS | 详情: 所有字段校验通过
2026-02-27 04:24:00,231 - INFO - CaseID:1518 - QUERY字段：基础语义模糊匹配通过
2026-02-27 04:24:00,232 - INFO - CaseID:1518 - 整体结果: PASS | 详情: 所有字段校验通过
2026-02-27 04:24:04,107 - INFO - CaseID:1519 - QUERY字段：基础语义模糊匹配通过
2026-02-27 04:24:04,108 - INFO - CaseID:1519 - 整体结果: PASS | 详情: 所有字段校验通过
2026-02-27 04:24:08,424 - INFO - CaseID:1520 - QUERY字段：基础语义模糊匹配通过
2026-02-27 04:24:08,424 - INFO - CaseID:1520 - 整体结果: PASS | 详情: 所有字段校验通过
2026-02-27 04:24:08,425 - INFO - CaseID:1521 - CATEGORY字段：模型输出含「其他问答」，该字段通过
2026-02-27 04:24:12,294 - INFO - CaseID:1521 - 整体结果: FAILED | 详情: APINAME不匹配：预期[visual_search]，实际[QASearch]; QUERY不匹配：基础语义模糊匹配失败 - 预期[这个躺着的玩偶是灰灰公仔吗]，实际[灰灰公仔的特征]; TAG不匹配：一方为空 - 预期[]，实际[灰灰公仔&特征]
2026-02-27 04:24:20,987 - INFO - CaseID:1522 - QUERY字段：语义匹配失败，但visual_search链路意图匹配通过
2026-02-27 04:24:20,987 - INFO - CaseID:1522 - 整体结果: PASS | 详情: 所有字段校验通过
2026-02-27 04:24:20,987 - INFO - CaseID:1523 - CATEGORY字段：模型输出含「其他问答」，该字段通过
2026-02-27 04:24:24,636 - INFO - CaseID:1523 - 整体结果: FAILED | 详情: APINAME不匹配：预期[visual_search]，实际[QASearch]; QUERY不匹配：基础语义模糊匹配失败 - 预期[这到底是不是小克公仔]，实际[小克公仔的特征]; TAG不匹配：一方为空 - 预期[]，实际[小克公仔&特征]
2026-02-27 04:24:28,683 - INFO - CaseID:1524 - QUERY字段：基础语义模糊匹配通过
2026-02-27 04:24:28,684 - INFO - CaseID:1524 - 整体结果: PASS | 详情: 所有字段校验通过
2026-02-27 04:24:32,348 - INFO - CaseID:1525 - QUERY字段：基础语义模糊匹配通过
2026-02-27 04:24:32,348 - INFO - CaseID:1525 - 整体结果: PASS | 详情: 所有字段校验通过
2026-02-27 04:24:36,364 - INFO - CaseID:1526 - QUERY字段：基础语义模糊匹配通过
2026-02-27 04:24:36,364 - INFO - CaseID:1526 - 整体结果: PASS | 详情: 所有字段校验通过
2026-02-27 04:24:40,355 - INFO - CaseID:1527 - QUERY字段：基础语义模糊匹配通过
2026-02-27 04:24:40,356 - INFO - CaseID:1527 - 整体结果: PASS | 详情: 所有字段校验通过
2026-02-27 04:24:44,350 - INFO - CaseID:1528 - QUERY字段：基础语义模糊匹配通过
2026-02-27 04:24:44,350 - INFO - CaseID:1528 - 整体结果: PASS | 详情: 所有字段校验通过
2026-02-27 04:24:48,345 - INFO - CaseID:1529 - QUERY字段：基础语义模糊匹配通过
2026-02-27 04:24:48,345 - INFO - CaseID:1529 - 整体结果: PASS | 详情: 所有字段校验通过
2026-02-27 04:24:48,346 - INFO - CaseID:1530 - CATEGORY字段：模型输出含「其他问答」，该字段通过
2026-02-27 04:24:51,989 - INFO - CaseID:1530 - 整体结果: FAILED | 详情: APINAME不匹配：预期[visual_search]，实际[QASearch]; QUERY不匹配：基础语义模糊匹配失败 - 预期[这是不是路马公仔]，实际[路马公仔的特征是什么]; TAG不匹配：一方为空 - 预期[]，实际[路马公仔&特征]
2026-02-27 04:24:59,991 - INFO - CaseID:1531 - QUERY字段：语义匹配失败，但visual_search链路意图匹配通过
2026-02-27 04:24:59,992 - INFO - CaseID:1531 - 整体结果: PASS | 详情: 所有字段校验通过
2026-02-27 04:25:04,345 - INFO - CaseID:1532 - QUERY字段：基础语义模糊匹配通过
2026-02-27 04:25:04,346 - INFO - CaseID:1532 - 整体结果: PASS | 详情: 所有字段校验通过
2026-02-27 04:25:08,614 - INFO - CaseID:1533 - QUERY字段：基础语义模糊匹配通过
2026-02-27 04:25:08,614 - INFO - CaseID:1533 - 整体结果: PASS | 详情: 所有字段校验通过
2026-02-27 04:25:13,330 - INFO - CaseID:1534 - QUERY字段：基础语义模糊匹配通过
2026-02-27 04:25:13,331 - INFO - CaseID:1534 - 整体结果: PASS | 详情: 所有字段校验通过
2026-02-27 04:25:17,181 - INFO - CaseID:1535 - QUERY字段：基础语义模糊匹配通过
2026-02-27 04:25:17,181 - INFO - CaseID:1535 - 整体结果: PASS | 详情: 所有字段校验通过
2026-02-27 04:25:17,182 - INFO - CaseID:1536 - 整体结果: FAILED | 详情: 模型输出核心字段全为空，判定不通过
2026-02-27 04:25:21,174 - INFO - CaseID:1537 - QUERY字段：基础语义模糊匹配通过
2026-02-27 04:25:21,175 - INFO - CaseID:1537 - 整体结果: PASS | 详情: 所有字段校验通过
2026-02-27 04:25:25,106 - INFO - CaseID:1538 - QUERY字段：基础语义模糊匹配通过
2026-02-27 04:25:25,106 - INFO - CaseID:1538 - 整体结果: PASS | 详情: 所有字段校验通过
2026-02-27 04:25:28,684 - INFO - CaseID:1539 - QUERY字段：基础语义模糊匹配通过
2026-02-27 04:25:28,684 - INFO - CaseID:1539 - 整体结果: PASS | 详情: 所有字段校验通过
2026-02-27 04:25:32,627 - INFO - CaseID:1540 - QUERY字段：基础语义模糊匹配通过
2026-02-27 04:25:32,628 - INFO - CaseID:1540 - 整体结果: FAILED | 详情: APINAME不匹配：预期[visual_search]，实际[AUTOSearch]; CATEGORY不匹配：一方为空 - 预期[]，实际[汽车]; TAG不匹配：一方为空 - 预期[]，实际[这些&公仔]
2026-02-27 04:25:32,628 - INFO - CaseID:1541 - 整体结果: FAILED | 详情: 模型输出核心字段全为空，判定不通过
2026-02-27 04:25:36,495 - INFO - CaseID:1542 - QUERY字段：基础语义模糊匹配通过
2026-02-27 04:25:36,496 - INFO - CaseID:1542 - 整体结果: PASS | 详情: 所有字段校验通过
2026-02-27 04:25:36,496 - INFO - CaseID:1543 - 整体结果: FAILED | 详情: 模型输出核心字段全为空，判定不通过
2026-02-27 04:25:36,496 - INFO - CaseID:1544 - 整体结果: FAILED | 详情: 模型输出核心字段全为空，判定不通过
2026-02-27 04:25:44,384 - INFO - CaseID:1545 - QUERY字段：语义匹配失败，但visual_search链路意图匹配通过
2026-02-27 04:25:44,386 - INFO - CaseID:1545 - 整体结果: PASS | 详情: 所有字段校验通过
2026-02-27 04:25:52,038 - INFO - CaseID:1546 - QUERY字段：语义匹配失败，但visual_search链路意图匹配通过
2026-02-27 04:25:52,038 - INFO - CaseID:1546 - 整体结果: PASS | 详情: 所有字段校验通过
2026-02-27 04:25:52,039 - INFO - CaseID:1547 - 整体结果: FAILED | 详情: 模型输出核心字段全为空，判定不通过
2026-02-27 04:25:52,039 - INFO - CaseID:1548 - 整体结果: FAILED | 详情: 模型输出核心字段全为空，判定不通过
2026-02-27 04:25:55,778 - INFO - CaseID:1549 - 整体结果: FAILED | 详情: APINAME不匹配：预期[visual_search]，实际[skill_search]; QUERY不匹配：基础语义模糊匹配失败 - 预期[识别当前摄像头捕捉到的食物或物品]，实际[吃完这个需要刷牙么]
2026-02-27 04:25:55,779 - INFO - CaseID:1550 - 整体结果: FAILED | 详情: 模型输出核心字段全为空，判定不通过
2026-02-27 04:25:55,779 - INFO - CaseID:1551 - 整体结果: FAILED | 详情: 模型输出核心字段全为空，判定不通过
2026-02-27 04:25:55,780 - INFO - CaseID:1552 - 整体结果: FAILED | 详情: 模型输出核心字段全为空，判定不通过
2026-02-27 04:25:55,780 - INFO - CaseID:1553 - 整体结果: FAILED | 详情: 模型输出核心字段全为空，判定不通过
2026-02-27 04:26:04,693 - INFO - CaseID:1554 - QUERY字段：语义匹配失败，但visual_search链路意图匹配通过
2026-02-27 04:26:04,695 - INFO - CaseID:1554 - 整体结果: PASS | 详情: 所有字段校验通过
2026-02-27 04:26:04,695 - INFO - CaseID:1555 - CATEGORY字段：模型输出含「其他问答」，该字段通过
2026-02-27 04:26:08,644 - INFO - CaseID:1555 - 整体结果: FAILED | 详情: APINAME不匹配：预期[visual_search]，实际[QASearch]; QUERY不匹配：基础语义模糊匹配失败 - 预期[它和花生哪个好吃]，实际[它具体指什么食物]; TAG不匹配：一方为空 - 预期[]，实际[它&具体&指&食物]
2026-02-27 04:26:08,645 - INFO - CaseID:1556 - CATEGORY字段：模型输出含「其他问答」，该字段通过
2026-02-27 04:26:12,576 - INFO - CaseID:1556 - 整体结果: FAILED | 详情: APINAME不匹配：预期[visual_search]，实际[QASearch]; QUERY不匹配：基础语义模糊匹配失败 - 预期[这是什么品牌的方便面？]，实际[方便面消费者人群类型]; TAG不匹配：一方为空 - 预期[]，实际[方便面&消费者&人群类型]
2026-02-27 04:26:16,718 - INFO - CaseID:1557 - 整体结果: FAILED | 详情: APINAME不匹配：预期[visual_search]，实际[QASearch]; CATEGORY不匹配：一方为空 - 预期[]，实际[健康]; QUERY不匹配：基础语义模糊匹配失败 - 预期[用户展示的食物是什么？]，实际[贫血的常见原因]; TAG不匹配：一方为空 - 预期[]，实际[贫血&常见原因]
2026-02-27 04:26:16,719 - INFO - CaseID:1558 - 整体结果: FAILED | 详情: 模型输出核心字段全为空，判定不通过
2026-02-27 04:26:16,719 - INFO - CaseID:1559 - 整体结果: FAILED | 详情: 模型输出核心字段全为空，判定不通过
2026-02-27 04:26:20,765 - INFO - CaseID:1560 - QUERY字段：基础语义模糊匹配通过
2026-02-27 04:26:20,765 - INFO - CaseID:1560 - 整体结果: PASS | 详情: 所有字段校验通过
2026-02-27 04:26:28,814 - INFO - CaseID:1561 - QUERY字段：语义匹配失败，但visual_search链路意图匹配通过
2026-02-27 04:26:28,814 - INFO - CaseID:1561 - 整体结果: PASS | 详情: 所有字段校验通过
2026-02-27 04:26:28,814 - INFO - CaseID:1562 - 整体结果: FAILED | 详情: 模型输出核心字段全为空，判定不通过
2026-02-27 04:26:32,769 - INFO - CaseID:1563 - QUERY字段：基础语义模糊匹配通过
2026-02-27 04:26:32,770 - INFO - CaseID:1563 - 整体结果: PASS | 详情: 所有字段校验通过
2026-02-27 04:26:40,470 - INFO - CaseID:1564 - QUERY字段：语义匹配失败，但visual_search链路意图匹配通过
2026-02-27 04:26:40,471 - INFO - CaseID:1564 - 整体结果: PASS | 详情: 所有字段校验通过
2026-02-27 04:26:40,471 - INFO - CaseID:1565 - 整体结果: FAILED | 详情: 模型输出核心字段全为空，判定不通过
2026-02-27 04:26:40,471 - INFO - CaseID:1566 - 整体结果: FAILED | 详情: 模型输出核心字段全为空，判定不通过
2026-02-27 04:26:44,486 - INFO - CaseID:1567 - QUERY字段：基础语义模糊匹配通过
2026-02-27 04:26:44,486 - INFO - CaseID:1567 - 整体结果: PASS | 详情: 所有字段校验通过
2026-02-27 04:26:52,065 - INFO - CaseID:1568 - QUERY字段：语义匹配失败，但visual_search链路意图匹配通过
2026-02-27 04:26:52,065 - INFO - CaseID:1568 - 整体结果: PASS | 详情: 所有字段校验通过
2026-02-27 04:26:52,066 - INFO - CaseID:1569 - 整体结果: FAILED | 详情: 模型输出核心字段全为空，判定不通过
2026-02-27 04:26:56,447 - INFO - CaseID:1570 - QUERY字段：基础语义模糊匹配通过
2026-02-27 04:26:56,447 - INFO - CaseID:1570 - 整体结果: PASS | 详情: 所有字段校验通过
2026-02-27 04:26:56,448 - INFO - CaseID:1571 - 整体结果: FAILED | 详情: 模型输出核心字段全为空，判定不通过
2026-02-27 04:27:00,315 - INFO - CaseID:1572 - QUERY字段：基础语义模糊匹配通过
2026-02-27 04:27:00,316 - INFO - CaseID:1572 - 整体结果: PASS | 详情: 所有字段校验通过
2026-02-27 04:27:04,309 - INFO - CaseID:1573 - 整体结果: FAILED | 详情: APINAME不匹配：预期[visual_search]，实际[skill_search]; QUERY不匹配：基础语义模糊匹配失败 - 预期[这个可以泡的吃么]，实际[识别当前摄像头中的物品并判断是否可以泡水食用]
2026-02-27 04:27:08,130 - INFO - CaseID:1574 - QUERY字段：基础语义模糊匹配通过
2026-02-27 04:27:08,131 - INFO - CaseID:1574 - 整体结果: PASS | 详情: 所有字段校验通过
2026-02-27 04:27:11,809 - INFO - CaseID:1575 - QUERY字段：基础语义模糊匹配通过
2026-02-27 04:27:11,810 - INFO - CaseID:1575 - 整体结果: PASS | 详情: 所有字段校验通过
2026-02-27 04:27:19,485 - INFO - CaseID:1576 - QUERY字段：语义匹配失败，但visual_search链路意图匹配通过
2026-02-27 04:27:19,485 - INFO - CaseID:1576 - 整体结果: PASS | 详情: 所有字段校验通过
2026-02-27 04:27:27,495 - INFO - CaseID:1577 - QUERY字段：语义匹配失败，但visual_search链路意图匹配通过
2026-02-27 04:27:27,495 - INFO - CaseID:1577 - 整体结果: PASS | 详情: 所有字段校验通过
2026-02-27 04:27:27,495 - INFO - CaseID:1578 - 整体结果: FAILED | 详情: 模型输出核心字段全为空，判定不通过
2026-02-27 04:27:32,160 - INFO - CaseID:1579 - QUERY字段：基础语义模糊匹配通过
2026-02-27 04:27:32,162 - INFO - CaseID:1579 - 整体结果: PASS | 详情: 所有字段校验通过
2026-02-27 04:27:32,162 - INFO - CaseID:1580 - 整体结果: FAILED | 详情: 模型输出核心字段全为空，判定不通过
2026-02-27 04:27:39,606 - INFO - CaseID:1581 - QUERY字段：语义匹配失败，但visual_search链路意图匹配通过
2026-02-27 04:27:39,607 - INFO - CaseID:1581 - 整体结果: PASS | 详情: 所有字段校验通过
2026-02-27 04:27:43,805 - INFO - CaseID:1582 - QUERY字段：基础语义模糊匹配通过
2026-02-27 04:27:43,805 - INFO - CaseID:1582 - 整体结果: PASS | 详情: 所有字段校验通过
2026-02-27 04:27:51,436 - INFO - CaseID:1583 - QUERY字段：语义匹配失败，但visual_search链路意图匹配通过
2026-02-27 04:27:51,436 - INFO - CaseID:1583 - 整体结果: PASS | 详情: 所有字段校验通过
2026-02-27 04:27:55,299 - INFO - CaseID:1584 - 整体结果: FAILED | 详情: APINAME不匹配：预期[visual_search]，实际[AUTOSearch]; CATEGORY不匹配：一方为空 - 预期[]，实际[汽车]; QUERY不匹配：基础语义模糊匹配失败 - 预期[识别当前摄像头画面中的食物]，实际[开车时是否可以吃坚果]; TAG不匹配：一方为空 - 预期[]，实际[开车&吃坚果]
2026-02-27 04:27:59,718 - INFO - CaseID:1585 - QUERY字段：基础语义模糊匹配通过
2026-02-27 04:27:59,718 - INFO - CaseID:1585 - 整体结果: PASS | 详情: 所有字段校验通过
2026-02-27 04:28:03,621 - INFO - CaseID:1586 - QUERY字段：基础语义模糊匹配通过
2026-02-27 04:28:03,621 - INFO - CaseID:1586 - 整体结果: PASS | 详情: 所有字段校验通过
2026-02-27 04:28:03,621 - INFO - CaseID:1587 - 整体结果: FAILED | 详情: 模型输出核心字段全为空，判定不通过
2026-02-27 04:28:07,614 - INFO - CaseID:1588 - QUERY字段：基础语义模糊匹配通过
2026-02-27 04:28:07,615 - INFO - CaseID:1588 - 整体结果: PASS | 详情: 所有字段校验通过
2026-02-27 04:28:12,473 - INFO - CaseID:1589 - QUERY字段：基础语义模糊匹配通过
2026-02-27 04:28:12,474 - INFO - CaseID:1589 - 整体结果: PASS | 详情: 所有字段校验通过
2026-02-27 04:28:20,063 - INFO - CaseID:1590 - QUERY字段：语义匹配失败，但visual_search链路意图匹配通过
2026-02-27 04:28:20,063 - INFO - CaseID:1590 - 整体结果: PASS | 详情: 所有字段校验通过
2026-02-27 04:28:24,000 - INFO - CaseID:1591 - QUERY字段：基础语义模糊匹配通过
2026-02-27 04:28:24,000 - INFO - CaseID:1591 - 整体结果: PASS | 详情: 所有字段校验通过
2026-02-27 04:28:27,938 - INFO - CaseID:1592 - QUERY字段：基础语义模糊匹配通过
2026-02-27 04:28:27,938 - INFO - CaseID:1592 - 整体结果: PASS | 详情: 所有字段校验通过
2026-02-27 04:28:32,638 - INFO - CaseID:1593 - QUERY字段：基础语义模糊匹配通过
2026-02-27 04:28:32,638 - INFO - CaseID:1593 - 整体结果: PASS | 详情: 所有字段校验通过
2026-02-27 04:28:36,674 - INFO - CaseID:1594 - QUERY字段：基础语义模糊匹配通过
2026-02-27 04:28:36,674 - INFO - CaseID:1594 - 整体结果: PASS | 详情: 所有字段校验通过
2026-02-27 04:28:40,690 - INFO - CaseID:1595 - QUERY字段：基础语义模糊匹配通过
2026-02-27 04:28:40,691 - INFO - CaseID:1595 - 整体结果: PASS | 详情: 所有字段校验通过
2026-02-27 04:28:44,487 - INFO - CaseID:1596 - QUERY字段：基础语义模糊匹配通过
2026-02-27 04:28:44,488 - INFO - CaseID:1596 - 整体结果: PASS | 详情: 所有字段校验通过
2026-02-27 04:28:48,361 - INFO - CaseID:1597 - QUERY字段：基础语义模糊匹配通过
2026-02-27 04:28:48,361 - INFO - CaseID:1597 - 整体结果: PASS | 详情: 所有字段校验通过
2026-02-27 04:28:56,075 - INFO - CaseID:1598 - QUERY字段：语义匹配失败，但visual_search链路意图匹配通过
2026-02-27 04:28:56,075 - INFO - CaseID:1598 - 整体结果: PASS | 详情: 所有字段校验通过
2026-02-27 04:29:04,225 - INFO - CaseID:1599 - QUERY字段：语义匹配失败，但visual_search链路意图匹配通过
2026-02-27 04:29:04,226 - INFO - CaseID:1599 - 整体结果: PASS | 详情: 所有字段校验通过
2026-02-27 04:29:04,227 - INFO - CaseID:1600 - 整体结果: FAILED | 详情: 模型输出核心字段全为空，判定不通过
2026-02-27 04:29:04,227 - INFO - 已处理1600/2393条用例，当前通过数：1035（64.69%）
2026-02-27 04:29:13,762 - INFO - CaseID:1601 - QUERY字段：语义匹配失败，但visual_search链路意图匹配通过
2026-02-27 04:29:13,762 - INFO - CaseID:1601 - 整体结果: PASS | 详情: 所有字段校验通过
2026-02-27 04:29:22,407 - INFO - CaseID:1602 - QUERY字段：语义匹配失败，但visual_search链路意图匹配通过
2026-02-27 04:29:22,408 - INFO - CaseID:1602 - 整体结果: PASS | 详情: 所有字段校验通过
2026-02-27 04:29:30,149 - INFO - CaseID:1603 - QUERY字段：语义匹配失败，但visual_search链路意图匹配通过
2026-02-27 04:29:30,150 - INFO - CaseID:1603 - 整体结果: PASS | 详情: 所有字段校验通过
2026-02-27 04:29:30,150 - INFO - CaseID:1604 - 整体结果: FAILED | 详情: 模型输出核心字段全为空，判定不通过
2026-02-27 04:29:33,772 - INFO - CaseID:1605 - QUERY字段：基础语义模糊匹配通过
2026-02-27 04:29:33,772 - INFO - CaseID:1605 - 整体结果: PASS | 详情: 所有字段校验通过
2026-02-27 04:29:33,773 - INFO - CaseID:1606 - 整体结果: FAILED | 详情: 模型输出核心字段全为空，判定不通过
2026-02-27 04:29:37,830 - INFO - CaseID:1607 - QUERY字段：基础语义模糊匹配通过
2026-02-27 04:29:37,831 - INFO - CaseID:1607 - 整体结果: PASS | 详情: 所有字段校验通过
2026-02-27 04:29:41,545 - INFO - CaseID:1608 - QUERY字段：基础语义模糊匹配通过
2026-02-27 04:29:41,545 - INFO - CaseID:1608 - 整体结果: PASS | 详情: 所有字段校验通过
2026-02-27 04:29:50,317 - INFO - CaseID:1609 - QUERY字段：语义匹配失败，但visual_search链路意图匹配通过
2026-02-27 04:29:50,318 - INFO - CaseID:1609 - 整体结果: PASS | 详情: 所有字段校验通过
2026-02-27 04:29:58,172 - INFO - CaseID:1610 - QUERY字段：语义匹配失败，但visual_search链路意图匹配通过
2026-02-27 04:29:58,172 - INFO - CaseID:1610 - 整体结果: PASS | 详情: 所有字段校验通过
2026-02-27 04:30:05,701 - INFO - CaseID:1611 - QUERY字段：语义匹配失败，但visual_search链路意图匹配通过
2026-02-27 04:30:05,701 - INFO - CaseID:1611 - 整体结果: PASS | 详情: 所有字段校验通过
2026-02-27 04:30:13,362 - INFO - CaseID:1612 - QUERY字段：语义匹配失败，但visual_search链路意图匹配通过
2026-02-27 04:30:13,363 - INFO - CaseID:1612 - 整体结果: PASS | 详情: 所有字段校验通过
2026-02-27 04:30:17,229 - INFO - CaseID:1613 - QUERY字段：基础语义模糊匹配通过
2026-02-27 04:30:17,230 - INFO - CaseID:1613 - 整体结果: PASS | 详情: 所有字段校验通过
2026-02-27 04:30:21,932 - INFO - CaseID:1614 - QUERY字段：基础语义模糊匹配通过
2026-02-27 04:30:21,933 - INFO - CaseID:1614 - 整体结果: FAILED | 详情: APINAME不匹配：预期[visual_search]，实际[skill_search]
2026-02-27 04:30:30,156 - INFO - CaseID:1615 - QUERY字段：语义匹配失败，但visual_search链路意图匹配通过
2026-02-27 04:30:30,157 - INFO - CaseID:1615 - 整体结果: PASS | 详情: 所有字段校验通过
2026-02-27 04:30:30,157 - INFO - CaseID:1616 - 整体结果: FAILED | 详情: 模型输出核心字段全为空，判定不通过
2026-02-27 04:30:34,150 - INFO - CaseID:1617 - QUERY字段：基础语义模糊匹配通过
2026-02-27 04:30:34,150 - INFO - CaseID:1617 - 整体结果: PASS | 详情: 所有字段校验通过
2026-02-27 04:30:37,916 - INFO - CaseID:1618 - QUERY字段：基础语义模糊匹配通过
2026-02-27 04:30:37,917 - INFO - CaseID:1618 - 整体结果: PASS | 详情: 所有字段校验通过
2026-02-27 04:30:46,849 - INFO - CaseID:1619 - QUERY字段：语义匹配失败，但visual_search链路意图匹配通过
2026-02-27 04:30:46,849 - INFO - CaseID:1619 - 整体结果: PASS | 详情: 所有字段校验通过
2026-02-27 04:30:50,915 - INFO - CaseID:1620 - QUERY字段：基础语义模糊匹配通过
2026-02-27 04:30:50,916 - INFO - CaseID:1620 - 整体结果: PASS | 详情: 所有字段校验通过
2026-02-27 04:30:58,418 - INFO - CaseID:1621 - QUERY字段：语义匹配失败，但visual_search链路意图匹配通过
2026-02-27 04:30:58,419 - INFO - CaseID:1621 - 整体结果: PASS | 详情: 所有字段校验通过
2026-02-27 04:31:02,412 - INFO - CaseID:1622 - QUERY字段：基础语义模糊匹配通过
2026-02-27 04:31:02,412 - INFO - CaseID:1622 - 整体结果: PASS | 详情: 所有字段校验通过
2026-02-27 04:31:10,098 - INFO - CaseID:1623 - QUERY字段：语义匹配失败，但visual_search链路意图匹配通过
2026-02-27 04:31:10,098 - INFO - CaseID:1623 - 整体结果: PASS | 详情: 所有字段校验通过
2026-02-27 04:31:13,929 - INFO - CaseID:1624 - QUERY字段：基础语义模糊匹配通过
2026-02-27 04:31:13,929 - INFO - CaseID:1624 - 整体结果: PASS | 详情: 所有字段校验通过
2026-02-27 04:31:18,625 - INFO - CaseID:1625 - QUERY字段：基础语义模糊匹配通过
2026-02-27 04:31:18,625 - INFO - CaseID:1625 - 整体结果: PASS | 详情: 所有字段校验通过
2026-02-27 04:31:22,455 - INFO - CaseID:1626 - QUERY字段：基础语义模糊匹配通过
2026-02-27 04:31:22,455 - INFO - CaseID:1626 - 整体结果: PASS | 详情: 所有字段校验通过
2026-02-27 04:31:26,162 - INFO - CaseID:1627 - QUERY字段：基础语义模糊匹配通过
2026-02-27 04:31:26,162 - INFO - CaseID:1627 - 整体结果: PASS | 详情: 所有字段校验通过
2026-02-27 04:31:30,073 - INFO - CaseID:1628 - QUERY字段：基础语义模糊匹配通过
2026-02-27 04:31:30,074 - INFO - CaseID:1628 - 整体结果: PASS | 详情: 所有字段校验通过
2026-02-27 04:31:38,548 - INFO - CaseID:1629 - QUERY字段：语义匹配失败，但visual_search链路意图匹配通过
2026-02-27 04:31:38,548 - INFO - CaseID:1629 - 整体结果: PASS | 详情: 所有字段校验通过
2026-02-27 04:31:38,548 - INFO - CaseID:1630 - 整体结果: FAILED | 详情: 模型输出核心字段全为空，判定不通过
2026-02-27 04:31:42,482 - INFO - CaseID:1631 - QUERY字段：基础语义模糊匹配通过
2026-02-27 04:31:42,482 - INFO - CaseID:1631 - 整体结果: PASS | 详情: 所有字段校验通过
2026-02-27 04:31:46,377 - INFO - CaseID:1632 - QUERY字段：基础语义模糊匹配通过
2026-02-27 04:31:46,378 - INFO - CaseID:1632 - 整体结果: PASS | 详情: 所有字段校验通过
2026-02-27 04:31:53,930 - INFO - CaseID:1633 - QUERY字段：语义匹配失败，但visual_search链路意图匹配通过
2026-02-27 04:31:53,930 - INFO - CaseID:1633 - 整体结果: PASS | 详情: 所有字段校验通过
2026-02-27 04:31:57,913 - INFO - CaseID:1634 - QUERY字段：基础语义模糊匹配通过
2026-02-27 04:31:57,913 - INFO - CaseID:1634 - 整体结果: PASS | 详情: 所有字段校验通过
2026-02-27 04:32:01,801 - INFO - CaseID:1635 - QUERY字段：基础语义模糊匹配通过
2026-02-27 04:32:01,802 - INFO - CaseID:1635 - 整体结果: PASS | 详情: 所有字段校验通过
2026-02-27 04:32:06,121 - INFO - CaseID:1636 - QUERY字段：基础语义模糊匹配通过
2026-02-27 04:32:06,122 - INFO - CaseID:1636 - 整体结果: PASS | 详情: 所有字段校验通过
2026-02-27 04:32:06,122 - INFO - CaseID:1637 - 整体结果: FAILED | 详情: 模型输出核心字段全为空，判定不通过
2026-02-27 04:32:10,022 - INFO - CaseID:1638 - QUERY字段：基础语义模糊匹配通过
2026-02-27 04:32:10,022 - INFO - CaseID:1638 - 整体结果: PASS | 详情: 所有字段校验通过
2026-02-27 04:32:13,957 - INFO - CaseID:1639 - QUERY字段：基础语义模糊匹配通过
2026-02-27 04:32:13,957 - INFO - CaseID:1639 - 整体结果: PASS | 详情: 所有字段校验通过
2026-02-27 04:32:18,084 - INFO - CaseID:1640 - QUERY字段：基础语义模糊匹配通过
2026-02-27 04:32:18,084 - INFO - CaseID:1640 - 整体结果: PASS | 详情: 所有字段校验通过
2026-02-27 04:32:21,707 - INFO - CaseID:1641 - QUERY字段：基础语义模糊匹配通过
2026-02-27 04:32:21,707 - INFO - CaseID:1641 - 整体结果: PASS | 详情: 所有字段校验通过
2026-02-27 04:32:26,484 - INFO - CaseID:1642 - QUERY字段：基础语义模糊匹配通过
2026-02-27 04:32:26,484 - INFO - CaseID:1642 - 整体结果: PASS | 详情: 所有字段校验通过
2026-02-27 04:32:30,476 - INFO - CaseID:1643 - QUERY字段：基础语义模糊匹配通过
2026-02-27 04:32:30,476 - INFO - CaseID:1643 - 整体结果: PASS | 详情: 所有字段校验通过
2026-02-27 04:32:34,402 - INFO - CaseID:1644 - QUERY字段：基础语义模糊匹配通过
2026-02-27 04:32:34,403 - INFO - CaseID:1644 - 整体结果: PASS | 详情: 所有字段校验通过
2026-02-27 04:32:34,403 - INFO - CaseID:1645 - 整体结果: FAILED | 详情: 模型输出核心字段全为空，判定不通过
2026-02-27 04:32:34,404 - INFO - CaseID:1646 - 整体结果: FAILED | 详情: 模型输出核心字段全为空，判定不通过
2026-02-27 04:32:34,404 - INFO - CaseID:1647 - 整体结果: FAILED | 详情: 模型输出核心字段全为空，判定不通过
2026-02-27 04:32:38,872 - INFO - CaseID:1648 - QUERY字段：基础语义模糊匹配通过
2026-02-27 04:32:38,873 - INFO - CaseID:1648 - 整体结果: PASS | 详情: 所有字段校验通过
2026-02-27 04:32:38,873 - INFO - CaseID:1649 - 整体结果: FAILED | 详情: 模型输出核心字段全为空，判定不通过
2026-02-27 04:32:42,778 - INFO - CaseID:1650 - 整体结果: FAILED | 详情: APINAME不匹配：预期[visual_search]，实际[QASearch]; CATEGORY不匹配：一方为空 - 预期[]，实际[健康]; QUERY不匹配：基础语义模糊匹配失败 - 预期[他拄拐杖合适吗]，实际[拄拐杖的适用情况]; TAG不匹配：一方为空 - 预期[]，实际[拄拐杖&适用情况]
2026-02-27 04:32:42,779 - INFO - CaseID:1651 - 整体结果: FAILED | 详情: 模型输出核心字段全为空，判定不通过
2026-02-27 04:32:46,757 - INFO - CaseID:1652 - QUERY字段：基础语义模糊匹配通过
2026-02-27 04:32:46,757 - INFO - CaseID:1652 - 整体结果: FAILED | 详情: APINAME不匹配：预期[visual_search]，实际[QASearch]; CATEGORY不匹配：一方为空 - 预期[]，实际[健康]; TAG不匹配：一方为空 - 预期[]，实际[拄拐杖&适用人群]
2026-02-27 04:32:46,757 - INFO - CaseID:1653 - 整体结果: FAILED | 详情: 模型输出核心字段全为空，判定不通过
2026-02-27 04:32:46,758 - INFO - CaseID:1654 - 整体结果: FAILED | 详情: 模型输出核心字段全为空，判定不通过
2026-02-27 04:32:46,758 - INFO - CaseID:1655 - 整体结果: FAILED | 详情: 模型输出核心字段全为空，判定不通过
2026-02-27 04:32:46,758 - INFO - CaseID:1656 - 整体结果: FAILED | 详情: 模型输出核心字段全为空，判定不通过
2026-02-27 04:32:54,678 - INFO - CaseID:1657 - QUERY字段：语义匹配失败，但visual_search链路意图匹配通过
2026-02-27 04:32:54,679 - INFO - CaseID:1657 - 整体结果: PASS | 详情: 所有字段校验通过
2026-02-27 04:32:54,680 - INFO - CaseID:1658 - 整体结果: FAILED | 详情: 模型输出核心字段全为空，判定不通过
2026-02-27 04:33:03,346 - INFO - CaseID:1659 - QUERY字段：语义匹配失败，但visual_search链路意图匹配通过
2026-02-27 04:33:03,347 - INFO - CaseID:1659 - 整体结果: PASS | 详情: 所有字段校验通过
2026-02-27 04:33:03,347 - INFO - CaseID:1660 - 整体结果: FAILED | 详情: 模型输出核心字段全为空，判定不通过
2026-02-27 04:33:03,347 - INFO - CaseID:1661 - 整体结果: FAILED | 详情: 模型输出核心字段全为空，判定不通过
2026-02-27 04:33:03,348 - INFO - CaseID:1662 - 整体结果: FAILED | 详情: 模型输出核心字段全为空，判定不通过
2026-02-27 04:33:03,348 - INFO - CaseID:1663 - 整体结果: FAILED | 详情: APINAME不匹配：预期[visual_search]，实际[weather_query_index]; QUERY不匹配：基础语义模糊匹配失败 - 预期[这衣服下雨天穿怎么样]，实际[]
2026-02-27 04:33:07,545 - INFO - CaseID:1664 - QUERY字段：基础语义模糊匹配通过
2026-02-27 04:33:07,545 - INFO - CaseID:1664 - 整体结果: PASS | 详情: 所有字段校验通过
2026-02-27 04:33:15,431 - INFO - CaseID:1665 - QUERY字段：语义匹配失败，但visual_search链路意图匹配通过
2026-02-27 04:33:15,431 - INFO - CaseID:1665 - 整体结果: PASS | 详情: 所有字段校验通过
2026-02-27 04:33:19,116 - INFO - CaseID:1666 - QUERY字段：基础语义模糊匹配通过
2026-02-27 04:33:19,117 - INFO - CaseID:1666 - 整体结果: PASS | 详情: 所有字段校验通过
2026-02-27 04:33:19,117 - INFO - CaseID:1667 - 整体结果: FAILED | 详情: 模型输出核心字段全为空，判定不通过
2026-02-27 04:33:23,109 - INFO - CaseID:1668 - QUERY字段：基础语义模糊匹配通过
2026-02-27 04:33:23,109 - INFO - CaseID:1668 - 整体结果: PASS | 详情: 所有字段校验通过
2026-02-27 04:33:30,708 - INFO - CaseID:1669 - QUERY字段：语义匹配失败，但visual_search链路意图匹配通过
2026-02-27 04:33:30,708 - INFO - CaseID:1669 - 整体结果: PASS | 详情: 所有字段校验通过
2026-02-27 04:33:35,034 - INFO - CaseID:1670 - QUERY字段：基础语义模糊匹配通过
2026-02-27 04:33:35,034 - INFO - CaseID:1670 - 整体结果: FAILED | 详情: APINAME不匹配：预期[visual_search]，实际[worthbuy]; CATEGORY不匹配：一方为空 - 预期[]，实际[商品推荐]; TAG不匹配：一方为空 - 预期[]，实际[外套&保暖&防风&性能指标]
2026-02-27 04:33:39,869 - INFO - CaseID:1671 - QUERY字段：基础语义模糊匹配通过
2026-02-27 04:33:39,870 - INFO - CaseID:1671 - 整体结果: PASS | 详情: 所有字段校验通过
2026-02-27 04:33:43,725 - INFO - CaseID:1672 - QUERY字段：基础语义模糊匹配通过
2026-02-27 04:33:43,726 - INFO - CaseID:1672 - 整体结果: PASS | 详情: 所有字段校验通过
2026-02-27 04:33:47,407 - INFO - CaseID:1673 - QUERY字段：基础语义模糊匹配通过
2026-02-27 04:33:47,407 - INFO - CaseID:1673 - 整体结果: PASS | 详情: 所有字段校验通过
2026-02-27 04:33:54,955 - INFO - CaseID:1674 - QUERY字段：语义匹配失败，但visual_search链路意图匹配通过
2026-02-27 04:33:54,955 - INFO - CaseID:1674 - 整体结果: PASS | 详情: 所有字段校验通过
2026-02-27 04:33:58,855 - INFO - CaseID:1675 - 整体结果: FAILED | 详情: APINAME不匹配：预期[visual_search]，实际[QASearch]; CATEGORY不匹配：一方为空 - 预期[]，实际[公司]; QUERY不匹配：基础语义模糊匹配失败 - 预期[这个衣服是骆驼的吗]，实际[骆驼品牌衣服的标识特征]; TAG不匹配：一方为空 - 预期[]，实际[骆驼品牌&衣服&标识&特征]
2026-02-27 04:34:02,854 - INFO - CaseID:1676 - QUERY字段：基础语义模糊匹配通过
2026-02-27 04:34:02,854 - INFO - CaseID:1676 - 整体结果: PASS | 详情: 所有字段校验通过
2026-02-27 04:34:06,774 - INFO - CaseID:1677 - QUERY字段：基础语义模糊匹配通过
2026-02-27 04:34:06,774 - INFO - CaseID:1677 - 整体结果: PASS | 详情: 所有字段校验通过
2026-02-27 04:34:10,707 - INFO - CaseID:1678 - QUERY字段：基础语义模糊匹配通过
2026-02-27 04:34:10,707 - INFO - CaseID:1678 - 整体结果: PASS | 详情: 所有字段校验通过
2026-02-27 04:34:18,303 - INFO - CaseID:1679 - QUERY字段：语义匹配失败，但visual_search链路意图匹配通过
2026-02-27 04:34:18,304 - INFO - CaseID:1679 - 整体结果: PASS | 详情: 所有字段校验通过
2026-02-27 04:34:22,617 - INFO - CaseID:1680 - QUERY字段：基础语义模糊匹配通过
2026-02-27 04:34:22,617 - INFO - CaseID:1680 - 整体结果: PASS | 详情: 所有字段校验通过
2026-02-27 04:34:31,515 - INFO - CaseID:1681 - QUERY字段：语义匹配失败，但visual_search链路意图匹配通过
2026-02-27 04:34:31,515 - INFO - CaseID:1681 - 整体结果: PASS | 详情: 所有字段校验通过
2026-02-27 04:34:35,591 - INFO - CaseID:1682 - QUERY字段：基础语义模糊匹配通过
2026-02-27 04:34:35,591 - INFO - CaseID:1682 - 整体结果: PASS | 详情: 所有字段校验通过
2026-02-27 04:34:39,515 - INFO - CaseID:1683 - QUERY字段：基础语义模糊匹配通过
2026-02-27 04:34:39,516 - INFO - CaseID:1683 - 整体结果: PASS | 详情: 所有字段校验通过
2026-02-27 04:34:43,598 - INFO - CaseID:1684 - QUERY字段：基础语义模糊匹配通过
2026-02-27 04:34:43,599 - INFO - CaseID:1684 - 整体结果: PASS | 详情: 所有字段校验通过
2026-02-27 04:34:51,379 - INFO - CaseID:1685 - QUERY字段：语义匹配失败，但visual_search链路意图匹配通过
2026-02-27 04:34:51,379 - INFO - CaseID:1685 - 整体结果: PASS | 详情: 所有字段校验通过
2026-02-27 04:34:55,260 - INFO - CaseID:1686 - QUERY字段：基础语义模糊匹配通过
2026-02-27 04:34:55,260 - INFO - CaseID:1686 - 整体结果: PASS | 详情: 所有字段校验通过
2026-02-27 04:35:03,975 - INFO - CaseID:1687 - QUERY字段：语义匹配失败，但visual_search链路意图匹配通过
2026-02-27 04:35:03,976 - INFO - CaseID:1687 - 整体结果: PASS | 详情: 所有字段校验通过
2026-02-27 04:35:07,857 - INFO - CaseID:1688 - QUERY字段：基础语义模糊匹配通过
2026-02-27 04:35:07,857 - INFO - CaseID:1688 - 整体结果: FAILED | 详情: APINAME不匹配：预期[visual_search]，实际[worthbuy]; CATEGORY不匹配：一方为空 - 预期[]，实际[商品推荐]; TAG不匹配：一方为空 - 预期[]，实际[对勾标志&短袖衣服&品牌]
2026-02-27 04:35:11,529 - INFO - CaseID:1689 - QUERY字段：基础语义模糊匹配通过
2026-02-27 04:35:11,530 - INFO - CaseID:1689 - 整体结果: PASS | 详情: 所有字段校验通过
2026-02-27 04:35:15,460 - INFO - CaseID:1690 - QUERY字段：基础语义模糊匹配通过
2026-02-27 04:35:15,460 - INFO - CaseID:1690 - 整体结果: PASS | 详情: 所有字段校验通过
2026-02-27 04:35:19,476 - INFO - CaseID:1691 - 整体结果: FAILED | 详情: APINAME不匹配：预期[visual_search]，实际[skill_search]; QUERY不匹配：基础语义模糊匹配失败 - 预期[这个衣服搭配黑色裤子好看吗]，实际[这件衣服的款式颜色和风格是什么]
2026-02-27 04:35:27,328 - INFO - CaseID:1692 - QUERY字段：语义匹配失败，但visual_search链路意图匹配通过
2026-02-27 04:35:27,328 - INFO - CaseID:1692 - 整体结果: PASS | 详情: 所有字段校验通过
2026-02-27 04:35:35,616 - INFO - CaseID:1693 - QUERY字段：语义匹配失败，但visual_search链路意图匹配通过
2026-02-27 04:35:35,616 - INFO - CaseID:1693 - 整体结果: PASS | 详情: 所有字段校验通过
2026-02-27 04:35:39,235 - INFO - CaseID:1694 - QUERY字段：基础语义模糊匹配通过
2026-02-27 04:35:39,235 - INFO - CaseID:1694 - 整体结果: PASS | 详情: 所有字段校验通过
2026-02-27 04:35:43,189 - INFO - CaseID:1695 - QUERY字段：基础语义模糊匹配通过
2026-02-27 04:35:43,190 - INFO - CaseID:1695 - 整体结果: PASS | 详情: 所有字段校验通过
2026-02-27 04:35:43,190 - INFO - CaseID:1696 - 整体结果: FAILED | 详情: 模型输出核心字段全为空，判定不通过
2026-02-27 04:35:50,894 - INFO - CaseID:1697 - QUERY字段：语义匹配失败，但visual_search链路意图匹配通过
2026-02-27 04:35:50,895 - INFO - CaseID:1697 - 整体结果: PASS | 详情: 所有字段校验通过
2026-02-27 04:35:50,895 - INFO - CaseID:1698 - CATEGORY字段：模型输出含「其他问答」，该字段通过
2026-02-27 04:35:54,827 - INFO - CaseID:1698 - 整体结果: FAILED | 详情: APINAME不匹配：预期[visual_search]，实际[QASearch]; QUERY不匹配：基础语义模糊匹配失败 - 预期[当前摄像头捕捉到的物品或服装是什么？]，实际[运动风穿搭的特点]; TAG不匹配：一方为空 - 预期[]，实际[运动风穿搭&特点]
2026-02-27 04:35:58,733 - INFO - CaseID:1699 - QUERY字段：基础语义模糊匹配通过
2026-02-27 04:35:58,734 - INFO - CaseID:1699 - 整体结果: PASS | 详情: 所有字段校验通过
2026-02-27 04:36:02,546 - INFO - CaseID:1700 - 整体结果: FAILED | 详情: APINAME不匹配：预期[visual_search]，实际[worthbuy]; CATEGORY不匹配：一方为空 - 预期[]，实际[商品查询-确定商品]; QUERY不匹配：基础语义模糊匹配失败 - 预期[我穿这个裤子去打高尔夫球合适吗]，实际[高尔夫裤的材质和设计特点]; TAG不匹配：一方为空 - 预期[]，实际[高尔夫裤&材质&设计特点]
2026-02-27 04:36:06,545 - INFO - CaseID:1701 - QUERY字段：基础语义模糊匹配通过
2026-02-27 04:36:06,545 - INFO - CaseID:1701 - 整体结果: PASS | 详情: 所有字段校验通过
2026-02-27 04:36:14,383 - INFO - CaseID:1702 - QUERY字段：语义匹配失败，但visual_search链路意图匹配通过
2026-02-27 04:36:14,383 - INFO - CaseID:1702 - 整体结果: PASS | 详情: 所有字段校验通过
2026-02-27 04:36:18,727 - INFO - CaseID:1703 - QUERY字段：基础语义模糊匹配通过
2026-02-27 04:36:18,727 - INFO - CaseID:1703 - 整体结果: PASS | 详情: 所有字段校验通过
2026-02-27 04:36:18,728 - INFO - CaseID:1704 - CATEGORY字段：模型输出含「其他问答」，该字段通过
2026-02-27 04:36:22,618 - INFO - CaseID:1704 - QUERY字段：基础语义模糊匹配通过
2026-02-27 04:36:22,619 - INFO - CaseID:1704 - 整体结果: FAILED | 详情: APINAME不匹配：预期[visual_search]，实际[QASearch]; TAG不匹配：一方为空 - 预期[]，实际[跑步时穿裤子&舒适度]
2026-02-27 04:36:26,610 - INFO - CaseID:1705 - 整体结果: FAILED | 详情: APINAME不匹配：预期[visual_search]，实际[worthbuy]; CATEGORY不匹配：一方为空 - 预期[]，实际[商品推荐]; QUERY不匹配：基础语义模糊匹配失败 - 预期[识别当前摄像头画面中的物品]，实际[当前流行趋势中哪些物品适合运动风穿搭]; TAG不匹配：一方为空 - 预期[]，实际[当前流行趋势&适合运动风穿搭&物品]
2026-02-27 04:36:30,435 - INFO - CaseID:1706 - QUERY字段：基础语义模糊匹配通过
2026-02-27 04:36:30,436 - INFO - CaseID:1706 - 整体结果: PASS | 详情: 所有字段校验通过
2026-02-27 04:36:30,436 - INFO - CaseID:1707 - CATEGORY字段：模型输出含「其他问答」，该字段通过
2026-02-27 04:36:34,063 - INFO - CaseID:1707 - 整体结果: FAILED | 详情: APINAME不匹配：预期[visual_search]，实际[QASearch]; QUERY不匹配：基础语义模糊匹配失败 - 预期[我穿这个衣服参加演讲和合适吧]，实际[演讲场合的着装要求]; TAG不匹配：一方为空 - 预期[]，实际[演讲场合&着装要求]
2026-02-27 04:36:34,063 - INFO - CaseID:1708 - 整体结果: FAILED | 详情: 模型输出核心字段全为空，判定不通过
2026-02-27 04:36:38,284 - INFO - CaseID:1709 - QUERY字段：基础语义模糊匹配通过
2026-02-27 04:36:38,284 - INFO - CaseID:1709 - 整体结果: PASS | 详情: 所有字段校验通过
2026-02-27 04:36:42,280 - INFO - CaseID:1710 - QUERY字段：基础语义模糊匹配通过
2026-02-27 04:36:42,280 - INFO - CaseID:1710 - 整体结果: FAILED | 详情: APINAME不匹配：预期[visual_search]，实际[worthbuy]; CATEGORY不匹配：一方为空 - 预期[]，实际[商品推荐]; TAG不匹配：一方为空 - 预期[]，实际[白色衣服&适合搭配&外套类型]
2026-02-27 04:36:46,135 - INFO - CaseID:1711 - QUERY字段：基础语义模糊匹配通过
2026-02-27 04:36:46,136 - INFO - CaseID:1711 - 整体结果: PASS | 详情: 所有字段校验通过
2026-02-27 04:36:54,046 - INFO - CaseID:1712 - QUERY字段：语义匹配失败，但visual_search链路意图匹配通过
2026-02-27 04:36:54,047 - INFO - CaseID:1712 - 整体结果: PASS | 详情: 所有字段校验通过
2026-02-27 04:36:58,080 - INFO - CaseID:1713 - QUERY字段：基础语义模糊匹配通过
2026-02-27 04:36:58,080 - INFO - CaseID:1713 - 整体结果: PASS | 详情: 所有字段校验通过
2026-02-27 04:37:01,735 - INFO - CaseID:1714 - QUERY字段：基础语义模糊匹配通过
2026-02-27 04:37:01,735 - INFO - CaseID:1714 - 整体结果: PASS | 详情: 所有字段校验通过
2026-02-27 04:37:05,727 - INFO - CaseID:1715 - 整体结果: FAILED | 详情: APINAME不匹配：预期[visual_search]，实际[QASearch]; CATEGORY不匹配：一方为空 - 预期[]，实际[公司]; QUERY不匹配：基础语义模糊匹配失败 - 预期[这双帅气的皮鞋是prada的吗]，实际[Prada皮鞋的官方标识]; TAG不匹配：一方为空 - 预期[]，实际[Prada皮鞋&官方标识]
2026-02-27 04:37:09,824 - INFO - CaseID:1716 - QUERY字段：基础语义模糊匹配通过
2026-02-27 04:37:09,825 - INFO - CaseID:1716 - 整体结果: PASS | 详情: 所有字段校验通过
2026-02-27 04:37:14,188 - INFO - CaseID:1717 - QUERY字段：基础语义模糊匹配通过
2026-02-27 04:37:14,189 - INFO - CaseID:1717 - 整体结果: PASS | 详情: 所有字段校验通过
2026-02-27 04:37:14,189 - INFO - CaseID:1718 - 整体结果: FAILED | 详情: 模型输出核心字段全为空，判定不通过
2026-02-27 04:37:14,190 - INFO - CaseID:1719 - CATEGORY字段：模型输出含「其他问答」，该字段通过
2026-02-27 04:37:18,013 - INFO - CaseID:1719 - 整体结果: FAILED | 详情: APINAME不匹配：预期[visual_search]，实际[QASearch]; QUERY不匹配：基础语义模糊匹配失败 - 预期[他为什么适合休闲风格穿]，实际[休闲风格穿搭的特点]; TAG不匹配：一方为空 - 预期[]，实际[休闲风格穿搭&特点]
2026-02-27 04:37:22,010 - INFO - CaseID:1720 - QUERY字段：基础语义模糊匹配通过
2026-02-27 04:37:22,010 - INFO - CaseID:1720 - 整体结果: PASS | 详情: 所有字段校验通过
2026-02-27 04:37:25,831 - INFO - CaseID:1721 - QUERY字段：基础语义模糊匹配通过
2026-02-27 04:37:25,831 - INFO - CaseID:1721 - 整体结果: FAILED | 详情: APINAME不匹配：预期[visual_search]，实际[worthbuy]; CATEGORY不匹配：一方为空 - 预期[]，实际[商品查询-确定商品]; TAG不匹配：一方为空 - 预期[]，实际[匡威&经典白色帆布鞋&特征]
2026-02-27 04:37:33,549 - INFO - CaseID:1722 - QUERY字段：语义匹配失败，但visual_search链路意图匹配通过
2026-02-27 04:37:33,550 - INFO - CaseID:1722 - 整体结果: PASS | 详情: 所有字段校验通过
2026-02-27 04:37:41,612 - INFO - CaseID:1723 - QUERY字段：语义匹配失败，但visual_search链路意图匹配通过
2026-02-27 04:37:41,613 - INFO - CaseID:1723 - 整体结果: PASS | 详情: 所有字段校验通过
2026-02-27 04:37:49,950 - INFO - CaseID:1724 - QUERY字段：语义匹配失败，但visual_search链路意图匹配通过
2026-02-27 04:37:49,951 - INFO - CaseID:1724 - 整体结果: PASS | 详情: 所有字段校验通过
2026-02-27 04:37:54,321 - INFO - CaseID:1725 - QUERY字段：基础语义模糊匹配通过
2026-02-27 04:37:54,322 - INFO - CaseID:1725 - 整体结果: PASS | 详情: 所有字段校验通过
2026-02-27 04:37:58,362 - INFO - CaseID:1726 - QUERY字段：基础语义模糊匹配通过
2026-02-27 04:37:58,362 - INFO - CaseID:1726 - 整体结果: PASS | 详情: 所有字段校验通过
2026-02-27 04:38:06,069 - INFO - CaseID:1727 - QUERY字段：语义匹配失败，但visual_search链路意图匹配通过
2026-02-27 04:38:06,071 - INFO - CaseID:1727 - 整体结果: PASS | 详情: 所有字段校验通过
2026-02-27 04:38:10,074 - INFO - CaseID:1728 - QUERY字段：基础语义模糊匹配通过
2026-02-27 04:38:10,075 - INFO - CaseID:1728 - 整体结果: PASS | 详情: 所有字段校验通过
2026-02-27 04:38:13,940 - INFO - CaseID:1729 - QUERY字段：基础语义模糊匹配通过
2026-02-27 04:38:13,941 - INFO - CaseID:1729 - 整体结果: PASS | 详情: 所有字段校验通过
2026-02-27 04:38:13,941 - INFO - CaseID:1730 - CATEGORY字段：模型输出含「其他问答」，该字段通过
2026-02-27 04:38:17,877 - INFO - CaseID:1730 - 整体结果: FAILED | 详情: APINAME不匹配：预期[visual_search]，实际[QASearch]; QUERY不匹配：基础语义模糊匹配失败 - 预期[这双鞋的品牌是回力吗]，实际[回力鞋的品牌标识特征]; TAG不匹配：一方为空 - 预期[]，实际[回力鞋&品牌标识&特征]
2026-02-27 04:38:21,811 - INFO - CaseID:1731 - QUERY字段：基础语义模糊匹配通过
2026-02-27 04:38:21,811 - INFO - CaseID:1731 - 整体结果: PASS | 详情: 所有字段校验通过
2026-02-27 04:38:25,645 - INFO - CaseID:1732 - 整体结果: FAILED | 详情: APINAME不匹配：预期[visual_search]，实际[QASearch]; CATEGORY不匹配：一方为空 - 预期[]，实际[活动]; QUERY不匹配：基础语义模糊匹配失败 - 预期[这鞋适合演讲会穿不]，实际[演讲会的着装要求]; TAG不匹配：一方为空 - 预期[]，实际[演讲会&着装要求]
2026-02-27 04:38:29,566 - INFO - CaseID:1733 - QUERY字段：基础语义模糊匹配通过
2026-02-27 04:38:29,566 - INFO - CaseID:1733 - 整体结果: PASS | 详情: 所有字段校验通过
2026-02-27 04:38:29,566 - INFO - CaseID:1734 - 整体结果: FAILED | 详情: 模型输出核心字段全为空，判定不通过
2026-02-27 04:38:33,846 - INFO - CaseID:1735 - 整体结果: FAILED | 详情: APINAME不匹配：预期[visual_search]，实际[QASearch]; CATEGORY不匹配：一方为空 - 预期[]，实际[公司]; QUERY不匹配：基础语义模糊匹配失败 - 预期[我手里的这个鞋是回力还是耐克]，实际[耐克鞋的标志和特征]; TAG不匹配：一方为空 - 预期[]，实际[耐克鞋&标志&特征]
2026-02-27 04:38:42,001 - INFO - CaseID:1736 - QUERY字段：语义匹配失败，但visual_search链路意图匹配通过
2026-02-27 04:38:42,002 - INFO - CaseID:1736 - 整体结果: PASS | 详情: 所有字段校验通过
2026-02-27 04:38:47,072 - INFO - CaseID:1737 - QUERY字段：基础语义模糊匹配通过
2026-02-27 04:38:47,072 - INFO - CaseID:1737 - 整体结果: PASS | 详情: 所有字段校验通过
2026-02-27 04:38:50,997 - INFO - CaseID:1738 - QUERY字段：基础语义模糊匹配通过
2026-02-27 04:38:50,998 - INFO - CaseID:1738 - 整体结果: PASS | 详情: 所有字段校验通过
2026-02-27 04:38:54,683 - INFO - CaseID:1739 - 整体结果: FAILED | 详情: APINAME不匹配：预期[visual_search]，实际[skill_search]; QUERY不匹配：基础语义模糊匹配失败 - 预期[识别当前鞋子的款式、颜色和风格]，实际[这双鞋的款式和颜色是什么]
2026-02-27 04:38:58,673 - INFO - CaseID:1740 - QUERY字段：基础语义模糊匹配通过
2026-02-27 04:38:58,673 - INFO - CaseID:1740 - 整体结果: PASS | 详情: 所有字段校验通过
2026-02-27 04:38:58,673 - INFO - CaseID:1741 - CATEGORY字段：模型输出含「其他问答」，该字段通过
2026-02-27 04:39:02,463 - INFO - CaseID:1741 - 整体结果: FAILED | 详情: APINAME不匹配：预期[visual_search]，实际[QASearch]; QUERY不匹配：基础语义模糊匹配失败 - 预期[识别当前图片中的服装或装备，并判断是否适合跑步]，实际[跑步的运动服装要求]; TAG不匹配：一方为空 - 预期[]，实际[跑步&运动服装&要求]
2026-02-27 04:39:06,458 - INFO - CaseID:1742 - QUERY字段：基础语义模糊匹配通过
2026-02-27 04:39:06,458 - INFO - CaseID:1742 - 整体结果: PASS | 详情: 所有字段校验通过
2026-02-27 04:39:10,314 - INFO - CaseID:1743 - 整体结果: FAILED | 详情: APINAME不匹配：预期[visual_search]，实际[worthbuy]; CATEGORY不匹配：一方为空 - 预期[]，实际[商品推荐]; QUERY不匹配：基础语义模糊匹配失败 - 预期[这鞋适合休闲风格吗]，实际[休闲风格的鞋子特点]; TAG不匹配：一方为空 - 预期[]，实际[休闲风格&鞋子&特点]
2026-02-27 04:39:18,028 - INFO - CaseID:1744 - QUERY字段：语义匹配失败，但visual_search链路意图匹配通过
2026-02-27 04:39:18,028 - INFO - CaseID:1744 - 整体结果: PASS | 详情: 所有字段校验通过
2026-02-27 04:39:18,029 - INFO - CaseID:1745 - 整体结果: FAILED | 详情: 模型输出核心字段全为空，判定不通过
2026-02-27 04:39:18,029 - INFO - CaseID:1746 - 整体结果: FAILED | 详情: 模型输出核心字段全为空，判定不通过
2026-02-27 04:39:22,022 - INFO - CaseID:1747 - QUERY字段：基础语义模糊匹配通过
2026-02-27 04:39:22,022 - INFO - CaseID:1747 - 整体结果: PASS | 详情: 所有字段校验通过
2026-02-27 04:39:26,528 - INFO - CaseID:1748 - QUERY字段：基础语义模糊匹配通过
2026-02-27 04:39:26,528 - INFO - CaseID:1748 - 整体结果: PASS | 详情: 所有字段校验通过
2026-02-27 04:39:30,302 - INFO - CaseID:1749 - QUERY字段：基础语义模糊匹配通过
2026-02-27 04:39:30,302 - INFO - CaseID:1749 - 整体结果: PASS | 详情: 所有字段校验通过
2026-02-27 04:39:30,303 - INFO - CaseID:1750 - 整体结果: FAILED | 详情: 模型输出核心字段全为空，判定不通过
2026-02-27 04:39:34,587 - INFO - CaseID:1751 - QUERY字段：基础语义模糊匹配通过
2026-02-27 04:39:34,588 - INFO - CaseID:1751 - 整体结果: PASS | 详情: 所有字段校验通过
2026-02-27 04:39:38,508 - INFO - CaseID:1752 - QUERY字段：基础语义模糊匹配通过
2026-02-27 04:39:38,509 - INFO - CaseID:1752 - 整体结果: PASS | 详情: 所有字段校验通过
2026-02-27 04:39:47,038 - INFO - CaseID:1753 - QUERY字段：语义匹配失败，但visual_search链路意图匹配通过
2026-02-27 04:39:47,038 - INFO - CaseID:1753 - 整体结果: PASS | 详情: 所有字段校验通过
2026-02-27 04:39:50,763 - INFO - CaseID:1754 - QUERY字段：基础语义模糊匹配通过
2026-02-27 04:39:50,763 - INFO - CaseID:1754 - 整体结果: PASS | 详情: 所有字段校验通过
2026-02-27 04:39:50,764 - INFO - CaseID:1755 - CATEGORY字段：模型输出含「其他问答」，该字段通过
2026-02-27 04:39:55,166 - INFO - CaseID:1755 - 整体结果: FAILED | 详情: APINAME不匹配：预期[visual_search]，实际[QASearch]; QUERY不匹配：基础语义模糊匹配失败 - 预期[这鞋发布会穿合不合适]，实际[鞋发布会的着装要求]; TAG不匹配：一方为空 - 预期[]，实际[鞋发布会&着装要求]
2026-02-27 04:39:58,906 - INFO - CaseID:1756 - QUERY字段：基础语义模糊匹配通过
2026-02-27 04:39:58,906 - INFO - CaseID:1756 - 整体结果: PASS | 详情: 所有字段校验通过
2026-02-27 04:40:06,672 - INFO - CaseID:1757 - QUERY字段：语义匹配失败，但visual_search链路意图匹配通过
2026-02-27 04:40:06,672 - INFO - CaseID:1757 - 整体结果: PASS | 详情: 所有字段校验通过
2026-02-27 04:40:14,554 - INFO - CaseID:1758 - QUERY字段：语义匹配失败，但visual_search链路意图匹配通过
2026-02-27 04:40:14,555 - INFO - CaseID:1758 - 整体结果: PASS | 详情: 所有字段校验通过
2026-02-27 04:40:14,556 - INFO - CaseID:1759 - CATEGORY字段：模型输出含「其他问答」，该字段通过
2026-02-27 04:40:18,933 - INFO - CaseID:1759 - 整体结果: FAILED | 详情: APINAME不匹配：预期[visual_search]，实际[QASearch]; QUERY不匹配：基础语义模糊匹配失败 - 预期[挺结实的鞋]，实际[结实的鞋通常指哪些类型或特点]; TAG不匹配：一方为空 - 预期[]，实际[结实&鞋&类型或特点]
2026-02-27 04:40:22,877 - INFO - CaseID:1760 - 整体结果: FAILED | 详情: APINAME不匹配：预期[visual_search]，实际[AUTOSearch]; CATEGORY不匹配：一方为空 - 预期[]，实际[汽车]; QUERY不匹配：基础语义模糊匹配失败 - 预期[当前摄像头捕捉到的物品是什么？]，实际[当前讨论的它具体指什么物品或服装]; TAG不匹配：一方为空 - 预期[]，实际[当前讨论&它&具体指&物品或服装]
2026-02-27 04:40:26,453 - INFO - CaseID:1761 - QUERY字段：基础语义模糊匹配通过
2026-02-27 04:40:26,453 - INFO - CaseID:1761 - 整体结果: FAILED | 详情: APINAME不匹配：预期[visual_search]，实际[worthbuy]; CATEGORY不匹配：一方为空 - 预期[]，实际[商品查询-确定商品]; TAG不匹配：一方为空 - 预期[]，实际[骆驼品牌&马丁靴&特征]
2026-02-27 04:40:30,357 - INFO - CaseID:1762 - 整体结果: FAILED | 详情: APINAME不匹配：预期[visual_search]，实际[worthbuy]; CATEGORY不匹配：一方为空 - 预期[]，实际[商品推荐]; QUERY不匹配：基础语义模糊匹配失败 - 预期[这双黑的是马丁靴是什么品牌的呀]，实际[常见的黑色马丁靴品牌有哪些]; TAG不匹配：一方为空 - 预期[]，实际[常见&黑色马丁靴&品牌]
2026-02-27 04:40:38,244 - INFO - CaseID:1763 - QUERY字段：语义匹配失败，但visual_search链路意图匹配通过
2026-02-27 04:40:38,244 - INFO - CaseID:1763 - 整体结果: PASS | 详情: 所有字段校验通过
2026-02-27 04:40:42,044 - INFO - CaseID:1764 - QUERY字段：基础语义模糊匹配通过
2026-02-27 04:40:42,044 - INFO - CaseID:1764 - 整体结果: PASS | 详情: 所有字段校验通过
2026-02-27 04:40:42,044 - INFO - CaseID:1765 - 整体结果: FAILED | 详情: 模型输出核心字段全为空，判定不通过
2026-02-27 04:40:42,045 - INFO - CaseID:1766 - CATEGORY字段：模型输出含「其他问答」，该字段通过
2026-02-27 04:40:46,129 - INFO - CaseID:1766 - QUERY字段：基础语义模糊匹配通过
2026-02-27 04:40:46,129 - INFO - CaseID:1766 - 整体结果: FAILED | 详情: APINAME不匹配：预期[visual_search]，实际[QASearch]; TAG不匹配：一方为空 - 预期[]，实际[小CK银色高跟鞋&特征]
2026-02-27 04:40:50,577 - INFO - CaseID:1767 - QUERY字段：基础语义模糊匹配通过
2026-02-27 04:40:50,577 - INFO - CaseID:1767 - 整体结果: PASS | 详情: 所有字段校验通过
2026-02-27 04:40:50,577 - INFO - CaseID:1768 - 整体结果: FAILED | 详情: 模型输出核心字段全为空，判定不通过
2026-02-27 04:40:50,578 - INFO - CaseID:1769 - 整体结果: FAILED | 详情: 模型输出核心字段全为空，判定不通过
2026-02-27 04:40:54,342 - INFO - CaseID:1770 - QUERY字段：基础语义模糊匹配通过
2026-02-27 04:40:54,343 - INFO - CaseID:1770 - 整体结果: PASS | 详情: 所有字段校验通过
2026-02-27 04:40:54,343 - INFO - CaseID:1771 - 整体结果: FAILED | 详情: 模型输出核心字段全为空，判定不通过
2026-02-27 04:40:54,344 - INFO - CaseID:1772 - 整体结果: FAILED | 详情: 模型输出核心字段全为空，判定不通过
2026-02-27 04:40:54,344 - INFO - CaseID:1773 - 整体结果: FAILED | 详情: 模型输出核心字段全为空，判定不通过
2026-02-27 04:40:58,512 - INFO - CaseID:1774 - QUERY字段：基础语义模糊匹配通过
2026-02-27 04:40:58,513 - INFO - CaseID:1774 - 整体结果: PASS | 详情: 所有字段校验通过
2026-02-27 04:41:06,289 - INFO - CaseID:1775 - QUERY字段：语义匹配失败，但visual_search链路意图匹配通过
2026-02-27 04:41:06,291 - INFO - CaseID:1775 - 整体结果: PASS | 详情: 所有字段校验通过
2026-02-27 04:41:10,752 - INFO - CaseID:1776 - QUERY字段：基础语义模糊匹配通过
2026-02-27 04:41:10,752 - INFO - CaseID:1776 - 整体结果: PASS | 详情: 所有字段校验通过
2026-02-27 04:41:14,790 - INFO - CaseID:1777 - QUERY字段：基础语义模糊匹配通过
2026-02-27 04:41:14,790 - INFO - CaseID:1777 - 整体结果: PASS | 详情: 所有字段校验通过
2026-02-27 04:41:18,726 - INFO - CaseID:1778 - QUERY字段：基础语义模糊匹配通过
2026-02-27 04:41:18,727 - INFO - CaseID:1778 - 整体结果: PASS | 详情: 所有字段校验通过
2026-02-27 04:41:22,779 - INFO - CaseID:1779 - QUERY字段：基础语义模糊匹配通过
2026-02-27 04:41:22,780 - INFO - CaseID:1779 - 整体结果: PASS | 详情: 所有字段校验通过
2026-02-27 04:41:26,848 - INFO - CaseID:1780 - QUERY字段：基础语义模糊匹配通过
2026-02-27 04:41:26,848 - INFO - CaseID:1780 - 整体结果: PASS | 详情: 所有字段校验通过
2026-02-27 04:41:31,176 - INFO - CaseID:1781 - QUERY字段：基础语义模糊匹配通过
2026-02-27 04:41:31,176 - INFO - CaseID:1781 - 整体结果: PASS | 详情: 所有字段校验通过
2026-02-27 04:41:35,196 - INFO - CaseID:1782 - QUERY字段：基础语义模糊匹配通过
2026-02-27 04:41:35,196 - INFO - CaseID:1782 - 整体结果: PASS | 详情: 所有字段校验通过
2026-02-27 04:41:39,059 - INFO - CaseID:1783 - QUERY字段：基础语义模糊匹配通过
2026-02-27 04:41:39,059 - INFO - CaseID:1783 - 整体结果: PASS | 详情: 所有字段校验通过
2026-02-27 04:41:47,432 - INFO - CaseID:1784 - QUERY字段：语义匹配失败，但visual_search链路意图匹配通过
2026-02-27 04:41:47,432 - INFO - CaseID:1784 - 整体结果: PASS | 详情: 所有字段校验通过
2026-02-27 04:41:51,209 - INFO - CaseID:1785 - QUERY字段：基础语义模糊匹配通过
2026-02-27 04:41:51,210 - INFO - CaseID:1785 - 整体结果: PASS | 详情: 所有字段校验通过
2026-02-27 04:41:59,142 - INFO - CaseID:1786 - QUERY字段：语义匹配失败，但visual_search链路意图匹配通过
2026-02-27 04:41:59,143 - INFO - CaseID:1786 - 整体结果: PASS | 详情: 所有字段校验通过
2026-02-27 04:42:03,041 - INFO - CaseID:1787 - QUERY字段：基础语义模糊匹配通过
2026-02-27 04:42:03,041 - INFO - CaseID:1787 - 整体结果: PASS | 详情: 所有字段校验通过
2026-02-27 04:42:06,918 - INFO - CaseID:1788 - QUERY字段：基础语义模糊匹配通过
2026-02-27 04:42:06,919 - INFO - CaseID:1788 - 整体结果: PASS | 详情: 所有字段校验通过
2026-02-27 04:42:10,555 - INFO - CaseID:1789 - QUERY字段：基础语义模糊匹配通过
2026-02-27 04:42:10,556 - INFO - CaseID:1789 - 整体结果: PASS | 详情: 所有字段校验通过
2026-02-27 04:42:14,487 - INFO - CaseID:1790 - QUERY字段：基础语义模糊匹配通过
2026-02-27 04:42:14,487 - INFO - CaseID:1790 - 整体结果: PASS | 详情: 所有字段校验通过
2026-02-27 04:42:19,505 - INFO - CaseID:1791 - QUERY字段：基础语义模糊匹配通过
2026-02-27 04:42:19,506 - INFO - CaseID:1791 - 整体结果: PASS | 详情: 所有字段校验通过
2026-02-27 04:42:23,911 - INFO - CaseID:1792 - QUERY字段：基础语义模糊匹配通过
2026-02-27 04:42:23,911 - INFO - CaseID:1792 - 整体结果: PASS | 详情: 所有字段校验通过
2026-02-27 04:42:32,298 - INFO - CaseID:1793 - QUERY字段：语义匹配失败，但visual_search链路意图匹配通过
2026-02-27 04:42:32,298 - INFO - CaseID:1793 - 整体结果: PASS | 详情: 所有字段校验通过
2026-02-27 04:42:36,120 - INFO - CaseID:1794 - QUERY字段：基础语义模糊匹配通过
2026-02-27 04:42:36,120 - INFO - CaseID:1794 - 整体结果: PASS | 详情: 所有字段校验通过
2026-02-27 04:42:40,122 - INFO - CaseID:1795 - QUERY字段：基础语义模糊匹配通过
2026-02-27 04:42:40,123 - INFO - CaseID:1795 - 整体结果: PASS | 详情: 所有字段校验通过
2026-02-27 04:42:44,085 - INFO - CaseID:1796 - 整体结果: FAILED | 详情: APINAME不匹配：预期[visual_search]，实际[skill_search]; QUERY不匹配：基础语义模糊匹配失败 - 预期[这个热量应该不少吧你觉得有多高]，实际[常见食物的热量范围参考]
2026-02-27 04:42:47,682 - INFO - CaseID:1797 - QUERY字段：基础语义模糊匹配通过
2026-02-27 04:42:47,683 - INFO - CaseID:1797 - 整体结果: PASS | 详情: 所有字段校验通过
2026-02-27 04:42:51,993 - INFO - CaseID:1798 - QUERY字段：基础语义模糊匹配通过
2026-02-27 04:42:51,993 - INFO - CaseID:1798 - 整体结果: PASS | 详情: 所有字段校验通过
2026-02-27 04:42:56,149 - INFO - CaseID:1799 - QUERY字段：基础语义模糊匹配通过
2026-02-27 04:42:56,149 - INFO - CaseID:1799 - 整体结果: PASS | 详情: 所有字段校验通过
2026-02-27 04:43:01,293 - INFO - CaseID:1800 - QUERY字段：基础语义模糊匹配通过
2026-02-27 04:43:01,293 - INFO - CaseID:1800 - 整体结果: PASS | 详情: 所有字段校验通过
2026-02-27 04:43:01,294 - INFO - 已处理1800/2393条用例，当前通过数：1173（65.17%）
2026-02-27 04:43:10,845 - INFO - CaseID:1801 - QUERY字段：语义匹配失败，但visual_search链路意图匹配通过
2026-02-27 04:43:10,846 - INFO - CaseID:1801 - 整体结果: PASS | 详情: 所有字段校验通过
2026-02-27 04:43:18,452 - INFO - CaseID:1802 - QUERY字段：语义匹配失败，但visual_search链路意图匹配通过
2026-02-27 04:43:18,453 - INFO - CaseID:1802 - 整体结果: PASS | 详情: 所有字段校验通过
2026-02-27 04:43:22,851 - INFO - CaseID:1803 - QUERY字段：基础语义模糊匹配通过
2026-02-27 04:43:22,852 - INFO - CaseID:1803 - 整体结果: PASS | 详情: 所有字段校验通过
2026-02-27 04:43:26,714 - INFO - CaseID:1804 - QUERY字段：基础语义模糊匹配通过
2026-02-27 04:43:26,714 - INFO - CaseID:1804 - 整体结果: PASS | 详情: 所有字段校验通过
2026-02-27 04:43:30,678 - INFO - CaseID:1805 - QUERY字段：基础语义模糊匹配通过
2026-02-27 04:43:30,679 - INFO - CaseID:1805 - 整体结果: PASS | 详情: 所有字段校验通过
2026-02-27 04:43:35,024 - INFO - CaseID:1806 - QUERY字段：基础语义模糊匹配通过
2026-02-27 04:43:35,024 - INFO - CaseID:1806 - 整体结果: PASS | 详情: 所有字段校验通过
2026-02-27 04:43:35,025 - INFO - CaseID:1807 - 整体结果: FAILED | 详情: 模型输出核心字段全为空，判定不通过
2026-02-27 04:43:42,520 - INFO - CaseID:1808 - QUERY字段：语义匹配失败，但visual_search链路意图匹配通过
2026-02-27 04:43:42,521 - INFO - CaseID:1808 - 整体结果: PASS | 详情: 所有字段校验通过
2026-02-27 04:43:46,057 - INFO - CaseID:1809 - QUERY字段：基础语义模糊匹配通过
2026-02-27 04:43:46,058 - INFO - CaseID:1809 - 整体结果: PASS | 详情: 所有字段校验通过
2026-02-27 04:43:50,090 - INFO - CaseID:1810 - QUERY字段：基础语义模糊匹配通过
2026-02-27 04:43:50,091 - INFO - CaseID:1810 - 整体结果: PASS | 详情: 所有字段校验通过
2026-02-27 04:43:58,061 - INFO - CaseID:1811 - QUERY字段：语义匹配失败，但visual_search链路意图匹配通过
2026-02-27 04:43:58,063 - INFO - CaseID:1811 - 整体结果: PASS | 详情: 所有字段校验通过
2026-02-27 04:44:01,999 - INFO - CaseID:1812 - QUERY字段：基础语义模糊匹配通过
2026-02-27 04:44:01,999 - INFO - CaseID:1812 - 整体结果: PASS | 详情: 所有字段校验通过
2026-02-27 04:44:05,649 - INFO - CaseID:1813 - QUERY字段：基础语义模糊匹配通过
2026-02-27 04:44:05,649 - INFO - CaseID:1813 - 整体结果: PASS | 详情: 所有字段校验通过
2026-02-27 04:44:09,854 - INFO - CaseID:1814 - QUERY字段：基础语义模糊匹配通过
2026-02-27 04:44:09,854 - INFO - CaseID:1814 - 整体结果: PASS | 详情: 所有字段校验通过
2026-02-27 04:44:09,855 - INFO - CaseID:1815 - 整体结果: FAILED | 详情: 模型输出核心字段全为空，判定不通过
2026-02-27 04:44:13,422 - INFO - CaseID:1816 - QUERY字段：基础语义模糊匹配通过
2026-02-27 04:44:13,422 - INFO - CaseID:1816 - 整体结果: PASS | 详情: 所有字段校验通过
2026-02-27 04:44:13,423 - INFO - CaseID:1817 - CATEGORY字段：模型输出含「其他问答」，该字段通过
2026-02-27 04:44:17,724 - INFO - CaseID:1817 - QUERY字段：基础语义模糊匹配通过
2026-02-27 04:44:17,724 - INFO - CaseID:1817 - 整体结果: FAILED | 详情: APINAME不匹配：预期[visual_search]，实际[QASearch]; TAG不匹配：一方为空 - 预期[]，实际[用户提到&电脑&具体型号&品牌]
2026-02-27 04:44:17,725 - INFO - CaseID:1818 - 整体结果: FAILED | 详情: 模型输出核心字段全为空，判定不通过
2026-02-27 04:44:25,563 - INFO - CaseID:1819 - QUERY字段：语义匹配失败，但visual_search链路意图匹配通过
2026-02-27 04:44:25,564 - INFO - CaseID:1819 - 整体结果: PASS | 详情: 所有字段校验通过
2026-02-27 04:44:29,440 - INFO - CaseID:1820 - QUERY字段：基础语义模糊匹配通过
2026-02-27 04:44:29,440 - INFO - CaseID:1820 - 整体结果: PASS | 详情: 所有字段校验通过
2026-02-27 04:44:33,416 - INFO - CaseID:1821 - QUERY字段：基础语义模糊匹配通过
2026-02-27 04:44:33,417 - INFO - CaseID:1821 - 整体结果: PASS | 详情: 所有字段校验通过
2026-02-27 04:44:37,304 - INFO - CaseID:1822 - QUERY字段：基础语义模糊匹配通过
2026-02-27 04:44:37,305 - INFO - CaseID:1822 - 整体结果: PASS | 详情: 所有字段校验通过
2026-02-27 04:44:37,305 - INFO - CaseID:1823 - 整体结果: FAILED | 详情: 模型输出核心字段全为空，判定不通过
2026-02-27 04:44:37,306 - INFO - CaseID:1824 - CATEGORY字段：模型输出含「其他问答」，该字段通过
2026-02-27 04:44:40,868 - INFO - CaseID:1824 - 整体结果: FAILED | 详情: APINAME不匹配：预期[visual_search]，实际[QASearch]; QUERY不匹配：基础语义模糊匹配失败 - 预期[电脑上插得这个是拓展坞吗]，实际[电脑拓展坞的定义]; TAG不匹配：一方为空 - 预期[]，实际[电脑拓展坞&定义]
2026-02-27 04:44:44,719 - INFO - CaseID:1825 - 整体结果: FAILED | 详情: APINAME不匹配：预期[visual_search]，实际[AUTOSearch]; CATEGORY不匹配：一方为空 - 预期[]，实际[汽车]; QUERY不匹配：基础语义模糊匹配失败 - 预期[识别当前摄像头画面中的转接器型号或品牌]，实际[常见转接器价格]; TAG不匹配：一方为空 - 预期[]，实际[常见转接器&价格]
2026-02-27 04:44:48,600 - INFO - CaseID:1826 - 整体结果: FAILED | 详情: APINAME不匹配：预期[visual_search]，实际[worthbuy]; CATEGORY不匹配：一方为空 - 预期[]，实际[商品推荐]; QUERY不匹配：基础语义模糊匹配失败 - 预期[这个拓展坞是什么牌子的]，实际[常见拓展坞品牌列表]; TAG不匹配：一方为空 - 预期[]，实际[常见&拓展坞品牌]
2026-02-27 04:44:52,589 - INFO - CaseID:1827 - QUERY字段：基础语义模糊匹配通过
2026-02-27 04:44:52,589 - INFO - CaseID:1827 - 整体结果: PASS | 详情: 所有字段校验通过
2026-02-27 04:44:56,638 - INFO - CaseID:1828 - QUERY字段：基础语义模糊匹配通过
2026-02-27 04:44:56,638 - INFO - CaseID:1828 - 整体结果: PASS | 详情: 所有字段校验通过
2026-02-27 04:45:00,347 - INFO - CaseID:1829 - QUERY字段：基础语义模糊匹配通过
2026-02-27 04:45:00,348 - INFO - CaseID:1829 - 整体结果: PASS | 详情: 所有字段校验通过
2026-02-27 04:45:04,368 - INFO - CaseID:1830 - QUERY字段：基础语义模糊匹配通过
2026-02-27 04:45:04,369 - INFO - CaseID:1830 - 整体结果: FAILED | 详情: APINAME不匹配：预期[visual_search]，实际[AUTOSearch]; CATEGORY不匹配：一方为空 - 预期[]，实际[汽车]; TAG不匹配：一方为空 - 预期[]，实际[用户所指的键盘具体型号或品牌是什么]
2026-02-27 04:45:08,019 - INFO - CaseID:1831 - QUERY字段：基础语义模糊匹配通过
2026-02-27 04:45:08,019 - INFO - CaseID:1831 - 整体结果: PASS | 详情: 所有字段校验通过
2026-02-27 04:45:16,255 - INFO - CaseID:1832 - QUERY字段：语义匹配失败，但visual_search链路意图匹配通过
2026-02-27 04:45:16,255 - INFO - CaseID:1832 - 整体结果: PASS | 详情: 所有字段校验通过
2026-02-27 04:45:24,822 - INFO - CaseID:1833 - QUERY字段：语义匹配失败，但visual_search链路意图匹配通过
2026-02-27 04:45:24,822 - INFO - CaseID:1833 - 整体结果: PASS | 详情: 所有字段校验通过
2026-02-27 04:45:28,795 - INFO - CaseID:1834 - QUERY字段：基础语义模糊匹配通过
2026-02-27 04:45:28,795 - INFO - CaseID:1834 - 整体结果: PASS | 详情: 所有字段校验通过
2026-02-27 04:45:32,789 - INFO - CaseID:1835 - QUERY字段：基础语义模糊匹配通过
2026-02-27 04:45:32,790 - INFO - CaseID:1835 - 整体结果: PASS | 详情: 所有字段校验通过
2026-02-27 04:45:36,485 - INFO - CaseID:1836 - 整体结果: FAILED | 详情: APINAME不匹配：预期[visual_search]，实际[AUTOSearch]; CATEGORY不匹配：一方为空 - 预期[]，实际[汽车]; QUERY不匹配：基础语义模糊匹配失败 - 预期[这个键盘可以无限链接吗]，实际[无限链接键盘的定义和技术实现]; TAG不匹配：一方为空 - 预期[]，实际[无限链接键盘&定义&技术实现]
2026-02-27 04:45:40,834 - INFO - CaseID:1837 - QUERY字段：基础语义模糊匹配通过
2026-02-27 04:45:40,834 - INFO - CaseID:1837 - 整体结果: PASS | 详情: 所有字段校验通过
2026-02-27 04:45:40,835 - INFO - CaseID:1838 - 整体结果: FAILED | 详情: 模型输出核心字段全为空，判定不通过
2026-02-27 04:45:44,712 - INFO - CaseID:1839 - QUERY字段：基础语义模糊匹配通过
2026-02-27 04:45:44,712 - INFO - CaseID:1839 - 整体结果: PASS | 详情: 所有字段校验通过
2026-02-27 04:45:49,941 - INFO - CaseID:1840 - QUERY字段：基础语义模糊匹配通过
2026-02-27 04:45:49,941 - INFO - CaseID:1840 - 整体结果: PASS | 详情: 所有字段校验通过
2026-02-27 04:45:53,865 - INFO - CaseID:1841 - QUERY字段：基础语义模糊匹配通过
2026-02-27 04:45:53,865 - INFO - CaseID:1841 - 整体结果: PASS | 详情: 所有字段校验通过
2026-02-27 04:45:57,867 - INFO - CaseID:1842 - QUERY字段：基础语义模糊匹配通过
2026-02-27 04:45:57,867 - INFO - CaseID:1842 - 整体结果: PASS | 详情: 所有字段校验通过
2026-02-27 04:46:01,820 - INFO - CaseID:1843 - 整体结果: FAILED | 详情: APINAME不匹配：预期[visual_search]，实际[AUTOSearch]; CATEGORY不匹配：一方为空 - 预期[]，实际[汽车]; QUERY不匹配：基础语义模糊匹配失败 - 预期[识别当前摄像头画面中的鼠标品牌和型号]，实际[用户所指的鼠标具体型号或品牌是什么]; TAG不匹配：一方为空 - 预期[]，实际[用户所指的鼠标具体型号或品牌是什么]
2026-02-27 04:46:05,575 - INFO - CaseID:1844 - QUERY字段：基础语义模糊匹配通过
2026-02-27 04:46:05,575 - INFO - CaseID:1844 - 整体结果: FAILED | 详情: APINAME不匹配：预期[visual_search]，实际[AUTOSearch]; CATEGORY不匹配：一方为空 - 预期[]，实际[汽车]; TAG不匹配：一方为空 - 预期[]，实际[鼠标无线连接功能]
2026-02-27 04:46:09,478 - INFO - CaseID:1845 - QUERY字段：基础语义模糊匹配通过
2026-02-27 04:46:09,479 - INFO - CaseID:1845 - 整体结果: PASS | 详情: 所有字段校验通过
2026-02-27 04:46:13,346 - INFO - CaseID:1846 - 整体结果: FAILED | 详情: APINAME不匹配：预期[visual_search]，实际[worthbuy]; CATEGORY不匹配：一方为空 - 预期[]，实际[商品查询-确定商品]; QUERY不匹配：基础语义模糊匹配失败 - 预期[这个鼠标是蓝牙的吗]，实际[罗技G502鼠标是否支持蓝牙连接]; TAG不匹配：一方为空 - 预期[]，实际[罗技g502鼠标&蓝牙连接]
2026-02-27 04:46:18,102 - INFO - CaseID:1847 - QUERY字段：基础语义模糊匹配通过
2026-02-27 04:46:18,102 - INFO - CaseID:1847 - 整体结果: PASS | 详情: 所有字段校验通过
2026-02-27 04:46:22,090 - INFO - CaseID:1848 - QUERY字段：基础语义模糊匹配通过
2026-02-27 04:46:22,091 - INFO - CaseID:1848 - 整体结果: PASS | 详情: 所有字段校验通过
2026-02-27 04:46:25,753 - INFO - CaseID:1849 - QUERY字段：基础语义模糊匹配通过
2026-02-27 04:46:25,754 - INFO - CaseID:1849 - 整体结果: PASS | 详情: 所有字段校验通过
2026-02-27 04:46:25,754 - INFO - CaseID:1850 - CATEGORY字段：模型输出含「其他问答」，该字段通过
2026-02-27 04:46:29,666 - INFO - CaseID:1850 - 整体结果: FAILED | 详情: APINAME不匹配：预期[visual_search]，实际[QASearch]; QUERY不匹配：基础语义模糊匹配失败 - 预期[这是罗技的鼠标吗]，实际[如何识别罗技鼠标的特征]; TAG不匹配：一方为空 - 预期[]，实际[如何识别罗技鼠标的特征]
2026-02-27 04:46:29,668 - INFO - CaseID:1851 - 整体结果: FAILED | 详情: 模型输出核心字段全为空，判定不通过
2026-02-27 04:46:33,345 - INFO - CaseID:1852 - QUERY字段：基础语义模糊匹配通过
2026-02-27 04:46:33,346 - INFO - CaseID:1852 - 整体结果: PASS | 详情: 所有字段校验通过
2026-02-27 04:46:37,292 - INFO - CaseID:1853 - QUERY字段：基础语义模糊匹配通过
2026-02-27 04:46:37,292 - INFO - CaseID:1853 - 整体结果: PASS | 详情: 所有字段校验通过
2026-02-27 04:46:37,293 - INFO - CaseID:1854 - 整体结果: FAILED | 详情: 模型输出核心字段全为空，判定不通过
2026-02-27 04:46:41,244 - INFO - CaseID:1855 - QUERY字段：基础语义模糊匹配通过
2026-02-27 04:46:41,244 - INFO - CaseID:1855 - 整体结果: PASS | 详情: 所有字段校验通过
2026-02-27 04:46:45,954 - INFO - CaseID:1856 - QUERY字段：基础语义模糊匹配通过
2026-02-27 04:46:45,955 - INFO - CaseID:1856 - 整体结果: PASS | 详情: 所有字段校验通过
2026-02-27 04:46:45,955 - INFO - CaseID:1857 - 整体结果: FAILED | 详情: 模型输出核心字段全为空，判定不通过
2026-02-27 04:46:53,430 - INFO - CaseID:1858 - QUERY字段：语义匹配失败，但visual_search链路意图匹配通过
2026-02-27 04:46:53,431 - INFO - CaseID:1858 - 整体结果: PASS | 详情: 所有字段校验通过
2026-02-27 04:46:57,333 - INFO - CaseID:1859 - QUERY字段：基础语义模糊匹配通过
2026-02-27 04:46:57,334 - INFO - CaseID:1859 - 整体结果: PASS | 详情: 所有字段校验通过
2026-02-27 04:47:01,062 - INFO - CaseID:1860 - QUERY字段：基础语义模糊匹配通过
2026-02-27 04:47:01,062 - INFO - CaseID:1860 - 整体结果: PASS | 详情: 所有字段校验通过
2026-02-27 04:47:01,062 - INFO - CaseID:1861 - 整体结果: FAILED | 详情: 模型输出核心字段全为空，判定不通过
2026-02-27 04:47:01,063 - INFO - CaseID:1862 - CATEGORY字段：模型输出含「其他问答」，该字段通过
2026-02-27 04:47:05,467 - INFO - CaseID:1862 - 整体结果: FAILED | 详情: APINAME不匹配：预期[visual_search]，实际[QASearch]; QUERY不匹配：基础语义模糊匹配失败 - 预期[这几个海报哪个设计的最好]，实际[海报设计评价标准]; TAG不匹配：一方为空 - 预期[]，实际[海报设计&评价标准]
2026-02-27 04:47:14,102 - INFO - CaseID:1863 - QUERY字段：语义匹配失败，但visual_search链路意图匹配通过
2026-02-27 04:47:14,102 - INFO - CaseID:1863 - 整体结果: PASS | 详情: 所有字段校验通过
2026-02-27 04:47:14,102 - INFO - CaseID:1864 - CATEGORY字段：模型输出含「其他问答」，该字段通过
2026-02-27 04:47:17,894 - INFO - CaseID:1864 - 整体结果: FAILED | 详情: APINAME不匹配：预期[visual_search]，实际[QASearch]; QUERY不匹配：基础语义模糊匹配失败 - 预期[下面这两个海报有什么特点]，实际[海报设计的一般特点]; TAG不匹配：一方为空 - 预期[]，实际[海报设计&一般特点]
2026-02-27 04:47:21,592 - INFO - CaseID:1865 - QUERY字段：基础语义模糊匹配通过
2026-02-27 04:47:21,592 - INFO - CaseID:1865 - 整体结果: PASS | 详情: 所有字段校验通过
2026-02-27 04:47:25,540 - INFO - CaseID:1866 - QUERY字段：基础语义模糊匹配通过
2026-02-27 04:47:25,541 - INFO - CaseID:1866 - 整体结果: PASS | 详情: 所有字段校验通过
2026-02-27 04:47:33,082 - INFO - CaseID:1867 - QUERY字段：语义匹配失败，但visual_search链路意图匹配通过
2026-02-27 04:47:33,082 - INFO - CaseID:1867 - 整体结果: PASS | 详情: 所有字段校验通过
2026-02-27 04:47:37,434 - INFO - CaseID:1868 - QUERY字段：基础语义模糊匹配通过
2026-02-27 04:47:37,434 - INFO - CaseID:1868 - 整体结果: PASS | 详情: 所有字段校验通过
2026-02-27 04:47:42,107 - INFO - CaseID:1869 - QUERY字段：基础语义模糊匹配通过
2026-02-27 04:47:42,107 - INFO - CaseID:1869 - 整体结果: PASS | 详情: 所有字段校验通过
2026-02-27 04:47:49,852 - INFO - CaseID:1870 - QUERY字段：语义匹配失败，但visual_search链路意图匹配通过
2026-02-27 04:47:49,853 - INFO - CaseID:1870 - 整体结果: PASS | 详情: 所有字段校验通过
2026-02-27 04:47:53,819 - INFO - CaseID:1871 - QUERY字段：基础语义模糊匹配通过
2026-02-27 04:47:53,819 - INFO - CaseID:1871 - 整体结果: PASS | 详情: 所有字段校验通过
2026-02-27 04:47:57,397 - INFO - CaseID:1872 - QUERY字段：基础语义模糊匹配通过
2026-02-27 04:47:57,397 - INFO - CaseID:1872 - 整体结果: PASS | 详情: 所有字段校验通过
2026-02-27 04:48:07,184 - INFO - CaseID:1873 - QUERY字段：语义匹配失败，但visual_search链路意图匹配通过
2026-02-27 04:48:07,186 - INFO - CaseID:1873 - 整体结果: PASS | 详情: 所有字段校验通过
2026-02-27 04:48:07,186 - INFO - CaseID:1874 - CATEGORY字段：模型输出含「其他问答」，该字段通过
2026-02-27 04:48:11,538 - INFO - CaseID:1874 - 整体结果: FAILED | 详情: APINAME不匹配：预期[visual_search]，实际[QASearch]; QUERY不匹配：基础语义模糊匹配失败 - 预期[这个海报主要想展现的是什么]，实际[海报设计的主要目的]; TAG不匹配：一方为空 - 预期[]，实际[海报设计&主要目的]
2026-02-27 04:48:17,150 - INFO - CaseID:1875 - QUERY字段：基础语义模糊匹配通过
2026-02-27 04:48:17,150 - INFO - CaseID:1875 - 整体结果: FAILED | 详情: APINAME不匹配：预期[visual_search]，实际[AUTOSearch]; CATEGORY不匹配：一方为空 - 预期[]，实际[汽车]; TAG不匹配：一方为空 - 预期[]，实际[第二排从右数第一个&海报特点]
2026-02-27 04:48:20,804 - INFO - CaseID:1876 - QUERY字段：基础语义模糊匹配通过
2026-02-27 04:48:20,804 - INFO - CaseID:1876 - 整体结果: PASS | 详情: 所有字段校验通过
2026-02-27 04:48:20,805 - INFO - CaseID:1877 - 整体结果: FAILED | 详情: 模型输出核心字段全为空，判定不通过
2026-02-27 04:48:25,387 - INFO - CaseID:1878 - QUERY字段：基础语义模糊匹配通过
2026-02-27 04:48:25,387 - INFO - CaseID:1878 - 整体结果: PASS | 详情: 所有字段校验通过
2026-02-27 04:48:29,176 - INFO - CaseID:1879 - QUERY字段：基础语义模糊匹配通过
2026-02-27 04:48:29,177 - INFO - CaseID:1879 - 整体结果: PASS | 详情: 所有字段校验通过
2026-02-27 04:48:33,520 - INFO - CaseID:1880 - QUERY字段：基础语义模糊匹配通过
2026-02-27 04:48:33,520 - INFO - CaseID:1880 - 整体结果: PASS | 详情: 所有字段校验通过
2026-02-27 04:48:33,520 - INFO - CaseID:1881 - 整体结果: FAILED | 详情: 模型输出核心字段全为空，判定不通过
2026-02-27 04:48:41,320 - INFO - CaseID:1882 - QUERY字段：语义匹配失败，但visual_search链路意图匹配通过
2026-02-27 04:48:41,321 - INFO - CaseID:1882 - 整体结果: PASS | 详情: 所有字段校验通过
2026-02-27 04:48:48,992 - INFO - CaseID:1883 - QUERY字段：语义匹配失败，但visual_search链路意图匹配通过
2026-02-27 04:48:48,993 - INFO - CaseID:1883 - 整体结果: PASS | 详情: 所有字段校验通过
2026-02-27 04:48:48,994 - INFO - CaseID:1884 - 整体结果: FAILED | 详情: 模型输出核心字段全为空，判定不通过
2026-02-27 04:48:56,721 - INFO - CaseID:1885 - QUERY字段：语义匹配失败，但visual_search链路意图匹配通过
2026-02-27 04:48:56,722 - INFO - CaseID:1885 - 整体结果: PASS | 详情: 所有字段校验通过
2026-02-27 04:49:01,042 - INFO - CaseID:1886 - QUERY字段：基础语义模糊匹配通过
2026-02-27 04:49:01,043 - INFO - CaseID:1886 - 整体结果: PASS | 详情: 所有字段校验通过
2026-02-27 04:49:04,871 - INFO - CaseID:1887 - 整体结果: FAILED | 详情: APINAME不匹配：预期[visual_search]，实际[QASearch]; CATEGORY不匹配：一方为空 - 预期[]，实际[人物]; QUERY不匹配：基础语义模糊匹配失败 - 预期[这些都是王源吗]，实际[王源的个人资料]; TAG不匹配：一方为空 - 预期[]，实际[王源&个人资料]
2026-02-27 04:49:04,872 - INFO - CaseID:1888 - 整体结果: FAILED | 详情: 模型输出核心字段全为空，判定不通过
2026-02-27 04:49:04,872 - INFO - CaseID:1889 - 整体结果: FAILED | 详情: 模型输出核心字段全为空，判定不通过
2026-02-27 04:49:08,907 - INFO - CaseID:1890 - QUERY字段：基础语义模糊匹配通过
2026-02-27 04:49:08,908 - INFO - CaseID:1890 - 整体结果: PASS | 详情: 所有字段校验通过
2026-02-27 04:49:16,376 - INFO - CaseID:1891 - QUERY字段：语义匹配失败，但visual_search链路意图匹配通过
2026-02-27 04:49:16,376 - INFO - CaseID:1891 - 整体结果: PASS | 详情: 所有字段校验通过
2026-02-27 04:49:24,164 - INFO - CaseID:1892 - QUERY字段：语义匹配失败，但visual_search链路意图匹配通过
2026-02-27 04:49:24,165 - INFO - CaseID:1892 - 整体结果: PASS | 详情: 所有字段校验通过
2026-02-27 04:49:24,166 - INFO - CaseID:1893 - 整体结果: FAILED | 详情: 模型输出核心字段全为空，判定不通过
2026-02-27 04:49:24,166 - INFO - CaseID:1894 - 整体结果: FAILED | 详情: 模型输出核心字段全为空，判定不通过
2026-02-27 04:49:31,960 - INFO - CaseID:1895 - QUERY字段：语义匹配失败，但visual_search链路意图匹配通过
2026-02-27 04:49:31,960 - INFO - CaseID:1895 - 整体结果: PASS | 详情: 所有字段校验通过
2026-02-27 04:49:35,961 - INFO - CaseID:1896 - QUERY字段：基础语义模糊匹配通过
2026-02-27 04:49:35,961 - INFO - CaseID:1896 - 整体结果: PASS | 详情: 所有字段校验通过
2026-02-27 04:49:35,962 - INFO - CaseID:1897 - 整体结果: FAILED | 详情: 模型输出核心字段全为空，判定不通过
2026-02-27 04:49:43,977 - INFO - CaseID:1898 - QUERY字段：语义匹配失败，但visual_search链路意图匹配通过
2026-02-27 04:49:43,977 - INFO - CaseID:1898 - 整体结果: PASS | 详情: 所有字段校验通过
2026-02-27 04:49:47,882 - INFO - CaseID:1899 - QUERY字段：基础语义模糊匹配通过
2026-02-27 04:49:47,882 - INFO - CaseID:1899 - 整体结果: PASS | 详情: 所有字段校验通过
2026-02-27 04:49:57,137 - INFO - CaseID:1900 - QUERY字段：语义匹配失败，但visual_search链路意图匹配通过
2026-02-27 04:49:57,138 - INFO - CaseID:1900 - 整体结果: PASS | 详情: 所有字段校验通过
2026-02-27 04:50:01,030 - INFO - CaseID:1901 - QUERY字段：基础语义模糊匹配通过
2026-02-27 04:50:01,031 - INFO - CaseID:1901 - 整体结果: PASS | 详情: 所有字段校验通过
2026-02-27 04:50:05,693 - INFO - CaseID:1902 - QUERY字段：基础语义模糊匹配通过
2026-02-27 04:50:05,693 - INFO - CaseID:1902 - 整体结果: PASS | 详情: 所有字段校验通过
2026-02-27 04:50:13,266 - INFO - CaseID:1903 - QUERY字段：语义匹配失败，但visual_search链路意图匹配通过
2026-02-27 04:50:13,266 - INFO - CaseID:1903 - 整体结果: PASS | 详情: 所有字段校验通过
2026-02-27 04:50:20,786 - INFO - CaseID:1904 - QUERY字段：语义匹配失败，但visual_search链路意图匹配通过
2026-02-27 04:50:20,786 - INFO - CaseID:1904 - 整体结果: PASS | 详情: 所有字段校验通过
2026-02-27 04:50:29,559 - INFO - CaseID:1905 - QUERY字段：语义匹配失败，但visual_search链路意图匹配通过
2026-02-27 04:50:29,560 - INFO - CaseID:1905 - 整体结果: PASS | 详情: 所有字段校验通过
2026-02-27 04:50:34,225 - INFO - CaseID:1906 - QUERY字段：基础语义模糊匹配通过
2026-02-27 04:50:34,226 - INFO - CaseID:1906 - 整体结果: FAILED | 详情: APINAME不匹配：预期[visual_search]，实际[QASearch]; CATEGORY不匹配：一方为空 - 预期[]，实际[影视]; TAG不匹配：一方为空 - 预期[]，实际[海报&动漫名称]
2026-02-27 04:50:38,202 - INFO - CaseID:1907 - QUERY字段：基础语义模糊匹配通过
2026-02-27 04:50:38,202 - INFO - CaseID:1907 - 整体结果: PASS | 详情: 所有字段校验通过
2026-02-27 04:50:41,860 - INFO - CaseID:1908 - QUERY字段：基础语义模糊匹配通过
2026-02-27 04:50:41,860 - INFO - CaseID:1908 - 整体结果: FAILED | 详情: APINAME不匹配：预期[visual_search]，实际[QASearch]; CATEGORY不匹配：一方为空 - 预期[]，实际[出游美食]; TAG不匹配：一方为空 - 预期[]，实际[这个菜单有炒饭么]
2026-02-27 04:50:41,860 - INFO - CaseID:1909 - CATEGORY字段：模型输出含「其他问答」，该字段通过
2026-02-27 04:50:45,880 - INFO - CaseID:1909 - QUERY字段：基础语义模糊匹配通过
2026-02-27 04:50:45,881 - INFO - CaseID:1909 - 整体结果: FAILED | 详情: APINAME不匹配：预期[visual_search]，实际[QASearch]; TAG不匹配：一方为空 - 预期[]，实际[北京朝阳&蒜香小龙虾&价格]
2026-02-27 04:50:49,665 - INFO - CaseID:1910 - QUERY字段：基础语义模糊匹配通过
2026-02-27 04:50:49,665 - INFO - CaseID:1910 - 整体结果: PASS | 详情: 所有字段校验通过
2026-02-27 04:50:53,663 - INFO - CaseID:1911 - QUERY字段：基础语义模糊匹配通过
2026-02-27 04:50:53,664 - INFO - CaseID:1911 - 整体结果: FAILED | 详情: APINAME不匹配：预期[visual_search]，实际[skill_search]
2026-02-27 04:50:57,760 - INFO - CaseID:1912 - QUERY字段：基础语义模糊匹配通过
2026-02-27 04:50:57,761 - INFO - CaseID:1912 - 整体结果: PASS | 详情: 所有字段校验通过
2026-02-27 04:50:57,761 - INFO - CaseID:1913 - 整体结果: FAILED | 详情: 模型输出核心字段全为空，判定不通过
2026-02-27 04:51:02,469 - INFO - CaseID:1914 - QUERY字段：基础语义模糊匹配通过
2026-02-27 04:51:02,470 - INFO - CaseID:1914 - 整体结果: PASS | 详情: 所有字段校验通过
2026-02-27 04:51:10,046 - INFO - CaseID:1915 - QUERY字段：语义匹配失败，但visual_search链路意图匹配通过
2026-02-27 04:51:10,047 - INFO - CaseID:1915 - 整体结果: PASS | 详情: 所有字段校验通过
2026-02-27 04:51:10,047 - INFO - CaseID:1916 - 整体结果: FAILED | 详情: 模型输出核心字段全为空，判定不通过
2026-02-27 04:51:14,500 - INFO - CaseID:1917 - QUERY字段：基础语义模糊匹配通过
2026-02-27 04:51:14,500 - INFO - CaseID:1917 - 整体结果: PASS | 详情: 所有字段校验通过
2026-02-27 04:51:14,501 - INFO - CaseID:1918 - 整体结果: FAILED | 详情: 模型输出核心字段全为空，判定不通过
2026-02-27 04:51:14,501 - INFO - CaseID:1919 - 整体结果: FAILED | 详情: 模型输出核心字段全为空，判定不通过
2026-02-27 04:51:18,303 - INFO - CaseID:1920 - QUERY字段：基础语义模糊匹配通过
2026-02-27 04:51:18,303 - INFO - CaseID:1920 - 整体结果: PASS | 详情: 所有字段校验通过
2026-02-27 04:51:18,304 - INFO - CaseID:1921 - CATEGORY字段：模型输出含「其他问答」，该字段通过
2026-02-27 04:51:22,720 - INFO - CaseID:1921 - 整体结果: FAILED | 详情: APINAME不匹配：预期[visual_search]，实际[QASearch]; QUERY不匹配：基础语义模糊匹配失败 - 预期[分析一下吃一个的热量是多少]，实际[吃一个具体指什么食物]; TAG不匹配：一方为空 - 预期[]，实际[吃一个&具体指&食物]
2026-02-27 04:51:30,511 - INFO - CaseID:1922 - QUERY字段：语义匹配失败，但visual_search链路意图匹配通过
2026-02-27 04:51:30,512 - INFO - CaseID:1922 - 整体结果: PASS | 详情: 所有字段校验通过
2026-02-27 04:51:34,326 - INFO - CaseID:1923 - 整体结果: FAILED | 详情: APINAME不匹配：预期[visual_search]，实际[skill_search]; QUERY不匹配：基础语义模糊匹配失败 - 预期[识别用户当前所指的食物或物品]，实际[用户所指的具体食物及其热量含量]
2026-02-27 04:51:38,038 - INFO - CaseID:1924 - 整体结果: FAILED | 详情: APINAME不匹配：预期[visual_search]，实际[QASearch]; CATEGORY不匹配：一方为空 - 预期[]，实际[健康]; QUERY不匹配：基础语义模糊匹配失败 - 预期[用户当前展示的食物是什么？]，实际[几根具体指什么食物]; TAG不匹配：一方为空 - 预期[]，实际[几根&具体指&食物]
2026-02-27 04:51:41,963 - INFO - CaseID:1925 - QUERY字段：基础语义模糊匹配通过
2026-02-27 04:51:41,964 - INFO - CaseID:1925 - 整体结果: PASS | 详情: 所有字段校验通过
2026-02-27 04:51:45,990 - INFO - CaseID:1926 - 整体结果: FAILED | 详情: APINAME不匹配：预期[visual_search]，实际[QASearch]; CATEGORY不匹配：一方为空 - 预期[]，实际[健康]; QUERY不匹配：基础语义模糊匹配失败 - 预期[识别当前摄像头画面中的食物或物品]，实际[常见高热量食物的热量范围]; TAG不匹配：一方为空 - 预期[]，实际[常见&高热量食物&热量范围]
2026-02-27 04:51:49,903 - INFO - CaseID:1927 - QUERY字段：基础语义模糊匹配通过
2026-02-27 04:51:49,903 - INFO - CaseID:1927 - 整体结果: PASS | 详情: 所有字段校验通过
2026-02-27 04:51:53,914 - INFO - CaseID:1928 - QUERY字段：基础语义模糊匹配通过
2026-02-27 04:51:53,915 - INFO - CaseID:1928 - 整体结果: PASS | 详情: 所有字段校验通过
2026-02-27 04:52:02,025 - INFO - CaseID:1929 - QUERY字段：语义匹配失败，但visual_search链路意图匹配通过
2026-02-27 04:52:02,026 - INFO - CaseID:1929 - 整体结果: PASS | 详情: 所有字段校验通过
2026-02-27 04:52:05,773 - INFO - CaseID:1930 - QUERY字段：基础语义模糊匹配通过
2026-02-27 04:52:05,774 - INFO - CaseID:1930 - 整体结果: PASS | 详情: 所有字段校验通过
2026-02-27 04:52:09,715 - INFO - CaseID:1931 - QUERY字段：基础语义模糊匹配通过
2026-02-27 04:52:09,716 - INFO - CaseID:1931 - 整体结果: PASS | 详情: 所有字段校验通过
2026-02-27 04:52:13,331 - INFO - CaseID:1932 - QUERY字段：基础语义模糊匹配通过
2026-02-27 04:52:13,331 - INFO - CaseID:1932 - 整体结果: PASS | 详情: 所有字段校验通过
2026-02-27 04:52:17,300 - INFO - CaseID:1933 - QUERY字段：基础语义模糊匹配通过
2026-02-27 04:52:17,300 - INFO - CaseID:1933 - 整体结果: PASS | 详情: 所有字段校验通过
2026-02-27 04:52:21,218 - INFO - CaseID:1934 - QUERY字段：基础语义模糊匹配通过
2026-02-27 04:52:21,220 - INFO - CaseID:1934 - 整体结果: PASS | 详情: 所有字段校验通过
2026-02-27 04:52:25,130 - INFO - CaseID:1935 - QUERY字段：基础语义模糊匹配通过
2026-02-27 04:52:25,131 - INFO - CaseID:1935 - 整体结果: PASS | 详情: 所有字段校验通过
2026-02-27 04:52:28,958 - INFO - CaseID:1936 - QUERY字段：基础语义模糊匹配通过
2026-02-27 04:52:28,958 - INFO - CaseID:1936 - 整体结果: PASS | 详情: 所有字段校验通过
2026-02-27 04:52:32,664 - INFO - CaseID:1937 - QUERY字段：基础语义模糊匹配通过
2026-02-27 04:52:32,665 - INFO - CaseID:1937 - 整体结果: PASS | 详情: 所有字段校验通过
2026-02-27 04:52:40,671 - INFO - CaseID:1938 - QUERY字段：语义匹配失败，但visual_search链路意图匹配通过
2026-02-27 04:52:40,672 - INFO - CaseID:1938 - 整体结果: PASS | 详情: 所有字段校验通过
2026-02-27 04:52:45,463 - INFO - CaseID:1939 - QUERY字段：基础语义模糊匹配通过
2026-02-27 04:52:45,464 - INFO - CaseID:1939 - 整体结果: PASS | 详情: 所有字段校验通过
2026-02-27 04:52:49,558 - INFO - CaseID:1940 - 整体结果: FAILED | 详情: APINAME不匹配：预期[visual_search]，实际[skill_search]; QUERY不匹配：基础语义模糊匹配失败 - 预期[当前摄像头捕捉到的内容是什么？]，实际[用户当前所指的具体内容或上下文是什么]
2026-02-27 04:52:53,552 - INFO - CaseID:1941 - QUERY字段：基础语义模糊匹配通过
2026-02-27 04:52:53,552 - INFO - CaseID:1941 - 整体结果: PASS | 详情: 所有字段校验通过
2026-02-27 04:52:57,419 - INFO - CaseID:1942 - QUERY字段：基础语义模糊匹配通过
2026-02-27 04:52:57,419 - INFO - CaseID:1942 - 整体结果: PASS | 详情: 所有字段校验通过
2026-02-27 04:53:01,416 - INFO - CaseID:1943 - QUERY字段：基础语义模糊匹配通过
2026-02-27 04:53:01,417 - INFO - CaseID:1943 - 整体结果: PASS | 详情: 所有字段校验通过
2026-02-27 04:53:01,417 - INFO - CaseID:1944 - 整体结果: FAILED | 详情: 模型输出核心字段全为空，判定不通过
2026-02-27 04:53:09,356 - INFO - CaseID:1945 - QUERY字段：语义匹配失败，但visual_search链路意图匹配通过
2026-02-27 04:53:09,356 - INFO - CaseID:1945 - 整体结果: PASS | 详情: 所有字段校验通过
2026-02-27 04:53:09,357 - INFO - CaseID:1946 - 整体结果: FAILED | 详情: 模型输出核心字段全为空，判定不通过
2026-02-27 04:53:09,357 - INFO - CaseID:1947 - 整体结果: FAILED | 详情: 模型输出核心字段全为空，判定不通过
2026-02-27 04:53:17,143 - INFO - CaseID:1948 - QUERY字段：语义匹配失败，但visual_search链路意图匹配通过
2026-02-27 04:53:17,143 - INFO - CaseID:1948 - 整体结果: PASS | 详情: 所有字段校验通过
2026-02-27 04:53:17,143 - INFO - CaseID:1949 - 整体结果: FAILED | 详情: 模型输出核心字段全为空，判定不通过
2026-02-27 04:53:21,939 - INFO - CaseID:1950 - QUERY字段：基础语义模糊匹配通过
2026-02-27 04:53:21,939 - INFO - CaseID:1950 - 整体结果: PASS | 详情: 所有字段校验通过
2026-02-27 04:53:25,934 - INFO - CaseID:1951 - QUERY字段：基础语义模糊匹配通过
2026-02-27 04:53:25,934 - INFO - CaseID:1951 - 整体结果: PASS | 详情: 所有字段校验通过
2026-02-27 04:53:25,935 - INFO - CaseID:1952 - 整体结果: FAILED | 详情: 模型输出核心字段全为空，判定不通过
2026-02-27 04:53:29,923 - INFO - CaseID:1953 - QUERY字段：基础语义模糊匹配通过
2026-02-27 04:53:29,924 - INFO - CaseID:1953 - 整体结果: PASS | 详情: 所有字段校验通过
2026-02-27 04:53:37,710 - INFO - CaseID:1954 - QUERY字段：语义匹配失败，但visual_search链路意图匹配通过
2026-02-27 04:53:37,711 - INFO - CaseID:1954 - 整体结果: PASS | 详情: 所有字段校验通过
2026-02-27 04:53:42,043 - INFO - CaseID:1955 - QUERY字段：基础语义模糊匹配通过
2026-02-27 04:53:42,044 - INFO - CaseID:1955 - 整体结果: PASS | 详情: 所有字段校验通过
2026-02-27 04:53:46,003 - INFO - CaseID:1956 - QUERY字段：基础语义模糊匹配通过
2026-02-27 04:53:46,003 - INFO - CaseID:1956 - 整体结果: PASS | 详情: 所有字段校验通过
2026-02-27 04:53:50,736 - INFO - CaseID:1957 - QUERY字段：基础语义模糊匹配通过
2026-02-27 04:53:50,737 - INFO - CaseID:1957 - 整体结果: PASS | 详情: 所有字段校验通过
2026-02-27 04:53:54,613 - INFO - CaseID:1958 - QUERY字段：基础语义模糊匹配通过
2026-02-27 04:53:54,614 - INFO - CaseID:1958 - 整体结果: PASS | 详情: 所有字段校验通过
2026-02-27 04:53:58,250 - INFO - CaseID:1959 - QUERY字段：基础语义模糊匹配通过
2026-02-27 04:53:58,250 - INFO - CaseID:1959 - 整体结果: PASS | 详情: 所有字段校验通过
2026-02-27 04:54:02,224 - INFO - CaseID:1960 - QUERY字段：基础语义模糊匹配通过
2026-02-27 04:54:02,225 - INFO - CaseID:1960 - 整体结果: PASS | 详情: 所有字段校验通过
2026-02-27 04:54:09,866 - INFO - CaseID:1961 - QUERY字段：语义匹配失败，但visual_search链路意图匹配通过
2026-02-27 04:54:09,867 - INFO - CaseID:1961 - 整体结果: PASS | 详情: 所有字段校验通过
2026-02-27 04:54:13,856 - INFO - CaseID:1962 - 整体结果: FAILED | 详情: APINAME不匹配：预期[visual_search]，实际[AUTOSearch]; CATEGORY不匹配：一方为空 - 预期[]，实际[汽车]; QUERY不匹配：基础语义模糊匹配失败 - 预期[牌子上写的有什么特别的吗]，实际[理想汽车品牌标识的特殊含义]; TAG不匹配：一方为空 - 预期[]，实际[理想汽车&品牌标识&特殊含义]
2026-02-27 04:54:17,812 - INFO - CaseID:1963 - QUERY字段：基础语义模糊匹配通过
2026-02-27 04:54:17,812 - INFO - CaseID:1963 - 整体结果: PASS | 详情: 所有字段校验通过
2026-02-27 04:54:21,946 - INFO - CaseID:1964 - QUERY字段：基础语义模糊匹配通过
2026-02-27 04:54:21,947 - INFO - CaseID:1964 - 整体结果: PASS | 详情: 所有字段校验通过
2026-02-27 04:54:30,036 - INFO - CaseID:1965 - QUERY字段：语义匹配失败，但visual_search链路意图匹配通过
2026-02-27 04:54:30,037 - INFO - CaseID:1965 - 整体结果: PASS | 详情: 所有字段校验通过
2026-02-27 04:54:33,825 - INFO - CaseID:1966 - QUERY字段：基础语义模糊匹配通过
2026-02-27 04:54:33,826 - INFO - CaseID:1966 - 整体结果: PASS | 详情: 所有字段校验通过
2026-02-27 04:54:38,158 - INFO - CaseID:1967 - QUERY字段：基础语义模糊匹配通过
2026-02-27 04:54:38,159 - INFO - CaseID:1967 - 整体结果: PASS | 详情: 所有字段校验通过
2026-02-27 04:54:42,069 - INFO - CaseID:1968 - QUERY字段：基础语义模糊匹配通过
2026-02-27 04:54:42,070 - INFO - CaseID:1968 - 整体结果: PASS | 详情: 所有字段校验通过
2026-02-27 04:54:42,070 - INFO - CaseID:1969 - 整体结果: FAILED | 详情: 模型输出核心字段全为空，判定不通过
2026-02-27 04:54:45,963 - INFO - CaseID:1970 - QUERY字段：基础语义模糊匹配通过
2026-02-27 04:54:45,964 - INFO - CaseID:1970 - 整体结果: PASS | 详情: 所有字段校验通过
2026-02-27 04:54:49,903 - INFO - CaseID:1971 - QUERY字段：基础语义模糊匹配通过
2026-02-27 04:54:49,903 - INFO - CaseID:1971 - 整体结果: PASS | 详情: 所有字段校验通过
2026-02-27 04:54:54,011 - INFO - CaseID:1972 - QUERY字段：基础语义模糊匹配通过
2026-02-27 04:54:54,011 - INFO - CaseID:1972 - 整体结果: PASS | 详情: 所有字段校验通过
2026-02-27 04:54:57,929 - INFO - CaseID:1973 - QUERY字段：基础语义模糊匹配通过
2026-02-27 04:54:57,929 - INFO - CaseID:1973 - 整体结果: PASS | 详情: 所有字段校验通过
2026-02-27 04:55:01,677 - INFO - CaseID:1974 - QUERY字段：基础语义模糊匹配通过
2026-02-27 04:55:01,680 - INFO - CaseID:1974 - 整体结果: PASS | 详情: 所有字段校验通过
2026-02-27 04:55:05,611 - INFO - CaseID:1975 - QUERY字段：基础语义模糊匹配通过
2026-02-27 04:55:05,611 - INFO - CaseID:1975 - 整体结果: PASS | 详情: 所有字段校验通过
2026-02-27 04:55:09,512 - INFO - CaseID:1976 - QUERY字段：基础语义模糊匹配通过
2026-02-27 04:55:09,512 - INFO - CaseID:1976 - 整体结果: PASS | 详情: 所有字段校验通过
2026-02-27 04:55:13,589 - INFO - CaseID:1977 - QUERY字段：基础语义模糊匹配通过
2026-02-27 04:55:13,589 - INFO - CaseID:1977 - 整体结果: PASS | 详情: 所有字段校验通过
2026-02-27 04:55:21,486 - INFO - CaseID:1978 - QUERY字段：语义匹配失败，但visual_search链路意图匹配通过
2026-02-27 04:55:21,486 - INFO - CaseID:1978 - 整体结果: PASS | 详情: 所有字段校验通过
2026-02-27 04:55:21,487 - INFO - CaseID:1979 - 整体结果: FAILED | 详情: 模型输出核心字段全为空，判定不通过
2026-02-27 04:55:25,470 - INFO - CaseID:1980 - QUERY字段：基础语义模糊匹配通过
2026-02-27 04:55:25,471 - INFO - CaseID:1980 - 整体结果: PASS | 详情: 所有字段校验通过
2026-02-27 04:55:29,236 - INFO - CaseID:1981 - QUERY字段：基础语义模糊匹配通过
2026-02-27 04:55:29,237 - INFO - CaseID:1981 - 整体结果: PASS | 详情: 所有字段校验通过
2026-02-27 04:55:33,507 - INFO - CaseID:1982 - QUERY字段：基础语义模糊匹配通过
2026-02-27 04:55:33,508 - INFO - CaseID:1982 - 整体结果: FAILED | 详情: APINAME不匹配：预期[visual_search]，实际[AUTOSearch]; CATEGORY不匹配：一方为空 - 预期[]，实际[汽车]; TAG不匹配：一方为空 - 预期[]，实际[道路]
2026-02-27 04:55:37,462 - INFO - CaseID:1983 - QUERY字段：基础语义模糊匹配通过
2026-02-27 04:55:37,463 - INFO - CaseID:1983 - 整体结果: PASS | 详情: 所有字段校验通过
2026-02-27 04:55:41,400 - INFO - CaseID:1984 - QUERY字段：基础语义模糊匹配通过
2026-02-27 04:55:41,400 - INFO - CaseID:1984 - 整体结果: PASS | 详情: 所有字段校验通过
2026-02-27 04:55:49,089 - INFO - CaseID:1985 - QUERY字段：语义匹配失败，但visual_search链路意图匹配通过
2026-02-27 04:55:49,090 - INFO - CaseID:1985 - 整体结果: PASS | 详情: 所有字段校验通过
2026-02-27 04:55:53,984 - INFO - CaseID:1986 - QUERY字段：基础语义模糊匹配通过
2026-02-27 04:55:53,985 - INFO - CaseID:1986 - 整体结果: PASS | 详情: 所有字段校验通过
2026-02-27 04:55:57,536 - INFO - CaseID:1987 - QUERY字段：基础语义模糊匹配通过
2026-02-27 04:55:57,536 - INFO - CaseID:1987 - 整体结果: PASS | 详情: 所有字段校验通过
2026-02-27 04:56:05,858 - INFO - CaseID:1988 - QUERY字段：语义匹配失败，但visual_search链路意图匹配通过
2026-02-27 04:56:05,858 - INFO - CaseID:1988 - 整体结果: PASS | 详情: 所有字段校验通过
2026-02-27 04:56:09,864 - INFO - CaseID:1989 - QUERY字段：基础语义模糊匹配通过
2026-02-27 04:56:09,864 - INFO - CaseID:1989 - 整体结果: PASS | 详情: 所有字段校验通过
2026-02-27 04:56:13,686 - INFO - CaseID:1990 - QUERY字段：基础语义模糊匹配通过
2026-02-27 04:56:13,686 - INFO - CaseID:1990 - 整体结果: PASS | 详情: 所有字段校验通过
2026-02-27 04:56:17,337 - INFO - CaseID:1991 - QUERY字段：基础语义模糊匹配通过
2026-02-27 04:56:17,338 - INFO - CaseID:1991 - 整体结果: FAILED | 详情: APINAME不匹配：预期[visual_search]，实际[AUTOSearch]; CATEGORY不匹配：一方为空 - 预期[]，实际[汽车]; TAG不匹配：一方为空 - 预期[]，实际[右边牌子&写的东西&意思]
2026-02-27 04:56:21,265 - INFO - CaseID:1992 - QUERY字段：基础语义模糊匹配通过
2026-02-27 04:56:21,265 - INFO - CaseID:1992 - 整体结果: PASS | 详情: 所有字段校验通过
2026-02-27 04:56:29,362 - INFO - CaseID:1993 - QUERY字段：语义匹配失败，但visual_search链路意图匹配通过
2026-02-27 04:56:29,363 - INFO - CaseID:1993 - 整体结果: PASS | 详情: 所有字段校验通过
2026-02-27 04:56:38,407 - INFO - CaseID:1994 - QUERY字段：语义匹配失败，但visual_search链路意图匹配通过
2026-02-27 04:56:38,407 - INFO - CaseID:1994 - 整体结果: PASS | 详情: 所有字段校验通过
2026-02-27 04:56:43,256 - INFO - CaseID:1995 - QUERY字段：基础语义模糊匹配通过
2026-02-27 04:56:43,257 - INFO - CaseID:1995 - 整体结果: PASS | 详情: 所有字段校验通过
2026-02-27 04:56:50,838 - INFO - CaseID:1996 - QUERY字段：语义匹配失败，但visual_search链路意图匹配通过
2026-02-27 04:56:50,838 - INFO - CaseID:1996 - 整体结果: PASS | 详情: 所有字段校验通过
2026-02-27 04:56:58,331 - INFO - CaseID:1997 - QUERY字段：语义匹配失败，但visual_search链路意图匹配通过
2026-02-27 04:56:58,332 - INFO - CaseID:1997 - 整体结果: PASS | 详情: 所有字段校验通过
2026-02-27 04:56:58,332 - INFO - CaseID:1998 - 整体结果: FAILED | 详情: 模型输出核心字段全为空，判定不通过
2026-02-27 04:57:06,520 - INFO - CaseID:1999 - QUERY字段：语义匹配失败，但visual_search链路意图匹配通过
2026-02-27 04:57:06,521 - INFO - CaseID:1999 - 整体结果: PASS | 详情: 所有字段校验通过
2026-02-27 04:57:10,393 - INFO - CaseID:2000 - QUERY字段：基础语义模糊匹配通过
2026-02-27 04:57:10,394 - INFO - CaseID:2000 - 整体结果: PASS | 详情: 所有字段校验通过
2026-02-27 04:57:10,394 - INFO - 已处理2000/2393条用例，当前通过数：1317（65.85%）
2026-02-27 04:57:20,920 - INFO - CaseID:2001 - QUERY字段：语义匹配失败，但visual_search链路意图匹配通过
2026-02-27 04:57:20,921 - INFO - CaseID:2001 - 整体结果: PASS | 详情: 所有字段校验通过
2026-02-27 04:57:24,595 - INFO - CaseID:2002 - 整体结果: FAILED | 详情: APINAME不匹配：预期[visual_search]，实际[AUTOSearch]; CATEGORY不匹配：一方为空 - 预期[]，实际[汽车]; QUERY不匹配：基础语义模糊匹配失败 - 预期[车上的标识是什么意思]，实际[常见车载标识及其含义]; TAG不匹配：一方为空 - 预期[]，实际[常见车载标识及其含义]
2026-02-27 04:57:28,519 - INFO - CaseID:2003 - QUERY字段：基础语义模糊匹配通过
2026-02-27 04:57:28,519 - INFO - CaseID:2003 - 整体结果: FAILED | 详情: APINAME不匹配：预期[visual_search]，实际[AUTOSearch]; CATEGORY不匹配：一方为空 - 预期[]，实际[汽车]; TAG不匹配：一方为空 - 预期[]，实际[汽车前机盖&常见图标&含义]
2026-02-27 04:57:32,515 - INFO - CaseID:2004 - QUERY字段：基础语义模糊匹配通过
2026-02-27 04:57:32,515 - INFO - CaseID:2004 - 整体结果: PASS | 详情: 所有字段校验通过
2026-02-27 04:57:37,190 - INFO - CaseID:2005 - QUERY字段：基础语义模糊匹配通过
2026-02-27 04:57:37,190 - INFO - CaseID:2005 - 整体结果: FAILED | 详情: APINAME不匹配：预期[visual_search]，实际[AUTOSearch]; CATEGORY不匹配：一方为空 - 预期[]，实际[汽车]; TAG不匹配：一方为空 - 预期[]，实际[白色车&这里&发生&什么]
2026-02-27 04:57:42,030 - INFO - CaseID:2006 - QUERY字段：基础语义模糊匹配通过
2026-02-27 04:57:42,031 - INFO - CaseID:2006 - 整体结果: PASS | 详情: 所有字段校验通过
2026-02-27 04:57:46,033 - INFO - CaseID:2007 - QUERY字段：基础语义模糊匹配通过
2026-02-27 04:57:46,033 - INFO - CaseID:2007 - 整体结果: PASS | 详情: 所有字段校验通过
2026-02-27 04:57:53,820 - INFO - CaseID:2008 - QUERY字段：语义匹配失败，但visual_search链路意图匹配通过
2026-02-27 04:57:53,820 - INFO - CaseID:2008 - 整体结果: PASS | 详情: 所有字段校验通过
2026-02-27 04:57:58,174 - INFO - CaseID:2009 - QUERY字段：基础语义模糊匹配通过
2026-02-27 04:57:58,175 - INFO - CaseID:2009 - 整体结果: PASS | 详情: 所有字段校验通过
2026-02-27 04:58:02,277 - INFO - CaseID:2010 - QUERY字段：基础语义模糊匹配通过
2026-02-27 04:58:02,277 - INFO - CaseID:2010 - 整体结果: PASS | 详情: 所有字段校验通过
2026-02-27 04:58:10,838 - INFO - CaseID:2011 - QUERY字段：语义匹配失败，但visual_search链路意图匹配通过
2026-02-27 04:58:10,838 - INFO - CaseID:2011 - 整体结果: PASS | 详情: 所有字段校验通过
2026-02-27 04:58:14,569 - INFO - CaseID:2012 - QUERY字段：基础语义模糊匹配通过
2026-02-27 04:58:14,569 - INFO - CaseID:2012 - 整体结果: PASS | 详情: 所有字段校验通过
2026-02-27 04:58:22,006 - INFO - CaseID:2013 - QUERY字段：语义匹配失败，但visual_search链路意图匹配通过
2026-02-27 04:58:22,006 - INFO - CaseID:2013 - 整体结果: PASS | 详情: 所有字段校验通过
2026-02-27 04:58:26,299 - INFO - CaseID:2014 - QUERY字段：基础语义模糊匹配通过
2026-02-27 04:58:26,299 - INFO - CaseID:2014 - 整体结果: PASS | 详情: 所有字段校验通过
2026-02-27 04:58:30,165 - INFO - CaseID:2015 - QUERY字段：基础语义模糊匹配通过
2026-02-27 04:58:30,165 - INFO - CaseID:2015 - 整体结果: PASS | 详情: 所有字段校验通过
2026-02-27 04:58:34,015 - INFO - CaseID:2016 - QUERY字段：基础语义模糊匹配通过
2026-02-27 04:58:34,016 - INFO - CaseID:2016 - 整体结果: PASS | 详情: 所有字段校验通过
2026-02-27 04:58:42,089 - INFO - CaseID:2017 - QUERY字段：语义匹配失败，但visual_search链路意图匹配通过
2026-02-27 04:58:42,089 - INFO - CaseID:2017 - 整体结果: PASS | 详情: 所有字段校验通过
2026-02-27 04:58:42,089 - INFO - CaseID:2018 - 整体结果: FAILED | 详情: 模型输出核心字段全为空，判定不通过
2026-02-27 04:58:46,651 - INFO - CaseID:2019 - QUERY字段：基础语义模糊匹配通过
2026-02-27 04:58:46,651 - INFO - CaseID:2019 - 整体结果: PASS | 详情: 所有字段校验通过
2026-02-27 04:58:54,136 - INFO - CaseID:2020 - QUERY字段：语义匹配失败，但visual_search链路意图匹配通过
2026-02-27 04:58:54,136 - INFO - CaseID:2020 - 整体结果: PASS | 详情: 所有字段校验通过
2026-02-27 04:58:58,102 - INFO - CaseID:2021 - QUERY字段：基础语义模糊匹配通过
2026-02-27 04:58:58,102 - INFO - CaseID:2021 - 整体结果: PASS | 详情: 所有字段校验通过
2026-02-27 04:59:02,061 - INFO - CaseID:2022 - QUERY字段：基础语义模糊匹配通过
2026-02-27 04:59:02,062 - INFO - CaseID:2022 - 整体结果: PASS | 详情: 所有字段校验通过
2026-02-27 04:59:05,953 - INFO - CaseID:2023 - QUERY字段：基础语义模糊匹配通过
2026-02-27 04:59:05,953 - INFO - CaseID:2023 - 整体结果: PASS | 详情: 所有字段校验通过
2026-02-27 04:59:14,413 - INFO - CaseID:2024 - QUERY字段：语义匹配失败，但visual_search链路意图匹配通过
2026-02-27 04:59:14,414 - INFO - CaseID:2024 - 整体结果: PASS | 详情: 所有字段校验通过
2026-02-27 04:59:18,426 - INFO - CaseID:2025 - QUERY字段：基础语义模糊匹配通过
2026-02-27 04:59:18,426 - INFO - CaseID:2025 - 整体结果: PASS | 详情: 所有字段校验通过
2026-02-27 04:59:26,266 - INFO - CaseID:2026 - QUERY字段：语义匹配失败，但visual_search链路意图匹配通过
2026-02-27 04:59:26,267 - INFO - CaseID:2026 - 整体结果: PASS | 详情: 所有字段校验通过
2026-02-27 04:59:30,147 - INFO - CaseID:2027 - QUERY字段：基础语义模糊匹配通过
2026-02-27 04:59:30,147 - INFO - CaseID:2027 - 整体结果: PASS | 详情: 所有字段校验通过
2026-02-27 04:59:33,960 - INFO - CaseID:2028 - QUERY字段：基础语义模糊匹配通过
2026-02-27 04:59:33,961 - INFO - CaseID:2028 - 整体结果: PASS | 详情: 所有字段校验通过
2026-02-27 04:59:33,961 - INFO - CaseID:2029 - 整体结果: FAILED | 详情: 模型输出核心字段全为空，判定不通过
2026-02-27 04:59:37,591 - INFO - CaseID:2030 - QUERY字段：基础语义模糊匹配通过
2026-02-27 04:59:37,591 - INFO - CaseID:2030 - 整体结果: PASS | 详情: 所有字段校验通过
2026-02-27 04:59:41,547 - INFO - CaseID:2031 - QUERY字段：基础语义模糊匹配通过
2026-02-27 04:59:41,548 - INFO - CaseID:2031 - 整体结果: PASS | 详情: 所有字段校验通过
2026-02-27 04:59:41,548 - INFO - CaseID:2032 - 整体结果: FAILED | 详情: 模型输出核心字段全为空，判定不通过
2026-02-27 04:59:45,224 - INFO - CaseID:2033 - 整体结果: FAILED | 详情: APINAME不匹配：预期[visual_search]，实际[politicsearch]; CATEGORY不匹配：一方为空 - 预期[]，实际[一般涉政]; QUERY不匹配：基础语义模糊匹配失败 - 预期[旗面上面都写了些啥]，实际[中国国旗上的文字内容]; TAG不匹配：一方为空 - 预期[]，实际[中国国旗上的文字内容]
2026-02-27 04:59:49,627 - INFO - CaseID:2034 - QUERY字段：基础语义模糊匹配通过
2026-02-27 04:59:49,628 - INFO - CaseID:2034 - 整体结果: PASS | 详情: 所有字段校验通过
2026-02-27 04:59:53,472 - INFO - CaseID:2035 - QUERY字段：基础语义模糊匹配通过
2026-02-27 04:59:53,472 - INFO - CaseID:2035 - 整体结果: PASS | 详情: 所有字段校验通过
2026-02-27 04:59:57,385 - INFO - CaseID:2036 - QUERY字段：基础语义模糊匹配通过
2026-02-27 04:59:57,385 - INFO - CaseID:2036 - 整体结果: FAILED | 详情: APINAME不匹配：预期[visual_search]，实际[AUTOSearch]; CATEGORY不匹配：一方为空 - 预期[]，实际[汽车]; TAG不匹配：一方为空 - 预期[]，实际[门上牌子&文字含义]
2026-02-27 04:59:57,386 - INFO - CaseID:2037 - 整体结果: FAILED | 详情: 模型输出核心字段全为空，判定不通过
2026-02-27 05:00:04,988 - INFO - CaseID:2038 - QUERY字段：语义匹配失败，但visual_search链路意图匹配通过
2026-02-27 05:00:04,989 - INFO - CaseID:2038 - 整体结果: PASS | 详情: 所有字段校验通过
2026-02-27 05:00:09,485 - INFO - CaseID:2039 - QUERY字段：基础语义模糊匹配通过
2026-02-27 05:00:09,485 - INFO - CaseID:2039 - 整体结果: PASS | 详情: 所有字段校验通过
2026-02-27 05:00:17,230 - INFO - CaseID:2040 - QUERY字段：语义匹配失败，但visual_search链路意图匹配通过
2026-02-27 05:00:17,231 - INFO - CaseID:2040 - 整体结果: PASS | 详情: 所有字段校验通过
2026-02-27 05:00:17,231 - INFO - CaseID:2041 - 整体结果: FAILED | 详情: 模型输出核心字段全为空，判定不通过
2026-02-27 05:00:23,027 - INFO - CaseID:2042 - QUERY字段：基础语义模糊匹配通过
2026-02-27 05:00:23,027 - INFO - CaseID:2042 - 整体结果: PASS | 详情: 所有字段校验通过
2026-02-27 05:00:26,949 - INFO - CaseID:2043 - QUERY字段：基础语义模糊匹配通过
2026-02-27 05:00:26,949 - INFO - CaseID:2043 - 整体结果: PASS | 详情: 所有字段校验通过
2026-02-27 05:00:30,752 - INFO - CaseID:2044 - QUERY字段：基础语义模糊匹配通过
2026-02-27 05:00:30,752 - INFO - CaseID:2044 - 整体结果: PASS | 详情: 所有字段校验通过
2026-02-27 05:00:34,889 - INFO - CaseID:2045 - QUERY字段：基础语义模糊匹配通过
2026-02-27 05:00:34,890 - INFO - CaseID:2045 - 整体结果: PASS | 详情: 所有字段校验通过
2026-02-27 05:00:34,890 - INFO - CaseID:2046 - 整体结果: FAILED | 详情: 模型输出核心字段全为空，判定不通过
2026-02-27 05:00:39,365 - INFO - CaseID:2047 - QUERY字段：基础语义模糊匹配通过
2026-02-27 05:00:39,365 - INFO - CaseID:2047 - 整体结果: PASS | 详情: 所有字段校验通过
2026-02-27 05:00:39,366 - INFO - CaseID:2048 - 整体结果: FAILED | 详情: 模型输出核心字段全为空，判定不通过
2026-02-27 05:00:43,084 - INFO - CaseID:2049 - QUERY字段：基础语义模糊匹配通过
2026-02-27 05:00:43,085 - INFO - CaseID:2049 - 整体结果: PASS | 详情: 所有字段校验通过
2026-02-27 05:00:47,074 - INFO - CaseID:2050 - QUERY字段：基础语义模糊匹配通过
2026-02-27 05:00:47,074 - INFO - CaseID:2050 - 整体结果: PASS | 详情: 所有字段校验通过
2026-02-27 05:00:47,074 - INFO - CaseID:2051 - 整体结果: FAILED | 详情: 模型输出核心字段全为空，判定不通过
2026-02-27 05:00:51,193 - INFO - CaseID:2052 - QUERY字段：基础语义模糊匹配通过
2026-02-27 05:00:51,194 - INFO - CaseID:2052 - 整体结果: PASS | 详情: 所有字段校验通过
2026-02-27 05:00:55,145 - INFO - CaseID:2053 - QUERY字段：基础语义模糊匹配通过
2026-02-27 05:00:55,146 - INFO - CaseID:2053 - 整体结果: PASS | 详情: 所有字段校验通过
2026-02-27 05:00:55,146 - INFO - CaseID:2054 - 整体结果: FAILED | 详情: 模型输出核心字段全为空，判定不通过
2026-02-27 05:00:59,056 - INFO - CaseID:2055 - QUERY字段：基础语义模糊匹配通过
2026-02-27 05:00:59,057 - INFO - CaseID:2055 - 整体结果: PASS | 详情: 所有字段校验通过
2026-02-27 05:01:02,758 - INFO - CaseID:2056 - QUERY字段：基础语义模糊匹配通过
2026-02-27 05:01:02,758 - INFO - CaseID:2056 - 整体结果: PASS | 详情: 所有字段校验通过
2026-02-27 05:01:07,608 - INFO - CaseID:2057 - QUERY字段：基础语义模糊匹配通过
2026-02-27 05:01:07,609 - INFO - CaseID:2057 - 整体结果: PASS | 详情: 所有字段校验通过
2026-02-27 05:01:11,769 - INFO - CaseID:2058 - QUERY字段：基础语义模糊匹配通过
2026-02-27 05:01:11,770 - INFO - CaseID:2058 - 整体结果: PASS | 详情: 所有字段校验通过
2026-02-27 05:01:11,770 - INFO - CaseID:2059 - 整体结果: FAILED | 详情: 模型输出核心字段全为空，判定不通过
2026-02-27 05:01:11,770 - INFO - CaseID:2060 - 整体结果: FAILED | 详情: 模型输出核心字段全为空，判定不通过
2026-02-27 05:01:15,747 - INFO - CaseID:2061 - QUERY字段：基础语义模糊匹配通过
2026-02-27 05:01:15,748 - INFO - CaseID:2061 - 整体结果: PASS | 详情: 所有字段校验通过
2026-02-27 05:01:23,632 - INFO - CaseID:2062 - QUERY字段：语义匹配失败，但visual_search链路意图匹配通过
2026-02-27 05:01:23,633 - INFO - CaseID:2062 - 整体结果: PASS | 详情: 所有字段校验通过
2026-02-27 05:01:31,516 - INFO - CaseID:2063 - QUERY字段：语义匹配失败，但visual_search链路意图匹配通过
2026-02-27 05:01:31,517 - INFO - CaseID:2063 - 整体结果: PASS | 详情: 所有字段校验通过
2026-02-27 05:01:35,510 - INFO - CaseID:2064 - QUERY字段：基础语义模糊匹配通过
2026-02-27 05:01:35,511 - INFO - CaseID:2064 - 整体结果: PASS | 详情: 所有字段校验通过
2026-02-27 05:01:35,512 - INFO - CaseID:2065 - 整体结果: FAILED | 详情: 模型输出核心字段全为空，判定不通过
2026-02-27 05:01:39,417 - INFO - CaseID:2066 - QUERY字段：基础语义模糊匹配通过
2026-02-27 05:01:39,418 - INFO - CaseID:2066 - 整体结果: PASS | 详情: 所有字段校验通过
2026-02-27 05:01:44,317 - INFO - CaseID:2067 - 整体结果: FAILED | 详情: APINAME不匹配：预期[visual_search]，实际[QASearch]; CATEGORY不匹配：一方为空 - 预期[]，实际[城市]; QUERY不匹配：基础语义模糊匹配失败 - 预期[女厕所是哪边]，实际[北京朝阳区女厕所位置]; TAG不匹配：一方为空 - 预期[]，实际[北京&朝阳区&女厕所]
2026-02-27 05:01:48,147 - INFO - CaseID:2068 - QUERY字段：基础语义模糊匹配通过
2026-02-27 05:01:48,148 - INFO - CaseID:2068 - 整体结果: PASS | 详情: 所有字段校验通过
2026-02-27 05:01:52,030 - INFO - CaseID:2069 - 整体结果: FAILED | 详情: APINAME不匹配：预期[visual_search]，实际[QASearch]; CATEGORY不匹配：一方为空 - 预期[]，实际[城市]; QUERY不匹配：基础语义模糊匹配失败 - 预期[厕所往哪边走]，实际[北京朝阳区公共厕所的指示标志或方向指引]; TAG不匹配：一方为空 - 预期[]，实际[北京朝阳区&公共厕所&指示标志或方向指引]
2026-02-27 05:01:52,031 - INFO - CaseID:2070 - CATEGORY字段：模型输出含「其他问答」，该字段通过
2026-02-27 05:01:55,931 - INFO - CaseID:2070 - 整体结果: FAILED | 详情: APINAME不匹配：预期[visual_search]，实际[QASearch]; QUERY不匹配：基础语义模糊匹配失败 - 预期[哪边是女生那边是男生]，实际[区分图片中的男生和女生的方法]; TAG不匹配：一方为空 - 预期[]，实际[图片&男生&女生&方法]
2026-02-27 05:01:55,932 - INFO - CaseID:2071 - CATEGORY字段：模型输出含「其他问答」，该字段通过
2026-02-27 05:01:59,906 - INFO - CaseID:2071 - QUERY字段：基础语义模糊匹配通过
2026-02-27 05:01:59,906 - INFO - CaseID:2071 - 整体结果: FAILED | 详情: APINAME不匹配：预期[visual_search]，实际[QASearch]; TAG不匹配：一方为空 - 预期[]，实际[扶梯&正确行走方法]
2026-02-27 05:02:03,826 - INFO - CaseID:2072 - 整体结果: FAILED | 详情: APINAME不匹配：预期[visual_search]，实际[AUTOSearch]; CATEGORY不匹配：一方为空 - 预期[]，实际[汽车]; QUERY不匹配：基础语义模糊匹配失败 - 预期[识别当前摄像头画面中的图标及其含义]，实际[常见图标符号的含义]; TAG不匹配：一方为空 - 预期[]，实际[常见图标符号&含义]
2026-02-27 05:02:03,827 - INFO - CaseID:2073 - 整体结果: FAILED | 详情: 模型输出核心字段全为空，判定不通过
2026-02-27 05:02:07,522 - INFO - CaseID:2074 - 整体结果: FAILED | 详情: APINAME不匹配：预期[visual_search]，实际[QASearch]; CATEGORY不匹配：一方为空 - 预期[]，实际[法律]; QUERY不匹配：基础语义模糊匹配失败 - 预期[吸烟室是在哪里]，实际[中国北京朝阳区吸烟室位置规定]; TAG不匹配：一方为空 - 预期[]，实际[中国&北京朝阳区&吸烟室&位置规定]
2026-02-27 05:02:07,523 - INFO - CaseID:2075 - 整体结果: FAILED | 详情: 模型输出核心字段全为空，判定不通过
2026-02-27 05:02:15,347 - INFO - CaseID:2076 - QUERY字段：语义匹配失败，但visual_search链路意图匹配通过
2026-02-27 05:02:15,347 - INFO - CaseID:2076 - 整体结果: PASS | 详情: 所有字段校验通过
2026-02-27 05:02:15,348 - INFO - CaseID:2077 - 整体结果: FAILED | 详情: 模型输出核心字段全为空，判定不通过
2026-02-27 05:02:15,348 - INFO - CaseID:2078 - 整体结果: FAILED | 详情: 模型输出核心字段全为空，判定不通过
2026-02-27 05:02:19,336 - INFO - CaseID:2079 - 整体结果: FAILED | 详情: APINAME不匹配：预期[visual_search]，实际[QASearch]; CATEGORY不匹配：一方为空 - 预期[]，实际[城市]; QUERY不匹配：基础语义模糊匹配失败 - 预期[洗手间怎么走]，实际[北京朝阳区附近洗手间的位置]; TAG不匹配：一方为空 - 预期[]，实际[北京朝阳区&附近&洗手间&位置]
2026-02-27 05:02:23,246 - INFO - CaseID:2080 - QUERY字段：基础语义模糊匹配通过
2026-02-27 05:02:23,247 - INFO - CaseID:2080 - 整体结果: PASS | 详情: 所有字段校验通过
2026-02-27 05:02:27,239 - INFO - CaseID:2081 - 整体结果: FAILED | 详情: APINAME不匹配：预期[visual_search]，实际[QASearch]; CATEGORY不匹配：一方为空 - 预期[]，实际[城市]; QUERY不匹配：基础语义模糊匹配失败 - 预期[急诊咋走]，实际[北京朝阳区最近的医院急诊科位置]; TAG不匹配：一方为空 - 预期[]，实际[北京&朝阳区&最近&医院&急诊科&位置&时效性]
2026-02-27 05:02:31,421 - INFO - CaseID:2082 - 整体结果: FAILED | 详情: APINAME不匹配：预期[visual_search]，实际[QASearch]; CATEGORY不匹配：一方为空 - 预期[]，实际[公司]; QUERY不匹配：基础语义模糊匹配失败 - 预期[识别当前环境中的楼层指示牌或相关信息，以确定口腔科所在的楼层]，实际[北京朝阳区口腔科或牙科诊所所在楼层]; TAG不匹配：一方为空 - 预期[]，实际[北京&朝阳区&口腔科或牙科诊所&所在楼层]
2026-02-27 05:02:35,122 - INFO - CaseID:2083 - 整体结果: FAILED | 详情: APINAME不匹配：预期[visual_search]，实际[QASearch]; CATEGORY不匹配：一方为空 - 预期[]，实际[公司]; QUERY不匹配：基础语义模糊匹配失败 - 预期[从当前位置到注射室的路径指引]，实际[北京朝阳区注射室的地点或所属机构]; TAG不匹配：一方为空 - 预期[]，实际[北京朝阳区&注射室&地点&所属机构]
2026-02-27 05:02:39,031 - INFO - CaseID:2084 - 整体结果: FAILED | 详情: APINAME不匹配：预期[visual_search]，实际[AUTOSearch]; CATEGORY不匹配：一方为空 - 预期[]，实际[汽车]; QUERY不匹配：基础语义模糊匹配失败 - 预期[3楼上面有什么]，实际[理想汽车北京朝阳门店3楼以上楼层信息]; TAG不匹配：一方为空 - 预期[]，实际[理想汽车北京朝阳门店&3楼以上楼层&简介]
2026-02-27 05:02:42,876 - INFO - CaseID:2085 - 整体结果: FAILED | 详情: APINAME不匹配：预期[visual_search]，实际[QASearch]; CATEGORY不匹配：一方为空 - 预期[]，实际[城市]; QUERY不匹配：基础语义模糊匹配失败 - 预期[社保要去几楼]，实际[北京朝阳区社保局所在楼层]; TAG不匹配：一方为空 - 预期[]，实际[北京朝阳区&社保局&楼层]
2026-02-27 05:02:46,791 - INFO - CaseID:2086 - 整体结果: FAILED | 详情: APINAME不匹配：预期[visual_search]，实际[QASearch]; CATEGORY不匹配：一方为空 - 预期[]，实际[交通出行]; QUERY不匹配：基础语义模糊匹配失败 - 预期[根据当前摄像头画面，识别最近的地铁站位置及行走路线]，实际[地铁站要怎么走]; TAG不匹配：一方为空 - 预期[]，实际[地铁站&路线]
2026-02-27 05:02:50,682 - INFO - CaseID:2087 - 整体结果: FAILED | 详情: APINAME不匹配：预期[visual_search]，实际[QASearch]; CATEGORY不匹配：一方为空 - 预期[]，实际[公司]; QUERY不匹配：基础语义模糊匹配失败 - 预期[当前所在建筑物的餐饮楼层分布]，实际[北京朝阳区主要商场或办公楼的餐饮楼层分布]; TAG不匹配：一方为空 - 预期[]，实际[北京朝阳区&主要商场或办公楼&餐饮楼层分布]
2026-02-27 05:02:54,333 - INFO - CaseID:2088 - 整体结果: FAILED | 详情: APINAME不匹配：预期[visual_search]，实际[QASearch]; CATEGORY不匹配：一方为空 - 预期[]，实际[公司]; QUERY不匹配：基础语义模糊匹配失败 - 预期[超市所在楼层是几层]，实际[北京朝阳区主要超市所在楼层信息]; TAG不匹配：一方为空 - 预期[]，实际[北京朝阳区&主要超市&所在楼层]
2026-02-27 05:02:58,273 - INFO - CaseID:2089 - 整体结果: FAILED | 详情: APINAME不匹配：预期[visual_search]，实际[QASearch]; CATEGORY不匹配：一方为空 - 预期[]，实际[城市]; QUERY不匹配：基础语义模糊匹配失败 - 预期[用户当前位置附近的电影院]，实际[北京朝阳区附近电影院的步行或公共交通路线]; TAG不匹配：一方为空 - 预期[]，实际[北京&朝阳区&电影院&路线]
2026-02-27 05:03:02,040 - INFO - CaseID:2090 - 整体结果: FAILED | 详情: APINAME不匹配：预期[visual_search]，实际[QASearch]; CATEGORY不匹配：一方为空 - 预期[]，实际[城市]; QUERY不匹配：基础语义模糊匹配失败 - 预期[用户当前位置附近的酒店在哪里]，实际[北京朝阳区附近的酒店位置]; TAG不匹配：一方为空 - 预期[]，实际[北京朝阳区&酒店位置]
2026-02-27 05:03:06,547 - INFO - CaseID:2091 - QUERY字段：基础语义模糊匹配通过
2026-02-27 05:03:06,547 - INFO - CaseID:2091 - 整体结果: PASS | 详情: 所有字段校验通过
2026-02-27 05:03:10,446 - INFO - CaseID:2092 - QUERY字段：基础语义模糊匹配通过
2026-02-27 05:03:10,447 - INFO - CaseID:2092 - 整体结果: PASS | 详情: 所有字段校验通过
2026-02-27 05:03:15,528 - INFO - CaseID:2093 - QUERY字段：基础语义模糊匹配通过
2026-02-27 05:03:15,528 - INFO - CaseID:2093 - 整体结果: FAILED | 详情: APINAME不匹配：预期[visual_search]，实际[QASearch]; CATEGORY不匹配：一方为空 - 预期[]，实际[旅游]; TAG不匹配：一方为空 - 预期[]，实际[故宫&路线]
2026-02-27 05:03:23,205 - INFO - CaseID:2094 - QUERY字段：语义匹配失败，但visual_search链路意图匹配通过
2026-02-27 05:03:23,205 - INFO - CaseID:2094 - 整体结果: PASS | 详情: 所有字段校验通过
2026-02-27 05:03:23,206 - INFO - CaseID:2095 - 整体结果: FAILED | 详情: 模型输出核心字段全为空，判定不通过
2026-02-27 05:03:27,231 - INFO - CaseID:2096 - QUERY字段：基础语义模糊匹配通过
2026-02-27 05:03:27,231 - INFO - CaseID:2096 - 整体结果: PASS | 详情: 所有字段校验通过
2026-02-27 05:03:31,321 - INFO - CaseID:2097 - 整体结果: FAILED | 详情: APINAME不匹配：预期[visual_search]，实际[AUTOSearch]; CATEGORY不匹配：一方为空 - 预期[]，实际[汽车]; QUERY不匹配：基础语义模糊匹配失败 - 预期[2楼都有什么]，实际[理想汽车北京朝阳门店2楼布局]; TAG不匹配：一方为空 - 预期[]，实际[理想汽车&北京朝阳门店&2楼布局]
2026-02-27 05:03:35,730 - INFO - CaseID:2098 - QUERY字段：基础语义模糊匹配通过
2026-02-27 05:03:35,731 - INFO - CaseID:2098 - 整体结果: PASS | 详情: 所有字段校验通过
2026-02-27 05:03:39,681 - INFO - CaseID:2099 - QUERY字段：基础语义模糊匹配通过
2026-02-27 05:03:39,681 - INFO - CaseID:2099 - 整体结果: PASS | 详情: 所有字段校验通过
2026-02-27 05:03:43,718 - INFO - CaseID:2100 - QUERY字段：基础语义模糊匹配通过
2026-02-27 05:03:43,718 - INFO - CaseID:2100 - 整体结果: PASS | 详情: 所有字段校验通过
2026-02-27 05:03:47,591 - INFO - CaseID:2101 - 整体结果: FAILED | 详情: APINAME不匹配：预期[visual_search]，实际[AUTOSearch]; CATEGORY不匹配：一方为空 - 预期[]，实际[汽车]; QUERY不匹配：基础语义模糊匹配失败 - 预期[健身中心在几楼啊]，实际[理想汽车北京朝阳健身中心所在楼层]; TAG不匹配：一方为空 - 预期[]，实际[理想汽车北京朝阳健身中心&所在楼层]
2026-02-27 05:03:47,592 - INFO - CaseID:2102 - CATEGORY字段：模型输出含「其他问答」，该字段通过
2026-02-27 05:03:51,218 - INFO - CaseID:2102 - QUERY字段：基础语义模糊匹配通过
2026-02-27 05:03:51,218 - INFO - CaseID:2102 - 整体结果: FAILED | 详情: APINAME不匹配：预期[visual_search]，实际[QASearch]; TAG不匹配：一方为空 - 预期[]，实际[饕餮小食物&下面&单词]
2026-02-27 05:03:55,144 - INFO - CaseID:2103 - QUERY字段：基础语义模糊匹配通过
2026-02-27 05:03:55,144 - INFO - CaseID:2103 - 整体结果: PASS | 详情: 所有字段校验通过
2026-02-27 05:03:58,845 - INFO - CaseID:2104 - 整体结果: FAILED | 详情: APINAME不匹配：预期[visual_search]，实际[QASearch]; CATEGORY不匹配：一方为空 - 预期[]，实际[城市]; QUERY不匹配：基础语义模糊匹配失败 - 预期[识别当前所在建筑物的楼层指示牌或相关信息，以确定电影院所在的楼层]，实际[北京朝阳区电影院所在楼层]; TAG不匹配：一方为空 - 预期[]，实际[北京&朝阳区&电影院&楼层]
2026-02-27 05:04:03,687 - INFO - CaseID:2105 - QUERY字段：基础语义模糊匹配通过
2026-02-27 05:04:03,688 - INFO - CaseID:2105 - 整体结果: PASS | 详情: 所有字段校验通过
2026-02-27 05:04:07,604 - INFO - CaseID:2106 - 整体结果: FAILED | 详情: APINAME不匹配：预期[visual_search]，实际[AUTOSearch]; CATEGORY不匹配：一方为空 - 预期[]，实际[汽车]; QUERY不匹配：基础语义模糊匹配失败 - 预期[楼梯上写的几句话是什么内容？]，实际[楼梯上几句话的常见含义]; TAG不匹配：一方为空 - 预期[]，实际[楼梯上几句话&常见含义]
2026-02-27 05:04:07,605 - INFO - CaseID:2107 - 整体结果: FAILED | 详情: 模型输出核心字段全为空，判定不通过
2026-02-27 05:04:11,678 - INFO - CaseID:2108 - QUERY字段：基础语义模糊匹配通过
2026-02-27 05:04:11,679 - INFO - CaseID:2108 - 整体结果: FAILED | 详情: APINAME不匹配：预期[visual_search]，实际[skill_search]
2026-02-27 05:04:15,522 - INFO - CaseID:2109 - QUERY字段：基础语义模糊匹配通过
2026-02-27 05:04:15,523 - INFO - CaseID:2109 - 整体结果: PASS | 详情: 所有字段校验通过
2026-02-27 05:04:23,202 - INFO - CaseID:2110 - QUERY字段：语义匹配失败，但visual_search链路意图匹配通过
2026-02-27 05:04:23,202 - INFO - CaseID:2110 - 整体结果: PASS | 详情: 所有字段校验通过
2026-02-27 05:04:23,203 - INFO - CaseID:2111 - 整体结果: FAILED | 详情: 模型输出核心字段全为空，判定不通过
2026-02-27 05:04:23,203 - INFO - CaseID:2112 - CATEGORY字段：模型输出含「其他问答」，该字段通过
2026-02-27 05:04:27,131 - INFO - CaseID:2112 - QUERY字段：基础语义模糊匹配通过
2026-02-27 05:04:27,132 - INFO - CaseID:2112 - 整体结果: FAILED | 详情: APINAME不匹配：预期[visual_search]，实际[QASearch]; TAG不匹配：一方为空 - 预期[]，实际[绿色标识&常见&英文单词&含义]
2026-02-27 05:04:27,132 - INFO - CaseID:2113 - 整体结果: FAILED | 详情: 模型输出核心字段全为空，判定不通过
2026-02-27 05:04:31,539 - INFO - CaseID:2114 - 整体结果: FAILED | 详情: APINAME不匹配：预期[visual_search]，实际[AUTOSearch]; CATEGORY不匹配：一方为空 - 预期[]，实际[汽车]; QUERY不匹配：基础语义模糊匹配失败 - 预期[学生公寓在哪儿]，实际[理想汽车学生公寓位置]; TAG不匹配：一方为空 - 预期[]，实际[理想汽车学生公寓&位置]
2026-02-27 05:04:31,540 - INFO - CaseID:2115 - 整体结果: FAILED | 详情: 模型输出核心字段全为空，判定不通过
2026-02-27 05:04:31,540 - INFO - CaseID:2116 - 整体结果: FAILED | 详情: 模型输出核心字段全为空，判定不通过
2026-02-27 05:04:35,380 - INFO - CaseID:2117 - QUERY字段：基础语义模糊匹配通过
2026-02-27 05:04:35,380 - INFO - CaseID:2117 - 整体结果: PASS | 详情: 所有字段校验通过
2026-02-27 05:04:39,258 - INFO - CaseID:2118 - QUERY字段：基础语义模糊匹配通过
2026-02-27 05:04:39,258 - INFO - CaseID:2118 - 整体结果: PASS | 详情: 所有字段校验通过
2026-02-27 05:04:43,123 - INFO - CaseID:2119 - QUERY字段：基础语义模糊匹配通过
2026-02-27 05:04:43,124 - INFO - CaseID:2119 - 整体结果: PASS | 详情: 所有字段校验通过
2026-02-27 05:04:46,899 - INFO - CaseID:2120 - QUERY字段：基础语义模糊匹配通过
2026-02-27 05:04:46,900 - INFO - CaseID:2120 - 整体结果: PASS | 详情: 所有字段校验通过
2026-02-27 05:04:54,442 - INFO - CaseID:2121 - QUERY字段：语义匹配失败，但visual_search链路意图匹配通过
2026-02-27 05:04:54,442 - INFO - CaseID:2121 - 整体结果: PASS | 详情: 所有字段校验通过
2026-02-27 05:04:58,420 - INFO - CaseID:2122 - 整体结果: FAILED | 详情: APINAME不匹配：预期[visual_search]，实际[AUTOSearch]; CATEGORY不匹配：一方为空 - 预期[]，实际[汽车]; QUERY不匹配：基础语义模糊匹配失败 - 预期[上头的标识是干什么的]，实际[上头的标识通常指什么]; TAG不匹配：一方为空 - 预期[]，实际[上头的标识通常指什么]
2026-02-27 05:04:58,420 - INFO - CaseID:2123 - 整体结果: FAILED | 详情: 模型输出核心字段全为空，判定不通过
2026-02-27 05:05:02,464 - INFO - CaseID:2124 - QUERY字段：基础语义模糊匹配通过
2026-02-27 05:05:02,464 - INFO - CaseID:2124 - 整体结果: PASS | 详情: 所有字段校验通过
2026-02-27 05:05:07,120 - INFO - CaseID:2125 - 整体结果: FAILED | 详情: APINAME不匹配：预期[visual_search]，实际[QASearch]; CATEGORY不匹配：一方为空 - 预期[]，实际[法律]; QUERY不匹配：基础语义模糊匹配失败 - 预期[识别当前环境中的安全出口标志并指引方向]，实际[中国北京市朝阳区安全出口标识规范及指引]; TAG不匹配：一方为空 - 预期[]，实际[中国北京市朝阳区&安全出口标识&规范&指引]
2026-02-27 05:05:07,121 - INFO - CaseID:2126 - 整体结果: FAILED | 详情: 模型输出核心字段全为空，判定不通过
2026-02-27 05:05:10,942 - INFO - CaseID:2127 - QUERY字段：基础语义模糊匹配通过
2026-02-27 05:05:10,943 - INFO - CaseID:2127 - 整体结果: PASS | 详情: 所有字段校验通过
2026-02-27 05:05:15,162 - INFO - CaseID:2128 - QUERY字段：基础语义模糊匹配通过
2026-02-27 05:05:15,163 - INFO - CaseID:2128 - 整体结果: PASS | 详情: 所有字段校验通过
2026-02-27 05:05:19,597 - INFO - CaseID:2129 - QUERY字段：基础语义模糊匹配通过
2026-02-27 05:05:19,597 - INFO - CaseID:2129 - 整体结果: PASS | 详情: 所有字段校验通过
2026-02-27 05:05:27,512 - INFO - CaseID:2130 - QUERY字段：语义匹配失败，但visual_search链路意图匹配通过
2026-02-27 05:05:27,512 - INFO - CaseID:2130 - 整体结果: PASS | 详情: 所有字段校验通过
2026-02-27 05:05:31,813 - INFO - CaseID:2131 - QUERY字段：基础语义模糊匹配通过
2026-02-27 05:05:31,814 - INFO - CaseID:2131 - 整体结果: PASS | 详情: 所有字段校验通过
2026-02-27 05:05:31,814 - INFO - CaseID:2132 - 整体结果: FAILED | 详情: 模型输出核心字段全为空，判定不通过
2026-02-27 05:05:31,815 - INFO - CaseID:2133 - 整体结果: FAILED | 详情: 模型输出核心字段全为空，判定不通过
2026-02-27 05:05:35,712 - INFO - CaseID:2134 - 整体结果: FAILED | 详情: APINAME不匹配：预期[visual_search]，实际[QASearch]; CATEGORY不匹配：一方为空 - 预期[]，实际[历史]; QUERY不匹配：基础语义模糊匹配失败 - 预期[这个活动什么由来]，实际[春节的由来]; TAG不匹配：一方为空 - 预期[]，实际[春节&由来]
2026-02-27 05:05:39,545 - INFO - CaseID:2135 - QUERY字段：基础语义模糊匹配通过
2026-02-27 05:05:39,546 - INFO - CaseID:2135 - 整体结果: PASS | 详情: 所有字段校验通过
2026-02-27 05:05:47,316 - INFO - CaseID:2136 - QUERY字段：语义匹配失败，但visual_search链路意图匹配通过
2026-02-27 05:05:47,317 - INFO - CaseID:2136 - 整体结果: PASS | 详情: 所有字段校验通过
2026-02-27 05:05:51,310 - INFO - CaseID:2137 - QUERY字段：基础语义模糊匹配通过
2026-02-27 05:05:51,310 - INFO - CaseID:2137 - 整体结果: PASS | 详情: 所有字段校验通过
2026-02-27 05:05:51,311 - INFO - CaseID:2138 - 整体结果: FAILED | 详情: 模型输出核心字段全为空，判定不通过
2026-02-27 05:05:51,311 - INFO - CaseID:2139 - 整体结果: FAILED | 详情: 模型输出核心字段全为空，判定不通过
2026-02-27 05:05:51,312 - INFO - CaseID:2140 - CATEGORY字段：模型输出含「其他问答」，该字段通过
2026-02-27 05:05:55,712 - INFO - CaseID:2140 - 整体结果: FAILED | 详情: APINAME不匹配：预期[visual_search]，实际[QASearch]; QUERY不匹配：基础语义模糊匹配失败 - 预期[他们在春节弄这个的目的是什么]，实际[春节传统习俗的目的和意义]; TAG不匹配：一方为空 - 预期[]，实际[春节传统习俗&目的&意义]
2026-02-27 05:05:55,714 - INFO - CaseID:2141 - 整体结果: FAILED | 详情: 模型输出核心字段全为空，判定不通过
2026-02-27 05:05:59,609 - INFO - CaseID:2142 - QUERY字段：基础语义模糊匹配通过
2026-02-27 05:05:59,610 - INFO - CaseID:2142 - 整体结果: PASS | 详情: 所有字段校验通过
2026-02-27 05:06:08,306 - INFO - CaseID:2143 - QUERY字段：语义匹配失败，但visual_search链路意图匹配通过
2026-02-27 05:06:08,307 - INFO - CaseID:2143 - 整体结果: PASS | 详情: 所有字段校验通过
2026-02-27 05:06:16,035 - INFO - CaseID:2144 - QUERY字段：语义匹配失败，但visual_search链路意图匹配通过
2026-02-27 05:06:16,037 - INFO - CaseID:2144 - 整体结果: PASS | 详情: 所有字段校验通过
2026-02-27 05:06:19,673 - INFO - CaseID:2145 - QUERY字段：基础语义模糊匹配通过
2026-02-27 05:06:19,673 - INFO - CaseID:2145 - 整体结果: PASS | 详情: 所有字段校验通过
2026-02-27 05:06:19,674 - INFO - CaseID:2146 - CATEGORY字段：模型输出含「其他问答」，该字段通过
2026-02-27 05:06:24,191 - INFO - CaseID:2146 - QUERY字段：基础语义模糊匹配通过
2026-02-27 05:06:24,191 - INFO - CaseID:2146 - 整体结果: FAILED | 详情: APINAME不匹配：预期[visual_search]，实际[QASearch]; TAG不匹配：一方为空 - 预期[]，实际[当前&未解决&谜底]
2026-02-27 05:06:32,440 - INFO - CaseID:2147 - QUERY字段：语义匹配失败，但visual_search链路意图匹配通过
2026-02-27 05:06:32,441 - INFO - CaseID:2147 - 整体结果: PASS | 详情: 所有字段校验通过
2026-02-27 05:06:39,943 - INFO - CaseID:2148 - QUERY字段：语义匹配失败，但visual_search链路意图匹配通过
2026-02-27 05:06:39,944 - INFO - CaseID:2148 - 整体结果: PASS | 详情: 所有字段校验通过
2026-02-27 05:06:39,944 - INFO - CaseID:2149 - CATEGORY字段：模型输出含「其他问答」，该字段通过
2026-02-27 05:06:43,966 - INFO - CaseID:2149 - QUERY字段：基础语义模糊匹配通过
2026-02-27 05:06:43,967 - INFO - CaseID:2149 - 整体结果: FAILED | 详情: APINAME不匹配：预期[visual_search]，实际[QASearch]; TAG不匹配：一方为空 - 预期[]，实际[灯谜&谜底]
2026-02-27 05:06:51,837 - INFO - CaseID:2150 - QUERY字段：语义匹配失败，但visual_search链路意图匹配通过
2026-02-27 05:06:51,837 - INFO - CaseID:2150 - 整体结果: PASS | 详情: 所有字段校验通过
2026-02-27 05:07:00,441 - INFO - CaseID:2151 - QUERY字段：语义匹配失败，但visual_search链路意图匹配通过
2026-02-27 05:07:00,441 - INFO - CaseID:2151 - 整体结果: PASS | 详情: 所有字段校验通过
2026-02-27 05:07:04,360 - INFO - CaseID:2152 - QUERY字段：基础语义模糊匹配通过
2026-02-27 05:07:04,361 - INFO - CaseID:2152 - 整体结果: PASS | 详情: 所有字段校验通过
2026-02-27 05:07:04,361 - INFO - CaseID:2153 - CATEGORY字段：模型输出含「其他问答」，该字段通过
2026-02-27 05:07:08,519 - INFO - CaseID:2153 - QUERY字段：基础语义模糊匹配通过
2026-02-27 05:07:08,519 - INFO - CaseID:2153 - 整体结果: FAILED | 详情: APINAME不匹配：预期[visual_search]，实际[QASearch]; TAG不匹配：一方为空 - 预期[]，实际[灯谜&谜底]
2026-02-27 05:07:08,520 - INFO - CaseID:2154 - 整体结果: FAILED | 详情: 模型输出核心字段全为空，判定不通过
2026-02-27 05:07:12,564 - INFO - CaseID:2155 - QUERY字段：基础语义模糊匹配通过
2026-02-27 05:07:12,564 - INFO - CaseID:2155 - 整体结果: PASS | 详情: 所有字段校验通过
2026-02-27 05:07:17,119 - INFO - CaseID:2156 - QUERY字段：基础语义模糊匹配通过
2026-02-27 05:07:17,119 - INFO - CaseID:2156 - 整体结果: PASS | 详情: 所有字段校验通过
2026-02-27 05:07:24,826 - INFO - CaseID:2157 - QUERY字段：语义匹配失败，但visual_search链路意图匹配通过
2026-02-27 05:07:24,828 - INFO - CaseID:2157 - 整体结果: PASS | 详情: 所有字段校验通过
2026-02-27 05:07:33,534 - INFO - CaseID:2158 - QUERY字段：语义匹配失败，但visual_search链路意图匹配通过
2026-02-27 05:07:33,534 - INFO - CaseID:2158 - 整体结果: PASS | 详情: 所有字段校验通过
2026-02-27 05:07:37,292 - INFO - CaseID:2159 - QUERY字段：基础语义模糊匹配通过
2026-02-27 05:07:37,292 - INFO - CaseID:2159 - 整体结果: PASS | 详情: 所有字段校验通过
2026-02-27 05:07:37,292 - INFO - CaseID:2160 - 整体结果: FAILED | 详情: 模型输出核心字段全为空，判定不通过
2026-02-27 05:07:41,289 - INFO - CaseID:2161 - 整体结果: FAILED | 详情: APINAME不匹配：预期[visual_search]，实际[QASearch]; CATEGORY不匹配：一方为空 - 预期[]，实际[城市活动推荐]; QUERY不匹配：基础语义模糊匹配失败 - 预期[这个活动有什么来由]，实际[北京朝阳区2026年2月9日正在举办的主要活动]
2026-02-27 05:07:49,626 - INFO - CaseID:2162 - QUERY字段：语义匹配失败，但visual_search链路意图匹配通过
2026-02-27 05:07:49,626 - INFO - CaseID:2162 - 整体结果: PASS | 详情: 所有字段校验通过
2026-02-27 05:07:57,463 - INFO - CaseID:2163 - QUERY字段：语义匹配失败，但visual_search链路意图匹配通过
2026-02-27 05:07:57,464 - INFO - CaseID:2163 - 整体结果: PASS | 详情: 所有字段校验通过
2026-02-27 05:08:05,030 - INFO - CaseID:2164 - QUERY字段：语义匹配失败，但visual_search链路意图匹配通过
2026-02-27 05:08:05,032 - INFO - CaseID:2164 - 整体结果: PASS | 详情: 所有字段校验通过
2026-02-27 05:08:09,037 - INFO - CaseID:2165 - QUERY字段：基础语义模糊匹配通过
2026-02-27 05:08:09,037 - INFO - CaseID:2165 - 整体结果: PASS | 详情: 所有字段校验通过
2026-02-27 05:08:09,038 - INFO - CaseID:2166 - 整体结果: FAILED | 详情: 模型输出核心字段全为空，判定不通过
2026-02-27 05:08:12,634 - INFO - CaseID:2167 - QUERY字段：基础语义模糊匹配通过
2026-02-27 05:08:12,635 - INFO - CaseID:2167 - 整体结果: PASS | 详情: 所有字段校验通过
2026-02-27 05:08:20,971 - INFO - CaseID:2168 - QUERY字段：语义匹配失败，但visual_search链路意图匹配通过
2026-02-27 05:08:20,972 - INFO - CaseID:2168 - 整体结果: PASS | 详情: 所有字段校验通过
2026-02-27 05:08:25,643 - INFO - CaseID:2169 - QUERY字段：基础语义模糊匹配通过
2026-02-27 05:08:25,643 - INFO - CaseID:2169 - 整体结果: PASS | 详情: 所有字段校验通过
2026-02-27 05:08:29,478 - INFO - CaseID:2170 - QUERY字段：基础语义模糊匹配通过
2026-02-27 05:08:29,479 - INFO - CaseID:2170 - 整体结果: PASS | 详情: 所有字段校验通过
2026-02-27 05:08:37,469 - INFO - CaseID:2171 - QUERY字段：语义匹配失败，但visual_search链路意图匹配通过
2026-02-27 05:08:37,470 - INFO - CaseID:2171 - 整体结果: PASS | 详情: 所有字段校验通过
2026-02-27 05:08:45,495 - INFO - CaseID:2172 - QUERY字段：语义匹配失败，但visual_search链路意图匹配通过
2026-02-27 05:08:45,496 - INFO - CaseID:2172 - 整体结果: PASS | 详情: 所有字段校验通过
2026-02-27 05:08:49,384 - INFO - CaseID:2173 - QUERY字段：基础语义模糊匹配通过
2026-02-27 05:08:49,384 - INFO - CaseID:2173 - 整体结果: PASS | 详情: 所有字段校验通过
2026-02-27 05:08:53,271 - INFO - CaseID:2174 - QUERY字段：基础语义模糊匹配通过
2026-02-27 05:08:53,272 - INFO - CaseID:2174 - 整体结果: PASS | 详情: 所有字段校验通过
2026-02-27 05:08:57,166 - INFO - CaseID:2175 - QUERY字段：基础语义模糊匹配通过
2026-02-27 05:08:57,167 - INFO - CaseID:2175 - 整体结果: PASS | 详情: 所有字段校验通过
2026-02-27 05:08:57,167 - INFO - CaseID:2176 - 整体结果: FAILED | 详情: 模型输出核心字段全为空，判定不通过
2026-02-27 05:09:04,693 - INFO - CaseID:2177 - QUERY字段：语义匹配失败，但visual_search链路意图匹配通过
2026-02-27 05:09:04,693 - INFO - CaseID:2177 - 整体结果: PASS | 详情: 所有字段校验通过
2026-02-27 05:09:08,430 - INFO - CaseID:2178 - QUERY字段：基础语义模糊匹配通过
2026-02-27 05:09:08,430 - INFO - CaseID:2178 - 整体结果: PASS | 详情: 所有字段校验通过
2026-02-27 05:09:16,206 - INFO - CaseID:2179 - QUERY字段：语义匹配失败，但visual_search链路意图匹配通过
2026-02-27 05:09:16,207 - INFO - CaseID:2179 - 整体结果: PASS | 详情: 所有字段校验通过
2026-02-27 05:09:24,199 - INFO - CaseID:2180 - QUERY字段：语义匹配失败，但visual_search链路意图匹配通过
2026-02-27 05:09:24,199 - INFO - CaseID:2180 - 整体结果: PASS | 详情: 所有字段校验通过
2026-02-27 05:09:24,199 - INFO - CaseID:2181 - 整体结果: FAILED | 详情: 模型输出核心字段全为空，判定不通过
2026-02-27 05:09:31,971 - INFO - CaseID:2182 - QUERY字段：语义匹配失败，但visual_search链路意图匹配通过
2026-02-27 05:09:31,972 - INFO - CaseID:2182 - 整体结果: PASS | 详情: 所有字段校验通过
2026-02-27 05:09:35,683 - INFO - CaseID:2183 - QUERY字段：基础语义模糊匹配通过
2026-02-27 05:09:35,684 - INFO - CaseID:2183 - 整体结果: PASS | 详情: 所有字段校验通过
2026-02-27 05:09:40,103 - INFO - CaseID:2184 - QUERY字段：基础语义模糊匹配通过
2026-02-27 05:09:40,103 - INFO - CaseID:2184 - 整体结果: PASS | 详情: 所有字段校验通过
2026-02-27 05:09:43,969 - INFO - CaseID:2185 - QUERY字段：基础语义模糊匹配通过
2026-02-27 05:09:43,970 - INFO - CaseID:2185 - 整体结果: PASS | 详情: 所有字段校验通过
2026-02-27 05:09:43,970 - INFO - CaseID:2186 - 整体结果: FAILED | 详情: 模型输出核心字段全为空，判定不通过
2026-02-27 05:09:43,970 - INFO - CaseID:2187 - 整体结果: FAILED | 详情: 模型输出核心字段全为空，判定不通过
2026-02-27 05:09:47,960 - INFO - CaseID:2188 - QUERY字段：基础语义模糊匹配通过
2026-02-27 05:09:47,960 - INFO - CaseID:2188 - 整体结果: PASS | 详情: 所有字段校验通过
2026-02-27 05:09:47,961 - INFO - CaseID:2189 - 整体结果: FAILED | 详情: 模型输出核心字段全为空，判定不通过
2026-02-27 05:09:52,711 - INFO - CaseID:2190 - QUERY字段：基础语义模糊匹配通过
2026-02-27 05:09:52,712 - INFO - CaseID:2190 - 整体结果: PASS | 详情: 所有字段校验通过
2026-02-27 05:09:52,712 - INFO - CaseID:2191 - 整体结果: FAILED | 详情: 模型输出核心字段全为空，判定不通过
2026-02-27 05:09:56,445 - INFO - CaseID:2192 - 整体结果: FAILED | 详情: APINAME不匹配：预期[visual_search]，实际[calendar]; QUERY不匹配：基础语义模糊匹配失败 - 预期[识别当前摄像头画面中的物品或装饰，判断是否适合过年摆放]，实际[2026年春节具体日期]
2026-02-27 05:10:00,448 - INFO - CaseID:2193 - QUERY字段：基础语义模糊匹配通过
2026-02-27 05:10:00,449 - INFO - CaseID:2193 - 整体结果: PASS | 详情: 所有字段校验通过
2026-02-27 05:10:00,449 - INFO - CaseID:2194 - 整体结果: FAILED | 详情: 模型输出核心字段全为空，判定不通过
2026-02-27 05:10:04,211 - INFO - CaseID:2195 - 整体结果: FAILED | 详情: APINAME不匹配：预期[visual_search]，实际[worthbuy]; CATEGORY不匹配：一方为空 - 预期[]，实际[商品推荐]; QUERY不匹配：基础语义模糊匹配失败 - 预期[这样挂着看起来是不是很喜庆]，实际[常见的喜庆装饰元素]; TAG不匹配：一方为空 - 预期[]，实际[常见&喜庆&装饰元素]
2026-02-27 05:10:12,343 - INFO - CaseID:2196 - QUERY字段：语义匹配失败，但visual_search链路意图匹配通过
2026-02-27 05:10:12,343 - INFO - CaseID:2196 - 整体结果: PASS | 详情: 所有字段校验通过
2026-02-27 05:10:17,368 - INFO - CaseID:2197 - QUERY字段：基础语义模糊匹配通过
2026-02-27 05:10:17,369 - INFO - CaseID:2197 - 整体结果: PASS | 详情: 所有字段校验通过
2026-02-27 05:10:25,384 - INFO - CaseID:2198 - QUERY字段：语义匹配失败，但visual_search链路意图匹配通过
2026-02-27 05:10:25,384 - INFO - CaseID:2198 - 整体结果: PASS | 详情: 所有字段校验通过
2026-02-27 05:10:29,392 - INFO - CaseID:2199 - QUERY字段：基础语义模糊匹配通过
2026-02-27 05:10:29,392 - INFO - CaseID:2199 - 整体结果: PASS | 详情: 所有字段校验通过
2026-02-27 05:10:33,320 - INFO - CaseID:2200 - QUERY字段：基础语义模糊匹配通过
2026-02-27 05:10:33,321 - INFO - CaseID:2200 - 整体结果: PASS | 详情: 所有字段校验通过
2026-02-27 05:10:33,321 - INFO - 已处理2200/2393条用例，当前通过数：1437（65.32%）
2026-02-27 05:10:43,864 - INFO - CaseID:2201 - QUERY字段：语义匹配失败，但visual_search链路意图匹配通过
2026-02-27 05:10:43,865 - INFO - CaseID:2201 - 整体结果: PASS | 详情: 所有字段校验通过
2026-02-27 05:10:48,579 - INFO - CaseID:2202 - QUERY字段：基础语义模糊匹配通过
2026-02-27 05:10:48,580 - INFO - CaseID:2202 - 整体结果: PASS | 详情: 所有字段校验通过
2026-02-27 05:10:52,454 - INFO - CaseID:2203 - QUERY字段：基础语义模糊匹配通过
2026-02-27 05:10:52,455 - INFO - CaseID:2203 - 整体结果: PASS | 详情: 所有字段校验通过
2026-02-27 05:10:52,455 - INFO - CaseID:2204 - 整体结果: FAILED | 详情: 模型输出核心字段全为空，判定不通过
2026-02-27 05:10:52,455 - INFO - CaseID:2205 - 整体结果: FAILED | 详情: 模型输出核心字段全为空，判定不通过
2026-02-27 05:11:00,354 - INFO - CaseID:2206 - QUERY字段：语义匹配失败，但visual_search链路意图匹配通过
2026-02-27 05:11:00,354 - INFO - CaseID:2206 - 整体结果: PASS | 详情: 所有字段校验通过
2026-02-27 05:11:04,040 - INFO - CaseID:2207 - QUERY字段：基础语义模糊匹配通过
2026-02-27 05:11:04,042 - INFO - CaseID:2207 - 整体结果: PASS | 详情: 所有字段校验通过
2026-02-27 05:11:11,925 - INFO - CaseID:2208 - QUERY字段：语义匹配失败，但visual_search链路意图匹配通过
2026-02-27 05:11:11,925 - INFO - CaseID:2208 - 整体结果: PASS | 详情: 所有字段校验通过
2026-02-27 05:11:15,909 - INFO - CaseID:2209 - QUERY字段：基础语义模糊匹配通过
2026-02-27 05:11:15,910 - INFO - CaseID:2209 - 整体结果: PASS | 详情: 所有字段校验通过
2026-02-27 05:11:19,777 - INFO - CaseID:2210 - QUERY字段：基础语义模糊匹配通过
2026-02-27 05:11:19,777 - INFO - CaseID:2210 - 整体结果: PASS | 详情: 所有字段校验通过
2026-02-27 05:11:19,778 - INFO - CaseID:2211 - 整体结果: FAILED | 详情: 模型输出核心字段全为空，判定不通过
2026-02-27 05:11:23,462 - INFO - CaseID:2212 - 整体结果: FAILED | 详情: APINAME不匹配：预期[visual_search]，实际[worthbuy]; CATEGORY不匹配：一方为空 - 预期[]，实际[商品推荐]; QUERY不匹配：基础语义模糊匹配失败 - 预期[帮我挑一下那个红包好看]，实际[挑选红包的常见标准和当前流行款式]; TAG不匹配：一方为空 - 预期[]，实际[挑选红包&常见标准&当前流行款式]
2026-02-27 05:11:23,462 - INFO - CaseID:2213 - 整体结果: FAILED | 详情: 模型输出核心字段全为空，判定不通过
2026-02-27 05:11:27,420 - INFO - CaseID:2214 - QUERY字段：基础语义模糊匹配通过
2026-02-27 05:11:27,420 - INFO - CaseID:2214 - 整体结果: PASS | 详情: 所有字段校验通过
2026-02-27 05:11:31,025 - INFO - CaseID:2215 - QUERY字段：基础语义模糊匹配通过
2026-02-27 05:11:31,025 - INFO - CaseID:2215 - 整体结果: PASS | 详情: 所有字段校验通过
2026-02-27 05:11:34,960 - INFO - CaseID:2216 - QUERY字段：基础语义模糊匹配通过
2026-02-27 05:11:34,961 - INFO - CaseID:2216 - 整体结果: PASS | 详情: 所有字段校验通过
2026-02-27 05:11:38,819 - INFO - CaseID:2217 - QUERY字段：基础语义模糊匹配通过
2026-02-27 05:11:38,820 - INFO - CaseID:2217 - 整体结果: PASS | 详情: 所有字段校验通过
2026-02-27 05:11:38,820 - INFO - CaseID:2218 - CATEGORY字段：模型输出含「其他问答」，该字段通过
2026-02-27 05:11:42,836 - INFO - CaseID:2218 - 整体结果: FAILED | 详情: APINAME不匹配：预期[visual_search]，实际[QASearch]; QUERY不匹配：基础语义模糊匹配失败 - 预期[春节为什么贴这个]，实际[春节贴春联的起源和原因]; TAG不匹配：一方为空 - 预期[]，实际[春节&贴春联&起源&原因]
2026-02-27 05:11:42,836 - INFO - CaseID:2219 - 整体结果: FAILED | 详情: 模型输出核心字段全为空，判定不通过
2026-02-27 05:11:46,686 - INFO - CaseID:2220 - QUERY字段：基础语义模糊匹配通过
2026-02-27 05:11:46,687 - INFO - CaseID:2220 - 整体结果: PASS | 详情: 所有字段校验通过
2026-02-27 05:11:46,688 - INFO - CaseID:2221 - CATEGORY字段：模型输出含「其他问答」，该字段通过
2026-02-27 05:11:50,325 - INFO - CaseID:2221 - 整体结果: FAILED | 详情: APINAME不匹配：预期[visual_search]，实际[QASearch]; QUERY不匹配：基础语义模糊匹配失败 - 预期[这个元宵做的咋样]，实际[元宵制作的常见评价标准]; TAG不匹配：一方为空 - 预期[]，实际[元宵制作&常见评价标准]
2026-02-27 05:11:54,267 - INFO - CaseID:2222 - QUERY字段：基础语义模糊匹配通过
2026-02-27 05:11:54,268 - INFO - CaseID:2222 - 整体结果: PASS | 详情: 所有字段校验通过
2026-02-27 05:12:01,931 - INFO - CaseID:2223 - QUERY字段：语义匹配失败，但visual_search链路意图匹配通过
2026-02-27 05:12:01,932 - INFO - CaseID:2223 - 整体结果: PASS | 详情: 所有字段校验通过
2026-02-27 05:12:05,890 - INFO - CaseID:2224 - 整体结果: FAILED | 详情: APINAME不匹配：预期[visual_search]，实际[calendar]; QUERY不匹配：基础语义模糊匹配失败 - 预期[过年这么吃咋样]，实际[2026年春节日期]
2026-02-27 05:12:14,232 - INFO - CaseID:2225 - QUERY字段：语义匹配失败，但visual_search链路意图匹配通过
2026-02-27 05:12:14,233 - INFO - CaseID:2225 - 整体结果: PASS | 详情: 所有字段校验通过
2026-02-27 05:12:18,484 - INFO - CaseID:2226 - QUERY字段：基础语义模糊匹配通过
2026-02-27 05:12:18,485 - INFO - CaseID:2226 - 整体结果: PASS | 详情: 所有字段校验通过
2026-02-27 05:12:26,268 - INFO - CaseID:2227 - QUERY字段：语义匹配失败，但visual_search链路意图匹配通过
2026-02-27 05:12:26,268 - INFO - CaseID:2227 - 整体结果: PASS | 详情: 所有字段校验通过
2026-02-27 05:12:26,269 - INFO - CaseID:2228 - 整体结果: FAILED | 详情: 模型输出核心字段全为空，判定不通过
2026-02-27 05:12:34,050 - INFO - CaseID:2229 - QUERY字段：语义匹配失败，但visual_search链路意图匹配通过
2026-02-27 05:12:34,050 - INFO - CaseID:2229 - 整体结果: PASS | 详情: 所有字段校验通过
2026-02-27 05:12:38,726 - INFO - CaseID:2230 - QUERY字段：基础语义模糊匹配通过
2026-02-27 05:12:38,727 - INFO - CaseID:2230 - 整体结果: PASS | 详情: 所有字段校验通过
2026-02-27 05:12:42,616 - INFO - CaseID:2231 - QUERY字段：基础语义模糊匹配通过
2026-02-27 05:12:42,617 - INFO - CaseID:2231 - 整体结果: PASS | 详情: 所有字段校验通过
2026-02-27 05:12:46,232 - INFO - CaseID:2232 - 整体结果: FAILED | 详情: APINAME不匹配：预期[visual_search]，实际[skill_search]; QUERY不匹配：基础语义模糊匹配失败 - 预期[看这图里的上联给个下联吧]，实际[上联图片中的文字内容是什么]
2026-02-27 05:12:50,232 - INFO - CaseID:2233 - 整体结果: FAILED | 详情: APINAME不匹配：预期[visual_search]，实际[QASearch]; CATEGORY不匹配：一方为空 - 预期[]，实际[诗词]; QUERY不匹配：基础语义模糊匹配失败 - 预期[图中的上联是什么？]，实际[依据图中的上联配个下联]; TAG不匹配：一方为空 - 预期[]，实际[依据图中&上联&配个下联]
2026-02-27 05:12:53,819 - INFO - CaseID:2234 - 整体结果: FAILED | 详情: APINAME不匹配：预期[visual_search]，实际[QASearch]; CATEGORY不匹配：一方为空 - 预期[]，实际[诗词]; QUERY不匹配：基础语义模糊匹配失败 - 预期[识别图片中的上联内容]，实际[按照图上的上联对个下联]; TAG不匹配：一方为空 - 预期[]，实际[按照图上&上联&下联]
2026-02-27 05:13:01,501 - INFO - CaseID:2235 - QUERY字段：语义匹配失败，但visual_search链路意图匹配通过
2026-02-27 05:13:01,502 - INFO - CaseID:2235 - 整体结果: PASS | 详情: 所有字段校验通过
2026-02-27 05:13:06,304 - INFO - CaseID:2236 - QUERY字段：基础语义模糊匹配通过
2026-02-27 05:13:06,305 - INFO - CaseID:2236 - 整体结果: FAILED | 详情: APINAME不匹配：预期[visual_search]，实际[QASearch]; CATEGORY不匹配：一方为空 - 预期[]，实际[诗词]; TAG不匹配：一方为空 - 预期[]，实际[参考图中&上联&下联]
2026-02-27 05:13:06,305 - INFO - CaseID:2237 - CATEGORY字段：模型输出含「其他问答」，该字段通过
2026-02-27 05:13:10,488 - INFO - CaseID:2237 - 整体结果: FAILED | 详情: APINAME不匹配：预期[visual_search]，实际[QASearch]; QUERY不匹配：基础语义模糊匹配失败 - 预期[照图里的上联试着对个下联]，实际[上联的内容]; TAG不匹配：一方为空 - 预期[]，实际[上联&内容]
2026-02-27 05:13:14,182 - INFO - CaseID:2238 - QUERY字段：基础语义模糊匹配通过
2026-02-27 05:13:14,182 - INFO - CaseID:2238 - 整体结果: PASS | 详情: 所有字段校验通过
2026-02-27 05:13:18,056 - INFO - CaseID:2239 - 整体结果: FAILED | 详情: APINAME不匹配：预期[visual_search]，实际[QASearch]; CATEGORY不匹配：一方为空 - 预期[]，实际[诗词]; QUERY不匹配：基础语义模糊匹配失败 - 预期[识别当前摄像头画面中的上联内容]，实际[依图上这上联生成一个下联]; TAG不匹配：一方为空 - 预期[]，实际[依图上这&上联&下联]
2026-02-27 05:13:26,185 - INFO - CaseID:2240 - QUERY字段：语义匹配失败，但visual_search链路意图匹配通过
2026-02-27 05:13:26,185 - INFO - CaseID:2240 - 整体结果: PASS | 详情: 所有字段校验通过
2026-02-27 05:13:34,773 - INFO - CaseID:2241 - QUERY字段：语义匹配失败，但visual_search链路意图匹配通过
2026-02-27 05:13:34,773 - INFO - CaseID:2241 - 整体结果: PASS | 详情: 所有字段校验通过
2026-02-27 05:13:42,275 - INFO - CaseID:2242 - QUERY字段：语义匹配失败，但visual_search链路意图匹配通过
2026-02-27 05:13:42,276 - INFO - CaseID:2242 - 整体结果: PASS | 详情: 所有字段校验通过
2026-02-27 05:13:50,135 - INFO - CaseID:2243 - QUERY字段：语义匹配失败，但visual_search链路意图匹配通过
2026-02-27 05:13:50,135 - INFO - CaseID:2243 - 整体结果: PASS | 详情: 所有字段校验通过
2026-02-27 05:13:55,024 - INFO - CaseID:2244 - QUERY字段：基础语义模糊匹配通过
2026-02-27 05:13:55,025 - INFO - CaseID:2244 - 整体结果: PASS | 详情: 所有字段校验通过
2026-02-27 05:13:58,843 - INFO - CaseID:2245 - QUERY字段：基础语义模糊匹配通过
2026-02-27 05:13:58,844 - INFO - CaseID:2245 - 整体结果: PASS | 详情: 所有字段校验通过
2026-02-27 05:14:02,757 - INFO - CaseID:2246 - 整体结果: FAILED | 详情: APINAME不匹配：预期[visual_search]，实际[skill_search]; QUERY不匹配：基础语义模糊匹配失败 - 预期[识别当前摄像头画面中的灯谜内容]，实际[用户之前提到的灯谜内容是什么]
2026-02-27 05:14:02,758 - INFO - CaseID:2247 - CATEGORY字段：模型输出含「其他问答」，该字段通过
2026-02-27 05:14:06,620 - INFO - CaseID:2247 - QUERY字段：基础语义模糊匹配通过
2026-02-27 05:14:06,620 - INFO - CaseID:2247 - 整体结果: FAILED | 详情: APINAME不匹配：预期[visual_search]，实际[QASearch]; TAG不匹配：一方为空 - 预期[]，实际[灯谜&最终答案]
2026-02-27 05:14:14,167 - INFO - CaseID:2248 - QUERY字段：语义匹配失败，但visual_search链路意图匹配通过
2026-02-27 05:14:14,168 - INFO - CaseID:2248 - 整体结果: PASS | 详情: 所有字段校验通过
2026-02-27 05:14:21,691 - INFO - CaseID:2249 - QUERY字段：语义匹配失败，但visual_search链路意图匹配通过
2026-02-27 05:14:21,692 - INFO - CaseID:2249 - 整体结果: PASS | 详情: 所有字段校验通过
2026-02-27 05:14:25,564 - INFO - CaseID:2250 - QUERY字段：基础语义模糊匹配通过
2026-02-27 05:14:25,564 - INFO - CaseID:2250 - 整体结果: PASS | 详情: 所有字段校验通过
2026-02-27 05:14:34,286 - INFO - CaseID:2251 - QUERY字段：语义匹配失败，但visual_search链路意图匹配通过
2026-02-27 05:14:34,287 - INFO - CaseID:2251 - 整体结果: PASS | 详情: 所有字段校验通过
2026-02-27 05:14:34,287 - INFO - CaseID:2252 - CATEGORY字段：模型输出含「其他问答」，该字段通过
2026-02-27 05:14:38,421 - INFO - CaseID:2252 - 整体结果: FAILED | 详情: APINAME不匹配：预期[visual_search]，实际[QASearch]; QUERY不匹配：基础语义模糊匹配失败 - 预期[请识别当前摄像头画面中的灯谜内容]，实际[灯谜具体内容]; TAG不匹配：一方为空 - 预期[]，实际[灯谜&具体内容]
2026-02-27 05:14:42,342 - INFO - CaseID:2253 - QUERY字段：基础语义模糊匹配通过
2026-02-27 05:14:42,342 - INFO - CaseID:2253 - 整体结果: PASS | 详情: 所有字段校验通过
2026-02-27 05:14:46,064 - INFO - CaseID:2254 - QUERY字段：基础语义模糊匹配通过
2026-02-27 05:14:46,065 - INFO - CaseID:2254 - 整体结果: PASS | 详情: 所有字段校验通过
2026-02-27 05:14:46,065 - INFO - CaseID:2255 - 整体结果: FAILED | 详情: 模型输出核心字段全为空，判定不通过
2026-02-27 05:14:50,790 - INFO - CaseID:2256 - QUERY字段：基础语义模糊匹配通过
2026-02-27 05:14:50,790 - INFO - CaseID:2256 - 整体结果: PASS | 详情: 所有字段校验通过
2026-02-27 05:14:50,790 - INFO - CaseID:2257 - 整体结果: FAILED | 详情: 模型输出核心字段全为空，判定不通过
2026-02-27 05:14:54,738 - INFO - CaseID:2258 - QUERY字段：基础语义模糊匹配通过
2026-02-27 05:14:54,738 - INFO - CaseID:2258 - 整体结果: PASS | 详情: 所有字段校验通过
2026-02-27 05:14:59,491 - INFO - CaseID:2259 - 整体结果: FAILED | 详情: APINAME不匹配：预期[visual_search]，实际[QASearch]; CATEGORY不匹配：一方为空 - 预期[]，实际[人物]; QUERY不匹配：基础语义模糊匹配失败 - 预期[他唱歌好一些还是演技好一些]，实际[刘德华的唱歌和演技评价]; TAG不匹配：一方为空 - 预期[]，实际[刘德华&唱歌&演技]
2026-02-27 05:14:59,492 - INFO - CaseID:2260 - 整体结果: FAILED | 详情: 模型输出核心字段全为空，判定不通过
2026-02-27 05:14:59,492 - INFO - CaseID:2261 - 整体结果: FAILED | 详情: 模型输出核心字段全为空，判定不通过
2026-02-27 05:14:59,492 - INFO - CaseID:2262 - 整体结果: FAILED | 详情: 模型输出核心字段全为空，判定不通过
2026-02-27 05:14:59,493 - INFO - CaseID:2263 - 整体结果: FAILED | 详情: 模型输出核心字段全为空，判定不通过
2026-02-27 05:14:59,493 - INFO - CaseID:2264 - 整体结果: FAILED | 详情: 模型输出核心字段全为空，判定不通过
2026-02-27 05:15:03,400 - INFO - CaseID:2265 - 整体结果: FAILED | 详情: APINAME不匹配：预期[visual_search]，实际[QASearch]; CATEGORY不匹配：一方为空 - 预期[]，实际[人物]; QUERY不匹配：基础语义模糊匹配失败 - 预期[识别当前摄像头画面中的央视主持人是谁]，实际[央视主持人评价排名]; TAG不匹配：一方为空 - 预期[]，实际[央视主持人&评价&排名]
2026-02-27 05:15:07,059 - INFO - CaseID:2266 - QUERY字段：基础语义模糊匹配通过
2026-02-27 05:15:07,059 - INFO - CaseID:2266 - 整体结果: PASS | 详情: 所有字段校验通过
2026-02-27 05:15:07,060 - INFO - CaseID:2267 - 整体结果: FAILED | 详情: 模型输出核心字段全为空，判定不通过
2026-02-27 05:15:07,060 - INFO - CaseID:2268 - 整体结果: FAILED | 详情: 模型输出核心字段全为空，判定不通过
2026-02-27 05:15:11,021 - INFO - CaseID:2269 - QUERY字段：基础语义模糊匹配通过
2026-02-27 05:15:11,022 - INFO - CaseID:2269 - 整体结果: PASS | 详情: 所有字段校验通过
2026-02-27 05:15:11,022 - INFO - CaseID:2270 - 整体结果: FAILED | 详情: 模型输出核心字段全为空，判定不通过
2026-02-27 05:15:15,330 - INFO - CaseID:2271 - QUERY字段：基础语义模糊匹配通过
2026-02-27 05:15:15,330 - INFO - CaseID:2271 - 整体结果: PASS | 详情: 所有字段校验通过
2026-02-27 05:15:23,218 - INFO - CaseID:2272 - QUERY字段：语义匹配失败，但visual_search链路意图匹配通过
2026-02-27 05:15:23,219 - INFO - CaseID:2272 - 整体结果: PASS | 详情: 所有字段校验通过
2026-02-27 05:15:28,030 - INFO - CaseID:2273 - QUERY字段：基础语义模糊匹配通过
2026-02-27 05:15:28,030 - INFO - CaseID:2273 - 整体结果: PASS | 详情: 所有字段校验通过
2026-02-27 05:15:28,030 - INFO - CaseID:2274 - 整体结果: FAILED | 详情: 模型输出核心字段全为空，判定不通过
2026-02-27 05:15:28,031 - INFO - CaseID:2275 - 整体结果: FAILED | 详情: 模型输出核心字段全为空，判定不通过
2026-02-27 05:15:28,031 - INFO - CaseID:2276 - 整体结果: FAILED | 详情: 模型输出核心字段全为空，判定不通过
2026-02-27 05:15:28,032 - INFO - CaseID:2277 - 整体结果: FAILED | 详情: 模型输出核心字段全为空，判定不通过
2026-02-27 05:15:31,817 - INFO - CaseID:2278 - QUERY字段：基础语义模糊匹配通过
2026-02-27 05:15:31,817 - INFO - CaseID:2278 - 整体结果: PASS | 详情: 所有字段校验通过
2026-02-27 05:15:31,818 - INFO - CaseID:2279 - 整体结果: FAILED | 详情: 模型输出核心字段全为空，判定不通过
2026-02-27 05:15:35,855 - INFO - CaseID:2280 - 整体结果: FAILED | 详情: APINAME不匹配：预期[visual_search]，实际[QASearch]; CATEGORY不匹配：一方为空 - 预期[]，实际[人物]; QUERY不匹配：基础语义模糊匹配失败 - 预期[他的演技好吗]，实际[用户提到的他具体指哪位演员]; TAG不匹配：一方为空 - 预期[]，实际[用户提到的他&具体指哪位演员]
2026-02-27 05:15:35,856 - INFO - CaseID:2281 - 整体结果: FAILED | 详情: 模型输出核心字段全为空，判定不通过
2026-02-27 05:15:39,767 - INFO - CaseID:2282 - QUERY字段：基础语义模糊匹配通过
2026-02-27 05:15:39,767 - INFO - CaseID:2282 - 整体结果: PASS | 详情: 所有字段校验通过
2026-02-27 05:15:43,696 - INFO - CaseID:2283 - QUERY字段：基础语义模糊匹配通过
2026-02-27 05:15:43,696 - INFO - CaseID:2283 - 整体结果: PASS | 详情: 所有字段校验通过
2026-02-27 05:15:47,604 - INFO - CaseID:2284 - QUERY字段：基础语义模糊匹配通过
2026-02-27 05:15:47,605 - INFO - CaseID:2284 - 整体结果: PASS | 详情: 所有字段校验通过
2026-02-27 05:15:55,575 - INFO - CaseID:2285 - QUERY字段：语义匹配失败，但visual_search链路意图匹配通过
2026-02-27 05:15:55,576 - INFO - CaseID:2285 - 整体结果: PASS | 详情: 所有字段校验通过
2026-02-27 05:15:59,416 - INFO - CaseID:2286 - QUERY字段：基础语义模糊匹配通过
2026-02-27 05:15:59,416 - INFO - CaseID:2286 - 整体结果: PASS | 详情: 所有字段校验通过
2026-02-27 05:16:03,151 - INFO - CaseID:2287 - QUERY字段：基础语义模糊匹配通过
2026-02-27 05:16:03,152 - INFO - CaseID:2287 - 整体结果: PASS | 详情: 所有字段校验通过
2026-02-27 05:16:11,820 - INFO - CaseID:2288 - QUERY字段：语义匹配失败，但visual_search链路意图匹配通过
2026-02-27 05:16:11,820 - INFO - CaseID:2288 - 整体结果: PASS | 详情: 所有字段校验通过
2026-02-27 05:16:15,852 - INFO - CaseID:2289 - QUERY字段：基础语义模糊匹配通过
2026-02-27 05:16:15,852 - INFO - CaseID:2289 - 整体结果: PASS | 详情: 所有字段校验通过
2026-02-27 05:16:23,737 - INFO - CaseID:2290 - QUERY字段：语义匹配失败，但visual_search链路意图匹配通过
2026-02-27 05:16:23,738 - INFO - CaseID:2290 - 整体结果: PASS | 详情: 所有字段校验通过
2026-02-27 05:16:23,739 - INFO - CaseID:2291 - 整体结果: FAILED | 详情: 模型输出核心字段全为空，判定不通过
2026-02-27 05:16:27,904 - INFO - CaseID:2292 - QUERY字段：基础语义模糊匹配通过
2026-02-27 05:16:27,904 - INFO - CaseID:2292 - 整体结果: PASS | 详情: 所有字段校验通过
2026-02-27 05:16:31,517 - INFO - CaseID:2293 - QUERY字段：基础语义模糊匹配通过
2026-02-27 05:16:31,518 - INFO - CaseID:2293 - 整体结果: PASS | 详情: 所有字段校验通过
2026-02-27 05:16:31,518 - INFO - CaseID:2294 - 整体结果: FAILED | 详情: 模型输出核心字段全为空，判定不通过
2026-02-27 05:16:31,519 - INFO - CaseID:2295 - 整体结果: FAILED | 详情: 模型输出核心字段全为空，判定不通过
2026-02-27 05:16:31,519 - INFO - CaseID:2296 - 整体结果: FAILED | 详情: 模型输出核心字段全为空，判定不通过
2026-02-27 05:16:39,542 - INFO - CaseID:2297 - QUERY字段：语义匹配失败，但visual_search链路意图匹配通过
2026-02-27 05:16:39,542 - INFO - CaseID:2297 - 整体结果: PASS | 详情: 所有字段校验通过
2026-02-27 05:16:43,452 - INFO - CaseID:2298 - QUERY字段：基础语义模糊匹配通过
2026-02-27 05:16:43,453 - INFO - CaseID:2298 - 整体结果: PASS | 详情: 所有字段校验通过
2026-02-27 05:16:43,453 - INFO - CaseID:2299 - 整体结果: FAILED | 详情: 模型输出核心字段全为空，判定不通过
2026-02-27 05:16:43,453 - INFO - CaseID:2300 - 整体结果: FAILED | 详情: 模型输出核心字段全为空，判定不通过
2026-02-27 05:16:43,454 - INFO - CaseID:2301 - 整体结果: FAILED | 详情: 模型输出核心字段全为空，判定不通过
2026-02-27 05:16:47,552 - INFO - CaseID:2302 - QUERY字段：基础语义模糊匹配通过
2026-02-27 05:16:47,552 - INFO - CaseID:2302 - 整体结果: PASS | 详情: 所有字段校验通过
2026-02-27 05:16:47,552 - INFO - CaseID:2303 - 整体结果: FAILED | 详情: 模型输出核心字段全为空，判定不通过
2026-02-27 05:16:47,553 - INFO - CaseID:2304 - 整体结果: FAILED | 详情: 模型输出核心字段全为空，判定不通过
2026-02-27 05:16:47,553 - INFO - CaseID:2305 - 整体结果: FAILED | 详情: 模型输出核心字段全为空，判定不通过
2026-02-27 05:16:51,486 - INFO - CaseID:2306 - QUERY字段：基础语义模糊匹配通过
2026-02-27 05:16:51,487 - INFO - CaseID:2306 - 整体结果: PASS | 详情: 所有字段校验通过
2026-02-27 05:16:51,487 - INFO - CaseID:2307 - 整体结果: FAILED | 详情: 模型输出核心字段全为空，判定不通过
2026-02-27 05:16:55,626 - INFO - CaseID:2308 - QUERY字段：基础语义模糊匹配通过
2026-02-27 05:16:55,626 - INFO - CaseID:2308 - 整体结果: PASS | 详情: 所有字段校验通过
2026-02-27 05:16:59,242 - INFO - CaseID:2309 - QUERY字段：基础语义模糊匹配通过
2026-02-27 05:16:59,243 - INFO - CaseID:2309 - 整体结果: PASS | 详情: 所有字段校验通过
2026-02-27 05:16:59,243 - INFO - CaseID:2310 - 整体结果: FAILED | 详情: 模型输出核心字段全为空，判定不通过
2026-02-27 05:17:06,803 - INFO - CaseID:2311 - QUERY字段：语义匹配失败，但visual_search链路意图匹配通过
2026-02-27 05:17:06,804 - INFO - CaseID:2311 - 整体结果: PASS | 详情: 所有字段校验通过
2026-02-27 05:17:06,804 - INFO - CaseID:2312 - 整体结果: FAILED | 详情: 模型输出核心字段全为空，判定不通过
2026-02-27 05:17:11,250 - INFO - CaseID:2313 - QUERY字段：基础语义模糊匹配通过
2026-02-27 05:17:11,250 - INFO - CaseID:2313 - 整体结果: PASS | 详情: 所有字段校验通过
2026-02-27 05:17:11,251 - INFO - CaseID:2314 - 整体结果: FAILED | 详情: 模型输出核心字段全为空，判定不通过
2026-02-27 05:17:11,251 - INFO - CaseID:2315 - 整体结果: FAILED | 详情: 模型输出核心字段全为空，判定不通过
2026-02-27 05:17:11,251 - INFO - CaseID:2316 - 整体结果: FAILED | 详情: 模型输出核心字段全为空，判定不通过
2026-02-27 05:17:11,251 - INFO - CaseID:2317 - 整体结果: FAILED | 详情: 模型输出核心字段全为空，判定不通过
2026-02-27 05:17:19,023 - INFO - CaseID:2318 - QUERY字段：语义匹配失败，但visual_search链路意图匹配通过
2026-02-27 05:17:19,024 - INFO - CaseID:2318 - 整体结果: PASS | 详情: 所有字段校验通过
2026-02-27 05:17:19,024 - INFO - CaseID:2319 - 整体结果: FAILED | 详情: 模型输出核心字段全为空，判定不通过
2026-02-27 05:17:19,025 - INFO - CaseID:2320 - 整体结果: FAILED | 详情: 模型输出核心字段全为空，判定不通过
2026-02-27 05:17:22,888 - INFO - CaseID:2321 - QUERY字段：基础语义模糊匹配通过
2026-02-27 05:17:22,889 - INFO - CaseID:2321 - 整体结果: PASS | 详情: 所有字段校验通过
2026-02-27 05:17:22,889 - INFO - CaseID:2322 - 整体结果: FAILED | 详情: 模型输出核心字段全为空，判定不通过
2026-02-27 05:17:22,889 - INFO - CaseID:2323 - 整体结果: FAILED | 详情: 模型输出核心字段全为空，判定不通过
2026-02-27 05:17:22,890 - INFO - CaseID:2324 - 整体结果: FAILED | 详情: 模型输出核心字段全为空，判定不通过
2026-02-27 05:17:26,528 - INFO - CaseID:2325 - QUERY字段：基础语义模糊匹配通过
2026-02-27 05:17:26,529 - INFO - CaseID:2325 - 整体结果: PASS | 详情: 所有字段校验通过
2026-02-27 05:17:34,184 - INFO - CaseID:2326 - QUERY字段：语义匹配失败，但visual_search链路意图匹配通过
2026-02-27 05:17:34,184 - INFO - CaseID:2326 - 整体结果: PASS | 详情: 所有字段校验通过
2026-02-27 05:17:42,157 - INFO - CaseID:2327 - QUERY字段：语义匹配失败，但visual_search链路意图匹配通过
2026-02-27 05:17:42,158 - INFO - CaseID:2327 - 整体结果: PASS | 详情: 所有字段校验通过
2026-02-27 05:17:42,158 - INFO - CaseID:2328 - 整体结果: FAILED | 详情: 模型输出核心字段全为空，判定不通过
2026-02-27 05:17:46,332 - INFO - CaseID:2329 - 整体结果: FAILED | 详情: APINAME不匹配：预期[visual_search]，实际[AUTOSearch]; CATEGORY不匹配：一方为空 - 预期[]，实际[汽车]; QUERY不匹配：基础语义模糊匹配失败 - 预期[他的领导能力怎么样]，实际[李想的领导能力评价]; TAG不匹配：一方为空 - 预期[]，实际[李想&领导能力]
2026-02-27 05:17:51,400 - INFO - CaseID:2330 - QUERY字段：基础语义模糊匹配通过
2026-02-27 05:17:51,400 - INFO - CaseID:2330 - 整体结果: PASS | 详情: 所有字段校验通过
2026-02-27 05:17:51,400 - INFO - CaseID:2331 - 整体结果: FAILED | 详情: 模型输出核心字段全为空，判定不通过
2026-02-27 05:17:51,401 - INFO - CaseID:2332 - 整体结果: FAILED | 详情: 模型输出核心字段全为空，判定不通过
2026-02-27 05:17:55,382 - INFO - CaseID:2333 - QUERY字段：基础语义模糊匹配通过
2026-02-27 05:17:55,383 - INFO - CaseID:2333 - 整体结果: PASS | 详情: 所有字段校验通过
2026-02-27 05:17:59,453 - INFO - CaseID:2334 - 整体结果: FAILED | 详情: APINAME不匹配：预期[visual_search]，实际[QASearch]; CATEGORY不匹配：一方为空 - 预期[]，实际[影视]; QUERY不匹配：基础语义模糊匹配失败 - 预期[他最近主持过哪些节目]，实际[他指的是哪位主持人]; TAG不匹配：一方为空 - 预期[]，实际[他&主持人]
2026-02-27 05:17:59,454 - INFO - CaseID:2335 - 整体结果: FAILED | 详情: 模型输出核心字段全为空，判定不通过
2026-02-27 05:17:59,454 - INFO - CaseID:2336 - 整体结果: FAILED | 详情: 模型输出核心字段全为空，判定不通过
2026-02-27 05:17:59,454 - INFO - CaseID:2337 - 整体结果: FAILED | 详情: 模型输出核心字段全为空，判定不通过
2026-02-27 05:17:59,454 - INFO - CaseID:2338 - 整体结果: FAILED | 详情: 模型输出核心字段全为空，判定不通过
2026-02-27 05:17:59,454 - INFO - CaseID:2339 - 整体结果: FAILED | 详情: 模型输出核心字段全为空，判定不通过
2026-02-27 05:18:07,438 - INFO - CaseID:2340 - QUERY字段：语义匹配失败，但visual_search链路意图匹配通过
2026-02-27 05:18:07,439 - INFO - CaseID:2340 - 整体结果: PASS | 详情: 所有字段校验通过
2026-02-27 05:18:07,440 - INFO - CaseID:2341 - 整体结果: FAILED | 详情: 模型输出核心字段全为空，判定不通过
2026-02-27 05:18:07,440 - INFO - CaseID:2342 - 整体结果: FAILED | 详情: 模型输出核心字段全为空，判定不通过
2026-02-27 05:18:07,440 - INFO - CaseID:2343 - 整体结果: FAILED | 详情: 模型输出核心字段全为空，判定不通过
2026-02-27 05:18:07,441 - INFO - CaseID:2344 - 整体结果: FAILED | 详情: 模型输出核心字段全为空，判定不通过
2026-02-27 05:18:07,441 - INFO - CaseID:2345 - 整体结果: FAILED | 详情: 模型输出核心字段全为空，判定不通过
2026-02-27 05:18:11,325 - INFO - CaseID:2346 - QUERY字段：基础语义模糊匹配通过
2026-02-27 05:18:11,325 - INFO - CaseID:2346 - 整体结果: PASS | 详情: 所有字段校验通过
2026-02-27 05:18:11,325 - INFO - CaseID:2347 - 整体结果: FAILED | 详情: 模型输出核心字段全为空，判定不通过
2026-02-27 05:18:15,964 - INFO - CaseID:2348 - 整体结果: FAILED | 详情: APINAME不匹配：预期[visual_search]，实际[AUTOSearch]; CATEGORY不匹配：一方为空 - 预期[]，实际[汽车]; QUERY不匹配：基础语义模糊匹配失败 - 预期[他什么时候加入理想的]，实际[李想加入理想汽车的时间]; TAG不匹配：一方为空 - 预期[]，实际[李想&加入时间]
2026-02-27 05:18:19,835 - INFO - CaseID:2349 - QUERY字段：基础语义模糊匹配通过
2026-02-27 05:18:19,835 - INFO - CaseID:2349 - 整体结果: PASS | 详情: 所有字段校验通过
2026-02-27 05:18:19,835 - INFO - CaseID:2350 - 整体结果: FAILED | 详情: 模型输出核心字段全为空，判定不通过
2026-02-27 05:18:23,770 - INFO - CaseID:2351 - QUERY字段：基础语义模糊匹配通过
2026-02-27 05:18:23,771 - INFO - CaseID:2351 - 整体结果: PASS | 详情: 所有字段校验通过
2026-02-27 05:18:27,733 - INFO - CaseID:2352 - 整体结果: FAILED | 详情: APINAME不匹配：预期[visual_search]，实际[AUTOSearch]; CATEGORY不匹配：一方为空 - 预期[]，实际[汽车]; QUERY不匹配：基础语义模糊匹配失败 - 预期[他什么时候加入理想的大家庭的]，实际[李想加入理想汽车的时间]; TAG不匹配：一方为空 - 预期[]，实际[李想&加入时间]
2026-02-27 05:18:27,734 - INFO - CaseID:2353 - 整体结果: FAILED | 详情: 模型输出核心字段全为空，判定不通过
2026-02-27 05:18:35,199 - INFO - CaseID:2354 - QUERY字段：语义匹配失败，但visual_search链路意图匹配通过
2026-02-27 05:18:35,199 - INFO - CaseID:2354 - 整体结果: PASS | 详情: 所有字段校验通过
2026-02-27 05:18:35,199 - INFO - CaseID:2355 - 整体结果: FAILED | 详情: 模型输出核心字段全为空，判定不通过
2026-02-27 05:18:35,200 - INFO - CaseID:2356 - 整体结果: FAILED | 详情: 模型输出核心字段全为空，判定不通过
2026-02-27 05:18:39,109 - INFO - CaseID:2357 - 整体结果: FAILED | 详情: APINAME不匹配：预期[visual_search]，实际[AUTOSearch]; CATEGORY不匹配：一方为空 - 预期[]，实际[汽车]; QUERY不匹配：基础语义模糊匹配失败 - 预期[大家都怎么评价他]，实际[理想同学的简介]; TAG不匹配：一方为空 - 预期[]，实际[理想同学&简介]
2026-02-27 05:18:39,110 - INFO - CaseID:2358 - 整体结果: FAILED | 详情: 模型输出核心字段全为空，判定不通过
2026-02-27 05:18:42,985 - INFO - CaseID:2359 - 整体结果: FAILED | 详情: APINAME不匹配：预期[visual_search]，实际[QASearch]; CATEGORY不匹配：一方为空 - 预期[]，实际[人物]; QUERY不匹配：基础语义模糊匹配失败 - 预期[他啥时候大学毕业的]，实际[用户提到的他具体指谁]; TAG不匹配：一方为空 - 预期[]，实际[用户提到&他&具体指谁]
2026-02-27 05:18:50,638 - INFO - CaseID:2360 - QUERY字段：语义匹配失败，但visual_search链路意图匹配通过
2026-02-27 05:18:50,639 - INFO - CaseID:2360 - 整体结果: PASS | 详情: 所有字段校验通过
2026-02-27 05:18:50,640 - INFO - CaseID:2361 - 整体结果: FAILED | 详情: 模型输出核心字段全为空，判定不通过
2026-02-27 05:18:58,106 - INFO - CaseID:2362 - QUERY字段：语义匹配失败，但visual_search链路意图匹配通过
2026-02-27 05:18:58,106 - INFO - CaseID:2362 - 整体结果: PASS | 详情: 所有字段校验通过
2026-02-27 05:18:58,107 - INFO - CaseID:2363 - 整体结果: FAILED | 详情: 模型输出核心字段全为空，判定不通过
2026-02-27 05:19:06,262 - INFO - CaseID:2364 - QUERY字段：语义匹配失败，但visual_search链路意图匹配通过
2026-02-27 05:19:06,263 - INFO - CaseID:2364 - 整体结果: PASS | 详情: 所有字段校验通过
2026-02-27 05:19:06,263 - INFO - CaseID:2365 - 整体结果: FAILED | 详情: 模型输出核心字段全为空，判定不通过
2026-02-27 05:19:11,161 - INFO - CaseID:2366 - QUERY字段：基础语义模糊匹配通过
2026-02-27 05:19:11,161 - INFO - CaseID:2366 - 整体结果: PASS | 详情: 所有字段校验通过
2026-02-27 05:19:11,162 - INFO - CaseID:2367 - 整体结果: FAILED | 详情: 模型输出核心字段全为空，判定不通过
2026-02-27 05:19:15,461 - INFO - CaseID:2368 - QUERY字段：基础语义模糊匹配通过
2026-02-27 05:19:15,462 - INFO - CaseID:2368 - 整体结果: PASS | 详情: 所有字段校验通过
2026-02-27 05:19:19,252 - INFO - CaseID:2369 - QUERY字段：基础语义模糊匹配通过
2026-02-27 05:19:19,253 - INFO - CaseID:2369 - 整体结果: PASS | 详情: 所有字段校验通过
2026-02-27 05:19:23,233 - INFO - CaseID:2370 - QUERY字段：基础语义模糊匹配通过
2026-02-27 05:19:23,234 - INFO - CaseID:2370 - 整体结果: PASS | 详情: 所有字段校验通过
2026-02-27 05:19:23,234 - INFO - CaseID:2371 - 整体结果: FAILED | 详情: 模型输出核心字段全为空，判定不通过
2026-02-27 05:19:27,104 - INFO - CaseID:2372 - QUERY字段：基础语义模糊匹配通过
2026-02-27 05:19:27,105 - INFO - CaseID:2372 - 整体结果: PASS | 详情: 所有字段校验通过
2026-02-27 05:19:35,408 - INFO - CaseID:2373 - QUERY字段：语义匹配失败，但visual_search链路意图匹配通过
2026-02-27 05:19:35,408 - INFO - CaseID:2373 - 整体结果: PASS | 详情: 所有字段校验通过
2026-02-27 05:19:43,943 - INFO - CaseID:2374 - QUERY字段：语义匹配失败，但visual_search链路意图匹配通过
2026-02-27 05:19:43,944 - INFO - CaseID:2374 - 整体结果: PASS | 详情: 所有字段校验通过
2026-02-27 05:19:43,944 - INFO - CaseID:2375 - 整体结果: FAILED | 详情: 模型输出核心字段全为空，判定不通过
2026-02-27 05:19:47,568 - INFO - CaseID:2376 - QUERY字段：基础语义模糊匹配通过
2026-02-27 05:19:47,569 - INFO - CaseID:2376 - 整体结果: PASS | 详情: 所有字段校验通过
2026-02-27 05:19:51,477 - INFO - CaseID:2377 - QUERY字段：基础语义模糊匹配通过
2026-02-27 05:19:51,477 - INFO - CaseID:2377 - 整体结果: PASS | 详情: 所有字段校验通过
2026-02-27 05:19:55,171 - INFO - CaseID:2378 - QUERY字段：基础语义模糊匹配通过
2026-02-27 05:19:55,171 - INFO - CaseID:2378 - 整体结果: PASS | 详情: 所有字段校验通过
2026-02-27 05:19:59,450 - INFO - CaseID:2379 - QUERY字段：基础语义模糊匹配通过
2026-02-27 05:19:59,451 - INFO - CaseID:2379 - 整体结果: PASS | 详情: 所有字段校验通过
2026-02-27 05:19:59,451 - INFO - CaseID:2380 - 整体结果: FAILED | 详情: 模型输出核心字段全为空，判定不通过
2026-02-27 05:20:03,384 - INFO - CaseID:2381 - QUERY字段：基础语义模糊匹配通过
2026-02-27 05:20:03,385 - INFO - CaseID:2381 - 整体结果: PASS | 详情: 所有字段校验通过
2026-02-27 05:20:07,544 - INFO - CaseID:2382 - 整体结果: FAILED | 详情: APINAME不匹配：预期[visual_search]，实际[QASearch]; CATEGORY不匹配：一方为空 - 预期[]，实际[影视]; QUERY不匹配：基础语义模糊匹配失败 - 预期[她是谁？]，实际[她主持过哪些节目]; TAG不匹配：一方为空 - 预期[]，实际[她&主持&节目]
2026-02-27 05:20:11,430 - INFO - CaseID:2383 - QUERY字段：基础语义模糊匹配通过
2026-02-27 05:20:11,430 - INFO - CaseID:2383 - 整体结果: PASS | 详情: 所有字段校验通过
2026-02-27 05:20:15,066 - INFO - CaseID:2384 - 整体结果: FAILED | 详情: APINAME不匹配：预期[visual_search]，实际[QASearch]; CATEGORY不匹配：一方为空 - 预期[]，实际[人物]; QUERY不匹配：基础语义模糊匹配失败 - 预期[她唱歌怎么样]，实际[用户提到的她具体指哪位歌手或人物]; TAG不匹配：一方为空 - 预期[]，实际[用户提到&她&歌手或人物]
2026-02-27 05:20:15,066 - INFO - CaseID:2385 - 整体结果: FAILED | 详情: 模型输出核心字段全为空，判定不通过
2026-02-27 05:20:25,259 - INFO - CaseID:2386 - QUERY字段：语义匹配失败，但visual_search链路意图匹配通过
2026-02-27 05:20:25,259 - INFO - CaseID:2386 - 整体结果: PASS | 详情: 所有字段校验通过
2026-02-27 05:20:29,839 - INFO - CaseID:2387 - 整体结果: FAILED | 详情: APINAME不匹配：预期[visual_search]，实际[QASearch]; CATEGORY不匹配：一方为空 - 预期[]，实际[人物]; QUERY不匹配：基础语义模糊匹配失败 - 预期[识别当前摄像头画面中的人物，并判断他是演员还是歌手]，实际[他具体指哪位人物]; TAG不匹配：一方为空 - 预期[]，实际[他&具体&人物]
2026-02-27 05:20:29,840 - INFO - CaseID:2388 - 整体结果: FAILED | 详情: 模型输出核心字段全为空，判定不通过
2026-02-27 05:20:29,840 - INFO - CaseID:2389 - 整体结果: FAILED | 详情: 模型输出核心字段全为空，判定不通过
2026-02-27 05:20:34,103 - INFO - CaseID:2390 - 整体结果: FAILED | 详情: APINAME不匹配：预期[visual_search]，实际[QASearch]; CATEGORY不匹配：一方为空 - 预期[]，实际[人物]; QUERY不匹配：基础语义模糊匹配失败 - 预期[识别当前摄像头画面中的女性人物]，实际[她指的是哪位女性艺人或公众人物]; TAG不匹配：一方为空 - 预期[]，实际[她&女性艺人&公众人物]
2026-02-27 05:20:34,104 - INFO - CaseID:2391 - 整体结果: FAILED | 详情: 模型输出核心字段全为空，判定不通过
2026-02-27 05:20:38,793 - INFO - CaseID:2392 - QUERY字段：基础语义模糊匹配通过
2026-02-27 05:20:38,794 - INFO - CaseID:2392 - 整体结果: FAILED | 详情: APINAME不匹配：预期[visual_search]，实际[QASearch]; CATEGORY不匹配：一方为空 - 预期[]，实际[人物]; TAG不匹配：一方为空 - 预期[]，实际[她&代表作]
2026-02-27 05:20:46,404 - INFO - CaseID:2393 - QUERY字段：语义匹配失败，但visual_search链路意图匹配通过
2026-02-27 05:20:46,405 - INFO - CaseID:2393 - 整体结果: PASS | 详情: 所有字段校验通过
2026-02-27 05:20:46,512 - ERROR - 写入结果失败：400 Client Error: Bad Request for url: https://open.feishu.cn/open-apis/sheets/v2/spreadsheets/Ponus9BvFh29YJtd4EQcOd1Cngb/values
