2026-02-26 23:08:26,518 - INFO - === 看世界规划对比工具（新旧用例双轨适配版，优化CATEGORY和TAG）启动 ===
2026-02-26 23:08:26,659 - INFO - 成功加载飞书表格
2026-02-26 23:08:30,842 - INFO - CaseID:1 - QUERY字段：基础语义模糊匹配通过
2026-02-26 23:08:30,842 - INFO - CaseID:1 - 整体结果: PASS | 详情: 所有字段校验通过
2026-02-26 23:08:32,842 - INFO - CaseID:2 - QUERY字段：基础语义模糊匹配通过
2026-02-26 23:08:32,842 - INFO - CaseID:2 - 整体结果: PASS | 详情: 所有字段校验通过
2026-02-26 23:08:35,209 - INFO - CaseID:3 - QUERY字段：基础语义模糊匹配通过
2026-02-26 23:08:35,210 - INFO - CaseID:3 - 整体结果: PASS | 详情: 所有字段校验通过
2026-02-26 23:08:37,152 - INFO - CaseID:4 - QUERY字段：基础语义模糊匹配通过
2026-02-26 23:08:37,152 - INFO - CaseID:4 - 整体结果: PASS | 详情: 所有字段校验通过
2026-02-26 23:08:38,863 - INFO - CaseID:5 - QUERY字段：基础语义模糊匹配通过
2026-02-26 23:08:38,863 - INFO - CaseID:5 - 整体结果: PASS | 详情: 所有字段校验通过
2026-02-26 23:08:40,806 - INFO - CaseID:6 - QUERY字段：基础语义模糊匹配通过
2026-02-26 23:08:40,806 - INFO - CaseID:6 - 整体结果: PASS | 详情: 所有字段校验通过
2026-02-26 23:08:42,652 - INFO - CaseID:7 - QUERY字段：基础语义模糊匹配通过
2026-02-26 23:08:42,653 - INFO - CaseID:7 - 整体结果: PASS | 详情: 所有字段校验通过
2026-02-26 23:08:45,630 - INFO - CaseID:8 - QUERY字段：基础语义模糊匹配通过
2026-02-26 23:08:45,630 - INFO - CaseID:8 - 整体结果: PASS | 详情: 所有字段校验通过
2026-02-26 23:08:47,510 - INFO - CaseID:9 - QUERY字段：基础语义模糊匹配通过
2026-02-26 23:08:47,510 - INFO - CaseID:9 - 整体结果: PASS | 详情: 所有字段校验通过
2026-02-26 23:08:50,261 - INFO - CaseID:10 - QUERY字段：基础语义模糊匹配通过
2026-02-26 23:08:50,261 - INFO - CaseID:10 - 整体结果: PASS | 详情: 所有字段校验通过
2026-02-26 23:08:52,112 - INFO - CaseID:11 - QUERY字段：基础语义模糊匹配通过
2026-02-26 23:08:52,112 - INFO - CaseID:11 - 整体结果: PASS | 详情: 所有字段校验通过
2026-02-26 23:08:53,835 - INFO - CaseID:12 - QUERY字段：基础语义模糊匹配通过
2026-02-26 23:08:53,836 - INFO - CaseID:12 - 整体结果: PASS | 详情: 所有字段校验通过
2026-02-26 23:08:53,836 - INFO - CaseID:13 - 整体结果: FAILED | 详情: 模型输出核心字段全为空，判定不通过
2026-02-26 23:08:53,836 - INFO - CaseID:14 - 整体结果: FAILED | 详情: 模型输出核心字段全为空，判定不通过
2026-02-26 23:08:55,811 - INFO - CaseID:15 - QUERY字段：基础语义模糊匹配通过
2026-02-26 23:08:55,812 - INFO - CaseID:15 - 整体结果: FAILED | 详情: APINAME不匹配：预期[visual_search]，实际[QASearch]; CATEGORY不匹配：一方为空 - 预期[]，实际[生物]; TAG不匹配：一方为空 - 预期[]，实际[这棵树&开花时间]
2026-02-26 23:08:57,568 - INFO - CaseID:16 - 整体结果: FAILED | 详情: APINAME不匹配：预期[visual_search]，实际[QASearch]; CATEGORY不匹配：一方为空 - 预期[]，实际[生物]; QUERY不匹配：基础语义模糊匹配失败 - 预期[这棵树多少年会开花结果]，实际[常见树木开花结果的年份]; TAG不匹配：一方为空 - 预期[]，实际[常见树木&开花结果&年份]
2026-02-26 23:09:00,160 - INFO - CaseID:17 - QUERY字段：基础语义模糊匹配通过
2026-02-26 23:09:00,160 - INFO - CaseID:17 - 整体结果: PASS | 详情: 所有字段校验通过
2026-02-26 23:09:02,053 - INFO - CaseID:18 - QUERY字段：基础语义模糊匹配通过
2026-02-26 23:09:02,054 - INFO - CaseID:18 - 整体结果: FAILED | 详情: APINAME不匹配：预期[visual_search]，实际[QASearch]; CATEGORY不匹配：一方为空 - 预期[]，实际[生物]; TAG不匹配：一方为空 - 预期[]，实际[发财树&养护方法]
2026-02-26 23:09:04,028 - INFO - CaseID:19 - QUERY字段：基础语义模糊匹配通过
2026-02-26 23:09:04,029 - INFO - CaseID:19 - 整体结果: PASS | 详情: 所有字段校验通过
2026-02-26 23:09:06,732 - INFO - CaseID:20 - QUERY字段：基础语义模糊匹配通过
2026-02-26 23:09:06,732 - INFO - CaseID:20 - 整体结果: FAILED | 详情: APINAME不匹配：预期[visual_search]，实际[QASearch]; CATEGORY不匹配：一方为空 - 预期[]，实际[生物]; TAG不匹配：一方为空 - 预期[]，实际[紫色&球形&花]
2026-02-26 23:09:08,864 - INFO - CaseID:21 - QUERY字段：基础语义模糊匹配通过
2026-02-26 23:09:08,865 - INFO - CaseID:21 - 整体结果: PASS | 详情: 所有字段校验通过
2026-02-26 23:09:10,885 - INFO - CaseID:22 - QUERY字段：基础语义模糊匹配通过
2026-02-26 23:09:10,885 - INFO - CaseID:22 - 整体结果: PASS | 详情: 所有字段校验通过
2026-02-26 23:09:12,587 - INFO - CaseID:23 - 整体结果: FAILED | 详情: APINAME不匹配：预期[visual_search]，实际[QASearch]; CATEGORY不匹配：一方为空 - 预期[]，实际[生物]; QUERY不匹配：基础语义模糊匹配失败 - 预期[这是月季还是玫瑰]，实际[月季的简介]; TAG不匹配：一方为空 - 预期[]，实际[月季&简介]
2026-02-26 23:09:15,526 - INFO - CaseID:24 - QUERY字段：基础语义模糊匹配通过
2026-02-26 23:09:15,526 - INFO - CaseID:24 - 整体结果: PASS | 详情: 所有字段校验通过
2026-02-26 23:09:17,736 - INFO - CaseID:25 - 整体结果: FAILED | 详情: APINAME不匹配：预期[visual_search]，实际[QASearch]; CATEGORY不匹配：一方为空 - 预期[]，实际[地理通用]; QUERY不匹配：基础语义模糊匹配失败 - 预期[地里长的什么花]，实际[北京朝阳区2026年2月常见农田花卉]; TAG不匹配：一方为空 - 预期[]，实际[北京朝阳区&2026年2月&常见农田花卉]
2026-02-26 23:09:17,737 - INFO - CaseID:26 - 整体结果: FAILED | 详情: 模型输出核心字段全为空，判定不通过
2026-02-26 23:09:19,700 - INFO - CaseID:27 - QUERY字段：基础语义模糊匹配通过
2026-02-26 23:09:19,700 - INFO - CaseID:27 - 整体结果: PASS | 详情: 所有字段校验通过
2026-02-26 23:09:21,547 - INFO - CaseID:28 - QUERY字段：基础语义模糊匹配通过
2026-02-26 23:09:21,547 - INFO - CaseID:28 - 整体结果: FAILED | 详情: APINAME不匹配：预期[visual_search]，实际[QASearch]; CATEGORY不匹配：一方为空 - 预期[]，实际[生物]; TAG不匹配：一方为空 - 预期[]，实际[这个&一般&开花时间]
2026-02-26 23:09:23,308 - INFO - CaseID:29 - QUERY字段：基础语义模糊匹配通过
2026-02-26 23:09:23,308 - INFO - CaseID:29 - 整体结果: PASS | 详情: 所有字段校验通过
2026-02-26 23:09:27,624 - INFO - CaseID:30 - QUERY字段：语义匹配失败，但visual_search链路意图匹配通过
2026-02-26 23:09:27,624 - INFO - CaseID:30 - 整体结果: PASS | 详情: 所有字段校验通过
2026-02-26 23:09:27,624 - INFO - CaseID:31 - 整体结果: FAILED | 详情: 模型输出核心字段全为空，判定不通过
2026-02-26 23:09:29,606 - INFO - CaseID:32 - QUERY字段：基础语义模糊匹配通过
2026-02-26 23:09:29,606 - INFO - CaseID:32 - 整体结果: PASS | 详情: 所有字段校验通过
2026-02-26 23:09:31,604 - INFO - CaseID:33 - QUERY字段：基础语义模糊匹配通过
2026-02-26 23:09:31,604 - INFO - CaseID:33 - 整体结果: PASS | 详情: 所有字段校验通过
2026-02-26 23:09:33,473 - INFO - CaseID:34 - 整体结果: FAILED | 详情: APINAME不匹配：预期[visual_search]，实际[QASearch]; CATEGORY不匹配：一方为空 - 预期[]，实际[生物]; QUERY不匹配：基础语义模糊匹配失败 - 预期[这个和中华木绣球有什么区别]，实际[中华木绣球的植物学特征]; TAG不匹配：一方为空 - 预期[]，实际[中华木绣球&植物学特征]
2026-02-26 23:09:35,493 - INFO - CaseID:35 - QUERY字段：基础语义模糊匹配通过
2026-02-26 23:09:35,493 - INFO - CaseID:35 - 整体结果: PASS | 详情: 所有字段校验通过
2026-02-26 23:09:37,173 - INFO - CaseID:36 - QUERY字段：基础语义模糊匹配通过
2026-02-26 23:09:37,173 - INFO - CaseID:36 - 整体结果: PASS | 详情: 所有字段校验通过
2026-02-26 23:09:39,199 - INFO - CaseID:37 - 整体结果: FAILED | 详情: APINAME不匹配：预期[visual_search]，实际[QASearch]; CATEGORY不匹配：一方为空 - 预期[]，实际[生物]; QUERY不匹配：基础语义模糊匹配失败 - 预期[这个是布鲁诺绿菊吗]，实际[布鲁诺绿菊的特征]; TAG不匹配：一方为空 - 预期[]，实际[布鲁诺绿菊&特征]
2026-02-26 23:09:43,184 - INFO - CaseID:38 - QUERY字段：语义匹配失败，但visual_search链路意图匹配通过
2026-02-26 23:09:43,185 - INFO - CaseID:38 - 整体结果: PASS | 详情: 所有字段校验通过
2026-02-26 23:09:45,462 - INFO - CaseID:39 - QUERY字段：基础语义模糊匹配通过
2026-02-26 23:09:45,463 - INFO - CaseID:39 - 整体结果: PASS | 详情: 所有字段校验通过
2026-02-26 23:09:47,443 - INFO - CaseID:40 - QUERY字段：基础语义模糊匹配通过
2026-02-26 23:09:47,443 - INFO - CaseID:40 - 整体结果: FAILED | 详情: APINAME不匹配：预期[visual_search]，实际[calendar]
2026-02-26 23:09:49,546 - INFO - CaseID:41 - 整体结果: FAILED | 详情: APINAME不匹配：预期[visual_search]，实际[QASearch]; CATEGORY不匹配：一方为空 - 预期[]，实际[生物]; QUERY不匹配：基础语义模糊匹配失败 - 预期[为什么树干上开花]，实际[树干上开花的植物有哪些]; TAG不匹配：一方为空 - 预期[]，实际[树干上&开花&植物]
2026-02-26 23:09:51,570 - INFO - CaseID:42 - QUERY字段：基础语义模糊匹配通过
2026-02-26 23:09:51,571 - INFO - CaseID:42 - 整体结果: PASS | 详情: 所有字段校验通过
2026-02-26 23:09:55,259 - INFO - CaseID:43 - 整体结果: FAILED | 详情: QUERY不匹配：语义和visual_search链路意图均不一致 - 预期[识别当前摄像头画面中的物体或场景]，实际[这个一般哪里有]
2026-02-26 23:09:57,206 - INFO - CaseID:44 - QUERY字段：基础语义模糊匹配通过
2026-02-26 23:09:57,207 - INFO - CaseID:44 - 整体结果: FAILED | 详情: APINAME不匹配：预期[visual_search]，实际[QASearch]; CATEGORY不匹配：一方为空 - 预期[]，实际[生物]; TAG不匹配：一方为空 - 预期[]，实际[树&主要价值&方面]
2026-02-26 23:09:59,541 - INFO - CaseID:45 - QUERY字段：基础语义模糊匹配通过
2026-02-26 23:09:59,541 - INFO - CaseID:45 - 整体结果: PASS | 详情: 所有字段校验通过
2026-02-26 23:10:04,473 - INFO - CaseID:46 - QUERY字段：语义匹配失败，但visual_search链路意图匹配通过
2026-02-26 23:10:04,474 - INFO - CaseID:46 - 整体结果: PASS | 详情: 所有字段校验通过
2026-02-26 23:10:06,229 - INFO - CaseID:47 - QUERY字段：基础语义模糊匹配通过
2026-02-26 23:10:06,229 - INFO - CaseID:47 - 整体结果: FAILED | 详情: APINAME不匹配：预期[visual_search]，实际[calendar]
2026-02-26 23:10:08,156 - INFO - CaseID:48 - 整体结果: FAILED | 详情: APINAME不匹配：预期[visual_search]，实际[QASearch]; CATEGORY不匹配：一方为空 - 预期[]，实际[生物]; QUERY不匹配：基础语义模糊匹配失败 - 预期[这棵树看上去有多少岁]，实际[通过树的外观估算年龄的方法]; TAG不匹配：一方为空 - 预期[]，实际[通过树&外观&估算年龄&方法]
2026-02-26 23:10:09,901 - INFO - CaseID:49 - 整体结果: FAILED | 详情: APINAME不匹配：预期[visual_search]，实际[QASearch]; CATEGORY不匹配：一方为空 - 预期[]，实际[生物]; QUERY不匹配：基础语义模糊匹配失败 - 预期[柳树是在什么季节拍的呢]，实际[柳树在不同季节的特征]; TAG不匹配：一方为空 - 预期[]，实际[柳树&不同季节&特征]
2026-02-26 23:10:11,875 - INFO - CaseID:50 - QUERY字段：基础语义模糊匹配通过
2026-02-26 23:10:11,875 - INFO - CaseID:50 - 整体结果: PASS | 详情: 所有字段校验通过
2026-02-26 23:10:15,927 - INFO - CaseID:51 - QUERY字段：语义匹配失败，但visual_search链路意图匹配通过
2026-02-26 23:10:15,927 - INFO - CaseID:51 - 整体结果: PASS | 详情: 所有字段校验通过
2026-02-26 23:10:18,137 - INFO - CaseID:52 - QUERY字段：基础语义模糊匹配通过
2026-02-26 23:10:18,137 - INFO - CaseID:52 - 整体结果: PASS | 详情: 所有字段校验通过
2026-02-26 23:10:20,170 - INFO - CaseID:53 - 整体结果: FAILED | 详情: APINAME不匹配：预期[visual_search]，实际[QASearch]; CATEGORY不匹配：一方为空 - 预期[]，实际[城市]; QUERY不匹配：基础语义模糊匹配失败 - 预期[这是辽宁哪里的车]，实际[辽宁车牌代码]; TAG不匹配：一方为空 - 预期[]，实际[辽宁&车牌代码]
2026-02-26 23:10:25,172 - INFO - CaseID:54 - QUERY字段：语义匹配失败，但visual_search链路意图匹配通过
2026-02-26 23:10:25,173 - INFO - CaseID:54 - 整体结果: PASS | 详情: 所有字段校验通过
2026-02-26 23:10:27,134 - INFO - CaseID:55 - QUERY字段：基础语义模糊匹配通过
2026-02-26 23:10:27,134 - INFO - CaseID:55 - 整体结果: PASS | 详情: 所有字段校验通过
2026-02-26 23:10:29,067 - INFO - CaseID:56 - QUERY字段：基础语义模糊匹配通过
2026-02-26 23:10:29,068 - INFO - CaseID:56 - 整体结果: PASS | 详情: 所有字段校验通过
2026-02-26 23:10:30,976 - INFO - CaseID:57 - 整体结果: FAILED | 详情: APINAME不匹配：预期[visual_search]，实际[QASearch]; CATEGORY不匹配：一方为空 - 预期[]，实际[国家]; QUERY不匹配：基础语义模糊匹配失败 - 预期[这个车牌照代表什么]，实际[中国车牌号码的编码规则]; TAG不匹配：一方为空 - 预期[]，实际[中国&车牌号码&编码规则]
2026-02-26 23:10:34,781 - INFO - CaseID:58 - QUERY字段：语义匹配失败，但visual_search链路意图匹配通过
2026-02-26 23:10:34,781 - INFO - CaseID:58 - 整体结果: PASS | 详情: 所有字段校验通过
2026-02-26 23:10:36,830 - INFO - CaseID:59 - QUERY字段：基础语义模糊匹配通过
2026-02-26 23:10:36,830 - INFO - CaseID:59 - 整体结果: PASS | 详情: 所有字段校验通过
2026-02-26 23:10:38,619 - INFO - CaseID:60 - QUERY字段：基础语义模糊匹配通过
2026-02-26 23:10:38,619 - INFO - CaseID:60 - 整体结果: PASS | 详情: 所有字段校验通过
2026-02-26 23:10:40,617 - INFO - CaseID:61 - QUERY字段：基础语义模糊匹配通过
2026-02-26 23:10:40,617 - INFO - CaseID:61 - 整体结果: PASS | 详情: 所有字段校验通过
2026-02-26 23:10:42,547 - INFO - CaseID:62 - QUERY字段：基础语义模糊匹配通过
2026-02-26 23:10:42,547 - INFO - CaseID:62 - 整体结果: PASS | 详情: 所有字段校验通过
2026-02-26 23:10:46,490 - INFO - CaseID:63 - QUERY字段：语义匹配失败，但visual_search链路意图匹配通过
2026-02-26 23:10:46,490 - INFO - CaseID:63 - 整体结果: PASS | 详情: 所有字段校验通过
2026-02-26 23:10:48,209 - INFO - CaseID:64 - QUERY字段：基础语义模糊匹配通过
2026-02-26 23:10:48,209 - INFO - CaseID:64 - 整体结果: PASS | 详情: 所有字段校验通过
2026-02-26 23:10:50,248 - INFO - CaseID:65 - QUERY字段：基础语义模糊匹配通过
2026-02-26 23:10:50,248 - INFO - CaseID:65 - 整体结果: PASS | 详情: 所有字段校验通过
2026-02-26 23:10:52,071 - INFO - CaseID:66 - QUERY字段：基础语义模糊匹配通过
2026-02-26 23:10:52,072 - INFO - CaseID:66 - 整体结果: PASS | 详情: 所有字段校验通过
2026-02-26 23:10:54,034 - INFO - CaseID:67 - QUERY字段：基础语义模糊匹配通过
2026-02-26 23:10:54,034 - INFO - CaseID:67 - 整体结果: PASS | 详情: 所有字段校验通过
2026-02-26 23:10:56,011 - INFO - CaseID:68 - QUERY字段：基础语义模糊匹配通过
2026-02-26 23:10:56,011 - INFO - CaseID:68 - 整体结果: PASS | 详情: 所有字段校验通过
2026-02-26 23:10:58,027 - INFO - CaseID:69 - QUERY字段：基础语义模糊匹配通过
2026-02-26 23:10:58,028 - INFO - CaseID:69 - 整体结果: PASS | 详情: 所有字段校验通过
2026-02-26 23:11:00,019 - INFO - CaseID:70 - QUERY字段：基础语义模糊匹配通过
2026-02-26 23:11:00,020 - INFO - CaseID:70 - 整体结果: PASS | 详情: 所有字段校验通过
2026-02-26 23:11:03,814 - INFO - CaseID:71 - QUERY字段：语义匹配失败，但visual_search链路意图匹配通过
2026-02-26 23:11:03,814 - INFO - CaseID:71 - 整体结果: PASS | 详情: 所有字段校验通过
2026-02-26 23:11:05,615 - INFO - CaseID:72 - QUERY字段：基础语义模糊匹配通过
2026-02-26 23:11:05,615 - INFO - CaseID:72 - 整体结果: PASS | 详情: 所有字段校验通过
2026-02-26 23:11:07,616 - INFO - CaseID:73 - QUERY字段：基础语义模糊匹配通过
2026-02-26 23:11:07,616 - INFO - CaseID:73 - 整体结果: PASS | 详情: 所有字段校验通过
2026-02-26 23:11:09,562 - INFO - CaseID:74 - QUERY字段：基础语义模糊匹配通过
2026-02-26 23:11:09,562 - INFO - CaseID:74 - 整体结果: PASS | 详情: 所有字段校验通过
2026-02-26 23:11:11,509 - INFO - CaseID:75 - QUERY字段：基础语义模糊匹配通过
2026-02-26 23:11:11,510 - INFO - CaseID:75 - 整体结果: PASS | 详情: 所有字段校验通过
2026-02-26 23:11:13,564 - INFO - CaseID:76 - QUERY字段：基础语义模糊匹配通过
2026-02-26 23:11:13,564 - INFO - CaseID:76 - 整体结果: PASS | 详情: 所有字段校验通过
2026-02-26 23:11:15,339 - INFO - CaseID:77 - QUERY字段：基础语义模糊匹配通过
2026-02-26 23:11:15,340 - INFO - CaseID:77 - 整体结果: PASS | 详情: 所有字段校验通过
2026-02-26 23:11:17,315 - INFO - CaseID:78 - QUERY字段：基础语义模糊匹配通过
2026-02-26 23:11:17,316 - INFO - CaseID:78 - 整体结果: PASS | 详情: 所有字段校验通过
2026-02-26 23:11:19,020 - INFO - CaseID:79 - QUERY字段：基础语义模糊匹配通过
2026-02-26 23:11:19,020 - INFO - CaseID:79 - 整体结果: PASS | 详情: 所有字段校验通过
2026-02-26 23:11:22,985 - INFO - CaseID:80 - QUERY字段：语义匹配失败，但visual_search链路意图匹配通过
2026-02-26 23:11:22,986 - INFO - CaseID:80 - 整体结果: PASS | 详情: 所有字段校验通过
2026-02-26 23:11:25,063 - INFO - CaseID:81 - QUERY字段：基础语义模糊匹配通过
2026-02-26 23:11:25,064 - INFO - CaseID:81 - 整体结果: PASS | 详情: 所有字段校验通过
2026-02-26 23:11:26,928 - INFO - CaseID:82 - QUERY字段：基础语义模糊匹配通过
2026-02-26 23:11:26,929 - INFO - CaseID:82 - 整体结果: PASS | 详情: 所有字段校验通过
2026-02-26 23:11:28,601 - INFO - CaseID:83 - QUERY字段：基础语义模糊匹配通过
2026-02-26 23:11:28,602 - INFO - CaseID:83 - 整体结果: PASS | 详情: 所有字段校验通过
2026-02-26 23:11:30,577 - INFO - CaseID:84 - 整体结果: FAILED | 详情: APINAME不匹配：预期[visual_search]，实际[AUTOSearch]; CATEGORY不匹配：一方为空 - 预期[]，实际[汽车]; QUERY不匹配：基础语义模糊匹配失败 - 预期[这车是从哪个地方来的]，实际[理想汽车的生产制造地点]; TAG不匹配：一方为空 - 预期[]，实际[理想汽车&生产制造地点]
2026-02-26 23:11:32,359 - INFO - CaseID:85 - QUERY字段：基础语义模糊匹配通过
2026-02-26 23:11:32,360 - INFO - CaseID:85 - 整体结果: PASS | 详情: 所有字段校验通过
2026-02-26 23:11:34,842 - INFO - CaseID:86 - QUERY字段：基础语义模糊匹配通过
2026-02-26 23:11:34,843 - INFO - CaseID:86 - 整体结果: PASS | 详情: 所有字段校验通过
2026-02-26 23:11:39,488 - INFO - CaseID:87 - QUERY字段：语义匹配失败，但visual_search链路意图匹配通过
2026-02-26 23:11:39,489 - INFO - CaseID:87 - 整体结果: PASS | 详情: 所有字段校验通过
2026-02-26 23:11:41,366 - INFO - CaseID:88 - QUERY字段：基础语义模糊匹配通过
2026-02-26 23:11:41,366 - INFO - CaseID:88 - 整体结果: PASS | 详情: 所有字段校验通过
2026-02-26 23:11:41,366 - INFO - CaseID:89 - 整体结果: FAILED | 详情: 模型输出核心字段全为空，判定不通过
2026-02-26 23:11:43,026 - INFO - CaseID:90 - QUERY字段：基础语义模糊匹配通过
2026-02-26 23:11:43,026 - INFO - CaseID:90 - 整体结果: PASS | 详情: 所有字段校验通过
2026-02-26 23:11:45,028 - INFO - CaseID:91 - QUERY字段：基础语义模糊匹配通过
2026-02-26 23:11:45,029 - INFO - CaseID:91 - 整体结果: PASS | 详情: 所有字段校验通过
2026-02-26 23:11:46,843 - INFO - CaseID:92 - QUERY字段：基础语义模糊匹配通过
2026-02-26 23:11:46,844 - INFO - CaseID:92 - 整体结果: PASS | 详情: 所有字段校验通过
2026-02-26 23:11:48,922 - INFO - CaseID:93 - QUERY字段：基础语义模糊匹配通过
2026-02-26 23:11:48,922 - INFO - CaseID:93 - 整体结果: PASS | 详情: 所有字段校验通过
2026-02-26 23:11:50,808 - INFO - CaseID:94 - QUERY字段：基础语义模糊匹配通过
2026-02-26 23:11:50,808 - INFO - CaseID:94 - 整体结果: PASS | 详情: 所有字段校验通过
2026-02-26 23:11:52,804 - INFO - CaseID:95 - QUERY字段：基础语义模糊匹配通过
2026-02-26 23:11:52,804 - INFO - CaseID:95 - 整体结果: PASS | 详情: 所有字段校验通过
2026-02-26 23:11:54,699 - INFO - CaseID:96 - QUERY字段：基础语义模糊匹配通过
2026-02-26 23:11:54,699 - INFO - CaseID:96 - 整体结果: PASS | 详情: 所有字段校验通过
2026-02-26 23:11:56,400 - INFO - CaseID:97 - QUERY字段：基础语义模糊匹配通过
2026-02-26 23:11:56,400 - INFO - CaseID:97 - 整体结果: PASS | 详情: 所有字段校验通过
2026-02-26 23:11:58,400 - INFO - CaseID:98 - QUERY字段：基础语义模糊匹配通过
2026-02-26 23:11:58,400 - INFO - CaseID:98 - 整体结果: PASS | 详情: 所有字段校验通过
2026-02-26 23:12:00,185 - INFO - CaseID:99 - QUERY字段：基础语义模糊匹配通过
2026-02-26 23:12:00,185 - INFO - CaseID:99 - 整体结果: PASS | 详情: 所有字段校验通过
2026-02-26 23:12:00,185 - INFO - 已处理100行，休眠5秒降低压力...
2026-02-26 23:12:06,194 - INFO - CaseID:100 - QUERY字段：基础语义模糊匹配通过
2026-02-26 23:12:06,195 - INFO - CaseID:100 - 整体结果: PASS | 详情: 所有字段校验通过
2026-02-26 23:12:08,262 - INFO - CaseID:101 - QUERY字段：基础语义模糊匹配通过
2026-02-26 23:12:08,262 - INFO - CaseID:101 - 整体结果: PASS | 详情: 所有字段校验通过
2026-02-26 23:12:10,151 - INFO - CaseID:102 - 整体结果: FAILED | 详情: APINAME不匹配：预期[visual_search]，实际[QASearch]; CATEGORY不匹配：一方为空 - 预期[]，实际[国家]; QUERY不匹配：基础语义模糊匹配失败 - 预期[识别车牌上的文字信息]，实际[中国车牌号地区代码对照表]; TAG不匹配：一方为空 - 预期[]，实际[中国&车牌号&地区代码对照表]
2026-02-26 23:12:12,138 - INFO - CaseID:103 - QUERY字段：基础语义模糊匹配通过
2026-02-26 23:12:12,138 - INFO - CaseID:103 - 整体结果: PASS | 详情: 所有字段校验通过
2026-02-26 23:12:13,933 - INFO - CaseID:104 - QUERY字段：基础语义模糊匹配通过
2026-02-26 23:12:13,934 - INFO - CaseID:104 - 整体结果: PASS | 详情: 所有字段校验通过
2026-02-26 23:12:16,061 - INFO - CaseID:105 - QUERY字段：基础语义模糊匹配通过
2026-02-26 23:12:16,061 - INFO - CaseID:105 - 整体结果: PASS | 详情: 所有字段校验通过
2026-02-26 23:12:18,173 - INFO - CaseID:106 - QUERY字段：基础语义模糊匹配通过
2026-02-26 23:12:18,173 - INFO - CaseID:106 - 整体结果: PASS | 详情: 所有字段校验通过
2026-02-26 23:12:20,358 - INFO - CaseID:107 - QUERY字段：基础语义模糊匹配通过
2026-02-26 23:12:20,359 - INFO - CaseID:107 - 整体结果: PASS | 详情: 所有字段校验通过
2026-02-26 23:12:22,677 - INFO - CaseID:108 - QUERY字段：基础语义模糊匹配通过
2026-02-26 23:12:22,677 - INFO - CaseID:108 - 整体结果: PASS | 详情: 所有字段校验通过
2026-02-26 23:12:24,631 - INFO - CaseID:109 - QUERY字段：基础语义模糊匹配通过
2026-02-26 23:12:24,631 - INFO - CaseID:109 - 整体结果: PASS | 详情: 所有字段校验通过
2026-02-26 23:12:26,634 - INFO - CaseID:110 - QUERY字段：基础语义模糊匹配通过
2026-02-26 23:12:26,634 - INFO - CaseID:110 - 整体结果: PASS | 详情: 所有字段校验通过
2026-02-26 23:12:28,399 - INFO - CaseID:111 - QUERY字段：基础语义模糊匹配通过
2026-02-26 23:12:28,399 - INFO - CaseID:111 - 整体结果: PASS | 详情: 所有字段校验通过
2026-02-26 23:12:30,406 - INFO - CaseID:112 - QUERY字段：基础语义模糊匹配通过
2026-02-26 23:12:30,407 - INFO - CaseID:112 - 整体结果: PASS | 详情: 所有字段校验通过
2026-02-26 23:12:32,228 - INFO - CaseID:113 - QUERY字段：基础语义模糊匹配通过
2026-02-26 23:12:32,228 - INFO - CaseID:113 - 整体结果: PASS | 详情: 所有字段校验通过
2026-02-26 23:12:34,139 - INFO - CaseID:114 - QUERY字段：基础语义模糊匹配通过
2026-02-26 23:12:34,139 - INFO - CaseID:114 - 整体结果: PASS | 详情: 所有字段校验通过
2026-02-26 23:12:36,071 - INFO - CaseID:115 - QUERY字段：基础语义模糊匹配通过
2026-02-26 23:12:36,071 - INFO - CaseID:115 - 整体结果: PASS | 详情: 所有字段校验通过
2026-02-26 23:12:36,072 - INFO - CaseID:116 - 整体结果: FAILED | 详情: 模型输出核心字段全为空，判定不通过
2026-02-26 23:12:38,082 - INFO - CaseID:117 - QUERY字段：基础语义模糊匹配通过
2026-02-26 23:12:38,082 - INFO - CaseID:117 - 整体结果: PASS | 详情: 所有字段校验通过
2026-02-26 23:12:40,026 - INFO - CaseID:118 - QUERY字段：基础语义模糊匹配通过
2026-02-26 23:12:40,027 - INFO - CaseID:118 - 整体结果: PASS | 详情: 所有字段校验通过
2026-02-26 23:12:42,066 - INFO - CaseID:119 - QUERY字段：基础语义模糊匹配通过
2026-02-26 23:12:42,066 - INFO - CaseID:119 - 整体结果: PASS | 详情: 所有字段校验通过
2026-02-26 23:12:44,213 - INFO - CaseID:120 - QUERY字段：基础语义模糊匹配通过
2026-02-26 23:12:44,214 - INFO - CaseID:120 - 整体结果: PASS | 详情: 所有字段校验通过
2026-02-26 23:12:47,915 - INFO - CaseID:121 - QUERY字段：语义匹配失败，但visual_search链路意图匹配通过
2026-02-26 23:12:47,915 - INFO - CaseID:121 - 整体结果: PASS | 详情: 所有字段校验通过
2026-02-26 23:12:49,824 - INFO - CaseID:122 - QUERY字段：基础语义模糊匹配通过
2026-02-26 23:12:49,825 - INFO - CaseID:122 - 整体结果: PASS | 详情: 所有字段校验通过
2026-02-26 23:12:51,886 - INFO - CaseID:123 - QUERY字段：基础语义模糊匹配通过
2026-02-26 23:12:51,886 - INFO - CaseID:123 - 整体结果: PASS | 详情: 所有字段校验通过
2026-02-26 23:12:54,499 - INFO - CaseID:124 - QUERY字段：基础语义模糊匹配通过
2026-02-26 23:12:54,500 - INFO - CaseID:124 - 整体结果: PASS | 详情: 所有字段校验通过
2026-02-26 23:12:56,606 - INFO - CaseID:125 - QUERY字段：基础语义模糊匹配通过
2026-02-26 23:12:56,607 - INFO - CaseID:125 - 整体结果: PASS | 详情: 所有字段校验通过
2026-02-26 23:12:59,143 - INFO - CaseID:126 - QUERY字段：基础语义模糊匹配通过
2026-02-26 23:12:59,143 - INFO - CaseID:126 - 整体结果: PASS | 详情: 所有字段校验通过
2026-02-26 23:12:59,144 - INFO - CaseID:127 - 整体结果: FAILED | 详情: 模型输出核心字段全为空，判定不通过
2026-02-26 23:13:01,126 - INFO - CaseID:128 - 整体结果: FAILED | 详情: APINAME不匹配：预期[visual_search]，实际[QASearch]; CATEGORY不匹配：一方为空 - 预期[]，实际[生物]; QUERY不匹配：基础语义模糊匹配失败 - 预期[这是土耳其安哥拉猫吗]，实际[土耳其安哥拉猫的特征]; TAG不匹配：一方为空 - 预期[]，实际[土耳其安哥拉猫&特征]
2026-02-26 23:13:03,372 - INFO - CaseID:129 - QUERY字段：基础语义模糊匹配通过
2026-02-26 23:13:03,372 - INFO - CaseID:129 - 整体结果: PASS | 详情: 所有字段校验通过
2026-02-26 23:13:05,294 - INFO - CaseID:130 - QUERY字段：基础语义模糊匹配通过
2026-02-26 23:13:05,295 - INFO - CaseID:130 - 整体结果: PASS | 详情: 所有字段校验通过
2026-02-26 23:13:07,307 - INFO - CaseID:131 - 整体结果: FAILED | 详情: APINAME不匹配：预期[visual_search]，实际[QASearch]; CATEGORY不匹配：一方为空 - 预期[]，实际[国家]; QUERY不匹配：基础语义模糊匹配失败 - 预期[识别当前摄像头画面中的物体或生物]，实际[中国本土的犬种]; TAG不匹配：一方为空 - 预期[]，实际[中国&本土&犬种]
2026-02-26 23:13:09,676 - INFO - CaseID:132 - QUERY字段：基础语义模糊匹配通过
2026-02-26 23:13:09,677 - INFO - CaseID:132 - 整体结果: PASS | 详情: 所有字段校验通过
2026-02-26 23:13:11,345 - INFO - CaseID:133 - QUERY字段：基础语义模糊匹配通过
2026-02-26 23:13:11,345 - INFO - CaseID:133 - 整体结果: PASS | 详情: 所有字段校验通过
2026-02-26 23:13:13,433 - INFO - CaseID:134 - QUERY字段：基础语义模糊匹配通过
2026-02-26 23:13:13,434 - INFO - CaseID:134 - 整体结果: PASS | 详情: 所有字段校验通过
2026-02-26 23:13:15,531 - INFO - CaseID:135 - 整体结果: FAILED | 详情: APINAME不匹配：预期[visual_search]，实际[QASearch]; CATEGORY不匹配：一方为空 - 预期[]，实际[生物]; QUERY不匹配：基础语义模糊匹配失败 - 预期[这个猫粘人吗]，实际[猫的粘人行为常见表现]; TAG不匹配：一方为空 - 预期[]，实际[猫&粘人行为&常见表现]
2026-02-26 23:13:17,583 - INFO - CaseID:136 - QUERY字段：基础语义模糊匹配通过
2026-02-26 23:13:17,584 - INFO - CaseID:136 - 整体结果: FAILED | 详情: APINAME不匹配：预期[visual_search]，实际[QASearch]; CATEGORY不匹配：一方为空 - 预期[]，实际[生物]; TAG不匹配：一方为空 - 预期[]，实际[猫&罕见品种]
2026-02-26 23:13:22,207 - INFO - CaseID:137 - QUERY字段：语义匹配失败，但visual_search链路意图匹配通过
2026-02-26 23:13:22,207 - INFO - CaseID:137 - 整体结果: PASS | 详情: 所有字段校验通过
2026-02-26 23:13:24,156 - INFO - CaseID:138 - 整体结果: FAILED | 详情: APINAME不匹配：预期[visual_search]，实际[QASearch]; CATEGORY不匹配：一方为空 - 预期[]，实际[生物]; QUERY不匹配：基础语义模糊匹配失败 - 预期[这只猫咪是什么品种]，实际[如何通过猫咪的外貌特征判断其品种]; TAG不匹配：一方为空 - 预期[]，实际[通过猫咪&外貌特征&判断&品种]
2026-02-26 23:13:24,157 - INFO - CaseID:139 - 整体结果: FAILED | 详情: 模型输出核心字段全为空，判定不通过
2026-02-26 23:13:26,304 - INFO - CaseID:140 - 整体结果: FAILED | 详情: APINAME不匹配：预期[visual_search]，实际[QASearch]; CATEGORY不匹配：一方为空 - 预期[]，实际[生物]; QUERY不匹配：基础语义模糊匹配失败 - 预期[这只猫的行为或特征是什么？]，实际[猫的智力表现]; TAG不匹配：一方为空 - 预期[]，实际[猫&智力表现]
2026-02-26 23:13:30,091 - INFO - CaseID:141 - QUERY字段：语义匹配失败，但visual_search链路意图匹配通过
2026-02-26 23:13:30,092 - INFO - CaseID:141 - 整体结果: PASS | 详情: 所有字段校验通过
2026-02-26 23:13:34,467 - INFO - CaseID:142 - QUERY字段：语义匹配失败，但visual_search链路意图匹配通过
2026-02-26 23:13:34,468 - INFO - CaseID:142 - 整体结果: PASS | 详情: 所有字段校验通过
2026-02-26 23:13:38,491 - INFO - CaseID:143 - QUERY字段：语义匹配失败，但visual_search链路意图匹配通过
2026-02-26 23:13:38,492 - INFO - CaseID:143 - 整体结果: PASS | 详情: 所有字段校验通过
2026-02-26 23:13:40,231 - INFO - CaseID:144 - 整体结果: FAILED | 详情: APINAME不匹配：预期[visual_search]，实际[QASearch]; CATEGORY不匹配：一方为空 - 预期[]，实际[生物]; QUERY不匹配：基础语义模糊匹配失败 - 预期[它的毛为啥那么长]，实际[动物毛发长度的生物学原因]; TAG不匹配：一方为空 - 预期[]，实际[动物&毛发长度&生物学原因]
2026-02-26 23:13:42,757 - INFO - CaseID:145 - QUERY字段：基础语义模糊匹配通过
2026-02-26 23:13:42,757 - INFO - CaseID:145 - 整体结果: PASS | 详情: 所有字段校验通过
2026-02-26 23:13:44,464 - INFO - CaseID:146 - QUERY字段：基础语义模糊匹配通过
2026-02-26 23:13:44,466 - INFO - CaseID:146 - 整体结果: PASS | 详情: 所有字段校验通过
2026-02-26 23:13:49,208 - INFO - CaseID:147 - QUERY字段：语义匹配失败，但visual_search链路意图匹配通过
2026-02-26 23:13:49,208 - INFO - CaseID:147 - 整体结果: PASS | 详情: 所有字段校验通过
2026-02-26 23:13:51,140 - INFO - CaseID:148 - 整体结果: FAILED | 详情: APINAME不匹配：预期[visual_search]，实际[QASearch]; CATEGORY不匹配：一方为空 - 预期[]，实际[生物]; QUERY不匹配：基础语义模糊匹配失败 - 预期[这条纹是美短猫吗]，实际[美短猫的毛色和纹路特征]; TAG不匹配：一方为空 - 预期[]，实际[美短猫&毛色&纹路]
2026-02-26 23:13:51,141 - INFO - CaseID:149 - 整体结果: FAILED | 详情: 模型输出核心字段全为空，判定不通过
2026-02-26 23:13:53,238 - INFO - CaseID:150 - QUERY字段：基础语义模糊匹配通过
2026-02-26 23:13:53,239 - INFO - CaseID:150 - 整体结果: PASS | 详情: 所有字段校验通过
2026-02-26 23:13:54,849 - INFO - CaseID:151 - QUERY字段：基础语义模糊匹配通过
2026-02-26 23:13:54,849 - INFO - CaseID:151 - 整体结果: PASS | 详情: 所有字段校验通过
2026-02-26 23:13:56,803 - INFO - CaseID:152 - 整体结果: FAILED | 详情: APINAME不匹配：预期[visual_search]，实际[AUTOSearch]; CATEGORY不匹配：一方为空 - 预期[]，实际[汽车]; QUERY不匹配：基础语义模糊匹配失败 - 预期[它是很容易掉毛吗]，实际[用户提到的它具体指什么]; TAG不匹配：一方为空 - 预期[]，实际[用户提到的它&具体指什么]
2026-02-26 23:13:58,842 - INFO - CaseID:153 - QUERY字段：基础语义模糊匹配通过
2026-02-26 23:13:58,844 - INFO - CaseID:153 - 整体结果: PASS | 详情: 所有字段校验通过
2026-02-26 23:13:58,844 - INFO - CaseID:154 - 整体结果: FAILED | 详情: 模型输出核心字段全为空，判定不通过
2026-02-26 23:14:00,853 - INFO - CaseID:155 - QUERY字段：基础语义模糊匹配通过
2026-02-26 23:14:00,853 - INFO - CaseID:155 - 整体结果: PASS | 详情: 所有字段校验通过
2026-02-26 23:14:03,120 - INFO - CaseID:156 - QUERY字段：基础语义模糊匹配通过
2026-02-26 23:14:03,121 - INFO - CaseID:156 - 整体结果: PASS | 详情: 所有字段校验通过
2026-02-26 23:14:06,840 - INFO - CaseID:157 - QUERY字段：语义匹配失败，但visual_search链路意图匹配通过
2026-02-26 23:14:06,841 - INFO - CaseID:157 - 整体结果: PASS | 详情: 所有字段校验通过
2026-02-26 23:14:08,510 - INFO - CaseID:158 - QUERY字段：基础语义模糊匹配通过
2026-02-26 23:14:08,511 - INFO - CaseID:158 - 整体结果: PASS | 详情: 所有字段校验通过
2026-02-26 23:14:12,793 - INFO - CaseID:159 - QUERY字段：语义匹配失败，但visual_search链路意图匹配通过
2026-02-26 23:14:12,793 - INFO - CaseID:159 - 整体结果: PASS | 详情: 所有字段校验通过
2026-02-26 23:14:14,807 - INFO - CaseID:160 - QUERY字段：基础语义模糊匹配通过
2026-02-26 23:14:14,808 - INFO - CaseID:160 - 整体结果: PASS | 详情: 所有字段校验通过
2026-02-26 23:14:16,789 - INFO - CaseID:161 - QUERY字段：基础语义模糊匹配通过
2026-02-26 23:14:16,790 - INFO - CaseID:161 - 整体结果: PASS | 详情: 所有字段校验通过
2026-02-26 23:14:18,708 - INFO - CaseID:162 - QUERY字段：基础语义模糊匹配通过
2026-02-26 23:14:18,709 - INFO - CaseID:162 - 整体结果: PASS | 详情: 所有字段校验通过
2026-02-26 23:14:18,709 - INFO - CaseID:163 - 整体结果: FAILED | 详情: 模型输出核心字段全为空，判定不通过
2026-02-26 23:14:20,680 - INFO - CaseID:164 - QUERY字段：基础语义模糊匹配通过
2026-02-26 23:14:20,680 - INFO - CaseID:164 - 整体结果: PASS | 详情: 所有字段校验通过
2026-02-26 23:14:20,681 - INFO - CaseID:165 - 整体结果: FAILED | 详情: 模型输出核心字段全为空，判定不通过
2026-02-26 23:14:22,357 - INFO - CaseID:166 - QUERY字段：基础语义模糊匹配通过
2026-02-26 23:14:22,358 - INFO - CaseID:166 - 整体结果: PASS | 详情: 所有字段校验通过
2026-02-26 23:14:22,358 - INFO - CaseID:167 - 整体结果: FAILED | 详情: 模型输出核心字段全为空，判定不通过
2026-02-26 23:14:22,359 - INFO - CaseID:168 - 整体结果: FAILED | 详情: 模型输出核心字段全为空，判定不通过
2026-02-26 23:14:26,978 - INFO - CaseID:169 - QUERY字段：语义匹配失败，但visual_search链路意图匹配通过
2026-02-26 23:14:26,979 - INFO - CaseID:169 - 整体结果: PASS | 详情: 所有字段校验通过
2026-02-26 23:14:28,917 - INFO - CaseID:170 - QUERY字段：基础语义模糊匹配通过
2026-02-26 23:14:28,917 - INFO - CaseID:170 - 整体结果: PASS | 详情: 所有字段校验通过
2026-02-26 23:14:33,008 - INFO - CaseID:171 - QUERY字段：语义匹配失败，但visual_search链路意图匹配通过
2026-02-26 23:14:33,008 - INFO - CaseID:171 - 整体结果: PASS | 详情: 所有字段校验通过
2026-02-26 23:14:35,325 - INFO - CaseID:172 - QUERY字段：基础语义模糊匹配通过
2026-02-26 23:14:35,326 - INFO - CaseID:172 - 整体结果: PASS | 详情: 所有字段校验通过
2026-02-26 23:14:39,644 - INFO - CaseID:173 - QUERY字段：语义匹配失败，但visual_search链路意图匹配通过
2026-02-26 23:14:39,644 - INFO - CaseID:173 - 整体结果: PASS | 详情: 所有字段校验通过
2026-02-26 23:14:39,644 - INFO - CaseID:174 - 整体结果: FAILED | 详情: 模型输出核心字段全为空，判定不通过
2026-02-26 23:14:41,361 - INFO - CaseID:175 - QUERY字段：基础语义模糊匹配通过
2026-02-26 23:14:41,362 - INFO - CaseID:175 - 整体结果: PASS | 详情: 所有字段校验通过
2026-02-26 23:14:43,311 - INFO - CaseID:176 - 整体结果: FAILED | 详情: APINAME不匹配：预期[visual_search]，实际[QASearch]; CATEGORY不匹配：一方为空 - 预期[]，实际[生物]; QUERY不匹配：基础语义模糊匹配失败 - 预期[识别当前摄像头画面中的植物或生物]，实际[这个具体指代的植物动物或物品]; TAG不匹配：一方为空 - 预期[]，实际[这个&具体指代&植物&动物&物品]
2026-02-26 23:14:45,358 - INFO - CaseID:177 - QUERY字段：基础语义模糊匹配通过
2026-02-26 23:14:45,358 - INFO - CaseID:177 - 整体结果: PASS | 详情: 所有字段校验通过
2026-02-26 23:14:47,519 - INFO - CaseID:178 - QUERY字段：基础语义模糊匹配通过
2026-02-26 23:14:47,519 - INFO - CaseID:178 - 整体结果: PASS | 详情: 所有字段校验通过
2026-02-26 23:14:49,351 - INFO - CaseID:179 - 整体结果: FAILED | 详情: APINAME不匹配：预期[visual_search]，实际[QASearch]; CATEGORY不匹配：一方为空 - 预期[]，实际[生物]; QUERY不匹配：基础语义模糊匹配失败 - 预期[这个叶子发黄怎么办]，实际[叶子发黄的常见原因]; TAG不匹配：一方为空 - 预期[]，实际[叶子发黄&常见原因]
2026-02-26 23:14:49,352 - INFO - CaseID:180 - 整体结果: FAILED | 详情: 模型输出核心字段全为空，判定不通过
2026-02-26 23:14:51,323 - INFO - CaseID:181 - QUERY字段：基础语义模糊匹配通过
2026-02-26 23:14:51,323 - INFO - CaseID:181 - 整体结果: PASS | 详情: 所有字段校验通过
2026-02-26 23:14:53,358 - INFO - CaseID:182 - QUERY字段：基础语义模糊匹配通过
2026-02-26 23:14:53,358 - INFO - CaseID:182 - 整体结果: PASS | 详情: 所有字段校验通过
2026-02-26 23:14:55,195 - INFO - CaseID:183 - QUERY字段：基础语义模糊匹配通过
2026-02-26 23:14:55,195 - INFO - CaseID:183 - 整体结果: PASS | 详情: 所有字段校验通过
2026-02-26 23:14:55,196 - INFO - CaseID:184 - 整体结果: FAILED | 详情: 模型输出核心字段全为空，判定不通过
2026-02-26 23:14:57,646 - INFO - CaseID:185 - QUERY字段：基础语义模糊匹配通过
2026-02-26 23:14:57,647 - INFO - CaseID:185 - 整体结果: PASS | 详情: 所有字段校验通过
2026-02-26 23:14:57,647 - INFO - CaseID:186 - 整体结果: FAILED | 详情: 模型输出核心字段全为空，判定不通过
2026-02-26 23:14:59,508 - INFO - CaseID:187 - QUERY字段：基础语义模糊匹配通过
2026-02-26 23:14:59,508 - INFO - CaseID:187 - 整体结果: PASS | 详情: 所有字段校验通过
2026-02-26 23:14:59,509 - INFO - CaseID:188 - 整体结果: FAILED | 详情: 模型输出核心字段全为空，判定不通过
2026-02-26 23:15:01,447 - INFO - CaseID:189 - QUERY字段：基础语义模糊匹配通过
2026-02-26 23:15:01,448 - INFO - CaseID:189 - 整体结果: PASS | 详情: 所有字段校验通过
2026-02-26 23:15:03,424 - INFO - CaseID:190 - QUERY字段：基础语义模糊匹配通过
2026-02-26 23:15:03,424 - INFO - CaseID:190 - 整体结果: PASS | 详情: 所有字段校验通过
2026-02-26 23:15:05,136 - INFO - CaseID:191 - QUERY字段：基础语义模糊匹配通过
2026-02-26 23:15:05,136 - INFO - CaseID:191 - 整体结果: PASS | 详情: 所有字段校验通过
2026-02-26 23:15:07,140 - INFO - CaseID:192 - QUERY字段：基础语义模糊匹配通过
2026-02-26 23:15:07,140 - INFO - CaseID:192 - 整体结果: PASS | 详情: 所有字段校验通过
2026-02-26 23:15:09,395 - INFO - CaseID:193 - QUERY字段：基础语义模糊匹配通过
2026-02-26 23:15:09,396 - INFO - CaseID:193 - 整体结果: PASS | 详情: 所有字段校验通过
2026-02-26 23:15:09,396 - INFO - CaseID:194 - 整体结果: FAILED | 详情: 模型输出核心字段全为空，判定不通过
2026-02-26 23:15:11,474 - INFO - CaseID:195 - QUERY字段：基础语义模糊匹配通过
2026-02-26 23:15:11,474 - INFO - CaseID:195 - 整体结果: PASS | 详情: 所有字段校验通过
2026-02-26 23:15:13,526 - INFO - CaseID:196 - QUERY字段：基础语义模糊匹配通过
2026-02-26 23:15:13,526 - INFO - CaseID:196 - 整体结果: PASS | 详情: 所有字段校验通过
2026-02-26 23:15:15,498 - INFO - CaseID:197 - QUERY字段：基础语义模糊匹配通过
2026-02-26 23:15:15,498 - INFO - CaseID:197 - 整体结果: PASS | 详情: 所有字段校验通过
2026-02-26 23:15:15,499 - INFO - CaseID:198 - 整体结果: FAILED | 详情: 模型输出核心字段全为空，判定不通过
2026-02-26 23:15:15,499 - INFO - CaseID:199 - 整体结果: FAILED | 详情: 模型输出核心字段全为空，判定不通过
2026-02-26 23:15:15,500 - INFO - 已处理200行，休眠5秒降低压力...
2026-02-26 23:15:21,411 - INFO - CaseID:200 - 整体结果: FAILED | 详情: APINAME不匹配：预期[visual_search]，实际[QASearch]; CATEGORY不匹配：一方为空 - 预期[]，实际[国家]; QUERY不匹配：基础语义模糊匹配失败 - 预期[这是萨摩亚吗]，实际[萨摩亚的地理位置]; TAG不匹配：一方为空 - 预期[]，实际[萨摩亚&地理位置]
2026-02-26 23:15:21,412 - INFO - 已处理200条用例，当前通过数：146
2026-02-26 23:15:21,413 - INFO - CaseID:201 - 整体结果: FAILED | 详情: 模型输出核心字段全为空，判定不通过
2026-02-26 23:15:23,152 - INFO - CaseID:202 - QUERY字段：基础语义模糊匹配通过
2026-02-26 23:15:23,152 - INFO - CaseID:202 - 整体结果: PASS | 详情: 所有字段校验通过
2026-02-26 23:15:25,105 - INFO - CaseID:203 - QUERY字段：基础语义模糊匹配通过
2026-02-26 23:15:25,105 - INFO - CaseID:203 - 整体结果: PASS | 详情: 所有字段校验通过
2026-02-26 23:15:27,067 - INFO - CaseID:204 - QUERY字段：基础语义模糊匹配通过
2026-02-26 23:15:27,068 - INFO - CaseID:204 - 整体结果: PASS | 详情: 所有字段校验通过
2026-02-26 23:15:29,507 - INFO - CaseID:205 - QUERY字段：基础语义模糊匹配通过
2026-02-26 23:15:29,509 - INFO - CaseID:205 - 整体结果: PASS | 详情: 所有字段校验通过
2026-02-26 23:15:31,582 - INFO - CaseID:206 - QUERY字段：基础语义模糊匹配通过
2026-02-26 23:15:31,583 - INFO - CaseID:206 - 整体结果: PASS | 详情: 所有字段校验通过
2026-02-26 23:15:33,602 - INFO - CaseID:207 - 整体结果: FAILED | 详情: APINAME不匹配：预期[visual_search]，实际[QASearch]; CATEGORY不匹配：一方为空 - 预期[]，实际[生物]; QUERY不匹配：基础语义模糊匹配失败 - 预期[这是松鼠猴吗]，实际[松鼠猴的特征]; TAG不匹配：一方为空 - 预期[]，实际[松鼠猴&特征]
2026-02-26 23:15:33,602 - INFO - CaseID:208 - 整体结果: FAILED | 详情: 模型输出核心字段全为空，判定不通过
2026-02-26 23:15:35,610 - INFO - CaseID:209 - QUERY字段：基础语义模糊匹配通过
2026-02-26 23:15:35,610 - INFO - CaseID:209 - 整体结果: PASS | 详情: 所有字段校验通过
2026-02-26 23:15:37,384 - INFO - CaseID:210 - QUERY字段：基础语义模糊匹配通过
2026-02-26 23:15:37,384 - INFO - CaseID:210 - 整体结果: PASS | 详情: 所有字段校验通过
2026-02-26 23:15:39,824 - INFO - CaseID:211 - QUERY字段：基础语义模糊匹配通过
2026-02-26 23:15:39,825 - INFO - CaseID:211 - 整体结果: PASS | 详情: 所有字段校验通过
2026-02-26 23:15:41,719 - INFO - CaseID:212 - QUERY字段：基础语义模糊匹配通过
2026-02-26 23:15:41,720 - INFO - CaseID:212 - 整体结果: PASS | 详情: 所有字段校验通过
2026-02-26 23:15:43,838 - INFO - CaseID:213 - 整体结果: FAILED | 详情: APINAME不匹配：预期[visual_search]，实际[QASearch]; CATEGORY不匹配：一方为空 - 预期[]，实际[生物]; QUERY不匹配：基础语义模糊匹配失败 - 预期[有黑色条纹的是东北虎吗]，实际[东北虎的毛色和条纹特征]; TAG不匹配：一方为空 - 预期[]，实际[东北虎&毛色&条纹]
2026-02-26 23:15:45,788 - INFO - CaseID:214 - QUERY字段：基础语义模糊匹配通过
2026-02-26 23:15:45,789 - INFO - CaseID:214 - 整体结果: PASS | 详情: 所有字段校验通过
2026-02-26 23:15:48,495 - INFO - CaseID:215 - QUERY字段：基础语义模糊匹配通过
2026-02-26 23:15:48,496 - INFO - CaseID:215 - 整体结果: PASS | 详情: 所有字段校验通过
2026-02-26 23:15:50,435 - INFO - CaseID:216 - QUERY字段：基础语义模糊匹配通过
2026-02-26 23:15:50,435 - INFO - CaseID:216 - 整体结果: PASS | 详情: 所有字段校验通过
2026-02-26 23:15:54,413 - INFO - CaseID:217 - QUERY字段：语义匹配失败，但visual_search链路意图匹配通过
2026-02-26 23:15:54,414 - INFO - CaseID:217 - 整体结果: PASS | 详情: 所有字段校验通过
2026-02-26 23:15:56,538 - INFO - CaseID:218 - QUERY字段：基础语义模糊匹配通过
2026-02-26 23:15:56,538 - INFO - CaseID:218 - 整体结果: FAILED | 详情: APINAME不匹配：预期[visual_search]，实际[QASearch]; CATEGORY不匹配：一方为空 - 预期[]，实际[生物]; TAG不匹配：一方为空 - 预期[]，实际[满身斑点&动物]
2026-02-26 23:15:56,539 - INFO - CaseID:219 - 整体结果: FAILED | 详情: 模型输出核心字段全为空，判定不通过
2026-02-26 23:15:56,539 - INFO - CaseID:220 - 整体结果: FAILED | 详情: 模型输出核心字段全为空，判定不通过
2026-02-26 23:15:58,509 - INFO - CaseID:221 - QUERY字段：基础语义模糊匹配通过
2026-02-26 23:15:58,509 - INFO - CaseID:221 - 整体结果: PASS | 详情: 所有字段校验通过
2026-02-26 23:16:00,461 - INFO - CaseID:222 - QUERY字段：基础语义模糊匹配通过
2026-02-26 23:16:00,461 - INFO - CaseID:222 - 整体结果: PASS | 详情: 所有字段校验通过
2026-02-26 23:16:02,485 - INFO - CaseID:223 - QUERY字段：基础语义模糊匹配通过
2026-02-26 23:16:02,486 - INFO - CaseID:223 - 整体结果: PASS | 详情: 所有字段校验通过
2026-02-26 23:16:04,407 - INFO - CaseID:224 - QUERY字段：基础语义模糊匹配通过
2026-02-26 23:16:04,408 - INFO - CaseID:224 - 整体结果: PASS | 详情: 所有字段校验通过
2026-02-26 23:16:08,214 - INFO - CaseID:225 - QUERY字段：语义匹配失败，但visual_search链路意图匹配通过
2026-02-26 23:16:08,214 - INFO - CaseID:225 - 整体结果: PASS | 详情: 所有字段校验通过
2026-02-26 23:16:10,058 - INFO - CaseID:226 - QUERY字段：基础语义模糊匹配通过
2026-02-26 23:16:10,059 - INFO - CaseID:226 - 整体结果: PASS | 详情: 所有字段校验通过
2026-02-26 23:16:12,437 - INFO - CaseID:227 - QUERY字段：基础语义模糊匹配通过
2026-02-26 23:16:12,438 - INFO - CaseID:227 - 整体结果: PASS | 详情: 所有字段校验通过
2026-02-26 23:16:14,372 - INFO - CaseID:228 - QUERY字段：基础语义模糊匹配通过
2026-02-26 23:16:14,372 - INFO - CaseID:228 - 整体结果: PASS | 详情: 所有字段校验通过
2026-02-26 23:16:18,454 - INFO - CaseID:229 - QUERY字段：语义匹配失败，但visual_search链路意图匹配通过
2026-02-26 23:16:18,455 - INFO - CaseID:229 - 整体结果: PASS | 详情: 所有字段校验通过
2026-02-26 23:16:20,300 - INFO - CaseID:230 - QUERY字段：基础语义模糊匹配通过
2026-02-26 23:16:20,300 - INFO - CaseID:230 - 整体结果: PASS | 详情: 所有字段校验通过
2026-02-26 23:16:22,450 - INFO - CaseID:231 - QUERY字段：基础语义模糊匹配通过
2026-02-26 23:16:22,450 - INFO - CaseID:231 - 整体结果: PASS | 详情: 所有字段校验通过
2026-02-26 23:16:24,250 - INFO - CaseID:232 - QUERY字段：基础语义模糊匹配通过
2026-02-26 23:16:24,250 - INFO - CaseID:232 - 整体结果: PASS | 详情: 所有字段校验通过
2026-02-26 23:16:26,225 - INFO - CaseID:233 - QUERY字段：基础语义模糊匹配通过
2026-02-26 23:16:26,225 - INFO - CaseID:233 - 整体结果: PASS | 详情: 所有字段校验通过
2026-02-26 23:16:28,697 - INFO - CaseID:234 - QUERY字段：基础语义模糊匹配通过
2026-02-26 23:16:28,697 - INFO - CaseID:234 - 整体结果: PASS | 详情: 所有字段校验通过
2026-02-26 23:16:30,673 - INFO - CaseID:235 - QUERY字段：基础语义模糊匹配通过
2026-02-26 23:16:30,673 - INFO - CaseID:235 - 整体结果: FAILED | 详情: APINAME不匹配：预期[visual_search]，实际[QASearch]; CATEGORY不匹配：一方为空 - 预期[]，实际[生物]; TAG不匹配：一方为空 - 预期[]，实际[长长的鼻子&动物]
2026-02-26 23:16:32,672 - INFO - CaseID:236 - QUERY字段：基础语义模糊匹配通过
2026-02-26 23:16:32,673 - INFO - CaseID:236 - 整体结果: PASS | 详情: 所有字段校验通过
2026-02-26 23:16:34,674 - INFO - CaseID:237 - 整体结果: FAILED | 详情: APINAME不匹配：预期[visual_search]，实际[QASearch]; CATEGORY不匹配：一方为空 - 预期[]，实际[生物]; QUERY不匹配：基础语义模糊匹配失败 - 预期[这个长满刺的动物是什么]，实际[长满刺的动物有哪些]; TAG不匹配：一方为空 - 预期[]，实际[长满刺&动物]
2026-02-26 23:16:36,664 - INFO - CaseID:238 - QUERY字段：基础语义模糊匹配通过
2026-02-26 23:16:36,664 - INFO - CaseID:238 - 整体结果: PASS | 详情: 所有字段校验通过
2026-02-26 23:16:38,546 - INFO - CaseID:239 - QUERY字段：基础语义模糊匹配通过
2026-02-26 23:16:38,546 - INFO - CaseID:239 - 整体结果: PASS | 详情: 所有字段校验通过
2026-02-26 23:16:40,509 - INFO - CaseID:240 - QUERY字段：基础语义模糊匹配通过
2026-02-26 23:16:40,510 - INFO - CaseID:240 - 整体结果: PASS | 详情: 所有字段校验通过
2026-02-26 23:16:42,629 - INFO - CaseID:241 - QUERY字段：基础语义模糊匹配通过
2026-02-26 23:16:42,629 - INFO - CaseID:241 - 整体结果: PASS | 详情: 所有字段校验通过
2026-02-26 23:16:44,586 - INFO - CaseID:242 - QUERY字段：基础语义模糊匹配通过
2026-02-26 23:16:44,587 - INFO - CaseID:242 - 整体结果: PASS | 详情: 所有字段校验通过
2026-02-26 23:16:46,591 - INFO - CaseID:243 - QUERY字段：基础语义模糊匹配通过
2026-02-26 23:16:46,591 - INFO - CaseID:243 - 整体结果: PASS | 详情: 所有字段校验通过
2026-02-26 23:16:48,393 - INFO - CaseID:244 - QUERY字段：基础语义模糊匹配通过
2026-02-26 23:16:48,393 - INFO - CaseID:244 - 整体结果: PASS | 详情: 所有字段校验通过
2026-02-26 23:16:48,394 - INFO - CaseID:245 - 整体结果: FAILED | 详情: 模型输出核心字段全为空，判定不通过
2026-02-26 23:16:50,403 - INFO - CaseID:246 - QUERY字段：基础语义模糊匹配通过
2026-02-26 23:16:50,403 - INFO - CaseID:246 - 整体结果: PASS | 详情: 所有字段校验通过
2026-02-26 23:16:52,526 - INFO - CaseID:247 - QUERY字段：基础语义模糊匹配通过
2026-02-26 23:16:52,527 - INFO - CaseID:247 - 整体结果: PASS | 详情: 所有字段校验通过
2026-02-26 23:16:52,527 - INFO - CaseID:248 - 整体结果: FAILED | 详情: 模型输出核心字段全为空，判定不通过
2026-02-26 23:16:54,675 - INFO - CaseID:249 - QUERY字段：基础语义模糊匹配通过
2026-02-26 23:16:54,676 - INFO - CaseID:249 - 整体结果: PASS | 详情: 所有字段校验通过
2026-02-26 23:16:56,640 - INFO - CaseID:250 - QUERY字段：基础语义模糊匹配通过
2026-02-26 23:16:56,641 - INFO - CaseID:250 - 整体结果: PASS | 详情: 所有字段校验通过
2026-02-26 23:17:00,449 - INFO - CaseID:251 - QUERY字段：语义匹配失败，但visual_search链路意图匹配通过
2026-02-26 23:17:00,449 - INFO - CaseID:251 - 整体结果: PASS | 详情: 所有字段校验通过
2026-02-26 23:17:02,491 - INFO - CaseID:252 - QUERY字段：基础语义模糊匹配通过
2026-02-26 23:17:02,492 - INFO - CaseID:252 - 整体结果: FAILED | 详情: APINAME不匹配：预期[visual_search]，实际[AUTOSearch]; CATEGORY不匹配：一方为空 - 预期[]，实际[汽车]; TAG不匹配：一方为空 - 预期[]，实际[这辆车是哪个地区的]
2026-02-26 23:17:04,420 - INFO - CaseID:253 - 整体结果: FAILED | 详情: APINAME不匹配：预期[visual_search]，实际[AUTOSearch]; CATEGORY不匹配：一方为空 - 预期[]，实际[汽车]; QUERY不匹配：基础语义模糊匹配失败 - 预期[识别车辆牌照上的河北地级市信息]，实际[河北省车辆上牌地点查询方法]; TAG不匹配：一方为空 - 预期[]，实际[河北省车辆上牌地点查询方法]
2026-02-26 23:17:08,327 - INFO - CaseID:254 - QUERY字段：语义匹配失败，但visual_search链路意图匹配通过
2026-02-26 23:17:08,327 - INFO - CaseID:254 - 整体结果: PASS | 详情: 所有字段校验通过
2026-02-26 23:17:10,207 - INFO - CaseID:255 - QUERY字段：基础语义模糊匹配通过
2026-02-26 23:17:10,207 - INFO - CaseID:255 - 整体结果: PASS | 详情: 所有字段校验通过
2026-02-26 23:17:14,005 - INFO - CaseID:256 - QUERY字段：语义匹配失败，但visual_search链路意图匹配通过
2026-02-26 23:17:14,005 - INFO - CaseID:256 - 整体结果: PASS | 详情: 所有字段校验通过
2026-02-26 23:17:15,699 - INFO - CaseID:257 - QUERY字段：基础语义模糊匹配通过
2026-02-26 23:17:15,699 - INFO - CaseID:257 - 整体结果: PASS | 详情: 所有字段校验通过
2026-02-26 23:17:17,857 - INFO - CaseID:258 - 整体结果: FAILED | 详情: APINAME不匹配：预期[visual_search]，实际[AUTOSearch]; CATEGORY不匹配：一方为空 - 预期[]，实际[汽车]; QUERY不匹配：基础语义模糊匹配失败 - 预期[识别当前摄像头画面中的车辆号牌]，实际[查看车辆车号]; TAG不匹配：一方为空 - 预期[]，实际[查看&车辆车号]
2026-02-26 23:17:19,638 - INFO - CaseID:259 - QUERY字段：基础语义模糊匹配通过
2026-02-26 23:17:19,638 - INFO - CaseID:259 - 整体结果: PASS | 详情: 所有字段校验通过
2026-02-26 23:17:22,012 - INFO - CaseID:260 - QUERY字段：基础语义模糊匹配通过
2026-02-26 23:17:22,013 - INFO - CaseID:260 - 整体结果: PASS | 详情: 所有字段校验通过
2026-02-26 23:17:24,778 - INFO - CaseID:261 - QUERY字段：基础语义模糊匹配通过
2026-02-26 23:17:24,779 - INFO - CaseID:261 - 整体结果: PASS | 详情: 所有字段校验通过
2026-02-26 23:17:26,710 - INFO - CaseID:262 - QUERY字段：基础语义模糊匹配通过
2026-02-26 23:17:26,711 - INFO - CaseID:262 - 整体结果: PASS | 详情: 所有字段校验通过
2026-02-26 23:17:28,644 - INFO - CaseID:263 - 整体结果: FAILED | 详情: APINAME不匹配：预期[visual_search]，实际[AUTOSearch]; CATEGORY不匹配：一方为空 - 预期[]，实际[汽车]; QUERY不匹配：基础语义模糊匹配失败 - 预期[这是不是哈弗大狗]，实际[哈弗大狗的外观特征]; TAG不匹配：一方为空 - 预期[]，实际[哈弗大狗&外观特征]
2026-02-26 23:17:30,674 - INFO - CaseID:264 - QUERY字段：基础语义模糊匹配通过
2026-02-26 23:17:30,674 - INFO - CaseID:264 - 整体结果: PASS | 详情: 所有字段校验通过
2026-02-26 23:17:32,700 - INFO - CaseID:265 - QUERY字段：基础语义模糊匹配通过
2026-02-26 23:17:32,700 - INFO - CaseID:265 - 整体结果: PASS | 详情: 所有字段校验通过
2026-02-26 23:17:34,454 - INFO - CaseID:266 - QUERY字段：基础语义模糊匹配通过
2026-02-26 23:17:34,455 - INFO - CaseID:266 - 整体结果: PASS | 详情: 所有字段校验通过
2026-02-26 23:17:36,894 - INFO - CaseID:267 - 整体结果: FAILED | 详情: APINAME不匹配：预期[visual_search]，实际[AUTOSearch]; CATEGORY不匹配：一方为空 - 预期[]，实际[汽车]; QUERY不匹配：基础语义模糊匹配失败 - 预期[这个轿车是红旗的哪款车]，实际[红旗轿车最新车型]; TAG不匹配：一方为空 - 预期[]，实际[红旗轿车&最新车型]
2026-02-26 23:17:38,960 - INFO - CaseID:268 - 整体结果: FAILED | 详情: APINAME不匹配：预期[visual_search]，实际[AUTOSearch]; CATEGORY不匹配：一方为空 - 预期[]，实际[汽车]; QUERY不匹配：基础语义模糊匹配失败 - 预期[这是不是大众的帕萨特]，实际[大众帕萨特的外观特征]; TAG不匹配：一方为空 - 预期[]，实际[大众帕萨特&外观特征]
2026-02-26 23:17:43,067 - INFO - CaseID:269 - QUERY字段：语义匹配失败，但visual_search链路意图匹配通过
2026-02-26 23:17:43,069 - INFO - CaseID:269 - 整体结果: PASS | 详情: 所有字段校验通过
2026-02-26 23:17:44,744 - INFO - CaseID:270 - QUERY字段：基础语义模糊匹配通过
2026-02-26 23:17:44,744 - INFO - CaseID:270 - 整体结果: FAILED | 详情: APINAME不匹配：预期[visual_search]，实际[AUTOSearch]; CATEGORY不匹配：一方为空 - 预期[]，实际[汽车]; TAG不匹配：一方为空 - 预期[]，实际[别克昂科威&外观特征]
2026-02-26 23:17:46,827 - INFO - CaseID:271 - QUERY字段：基础语义模糊匹配通过
2026-02-26 23:17:46,827 - INFO - CaseID:271 - 整体结果: PASS | 详情: 所有字段校验通过
2026-02-26 23:17:48,684 - INFO - CaseID:272 - QUERY字段：基础语义模糊匹配通过
2026-02-26 23:17:48,685 - INFO - CaseID:272 - 整体结果: PASS | 详情: 所有字段校验通过
2026-02-26 23:17:50,959 - INFO - CaseID:273 - 整体结果: FAILED | 详情: APINAME不匹配：预期[visual_search]，实际[AUTOSearch]; CATEGORY不匹配：一方为空 - 预期[]，实际[汽车]; QUERY不匹配：基础语义模糊匹配失败 - 预期[这是丰田的雷凌吗]，实际[丰田雷凌的外观特征]; TAG不匹配：一方为空 - 预期[]，实际[丰田雷凌&外观特征]
2026-02-26 23:17:52,972 - INFO - CaseID:274 - QUERY字段：基础语义模糊匹配通过
2026-02-26 23:17:52,972 - INFO - CaseID:274 - 整体结果: PASS | 详情: 所有字段校验通过
2026-02-26 23:17:54,868 - INFO - CaseID:275 - QUERY字段：基础语义模糊匹配通过
2026-02-26 23:17:54,869 - INFO - CaseID:275 - 整体结果: FAILED | 详情: APINAME不匹配：预期[visual_search]，实际[AUTOSearch]; CATEGORY不匹配：一方为空 - 预期[]，实际[汽车]; TAG不匹配：一方为空 - 预期[]，实际[北京现代ix35&官方名称]
2026-02-26 23:17:58,567 - INFO - CaseID:276 - QUERY字段：语义匹配失败，但visual_search链路意图匹配通过
2026-02-26 23:17:58,568 - INFO - CaseID:276 - 整体结果: PASS | 详情: 所有字段校验通过
2026-02-26 23:18:00,575 - INFO - CaseID:277 - QUERY字段：基础语义模糊匹配通过
2026-02-26 23:18:00,577 - INFO - CaseID:277 - 整体结果: PASS | 详情: 所有字段校验通过
2026-02-26 23:18:02,366 - INFO - CaseID:278 - QUERY字段：基础语义模糊匹配通过
2026-02-26 23:18:02,367 - INFO - CaseID:278 - 整体结果: PASS | 详情: 所有字段校验通过
2026-02-26 23:18:04,258 - INFO - CaseID:279 - QUERY字段：基础语义模糊匹配通过
2026-02-26 23:18:04,258 - INFO - CaseID:279 - 整体结果: PASS | 详情: 所有字段校验通过
2026-02-26 23:18:06,118 - INFO - CaseID:280 - QUERY字段：基础语义模糊匹配通过
2026-02-26 23:18:06,118 - INFO - CaseID:280 - 整体结果: PASS | 详情: 所有字段校验通过
2026-02-26 23:18:08,132 - INFO - CaseID:281 - 整体结果: FAILED | 详情: APINAME不匹配：预期[visual_search]，实际[AUTOSearch]; CATEGORY不匹配：一方为空 - 预期[]，实际[汽车]; QUERY不匹配：基础语义模糊匹配失败 - 预期[识别当前摄像头画面中的车辆品牌和型号]，实际[丰田霸道的最新款型号]; TAG不匹配：一方为空 - 预期[]，实际[丰田霸道&最新款&型号]
2026-02-26 23:18:10,073 - INFO - CaseID:282 - QUERY字段：基础语义模糊匹配通过
2026-02-26 23:18:10,074 - INFO - CaseID:282 - 整体结果: PASS | 详情: 所有字段校验通过
2026-02-26 23:18:12,125 - INFO - CaseID:283 - QUERY字段：基础语义模糊匹配通过
2026-02-26 23:18:12,125 - INFO - CaseID:283 - 整体结果: FAILED | 详情: APINAME不匹配：预期[visual_search]，实际[AUTOSearch]; CATEGORY不匹配：一方为空 - 预期[]，实际[汽车]; TAG不匹配：一方为空 - 预期[]，实际[元puls&简介]
2026-02-26 23:18:14,375 - INFO - CaseID:284 - QUERY字段：基础语义模糊匹配通过
2026-02-26 23:18:14,375 - INFO - CaseID:284 - 整体结果: PASS | 详情: 所有字段校验通过
2026-02-26 23:18:14,376 - INFO - CaseID:285 - 整体结果: FAILED | 详情: 模型输出核心字段全为空，判定不通过
2026-02-26 23:18:16,182 - INFO - CaseID:286 - QUERY字段：基础语义模糊匹配通过
2026-02-26 23:18:16,182 - INFO - CaseID:286 - 整体结果: FAILED | 详情: APINAME不匹配：预期[visual_search]，实际[AUTOSearch]; CATEGORY不匹配：一方为空 - 预期[]，实际[汽车]; TAG不匹配：一方为空 - 预期[]，实际[沃尔沃xc60&最新款车型&特征]
2026-02-26 23:18:18,114 - INFO - CaseID:287 - QUERY字段：基础语义模糊匹配通过
2026-02-26 23:18:18,115 - INFO - CaseID:287 - 整体结果: PASS | 详情: 所有字段校验通过
2026-02-26 23:18:20,110 - INFO - CaseID:288 - 整体结果: FAILED | 详情: APINAME不匹配：预期[visual_search]，实际[AUTOSearch]; CATEGORY不匹配：一方为空 - 预期[]，实际[汽车]; QUERY不匹配：基础语义模糊匹配失败 - 预期[这个车是红旗的HS5吗]，实际[红旗hs5的外观特征]; TAG不匹配：一方为空 - 预期[]，实际[红旗hs5&外观特征]
2026-02-26 23:18:22,159 - INFO - CaseID:289 - 整体结果: FAILED | 详情: APINAME不匹配：预期[visual_search]，实际[QASearch]; CATEGORY不匹配：一方为空 - 预期[]，实际[城市]; QUERY不匹配：基础语义模糊匹配失败 - 预期[这辆车牌是河北哪儿的]，实际[河北省的车牌代码]; TAG不匹配：一方为空 - 预期[]，实际[河北省&车牌代码]
2026-02-26 23:18:23,953 - INFO - CaseID:290 - QUERY字段：基础语义模糊匹配通过
2026-02-26 23:18:23,953 - INFO - CaseID:290 - 整体结果: PASS | 详情: 所有字段校验通过
2026-02-26 23:18:25,594 - INFO - CaseID:291 - QUERY字段：基础语义模糊匹配通过
2026-02-26 23:18:25,594 - INFO - CaseID:291 - 整体结果: PASS | 详情: 所有字段校验通过
2026-02-26 23:18:27,607 - INFO - CaseID:292 - 整体结果: FAILED | 详情: APINAME不匹配：预期[visual_search]，实际[QASearch]; CATEGORY不匹配：一方为空 - 预期[]，实际[城市]; QUERY不匹配：基础语义模糊匹配失败 - 预期[这是河南哪个城市的车]，实际[河南车牌城市代码]; TAG不匹配：一方为空 - 预期[]，实际[河南&车牌城市代码]
2026-02-26 23:18:29,370 - INFO - CaseID:293 - 整体结果: FAILED | 详情: APINAME不匹配：预期[visual_search]，实际[QASearch]; CATEGORY不匹配：一方为空 - 预期[]，实际[城市]; QUERY不匹配：基础语义模糊匹配失败 - 预期[这辆车属于河北省的哪个地区的]，实际[河北省的车牌代码]; TAG不匹配：一方为空 - 预期[]，实际[河北省&车牌代码]
2026-02-26 23:18:29,371 - INFO - CaseID:294 - 整体结果: FAILED | 详情: 模型输出核心字段全为空，判定不通过
2026-02-26 23:18:29,371 - INFO - CaseID:295 - 整体结果: FAILED | 详情: 模型输出核心字段全为空，判定不通过
2026-02-26 23:18:29,372 - INFO - CaseID:296 - 整体结果: FAILED | 详情: 模型输出核心字段全为空，判定不通过
2026-02-26 23:18:29,372 - INFO - CaseID:297 - 整体结果: FAILED | 详情: 模型输出核心字段全为空，判定不通过
2026-02-26 23:18:29,372 - INFO - CaseID:298 - 整体结果: FAILED | 详情: 模型输出核心字段全为空，判定不通过
2026-02-26 23:18:29,373 - INFO - CaseID:299 - 整体结果: FAILED | 详情: 模型输出核心字段全为空，判定不通过
2026-02-26 23:18:29,373 - INFO - 已处理300行，休眠5秒降低压力...
2026-02-26 23:18:34,383 - INFO - CaseID:300 - 整体结果: FAILED | 详情: 模型输出核心字段全为空，判定不通过
2026-02-26 23:18:34,384 - INFO - CaseID:301 - 整体结果: FAILED | 详情: 模型输出核心字段全为空，判定不通过
2026-02-26 23:18:34,384 - INFO - CaseID:302 - 整体结果: FAILED | 详情: 模型输出核心字段全为空，判定不通过
2026-02-26 23:18:34,385 - INFO - CaseID:303 - 整体结果: FAILED | 详情: 模型输出核心字段全为空，判定不通过
2026-02-26 23:18:34,385 - INFO - CaseID:304 - 整体结果: FAILED | 详情: 模型输出核心字段全为空，判定不通过
2026-02-26 23:18:34,386 - INFO - CaseID:305 - 整体结果: FAILED | 详情: 模型输出核心字段全为空，判定不通过
2026-02-26 23:18:34,386 - INFO - CaseID:306 - 整体结果: FAILED | 详情: 模型输出核心字段全为空，判定不通过
2026-02-26 23:18:34,386 - INFO - CaseID:307 - 整体结果: FAILED | 详情: 模型输出核心字段全为空，判定不通过
2026-02-26 23:18:34,387 - INFO - CaseID:308 - 整体结果: FAILED | 详情: 模型输出核心字段全为空，判定不通过
2026-02-26 23:18:35,748 - INFO - CaseID:309 - 整体结果: FAILED | 详情: APINAME不匹配：预期[visual_search]，实际[AUTOSearch]; CATEGORY不匹配：一方为空 - 预期[]，实际[汽车]; QUERY不匹配：基础语义模糊匹配失败 - 预期[这个车有L和没L有什么区别]，实际[理想汽车L系列的简介]; TAG不匹配：一方为空 - 预期[]，实际[理想汽车L系列&简介]
2026-02-26 23:18:39,516 - INFO - CaseID:310 - QUERY字段：语义匹配失败，但visual_search链路意图匹配通过
2026-02-26 23:18:39,516 - INFO - CaseID:310 - 整体结果: PASS | 详情: 所有字段校验通过
2026-02-26 23:18:41,407 - INFO - CaseID:311 - QUERY字段：基础语义模糊匹配通过
2026-02-26 23:18:41,408 - INFO - CaseID:311 - 整体结果: PASS | 详情: 所有字段校验通过
2026-02-26 23:18:43,062 - INFO - CaseID:312 - 整体结果: FAILED | 详情: APINAME不匹配：预期[visual_search]，实际[AUTOSearch]; CATEGORY不匹配：一方为空 - 预期[]，实际[汽车]; QUERY不匹配：基础语义模糊匹配失败 - 预期[识别当前摄像头画面中的车辆颜色选项（白色和黑色）]，实际[白色汽车的优缺点]; TAG不匹配：一方为空 - 预期[]，实际[白色汽车&优缺点]
2026-02-26 23:18:45,041 - INFO - CaseID:313 - 整体结果: FAILED | 详情: APINAME不匹配：预期[visual_search]，实际[AUTOSearch]; CATEGORY不匹配：一方为空 - 预期[]，实际[汽车]; QUERY不匹配：基础语义模糊匹配失败 - 预期[这个车和比亚迪元哪个好]，实际[理想l7的简介]; TAG不匹配：一方为空 - 预期[]，实际[理想l7&简介]
2026-02-26 23:18:46,808 - INFO - CaseID:314 - 整体结果: FAILED | 详情: APINAME不匹配：预期[visual_search]，实际[AUTOSearch]; CATEGORY不匹配：一方为空 - 预期[]，实际[汽车]; QUERY不匹配：基础语义模糊匹配失败 - 预期[识别当前摄像头画面中的车辆品牌和型号]，实际[小米su7的0-100km/h加速时间]; TAG不匹配：一方为空 - 预期[]，实际[小米su7&0-100km/h加速时间]
2026-02-26 23:18:50,906 - INFO - CaseID:315 - QUERY字段：语义匹配失败，但visual_search链路意图匹配通过
2026-02-26 23:18:50,906 - INFO - CaseID:315 - 整体结果: PASS | 详情: 所有字段校验通过
2026-02-26 23:18:54,755 - INFO - CaseID:316 - QUERY字段：语义匹配失败，但visual_search链路意图匹配通过
2026-02-26 23:18:54,756 - INFO - CaseID:316 - 整体结果: PASS | 详情: 所有字段校验通过
2026-02-26 23:18:56,454 - INFO - CaseID:317 - 整体结果: FAILED | 详情: APINAME不匹配：预期[visual_search]，实际[AUTOSearch]; CATEGORY不匹配：一方为空 - 预期[]，实际[汽车]; QUERY不匹配：基础语义模糊匹配失败 - 预期[识别当前摄像头画面中的车辆品牌和型号]，实际[用户提到的这个车具体是指哪个车型]; TAG不匹配：一方为空 - 预期[]，实际[用户提到的这个车&具体&车型]
2026-02-26 23:18:58,395 - INFO - CaseID:318 - 整体结果: FAILED | 详情: APINAME不匹配：预期[visual_search]，实际[AUTOSearch]; CATEGORY不匹配：一方为空 - 预期[]，实际[汽车]; QUERY不匹配：基础语义模糊匹配失败 - 预期[这个车和哈佛H5的动力谁的强]，实际[理想汽车的动力]; TAG不匹配：一方为空 - 预期[]，实际[理想汽车&动力]
2026-02-26 23:19:00,050 - INFO - CaseID:319 - 整体结果: FAILED | 详情: APINAME不匹配：预期[visual_search]，实际[AUTOSearch]; CATEGORY不匹配：一方为空 - 预期[]，实际[汽车]; QUERY不匹配：基础语义模糊匹配失败 - 预期[识别当前摄像头画面中的车辆品牌和型号]，实际[奔驰s450的轴距]; TAG不匹配：一方为空 - 预期[]，实际[奔驰s450&轴距]
2026-02-26 23:19:02,095 - INFO - CaseID:320 - QUERY字段：基础语义模糊匹配通过
2026-02-26 23:19:02,096 - INFO - CaseID:320 - 整体结果: PASS | 详情: 所有字段校验通过
2026-02-26 23:19:06,529 - INFO - CaseID:321 - QUERY字段：语义匹配失败，但visual_search链路意图匹配通过
2026-02-26 23:19:06,530 - INFO - CaseID:321 - 整体结果: PASS | 详情: 所有字段校验通过
2026-02-26 23:19:08,401 - INFO - CaseID:322 - 整体结果: FAILED | 详情: APINAME不匹配：预期[visual_search]，实际[QASearch]; CATEGORY不匹配：一方为空 - 预期[]，实际[生物]; QUERY不匹配：基础语义模糊匹配失败 - 预期[它和猫谁更聪明]，实际[狗的智力]; TAG不匹配：一方为空 - 预期[]，实际[狗&智力]
2026-02-26 23:19:08,402 - INFO - CaseID:323 - 整体结果: FAILED | 详情: 模型输出核心字段全为空，判定不通过
2026-02-26 23:19:10,357 - INFO - CaseID:324 - QUERY字段：基础语义模糊匹配通过
2026-02-26 23:19:10,358 - INFO - CaseID:324 - 整体结果: PASS | 详情: 所有字段校验通过
2026-02-26 23:19:12,393 - INFO - CaseID:325 - QUERY字段：基础语义模糊匹配通过
2026-02-26 23:19:12,394 - INFO - CaseID:325 - 整体结果: PASS | 详情: 所有字段校验通过
2026-02-26 23:19:16,206 - INFO - CaseID:326 - QUERY字段：语义匹配失败，但visual_search链路意图匹配通过
2026-02-26 23:19:16,207 - INFO - CaseID:326 - 整体结果: PASS | 详情: 所有字段校验通过
2026-02-26 23:19:20,059 - INFO - CaseID:327 - QUERY字段：语义匹配失败，但visual_search链路意图匹配通过
2026-02-26 23:19:20,059 - INFO - CaseID:327 - 整体结果: PASS | 详情: 所有字段校验通过
2026-02-26 23:19:20,060 - INFO - CaseID:328 - 整体结果: FAILED | 详情: 模型输出核心字段全为空，判定不通过
2026-02-26 23:19:22,275 - INFO - CaseID:329 - 整体结果: FAILED | 详情: APINAME不匹配：预期[visual_search]，实际[QASearch]; CATEGORY不匹配：一方为空 - 预期[]，实际[生物]; QUERY不匹配：基础语义模糊匹配失败 - 预期[这个白色的小狗是不是拉布拉多]，实际[白色拉布拉多犬的特征]; TAG不匹配：一方为空 - 预期[]，实际[白色拉布拉多犬&特征]
2026-02-26 23:19:22,276 - INFO - CaseID:330 - 整体结果: FAILED | 详情: 模型输出核心字段全为空，判定不通过
2026-02-26 23:19:24,007 - INFO - CaseID:331 - 整体结果: FAILED | 详情: APINAME不匹配：预期[visual_search]，实际[QASearch]; CATEGORY不匹配：一方为空 - 预期[]，实际[生物]; QUERY不匹配：基础语义模糊匹配失败 - 预期[这是柯基还是泰迪]，实际[柯基犬的外观]; TAG不匹配：一方为空 - 预期[]，实际[柯基犬&外观]
2026-02-26 23:19:24,008 - INFO - CaseID:332 - 整体结果: FAILED | 详情: 模型输出核心字段全为空，判定不通过
2026-02-26 23:19:27,873 - INFO - CaseID:333 - QUERY字段：语义匹配失败，但visual_search链路意图匹配通过
2026-02-26 23:19:27,874 - INFO - CaseID:333 - 整体结果: PASS | 详情: 所有字段校验通过
2026-02-26 23:19:27,874 - INFO - CaseID:334 - 整体结果: FAILED | 详情: 模型输出核心字段全为空，判定不通过
2026-02-26 23:19:32,158 - INFO - CaseID:335 - QUERY字段：语义匹配失败，但visual_search链路意图匹配通过
2026-02-26 23:19:32,160 - INFO - CaseID:335 - 整体结果: PASS | 详情: 所有字段校验通过
2026-02-26 23:19:34,194 - INFO - CaseID:336 - QUERY字段：基础语义模糊匹配通过
2026-02-26 23:19:34,195 - INFO - CaseID:336 - 整体结果: PASS | 详情: 所有字段校验通过
2026-02-26 23:19:36,083 - INFO - CaseID:337 - 整体结果: FAILED | 详情: APINAME不匹配：预期[visual_search]，实际[QASearch]; CATEGORY不匹配：一方为空 - 预期[]，实际[生物]; QUERY不匹配：基础语义模糊匹配失败 - 预期[分析当前摄像头画面中狗的眼神和表情，推测它可能在想什么]，实际[狗的眼神表达的常见心理]; TAG不匹配：一方为空 - 预期[]，实际[狗&眼神表达&常见心理]
2026-02-26 23:19:38,257 - INFO - CaseID:338 - QUERY字段：基础语义模糊匹配通过
2026-02-26 23:19:38,257 - INFO - CaseID:338 - 整体结果: PASS | 详情: 所有字段校验通过
2026-02-26 23:19:42,052 - INFO - CaseID:339 - QUERY字段：语义匹配失败，但visual_search链路意图匹配通过
2026-02-26 23:19:42,053 - INFO - CaseID:339 - 整体结果: PASS | 详情: 所有字段校验通过
2026-02-26 23:19:47,251 - INFO - CaseID:340 - QUERY字段：语义匹配失败，但visual_search链路意图匹配通过
2026-02-26 23:19:47,252 - INFO - CaseID:340 - 整体结果: PASS | 详情: 所有字段校验通过
2026-02-26 23:19:47,252 - INFO - CaseID:341 - 整体结果: FAILED | 详情: 模型输出核心字段全为空，判定不通过
2026-02-26 23:19:50,105 - INFO - CaseID:342 - QUERY字段：基础语义模糊匹配通过
2026-02-26 23:19:50,107 - INFO - CaseID:342 - 整体结果: PASS | 详情: 所有字段校验通过
2026-02-26 23:19:52,136 - INFO - CaseID:343 - QUERY字段：基础语义模糊匹配通过
2026-02-26 23:19:52,137 - INFO - CaseID:343 - 整体结果: PASS | 详情: 所有字段校验通过
2026-02-26 23:19:52,137 - INFO - CaseID:344 - 整体结果: FAILED | 详情: 模型输出核心字段全为空，判定不通过
2026-02-26 23:19:54,267 - INFO - CaseID:345 - 整体结果: FAILED | 详情: APINAME不匹配：预期[visual_search]，实际[AUTOSearch]; CATEGORY不匹配：一方为空 - 预期[]，实际[汽车]; QUERY不匹配：基础语义模糊匹配失败 - 预期[这是smart什么车型]，实际[smart品牌当前在售车型列表]; TAG不匹配：一方为空 - 预期[]，实际[smart品牌&当前在售车型]
2026-02-26 23:19:56,218 - INFO - CaseID:346 - QUERY字段：基础语义模糊匹配通过
2026-02-26 23:19:56,219 - INFO - CaseID:346 - 整体结果: PASS | 详情: 所有字段校验通过
2026-02-26 23:19:57,961 - INFO - CaseID:347 - QUERY字段：基础语义模糊匹配通过
2026-02-26 23:19:57,961 - INFO - CaseID:347 - 整体结果: PASS | 详情: 所有字段校验通过
2026-02-26 23:19:59,951 - INFO - CaseID:348 - 整体结果: FAILED | 详情: APINAME不匹配：预期[visual_search]，实际[AUTOSearch]; CATEGORY不匹配：一方为空 - 预期[]，实际[汽车]; QUERY不匹配：基础语义模糊匹配失败 - 预期[这是依维柯吗]，实际[依维柯的车型特征]; TAG不匹配：一方为空 - 预期[]，实际[依维柯&车型特征]
2026-02-26 23:20:01,873 - INFO - CaseID:349 - QUERY字段：基础语义模糊匹配通过
2026-02-26 23:20:01,873 - INFO - CaseID:349 - 整体结果: PASS | 详情: 所有字段校验通过
2026-02-26 23:20:05,543 - INFO - CaseID:350 - QUERY字段：语义匹配失败，但visual_search链路意图匹配通过
2026-02-26 23:20:05,543 - INFO - CaseID:350 - 整体结果: PASS | 详情: 所有字段校验通过
2026-02-26 23:20:07,434 - INFO - CaseID:351 - QUERY字段：基础语义模糊匹配通过
2026-02-26 23:20:07,434 - INFO - CaseID:351 - 整体结果: PASS | 详情: 所有字段校验通过
2026-02-26 23:20:09,565 - INFO - CaseID:352 - 整体结果: FAILED | 详情: APINAME不匹配：预期[visual_search]，实际[AUTOSearch]; CATEGORY不匹配：一方为空 - 预期[]，实际[汽车]; QUERY不匹配：基础语义模糊匹配失败 - 预期[这是北京的车吗]，实际[北京车辆牌照识别规则]; TAG不匹配：一方为空 - 预期[]，实际[北京车辆牌照&识别规则]
2026-02-26 23:20:14,290 - INFO - CaseID:353 - QUERY字段：语义匹配失败，但visual_search链路意图匹配通过
2026-02-26 23:20:14,290 - INFO - CaseID:353 - 整体结果: PASS | 详情: 所有字段校验通过
2026-02-26 23:20:18,197 - INFO - CaseID:354 - QUERY字段：语义匹配失败，但visual_search链路意图匹配通过
2026-02-26 23:20:18,199 - INFO - CaseID:354 - 整体结果: PASS | 详情: 所有字段校验通过
2026-02-26 23:20:21,014 - INFO - CaseID:355 - QUERY字段：基础语义模糊匹配通过
2026-02-26 23:20:21,015 - INFO - CaseID:355 - 整体结果: PASS | 详情: 所有字段校验通过
2026-02-26 23:20:21,015 - INFO - CaseID:356 - 整体结果: FAILED | 详情: 模型输出核心字段全为空，判定不通过
2026-02-26 23:20:24,637 - INFO - CaseID:357 - QUERY字段：语义匹配失败，但visual_search链路意图匹配通过
2026-02-26 23:20:24,637 - INFO - CaseID:357 - 整体结果: PASS | 详情: 所有字段校验通过
2026-02-26 23:20:26,455 - INFO - CaseID:358 - QUERY字段：基础语义模糊匹配通过
2026-02-26 23:20:26,456 - INFO - CaseID:358 - 整体结果: PASS | 详情: 所有字段校验通过
2026-02-26 23:20:28,522 - INFO - CaseID:359 - QUERY字段：基础语义模糊匹配通过
2026-02-26 23:20:28,523 - INFO - CaseID:359 - 整体结果: PASS | 详情: 所有字段校验通过
2026-02-26 23:20:30,535 - INFO - CaseID:360 - QUERY字段：基础语义模糊匹配通过
2026-02-26 23:20:30,536 - INFO - CaseID:360 - 整体结果: PASS | 详情: 所有字段校验通过
2026-02-26 23:20:32,464 - INFO - CaseID:361 - QUERY字段：基础语义模糊匹配通过
2026-02-26 23:20:32,464 - INFO - CaseID:361 - 整体结果: PASS | 详情: 所有字段校验通过
2026-02-26 23:20:34,286 - INFO - CaseID:362 - QUERY字段：基础语义模糊匹配通过
2026-02-26 23:20:34,286 - INFO - CaseID:362 - 整体结果: PASS | 详情: 所有字段校验通过
2026-02-26 23:20:35,928 - INFO - CaseID:363 - QUERY字段：基础语义模糊匹配通过
2026-02-26 23:20:35,929 - INFO - CaseID:363 - 整体结果: FAILED | 详情: APINAME不匹配：预期[visual_search]，实际[QASearch]; CATEGORY不匹配：一方为空 - 预期[]，实际[公司]; TAG不匹配：一方为空 - 预期[]，实际[捷途汽车&简介]
2026-02-26 23:20:38,059 - INFO - CaseID:364 - QUERY字段：基础语义模糊匹配通过
2026-02-26 23:20:38,060 - INFO - CaseID:364 - 整体结果: PASS | 详情: 所有字段校验通过
2026-02-26 23:20:41,756 - INFO - CaseID:365 - QUERY字段：语义匹配失败，但visual_search链路意图匹配通过
2026-02-26 23:20:41,757 - INFO - CaseID:365 - 整体结果: PASS | 详情: 所有字段校验通过
2026-02-26 23:20:44,040 - INFO - CaseID:366 - QUERY字段：基础语义模糊匹配通过
2026-02-26 23:20:44,040 - INFO - CaseID:366 - 整体结果: PASS | 详情: 所有字段校验通过
2026-02-26 23:20:46,005 - INFO - CaseID:367 - QUERY字段：基础语义模糊匹配通过
2026-02-26 23:20:46,006 - INFO - CaseID:367 - 整体结果: PASS | 详情: 所有字段校验通过
2026-02-26 23:20:46,006 - INFO - CaseID:368 - 整体结果: FAILED | 详情: 模型输出核心字段全为空，判定不通过
2026-02-26 23:20:48,081 - INFO - CaseID:369 - QUERY字段：基础语义模糊匹配通过
2026-02-26 23:20:48,082 - INFO - CaseID:369 - 整体结果: PASS | 详情: 所有字段校验通过
2026-02-26 23:20:48,082 - INFO - CaseID:370 - 整体结果: FAILED | 详情: 模型输出核心字段全为空，判定不通过
2026-02-26 23:20:49,820 - INFO - CaseID:371 - 整体结果: FAILED | 详情: APINAME不匹配：预期[visual_search]，实际[QASearch]; CATEGORY不匹配：一方为空 - 预期[]，实际[公司]; QUERY不匹配：基础语义模糊匹配失败 - 预期[这个是上汽的什么车]，实际[上汽旗下车型列表]; TAG不匹配：一方为空 - 预期[]，实际[上汽&旗下车型]
2026-02-26 23:20:52,060 - INFO - CaseID:372 - QUERY字段：基础语义模糊匹配通过
2026-02-26 23:20:52,060 - INFO - CaseID:372 - 整体结果: FAILED | 详情: APINAME不匹配：预期[visual_search]，实际[QASearch]; CATEGORY不匹配：一方为空 - 预期[]，实际[公司]; TAG不匹配：一方为空 - 预期[]，实际[上汽&汽车品牌]
2026-02-26 23:20:53,787 - INFO - CaseID:373 - QUERY字段：基础语义模糊匹配通过
2026-02-26 23:20:53,787 - INFO - CaseID:373 - 整体结果: PASS | 详情: 所有字段校验通过
2026-02-26 23:20:55,697 - INFO - CaseID:374 - QUERY字段：基础语义模糊匹配通过
2026-02-26 23:20:55,698 - INFO - CaseID:374 - 整体结果: PASS | 详情: 所有字段校验通过
2026-02-26 23:20:57,718 - INFO - CaseID:375 - QUERY字段：基础语义模糊匹配通过
2026-02-26 23:20:57,718 - INFO - CaseID:375 - 整体结果: PASS | 详情: 所有字段校验通过
2026-02-26 23:21:00,062 - INFO - CaseID:376 - QUERY字段：基础语义模糊匹配通过
2026-02-26 23:21:00,063 - INFO - CaseID:376 - 整体结果: PASS | 详情: 所有字段校验通过
2026-02-26 23:21:02,006 - INFO - CaseID:377 - QUERY字段：基础语义模糊匹配通过
2026-02-26 23:21:02,007 - INFO - CaseID:377 - 整体结果: PASS | 详情: 所有字段校验通过
2026-02-26 23:21:03,688 - INFO - CaseID:378 - QUERY字段：基础语义模糊匹配通过
2026-02-26 23:21:03,689 - INFO - CaseID:378 - 整体结果: PASS | 详情: 所有字段校验通过
2026-02-26 23:21:05,695 - INFO - CaseID:379 - QUERY字段：基础语义模糊匹配通过
2026-02-26 23:21:05,695 - INFO - CaseID:379 - 整体结果: PASS | 详情: 所有字段校验通过
2026-02-26 23:21:05,696 - INFO - CaseID:380 - 整体结果: FAILED | 详情: 模型输出核心字段全为空，判定不通过
2026-02-26 23:21:07,446 - INFO - CaseID:381 - QUERY字段：基础语义模糊匹配通过
2026-02-26 23:21:07,447 - INFO - CaseID:381 - 整体结果: PASS | 详情: 所有字段校验通过
2026-02-26 23:21:09,944 - INFO - CaseID:382 - QUERY字段：基础语义模糊匹配通过
2026-02-26 23:21:09,944 - INFO - CaseID:382 - 整体结果: PASS | 详情: 所有字段校验通过
2026-02-26 23:21:11,897 - INFO - CaseID:383 - QUERY字段：基础语义模糊匹配通过
2026-02-26 23:21:11,897 - INFO - CaseID:383 - 整体结果: PASS | 详情: 所有字段校验通过
2026-02-26 23:21:14,592 - INFO - CaseID:384 - QUERY字段：基础语义模糊匹配通过
2026-02-26 23:21:14,593 - INFO - CaseID:384 - 整体结果: PASS | 详情: 所有字段校验通过
2026-02-26 23:21:16,532 - INFO - CaseID:385 - 整体结果: FAILED | 详情: APINAME不匹配：预期[visual_search]，实际[AUTOSearch]; CATEGORY不匹配：一方为空 - 预期[]，实际[汽车]; QUERY不匹配：基础语义模糊匹配失败 - 预期[这个是吉利缤越么]，实际[吉利缤越的外观特征]; TAG不匹配：一方为空 - 预期[]，实际[吉利缤越&外观特征]
2026-02-26 23:21:18,275 - INFO - CaseID:386 - QUERY字段：基础语义模糊匹配通过
2026-02-26 23:21:18,276 - INFO - CaseID:386 - 整体结果: PASS | 详情: 所有字段校验通过
2026-02-26 23:21:18,276 - INFO - CaseID:387 - 整体结果: FAILED | 详情: 模型输出核心字段全为空，判定不通过
2026-02-26 23:21:20,356 - INFO - CaseID:388 - QUERY字段：基础语义模糊匹配通过
2026-02-26 23:21:20,357 - INFO - CaseID:388 - 整体结果: PASS | 详情: 所有字段校验通过
2026-02-26 23:21:22,179 - INFO - CaseID:389 - QUERY字段：基础语义模糊匹配通过
2026-02-26 23:21:22,179 - INFO - CaseID:389 - 整体结果: FAILED | 详情: APINAME不匹配：预期[visual_search]，实际[AUTOSearch]; CATEGORY不匹配：一方为空 - 预期[]，实际[汽车]; TAG不匹配：一方为空 - 预期[]，实际[捷途旅行者&简介]
2026-02-26 23:21:24,114 - INFO - CaseID:390 - 整体结果: FAILED | 详情: APINAME不匹配：预期[visual_search]，实际[AUTOSearch]; CATEGORY不匹配：一方为空 - 预期[]，实际[汽车]; QUERY不匹配：基础语义模糊匹配失败 - 预期[这是瑞虎7么]，实际[瑞虎7的官方图片]; TAG不匹配：一方为空 - 预期[]，实际[瑞虎7&官方图片]
2026-02-26 23:21:24,116 - INFO - CaseID:391 - 整体结果: FAILED | 详情: 模型输出核心字段全为空，判定不通过
2026-02-26 23:21:26,108 - INFO - CaseID:392 - QUERY字段：基础语义模糊匹配通过
2026-02-26 23:21:26,109 - INFO - CaseID:392 - 整体结果: PASS | 详情: 所有字段校验通过
2026-02-26 23:21:28,121 - INFO - CaseID:393 - 整体结果: FAILED | 详情: APINAME不匹配：预期[visual_search]，实际[QASearch]; CATEGORY不匹配：一方为空 - 预期[]，实际[生物]; QUERY不匹配：基础语义模糊匹配失败 - 预期[这是东非冠鹤西非冠鹤吗]，实际[东非冠鹤的简介]; TAG不匹配：一方为空 - 预期[]，实际[东非冠鹤&简介]
2026-02-26 23:21:31,056 - INFO - CaseID:394 - QUERY字段：基础语义模糊匹配通过
2026-02-26 23:21:31,057 - INFO - CaseID:394 - 整体结果: PASS | 详情: 所有字段校验通过
2026-02-26 23:21:33,017 - INFO - CaseID:395 - 整体结果: FAILED | 详情: APINAME不匹配：预期[visual_search]，实际[QASearch]; CATEGORY不匹配：一方为空 - 预期[]，实际[生物]; QUERY不匹配：基础语义模糊匹配失败 - 预期[它在是在大海里生活吗]，实际[它具体指什么生物或物体]; TAG不匹配：一方为空 - 预期[]，实际[它&具体指&生物或物体]
2026-02-26 23:21:35,082 - INFO - CaseID:396 - QUERY字段：基础语义模糊匹配通过
2026-02-26 23:21:35,082 - INFO - CaseID:396 - 整体结果: PASS | 详情: 所有字段校验通过
2026-02-26 23:21:37,130 - INFO - CaseID:397 - QUERY字段：基础语义模糊匹配通过
2026-02-26 23:21:37,131 - INFO - CaseID:397 - 整体结果: PASS | 详情: 所有字段校验通过
2026-02-26 23:21:39,536 - INFO - CaseID:398 - 整体结果: FAILED | 详情: APINAME不匹配：预期[visual_search]，实际[QASearch]; CATEGORY不匹配：一方为空 - 预期[]，实际[生物]; QUERY不匹配：基础语义模糊匹配失败 - 预期[这个是丹顶鹤吧]，实际[丹顶鹤的特征]; TAG不匹配：一方为空 - 预期[]，实际[丹顶鹤&特征]
2026-02-26 23:21:41,844 - INFO - CaseID:399 - QUERY字段：基础语义模糊匹配通过
2026-02-26 23:21:41,844 - INFO - CaseID:399 - 整体结果: PASS | 详情: 所有字段校验通过
2026-02-26 23:21:41,844 - INFO - 已处理400行，休眠5秒降低压力...
2026-02-26 23:21:47,823 - INFO - CaseID:400 - QUERY字段：基础语义模糊匹配通过
2026-02-26 23:21:47,824 - INFO - CaseID:400 - 整体结果: PASS | 详情: 所有字段校验通过
2026-02-26 23:21:47,824 - INFO - 已处理400条用例，当前通过数：267
2026-02-26 23:21:49,929 - INFO - CaseID:401 - QUERY字段：基础语义模糊匹配通过
2026-02-26 23:21:49,930 - INFO - CaseID:401 - 整体结果: PASS | 详情: 所有字段校验通过
2026-02-26 23:21:51,613 - INFO - CaseID:402 - QUERY字段：基础语义模糊匹配通过
2026-02-26 23:21:51,613 - INFO - CaseID:402 - 整体结果: FAILED | 详情: APINAME不匹配：预期[visual_search]，实际[QASearch]; CATEGORY不匹配：一方为空 - 预期[]，实际[生物]; TAG不匹配：一方为空 - 预期[]，实际[羊&角&弯&原因]
2026-02-26 23:21:53,716 - INFO - CaseID:403 - QUERY字段：基础语义模糊匹配通过
2026-02-26 23:21:53,716 - INFO - CaseID:403 - 整体结果: PASS | 详情: 所有字段校验通过
2026-02-26 23:21:55,756 - INFO - CaseID:404 - QUERY字段：基础语义模糊匹配通过
2026-02-26 23:21:55,756 - INFO - CaseID:404 - 整体结果: PASS | 详情: 所有字段校验通过
2026-02-26 23:21:57,762 - INFO - CaseID:405 - 整体结果: FAILED | 详情: APINAME不匹配：预期[visual_search]，实际[QASearch]; CATEGORY不匹配：一方为空 - 预期[]，实际[生物]; QUERY不匹配：基础语义模糊匹配失败 - 预期[阳光下的骆驼是什么品种]，实际[骆驼的品种分类]; TAG不匹配：一方为空 - 预期[]，实际[骆驼&品种&分类]
2026-02-26 23:21:59,861 - INFO - CaseID:406 - QUERY字段：基础语义模糊匹配通过
2026-02-26 23:21:59,862 - INFO - CaseID:406 - 整体结果: PASS | 详情: 所有字段校验通过
2026-02-26 23:22:01,850 - INFO - CaseID:407 - QUERY字段：基础语义模糊匹配通过
2026-02-26 23:22:01,851 - INFO - CaseID:407 - 整体结果: PASS | 详情: 所有字段校验通过
2026-02-26 23:22:06,155 - INFO - CaseID:408 - QUERY字段：语义匹配失败，但visual_search链路意图匹配通过
2026-02-26 23:22:06,155 - INFO - CaseID:408 - 整体结果: PASS | 详情: 所有字段校验通过
2026-02-26 23:22:06,156 - INFO - CaseID:409 - 整体结果: FAILED | 详情: 模型输出核心字段全为空，判定不通过
2026-02-26 23:22:08,145 - INFO - CaseID:410 - 整体结果: FAILED | 详情: APINAME不匹配：预期[visual_search]，实际[QASearch]; CATEGORY不匹配：一方为空 - 预期[]，实际[生物]; QUERY不匹配：基础语义模糊匹配失败 - 预期[它的鼻子为啥这么长]，实际[长鼻子的动物有哪些]; TAG不匹配：一方为空 - 预期[]，实际[长鼻子&动物]
2026-02-26 23:22:09,803 - INFO - CaseID:411 - 整体结果: FAILED | 详情: APINAME不匹配：预期[visual_search]，实际[QASearch]; CATEGORY不匹配：一方为空 - 预期[]，实际[生物]; QUERY不匹配：基础语义模糊匹配失败 - 预期[这个是大熊猫还是小熊猫]，实际[大熊猫的简介]; TAG不匹配：一方为空 - 预期[]，实际[大熊猫&简介]
2026-02-26 23:22:09,804 - INFO - CaseID:412 - 整体结果: FAILED | 详情: 模型输出核心字段全为空，判定不通过
2026-02-26 23:22:12,002 - INFO - CaseID:413 - QUERY字段：基础语义模糊匹配通过
2026-02-26 23:22:12,003 - INFO - CaseID:413 - 整体结果: PASS | 详情: 所有字段校验通过
2026-02-26 23:22:12,004 - INFO - CaseID:414 - 整体结果: FAILED | 详情: 模型输出核心字段全为空，判定不通过
2026-02-26 23:22:12,004 - INFO - CaseID:415 - 整体结果: FAILED | 详情: 模型输出核心字段全为空，判定不通过
2026-02-26 23:22:14,650 - INFO - CaseID:416 - QUERY字段：基础语义模糊匹配通过
2026-02-26 23:22:14,651 - INFO - CaseID:416 - 整体结果: PASS | 详情: 所有字段校验通过
2026-02-26 23:22:14,651 - INFO - CaseID:417 - 整体结果: FAILED | 详情: 模型输出核心字段全为空，判定不通过
2026-02-26 23:22:16,688 - INFO - CaseID:418 - QUERY字段：基础语义模糊匹配通过
2026-02-26 23:22:16,688 - INFO - CaseID:418 - 整体结果: PASS | 详情: 所有字段校验通过
2026-02-26 23:22:16,688 - INFO - CaseID:419 - 整体结果: FAILED | 详情: 模型输出核心字段全为空，判定不通过
2026-02-26 23:22:18,577 - INFO - CaseID:420 - QUERY字段：基础语义模糊匹配通过
2026-02-26 23:22:18,578 - INFO - CaseID:420 - 整体结果: PASS | 详情: 所有字段校验通过
2026-02-26 23:22:20,359 - INFO - CaseID:421 - QUERY字段：基础语义模糊匹配通过
2026-02-26 23:22:20,359 - INFO - CaseID:421 - 整体结果: PASS | 详情: 所有字段校验通过
2026-02-26 23:22:24,136 - INFO - CaseID:422 - QUERY字段：语义匹配失败，但visual_search链路意图匹配通过
2026-02-26 23:22:24,136 - INFO - CaseID:422 - 整体结果: PASS | 详情: 所有字段校验通过
2026-02-26 23:22:26,475 - INFO - CaseID:423 - QUERY字段：基础语义模糊匹配通过
2026-02-26 23:22:26,475 - INFO - CaseID:423 - 整体结果: PASS | 详情: 所有字段校验通过
2026-02-26 23:22:26,476 - INFO - CaseID:424 - 整体结果: FAILED | 详情: 模型输出核心字段全为空，判定不通过
2026-02-26 23:22:28,391 - INFO - CaseID:425 - QUERY字段：基础语义模糊匹配通过
2026-02-26 23:22:28,391 - INFO - CaseID:425 - 整体结果: PASS | 详情: 所有字段校验通过
2026-02-26 23:22:28,392 - INFO - CaseID:426 - 整体结果: FAILED | 详情: 模型输出核心字段全为空，判定不通过
2026-02-26 23:22:30,383 - INFO - CaseID:427 - QUERY字段：基础语义模糊匹配通过
2026-02-26 23:22:30,383 - INFO - CaseID:427 - 整体结果: PASS | 详情: 所有字段校验通过
2026-02-26 23:22:30,384 - INFO - CaseID:428 - 整体结果: FAILED | 详情: 模型输出核心字段全为空，判定不通过
2026-02-26 23:22:32,528 - INFO - CaseID:429 - QUERY字段：基础语义模糊匹配通过
2026-02-26 23:22:32,529 - INFO - CaseID:429 - 整体结果: PASS | 详情: 所有字段校验通过
2026-02-26 23:22:34,231 - INFO - CaseID:430 - QUERY字段：基础语义模糊匹配通过
2026-02-26 23:22:34,232 - INFO - CaseID:430 - 整体结果: PASS | 详情: 所有字段校验通过
2026-02-26 23:22:36,483 - INFO - CaseID:431 - QUERY字段：基础语义模糊匹配通过
2026-02-26 23:22:36,484 - INFO - CaseID:431 - 整体结果: PASS | 详情: 所有字段校验通过
2026-02-26 23:22:36,484 - INFO - CaseID:432 - 整体结果: FAILED | 详情: 模型输出核心字段全为空，判定不通过
2026-02-26 23:22:36,484 - INFO - CaseID:433 - 整体结果: FAILED | 详情: 模型输出核心字段全为空，判定不通过
2026-02-26 23:22:38,261 - INFO - CaseID:434 - QUERY字段：基础语义模糊匹配通过
2026-02-26 23:22:38,262 - INFO - CaseID:434 - 整体结果: FAILED | 详情: APINAME不匹配：预期[visual_search]，实际[QASearch]; CATEGORY不匹配：一方为空 - 预期[]，实际[生物]; TAG不匹配：一方为空 - 预期[]，实际[动物&特别长的牙齿]
2026-02-26 23:22:40,613 - INFO - CaseID:435 - 整体结果: FAILED | 详情: APINAME不匹配：预期[visual_search]，实际[QASearch]; CATEGORY不匹配：一方为空 - 预期[]，实际[生物]; QUERY不匹配：基础语义模糊匹配失败 - 预期[它们的牙齿为啥那么长]，实际[牙齿特别长的动物有哪些]; TAG不匹配：一方为空 - 预期[]，实际[牙齿特别长&动物]
2026-02-26 23:22:42,595 - INFO - CaseID:436 - QUERY字段：基础语义模糊匹配通过
2026-02-26 23:22:42,595 - INFO - CaseID:436 - 整体结果: PASS | 详情: 所有字段校验通过
2026-02-26 23:22:44,557 - INFO - CaseID:437 - QUERY字段：基础语义模糊匹配通过
2026-02-26 23:22:44,557 - INFO - CaseID:437 - 整体结果: PASS | 详情: 所有字段校验通过
2026-02-26 23:22:46,399 - INFO - CaseID:438 - QUERY字段：基础语义模糊匹配通过
2026-02-26 23:22:46,399 - INFO - CaseID:438 - 整体结果: PASS | 详情: 所有字段校验通过
2026-02-26 23:22:48,456 - INFO - CaseID:439 - QUERY字段：基础语义模糊匹配通过
2026-02-26 23:22:48,457 - INFO - CaseID:439 - 整体结果: PASS | 详情: 所有字段校验通过
2026-02-26 23:22:52,294 - INFO - CaseID:440 - QUERY字段：语义匹配失败，但visual_search链路意图匹配通过
2026-02-26 23:22:52,295 - INFO - CaseID:440 - 整体结果: PASS | 详情: 所有字段校验通过
2026-02-26 23:22:54,289 - INFO - CaseID:441 - QUERY字段：基础语义模糊匹配通过
2026-02-26 23:22:54,290 - INFO - CaseID:441 - 整体结果: PASS | 详情: 所有字段校验通过
2026-02-26 23:22:56,285 - INFO - CaseID:442 - QUERY字段：基础语义模糊匹配通过
2026-02-26 23:22:56,285 - INFO - CaseID:442 - 整体结果: PASS | 详情: 所有字段校验通过
2026-02-26 23:22:58,197 - INFO - CaseID:443 - QUERY字段：基础语义模糊匹配通过
2026-02-26 23:22:58,198 - INFO - CaseID:443 - 整体结果: PASS | 详情: 所有字段校验通过
2026-02-26 23:23:00,036 - INFO - CaseID:444 - QUERY字段：基础语义模糊匹配通过
2026-02-26 23:23:00,036 - INFO - CaseID:444 - 整体结果: PASS | 详情: 所有字段校验通过
2026-02-26 23:23:04,067 - INFO - CaseID:445 - QUERY字段：语义匹配失败，但visual_search链路意图匹配通过
2026-02-26 23:23:04,068 - INFO - CaseID:445 - 整体结果: PASS | 详情: 所有字段校验通过
2026-02-26 23:23:06,058 - INFO - CaseID:446 - QUERY字段：基础语义模糊匹配通过
2026-02-26 23:23:06,058 - INFO - CaseID:446 - 整体结果: PASS | 详情: 所有字段校验通过
2026-02-26 23:23:10,118 - INFO - CaseID:447 - QUERY字段：语义匹配失败，但visual_search链路意图匹配通过
2026-02-26 23:23:10,118 - INFO - CaseID:447 - 整体结果: PASS | 详情: 所有字段校验通过
2026-02-26 23:23:12,252 - INFO - CaseID:448 - 整体结果: FAILED | 详情: APINAME不匹配：预期[visual_search]，实际[QASearch]; CATEGORY不匹配：一方为空 - 预期[]，实际[生物]; QUERY不匹配：基础语义模糊匹配失败 - 预期[它是卵生生物吗]，实际[它具体指哪种生物]; TAG不匹配：一方为空 - 预期[]，实际[它&具体指&生物]
2026-02-26 23:23:14,141 - INFO - CaseID:449 - QUERY字段：基础语义模糊匹配通过
2026-02-26 23:23:14,142 - INFO - CaseID:449 - 整体结果: PASS | 详情: 所有字段校验通过
2026-02-26 23:23:16,310 - INFO - CaseID:450 - 整体结果: FAILED | 详情: APINAME不匹配：预期[visual_search]，实际[QASearch]; CATEGORY不匹配：一方为空 - 预期[]，实际[生物]; QUERY不匹配：基础语义模糊匹配失败 - 预期[这是白额雁吗]，实际[白额雁的特征]; TAG不匹配：一方为空 - 预期[]，实际[白额雁&特征]
2026-02-26 23:23:16,310 - INFO - CaseID:451 - 整体结果: FAILED | 详情: 模型输出核心字段全为空，判定不通过
2026-02-26 23:23:20,198 - INFO - CaseID:452 - QUERY字段：语义匹配失败，但visual_search链路意图匹配通过
2026-02-26 23:23:20,198 - INFO - CaseID:452 - 整体结果: PASS | 详情: 所有字段校验通过
2026-02-26 23:23:22,710 - INFO - CaseID:453 - QUERY字段：基础语义模糊匹配通过
2026-02-26 23:23:22,710 - INFO - CaseID:453 - 整体结果: PASS | 详情: 所有字段校验通过
2026-02-26 23:23:24,561 - INFO - CaseID:454 - 整体结果: FAILED | 详情: APINAME不匹配：预期[visual_search]，实际[QASearch]; CATEGORY不匹配：一方为空 - 预期[]，实际[生物]; QUERY不匹配：基础语义模糊匹配失败 - 预期[这是几只白鹤呀]，实际[白鹤的种类]; TAG不匹配：一方为空 - 预期[]，实际[白鹤&种类]
2026-02-26 23:23:26,556 - INFO - CaseID:455 - QUERY字段：基础语义模糊匹配通过
2026-02-26 23:23:26,557 - INFO - CaseID:455 - 整体结果: PASS | 详情: 所有字段校验通过
2026-02-26 23:23:28,476 - INFO - CaseID:456 - QUERY字段：基础语义模糊匹配通过
2026-02-26 23:23:28,477 - INFO - CaseID:456 - 整体结果: PASS | 详情: 所有字段校验通过
2026-02-26 23:23:30,143 - INFO - CaseID:457 - QUERY字段：基础语义模糊匹配通过
2026-02-26 23:23:30,143 - INFO - CaseID:457 - 整体结果: PASS | 详情: 所有字段校验通过
2026-02-26 23:23:32,205 - INFO - CaseID:458 - QUERY字段：基础语义模糊匹配通过
2026-02-26 23:23:32,206 - INFO - CaseID:458 - 整体结果: PASS | 详情: 所有字段校验通过
2026-02-26 23:23:33,902 - INFO - CaseID:459 - 整体结果: FAILED | 详情: APINAME不匹配：预期[visual_search]，实际[QASearch]; CATEGORY不匹配：一方为空 - 预期[]，实际[生物]; QUERY不匹配：基础语义模糊匹配失败 - 预期[它的尾巴为什么那么长]，实际[尾巴特别长的动物有哪些]; TAG不匹配：一方为空 - 预期[]，实际[尾巴特别长&动物]
2026-02-26 23:23:36,246 - INFO - CaseID:460 - QUERY字段：基础语义模糊匹配通过
2026-02-26 23:23:36,247 - INFO - CaseID:460 - 整体结果: PASS | 详情: 所有字段校验通过
2026-02-26 23:23:38,127 - INFO - CaseID:461 - 整体结果: FAILED | 详情: APINAME不匹配：预期[visual_search]，实际[QASearch]; CATEGORY不匹配：一方为空 - 预期[]，实际[生物]; QUERY不匹配：基础语义模糊匹配失败 - 预期[这是几只细尾獴]，实际[细尾獴的特征]; TAG不匹配：一方为空 - 预期[]，实际[细尾獴&特征]
2026-02-26 23:23:40,600 - INFO - CaseID:462 - QUERY字段：基础语义模糊匹配通过
2026-02-26 23:23:40,600 - INFO - CaseID:462 - 整体结果: PASS | 详情: 所有字段校验通过
2026-02-26 23:23:40,601 - INFO - CaseID:463 - 整体结果: FAILED | 详情: 模型输出核心字段全为空，判定不通过
2026-02-26 23:23:42,570 - INFO - CaseID:464 - QUERY字段：基础语义模糊匹配通过
2026-02-26 23:23:42,571 - INFO - CaseID:464 - 整体结果: PASS | 详情: 所有字段校验通过
2026-02-26 23:23:44,212 - INFO - CaseID:465 - 整体结果: FAILED | 详情: APINAME不匹配：预期[visual_search]，实际[QASearch]; CATEGORY不匹配：一方为空 - 预期[]，实际[生物]; QUERY不匹配：基础语义模糊匹配失败 - 预期[这个孔雀是绿孔雀吗]，实际[绿孔雀的特征]; TAG不匹配：一方为空 - 预期[]，实际[绿孔雀&特征]
2026-02-26 23:23:44,213 - INFO - CaseID:466 - 整体结果: FAILED | 详情: 模型输出核心字段全为空，判定不通过
2026-02-26 23:23:46,644 - INFO - CaseID:467 - QUERY字段：基础语义模糊匹配通过
2026-02-26 23:23:46,644 - INFO - CaseID:467 - 整体结果: PASS | 详情: 所有字段校验通过
2026-02-26 23:23:48,541 - INFO - CaseID:468 - QUERY字段：基础语义模糊匹配通过
2026-02-26 23:23:48,541 - INFO - CaseID:468 - 整体结果: PASS | 详情: 所有字段校验通过
2026-02-26 23:23:50,520 - INFO - CaseID:469 - QUERY字段：基础语义模糊匹配通过
2026-02-26 23:23:50,520 - INFO - CaseID:469 - 整体结果: PASS | 详情: 所有字段校验通过
2026-02-26 23:23:52,488 - INFO - CaseID:470 - QUERY字段：基础语义模糊匹配通过
2026-02-26 23:23:52,488 - INFO - CaseID:470 - 整体结果: PASS | 详情: 所有字段校验通过
2026-02-26 23:23:55,173 - INFO - CaseID:471 - QUERY字段：基础语义模糊匹配通过
2026-02-26 23:23:55,173 - INFO - CaseID:471 - 整体结果: PASS | 详情: 所有字段校验通过
2026-02-26 23:23:57,187 - INFO - CaseID:472 - QUERY字段：基础语义模糊匹配通过
2026-02-26 23:23:57,187 - INFO - CaseID:472 - 整体结果: PASS | 详情: 所有字段校验通过
2026-02-26 23:23:58,814 - INFO - CaseID:473 - 整体结果: FAILED | 详情: APINAME不匹配：预期[visual_search]，实际[QASearch]; CATEGORY不匹配：一方为空 - 预期[]，实际[生物]; QUERY不匹配：基础语义模糊匹配失败 - 预期[这个是羚牛么]，实际[羚牛的特征]; TAG不匹配：一方为空 - 预期[]，实际[羚牛&特征]
2026-02-26 23:24:00,700 - INFO - CaseID:474 - QUERY字段：基础语义模糊匹配通过
2026-02-26 23:24:00,700 - INFO - CaseID:474 - 整体结果: PASS | 详情: 所有字段校验通过
2026-02-26 23:24:04,882 - INFO - CaseID:475 - QUERY字段：语义匹配失败，但visual_search链路意图匹配通过
2026-02-26 23:24:04,882 - INFO - CaseID:475 - 整体结果: PASS | 详情: 所有字段校验通过
2026-02-26 23:24:06,990 - INFO - CaseID:476 - QUERY字段：基础语义模糊匹配通过
2026-02-26 23:24:06,990 - INFO - CaseID:476 - 整体结果: PASS | 详情: 所有字段校验通过
2026-02-26 23:24:10,847 - INFO - CaseID:477 - QUERY字段：语义匹配失败，但visual_search链路意图匹配通过
2026-02-26 23:24:10,847 - INFO - CaseID:477 - 整体结果: PASS | 详情: 所有字段校验通过
2026-02-26 23:24:12,466 - INFO - CaseID:478 - QUERY字段：基础语义模糊匹配通过
2026-02-26 23:24:12,466 - INFO - CaseID:478 - 整体结果: PASS | 详情: 所有字段校验通过
2026-02-26 23:24:16,744 - INFO - CaseID:479 - QUERY字段：语义匹配失败，但visual_search链路意图匹配通过
2026-02-26 23:24:16,745 - INFO - CaseID:479 - 整体结果: PASS | 详情: 所有字段校验通过
2026-02-26 23:24:18,693 - INFO - CaseID:480 - 整体结果: FAILED | 详情: APINAME不匹配：预期[visual_search]，实际[QASearch]; CATEGORY不匹配：一方为空 - 预期[]，实际[生物]; QUERY不匹配：基础语义模糊匹配失败 - 预期[蓑羽鹤在干什么]，实际[蓑羽鹤的主要活动]; TAG不匹配：一方为空 - 预期[]，实际[蓑羽鹤&主要活动]
2026-02-26 23:24:18,694 - INFO - CaseID:481 - 整体结果: FAILED | 详情: 模型输出核心字段全为空，判定不通过
2026-02-26 23:24:20,869 - INFO - CaseID:482 - QUERY字段：基础语义模糊匹配通过
2026-02-26 23:24:20,869 - INFO - CaseID:482 - 整体结果: PASS | 详情: 所有字段校验通过
2026-02-26 23:24:22,817 - INFO - CaseID:483 - QUERY字段：基础语义模糊匹配通过
2026-02-26 23:24:22,817 - INFO - CaseID:483 - 整体结果: PASS | 详情: 所有字段校验通过
2026-02-26 23:24:26,747 - INFO - CaseID:484 - QUERY字段：语义匹配失败，但visual_search链路意图匹配通过
2026-02-26 23:24:26,748 - INFO - CaseID:484 - 整体结果: PASS | 详情: 所有字段校验通过
2026-02-26 23:24:28,736 - INFO - CaseID:485 - QUERY字段：基础语义模糊匹配通过
2026-02-26 23:24:28,737 - INFO - CaseID:485 - 整体结果: PASS | 详情: 所有字段校验通过
2026-02-26 23:24:30,564 - INFO - CaseID:486 - QUERY字段：基础语义模糊匹配通过
2026-02-26 23:24:30,565 - INFO - CaseID:486 - 整体结果: PASS | 详情: 所有字段校验通过
2026-02-26 23:24:33,160 - INFO - CaseID:487 - QUERY字段：基础语义模糊匹配通过
2026-02-26 23:24:33,161 - INFO - CaseID:487 - 整体结果: PASS | 详情: 所有字段校验通过
2026-02-26 23:24:35,194 - INFO - CaseID:488 - 整体结果: FAILED | 详情: APINAME不匹配：预期[visual_search]，实际[QASearch]; CATEGORY不匹配：一方为空 - 预期[]，实际[生物]; QUERY不匹配：基础语义模糊匹配失败 - 预期[这个野猪在干嘛]，实际[野猪常见行为]; TAG不匹配：一方为空 - 预期[]，实际[野猪&常见行为]
2026-02-26 23:24:37,252 - INFO - CaseID:489 - QUERY字段：基础语义模糊匹配通过
2026-02-26 23:24:37,253 - INFO - CaseID:489 - 整体结果: PASS | 详情: 所有字段校验通过
2026-02-26 23:24:39,212 - INFO - CaseID:490 - QUERY字段：基础语义模糊匹配通过
2026-02-26 23:24:39,212 - INFO - CaseID:490 - 整体结果: PASS | 详情: 所有字段校验通过
2026-02-26 23:24:40,868 - INFO - CaseID:491 - QUERY字段：基础语义模糊匹配通过
2026-02-26 23:24:40,868 - INFO - CaseID:491 - 整体结果: PASS | 详情: 所有字段校验通过
2026-02-26 23:24:42,917 - INFO - CaseID:492 - 整体结果: FAILED | 详情: APINAME不匹配：预期[visual_search]，实际[QASearch]; CATEGORY不匹配：一方为空 - 预期[]，实际[生物]; QUERY不匹配：基础语义模糊匹配失败 - 预期[它为什么满身斑点]，实际[它具体指代的动物]; TAG不匹配：一方为空 - 预期[]，实际[它&具体指代&动物]
2026-02-26 23:24:47,295 - INFO - CaseID:493 - QUERY字段：语义匹配失败，但visual_search链路意图匹配通过
2026-02-26 23:24:47,295 - INFO - CaseID:493 - 整体结果: PASS | 详情: 所有字段校验通过
2026-02-26 23:24:49,185 - INFO - CaseID:494 - QUERY字段：基础语义模糊匹配通过
2026-02-26 23:24:49,186 - INFO - CaseID:494 - 整体结果: PASS | 详情: 所有字段校验通过
2026-02-26 23:24:51,570 - INFO - CaseID:495 - QUERY字段：基础语义模糊匹配通过
2026-02-26 23:24:51,571 - INFO - CaseID:495 - 整体结果: PASS | 详情: 所有字段校验通过
2026-02-26 23:24:55,913 - INFO - CaseID:496 - QUERY字段：语义匹配失败，但visual_search链路意图匹配通过
2026-02-26 23:24:55,914 - INFO - CaseID:496 - 整体结果: PASS | 详情: 所有字段校验通过
2026-02-26 23:24:59,783 - INFO - CaseID:497 - QUERY字段：语义匹配失败，但visual_search链路意图匹配通过
2026-02-26 23:24:59,784 - INFO - CaseID:497 - 整体结果: PASS | 详情: 所有字段校验通过
2026-02-26 23:25:02,012 - INFO - CaseID:498 - QUERY字段：基础语义模糊匹配通过
2026-02-26 23:25:02,013 - INFO - CaseID:498 - 整体结果: PASS | 详情: 所有字段校验通过
2026-02-26 23:25:04,405 - INFO - CaseID:499 - QUERY字段：基础语义模糊匹配通过
2026-02-26 23:25:04,405 - INFO - CaseID:499 - 整体结果: PASS | 详情: 所有字段校验通过
2026-02-26 23:25:04,405 - INFO - 已处理500行，休眠5秒降低压力...
2026-02-26 23:25:10,392 - INFO - CaseID:500 - QUERY字段：基础语义模糊匹配通过
2026-02-26 23:25:10,392 - INFO - CaseID:500 - 整体结果: PASS | 详情: 所有字段校验通过
2026-02-26 23:25:12,294 - INFO - CaseID:501 - 整体结果: FAILED | 详情: APINAME不匹配：预期[visual_search]，实际[QASearch]; CATEGORY不匹配：一方为空 - 预期[]，实际[生物]; QUERY不匹配：基础语义模糊匹配失败 - 预期[这是马来熊吗]，实际[马来熊的特征]; TAG不匹配：一方为空 - 预期[]，实际[马来熊&特征]
2026-02-26 23:25:13,938 - INFO - CaseID:502 - QUERY字段：基础语义模糊匹配通过
2026-02-26 23:25:13,938 - INFO - CaseID:502 - 整体结果: PASS | 详情: 所有字段校验通过
2026-02-26 23:25:15,903 - INFO - CaseID:503 - QUERY字段：基础语义模糊匹配通过
2026-02-26 23:25:15,904 - INFO - CaseID:503 - 整体结果: PASS | 详情: 所有字段校验通过
2026-02-26 23:25:15,904 - INFO - CaseID:504 - 整体结果: FAILED | 详情: 模型输出核心字段全为空，判定不通过
2026-02-26 23:25:17,693 - INFO - CaseID:505 - QUERY字段：基础语义模糊匹配通过
2026-02-26 23:25:17,694 - INFO - CaseID:505 - 整体结果: PASS | 详情: 所有字段校验通过
2026-02-26 23:25:19,749 - INFO - CaseID:506 - QUERY字段：基础语义模糊匹配通过
2026-02-26 23:25:19,749 - INFO - CaseID:506 - 整体结果: PASS | 详情: 所有字段校验通过
2026-02-26 23:25:21,707 - INFO - CaseID:507 - QUERY字段：基础语义模糊匹配通过
2026-02-26 23:25:21,707 - INFO - CaseID:507 - 整体结果: PASS | 详情: 所有字段校验通过
2026-02-26 23:25:21,708 - INFO - CaseID:508 - 整体结果: FAILED | 详情: 模型输出核心字段全为空，判定不通过
2026-02-26 23:25:23,671 - INFO - CaseID:509 - QUERY字段：基础语义模糊匹配通过
2026-02-26 23:25:23,672 - INFO - CaseID:509 - 整体结果: PASS | 详情: 所有字段校验通过
2026-02-26 23:25:23,672 - INFO - CaseID:510 - 整体结果: FAILED | 详情: 模型输出核心字段全为空，判定不通过
2026-02-26 23:25:23,672 - INFO - CaseID:511 - 整体结果: FAILED | 详情: 模型输出核心字段全为空，判定不通过
2026-02-26 23:25:25,698 - INFO - CaseID:512 - QUERY字段：基础语义模糊匹配通过
2026-02-26 23:25:25,698 - INFO - CaseID:512 - 整体结果: PASS | 详情: 所有字段校验通过
2026-02-26 23:25:27,427 - INFO - CaseID:513 - QUERY字段：基础语义模糊匹配通过
2026-02-26 23:25:27,428 - INFO - CaseID:513 - 整体结果: PASS | 详情: 所有字段校验通过
2026-02-26 23:25:29,463 - INFO - CaseID:514 - QUERY字段：基础语义模糊匹配通过
2026-02-26 23:25:29,464 - INFO - CaseID:514 - 整体结果: PASS | 详情: 所有字段校验通过
2026-02-26 23:25:31,333 - INFO - CaseID:515 - QUERY字段：基础语义模糊匹配通过
2026-02-26 23:25:31,333 - INFO - CaseID:515 - 整体结果: PASS | 详情: 所有字段校验通过
2026-02-26 23:25:33,268 - INFO - CaseID:516 - QUERY字段：基础语义模糊匹配通过
2026-02-26 23:25:33,269 - INFO - CaseID:516 - 整体结果: PASS | 详情: 所有字段校验通过
2026-02-26 23:25:35,213 - INFO - CaseID:517 - 整体结果: FAILED | 详情: APINAME不匹配：预期[visual_search]，实际[QASearch]; CATEGORY不匹配：一方为空 - 预期[]，实际[生物]; QUERY不匹配：基础语义模糊匹配失败 - 预期[这是黑天鹅么]，实际[黑天鹅的特征]; TAG不匹配：一方为空 - 预期[]，实际[黑天鹅&特征]
2026-02-26 23:25:37,186 - INFO - CaseID:518 - QUERY字段：基础语义模糊匹配通过
2026-02-26 23:25:37,187 - INFO - CaseID:518 - 整体结果: PASS | 详情: 所有字段校验通过
2026-02-26 23:25:39,074 - INFO - CaseID:519 - 整体结果: FAILED | 详情: APINAME不匹配：预期[visual_search]，实际[QASearch]; CATEGORY不匹配：一方为空 - 预期[]，实际[人物]; QUERY不匹配：基础语义模糊匹配失败 - 预期[识别当前摄像头捕捉到的物体或生物]，实际[理想同学与人类的渊源]; TAG不匹配：一方为空 - 预期[]，实际[理想同学&人类&渊源]
2026-02-26 23:25:39,075 - INFO - CaseID:520 - 整体结果: FAILED | 详情: 模型输出核心字段全为空，判定不通过
2026-02-26 23:25:40,864 - INFO - CaseID:521 - QUERY字段：基础语义模糊匹配通过
2026-02-26 23:25:40,864 - INFO - CaseID:521 - 整体结果: PASS | 详情: 所有字段校验通过
2026-02-26 23:25:42,867 - INFO - CaseID:522 - QUERY字段：基础语义模糊匹配通过
2026-02-26 23:25:42,868 - INFO - CaseID:522 - 整体结果: PASS | 详情: 所有字段校验通过
2026-02-26 23:25:44,614 - INFO - CaseID:523 - QUERY字段：基础语义模糊匹配通过
2026-02-26 23:25:44,614 - INFO - CaseID:523 - 整体结果: PASS | 详情: 所有字段校验通过
2026-02-26 23:25:46,660 - INFO - CaseID:524 - QUERY字段：基础语义模糊匹配通过
2026-02-26 23:25:46,660 - INFO - CaseID:524 - 整体结果: PASS | 详情: 所有字段校验通过
2026-02-26 23:25:48,570 - INFO - CaseID:525 - QUERY字段：基础语义模糊匹配通过
2026-02-26 23:25:48,571 - INFO - CaseID:525 - 整体结果: PASS | 详情: 所有字段校验通过
2026-02-26 23:25:52,610 - INFO - CaseID:526 - QUERY字段：语义匹配失败，但visual_search链路意图匹配通过
2026-02-26 23:25:52,610 - INFO - CaseID:526 - 整体结果: PASS | 详情: 所有字段校验通过
2026-02-26 23:25:54,549 - INFO - CaseID:527 - QUERY字段：基础语义模糊匹配通过
2026-02-26 23:25:54,549 - INFO - CaseID:527 - 整体结果: PASS | 详情: 所有字段校验通过
2026-02-26 23:25:56,604 - INFO - CaseID:528 - QUERY字段：基础语义模糊匹配通过
2026-02-26 23:25:56,605 - INFO - CaseID:528 - 整体结果: PASS | 详情: 所有字段校验通过
2026-02-26 23:25:56,605 - INFO - CaseID:529 - 整体结果: FAILED | 详情: 模型输出核心字段全为空，判定不通过
2026-02-26 23:25:58,483 - INFO - CaseID:530 - QUERY字段：基础语义模糊匹配通过
2026-02-26 23:25:58,484 - INFO - CaseID:530 - 整体结果: PASS | 详情: 所有字段校验通过
2026-02-26 23:25:58,484 - INFO - CaseID:531 - 整体结果: FAILED | 详情: 模型输出核心字段全为空，判定不通过
2026-02-26 23:25:58,485 - INFO - CaseID:532 - 整体结果: FAILED | 详情: 模型输出核心字段全为空，判定不通过
2026-02-26 23:25:58,485 - INFO - CaseID:533 - 整体结果: FAILED | 详情: 模型输出核心字段全为空，判定不通过
2026-02-26 23:26:00,506 - INFO - CaseID:534 - QUERY字段：基础语义模糊匹配通过
2026-02-26 23:26:00,508 - INFO - CaseID:534 - 整体结果: PASS | 详情: 所有字段校验通过
2026-02-26 23:26:02,485 - INFO - CaseID:535 - QUERY字段：基础语义模糊匹配通过
2026-02-26 23:26:02,485 - INFO - CaseID:535 - 整体结果: PASS | 详情: 所有字段校验通过
2026-02-26 23:26:05,149 - INFO - CaseID:536 - QUERY字段：基础语义模糊匹配通过
2026-02-26 23:26:05,149 - INFO - CaseID:536 - 整体结果: PASS | 详情: 所有字段校验通过
2026-02-26 23:26:09,014 - INFO - CaseID:537 - QUERY字段：语义匹配失败，但visual_search链路意图匹配通过
2026-02-26 23:26:09,014 - INFO - CaseID:537 - 整体结果: PASS | 详情: 所有字段校验通过
2026-02-26 23:26:11,058 - INFO - CaseID:538 - QUERY字段：基础语义模糊匹配通过
2026-02-26 23:26:11,058 - INFO - CaseID:538 - 整体结果: PASS | 详情: 所有字段校验通过
2026-02-26 23:26:12,793 - INFO - CaseID:539 - QUERY字段：基础语义模糊匹配通过
2026-02-26 23:26:12,794 - INFO - CaseID:539 - 整体结果: PASS | 详情: 所有字段校验通过
2026-02-26 23:26:15,662 - INFO - CaseID:540 - 整体结果: FAILED | 详情: APINAME不匹配：预期[visual_search]，实际[QASearch]; CATEGORY不匹配：一方为空 - 预期[]，实际[生物]; QUERY不匹配：基础语义模糊匹配失败 - 预期[你觉得这只狗可能在考虑什么呢]，实际[狗的行为心理学分析]; TAG不匹配：一方为空 - 预期[]，实际[狗&行为心理学]
2026-02-26 23:26:19,497 - INFO - CaseID:541 - QUERY字段：语义匹配失败，但visual_search链路意图匹配通过
2026-02-26 23:26:19,498 - INFO - CaseID:541 - 整体结果: PASS | 详情: 所有字段校验通过
2026-02-26 23:26:23,453 - INFO - CaseID:542 - QUERY字段：语义匹配失败，但visual_search链路意图匹配通过
2026-02-26 23:26:23,453 - INFO - CaseID:542 - 整体结果: PASS | 详情: 所有字段校验通过
2026-02-26 23:26:25,439 - INFO - CaseID:543 - QUERY字段：基础语义模糊匹配通过
2026-02-26 23:26:25,439 - INFO - CaseID:543 - 整体结果: PASS | 详情: 所有字段校验通过
2026-02-26 23:26:27,231 - INFO - CaseID:544 - QUERY字段：基础语义模糊匹配通过
2026-02-26 23:26:27,232 - INFO - CaseID:544 - 整体结果: PASS | 详情: 所有字段校验通过
2026-02-26 23:26:29,734 - INFO - CaseID:545 - QUERY字段：基础语义模糊匹配通过
2026-02-26 23:26:29,734 - INFO - CaseID:545 - 整体结果: PASS | 详情: 所有字段校验通过
2026-02-26 23:26:31,659 - INFO - CaseID:546 - QUERY字段：基础语义模糊匹配通过
2026-02-26 23:26:31,659 - INFO - CaseID:546 - 整体结果: PASS | 详情: 所有字段校验通过
2026-02-26 23:26:33,617 - INFO - CaseID:547 - QUERY字段：基础语义模糊匹配通过
2026-02-26 23:26:33,617 - INFO - CaseID:547 - 整体结果: PASS | 详情: 所有字段校验通过
2026-02-26 23:26:35,196 - INFO - CaseID:548 - QUERY字段：基础语义模糊匹配通过
2026-02-26 23:26:35,196 - INFO - CaseID:548 - 整体结果: PASS | 详情: 所有字段校验通过
2026-02-26 23:26:37,301 - INFO - CaseID:549 - QUERY字段：基础语义模糊匹配通过
2026-02-26 23:26:37,301 - INFO - CaseID:549 - 整体结果: PASS | 详情: 所有字段校验通过
2026-02-26 23:26:39,117 - INFO - CaseID:550 - QUERY字段：基础语义模糊匹配通过
2026-02-26 23:26:39,118 - INFO - CaseID:550 - 整体结果: PASS | 详情: 所有字段校验通过
2026-02-26 23:26:39,119 - INFO - CaseID:551 - 整体结果: FAILED | 详情: 模型输出核心字段全为空，判定不通过
2026-02-26 23:26:39,119 - INFO - CaseID:552 - 整体结果: FAILED | 详情: 模型输出核心字段全为空，判定不通过
2026-02-26 23:26:39,119 - INFO - CaseID:553 - 整体结果: FAILED | 详情: 模型输出核心字段全为空，判定不通过
2026-02-26 23:26:40,879 - INFO - CaseID:554 - QUERY字段：基础语义模糊匹配通过
2026-02-26 23:26:40,880 - INFO - CaseID:554 - 整体结果: PASS | 详情: 所有字段校验通过
2026-02-26 23:26:40,880 - INFO - CaseID:555 - 整体结果: FAILED | 详情: 模型输出核心字段全为空，判定不通过
2026-02-26 23:26:43,008 - INFO - CaseID:556 - QUERY字段：基础语义模糊匹配通过
2026-02-26 23:26:43,008 - INFO - CaseID:556 - 整体结果: PASS | 详情: 所有字段校验通过
2026-02-26 23:26:46,222 - INFO - CaseID:557 - QUERY字段：基础语义模糊匹配通过
2026-02-26 23:26:46,222 - INFO - CaseID:557 - 整体结果: PASS | 详情: 所有字段校验通过
2026-02-26 23:26:48,214 - INFO - CaseID:558 - 整体结果: FAILED | 详情: APINAME不匹配：预期[visual_search]，实际[QASearch]; CATEGORY不匹配：一方为空 - 预期[]，实际[生物]; QUERY不匹配：基础语义模糊匹配失败 - 预期[这个狗是爱尔兰红白雪达犬吗]，实际[爱尔兰红白雪达犬的特征]; TAG不匹配：一方为空 - 预期[]，实际[爱尔兰红白雪达犬&特征]
2026-02-26 23:26:50,271 - INFO - CaseID:559 - QUERY字段：基础语义模糊匹配通过
2026-02-26 23:26:50,271 - INFO - CaseID:559 - 整体结果: PASS | 详情: 所有字段校验通过
2026-02-26 23:26:52,102 - INFO - CaseID:560 - QUERY字段：基础语义模糊匹配通过
2026-02-26 23:26:52,102 - INFO - CaseID:560 - 整体结果: PASS | 详情: 所有字段校验通过
2026-02-26 23:26:52,103 - INFO - CaseID:561 - 整体结果: FAILED | 详情: 模型输出核心字段全为空，判定不通过
2026-02-26 23:26:54,150 - INFO - CaseID:562 - QUERY字段：基础语义模糊匹配通过
2026-02-26 23:26:54,150 - INFO - CaseID:562 - 整体结果: PASS | 详情: 所有字段校验通过
2026-02-26 23:26:56,087 - INFO - CaseID:563 - QUERY字段：基础语义模糊匹配通过
2026-02-26 23:26:56,087 - INFO - CaseID:563 - 整体结果: PASS | 详情: 所有字段校验通过
2026-02-26 23:26:56,087 - INFO - CaseID:564 - 整体结果: FAILED | 详情: 模型输出核心字段全为空，判定不通过
2026-02-26 23:26:58,196 - INFO - CaseID:565 - QUERY字段：基础语义模糊匹配通过
2026-02-26 23:26:58,197 - INFO - CaseID:565 - 整体结果: PASS | 详情: 所有字段校验通过
2026-02-26 23:27:00,088 - INFO - CaseID:566 - QUERY字段：基础语义模糊匹配通过
2026-02-26 23:27:00,090 - INFO - CaseID:566 - 整体结果: PASS | 详情: 所有字段校验通过
2026-02-26 23:27:02,257 - INFO - CaseID:567 - QUERY字段：基础语义模糊匹配通过
2026-02-26 23:27:02,257 - INFO - CaseID:567 - 整体结果: PASS | 详情: 所有字段校验通过
2026-02-26 23:27:04,170 - INFO - CaseID:568 - QUERY字段：基础语义模糊匹配通过
2026-02-26 23:27:04,170 - INFO - CaseID:568 - 整体结果: PASS | 详情: 所有字段校验通过
2026-02-26 23:27:05,967 - INFO - CaseID:569 - QUERY字段：基础语义模糊匹配通过
2026-02-26 23:27:05,968 - INFO - CaseID:569 - 整体结果: FAILED | 详情: APINAME不匹配：预期[visual_search]，实际[QASearch]; CATEGORY不匹配：一方为空 - 预期[]，实际[生物]; TAG不匹配：一方为空 - 预期[]，实际[蓝猫&品种]
2026-02-26 23:27:10,003 - INFO - CaseID:570 - QUERY字段：语义匹配失败，但visual_search链路意图匹配通过
2026-02-26 23:27:10,003 - INFO - CaseID:570 - 整体结果: PASS | 详情: 所有字段校验通过
2026-02-26 23:27:12,598 - INFO - CaseID:571 - QUERY字段：基础语义模糊匹配通过
2026-02-26 23:27:12,598 - INFO - CaseID:571 - 整体结果: PASS | 详情: 所有字段校验通过
2026-02-26 23:27:14,568 - INFO - CaseID:572 - QUERY字段：基础语义模糊匹配通过
2026-02-26 23:27:14,569 - INFO - CaseID:572 - 整体结果: PASS | 详情: 所有字段校验通过
2026-02-26 23:27:14,569 - INFO - CaseID:573 - 整体结果: FAILED | 详情: 模型输出核心字段全为空，判定不通过
2026-02-26 23:27:19,157 - INFO - CaseID:574 - QUERY字段：语义匹配失败，但visual_search链路意图匹配通过
2026-02-26 23:27:19,157 - INFO - CaseID:574 - 整体结果: PASS | 详情: 所有字段校验通过
2026-02-26 23:27:19,158 - INFO - CaseID:575 - 整体结果: FAILED | 详情: 模型输出核心字段全为空，判定不通过
2026-02-26 23:27:20,820 - INFO - CaseID:576 - 整体结果: FAILED | 详情: APINAME不匹配：预期[visual_search]，实际[worthbuy]; CATEGORY不匹配：一方为空 - 预期[]，实际[商品对比]; QUERY不匹配：基础语义模糊匹配失败 - 预期[识别当前摄像头画面中的物品]，实际[常见无毛材料手感对比]; TAG不匹配：一方为空 - 预期[]，实际[常见&无毛材料&手感对比]
2026-02-26 23:27:24,367 - INFO - CaseID:577 - 整体结果: FAILED | 详情: APINAME不匹配：预期[visual_search]，实际[QASearch]; CATEGORY不匹配：一方为空 - 预期[]，实际[生物]; QUERY不匹配：基础语义模糊匹配失败 - 预期[这个是曼基康猫吗]，实际[曼基康猫的特征]; TAG不匹配：一方为空 - 预期[]，实际[曼基康猫&特征]
2026-02-26 23:27:26,030 - INFO - CaseID:578 - 整体结果: FAILED | 详情: APINAME不匹配：预期[visual_search]，实际[QASearch]; CATEGORY不匹配：一方为空 - 预期[]，实际[生物]; QUERY不匹配：基础语义模糊匹配失败 - 预期[它是不是食肉动物]，实际[它具体指哪种动物]; TAG不匹配：一方为空 - 预期[]，实际[它&具体指&动物]
2026-02-26 23:27:26,030 - INFO - CaseID:579 - 整体结果: FAILED | 详情: 模型输出核心字段全为空，判定不通过
2026-02-26 23:27:28,060 - INFO - CaseID:580 - QUERY字段：基础语义模糊匹配通过
2026-02-26 23:27:28,060 - INFO - CaseID:580 - 整体结果: PASS | 详情: 所有字段校验通过
2026-02-26 23:27:30,005 - INFO - CaseID:581 - QUERY字段：基础语义模糊匹配通过
2026-02-26 23:27:30,006 - INFO - CaseID:581 - 整体结果: PASS | 详情: 所有字段校验通过
2026-02-26 23:27:32,057 - INFO - CaseID:582 - QUERY字段：基础语义模糊匹配通过
2026-02-26 23:27:32,057 - INFO - CaseID:582 - 整体结果: PASS | 详情: 所有字段校验通过
2026-02-26 23:27:33,883 - INFO - CaseID:583 - QUERY字段：基础语义模糊匹配通过
2026-02-26 23:27:33,884 - INFO - CaseID:583 - 整体结果: PASS | 详情: 所有字段校验通过
2026-02-26 23:27:35,523 - INFO - CaseID:584 - QUERY字段：基础语义模糊匹配通过
2026-02-26 23:27:35,524 - INFO - CaseID:584 - 整体结果: PASS | 详情: 所有字段校验通过
2026-02-26 23:27:35,524 - INFO - CaseID:585 - 整体结果: FAILED | 详情: 模型输出核心字段全为空，判定不通过
2026-02-26 23:27:37,461 - INFO - CaseID:586 - QUERY字段：基础语义模糊匹配通过
2026-02-26 23:27:37,462 - INFO - CaseID:586 - 整体结果: PASS | 详情: 所有字段校验通过
2026-02-26 23:27:39,450 - INFO - CaseID:587 - 整体结果: FAILED | 详情: APINAME不匹配：预期[visual_search]，实际[QASearch]; CATEGORY不匹配：一方为空 - 预期[]，实际[生物]; QUERY不匹配：基础语义模糊匹配失败 - 预期[金渐层的毛都是金色的吗]，实际[金渐层犬的毛色特征]; TAG不匹配：一方为空 - 预期[]，实际[金渐层犬&毛色特征]
2026-02-26 23:27:39,451 - INFO - CaseID:588 - 整体结果: FAILED | 详情: 模型输出核心字段全为空，判定不通过
2026-02-26 23:27:44,399 - INFO - CaseID:589 - QUERY字段：语义匹配失败，但visual_search链路意图匹配通过
2026-02-26 23:27:44,399 - INFO - CaseID:589 - 整体结果: PASS | 详情: 所有字段校验通过
2026-02-26 23:27:46,486 - INFO - CaseID:590 - QUERY字段：基础语义模糊匹配通过
2026-02-26 23:27:46,487 - INFO - CaseID:590 - 整体结果: PASS | 详情: 所有字段校验通过
2026-02-26 23:27:48,359 - INFO - CaseID:591 - QUERY字段：基础语义模糊匹配通过
2026-02-26 23:27:48,360 - INFO - CaseID:591 - 整体结果: PASS | 详情: 所有字段校验通过
2026-02-26 23:27:50,356 - INFO - CaseID:592 - 整体结果: FAILED | 详情: APINAME不匹配：预期[visual_search]，实际[QASearch]; CATEGORY不匹配：一方为空 - 预期[]，实际[生物]; QUERY不匹配：基础语义模糊匹配失败 - 预期[这个在哪里比较容易生长]，实际[这个具体是什么植物或生物]; TAG不匹配：一方为空 - 预期[]，实际[这个&具体&植物或生物]
2026-02-26 23:27:54,095 - INFO - CaseID:593 - QUERY字段：语义匹配失败，但visual_search链路意图匹配通过
2026-02-26 23:27:54,096 - INFO - CaseID:593 - 整体结果: PASS | 详情: 所有字段校验通过
2026-02-26 23:27:56,048 - INFO - CaseID:594 - 整体结果: FAILED | 详情: APINAME不匹配：预期[visual_search]，实际[QASearch]; CATEGORY不匹配：一方为空 - 预期[]，实际[生物]; QUERY不匹配：基础语义模糊匹配失败 - 预期[这是吊兰吗？]，实际[吊兰的特征]; TAG不匹配：一方为空 - 预期[]，实际[吊兰&特征]
2026-02-26 23:27:58,000 - INFO - CaseID:595 - 整体结果: FAILED | 详情: APINAME不匹配：预期[visual_search]，实际[QASearch]; CATEGORY不匹配：一方为空 - 预期[]，实际[生物]; QUERY不匹配：基础语义模糊匹配失败 - 预期[这是不是吊竹梅呢]，实际[吊竹梅的植物特征]; TAG不匹配：一方为空 - 预期[]，实际[吊竹梅&植物特征]
2026-02-26 23:28:01,077 - INFO - CaseID:596 - QUERY字段：基础语义模糊匹配通过
2026-02-26 23:28:01,077 - INFO - CaseID:596 - 整体结果: PASS | 详情: 所有字段校验通过
2026-02-26 23:28:03,081 - INFO - CaseID:597 - QUERY字段：基础语义模糊匹配通过
2026-02-26 23:28:03,082 - INFO - CaseID:597 - 整体结果: PASS | 详情: 所有字段校验通过
2026-02-26 23:28:04,867 - INFO - CaseID:598 - 整体结果: FAILED | 详情: APINAME不匹配：预期[visual_search]，实际[QASearch]; CATEGORY不匹配：一方为空 - 预期[]，实际[生物]; QUERY不匹配：基础语义模糊匹配失败 - 预期[这是以君子著称的君子兰么]，实际[君子兰的特征]; TAG不匹配：一方为空 - 预期[]，实际[君子兰&特征]
2026-02-26 23:28:07,026 - INFO - CaseID:599 - QUERY字段：基础语义模糊匹配通过
2026-02-26 23:28:07,026 - INFO - CaseID:599 - 整体结果: PASS | 详情: 所有字段校验通过
2026-02-26 23:28:07,027 - INFO - 已处理600行，休眠5秒降低压力...
2026-02-26 23:28:13,056 - INFO - CaseID:600 - 整体结果: FAILED | 详情: APINAME不匹配：预期[visual_search]，实际[QASearch]; CATEGORY不匹配：一方为空 - 预期[]，实际[生物]; QUERY不匹配：基础语义模糊匹配失败 - 预期[这是爬山虎吗]，实际[爬山虎的植物学特征]; TAG不匹配：一方为空 - 预期[]，实际[爬山虎&植物学特征]
2026-02-26 23:28:13,057 - INFO - 已处理600条用例，当前通过数：401
2026-02-26 23:28:14,899 - INFO - CaseID:601 - QUERY字段：基础语义模糊匹配通过
2026-02-26 23:28:14,899 - INFO - CaseID:601 - 整体结果: PASS | 详情: 所有字段校验通过
2026-02-26 23:28:19,908 - INFO - CaseID:602 - QUERY字段：语义匹配失败，但visual_search链路意图匹配通过
2026-02-26 23:28:19,910 - INFO - CaseID:602 - 整体结果: PASS | 详情: 所有字段校验通过
2026-02-26 23:28:21,752 - INFO - CaseID:603 - QUERY字段：基础语义模糊匹配通过
2026-02-26 23:28:21,753 - INFO - CaseID:603 - 整体结果: PASS | 详情: 所有字段校验通过
2026-02-26 23:28:23,481 - INFO - CaseID:604 - QUERY字段：基础语义模糊匹配通过
2026-02-26 23:28:23,481 - INFO - CaseID:604 - 整体结果: PASS | 详情: 所有字段校验通过
2026-02-26 23:28:27,178 - INFO - CaseID:605 - QUERY字段：语义匹配失败，但visual_search链路意图匹配通过
2026-02-26 23:28:27,179 - INFO - CaseID:605 - 整体结果: PASS | 详情: 所有字段校验通过
2026-02-26 23:28:29,552 - INFO - CaseID:606 - QUERY字段：基础语义模糊匹配通过
2026-02-26 23:28:29,554 - INFO - CaseID:606 - 整体结果: PASS | 详情: 所有字段校验通过
2026-02-26 23:28:29,554 - INFO - CaseID:607 - 整体结果: FAILED | 详情: 模型输出核心字段全为空，判定不通过
2026-02-26 23:28:33,445 - INFO - CaseID:608 - QUERY字段：语义匹配失败，但visual_search链路意图匹配通过
2026-02-26 23:28:33,446 - INFO - CaseID:608 - 整体结果: PASS | 详情: 所有字段校验通过
2026-02-26 23:28:35,648 - INFO - CaseID:609 - QUERY字段：基础语义模糊匹配通过
2026-02-26 23:28:35,649 - INFO - CaseID:609 - 整体结果: PASS | 详情: 所有字段校验通过
2026-02-26 23:28:37,353 - INFO - CaseID:610 - QUERY字段：基础语义模糊匹配通过
2026-02-26 23:28:37,354 - INFO - CaseID:610 - 整体结果: FAILED | 详情: APINAME不匹配：预期[visual_search]，实际[QASearch]; CATEGORY不匹配：一方为空 - 预期[]，实际[生物]; TAG不匹配：一方为空 - 预期[]，实际[水塔花&特征]
2026-02-26 23:28:39,372 - INFO - CaseID:611 - 整体结果: FAILED | 详情: APINAME不匹配：预期[visual_search]，实际[QASearch]; CATEGORY不匹配：一方为空 - 预期[]，实际[生物]; QUERY不匹配：基础语义模糊匹配失败 - 预期[这是水竹吗？]，实际[水竹的植物学特征]; TAG不匹配：一方为空 - 预期[]，实际[水竹&植物学特征]
2026-02-26 23:28:41,279 - INFO - CaseID:612 - 整体结果: FAILED | 详情: APINAME不匹配：预期[visual_search]，实际[QASearch]; CATEGORY不匹配：一方为空 - 预期[]，实际[生物]; QUERY不匹配：基础语义模糊匹配失败 - 预期[这个和竹子是一个属的吗]，实际[竹子的植物学分类（属）]; TAG不匹配：一方为空 - 预期[]，实际[竹子&植物学分类&属]
2026-02-26 23:28:43,450 - INFO - CaseID:613 - QUERY字段：基础语义模糊匹配通过
2026-02-26 23:28:43,451 - INFO - CaseID:613 - 整体结果: PASS | 详情: 所有字段校验通过
2026-02-26 23:28:43,451 - INFO - CaseID:614 - 整体结果: FAILED | 详情: 模型输出核心字段全为空，判定不通过
2026-02-26 23:28:43,452 - INFO - CaseID:615 - 整体结果: FAILED | 详情: 模型输出核心字段全为空，判定不通过
2026-02-26 23:28:43,452 - INFO - CaseID:616 - 整体结果: FAILED | 详情: 模型输出核心字段全为空，判定不通过
2026-02-26 23:28:43,452 - INFO - CaseID:617 - 整体结果: FAILED | 详情: 模型输出核心字段全为空，判定不通过
2026-02-26 23:28:45,346 - INFO - CaseID:618 - QUERY字段：基础语义模糊匹配通过
2026-02-26 23:28:45,347 - INFO - CaseID:618 - 整体结果: PASS | 详情: 所有字段校验通过
2026-02-26 23:28:47,464 - INFO - CaseID:619 - QUERY字段：基础语义模糊匹配通过
2026-02-26 23:28:47,464 - INFO - CaseID:619 - 整体结果: PASS | 详情: 所有字段校验通过
2026-02-26 23:28:49,339 - INFO - CaseID:620 - QUERY字段：基础语义模糊匹配通过
2026-02-26 23:28:49,339 - INFO - CaseID:620 - 整体结果: PASS | 详情: 所有字段校验通过
2026-02-26 23:28:51,451 - INFO - CaseID:621 - QUERY字段：基础语义模糊匹配通过
2026-02-26 23:28:51,451 - INFO - CaseID:621 - 整体结果: PASS | 详情: 所有字段校验通过
2026-02-26 23:28:53,381 - INFO - CaseID:622 - QUERY字段：基础语义模糊匹配通过
2026-02-26 23:28:53,382 - INFO - CaseID:622 - 整体结果: PASS | 详情: 所有字段校验通过
2026-02-26 23:28:53,382 - INFO - CaseID:623 - 整体结果: FAILED | 详情: 模型输出核心字段全为空，判定不通过
2026-02-26 23:28:55,206 - INFO - CaseID:624 - 整体结果: FAILED | 详情: APINAME不匹配：预期[visual_search]，实际[QASearch]; CATEGORY不匹配：一方为空 - 预期[]，实际[生物]; QUERY不匹配：基础语义模糊匹配失败 - 预期[这个算是多肉吗]，实际[多肉植物的定义和特征]; TAG不匹配：一方为空 - 预期[]，实际[多肉植物&定义&特征]
2026-02-26 23:28:57,173 - INFO - CaseID:625 - 整体结果: FAILED | 详情: APINAME不匹配：预期[visual_search]，实际[QASearch]; CATEGORY不匹配：一方为空 - 预期[]，实际[生物]; QUERY不匹配：基础语义模糊匹配失败 - 预期[这个是紫鹅绒吗]，实际[紫鹅绒的植物特征]; TAG不匹配：一方为空 - 预期[]，实际[紫鹅绒&植物特征]
2026-02-26 23:29:01,571 - INFO - CaseID:626 - QUERY字段：语义匹配失败，但visual_search链路意图匹配通过
2026-02-26 23:29:01,572 - INFO - CaseID:626 - 整体结果: PASS | 详情: 所有字段校验通过
2026-02-26 23:29:03,523 - INFO - CaseID:627 - QUERY字段：基础语义模糊匹配通过
2026-02-26 23:29:03,524 - INFO - CaseID:627 - 整体结果: PASS | 详情: 所有字段校验通过
2026-02-26 23:29:07,114 - INFO - CaseID:628 - QUERY字段：语义匹配失败，但visual_search链路意图匹配通过
2026-02-26 23:29:07,115 - INFO - CaseID:628 - 整体结果: PASS | 详情: 所有字段校验通过
2026-02-26 23:29:09,008 - INFO - CaseID:629 - 整体结果: FAILED | 详情: APINAME不匹配：预期[visual_search]，实际[QASearch]; CATEGORY不匹配：一方为空 - 预期[]，实际[生物]; QUERY不匹配：基础语义模糊匹配失败 - 预期[这是袖珍椰子吗]，实际[袖珍椰子的特征]; TAG不匹配：一方为空 - 预期[]，实际[袖珍椰子&特征]
2026-02-26 23:29:13,022 - INFO - CaseID:630 - QUERY字段：语义匹配失败，但visual_search链路意图匹配通过
2026-02-26 23:29:13,024 - INFO - CaseID:630 - 整体结果: PASS | 详情: 所有字段校验通过
2026-02-26 23:29:13,024 - INFO - CaseID:631 - 整体结果: FAILED | 详情: 模型输出核心字段全为空，判定不通过
2026-02-26 23:29:16,937 - INFO - CaseID:632 - QUERY字段：语义匹配失败，但visual_search链路意图匹配通过
2026-02-26 23:29:16,938 - INFO - CaseID:632 - 整体结果: PASS | 详情: 所有字段校验通过
2026-02-26 23:29:18,606 - INFO - CaseID:633 - QUERY字段：基础语义模糊匹配通过
2026-02-26 23:29:18,607 - INFO - CaseID:633 - 整体结果: PASS | 详情: 所有字段校验通过
2026-02-26 23:29:20,703 - INFO - CaseID:634 - QUERY字段：基础语义模糊匹配通过
2026-02-26 23:29:20,703 - INFO - CaseID:634 - 整体结果: PASS | 详情: 所有字段校验通过
2026-02-26 23:29:22,443 - INFO - CaseID:635 - QUERY字段：基础语义模糊匹配通过
2026-02-26 23:29:22,444 - INFO - CaseID:635 - 整体结果: PASS | 详情: 所有字段校验通过
2026-02-26 23:29:26,362 - INFO - CaseID:636 - QUERY字段：语义匹配失败，但visual_search链路意图匹配通过
2026-02-26 23:29:26,362 - INFO - CaseID:636 - 整体结果: PASS | 详情: 所有字段校验通过
2026-02-26 23:29:26,363 - INFO - CaseID:637 - 整体结果: FAILED | 详情: 模型输出核心字段全为空，判定不通过
2026-02-26 23:29:28,495 - INFO - CaseID:638 - QUERY字段：基础语义模糊匹配通过
2026-02-26 23:29:28,496 - INFO - CaseID:638 - 整体结果: PASS | 详情: 所有字段校验通过
2026-02-26 23:29:32,469 - INFO - CaseID:639 - QUERY字段：语义匹配失败，但visual_search链路意图匹配通过
2026-02-26 23:29:32,470 - INFO - CaseID:639 - 整体结果: PASS | 详情: 所有字段校验通过
2026-02-26 23:29:34,374 - INFO - CaseID:640 - 整体结果: FAILED | 详情: APINAME不匹配：预期[visual_search]，实际[skill_search]; QUERY不匹配：基础语义模糊匹配失败 - 预期[表达专业一点应该怎么称它]，实际[当前摄像头捕捉到的物体或场景是什么]
2026-02-26 23:29:36,124 - INFO - CaseID:641 - QUERY字段：基础语义模糊匹配通过
2026-02-26 23:29:36,124 - INFO - CaseID:641 - 整体结果: PASS | 详情: 所有字段校验通过
2026-02-26 23:29:38,012 - INFO - CaseID:642 - 整体结果: FAILED | 详情: APINAME不匹配：预期[visual_search]，实际[QASearch]; CATEGORY不匹配：一方为空 - 预期[]，实际[生物]; QUERY不匹配：基础语义模糊匹配失败 - 预期[识别当前摄像头画面中的花卉种类]，实际[常见花卉种类]; TAG不匹配：一方为空 - 预期[]，实际[常见&花卉种类]
2026-02-26 23:29:38,013 - INFO - CaseID:643 - 整体结果: FAILED | 详情: 模型输出核心字段全为空，判定不通过
2026-02-26 23:29:41,951 - INFO - CaseID:644 - QUERY字段：语义匹配失败，但visual_search链路意图匹配通过
2026-02-26 23:29:41,952 - INFO - CaseID:644 - 整体结果: PASS | 详情: 所有字段校验通过
2026-02-26 23:29:45,999 - INFO - CaseID:645 - QUERY字段：语义匹配失败，但visual_search链路意图匹配通过
2026-02-26 23:29:46,000 - INFO - CaseID:645 - 整体结果: PASS | 详情: 所有字段校验通过
2026-02-26 23:29:49,849 - INFO - CaseID:646 - QUERY字段：语义匹配失败，但visual_search链路意图匹配通过
2026-02-26 23:29:49,850 - INFO - CaseID:646 - 整体结果: PASS | 详情: 所有字段校验通过
2026-02-26 23:29:51,762 - INFO - CaseID:647 - QUERY字段：基础语义模糊匹配通过
2026-02-26 23:29:51,763 - INFO - CaseID:647 - 整体结果: PASS | 详情: 所有字段校验通过
2026-02-26 23:29:56,444 - INFO - CaseID:648 - QUERY字段：语义匹配失败，但visual_search链路意图匹配通过
2026-02-26 23:29:56,446 - INFO - CaseID:648 - 整体结果: PASS | 详情: 所有字段校验通过
2026-02-26 23:29:58,387 - INFO - CaseID:649 - 整体结果: FAILED | 详情: APINAME不匹配：预期[visual_search]，实际[QASearch]; CATEGORY不匹配：一方为空 - 预期[]，实际[生物]; QUERY不匹配：基础语义模糊匹配失败 - 预期[这是银莲花么]，实际[银莲花的特征]; TAG不匹配：一方为空 - 预期[]，实际[银莲花&特征]
2026-02-26 23:30:00,056 - INFO - CaseID:650 - QUERY字段：基础语义模糊匹配通过
2026-02-26 23:30:00,056 - INFO - CaseID:650 - 整体结果: PASS | 详情: 所有字段校验通过
2026-02-26 23:30:02,118 - INFO - CaseID:651 - QUERY字段：基础语义模糊匹配通过
2026-02-26 23:30:02,118 - INFO - CaseID:651 - 整体结果: FAILED | 详情: APINAME不匹配：预期[visual_search]，实际[QASearch]; CATEGORY不匹配：一方为空 - 预期[]，实际[生物]; TAG不匹配：一方为空 - 预期[]，实际[树&种类]
2026-02-26 23:30:02,119 - INFO - CaseID:652 - 整体结果: FAILED | 详情: 模型输出核心字段全为空，判定不通过
2026-02-26 23:30:03,967 - INFO - CaseID:653 - 整体结果: FAILED | 详情: APINAME不匹配：预期[visual_search]，实际[QASearch]; CATEGORY不匹配：一方为空 - 预期[]，实际[生物]; QUERY不匹配：基础语义模糊匹配失败 - 预期[这棵树的种类是什么？]，实际[树种的简介]; TAG不匹配：一方为空 - 预期[]，实际[树种&简介]
2026-02-26 23:30:06,947 - INFO - CaseID:654 - QUERY字段：基础语义模糊匹配通过
2026-02-26 23:30:06,948 - INFO - CaseID:654 - 整体结果: PASS | 详情: 所有字段校验通过
2026-02-26 23:30:08,963 - INFO - CaseID:655 - QUERY字段：基础语义模糊匹配通过
2026-02-26 23:30:08,964 - INFO - CaseID:655 - 整体结果: PASS | 详情: 所有字段校验通过
2026-02-26 23:30:11,122 - INFO - CaseID:656 - QUERY字段：基础语义模糊匹配通过
2026-02-26 23:30:11,122 - INFO - CaseID:656 - 整体结果: PASS | 详情: 所有字段校验通过
2026-02-26 23:30:13,547 - INFO - CaseID:657 - QUERY字段：基础语义模糊匹配通过
2026-02-26 23:30:13,547 - INFO - CaseID:657 - 整体结果: PASS | 详情: 所有字段校验通过
2026-02-26 23:30:15,323 - INFO - CaseID:658 - QUERY字段：基础语义模糊匹配通过
2026-02-26 23:30:15,323 - INFO - CaseID:658 - 整体结果: PASS | 详情: 所有字段校验通过
2026-02-26 23:30:17,662 - INFO - CaseID:659 - QUERY字段：基础语义模糊匹配通过
2026-02-26 23:30:17,662 - INFO - CaseID:659 - 整体结果: PASS | 详情: 所有字段校验通过
2026-02-26 23:30:19,853 - INFO - CaseID:660 - QUERY字段：基础语义模糊匹配通过
2026-02-26 23:30:19,855 - INFO - CaseID:660 - 整体结果: PASS | 详情: 所有字段校验通过
2026-02-26 23:30:22,240 - INFO - CaseID:661 - QUERY字段：基础语义模糊匹配通过
2026-02-26 23:30:22,241 - INFO - CaseID:661 - 整体结果: PASS | 详情: 所有字段校验通过
2026-02-26 23:30:22,241 - INFO - CaseID:662 - 整体结果: FAILED | 详情: 模型输出核心字段全为空，判定不通过
2026-02-26 23:30:24,558 - INFO - CaseID:663 - QUERY字段：基础语义模糊匹配通过
2026-02-26 23:30:24,558 - INFO - CaseID:663 - 整体结果: PASS | 详情: 所有字段校验通过
2026-02-26 23:30:26,537 - INFO - CaseID:664 - 整体结果: FAILED | 详情: APINAME不匹配：预期[visual_search]，实际[QASearch]; CATEGORY不匹配：一方为空 - 预期[]，实际[生物]; QUERY不匹配：基础语义模糊匹配失败 - 预期[这棵树可以活多久]，实际[这棵树的种类或特征是什么]; TAG不匹配：一方为空 - 预期[]，实际[这棵树&种类或特征]
2026-02-26 23:30:28,392 - INFO - CaseID:665 - QUERY字段：基础语义模糊匹配通过
2026-02-26 23:30:28,393 - INFO - CaseID:665 - 整体结果: FAILED | 详情: APINAME不匹配：预期[visual_search]，实际[QASearch]; CATEGORY不匹配：一方为空 - 预期[]，实际[生物]; TAG不匹配：一方为空 - 预期[]，实际[这棵树&果期]
2026-02-26 23:30:30,306 - INFO - CaseID:666 - QUERY字段：基础语义模糊匹配通过
2026-02-26 23:30:30,306 - INFO - CaseID:666 - 整体结果: PASS | 详情: 所有字段校验通过
2026-02-26 23:30:32,331 - INFO - CaseID:667 - QUERY字段：基础语义模糊匹配通过
2026-02-26 23:30:32,332 - INFO - CaseID:667 - 整体结果: PASS | 详情: 所有字段校验通过
2026-02-26 23:30:36,313 - INFO - CaseID:668 - QUERY字段：语义匹配失败，但visual_search链路意图匹配通过
2026-02-26 23:30:36,314 - INFO - CaseID:668 - 整体结果: PASS | 详情: 所有字段校验通过
2026-02-26 23:30:38,220 - INFO - CaseID:669 - QUERY字段：基础语义模糊匹配通过
2026-02-26 23:30:38,220 - INFO - CaseID:669 - 整体结果: PASS | 详情: 所有字段校验通过
2026-02-26 23:30:40,324 - INFO - CaseID:670 - QUERY字段：基础语义模糊匹配通过
2026-02-26 23:30:40,325 - INFO - CaseID:670 - 整体结果: PASS | 详情: 所有字段校验通过
2026-02-26 23:30:42,420 - INFO - CaseID:671 - QUERY字段：基础语义模糊匹配通过
2026-02-26 23:30:42,420 - INFO - CaseID:671 - 整体结果: PASS | 详情: 所有字段校验通过
2026-02-26 23:30:44,109 - INFO - CaseID:672 - QUERY字段：基础语义模糊匹配通过
2026-02-26 23:30:44,110 - INFO - CaseID:672 - 整体结果: PASS | 详情: 所有字段校验通过
2026-02-26 23:30:46,079 - INFO - CaseID:673 - QUERY字段：基础语义模糊匹配通过
2026-02-26 23:30:46,079 - INFO - CaseID:673 - 整体结果: PASS | 详情: 所有字段校验通过
2026-02-26 23:30:47,895 - INFO - CaseID:674 - QUERY字段：基础语义模糊匹配通过
2026-02-26 23:30:47,896 - INFO - CaseID:674 - 整体结果: PASS | 详情: 所有字段校验通过
2026-02-26 23:30:49,879 - INFO - CaseID:675 - QUERY字段：基础语义模糊匹配通过
2026-02-26 23:30:49,879 - INFO - CaseID:675 - 整体结果: PASS | 详情: 所有字段校验通过
2026-02-26 23:30:51,834 - INFO - CaseID:676 - QUERY字段：基础语义模糊匹配通过
2026-02-26 23:30:51,835 - INFO - CaseID:676 - 整体结果: PASS | 详情: 所有字段校验通过
2026-02-26 23:30:53,806 - INFO - CaseID:677 - 整体结果: FAILED | 详情: APINAME不匹配：预期[visual_search]，实际[skill_search]; QUERY不匹配：基础语义模糊匹配失败 - 预期[这个花要养的话是盆栽种植还是做成鲜切花]，实际[这个花的具体种类是什么]
2026-02-26 23:30:53,807 - INFO - CaseID:678 - 整体结果: FAILED | 详情: 模型输出核心字段全为空，判定不通过
2026-02-26 23:30:55,689 - INFO - CaseID:679 - QUERY字段：基础语义模糊匹配通过
2026-02-26 23:30:55,689 - INFO - CaseID:679 - 整体结果: PASS | 详情: 所有字段校验通过
2026-02-26 23:30:55,690 - INFO - CaseID:680 - 整体结果: FAILED | 详情: 模型输出核心字段全为空，判定不通过
2026-02-26 23:30:57,414 - INFO - CaseID:681 - QUERY字段：基础语义模糊匹配通过
2026-02-26 23:30:57,415 - INFO - CaseID:681 - 整体结果: PASS | 详情: 所有字段校验通过
2026-02-26 23:30:59,555 - INFO - CaseID:682 - QUERY字段：基础语义模糊匹配通过
2026-02-26 23:30:59,556 - INFO - CaseID:682 - 整体结果: PASS | 详情: 所有字段校验通过
2026-02-26 23:31:01,671 - INFO - CaseID:683 - QUERY字段：基础语义模糊匹配通过
2026-02-26 23:31:01,672 - INFO - CaseID:683 - 整体结果: PASS | 详情: 所有字段校验通过
2026-02-26 23:31:03,744 - INFO - CaseID:684 - QUERY字段：基础语义模糊匹配通过
2026-02-26 23:31:03,744 - INFO - CaseID:684 - 整体结果: PASS | 详情: 所有字段校验通过
2026-02-26 23:31:05,767 - INFO - CaseID:685 - 整体结果: FAILED | 详情: APINAME不匹配：预期[visual_search]，实际[QASearch]; CATEGORY不匹配：一方为空 - 预期[]，实际[生物]; QUERY不匹配：基础语义模糊匹配失败 - 预期[这个可以做成鲜切花吗]，实际[鲜切花的制作要求]; TAG不匹配：一方为空 - 预期[]，实际[鲜切花&制作要求]
2026-02-26 23:31:07,756 - INFO - CaseID:686 - QUERY字段：基础语义模糊匹配通过
2026-02-26 23:31:07,757 - INFO - CaseID:686 - 整体结果: PASS | 详情: 所有字段校验通过
2026-02-26 23:31:09,748 - INFO - CaseID:687 - QUERY字段：基础语义模糊匹配通过
2026-02-26 23:31:09,749 - INFO - CaseID:687 - 整体结果: PASS | 详情: 所有字段校验通过
2026-02-26 23:31:11,481 - INFO - CaseID:688 - QUERY字段：基础语义模糊匹配通过
2026-02-26 23:31:11,482 - INFO - CaseID:688 - 整体结果: PASS | 详情: 所有字段校验通过
2026-02-26 23:31:13,661 - INFO - CaseID:689 - QUERY字段：基础语义模糊匹配通过
2026-02-26 23:31:13,662 - INFO - CaseID:689 - 整体结果: PASS | 详情: 所有字段校验通过
2026-02-26 23:31:15,593 - INFO - CaseID:690 - QUERY字段：基础语义模糊匹配通过
2026-02-26 23:31:15,594 - INFO - CaseID:690 - 整体结果: PASS | 详情: 所有字段校验通过
2026-02-26 23:31:18,262 - INFO - CaseID:691 - QUERY字段：基础语义模糊匹配通过
2026-02-26 23:31:18,262 - INFO - CaseID:691 - 整体结果: PASS | 详情: 所有字段校验通过
2026-02-26 23:31:20,822 - INFO - CaseID:692 - QUERY字段：基础语义模糊匹配通过
2026-02-26 23:31:20,822 - INFO - CaseID:692 - 整体结果: PASS | 详情: 所有字段校验通过
2026-02-26 23:31:22,868 - INFO - CaseID:693 - QUERY字段：基础语义模糊匹配通过
2026-02-26 23:31:22,870 - INFO - CaseID:693 - 整体结果: FAILED | 详情: APINAME不匹配：预期[visual_search]，实际[QASearch]; CATEGORY不匹配：一方为空 - 预期[]，实际[生物]; TAG不匹配：一方为空 - 预期[]，实际[树干上一条一条&纹理&树&生长&特征]
2026-02-26 23:31:25,044 - INFO - CaseID:694 - QUERY字段：基础语义模糊匹配通过
2026-02-26 23:31:25,044 - INFO - CaseID:694 - 整体结果: PASS | 详情: 所有字段校验通过
2026-02-26 23:31:27,084 - INFO - CaseID:695 - QUERY字段：基础语义模糊匹配通过
2026-02-26 23:31:27,084 - INFO - CaseID:695 - 整体结果: PASS | 详情: 所有字段校验通过
2026-02-26 23:31:29,283 - INFO - CaseID:696 - QUERY字段：基础语义模糊匹配通过
2026-02-26 23:31:29,283 - INFO - CaseID:696 - 整体结果: PASS | 详情: 所有字段校验通过
2026-02-26 23:31:31,265 - INFO - CaseID:697 - QUERY字段：基础语义模糊匹配通过
2026-02-26 23:31:31,266 - INFO - CaseID:697 - 整体结果: PASS | 详情: 所有字段校验通过
2026-02-26 23:31:35,226 - INFO - CaseID:698 - QUERY字段：语义匹配失败，但visual_search链路意图匹配通过
2026-02-26 23:31:35,227 - INFO - CaseID:698 - 整体结果: PASS | 详情: 所有字段校验通过
2026-02-26 23:31:37,923 - INFO - CaseID:699 - QUERY字段：基础语义模糊匹配通过
2026-02-26 23:31:37,923 - INFO - CaseID:699 - 整体结果: PASS | 详情: 所有字段校验通过
2026-02-26 23:31:37,924 - INFO - 已处理700行，休眠5秒降低压力...
2026-02-26 23:31:43,726 - INFO - CaseID:700 - QUERY字段：基础语义模糊匹配通过
2026-02-26 23:31:43,727 - INFO - CaseID:700 - 整体结果: PASS | 详情: 所有字段校验通过
2026-02-26 23:31:45,499 - INFO - CaseID:701 - QUERY字段：基础语义模糊匹配通过
2026-02-26 23:31:45,500 - INFO - CaseID:701 - 整体结果: PASS | 详情: 所有字段校验通过
2026-02-26 23:31:45,500 - INFO - CaseID:702 - 整体结果: FAILED | 详情: 模型输出核心字段全为空，判定不通过
2026-02-26 23:31:47,906 - INFO - CaseID:703 - QUERY字段：基础语义模糊匹配通过
2026-02-26 23:31:47,907 - INFO - CaseID:703 - 整体结果: PASS | 详情: 所有字段校验通过
2026-02-26 23:31:49,697 - INFO - CaseID:704 - QUERY字段：基础语义模糊匹配通过
2026-02-26 23:31:49,697 - INFO - CaseID:704 - 整体结果: PASS | 详情: 所有字段校验通过
2026-02-26 23:31:51,629 - INFO - CaseID:705 - QUERY字段：基础语义模糊匹配通过
2026-02-26 23:31:51,629 - INFO - CaseID:705 - 整体结果: PASS | 详情: 所有字段校验通过
2026-02-26 23:31:53,453 - INFO - CaseID:706 - QUERY字段：基础语义模糊匹配通过
2026-02-26 23:31:53,454 - INFO - CaseID:706 - 整体结果: PASS | 详情: 所有字段校验通过
2026-02-26 23:31:55,527 - INFO - CaseID:707 - QUERY字段：基础语义模糊匹配通过
2026-02-26 23:31:55,527 - INFO - CaseID:707 - 整体结果: PASS | 详情: 所有字段校验通过
2026-02-26 23:31:57,440 - INFO - CaseID:708 - QUERY字段：基础语义模糊匹配通过
2026-02-26 23:31:57,440 - INFO - CaseID:708 - 整体结果: PASS | 详情: 所有字段校验通过
2026-02-26 23:31:59,070 - INFO - CaseID:709 - QUERY字段：基础语义模糊匹配通过
2026-02-26 23:31:59,070 - INFO - CaseID:709 - 整体结果: PASS | 详情: 所有字段校验通过
2026-02-26 23:32:01,166 - INFO - CaseID:710 - 整体结果: FAILED | 详情: APINAME不匹配：预期[visual_search]，实际[QASearch]; CATEGORY不匹配：一方为空 - 预期[]，实际[生物]; QUERY不匹配：基础语义模糊匹配失败 - 预期[这片橙色的树是什么品种的呀]，实际[北京冬季橙色树木品种]; TAG不匹配：一方为空 - 预期[]，实际[北京&冬季&橙色&树木品种]
2026-02-26 23:32:03,665 - INFO - CaseID:711 - QUERY字段：基础语义模糊匹配通过
2026-02-26 23:32:03,667 - INFO - CaseID:711 - 整体结果: PASS | 详情: 所有字段校验通过
2026-02-26 23:32:05,659 - INFO - CaseID:712 - QUERY字段：基础语义模糊匹配通过
2026-02-26 23:32:05,660 - INFO - CaseID:712 - 整体结果: PASS | 详情: 所有字段校验通过
2026-02-26 23:32:09,500 - INFO - CaseID:713 - QUERY字段：语义匹配失败，但visual_search链路意图匹配通过
2026-02-26 23:32:09,501 - INFO - CaseID:713 - 整体结果: PASS | 详情: 所有字段校验通过
2026-02-26 23:32:09,502 - INFO - CaseID:714 - 整体结果: FAILED | 详情: 模型输出核心字段全为空，判定不通过
2026-02-26 23:32:11,513 - INFO - CaseID:715 - QUERY字段：基础语义模糊匹配通过
2026-02-26 23:32:11,515 - INFO - CaseID:715 - 整体结果: PASS | 详情: 所有字段校验通过
2026-02-26 23:32:13,266 - INFO - CaseID:716 - QUERY字段：基础语义模糊匹配通过
2026-02-26 23:32:13,267 - INFO - CaseID:716 - 整体结果: PASS | 详情: 所有字段校验通过
2026-02-26 23:32:15,501 - INFO - CaseID:717 - 整体结果: FAILED | 详情: APINAME不匹配：预期[visual_search]，实际[QASearch]; CATEGORY不匹配：一方为空 - 预期[]，实际[生物]; QUERY不匹配：基础语义模糊匹配失败 - 预期[帮我看看这个树活了多少年呢]，实际[估算树木的年龄方法]; TAG不匹配：一方为空 - 预期[]，实际[估算树木&年龄&方法]
2026-02-26 23:32:17,211 - INFO - CaseID:718 - QUERY字段：基础语义模糊匹配通过
2026-02-26 23:32:17,211 - INFO - CaseID:718 - 整体结果: PASS | 详情: 所有字段校验通过
2026-02-26 23:32:19,137 - INFO - CaseID:719 - QUERY字段：基础语义模糊匹配通过
2026-02-26 23:32:19,138 - INFO - CaseID:719 - 整体结果: PASS | 详情: 所有字段校验通过
2026-02-26 23:32:23,080 - INFO - CaseID:720 - QUERY字段：语义匹配失败，但visual_search链路意图匹配通过
2026-02-26 23:32:23,081 - INFO - CaseID:720 - 整体结果: PASS | 详情: 所有字段校验通过
2026-02-26 23:32:24,888 - INFO - CaseID:721 - QUERY字段：基础语义模糊匹配通过
2026-02-26 23:32:24,888 - INFO - CaseID:721 - 整体结果: PASS | 详情: 所有字段校验通过
2026-02-26 23:32:27,083 - INFO - CaseID:722 - QUERY字段：基础语义模糊匹配通过
2026-02-26 23:32:27,083 - INFO - CaseID:722 - 整体结果: PASS | 详情: 所有字段校验通过
2026-02-26 23:32:29,229 - INFO - CaseID:723 - QUERY字段：基础语义模糊匹配通过
2026-02-26 23:32:29,230 - INFO - CaseID:723 - 整体结果: PASS | 详情: 所有字段校验通过
2026-02-26 23:32:31,684 - INFO - CaseID:724 - QUERY字段：基础语义模糊匹配通过
2026-02-26 23:32:31,684 - INFO - CaseID:724 - 整体结果: PASS | 详情: 所有字段校验通过
2026-02-26 23:32:34,056 - INFO - CaseID:725 - QUERY字段：基础语义模糊匹配通过
2026-02-26 23:32:34,056 - INFO - CaseID:725 - 整体结果: PASS | 详情: 所有字段校验通过
2026-02-26 23:32:36,044 - INFO - CaseID:726 - QUERY字段：基础语义模糊匹配通过
2026-02-26 23:32:36,044 - INFO - CaseID:726 - 整体结果: PASS | 详情: 所有字段校验通过
2026-02-26 23:32:38,441 - INFO - CaseID:727 - QUERY字段：基础语义模糊匹配通过
2026-02-26 23:32:38,441 - INFO - CaseID:727 - 整体结果: FAILED | 详情: APINAME不匹配：预期[visual_search]，实际[QASearch]; CATEGORY不匹配：一方为空 - 预期[]，实际[生物]; TAG不匹配：一方为空 - 预期[]，实际[具有独特特征&树种&识别]
2026-02-26 23:32:40,576 - INFO - CaseID:728 - QUERY字段：基础语义模糊匹配通过
2026-02-26 23:32:40,576 - INFO - CaseID:728 - 整体结果: PASS | 详情: 所有字段校验通过
2026-02-26 23:32:42,735 - INFO - CaseID:729 - QUERY字段：基础语义模糊匹配通过
2026-02-26 23:32:42,735 - INFO - CaseID:729 - 整体结果: PASS | 详情: 所有字段校验通过
2026-02-26 23:32:44,788 - INFO - CaseID:730 - QUERY字段：基础语义模糊匹配通过
2026-02-26 23:32:44,789 - INFO - CaseID:730 - 整体结果: PASS | 详情: 所有字段校验通过
2026-02-26 23:32:46,839 - INFO - CaseID:731 - QUERY字段：基础语义模糊匹配通过
2026-02-26 23:32:46,840 - INFO - CaseID:731 - 整体结果: PASS | 详情: 所有字段校验通过
2026-02-26 23:32:48,988 - INFO - CaseID:732 - QUERY字段：基础语义模糊匹配通过
2026-02-26 23:32:48,988 - INFO - CaseID:732 - 整体结果: PASS | 详情: 所有字段校验通过
2026-02-26 23:32:50,944 - INFO - CaseID:733 - QUERY字段：基础语义模糊匹配通过
2026-02-26 23:32:50,944 - INFO - CaseID:733 - 整体结果: PASS | 详情: 所有字段校验通过
2026-02-26 23:32:55,737 - INFO - CaseID:734 - QUERY字段：语义匹配失败，但visual_search链路意图匹配通过
2026-02-26 23:32:55,737 - INFO - CaseID:734 - 整体结果: PASS | 详情: 所有字段校验通过
2026-02-26 23:32:57,425 - INFO - CaseID:735 - QUERY字段：基础语义模糊匹配通过
2026-02-26 23:32:57,426 - INFO - CaseID:735 - 整体结果: PASS | 详情: 所有字段校验通过
2026-02-26 23:32:59,526 - INFO - CaseID:736 - QUERY字段：基础语义模糊匹配通过
2026-02-26 23:32:59,526 - INFO - CaseID:736 - 整体结果: PASS | 详情: 所有字段校验通过
2026-02-26 23:33:01,209 - INFO - CaseID:737 - QUERY字段：基础语义模糊匹配通过
2026-02-26 23:33:01,210 - INFO - CaseID:737 - 整体结果: PASS | 详情: 所有字段校验通过
2026-02-26 23:33:03,304 - INFO - CaseID:738 - QUERY字段：基础语义模糊匹配通过
2026-02-26 23:33:03,304 - INFO - CaseID:738 - 整体结果: PASS | 详情: 所有字段校验通过
2026-02-26 23:33:06,093 - INFO - CaseID:739 - QUERY字段：基础语义模糊匹配通过
2026-02-26 23:33:06,094 - INFO - CaseID:739 - 整体结果: PASS | 详情: 所有字段校验通过
2026-02-26 23:33:06,095 - INFO - CaseID:740 - 整体结果: FAILED | 详情: 模型输出核心字段全为空，判定不通过
2026-02-26 23:33:08,564 - INFO - CaseID:741 - QUERY字段：基础语义模糊匹配通过
2026-02-26 23:33:08,564 - INFO - CaseID:741 - 整体结果: PASS | 详情: 所有字段校验通过
2026-02-26 23:33:10,505 - INFO - CaseID:742 - QUERY字段：基础语义模糊匹配通过
2026-02-26 23:33:10,505 - INFO - CaseID:742 - 整体结果: PASS | 详情: 所有字段校验通过
2026-02-26 23:33:12,183 - INFO - CaseID:743 - QUERY字段：基础语义模糊匹配通过
2026-02-26 23:33:12,184 - INFO - CaseID:743 - 整体结果: PASS | 详情: 所有字段校验通过
2026-02-26 23:33:16,093 - INFO - CaseID:744 - QUERY字段：语义匹配失败，但visual_search链路意图匹配通过
2026-02-26 23:33:16,094 - INFO - CaseID:744 - 整体结果: PASS | 详情: 所有字段校验通过
2026-02-26 23:33:18,177 - INFO - CaseID:745 - 整体结果: FAILED | 详情: APINAME不匹配：预期[visual_search]，实际[AUTOSearch]; CATEGORY不匹配：一方为空 - 预期[]，实际[汽车]; QUERY不匹配：基础语义模糊匹配失败 - 预期[这是路虎的发现还是路虎的极光]，实际[路虎发现的外观]; TAG不匹配：一方为空 - 预期[]，实际[路虎发现&外观]
2026-02-26 23:33:20,115 - INFO - CaseID:746 - QUERY字段：基础语义模糊匹配通过
2026-02-26 23:33:20,116 - INFO - CaseID:746 - 整体结果: PASS | 详情: 所有字段校验通过
2026-02-26 23:33:22,126 - INFO - CaseID:747 - QUERY字段：基础语义模糊匹配通过
2026-02-26 23:33:22,126 - INFO - CaseID:747 - 整体结果: PASS | 详情: 所有字段校验通过
2026-02-26 23:33:24,150 - INFO - CaseID:748 - 整体结果: FAILED | 详情: APINAME不匹配：预期[visual_search]，实际[QASearch]; CATEGORY不匹配：一方为空 - 预期[]，实际[公司]; QUERY不匹配：基础语义模糊匹配失败 - 预期[这是丰田的哪款车呀]，实际[丰田汽车最新在售车型列表]; TAG不匹配：一方为空 - 预期[]，实际[丰田汽车&最新在售车型&列表&时效性]
2026-02-26 23:33:25,826 - INFO - CaseID:749 - QUERY字段：基础语义模糊匹配通过
2026-02-26 23:33:25,827 - INFO - CaseID:749 - 整体结果: PASS | 详情: 所有字段校验通过
2026-02-26 23:33:29,245 - INFO - CaseID:750 - 整体结果: FAILED | 详情: APINAME不匹配：预期[visual_search]，实际[QASearch]; CATEGORY不匹配：一方为空 - 预期[]，实际[公司]; QUERY不匹配：基础语义模糊匹配失败 - 预期[这是广汽传祺的什么车型？]，实际[广汽传祺2026年最新车型列表]; TAG不匹配：一方为空 - 预期[]，实际[广汽传祺&2026年&最新车型列表&时效性]
2026-02-26 23:33:33,638 - INFO - CaseID:751 - QUERY字段：语义匹配失败，但visual_search链路意图匹配通过
2026-02-26 23:33:33,639 - INFO - CaseID:751 - 整体结果: PASS | 详情: 所有字段校验通过
2026-02-26 23:33:35,471 - INFO - CaseID:752 - QUERY字段：基础语义模糊匹配通过
2026-02-26 23:33:35,472 - INFO - CaseID:752 - 整体结果: PASS | 详情: 所有字段校验通过
2026-02-26 23:33:39,404 - INFO - CaseID:753 - QUERY字段：语义匹配失败，但visual_search链路意图匹配通过
2026-02-26 23:33:39,405 - INFO - CaseID:753 - 整体结果: PASS | 详情: 所有字段校验通过
2026-02-26 23:33:41,433 - INFO - CaseID:754 - QUERY字段：基础语义模糊匹配通过
2026-02-26 23:33:41,433 - INFO - CaseID:754 - 整体结果: PASS | 详情: 所有字段校验通过
2026-02-26 23:33:43,466 - INFO - CaseID:755 - QUERY字段：基础语义模糊匹配通过
2026-02-26 23:33:43,467 - INFO - CaseID:755 - 整体结果: PASS | 详情: 所有字段校验通过
2026-02-26 23:33:45,123 - INFO - CaseID:756 - QUERY字段：基础语义模糊匹配通过
2026-02-26 23:33:45,124 - INFO - CaseID:756 - 整体结果: PASS | 详情: 所有字段校验通过
2026-02-26 23:33:47,562 - INFO - CaseID:757 - QUERY字段：基础语义模糊匹配通过
2026-02-26 23:33:47,563 - INFO - CaseID:757 - 整体结果: PASS | 详情: 所有字段校验通过
2026-02-26 23:33:49,570 - INFO - CaseID:758 - QUERY字段：基础语义模糊匹配通过
2026-02-26 23:33:49,570 - INFO - CaseID:758 - 整体结果: PASS | 详情: 所有字段校验通过
2026-02-26 23:33:51,547 - INFO - CaseID:759 - QUERY字段：基础语义模糊匹配通过
2026-02-26 23:33:51,548 - INFO - CaseID:759 - 整体结果: PASS | 详情: 所有字段校验通过
2026-02-26 23:33:53,726 - INFO - CaseID:760 - QUERY字段：基础语义模糊匹配通过
2026-02-26 23:33:53,726 - INFO - CaseID:760 - 整体结果: PASS | 详情: 所有字段校验通过
2026-02-26 23:33:55,421 - INFO - CaseID:761 - QUERY字段：基础语义模糊匹配通过
2026-02-26 23:33:55,421 - INFO - CaseID:761 - 整体结果: PASS | 详情: 所有字段校验通过
2026-02-26 23:33:57,528 - INFO - CaseID:762 - QUERY字段：基础语义模糊匹配通过
2026-02-26 23:33:57,528 - INFO - CaseID:762 - 整体结果: PASS | 详情: 所有字段校验通过
2026-02-26 23:33:59,307 - INFO - CaseID:763 - 整体结果: FAILED | 详情: APINAME不匹配：预期[visual_search]，实际[QASearch]; CATEGORY不匹配：一方为空 - 预期[]，实际[生物]; QUERY不匹配：基础语义模糊匹配失败 - 预期[这个是龟背竹吗]，实际[龟背竹的特征]; TAG不匹配：一方为空 - 预期[]，实际[龟背竹&特征]
2026-02-26 23:34:01,360 - INFO - CaseID:764 - QUERY字段：基础语义模糊匹配通过
2026-02-26 23:34:01,361 - INFO - CaseID:764 - 整体结果: PASS | 详情: 所有字段校验通过
2026-02-26 23:34:03,278 - INFO - CaseID:765 - QUERY字段：基础语义模糊匹配通过
2026-02-26 23:34:03,279 - INFO - CaseID:765 - 整体结果: PASS | 详情: 所有字段校验通过
2026-02-26 23:34:05,188 - INFO - CaseID:766 - QUERY字段：基础语义模糊匹配通过
2026-02-26 23:34:05,188 - INFO - CaseID:766 - 整体结果: PASS | 详情: 所有字段校验通过
2026-02-26 23:34:07,070 - INFO - CaseID:767 - QUERY字段：基础语义模糊匹配通过
2026-02-26 23:34:07,071 - INFO - CaseID:767 - 整体结果: PASS | 详情: 所有字段校验通过
2026-02-26 23:34:07,071 - INFO - CaseID:768 - 整体结果: FAILED | 详情: 模型输出核心字段全为空，判定不通过
2026-02-26 23:34:09,090 - INFO - CaseID:769 - QUERY字段：基础语义模糊匹配通过
2026-02-26 23:34:09,091 - INFO - CaseID:769 - 整体结果: PASS | 详情: 所有字段校验通过
2026-02-26 23:34:11,098 - INFO - CaseID:770 - QUERY字段：基础语义模糊匹配通过
2026-02-26 23:34:11,098 - INFO - CaseID:770 - 整体结果: PASS | 详情: 所有字段校验通过
2026-02-26 23:34:14,114 - INFO - CaseID:771 - QUERY字段：基础语义模糊匹配通过
2026-02-26 23:34:14,114 - INFO - CaseID:771 - 整体结果: PASS | 详情: 所有字段校验通过
2026-02-26 23:34:16,133 - INFO - CaseID:772 - QUERY字段：基础语义模糊匹配通过
2026-02-26 23:34:16,133 - INFO - CaseID:772 - 整体结果: PASS | 详情: 所有字段校验通过
2026-02-26 23:34:16,133 - INFO - CaseID:773 - 整体结果: FAILED | 详情: 模型输出核心字段全为空，判定不通过
2026-02-26 23:34:18,077 - INFO - CaseID:774 - QUERY字段：基础语义模糊匹配通过
2026-02-26 23:34:18,078 - INFO - CaseID:774 - 整体结果: PASS | 详情: 所有字段校验通过
2026-02-26 23:34:20,890 - INFO - CaseID:775 - QUERY字段：基础语义模糊匹配通过
2026-02-26 23:34:20,890 - INFO - CaseID:775 - 整体结果: PASS | 详情: 所有字段校验通过
2026-02-26 23:34:23,309 - INFO - CaseID:776 - QUERY字段：基础语义模糊匹配通过
2026-02-26 23:34:23,310 - INFO - CaseID:776 - 整体结果: PASS | 详情: 所有字段校验通过
2026-02-26 23:34:25,352 - INFO - CaseID:777 - QUERY字段：基础语义模糊匹配通过
2026-02-26 23:34:25,353 - INFO - CaseID:777 - 整体结果: PASS | 详情: 所有字段校验通过
2026-02-26 23:34:29,278 - INFO - CaseID:778 - QUERY字段：语义匹配失败，但visual_search链路意图匹配通过
2026-02-26 23:34:29,279 - INFO - CaseID:778 - 整体结果: PASS | 详情: 所有字段校验通过
2026-02-26 23:34:29,279 - INFO - CaseID:779 - 整体结果: FAILED | 详情: 模型输出核心字段全为空，判定不通过
2026-02-26 23:34:31,231 - INFO - CaseID:780 - QUERY字段：基础语义模糊匹配通过
2026-02-26 23:34:31,232 - INFO - CaseID:780 - 整体结果: PASS | 详情: 所有字段校验通过
2026-02-26 23:34:35,112 - INFO - CaseID:781 - QUERY字段：语义匹配失败，但visual_search链路意图匹配通过
2026-02-26 23:34:35,113 - INFO - CaseID:781 - 整体结果: PASS | 详情: 所有字段校验通过
2026-02-26 23:34:35,113 - INFO - CaseID:782 - 整体结果: FAILED | 详情: 模型输出核心字段全为空，判定不通过
2026-02-26 23:34:37,124 - INFO - CaseID:783 - QUERY字段：基础语义模糊匹配通过
2026-02-26 23:34:37,125 - INFO - CaseID:783 - 整体结果: PASS | 详情: 所有字段校验通过
2026-02-26 23:34:39,103 - INFO - CaseID:784 - QUERY字段：基础语义模糊匹配通过
2026-02-26 23:34:39,104 - INFO - CaseID:784 - 整体结果: PASS | 详情: 所有字段校验通过
2026-02-26 23:34:41,120 - INFO - CaseID:785 - QUERY字段：基础语义模糊匹配通过
2026-02-26 23:34:41,121 - INFO - CaseID:785 - 整体结果: PASS | 详情: 所有字段校验通过
2026-02-26 23:34:42,947 - INFO - CaseID:786 - QUERY字段：基础语义模糊匹配通过
2026-02-26 23:34:42,947 - INFO - CaseID:786 - 整体结果: PASS | 详情: 所有字段校验通过
2026-02-26 23:34:44,869 - INFO - CaseID:787 - QUERY字段：基础语义模糊匹配通过
2026-02-26 23:34:44,870 - INFO - CaseID:787 - 整体结果: PASS | 详情: 所有字段校验通过
2026-02-26 23:34:48,739 - INFO - CaseID:788 - QUERY字段：语义匹配失败，但visual_search链路意图匹配通过
2026-02-26 23:34:48,739 - INFO - CaseID:788 - 整体结果: PASS | 详情: 所有字段校验通过
2026-02-26 23:34:50,692 - INFO - CaseID:789 - QUERY字段：基础语义模糊匹配通过
2026-02-26 23:34:50,692 - INFO - CaseID:789 - 整体结果: PASS | 详情: 所有字段校验通过
2026-02-26 23:34:52,383 - INFO - CaseID:790 - QUERY字段：基础语义模糊匹配通过
2026-02-26 23:34:52,384 - INFO - CaseID:790 - 整体结果: PASS | 详情: 所有字段校验通过
2026-02-26 23:34:56,479 - INFO - CaseID:791 - QUERY字段：语义匹配失败，但visual_search链路意图匹配通过
2026-02-26 23:34:56,479 - INFO - CaseID:791 - 整体结果: PASS | 详情: 所有字段校验通过
2026-02-26 23:35:00,341 - INFO - CaseID:792 - QUERY字段：语义匹配失败，但visual_search链路意图匹配通过
2026-02-26 23:35:00,342 - INFO - CaseID:792 - 整体结果: PASS | 详情: 所有字段校验通过
2026-02-26 23:35:02,502 - INFO - CaseID:793 - QUERY字段：基础语义模糊匹配通过
2026-02-26 23:35:02,503 - INFO - CaseID:793 - 整体结果: PASS | 详情: 所有字段校验通过
2026-02-26 23:35:04,715 - INFO - CaseID:794 - QUERY字段：基础语义模糊匹配通过
2026-02-26 23:35:04,716 - INFO - CaseID:794 - 整体结果: PASS | 详情: 所有字段校验通过
2026-02-26 23:35:06,823 - INFO - CaseID:795 - 整体结果: FAILED | 详情: APINAME不匹配：预期[visual_search]，实际[QASearch]; CATEGORY不匹配：一方为空 - 预期[]，实际[生物]; QUERY不匹配：基础语义模糊匹配失败 - 预期[识别当前摄像头画面中的物品是什么]，实际[石榴的味道特点]; TAG不匹配：一方为空 - 预期[]，实际[石榴&味道特点]
2026-02-26 23:35:08,857 - INFO - CaseID:796 - QUERY字段：基础语义模糊匹配通过
2026-02-26 23:35:08,858 - INFO - CaseID:796 - 整体结果: PASS | 详情: 所有字段校验通过
2026-02-26 23:35:10,787 - INFO - CaseID:797 - QUERY字段：基础语义模糊匹配通过
2026-02-26 23:35:10,788 - INFO - CaseID:797 - 整体结果: PASS | 详情: 所有字段校验通过
2026-02-26 23:35:12,868 - INFO - CaseID:798 - 整体结果: FAILED | 详情: APINAME不匹配：预期[visual_search]，实际[skill_search]; QUERY不匹配：基础语义模糊匹配失败 - 预期[这个喝了应该不会胖吧]，实际[常见饮品的热量含量]
2026-02-26 23:35:14,892 - INFO - CaseID:799 - QUERY字段：基础语义模糊匹配通过
2026-02-26 23:35:14,894 - INFO - CaseID:799 - 整体结果: PASS | 详情: 所有字段校验通过
2026-02-26 23:35:14,894 - INFO - 已处理800行，休眠5秒降低压力...
2026-02-26 23:35:20,937 - INFO - CaseID:800 - QUERY字段：基础语义模糊匹配通过
2026-02-26 23:35:20,937 - INFO - CaseID:800 - 整体结果: PASS | 详情: 所有字段校验通过
2026-02-26 23:35:20,937 - INFO - 已处理800条用例，当前通过数：556
2026-02-26 23:35:20,938 - INFO - CaseID:801 - 整体结果: FAILED | 详情: 模型输出核心字段全为空，判定不通过
2026-02-26 23:35:20,938 - INFO - CaseID:802 - 整体结果: FAILED | 详情: 模型输出核心字段全为空，判定不通过
2026-02-26 23:35:22,898 - INFO - CaseID:803 - QUERY字段：基础语义模糊匹配通过
2026-02-26 23:35:22,899 - INFO - CaseID:803 - 整体结果: PASS | 详情: 所有字段校验通过
2026-02-26 23:35:24,878 - INFO - CaseID:804 - QUERY字段：基础语义模糊匹配通过
2026-02-26 23:35:24,879 - INFO - CaseID:804 - 整体结果: PASS | 详情: 所有字段校验通过
2026-02-26 23:35:24,879 - INFO - CaseID:805 - 整体结果: FAILED | 详情: 模型输出核心字段全为空，判定不通过
2026-02-26 23:35:27,020 - INFO - CaseID:806 - QUERY字段：基础语义模糊匹配通过
2026-02-26 23:35:27,020 - INFO - CaseID:806 - 整体结果: PASS | 详情: 所有字段校验通过
2026-02-26 23:35:28,838 - INFO - CaseID:807 - QUERY字段：基础语义模糊匹配通过
2026-02-26 23:35:28,838 - INFO - CaseID:807 - 整体结果: PASS | 详情: 所有字段校验通过
2026-02-26 23:35:31,239 - INFO - CaseID:808 - QUERY字段：基础语义模糊匹配通过
2026-02-26 23:35:31,240 - INFO - CaseID:808 - 整体结果: PASS | 详情: 所有字段校验通过
2026-02-26 23:35:35,394 - INFO - CaseID:809 - QUERY字段：语义匹配失败，但visual_search链路意图匹配通过
2026-02-26 23:35:35,395 - INFO - CaseID:809 - 整体结果: PASS | 详情: 所有字段校验通过
2026-02-26 23:35:37,323 - INFO - CaseID:810 - QUERY字段：基础语义模糊匹配通过
2026-02-26 23:35:37,324 - INFO - CaseID:810 - 整体结果: PASS | 详情: 所有字段校验通过
2026-02-26 23:35:37,324 - INFO - CaseID:811 - 整体结果: FAILED | 详情: 模型输出核心字段全为空，判定不通过
2026-02-26 23:35:37,325 - INFO - CaseID:812 - 整体结果: FAILED | 详情: 模型输出核心字段全为空，判定不通过
2026-02-26 23:35:41,692 - INFO - CaseID:813 - QUERY字段：语义匹配失败，但visual_search链路意图匹配通过
2026-02-26 23:35:41,693 - INFO - CaseID:813 - 整体结果: PASS | 详情: 所有字段校验通过
2026-02-26 23:35:41,693 - INFO - CaseID:814 - 整体结果: FAILED | 详情: 模型输出核心字段全为空，判定不通过
2026-02-26 23:35:43,583 - INFO - CaseID:815 - QUERY字段：基础语义模糊匹配通过
2026-02-26 23:35:43,584 - INFO - CaseID:815 - 整体结果: PASS | 详情: 所有字段校验通过
2026-02-26 23:35:45,538 - INFO - CaseID:816 - 整体结果: FAILED | 详情: APINAME不匹配：预期[visual_search]，实际[QASearch]; CATEGORY不匹配：一方为空 - 预期[]，实际[健康]; QUERY不匹配：基础语义模糊匹配失败 - 预期[这奶是哪家牌子的]，实际[用户是否提供了奶制品的包装图片或具体描述]; TAG不匹配：一方为空 - 预期[]，实际[用户&提供了&奶制品&包装图片&具体描述]
2026-02-26 23:35:47,524 - INFO - CaseID:817 - QUERY字段：基础语义模糊匹配通过
2026-02-26 23:35:47,525 - INFO - CaseID:817 - 整体结果: FAILED | 详情: APINAME不匹配：预期[visual_search]，实际[AUTOSearch]; CATEGORY不匹配：一方为空 - 预期[]，实际[汽车]; TAG不匹配：一方为空 - 预期[]，实际[这个能不能喝得完]
2026-02-26 23:35:51,378 - INFO - CaseID:818 - QUERY字段：语义匹配失败，但visual_search链路意图匹配通过
2026-02-26 23:35:51,380 - INFO - CaseID:818 - 整体结果: PASS | 详情: 所有字段校验通过
2026-02-26 23:35:53,057 - INFO - CaseID:819 - QUERY字段：基础语义模糊匹配通过
2026-02-26 23:35:53,058 - INFO - CaseID:819 - 整体结果: PASS | 详情: 所有字段校验通过
2026-02-26 23:35:55,068 - INFO - CaseID:820 - QUERY字段：基础语义模糊匹配通过
2026-02-26 23:35:55,068 - INFO - CaseID:820 - 整体结果: PASS | 详情: 所有字段校验通过
2026-02-26 23:35:57,102 - INFO - CaseID:821 - 整体结果: FAILED | 详情: APINAME不匹配：预期[visual_search]，实际[skill_search]; QUERY不匹配：基础语义模糊匹配失败 - 预期[这个和酸奶哪个好喝]，实际[用户提到的这个具体指什么饮品或食品]
2026-02-26 23:36:01,503 - INFO - CaseID:822 - QUERY字段：语义匹配失败，但visual_search链路意图匹配通过
2026-02-26 23:36:01,503 - INFO - CaseID:822 - 整体结果: PASS | 详情: 所有字段校验通过
2026-02-26 23:36:04,438 - INFO - CaseID:823 - QUERY字段：基础语义模糊匹配通过
2026-02-26 23:36:04,439 - INFO - CaseID:823 - 整体结果: PASS | 详情: 所有字段校验通过
2026-02-26 23:36:04,439 - INFO - CaseID:824 - 整体结果: FAILED | 详情: 模型输出核心字段全为空，判定不通过
2026-02-26 23:36:06,553 - INFO - CaseID:825 - QUERY字段：基础语义模糊匹配通过
2026-02-26 23:36:06,554 - INFO - CaseID:825 - 整体结果: PASS | 详情: 所有字段校验通过
2026-02-26 23:36:08,484 - INFO - CaseID:826 - 整体结果: FAILED | 详情: APINAME不匹配：预期[visual_search]，实际[QASearch]; CATEGORY不匹配：一方为空 - 预期[]，实际[健康]; QUERY不匹配：基础语义模糊匹配失败 - 预期[这个从营养价值角度上看是牛奶吗]，实际[牛奶的营养成分标准]; TAG不匹配：一方为空 - 预期[]，实际[牛奶&营养成分&标准]
2026-02-26 23:36:10,475 - INFO - CaseID:827 - QUERY字段：基础语义模糊匹配通过
2026-02-26 23:36:10,476 - INFO - CaseID:827 - 整体结果: PASS | 详情: 所有字段校验通过
2026-02-26 23:36:14,790 - INFO - CaseID:828 - QUERY字段：语义匹配失败，但visual_search链路意图匹配通过
2026-02-26 23:36:14,790 - INFO - CaseID:828 - 整体结果: PASS | 详情: 所有字段校验通过
2026-02-26 23:36:16,865 - INFO - CaseID:829 - QUERY字段：基础语义模糊匹配通过
2026-02-26 23:36:16,866 - INFO - CaseID:829 - 整体结果: PASS | 详情: 所有字段校验通过
2026-02-26 23:36:18,812 - INFO - CaseID:830 - QUERY字段：基础语义模糊匹配通过
2026-02-26 23:36:18,813 - INFO - CaseID:830 - 整体结果: PASS | 详情: 所有字段校验通过
2026-02-26 23:36:20,756 - INFO - CaseID:831 - QUERY字段：基础语义模糊匹配通过
2026-02-26 23:36:20,757 - INFO - CaseID:831 - 整体结果: PASS | 详情: 所有字段校验通过
2026-02-26 23:36:22,408 - INFO - CaseID:832 - QUERY字段：基础语义模糊匹配通过
2026-02-26 23:36:22,408 - INFO - CaseID:832 - 整体结果: PASS | 详情: 所有字段校验通过
2026-02-26 23:36:26,787 - INFO - CaseID:833 - QUERY字段：语义匹配失败，但visual_search链路意图匹配通过
2026-02-26 23:36:26,788 - INFO - CaseID:833 - 整体结果: PASS | 详情: 所有字段校验通过
2026-02-26 23:36:31,530 - INFO - CaseID:834 - QUERY字段：语义匹配失败，但visual_search链路意图匹配通过
2026-02-26 23:36:31,531 - INFO - CaseID:834 - 整体结果: PASS | 详情: 所有字段校验通过
2026-02-26 23:36:31,532 - INFO - CaseID:835 - CATEGORY字段：模型输出含「其他问答」，该字段通过
2026-02-26 23:36:33,528 - INFO - CaseID:835 - 整体结果: FAILED | 详情: APINAME不匹配：预期[visual_search]，实际[QASearch]; QUERY不匹配：基础语义模糊匹配失败 - 预期[这配料表里都有些什么]，实际[配料表中常见的成分分类]; TAG不匹配：一方为空 - 预期[]，实际[配料表中常见&成分&分类]
2026-02-26 23:36:35,326 - INFO - CaseID:836 - QUERY字段：基础语义模糊匹配通过
2026-02-26 23:36:35,327 - INFO - CaseID:836 - 整体结果: PASS | 详情: 所有字段校验通过
2026-02-26 23:36:39,394 - INFO - CaseID:837 - QUERY字段：语义匹配失败，但visual_search链路意图匹配通过
2026-02-26 23:36:39,395 - INFO - CaseID:837 - 整体结果: PASS | 详情: 所有字段校验通过
2026-02-26 23:36:43,776 - INFO - CaseID:838 - QUERY字段：语义匹配失败，但visual_search链路意图匹配通过
2026-02-26 23:36:43,777 - INFO - CaseID:838 - 整体结果: PASS | 详情: 所有字段校验通过
2026-02-26 23:36:47,741 - INFO - CaseID:839 - QUERY字段：语义匹配失败，但visual_search链路意图匹配通过
2026-02-26 23:36:47,741 - INFO - CaseID:839 - 整体结果: PASS | 详情: 所有字段校验通过
2026-02-26 23:36:49,641 - INFO - CaseID:840 - 整体结果: FAILED | 详情: APINAME不匹配：预期[visual_search]，实际[skill_search]; QUERY不匹配：基础语义模糊匹配失败 - 预期[这个喝起来会有巧克力味吗]，实际[用户所指的物品是什么（例如饮料、食品等）]
2026-02-26 23:36:51,313 - INFO - CaseID:841 - QUERY字段：基础语义模糊匹配通过
2026-02-26 23:36:51,313 - INFO - CaseID:841 - 整体结果: PASS | 详情: 所有字段校验通过
2026-02-26 23:36:53,321 - INFO - CaseID:842 - QUERY字段：基础语义模糊匹配通过
2026-02-26 23:36:53,322 - INFO - CaseID:842 - 整体结果: PASS | 详情: 所有字段校验通过
2026-02-26 23:36:53,323 - INFO - CaseID:843 - 整体结果: FAILED | 详情: 模型输出核心字段全为空，判定不通过
2026-02-26 23:36:55,703 - INFO - CaseID:844 - 整体结果: FAILED | 详情: APINAME不匹配：预期[visual_search]，实际[QASearch]; CATEGORY不匹配：一方为空 - 预期[]，实际[健康]; QUERY不匹配：基础语义模糊匹配失败 - 预期[识别当前摄像头画面中的瓶子容量和用户一天的饮用量]，实际[成年人每日推荐饮水量]; TAG不匹配：一方为空 - 预期[]，实际[成年人&每日&推荐饮水量]
2026-02-26 23:36:57,625 - INFO - CaseID:845 - QUERY字段：基础语义模糊匹配通过
2026-02-26 23:36:57,626 - INFO - CaseID:845 - 整体结果: PASS | 详情: 所有字段校验通过
2026-02-26 23:36:59,716 - INFO - CaseID:846 - QUERY字段：基础语义模糊匹配通过
2026-02-26 23:36:59,716 - INFO - CaseID:846 - 整体结果: PASS | 详情: 所有字段校验通过
2026-02-26 23:37:01,923 - INFO - CaseID:847 - QUERY字段：基础语义模糊匹配通过
2026-02-26 23:37:01,924 - INFO - CaseID:847 - 整体结果: PASS | 详情: 所有字段校验通过
2026-02-26 23:37:03,848 - INFO - CaseID:848 - QUERY字段：基础语义模糊匹配通过
2026-02-26 23:37:03,848 - INFO - CaseID:848 - 整体结果: PASS | 详情: 所有字段校验通过
2026-02-26 23:37:07,505 - INFO - CaseID:849 - QUERY字段：语义匹配失败，但visual_search链路意图匹配通过
2026-02-26 23:37:07,505 - INFO - CaseID:849 - 整体结果: PASS | 详情: 所有字段校验通过
2026-02-26 23:37:11,348 - INFO - CaseID:850 - QUERY字段：语义匹配失败，但visual_search链路意图匹配通过
2026-02-26 23:37:11,349 - INFO - CaseID:850 - 整体结果: PASS | 详情: 所有字段校验通过
2026-02-26 23:37:16,248 - INFO - CaseID:851 - QUERY字段：语义匹配失败，但visual_search链路意图匹配通过
2026-02-26 23:37:16,249 - INFO - CaseID:851 - 整体结果: PASS | 详情: 所有字段校验通过
2026-02-26 23:37:18,396 - INFO - CaseID:852 - QUERY字段：基础语义模糊匹配通过
2026-02-26 23:37:18,396 - INFO - CaseID:852 - 整体结果: PASS | 详情: 所有字段校验通过
2026-02-26 23:37:22,649 - INFO - CaseID:853 - QUERY字段：语义匹配失败，但visual_search链路意图匹配通过
2026-02-26 23:37:22,650 - INFO - CaseID:853 - 整体结果: PASS | 详情: 所有字段校验通过
2026-02-26 23:37:24,526 - INFO - CaseID:854 - QUERY字段：基础语义模糊匹配通过
2026-02-26 23:37:24,527 - INFO - CaseID:854 - 整体结果: PASS | 详情: 所有字段校验通过
2026-02-26 23:37:24,527 - INFO - CaseID:855 - 整体结果: FAILED | 详情: 模型输出核心字段全为空，判定不通过
2026-02-26 23:37:28,502 - INFO - CaseID:856 - QUERY字段：语义匹配失败，但visual_search链路意图匹配通过
2026-02-26 23:37:28,502 - INFO - CaseID:856 - 整体结果: PASS | 详情: 所有字段校验通过
2026-02-26 23:37:30,639 - INFO - CaseID:857 - QUERY字段：基础语义模糊匹配通过
2026-02-26 23:37:30,640 - INFO - CaseID:857 - 整体结果: PASS | 详情: 所有字段校验通过
2026-02-26 23:37:30,640 - INFO - CaseID:858 - 整体结果: FAILED | 详情: 模型输出核心字段全为空，判定不通过
2026-02-26 23:37:32,574 - INFO - CaseID:859 - QUERY字段：基础语义模糊匹配通过
2026-02-26 23:37:32,575 - INFO - CaseID:859 - 整体结果: PASS | 详情: 所有字段校验通过
2026-02-26 23:37:36,558 - INFO - CaseID:860 - QUERY字段：语义匹配失败，但visual_search链路意图匹配通过
2026-02-26 23:37:36,558 - INFO - CaseID:860 - 整体结果: PASS | 详情: 所有字段校验通过
2026-02-26 23:37:36,558 - INFO - CaseID:861 - 整体结果: FAILED | 详情: 模型输出核心字段全为空，判定不通过
2026-02-26 23:37:40,958 - INFO - CaseID:862 - QUERY字段：语义匹配失败，但visual_search链路意图匹配通过
2026-02-26 23:37:40,958 - INFO - CaseID:862 - 整体结果: PASS | 详情: 所有字段校验通过
2026-02-26 23:37:42,947 - INFO - CaseID:863 - QUERY字段：基础语义模糊匹配通过
2026-02-26 23:37:42,947 - INFO - CaseID:863 - 整体结果: PASS | 详情: 所有字段校验通过
2026-02-26 23:37:45,090 - INFO - CaseID:864 - QUERY字段：基础语义模糊匹配通过
2026-02-26 23:37:45,090 - INFO - CaseID:864 - 整体结果: PASS | 详情: 所有字段校验通过
2026-02-26 23:37:45,091 - INFO - CaseID:865 - 整体结果: FAILED | 详情: 模型输出核心字段全为空，判定不通过
2026-02-26 23:37:45,091 - INFO - CaseID:866 - 整体结果: FAILED | 详情: 模型输出核心字段全为空，判定不通过
2026-02-26 23:37:49,060 - INFO - CaseID:867 - QUERY字段：语义匹配失败，但visual_search链路意图匹配通过
2026-02-26 23:37:49,061 - INFO - CaseID:867 - 整体结果: PASS | 详情: 所有字段校验通过
2026-02-26 23:37:49,062 - INFO - CaseID:868 - 整体结果: FAILED | 详情: 模型输出核心字段全为空，判定不通过
2026-02-26 23:37:49,062 - INFO - CaseID:869 - 整体结果: FAILED | 详情: 模型输出核心字段全为空，判定不通过
2026-02-26 23:37:51,167 - INFO - CaseID:870 - QUERY字段：基础语义模糊匹配通过
2026-02-26 23:37:51,168 - INFO - CaseID:870 - 整体结果: PASS | 详情: 所有字段校验通过
2026-02-26 23:37:53,019 - INFO - CaseID:871 - QUERY字段：基础语义模糊匹配通过
2026-02-26 23:37:53,020 - INFO - CaseID:871 - 整体结果: PASS | 详情: 所有字段校验通过
2026-02-26 23:37:55,580 - INFO - CaseID:872 - QUERY字段：基础语义模糊匹配通过
2026-02-26 23:37:55,581 - INFO - CaseID:872 - 整体结果: PASS | 详情: 所有字段校验通过
2026-02-26 23:37:59,518 - INFO - CaseID:873 - QUERY字段：语义匹配失败，但visual_search链路意图匹配通过
2026-02-26 23:37:59,518 - INFO - CaseID:873 - 整体结果: PASS | 详情: 所有字段校验通过
2026-02-26 23:38:01,621 - INFO - CaseID:874 - QUERY字段：基础语义模糊匹配通过
2026-02-26 23:38:01,621 - INFO - CaseID:874 - 整体结果: PASS | 详情: 所有字段校验通过
2026-02-26 23:38:05,643 - INFO - CaseID:875 - QUERY字段：语义匹配失败，但visual_search链路意图匹配通过
2026-02-26 23:38:05,644 - INFO - CaseID:875 - 整体结果: PASS | 详情: 所有字段校验通过
2026-02-26 23:38:07,761 - INFO - CaseID:876 - QUERY字段：基础语义模糊匹配通过
2026-02-26 23:38:07,761 - INFO - CaseID:876 - 整体结果: PASS | 详情: 所有字段校验通过
2026-02-26 23:38:07,762 - INFO - CaseID:877 - 整体结果: FAILED | 详情: 模型输出核心字段全为空，判定不通过
2026-02-26 23:38:09,814 - INFO - CaseID:878 - QUERY字段：基础语义模糊匹配通过
2026-02-26 23:38:09,815 - INFO - CaseID:878 - 整体结果: PASS | 详情: 所有字段校验通过
2026-02-26 23:38:09,816 - INFO - CaseID:879 - 整体结果: FAILED | 详情: 模型输出核心字段全为空，判定不通过
2026-02-26 23:38:13,688 - INFO - CaseID:880 - QUERY字段：语义匹配失败，但visual_search链路意图匹配通过
2026-02-26 23:38:13,689 - INFO - CaseID:880 - 整体结果: PASS | 详情: 所有字段校验通过
2026-02-26 23:38:15,649 - INFO - CaseID:881 - QUERY字段：基础语义模糊匹配通过
2026-02-26 23:38:15,649 - INFO - CaseID:881 - 整体结果: PASS | 详情: 所有字段校验通过
2026-02-26 23:38:17,347 - INFO - CaseID:882 - QUERY字段：基础语义模糊匹配通过
2026-02-26 23:38:17,348 - INFO - CaseID:882 - 整体结果: PASS | 详情: 所有字段校验通过
2026-02-26 23:38:21,177 - INFO - CaseID:883 - QUERY字段：语义匹配失败，但visual_search链路意图匹配通过
2026-02-26 23:38:21,177 - INFO - CaseID:883 - 整体结果: PASS | 详情: 所有字段校验通过
2026-02-26 23:38:25,659 - INFO - CaseID:884 - QUERY字段：语义匹配失败，但visual_search链路意图匹配通过
2026-02-26 23:38:25,659 - INFO - CaseID:884 - 整体结果: PASS | 详情: 所有字段校验通过
2026-02-26 23:38:28,049 - INFO - CaseID:885 - QUERY字段：基础语义模糊匹配通过
2026-02-26 23:38:28,050 - INFO - CaseID:885 - 整体结果: PASS | 详情: 所有字段校验通过
2026-02-26 23:38:29,849 - INFO - CaseID:886 - QUERY字段：基础语义模糊匹配通过
2026-02-26 23:38:29,850 - INFO - CaseID:886 - 整体结果: PASS | 详情: 所有字段校验通过
2026-02-26 23:38:33,641 - INFO - CaseID:887 - QUERY字段：语义匹配失败，但visual_search链路意图匹配通过
2026-02-26 23:38:33,642 - INFO - CaseID:887 - 整体结果: PASS | 详情: 所有字段校验通过
2026-02-26 23:38:36,039 - INFO - CaseID:888 - QUERY字段：基础语义模糊匹配通过
2026-02-26 23:38:36,040 - INFO - CaseID:888 - 整体结果: PASS | 详情: 所有字段校验通过
2026-02-26 23:38:37,993 - INFO - CaseID:889 - QUERY字段：基础语义模糊匹配通过
2026-02-26 23:38:37,993 - INFO - CaseID:889 - 整体结果: PASS | 详情: 所有字段校验通过
2026-02-26 23:38:37,993 - INFO - CaseID:890 - 整体结果: FAILED | 详情: 模型输出核心字段全为空，判定不通过
2026-02-26 23:38:39,845 - INFO - CaseID:891 - QUERY字段：基础语义模糊匹配通过
2026-02-26 23:38:39,845 - INFO - CaseID:891 - 整体结果: PASS | 详情: 所有字段校验通过
2026-02-26 23:38:39,846 - INFO - CaseID:892 - 整体结果: FAILED | 详情: 模型输出核心字段全为空，判定不通过
2026-02-26 23:38:39,846 - INFO - CaseID:893 - 整体结果: FAILED | 详情: 模型输出核心字段全为空，判定不通过
2026-02-26 23:38:39,846 - INFO - CaseID:894 - 整体结果: FAILED | 详情: 模型输出核心字段全为空，判定不通过
2026-02-26 23:38:39,847 - INFO - CaseID:895 - CATEGORY字段：模型输出含「其他问答」，该字段通过
2026-02-26 23:38:41,893 - INFO - CaseID:895 - QUERY字段：基础语义模糊匹配通过
2026-02-26 23:38:41,893 - INFO - CaseID:895 - 整体结果: FAILED | 详情: APINAME不匹配：预期[visual_search]，实际[QASearch]; TAG不匹配：一方为空 - 预期[]，实际[他&打球&技术]
2026-02-26 23:38:44,273 - INFO - CaseID:896 - QUERY字段：基础语义模糊匹配通过
2026-02-26 23:38:44,273 - INFO - CaseID:896 - 整体结果: PASS | 详情: 所有字段校验通过
2026-02-26 23:38:48,218 - INFO - CaseID:897 - QUERY字段：语义匹配失败，但visual_search链路意图匹配通过
2026-02-26 23:38:48,218 - INFO - CaseID:897 - 整体结果: PASS | 详情: 所有字段校验通过
2026-02-26 23:38:48,218 - INFO - CaseID:898 - 整体结果: FAILED | 详情: 模型输出核心字段全为空，判定不通过
2026-02-26 23:38:49,980 - INFO - CaseID:899 - 整体结果: FAILED | 详情: APINAME不匹配：预期[visual_search]，实际[QASearch]; CATEGORY不匹配：一方为空 - 预期[]，实际[人物]; QUERY不匹配：基础语义模糊匹配失败 - 预期[他的祖上是不是外国人]，实际[他具体指代的人物是谁]; TAG不匹配：一方为空 - 预期[]，实际[他&具体指代&人物]
2026-02-26 23:38:49,981 - INFO - 已处理900行，休眠5秒降低压力...
2026-02-26 23:38:54,982 - INFO - CaseID:900 - 整体结果: FAILED | 详情: 模型输出核心字段全为空，判定不通过
2026-02-26 23:38:54,983 - INFO - CaseID:901 - 整体结果: FAILED | 详情: 模型输出核心字段全为空，判定不通过
2026-02-26 23:38:54,984 - INFO - CaseID:902 - 整体结果: FAILED | 详情: 模型输出核心字段全为空，判定不通过
2026-02-26 23:38:54,984 - INFO - CaseID:903 - 整体结果: FAILED | 详情: 模型输出核心字段全为空，判定不通过
2026-02-26 23:38:55,919 - INFO - CaseID:904 - 整体结果: FAILED | 详情: APINAME不匹配：预期[visual_search]，实际[QASearch]; CATEGORY不匹配：一方为空 - 预期[]，实际[人物]; QUERY不匹配：基础语义模糊匹配失败 - 预期[分析当前摄像头画面中人物的性格特征]，实际[用户提到的她具体指代谁或哪个角色]; TAG不匹配：一方为空 - 预期[]，实际[用户提到&她&指代&角色]
2026-02-26 23:38:57,803 - INFO - CaseID:905 - 整体结果: FAILED | 详情: APINAME不匹配：预期[visual_search]，实际[skill_search]; QUERY不匹配：基础语义模糊匹配失败 - 预期[这是一本什么书呀]，实际[识别当前摄像头画面中的书籍名称和内容]
2026-02-26 23:38:59,913 - INFO - CaseID:906 - QUERY字段：基础语义模糊匹配通过
2026-02-26 23:38:59,913 - INFO - CaseID:906 - 整体结果: PASS | 详情: 所有字段校验通过
2026-02-26 23:39:02,138 - INFO - CaseID:907 - QUERY字段：基础语义模糊匹配通过
2026-02-26 23:39:02,139 - INFO - CaseID:907 - 整体结果: PASS | 详情: 所有字段校验通过
2026-02-26 23:39:03,863 - INFO - CaseID:908 - QUERY字段：基础语义模糊匹配通过
2026-02-26 23:39:03,863 - INFO - CaseID:908 - 整体结果: PASS | 详情: 所有字段校验通过
2026-02-26 23:39:06,032 - INFO - CaseID:909 - QUERY字段：基础语义模糊匹配通过
2026-02-26 23:39:06,033 - INFO - CaseID:909 - 整体结果: PASS | 详情: 所有字段校验通过
2026-02-26 23:39:07,874 - INFO - CaseID:910 - QUERY字段：基础语义模糊匹配通过
2026-02-26 23:39:07,875 - INFO - CaseID:910 - 整体结果: PASS | 详情: 所有字段校验通过
2026-02-26 23:39:10,025 - INFO - CaseID:911 - 整体结果: FAILED | 详情: APINAME不匹配：预期[visual_search]，实际[QASearch]; CATEGORY不匹配：一方为空 - 预期[]，实际[文学]; QUERY不匹配：基础语义模糊匹配失败 - 预期[这书什么东西是书吗]，实际[书的定义]; TAG不匹配：一方为空 - 预期[]，实际[书&定义]
2026-02-26 23:39:15,186 - INFO - CaseID:912 - QUERY字段：语义匹配失败，但visual_search链路意图匹配通过
2026-02-26 23:39:15,187 - INFO - CaseID:912 - 整体结果: PASS | 详情: 所有字段校验通过
2026-02-26 23:39:17,235 - INFO - CaseID:913 - QUERY字段：基础语义模糊匹配通过
2026-02-26 23:39:17,235 - INFO - CaseID:913 - 整体结果: PASS | 详情: 所有字段校验通过
2026-02-26 23:39:18,870 - INFO - CaseID:914 - QUERY字段：基础语义模糊匹配通过
2026-02-26 23:39:18,870 - INFO - CaseID:914 - 整体结果: PASS | 详情: 所有字段校验通过
2026-02-26 23:39:18,871 - INFO - CaseID:915 - 整体结果: FAILED | 详情: 模型输出核心字段全为空，判定不通过
2026-02-26 23:39:20,881 - INFO - CaseID:916 - QUERY字段：基础语义模糊匹配通过
2026-02-26 23:39:20,881 - INFO - CaseID:916 - 整体结果: PASS | 详情: 所有字段校验通过
2026-02-26 23:39:22,540 - INFO - CaseID:917 - QUERY字段：基础语义模糊匹配通过
2026-02-26 23:39:22,540 - INFO - CaseID:917 - 整体结果: PASS | 详情: 所有字段校验通过
2026-02-26 23:39:24,977 - INFO - CaseID:918 - QUERY字段：基础语义模糊匹配通过
2026-02-26 23:39:24,978 - INFO - CaseID:918 - 整体结果: FAILED | 详情: APINAME不匹配：预期[visual_search]，实际[QASearch]; CATEGORY不匹配：一方为空 - 预期[]，实际[文学]; TAG不匹配：一方为空 - 预期[]，实际[《中国历代文学作品选》&出版信息]
2026-02-26 23:39:28,971 - INFO - CaseID:919 - QUERY字段：语义匹配失败，但visual_search链路意图匹配通过
2026-02-26 23:39:28,972 - INFO - CaseID:919 - 整体结果: PASS | 详情: 所有字段校验通过
2026-02-26 23:39:32,930 - INFO - CaseID:920 - QUERY字段：语义匹配失败，但visual_search链路意图匹配通过
2026-02-26 23:39:32,930 - INFO - CaseID:920 - 整体结果: PASS | 详情: 所有字段校验通过
2026-02-26 23:39:32,931 - INFO - CaseID:921 - 整体结果: FAILED | 详情: 模型输出核心字段全为空，判定不通过
2026-02-26 23:39:34,941 - INFO - CaseID:922 - QUERY字段：基础语义模糊匹配通过
2026-02-26 23:39:34,942 - INFO - CaseID:922 - 整体结果: PASS | 详情: 所有字段校验通过
2026-02-26 23:39:36,659 - INFO - CaseID:923 - QUERY字段：基础语义模糊匹配通过
2026-02-26 23:39:36,659 - INFO - CaseID:923 - 整体结果: PASS | 详情: 所有字段校验通过
2026-02-26 23:39:42,126 - INFO - CaseID:924 - QUERY字段：语义匹配失败，但visual_search链路意图匹配通过
2026-02-26 23:39:42,128 - INFO - CaseID:924 - 整体结果: PASS | 详情: 所有字段校验通过
2026-02-26 23:39:44,279 - INFO - CaseID:925 - QUERY字段：基础语义模糊匹配通过
2026-02-26 23:39:44,279 - INFO - CaseID:925 - 整体结果: PASS | 详情: 所有字段校验通过
2026-02-26 23:39:46,104 - INFO - CaseID:926 - QUERY字段：基础语义模糊匹配通过
2026-02-26 23:39:46,104 - INFO - CaseID:926 - 整体结果: PASS | 详情: 所有字段校验通过
2026-02-26 23:39:49,647 - INFO - CaseID:927 - QUERY字段：语义匹配失败，但visual_search链路意图匹配通过
2026-02-26 23:39:49,648 - INFO - CaseID:927 - 整体结果: PASS | 详情: 所有字段校验通过
2026-02-26 23:39:51,512 - INFO - CaseID:928 - QUERY字段：基础语义模糊匹配通过
2026-02-26 23:39:51,512 - INFO - CaseID:928 - 整体结果: PASS | 详情: 所有字段校验通过
2026-02-26 23:39:54,147 - INFO - CaseID:929 - QUERY字段：基础语义模糊匹配通过
2026-02-26 23:39:54,148 - INFO - CaseID:929 - 整体结果: PASS | 详情: 所有字段校验通过
2026-02-26 23:39:56,284 - INFO - CaseID:930 - QUERY字段：基础语义模糊匹配通过
2026-02-26 23:39:56,284 - INFO - CaseID:930 - 整体结果: PASS | 详情: 所有字段校验通过
2026-02-26 23:39:58,307 - INFO - CaseID:931 - QUERY字段：基础语义模糊匹配通过
2026-02-26 23:39:58,307 - INFO - CaseID:931 - 整体结果: PASS | 详情: 所有字段校验通过
2026-02-26 23:40:02,148 - INFO - CaseID:932 - QUERY字段：语义匹配失败，但visual_search链路意图匹配通过
2026-02-26 23:40:02,148 - INFO - CaseID:932 - 整体结果: PASS | 详情: 所有字段校验通过
2026-02-26 23:40:06,295 - INFO - CaseID:933 - QUERY字段：语义匹配失败，但visual_search链路意图匹配通过
2026-02-26 23:40:06,295 - INFO - CaseID:933 - 整体结果: PASS | 详情: 所有字段校验通过
2026-02-26 23:40:10,481 - INFO - CaseID:934 - QUERY字段：语义匹配失败，但visual_search链路意图匹配通过
2026-02-26 23:40:10,481 - INFO - CaseID:934 - 整体结果: PASS | 详情: 所有字段校验通过
2026-02-26 23:40:13,241 - INFO - CaseID:935 - 整体结果: FAILED | 详情: APINAME不匹配：预期[visual_search]，实际[QASearch]; CATEGORY不匹配：一方为空 - 预期[]，实际[文学]; QUERY不匹配：基础语义模糊匹配失败 - 预期[识别当前摄像头画面中的书籍名称及内容]，实际[《三体》的内容简介]; TAG不匹配：一方为空 - 预期[]，实际[三体&内容&简介]
2026-02-26 23:40:15,980 - INFO - CaseID:936 - QUERY字段：基础语义模糊匹配通过
2026-02-26 23:40:15,980 - INFO - CaseID:936 - 整体结果: PASS | 详情: 所有字段校验通过
2026-02-26 23:40:17,628 - INFO - CaseID:937 - QUERY字段：基础语义模糊匹配通过
2026-02-26 23:40:17,628 - INFO - CaseID:937 - 整体结果: FAILED | 详情: APINAME不匹配：预期[visual_search]，实际[QASearch]; CATEGORY不匹配：一方为空 - 预期[]，实际[文学]; TAG不匹配：一方为空 - 预期[]，实际[这是一本什么样的书]
2026-02-26 23:40:19,759 - INFO - CaseID:938 - QUERY字段：基础语义模糊匹配通过
2026-02-26 23:40:19,760 - INFO - CaseID:938 - 整体结果: PASS | 详情: 所有字段校验通过
2026-02-26 23:40:21,599 - INFO - CaseID:939 - QUERY字段：基础语义模糊匹配通过
2026-02-26 23:40:21,600 - INFO - CaseID:939 - 整体结果: PASS | 详情: 所有字段校验通过
2026-02-26 23:40:25,533 - INFO - CaseID:940 - QUERY字段：语义匹配失败，但visual_search链路意图匹配通过
2026-02-26 23:40:25,533 - INFO - CaseID:940 - 整体结果: PASS | 详情: 所有字段校验通过
2026-02-26 23:40:27,509 - INFO - CaseID:941 - QUERY字段：基础语义模糊匹配通过
2026-02-26 23:40:27,509 - INFO - CaseID:941 - 整体结果: PASS | 详情: 所有字段校验通过
2026-02-26 23:40:29,367 - INFO - CaseID:942 - QUERY字段：基础语义模糊匹配通过
2026-02-26 23:40:29,368 - INFO - CaseID:942 - 整体结果: PASS | 详情: 所有字段校验通过
2026-02-26 23:40:33,038 - INFO - CaseID:943 - QUERY字段：语义匹配失败，但visual_search链路意图匹配通过
2026-02-26 23:40:33,039 - INFO - CaseID:943 - 整体结果: PASS | 详情: 所有字段校验通过
2026-02-26 23:40:34,814 - INFO - CaseID:944 - QUERY字段：基础语义模糊匹配通过
2026-02-26 23:40:34,814 - INFO - CaseID:944 - 整体结果: PASS | 详情: 所有字段校验通过
2026-02-26 23:40:36,729 - INFO - CaseID:945 - QUERY字段：基础语义模糊匹配通过
2026-02-26 23:40:36,729 - INFO - CaseID:945 - 整体结果: PASS | 详情: 所有字段校验通过
2026-02-26 23:40:38,708 - INFO - CaseID:946 - 整体结果: FAILED | 详情: APINAME不匹配：预期[visual_search]，实际[QASearch]; CATEGORY不匹配：一方为空 - 预期[]，实际[文学]; QUERY不匹配：基础语义模糊匹配失败 - 预期[识别当前摄像头画面中的书籍名称或ISBN]，实际[用户提到的书名是什么]; TAG不匹配：一方为空 - 预期[]，实际[书名]
2026-02-26 23:40:42,551 - INFO - CaseID:947 - QUERY字段：语义匹配失败，但visual_search链路意图匹配通过
2026-02-26 23:40:42,551 - INFO - CaseID:947 - 整体结果: PASS | 详情: 所有字段校验通过
2026-02-26 23:40:44,236 - INFO - CaseID:948 - QUERY字段：基础语义模糊匹配通过
2026-02-26 23:40:44,236 - INFO - CaseID:948 - 整体结果: PASS | 详情: 所有字段校验通过
2026-02-26 23:40:47,954 - INFO - CaseID:949 - QUERY字段：语义匹配失败，但visual_search链路意图匹配通过
2026-02-26 23:40:47,954 - INFO - CaseID:949 - 整体结果: PASS | 详情: 所有字段校验通过
2026-02-26 23:40:53,455 - INFO - CaseID:950 - QUERY字段：语义匹配失败，但visual_search链路意图匹配通过
2026-02-26 23:40:53,455 - INFO - CaseID:950 - 整体结果: PASS | 详情: 所有字段校验通过
2026-02-26 23:40:55,612 - INFO - CaseID:951 - QUERY字段：基础语义模糊匹配通过
2026-02-26 23:40:55,612 - INFO - CaseID:951 - 整体结果: PASS | 详情: 所有字段校验通过
2026-02-26 23:40:55,612 - INFO - CaseID:952 - 整体结果: FAILED | 详情: 模型输出核心字段全为空，判定不通过
2026-02-26 23:40:57,649 - INFO - CaseID:953 - QUERY字段：基础语义模糊匹配通过
2026-02-26 23:40:57,650 - INFO - CaseID:953 - 整体结果: PASS | 详情: 所有字段校验通过
2026-02-26 23:40:59,287 - INFO - CaseID:954 - 整体结果: FAILED | 详情: APINAME不匹配：预期[visual_search]，实际[QASearch]; CATEGORY不匹配：一方为空 - 预期[]，实际[文学]; QUERY不匹配：基础语义模糊匹配失败 - 预期[识别当前摄像头画面中的书籍名称或特征]，实际[这么好的书具体是指哪本书]; TAG不匹配：一方为空 - 预期[]，实际[这么好&书]
2026-02-26 23:41:03,008 - INFO - CaseID:955 - QUERY字段：语义匹配失败，但visual_search链路意图匹配通过
2026-02-26 23:41:03,008 - INFO - CaseID:955 - 整体结果: PASS | 详情: 所有字段校验通过
2026-02-26 23:41:04,951 - INFO - CaseID:956 - QUERY字段：基础语义模糊匹配通过
2026-02-26 23:41:04,952 - INFO - CaseID:956 - 整体结果: FAILED | 详情: APINAME不匹配：预期[visual_search]，实际[QASearch]; CATEGORY不匹配：一方为空 - 预期[]，实际[文学]; TAG不匹配：一方为空 - 预期[]，实际[书&简介]
2026-02-26 23:41:06,953 - INFO - CaseID:957 - QUERY字段：基础语义模糊匹配通过
2026-02-26 23:41:06,954 - INFO - CaseID:957 - 整体结果: PASS | 详情: 所有字段校验通过
2026-02-26 23:41:06,954 - INFO - CaseID:958 - 整体结果: FAILED | 详情: 模型输出核心字段全为空，判定不通过
2026-02-26 23:41:11,610 - INFO - CaseID:959 - QUERY字段：语义匹配失败，但visual_search链路意图匹配通过
2026-02-26 23:41:11,610 - INFO - CaseID:959 - 整体结果: PASS | 详情: 所有字段校验通过
2026-02-26 23:41:13,275 - INFO - CaseID:960 - QUERY字段：基础语义模糊匹配通过
2026-02-26 23:41:13,276 - INFO - CaseID:960 - 整体结果: PASS | 详情: 所有字段校验通过
2026-02-26 23:41:18,890 - INFO - CaseID:961 - 整体结果: FAILED | 详情: QUERY不匹配：语义和visual_search链路意图均不一致 - 预期[你觉得这书好不好看]，实际[这是什么书？]
2026-02-26 23:41:20,914 - INFO - CaseID:962 - QUERY字段：基础语义模糊匹配通过
2026-02-26 23:41:20,914 - INFO - CaseID:962 - 整体结果: PASS | 详情: 所有字段校验通过
2026-02-26 23:41:22,763 - INFO - CaseID:963 - 整体结果: FAILED | 详情: APINAME不匹配：预期[visual_search]，实际[QASearch]; CATEGORY不匹配：一方为空 - 预期[]，实际[文学]; QUERY不匹配：基础语义模糊匹配失败 - 预期[这本书的书名和作者是什么？]，实际[当前所指的书籍名称]; TAG不匹配：一方为空 - 预期[]，实际[当前&所指&书籍名称]
2026-02-26 23:41:26,679 - INFO - CaseID:964 - QUERY字段：语义匹配失败，但visual_search链路意图匹配通过
2026-02-26 23:41:26,679 - INFO - CaseID:964 - 整体结果: PASS | 详情: 所有字段校验通过
2026-02-26 23:41:28,782 - INFO - CaseID:965 - 整体结果: FAILED | 详情: APINAME不匹配：预期[visual_search]，实际[QASearch]; CATEGORY不匹配：一方为空 - 预期[]，实际[文学]; QUERY不匹配：基础语义模糊匹配失败 - 预期[识别当前摄像头画面中的书名和作者]，实际[用户提到的书名是什么]; TAG不匹配：一方为空 - 预期[]，实际[书名]
2026-02-26 23:41:30,726 - INFO - CaseID:966 - QUERY字段：基础语义模糊匹配通过
2026-02-26 23:41:30,726 - INFO - CaseID:966 - 整体结果: PASS | 详情: 所有字段校验通过
2026-02-26 23:41:33,180 - INFO - CaseID:967 - QUERY字段：基础语义模糊匹配通过
2026-02-26 23:41:33,181 - INFO - CaseID:967 - 整体结果: PASS | 详情: 所有字段校验通过
2026-02-26 23:41:35,059 - INFO - CaseID:968 - QUERY字段：基础语义模糊匹配通过
2026-02-26 23:41:35,059 - INFO - CaseID:968 - 整体结果: PASS | 详情: 所有字段校验通过
2026-02-26 23:41:38,963 - INFO - CaseID:969 - QUERY字段：语义匹配失败，但visual_search链路意图匹配通过
2026-02-26 23:41:38,963 - INFO - CaseID:969 - 整体结果: PASS | 详情: 所有字段校验通过
2026-02-26 23:41:40,960 - INFO - CaseID:970 - QUERY字段：基础语义模糊匹配通过
2026-02-26 23:41:40,961 - INFO - CaseID:970 - 整体结果: PASS | 详情: 所有字段校验通过
2026-02-26 23:41:43,219 - INFO - CaseID:971 - QUERY字段：基础语义模糊匹配通过
2026-02-26 23:41:43,220 - INFO - CaseID:971 - 整体结果: PASS | 详情: 所有字段校验通过
2026-02-26 23:41:45,158 - INFO - CaseID:972 - QUERY字段：基础语义模糊匹配通过
2026-02-26 23:41:45,158 - INFO - CaseID:972 - 整体结果: PASS | 详情: 所有字段校验通过
2026-02-26 23:41:45,158 - INFO - CaseID:973 - 整体结果: FAILED | 详情: 模型输出核心字段全为空，判定不通过
2026-02-26 23:41:45,159 - INFO - CaseID:974 - 整体结果: FAILED | 详情: 模型输出核心字段全为空，判定不通过
2026-02-26 23:41:45,159 - INFO - CaseID:975 - 整体结果: FAILED | 详情: 模型输出核心字段全为空，判定不通过
2026-02-26 23:41:45,159 - INFO - CaseID:976 - 整体结果: FAILED | 详情: 模型输出核心字段全为空，判定不通过
2026-02-26 23:41:45,160 - INFO - CaseID:977 - 整体结果: FAILED | 详情: 模型输出核心字段全为空，判定不通过
2026-02-26 23:41:45,160 - INFO - CaseID:978 - 整体结果: FAILED | 详情: 模型输出核心字段全为空，判定不通过
2026-02-26 23:41:45,160 - INFO - CaseID:979 - 整体结果: FAILED | 详情: 模型输出核心字段全为空，判定不通过
2026-02-26 23:41:45,160 - INFO - CaseID:980 - 整体结果: FAILED | 详情: 模型输出核心字段全为空，判定不通过
2026-02-26 23:41:49,643 - INFO - CaseID:981 - 整体结果: FAILED | 详情: QUERY不匹配：语义和visual_search链路意图均不一致 - 预期[这件衣服的颜色和你的肤色对比是否显白？]，实际[这件衣服的颜色和款式是否显白？]
2026-02-26 23:41:49,643 - INFO - CaseID:982 - 整体结果: FAILED | 详情: 模型输出核心字段全为空，判定不通过
2026-02-26 23:41:54,534 - INFO - CaseID:983 - 整体结果: FAILED | 详情: QUERY不匹配：语义和visual_search链路意图均不一致 - 预期[分析用户当前穿着的衣服款式、颜色搭配等视觉信息]，实际[这件衣服我穿着好看吗]
2026-02-26 23:41:56,459 - INFO - CaseID:984 - QUERY字段：基础语义模糊匹配通过
2026-02-26 23:41:56,460 - INFO - CaseID:984 - 整体结果: PASS | 详情: 所有字段校验通过
2026-02-26 23:41:58,557 - INFO - CaseID:985 - 整体结果: FAILED | 详情: APINAME不匹配：预期[visual_search]，实际[skill_search]; QUERY不匹配：基础语义模糊匹配失败 - 预期[这个是哪个电影的海报]，实际[识别当前摄像头画面中的电影海报]
2026-02-26 23:41:58,558 - INFO - CaseID:986 - 整体结果: FAILED | 详情: 模型输出核心字段全为空，判定不通过
2026-02-26 23:41:58,559 - INFO - CaseID:987 - 整体结果: FAILED | 详情: 模型输出核心字段全为空，判定不通过
2026-02-26 23:42:02,149 - INFO - CaseID:988 - QUERY字段：基础语义模糊匹配通过
2026-02-26 23:42:02,150 - INFO - CaseID:988 - 整体结果: PASS | 详情: 所有字段校验通过
2026-02-26 23:42:04,067 - INFO - CaseID:989 - QUERY字段：基础语义模糊匹配通过
2026-02-26 23:42:04,067 - INFO - CaseID:989 - 整体结果: PASS | 详情: 所有字段校验通过
2026-02-26 23:42:04,067 - INFO - CaseID:990 - 整体结果: FAILED | 详情: 模型输出核心字段全为空，判定不通过
2026-02-26 23:42:04,067 - INFO - CaseID:991 - CATEGORY字段：模型输出含「其他问答」，该字段通过
2026-02-26 23:42:05,942 - INFO - CaseID:991 - 整体结果: FAILED | 详情: APINAME不匹配：预期[visual_search]，实际[QASearch]; QUERY不匹配：基础语义模糊匹配失败 - 预期[这种一般是叫仕女图吗]，实际[仕女图的定义和特征]; TAG不匹配：一方为空 - 预期[]，实际[仕女图&定义&特征]
2026-02-26 23:42:08,253 - INFO - CaseID:992 - QUERY字段：基础语义模糊匹配通过
2026-02-26 23:42:08,254 - INFO - CaseID:992 - 整体结果: PASS | 详情: 所有字段校验通过
2026-02-26 23:42:11,181 - INFO - CaseID:993 - QUERY字段：基础语义模糊匹配通过
2026-02-26 23:42:11,182 - INFO - CaseID:993 - 整体结果: PASS | 详情: 所有字段校验通过
2026-02-26 23:42:13,122 - INFO - CaseID:994 - 整体结果: FAILED | 详情: APINAME不匹配：预期[visual_search]，实际[skill_search]; QUERY不匹配：基础语义模糊匹配失败 - 预期[分析当前摄像头捕捉到的画作内容（主题、风格、色彩等）]，实际[当前摄像头捕捉到的电影内容是什么]
2026-02-26 23:42:14,943 - INFO - CaseID:995 - QUERY字段：基础语义模糊匹配通过
2026-02-26 23:42:14,943 - INFO - CaseID:995 - 整体结果: PASS | 详情: 所有字段校验通过
2026-02-26 23:42:17,429 - INFO - CaseID:996 - QUERY字段：基础语义模糊匹配通过
2026-02-26 23:42:17,429 - INFO - CaseID:996 - 整体结果: PASS | 详情: 所有字段校验通过
2026-02-26 23:42:19,235 - INFO - CaseID:997 - QUERY字段：基础语义模糊匹配通过
2026-02-26 23:42:19,236 - INFO - CaseID:997 - 整体结果: FAILED | 详情: APINAME不匹配：预期[visual_search]，实际[QASearch]; CATEGORY不匹配：一方为空 - 预期[]，实际[影视]; TAG不匹配：一方为空 - 预期[]，实际[海报&影视作品]
2026-02-26 23:42:23,746 - INFO - CaseID:998 - QUERY字段：语义匹配失败，但visual_search链路意图匹配通过
2026-02-26 23:42:23,746 - INFO - CaseID:998 - 整体结果: PASS | 详情: 所有字段校验通过
2026-02-26 23:42:26,478 - INFO - CaseID:999 - QUERY字段：基础语义模糊匹配通过
2026-02-26 23:42:26,478 - INFO - CaseID:999 - 整体结果: FAILED | 详情: APINAME不匹配：预期[visual_search]，实际[AUTOSearch]; CATEGORY不匹配：一方为空 - 预期[]，实际[汽车]; TAG不匹配：一方为空 - 预期[]，实际[这是什么的宣传海报]
2026-02-26 23:42:26,478 - INFO - 已处理1000行，休眠5秒降低压力...
2026-02-26 23:42:32,367 - INFO - CaseID:1000 - QUERY字段：基础语义模糊匹配通过
2026-02-26 23:42:32,367 - INFO - CaseID:1000 - 整体结果: PASS | 详情: 所有字段校验通过
2026-02-26 23:42:32,368 - INFO - 已处理1000条用例，当前通过数：686
2026-02-26 23:42:34,250 - INFO - CaseID:1001 - QUERY字段：基础语义模糊匹配通过
2026-02-26 23:42:34,250 - INFO - CaseID:1001 - 整体结果: PASS | 详情: 所有字段校验通过
2026-02-26 23:42:34,251 - INFO - CaseID:1002 - 整体结果: FAILED | 详情: 模型输出核心字段全为空，判定不通过
2026-02-26 23:42:34,251 - INFO - CaseID:1003 - CATEGORY字段：模型输出含「其他问答」，该字段通过
2026-02-26 23:42:36,208 - INFO - CaseID:1003 - 整体结果: FAILED | 详情: APINAME不匹配：预期[visual_search]，实际[QASearch]; QUERY不匹配：基础语义模糊匹配失败 - 预期[这幅书法作品有什么独特之处]，实际[书法作品独特之处的评价标准]; TAG不匹配：一方为空 - 预期[]，实际[书法作品&独特之处&评价标准]
2026-02-26 23:42:36,208 - INFO - CaseID:1004 - CATEGORY字段：模型输出含「其他问答」，该字段通过
2026-02-26 23:42:38,061 - INFO - CaseID:1004 - QUERY字段：基础语义模糊匹配通过
2026-02-26 23:42:38,061 - INFO - CaseID:1004 - 整体结果: FAILED | 详情: APINAME不匹配：预期[visual_search]，实际[QASearch]; TAG不匹配：一方为空 - 预期[]，实际[书法艺术&吸引人&地方]
2026-02-26 23:42:42,285 - INFO - CaseID:1005 - QUERY字段：语义匹配失败，但visual_search链路意图匹配通过
2026-02-26 23:42:42,286 - INFO - CaseID:1005 - 整体结果: PASS | 详情: 所有字段校验通过
2026-02-26 23:42:42,287 - INFO - CaseID:1006 - CATEGORY字段：模型输出含「其他问答」，该字段通过
2026-02-26 23:42:44,252 - INFO - CaseID:1006 - QUERY字段：基础语义模糊匹配通过
2026-02-26 23:42:44,253 - INFO - CaseID:1006 - 整体结果: FAILED | 详情: APINAME不匹配：预期[visual_search]，实际[QASearch]; TAG不匹配：一方为空 - 预期[]，实际[书法风格&特别之处&方面]
2026-02-26 23:42:44,253 - INFO - CaseID:1007 - CATEGORY字段：模型输出含「其他问答」，该字段通过
2026-02-26 23:42:46,145 - INFO - CaseID:1007 - 整体结果: FAILED | 详情: APINAME不匹配：预期[visual_search]，实际[QASearch]; QUERY不匹配：基础语义模糊匹配失败 - 预期[这个书法作品有什么过人之处]，实际[书法作品评价标准]; TAG不匹配：一方为空 - 预期[]，实际[书法作品&评价标准]
2026-02-26 23:42:46,145 - INFO - CaseID:1008 - CATEGORY字段：模型输出含「其他问答」，该字段通过
2026-02-26 23:42:47,748 - INFO - CaseID:1008 - 整体结果: FAILED | 详情: APINAME不匹配：预期[visual_search]，实际[QASearch]; QUERY不匹配：基础语义模糊匹配失败 - 预期[这书法与众不同的地方是什么]，实际[书法艺术的独特之处通常体现在哪些方面]; TAG不匹配：一方为空 - 预期[]，实际[书法艺术&独特之处&方面&时效性]
2026-02-26 23:42:49,810 - INFO - CaseID:1009 - QUERY字段：基础语义模糊匹配通过
2026-02-26 23:42:49,811 - INFO - CaseID:1009 - 整体结果: PASS | 详情: 所有字段校验通过
2026-02-26 23:42:51,861 - INFO - CaseID:1010 - QUERY字段：基础语义模糊匹配通过
2026-02-26 23:42:51,861 - INFO - CaseID:1010 - 整体结果: PASS | 详情: 所有字段校验通过
2026-02-26 23:42:53,752 - INFO - CaseID:1011 - QUERY字段：基础语义模糊匹配通过
2026-02-26 23:42:53,753 - INFO - CaseID:1011 - 整体结果: PASS | 详情: 所有字段校验通过
2026-02-26 23:42:53,753 - INFO - CaseID:1012 - CATEGORY字段：模型输出含「其他问答」，该字段通过
2026-02-26 23:42:55,662 - INFO - CaseID:1012 - 整体结果: FAILED | 详情: APINAME不匹配：预期[visual_search]，实际[QASearch]; QUERY不匹配：基础语义模糊匹配失败 - 预期[这幅书法有什么鲜明的特色]，实际[书法艺术的鲜明特色通常包括哪些方面]; TAG不匹配：一方为空 - 预期[]，实际[书法艺术&鲜明特色&方面]
2026-02-26 23:42:58,396 - INFO - CaseID:1013 - QUERY字段：基础语义模糊匹配通过
2026-02-26 23:42:58,397 - INFO - CaseID:1013 - 整体结果: FAILED | 详情: APINAME不匹配：预期[visual_search]，实际[QASearch]; CATEGORY不匹配：一方为空 - 预期[]，实际[文学]; TAG不匹配：一方为空 - 预期[]，实际[书法&特殊感受]
2026-02-26 23:42:58,397 - INFO - CaseID:1014 - CATEGORY字段：模型输出含「其他问答」，该字段通过
2026-02-26 23:43:01,120 - INFO - CaseID:1014 - 整体结果: FAILED | 详情: APINAME不匹配：预期[visual_search]，实际[QASearch]; QUERY不匹配：基础语义模糊匹配失败 - 预期[这书法的风格有哪些特点]，实际[书法风格的主要特点分类]; TAG不匹配：一方为空 - 预期[]，实际[书法风格&主要特点&分类]
2026-02-26 23:43:03,213 - INFO - CaseID:1015 - QUERY字段：基础语义模糊匹配通过
2026-02-26 23:43:03,213 - INFO - CaseID:1015 - 整体结果: PASS | 详情: 所有字段校验通过
2026-02-26 23:43:05,832 - INFO - CaseID:1016 - QUERY字段：基础语义模糊匹配通过
2026-02-26 23:43:05,833 - INFO - CaseID:1016 - 整体结果: PASS | 详情: 所有字段校验通过
2026-02-26 23:43:07,763 - INFO - CaseID:1017 - QUERY字段：基础语义模糊匹配通过
2026-02-26 23:43:07,764 - INFO - CaseID:1017 - 整体结果: PASS | 详情: 所有字段校验通过
2026-02-26 23:43:09,749 - INFO - CaseID:1018 - QUERY字段：基础语义模糊匹配通过
2026-02-26 23:43:09,750 - INFO - CaseID:1018 - 整体结果: PASS | 详情: 所有字段校验通过
2026-02-26 23:43:14,393 - INFO - CaseID:1019 - QUERY字段：语义匹配失败，但visual_search链路意图匹配通过
2026-02-26 23:43:14,394 - INFO - CaseID:1019 - 整体结果: PASS | 详情: 所有字段校验通过
2026-02-26 23:43:14,394 - INFO - CaseID:1020 - 整体结果: FAILED | 详情: 模型输出核心字段全为空，判定不通过
2026-02-26 23:43:17,993 - INFO - CaseID:1021 - QUERY字段：语义匹配失败，但visual_search链路意图匹配通过
2026-02-26 23:43:17,994 - INFO - CaseID:1021 - 整体结果: PASS | 详情: 所有字段校验通过
2026-02-26 23:43:17,994 - INFO - CaseID:1022 - CATEGORY字段：模型输出含「其他问答」，该字段通过
2026-02-26 23:43:20,035 - INFO - CaseID:1022 - 整体结果: FAILED | 详情: APINAME不匹配：预期[visual_search]，实际[QASearch]; QUERY不匹配：基础语义模糊匹配失败 - 预期[这酸奶是哪家公司出的]，实际[用户所指的酸奶品牌或包装信息]; TAG不匹配：一方为空 - 预期[]，实际[用户&指的&酸奶&品牌&包装信息]
2026-02-26 23:43:20,036 - INFO - CaseID:1023 - CATEGORY字段：模型输出含「其他问答」，该字段通过
2026-02-26 23:43:21,807 - INFO - CaseID:1023 - 整体结果: FAILED | 详情: APINAME不匹配：预期[visual_search]，实际[QASearch]; QUERY不匹配：基础语义模糊匹配失败 - 预期[这个奶是哪个品牌的]，实际[常见奶粉品牌包装标识]; TAG不匹配：一方为空 - 预期[]，实际[常见&奶粉品牌&包装标识]
2026-02-26 23:43:23,879 - INFO - CaseID:1024 - QUERY字段：基础语义模糊匹配通过
2026-02-26 23:43:23,880 - INFO - CaseID:1024 - 整体结果: PASS | 详情: 所有字段校验通过
2026-02-26 23:43:27,846 - INFO - CaseID:1025 - QUERY字段：语义匹配失败，但visual_search链路意图匹配通过
2026-02-26 23:43:27,847 - INFO - CaseID:1025 - 整体结果: PASS | 详情: 所有字段校验通过
2026-02-26 23:43:31,430 - INFO - CaseID:1026 - QUERY字段：语义匹配失败，但visual_search链路意图匹配通过
2026-02-26 23:43:31,430 - INFO - CaseID:1026 - 整体结果: PASS | 详情: 所有字段校验通过
2026-02-26 23:43:33,349 - INFO - CaseID:1027 - 整体结果: FAILED | 详情: APINAME不匹配：预期[visual_search]，实际[AUTOSearch]; CATEGORY不匹配：一方为空 - 预期[]，实际[汽车]; QUERY不匹配：基础语义模糊匹配失败 - 预期[识别当前摄像头画面中的物品或食品标签，判断是否含有蔗糖]，实际[里面具体是什么产品或食物]; TAG不匹配：一方为空 - 预期[]，实际[里面&具体&产品或食物]
2026-02-26 23:43:35,286 - INFO - CaseID:1028 - 整体结果: FAILED | 详情: APINAME不匹配：预期[visual_search]，实际[skill_search]; QUERY不匹配：基础语义模糊匹配失败 - 预期[这奶是什么牌子]，实际[识别当前摄像头画面中的奶制品品牌]
2026-02-26 23:43:39,173 - INFO - CaseID:1029 - QUERY字段：语义匹配失败，但visual_search链路意图匹配通过
2026-02-26 23:43:39,173 - INFO - CaseID:1029 - 整体结果: PASS | 详情: 所有字段校验通过
2026-02-26 23:43:43,998 - INFO - CaseID:1030 - QUERY字段：语义匹配失败，但visual_search链路意图匹配通过
2026-02-26 23:43:44,000 - INFO - CaseID:1030 - 整体结果: PASS | 详情: 所有字段校验通过
2026-02-26 23:43:45,630 - INFO - CaseID:1031 - QUERY字段：基础语义模糊匹配通过
2026-02-26 23:43:45,631 - INFO - CaseID:1031 - 整体结果: PASS | 详情: 所有字段校验通过
2026-02-26 23:43:50,039 - INFO - CaseID:1032 - QUERY字段：语义匹配失败，但visual_search链路意图匹配通过
2026-02-26 23:43:50,039 - INFO - CaseID:1032 - 整体结果: PASS | 详情: 所有字段校验通过
2026-02-26 23:43:53,986 - INFO - CaseID:1033 - QUERY字段：语义匹配失败，但visual_search链路意图匹配通过
2026-02-26 23:43:53,986 - INFO - CaseID:1033 - 整体结果: PASS | 详情: 所有字段校验通过
2026-02-26 23:43:57,874 - INFO - CaseID:1034 - QUERY字段：语义匹配失败，但visual_search链路意图匹配通过
2026-02-26 23:43:57,874 - INFO - CaseID:1034 - 整体结果: PASS | 详情: 所有字段校验通过
2026-02-26 23:43:59,923 - INFO - CaseID:1035 - QUERY字段：基础语义模糊匹配通过
2026-02-26 23:43:59,924 - INFO - CaseID:1035 - 整体结果: PASS | 详情: 所有字段校验通过
2026-02-26 23:44:01,974 - INFO - CaseID:1036 - QUERY字段：基础语义模糊匹配通过
2026-02-26 23:44:01,974 - INFO - CaseID:1036 - 整体结果: PASS | 详情: 所有字段校验通过
2026-02-26 23:44:03,783 - INFO - CaseID:1037 - QUERY字段：基础语义模糊匹配通过
2026-02-26 23:44:03,783 - INFO - CaseID:1037 - 整体结果: PASS | 详情: 所有字段校验通过
2026-02-26 23:44:03,784 - INFO - CaseID:1038 - 整体结果: FAILED | 详情: 模型输出核心字段全为空，判定不通过
2026-02-26 23:44:06,664 - INFO - CaseID:1039 - QUERY字段：基础语义模糊匹配通过
2026-02-26 23:44:06,664 - INFO - CaseID:1039 - 整体结果: PASS | 详情: 所有字段校验通过
2026-02-26 23:44:08,627 - INFO - CaseID:1040 - 整体结果: FAILED | 详情: APINAME不匹配：预期[visual_search]，实际[AUTOSearch]; CATEGORY不匹配：一方为空 - 预期[]，实际[汽车]; QUERY不匹配：基础语义模糊匹配失败 - 预期[这个和百事、可口比起来哪个好喝]，实际[用户提到的这个具体指哪种饮料品牌或产品]; TAG不匹配：一方为空 - 预期[]，实际[用户提到的这个&饮料品牌或产品]
2026-02-26 23:44:10,754 - INFO - CaseID:1041 - QUERY字段：基础语义模糊匹配通过
2026-02-26 23:44:10,755 - INFO - CaseID:1041 - 整体结果: PASS | 详情: 所有字段校验通过
2026-02-26 23:44:10,756 - INFO - CaseID:1042 - 整体结果: FAILED | 详情: 模型输出核心字段全为空，判定不通过
2026-02-26 23:44:10,756 - INFO - CaseID:1043 - 整体结果: FAILED | 详情: 模型输出核心字段全为空，判定不通过
2026-02-26 23:44:10,756 - INFO - CaseID:1044 - 整体结果: FAILED | 详情: 模型输出核心字段全为空，判定不通过
2026-02-26 23:44:12,647 - INFO - CaseID:1045 - 整体结果: FAILED | 详情: APINAME不匹配：预期[visual_search]，实际[QASearch]; CATEGORY不匹配：一方为空 - 预期[]，实际[健康]; QUERY不匹配：基础语义模糊匹配失败 - 预期[这个小孩的个子目前高吗]，实际[中国儿童身高发育指南]; TAG不匹配：一方为空 - 预期[]，实际[中国儿童&身高&发育指南]
2026-02-26 23:44:14,376 - INFO - CaseID:1046 - QUERY字段：基础语义模糊匹配通过
2026-02-26 23:44:14,376 - INFO - CaseID:1046 - 整体结果: PASS | 详情: 所有字段校验通过
2026-02-26 23:44:14,377 - INFO - CaseID:1047 - 整体结果: FAILED | 详情: 模型输出核心字段全为空，判定不通过
2026-02-26 23:44:14,377 - INFO - CaseID:1048 - 整体结果: FAILED | 详情: 模型输出核心字段全为空，判定不通过
2026-02-26 23:44:14,377 - INFO - CaseID:1049 - 整体结果: FAILED | 详情: 模型输出核心字段全为空，判定不通过
2026-02-26 23:44:16,516 - INFO - CaseID:1050 - QUERY字段：基础语义模糊匹配通过
2026-02-26 23:44:16,516 - INFO - CaseID:1050 - 整体结果: PASS | 详情: 所有字段校验通过
2026-02-26 23:44:16,517 - INFO - CaseID:1051 - 整体结果: FAILED | 详情: 模型输出核心字段全为空，判定不通过
2026-02-26 23:44:18,999 - INFO - CaseID:1052 - QUERY字段：基础语义模糊匹配通过
2026-02-26 23:44:19,000 - INFO - CaseID:1052 - 整体结果: FAILED | 详情: APINAME不匹配：预期[visual_search]，实际[MEDIASearch]
2026-02-26 23:44:21,821 - INFO - CaseID:1053 - 整体结果: FAILED | 详情: APINAME不匹配：预期[visual_search]，实际[QASearch]; CATEGORY不匹配：一方为空 - 预期[]，实际[健康]; QUERY不匹配：基础语义模糊匹配失败 - 预期[他们这样做小孩会危险吗]，实际[常见的儿童危险行为]; TAG不匹配：一方为空 - 预期[]，实际[常见&儿童&危险行为]
2026-02-26 23:44:23,705 - INFO - CaseID:1054 - QUERY字段：基础语义模糊匹配通过
2026-02-26 23:44:23,705 - INFO - CaseID:1054 - 整体结果: PASS | 详情: 所有字段校验通过
2026-02-26 23:44:25,806 - INFO - CaseID:1055 - QUERY字段：基础语义模糊匹配通过
2026-02-26 23:44:25,806 - INFO - CaseID:1055 - 整体结果: PASS | 详情: 所有字段校验通过
2026-02-26 23:44:27,748 - INFO - CaseID:1056 - 整体结果: FAILED | 详情: APINAME不匹配：预期[visual_search]，实际[skill_search]; QUERY不匹配：基础语义模糊匹配失败 - 预期[这个小孩这样做有危险吗]，实际[小孩当前行为的具体描述和环境]
2026-02-26 23:44:27,749 - INFO - CaseID:1057 - 整体结果: FAILED | 详情: 模型输出核心字段全为空，判定不通过
2026-02-26 23:44:27,749 - INFO - CaseID:1058 - 整体结果: FAILED | 详情: 模型输出核心字段全为空，判定不通过
2026-02-26 23:44:29,786 - INFO - CaseID:1059 - QUERY字段：基础语义模糊匹配通过
2026-02-26 23:44:29,786 - INFO - CaseID:1059 - 整体结果: PASS | 详情: 所有字段校验通过
2026-02-26 23:44:31,872 - INFO - CaseID:1060 - QUERY字段：基础语义模糊匹配通过
2026-02-26 23:44:31,873 - INFO - CaseID:1060 - 整体结果: PASS | 详情: 所有字段校验通过
2026-02-26 23:44:31,873 - INFO - CaseID:1061 - 整体结果: FAILED | 详情: 模型输出核心字段全为空，判定不通过
2026-02-26 23:44:31,874 - INFO - CaseID:1062 - 整体结果: FAILED | 详情: 模型输出核心字段全为空，判定不通过
2026-02-26 23:44:33,800 - INFO - CaseID:1063 - QUERY字段：基础语义模糊匹配通过
2026-02-26 23:44:33,800 - INFO - CaseID:1063 - 整体结果: PASS | 详情: 所有字段校验通过
2026-02-26 23:44:37,813 - INFO - CaseID:1064 - QUERY字段：语义匹配失败，但visual_search链路意图匹配通过
2026-02-26 23:44:37,813 - INFO - CaseID:1064 - 整体结果: PASS | 详情: 所有字段校验通过
2026-02-26 23:44:39,900 - INFO - CaseID:1065 - 整体结果: FAILED | 详情: APINAME不匹配：预期[visual_search]，实际[QASearch]; CATEGORY不匹配：一方为空 - 预期[]，实际[地理通用]; QUERY不匹配：基础语义模糊匹配失败 - 预期[这是在赶海吗]，实际[赶海的定义]; TAG不匹配：一方为空 - 预期[]，实际[赶海&定义]
2026-02-26 23:44:39,901 - INFO - CaseID:1066 - 整体结果: FAILED | 详情: 模型输出核心字段全为空，判定不通过
2026-02-26 23:44:39,902 - INFO - CaseID:1067 - 整体结果: FAILED | 详情: 模型输出核心字段全为空，判定不通过
2026-02-26 23:44:41,863 - INFO - CaseID:1068 - QUERY字段：基础语义模糊匹配通过
2026-02-26 23:44:41,864 - INFO - CaseID:1068 - 整体结果: PASS | 详情: 所有字段校验通过
2026-02-26 23:44:41,864 - INFO - CaseID:1069 - 整体结果: FAILED | 详情: 模型输出核心字段全为空，判定不通过
2026-02-26 23:44:41,865 - INFO - CaseID:1070 - 整体结果: FAILED | 详情: 模型输出核心字段全为空，判定不通过
2026-02-26 23:44:45,564 - INFO - CaseID:1071 - QUERY字段：语义匹配失败，但visual_search链路意图匹配通过
2026-02-26 23:44:45,564 - INFO - CaseID:1071 - 整体结果: PASS | 详情: 所有字段校验通过
2026-02-26 23:44:49,569 - INFO - CaseID:1072 - QUERY字段：语义匹配失败，但visual_search链路意图匹配通过
2026-02-26 23:44:49,569 - INFO - CaseID:1072 - 整体结果: PASS | 详情: 所有字段校验通过
2026-02-26 23:44:49,570 - INFO - CaseID:1073 - 整体结果: FAILED | 详情: 模型输出核心字段全为空，判定不通过
2026-02-26 23:44:49,570 - INFO - CaseID:1074 - 整体结果: FAILED | 详情: 模型输出核心字段全为空，判定不通过
2026-02-26 23:44:49,570 - INFO - CaseID:1075 - 整体结果: FAILED | 详情: 模型输出核心字段全为空，判定不通过
2026-02-26 23:44:49,571 - INFO - CaseID:1076 - 整体结果: FAILED | 详情: 模型输出核心字段全为空，判定不通过
2026-02-26 23:44:51,649 - INFO - CaseID:1077 - QUERY字段：基础语义模糊匹配通过
2026-02-26 23:44:51,649 - INFO - CaseID:1077 - 整体结果: PASS | 详情: 所有字段校验通过
2026-02-26 23:44:53,650 - INFO - CaseID:1078 - 整体结果: FAILED | 详情: APINAME不匹配：预期[visual_search]，实际[skill_search]; QUERY不匹配：基础语义模糊匹配失败 - 预期[识别用户当前穿着的衣服款式、颜色、材质等特征]，实际[用户当前所穿衣服的材质厚度颜色和款式]
2026-02-26 23:44:57,577 - INFO - CaseID:1079 - QUERY字段：语义匹配失败，但visual_search链路意图匹配通过
2026-02-26 23:44:57,577 - INFO - CaseID:1079 - 整体结果: PASS | 详情: 所有字段校验通过
2026-02-26 23:44:59,522 - INFO - CaseID:1080 - QUERY字段：基础语义模糊匹配通过
2026-02-26 23:44:59,522 - INFO - CaseID:1080 - 整体结果: PASS | 详情: 所有字段校验通过
2026-02-26 23:44:59,523 - INFO - CaseID:1081 - CATEGORY字段：模型输出含「其他问答」，该字段通过
2026-02-26 23:45:01,516 - INFO - CaseID:1081 - 整体结果: FAILED | 详情: APINAME不匹配：预期[visual_search]，实际[QASearch]; QUERY不匹配：基础语义模糊匹配失败 - 预期[这衣服适合在酒会上穿不]，实际[酒会的着装要求]; TAG不匹配：一方为空 - 预期[]，实际[酒会&着装要求]
2026-02-26 23:45:03,535 - INFO - CaseID:1082 - QUERY字段：基础语义模糊匹配通过
2026-02-26 23:45:03,535 - INFO - CaseID:1082 - 整体结果: PASS | 详情: 所有字段校验通过
2026-02-26 23:45:05,416 - INFO - CaseID:1083 - QUERY字段：基础语义模糊匹配通过
2026-02-26 23:45:05,416 - INFO - CaseID:1083 - 整体结果: PASS | 详情: 所有字段校验通过
2026-02-26 23:45:05,416 - INFO - CaseID:1084 - 整体结果: FAILED | 详情: 模型输出核心字段全为空，判定不通过
2026-02-26 23:45:05,417 - INFO - CaseID:1085 - 整体结果: FAILED | 详情: 模型输出核心字段全为空，判定不通过
2026-02-26 23:45:09,206 - INFO - CaseID:1086 - QUERY字段：语义匹配失败，但visual_search链路意图匹配通过
2026-02-26 23:45:09,206 - INFO - CaseID:1086 - 整体结果: PASS | 详情: 所有字段校验通过
2026-02-26 23:45:10,857 - INFO - CaseID:1087 - QUERY字段：基础语义模糊匹配通过
2026-02-26 23:45:10,857 - INFO - CaseID:1087 - 整体结果: PASS | 详情: 所有字段校验通过
2026-02-26 23:45:10,858 - INFO - CaseID:1088 - 整体结果: FAILED | 详情: 模型输出核心字段全为空，判定不通过
2026-02-26 23:45:12,979 - INFO - CaseID:1089 - QUERY字段：基础语义模糊匹配通过
2026-02-26 23:45:12,979 - INFO - CaseID:1089 - 整体结果: PASS | 详情: 所有字段校验通过
2026-02-26 23:45:15,290 - INFO - CaseID:1090 - QUERY字段：基础语义模糊匹配通过
2026-02-26 23:45:15,290 - INFO - CaseID:1090 - 整体结果: PASS | 详情: 所有字段校验通过
2026-02-26 23:45:17,289 - INFO - CaseID:1091 - QUERY字段：基础语义模糊匹配通过
2026-02-26 23:45:17,290 - INFO - CaseID:1091 - 整体结果: PASS | 详情: 所有字段校验通过
2026-02-26 23:45:19,283 - INFO - CaseID:1092 - QUERY字段：基础语义模糊匹配通过
2026-02-26 23:45:19,284 - INFO - CaseID:1092 - 整体结果: PASS | 详情: 所有字段校验通过
2026-02-26 23:45:21,334 - INFO - CaseID:1093 - QUERY字段：基础语义模糊匹配通过
2026-02-26 23:45:21,334 - INFO - CaseID:1093 - 整体结果: PASS | 详情: 所有字段校验通过
2026-02-26 23:45:25,429 - INFO - CaseID:1094 - QUERY字段：语义匹配失败，但visual_search链路意图匹配通过
2026-02-26 23:45:25,429 - INFO - CaseID:1094 - 整体结果: PASS | 详情: 所有字段校验通过
2026-02-26 23:45:25,430 - INFO - CaseID:1095 - 整体结果: FAILED | 详情: 模型输出核心字段全为空，判定不通过
2026-02-26 23:45:29,369 - INFO - CaseID:1096 - QUERY字段：语义匹配失败，但visual_search链路意图匹配通过
2026-02-26 23:45:29,370 - INFO - CaseID:1096 - 整体结果: PASS | 详情: 所有字段校验通过
2026-02-26 23:45:29,370 - INFO - CaseID:1097 - 整体结果: FAILED | 详情: 模型输出核心字段全为空，判定不通过
2026-02-26 23:45:31,692 - INFO - CaseID:1098 - QUERY字段：基础语义模糊匹配通过
2026-02-26 23:45:31,692 - INFO - CaseID:1098 - 整体结果: PASS | 详情: 所有字段校验通过
2026-02-26 23:45:31,693 - INFO - CaseID:1099 - CATEGORY字段：模型输出含「其他问答」，该字段通过
2026-02-26 23:45:33,532 - INFO - CaseID:1099 - 整体结果: FAILED | 详情: APINAME不匹配：预期[visual_search]，实际[QASearch]; QUERY不匹配：基础语义模糊匹配失败 - 预期[这个麻辣小龙虾做的如何]，实际[麻辣小龙虾的制作方法]; TAG不匹配：一方为空 - 预期[]，实际[麻辣小龙虾&制作方法]
2026-02-26 23:45:33,532 - INFO - 已处理1100行，休眠5秒降低压力...
2026-02-26 23:45:42,297 - INFO - CaseID:1100 - QUERY字段：语义匹配失败，但visual_search链路意图匹配通过
2026-02-26 23:45:42,298 - INFO - CaseID:1100 - 整体结果: PASS | 详情: 所有字段校验通过
2026-02-26 23:45:43,988 - INFO - CaseID:1101 - QUERY字段：基础语义模糊匹配通过
2026-02-26 23:45:43,989 - INFO - CaseID:1101 - 整体结果: PASS | 详情: 所有字段校验通过
2026-02-26 23:45:43,989 - INFO - CaseID:1102 - 整体结果: FAILED | 详情: 模型输出核心字段全为空，判定不通过
2026-02-26 23:45:46,013 - INFO - CaseID:1103 - QUERY字段：基础语义模糊匹配通过
2026-02-26 23:45:46,013 - INFO - CaseID:1103 - 整体结果: PASS | 详情: 所有字段校验通过
2026-02-26 23:45:48,100 - INFO - CaseID:1104 - QUERY字段：基础语义模糊匹配通过
2026-02-26 23:45:48,101 - INFO - CaseID:1104 - 整体结果: PASS | 详情: 所有字段校验通过
2026-02-26 23:45:52,442 - INFO - CaseID:1105 - QUERY字段：语义匹配失败，但visual_search链路意图匹配通过
2026-02-26 23:45:52,443 - INFO - CaseID:1105 - 整体结果: PASS | 详情: 所有字段校验通过
2026-02-26 23:45:54,528 - INFO - CaseID:1106 - QUERY字段：基础语义模糊匹配通过
2026-02-26 23:45:54,529 - INFO - CaseID:1106 - 整体结果: PASS | 详情: 所有字段校验通过
2026-02-26 23:45:58,431 - INFO - CaseID:1107 - QUERY字段：语义匹配失败，但visual_search链路意图匹配通过
2026-02-26 23:45:58,431 - INFO - CaseID:1107 - 整体结果: PASS | 详情: 所有字段校验通过
2026-02-26 23:46:00,979 - INFO - CaseID:1108 - QUERY字段：基础语义模糊匹配通过
2026-02-26 23:46:00,980 - INFO - CaseID:1108 - 整体结果: PASS | 详情: 所有字段校验通过
2026-02-26 23:46:03,303 - INFO - CaseID:1109 - QUERY字段：基础语义模糊匹配通过
2026-02-26 23:46:03,304 - INFO - CaseID:1109 - 整体结果: PASS | 详情: 所有字段校验通过
2026-02-26 23:46:05,424 - INFO - CaseID:1110 - QUERY字段：基础语义模糊匹配通过
2026-02-26 23:46:05,424 - INFO - CaseID:1110 - 整体结果: PASS | 详情: 所有字段校验通过
2026-02-26 23:46:07,309 - INFO - CaseID:1111 - QUERY字段：基础语义模糊匹配通过
2026-02-26 23:46:07,310 - INFO - CaseID:1111 - 整体结果: PASS | 详情: 所有字段校验通过
2026-02-26 23:46:09,549 - INFO - CaseID:1112 - QUERY字段：基础语义模糊匹配通过
2026-02-26 23:46:09,550 - INFO - CaseID:1112 - 整体结果: PASS | 详情: 所有字段校验通过
2026-02-26 23:46:11,452 - INFO - CaseID:1113 - QUERY字段：基础语义模糊匹配通过
2026-02-26 23:46:11,452 - INFO - CaseID:1113 - 整体结果: PASS | 详情: 所有字段校验通过
2026-02-26 23:46:13,472 - INFO - CaseID:1114 - QUERY字段：基础语义模糊匹配通过
2026-02-26 23:46:13,473 - INFO - CaseID:1114 - 整体结果: PASS | 详情: 所有字段校验通过
2026-02-26 23:46:17,448 - INFO - CaseID:1115 - QUERY字段：语义匹配失败，但visual_search链路意图匹配通过
2026-02-26 23:46:17,449 - INFO - CaseID:1115 - 整体结果: PASS | 详情: 所有字段校验通过
2026-02-26 23:46:17,449 - INFO - CaseID:1116 - 整体结果: FAILED | 详情: 模型输出核心字段全为空，判定不通过
2026-02-26 23:46:17,450 - INFO - CaseID:1117 - 整体结果: FAILED | 详情: 模型输出核心字段全为空，判定不通过
2026-02-26 23:46:17,450 - INFO - CaseID:1118 - 整体结果: FAILED | 详情: 模型输出核心字段全为空，判定不通过
2026-02-26 23:46:17,450 - INFO - CaseID:1119 - 整体结果: FAILED | 详情: 模型输出核心字段全为空，判定不通过
2026-02-26 23:46:17,451 - INFO - CaseID:1120 - 整体结果: FAILED | 详情: 模型输出核心字段全为空，判定不通过
2026-02-26 23:46:17,451 - INFO - CaseID:1121 - 整体结果: FAILED | 详情: 模型输出核心字段全为空，判定不通过
2026-02-26 23:46:17,451 - INFO - CaseID:1122 - 整体结果: FAILED | 详情: 模型输出核心字段全为空，判定不通过
2026-02-26 23:46:17,451 - INFO - CaseID:1123 - 整体结果: FAILED | 详情: 模型输出核心字段全为空，判定不通过
2026-02-26 23:46:19,548 - INFO - CaseID:1124 - QUERY字段：基础语义模糊匹配通过
2026-02-26 23:46:19,548 - INFO - CaseID:1124 - 整体结果: PASS | 详情: 所有字段校验通过
2026-02-26 23:46:19,549 - INFO - CaseID:1125 - 整体结果: FAILED | 详情: 模型输出核心字段全为空，判定不通过
2026-02-26 23:46:21,845 - INFO - CaseID:1126 - QUERY字段：基础语义模糊匹配通过
2026-02-26 23:46:21,846 - INFO - CaseID:1126 - 整体结果: PASS | 详情: 所有字段校验通过
2026-02-26 23:46:24,567 - INFO - CaseID:1127 - QUERY字段：基础语义模糊匹配通过
2026-02-26 23:46:24,568 - INFO - CaseID:1127 - 整体结果: PASS | 详情: 所有字段校验通过
2026-02-26 23:46:26,755 - INFO - CaseID:1128 - QUERY字段：基础语义模糊匹配通过
2026-02-26 23:46:26,755 - INFO - CaseID:1128 - 整体结果: PASS | 详情: 所有字段校验通过
2026-02-26 23:46:30,767 - INFO - CaseID:1129 - QUERY字段：语义匹配失败，但visual_search链路意图匹配通过
2026-02-26 23:46:30,768 - INFO - CaseID:1129 - 整体结果: PASS | 详情: 所有字段校验通过
2026-02-26 23:46:33,100 - INFO - CaseID:1130 - QUERY字段：基础语义模糊匹配通过
2026-02-26 23:46:33,101 - INFO - CaseID:1130 - 整体结果: PASS | 详情: 所有字段校验通过
2026-02-26 23:46:33,101 - INFO - CaseID:1131 - 整体结果: FAILED | 详情: 模型输出核心字段全为空，判定不通过
2026-02-26 23:46:35,525 - INFO - CaseID:1132 - QUERY字段：基础语义模糊匹配通过
2026-02-26 23:46:35,526 - INFO - CaseID:1132 - 整体结果: PASS | 详情: 所有字段校验通过
2026-02-26 23:46:37,417 - INFO - CaseID:1133 - QUERY字段：基础语义模糊匹配通过
2026-02-26 23:46:37,417 - INFO - CaseID:1133 - 整体结果: PASS | 详情: 所有字段校验通过
2026-02-26 23:46:40,318 - INFO - CaseID:1134 - QUERY字段：基础语义模糊匹配通过
2026-02-26 23:46:40,318 - INFO - CaseID:1134 - 整体结果: PASS | 详情: 所有字段校验通过
2026-02-26 23:46:42,536 - INFO - CaseID:1135 - QUERY字段：基础语义模糊匹配通过
2026-02-26 23:46:42,537 - INFO - CaseID:1135 - 整体结果: PASS | 详情: 所有字段校验通过
2026-02-26 23:46:42,537 - INFO - CaseID:1136 - 整体结果: FAILED | 详情: 模型输出核心字段全为空，判定不通过
2026-02-26 23:46:44,268 - INFO - CaseID:1137 - QUERY字段：基础语义模糊匹配通过
2026-02-26 23:46:44,268 - INFO - CaseID:1137 - 整体结果: PASS | 详情: 所有字段校验通过
2026-02-26 23:46:44,268 - INFO - CaseID:1138 - 整体结果: FAILED | 详情: 模型输出核心字段全为空，判定不通过
2026-02-26 23:46:46,469 - INFO - CaseID:1139 - QUERY字段：基础语义模糊匹配通过
2026-02-26 23:46:46,469 - INFO - CaseID:1139 - 整体结果: PASS | 详情: 所有字段校验通过
2026-02-26 23:46:46,470 - INFO - CaseID:1140 - 整体结果: FAILED | 详情: 模型输出核心字段全为空，判定不通过
2026-02-26 23:46:46,470 - INFO - CaseID:1141 - 整体结果: FAILED | 详情: 模型输出核心字段全为空，判定不通过
2026-02-26 23:46:46,470 - INFO - CaseID:1142 - 整体结果: FAILED | 详情: 模型输出核心字段全为空，判定不通过
2026-02-26 23:46:48,348 - INFO - CaseID:1143 - QUERY字段：基础语义模糊匹配通过
2026-02-26 23:46:48,348 - INFO - CaseID:1143 - 整体结果: PASS | 详情: 所有字段校验通过
2026-02-26 23:46:50,677 - INFO - CaseID:1144 - QUERY字段：基础语义模糊匹配通过
2026-02-26 23:46:50,678 - INFO - CaseID:1144 - 整体结果: PASS | 详情: 所有字段校验通过
2026-02-26 23:46:53,598 - INFO - CaseID:1145 - QUERY字段：基础语义模糊匹配通过
2026-02-26 23:46:53,598 - INFO - CaseID:1145 - 整体结果: PASS | 详情: 所有字段校验通过
2026-02-26 23:46:53,598 - INFO - CaseID:1146 - CATEGORY字段：模型输出含「其他问答」，该字段通过
2026-02-26 23:46:56,340 - INFO - CaseID:1146 - 整体结果: FAILED | 详情: APINAME不匹配：预期[visual_search]，实际[QASearch]; QUERY不匹配：基础语义模糊匹配失败 - 预期[识别当前摄像头画面中的物品]，实际[数码店通常销售的产品类型]; TAG不匹配：一方为空 - 预期[]，实际[数码店&通常销售&产品类型]
2026-02-26 23:46:58,211 - INFO - CaseID:1147 - QUERY字段：基础语义模糊匹配通过
2026-02-26 23:46:58,212 - INFO - CaseID:1147 - 整体结果: PASS | 详情: 所有字段校验通过
2026-02-26 23:47:00,338 - INFO - CaseID:1148 - QUERY字段：基础语义模糊匹配通过
2026-02-26 23:47:00,339 - INFO - CaseID:1148 - 整体结果: PASS | 详情: 所有字段校验通过
2026-02-26 23:47:00,340 - INFO - CaseID:1149 - 整体结果: FAILED | 详情: 模型输出核心字段全为空，判定不通过
2026-02-26 23:47:03,965 - INFO - CaseID:1150 - QUERY字段：语义匹配失败，但visual_search链路意图匹配通过
2026-02-26 23:47:03,965 - INFO - CaseID:1150 - 整体结果: PASS | 详情: 所有字段校验通过
2026-02-26 23:47:03,966 - INFO - CaseID:1151 - CATEGORY字段：模型输出含「其他问答」，该字段通过
2026-02-26 23:47:05,985 - INFO - CaseID:1151 - 整体结果: FAILED | 详情: APINAME不匹配：预期[visual_search]，实际[QASearch]; QUERY不匹配：基础语义模糊匹配失败 - 预期[这个是不是机械表呀]，实际[机械表的定义和特征]; TAG不匹配：一方为空 - 预期[]，实际[机械表&定义&特征]
2026-02-26 23:47:07,892 - INFO - CaseID:1152 - QUERY字段：基础语义模糊匹配通过
2026-02-26 23:47:07,892 - INFO - CaseID:1152 - 整体结果: PASS | 详情: 所有字段校验通过
2026-02-26 23:47:09,836 - INFO - CaseID:1153 - QUERY字段：基础语义模糊匹配通过
2026-02-26 23:47:09,837 - INFO - CaseID:1153 - 整体结果: PASS | 详情: 所有字段校验通过
2026-02-26 23:47:13,675 - INFO - CaseID:1154 - QUERY字段：语义匹配失败，但visual_search链路意图匹配通过
2026-02-26 23:47:13,676 - INFO - CaseID:1154 - 整体结果: PASS | 详情: 所有字段校验通过
2026-02-26 23:47:18,071 - INFO - CaseID:1155 - QUERY字段：语义匹配失败，但visual_search链路意图匹配通过
2026-02-26 23:47:18,072 - INFO - CaseID:1155 - 整体结果: PASS | 详情: 所有字段校验通过
2026-02-26 23:47:18,072 - INFO - CaseID:1156 - 整体结果: FAILED | 详情: 模型输出核心字段全为空，判定不通过
2026-02-26 23:47:18,073 - INFO - CaseID:1157 - 整体结果: FAILED | 详情: 模型输出核心字段全为空，判定不通过
2026-02-26 23:47:18,073 - INFO - CaseID:1158 - 整体结果: FAILED | 详情: 模型输出核心字段全为空，判定不通过
2026-02-26 23:47:19,998 - INFO - CaseID:1159 - QUERY字段：基础语义模糊匹配通过
2026-02-26 23:47:19,999 - INFO - CaseID:1159 - 整体结果: PASS | 详情: 所有字段校验通过
2026-02-26 23:47:22,073 - INFO - CaseID:1160 - QUERY字段：基础语义模糊匹配通过
2026-02-26 23:47:22,073 - INFO - CaseID:1160 - 整体结果: PASS | 详情: 所有字段校验通过
2026-02-26 23:47:24,146 - INFO - CaseID:1161 - QUERY字段：基础语义模糊匹配通过
2026-02-26 23:47:24,147 - INFO - CaseID:1161 - 整体结果: PASS | 详情: 所有字段校验通过
2026-02-26 23:47:26,074 - INFO - CaseID:1162 - QUERY字段：基础语义模糊匹配通过
2026-02-26 23:47:26,074 - INFO - CaseID:1162 - 整体结果: PASS | 详情: 所有字段校验通过
2026-02-26 23:47:27,791 - INFO - CaseID:1163 - 整体结果: FAILED | 详情: APINAME不匹配：预期[visual_search]，实际[AUTOSearch]; CATEGORY不匹配：一方为空 - 预期[]，实际[汽车]; QUERY不匹配：基础语义模糊匹配失败 - 预期[识别当前摄像头画面中的物品]，实际[用户提到的它具体指什么产品]; TAG不匹配：一方为空 - 预期[]，实际[用户提到的它具体指什么产品]
2026-02-26 23:47:29,792 - INFO - CaseID:1164 - QUERY字段：基础语义模糊匹配通过
2026-02-26 23:47:29,792 - INFO - CaseID:1164 - 整体结果: PASS | 详情: 所有字段校验通过
2026-02-26 23:47:31,775 - INFO - CaseID:1165 - QUERY字段：基础语义模糊匹配通过
2026-02-26 23:47:31,775 - INFO - CaseID:1165 - 整体结果: PASS | 详情: 所有字段校验通过
2026-02-26 23:47:35,591 - INFO - CaseID:1166 - QUERY字段：语义匹配失败，但visual_search链路意图匹配通过
2026-02-26 23:47:35,591 - INFO - CaseID:1166 - 整体结果: PASS | 详情: 所有字段校验通过
2026-02-26 23:47:37,632 - INFO - CaseID:1167 - QUERY字段：基础语义模糊匹配通过
2026-02-26 23:47:37,633 - INFO - CaseID:1167 - 整体结果: PASS | 详情: 所有字段校验通过
2026-02-26 23:47:37,633 - INFO - CaseID:1168 - 整体结果: FAILED | 详情: 模型输出核心字段全为空，判定不通过
2026-02-26 23:47:37,633 - INFO - CaseID:1169 - CATEGORY字段：模型输出含「其他问答」，该字段通过
2026-02-26 23:47:39,541 - INFO - CaseID:1169 - 整体结果: FAILED | 详情: APINAME不匹配：预期[visual_search]，实际[QASearch]; QUERY不匹配：基础语义模糊匹配失败 - 预期[这个到底是不是拍立得]，实际[用户所指物品的具体信息或图片]; TAG不匹配：一方为空 - 预期[]，实际[用户所指物品&具体信息&图片]
2026-02-26 23:47:43,466 - INFO - CaseID:1170 - QUERY字段：语义匹配失败，但visual_search链路意图匹配通过
2026-02-26 23:47:43,467 - INFO - CaseID:1170 - 整体结果: PASS | 详情: 所有字段校验通过
2026-02-26 23:47:47,134 - INFO - CaseID:1171 - QUERY字段：语义匹配失败，但visual_search链路意图匹配通过
2026-02-26 23:47:47,135 - INFO - CaseID:1171 - 整体结果: PASS | 详情: 所有字段校验通过
2026-02-26 23:47:51,863 - INFO - CaseID:1172 - QUERY字段：语义匹配失败，但visual_search链路意图匹配通过
2026-02-26 23:47:51,863 - INFO - CaseID:1172 - 整体结果: PASS | 详情: 所有字段校验通过
2026-02-26 23:47:53,677 - INFO - CaseID:1173 - QUERY字段：基础语义模糊匹配通过
2026-02-26 23:47:53,677 - INFO - CaseID:1173 - 整体结果: PASS | 详情: 所有字段校验通过
2026-02-26 23:47:55,650 - INFO - CaseID:1174 - QUERY字段：基础语义模糊匹配通过
2026-02-26 23:47:55,651 - INFO - CaseID:1174 - 整体结果: PASS | 详情: 所有字段校验通过
2026-02-26 23:47:57,583 - INFO - CaseID:1175 - 整体结果: FAILED | 详情: APINAME不匹配：预期[visual_search]，实际[skill_search]; QUERY不匹配：基础语义模糊匹配失败 - 预期[识别当前摄像头画面中的物品或商品]，实际[理想同学是否可以在线下购买到]
2026-02-26 23:47:59,491 - INFO - CaseID:1176 - QUERY字段：基础语义模糊匹配通过
2026-02-26 23:47:59,492 - INFO - CaseID:1176 - 整体结果: PASS | 详情: 所有字段校验通过
2026-02-26 23:47:59,492 - INFO - CaseID:1177 - 整体结果: FAILED | 详情: 模型输出核心字段全为空，判定不通过
2026-02-26 23:48:01,351 - INFO - CaseID:1178 - QUERY字段：基础语义模糊匹配通过
2026-02-26 23:48:01,352 - INFO - CaseID:1178 - 整体结果: PASS | 详情: 所有字段校验通过
2026-02-26 23:48:05,594 - INFO - CaseID:1179 - 整体结果: FAILED | 详情: QUERY不匹配：语义和visual_search链路意图均不一致 - 预期[识别当前摄像头画面中的相机品牌和型号]，实际[这个相机新的大概什么价钱]
2026-02-26 23:48:07,564 - INFO - CaseID:1180 - QUERY字段：基础语义模糊匹配通过
2026-02-26 23:48:07,565 - INFO - CaseID:1180 - 整体结果: PASS | 详情: 所有字段校验通过
2026-02-26 23:48:11,094 - INFO - CaseID:1181 - QUERY字段：语义匹配失败，但visual_search链路意图匹配通过
2026-02-26 23:48:11,095 - INFO - CaseID:1181 - 整体结果: PASS | 详情: 所有字段校验通过
2026-02-26 23:48:11,095 - INFO - CaseID:1182 - 整体结果: FAILED | 详情: 模型输出核心字段全为空，判定不通过
2026-02-26 23:48:12,859 - INFO - CaseID:1183 - QUERY字段：基础语义模糊匹配通过
2026-02-26 23:48:12,859 - INFO - CaseID:1183 - 整体结果: PASS | 详情: 所有字段校验通过
2026-02-26 23:48:12,860 - INFO - CaseID:1184 - CATEGORY字段：模型输出含「其他问答」，该字段通过
2026-02-26 23:48:15,416 - INFO - CaseID:1184 - QUERY字段：基础语义模糊匹配通过
2026-02-26 23:48:15,417 - INFO - CaseID:1184 - 整体结果: FAILED | 详情: APINAME不匹配：预期[visual_search]，实际[QASearch]; TAG不匹配：一方为空 - 预期[]，实际[索尼&小相机&型号]
2026-02-26 23:48:17,322 - INFO - CaseID:1185 - QUERY字段：基础语义模糊匹配通过
2026-02-26 23:48:17,322 - INFO - CaseID:1185 - 整体结果: PASS | 详情: 所有字段校验通过
2026-02-26 23:48:19,423 - INFO - CaseID:1186 - QUERY字段：基础语义模糊匹配通过
2026-02-26 23:48:19,423 - INFO - CaseID:1186 - 整体结果: PASS | 详情: 所有字段校验通过
2026-02-26 23:48:21,356 - INFO - CaseID:1187 - 整体结果: FAILED | 详情: APINAME不匹配：预期[visual_search]，实际[AUTOSearch]; CATEGORY不匹配：一方为空 - 预期[]，实际[汽车]; QUERY不匹配：基础语义模糊匹配失败 - 预期[这个是线控耳机吗]，实际[线控耳机的定义和特征]; TAG不匹配：一方为空 - 预期[]，实际[线控耳机&定义&特征]
2026-02-26 23:48:21,357 - INFO - CaseID:1188 - CATEGORY字段：模型输出含「其他问答」，该字段通过
2026-02-26 23:48:23,211 - INFO - CaseID:1188 - 整体结果: FAILED | 详情: APINAME不匹配：预期[visual_search]，实际[QASearch]; QUERY不匹配：基础语义模糊匹配失败 - 预期[识别当前摄像头画面中的耳机品牌和型号]，实际[常见耳机与电脑连接方式]; TAG不匹配：一方为空 - 预期[]，实际[常见耳机&电脑&连接方式]
2026-02-26 23:48:25,245 - INFO - CaseID:1189 - QUERY字段：基础语义模糊匹配通过
2026-02-26 23:48:25,246 - INFO - CaseID:1189 - 整体结果: PASS | 详情: 所有字段校验通过
2026-02-26 23:48:25,246 - INFO - CaseID:1190 - 整体结果: FAILED | 详情: 模型输出核心字段全为空，判定不通过
2026-02-26 23:48:25,246 - INFO - CaseID:1191 - 整体结果: FAILED | 详情: 模型输出核心字段全为空，判定不通过
2026-02-26 23:48:27,087 - INFO - CaseID:1192 - QUERY字段：基础语义模糊匹配通过
2026-02-26 23:48:27,088 - INFO - CaseID:1192 - 整体结果: PASS | 详情: 所有字段校验通过
2026-02-26 23:48:29,432 - INFO - CaseID:1193 - QUERY字段：基础语义模糊匹配通过
2026-02-26 23:48:29,432 - INFO - CaseID:1193 - 整体结果: PASS | 详情: 所有字段校验通过
2026-02-26 23:48:31,372 - INFO - CaseID:1194 - QUERY字段：基础语义模糊匹配通过
2026-02-26 23:48:31,372 - INFO - CaseID:1194 - 整体结果: PASS | 详情: 所有字段校验通过
2026-02-26 23:48:33,554 - INFO - CaseID:1195 - 整体结果: FAILED | 详情: APINAME不匹配：预期[visual_search]，实际[worthbuy]; CATEGORY不匹配：一方为空 - 预期[]，实际[商品推荐]; QUERY不匹配：基础语义模糊匹配失败 - 预期[识别当前摄像头画面中的有线耳机品牌和型号]，实际[常见有线耳机的线上购买渠道]; TAG不匹配：一方为空 - 预期[]，实际[常见&有线耳机&线上购买渠道]
2026-02-26 23:48:35,484 - INFO - CaseID:1196 - QUERY字段：基础语义模糊匹配通过
2026-02-26 23:48:35,485 - INFO - CaseID:1196 - 整体结果: PASS | 详情: 所有字段校验通过
2026-02-26 23:48:37,134 - INFO - CaseID:1197 - QUERY字段：基础语义模糊匹配通过
2026-02-26 23:48:37,134 - INFO - CaseID:1197 - 整体结果: PASS | 详情: 所有字段校验通过
2026-02-26 23:48:39,402 - INFO - CaseID:1198 - 整体结果: FAILED | 详情: APINAME不匹配：预期[visual_search]，实际[AUTOSearch]; CATEGORY不匹配：一方为空 - 预期[]，实际[汽车]; QUERY不匹配：基础语义模糊匹配失败 - 预期[这东西数码城卖吗]，实际[这东西具体是什么产品]; TAG不匹配：一方为空 - 预期[]，实际[这东西&具体&产品]
2026-02-26 23:48:43,170 - INFO - CaseID:1199 - QUERY字段：语义匹配失败，但visual_search链路意图匹配通过
2026-02-26 23:48:43,171 - INFO - CaseID:1199 - 整体结果: PASS | 详情: 所有字段校验通过
2026-02-26 23:48:43,171 - INFO - 已处理1200行，休眠5秒降低压力...
2026-02-26 23:48:48,177 - INFO - CaseID:1200 - 整体结果: FAILED | 详情: 模型输出核心字段全为空，判定不通过
2026-02-26 23:48:48,177 - INFO - 已处理1200条用例，当前通过数：801
2026-02-26 23:48:51,834 - INFO - CaseID:1201 - QUERY字段：语义匹配失败，但visual_search链路意图匹配通过
2026-02-26 23:48:51,835 - INFO - CaseID:1201 - 整体结果: PASS | 详情: 所有字段校验通过
2026-02-26 23:48:53,748 - INFO - CaseID:1202 - QUERY字段：基础语义模糊匹配通过
2026-02-26 23:48:53,748 - INFO - CaseID:1202 - 整体结果: PASS | 详情: 所有字段校验通过
2026-02-26 23:48:55,389 - INFO - CaseID:1203 - QUERY字段：基础语义模糊匹配通过
2026-02-26 23:48:55,390 - INFO - CaseID:1203 - 整体结果: PASS | 详情: 所有字段校验通过
2026-02-26 23:48:57,337 - INFO - CaseID:1204 - 整体结果: FAILED | 详情: APINAME不匹配：预期[visual_search]，实际[AUTOSearch]; CATEGORY不匹配：一方为空 - 预期[]，实际[汽车]; QUERY不匹配：基础语义模糊匹配失败 - 预期[识别当前摄像头画面中的音响品牌和型号]，实际[用户提到的音响品牌和型号]; TAG不匹配：一方为空 - 预期[]，实际[用户&提到&音响品牌&型号]
2026-02-26 23:49:01,840 - INFO - CaseID:1205 - QUERY字段：语义匹配失败，但visual_search链路意图匹配通过
2026-02-26 23:49:01,840 - INFO - CaseID:1205 - 整体结果: PASS | 详情: 所有字段校验通过
2026-02-26 23:49:04,238 - INFO - CaseID:1206 - QUERY字段：基础语义模糊匹配通过
2026-02-26 23:49:04,238 - INFO - CaseID:1206 - 整体结果: PASS | 详情: 所有字段校验通过
2026-02-26 23:49:06,412 - INFO - CaseID:1207 - QUERY字段：基础语义模糊匹配通过
2026-02-26 23:49:06,413 - INFO - CaseID:1207 - 整体结果: PASS | 详情: 所有字段校验通过
2026-02-26 23:49:10,477 - INFO - CaseID:1208 - QUERY字段：语义匹配失败，但visual_search链路意图匹配通过
2026-02-26 23:49:10,478 - INFO - CaseID:1208 - 整体结果: PASS | 详情: 所有字段校验通过
2026-02-26 23:49:12,969 - INFO - CaseID:1209 - QUERY字段：基础语义模糊匹配通过
2026-02-26 23:49:12,969 - INFO - CaseID:1209 - 整体结果: PASS | 详情: 所有字段校验通过
2026-02-26 23:49:14,921 - INFO - CaseID:1210 - QUERY字段：基础语义模糊匹配通过
2026-02-26 23:49:14,922 - INFO - CaseID:1210 - 整体结果: PASS | 详情: 所有字段校验通过
2026-02-26 23:49:18,990 - INFO - CaseID:1211 - QUERY字段：语义匹配失败，但visual_search链路意图匹配通过
2026-02-26 23:49:18,990 - INFO - CaseID:1211 - 整体结果: PASS | 详情: 所有字段校验通过
2026-02-26 23:49:20,948 - INFO - CaseID:1212 - QUERY字段：基础语义模糊匹配通过
2026-02-26 23:49:20,949 - INFO - CaseID:1212 - 整体结果: PASS | 详情: 所有字段校验通过
2026-02-26 23:49:25,025 - INFO - CaseID:1213 - 整体结果: FAILED | 详情: QUERY不匹配：语义和visual_search链路意图均不一致 - 预期[识别当前摄像头画面中的设备（如打印机）型号或品牌]，实际[它可以打印彩色文档吗]
2026-02-26 23:49:25,026 - INFO - CaseID:1214 - 整体结果: FAILED | 详情: 模型输出核心字段全为空，判定不通过
2026-02-26 23:49:29,290 - INFO - CaseID:1215 - 整体结果: FAILED | 详情: QUERY不匹配：语义和visual_search链路意图均不一致 - 预期[识别当前摄像头画面中的设备或物品]，实际[这个可以远程使用吗]
2026-02-26 23:49:31,807 - INFO - CaseID:1216 - QUERY字段：基础语义模糊匹配通过
2026-02-26 23:49:31,807 - INFO - CaseID:1216 - 整体结果: PASS | 详情: 所有字段校验通过
2026-02-26 23:49:31,808 - INFO - CaseID:1217 - 整体结果: FAILED | 详情: 模型输出核心字段全为空，判定不通过
2026-02-26 23:49:31,808 - INFO - CaseID:1218 - 整体结果: FAILED | 详情: 模型输出核心字段全为空，判定不通过
2026-02-26 23:49:34,749 - INFO - CaseID:1219 - QUERY字段：基础语义模糊匹配通过
2026-02-26 23:49:34,749 - INFO - CaseID:1219 - 整体结果: PASS | 详情: 所有字段校验通过
2026-02-26 23:49:36,815 - INFO - CaseID:1220 - QUERY字段：基础语义模糊匹配通过
2026-02-26 23:49:36,815 - INFO - CaseID:1220 - 整体结果: PASS | 详情: 所有字段校验通过
2026-02-26 23:49:38,658 - INFO - CaseID:1221 - QUERY字段：基础语义模糊匹配通过
2026-02-26 23:49:38,658 - INFO - CaseID:1221 - 整体结果: PASS | 详情: 所有字段校验通过
2026-02-26 23:49:40,574 - INFO - CaseID:1222 - QUERY字段：基础语义模糊匹配通过
2026-02-26 23:49:40,574 - INFO - CaseID:1222 - 整体结果: PASS | 详情: 所有字段校验通过
2026-02-26 23:49:42,578 - INFO - CaseID:1223 - QUERY字段：基础语义模糊匹配通过
2026-02-26 23:49:42,579 - INFO - CaseID:1223 - 整体结果: PASS | 详情: 所有字段校验通过
2026-02-26 23:49:44,314 - INFO - CaseID:1224 - QUERY字段：基础语义模糊匹配通过
2026-02-26 23:49:44,314 - INFO - CaseID:1224 - 整体结果: PASS | 详情: 所有字段校验通过
2026-02-26 23:49:46,232 - INFO - CaseID:1225 - QUERY字段：基础语义模糊匹配通过
2026-02-26 23:49:46,232 - INFO - CaseID:1225 - 整体结果: PASS | 详情: 所有字段校验通过
2026-02-26 23:49:46,232 - INFO - CaseID:1226 - 整体结果: FAILED | 详情: 模型输出核心字段全为空，判定不通过
2026-02-26 23:49:48,344 - INFO - CaseID:1227 - QUERY字段：基础语义模糊匹配通过
2026-02-26 23:49:48,345 - INFO - CaseID:1227 - 整体结果: FAILED | 详情: APINAME不匹配：预期[visual_search]，实际[skill_search]
2026-02-26 23:49:48,345 - INFO - CaseID:1228 - 整体结果: FAILED | 详情: 模型输出核心字段全为空，判定不通过
2026-02-26 23:49:50,316 - INFO - CaseID:1229 - QUERY字段：基础语义模糊匹配通过
2026-02-26 23:49:50,317 - INFO - CaseID:1229 - 整体结果: PASS | 详情: 所有字段校验通过
2026-02-26 23:49:52,286 - INFO - CaseID:1230 - QUERY字段：基础语义模糊匹配通过
2026-02-26 23:49:52,287 - INFO - CaseID:1230 - 整体结果: PASS | 详情: 所有字段校验通过
2026-02-26 23:49:54,135 - INFO - CaseID:1231 - QUERY字段：基础语义模糊匹配通过
2026-02-26 23:49:54,136 - INFO - CaseID:1231 - 整体结果: PASS | 详情: 所有字段校验通过
2026-02-26 23:49:56,116 - INFO - CaseID:1232 - QUERY字段：基础语义模糊匹配通过
2026-02-26 23:49:56,116 - INFO - CaseID:1232 - 整体结果: PASS | 详情: 所有字段校验通过
2026-02-26 23:50:00,355 - INFO - CaseID:1233 - QUERY字段：语义匹配失败，但visual_search链路意图匹配通过
2026-02-26 23:50:00,357 - INFO - CaseID:1233 - 整体结果: PASS | 详情: 所有字段校验通过
2026-02-26 23:50:02,707 - INFO - CaseID:1234 - QUERY字段：基础语义模糊匹配通过
2026-02-26 23:50:02,707 - INFO - CaseID:1234 - 整体结果: PASS | 详情: 所有字段校验通过
2026-02-26 23:50:02,708 - INFO - CaseID:1235 - CATEGORY字段：模型输出含「其他问答」，该字段通过
2026-02-26 23:50:04,780 - INFO - CaseID:1235 - QUERY字段：基础语义模糊匹配通过
2026-02-26 23:50:04,780 - INFO - CaseID:1235 - 整体结果: FAILED | 详情: APINAME不匹配：预期[visual_search]，实际[QASearch]; TAG不匹配：一方为空 - 预期[]，实际[书法&显著特征]
2026-02-26 23:50:04,781 - INFO - CaseID:1236 - CATEGORY字段：模型输出含「其他问答」，该字段通过
2026-02-26 23:50:06,655 - INFO - CaseID:1236 - 整体结果: FAILED | 详情: APINAME不匹配：预期[visual_search]，实际[QASearch]; QUERY不匹配：基础语义模糊匹配失败 - 预期[这本书的封面或内容图片是什么？]，实际[书法艺术的主要特点]; TAG不匹配：一方为空 - 预期[]，实际[书法艺术&主要特点]
2026-02-26 23:50:08,332 - INFO - CaseID:1237 - 整体结果: FAILED | 详情: APINAME不匹配：预期[visual_search]，实际[QASearch]; CATEGORY不匹配：一方为空 - 预期[]，实际[文学]; QUERY不匹配：基础语义模糊匹配失败 - 预期[这本书法有什么与众不同的地方]，实际[这本书法指的是哪本书的书法或书写方法]; TAG不匹配：一方为空 - 预期[]，实际[这本书法&指的&书&书法&书写方法]
2026-02-26 23:50:10,331 - INFO - CaseID:1238 - QUERY字段：基础语义模糊匹配通过
2026-02-26 23:50:10,332 - INFO - CaseID:1238 - 整体结果: PASS | 详情: 所有字段校验通过
2026-02-26 23:50:10,332 - INFO - CaseID:1239 - CATEGORY字段：模型输出含「其他问答」，该字段通过
2026-02-26 23:50:12,343 - INFO - CaseID:1239 - 整体结果: FAILED | 详情: APINAME不匹配：预期[visual_search]，实际[QASearch]; QUERY不匹配：基础语义模糊匹配失败 - 预期[这书法的独特之处在哪里]，实际[书法艺术的独特之处通常体现在哪些方面]; TAG不匹配：一方为空 - 预期[]，实际[书法艺术&独特之处&方面&时效性]
2026-02-26 23:50:12,345 - INFO - CaseID:1240 - CATEGORY字段：模型输出含「其他问答」，该字段通过
2026-02-26 23:50:14,287 - INFO - CaseID:1240 - 整体结果: FAILED | 详情: APINAME不匹配：预期[visual_search]，实际[QASearch]; QUERY不匹配：基础语义模糊匹配失败 - 预期[这幅书法有没有什么特别之处]，实际[书法艺术的特别之处通常体现在哪些方面]; TAG不匹配：一方为空 - 预期[]，实际[书法艺术&特别之处&体现方面&时效性]
2026-02-26 23:50:16,380 - INFO - CaseID:1241 - QUERY字段：基础语义模糊匹配通过
2026-02-26 23:50:16,380 - INFO - CaseID:1241 - 整体结果: PASS | 详情: 所有字段校验通过
2026-02-26 23:50:16,381 - INFO - CaseID:1242 - CATEGORY字段：模型输出含「其他问答」，该字段通过
2026-02-26 23:50:18,325 - INFO - CaseID:1242 - QUERY字段：基础语义模糊匹配通过
2026-02-26 23:50:18,326 - INFO - CaseID:1242 - 整体结果: FAILED | 详情: APINAME不匹配：预期[visual_search]，实际[QASearch]; TAG不匹配：一方为空 - 预期[]，实际[书法艺术&给人&特殊感受]
2026-02-26 23:50:22,204 - INFO - CaseID:1243 - 整体结果: FAILED | 详情: QUERY不匹配：语义和visual_search链路意图均不一致 - 预期[你觉得这个写得好不好]，实际[请展示需要评价的文本内容]
2026-02-26 23:50:22,205 - INFO - CaseID:1244 - 整体结果: FAILED | 详情: 模型输出核心字段全为空，判定不通过
2026-02-26 23:50:22,206 - INFO - CaseID:1245 - 整体结果: FAILED | 详情: 模型输出核心字段全为空，判定不通过
2026-02-26 23:50:22,206 - INFO - CaseID:1246 - 整体结果: FAILED | 详情: 模型输出核心字段全为空，判定不通过
2026-02-26 23:50:25,874 - INFO - CaseID:1247 - QUERY字段：语义匹配失败，但visual_search链路意图匹配通过
2026-02-26 23:50:25,875 - INFO - CaseID:1247 - 整体结果: PASS | 详情: 所有字段校验通过
2026-02-26 23:50:25,875 - INFO - CaseID:1248 - 整体结果: FAILED | 详情: 模型输出核心字段全为空，判定不通过
2026-02-26 23:50:25,875 - INFO - CaseID:1249 - 整体结果: FAILED | 详情: 模型输出核心字段全为空，判定不通过
2026-02-26 23:50:25,875 - INFO - CaseID:1250 - 整体结果: FAILED | 详情: 模型输出核心字段全为空，判定不通过
2026-02-26 23:50:25,876 - INFO - CaseID:1251 - 整体结果: FAILED | 详情: 模型输出核心字段全为空，判定不通过
2026-02-26 23:50:25,876 - INFO - CaseID:1252 - 整体结果: FAILED | 详情: 模型输出核心字段全为空，判定不通过
2026-02-26 23:50:25,876 - INFO - CaseID:1253 - 整体结果: FAILED | 详情: 模型输出核心字段全为空，判定不通过
2026-02-26 23:50:25,876 - INFO - CaseID:1254 - 整体结果: FAILED | 详情: 模型输出核心字段全为空，判定不通过
2026-02-26 23:50:28,219 - INFO - CaseID:1255 - 整体结果: FAILED | 详情: APINAME不匹配：预期[visual_search]，实际[QASearch]; CATEGORY不匹配：一方为空 - 预期[]，实际[文学]; QUERY不匹配：基础语义模糊匹配失败 - 预期[这篇章写得好不好]，实际[用户提到的这篇章具体指哪篇文章或文本内容]; TAG不匹配：一方为空 - 预期[]，实际[用户提到&这篇章&具体指&文章&文本内容]
2026-02-26 23:50:32,505 - INFO - CaseID:1256 - 整体结果: FAILED | 详情: QUERY不匹配：语义和visual_search链路意图均不一致 - 预期[这写得你觉得行不行]，实际[请展示当前需要评价的文本内容]
2026-02-26 23:50:32,507 - INFO - CaseID:1257 - CATEGORY字段：模型输出含「其他问答」，该字段通过
2026-02-26 23:50:34,489 - INFO - CaseID:1257 - 整体结果: FAILED | 详情: APINAME不匹配：预期[visual_search]，实际[QASearch]; QUERY不匹配：基础语义模糊匹配失败 - 预期[这写得有说服力吗]，实际[评估文本的说服力标准的方法]; TAG不匹配：一方为空 - 预期[]，实际[评估&文本&说服力标准&方法]
2026-02-26 23:50:34,490 - INFO - CaseID:1258 - 整体结果: FAILED | 详情: 模型输出核心字段全为空，判定不通过
2026-02-26 23:50:36,423 - INFO - CaseID:1259 - 整体结果: FAILED | 详情: APINAME不匹配：预期[visual_search]，实际[QASearch]; CATEGORY不匹配：一方为空 - 预期[]，实际[音乐]; QUERY不匹配：基础语义模糊匹配失败 - 预期[这个作品写得好不好]，实际[这个作品的简介]; TAG不匹配：一方为空 - 预期[]，实际[这个作品&简介]
2026-02-26 23:50:40,238 - INFO - CaseID:1260 - QUERY字段：语义匹配失败，但visual_search链路意图匹配通过
2026-02-26 23:50:40,239 - INFO - CaseID:1260 - 整体结果: PASS | 详情: 所有字段校验通过
2026-02-26 23:50:40,239 - INFO - CaseID:1261 - 整体结果: FAILED | 详情: 模型输出核心字段全为空，判定不通过
2026-02-26 23:50:40,240 - INFO - CaseID:1262 - 整体结果: FAILED | 详情: 模型输出核心字段全为空，判定不通过
2026-02-26 23:50:40,240 - INFO - CaseID:1263 - CATEGORY字段：模型输出含「其他问答」，该字段通过
2026-02-26 23:50:42,260 - INFO - CaseID:1263 - QUERY字段：基础语义模糊匹配通过
2026-02-26 23:50:42,260 - INFO - CaseID:1263 - 整体结果: FAILED | 详情: APINAME不匹配：预期[visual_search]，实际[QASearch]; TAG不匹配：一方为空 - 预期[]，实际[第一行最后一个字是什么字]
2026-02-26 23:50:44,295 - INFO - CaseID:1264 - QUERY字段：基础语义模糊匹配通过
2026-02-26 23:50:44,295 - INFO - CaseID:1264 - 整体结果: PASS | 详情: 所有字段校验通过
2026-02-26 23:50:46,374 - INFO - CaseID:1265 - 整体结果: FAILED | 详情: APINAME不匹配：预期[visual_search]，实际[skill_search]; QUERY不匹配：基础语义模糊匹配失败 - 预期[识别当前画面中的第一个字是什么]，实际[用户所指的具体内容或上下文]
2026-02-26 23:50:48,279 - INFO - CaseID:1266 - 整体结果: FAILED | 详情: APINAME不匹配：预期[visual_search]，实际[skill_search]; QUERY不匹配：基础语义模糊匹配失败 - 预期[识别当前摄像头画面中的文字内容]，实际[当前显示内容的第二行第五个字是什么]
2026-02-26 23:50:50,340 - INFO - CaseID:1267 - QUERY字段：基础语义模糊匹配通过
2026-02-26 23:50:50,340 - INFO - CaseID:1267 - 整体结果: PASS | 详情: 所有字段校验通过
2026-02-26 23:50:52,278 - INFO - CaseID:1268 - QUERY字段：基础语义模糊匹配通过
2026-02-26 23:50:52,278 - INFO - CaseID:1268 - 整体结果: PASS | 详情: 所有字段校验通过
2026-02-26 23:50:54,086 - INFO - CaseID:1269 - QUERY字段：基础语义模糊匹配通过
2026-02-26 23:50:54,086 - INFO - CaseID:1269 - 整体结果: PASS | 详情: 所有字段校验通过
2026-02-26 23:50:57,726 - INFO - CaseID:1270 - QUERY字段：基础语义模糊匹配通过
2026-02-26 23:50:57,726 - INFO - CaseID:1270 - 整体结果: FAILED | 详情: APINAME不匹配：预期[visual_search]，实际[AUTOSearch]; CATEGORY不匹配：一方为空 - 预期[]，实际[汽车]; TAG不匹配：一方为空 - 预期[]，实际[倒数第一行&几个字]
2026-02-26 23:50:59,720 - INFO - CaseID:1271 - QUERY字段：基础语义模糊匹配通过
2026-02-26 23:50:59,721 - INFO - CaseID:1271 - 整体结果: PASS | 详情: 所有字段校验通过
2026-02-26 23:51:01,659 - INFO - CaseID:1272 - QUERY字段：基础语义模糊匹配通过
2026-02-26 23:51:01,659 - INFO - CaseID:1272 - 整体结果: PASS | 详情: 所有字段校验通过
2026-02-26 23:51:01,660 - INFO - CaseID:1273 - CATEGORY字段：模型输出含「其他问答」，该字段通过
2026-02-26 23:51:03,600 - INFO - CaseID:1273 - QUERY字段：基础语义模糊匹配通过
2026-02-26 23:51:03,601 - INFO - CaseID:1273 - 整体结果: FAILED | 详情: APINAME不匹配：预期[visual_search]，实际[QASearch]; TAG不匹配：一方为空 - 预期[]，实际[第一行&中间&字]
2026-02-26 23:51:05,225 - INFO - CaseID:1274 - QUERY字段：基础语义模糊匹配通过
2026-02-26 23:51:05,225 - INFO - CaseID:1274 - 整体结果: PASS | 详情: 所有字段校验通过
2026-02-26 23:51:05,226 - INFO - CaseID:1275 - CATEGORY字段：模型输出含「其他问答」，该字段通过
2026-02-26 23:51:07,452 - INFO - CaseID:1275 - QUERY字段：基础语义模糊匹配通过
2026-02-26 23:51:07,452 - INFO - CaseID:1275 - 整体结果: FAILED | 详情: APINAME不匹配：预期[visual_search]，实际[QASearch]; TAG不匹配：一方为空 - 预期[]，实际[第一行&最左边&字]
2026-02-26 23:51:07,453 - INFO - CaseID:1276 - CATEGORY字段：模型输出含「其他问答」，该字段通过
2026-02-26 23:51:09,600 - INFO - CaseID:1276 - QUERY字段：基础语义模糊匹配通过
2026-02-26 23:51:09,601 - INFO - CaseID:1276 - 整体结果: FAILED | 详情: APINAME不匹配：预期[visual_search]，实际[QASearch]; TAG不匹配：一方为空 - 预期[]，实际[这篇文章&最后一个字]
2026-02-26 23:51:09,602 - INFO - CaseID:1277 - CATEGORY字段：模型输出含「其他问答」，该字段通过
2026-02-26 23:51:11,582 - INFO - CaseID:1277 - QUERY字段：基础语义模糊匹配通过
2026-02-26 23:51:11,582 - INFO - CaseID:1277 - 整体结果: FAILED | 详情: APINAME不匹配：预期[visual_search]，实际[QASearch]; TAG不匹配：一方为空 - 预期[]，实际[这段话&最后一个字]
2026-02-26 23:51:13,522 - INFO - CaseID:1278 - QUERY字段：基础语义模糊匹配通过
2026-02-26 23:51:13,523 - INFO - CaseID:1278 - 整体结果: FAILED | 详情: APINAME不匹配：预期[visual_search]，实际[skill_search]
2026-02-26 23:51:15,575 - INFO - CaseID:1279 - QUERY字段：基础语义模糊匹配通过
2026-02-26 23:51:15,576 - INFO - CaseID:1279 - 整体结果: FAILED | 详情: APINAME不匹配：预期[visual_search]，实际[AUTOSearch]; CATEGORY不匹配：一方为空 - 预期[]，实际[汽车]; TAG不匹配：一方为空 - 预期[]，实际[第五行&名字]
2026-02-26 23:51:17,506 - INFO - CaseID:1280 - QUERY字段：基础语义模糊匹配通过
2026-02-26 23:51:17,507 - INFO - CaseID:1280 - 整体结果: PASS | 详情: 所有字段校验通过
2026-02-26 23:51:19,591 - INFO - CaseID:1281 - QUERY字段：基础语义模糊匹配通过
2026-02-26 23:51:19,592 - INFO - CaseID:1281 - 整体结果: PASS | 详情: 所有字段校验通过
2026-02-26 23:51:21,506 - INFO - CaseID:1282 - 整体结果: FAILED | 详情: APINAME不匹配：预期[visual_search]，实际[skill_search]; QUERY不匹配：基础语义模糊匹配失败 - 预期[第二行第三个字是什么]，实际[理想同学的回复内容]
2026-02-26 23:51:21,507 - INFO - CaseID:1283 - 整体结果: FAILED | 详情: 模型输出核心字段全为空，判定不通过
2026-02-26 23:51:21,508 - INFO - CaseID:1284 - 整体结果: FAILED | 详情: 模型输出核心字段全为空，判定不通过
2026-02-26 23:51:21,508 - INFO - CaseID:1285 - 整体结果: FAILED | 详情: 模型输出核心字段全为空，判定不通过
2026-02-26 23:51:21,508 - INFO - CaseID:1286 - 整体结果: FAILED | 详情: 模型输出核心字段全为空，判定不通过
2026-02-26 23:51:21,509 - INFO - CaseID:1287 - 整体结果: FAILED | 详情: 模型输出核心字段全为空，判定不通过
2026-02-26 23:51:24,010 - INFO - CaseID:1288 - QUERY字段：基础语义模糊匹配通过
2026-02-26 23:51:24,010 - INFO - CaseID:1288 - 整体结果: PASS | 详情: 所有字段校验通过
2026-02-26 23:51:27,828 - INFO - CaseID:1289 - QUERY字段：语义匹配失败，但visual_search链路意图匹配通过
2026-02-26 23:51:27,829 - INFO - CaseID:1289 - 整体结果: PASS | 详情: 所有字段校验通过
2026-02-26 23:51:30,271 - INFO - CaseID:1290 - QUERY字段：基础语义模糊匹配通过
2026-02-26 23:51:30,272 - INFO - CaseID:1290 - 整体结果: PASS | 详情: 所有字段校验通过
2026-02-26 23:51:33,952 - INFO - CaseID:1291 - QUERY字段：语义匹配失败，但visual_search链路意图匹配通过
2026-02-26 23:51:33,954 - INFO - CaseID:1291 - 整体结果: PASS | 详情: 所有字段校验通过
2026-02-26 23:51:33,954 - INFO - CaseID:1292 - 整体结果: FAILED | 详情: 模型输出核心字段全为空，判定不通过
2026-02-26 23:51:35,967 - INFO - CaseID:1293 - QUERY字段：基础语义模糊匹配通过
2026-02-26 23:51:35,968 - INFO - CaseID:1293 - 整体结果: PASS | 详情: 所有字段校验通过
2026-02-26 23:51:40,523 - INFO - CaseID:1294 - QUERY字段：语义匹配失败，但visual_search链路意图匹配通过
2026-02-26 23:51:40,524 - INFO - CaseID:1294 - 整体结果: PASS | 详情: 所有字段校验通过
2026-02-26 23:51:40,524 - INFO - CaseID:1295 - 整体结果: FAILED | 详情: 模型输出核心字段全为空，判定不通过
2026-02-26 23:52:35,927 - INFO - CaseID:1296 - QUERY字段：语义匹配失败，但visual_search链路意图匹配通过
2026-02-26 23:52:35,928 - INFO - CaseID:1296 - 整体结果: PASS | 详情: 所有字段校验通过
2026-02-26 23:52:38,542 - INFO - CaseID:1297 - QUERY字段：基础语义模糊匹配通过
2026-02-26 23:52:38,542 - INFO - CaseID:1297 - 整体结果: PASS | 详情: 所有字段校验通过
2026-02-26 23:52:40,488 - INFO - CaseID:1298 - QUERY字段：基础语义模糊匹配通过
2026-02-26 23:52:40,489 - INFO - CaseID:1298 - 整体结果: PASS | 详情: 所有字段校验通过
2026-02-26 23:52:44,143 - INFO - CaseID:1299 - QUERY字段：语义匹配失败，但visual_search链路意图匹配通过
2026-02-26 23:52:44,144 - INFO - CaseID:1299 - 整体结果: PASS | 详情: 所有字段校验通过
2026-02-26 23:52:44,144 - INFO - 已处理1300行，休眠5秒降低压力...
2026-02-26 23:52:49,147 - INFO - CaseID:1300 - 整体结果: FAILED | 详情: 模型输出核心字段全为空，判定不通过
2026-02-26 23:52:50,482 - INFO - CaseID:1301 - QUERY字段：基础语义模糊匹配通过
2026-02-26 23:52:50,484 - INFO - CaseID:1301 - 整体结果: PASS | 详情: 所有字段校验通过
2026-02-26 23:52:54,365 - INFO - CaseID:1302 - QUERY字段：语义匹配失败，但visual_search链路意图匹配通过
2026-02-26 23:52:54,365 - INFO - CaseID:1302 - 整体结果: PASS | 详情: 所有字段校验通过
2026-02-26 23:52:56,235 - INFO - CaseID:1303 - QUERY字段：基础语义模糊匹配通过
2026-02-26 23:52:56,235 - INFO - CaseID:1303 - 整体结果: PASS | 详情: 所有字段校验通过
2026-02-26 23:52:58,243 - INFO - CaseID:1304 - QUERY字段：基础语义模糊匹配通过
2026-02-26 23:52:58,243 - INFO - CaseID:1304 - 整体结果: PASS | 详情: 所有字段校验通过
2026-02-26 23:53:02,137 - INFO - CaseID:1305 - 整体结果: FAILED | 详情: QUERY不匹配：语义和visual_search链路意图均不一致 - 预期[这画得如何还不错吗]，实际[这幅画的评价如何？]
2026-02-26 23:53:06,548 - INFO - CaseID:1306 - QUERY字段：语义匹配失败，但visual_search链路意图匹配通过
2026-02-26 23:53:06,550 - INFO - CaseID:1306 - 整体结果: PASS | 详情: 所有字段校验通过
2026-02-26 23:53:09,279 - INFO - CaseID:1307 - QUERY字段：基础语义模糊匹配通过
2026-02-26 23:53:09,279 - INFO - CaseID:1307 - 整体结果: PASS | 详情: 所有字段校验通过
2026-02-26 23:53:09,279 - INFO - CaseID:1308 - 整体结果: FAILED | 详情: 模型输出核心字段全为空，判定不通过
2026-02-26 23:53:13,175 - INFO - CaseID:1309 - QUERY字段：语义匹配失败，但visual_search链路意图匹配通过
2026-02-26 23:53:13,176 - INFO - CaseID:1309 - 整体结果: PASS | 详情: 所有字段校验通过
2026-02-26 23:53:13,176 - INFO - CaseID:1310 - 整体结果: FAILED | 详情: 模型输出核心字段全为空，判定不通过
2026-02-26 23:53:15,160 - INFO - CaseID:1311 - QUERY字段：基础语义模糊匹配通过
2026-02-26 23:53:15,160 - INFO - CaseID:1311 - 整体结果: PASS | 详情: 所有字段校验通过
2026-02-26 23:53:16,887 - INFO - CaseID:1312 - QUERY字段：基础语义模糊匹配通过
2026-02-26 23:53:16,887 - INFO - CaseID:1312 - 整体结果: PASS | 详情: 所有字段校验通过
2026-02-26 23:53:21,976 - INFO - CaseID:1313 - QUERY字段：语义匹配失败，但visual_search链路意图匹配通过
2026-02-26 23:53:21,977 - INFO - CaseID:1313 - 整体结果: PASS | 详情: 所有字段校验通过
2026-02-26 23:53:24,735 - INFO - CaseID:1314 - QUERY字段：基础语义模糊匹配通过
2026-02-26 23:53:24,735 - INFO - CaseID:1314 - 整体结果: PASS | 详情: 所有字段校验通过
2026-02-26 23:53:27,027 - INFO - CaseID:1315 - QUERY字段：基础语义模糊匹配通过
2026-02-26 23:53:27,027 - INFO - CaseID:1315 - 整体结果: PASS | 详情: 所有字段校验通过
2026-02-26 23:53:27,028 - INFO - CaseID:1316 - 整体结果: FAILED | 详情: 模型输出核心字段全为空，判定不通过
2026-02-26 23:53:30,955 - INFO - CaseID:1317 - QUERY字段：语义匹配失败，但visual_search链路意图匹配通过
2026-02-26 23:53:30,956 - INFO - CaseID:1317 - 整体结果: PASS | 详情: 所有字段校验通过
2026-02-26 23:53:33,271 - INFO - CaseID:1318 - QUERY字段：基础语义模糊匹配通过
2026-02-26 23:53:33,273 - INFO - CaseID:1318 - 整体结果: PASS | 详情: 所有字段校验通过
2026-02-26 23:53:35,526 - INFO - CaseID:1319 - QUERY字段：基础语义模糊匹配通过
2026-02-26 23:53:35,527 - INFO - CaseID:1319 - 整体结果: PASS | 详情: 所有字段校验通过
2026-02-26 23:53:38,414 - INFO - CaseID:1320 - QUERY字段：基础语义模糊匹配通过
2026-02-26 23:53:38,414 - INFO - CaseID:1320 - 整体结果: PASS | 详情: 所有字段校验通过
2026-02-26 23:53:42,330 - INFO - CaseID:1321 - 整体结果: FAILED | 详情: QUERY不匹配：语义和visual_search链路意图均不一致 - 预期[这画得如何还不错吗]，实际[这幅画的评价如何？]
2026-02-26 23:53:46,209 - INFO - CaseID:1322 - QUERY字段：语义匹配失败，但visual_search链路意图匹配通过
2026-02-26 23:53:46,210 - INFO - CaseID:1322 - 整体结果: PASS | 详情: 所有字段校验通过
2026-02-26 23:53:48,240 - INFO - CaseID:1323 - QUERY字段：基础语义模糊匹配通过
2026-02-26 23:53:48,241 - INFO - CaseID:1323 - 整体结果: PASS | 详情: 所有字段校验通过
2026-02-26 23:53:53,142 - INFO - CaseID:1324 - QUERY字段：语义匹配失败，但visual_search链路意图匹配通过
2026-02-26 23:53:53,143 - INFO - CaseID:1324 - 整体结果: PASS | 详情: 所有字段校验通过
2026-02-26 23:53:57,511 - INFO - CaseID:1325 - 整体结果: FAILED | 详情: QUERY不匹配：语义和visual_search链路意图均不一致 - 预期[啥感觉这个画的还行吗]，实际[这幅画的内容和风格是什么？]
2026-02-26 23:53:57,511 - INFO - CaseID:1326 - CATEGORY字段：模型输出含「其他问答」，该字段通过
2026-02-26 23:53:59,469 - INFO - CaseID:1326 - 整体结果: FAILED | 详情: APINAME不匹配：预期[visual_search]，实际[QASearch]; QUERY不匹配：基础语义模糊匹配失败 - 预期[这幅画在细节上有什么特点]，实际[《星月夜》的细节特点]; TAG不匹配：一方为空 - 预期[]，实际[《星月夜》&细节特点]
2026-02-26 23:54:02,570 - INFO - CaseID:1327 - QUERY字段：基础语义模糊匹配通过
2026-02-26 23:54:02,570 - INFO - CaseID:1327 - 整体结果: PASS | 详情: 所有字段校验通过
2026-02-26 23:54:04,461 - INFO - CaseID:1328 - QUERY字段：基础语义模糊匹配通过
2026-02-26 23:54:04,462 - INFO - CaseID:1328 - 整体结果: PASS | 详情: 所有字段校验通过
2026-02-26 23:54:08,720 - INFO - CaseID:1329 - QUERY字段：语义匹配失败，但visual_search链路意图匹配通过
2026-02-26 23:54:08,721 - INFO - CaseID:1329 - 整体结果: PASS | 详情: 所有字段校验通过
2026-02-26 23:54:10,960 - INFO - CaseID:1330 - QUERY字段：基础语义模糊匹配通过
2026-02-26 23:54:10,961 - INFO - CaseID:1330 - 整体结果: PASS | 详情: 所有字段校验通过
2026-02-26 23:54:14,732 - INFO - CaseID:1331 - QUERY字段：语义匹配失败，但visual_search链路意图匹配通过
2026-02-26 23:54:14,732 - INFO - CaseID:1331 - 整体结果: PASS | 详情: 所有字段校验通过
2026-02-26 23:54:18,739 - INFO - CaseID:1332 - 整体结果: FAILED | 详情: QUERY不匹配：语义和visual_search链路意图均不一致 - 预期[这画得如何还不错吗]，实际[这幅画的评价如何？]
2026-02-26 23:54:23,645 - INFO - CaseID:1333 - QUERY字段：语义匹配失败，但visual_search链路意图匹配通过
2026-02-26 23:54:23,645 - INFO - CaseID:1333 - 整体结果: PASS | 详情: 所有字段校验通过
2026-02-26 23:54:30,398 - INFO - CaseID:1334 - QUERY字段：语义匹配失败，但visual_search链路意图匹配通过
2026-02-26 23:54:30,399 - INFO - CaseID:1334 - 整体结果: PASS | 详情: 所有字段校验通过
2026-02-26 23:54:33,264 - INFO - CaseID:1335 - QUERY字段：基础语义模糊匹配通过
2026-02-26 23:54:33,265 - INFO - CaseID:1335 - 整体结果: PASS | 详情: 所有字段校验通过
2026-02-26 23:54:35,267 - INFO - CaseID:1336 - QUERY字段：基础语义模糊匹配通过
2026-02-26 23:54:35,267 - INFO - CaseID:1336 - 整体结果: PASS | 详情: 所有字段校验通过
2026-02-26 23:54:35,268 - INFO - CaseID:1337 - 整体结果: FAILED | 详情: 模型输出核心字段全为空，判定不通过
2026-02-26 23:54:37,098 - INFO - CaseID:1338 - QUERY字段：基础语义模糊匹配通过
2026-02-26 23:54:37,099 - INFO - CaseID:1338 - 整体结果: PASS | 详情: 所有字段校验通过
2026-02-26 23:54:39,595 - INFO - CaseID:1339 - QUERY字段：基础语义模糊匹配通过
2026-02-26 23:54:39,596 - INFO - CaseID:1339 - 整体结果: PASS | 详情: 所有字段校验通过
2026-02-26 23:54:41,466 - INFO - CaseID:1340 - QUERY字段：基础语义模糊匹配通过
2026-02-26 23:54:41,467 - INFO - CaseID:1340 - 整体结果: PASS | 详情: 所有字段校验通过
2026-02-26 23:54:43,357 - INFO - CaseID:1341 - QUERY字段：基础语义模糊匹配通过
2026-02-26 23:54:43,357 - INFO - CaseID:1341 - 整体结果: PASS | 详情: 所有字段校验通过
2026-02-26 23:54:43,357 - INFO - CaseID:1342 - 整体结果: FAILED | 详情: 模型输出核心字段全为空，判定不通过
2026-02-26 23:54:48,739 - INFO - CaseID:1343 - QUERY字段：语义匹配失败，但visual_search链路意图匹配通过
2026-02-26 23:54:48,740 - INFO - CaseID:1343 - 整体结果: PASS | 详情: 所有字段校验通过
2026-02-26 23:54:50,880 - INFO - CaseID:1344 - QUERY字段：基础语义模糊匹配通过
2026-02-26 23:54:50,881 - INFO - CaseID:1344 - 整体结果: PASS | 详情: 所有字段校验通过
2026-02-26 23:54:55,469 - INFO - CaseID:1345 - QUERY字段：语义匹配失败，但visual_search链路意图匹配通过
2026-02-26 23:54:55,470 - INFO - CaseID:1345 - 整体结果: PASS | 详情: 所有字段校验通过
2026-02-26 23:54:59,388 - INFO - CaseID:1346 - QUERY字段：语义匹配失败，但visual_search链路意图匹配通过
2026-02-26 23:54:59,389 - INFO - CaseID:1346 - 整体结果: PASS | 详情: 所有字段校验通过
2026-02-26 23:54:59,389 - INFO - CaseID:1347 - 整体结果: FAILED | 详情: 模型输出核心字段全为空，判定不通过
2026-02-26 23:55:01,225 - INFO - CaseID:1348 - QUERY字段：基础语义模糊匹配通过
2026-02-26 23:55:01,225 - INFO - CaseID:1348 - 整体结果: PASS | 详情: 所有字段校验通过
2026-02-26 23:55:04,096 - INFO - CaseID:1349 - QUERY字段：基础语义模糊匹配通过
2026-02-26 23:55:04,096 - INFO - CaseID:1349 - 整体结果: PASS | 详情: 所有字段校验通过
2026-02-26 23:55:04,097 - INFO - CaseID:1350 - 整体结果: FAILED | 详情: 模型输出核心字段全为空，判定不通过
2026-02-26 23:55:06,914 - INFO - CaseID:1351 - QUERY字段：基础语义模糊匹配通过
2026-02-26 23:55:06,915 - INFO - CaseID:1351 - 整体结果: PASS | 详情: 所有字段校验通过
2026-02-26 23:55:08,719 - INFO - CaseID:1352 - QUERY字段：基础语义模糊匹配通过
2026-02-26 23:55:08,719 - INFO - CaseID:1352 - 整体结果: PASS | 详情: 所有字段校验通过
2026-02-26 23:55:12,075 - INFO - CaseID:1353 - QUERY字段：基础语义模糊匹配通过
2026-02-26 23:55:12,076 - INFO - CaseID:1353 - 整体结果: PASS | 详情: 所有字段校验通过
2026-02-26 23:55:17,290 - INFO - CaseID:1354 - QUERY字段：语义匹配失败，但visual_search链路意图匹配通过
2026-02-26 23:55:17,291 - INFO - CaseID:1354 - 整体结果: PASS | 详情: 所有字段校验通过
2026-02-26 23:55:20,818 - INFO - CaseID:1355 - QUERY字段：语义匹配失败，但visual_search链路意图匹配通过
2026-02-26 23:55:20,819 - INFO - CaseID:1355 - 整体结果: PASS | 详情: 所有字段校验通过
2026-02-26 23:55:20,819 - INFO - CaseID:1356 - 整体结果: FAILED | 详情: 模型输出核心字段全为空，判定不通过
2026-02-26 23:55:24,497 - INFO - CaseID:1357 - QUERY字段：语义匹配失败，但visual_search链路意图匹配通过
2026-02-26 23:55:24,498 - INFO - CaseID:1357 - 整体结果: PASS | 详情: 所有字段校验通过
2026-02-26 23:55:26,839 - INFO - CaseID:1358 - QUERY字段：基础语义模糊匹配通过
2026-02-26 23:55:26,840 - INFO - CaseID:1358 - 整体结果: PASS | 详情: 所有字段校验通过
2026-02-26 23:55:31,595 - INFO - CaseID:1359 - QUERY字段：语义匹配失败，但visual_search链路意图匹配通过
2026-02-26 23:55:31,596 - INFO - CaseID:1359 - 整体结果: PASS | 详情: 所有字段校验通过
2026-02-26 23:55:33,550 - INFO - CaseID:1360 - QUERY字段：基础语义模糊匹配通过
2026-02-26 23:55:33,551 - INFO - CaseID:1360 - 整体结果: PASS | 详情: 所有字段校验通过
2026-02-26 23:55:37,470 - INFO - CaseID:1361 - QUERY字段：语义匹配失败，但visual_search链路意图匹配通过
2026-02-26 23:55:37,471 - INFO - CaseID:1361 - 整体结果: PASS | 详情: 所有字段校验通过
2026-02-26 23:55:39,905 - INFO - CaseID:1362 - QUERY字段：基础语义模糊匹配通过
2026-02-26 23:55:39,906 - INFO - CaseID:1362 - 整体结果: PASS | 详情: 所有字段校验通过
2026-02-26 23:55:42,425 - INFO - CaseID:1363 - QUERY字段：基础语义模糊匹配通过
2026-02-26 23:55:42,425 - INFO - CaseID:1363 - 整体结果: PASS | 详情: 所有字段校验通过
2026-02-26 23:55:44,432 - INFO - CaseID:1364 - QUERY字段：基础语义模糊匹配通过
2026-02-26 23:55:44,433 - INFO - CaseID:1364 - 整体结果: PASS | 详情: 所有字段校验通过
2026-02-26 23:55:49,367 - INFO - CaseID:1365 - 整体结果: FAILED | 详情: QUERY不匹配：语义和visual_search链路意图均不一致 - 预期[这幅画的水平如何？请分析其构图、色彩、技法等艺术表现力。]，实际[这幅画的水平如何？]
2026-02-26 23:55:51,619 - INFO - CaseID:1366 - QUERY字段：基础语义模糊匹配通过
2026-02-26 23:55:51,620 - INFO - CaseID:1366 - 整体结果: PASS | 详情: 所有字段校验通过
2026-02-26 23:55:54,174 - INFO - CaseID:1367 - QUERY字段：基础语义模糊匹配通过
2026-02-26 23:55:54,175 - INFO - CaseID:1367 - 整体结果: PASS | 详情: 所有字段校验通过
2026-02-26 23:55:58,318 - INFO - CaseID:1368 - QUERY字段：语义匹配失败，但visual_search链路意图匹配通过
2026-02-26 23:55:58,319 - INFO - CaseID:1368 - 整体结果: PASS | 详情: 所有字段校验通过
2026-02-26 23:56:01,145 - INFO - CaseID:1369 - QUERY字段：基础语义模糊匹配通过
2026-02-26 23:56:01,146 - INFO - CaseID:1369 - 整体结果: PASS | 详情: 所有字段校验通过
2026-02-26 23:56:01,146 - INFO - CaseID:1370 - 整体结果: FAILED | 详情: 模型输出核心字段全为空，判定不通过
2026-02-26 23:56:05,449 - INFO - CaseID:1371 - QUERY字段：语义匹配失败，但visual_search链路意图匹配通过
2026-02-26 23:56:05,450 - INFO - CaseID:1371 - 整体结果: PASS | 详情: 所有字段校验通过
2026-02-26 23:56:05,451 - INFO - CaseID:1372 - 整体结果: FAILED | 详情: 模型输出核心字段全为空，判定不通过
2026-02-26 23:56:09,708 - INFO - CaseID:1373 - 整体结果: FAILED | 详情: QUERY不匹配：语义和visual_search链路意图均不一致 - 预期[这个画的怎么样呀]，实际[这幅画的评价如何？]
2026-02-26 23:56:11,790 - INFO - CaseID:1374 - QUERY字段：基础语义模糊匹配通过
2026-02-26 23:56:11,791 - INFO - CaseID:1374 - 整体结果: PASS | 详情: 所有字段校验通过
2026-02-26 23:56:16,012 - INFO - CaseID:1375 - QUERY字段：语义匹配失败，但visual_search链路意图匹配通过
2026-02-26 23:56:16,013 - INFO - CaseID:1375 - 整体结果: PASS | 详情: 所有字段校验通过
2026-02-26 23:56:21,933 - INFO - CaseID:1376 - QUERY字段：语义匹配失败，但visual_search链路意图匹配通过
2026-02-26 23:56:21,933 - INFO - CaseID:1376 - 整体结果: PASS | 详情: 所有字段校验通过
2026-02-26 23:56:23,573 - INFO - CaseID:1377 - QUERY字段：基础语义模糊匹配通过
2026-02-26 23:56:23,574 - INFO - CaseID:1377 - 整体结果: PASS | 详情: 所有字段校验通过
2026-02-26 23:56:27,347 - INFO - CaseID:1378 - QUERY字段：语义匹配失败，但visual_search链路意图匹配通过
2026-02-26 23:56:27,347 - INFO - CaseID:1378 - 整体结果: PASS | 详情: 所有字段校验通过
2026-02-26 23:56:31,704 - INFO - CaseID:1379 - QUERY字段：语义匹配失败，但visual_search链路意图匹配通过
2026-02-26 23:56:31,704 - INFO - CaseID:1379 - 整体结果: PASS | 详情: 所有字段校验通过
2026-02-26 23:56:34,517 - INFO - CaseID:1380 - 整体结果: FAILED | 详情: APINAME不匹配：预期[visual_search]，实际[QASearch]; CATEGORY不匹配：一方为空 - 预期[]，实际[公司]; QUERY不匹配：基础语义模糊匹配失败 - 预期[这个苹果的外观、大小、颜色等特征是什么？]，实际[苹果公司2026年的整体表现评价]; TAG不匹配：一方为空 - 预期[]，实际[苹果公司&2026年&整体表现评价]
2026-02-26 23:56:36,520 - INFO - CaseID:1381 - QUERY字段：基础语义模糊匹配通过
2026-02-26 23:56:36,521 - INFO - CaseID:1381 - 整体结果: PASS | 详情: 所有字段校验通过
2026-02-26 23:56:38,503 - INFO - CaseID:1382 - 整体结果: FAILED | 详情: APINAME不匹配：预期[visual_search]，实际[skill_search]; QUERY不匹配：基础语义模糊匹配失败 - 预期[你觉得还行吗]，实际[用户当前评价的对象或场景是什么]
2026-02-26 23:56:40,583 - INFO - CaseID:1383 - QUERY字段：基础语义模糊匹配通过
2026-02-26 23:56:40,583 - INFO - CaseID:1383 - 整体结果: PASS | 详情: 所有字段校验通过
2026-02-26 23:56:42,362 - INFO - CaseID:1384 - 整体结果: FAILED | 详情: APINAME不匹配：预期[visual_search]，实际[skill_search]; QUERY不匹配：基础语义模糊匹配失败 - 预期[这一整桶的热量是多少]，实际[一整桶常见食品的热量范围（如桶装水桶装油桶装方便面等）]
2026-02-26 23:56:44,444 - INFO - CaseID:1385 - QUERY字段：基础语义模糊匹配通过
2026-02-26 23:56:44,445 - INFO - CaseID:1385 - 整体结果: FAILED | 详情: APINAME不匹配：预期[visual_search]，实际[worthbuy]; CATEGORY不匹配：一方为空 - 预期[]，实际[商品对比]; TAG不匹配：一方为空 - 预期[]，实际[更好喝&两个]
2026-02-26 23:56:46,440 - INFO - CaseID:1386 - QUERY字段：基础语义模糊匹配通过
2026-02-26 23:56:46,440 - INFO - CaseID:1386 - 整体结果: PASS | 详情: 所有字段校验通过
2026-02-26 23:56:46,440 - INFO - CaseID:1387 - CATEGORY字段：模型输出含「其他问答」，该字段通过
2026-02-26 23:56:48,490 - INFO - CaseID:1387 - 整体结果: FAILED | 详情: APINAME不匹配：预期[visual_search]，实际[QASearch]; QUERY不匹配：基础语义模糊匹配失败 - 预期[识别当前摄像头画面中的产品标签信息，特别是每100毫升原生蛋白含量]，实际[里面具体是什么产品]; TAG不匹配：一方为空 - 预期[]，实际[里面&具体&产品]
2026-02-26 23:56:48,491 - INFO - CaseID:1388 - 整体结果: FAILED | 详情: 模型输出核心字段全为空，判定不通过
2026-02-26 23:56:50,444 - INFO - CaseID:1389 - QUERY字段：基础语义模糊匹配通过
2026-02-26 23:56:50,445 - INFO - CaseID:1389 - 整体结果: PASS | 详情: 所有字段校验通过
2026-02-26 23:56:52,372 - INFO - CaseID:1390 - 整体结果: FAILED | 详情: APINAME不匹配：预期[visual_search]，实际[skill_search]; QUERY不匹配：基础语义模糊匹配失败 - 预期[识别当前摄像头画面中的饮品是什么]，实际[用户提到的这个具体指什么饮品]
2026-02-26 23:56:54,439 - INFO - CaseID:1391 - QUERY字段：基础语义模糊匹配通过
2026-02-26 23:56:54,440 - INFO - CaseID:1391 - 整体结果: PASS | 详情: 所有字段校验通过
2026-02-26 23:56:56,301 - INFO - CaseID:1392 - QUERY字段：基础语义模糊匹配通过
2026-02-26 23:56:56,302 - INFO - CaseID:1392 - 整体结果: FAILED | 详情: APINAME不匹配：预期[visual_search]，实际[worthbuy]; CATEGORY不匹配：一方为空 - 预期[]，实际[商品对比]; TAG不匹配：一方为空 - 预期[]，实际[更好喝&两个口味]
2026-02-26 23:56:58,227 - INFO - CaseID:1393 - QUERY字段：基础语义模糊匹配通过
2026-02-26 23:56:58,228 - INFO - CaseID:1393 - 整体结果: PASS | 详情: 所有字段校验通过
2026-02-26 23:57:00,055 - INFO - CaseID:1394 - QUERY字段：基础语义模糊匹配通过
2026-02-26 23:57:00,055 - INFO - CaseID:1394 - 整体结果: PASS | 详情: 所有字段校验通过
2026-02-26 23:57:02,833 - INFO - CaseID:1395 - QUERY字段：基础语义模糊匹配通过
2026-02-26 23:57:02,833 - INFO - CaseID:1395 - 整体结果: PASS | 详情: 所有字段校验通过
2026-02-26 23:57:05,030 - INFO - CaseID:1396 - QUERY字段：基础语义模糊匹配通过
2026-02-26 23:57:05,030 - INFO - CaseID:1396 - 整体结果: PASS | 详情: 所有字段校验通过
2026-02-26 23:57:07,080 - INFO - CaseID:1397 - QUERY字段：基础语义模糊匹配通过
2026-02-26 23:57:07,081 - INFO - CaseID:1397 - 整体结果: PASS | 详情: 所有字段校验通过
2026-02-26 23:57:11,088 - INFO - CaseID:1398 - QUERY字段：语义匹配失败，但visual_search链路意图匹配通过
2026-02-26 23:57:11,089 - INFO - CaseID:1398 - 整体结果: PASS | 详情: 所有字段校验通过
2026-02-26 23:57:11,090 - INFO - CaseID:1399 - CATEGORY字段：模型输出含「其他问答」，该字段通过
2026-02-26 23:57:13,075 - INFO - CaseID:1399 - 整体结果: FAILED | 详情: APINAME不匹配：预期[visual_search]，实际[QASearch]; QUERY不匹配：基础语义模糊匹配失败 - 预期[识别当前摄像头画面中的物品，判断是否为固体奶制品]，实际[固体奶的定义]; TAG不匹配：一方为空 - 预期[]，实际[固体奶&定义]
2026-02-26 23:57:13,076 - INFO - 已处理1400行，休眠5秒降低压力...
2026-02-26 23:57:19,022 - INFO - CaseID:1400 - QUERY字段：基础语义模糊匹配通过
2026-02-26 23:57:19,022 - INFO - CaseID:1400 - 整体结果: PASS | 详情: 所有字段校验通过
2026-02-26 23:57:19,023 - INFO - 已处理1400条用例，当前通过数：923
2026-02-26 23:57:21,028 - INFO - CaseID:1401 - QUERY字段：基础语义模糊匹配通过
2026-02-26 23:57:21,029 - INFO - CaseID:1401 - 整体结果: PASS | 详情: 所有字段校验通过
2026-02-26 23:57:23,008 - INFO - CaseID:1402 - QUERY字段：基础语义模糊匹配通过
2026-02-26 23:57:23,008 - INFO - CaseID:1402 - 整体结果: PASS | 详情: 所有字段校验通过
2026-02-26 23:57:25,034 - INFO - CaseID:1403 - QUERY字段：基础语义模糊匹配通过
2026-02-26 23:57:25,034 - INFO - CaseID:1403 - 整体结果: PASS | 详情: 所有字段校验通过
2026-02-26 23:57:27,122 - INFO - CaseID:1404 - QUERY字段：基础语义模糊匹配通过
2026-02-26 23:57:27,122 - INFO - CaseID:1404 - 整体结果: PASS | 详情: 所有字段校验通过
2026-02-26 23:57:28,891 - INFO - CaseID:1405 - QUERY字段：基础语义模糊匹配通过
2026-02-26 23:57:28,892 - INFO - CaseID:1405 - 整体结果: PASS | 详情: 所有字段校验通过
2026-02-26 23:57:28,892 - INFO - CaseID:1406 - CATEGORY字段：模型输出含「其他问答」，该字段通过
2026-02-26 23:57:30,819 - INFO - CaseID:1406 - 整体结果: FAILED | 详情: APINAME不匹配：预期[visual_search]，实际[QASearch]; QUERY不匹配：基础语义模糊匹配失败 - 预期[坚果蔬菜沙拉的价格是多少]，实际[北京朝阳区坚果蔬菜沙拉价格]; TAG不匹配：一方为空 - 预期[]，实际[北京朝阳区&坚果蔬菜沙拉&价格]
2026-02-26 23:57:33,248 - INFO - CaseID:1407 - QUERY字段：基础语义模糊匹配通过
2026-02-26 23:57:33,249 - INFO - CaseID:1407 - 整体结果: PASS | 详情: 所有字段校验通过
2026-02-26 23:57:37,261 - INFO - CaseID:1408 - QUERY字段：语义匹配失败，但visual_search链路意图匹配通过
2026-02-26 23:57:37,262 - INFO - CaseID:1408 - 整体结果: PASS | 详情: 所有字段校验通过
2026-02-26 23:57:38,984 - INFO - CaseID:1409 - QUERY字段：基础语义模糊匹配通过
2026-02-26 23:57:38,984 - INFO - CaseID:1409 - 整体结果: PASS | 详情: 所有字段校验通过
2026-02-26 23:57:38,985 - INFO - CaseID:1410 - CATEGORY字段：模型输出含「其他问答」，该字段通过
2026-02-26 23:57:40,944 - INFO - CaseID:1410 - QUERY字段：基础语义模糊匹配通过
2026-02-26 23:57:40,944 - INFO - CaseID:1410 - 整体结果: FAILED | 详情: APINAME不匹配：预期[visual_search]，实际[QASearch]; TAG不匹配：一方为空 - 预期[]，实际[水果酸奶&价格]
2026-02-26 23:57:42,978 - INFO - CaseID:1411 - QUERY字段：基础语义模糊匹配通过
2026-02-26 23:57:42,978 - INFO - CaseID:1411 - 整体结果: FAILED | 详情: APINAME不匹配：预期[visual_search]，实际[QASearch]; CATEGORY不匹配：一方为空 - 预期[]，实际[出游美食]; TAG不匹配：一方为空 - 预期[]，实际[最下面的菜名字叫什么]
2026-02-26 23:57:44,891 - INFO - CaseID:1412 - QUERY字段：基础语义模糊匹配通过
2026-02-26 23:57:44,891 - INFO - CaseID:1412 - 整体结果: PASS | 详情: 所有字段校验通过
2026-02-26 23:57:47,189 - INFO - CaseID:1413 - QUERY字段：基础语义模糊匹配通过
2026-02-26 23:57:47,190 - INFO - CaseID:1413 - 整体结果: FAILED | 详情: APINAME不匹配：预期[visual_search]，实际[worthbuy]; CATEGORY不匹配：一方为空 - 预期[]，实际[商品推荐]; TAG不匹配：一方为空 - 预期[]，实际[常见&下酒小菜]
2026-02-26 23:57:49,157 - INFO - CaseID:1414 - QUERY字段：基础语义模糊匹配通过
2026-02-26 23:57:49,158 - INFO - CaseID:1414 - 整体结果: FAILED | 详情: APINAME不匹配：预期[visual_search]，实际[QASearch]; CATEGORY不匹配：一方为空 - 预期[]，实际[出游美食]; TAG不匹配：一方为空 - 预期[]，实际[这页有口水鸡这个菜么]
2026-02-26 23:57:51,126 - INFO - CaseID:1415 - QUERY字段：基础语义模糊匹配通过
2026-02-26 23:57:51,127 - INFO - CaseID:1415 - 整体结果: FAILED | 详情: APINAME不匹配：预期[visual_search]，实际[QASearch]; CATEGORY不匹配：一方为空 - 预期[]，实际[出游美食]; TAG不匹配：一方为空 - 预期[]，实际[水煮牛肉多少钱一例呢]
2026-02-26 23:57:52,754 - INFO - CaseID:1416 - QUERY字段：基础语义模糊匹配通过
2026-02-26 23:57:52,754 - INFO - CaseID:1416 - 整体结果: FAILED | 详情: APINAME不匹配：预期[visual_search]，实际[QASearch]; CATEGORY不匹配：一方为空 - 预期[]，实际[出游美食]; TAG不匹配：一方为空 - 预期[]，实际[星期一下面第一个是什么菜]
2026-02-26 23:57:54,694 - INFO - CaseID:1417 - QUERY字段：基础语义模糊匹配通过
2026-02-26 23:57:54,694 - INFO - CaseID:1417 - 整体结果: FAILED | 详情: APINAME不匹配：预期[visual_search]，实际[QASearch]; CATEGORY不匹配：一方为空 - 预期[]，实际[出游美食]; TAG不匹配：一方为空 - 预期[]，实际[这页第一个菜是什么菜]
2026-02-26 23:57:56,619 - INFO - CaseID:1418 - QUERY字段：基础语义模糊匹配通过
2026-02-26 23:57:56,620 - INFO - CaseID:1418 - 整体结果: FAILED | 详情: APINAME不匹配：预期[visual_search]，实际[QASearch]; CATEGORY不匹配：一方为空 - 预期[]，实际[出游美食]; TAG不匹配：一方为空 - 预期[]，实际[第二个菜是什么菜]
2026-02-26 23:58:00,887 - INFO - CaseID:1419 - QUERY字段：语义匹配失败，但visual_search链路意图匹配通过
2026-02-26 23:58:00,888 - INFO - CaseID:1419 - 整体结果: PASS | 详情: 所有字段校验通过
2026-02-26 23:58:00,888 - INFO - CaseID:1420 - CATEGORY字段：模型输出含「其他问答」，该字段通过
2026-02-26 23:58:03,253 - INFO - CaseID:1420 - 整体结果: FAILED | 详情: APINAME不匹配：预期[visual_search]，实际[QASearch]; QUERY不匹配：基础语义模糊匹配失败 - 预期[鸡蛋炒面的价格是多少]，实际[北京朝阳区鸡蛋炒面价格]; TAG不匹配：一方为空 - 预期[]，实际[北京朝阳区&鸡蛋炒面&价格]
2026-02-26 23:58:05,532 - INFO - CaseID:1421 - QUERY字段：基础语义模糊匹配通过
2026-02-26 23:58:05,533 - INFO - CaseID:1421 - 整体结果: PASS | 详情: 所有字段校验通过
2026-02-26 23:58:07,428 - INFO - CaseID:1422 - QUERY字段：基础语义模糊匹配通过
2026-02-26 23:58:07,429 - INFO - CaseID:1422 - 整体结果: PASS | 详情: 所有字段校验通过
2026-02-26 23:58:09,585 - INFO - CaseID:1423 - QUERY字段：基础语义模糊匹配通过
2026-02-26 23:58:09,585 - INFO - CaseID:1423 - 整体结果: PASS | 详情: 所有字段校验通过
2026-02-26 23:58:11,448 - INFO - CaseID:1424 - QUERY字段：基础语义模糊匹配通过
2026-02-26 23:58:11,448 - INFO - CaseID:1424 - 整体结果: FAILED | 详情: APINAME不匹配：预期[visual_search]，实际[worthbuy]; CATEGORY不匹配：一方为空 - 预期[]，实际[商品查询-确定商品]; TAG不匹配：一方为空 - 预期[]，实际[沙姜爽肚&价格]
2026-02-26 23:58:13,494 - INFO - CaseID:1425 - QUERY字段：基础语义模糊匹配通过
2026-02-26 23:58:13,495 - INFO - CaseID:1425 - 整体结果: PASS | 详情: 所有字段校验通过
2026-02-26 23:58:15,396 - INFO - CaseID:1426 - 整体结果: FAILED | 详情: APINAME不匹配：预期[visual_search]，实际[QASearch]; CATEGORY不匹配：一方为空 - 预期[]，实际[健康]; QUERY不匹配：基础语义模糊匹配失败 - 预期[紫菜汤在哪里]，实际[紫菜汤的常见做法]; TAG不匹配：一方为空 - 预期[]，实际[紫菜汤&常见做法]
2026-02-26 23:58:17,366 - INFO - CaseID:1427 - QUERY字段：基础语义模糊匹配通过
2026-02-26 23:58:17,367 - INFO - CaseID:1427 - 整体结果: FAILED | 详情: APINAME不匹配：预期[visual_search]，实际[skill_search]
2026-02-26 23:58:19,330 - INFO - CaseID:1428 - QUERY字段：基础语义模糊匹配通过
2026-02-26 23:58:19,330 - INFO - CaseID:1428 - 整体结果: FAILED | 详情: APINAME不匹配：预期[visual_search]，实际[QASearch]; CATEGORY不匹配：一方为空 - 预期[]，实际[出游美食]; TAG不匹配：一方为空 - 预期[]，实际[这页有汉堡这个菜么]
2026-02-26 23:58:21,012 - INFO - CaseID:1429 - QUERY字段：基础语义模糊匹配通过
2026-02-26 23:58:21,013 - INFO - CaseID:1429 - 整体结果: PASS | 详情: 所有字段校验通过
2026-02-26 23:58:22,988 - INFO - CaseID:1430 - QUERY字段：基础语义模糊匹配通过
2026-02-26 23:58:22,988 - INFO - CaseID:1430 - 整体结果: FAILED | 详情: APINAME不匹配：预期[visual_search]，实际[QASearch]; CATEGORY不匹配：一方为空 - 预期[]，实际[出游美食]; TAG不匹配：一方为空 - 预期[]，实际[第一个菜是什么菜]
2026-02-26 23:58:24,758 - INFO - CaseID:1431 - 整体结果: FAILED | 详情: APINAME不匹配：预期[visual_search]，实际[skill_search]; QUERY不匹配：基础语义模糊匹配失败 - 预期[请识别并提取当前摄像头画面中的菜单文字内容]，实际[帮我把这个菜单翻译成英文]
2026-02-26 23:58:27,317 - INFO - CaseID:1432 - QUERY字段：基础语义模糊匹配通过
2026-02-26 23:58:27,318 - INFO - CaseID:1432 - 整体结果: FAILED | 详情: APINAME不匹配：预期[visual_search]，实际[QASearch]; CATEGORY不匹配：一方为空 - 预期[]，实际[出游美食]; TAG不匹配：一方为空 - 预期[]，实际[这个菜单是早餐菜单还是炒菜菜单]
2026-02-26 23:58:29,325 - INFO - CaseID:1433 - 整体结果: FAILED | 详情: APINAME不匹配：预期[visual_search]，实际[worthbuy]; CATEGORY不匹配：一方为空 - 预期[]，实际[商品对比]; QUERY不匹配：基础语义模糊匹配失败 - 预期[这是中餐菜单还是西餐菜单]，实际[中餐菜单和西餐菜单的区别]; TAG不匹配：一方为空 - 预期[]，实际[中餐菜单&西餐菜单&区别]
2026-02-26 23:58:29,326 - INFO - CaseID:1434 - CATEGORY字段：模型输出含「其他问答」，该字段通过
2026-02-26 23:58:31,313 - INFO - CaseID:1434 - 整体结果: FAILED | 详情: APINAME不匹配：预期[visual_search]，实际[QASearch]; QUERY不匹配：基础语义模糊匹配失败 - 预期[帮我看看鱼片粥每碗多少钱]，实际[北京朝阳区鱼片粥价格]; TAG不匹配：一方为空 - 预期[]，实际[北京朝阳区&鱼片粥&价格]
2026-02-26 23:58:33,257 - INFO - CaseID:1435 - QUERY字段：基础语义模糊匹配通过
2026-02-26 23:58:33,257 - INFO - CaseID:1435 - 整体结果: FAILED | 详情: APINAME不匹配：预期[visual_search]，实际[AUTOSearch]; CATEGORY不匹配：一方为空 - 预期[]，实际[汽车]; TAG不匹配：一方为空 - 预期[]，实际[a套餐&价格]
2026-02-26 23:58:34,998 - INFO - CaseID:1436 - QUERY字段：基础语义模糊匹配通过
2026-02-26 23:58:34,999 - INFO - CaseID:1436 - 整体结果: PASS | 详情: 所有字段校验通过
2026-02-26 23:58:37,045 - INFO - CaseID:1437 - QUERY字段：基础语义模糊匹配通过
2026-02-26 23:58:37,046 - INFO - CaseID:1437 - 整体结果: PASS | 详情: 所有字段校验通过
2026-02-26 23:58:40,781 - INFO - CaseID:1438 - QUERY字段：语义匹配失败，但visual_search链路意图匹配通过
2026-02-26 23:58:40,782 - INFO - CaseID:1438 - 整体结果: PASS | 详情: 所有字段校验通过
2026-02-26 23:58:40,782 - INFO - CaseID:1439 - 整体结果: FAILED | 详情: 模型输出核心字段全为空，判定不通过
2026-02-26 23:58:40,783 - INFO - CaseID:1440 - CATEGORY字段：模型输出含「其他问答」，该字段通过
2026-02-26 23:58:42,754 - INFO - CaseID:1440 - QUERY字段：基础语义模糊匹配通过
2026-02-26 23:58:42,754 - INFO - CaseID:1440 - 整体结果: FAILED | 详情: APINAME不匹配：预期[visual_search]，实际[QASearch]; TAG不匹配：一方为空 - 预期[]，实际[世界上&第一个汉堡&名称]
2026-02-26 23:58:44,930 - INFO - CaseID:1441 - QUERY字段：基础语义模糊匹配通过
2026-02-26 23:58:44,931 - INFO - CaseID:1441 - 整体结果: FAILED | 详情: APINAME不匹配：预期[visual_search]，实际[QASearch]; CATEGORY不匹配：一方为空 - 预期[]，实际[出游美食]; TAG不匹配：一方为空 - 预期[]，实际[这页第一个菜是什么菜]
2026-02-26 23:58:46,905 - INFO - CaseID:1442 - QUERY字段：基础语义模糊匹配通过
2026-02-26 23:58:46,906 - INFO - CaseID:1442 - 整体结果: PASS | 详情: 所有字段校验通过
2026-02-26 23:58:46,906 - INFO - CaseID:1443 - 整体结果: FAILED | 详情: 模型输出核心字段全为空，判定不通过
2026-02-26 23:58:50,890 - INFO - CaseID:1444 - QUERY字段：语义匹配失败，但visual_search链路意图匹配通过
2026-02-26 23:58:50,891 - INFO - CaseID:1444 - 整体结果: PASS | 详情: 所有字段校验通过
2026-02-26 23:58:55,169 - INFO - CaseID:1445 - QUERY字段：语义匹配失败，但visual_search链路意图匹配通过
2026-02-26 23:58:55,169 - INFO - CaseID:1445 - 整体结果: PASS | 详情: 所有字段校验通过
2026-02-26 23:58:57,119 - INFO - CaseID:1446 - QUERY字段：基础语义模糊匹配通过
2026-02-26 23:58:57,119 - INFO - CaseID:1446 - 整体结果: PASS | 详情: 所有字段校验通过
2026-02-26 23:59:02,237 - INFO - CaseID:1447 - QUERY字段：语义匹配失败，但visual_search链路意图匹配通过
2026-02-26 23:59:02,239 - INFO - CaseID:1447 - 整体结果: PASS | 详情: 所有字段校验通过
2026-02-26 23:59:04,282 - INFO - CaseID:1448 - QUERY字段：基础语义模糊匹配通过
2026-02-26 23:59:04,282 - INFO - CaseID:1448 - 整体结果: PASS | 详情: 所有字段校验通过
2026-02-26 23:59:08,121 - INFO - CaseID:1449 - QUERY字段：语义匹配失败，但visual_search链路意图匹配通过
2026-02-26 23:59:08,122 - INFO - CaseID:1449 - 整体结果: PASS | 详情: 所有字段校验通过
2026-02-26 23:59:10,505 - INFO - CaseID:1450 - QUERY字段：基础语义模糊匹配通过
2026-02-26 23:59:10,506 - INFO - CaseID:1450 - 整体结果: PASS | 详情: 所有字段校验通过
2026-02-26 23:59:12,410 - INFO - CaseID:1451 - 整体结果: FAILED | 详情: APINAME不匹配：预期[visual_search]，实际[skill_search]; QUERY不匹配：基础语义模糊匹配失败 - 预期[请识别并翻译这份菜单的中文版本]，实际[请提供需要翻译的菜单图片或文字内容]
2026-02-26 23:59:15,168 - INFO - CaseID:1452 - QUERY字段：基础语义模糊匹配通过
2026-02-26 23:59:15,168 - INFO - CaseID:1452 - 整体结果: FAILED | 详情: APINAME不匹配：预期[visual_search]，实际[QASearch]; CATEGORY不匹配：一方为空 - 预期[]，实际[出游美食]; TAG不匹配：一方为空 - 预期[]，实际[这是什么菜系的菜单]
2026-02-26 23:59:17,115 - INFO - CaseID:1453 - QUERY字段：基础语义模糊匹配通过
2026-02-26 23:59:17,116 - INFO - CaseID:1453 - 整体结果: FAILED | 详情: APINAME不匹配：预期[visual_search]，实际[QASearch]; CATEGORY不匹配：一方为空 - 预期[]，实际[出游美食]; TAG不匹配：一方为空 - 预期[]，实际[第一个比萨叫什么名字]
2026-02-26 23:59:20,997 - INFO - CaseID:1454 - QUERY字段：语义匹配失败，但visual_search链路意图匹配通过
2026-02-26 23:59:20,998 - INFO - CaseID:1454 - 整体结果: PASS | 详情: 所有字段校验通过
2026-02-26 23:59:23,028 - INFO - CaseID:1455 - QUERY字段：基础语义模糊匹配通过
2026-02-26 23:59:23,028 - INFO - CaseID:1455 - 整体结果: FAILED | 详情: APINAME不匹配：预期[visual_search]，实际[QASearch]; CATEGORY不匹配：一方为空 - 预期[]，实际[出游美食]; TAG不匹配：一方为空 - 预期[]，实际[第一个菜叫什么名字]
2026-02-26 23:59:25,382 - INFO - CaseID:1456 - QUERY字段：基础语义模糊匹配通过
2026-02-26 23:59:25,383 - INFO - CaseID:1456 - 整体结果: PASS | 详情: 所有字段校验通过
2026-02-26 23:59:27,341 - INFO - CaseID:1457 - QUERY字段：基础语义模糊匹配通过
2026-02-26 23:59:27,342 - INFO - CaseID:1457 - 整体结果: PASS | 详情: 所有字段校验通过
2026-02-26 23:59:29,363 - INFO - CaseID:1458 - QUERY字段：基础语义模糊匹配通过
2026-02-26 23:59:29,364 - INFO - CaseID:1458 - 整体结果: PASS | 详情: 所有字段校验通过
2026-02-26 23:59:33,313 - INFO - CaseID:1459 - QUERY字段：语义匹配失败，但visual_search链路意图匹配通过
2026-02-26 23:59:33,314 - INFO - CaseID:1459 - 整体结果: PASS | 详情: 所有字段校验通过
2026-02-26 23:59:37,084 - INFO - CaseID:1460 - QUERY字段：语义匹配失败，但visual_search链路意图匹配通过
2026-02-26 23:59:37,085 - INFO - CaseID:1460 - 整体结果: PASS | 详情: 所有字段校验通过
2026-02-26 23:59:38,984 - INFO - CaseID:1461 - QUERY字段：基础语义模糊匹配通过
2026-02-26 23:59:38,984 - INFO - CaseID:1461 - 整体结果: PASS | 详情: 所有字段校验通过
2026-02-26 23:59:40,933 - INFO - CaseID:1462 - QUERY字段：基础语义模糊匹配通过
2026-02-26 23:59:40,934 - INFO - CaseID:1462 - 整体结果: PASS | 详情: 所有字段校验通过
2026-02-26 23:59:43,186 - INFO - CaseID:1463 - QUERY字段：基础语义模糊匹配通过
2026-02-26 23:59:43,187 - INFO - CaseID:1463 - 整体结果: PASS | 详情: 所有字段校验通过
2026-02-26 23:59:45,450 - INFO - CaseID:1464 - QUERY字段：基础语义模糊匹配通过
2026-02-26 23:59:45,452 - INFO - CaseID:1464 - 整体结果: PASS | 详情: 所有字段校验通过
2026-02-26 23:59:49,149 - INFO - CaseID:1465 - QUERY字段：语义匹配失败，但visual_search链路意图匹配通过
2026-02-26 23:59:49,149 - INFO - CaseID:1465 - 整体结果: PASS | 详情: 所有字段校验通过
2026-02-26 23:59:51,012 - INFO - CaseID:1466 - QUERY字段：基础语义模糊匹配通过
2026-02-26 23:59:51,012 - INFO - CaseID:1466 - 整体结果: PASS | 详情: 所有字段校验通过
2026-02-26 23:59:53,383 - INFO - CaseID:1467 - QUERY字段：基础语义模糊匹配通过
2026-02-26 23:59:53,384 - INFO - CaseID:1467 - 整体结果: FAILED | 详情: APINAME不匹配：预期[visual_search]，实际[AUTOSearch]; CATEGORY不匹配：一方为空 - 预期[]，实际[汽车]; TAG不匹配：一方为空 - 预期[]，实际[左上角&第一个物品]
2026-02-26 23:59:55,247 - INFO - CaseID:1468 - 整体结果: FAILED | 详情: APINAME不匹配：预期[visual_search]，实际[QASearch]; CATEGORY不匹配：一方为空 - 预期[]，实际[世界之最]; QUERY不匹配：基础语义模糊匹配失败 - 预期[第一个是什么酒]，实际[世界第一个酒]; TAG不匹配：一方为空 - 预期[]，实际[世界&第一个酒]
2026-02-26 23:59:55,248 - INFO - CaseID:1469 - CATEGORY字段：模型输出含「其他问答」，该字段通过
2026-02-26 23:59:57,317 - INFO - CaseID:1469 - QUERY字段：基础语义模糊匹配通过
2026-02-26 23:59:57,317 - INFO - CaseID:1469 - 整体结果: FAILED | 详情: APINAME不匹配：预期[visual_search]，实际[QASearch]; TAG不匹配：一方为空 - 预期[]，实际[罗斯福10酒&详细信息]
2026-02-26 23:59:59,378 - INFO - CaseID:1470 - QUERY字段：基础语义模糊匹配通过
2026-02-26 23:59:59,379 - INFO - CaseID:1470 - 整体结果: PASS | 详情: 所有字段校验通过
2026-02-26 23:59:59,379 - INFO - CaseID:1471 - 整体结果: FAILED | 详情: 模型输出核心字段全为空，判定不通过
2026-02-26 23:59:59,379 - INFO - CaseID:1472 - 整体结果: FAILED | 详情: 模型输出核心字段全为空，判定不通过
2026-02-27 00:00:03,029 - INFO - CaseID:1473 - QUERY字段：语义匹配失败，但visual_search链路意图匹配通过
2026-02-27 00:00:03,030 - INFO - CaseID:1473 - 整体结果: PASS | 详情: 所有字段校验通过
2026-02-27 00:00:04,987 - INFO - CaseID:1474 - 整体结果: FAILED | 详情: APINAME不匹配：预期[visual_search]，实际[QASearch]; CATEGORY不匹配：一方为空 - 预期[]，实际[人物]; QUERY不匹配：基础语义模糊匹配失败 - 预期[创作他的灵感来自于什么]，实际[他指的是哪位创作者或艺术家]; TAG不匹配：一方为空 - 预期[]，实际[他&创作者&艺术家]
2026-02-27 00:00:07,068 - INFO - CaseID:1475 - QUERY字段：基础语义模糊匹配通过
2026-02-27 00:00:07,068 - INFO - CaseID:1475 - 整体结果: PASS | 详情: 所有字段校验通过
2026-02-27 00:00:11,631 - INFO - CaseID:1476 - QUERY字段：语义匹配失败，但visual_search链路意图匹配通过
2026-02-27 00:00:11,631 - INFO - CaseID:1476 - 整体结果: PASS | 详情: 所有字段校验通过
2026-02-27 00:00:13,597 - INFO - CaseID:1477 - QUERY字段：基础语义模糊匹配通过
2026-02-27 00:00:13,598 - INFO - CaseID:1477 - 整体结果: PASS | 详情: 所有字段校验通过
2026-02-27 00:00:15,309 - INFO - CaseID:1478 - QUERY字段：基础语义模糊匹配通过
2026-02-27 00:00:15,309 - INFO - CaseID:1478 - 整体结果: PASS | 详情: 所有字段校验通过
2026-02-27 00:00:17,295 - INFO - CaseID:1479 - 整体结果: FAILED | 详情: APINAME不匹配：预期[visual_search]，实际[AUTOSearch]; CATEGORY不匹配：一方为空 - 预期[]，实际[汽车]; QUERY不匹配：基础语义模糊匹配失败 - 预期[这是理想汽车的徽章吗]，实际[理想汽车官方徽章设计]; TAG不匹配：一方为空 - 预期[]，实际[理想汽车&官方徽章&设计]
2026-02-27 00:00:19,106 - INFO - CaseID:1480 - QUERY字段：基础语义模糊匹配通过
2026-02-27 00:00:19,107 - INFO - CaseID:1480 - 整体结果: PASS | 详情: 所有字段校验通过
2026-02-27 00:00:19,107 - INFO - CaseID:1481 - 整体结果: FAILED | 详情: 模型输出核心字段全为空，判定不通过
2026-02-27 00:00:19,108 - INFO - CaseID:1482 - 整体结果: FAILED | 详情: 模型输出核心字段全为空，判定不通过
2026-02-27 00:00:21,071 - INFO - CaseID:1483 - QUERY字段：基础语义模糊匹配通过
2026-02-27 00:00:21,072 - INFO - CaseID:1483 - 整体结果: PASS | 详情: 所有字段校验通过
2026-02-27 00:00:21,072 - INFO - CaseID:1484 - CATEGORY字段：模型输出含「其他问答」，该字段通过
2026-02-27 00:00:23,134 - INFO - CaseID:1484 - 整体结果: FAILED | 详情: APINAME不匹配：预期[visual_search]，实际[QASearch]; QUERY不匹配：基础语义模糊匹配失败 - 预期[这个玩偶是杨村里的帅气的喜羊羊吗]，实际[杨村里的喜羊羊玩偶特征]; TAG不匹配：一方为空 - 预期[]，实际[杨村&喜羊羊玩偶&特征]
2026-02-27 00:00:25,173 - INFO - CaseID:1485 - QUERY字段：基础语义模糊匹配通过
2026-02-27 00:00:25,173 - INFO - CaseID:1485 - 整体结果: PASS | 详情: 所有字段校验通过
2026-02-27 00:00:27,091 - INFO - CaseID:1486 - 整体结果: FAILED | 详情: APINAME不匹配：预期[visual_search]，实际[QASearch]; CATEGORY不匹配：一方为空 - 预期[]，实际[法律]; QUERY不匹配：基础语义模糊匹配失败 - 预期[这看起来像不像盗版的]，实际[盗版的定义]; TAG不匹配：一方为空 - 预期[]，实际[盗版&定义]
2026-02-27 00:00:28,870 - INFO - CaseID:1487 - QUERY字段：基础语义模糊匹配通过
2026-02-27 00:00:28,870 - INFO - CaseID:1487 - 整体结果: PASS | 详情: 所有字段校验通过
2026-02-27 00:00:30,834 - INFO - CaseID:1488 - QUERY字段：基础语义模糊匹配通过
2026-02-27 00:00:30,835 - INFO - CaseID:1488 - 整体结果: PASS | 详情: 所有字段校验通过
2026-02-27 00:00:32,618 - INFO - CaseID:1489 - QUERY字段：基础语义模糊匹配通过
2026-02-27 00:00:32,618 - INFO - CaseID:1489 - 整体结果: PASS | 详情: 所有字段校验通过
2026-02-27 00:00:32,619 - INFO - CaseID:1490 - 整体结果: FAILED | 详情: 模型输出核心字段全为空，判定不通过
2026-02-27 00:00:32,619 - INFO - CaseID:1491 - 整体结果: FAILED | 详情: 模型输出核心字段全为空，判定不通过
2026-02-27 00:00:35,046 - INFO - CaseID:1492 - 整体结果: FAILED | 详情: APINAME不匹配：预期[visual_search]，实际[QASearch]; CATEGORY不匹配：一方为空 - 预期[]，实际[人物]; QUERY不匹配：基础语义模糊匹配失败 - 预期[这是灰太狼吗]，实际[灰太狼的形象特征]; TAG不匹配：一方为空 - 预期[]，实际[灰太狼&形象特征]
2026-02-27 00:00:35,046 - INFO - CaseID:1493 - 整体结果: FAILED | 详情: 模型输出核心字段全为空，判定不通过
2026-02-27 00:00:35,046 - INFO - CaseID:1494 - 整体结果: FAILED | 详情: 模型输出核心字段全为空，判定不通过
2026-02-27 00:00:37,468 - INFO - CaseID:1495 - QUERY字段：基础语义模糊匹配通过
2026-02-27 00:00:37,468 - INFO - CaseID:1495 - 整体结果: PASS | 详情: 所有字段校验通过
2026-02-27 00:00:37,468 - INFO - CaseID:1496 - 整体结果: FAILED | 详情: 模型输出核心字段全为空，判定不通过
2026-02-27 00:00:37,468 - INFO - CaseID:1497 - 整体结果: FAILED | 详情: 模型输出核心字段全为空，判定不通过
2026-02-27 00:00:39,431 - INFO - CaseID:1498 - 整体结果: FAILED | 详情: APINAME不匹配：预期[visual_search]，实际[QASearch]; CATEGORY不匹配：一方为空 - 预期[]，实际[生物]; QUERY不匹配：基础语义模糊匹配失败 - 预期[这个系着粉色蝴蝶结的羊是什么]，实际[系着粉色蝴蝶结的羊的品种或特征]; TAG不匹配：一方为空 - 预期[]，实际[系着粉色蝴蝶结&羊&品种或特征]
2026-02-27 00:00:39,432 - INFO - CaseID:1499 - 整体结果: FAILED | 详情: 模型输出核心字段全为空，判定不通过
2026-02-27 00:00:39,432 - INFO - 已处理1500行，休眠5秒降低压力...
2026-02-27 00:00:44,440 - INFO - CaseID:1500 - 整体结果: FAILED | 详情: 模型输出核心字段全为空，判定不通过
2026-02-27 00:00:44,909 - INFO - CaseID:1501 - 整体结果: FAILED | 详情: 模型输出核心字段全为空，判定不通过
2026-02-27 00:00:46,071 - INFO - CaseID:1502 - 整体结果: FAILED | 详情: APINAME不匹配：预期[visual_search]，实际[QASearch]; CATEGORY不匹配：一方为空 - 预期[]，实际[影视]; QUERY不匹配：基础语义模糊匹配失败 - 预期[穿红色衣服的是小猪佩奇吗]，实际[小猪佩奇的典型服装颜色]; TAG不匹配：一方为空 - 预期[]，实际[小猪佩奇&服装&颜色]
2026-02-27 00:00:46,072 - INFO - CaseID:1503 - 整体结果: FAILED | 详情: 模型输出核心字段全为空，判定不通过
2026-02-27 00:00:48,085 - INFO - CaseID:1504 - 整体结果: FAILED | 详情: APINAME不匹配：预期[visual_search]，实际[worthbuy]; CATEGORY不匹配：一方为空 - 预期[]，实际[商品查询-确定商品]; QUERY不匹配：基础语义模糊匹配失败 - 预期[这真的是小猪佩奇玩偶吗]，实际[小猪佩奇玩偶的官方特征和图片]; TAG不匹配：一方为空 - 预期[]，实际[小猪佩奇玩偶&官方特征&图片]
2026-02-27 00:00:48,086 - INFO - CaseID:1505 - CATEGORY字段：模型输出含「其他问答」，该字段通过
2026-02-27 00:00:50,066 - INFO - CaseID:1505 - 整体结果: FAILED | 详情: APINAME不匹配：预期[visual_search]，实际[QASearch]; QUERY不匹配：基础语义模糊匹配失败 - 预期[用户手中拿的是佩奇（PeppaPig）吗？]，实际[佩奇指的是什么产品]; TAG不匹配：一方为空 - 预期[]，实际[佩奇&产品]
2026-02-27 00:00:51,824 - INFO - CaseID:1506 - 整体结果: FAILED | 详情: APINAME不匹配：预期[visual_search]，实际[worthbuy]; CATEGORY不匹配：一方为空 - 预期[]，实际[商品查询-确定商品]; QUERY不匹配：基础语义模糊匹配失败 - 预期[这是不是小猪佩奇的玩偶啊]，实际[小猪佩奇玩偶的特征]; TAG不匹配：一方为空 - 预期[]，实际[小猪佩奇玩偶&特征]
2026-02-27 00:00:53,809 - INFO - CaseID:1507 - QUERY字段：基础语义模糊匹配通过
2026-02-27 00:00:53,810 - INFO - CaseID:1507 - 整体结果: PASS | 详情: 所有字段校验通过
2026-02-27 00:00:53,810 - INFO - CaseID:1508 - 整体结果: FAILED | 详情: 模型输出核心字段全为空，判定不通过
2026-02-27 00:00:53,811 - INFO - CaseID:1509 - 整体结果: FAILED | 详情: 模型输出核心字段全为空，判定不通过
2026-02-27 00:00:55,808 - INFO - CaseID:1510 - QUERY字段：基础语义模糊匹配通过
2026-02-27 00:00:55,809 - INFO - CaseID:1510 - 整体结果: PASS | 详情: 所有字段校验通过
2026-02-27 00:00:57,848 - INFO - CaseID:1511 - QUERY字段：基础语义模糊匹配通过
2026-02-27 00:00:57,848 - INFO - CaseID:1511 - 整体结果: PASS | 详情: 所有字段校验通过
2026-02-27 00:00:59,802 - INFO - CaseID:1512 - QUERY字段：基础语义模糊匹配通过
2026-02-27 00:00:59,804 - INFO - CaseID:1512 - 整体结果: PASS | 详情: 所有字段校验通过
2026-02-27 00:01:01,936 - INFO - CaseID:1513 - QUERY字段：基础语义模糊匹配通过
2026-02-27 00:01:01,936 - INFO - CaseID:1513 - 整体结果: PASS | 详情: 所有字段校验通过
2026-02-27 00:01:06,535 - INFO - CaseID:1514 - QUERY字段：语义匹配失败，但visual_search链路意图匹配通过
2026-02-27 00:01:06,536 - INFO - CaseID:1514 - 整体结果: PASS | 详情: 所有字段校验通过
2026-02-27 00:01:06,536 - INFO - CaseID:1515 - 整体结果: FAILED | 详情: 模型输出核心字段全为空，判定不通过
2026-02-27 00:01:10,854 - INFO - CaseID:1516 - QUERY字段：语义匹配失败，但visual_search链路意图匹配通过
2026-02-27 00:01:10,854 - INFO - CaseID:1516 - 整体结果: PASS | 详情: 所有字段校验通过
2026-02-27 00:01:14,847 - INFO - CaseID:1517 - QUERY字段：语义匹配失败，但visual_search链路意图匹配通过
2026-02-27 00:01:14,847 - INFO - CaseID:1517 - 整体结果: PASS | 详情: 所有字段校验通过
2026-02-27 00:01:16,938 - INFO - CaseID:1518 - QUERY字段：基础语义模糊匹配通过
2026-02-27 00:01:16,939 - INFO - CaseID:1518 - 整体结果: PASS | 详情: 所有字段校验通过
2026-02-27 00:01:18,834 - INFO - CaseID:1519 - QUERY字段：基础语义模糊匹配通过
2026-02-27 00:01:18,835 - INFO - CaseID:1519 - 整体结果: PASS | 详情: 所有字段校验通过
2026-02-27 00:01:20,787 - INFO - CaseID:1520 - QUERY字段：基础语义模糊匹配通过
2026-02-27 00:01:20,788 - INFO - CaseID:1520 - 整体结果: PASS | 详情: 所有字段校验通过
2026-02-27 00:01:20,788 - INFO - CaseID:1521 - CATEGORY字段：模型输出含「其他问答」，该字段通过
2026-02-27 00:01:22,673 - INFO - CaseID:1521 - 整体结果: FAILED | 详情: APINAME不匹配：预期[visual_search]，实际[QASearch]; QUERY不匹配：基础语义模糊匹配失败 - 预期[这个躺着的玩偶是灰灰公仔吗]，实际[灰灰公仔的特征]; TAG不匹配：一方为空 - 预期[]，实际[灰灰公仔&特征]
2026-02-27 00:01:26,828 - INFO - CaseID:1522 - QUERY字段：语义匹配失败，但visual_search链路意图匹配通过
2026-02-27 00:01:26,829 - INFO - CaseID:1522 - 整体结果: PASS | 详情: 所有字段校验通过
2026-02-27 00:01:26,830 - INFO - CaseID:1523 - CATEGORY字段：模型输出含「其他问答」，该字段通过
2026-02-27 00:01:28,736 - INFO - CaseID:1523 - 整体结果: FAILED | 详情: APINAME不匹配：预期[visual_search]，实际[QASearch]; QUERY不匹配：基础语义模糊匹配失败 - 预期[这到底是不是小克公仔]，实际[小克公仔的特征]; TAG不匹配：一方为空 - 预期[]，实际[小克公仔&特征]
2026-02-27 00:01:30,397 - INFO - CaseID:1524 - QUERY字段：基础语义模糊匹配通过
2026-02-27 00:01:30,397 - INFO - CaseID:1524 - 整体结果: PASS | 详情: 所有字段校验通过
2026-02-27 00:01:32,563 - INFO - CaseID:1525 - QUERY字段：基础语义模糊匹配通过
2026-02-27 00:01:32,563 - INFO - CaseID:1525 - 整体结果: PASS | 详情: 所有字段校验通过
2026-02-27 00:01:34,503 - INFO - CaseID:1526 - QUERY字段：基础语义模糊匹配通过
2026-02-27 00:01:34,504 - INFO - CaseID:1526 - 整体结果: PASS | 详情: 所有字段校验通过
2026-02-27 00:01:36,483 - INFO - CaseID:1527 - QUERY字段：基础语义模糊匹配通过
2026-02-27 00:01:36,485 - INFO - CaseID:1527 - 整体结果: PASS | 详情: 所有字段校验通过
2026-02-27 00:01:38,537 - INFO - CaseID:1528 - QUERY字段：基础语义模糊匹配通过
2026-02-27 00:01:38,537 - INFO - CaseID:1528 - 整体结果: PASS | 详情: 所有字段校验通过
2026-02-27 00:01:40,538 - INFO - CaseID:1529 - QUERY字段：基础语义模糊匹配通过
2026-02-27 00:01:40,539 - INFO - CaseID:1529 - 整体结果: PASS | 详情: 所有字段校验通过
2026-02-27 00:01:40,539 - INFO - CaseID:1530 - CATEGORY字段：模型输出含「其他问答」，该字段通过
2026-02-27 00:01:42,510 - INFO - CaseID:1530 - 整体结果: FAILED | 详情: APINAME不匹配：预期[visual_search]，实际[QASearch]; QUERY不匹配：基础语义模糊匹配失败 - 预期[这是不是路马公仔]，实际[路马公仔的特征是什么]; TAG不匹配：一方为空 - 预期[]，实际[路马公仔&特征]
2026-02-27 00:01:44,198 - INFO - CaseID:1531 - QUERY字段：基础语义模糊匹配通过
2026-02-27 00:01:44,198 - INFO - CaseID:1531 - 整体结果: PASS | 详情: 所有字段校验通过
2026-02-27 00:01:46,164 - INFO - CaseID:1532 - QUERY字段：基础语义模糊匹配通过
2026-02-27 00:01:46,164 - INFO - CaseID:1532 - 整体结果: PASS | 详情: 所有字段校验通过
2026-02-27 00:01:47,973 - INFO - CaseID:1533 - QUERY字段：基础语义模糊匹配通过
2026-02-27 00:01:47,974 - INFO - CaseID:1533 - 整体结果: PASS | 详情: 所有字段校验通过
2026-02-27 00:01:49,953 - INFO - CaseID:1534 - QUERY字段：基础语义模糊匹配通过
2026-02-27 00:01:49,954 - INFO - CaseID:1534 - 整体结果: PASS | 详情: 所有字段校验通过
2026-02-27 00:01:51,843 - INFO - CaseID:1535 - QUERY字段：基础语义模糊匹配通过
2026-02-27 00:01:51,843 - INFO - CaseID:1535 - 整体结果: PASS | 详情: 所有字段校验通过
2026-02-27 00:01:51,844 - INFO - CaseID:1536 - 整体结果: FAILED | 详情: 模型输出核心字段全为空，判定不通过
2026-02-27 00:01:54,081 - INFO - CaseID:1537 - QUERY字段：基础语义模糊匹配通过
2026-02-27 00:01:54,082 - INFO - CaseID:1537 - 整体结果: PASS | 详情: 所有字段校验通过
2026-02-27 00:01:55,961 - INFO - CaseID:1538 - QUERY字段：基础语义模糊匹配通过
2026-02-27 00:01:55,961 - INFO - CaseID:1538 - 整体结果: PASS | 详情: 所有字段校验通过
2026-02-27 00:01:57,948 - INFO - CaseID:1539 - QUERY字段：基础语义模糊匹配通过
2026-02-27 00:01:57,949 - INFO - CaseID:1539 - 整体结果: PASS | 详情: 所有字段校验通过
2026-02-27 00:02:00,108 - INFO - CaseID:1540 - QUERY字段：基础语义模糊匹配通过
2026-02-27 00:02:00,110 - INFO - CaseID:1540 - 整体结果: FAILED | 详情: APINAME不匹配：预期[visual_search]，实际[AUTOSearch]; CATEGORY不匹配：一方为空 - 预期[]，实际[汽车]; TAG不匹配：一方为空 - 预期[]，实际[这些&公仔]
2026-02-27 00:02:00,110 - INFO - CaseID:1541 - 整体结果: FAILED | 详情: 模型输出核心字段全为空，判定不通过
2026-02-27 00:02:01,952 - INFO - CaseID:1542 - QUERY字段：基础语义模糊匹配通过
2026-02-27 00:02:01,952 - INFO - CaseID:1542 - 整体结果: PASS | 详情: 所有字段校验通过
2026-02-27 00:02:01,953 - INFO - CaseID:1543 - 整体结果: FAILED | 详情: 模型输出核心字段全为空，判定不通过
2026-02-27 00:02:01,953 - INFO - CaseID:1544 - 整体结果: FAILED | 详情: 模型输出核心字段全为空，判定不通过
2026-02-27 00:02:05,792 - INFO - CaseID:1545 - QUERY字段：语义匹配失败，但visual_search链路意图匹配通过
2026-02-27 00:02:05,792 - INFO - CaseID:1545 - 整体结果: PASS | 详情: 所有字段校验通过
2026-02-27 00:02:10,311 - INFO - CaseID:1546 - QUERY字段：语义匹配失败，但visual_search链路意图匹配通过
2026-02-27 00:02:10,312 - INFO - CaseID:1546 - 整体结果: PASS | 详情: 所有字段校验通过
2026-02-27 00:02:10,312 - INFO - CaseID:1547 - 整体结果: FAILED | 详情: 模型输出核心字段全为空，判定不通过
2026-02-27 00:02:10,313 - INFO - CaseID:1548 - 整体结果: FAILED | 详情: 模型输出核心字段全为空，判定不通过
2026-02-27 00:02:12,359 - INFO - CaseID:1549 - 整体结果: FAILED | 详情: APINAME不匹配：预期[visual_search]，实际[skill_search]; QUERY不匹配：基础语义模糊匹配失败 - 预期[识别当前摄像头捕捉到的食物或物品]，实际[吃完这个需要刷牙么]
2026-02-27 00:02:12,360 - INFO - CaseID:1550 - 整体结果: FAILED | 详情: 模型输出核心字段全为空，判定不通过
2026-02-27 00:02:12,360 - INFO - CaseID:1551 - 整体结果: FAILED | 详情: 模型输出核心字段全为空，判定不通过
2026-02-27 00:02:12,361 - INFO - CaseID:1552 - 整体结果: FAILED | 详情: 模型输出核心字段全为空，判定不通过
2026-02-27 00:02:12,361 - INFO - CaseID:1553 - 整体结果: FAILED | 详情: 模型输出核心字段全为空，判定不通过
2026-02-27 00:02:16,697 - INFO - CaseID:1554 - QUERY字段：语义匹配失败，但visual_search链路意图匹配通过
2026-02-27 00:02:16,698 - INFO - CaseID:1554 - 整体结果: PASS | 详情: 所有字段校验通过
2026-02-27 00:02:16,698 - INFO - CaseID:1555 - CATEGORY字段：模型输出含「其他问答」，该字段通过
2026-02-27 00:02:18,582 - INFO - CaseID:1555 - 整体结果: FAILED | 详情: APINAME不匹配：预期[visual_search]，实际[QASearch]; QUERY不匹配：基础语义模糊匹配失败 - 预期[它和花生哪个好吃]，实际[它具体指什么食物]; TAG不匹配：一方为空 - 预期[]，实际[它&具体&指&食物]
2026-02-27 00:02:18,583 - INFO - CaseID:1556 - CATEGORY字段：模型输出含「其他问答」，该字段通过
2026-02-27 00:02:21,175 - INFO - CaseID:1556 - 整体结果: FAILED | 详情: APINAME不匹配：预期[visual_search]，实际[QASearch]; QUERY不匹配：基础语义模糊匹配失败 - 预期[这是什么品牌的方便面？]，实际[方便面消费者人群类型]; TAG不匹配：一方为空 - 预期[]，实际[方便面&消费者&人群类型]
2026-02-27 00:02:23,249 - INFO - CaseID:1557 - 整体结果: FAILED | 详情: APINAME不匹配：预期[visual_search]，实际[QASearch]; CATEGORY不匹配：一方为空 - 预期[]，实际[健康]; QUERY不匹配：基础语义模糊匹配失败 - 预期[用户展示的食物是什么？]，实际[贫血的常见原因]; TAG不匹配：一方为空 - 预期[]，实际[贫血&常见原因]
2026-02-27 00:02:23,250 - INFO - CaseID:1558 - 整体结果: FAILED | 详情: 模型输出核心字段全为空，判定不通过
2026-02-27 00:02:23,251 - INFO - CaseID:1559 - 整体结果: FAILED | 详情: 模型输出核心字段全为空，判定不通过
2026-02-27 00:02:25,423 - INFO - CaseID:1560 - QUERY字段：基础语义模糊匹配通过
2026-02-27 00:02:25,424 - INFO - CaseID:1560 - 整体结果: PASS | 详情: 所有字段校验通过
2026-02-27 00:02:29,154 - INFO - CaseID:1561 - QUERY字段：语义匹配失败，但visual_search链路意图匹配通过
2026-02-27 00:02:29,154 - INFO - CaseID:1561 - 整体结果: PASS | 详情: 所有字段校验通过
2026-02-27 00:02:29,154 - INFO - CaseID:1562 - 整体结果: FAILED | 详情: 模型输出核心字段全为空，判定不通过
2026-02-27 00:02:31,175 - INFO - CaseID:1563 - QUERY字段：基础语义模糊匹配通过
2026-02-27 00:02:31,175 - INFO - CaseID:1563 - 整体结果: PASS | 详情: 所有字段校验通过
2026-02-27 00:02:35,211 - INFO - CaseID:1564 - QUERY字段：语义匹配失败，但visual_search链路意图匹配通过
2026-02-27 00:02:35,212 - INFO - CaseID:1564 - 整体结果: PASS | 详情: 所有字段校验通过
2026-02-27 00:02:35,212 - INFO - CaseID:1565 - 整体结果: FAILED | 详情: 模型输出核心字段全为空，判定不通过
2026-02-27 00:02:35,213 - INFO - CaseID:1566 - 整体结果: FAILED | 详情: 模型输出核心字段全为空，判定不通过
2026-02-27 00:02:37,278 - INFO - CaseID:1567 - QUERY字段：基础语义模糊匹配通过
2026-02-27 00:02:37,279 - INFO - CaseID:1567 - 整体结果: PASS | 详情: 所有字段校验通过
2026-02-27 00:02:40,877 - INFO - CaseID:1568 - QUERY字段：语义匹配失败，但visual_search链路意图匹配通过
2026-02-27 00:02:40,878 - INFO - CaseID:1568 - 整体结果: PASS | 详情: 所有字段校验通过
2026-02-27 00:02:40,879 - INFO - CaseID:1569 - 整体结果: FAILED | 详情: 模型输出核心字段全为空，判定不通过
2026-02-27 00:02:42,869 - INFO - CaseID:1570 - QUERY字段：基础语义模糊匹配通过
2026-02-27 00:02:42,869 - INFO - CaseID:1570 - 整体结果: PASS | 详情: 所有字段校验通过
2026-02-27 00:02:42,869 - INFO - CaseID:1571 - 整体结果: FAILED | 详情: 模型输出核心字段全为空，判定不通过
2026-02-27 00:02:44,858 - INFO - CaseID:1572 - QUERY字段：基础语义模糊匹配通过
2026-02-27 00:02:44,858 - INFO - CaseID:1572 - 整体结果: PASS | 详情: 所有字段校验通过
2026-02-27 00:02:47,273 - INFO - CaseID:1573 - 整体结果: FAILED | 详情: APINAME不匹配：预期[visual_search]，实际[skill_search]; QUERY不匹配：基础语义模糊匹配失败 - 预期[这个可以泡的吃么]，实际[识别当前摄像头中的物品并判断是否可以泡水食用]
2026-02-27 00:02:49,506 - INFO - CaseID:1574 - QUERY字段：基础语义模糊匹配通过
2026-02-27 00:02:49,507 - INFO - CaseID:1574 - 整体结果: PASS | 详情: 所有字段校验通过
2026-02-27 00:02:51,514 - INFO - CaseID:1575 - QUERY字段：基础语义模糊匹配通过
2026-02-27 00:02:51,515 - INFO - CaseID:1575 - 整体结果: PASS | 详情: 所有字段校验通过
2026-02-27 00:02:55,814 - INFO - CaseID:1576 - QUERY字段：语义匹配失败，但visual_search链路意图匹配通过
2026-02-27 00:02:55,815 - INFO - CaseID:1576 - 整体结果: PASS | 详情: 所有字段校验通过
2026-02-27 00:02:59,880 - INFO - CaseID:1577 - QUERY字段：语义匹配失败，但visual_search链路意图匹配通过
2026-02-27 00:02:59,880 - INFO - CaseID:1577 - 整体结果: PASS | 详情: 所有字段校验通过
2026-02-27 00:02:59,881 - INFO - CaseID:1578 - 整体结果: FAILED | 详情: 模型输出核心字段全为空，判定不通过
2026-02-27 00:03:02,779 - INFO - CaseID:1579 - QUERY字段：基础语义模糊匹配通过
2026-02-27 00:03:02,781 - INFO - CaseID:1579 - 整体结果: PASS | 详情: 所有字段校验通过
2026-02-27 00:03:02,781 - INFO - CaseID:1580 - 整体结果: FAILED | 详情: 模型输出核心字段全为空，判定不通过
2026-02-27 00:03:06,951 - INFO - CaseID:1581 - QUERY字段：语义匹配失败，但visual_search链路意图匹配通过
2026-02-27 00:03:06,951 - INFO - CaseID:1581 - 整体结果: PASS | 详情: 所有字段校验通过
2026-02-27 00:03:08,925 - INFO - CaseID:1582 - QUERY字段：基础语义模糊匹配通过
2026-02-27 00:03:08,926 - INFO - CaseID:1582 - 整体结果: PASS | 详情: 所有字段校验通过
2026-02-27 00:03:12,494 - INFO - CaseID:1583 - QUERY字段：语义匹配失败，但visual_search链路意图匹配通过
2026-02-27 00:03:12,494 - INFO - CaseID:1583 - 整体结果: PASS | 详情: 所有字段校验通过
2026-02-27 00:03:14,280 - INFO - CaseID:1584 - 整体结果: FAILED | 详情: APINAME不匹配：预期[visual_search]，实际[AUTOSearch]; CATEGORY不匹配：一方为空 - 预期[]，实际[汽车]; QUERY不匹配：基础语义模糊匹配失败 - 预期[识别当前摄像头画面中的食物]，实际[开车时是否可以吃坚果]; TAG不匹配：一方为空 - 预期[]，实际[开车&吃坚果]
2026-02-27 00:03:16,807 - INFO - CaseID:1585 - QUERY字段：基础语义模糊匹配通过
2026-02-27 00:03:16,807 - INFO - CaseID:1585 - 整体结果: PASS | 详情: 所有字段校验通过
2026-02-27 00:03:18,754 - INFO - CaseID:1586 - QUERY字段：基础语义模糊匹配通过
2026-02-27 00:03:18,756 - INFO - CaseID:1586 - 整体结果: PASS | 详情: 所有字段校验通过
2026-02-27 00:03:18,756 - INFO - CaseID:1587 - 整体结果: FAILED | 详情: 模型输出核心字段全为空，判定不通过
2026-02-27 00:03:20,787 - INFO - CaseID:1588 - QUERY字段：基础语义模糊匹配通过
2026-02-27 00:03:20,787 - INFO - CaseID:1588 - 整体结果: PASS | 详情: 所有字段校验通过
2026-02-27 00:03:22,849 - INFO - CaseID:1589 - QUERY字段：基础语义模糊匹配通过
2026-02-27 00:03:22,850 - INFO - CaseID:1589 - 整体结果: PASS | 详情: 所有字段校验通过
2026-02-27 00:03:26,825 - INFO - CaseID:1590 - QUERY字段：语义匹配失败，但visual_search链路意图匹配通过
2026-02-27 00:03:26,826 - INFO - CaseID:1590 - 整体结果: PASS | 详情: 所有字段校验通过
2026-02-27 00:03:28,685 - INFO - CaseID:1591 - QUERY字段：基础语义模糊匹配通过
2026-02-27 00:03:28,686 - INFO - CaseID:1591 - 整体结果: PASS | 详情: 所有字段校验通过
2026-02-27 00:03:31,214 - INFO - CaseID:1592 - QUERY字段：基础语义模糊匹配通过
2026-02-27 00:03:31,215 - INFO - CaseID:1592 - 整体结果: PASS | 详情: 所有字段校验通过
2026-02-27 00:03:33,787 - INFO - CaseID:1593 - QUERY字段：基础语义模糊匹配通过
2026-02-27 00:03:33,787 - INFO - CaseID:1593 - 整体结果: PASS | 详情: 所有字段校验通过
2026-02-27 00:03:35,960 - INFO - CaseID:1594 - QUERY字段：基础语义模糊匹配通过
2026-02-27 00:03:35,961 - INFO - CaseID:1594 - 整体结果: PASS | 详情: 所有字段校验通过
2026-02-27 00:03:37,800 - INFO - CaseID:1595 - QUERY字段：基础语义模糊匹配通过
2026-02-27 00:03:37,801 - INFO - CaseID:1595 - 整体结果: PASS | 详情: 所有字段校验通过
2026-02-27 00:03:39,461 - INFO - CaseID:1596 - QUERY字段：基础语义模糊匹配通过
2026-02-27 00:03:39,461 - INFO - CaseID:1596 - 整体结果: PASS | 详情: 所有字段校验通过
2026-02-27 00:03:41,374 - INFO - CaseID:1597 - QUERY字段：基础语义模糊匹配通过
2026-02-27 00:03:41,374 - INFO - CaseID:1597 - 整体结果: PASS | 详情: 所有字段校验通过
2026-02-27 00:03:45,762 - INFO - CaseID:1598 - QUERY字段：语义匹配失败，但visual_search链路意图匹配通过
2026-02-27 00:03:45,763 - INFO - CaseID:1598 - 整体结果: PASS | 详情: 所有字段校验通过
2026-02-27 00:03:50,600 - INFO - CaseID:1599 - QUERY字段：语义匹配失败，但visual_search链路意图匹配通过
2026-02-27 00:03:50,600 - INFO - CaseID:1599 - 整体结果: PASS | 详情: 所有字段校验通过
2026-02-27 00:03:50,601 - INFO - 已处理1600行，休眠5秒降低压力...
2026-02-27 00:03:55,605 - INFO - CaseID:1600 - 整体结果: FAILED | 详情: 模型输出核心字段全为空，判定不通过
2026-02-27 00:03:55,606 - INFO - 已处理1600条用例，当前通过数：1034
2026-02-27 00:03:58,297 - INFO - CaseID:1601 - QUERY字段：语义匹配失败，但visual_search链路意图匹配通过
2026-02-27 00:03:58,298 - INFO - CaseID:1601 - 整体结果: PASS | 详情: 所有字段校验通过
2026-02-27 00:04:02,228 - INFO - CaseID:1602 - QUERY字段：语义匹配失败，但visual_search链路意图匹配通过
2026-02-27 00:04:02,229 - INFO - CaseID:1602 - 整体结果: PASS | 详情: 所有字段校验通过
2026-02-27 00:04:07,306 - INFO - CaseID:1603 - QUERY字段：语义匹配失败，但visual_search链路意图匹配通过
2026-02-27 00:04:07,306 - INFO - CaseID:1603 - 整体结果: PASS | 详情: 所有字段校验通过
2026-02-27 00:04:07,307 - INFO - CaseID:1604 - 整体结果: FAILED | 详情: 模型输出核心字段全为空，判定不通过
2026-02-27 00:04:09,253 - INFO - CaseID:1605 - QUERY字段：基础语义模糊匹配通过
2026-02-27 00:04:09,254 - INFO - CaseID:1605 - 整体结果: PASS | 详情: 所有字段校验通过
2026-02-27 00:04:09,254 - INFO - CaseID:1606 - 整体结果: FAILED | 详情: 模型输出核心字段全为空，判定不通过
2026-02-27 00:04:11,943 - INFO - CaseID:1607 - QUERY字段：基础语义模糊匹配通过
2026-02-27 00:04:11,944 - INFO - CaseID:1607 - 整体结果: PASS | 详情: 所有字段校验通过
2026-02-27 00:04:13,802 - INFO - CaseID:1608 - QUERY字段：基础语义模糊匹配通过
2026-02-27 00:04:13,802 - INFO - CaseID:1608 - 整体结果: PASS | 详情: 所有字段校验通过
2026-02-27 00:04:17,689 - INFO - CaseID:1609 - QUERY字段：语义匹配失败，但visual_search链路意图匹配通过
2026-02-27 00:04:17,689 - INFO - CaseID:1609 - 整体结果: PASS | 详情: 所有字段校验通过
2026-02-27 00:04:21,477 - INFO - CaseID:1610 - QUERY字段：语义匹配失败，但visual_search链路意图匹配通过
2026-02-27 00:04:21,478 - INFO - CaseID:1610 - 整体结果: PASS | 详情: 所有字段校验通过
2026-02-27 00:04:26,341 - INFO - CaseID:1611 - QUERY字段：语义匹配失败，但visual_search链路意图匹配通过
2026-02-27 00:04:26,342 - INFO - CaseID:1611 - 整体结果: PASS | 详情: 所有字段校验通过
2026-02-27 00:04:30,339 - INFO - CaseID:1612 - QUERY字段：语义匹配失败，但visual_search链路意图匹配通过
2026-02-27 00:04:30,339 - INFO - CaseID:1612 - 整体结果: PASS | 详情: 所有字段校验通过
2026-02-27 00:04:32,072 - INFO - CaseID:1613 - QUERY字段：基础语义模糊匹配通过
2026-02-27 00:04:32,073 - INFO - CaseID:1613 - 整体结果: PASS | 详情: 所有字段校验通过
2026-02-27 00:04:34,451 - INFO - CaseID:1614 - QUERY字段：基础语义模糊匹配通过
2026-02-27 00:04:34,451 - INFO - CaseID:1614 - 整体结果: FAILED | 详情: APINAME不匹配：预期[visual_search]，实际[skill_search]
2026-02-27 00:04:38,687 - INFO - CaseID:1615 - QUERY字段：语义匹配失败，但visual_search链路意图匹配通过
2026-02-27 00:04:38,688 - INFO - CaseID:1615 - 整体结果: PASS | 详情: 所有字段校验通过
2026-02-27 00:04:38,688 - INFO - CaseID:1616 - 整体结果: FAILED | 详情: 模型输出核心字段全为空，判定不通过
2026-02-27 00:04:40,624 - INFO - CaseID:1617 - QUERY字段：基础语义模糊匹配通过
2026-02-27 00:04:40,624 - INFO - CaseID:1617 - 整体结果: PASS | 详情: 所有字段校验通过
2026-02-27 00:04:42,623 - INFO - CaseID:1618 - QUERY字段：基础语义模糊匹配通过
2026-02-27 00:04:42,624 - INFO - CaseID:1618 - 整体结果: PASS | 详情: 所有字段校验通过
2026-02-27 00:04:46,716 - INFO - CaseID:1619 - QUERY字段：语义匹配失败，但visual_search链路意图匹配通过
2026-02-27 00:04:46,717 - INFO - CaseID:1619 - 整体结果: PASS | 详情: 所有字段校验通过
2026-02-27 00:04:50,620 - INFO - CaseID:1620 - QUERY字段：基础语义模糊匹配通过
2026-02-27 00:04:50,621 - INFO - CaseID:1620 - 整体结果: PASS | 详情: 所有字段校验通过
2026-02-27 00:04:55,164 - INFO - CaseID:1621 - QUERY字段：语义匹配失败，但visual_search链路意图匹配通过
2026-02-27 00:04:55,165 - INFO - CaseID:1621 - 整体结果: PASS | 详情: 所有字段校验通过
2026-02-27 00:04:57,096 - INFO - CaseID:1622 - QUERY字段：基础语义模糊匹配通过
2026-02-27 00:04:57,098 - INFO - CaseID:1622 - 整体结果: PASS | 详情: 所有字段校验通过
2026-02-27 00:05:00,644 - INFO - CaseID:1623 - QUERY字段：语义匹配失败，但visual_search链路意图匹配通过
2026-02-27 00:05:00,645 - INFO - CaseID:1623 - 整体结果: PASS | 详情: 所有字段校验通过
2026-02-27 00:05:03,136 - INFO - CaseID:1624 - QUERY字段：基础语义模糊匹配通过
2026-02-27 00:05:03,136 - INFO - CaseID:1624 - 整体结果: PASS | 详情: 所有字段校验通过
2026-02-27 00:05:05,086 - INFO - CaseID:1625 - QUERY字段：基础语义模糊匹配通过
2026-02-27 00:05:05,086 - INFO - CaseID:1625 - 整体结果: PASS | 详情: 所有字段校验通过
2026-02-27 00:05:07,036 - INFO - CaseID:1626 - QUERY字段：基础语义模糊匹配通过
2026-02-27 00:05:07,036 - INFO - CaseID:1626 - 整体结果: PASS | 详情: 所有字段校验通过
2026-02-27 00:05:10,395 - INFO - CaseID:1627 - QUERY字段：基础语义模糊匹配通过
2026-02-27 00:05:10,396 - INFO - CaseID:1627 - 整体结果: PASS | 详情: 所有字段校验通过
2026-02-27 00:05:12,304 - INFO - CaseID:1628 - QUERY字段：基础语义模糊匹配通过
2026-02-27 00:05:12,304 - INFO - CaseID:1628 - 整体结果: PASS | 详情: 所有字段校验通过
2026-02-27 00:05:16,329 - INFO - CaseID:1629 - QUERY字段：语义匹配失败，但visual_search链路意图匹配通过
2026-02-27 00:05:16,329 - INFO - CaseID:1629 - 整体结果: PASS | 详情: 所有字段校验通过
2026-02-27 00:05:16,330 - INFO - CaseID:1630 - 整体结果: FAILED | 详情: 模型输出核心字段全为空，判定不通过
2026-02-27 00:05:18,862 - INFO - CaseID:1631 - QUERY字段：基础语义模糊匹配通过
2026-02-27 00:05:18,863 - INFO - CaseID:1631 - 整体结果: PASS | 详情: 所有字段校验通过
2026-02-27 00:05:20,816 - INFO - CaseID:1632 - QUERY字段：基础语义模糊匹配通过
2026-02-27 00:05:20,816 - INFO - CaseID:1632 - 整体结果: PASS | 详情: 所有字段校验通过
2026-02-27 00:05:25,387 - INFO - CaseID:1633 - QUERY字段：语义匹配失败，但visual_search链路意图匹配通过
2026-02-27 00:05:25,387 - INFO - CaseID:1633 - 整体结果: PASS | 详情: 所有字段校验通过
2026-02-27 00:05:27,391 - INFO - CaseID:1634 - QUERY字段：基础语义模糊匹配通过
2026-02-27 00:05:27,392 - INFO - CaseID:1634 - 整体结果: PASS | 详情: 所有字段校验通过
2026-02-27 00:05:29,123 - INFO - CaseID:1635 - QUERY字段：基础语义模糊匹配通过
2026-02-27 00:05:29,123 - INFO - CaseID:1635 - 整体结果: PASS | 详情: 所有字段校验通过
2026-02-27 00:05:31,951 - INFO - CaseID:1636 - QUERY字段：基础语义模糊匹配通过
2026-02-27 00:05:31,952 - INFO - CaseID:1636 - 整体结果: PASS | 详情: 所有字段校验通过
2026-02-27 00:05:31,952 - INFO - CaseID:1637 - 整体结果: FAILED | 详情: 模型输出核心字段全为空，判定不通过
2026-02-27 00:05:33,760 - INFO - CaseID:1638 - QUERY字段：基础语义模糊匹配通过
2026-02-27 00:05:33,761 - INFO - CaseID:1638 - 整体结果: PASS | 详情: 所有字段校验通过
2026-02-27 00:05:36,128 - INFO - CaseID:1639 - QUERY字段：基础语义模糊匹配通过
2026-02-27 00:05:36,129 - INFO - CaseID:1639 - 整体结果: PASS | 详情: 所有字段校验通过
2026-02-27 00:05:38,124 - INFO - CaseID:1640 - QUERY字段：基础语义模糊匹配通过
2026-02-27 00:05:38,125 - INFO - CaseID:1640 - 整体结果: PASS | 详情: 所有字段校验通过
2026-02-27 00:05:40,114 - INFO - CaseID:1641 - QUERY字段：基础语义模糊匹配通过
2026-02-27 00:05:40,115 - INFO - CaseID:1641 - 整体结果: PASS | 详情: 所有字段校验通过
2026-02-27 00:05:42,238 - INFO - CaseID:1642 - QUERY字段：基础语义模糊匹配通过
2026-02-27 00:05:42,238 - INFO - CaseID:1642 - 整体结果: PASS | 详情: 所有字段校验通过
2026-02-27 00:05:44,228 - INFO - CaseID:1643 - QUERY字段：基础语义模糊匹配通过
2026-02-27 00:05:44,229 - INFO - CaseID:1643 - 整体结果: PASS | 详情: 所有字段校验通过
2026-02-27 00:05:46,234 - INFO - CaseID:1644 - QUERY字段：基础语义模糊匹配通过
2026-02-27 00:05:46,234 - INFO - CaseID:1644 - 整体结果: PASS | 详情: 所有字段校验通过
2026-02-27 00:05:46,234 - INFO - CaseID:1645 - 整体结果: FAILED | 详情: 模型输出核心字段全为空，判定不通过
2026-02-27 00:05:46,235 - INFO - CaseID:1646 - 整体结果: FAILED | 详情: 模型输出核心字段全为空，判定不通过
2026-02-27 00:05:46,235 - INFO - CaseID:1647 - 整体结果: FAILED | 详情: 模型输出核心字段全为空，判定不通过
2026-02-27 00:05:48,573 - INFO - CaseID:1648 - QUERY字段：基础语义模糊匹配通过
2026-02-27 00:05:48,574 - INFO - CaseID:1648 - 整体结果: PASS | 详情: 所有字段校验通过
2026-02-27 00:05:48,575 - INFO - CaseID:1649 - 整体结果: FAILED | 详情: 模型输出核心字段全为空，判定不通过
2026-02-27 00:05:50,578 - INFO - CaseID:1650 - 整体结果: FAILED | 详情: APINAME不匹配：预期[visual_search]，实际[QASearch]; CATEGORY不匹配：一方为空 - 预期[]，实际[健康]; QUERY不匹配：基础语义模糊匹配失败 - 预期[他拄拐杖合适吗]，实际[拄拐杖的适用情况]; TAG不匹配：一方为空 - 预期[]，实际[拄拐杖&适用情况]
2026-02-27 00:05:50,579 - INFO - CaseID:1651 - 整体结果: FAILED | 详情: 模型输出核心字段全为空，判定不通过
2026-02-27 00:05:52,679 - INFO - CaseID:1652 - QUERY字段：基础语义模糊匹配通过
2026-02-27 00:05:52,680 - INFO - CaseID:1652 - 整体结果: FAILED | 详情: APINAME不匹配：预期[visual_search]，实际[QASearch]; CATEGORY不匹配：一方为空 - 预期[]，实际[健康]; TAG不匹配：一方为空 - 预期[]，实际[拄拐杖&适用人群]
2026-02-27 00:05:52,681 - INFO - CaseID:1653 - 整体结果: FAILED | 详情: 模型输出核心字段全为空，判定不通过
2026-02-27 00:05:52,681 - INFO - CaseID:1654 - 整体结果: FAILED | 详情: 模型输出核心字段全为空，判定不通过
2026-02-27 00:05:52,682 - INFO - CaseID:1655 - 整体结果: FAILED | 详情: 模型输出核心字段全为空，判定不通过
2026-02-27 00:05:52,682 - INFO - CaseID:1656 - 整体结果: FAILED | 详情: 模型输出核心字段全为空，判定不通过
2026-02-27 00:05:56,640 - INFO - CaseID:1657 - QUERY字段：语义匹配失败，但visual_search链路意图匹配通过
2026-02-27 00:05:56,640 - INFO - CaseID:1657 - 整体结果: PASS | 详情: 所有字段校验通过
2026-02-27 00:05:56,641 - INFO - CaseID:1658 - 整体结果: FAILED | 详情: 模型输出核心字段全为空，判定不通过
2026-02-27 00:06:00,302 - INFO - CaseID:1659 - QUERY字段：语义匹配失败，但visual_search链路意图匹配通过
2026-02-27 00:06:00,303 - INFO - CaseID:1659 - 整体结果: PASS | 详情: 所有字段校验通过
2026-02-27 00:06:00,304 - INFO - CaseID:1660 - 整体结果: FAILED | 详情: 模型输出核心字段全为空，判定不通过
2026-02-27 00:06:00,304 - INFO - CaseID:1661 - 整体结果: FAILED | 详情: 模型输出核心字段全为空，判定不通过
2026-02-27 00:06:00,305 - INFO - CaseID:1662 - 整体结果: FAILED | 详情: 模型输出核心字段全为空，判定不通过
2026-02-27 00:06:00,305 - INFO - CaseID:1663 - 整体结果: FAILED | 详情: APINAME不匹配：预期[visual_search]，实际[weather_query_index]; QUERY不匹配：基础语义模糊匹配失败 - 预期[这衣服下雨天穿怎么样]，实际[]
2026-02-27 00:06:02,308 - INFO - CaseID:1664 - QUERY字段：基础语义模糊匹配通过
2026-02-27 00:06:02,309 - INFO - CaseID:1664 - 整体结果: PASS | 详情: 所有字段校验通过
2026-02-27 00:06:06,333 - INFO - CaseID:1665 - QUERY字段：语义匹配失败，但visual_search链路意图匹配通过
2026-02-27 00:06:06,334 - INFO - CaseID:1665 - 整体结果: PASS | 详情: 所有字段校验通过
2026-02-27 00:06:08,320 - INFO - CaseID:1666 - QUERY字段：基础语义模糊匹配通过
2026-02-27 00:06:08,321 - INFO - CaseID:1666 - 整体结果: PASS | 详情: 所有字段校验通过
2026-02-27 00:06:08,321 - INFO - CaseID:1667 - 整体结果: FAILED | 详情: 模型输出核心字段全为空，判定不通过
2026-02-27 00:06:10,334 - INFO - CaseID:1668 - QUERY字段：基础语义模糊匹配通过
2026-02-27 00:06:10,335 - INFO - CaseID:1668 - 整体结果: PASS | 详情: 所有字段校验通过
2026-02-27 00:06:14,105 - INFO - CaseID:1669 - QUERY字段：语义匹配失败，但visual_search链路意图匹配通过
2026-02-27 00:06:14,108 - INFO - CaseID:1669 - 整体结果: PASS | 详情: 所有字段校验通过
2026-02-27 00:06:15,938 - INFO - CaseID:1670 - QUERY字段：基础语义模糊匹配通过
2026-02-27 00:06:15,939 - INFO - CaseID:1670 - 整体结果: FAILED | 详情: APINAME不匹配：预期[visual_search]，实际[worthbuy]; CATEGORY不匹配：一方为空 - 预期[]，实际[商品推荐]; TAG不匹配：一方为空 - 预期[]，实际[外套&保暖&防风&性能指标]
2026-02-27 00:06:17,974 - INFO - CaseID:1671 - QUERY字段：基础语义模糊匹配通过
2026-02-27 00:06:17,974 - INFO - CaseID:1671 - 整体结果: PASS | 详情: 所有字段校验通过
2026-02-27 00:06:19,907 - INFO - CaseID:1672 - QUERY字段：基础语义模糊匹配通过
2026-02-27 00:06:19,908 - INFO - CaseID:1672 - 整体结果: PASS | 详情: 所有字段校验通过
2026-02-27 00:06:22,956 - INFO - CaseID:1673 - QUERY字段：基础语义模糊匹配通过
2026-02-27 00:06:22,956 - INFO - CaseID:1673 - 整体结果: PASS | 详情: 所有字段校验通过
2026-02-27 00:06:26,596 - INFO - CaseID:1674 - QUERY字段：语义匹配失败，但visual_search链路意图匹配通过
2026-02-27 00:06:26,596 - INFO - CaseID:1674 - 整体结果: PASS | 详情: 所有字段校验通过
2026-02-27 00:06:28,608 - INFO - CaseID:1675 - 整体结果: FAILED | 详情: APINAME不匹配：预期[visual_search]，实际[QASearch]; CATEGORY不匹配：一方为空 - 预期[]，实际[公司]; QUERY不匹配：基础语义模糊匹配失败 - 预期[这个衣服是骆驼的吗]，实际[骆驼品牌衣服的标识特征]; TAG不匹配：一方为空 - 预期[]，实际[骆驼品牌&衣服&标识&特征]
2026-02-27 00:06:30,906 - INFO - CaseID:1676 - QUERY字段：基础语义模糊匹配通过
2026-02-27 00:06:30,907 - INFO - CaseID:1676 - 整体结果: PASS | 详情: 所有字段校验通过
2026-02-27 00:06:32,876 - INFO - CaseID:1677 - QUERY字段：基础语义模糊匹配通过
2026-02-27 00:06:32,876 - INFO - CaseID:1677 - 整体结果: PASS | 详情: 所有字段校验通过
2026-02-27 00:06:34,744 - INFO - CaseID:1678 - QUERY字段：基础语义模糊匹配通过
2026-02-27 00:06:34,745 - INFO - CaseID:1678 - 整体结果: PASS | 详情: 所有字段校验通过
2026-02-27 00:06:37,004 - INFO - CaseID:1679 - QUERY字段：基础语义模糊匹配通过
2026-02-27 00:06:37,004 - INFO - CaseID:1679 - 整体结果: PASS | 详情: 所有字段校验通过
2026-02-27 00:06:38,948 - INFO - CaseID:1680 - QUERY字段：基础语义模糊匹配通过
2026-02-27 00:06:38,949 - INFO - CaseID:1680 - 整体结果: PASS | 详情: 所有字段校验通过
2026-02-27 00:06:43,209 - INFO - CaseID:1681 - QUERY字段：语义匹配失败，但visual_search链路意图匹配通过
2026-02-27 00:06:43,210 - INFO - CaseID:1681 - 整体结果: PASS | 详情: 所有字段校验通过
2026-02-27 00:06:45,217 - INFO - CaseID:1682 - QUERY字段：基础语义模糊匹配通过
2026-02-27 00:06:45,219 - INFO - CaseID:1682 - 整体结果: PASS | 详情: 所有字段校验通过
2026-02-27 00:06:47,345 - INFO - CaseID:1683 - QUERY字段：基础语义模糊匹配通过
2026-02-27 00:06:47,346 - INFO - CaseID:1683 - 整体结果: PASS | 详情: 所有字段校验通过
2026-02-27 00:06:49,305 - INFO - CaseID:1684 - QUERY字段：基础语义模糊匹配通过
2026-02-27 00:06:49,305 - INFO - CaseID:1684 - 整体结果: PASS | 详情: 所有字段校验通过
2026-02-27 00:06:51,341 - INFO - CaseID:1685 - QUERY字段：基础语义模糊匹配通过
2026-02-27 00:06:51,342 - INFO - CaseID:1685 - 整体结果: PASS | 详情: 所有字段校验通过
2026-02-27 00:06:53,243 - INFO - CaseID:1686 - QUERY字段：基础语义模糊匹配通过
2026-02-27 00:06:53,244 - INFO - CaseID:1686 - 整体结果: PASS | 详情: 所有字段校验通过
2026-02-27 00:06:57,363 - INFO - CaseID:1687 - QUERY字段：语义匹配失败，但visual_search链路意图匹配通过
2026-02-27 00:06:57,364 - INFO - CaseID:1687 - 整体结果: PASS | 详情: 所有字段校验通过
2026-02-27 00:06:59,152 - INFO - CaseID:1688 - QUERY字段：基础语义模糊匹配通过
2026-02-27 00:06:59,152 - INFO - CaseID:1688 - 整体结果: FAILED | 详情: APINAME不匹配：预期[visual_search]，实际[worthbuy]; CATEGORY不匹配：一方为空 - 预期[]，实际[商品推荐]; TAG不匹配：一方为空 - 预期[]，实际[对勾标志&短袖衣服&品牌]
2026-02-27 00:07:01,961 - INFO - CaseID:1689 - QUERY字段：基础语义模糊匹配通过
2026-02-27 00:07:01,962 - INFO - CaseID:1689 - 整体结果: PASS | 详情: 所有字段校验通过
2026-02-27 00:07:03,937 - INFO - CaseID:1690 - QUERY字段：基础语义模糊匹配通过
2026-02-27 00:07:03,938 - INFO - CaseID:1690 - 整体结果: PASS | 详情: 所有字段校验通过
2026-02-27 00:07:05,986 - INFO - CaseID:1691 - 整体结果: FAILED | 详情: APINAME不匹配：预期[visual_search]，实际[skill_search]; QUERY不匹配：基础语义模糊匹配失败 - 预期[这个衣服搭配黑色裤子好看吗]，实际[这件衣服的款式颜色和风格是什么]
2026-02-27 00:07:09,608 - INFO - CaseID:1692 - QUERY字段：语义匹配失败，但visual_search链路意图匹配通过
2026-02-27 00:07:09,609 - INFO - CaseID:1692 - 整体结果: PASS | 详情: 所有字段校验通过
2026-02-27 00:07:13,359 - INFO - CaseID:1693 - QUERY字段：语义匹配失败，但visual_search链路意图匹配通过
2026-02-27 00:07:13,360 - INFO - CaseID:1693 - 整体结果: PASS | 详情: 所有字段校验通过
2026-02-27 00:07:15,331 - INFO - CaseID:1694 - QUERY字段：基础语义模糊匹配通过
2026-02-27 00:07:15,331 - INFO - CaseID:1694 - 整体结果: PASS | 详情: 所有字段校验通过
2026-02-27 00:07:17,177 - INFO - CaseID:1695 - QUERY字段：基础语义模糊匹配通过
2026-02-27 00:07:17,178 - INFO - CaseID:1695 - 整体结果: PASS | 详情: 所有字段校验通过
2026-02-27 00:07:17,178 - INFO - CaseID:1696 - 整体结果: FAILED | 详情: 模型输出核心字段全为空，判定不通过
2026-02-27 00:07:21,161 - INFO - CaseID:1697 - QUERY字段：语义匹配失败，但visual_search链路意图匹配通过
2026-02-27 00:07:21,162 - INFO - CaseID:1697 - 整体结果: PASS | 详情: 所有字段校验通过
2026-02-27 00:07:21,163 - INFO - CaseID:1698 - CATEGORY字段：模型输出含「其他问答」，该字段通过
2026-02-27 00:07:23,150 - INFO - CaseID:1698 - 整体结果: FAILED | 详情: APINAME不匹配：预期[visual_search]，实际[QASearch]; QUERY不匹配：基础语义模糊匹配失败 - 预期[当前摄像头捕捉到的物品或服装是什么？]，实际[运动风穿搭的特点]; TAG不匹配：一方为空 - 预期[]，实际[运动风穿搭&特点]
2026-02-27 00:07:25,267 - INFO - CaseID:1699 - QUERY字段：基础语义模糊匹配通过
2026-02-27 00:07:25,267 - INFO - CaseID:1699 - 整体结果: PASS | 详情: 所有字段校验通过
2026-02-27 00:07:25,268 - INFO - 已处理1700行，休眠5秒降低压力...
2026-02-27 00:07:31,278 - INFO - CaseID:1700 - 整体结果: FAILED | 详情: APINAME不匹配：预期[visual_search]，实际[worthbuy]; CATEGORY不匹配：一方为空 - 预期[]，实际[商品查询-确定商品]; QUERY不匹配：基础语义模糊匹配失败 - 预期[我穿这个裤子去打高尔夫球合适吗]，实际[高尔夫裤的材质和设计特点]; TAG不匹配：一方为空 - 预期[]，实际[高尔夫裤&材质&设计特点]
2026-02-27 00:07:33,326 - INFO - CaseID:1701 - QUERY字段：基础语义模糊匹配通过
2026-02-27 00:07:33,326 - INFO - CaseID:1701 - 整体结果: PASS | 详情: 所有字段校验通过
2026-02-27 00:07:38,854 - INFO - CaseID:1702 - QUERY字段：语义匹配失败，但visual_search链路意图匹配通过
2026-02-27 00:07:38,855 - INFO - CaseID:1702 - 整体结果: PASS | 详情: 所有字段校验通过
2026-02-27 00:07:40,738 - INFO - CaseID:1703 - QUERY字段：基础语义模糊匹配通过
2026-02-27 00:07:40,739 - INFO - CaseID:1703 - 整体结果: PASS | 详情: 所有字段校验通过
2026-02-27 00:07:40,739 - INFO - CaseID:1704 - CATEGORY字段：模型输出含「其他问答」，该字段通过
2026-02-27 00:07:42,437 - INFO - CaseID:1704 - QUERY字段：基础语义模糊匹配通过
2026-02-27 00:07:42,437 - INFO - CaseID:1704 - 整体结果: FAILED | 详情: APINAME不匹配：预期[visual_search]，实际[QASearch]; TAG不匹配：一方为空 - 预期[]，实际[跑步时穿裤子&舒适度]
2026-02-27 00:07:44,438 - INFO - CaseID:1705 - 整体结果: FAILED | 详情: APINAME不匹配：预期[visual_search]，实际[worthbuy]; CATEGORY不匹配：一方为空 - 预期[]，实际[商品推荐]; QUERY不匹配：基础语义模糊匹配失败 - 预期[识别当前摄像头画面中的物品]，实际[当前流行趋势中哪些物品适合运动风穿搭]; TAG不匹配：一方为空 - 预期[]，实际[当前流行趋势&适合运动风穿搭&物品]
2026-02-27 00:07:46,862 - INFO - CaseID:1706 - QUERY字段：基础语义模糊匹配通过
2026-02-27 00:07:46,863 - INFO - CaseID:1706 - 整体结果: PASS | 详情: 所有字段校验通过
2026-02-27 00:07:46,863 - INFO - CaseID:1707 - CATEGORY字段：模型输出含「其他问答」，该字段通过
2026-02-27 00:07:49,255 - INFO - CaseID:1707 - 整体结果: FAILED | 详情: APINAME不匹配：预期[visual_search]，实际[QASearch]; QUERY不匹配：基础语义模糊匹配失败 - 预期[我穿这个衣服参加演讲和合适吧]，实际[演讲场合的着装要求]; TAG不匹配：一方为空 - 预期[]，实际[演讲场合&着装要求]
2026-02-27 00:07:49,256 - INFO - CaseID:1708 - 整体结果: FAILED | 详情: 模型输出核心字段全为空，判定不通过
2026-02-27 00:07:51,157 - INFO - CaseID:1709 - QUERY字段：基础语义模糊匹配通过
2026-02-27 00:07:51,158 - INFO - CaseID:1709 - 整体结果: PASS | 详情: 所有字段校验通过
2026-02-27 00:07:53,192 - INFO - CaseID:1710 - QUERY字段：基础语义模糊匹配通过
2026-02-27 00:07:53,193 - INFO - CaseID:1710 - 整体结果: FAILED | 详情: APINAME不匹配：预期[visual_search]，实际[worthbuy]; CATEGORY不匹配：一方为空 - 预期[]，实际[商品推荐]; TAG不匹配：一方为空 - 预期[]，实际[白色衣服&适合搭配&外套类型]
2026-02-27 00:07:55,267 - INFO - CaseID:1711 - QUERY字段：基础语义模糊匹配通过
2026-02-27 00:07:55,267 - INFO - CaseID:1711 - 整体结果: PASS | 详情: 所有字段校验通过
2026-02-27 00:07:58,814 - INFO - CaseID:1712 - QUERY字段：语义匹配失败，但visual_search链路意图匹配通过
2026-02-27 00:07:58,815 - INFO - CaseID:1712 - 整体结果: PASS | 详情: 所有字段校验通过
2026-02-27 00:08:00,578 - INFO - CaseID:1713 - QUERY字段：基础语义模糊匹配通过
2026-02-27 00:08:00,579 - INFO - CaseID:1713 - 整体结果: PASS | 详情: 所有字段校验通过
2026-02-27 00:08:02,498 - INFO - CaseID:1714 - QUERY字段：基础语义模糊匹配通过
2026-02-27 00:08:02,499 - INFO - CaseID:1714 - 整体结果: PASS | 详情: 所有字段校验通过
2026-02-27 00:08:04,498 - INFO - CaseID:1715 - 整体结果: FAILED | 详情: APINAME不匹配：预期[visual_search]，实际[QASearch]; CATEGORY不匹配：一方为空 - 预期[]，实际[公司]; QUERY不匹配：基础语义模糊匹配失败 - 预期[这双帅气的皮鞋是prada的吗]，实际[Prada皮鞋的官方标识]; TAG不匹配：一方为空 - 预期[]，实际[Prada皮鞋&官方标识]
2026-02-27 00:08:06,607 - INFO - CaseID:1716 - QUERY字段：基础语义模糊匹配通过
2026-02-27 00:08:06,608 - INFO - CaseID:1716 - 整体结果: PASS | 详情: 所有字段校验通过
2026-02-27 00:08:08,483 - INFO - CaseID:1717 - QUERY字段：基础语义模糊匹配通过
2026-02-27 00:08:08,483 - INFO - CaseID:1717 - 整体结果: PASS | 详情: 所有字段校验通过
2026-02-27 00:08:08,484 - INFO - CaseID:1718 - 整体结果: FAILED | 详情: 模型输出核心字段全为空，判定不通过
2026-02-27 00:08:08,484 - INFO - CaseID:1719 - CATEGORY字段：模型输出含「其他问答」，该字段通过
2026-02-27 00:08:10,174 - INFO - CaseID:1719 - 整体结果: FAILED | 详情: APINAME不匹配：预期[visual_search]，实际[QASearch]; QUERY不匹配：基础语义模糊匹配失败 - 预期[他为什么适合休闲风格穿]，实际[休闲风格穿搭的特点]; TAG不匹配：一方为空 - 预期[]，实际[休闲风格穿搭&特点]
2026-02-27 00:08:12,239 - INFO - CaseID:1720 - QUERY字段：基础语义模糊匹配通过
2026-02-27 00:08:12,240 - INFO - CaseID:1720 - 整体结果: PASS | 详情: 所有字段校验通过
2026-02-27 00:08:14,025 - INFO - CaseID:1721 - QUERY字段：基础语义模糊匹配通过
2026-02-27 00:08:14,026 - INFO - CaseID:1721 - 整体结果: FAILED | 详情: APINAME不匹配：预期[visual_search]，实际[worthbuy]; CATEGORY不匹配：一方为空 - 预期[]，实际[商品查询-确定商品]; TAG不匹配：一方为空 - 预期[]，实际[匡威&经典白色帆布鞋&特征]
2026-02-27 00:08:18,592 - INFO - CaseID:1722 - QUERY字段：语义匹配失败，但visual_search链路意图匹配通过
2026-02-27 00:08:18,592 - INFO - CaseID:1722 - 整体结果: PASS | 详情: 所有字段校验通过
2026-02-27 00:08:22,540 - INFO - CaseID:1723 - QUERY字段：语义匹配失败，但visual_search链路意图匹配通过
2026-02-27 00:08:22,540 - INFO - CaseID:1723 - 整体结果: PASS | 详情: 所有字段校验通过
2026-02-27 00:08:26,518 - INFO - CaseID:1724 - QUERY字段：语义匹配失败，但visual_search链路意图匹配通过
2026-02-27 00:08:26,519 - INFO - CaseID:1724 - 整体结果: PASS | 详情: 所有字段校验通过
2026-02-27 00:08:28,522 - INFO - CaseID:1725 - QUERY字段：基础语义模糊匹配通过
2026-02-27 00:08:28,523 - INFO - CaseID:1725 - 整体结果: PASS | 详情: 所有字段校验通过
2026-02-27 00:08:30,671 - INFO - CaseID:1726 - QUERY字段：基础语义模糊匹配通过
2026-02-27 00:08:30,672 - INFO - CaseID:1726 - 整体结果: PASS | 详情: 所有字段校验通过
2026-02-27 00:08:34,459 - INFO - CaseID:1727 - QUERY字段：语义匹配失败，但visual_search链路意图匹配通过
2026-02-27 00:08:34,460 - INFO - CaseID:1727 - 整体结果: PASS | 详情: 所有字段校验通过
2026-02-27 00:08:36,409 - INFO - CaseID:1728 - QUERY字段：基础语义模糊匹配通过
2026-02-27 00:08:36,409 - INFO - CaseID:1728 - 整体结果: PASS | 详情: 所有字段校验通过
2026-02-27 00:08:38,184 - INFO - CaseID:1729 - QUERY字段：基础语义模糊匹配通过
2026-02-27 00:08:38,185 - INFO - CaseID:1729 - 整体结果: PASS | 详情: 所有字段校验通过
2026-02-27 00:08:38,185 - INFO - CaseID:1730 - CATEGORY字段：模型输出含「其他问答」，该字段通过
2026-02-27 00:08:40,098 - INFO - CaseID:1730 - 整体结果: FAILED | 详情: APINAME不匹配：预期[visual_search]，实际[QASearch]; QUERY不匹配：基础语义模糊匹配失败 - 预期[这双鞋的品牌是回力吗]，实际[回力鞋的品牌标识特征]; TAG不匹配：一方为空 - 预期[]，实际[回力鞋&品牌标识&特征]
2026-02-27 00:08:41,998 - INFO - CaseID:1731 - QUERY字段：基础语义模糊匹配通过
2026-02-27 00:08:41,999 - INFO - CaseID:1731 - 整体结果: PASS | 详情: 所有字段校验通过
2026-02-27 00:08:44,304 - INFO - CaseID:1732 - 整体结果: FAILED | 详情: APINAME不匹配：预期[visual_search]，实际[QASearch]; CATEGORY不匹配：一方为空 - 预期[]，实际[活动]; QUERY不匹配：基础语义模糊匹配失败 - 预期[这鞋适合演讲会穿不]，实际[演讲会的着装要求]; TAG不匹配：一方为空 - 预期[]，实际[演讲会&着装要求]
2026-02-27 00:08:46,237 - INFO - CaseID:1733 - QUERY字段：基础语义模糊匹配通过
2026-02-27 00:08:46,237 - INFO - CaseID:1733 - 整体结果: PASS | 详情: 所有字段校验通过
2026-02-27 00:08:46,237 - INFO - CaseID:1734 - 整体结果: FAILED | 详情: 模型输出核心字段全为空，判定不通过
2026-02-27 00:08:48,287 - INFO - CaseID:1735 - 整体结果: FAILED | 详情: APINAME不匹配：预期[visual_search]，实际[QASearch]; CATEGORY不匹配：一方为空 - 预期[]，实际[公司]; QUERY不匹配：基础语义模糊匹配失败 - 预期[我手里的这个鞋是回力还是耐克]，实际[耐克鞋的标志和特征]; TAG不匹配：一方为空 - 预期[]，实际[耐克鞋&标志&特征]
2026-02-27 00:08:52,018 - INFO - CaseID:1736 - QUERY字段：语义匹配失败，但visual_search链路意图匹配通过
2026-02-27 00:08:52,019 - INFO - CaseID:1736 - 整体结果: PASS | 详情: 所有字段校验通过
2026-02-27 00:08:53,978 - INFO - CaseID:1737 - QUERY字段：基础语义模糊匹配通过
2026-02-27 00:08:53,978 - INFO - CaseID:1737 - 整体结果: PASS | 详情: 所有字段校验通过
2026-02-27 00:08:55,758 - INFO - CaseID:1738 - QUERY字段：基础语义模糊匹配通过
2026-02-27 00:08:55,759 - INFO - CaseID:1738 - 整体结果: PASS | 详情: 所有字段校验通过
2026-02-27 00:08:57,811 - INFO - CaseID:1739 - 整体结果: FAILED | 详情: APINAME不匹配：预期[visual_search]，实际[skill_search]; QUERY不匹配：基础语义模糊匹配失败 - 预期[识别当前鞋子的款式、颜色和风格]，实际[这双鞋的款式和颜色是什么]
2026-02-27 00:08:59,692 - INFO - CaseID:1740 - QUERY字段：基础语义模糊匹配通过
2026-02-27 00:08:59,694 - INFO - CaseID:1740 - 整体结果: PASS | 详情: 所有字段校验通过
2026-02-27 00:08:59,694 - INFO - CaseID:1741 - CATEGORY字段：模型输出含「其他问答」，该字段通过
2026-02-27 00:09:01,636 - INFO - CaseID:1741 - 整体结果: FAILED | 详情: APINAME不匹配：预期[visual_search]，实际[QASearch]; QUERY不匹配：基础语义模糊匹配失败 - 预期[识别当前图片中的服装或装备，并判断是否适合跑步]，实际[跑步的运动服装要求]; TAG不匹配：一方为空 - 预期[]，实际[跑步&运动服装&要求]
2026-02-27 00:09:05,529 - INFO - CaseID:1742 - QUERY字段：语义匹配失败，但visual_search链路意图匹配通过
2026-02-27 00:09:05,529 - INFO - CaseID:1742 - 整体结果: PASS | 详情: 所有字段校验通过
2026-02-27 00:09:07,497 - INFO - CaseID:1743 - 整体结果: FAILED | 详情: APINAME不匹配：预期[visual_search]，实际[worthbuy]; CATEGORY不匹配：一方为空 - 预期[]，实际[商品推荐]; QUERY不匹配：基础语义模糊匹配失败 - 预期[这鞋适合休闲风格吗]，实际[休闲风格的鞋子特点]; TAG不匹配：一方为空 - 预期[]，实际[休闲风格&鞋子&特点]
2026-02-27 00:09:11,751 - INFO - CaseID:1744 - QUERY字段：语义匹配失败，但visual_search链路意图匹配通过
2026-02-27 00:09:11,751 - INFO - CaseID:1744 - 整体结果: PASS | 详情: 所有字段校验通过
2026-02-27 00:09:11,752 - INFO - CaseID:1745 - 整体结果: FAILED | 详情: 模型输出核心字段全为空，判定不通过
2026-02-27 00:09:11,752 - INFO - CaseID:1746 - 整体结果: FAILED | 详情: 模型输出核心字段全为空，判定不通过
2026-02-27 00:09:13,677 - INFO - CaseID:1747 - QUERY字段：基础语义模糊匹配通过
2026-02-27 00:09:13,677 - INFO - CaseID:1747 - 整体结果: PASS | 详情: 所有字段校验通过
2026-02-27 00:09:16,738 - INFO - CaseID:1748 - QUERY字段：基础语义模糊匹配通过
2026-02-27 00:09:16,738 - INFO - CaseID:1748 - 整体结果: PASS | 详情: 所有字段校验通过
2026-02-27 00:09:18,697 - INFO - CaseID:1749 - QUERY字段：基础语义模糊匹配通过
2026-02-27 00:09:18,698 - INFO - CaseID:1749 - 整体结果: PASS | 详情: 所有字段校验通过
2026-02-27 00:09:18,698 - INFO - CaseID:1750 - 整体结果: FAILED | 详情: 模型输出核心字段全为空，判定不通过
2026-02-27 00:09:22,797 - INFO - CaseID:1751 - QUERY字段：语义匹配失败，但visual_search链路意图匹配通过
2026-02-27 00:09:22,797 - INFO - CaseID:1751 - 整体结果: PASS | 详情: 所有字段校验通过
2026-02-27 00:09:25,557 - INFO - CaseID:1752 - QUERY字段：基础语义模糊匹配通过
2026-02-27 00:09:25,558 - INFO - CaseID:1752 - 整体结果: PASS | 详情: 所有字段校验通过
2026-02-27 00:09:29,322 - INFO - CaseID:1753 - QUERY字段：语义匹配失败，但visual_search链路意图匹配通过
2026-02-27 00:09:29,322 - INFO - CaseID:1753 - 整体结果: PASS | 详情: 所有字段校验通过
2026-02-27 00:09:31,805 - INFO - CaseID:1754 - QUERY字段：基础语义模糊匹配通过
2026-02-27 00:09:31,806 - INFO - CaseID:1754 - 整体结果: PASS | 详情: 所有字段校验通过
2026-02-27 00:09:31,807 - INFO - CaseID:1755 - CATEGORY字段：模型输出含「其他问答」，该字段通过
2026-02-27 00:09:33,725 - INFO - CaseID:1755 - 整体结果: FAILED | 详情: APINAME不匹配：预期[visual_search]，实际[QASearch]; QUERY不匹配：基础语义模糊匹配失败 - 预期[这鞋发布会穿合不合适]，实际[鞋发布会的着装要求]; TAG不匹配：一方为空 - 预期[]，实际[鞋发布会&着装要求]
2026-02-27 00:09:35,491 - INFO - CaseID:1756 - QUERY字段：基础语义模糊匹配通过
2026-02-27 00:09:35,491 - INFO - CaseID:1756 - 整体结果: PASS | 详情: 所有字段校验通过
2026-02-27 00:09:39,384 - INFO - CaseID:1757 - QUERY字段：语义匹配失败，但visual_search链路意图匹配通过
2026-02-27 00:09:39,385 - INFO - CaseID:1757 - 整体结果: PASS | 详情: 所有字段校验通过
2026-02-27 00:09:43,683 - INFO - CaseID:1758 - QUERY字段：语义匹配失败，但visual_search链路意图匹配通过
2026-02-27 00:09:43,683 - INFO - CaseID:1758 - 整体结果: PASS | 详情: 所有字段校验通过
2026-02-27 00:09:43,684 - INFO - CaseID:1759 - CATEGORY字段：模型输出含「其他问答」，该字段通过
2026-02-27 00:09:45,897 - INFO - CaseID:1759 - 整体结果: FAILED | 详情: APINAME不匹配：预期[visual_search]，实际[QASearch]; QUERY不匹配：基础语义模糊匹配失败 - 预期[挺结实的鞋]，实际[结实的鞋通常指哪些类型或特点]; TAG不匹配：一方为空 - 预期[]，实际[结实&鞋&类型或特点]
2026-02-27 00:09:47,769 - INFO - CaseID:1760 - 整体结果: FAILED | 详情: APINAME不匹配：预期[visual_search]，实际[AUTOSearch]; CATEGORY不匹配：一方为空 - 预期[]，实际[汽车]; QUERY不匹配：基础语义模糊匹配失败 - 预期[当前摄像头捕捉到的物品是什么？]，实际[当前讨论的它具体指什么物品或服装]; TAG不匹配：一方为空 - 预期[]，实际[当前讨论&它&具体指&物品或服装]
2026-02-27 00:09:49,518 - INFO - CaseID:1761 - QUERY字段：基础语义模糊匹配通过
2026-02-27 00:09:49,519 - INFO - CaseID:1761 - 整体结果: FAILED | 详情: APINAME不匹配：预期[visual_search]，实际[worthbuy]; CATEGORY不匹配：一方为空 - 预期[]，实际[商品查询-确定商品]; TAG不匹配：一方为空 - 预期[]，实际[骆驼品牌&马丁靴&特征]
2026-02-27 00:09:51,569 - INFO - CaseID:1762 - 整体结果: FAILED | 详情: APINAME不匹配：预期[visual_search]，实际[worthbuy]; CATEGORY不匹配：一方为空 - 预期[]，实际[商品推荐]; QUERY不匹配：基础语义模糊匹配失败 - 预期[这双黑的是马丁靴是什么品牌的呀]，实际[常见的黑色马丁靴品牌有哪些]; TAG不匹配：一方为空 - 预期[]，实际[常见&黑色马丁靴&品牌]
2026-02-27 00:09:55,923 - INFO - CaseID:1763 - QUERY字段：语义匹配失败，但visual_search链路意图匹配通过
2026-02-27 00:09:55,923 - INFO - CaseID:1763 - 整体结果: PASS | 详情: 所有字段校验通过
2026-02-27 00:09:58,139 - INFO - CaseID:1764 - QUERY字段：基础语义模糊匹配通过
2026-02-27 00:09:58,140 - INFO - CaseID:1764 - 整体结果: PASS | 详情: 所有字段校验通过
2026-02-27 00:09:58,140 - INFO - CaseID:1765 - 整体结果: FAILED | 详情: 模型输出核心字段全为空，判定不通过
2026-02-27 00:09:58,141 - INFO - CaseID:1766 - CATEGORY字段：模型输出含「其他问答」，该字段通过
2026-02-27 00:10:00,170 - INFO - CaseID:1766 - QUERY字段：基础语义模糊匹配通过
2026-02-27 00:10:00,170 - INFO - CaseID:1766 - 整体结果: FAILED | 详情: APINAME不匹配：预期[visual_search]，实际[QASearch]; TAG不匹配：一方为空 - 预期[]，实际[小CK银色高跟鞋&特征]
2026-02-27 00:10:04,300 - INFO - CaseID:1767 - QUERY字段：基础语义模糊匹配通过
2026-02-27 00:10:04,300 - INFO - CaseID:1767 - 整体结果: PASS | 详情: 所有字段校验通过
2026-02-27 00:10:04,301 - INFO - CaseID:1768 - 整体结果: FAILED | 详情: 模型输出核心字段全为空，判定不通过
2026-02-27 00:10:04,301 - INFO - CaseID:1769 - 整体结果: FAILED | 详情: 模型输出核心字段全为空，判定不通过
2026-02-27 00:10:06,027 - INFO - CaseID:1770 - QUERY字段：基础语义模糊匹配通过
2026-02-27 00:10:06,027 - INFO - CaseID:1770 - 整体结果: PASS | 详情: 所有字段校验通过
2026-02-27 00:10:06,028 - INFO - CaseID:1771 - 整体结果: FAILED | 详情: 模型输出核心字段全为空，判定不通过
2026-02-27 00:10:06,028 - INFO - CaseID:1772 - 整体结果: FAILED | 详情: 模型输出核心字段全为空，判定不通过
2026-02-27 00:10:06,029 - INFO - CaseID:1773 - 整体结果: FAILED | 详情: 模型输出核心字段全为空，判定不通过
2026-02-27 00:10:08,058 - INFO - CaseID:1774 - QUERY字段：基础语义模糊匹配通过
2026-02-27 00:10:08,058 - INFO - CaseID:1774 - 整体结果: PASS | 详情: 所有字段校验通过
2026-02-27 00:10:12,013 - INFO - CaseID:1775 - QUERY字段：语义匹配失败，但visual_search链路意图匹配通过
2026-02-27 00:10:12,014 - INFO - CaseID:1775 - 整体结果: PASS | 详情: 所有字段校验通过
2026-02-27 00:10:13,910 - INFO - CaseID:1776 - QUERY字段：基础语义模糊匹配通过
2026-02-27 00:10:13,910 - INFO - CaseID:1776 - 整体结果: PASS | 详情: 所有字段校验通过
2026-02-27 00:10:15,911 - INFO - CaseID:1777 - QUERY字段：基础语义模糊匹配通过
2026-02-27 00:10:15,911 - INFO - CaseID:1777 - 整体结果: PASS | 详情: 所有字段校验通过
2026-02-27 00:10:17,789 - INFO - CaseID:1778 - QUERY字段：基础语义模糊匹配通过
2026-02-27 00:10:17,790 - INFO - CaseID:1778 - 整体结果: PASS | 详情: 所有字段校验通过
2026-02-27 00:10:19,819 - INFO - CaseID:1779 - QUERY字段：基础语义模糊匹配通过
2026-02-27 00:10:19,820 - INFO - CaseID:1779 - 整体结果: PASS | 详情: 所有字段校验通过
2026-02-27 00:10:21,837 - INFO - CaseID:1780 - QUERY字段：基础语义模糊匹配通过
2026-02-27 00:10:21,838 - INFO - CaseID:1780 - 整体结果: PASS | 详情: 所有字段校验通过
2026-02-27 00:10:23,723 - INFO - CaseID:1781 - QUERY字段：基础语义模糊匹配通过
2026-02-27 00:10:23,724 - INFO - CaseID:1781 - 整体结果: PASS | 详情: 所有字段校验通过
2026-02-27 00:10:26,109 - INFO - CaseID:1782 - QUERY字段：基础语义模糊匹配通过
2026-02-27 00:10:26,110 - INFO - CaseID:1782 - 整体结果: PASS | 详情: 所有字段校验通过
2026-02-27 00:10:28,229 - INFO - CaseID:1783 - QUERY字段：基础语义模糊匹配通过
2026-02-27 00:10:28,230 - INFO - CaseID:1783 - 整体结果: PASS | 详情: 所有字段校验通过
2026-02-27 00:10:32,335 - INFO - CaseID:1784 - QUERY字段：语义匹配失败，但visual_search链路意图匹配通过
2026-02-27 00:10:32,336 - INFO - CaseID:1784 - 整体结果: PASS | 详情: 所有字段校验通过
2026-02-27 00:10:34,295 - INFO - CaseID:1785 - QUERY字段：基础语义模糊匹配通过
2026-02-27 00:10:34,296 - INFO - CaseID:1785 - 整体结果: PASS | 详情: 所有字段校验通过
2026-02-27 00:10:38,366 - INFO - CaseID:1786 - QUERY字段：语义匹配失败，但visual_search链路意图匹配通过
2026-02-27 00:10:38,367 - INFO - CaseID:1786 - 整体结果: PASS | 详情: 所有字段校验通过
2026-02-27 00:10:40,294 - INFO - CaseID:1787 - QUERY字段：基础语义模糊匹配通过
2026-02-27 00:10:40,295 - INFO - CaseID:1787 - 整体结果: PASS | 详情: 所有字段校验通过
2026-02-27 00:10:42,258 - INFO - CaseID:1788 - QUERY字段：基础语义模糊匹配通过
2026-02-27 00:10:42,258 - INFO - CaseID:1788 - 整体结果: PASS | 详情: 所有字段校验通过
2026-02-27 00:10:44,231 - INFO - CaseID:1789 - QUERY字段：基础语义模糊匹配通过
2026-02-27 00:10:44,231 - INFO - CaseID:1789 - 整体结果: PASS | 详情: 所有字段校验通过
2026-02-27 00:10:46,256 - INFO - CaseID:1790 - QUERY字段：基础语义模糊匹配通过
2026-02-27 00:10:46,257 - INFO - CaseID:1790 - 整体结果: PASS | 详情: 所有字段校验通过
2026-02-27 00:10:47,916 - INFO - CaseID:1791 - QUERY字段：基础语义模糊匹配通过
2026-02-27 00:10:47,917 - INFO - CaseID:1791 - 整体结果: PASS | 详情: 所有字段校验通过
2026-02-27 00:10:49,846 - INFO - CaseID:1792 - QUERY字段：基础语义模糊匹配通过
2026-02-27 00:10:49,846 - INFO - CaseID:1792 - 整体结果: PASS | 详情: 所有字段校验通过
2026-02-27 00:10:54,092 - INFO - CaseID:1793 - QUERY字段：语义匹配失败，但visual_search链路意图匹配通过
2026-02-27 00:10:54,092 - INFO - CaseID:1793 - 整体结果: PASS | 详情: 所有字段校验通过
2026-02-27 00:10:56,877 - INFO - CaseID:1794 - QUERY字段：基础语义模糊匹配通过
2026-02-27 00:10:56,877 - INFO - CaseID:1794 - 整体结果: PASS | 详情: 所有字段校验通过
2026-02-27 00:10:58,846 - INFO - CaseID:1795 - QUERY字段：基础语义模糊匹配通过
2026-02-27 00:10:58,846 - INFO - CaseID:1795 - 整体结果: PASS | 详情: 所有字段校验通过
2026-02-27 00:11:00,753 - INFO - CaseID:1796 - 整体结果: FAILED | 详情: APINAME不匹配：预期[visual_search]，实际[skill_search]; QUERY不匹配：基础语义模糊匹配失败 - 预期[这个热量应该不少吧你觉得有多高]，实际[常见食物的热量范围参考]
2026-02-27 00:11:02,841 - INFO - CaseID:1797 - QUERY字段：基础语义模糊匹配通过
2026-02-27 00:11:02,842 - INFO - CaseID:1797 - 整体结果: PASS | 详情: 所有字段校验通过
2026-02-27 00:11:05,248 - INFO - CaseID:1798 - QUERY字段：基础语义模糊匹配通过
2026-02-27 00:11:05,248 - INFO - CaseID:1798 - 整体结果: PASS | 详情: 所有字段校验通过
2026-02-27 00:11:07,078 - INFO - CaseID:1799 - QUERY字段：基础语义模糊匹配通过
2026-02-27 00:11:07,078 - INFO - CaseID:1799 - 整体结果: PASS | 详情: 所有字段校验通过
2026-02-27 00:11:07,079 - INFO - 已处理1800行，休眠5秒降低压力...
2026-02-27 00:11:13,386 - INFO - CaseID:1800 - QUERY字段：基础语义模糊匹配通过
2026-02-27 00:11:13,386 - INFO - CaseID:1800 - 整体结果: PASS | 详情: 所有字段校验通过
2026-02-27 00:11:13,386 - INFO - 已处理1800条用例，当前通过数：1172
2026-02-27 00:11:17,483 - INFO - CaseID:1801 - QUERY字段：语义匹配失败，但visual_search链路意图匹配通过
2026-02-27 00:11:17,483 - INFO - CaseID:1801 - 整体结果: PASS | 详情: 所有字段校验通过
2026-02-27 00:11:21,670 - INFO - CaseID:1802 - QUERY字段：语义匹配失败，但visual_search链路意图匹配通过
2026-02-27 00:11:21,671 - INFO - CaseID:1802 - 整体结果: PASS | 详情: 所有字段校验通过
2026-02-27 00:11:23,938 - INFO - CaseID:1803 - QUERY字段：基础语义模糊匹配通过
2026-02-27 00:11:23,938 - INFO - CaseID:1803 - 整体结果: PASS | 详情: 所有字段校验通过
2026-02-27 00:11:25,780 - INFO - CaseID:1804 - QUERY字段：基础语义模糊匹配通过
2026-02-27 00:11:25,780 - INFO - CaseID:1804 - 整体结果: PASS | 详情: 所有字段校验通过
2026-02-27 00:11:27,731 - INFO - CaseID:1805 - QUERY字段：基础语义模糊匹配通过
2026-02-27 00:11:27,731 - INFO - CaseID:1805 - 整体结果: PASS | 详情: 所有字段校验通过
2026-02-27 00:11:29,633 - INFO - CaseID:1806 - QUERY字段：基础语义模糊匹配通过
2026-02-27 00:11:29,634 - INFO - CaseID:1806 - 整体结果: PASS | 详情: 所有字段校验通过
2026-02-27 00:11:29,634 - INFO - CaseID:1807 - 整体结果: FAILED | 详情: 模型输出核心字段全为空，判定不通过
2026-02-27 00:11:34,380 - INFO - CaseID:1808 - QUERY字段：语义匹配失败，但visual_search链路意图匹配通过
2026-02-27 00:11:34,380 - INFO - CaseID:1808 - 整体结果: PASS | 详情: 所有字段校验通过
2026-02-27 00:11:36,056 - INFO - CaseID:1809 - QUERY字段：基础语义模糊匹配通过
2026-02-27 00:11:36,057 - INFO - CaseID:1809 - 整体结果: PASS | 详情: 所有字段校验通过
2026-02-27 00:11:38,065 - INFO - CaseID:1810 - QUERY字段：基础语义模糊匹配通过
2026-02-27 00:11:38,066 - INFO - CaseID:1810 - 整体结果: PASS | 详情: 所有字段校验通过
2026-02-27 00:11:42,066 - INFO - CaseID:1811 - QUERY字段：语义匹配失败，但visual_search链路意图匹配通过
2026-02-27 00:11:42,067 - INFO - CaseID:1811 - 整体结果: PASS | 详情: 所有字段校验通过
2026-02-27 00:11:43,971 - INFO - CaseID:1812 - QUERY字段：基础语义模糊匹配通过
2026-02-27 00:11:43,971 - INFO - CaseID:1812 - 整体结果: PASS | 详情: 所有字段校验通过
2026-02-27 00:11:46,302 - INFO - CaseID:1813 - QUERY字段：基础语义模糊匹配通过
2026-02-27 00:11:46,302 - INFO - CaseID:1813 - 整体结果: PASS | 详情: 所有字段校验通过
2026-02-27 00:11:48,246 - INFO - CaseID:1814 - QUERY字段：基础语义模糊匹配通过
2026-02-27 00:11:48,247 - INFO - CaseID:1814 - 整体结果: PASS | 详情: 所有字段校验通过
2026-02-27 00:11:48,247 - INFO - CaseID:1815 - 整体结果: FAILED | 详情: 模型输出核心字段全为空，判定不通过
2026-02-27 00:11:49,944 - INFO - CaseID:1816 - QUERY字段：基础语义模糊匹配通过
2026-02-27 00:11:49,944 - INFO - CaseID:1816 - 整体结果: PASS | 详情: 所有字段校验通过
2026-02-27 00:11:49,945 - INFO - CaseID:1817 - CATEGORY字段：模型输出含「其他问答」，该字段通过
2026-02-27 00:11:51,894 - INFO - CaseID:1817 - QUERY字段：基础语义模糊匹配通过
2026-02-27 00:11:51,895 - INFO - CaseID:1817 - 整体结果: FAILED | 详情: APINAME不匹配：预期[visual_search]，实际[QASearch]; TAG不匹配：一方为空 - 预期[]，实际[用户提到&电脑&具体型号&品牌]
2026-02-27 00:11:51,895 - INFO - CaseID:1818 - 整体结果: FAILED | 详情: 模型输出核心字段全为空，判定不通过
2026-02-27 00:11:55,557 - INFO - CaseID:1819 - QUERY字段：语义匹配失败，但visual_search链路意图匹配通过
2026-02-27 00:11:55,557 - INFO - CaseID:1819 - 整体结果: PASS | 详情: 所有字段校验通过
2026-02-27 00:11:57,491 - INFO - CaseID:1820 - QUERY字段：基础语义模糊匹配通过
2026-02-27 00:11:57,491 - INFO - CaseID:1820 - 整体结果: PASS | 详情: 所有字段校验通过
2026-02-27 00:11:59,503 - INFO - CaseID:1821 - QUERY字段：基础语义模糊匹配通过
2026-02-27 00:11:59,504 - INFO - CaseID:1821 - 整体结果: PASS | 详情: 所有字段校验通过
2026-02-27 00:12:01,428 - INFO - CaseID:1822 - QUERY字段：基础语义模糊匹配通过
2026-02-27 00:12:01,428 - INFO - CaseID:1822 - 整体结果: PASS | 详情: 所有字段校验通过
2026-02-27 00:12:01,429 - INFO - CaseID:1823 - 整体结果: FAILED | 详情: 模型输出核心字段全为空，判定不通过
2026-02-27 00:12:01,429 - INFO - CaseID:1824 - CATEGORY字段：模型输出含「其他问答」，该字段通过
2026-02-27 00:12:03,214 - INFO - CaseID:1824 - 整体结果: FAILED | 详情: APINAME不匹配：预期[visual_search]，实际[QASearch]; QUERY不匹配：基础语义模糊匹配失败 - 预期[电脑上插得这个是拓展坞吗]，实际[电脑拓展坞的定义]; TAG不匹配：一方为空 - 预期[]，实际[电脑拓展坞&定义]
2026-02-27 00:12:06,463 - INFO - CaseID:1825 - 整体结果: FAILED | 详情: APINAME不匹配：预期[visual_search]，实际[AUTOSearch]; CATEGORY不匹配：一方为空 - 预期[]，实际[汽车]; QUERY不匹配：基础语义模糊匹配失败 - 预期[识别当前摄像头画面中的转接器型号或品牌]，实际[常见转接器价格]; TAG不匹配：一方为空 - 预期[]，实际[常见转接器&价格]
2026-02-27 00:12:08,456 - INFO - CaseID:1826 - 整体结果: FAILED | 详情: APINAME不匹配：预期[visual_search]，实际[worthbuy]; CATEGORY不匹配：一方为空 - 预期[]，实际[商品推荐]; QUERY不匹配：基础语义模糊匹配失败 - 预期[这个拓展坞是什么牌子的]，实际[常见拓展坞品牌列表]; TAG不匹配：一方为空 - 预期[]，实际[常见&拓展坞品牌]
2026-02-27 00:12:10,425 - INFO - CaseID:1827 - QUERY字段：基础语义模糊匹配通过
2026-02-27 00:12:10,425 - INFO - CaseID:1827 - 整体结果: PASS | 详情: 所有字段校验通过
2026-02-27 00:12:12,535 - INFO - CaseID:1828 - QUERY字段：基础语义模糊匹配通过
2026-02-27 00:12:12,535 - INFO - CaseID:1828 - 整体结果: PASS | 详情: 所有字段校验通过
2026-02-27 00:12:14,502 - INFO - CaseID:1829 - QUERY字段：基础语义模糊匹配通过
2026-02-27 00:12:14,503 - INFO - CaseID:1829 - 整体结果: PASS | 详情: 所有字段校验通过
2026-02-27 00:12:16,414 - INFO - CaseID:1830 - QUERY字段：基础语义模糊匹配通过
2026-02-27 00:12:16,414 - INFO - CaseID:1830 - 整体结果: FAILED | 详情: APINAME不匹配：预期[visual_search]，实际[AUTOSearch]; CATEGORY不匹配：一方为空 - 预期[]，实际[汽车]; TAG不匹配：一方为空 - 预期[]，实际[用户所指的键盘具体型号或品牌是什么]
2026-02-27 00:12:18,104 - INFO - CaseID:1831 - QUERY字段：基础语义模糊匹配通过
2026-02-27 00:12:18,105 - INFO - CaseID:1831 - 整体结果: PASS | 详情: 所有字段校验通过
2026-02-27 00:12:21,799 - INFO - CaseID:1832 - QUERY字段：语义匹配失败，但visual_search链路意图匹配通过
2026-02-27 00:12:21,799 - INFO - CaseID:1832 - 整体结果: PASS | 详情: 所有字段校验通过
2026-02-27 00:12:25,748 - INFO - CaseID:1833 - QUERY字段：语义匹配失败，但visual_search链路意图匹配通过
2026-02-27 00:12:25,749 - INFO - CaseID:1833 - 整体结果: PASS | 详情: 所有字段校验通过
2026-02-27 00:12:28,344 - INFO - CaseID:1834 - QUERY字段：基础语义模糊匹配通过
2026-02-27 00:12:28,344 - INFO - CaseID:1834 - 整体结果: PASS | 详情: 所有字段校验通过
2026-02-27 00:12:30,294 - INFO - CaseID:1835 - QUERY字段：基础语义模糊匹配通过
2026-02-27 00:12:30,295 - INFO - CaseID:1835 - 整体结果: PASS | 详情: 所有字段校验通过
2026-02-27 00:12:32,058 - INFO - CaseID:1836 - 整体结果: FAILED | 详情: APINAME不匹配：预期[visual_search]，实际[AUTOSearch]; CATEGORY不匹配：一方为空 - 预期[]，实际[汽车]; QUERY不匹配：基础语义模糊匹配失败 - 预期[这个键盘可以无限链接吗]，实际[无限链接键盘的定义和技术实现]; TAG不匹配：一方为空 - 预期[]，实际[无限链接键盘&定义&技术实现]
2026-02-27 00:12:34,080 - INFO - CaseID:1837 - QUERY字段：基础语义模糊匹配通过
2026-02-27 00:12:34,081 - INFO - CaseID:1837 - 整体结果: PASS | 详情: 所有字段校验通过
2026-02-27 00:12:34,082 - INFO - CaseID:1838 - 整体结果: FAILED | 详情: 模型输出核心字段全为空，判定不通过
2026-02-27 00:12:35,899 - INFO - CaseID:1839 - QUERY字段：基础语义模糊匹配通过
2026-02-27 00:12:35,899 - INFO - CaseID:1839 - 整体结果: PASS | 详情: 所有字段校验通过
2026-02-27 00:12:38,373 - INFO - CaseID:1840 - QUERY字段：基础语义模糊匹配通过
2026-02-27 00:12:38,373 - INFO - CaseID:1840 - 整体结果: PASS | 详情: 所有字段校验通过
2026-02-27 00:12:40,244 - INFO - CaseID:1841 - QUERY字段：基础语义模糊匹配通过
2026-02-27 00:12:40,244 - INFO - CaseID:1841 - 整体结果: PASS | 详情: 所有字段校验通过
2026-02-27 00:12:42,215 - INFO - CaseID:1842 - QUERY字段：基础语义模糊匹配通过
2026-02-27 00:12:42,215 - INFO - CaseID:1842 - 整体结果: PASS | 详情: 所有字段校验通过
2026-02-27 00:12:44,408 - INFO - CaseID:1843 - 整体结果: FAILED | 详情: APINAME不匹配：预期[visual_search]，实际[AUTOSearch]; CATEGORY不匹配：一方为空 - 预期[]，实际[汽车]; QUERY不匹配：基础语义模糊匹配失败 - 预期[识别当前摄像头画面中的鼠标品牌和型号]，实际[用户所指的鼠标具体型号或品牌是什么]; TAG不匹配：一方为空 - 预期[]，实际[用户所指的鼠标具体型号或品牌是什么]
2026-02-27 00:12:46,837 - INFO - CaseID:1844 - QUERY字段：基础语义模糊匹配通过
2026-02-27 00:12:46,838 - INFO - CaseID:1844 - 整体结果: FAILED | 详情: APINAME不匹配：预期[visual_search]，实际[AUTOSearch]; CATEGORY不匹配：一方为空 - 预期[]，实际[汽车]; TAG不匹配：一方为空 - 预期[]，实际[鼠标无线连接功能]
2026-02-27 00:12:48,845 - INFO - CaseID:1845 - QUERY字段：基础语义模糊匹配通过
2026-02-27 00:12:48,846 - INFO - CaseID:1845 - 整体结果: PASS | 详情: 所有字段校验通过
2026-02-27 00:12:50,951 - INFO - CaseID:1846 - 整体结果: FAILED | 详情: APINAME不匹配：预期[visual_search]，实际[worthbuy]; CATEGORY不匹配：一方为空 - 预期[]，实际[商品查询-确定商品]; QUERY不匹配：基础语义模糊匹配失败 - 预期[这个鼠标是蓝牙的吗]，实际[罗技G502鼠标是否支持蓝牙连接]; TAG不匹配：一方为空 - 预期[]，实际[罗技g502鼠标&蓝牙连接]
2026-02-27 00:12:52,959 - INFO - CaseID:1847 - QUERY字段：基础语义模糊匹配通过
2026-02-27 00:12:52,959 - INFO - CaseID:1847 - 整体结果: PASS | 详情: 所有字段校验通过
2026-02-27 00:12:57,054 - INFO - CaseID:1848 - QUERY字段：语义匹配失败，但visual_search链路意图匹配通过
2026-02-27 00:12:57,054 - INFO - CaseID:1848 - 整体结果: PASS | 详情: 所有字段校验通过
2026-02-27 00:12:58,918 - INFO - CaseID:1849 - QUERY字段：基础语义模糊匹配通过
2026-02-27 00:12:58,919 - INFO - CaseID:1849 - 整体结果: PASS | 详情: 所有字段校验通过
2026-02-27 00:12:58,920 - INFO - CaseID:1850 - CATEGORY字段：模型输出含「其他问答」，该字段通过
2026-02-27 00:13:00,916 - INFO - CaseID:1850 - 整体结果: FAILED | 详情: APINAME不匹配：预期[visual_search]，实际[QASearch]; QUERY不匹配：基础语义模糊匹配失败 - 预期[这是罗技的鼠标吗]，实际[如何识别罗技鼠标的特征]; TAG不匹配：一方为空 - 预期[]，实际[如何识别罗技鼠标的特征]
2026-02-27 00:13:00,917 - INFO - CaseID:1851 - 整体结果: FAILED | 详情: 模型输出核心字段全为空，判定不通过
2026-02-27 00:13:03,393 - INFO - CaseID:1852 - QUERY字段：基础语义模糊匹配通过
2026-02-27 00:13:03,394 - INFO - CaseID:1852 - 整体结果: PASS | 详情: 所有字段校验通过
2026-02-27 00:13:05,120 - INFO - CaseID:1853 - QUERY字段：基础语义模糊匹配通过
2026-02-27 00:13:05,120 - INFO - CaseID:1853 - 整体结果: PASS | 详情: 所有字段校验通过
2026-02-27 00:13:05,121 - INFO - CaseID:1854 - 整体结果: FAILED | 详情: 模型输出核心字段全为空，判定不通过
2026-02-27 00:13:07,031 - INFO - CaseID:1855 - QUERY字段：基础语义模糊匹配通过
2026-02-27 00:13:07,032 - INFO - CaseID:1855 - 整体结果: PASS | 详情: 所有字段校验通过
2026-02-27 00:13:10,163 - INFO - CaseID:1856 - QUERY字段：基础语义模糊匹配通过
2026-02-27 00:13:10,163 - INFO - CaseID:1856 - 整体结果: PASS | 详情: 所有字段校验通过
2026-02-27 00:13:10,164 - INFO - CaseID:1857 - 整体结果: FAILED | 详情: 模型输出核心字段全为空，判定不通过
2026-02-27 00:13:14,040 - INFO - CaseID:1858 - QUERY字段：语义匹配失败，但visual_search链路意图匹配通过
2026-02-27 00:13:14,041 - INFO - CaseID:1858 - 整体结果: PASS | 详情: 所有字段校验通过
2026-02-27 00:13:16,110 - INFO - CaseID:1859 - QUERY字段：基础语义模糊匹配通过
2026-02-27 00:13:16,110 - INFO - CaseID:1859 - 整体结果: PASS | 详情: 所有字段校验通过
2026-02-27 00:13:18,734 - INFO - CaseID:1860 - QUERY字段：基础语义模糊匹配通过
2026-02-27 00:13:18,736 - INFO - CaseID:1860 - 整体结果: PASS | 详情: 所有字段校验通过
2026-02-27 00:13:18,736 - INFO - CaseID:1861 - 整体结果: FAILED | 详情: 模型输出核心字段全为空，判定不通过
2026-02-27 00:13:18,737 - INFO - CaseID:1862 - CATEGORY字段：模型输出含「其他问答」，该字段通过
2026-02-27 00:13:20,636 - INFO - CaseID:1862 - 整体结果: FAILED | 详情: APINAME不匹配：预期[visual_search]，实际[QASearch]; QUERY不匹配：基础语义模糊匹配失败 - 预期[这几个海报哪个设计的最好]，实际[海报设计评价标准]; TAG不匹配：一方为空 - 预期[]，实际[海报设计&评价标准]
2026-02-27 00:13:24,713 - INFO - CaseID:1863 - QUERY字段：语义匹配失败，但visual_search链路意图匹配通过
2026-02-27 00:13:24,713 - INFO - CaseID:1863 - 整体结果: PASS | 详情: 所有字段校验通过
2026-02-27 00:13:24,714 - INFO - CaseID:1864 - CATEGORY字段：模型输出含「其他问答」，该字段通过
2026-02-27 00:13:27,359 - INFO - CaseID:1864 - 整体结果: FAILED | 详情: APINAME不匹配：预期[visual_search]，实际[QASearch]; QUERY不匹配：基础语义模糊匹配失败 - 预期[下面这两个海报有什么特点]，实际[海报设计的一般特点]; TAG不匹配：一方为空 - 预期[]，实际[海报设计&一般特点]
2026-02-27 00:13:29,160 - INFO - CaseID:1865 - QUERY字段：基础语义模糊匹配通过
2026-02-27 00:13:29,160 - INFO - CaseID:1865 - 整体结果: PASS | 详情: 所有字段校验通过
2026-02-27 00:13:31,424 - INFO - CaseID:1866 - QUERY字段：基础语义模糊匹配通过
2026-02-27 00:13:31,425 - INFO - CaseID:1866 - 整体结果: PASS | 详情: 所有字段校验通过
2026-02-27 00:13:35,183 - INFO - CaseID:1867 - QUERY字段：语义匹配失败，但visual_search链路意图匹配通过
2026-02-27 00:13:35,184 - INFO - CaseID:1867 - 整体结果: PASS | 详情: 所有字段校验通过
2026-02-27 00:13:38,083 - INFO - CaseID:1868 - QUERY字段：基础语义模糊匹配通过
2026-02-27 00:13:38,083 - INFO - CaseID:1868 - 整体结果: PASS | 详情: 所有字段校验通过
2026-02-27 00:13:39,996 - INFO - CaseID:1869 - QUERY字段：基础语义模糊匹配通过
2026-02-27 00:13:39,996 - INFO - CaseID:1869 - 整体结果: PASS | 详情: 所有字段校验通过
2026-02-27 00:13:44,190 - INFO - CaseID:1870 - QUERY字段：语义匹配失败，但visual_search链路意图匹配通过
2026-02-27 00:13:44,190 - INFO - CaseID:1870 - 整体结果: PASS | 详情: 所有字段校验通过
2026-02-27 00:13:45,819 - INFO - CaseID:1871 - QUERY字段：基础语义模糊匹配通过
2026-02-27 00:13:45,819 - INFO - CaseID:1871 - 整体结果: PASS | 详情: 所有字段校验通过
2026-02-27 00:13:48,633 - INFO - CaseID:1872 - QUERY字段：基础语义模糊匹配通过
2026-02-27 00:13:48,634 - INFO - CaseID:1872 - 整体结果: PASS | 详情: 所有字段校验通过
2026-02-27 00:13:52,322 - INFO - CaseID:1873 - QUERY字段：语义匹配失败，但visual_search链路意图匹配通过
2026-02-27 00:13:52,322 - INFO - CaseID:1873 - 整体结果: PASS | 详情: 所有字段校验通过
2026-02-27 00:13:52,323 - INFO - CaseID:1874 - CATEGORY字段：模型输出含「其他问答」，该字段通过
2026-02-27 00:13:54,257 - INFO - CaseID:1874 - 整体结果: FAILED | 详情: APINAME不匹配：预期[visual_search]，实际[QASearch]; QUERY不匹配：基础语义模糊匹配失败 - 预期[这个海报主要想展现的是什么]，实际[海报设计的主要目的]; TAG不匹配：一方为空 - 预期[]，实际[海报设计&主要目的]
2026-02-27 00:13:56,311 - INFO - CaseID:1875 - QUERY字段：基础语义模糊匹配通过
2026-02-27 00:13:56,312 - INFO - CaseID:1875 - 整体结果: FAILED | 详情: APINAME不匹配：预期[visual_search]，实际[AUTOSearch]; CATEGORY不匹配：一方为空 - 预期[]，实际[汽车]; TAG不匹配：一方为空 - 预期[]，实际[第二排从右数第一个&海报特点]
2026-02-27 00:13:58,188 - INFO - CaseID:1876 - QUERY字段：基础语义模糊匹配通过
2026-02-27 00:13:58,189 - INFO - CaseID:1876 - 整体结果: PASS | 详情: 所有字段校验通过
2026-02-27 00:13:58,189 - INFO - CaseID:1877 - 整体结果: FAILED | 详情: 模型输出核心字段全为空，判定不通过
2026-02-27 00:13:59,895 - INFO - CaseID:1878 - QUERY字段：基础语义模糊匹配通过
2026-02-27 00:13:59,896 - INFO - CaseID:1878 - 整体结果: PASS | 详情: 所有字段校验通过
2026-02-27 00:14:01,785 - INFO - CaseID:1879 - QUERY字段：基础语义模糊匹配通过
2026-02-27 00:14:01,786 - INFO - CaseID:1879 - 整体结果: PASS | 详情: 所有字段校验通过
2026-02-27 00:14:03,684 - INFO - CaseID:1880 - QUERY字段：基础语义模糊匹配通过
2026-02-27 00:14:03,685 - INFO - CaseID:1880 - 整体结果: PASS | 详情: 所有字段校验通过
2026-02-27 00:14:03,685 - INFO - CaseID:1881 - 整体结果: FAILED | 详情: 模型输出核心字段全为空，判定不通过
2026-02-27 00:14:07,421 - INFO - CaseID:1882 - QUERY字段：语义匹配失败，但visual_search链路意图匹配通过
2026-02-27 00:14:07,422 - INFO - CaseID:1882 - 整体结果: PASS | 详情: 所有字段校验通过
2026-02-27 00:14:12,181 - INFO - CaseID:1883 - QUERY字段：语义匹配失败，但visual_search链路意图匹配通过
2026-02-27 00:14:12,181 - INFO - CaseID:1883 - 整体结果: PASS | 详情: 所有字段校验通过
2026-02-27 00:14:12,181 - INFO - CaseID:1884 - 整体结果: FAILED | 详情: 模型输出核心字段全为空，判定不通过
2026-02-27 00:14:16,333 - INFO - CaseID:1885 - QUERY字段：语义匹配失败，但visual_search链路意图匹配通过
2026-02-27 00:14:16,334 - INFO - CaseID:1885 - 整体结果: PASS | 详情: 所有字段校验通过
2026-02-27 00:14:18,223 - INFO - CaseID:1886 - QUERY字段：基础语义模糊匹配通过
2026-02-27 00:14:18,225 - INFO - CaseID:1886 - 整体结果: PASS | 详情: 所有字段校验通过
2026-02-27 00:14:20,459 - INFO - CaseID:1887 - 整体结果: FAILED | 详情: APINAME不匹配：预期[visual_search]，实际[QASearch]; CATEGORY不匹配：一方为空 - 预期[]，实际[人物]; QUERY不匹配：基础语义模糊匹配失败 - 预期[这些都是王源吗]，实际[王源的个人资料]; TAG不匹配：一方为空 - 预期[]，实际[王源&个人资料]
2026-02-27 00:14:20,460 - INFO - CaseID:1888 - 整体结果: FAILED | 详情: 模型输出核心字段全为空，判定不通过
2026-02-27 00:14:20,461 - INFO - CaseID:1889 - 整体结果: FAILED | 详情: 模型输出核心字段全为空，判定不通过
2026-02-27 00:14:22,377 - INFO - CaseID:1890 - QUERY字段：基础语义模糊匹配通过
2026-02-27 00:14:22,378 - INFO - CaseID:1890 - 整体结果: PASS | 详情: 所有字段校验通过
2026-02-27 00:14:26,983 - INFO - CaseID:1891 - QUERY字段：语义匹配失败，但visual_search链路意图匹配通过
2026-02-27 00:14:26,984 - INFO - CaseID:1891 - 整体结果: PASS | 详情: 所有字段校验通过
2026-02-27 00:14:30,759 - INFO - CaseID:1892 - QUERY字段：语义匹配失败，但visual_search链路意图匹配通过
2026-02-27 00:14:30,759 - INFO - CaseID:1892 - 整体结果: PASS | 详情: 所有字段校验通过
2026-02-27 00:14:30,760 - INFO - CaseID:1893 - 整体结果: FAILED | 详情: 模型输出核心字段全为空，判定不通过
2026-02-27 00:14:30,760 - INFO - CaseID:1894 - 整体结果: FAILED | 详情: 模型输出核心字段全为空，判定不通过
2026-02-27 00:14:34,916 - INFO - CaseID:1895 - QUERY字段：语义匹配失败，但visual_search链路意图匹配通过
2026-02-27 00:14:34,917 - INFO - CaseID:1895 - 整体结果: PASS | 详情: 所有字段校验通过
2026-02-27 00:14:37,927 - INFO - CaseID:1896 - QUERY字段：基础语义模糊匹配通过
2026-02-27 00:14:37,928 - INFO - CaseID:1896 - 整体结果: PASS | 详情: 所有字段校验通过
2026-02-27 00:14:37,928 - INFO - CaseID:1897 - 整体结果: FAILED | 详情: 模型输出核心字段全为空，判定不通过
2026-02-27 00:14:42,359 - INFO - CaseID:1898 - QUERY字段：语义匹配失败，但visual_search链路意图匹配通过
2026-02-27 00:14:42,360 - INFO - CaseID:1898 - 整体结果: PASS | 详情: 所有字段校验通过
2026-02-27 00:14:44,001 - INFO - CaseID:1899 - QUERY字段：基础语义模糊匹配通过
2026-02-27 00:14:44,001 - INFO - CaseID:1899 - 整体结果: PASS | 详情: 所有字段校验通过
2026-02-27 00:14:44,002 - INFO - 已处理1900行，休眠5秒降低压力...
2026-02-27 00:14:52,087 - INFO - CaseID:1900 - QUERY字段：语义匹配失败，但visual_search链路意图匹配通过
2026-02-27 00:14:52,088 - INFO - CaseID:1900 - 整体结果: PASS | 详情: 所有字段校验通过
2026-02-27 00:14:54,064 - INFO - CaseID:1901 - QUERY字段：基础语义模糊匹配通过
2026-02-27 00:14:54,065 - INFO - CaseID:1901 - 整体结果: PASS | 详情: 所有字段校验通过
2026-02-27 00:14:56,112 - INFO - CaseID:1902 - QUERY字段：基础语义模糊匹配通过
2026-02-27 00:14:56,113 - INFO - CaseID:1902 - 整体结果: PASS | 详情: 所有字段校验通过
2026-02-27 00:15:00,880 - INFO - CaseID:1903 - QUERY字段：语义匹配失败，但visual_search链路意图匹配通过
2026-02-27 00:15:00,882 - INFO - CaseID:1903 - 整体结果: PASS | 详情: 所有字段校验通过
2026-02-27 00:15:05,166 - INFO - CaseID:1904 - QUERY字段：语义匹配失败，但visual_search链路意图匹配通过
2026-02-27 00:15:05,167 - INFO - CaseID:1904 - 整体结果: PASS | 详情: 所有字段校验通过
2026-02-27 00:15:09,018 - INFO - CaseID:1905 - QUERY字段：语义匹配失败，但visual_search链路意图匹配通过
2026-02-27 00:15:09,019 - INFO - CaseID:1905 - 整体结果: PASS | 详情: 所有字段校验通过
2026-02-27 00:15:10,922 - INFO - CaseID:1906 - QUERY字段：基础语义模糊匹配通过
2026-02-27 00:15:10,923 - INFO - CaseID:1906 - 整体结果: FAILED | 详情: APINAME不匹配：预期[visual_search]，实际[QASearch]; CATEGORY不匹配：一方为空 - 预期[]，实际[影视]; TAG不匹配：一方为空 - 预期[]，实际[海报&动漫名称]
2026-02-27 00:15:12,925 - INFO - CaseID:1907 - QUERY字段：基础语义模糊匹配通过
2026-02-27 00:15:12,925 - INFO - CaseID:1907 - 整体结果: PASS | 详情: 所有字段校验通过
2026-02-27 00:15:14,851 - INFO - CaseID:1908 - QUERY字段：基础语义模糊匹配通过
2026-02-27 00:15:14,853 - INFO - CaseID:1908 - 整体结果: FAILED | 详情: APINAME不匹配：预期[visual_search]，实际[QASearch]; CATEGORY不匹配：一方为空 - 预期[]，实际[出游美食]; TAG不匹配：一方为空 - 预期[]，实际[这个菜单有炒饭么]
2026-02-27 00:15:14,853 - INFO - CaseID:1909 - CATEGORY字段：模型输出含「其他问答」，该字段通过
2026-02-27 00:15:16,799 - INFO - CaseID:1909 - QUERY字段：基础语义模糊匹配通过
2026-02-27 00:15:16,800 - INFO - CaseID:1909 - 整体结果: FAILED | 详情: APINAME不匹配：预期[visual_search]，实际[QASearch]; TAG不匹配：一方为空 - 预期[]，实际[北京朝阳&蒜香小龙虾&价格]
2026-02-27 00:15:18,963 - INFO - CaseID:1910 - QUERY字段：基础语义模糊匹配通过
2026-02-27 00:15:18,964 - INFO - CaseID:1910 - 整体结果: PASS | 详情: 所有字段校验通过
2026-02-27 00:15:20,751 - INFO - CaseID:1911 - QUERY字段：基础语义模糊匹配通过
2026-02-27 00:15:20,752 - INFO - CaseID:1911 - 整体结果: FAILED | 详情: APINAME不匹配：预期[visual_search]，实际[skill_search]
2026-02-27 00:15:24,272 - INFO - CaseID:1912 - QUERY字段：基础语义模糊匹配通过
2026-02-27 00:15:24,273 - INFO - CaseID:1912 - 整体结果: PASS | 详情: 所有字段校验通过
2026-02-27 00:15:24,273 - INFO - CaseID:1913 - 整体结果: FAILED | 详情: 模型输出核心字段全为空，判定不通过
2026-02-27 00:15:26,629 - INFO - CaseID:1914 - QUERY字段：基础语义模糊匹配通过
2026-02-27 00:15:26,629 - INFO - CaseID:1914 - 整体结果: PASS | 详情: 所有字段校验通过
2026-02-27 00:15:30,724 - INFO - CaseID:1915 - QUERY字段：语义匹配失败，但visual_search链路意图匹配通过
2026-02-27 00:15:30,725 - INFO - CaseID:1915 - 整体结果: PASS | 详情: 所有字段校验通过
2026-02-27 00:15:30,726 - INFO - CaseID:1916 - 整体结果: FAILED | 详情: 模型输出核心字段全为空，判定不通过
2026-02-27 00:15:32,572 - INFO - CaseID:1917 - QUERY字段：基础语义模糊匹配通过
2026-02-27 00:15:32,572 - INFO - CaseID:1917 - 整体结果: PASS | 详情: 所有字段校验通过
2026-02-27 00:15:32,573 - INFO - CaseID:1918 - 整体结果: FAILED | 详情: 模型输出核心字段全为空，判定不通过
2026-02-27 00:15:32,573 - INFO - CaseID:1919 - 整体结果: FAILED | 详情: 模型输出核心字段全为空，判定不通过
2026-02-27 00:15:34,477 - INFO - CaseID:1920 - QUERY字段：基础语义模糊匹配通过
2026-02-27 00:15:34,478 - INFO - CaseID:1920 - 整体结果: PASS | 详情: 所有字段校验通过
2026-02-27 00:15:34,478 - INFO - CaseID:1921 - CATEGORY字段：模型输出含「其他问答」，该字段通过
2026-02-27 00:15:36,152 - INFO - CaseID:1921 - 整体结果: FAILED | 详情: APINAME不匹配：预期[visual_search]，实际[QASearch]; QUERY不匹配：基础语义模糊匹配失败 - 预期[分析一下吃一个的热量是多少]，实际[吃一个具体指什么食物]; TAG不匹配：一方为空 - 预期[]，实际[吃一个&具体指&食物]
2026-02-27 00:15:40,145 - INFO - CaseID:1922 - QUERY字段：语义匹配失败，但visual_search链路意图匹配通过
2026-02-27 00:15:40,146 - INFO - CaseID:1922 - 整体结果: PASS | 详情: 所有字段校验通过
2026-02-27 00:15:42,098 - INFO - CaseID:1923 - 整体结果: FAILED | 详情: APINAME不匹配：预期[visual_search]，实际[skill_search]; QUERY不匹配：基础语义模糊匹配失败 - 预期[识别用户当前所指的食物或物品]，实际[用户所指的具体食物及其热量含量]
2026-02-27 00:15:43,914 - INFO - CaseID:1924 - 整体结果: FAILED | 详情: APINAME不匹配：预期[visual_search]，实际[QASearch]; CATEGORY不匹配：一方为空 - 预期[]，实际[健康]; QUERY不匹配：基础语义模糊匹配失败 - 预期[用户当前展示的食物是什么？]，实际[几根具体指什么食物]; TAG不匹配：一方为空 - 预期[]，实际[几根&具体指&食物]
2026-02-27 00:15:45,957 - INFO - CaseID:1925 - QUERY字段：基础语义模糊匹配通过
2026-02-27 00:15:45,957 - INFO - CaseID:1925 - 整体结果: PASS | 详情: 所有字段校验通过
2026-02-27 00:15:47,893 - INFO - CaseID:1926 - 整体结果: FAILED | 详情: APINAME不匹配：预期[visual_search]，实际[QASearch]; CATEGORY不匹配：一方为空 - 预期[]，实际[健康]; QUERY不匹配：基础语义模糊匹配失败 - 预期[识别当前摄像头画面中的食物或物品]，实际[常见高热量食物的热量范围]; TAG不匹配：一方为空 - 预期[]，实际[常见&高热量食物&热量范围]
2026-02-27 00:15:50,286 - INFO - CaseID:1927 - QUERY字段：基础语义模糊匹配通过
2026-02-27 00:15:50,286 - INFO - CaseID:1927 - 整体结果: PASS | 详情: 所有字段校验通过
2026-02-27 00:15:52,372 - INFO - CaseID:1928 - QUERY字段：基础语义模糊匹配通过
2026-02-27 00:15:52,372 - INFO - CaseID:1928 - 整体结果: PASS | 详情: 所有字段校验通过
2026-02-27 00:15:57,068 - INFO - CaseID:1929 - QUERY字段：语义匹配失败，但visual_search链路意图匹配通过
2026-02-27 00:15:57,069 - INFO - CaseID:1929 - 整体结果: PASS | 详情: 所有字段校验通过
2026-02-27 00:15:58,986 - INFO - CaseID:1930 - QUERY字段：基础语义模糊匹配通过
2026-02-27 00:15:58,987 - INFO - CaseID:1930 - 整体结果: PASS | 详情: 所有字段校验通过
2026-02-27 00:16:00,766 - INFO - CaseID:1931 - QUERY字段：基础语义模糊匹配通过
2026-02-27 00:16:00,767 - INFO - CaseID:1931 - 整体结果: PASS | 详情: 所有字段校验通过
2026-02-27 00:16:02,774 - INFO - CaseID:1932 - QUERY字段：基础语义模糊匹配通过
2026-02-27 00:16:02,774 - INFO - CaseID:1932 - 整体结果: PASS | 详情: 所有字段校验通过
2026-02-27 00:16:04,460 - INFO - CaseID:1933 - QUERY字段：基础语义模糊匹配通过
2026-02-27 00:16:04,460 - INFO - CaseID:1933 - 整体结果: PASS | 详情: 所有字段校验通过
2026-02-27 00:16:06,479 - INFO - CaseID:1934 - QUERY字段：基础语义模糊匹配通过
2026-02-27 00:16:06,480 - INFO - CaseID:1934 - 整体结果: PASS | 详情: 所有字段校验通过
2026-02-27 00:16:08,408 - INFO - CaseID:1935 - QUERY字段：基础语义模糊匹配通过
2026-02-27 00:16:08,408 - INFO - CaseID:1935 - 整体结果: PASS | 详情: 所有字段校验通过
2026-02-27 00:16:11,615 - INFO - CaseID:1936 - QUERY字段：基础语义模糊匹配通过
2026-02-27 00:16:11,616 - INFO - CaseID:1936 - 整体结果: PASS | 详情: 所有字段校验通过
2026-02-27 00:16:15,208 - INFO - CaseID:1937 - QUERY字段：语义匹配失败，但visual_search链路意图匹配通过
2026-02-27 00:16:15,209 - INFO - CaseID:1937 - 整体结果: PASS | 详情: 所有字段校验通过
2026-02-27 00:16:19,459 - INFO - CaseID:1938 - QUERY字段：语义匹配失败，但visual_search链路意图匹配通过
2026-02-27 00:16:19,460 - INFO - CaseID:1938 - 整体结果: PASS | 详情: 所有字段校验通过
2026-02-27 00:16:21,421 - INFO - CaseID:1939 - QUERY字段：基础语义模糊匹配通过
2026-02-27 00:16:21,421 - INFO - CaseID:1939 - 整体结果: PASS | 详情: 所有字段校验通过
2026-02-27 00:16:23,308 - INFO - CaseID:1940 - 整体结果: FAILED | 详情: APINAME不匹配：预期[visual_search]，实际[skill_search]; QUERY不匹配：基础语义模糊匹配失败 - 预期[当前摄像头捕捉到的内容是什么？]，实际[用户当前所指的具体内容或上下文是什么]
2026-02-27 00:16:25,317 - INFO - CaseID:1941 - QUERY字段：基础语义模糊匹配通过
2026-02-27 00:16:25,317 - INFO - CaseID:1941 - 整体结果: PASS | 详情: 所有字段校验通过
2026-02-27 00:16:27,249 - INFO - CaseID:1942 - QUERY字段：基础语义模糊匹配通过
2026-02-27 00:16:27,250 - INFO - CaseID:1942 - 整体结果: PASS | 详情: 所有字段校验通过
2026-02-27 00:16:28,991 - INFO - CaseID:1943 - QUERY字段：基础语义模糊匹配通过
2026-02-27 00:16:28,992 - INFO - CaseID:1943 - 整体结果: PASS | 详情: 所有字段校验通过
2026-02-27 00:16:28,992 - INFO - CaseID:1944 - 整体结果: FAILED | 详情: 模型输出核心字段全为空，判定不通过
2026-02-27 00:16:32,753 - INFO - CaseID:1945 - QUERY字段：语义匹配失败，但visual_search链路意图匹配通过
2026-02-27 00:16:32,753 - INFO - CaseID:1945 - 整体结果: PASS | 详情: 所有字段校验通过
2026-02-27 00:16:32,753 - INFO - CaseID:1946 - 整体结果: FAILED | 详情: 模型输出核心字段全为空，判定不通过
2026-02-27 00:16:32,754 - INFO - CaseID:1947 - 整体结果: FAILED | 详情: 模型输出核心字段全为空，判定不通过
2026-02-27 00:16:37,798 - INFO - CaseID:1948 - QUERY字段：语义匹配失败，但visual_search链路意图匹配通过
2026-02-27 00:16:37,799 - INFO - CaseID:1948 - 整体结果: PASS | 详情: 所有字段校验通过
2026-02-27 00:16:37,799 - INFO - CaseID:1949 - 整体结果: FAILED | 详情: 模型输出核心字段全为空，判定不通过
2026-02-27 00:16:40,509 - INFO - CaseID:1950 - QUERY字段：基础语义模糊匹配通过
2026-02-27 00:16:40,509 - INFO - CaseID:1950 - 整体结果: PASS | 详情: 所有字段校验通过
2026-02-27 00:16:42,430 - INFO - CaseID:1951 - QUERY字段：基础语义模糊匹配通过
2026-02-27 00:16:42,431 - INFO - CaseID:1951 - 整体结果: PASS | 详情: 所有字段校验通过
2026-02-27 00:16:42,431 - INFO - CaseID:1952 - 整体结果: FAILED | 详情: 模型输出核心字段全为空，判定不通过
2026-02-27 00:16:44,101 - INFO - CaseID:1953 - QUERY字段：基础语义模糊匹配通过
2026-02-27 00:16:44,102 - INFO - CaseID:1953 - 整体结果: PASS | 详情: 所有字段校验通过
2026-02-27 00:16:48,242 - INFO - CaseID:1954 - QUERY字段：语义匹配失败，但visual_search链路意图匹配通过
2026-02-27 00:16:48,243 - INFO - CaseID:1954 - 整体结果: PASS | 详情: 所有字段校验通过
2026-02-27 00:16:50,290 - INFO - CaseID:1955 - QUERY字段：基础语义模糊匹配通过
2026-02-27 00:16:50,291 - INFO - CaseID:1955 - 整体结果: PASS | 详情: 所有字段校验通过
2026-02-27 00:16:52,237 - INFO - CaseID:1956 - QUERY字段：基础语义模糊匹配通过
2026-02-27 00:16:52,238 - INFO - CaseID:1956 - 整体结果: PASS | 详情: 所有字段校验通过
2026-02-27 00:16:54,231 - INFO - CaseID:1957 - QUERY字段：基础语义模糊匹配通过
2026-02-27 00:16:54,231 - INFO - CaseID:1957 - 整体结果: PASS | 详情: 所有字段校验通过
2026-02-27 00:16:56,131 - INFO - CaseID:1958 - QUERY字段：基础语义模糊匹配通过
2026-02-27 00:16:56,132 - INFO - CaseID:1958 - 整体结果: PASS | 详情: 所有字段校验通过
2026-02-27 00:16:57,888 - INFO - CaseID:1959 - QUERY字段：基础语义模糊匹配通过
2026-02-27 00:16:57,889 - INFO - CaseID:1959 - 整体结果: PASS | 详情: 所有字段校验通过
2026-02-27 00:17:00,131 - INFO - CaseID:1960 - QUERY字段：基础语义模糊匹配通过
2026-02-27 00:17:00,131 - INFO - CaseID:1960 - 整体结果: PASS | 详情: 所有字段校验通过
2026-02-27 00:17:04,012 - INFO - CaseID:1961 - QUERY字段：语义匹配失败，但visual_search链路意图匹配通过
2026-02-27 00:17:04,013 - INFO - CaseID:1961 - 整体结果: PASS | 详情: 所有字段校验通过
2026-02-27 00:17:05,958 - INFO - CaseID:1962 - 整体结果: FAILED | 详情: APINAME不匹配：预期[visual_search]，实际[AUTOSearch]; CATEGORY不匹配：一方为空 - 预期[]，实际[汽车]; QUERY不匹配：基础语义模糊匹配失败 - 预期[牌子上写的有什么特别的吗]，实际[理想汽车品牌标识的特殊含义]; TAG不匹配：一方为空 - 预期[]，实际[理想汽车&品牌标识&特殊含义]
2026-02-27 00:17:07,878 - INFO - CaseID:1963 - QUERY字段：基础语义模糊匹配通过
2026-02-27 00:17:07,878 - INFO - CaseID:1963 - 整体结果: PASS | 详情: 所有字段校验通过
2026-02-27 00:17:09,849 - INFO - CaseID:1964 - QUERY字段：基础语义模糊匹配通过
2026-02-27 00:17:09,849 - INFO - CaseID:1964 - 整体结果: PASS | 详情: 所有字段校验通过
2026-02-27 00:17:14,304 - INFO - CaseID:1965 - QUERY字段：语义匹配失败，但visual_search链路意图匹配通过
2026-02-27 00:17:14,305 - INFO - CaseID:1965 - 整体结果: PASS | 详情: 所有字段校验通过
2026-02-27 00:17:16,108 - INFO - CaseID:1966 - QUERY字段：基础语义模糊匹配通过
2026-02-27 00:17:16,108 - INFO - CaseID:1966 - 整体结果: PASS | 详情: 所有字段校验通过
2026-02-27 00:17:18,043 - INFO - CaseID:1967 - QUERY字段：基础语义模糊匹配通过
2026-02-27 00:17:18,043 - INFO - CaseID:1967 - 整体结果: PASS | 详情: 所有字段校验通过
2026-02-27 00:17:19,989 - INFO - CaseID:1968 - QUERY字段：基础语义模糊匹配通过
2026-02-27 00:17:19,989 - INFO - CaseID:1968 - 整体结果: PASS | 详情: 所有字段校验通过
2026-02-27 00:17:19,990 - INFO - CaseID:1969 - 整体结果: FAILED | 详情: 模型输出核心字段全为空，判定不通过
2026-02-27 00:17:22,691 - INFO - CaseID:1970 - QUERY字段：基础语义模糊匹配通过
2026-02-27 00:17:22,691 - INFO - CaseID:1970 - 整体结果: PASS | 详情: 所有字段校验通过
2026-02-27 00:17:24,592 - INFO - CaseID:1971 - QUERY字段：基础语义模糊匹配通过
2026-02-27 00:17:24,593 - INFO - CaseID:1971 - 整体结果: PASS | 详情: 所有字段校验通过
2026-02-27 00:17:26,257 - INFO - CaseID:1972 - QUERY字段：基础语义模糊匹配通过
2026-02-27 00:17:26,258 - INFO - CaseID:1972 - 整体结果: PASS | 详情: 所有字段校验通过
2026-02-27 00:17:28,299 - INFO - CaseID:1973 - QUERY字段：基础语义模糊匹配通过
2026-02-27 00:17:28,299 - INFO - CaseID:1973 - 整体结果: PASS | 详情: 所有字段校验通过
2026-02-27 00:17:30,124 - INFO - CaseID:1974 - QUERY字段：基础语义模糊匹配通过
2026-02-27 00:17:30,125 - INFO - CaseID:1974 - 整体结果: PASS | 详情: 所有字段校验通过
2026-02-27 00:17:32,172 - INFO - CaseID:1975 - QUERY字段：基础语义模糊匹配通过
2026-02-27 00:17:32,172 - INFO - CaseID:1975 - 整体结果: PASS | 详情: 所有字段校验通过
2026-02-27 00:17:34,118 - INFO - CaseID:1976 - QUERY字段：基础语义模糊匹配通过
2026-02-27 00:17:34,118 - INFO - CaseID:1976 - 整体结果: PASS | 详情: 所有字段校验通过
2026-02-27 00:17:36,223 - INFO - CaseID:1977 - QUERY字段：基础语义模糊匹配通过
2026-02-27 00:17:36,223 - INFO - CaseID:1977 - 整体结果: PASS | 详情: 所有字段校验通过
2026-02-27 00:17:41,745 - INFO - CaseID:1978 - QUERY字段：语义匹配失败，但visual_search链路意图匹配通过
2026-02-27 00:17:41,746 - INFO - CaseID:1978 - 整体结果: PASS | 详情: 所有字段校验通过
2026-02-27 00:17:41,746 - INFO - CaseID:1979 - 整体结果: FAILED | 详情: 模型输出核心字段全为空，判定不通过
2026-02-27 00:17:43,765 - INFO - CaseID:1980 - QUERY字段：基础语义模糊匹配通过
2026-02-27 00:17:43,765 - INFO - CaseID:1980 - 整体结果: PASS | 详情: 所有字段校验通过
2026-02-27 00:17:46,099 - INFO - CaseID:1981 - QUERY字段：基础语义模糊匹配通过
2026-02-27 00:17:46,099 - INFO - CaseID:1981 - 整体结果: PASS | 详情: 所有字段校验通过
2026-02-27 00:17:48,544 - INFO - CaseID:1982 - QUERY字段：基础语义模糊匹配通过
2026-02-27 00:17:48,544 - INFO - CaseID:1982 - 整体结果: FAILED | 详情: APINAME不匹配：预期[visual_search]，实际[AUTOSearch]; CATEGORY不匹配：一方为空 - 预期[]，实际[汽车]; TAG不匹配：一方为空 - 预期[]，实际[道路]
2026-02-27 00:17:50,657 - INFO - CaseID:1983 - QUERY字段：基础语义模糊匹配通过
2026-02-27 00:17:50,657 - INFO - CaseID:1983 - 整体结果: PASS | 详情: 所有字段校验通过
2026-02-27 00:17:52,652 - INFO - CaseID:1984 - QUERY字段：基础语义模糊匹配通过
2026-02-27 00:17:52,653 - INFO - CaseID:1984 - 整体结果: PASS | 详情: 所有字段校验通过
2026-02-27 00:17:56,952 - INFO - CaseID:1985 - QUERY字段：语义匹配失败，但visual_search链路意图匹配通过
2026-02-27 00:17:56,953 - INFO - CaseID:1985 - 整体结果: PASS | 详情: 所有字段校验通过
2026-02-27 00:17:58,949 - INFO - CaseID:1986 - QUERY字段：基础语义模糊匹配通过
2026-02-27 00:17:58,949 - INFO - CaseID:1986 - 整体结果: PASS | 详情: 所有字段校验通过
2026-02-27 00:18:00,733 - INFO - CaseID:1987 - QUERY字段：基础语义模糊匹配通过
2026-02-27 00:18:00,735 - INFO - CaseID:1987 - 整体结果: PASS | 详情: 所有字段校验通过
2026-02-27 00:18:05,303 - INFO - CaseID:1988 - QUERY字段：语义匹配失败，但visual_search链路意图匹配通过
2026-02-27 00:18:05,303 - INFO - CaseID:1988 - 整体结果: PASS | 详情: 所有字段校验通过
2026-02-27 00:18:07,727 - INFO - CaseID:1989 - QUERY字段：基础语义模糊匹配通过
2026-02-27 00:18:07,728 - INFO - CaseID:1989 - 整体结果: PASS | 详情: 所有字段校验通过
2026-02-27 00:18:09,629 - INFO - CaseID:1990 - QUERY字段：基础语义模糊匹配通过
2026-02-27 00:18:09,630 - INFO - CaseID:1990 - 整体结果: PASS | 详情: 所有字段校验通过
2026-02-27 00:18:11,277 - INFO - CaseID:1991 - QUERY字段：基础语义模糊匹配通过
2026-02-27 00:18:11,278 - INFO - CaseID:1991 - 整体结果: FAILED | 详情: APINAME不匹配：预期[visual_search]，实际[AUTOSearch]; CATEGORY不匹配：一方为空 - 预期[]，实际[汽车]; TAG不匹配：一方为空 - 预期[]，实际[右边牌子&写的东西&意思]
2026-02-27 00:18:13,236 - INFO - CaseID:1992 - QUERY字段：基础语义模糊匹配通过
2026-02-27 00:18:13,237 - INFO - CaseID:1992 - 整体结果: PASS | 详情: 所有字段校验通过
2026-02-27 00:18:17,068 - INFO - CaseID:1993 - QUERY字段：语义匹配失败，但visual_search链路意图匹配通过
2026-02-27 00:18:17,069 - INFO - CaseID:1993 - 整体结果: PASS | 详情: 所有字段校验通过
2026-02-27 00:18:20,930 - INFO - CaseID:1994 - QUERY字段：语义匹配失败，但visual_search链路意图匹配通过
2026-02-27 00:18:20,931 - INFO - CaseID:1994 - 整体结果: PASS | 详情: 所有字段校验通过
2026-02-27 00:18:22,883 - INFO - CaseID:1995 - QUERY字段：基础语义模糊匹配通过
2026-02-27 00:18:22,883 - INFO - CaseID:1995 - 整体结果: PASS | 详情: 所有字段校验通过
2026-02-27 00:18:26,478 - INFO - CaseID:1996 - QUERY字段：语义匹配失败，但visual_search链路意图匹配通过
2026-02-27 00:18:26,479 - INFO - CaseID:1996 - 整体结果: PASS | 详情: 所有字段校验通过
2026-02-27 00:18:30,338 - INFO - CaseID:1997 - QUERY字段：语义匹配失败，但visual_search链路意图匹配通过
2026-02-27 00:18:30,338 - INFO - CaseID:1997 - 整体结果: PASS | 详情: 所有字段校验通过
2026-02-27 00:18:30,339 - INFO - CaseID:1998 - 整体结果: FAILED | 详情: 模型输出核心字段全为空，判定不通过
2026-02-27 00:18:34,068 - INFO - CaseID:1999 - QUERY字段：语义匹配失败，但visual_search链路意图匹配通过
2026-02-27 00:18:34,068 - INFO - CaseID:1999 - 整体结果: PASS | 详情: 所有字段校验通过
2026-02-27 00:18:34,069 - INFO - 已处理2000行，休眠5秒降低压力...
2026-02-27 00:18:41,703 - INFO - CaseID:2000 - QUERY字段：语义匹配失败，但visual_search链路意图匹配通过
2026-02-27 00:18:41,704 - INFO - CaseID:2000 - 整体结果: PASS | 详情: 所有字段校验通过
2026-02-27 00:18:41,704 - INFO - 已处理2000条用例，当前通过数：1316
