2026-02-26 17:40:16,787 - INFO - === 看世界规划对比工具（最终版）启动 ===
2026-02-26 17:40:16,933 - INFO - 成功加载飞书表格
2026-02-26 17:40:19,956 - INFO - CaseID:1 - 整体结果: PASS | 详情: 所有字段校验通过
2026-02-26 17:40:21,923 - INFO - CaseID:2 - 整体结果: PASS | 详情: 所有字段校验通过
2026-02-26 17:40:23,935 - INFO - CaseID:3 - 整体结果: PASS | 详情: 所有字段校验通过
2026-02-26 17:40:26,220 - INFO - CaseID:4 - 整体结果: PASS | 详情: 所有字段校验通过
2026-02-26 17:40:28,105 - INFO - CaseID:5 - 整体结果: PASS | 详情: 所有字段校验通过
2026-02-26 17:40:30,195 - INFO - CaseID:6 - 整体结果: PASS | 详情: 所有字段校验通过
2026-02-26 17:40:32,238 - INFO - CaseID:7 - 整体结果: PASS | 详情: 所有字段校验通过
2026-02-26 17:40:34,697 - INFO - CaseID:8 - 整体结果: PASS | 详情: 所有字段校验通过
2026-02-26 17:40:36,744 - INFO - CaseID:9 - 整体结果: PASS | 详情: 所有字段校验通过
2026-02-26 17:40:38,763 - INFO - CaseID:10 - 整体结果: PASS | 详情: 所有字段校验通过
2026-02-26 17:40:40,841 - INFO - CaseID:11 - 整体结果: PASS | 详情: 所有字段校验通过
2026-02-26 17:40:42,684 - INFO - CaseID:12 - 整体结果: PASS | 详情: 所有字段校验通过
2026-02-26 17:40:44,732 - INFO - CaseID:13 - 整体结果: PASS | 详情: 所有字段校验通过
2026-02-26 17:40:46,780 - INFO - CaseID:14 - 整体结果: PASS | 详情: 所有字段校验通过
2026-02-26 17:40:48,911 - INFO - CaseID:15 - 整体结果: PASS | 详情: 所有字段校验通过
2026-02-26 17:40:51,080 - INFO - CaseID:16 - 整体结果: PASS | 详情: 所有字段校验通过
2026-02-26 17:40:53,038 - INFO - CaseID:17 - 整体结果: PASS | 详情: 所有字段校验通过
2026-02-26 17:40:55,087 - INFO - CaseID:18 - 整体结果: FAILED | 详情: APINAME不匹配：预期[visual_search]，实际[QASearch]; CATEGORY不匹配：一方为空 - 预期[]，实际[生物]; TAG不匹配：一方为空 - 预期[]，实际[发财树&养护方法]
2026-02-26 17:40:56,819 - INFO - CaseID:19 - 整体结果: PASS | 详情: 所有字段校验通过
2026-02-26 17:40:58,833 - INFO - CaseID:20 - 整体结果: PASS | 详情: 所有字段校验通过
2026-02-26 17:41:01,162 - INFO - CaseID:21 - 整体结果: PASS | 详情: 所有字段校验通过
2026-02-26 17:41:03,164 - INFO - CaseID:22 - 整体结果: PASS | 详情: 所有字段校验通过
2026-02-26 17:41:05,212 - INFO - CaseID:23 - 整体结果: PASS | 详情: 所有字段校验通过
2026-02-26 17:41:07,174 - INFO - CaseID:24 - 整体结果: PASS | 详情: 所有字段校验通过
2026-02-26 17:41:09,462 - INFO - CaseID:25 - 整体结果: PASS | 详情: 所有字段校验通过
2026-02-26 17:41:09,462 - INFO - CaseID:26 - 整体结果: FAILED | 详情: 模型输出核心字段全为空，判定不通过; APINAME不匹配：预期[visual_search]，实际[]; QUERY语义不匹配：预期[这个的名字由来]，实际[]
2026-02-26 17:41:11,880 - INFO - CaseID:27 - 整体结果: PASS | 详情: 所有字段校验通过
2026-02-26 17:41:15,066 - INFO - CaseID:28 - 整体结果: PASS | 详情: 所有字段校验通过
2026-02-26 17:41:17,020 - INFO - CaseID:29 - 整体结果: PASS | 详情: 所有字段校验通过
2026-02-26 17:41:19,251 - INFO - CaseID:30 - 整体结果: PASS | 详情: 所有字段校验通过
2026-02-26 17:41:21,207 - INFO - CaseID:31 - 整体结果: PASS | 详情: 所有字段校验通过
2026-02-26 17:41:23,216 - INFO - CaseID:32 - 整体结果: PASS | 详情: 所有字段校验通过
2026-02-26 17:41:25,136 - INFO - CaseID:33 - 整体结果: PASS | 详情: 所有字段校验通过
2026-02-26 17:41:27,239 - INFO - CaseID:34 - 整体结果: PASS | 详情: 所有字段校验通过
2026-02-26 17:41:29,379 - INFO - CaseID:35 - 整体结果: PASS | 详情: 所有字段校验通过
2026-02-26 17:41:31,294 - INFO - CaseID:36 - 整体结果: PASS | 详情: 所有字段校验通过
2026-02-26 17:41:33,218 - INFO - CaseID:37 - 整体结果: PASS | 详情: 所有字段校验通过
2026-02-26 17:41:35,936 - INFO - CaseID:38 - 整体结果: PASS | 详情: 所有字段校验通过
2026-02-26 17:41:37,963 - INFO - CaseID:39 - 整体结果: PASS | 详情: 所有字段校验通过
2026-02-26 17:41:40,858 - INFO - CaseID:40 - 整体结果: PASS | 详情: 所有字段校验通过
2026-02-26 17:41:42,691 - INFO - CaseID:41 - 整体结果: FAILED | 详情: APINAME不匹配：预期[visual_search]，实际[QASearch]; CATEGORY不匹配：一方为空 - 预期[]，实际[生物]; TAG不匹配：一方为空 - 预期[]，实际[树干&开花&原因]
2026-02-26 17:41:45,134 - INFO - CaseID:42 - 整体结果: PASS | 详情: 所有字段校验通过
2026-02-26 17:41:46,992 - INFO - CaseID:43 - 整体结果: FAILED | 详情: QUERY语义不匹配：预期[识别当前摄像头画面中的物体或场景]，实际[这个一般哪里有]
2026-02-26 17:41:49,007 - INFO - CaseID:44 - 整体结果: PASS | 详情: 所有字段校验通过
2026-02-26 17:41:50,887 - INFO - CaseID:45 - 整体结果: PASS | 详情: 所有字段校验通过
2026-02-26 17:41:52,932 - INFO - CaseID:46 - 整体结果: PASS | 详情: 所有字段校验通过
2026-02-26 17:41:54,980 - INFO - CaseID:47 - 整体结果: PASS | 详情: 所有字段校验通过
2026-02-26 17:41:56,825 - INFO - CaseID:48 - 整体结果: PASS | 详情: 所有字段校验通过
2026-02-26 17:41:58,970 - INFO - CaseID:49 - 整体结果: PASS | 详情: 所有字段校验通过
2026-02-26 17:42:00,921 - INFO - CaseID:50 - 整体结果: PASS | 详情: 所有字段校验通过
2026-02-26 17:42:03,173 - INFO - CaseID:51 - 整体结果: PASS | 详情: 所有字段校验通过
2026-02-26 17:42:05,223 - INFO - CaseID:52 - 整体结果: PASS | 详情: 所有字段校验通过
2026-02-26 17:42:07,246 - INFO - CaseID:53 - 整体结果: PASS | 详情: 所有字段校验通过
2026-02-26 17:42:09,252 - INFO - CaseID:54 - 整体结果: FAILED | 详情: QUERY语义不匹配：预期[识别车牌并判断车辆归属地]，实际[识别当前摄像头画面中的车牌信息]
2026-02-26 17:42:11,319 - INFO - CaseID:55 - 整体结果: PASS | 详情: 所有字段校验通过
2026-02-26 17:42:13,871 - INFO - CaseID:56 - 整体结果: PASS | 详情: 所有字段校验通过
2026-02-26 17:42:15,852 - INFO - CaseID:57 - 整体结果: PASS | 详情: 所有字段校验通过
2026-02-26 17:42:18,414 - INFO - CaseID:58 - 整体结果: PASS | 详情: 所有字段校验通过
2026-02-26 17:42:20,295 - INFO - CaseID:59 - 整体结果: PASS | 详情: 所有字段校验通过
2026-02-26 17:42:22,335 - INFO - CaseID:60 - 整体结果: FAILED | 详情: QUERY语义不匹配：预期[识别当前摄像头画面中前面的车辆品牌和型号]，实际[识别当前摄像头画面中前面的那辆车]
2026-02-26 17:42:24,316 - INFO - CaseID:61 - 整体结果: PASS | 详情: 所有字段校验通过
2026-02-26 17:42:26,110 - INFO - CaseID:62 - 整体结果: FAILED | 详情: QUERY语义不匹配：预期[识别当前摄像头画面中的车辆品牌和型号]，实际[这车卖多少钱]
2026-02-26 17:42:28,143 - INFO - CaseID:63 - 整体结果: PASS | 详情: 所有字段校验通过
2026-02-26 17:42:30,001 - INFO - CaseID:64 - 整体结果: PASS | 详情: 所有字段校验通过
2026-02-26 17:42:32,253 - INFO - CaseID:65 - 整体结果: PASS | 详情: 所有字段校验通过
2026-02-26 17:42:34,302 - INFO - CaseID:66 - 整体结果: PASS | 详情: 所有字段校验通过
2026-02-26 17:42:37,160 - INFO - CaseID:67 - 整体结果: PASS | 详情: 所有字段校验通过
2026-02-26 17:42:39,216 - INFO - CaseID:68 - 整体结果: PASS | 详情: 所有字段校验通过
2026-02-26 17:42:41,060 - INFO - CaseID:69 - 整体结果: PASS | 详情: 所有字段校验通过
2026-02-26 17:42:43,174 - INFO - CaseID:70 - 整体结果: PASS | 详情: 所有字段校验通过
2026-02-26 17:42:46,487 - INFO - CaseID:71 - 整体结果: PASS | 详情: 所有字段校验通过
2026-02-26 17:42:48,637 - INFO - CaseID:72 - 整体结果: PASS | 详情: 所有字段校验通过
2026-02-26 17:42:51,098 - INFO - CaseID:73 - 整体结果: PASS | 详情: 所有字段校验通过
2026-02-26 17:42:53,103 - INFO - CaseID:74 - 整体结果: PASS | 详情: 所有字段校验通过
2026-02-26 17:42:55,645 - INFO - CaseID:75 - 整体结果: PASS | 详情: 所有字段校验通过
2026-02-26 17:42:57,331 - INFO - CaseID:76 - 整体结果: PASS | 详情: 所有字段校验通过
2026-02-26 17:42:59,717 - INFO - CaseID:77 - 整体结果: PASS | 详情: 所有字段校验通过
2026-02-26 17:43:01,712 - INFO - CaseID:78 - 整体结果: PASS | 详情: 所有字段校验通过
2026-02-26 17:43:03,628 - INFO - CaseID:79 - 整体结果: PASS | 详情: 所有字段校验通过
2026-02-26 17:43:06,253 - INFO - CaseID:80 - 整体结果: FAILED | 详情: QUERY语义不匹配：预期[能告诉我车牌号码吗]，实际[识别当前摄像头画面中的车牌号码]
2026-02-26 17:43:08,294 - INFO - CaseID:81 - 整体结果: PASS | 详情: 所有字段校验通过
2026-02-26 17:43:11,096 - INFO - CaseID:82 - 整体结果: PASS | 详情: 所有字段校验通过
2026-02-26 17:43:13,147 - INFO - CaseID:83 - 整体结果: PASS | 详情: 所有字段校验通过
2026-02-26 17:43:15,262 - INFO - CaseID:84 - 整体结果: PASS | 详情: 所有字段校验通过
2026-02-26 17:43:17,116 - INFO - CaseID:85 - 整体结果: PASS | 详情: 所有字段校验通过
2026-02-26 17:43:19,359 - INFO - CaseID:86 - 整体结果: PASS | 详情: 所有字段校验通过
2026-02-26 17:43:21,266 - INFO - CaseID:87 - 整体结果: PASS | 详情: 所有字段校验通过
2026-02-26 17:43:23,275 - INFO - CaseID:88 - 整体结果: PASS | 详情: 所有字段校验通过
2026-02-26 17:43:25,138 - INFO - CaseID:89 - 整体结果: FAILED | 详情: QUERY语义不匹配：预期[识别当前摄像头画面中的车辆品牌和型号]，实际[识别当前摄像头画面中的车辆]
2026-02-26 17:43:27,328 - INFO - CaseID:90 - 整体结果: PASS | 详情: 所有字段校验通过
2026-02-26 17:43:30,009 - INFO - CaseID:91 - 整体结果: PASS | 详情: 所有字段校验通过
2026-02-26 17:43:31,853 - INFO - CaseID:92 - 整体结果: PASS | 详情: 所有字段校验通过
2026-02-26 17:43:34,106 - INFO - CaseID:93 - 整体结果: PASS | 详情: 所有字段校验通过
2026-02-26 17:43:37,973 - INFO - CaseID:94 - 整体结果: PASS | 详情: 所有字段校验通过
2026-02-26 17:43:40,042 - INFO - CaseID:95 - 整体结果: PASS | 详情: 所有字段校验通过
2026-02-26 17:43:42,091 - INFO - CaseID:96 - 整体结果: PASS | 详情: 所有字段校验通过
2026-02-26 17:43:43,895 - INFO - CaseID:97 - 整体结果: PASS | 详情: 所有字段校验通过
2026-02-26 17:43:45,982 - INFO - CaseID:98 - 整体结果: PASS | 详情: 所有字段校验通过
2026-02-26 17:43:47,835 - INFO - CaseID:99 - 整体结果: PASS | 详情: 所有字段校验通过
2026-02-26 17:43:47,836 - INFO - 已处理100行，休眠5秒降低压力...
2026-02-26 17:43:53,790 - INFO - CaseID:100 - 整体结果: PASS | 详情: 所有字段校验通过
2026-02-26 17:43:55,813 - INFO - CaseID:101 - 整体结果: PASS | 详情: 所有字段校验通过
2026-02-26 17:43:57,836 - INFO - CaseID:102 - 整体结果: PASS | 详情: 所有字段校验通过
2026-02-26 17:43:59,760 - INFO - CaseID:103 - 整体结果: PASS | 详情: 所有字段校验通过
2026-02-26 17:44:01,569 - INFO - CaseID:104 - 整体结果: PASS | 详情: 所有字段校验通过
2026-02-26 17:44:03,593 - INFO - CaseID:105 - 整体结果: PASS | 详情: 所有字段校验通过
2026-02-26 17:44:05,850 - INFO - CaseID:106 - 整体结果: PASS | 详情: 所有字段校验通过
2026-02-26 17:44:07,899 - INFO - CaseID:107 - 整体结果: PASS | 详情: 所有字段校验通过
2026-02-26 17:44:09,785 - INFO - CaseID:108 - 整体结果: PASS | 详情: 所有字段校验通过
2026-02-26 17:44:11,737 - INFO - CaseID:109 - 整体结果: PASS | 详情: 所有字段校验通过
2026-02-26 17:44:13,837 - INFO - CaseID:110 - 整体结果: PASS | 详情: 所有字段校验通过
2026-02-26 17:44:15,678 - INFO - CaseID:111 - 整体结果: PASS | 详情: 所有字段校验通过
2026-02-26 17:44:17,727 - INFO - CaseID:112 - 整体结果: PASS | 详情: 所有字段校验通过
2026-02-26 17:44:19,776 - INFO - CaseID:113 - 整体结果: PASS | 详情: 所有字段校验通过
2026-02-26 17:44:21,824 - INFO - CaseID:114 - 整体结果: PASS | 详情: 所有字段校验通过
2026-02-26 17:44:23,871 - INFO - CaseID:115 - 整体结果: PASS | 详情: 所有字段校验通过
2026-02-26 17:44:25,919 - INFO - CaseID:116 - 整体结果: PASS | 详情: 所有字段校验通过
2026-02-26 17:44:27,924 - INFO - CaseID:117 - 整体结果: PASS | 详情: 所有字段校验通过
2026-02-26 17:44:29,809 - INFO - CaseID:118 - 整体结果: PASS | 详情: 所有字段校验通过
2026-02-26 17:44:31,764 - INFO - CaseID:119 - 整体结果: PASS | 详情: 所有字段校验通过
2026-02-26 17:44:33,910 - INFO - CaseID:120 - 整体结果: PASS | 详情: 所有字段校验通过
2026-02-26 17:44:35,623 - INFO - CaseID:121 - 整体结果: PASS | 详情: 所有字段校验通过
2026-02-26 17:44:37,644 - INFO - CaseID:122 - 整体结果: PASS | 详情: 所有字段校验通过
2026-02-26 17:44:39,846 - INFO - CaseID:123 - 整体结果: PASS | 详情: 所有字段校验通过
2026-02-26 17:44:42,917 - INFO - CaseID:124 - 整体结果: PASS | 详情: 所有字段校验通过
2026-02-26 17:44:44,954 - INFO - CaseID:125 - 整体结果: PASS | 详情: 所有字段校验通过
2026-02-26 17:44:47,014 - INFO - CaseID:126 - 整体结果: PASS | 详情: 所有字段校验通过
2026-02-26 17:44:48,907 - INFO - CaseID:127 - 整体结果: FAILED | 详情: QUERY语义不匹配：预期[你喜欢他吗]，实际[当前画面中是否有明确的“他”指代对象？]
2026-02-26 17:44:51,564 - INFO - CaseID:128 - 整体结果: PASS | 详情: 所有字段校验通过
2026-02-26 17:44:53,453 - INFO - CaseID:129 - 整体结果: PASS | 详情: 所有字段校验通过
2026-02-26 17:44:55,617 - INFO - CaseID:130 - 整体结果: PASS | 详情: 所有字段校验通过
2026-02-26 17:44:57,663 - INFO - CaseID:131 - 整体结果: FAILED | 详情: QUERY语义不匹配：预期[识别当前摄像头画面中的物体或生物]，实际[这是中国本土的品种吗]
2026-02-26 17:44:59,430 - INFO - CaseID:132 - 整体结果: PASS | 详情: 所有字段校验通过
2026-02-26 17:45:01,499 - INFO - CaseID:133 - 整体结果: PASS | 详情: 所有字段校验通过
2026-02-26 17:45:03,398 - INFO - CaseID:134 - 整体结果: PASS | 详情: 所有字段校验通过
2026-02-26 17:45:05,502 - INFO - CaseID:135 - 整体结果: PASS | 详情: 所有字段校验通过
2026-02-26 17:45:07,427 - INFO - CaseID:136 - 整体结果: PASS | 详情: 所有字段校验通过
2026-02-26 17:45:09,405 - INFO - CaseID:137 - 整体结果: FAILED | 详情: QUERY语义不匹配：预期[分析当前摄像头画面中这只猫的行为和表情，推测它可能的心理活动]，实际[这只猫心里在琢磨什么]
2026-02-26 17:45:11,390 - INFO - CaseID:138 - 整体结果: PASS | 详情: 所有字段校验通过
2026-02-26 17:45:13,183 - INFO - CaseID:139 - 整体结果: PASS | 详情: 所有字段校验通过
2026-02-26 17:45:15,194 - INFO - CaseID:140 - 整体结果: PASS | 详情: 所有字段校验通过
2026-02-26 17:45:17,220 - INFO - CaseID:141 - 整体结果: PASS | 详情: 所有字段校验通过
2026-02-26 17:45:19,170 - INFO - CaseID:142 - 整体结果: PASS | 详情: 所有字段校验通过
2026-02-26 17:45:21,108 - INFO - CaseID:143 - 整体结果: PASS | 详情: 所有字段校验通过
2026-02-26 17:45:23,145 - INFO - CaseID:144 - 整体结果: PASS | 详情: 所有字段校验通过
2026-02-26 17:45:25,108 - INFO - CaseID:145 - 整体结果: PASS | 详情: 所有字段校验通过
2026-02-26 17:45:26,959 - INFO - CaseID:146 - 整体结果: PASS | 详情: 所有字段校验通过
2026-02-26 17:45:28,918 - INFO - CaseID:147 - 整体结果: FAILED | 详情: QUERY语义不匹配：预期[分析当前摄像头画面中猫的行为和表情，推测其可能的心理活动]，实际[这只猫现在脑子里在转什么念头]
2026-02-26 17:45:30,843 - INFO - CaseID:148 - 整体结果: PASS | 详情: 所有字段校验通过
2026-02-26 17:45:32,892 - INFO - CaseID:149 - 整体结果: PASS | 详情: 所有字段校验通过
2026-02-26 17:45:34,939 - INFO - CaseID:150 - 整体结果: PASS | 详情: 所有字段校验通过
2026-02-26 17:45:37,190 - INFO - CaseID:151 - 整体结果: PASS | 详情: 所有字段校验通过
2026-02-26 17:45:39,133 - INFO - CaseID:152 - 整体结果: PASS | 详情: 所有字段校验通过
2026-02-26 17:45:40,877 - INFO - CaseID:153 - 整体结果: PASS | 详情: 所有字段校验通过
2026-02-26 17:45:42,925 - INFO - CaseID:154 - 整体结果: FAILED | 详情: QUERY语义不匹配：预期[你喜欢这只猫吗]，实际[识别当前摄像头画面中的猫]
2026-02-26 17:45:44,663 - INFO - CaseID:155 - 整体结果: PASS | 详情: 所有字段校验通过
2026-02-26 17:45:47,021 - INFO - CaseID:156 - 整体结果: PASS | 详情: 所有字段校验通过
2026-02-26 17:45:49,069 - INFO - CaseID:157 - 整体结果: PASS | 详情: 所有字段校验通过
2026-02-26 17:45:51,117 - INFO - CaseID:158 - 整体结果: PASS | 详情: 所有字段校验通过
2026-02-26 17:45:53,019 - INFO - CaseID:159 - 整体结果: FAILED | 详情: QUERY语义不匹配：预期[分析当前摄像头画面中英短猫的行为和表情，判断是否表现出攻击性]，实际[分析当前摄像头画面中英短的行为或表情，判断是否表现出攻击性]
2026-02-26 17:45:55,008 - INFO - CaseID:160 - 整体结果: PASS | 详情: 所有字段校验通过
2026-02-26 17:45:58,080 - INFO - CaseID:161 - 整体结果: PASS | 详情: 所有字段校验通过
2026-02-26 17:45:59,926 - INFO - CaseID:162 - 整体结果: PASS | 详情: 所有字段校验通过
2026-02-26 17:46:01,880 - INFO - CaseID:163 - 整体结果: PASS | 详情: 所有字段校验通过
2026-02-26 17:46:04,225 - INFO - CaseID:164 - 整体结果: PASS | 详情: 所有字段校验通过
2026-02-26 17:46:06,273 - INFO - CaseID:165 - 整体结果: FAILED | 详情: QUERY语义不匹配：预期[他好可爱啊]，实际[识别当前摄像头画面中用户认为“好可爱”的对象]
2026-02-26 17:46:08,187 - INFO - CaseID:166 - 整体结果: PASS | 详情: 所有字段校验通过
2026-02-26 17:46:10,573 - INFO - CaseID:167 - 整体结果: PASS | 详情: 所有字段校验通过
2026-02-26 17:46:12,621 - INFO - CaseID:168 - 整体结果: PASS | 详情: 所有字段校验通过
2026-02-26 17:46:14,464 - INFO - CaseID:169 - 整体结果: FAILED | 详情: QUERY语义不匹配：预期[辨认这株植物的种类]，实际[辨认这株植物]
2026-02-26 17:46:16,513 - INFO - CaseID:170 - 整体结果: PASS | 详情: 所有字段校验通过
2026-02-26 17:46:18,533 - INFO - CaseID:171 - 整体结果: PASS | 详情: 所有字段校验通过
2026-02-26 17:46:20,810 - INFO - CaseID:172 - 整体结果: PASS | 详情: 所有字段校验通过
2026-02-26 17:46:22,659 - INFO - CaseID:173 - 整体结果: PASS | 详情: 所有字段校验通过
2026-02-26 17:46:24,486 - INFO - CaseID:174 - 整体结果: PASS | 详情: 所有字段校验通过
2026-02-26 17:46:26,858 - INFO - CaseID:175 - 整体结果: PASS | 详情: 所有字段校验通过
2026-02-26 17:46:28,783 - INFO - CaseID:176 - 整体结果: FAILED | 详情: QUERY语义不匹配：预期[识别当前摄像头画面中的植物或生物]，实际[这个好养吗]
2026-02-26 17:46:30,791 - INFO - CaseID:177 - 整体结果: PASS | 详情: 所有字段校验通过
2026-02-26 17:46:33,105 - INFO - CaseID:178 - 整体结果: PASS | 详情: 所有字段校验通过
2026-02-26 17:46:35,803 - INFO - CaseID:179 - 整体结果: PASS | 详情: 所有字段校验通过
2026-02-26 17:46:35,803 - INFO - CaseID:180 - 整体结果: FAILED | 详情: 模型输出核心字段全为空，判定不通过; APINAME不匹配：预期[visual_search]，实际[]; QUERY语义不匹配：预期[这个名字的来源是什么]，实际[]
2026-02-26 17:46:37,700 - INFO - CaseID:181 - 整体结果: PASS | 详情: 所有字段校验通过
2026-02-26 17:46:39,655 - INFO - CaseID:182 - 整体结果: PASS | 详情: 所有字段校验通过
2026-02-26 17:46:41,721 - INFO - CaseID:183 - 整体结果: PASS | 详情: 所有字段校验通过
2026-02-26 17:46:43,439 - INFO - CaseID:184 - 整体结果: FAILED | 详情: QUERY语义不匹配：预期[你喜欢它不]，实际[当前画面中主要显示的对象是什么？]
2026-02-26 17:46:45,605 - INFO - CaseID:185 - 整体结果: PASS | 详情: 所有字段校验通过
2026-02-26 17:46:47,669 - INFO - CaseID:186 - 整体结果: FAILED | 详情: QUERY语义不匹配：预期[识别当前摄像头画面中的动物，并判断是否为保护动物]，实际[当前摄像头画面中的动物是什么？]
2026-02-26 17:46:49,681 - INFO - CaseID:187 - 整体结果: PASS | 详情: 所有字段校验通过
2026-02-26 17:46:51,767 - INFO - CaseID:188 - 整体结果: FAILED | 详情: QUERY语义不匹配：预期[识别当前摄像头捕捉到的物体或动物]，实际[当前画面中的主体是什么？]
2026-02-26 17:46:53,595 - INFO - CaseID:189 - 整体结果: PASS | 详情: 所有字段校验通过
2026-02-26 17:46:56,470 - INFO - CaseID:190 - 整体结果: PASS | 详情: 所有字段校验通过
2026-02-26 17:46:58,392 - INFO - CaseID:191 - 整体结果: PASS | 详情: 所有字段校验通过
2026-02-26 17:47:00,391 - INFO - CaseID:192 - 整体结果: PASS | 详情: 所有字段校验通过
2026-02-26 17:47:02,294 - INFO - CaseID:193 - 整体结果: PASS | 详情: 所有字段校验通过
2026-02-26 17:47:04,446 - INFO - CaseID:194 - 整体结果: PASS | 详情: 所有字段校验通过
2026-02-26 17:47:06,388 - INFO - CaseID:195 - 整体结果: PASS | 详情: 所有字段校验通过
2026-02-26 17:47:09,489 - INFO - CaseID:196 - 整体结果: PASS | 详情: 所有字段校验通过
2026-02-26 17:47:11,620 - INFO - CaseID:197 - 整体结果: PASS | 详情: 所有字段校验通过
2026-02-26 17:47:13,577 - INFO - CaseID:198 - 整体结果: FAILED | 详情: QUERY语义不匹配：预期[它可爱吧]，实际[当前摄像头画面中的主体是什么？]
2026-02-26 17:47:15,726 - INFO - CaseID:199 - 整体结果: PASS | 详情: 所有字段校验通过
2026-02-26 17:47:15,727 - INFO - 已处理200行，休眠5秒降低压力...
2026-02-26 17:47:21,856 - INFO - CaseID:200 - 整体结果: PASS | 详情: 所有字段校验通过
2026-02-26 17:47:21,856 - INFO - 已处理200条用例，当前通过数：177
2026-02-26 17:47:24,100 - INFO - CaseID:201 - 整体结果: PASS | 详情: 所有字段校验通过
2026-02-26 17:47:26,163 - INFO - CaseID:202 - 整体结果: PASS | 详情: 所有字段校验通过
2026-02-26 17:47:28,104 - INFO - CaseID:203 - 整体结果: PASS | 详情: 所有字段校验通过
2026-02-26 17:47:30,575 - INFO - CaseID:204 - 整体结果: PASS | 详情: 所有字段校验通过
2026-02-26 17:47:32,300 - INFO - CaseID:205 - 整体结果: PASS | 详情: 所有字段校验通过
2026-02-26 17:47:34,351 - INFO - CaseID:206 - 整体结果: PASS | 详情: 所有字段校验通过
2026-02-26 17:47:36,404 - INFO - CaseID:207 - 整体结果: PASS | 详情: 所有字段校验通过
2026-02-26 17:47:38,438 - INFO - CaseID:208 - 整体结果: FAILED | 详情: QUERY语义不匹配：预期[它好让人喜欢呀]，实际[识别当前摄像头画面中的主要对象]
2026-02-26 17:47:40,698 - INFO - CaseID:209 - 整体结果: PASS | 详情: 所有字段校验通过
2026-02-26 17:47:42,338 - INFO - CaseID:210 - 整体结果: PASS | 详情: 所有字段校验通过
2026-02-26 17:47:44,375 - INFO - CaseID:211 - 整体结果: PASS | 详情: 所有字段校验通过
2026-02-26 17:47:46,159 - INFO - CaseID:212 - 整体结果: PASS | 详情: 所有字段校验通过
2026-02-26 17:47:48,216 - INFO - CaseID:213 - 整体结果: PASS | 详情: 所有字段校验通过
2026-02-26 17:47:50,527 - INFO - CaseID:214 - 整体结果: PASS | 详情: 所有字段校验通过
2026-02-26 17:47:52,772 - INFO - CaseID:215 - 整体结果: PASS | 详情: 所有字段校验通过
2026-02-26 17:47:54,709 - INFO - CaseID:216 - 整体结果: PASS | 详情: 所有字段校验通过
2026-02-26 17:47:56,457 - INFO - CaseID:217 - 整体结果: PASS | 详情: 所有字段校验通过
2026-02-26 17:47:59,143 - INFO - CaseID:218 - 整体结果: PASS | 详情: 所有字段校验通过
2026-02-26 17:48:00,962 - INFO - CaseID:219 - 整体结果: FAILED | 详情: QUERY语义不匹配：预期[识别当前摄像头画面中的薮猫特征]，实际[识别当前摄像头画面中的薮猫相关信息]
2026-02-26 17:48:03,018 - INFO - CaseID:220 - 整体结果: FAILED | 详情: QUERY语义不匹配：预期[我号喜欢它]，实际[识别当前摄像头画面中的主要对象]
2026-02-26 17:48:05,061 - INFO - CaseID:221 - 整体结果: PASS | 详情: 所有字段校验通过
2026-02-26 17:48:07,098 - INFO - CaseID:222 - 整体结果: PASS | 详情: 所有字段校验通过
2026-02-26 17:48:09,153 - INFO - CaseID:223 - 整体结果: PASS | 详情: 所有字段校验通过
2026-02-26 17:48:11,002 - INFO - CaseID:224 - 整体结果: PASS | 详情: 所有字段校验通过
2026-02-26 17:48:12,956 - INFO - CaseID:225 - 整体结果: FAILED | 详情: QUERY语义不匹配：预期[识别当前摄像头画面中的物体或动物]，实际[识别当前摄像头画面中的主体，并分析其喝水的方式]
2026-02-26 17:48:15,094 - INFO - CaseID:226 - 整体结果: PASS | 详情: 所有字段校验通过
2026-02-26 17:48:17,147 - INFO - CaseID:227 - 整体结果: PASS | 详情: 所有字段校验通过
2026-02-26 17:48:19,192 - INFO - CaseID:228 - 整体结果: PASS | 详情: 所有字段校验通过
2026-02-26 17:48:21,159 - INFO - CaseID:229 - 整体结果: PASS | 详情: 所有字段校验通过
2026-02-26 17:48:23,053 - INFO - CaseID:230 - 整体结果: PASS | 详情: 所有字段校验通过
2026-02-26 17:48:25,131 - INFO - CaseID:231 - 整体结果: PASS | 详情: 所有字段校验通过
2026-02-26 17:48:27,178 - INFO - CaseID:232 - 整体结果: PASS | 详情: 所有字段校验通过
2026-02-26 17:48:29,224 - INFO - CaseID:233 - 整体结果: FAILED | 详情: QUERY语义不匹配：预期[它是会飞的吧]，实际[当前画面中的物体是什么？它会飞吗？]
2026-02-26 17:48:31,188 - INFO - CaseID:234 - 整体结果: PASS | 详情: 所有字段校验通过
2026-02-26 17:48:33,321 - INFO - CaseID:235 - 整体结果: PASS | 详情: 所有字段校验通过
2026-02-26 17:48:35,333 - INFO - CaseID:236 - 整体结果: PASS | 详情: 所有字段校验通过
2026-02-26 17:48:37,226 - INFO - CaseID:237 - 整体结果: PASS | 详情: 所有字段校验通过
2026-02-26 17:48:38,957 - INFO - CaseID:238 - 整体结果: PASS | 详情: 所有字段校验通过
2026-02-26 17:48:41,072 - INFO - CaseID:239 - 整体结果: PASS | 详情: 所有字段校验通过
2026-02-26 17:48:42,825 - INFO - CaseID:240 - 整体结果: PASS | 详情: 所有字段校验通过
2026-02-26 17:48:44,976 - INFO - CaseID:241 - 整体结果: PASS | 详情: 所有字段校验通过
2026-02-26 17:48:47,043 - INFO - CaseID:242 - 整体结果: PASS | 详情: 所有字段校验通过
2026-02-26 17:48:48,996 - INFO - CaseID:243 - 整体结果: PASS | 详情: 所有字段校验通过
2026-02-26 17:48:51,563 - INFO - CaseID:244 - 整体结果: PASS | 详情: 所有字段校验通过
2026-02-26 17:48:53,337 - INFO - CaseID:245 - 整体结果: PASS | 详情: 所有字段校验通过
2026-02-26 17:48:55,416 - INFO - CaseID:246 - 整体结果: PASS | 详情: 所有字段校验通过
2026-02-26 17:48:57,143 - INFO - CaseID:247 - 整体结果: PASS | 详情: 所有字段校验通过
2026-02-26 17:48:59,053 - INFO - CaseID:248 - 整体结果: FAILED | 详情: QUERY语义不匹配：预期[它是食草动物吧]，实际[当前摄像头画面中的动物是什么？]
2026-02-26 17:49:00,958 - INFO - CaseID:249 - 整体结果: PASS | 详情: 所有字段校验通过
2026-02-26 17:49:02,913 - INFO - CaseID:250 - 整体结果: PASS | 详情: 所有字段校验通过
2026-02-26 17:49:04,824 - INFO - CaseID:251 - 整体结果: PASS | 详情: 所有字段校验通过
2026-02-26 17:49:06,717 - INFO - CaseID:252 - 整体结果: PASS | 详情: 所有字段校验通过
2026-02-26 17:49:08,667 - INFO - CaseID:253 - 整体结果: PASS | 详情: 所有字段校验通过
2026-02-26 17:49:10,391 - INFO - CaseID:254 - 整体结果: FAILED | 详情: QUERY语义不匹配：预期[车牌的号码是什么]，实际[识别当前摄像头画面中的车牌号码]
2026-02-26 17:49:12,308 - INFO - CaseID:255 - 整体结果: PASS | 详情: 所有字段校验通过
2026-02-26 17:49:14,283 - INFO - CaseID:256 - 整体结果: FAILED | 详情: QUERY语义不匹配：预期[可以给我看下车牌号吗]，实际[识别当前摄像头画面中的车牌号]
2026-02-26 17:49:16,330 - INFO - CaseID:257 - 整体结果: PASS | 详情: 所有字段校验通过
2026-02-26 17:49:18,303 - INFO - CaseID:258 - 整体结果: FAILED | 详情: APINAME不匹配：预期[visual_search]，实际[AUTOSearch]; CATEGORY不匹配：一方为空 - 预期[]，实际[汽车]; QUERY语义不匹配：预期[识别当前摄像头画面中的车辆号牌]，实际[查看车辆车号]; TAG不匹配：一方为空 - 预期[]，实际[查看&车辆车号]
2026-02-26 17:49:19,996 - INFO - CaseID:259 - 整体结果: PASS | 详情: 所有字段校验通过
2026-02-26 17:49:22,081 - INFO - CaseID:260 - 整体结果: PASS | 详情: 所有字段校验通过
2026-02-26 17:49:24,086 - INFO - CaseID:261 - 整体结果: PASS | 详情: 所有字段校验通过
2026-02-26 17:49:26,679 - INFO - CaseID:262 - 整体结果: PASS | 详情: 所有字段校验通过
2026-02-26 17:49:28,592 - INFO - CaseID:263 - 整体结果: PASS | 详情: 所有字段校验通过
2026-02-26 17:49:34,095 - INFO - CaseID:264 - 整体结果: PASS | 详情: 所有字段校验通过
2026-02-26 17:49:35,991 - INFO - CaseID:265 - 整体结果: PASS | 详情: 所有字段校验通过
2026-02-26 17:49:38,244 - INFO - CaseID:266 - 整体结果: PASS | 详情: 所有字段校验通过
2026-02-26 17:49:40,497 - INFO - CaseID:267 - 整体结果: PASS | 详情: 所有字段校验通过
2026-02-26 17:49:42,335 - INFO - CaseID:268 - 整体结果: PASS | 详情: 所有字段校验通过
2026-02-26 17:49:44,285 - INFO - CaseID:269 - 整体结果: FAILED | 详情: QUERY语义不匹配：预期[识别当前摄像头画面中的车辆品牌和型号，判断是否为五菱星辰]，实际[这个车会不会是五菱星辰]
2026-02-26 17:49:46,228 - INFO - CaseID:270 - 整体结果: PASS | 详情: 所有字段校验通过
2026-02-26 17:49:49,718 - INFO - CaseID:271 - 整体结果: PASS | 详情: 所有字段校验通过
2026-02-26 17:49:51,762 - INFO - CaseID:272 - 整体结果: PASS | 详情: 所有字段校验通过
2026-02-26 17:49:53,450 - INFO - CaseID:273 - 整体结果: PASS | 详情: 所有字段校验通过
2026-02-26 17:49:55,442 - INFO - CaseID:274 - 整体结果: PASS | 详情: 所有字段校验通过
2026-02-26 17:49:57,290 - INFO - CaseID:275 - 整体结果: PASS | 详情: 所有字段校验通过
2026-02-26 17:50:01,778 - INFO - CaseID:276 - 整体结果: PASS | 详情: 所有字段校验通过
2026-02-26 17:50:03,845 - INFO - CaseID:277 - 整体结果: PASS | 详情: 所有字段校验通过
2026-02-26 17:50:06,010 - INFO - CaseID:278 - 整体结果: PASS | 详情: 所有字段校验通过
2026-02-26 17:50:07,810 - INFO - CaseID:279 - 整体结果: PASS | 详情: 所有字段校验通过
2026-02-26 17:50:09,513 - INFO - CaseID:280 - 整体结果: PASS | 详情: 所有字段校验通过
2026-02-26 17:50:11,464 - INFO - CaseID:281 - 整体结果: PASS | 详情: 所有字段校验通过
2026-02-26 17:50:13,446 - INFO - CaseID:282 - 整体结果: PASS | 详情: 所有字段校验通过
2026-02-26 17:50:15,553 - INFO - CaseID:283 - 整体结果: PASS | 详情: 所有字段校验通过
2026-02-26 17:50:17,975 - INFO - CaseID:284 - 整体结果: PASS | 详情: 所有字段校验通过
2026-02-26 17:50:20,025 - INFO - CaseID:285 - 整体结果: PASS | 详情: 所有字段校验通过
2026-02-26 17:50:22,277 - INFO - CaseID:286 - 整体结果: FAILED | 详情: QUERY语义不匹配：预期[这款车是沃尔沃XC60吗？]，实际[识别当前摄像头画面中的车辆型号]
2026-02-26 17:50:24,124 - INFO - CaseID:287 - 整体结果: PASS | 详情: 所有字段校验通过
2026-02-26 17:50:26,168 - INFO - CaseID:288 - 整体结果: PASS | 详情: 所有字段校验通过
2026-02-26 17:50:28,253 - INFO - CaseID:289 - 整体结果: PASS | 详情: 所有字段校验通过
2026-02-26 17:50:30,238 - INFO - CaseID:290 - 整体结果: PASS | 详情: 所有字段校验通过
2026-02-26 17:50:32,238 - INFO - CaseID:291 - 整体结果: PASS | 详情: 所有字段校验通过
2026-02-26 17:50:34,361 - INFO - CaseID:292 - 整体结果: PASS | 详情: 所有字段校验通过
2026-02-26 17:50:36,206 - INFO - CaseID:293 - 整体结果: PASS | 详情: 所有字段校验通过
2026-02-26 17:50:37,860 - INFO - CaseID:294 - 整体结果: PASS | 详情: 所有字段校验通过
2026-02-26 17:50:39,891 - INFO - CaseID:295 - 整体结果: FAILED | 详情: QUERY语义不匹配：预期[你喜欢这个车牌么]，实际[识别当前摄像头画面中的车牌信息]
2026-02-26 17:50:41,653 - INFO - CaseID:296 - 整体结果: PASS | 详情: 所有字段校验通过
2026-02-26 17:50:43,577 - INFO - CaseID:297 - 整体结果: PASS | 详情: 所有字段校验通过
2026-02-26 17:50:45,624 - INFO - CaseID:298 - 整体结果: PASS | 详情: 所有字段校验通过
2026-02-26 17:50:47,684 - INFO - CaseID:299 - 整体结果: FAILED | 详情: QUERY语义不匹配：预期[你觉得这个车的颜色你喜欢么]，实际[识别当前摄像头画面中车辆的颜色]
2026-02-26 17:50:47,685 - INFO - 已处理300行，休眠5秒降低压力...
2026-02-26 17:50:53,819 - INFO - CaseID:300 - 整体结果: PASS | 详情: 所有字段校验通过
2026-02-26 17:50:55,665 - INFO - CaseID:301 - 整体结果: FAILED | 详情: QUERY语义不匹配：预期[这个车的品牌是什么]，实际[识别当前摄像头画面中车辆的品牌]
2026-02-26 17:50:57,709 - INFO - CaseID:302 - 整体结果: FAILED | 详情: QUERY语义不匹配：预期[这个车牌上的数字你喜欢吗]，实际[识别车牌上的数字]
2026-02-26 17:50:59,554 - INFO - CaseID:303 - 整体结果: FAILED | 详情: QUERY语义不匹配：预期[你喜欢这个品牌的汽车么]，实际[当前画面中是否有汽车品牌标识或相关视觉信息？]
2026-02-26 17:51:01,600 - INFO - CaseID:304 - 整体结果: PASS | 详情: 所有字段校验通过
2026-02-26 17:51:03,650 - INFO - CaseID:305 - 整体结果: PASS | 详情: 所有字段校验通过
2026-02-26 17:51:05,700 - INFO - CaseID:306 - 整体结果: FAILED | 详情: QUERY语义不匹配：预期[这个品牌你觉得你喜欢么]，实际[当前画面中是否有可见的品牌标识或名称？]
2026-02-26 17:51:07,674 - INFO - CaseID:307 - 整体结果: FAILED | 详情: QUERY语义不匹配：预期[识别当前画面中的车辆品牌和型号]，实际[识别当前摄像头画面中的车辆造型]
2026-02-26 17:51:09,404 - INFO - CaseID:308 - 整体结果: PASS | 详情: 所有字段校验通过
2026-02-26 17:51:11,433 - INFO - CaseID:309 - 整体结果: FAILED | 详情: QUERY语义不匹配：预期[这个车有L和没L有什么区别]，实际[识别当前摄像头画面中的车辆型号及其L版本区别]
2026-02-26 17:51:13,245 - INFO - CaseID:310 - 整体结果: PASS | 详情: 所有字段校验通过
2026-02-26 17:51:16,448 - INFO - CaseID:311 - 整体结果: PASS | 详情: 所有字段校验通过
2026-02-26 17:51:18,304 - INFO - CaseID:312 - 整体结果: PASS | 详情: 所有字段校验通过
2026-02-26 17:51:20,272 - INFO - CaseID:313 - 整体结果: FAILED | 详情: QUERY语义不匹配：预期[这个车和比亚迪元哪个好]，实际[识别当前摄像头画面中的车辆品牌和型号]
2026-02-26 17:51:22,656 - INFO - CaseID:314 - 整体结果: PASS | 详情: 所有字段校验通过
2026-02-26 17:51:24,748 - INFO - CaseID:315 - 整体结果: FAILED | 详情: QUERY语义不匹配：预期[识别当前摄像头画面中的车辆品牌和型号]，实际[识别当前摄像头画面中的车辆型号]
2026-02-26 17:51:26,791 - INFO - CaseID:316 - 整体结果: PASS | 详情: 所有字段校验通过
2026-02-26 17:51:28,501 - INFO - CaseID:317 - 整体结果: PASS | 详情: 所有字段校验通过
2026-02-26 17:51:30,475 - INFO - CaseID:318 - 整体结果: FAILED | 详情: QUERY语义不匹配：预期[这个车和哈佛H5的动力谁的强]，实际[识别当前摄像头画面中的车辆型号]
2026-02-26 17:51:32,731 - INFO - CaseID:319 - 整体结果: FAILED | 详情: QUERY语义不匹配：预期[识别当前摄像头画面中的车辆品牌和型号]，实际[这个车的轴距和奔驰S450比谁的更好一点]
2026-02-26 17:51:34,778 - INFO - CaseID:320 - 整体结果: PASS | 详情: 所有字段校验通过
2026-02-26 17:51:36,828 - INFO - CaseID:321 - 整体结果: FAILED | 详情: QUERY语义不匹配：预期[它是叫博美吗]，实际[识别当前摄像头画面中的动物品种名称]
2026-02-26 17:51:38,995 - INFO - CaseID:322 - 整体结果: FAILED | 详情: QUERY语义不匹配：预期[它和猫谁更聪明]，实际[识别当前摄像头画面中的主体是什么？]
2026-02-26 17:51:41,343 - INFO - CaseID:323 - 整体结果: PASS | 详情: 所有字段校验通过
2026-02-26 17:51:43,384 - INFO - CaseID:324 - 整体结果: FAILED | 详情: QUERY语义不匹配：预期[这个都是比熊吗]，实际[这些物品都是比熊吗？]
2026-02-26 17:51:45,358 - INFO - CaseID:325 - 整体结果: PASS | 详情: 所有字段校验通过
2026-02-26 17:51:47,476 - INFO - CaseID:326 - 整体结果: FAILED | 详情: QUERY语义不匹配：预期[你觉得它二的纯吗]，实际[识别当前摄像头画面中的对象]
2026-02-26 17:51:49,735 - INFO - CaseID:327 - 整体结果: FAILED | 详情: QUERY语义不匹配：预期[这只狗的品种是什么？]，实际[笼子里躺的这个狗是德牧吧]
2026-02-26 17:51:51,780 - INFO - CaseID:328 - 整体结果: PASS | 详情: 所有字段校验通过
2026-02-26 17:51:53,620 - INFO - CaseID:329 - 整体结果: PASS | 详情: 所有字段校验通过
2026-02-26 17:51:55,835 - INFO - CaseID:330 - 整体结果: PASS | 详情: 所有字段校验通过
2026-02-26 17:51:57,922 - INFO - CaseID:331 - 整体结果: PASS | 详情: 所有字段校验通过
2026-02-26 17:51:59,971 - INFO - CaseID:332 - 整体结果: FAILED | 详情: QUERY语义不匹配：预期[当前摄像头画面中有什么物体或生物？]，实际[识别当前摄像头画面中的对象并判断是否可以触摸]
2026-02-26 17:52:01,960 - INFO - CaseID:333 - 整体结果: PASS | 详情: 所有字段校验通过
2026-02-26 17:52:03,994 - INFO - CaseID:334 - 整体结果: PASS | 详情: 所有字段校验通过
2026-02-26 17:52:06,116 - INFO - CaseID:335 - 整体结果: PASS | 详情: 所有字段校验通过
2026-02-26 17:52:08,450 - INFO - CaseID:336 - 整体结果: PASS | 详情: 所有字段校验通过
2026-02-26 17:52:10,415 - INFO - CaseID:337 - 整体结果: FAILED | 详情: QUERY语义不匹配：预期[分析当前摄像头画面中狗的眼神和表情，推测它可能在想什么]，实际[这狗的眼神好像有故事它在想什么]
2026-02-26 17:52:12,162 - INFO - CaseID:338 - 整体结果: PASS | 详情: 所有字段校验通过
2026-02-26 17:52:14,105 - INFO - CaseID:339 - 整体结果: FAILED | 详情: QUERY语义不匹配：预期[右边的这个狗是什么品种或类型？]，实际[右边的这个狗是什么]
2026-02-26 17:52:14,106 - INFO - CaseID:340 - 整体结果: FAILED | 详情: 模型输出核心字段全为空，判定不通过; APINAME不匹配：预期[visual_search]，实际[]; QUERY语义不匹配：预期[这个狗是不是挺傻的]，实际[]
2026-02-26 17:52:16,089 - INFO - CaseID:341 - 整体结果: PASS | 详情: 所有字段校验通过
2026-02-26 17:52:18,057 - INFO - CaseID:342 - 整体结果: PASS | 详情: 所有字段校验通过
2026-02-26 17:52:19,902 - INFO - CaseID:343 - 整体结果: PASS | 详情: 所有字段校验通过
2026-02-26 17:52:21,680 - INFO - CaseID:344 - 整体结果: FAILED | 详情: QUERY语义不匹配：预期[它会咬人吗]，实际[识别当前摄像头画面中的动物或物体]
2026-02-26 17:52:24,492 - INFO - CaseID:345 - 整体结果: PASS | 详情: 所有字段校验通过
2026-02-26 17:52:26,126 - INFO - CaseID:346 - 整体结果: PASS | 详情: 所有字段校验通过
2026-02-26 17:52:28,091 - INFO - CaseID:347 - 整体结果: PASS | 详情: 所有字段校验通过
2026-02-26 17:52:30,771 - INFO - CaseID:348 - 整体结果: PASS | 详情: 所有字段校验通过
2026-02-26 17:52:32,745 - INFO - CaseID:349 - 整体结果: PASS | 详情: 所有字段校验通过
2026-02-26 17:52:34,531 - INFO - CaseID:350 - 整体结果: PASS | 详情: 所有字段校验通过
2026-02-26 17:52:36,630 - INFO - CaseID:351 - 整体结果: PASS | 详情: 所有字段校验通过
2026-02-26 17:52:38,675 - INFO - CaseID:352 - 整体结果: PASS | 详情: 所有字段校验通过
2026-02-26 17:52:40,373 - INFO - CaseID:353 - 整体结果: FAILED | 详情: QUERY语义不匹配：预期[描述当前摄像头画面中的车辆外观特征]，实际[描述一下这个车]
2026-02-26 17:52:42,422 - INFO - CaseID:354 - 整体结果: PASS | 详情: 所有字段校验通过
2026-02-26 17:52:45,642 - INFO - CaseID:355 - 整体结果: PASS | 详情: 所有字段校验通过
2026-02-26 17:52:48,328 - INFO - CaseID:356 - 整体结果: PASS | 详情: 所有字段校验通过
2026-02-26 17:52:50,363 - INFO - CaseID:357 - 整体结果: PASS | 详情: 所有字段校验通过
2026-02-26 17:52:52,233 - INFO - CaseID:358 - 整体结果: PASS | 详情: 所有字段校验通过
2026-02-26 17:52:54,362 - INFO - CaseID:359 - 整体结果: PASS | 详情: 所有字段校验通过
2026-02-26 17:52:56,105 - INFO - CaseID:360 - 整体结果: PASS | 详情: 所有字段校验通过
2026-02-26 17:52:58,546 - INFO - CaseID:361 - 整体结果: PASS | 详情: 所有字段校验通过
2026-02-26 17:53:00,453 - INFO - CaseID:362 - 整体结果: PASS | 详情: 所有字段校验通过
2026-02-26 17:53:03,058 - INFO - CaseID:363 - 整体结果: PASS | 详情: 所有字段校验通过
2026-02-26 17:53:05,099 - INFO - CaseID:364 - 整体结果: PASS | 详情: 所有字段校验通过
2026-02-26 17:53:06,820 - INFO - CaseID:365 - 整体结果: FAILED | 详情: QUERY语义不匹配：预期[这个是什么车呀]，实际[识别当前摄像头画面中的车辆品牌和型号]
2026-02-26 17:53:08,848 - INFO - CaseID:366 - 整体结果: PASS | 详情: 所有字段校验通过
2026-02-26 17:53:10,835 - INFO - CaseID:367 - 整体结果: PASS | 详情: 所有字段校验通过
2026-02-26 17:53:13,335 - INFO - CaseID:368 - 整体结果: PASS | 详情: 所有字段校验通过
2026-02-26 17:53:16,293 - INFO - CaseID:369 - 整体结果: PASS | 详情: 所有字段校验通过
2026-02-26 17:53:18,273 - INFO - CaseID:370 - 整体结果: PASS | 详情: 所有字段校验通过
2026-02-26 17:53:20,111 - INFO - CaseID:371 - 整体结果: PASS | 详情: 所有字段校验通过
2026-02-26 17:53:22,097 - INFO - CaseID:372 - 整体结果: PASS | 详情: 所有字段校验通过
2026-02-26 17:53:24,350 - INFO - CaseID:373 - 整体结果: PASS | 详情: 所有字段校验通过
2026-02-26 17:53:26,195 - INFO - CaseID:374 - 整体结果: PASS | 详情: 所有字段校验通过
2026-02-26 17:53:28,242 - INFO - CaseID:375 - 整体结果: PASS | 详情: 所有字段校验通过
2026-02-26 17:53:30,193 - INFO - CaseID:376 - 整体结果: PASS | 详情: 所有字段校验通过
2026-02-26 17:53:32,206 - INFO - CaseID:377 - 整体结果: PASS | 详情: 所有字段校验通过
2026-02-26 17:53:34,183 - INFO - CaseID:378 - 整体结果: PASS | 详情: 所有字段校验通过
2026-02-26 17:53:36,033 - INFO - CaseID:379 - 整体结果: PASS | 详情: 所有字段校验通过
2026-02-26 17:53:37,994 - INFO - CaseID:380 - 整体结果: FAILED | 详情: QUERY语义不匹配：预期[识别当前摄像头画面中的主要物体或场景]，实际[摄像头当前捕捉到的内容是什么]
2026-02-26 17:53:39,809 - INFO - CaseID:381 - 整体结果: PASS | 详情: 所有字段校验通过
2026-02-26 17:53:41,887 - INFO - CaseID:382 - 整体结果: PASS | 详情: 所有字段校验通过
2026-02-26 17:53:44,027 - INFO - CaseID:383 - 整体结果: PASS | 详情: 所有字段校验通过
2026-02-26 17:53:46,941 - INFO - CaseID:384 - 整体结果: PASS | 详情: 所有字段校验通过
2026-02-26 17:53:48,979 - INFO - CaseID:385 - 整体结果: PASS | 详情: 所有字段校验通过
2026-02-26 17:53:51,064 - INFO - CaseID:386 - 整体结果: PASS | 详情: 所有字段校验通过
2026-02-26 17:53:53,677 - INFO - CaseID:387 - 整体结果: PASS | 详情: 所有字段校验通过
2026-02-26 17:53:55,562 - INFO - CaseID:388 - 整体结果: PASS | 详情: 所有字段校验通过
2026-02-26 17:53:57,545 - INFO - CaseID:389 - 整体结果: PASS | 详情: 所有字段校验通过
2026-02-26 17:53:59,507 - INFO - CaseID:390 - 整体结果: PASS | 详情: 所有字段校验通过
2026-02-26 17:54:01,735 - INFO - CaseID:391 - 整体结果: PASS | 详情: 所有字段校验通过
2026-02-26 17:54:04,088 - INFO - CaseID:392 - 整体结果: PASS | 详情: 所有字段校验通过
2026-02-26 17:54:06,147 - INFO - CaseID:393 - 整体结果: PASS | 详情: 所有字段校验通过
2026-02-26 17:54:08,464 - INFO - CaseID:394 - 整体结果: PASS | 详情: 所有字段校验通过
2026-02-26 17:54:10,424 - INFO - CaseID:395 - 整体结果: FAILED | 详情: QUERY语义不匹配：预期[它在是在大海里生活吗]，实际[识别当前摄像头画面中的物体或生物]
2026-02-26 17:54:12,492 - INFO - CaseID:396 - 整体结果: PASS | 详情: 所有字段校验通过
2026-02-26 17:54:14,530 - INFO - CaseID:397 - 整体结果: PASS | 详情: 所有字段校验通过
2026-02-26 17:54:16,652 - INFO - CaseID:398 - 整体结果: PASS | 详情: 所有字段校验通过
2026-02-26 17:54:18,595 - INFO - CaseID:399 - 整体结果: PASS | 详情: 所有字段校验通过
2026-02-26 17:54:18,596 - INFO - 已处理400行，休眠5秒降低压力...
2026-02-26 17:54:24,493 - INFO - CaseID:400 - 整体结果: PASS | 详情: 所有字段校验通过
2026-02-26 17:54:24,494 - INFO - 已处理400条用例，当前通过数：340
2026-02-26 17:54:27,229 - INFO - CaseID:401 - 整体结果: PASS | 详情: 所有字段校验通过
2026-02-26 17:54:29,289 - INFO - CaseID:402 - 整体结果: PASS | 详情: 所有字段校验通过
2026-02-26 17:54:31,304 - INFO - CaseID:403 - 整体结果: PASS | 详情: 所有字段校验通过
2026-02-26 17:54:33,283 - INFO - CaseID:404 - 整体结果: PASS | 详情: 所有字段校验通过
2026-02-26 17:54:35,251 - INFO - CaseID:405 - 整体结果: PASS | 详情: 所有字段校验通过
2026-02-26 17:54:37,356 - INFO - CaseID:406 - 整体结果: PASS | 详情: 所有字段校验通过
2026-02-26 17:54:39,113 - INFO - CaseID:407 - 整体结果: PASS | 详情: 所有字段校验通过
2026-02-26 17:54:41,062 - INFO - CaseID:408 - 整体结果: FAILED | 详情: QUERY语义不匹配：预期[你觉得这两只熊猫吗]，实际[这两只熊猫是什么颜色的？]
2026-02-26 17:54:42,901 - INFO - CaseID:409 - 整体结果: FAILED | 详情: QUERY语义不匹配：预期[识别当前摄像头画面中的物体或生物名称]，实际[识别当前摄像头画面中的主体名称]
2026-02-26 17:54:45,043 - INFO - CaseID:410 - 整体结果: PASS | 详情: 所有字段校验通过
2026-02-26 17:54:47,100 - INFO - CaseID:411 - 整体结果: PASS | 详情: 所有字段校验通过
2026-02-26 17:54:49,112 - INFO - CaseID:412 - 整体结果: PASS | 详情: 所有字段校验通过
2026-02-26 17:54:51,323 - INFO - CaseID:413 - 整体结果: PASS | 详情: 所有字段校验通过
2026-02-26 17:54:53,046 - INFO - CaseID:414 - 整体结果: PASS | 详情: 所有字段校验通过
2026-02-26 17:54:55,075 - INFO - CaseID:415 - 整体结果: PASS | 详情: 所有字段校验通过
2026-02-26 17:54:56,904 - INFO - CaseID:416 - 整体结果: PASS | 详情: 所有字段校验通过
2026-02-26 17:54:59,698 - INFO - CaseID:417 - 整体结果: PASS | 详情: 所有字段校验通过
2026-02-26 17:55:01,743 - INFO - CaseID:418 - 整体结果: PASS | 详情: 所有字段校验通过
2026-02-26 17:55:04,163 - INFO - CaseID:419 - 整体结果: PASS | 详情: 所有字段校验通过
2026-02-26 17:55:06,391 - INFO - CaseID:420 - 整体结果: PASS | 详情: 所有字段校验通过
2026-02-26 17:55:08,166 - INFO - CaseID:421 - 整体结果: PASS | 详情: 所有字段校验通过
2026-02-26 17:55:10,450 - INFO - CaseID:422 - 整体结果: PASS | 详情: 所有字段校验通过
2026-02-26 17:55:12,282 - INFO - CaseID:423 - 整体结果: PASS | 详情: 所有字段校验通过
2026-02-26 17:55:14,950 - INFO - CaseID:424 - 整体结果: FAILED | 详情: QUERY语义不匹配：预期[识别当前摄像头画面中的动物或物体]，实际[当前画面中的主体是什么？]
2026-02-26 17:55:17,162 - INFO - CaseID:425 - 整体结果: PASS | 详情: 所有字段校验通过
2026-02-26 17:55:19,137 - INFO - CaseID:426 - 整体结果: FAILED | 详情: QUERY语义不匹配：预期[它好萌呀]，实际[识别当前摄像头画面中的主体是什么？]
2026-02-26 17:55:21,089 - INFO - CaseID:427 - 整体结果: PASS | 详情: 所有字段校验通过
2026-02-26 17:55:22,947 - INFO - CaseID:428 - 整体结果: PASS | 详情: 所有字段校验通过
2026-02-26 17:55:24,938 - INFO - CaseID:429 - 整体结果: PASS | 详情: 所有字段校验通过
2026-02-26 17:55:26,833 - INFO - CaseID:430 - 整体结果: PASS | 详情: 所有字段校验通过
2026-02-26 17:55:28,819 - INFO - CaseID:431 - 整体结果: PASS | 详情: 所有字段校验通过
2026-02-26 17:55:30,856 - INFO - CaseID:432 - 整体结果: PASS | 详情: 所有字段校验通过
2026-02-26 17:55:32,966 - INFO - CaseID:433 - 整体结果: FAILED | 详情: QUERY语义不匹配：预期[不行了我好喜欢它]，实际[识别当前摄像头画面中的主要对象是什么？]
2026-02-26 17:55:35,208 - INFO - CaseID:434 - 整体结果: FAILED | 详情: APINAME不匹配：预期[visual_search]，实际[QASearch]; CATEGORY不匹配：一方为空 - 预期[]，实际[生物]; TAG不匹配：一方为空 - 预期[]，实际[有两个长长牙齿&动物]
2026-02-26 17:55:36,953 - INFO - CaseID:435 - 整体结果: PASS | 详情: 所有字段校验通过
2026-02-26 17:55:38,970 - INFO - CaseID:436 - 整体结果: PASS | 详情: 所有字段校验通过
2026-02-26 17:55:41,222 - INFO - CaseID:437 - 整体结果: PASS | 详情: 所有字段校验通过
2026-02-26 17:55:43,172 - INFO - CaseID:438 - 整体结果: PASS | 详情: 所有字段校验通过
2026-02-26 17:55:45,426 - INFO - CaseID:439 - 整体结果: PASS | 详情: 所有字段校验通过
2026-02-26 17:55:47,513 - INFO - CaseID:440 - 整体结果: FAILED | 详情: QUERY语义不匹配：预期[它和狐狸有关系吗]，实际[识别当前摄像头画面中的物体或动物]
2026-02-26 17:55:50,021 - INFO - CaseID:441 - 整体结果: PASS | 详情: 所有字段校验通过
2026-02-26 17:55:51,839 - INFO - CaseID:442 - 整体结果: PASS | 详情: 所有字段校验通过
2026-02-26 17:55:53,794 - INFO - CaseID:443 - 整体结果: PASS | 详情: 所有字段校验通过
2026-02-26 17:55:55,707 - INFO - CaseID:444 - 整体结果: PASS | 详情: 所有字段校验通过
2026-02-26 17:55:58,052 - INFO - CaseID:445 - 整体结果: PASS | 详情: 所有字段校验通过
2026-02-26 17:55:59,930 - INFO - CaseID:446 - 整体结果: PASS | 详情: 所有字段校验通过
2026-02-26 17:56:01,872 - INFO - CaseID:447 - 整体结果: PASS | 详情: 所有字段校验通过
2026-02-26 17:56:03,869 - INFO - CaseID:448 - 整体结果: PASS | 详情: 所有字段校验通过
2026-02-26 17:56:06,138 - INFO - CaseID:449 - 整体结果: PASS | 详情: 所有字段校验通过
2026-02-26 17:56:08,105 - INFO - CaseID:450 - 整体结果: PASS | 详情: 所有字段校验通过
2026-02-26 17:56:10,446 - INFO - CaseID:451 - 整体结果: PASS | 详情: 所有字段校验通过
2026-02-26 17:56:12,699 - INFO - CaseID:452 - 整体结果: PASS | 详情: 所有字段校验通过
2026-02-26 17:56:14,882 - INFO - CaseID:453 - 整体结果: PASS | 详情: 所有字段校验通过
2026-02-26 17:56:17,241 - INFO - CaseID:454 - 整体结果: PASS | 详情: 所有字段校验通过
2026-02-26 17:56:19,076 - INFO - CaseID:455 - 整体结果: PASS | 详情: 所有字段校验通过
2026-02-26 17:56:21,094 - INFO - CaseID:456 - 整体结果: PASS | 详情: 所有字段校验通过
2026-02-26 17:56:23,147 - INFO - CaseID:457 - 整体结果: PASS | 详情: 所有字段校验通过
2026-02-26 17:56:25,061 - INFO - CaseID:458 - 整体结果: PASS | 详情: 所有字段校验通过
2026-02-26 17:56:26,961 - INFO - CaseID:459 - 整体结果: PASS | 详情: 所有字段校验通过
2026-02-26 17:56:29,124 - INFO - CaseID:460 - 整体结果: PASS | 详情: 所有字段校验通过
2026-02-26 17:56:31,001 - INFO - CaseID:461 - 整体结果: PASS | 详情: 所有字段校验通过
2026-02-26 17:56:32,978 - INFO - CaseID:462 - 整体结果: PASS | 详情: 所有字段校验通过
2026-02-26 17:56:34,712 - INFO - CaseID:463 - 整体结果: PASS | 详情: 所有字段校验通过
2026-02-26 17:56:36,651 - INFO - CaseID:464 - 整体结果: PASS | 详情: 所有字段校验通过
2026-02-26 17:56:38,360 - INFO - CaseID:465 - 整体结果: PASS | 详情: 所有字段校验通过
2026-02-26 17:56:40,901 - INFO - CaseID:466 - 整体结果: FAILED | 详情: QUERY语义不匹配：预期[它们好酷酷的好帅气啊]，实际[识别当前摄像头画面中用户称赞“好酷好帅气”的对象]
2026-02-26 17:56:43,000 - INFO - CaseID:467 - 整体结果: PASS | 详情: 所有字段校验通过
2026-02-26 17:56:44,981 - INFO - CaseID:468 - 整体结果: PASS | 详情: 所有字段校验通过
2026-02-26 17:56:47,105 - INFO - CaseID:469 - 整体结果: PASS | 详情: 所有字段校验通过
2026-02-26 17:56:48,951 - INFO - CaseID:470 - 整体结果: PASS | 详情: 所有字段校验通过
2026-02-26 17:56:51,202 - INFO - CaseID:471 - 整体结果: PASS | 详情: 所有字段校验通过
2026-02-26 17:56:52,887 - INFO - CaseID:472 - 整体结果: PASS | 详情: 所有字段校验通过
2026-02-26 17:56:55,224 - INFO - CaseID:473 - 整体结果: PASS | 详情: 所有字段校验通过
2026-02-26 17:56:57,112 - INFO - CaseID:474 - 整体结果: PASS | 详情: 所有字段校验通过
2026-02-26 17:56:59,415 - INFO - CaseID:475 - 整体结果: FAILED | 详情: QUERY语义不匹配：预期[它是别的国家的国宝吗]，实际[当前摄像头画面中的物体是什么？]
2026-02-26 17:57:01,646 - INFO - CaseID:476 - 整体结果: PASS | 详情: 所有字段校验通过
2026-02-26 17:57:03,357 - INFO - CaseID:477 - 整体结果: FAILED | 详情: QUERY语义不匹配：预期[识别当前摄像头画面中的物体并确定其品种]，实际[这是什么品种的动物或植物？]
2026-02-26 17:57:05,548 - INFO - CaseID:478 - 整体结果: PASS | 详情: 所有字段校验通过
2026-02-26 17:57:07,319 - INFO - CaseID:479 - 整体结果: PASS | 详情: 所有字段校验通过
2026-02-26 17:57:09,234 - INFO - CaseID:480 - 整体结果: PASS | 详情: 所有字段校验通过
2026-02-26 17:57:11,206 - INFO - CaseID:481 - 整体结果: PASS | 详情: 所有字段校验通过
2026-02-26 17:57:13,835 - INFO - CaseID:482 - 整体结果: PASS | 详情: 所有字段校验通过
2026-02-26 17:57:15,775 - INFO - CaseID:483 - 整体结果: PASS | 详情: 所有字段校验通过
2026-02-26 17:57:17,826 - INFO - CaseID:484 - 整体结果: PASS | 详情: 所有字段校验通过
2026-02-26 17:57:20,075 - INFO - CaseID:485 - 整体结果: PASS | 详情: 所有字段校验通过
2026-02-26 17:57:21,911 - INFO - CaseID:486 - 整体结果: PASS | 详情: 所有字段校验通过
2026-02-26 17:57:23,970 - INFO - CaseID:487 - 整体结果: PASS | 详情: 所有字段校验通过
2026-02-26 17:57:25,900 - INFO - CaseID:488 - 整体结果: PASS | 详情: 所有字段校验通过
2026-02-26 17:57:27,996 - INFO - CaseID:489 - 整体结果: PASS | 详情: 所有字段校验通过
2026-02-26 17:57:29,910 - INFO - CaseID:490 - 整体结果: PASS | 详情: 所有字段校验通过
2026-02-26 17:57:31,989 - INFO - CaseID:491 - 整体结果: PASS | 详情: 所有字段校验通过
2026-02-26 17:57:34,008 - INFO - CaseID:492 - 整体结果: FAILED | 详情: QUERY语义不匹配：预期[它为什么满身斑点]，实际[识别当前摄像头画面中的物体并解释其斑点原因]
2026-02-26 17:57:35,813 - INFO - CaseID:493 - 整体结果: PASS | 详情: 所有字段校验通过
2026-02-26 17:57:38,077 - INFO - CaseID:494 - 整体结果: PASS | 详情: 所有字段校验通过
2026-02-26 17:57:39,945 - INFO - CaseID:495 - 整体结果: PASS | 详情: 所有字段校验通过
2026-02-26 17:57:41,949 - INFO - CaseID:496 - 整体结果: PASS | 详情: 所有字段校验通过
2026-02-26 17:57:43,836 - INFO - CaseID:497 - 整体结果: PASS | 详情: 所有字段校验通过
2026-02-26 17:57:45,679 - INFO - CaseID:498 - 整体结果: PASS | 详情: 所有字段校验通过
2026-02-26 17:57:48,955 - INFO - CaseID:499 - 整体结果: PASS | 详情: 所有字段校验通过
2026-02-26 17:57:48,956 - INFO - 已处理500行，休眠5秒降低压力...
2026-02-26 17:57:54,895 - INFO - CaseID:500 - 整体结果: PASS | 详情: 所有字段校验通过
2026-02-26 17:57:56,872 - INFO - CaseID:501 - 整体结果: PASS | 详情: 所有字段校验通过
2026-02-26 17:57:58,817 - INFO - CaseID:502 - 整体结果: PASS | 详情: 所有字段校验通过
2026-02-26 17:58:01,100 - INFO - CaseID:503 - 整体结果: PASS | 详情: 所有字段校验通过
2026-02-26 17:58:02,965 - INFO - CaseID:504 - 整体结果: FAILED | 详情: QUERY语义不匹配：预期[识别当前摄像头画面中的物体或人物名称]，实际[识别当前摄像头画面中的物体或生物]
2026-02-26 17:58:04,833 - INFO - CaseID:505 - 整体结果: PASS | 详情: 所有字段校验通过
2026-02-26 17:58:06,978 - INFO - CaseID:506 - 整体结果: PASS | 详情: 所有字段校验通过
2026-02-26 17:58:09,233 - INFO - CaseID:507 - 整体结果: PASS | 详情: 所有字段校验通过
2026-02-26 17:58:11,485 - INFO - CaseID:508 - 整体结果: PASS | 详情: 所有字段校验通过
2026-02-26 17:58:13,430 - INFO - CaseID:509 - 整体结果: PASS | 详情: 所有字段校验通过
2026-02-26 17:58:15,784 - INFO - CaseID:510 - 整体结果: FAILED | 详情: QUERY语义不匹配：预期[它萌死了我好喜欢]，实际[识别当前摄像头画面中的主体是什么？]
2026-02-26 17:58:17,662 - INFO - CaseID:511 - 整体结果: PASS | 详情: 所有字段校验通过
2026-02-26 17:58:19,418 - INFO - CaseID:512 - 整体结果: PASS | 详情: 所有字段校验通过
2026-02-26 17:58:21,877 - INFO - CaseID:513 - 整体结果: PASS | 详情: 所有字段校验通过
2026-02-26 17:58:24,089 - INFO - CaseID:514 - 整体结果: PASS | 详情: 所有字段校验通过
2026-02-26 17:58:26,231 - INFO - CaseID:515 - 整体结果: PASS | 详情: 所有字段校验通过
2026-02-26 17:58:28,198 - INFO - CaseID:516 - 整体结果: PASS | 详情: 所有字段校验通过
2026-02-26 17:58:30,205 - INFO - CaseID:517 - 整体结果: PASS | 详情: 所有字段校验通过
2026-02-26 17:58:32,304 - INFO - CaseID:518 - 整体结果: PASS | 详情: 所有字段校验通过
2026-02-26 17:58:34,217 - INFO - CaseID:519 - 整体结果: PASS | 详情: 所有字段校验通过
2026-02-26 17:58:36,473 - INFO - CaseID:520 - 整体结果: PASS | 详情: 所有字段校验通过
2026-02-26 17:58:38,277 - INFO - CaseID:521 - 整体结果: PASS | 详情: 所有字段校验通过
2026-02-26 17:58:40,675 - INFO - CaseID:522 - 整体结果: PASS | 详情: 所有字段校验通过
2026-02-26 17:58:42,801 - INFO - CaseID:523 - 整体结果: PASS | 详情: 所有字段校验通过
2026-02-26 17:58:44,753 - INFO - CaseID:524 - 整体结果: PASS | 详情: 所有字段校验通过
2026-02-26 17:58:46,658 - INFO - CaseID:525 - 整体结果: PASS | 详情: 所有字段校验通过
2026-02-26 17:58:48,321 - INFO - CaseID:526 - 整体结果: PASS | 详情: 所有字段校验通过
2026-02-26 17:58:50,256 - INFO - CaseID:527 - 整体结果: PASS | 详情: 所有字段校验通过
2026-02-26 17:58:52,035 - INFO - CaseID:528 - 整体结果: PASS | 详情: 所有字段校验通过
2026-02-26 17:58:54,435 - INFO - CaseID:529 - 整体结果: PASS | 详情: 所有字段校验通过
2026-02-26 17:58:56,955 - INFO - CaseID:530 - 整体结果: PASS | 详情: 所有字段校验通过
2026-02-26 17:58:58,956 - INFO - CaseID:531 - 整体结果: FAILED | 详情: QUERY语义不匹配：预期[你喜欢这只小狗吗]，实际[识别当前摄像头画面中的小狗]
2026-02-26 17:59:01,049 - INFO - CaseID:532 - 整体结果: PASS | 详情: 所有字段校验通过
2026-02-26 17:59:03,097 - INFO - CaseID:533 - 整体结果: PASS | 详情: 所有字段校验通过
2026-02-26 17:59:05,081 - INFO - CaseID:534 - 整体结果: PASS | 详情: 所有字段校验通过
2026-02-26 17:59:06,760 - INFO - CaseID:535 - 整体结果: PASS | 详情: 所有字段校验通过
2026-02-26 17:59:08,692 - INFO - CaseID:536 - 整体结果: PASS | 详情: 所有字段校验通过
2026-02-26 17:59:11,047 - INFO - CaseID:537 - 整体结果: PASS | 详情: 所有字段校验通过
2026-02-26 17:59:13,129 - INFO - CaseID:538 - 整体结果: PASS | 详情: 所有字段校验通过
2026-02-26 17:59:15,177 - INFO - CaseID:539 - 整体结果: PASS | 详情: 所有字段校验通过
2026-02-26 17:59:16,941 - INFO - CaseID:540 - 整体结果: PASS | 详情: 所有字段校验通过
2026-02-26 17:59:18,916 - INFO - CaseID:541 - 整体结果: FAILED | 详情: QUERY语义不匹配：预期[这个是啥狗呀]，实际[识别当前摄像头画面中的狗的品种]
2026-02-26 17:59:20,918 - INFO - CaseID:542 - 整体结果: PASS | 详情: 所有字段校验通过
2026-02-26 17:59:24,035 - INFO - CaseID:543 - 整体结果: PASS | 详情: 所有字段校验通过
2026-02-26 17:59:26,239 - INFO - CaseID:544 - 整体结果: PASS | 详情: 所有字段校验通过
2026-02-26 17:59:28,355 - INFO - CaseID:545 - 整体结果: PASS | 详情: 所有字段校验通过
2026-02-26 17:59:30,247 - INFO - CaseID:546 - 整体结果: PASS | 详情: 所有字段校验通过
2026-02-26 17:59:32,084 - INFO - CaseID:547 - 整体结果: PASS | 详情: 所有字段校验通过
2026-02-26 17:59:34,021 - INFO - CaseID:548 - 整体结果: PASS | 详情: 所有字段校验通过
2026-02-26 17:59:36,068 - INFO - CaseID:549 - 整体结果: PASS | 详情: 所有字段校验通过
2026-02-26 17:59:37,968 - INFO - CaseID:550 - 整体结果: PASS | 详情: 所有字段校验通过
2026-02-26 17:59:41,315 - INFO - CaseID:551 - 整体结果: PASS | 详情: 所有字段校验通过
2026-02-26 17:59:43,440 - INFO - CaseID:552 - 整体结果: PASS | 详情: 所有字段校验通过
2026-02-26 17:59:45,489 - INFO - CaseID:553 - 整体结果: FAILED | 详情: QUERY语义不匹配：预期[想摸一摸啊]，实际[识别当前摄像头画面中的物体或场景]
2026-02-26 17:59:47,744 - INFO - CaseID:554 - 整体结果: PASS | 详情: 所有字段校验通过
2026-02-26 17:59:49,789 - INFO - CaseID:555 - 整体结果: FAILED | 详情: QUERY语义不匹配：预期[你喜欢这个吗]，实际[当前摄像头画面中有什么物体或场景？]
2026-02-26 17:59:51,503 - INFO - CaseID:556 - 整体结果: PASS | 详情: 所有字段校验通过
2026-02-26 17:59:53,681 - INFO - CaseID:557 - 整体结果: PASS | 详情: 所有字段校验通过
2026-02-26 17:59:55,729 - INFO - CaseID:558 - 整体结果: PASS | 详情: 所有字段校验通过
2026-02-26 17:59:57,771 - INFO - CaseID:559 - 整体结果: PASS | 详情: 所有字段校验通过
2026-02-26 17:59:59,761 - INFO - CaseID:560 - 整体结果: PASS | 详情: 所有字段校验通过
2026-02-26 18:00:01,856 - INFO - CaseID:561 - 整体结果: PASS | 详情: 所有字段校验通过
2026-02-26 18:00:03,921 - INFO - CaseID:562 - 整体结果: PASS | 详情: 所有字段校验通过
2026-02-26 18:00:05,969 - INFO - CaseID:563 - 整体结果: PASS | 详情: 所有字段校验通过
2026-02-26 18:00:08,090 - INFO - CaseID:564 - 整体结果: FAILED | 详情: QUERY语义不匹配：预期[这只狗的品种是什么？]，实际[确认图片中的犬种是否为西施犬]
2026-02-26 18:00:10,066 - INFO - CaseID:565 - 整体结果: PASS | 详情: 所有字段校验通过
2026-02-26 18:00:12,320 - INFO - CaseID:566 - 整体结果: PASS | 详情: 所有字段校验通过
2026-02-26 18:00:14,378 - INFO - CaseID:567 - 整体结果: PASS | 详情: 所有字段校验通过
2026-02-26 18:00:16,623 - INFO - CaseID:568 - 整体结果: PASS | 详情: 所有字段校验通过
2026-02-26 18:00:18,666 - INFO - CaseID:569 - 整体结果: PASS | 详情: 所有字段校验通过
2026-02-26 18:00:20,439 - INFO - CaseID:570 - 整体结果: PASS | 详情: 所有字段校验通过
2026-02-26 18:00:22,521 - INFO - CaseID:571 - 整体结果: PASS | 详情: 所有字段校验通过
2026-02-26 18:00:24,420 - INFO - CaseID:572 - 整体结果: PASS | 详情: 所有字段校验通过
2026-02-26 18:00:26,499 - INFO - CaseID:573 - 整体结果: PASS | 详情: 所有字段校验通过
2026-02-26 18:00:28,500 - INFO - CaseID:574 - 整体结果: PASS | 详情: 所有字段校验通过
2026-02-26 18:00:30,204 - INFO - CaseID:575 - 整体结果: PASS | 详情: 所有字段校验通过
2026-02-26 18:00:32,326 - INFO - CaseID:576 - 整体结果: FAILED | 详情: QUERY语义不匹配：预期[识别当前摄像头画面中的物品]，实际[这个没有毛摸着手感咋样]
2026-02-26 18:00:34,437 - INFO - CaseID:577 - 整体结果: PASS | 详情: 所有字段校验通过
2026-02-26 18:00:36,485 - INFO - CaseID:578 - 整体结果: PASS | 详情: 所有字段校验通过
2026-02-26 18:00:38,550 - INFO - CaseID:579 - 整体结果: PASS | 详情: 所有字段校验通过
2026-02-26 18:00:40,992 - INFO - CaseID:580 - 整体结果: PASS | 详情: 所有字段校验通过
2026-02-26 18:00:44,194 - INFO - CaseID:581 - 整体结果: PASS | 详情: 所有字段校验通过
2026-02-26 18:00:45,953 - INFO - CaseID:582 - 整体结果: PASS | 详情: 所有字段校验通过
2026-02-26 18:00:48,369 - INFO - CaseID:583 - 整体结果: PASS | 详情: 所有字段校验通过
2026-02-26 18:00:50,183 - INFO - CaseID:584 - 整体结果: PASS | 详情: 所有字段校验通过
2026-02-26 18:00:52,137 - INFO - CaseID:585 - 整体结果: FAILED | 详情: QUERY语义不匹配：预期[好可爱啊]，实际[识别当前摄像头画面中的可爱对象]
2026-02-26 18:00:54,145 - INFO - CaseID:586 - 整体结果: PASS | 详情: 所有字段校验通过
2026-02-26 18:00:56,138 - INFO - CaseID:587 - 整体结果: FAILED | 详情: APINAME不匹配：预期[visual_search]，实际[QASearch]; CATEGORY不匹配：一方为空 - 预期[]，实际[生物]; TAG不匹配：一方为空 - 预期[]，实际[金渐层&毛&金色]
2026-02-26 18:00:58,274 - INFO - CaseID:588 - 整体结果: PASS | 详情: 所有字段校验通过
2026-02-26 18:01:00,055 - INFO - CaseID:589 - 整体结果: PASS | 详情: 所有字段校验通过
2026-02-26 18:01:02,110 - INFO - CaseID:590 - 整体结果: PASS | 详情: 所有字段校验通过
2026-02-26 18:01:04,135 - INFO - CaseID:591 - 整体结果: PASS | 详情: 所有字段校验通过
2026-02-26 18:01:06,239 - INFO - CaseID:592 - 整体结果: PASS | 详情: 所有字段校验通过
2026-02-26 18:01:08,249 - INFO - CaseID:593 - 整体结果: PASS | 详情: 所有字段校验通过
2026-02-26 18:01:10,215 - INFO - CaseID:594 - 整体结果: PASS | 详情: 所有字段校验通过
2026-02-26 18:01:12,121 - INFO - CaseID:595 - 整体结果: PASS | 详情: 所有字段校验通过
2026-02-26 18:01:13,962 - INFO - CaseID:596 - 整体结果: PASS | 详情: 所有字段校验通过
2026-02-26 18:01:15,915 - INFO - CaseID:597 - 整体结果: PASS | 详情: 所有字段校验通过
2026-02-26 18:01:17,622 - INFO - CaseID:598 - 整体结果: PASS | 详情: 所有字段校验通过
2026-02-26 18:01:19,583 - INFO - CaseID:599 - 整体结果: PASS | 详情: 所有字段校验通过
2026-02-26 18:01:19,584 - INFO - 已处理600行，休眠5秒降低压力...
2026-02-26 18:01:25,841 - INFO - CaseID:600 - 整体结果: PASS | 详情: 所有字段校验通过
2026-02-26 18:01:25,842 - INFO - 已处理600条用例，当前通过数：519
2026-02-26 18:01:27,990 - INFO - CaseID:601 - 整体结果: FAILED | 详情: QUERY语义不匹配：预期[这到底是什么品种啊]，实际[识别当前摄像头画面中的品种]
2026-02-26 18:01:29,977 - INFO - CaseID:602 - 整体结果: PASS | 详情: 所有字段校验通过
2026-02-26 18:01:31,783 - INFO - CaseID:603 - 整体结果: PASS | 详情: 所有字段校验通过
2026-02-26 18:01:34,276 - INFO - CaseID:604 - 整体结果: PASS | 详情: 所有字段校验通过
2026-02-26 18:01:36,150 - INFO - CaseID:605 - 整体结果: PASS | 详情: 所有字段校验通过
2026-02-26 18:01:38,103 - INFO - CaseID:606 - 整体结果: PASS | 详情: 所有字段校验通过
2026-02-26 18:01:38,103 - INFO - CaseID:607 - 整体结果: FAILED | 详情: 模型输出核心字段全为空，判定不通过; APINAME不匹配：预期[visual_search]，实际[]; QUERY语义不匹配：预期[这个的名字由来是什么]，实际[]
2026-02-26 18:01:40,028 - INFO - CaseID:608 - 整体结果: PASS | 详情: 所有字段校验通过
2026-02-26 18:01:42,086 - INFO - CaseID:609 - 整体结果: PASS | 详情: 所有字段校验通过
2026-02-26 18:01:44,145 - INFO - CaseID:610 - 整体结果: PASS | 详情: 所有字段校验通过
2026-02-26 18:01:46,097 - INFO - CaseID:611 - 整体结果: PASS | 详情: 所有字段校验通过
2026-02-26 18:01:48,182 - INFO - CaseID:612 - 整体结果: PASS | 详情: 所有字段校验通过
2026-02-26 18:01:50,010 - INFO - CaseID:613 - 整体结果: PASS | 详情: 所有字段校验通过
2026-02-26 18:01:52,057 - INFO - CaseID:614 - 整体结果: PASS | 详情: 所有字段校验通过
2026-02-26 18:01:53,991 - INFO - CaseID:615 - 整体结果: PASS | 详情: 所有字段校验通过
2026-02-26 18:01:55,965 - INFO - CaseID:616 - 整体结果: PASS | 详情: 所有字段校验通过
2026-02-26 18:01:58,201 - INFO - CaseID:617 - 整体结果: FAILED | 详情: QUERY语义不匹配：预期[这个大家是不是都叫他白掌]，实际[识别当前摄像头画面中的物体或动物，并确认是否被称为“白掌”]
2026-02-26 18:01:59,963 - INFO - CaseID:618 - 整体结果: PASS | 详情: 所有字段校验通过
2026-02-26 18:02:01,979 - INFO - CaseID:619 - 整体结果: PASS | 详情: 所有字段校验通过
2026-02-26 18:02:03,929 - INFO - CaseID:620 - 整体结果: PASS | 详情: 所有字段校验通过
2026-02-26 18:02:05,881 - INFO - CaseID:621 - 整体结果: PASS | 详情: 所有字段校验通过
2026-02-26 18:02:07,843 - INFO - CaseID:622 - 整体结果: PASS | 详情: 所有字段校验通过
2026-02-26 18:02:09,878 - INFO - CaseID:623 - 整体结果: FAILED | 详情: QUERY语义不匹配：预期[当前摄像头捕捉到的物体或生物的学名是什么]，实际[当前摄像头画面中的物体是什么？]
2026-02-26 18:02:11,839 - INFO - CaseID:624 - 整体结果: PASS | 详情: 所有字段校验通过
2026-02-26 18:02:13,574 - INFO - CaseID:625 - 整体结果: PASS | 详情: 所有字段校验通过
2026-02-26 18:02:15,610 - INFO - CaseID:626 - 整体结果: PASS | 详情: 所有字段校验通过
2026-02-26 18:02:17,381 - INFO - CaseID:627 - 整体结果: PASS | 详情: 所有字段校验通过
2026-02-26 18:02:19,374 - INFO - CaseID:628 - 整体结果: PASS | 详情: 所有字段校验通过
2026-02-26 18:02:21,311 - INFO - CaseID:629 - 整体结果: PASS | 详情: 所有字段校验通过
2026-02-26 18:02:23,291 - INFO - CaseID:630 - 整体结果: FAILED | 详情: QUERY语义不匹配：预期[正式点儿的话我应该怎么叫这东西]，实际[当前摄像头画面中的主要物体是什么？]
2026-02-26 18:02:25,238 - INFO - CaseID:631 - 整体结果: PASS | 详情: 所有字段校验通过
2026-02-26 18:02:27,024 - INFO - CaseID:632 - 整体结果: FAILED | 详情: QUERY语义不匹配：预期[识别当前摄像头画面中的物体或场景]，实际[当前画面中的主体是什么？]
2026-02-26 18:02:29,536 - INFO - CaseID:633 - 整体结果: FAILED | 详情: QUERY语义不匹配：预期[识别当前摄像头捕捉到的物体或场景]，实际[当前摄像头捕捉到的物体在相关领域中的名称是什么？]
2026-02-26 18:02:31,479 - INFO - CaseID:634 - 整体结果: PASS | 详情: 所有字段校验通过
2026-02-26 18:02:33,837 - INFO - CaseID:635 - 整体结果: PASS | 详情: 所有字段校验通过
2026-02-26 18:02:36,706 - INFO - CaseID:636 - 整体结果: PASS | 详情: 所有字段校验通过
2026-02-26 18:02:39,096 - INFO - CaseID:637 - 整体结果: FAILED | 详情: QUERY语义不匹配：预期[如果用专业语言该如何称呼它]，实际[当前摄像头捕捉到的物体或场景是什么？]
2026-02-26 18:02:41,340 - INFO - CaseID:638 - 整体结果: PASS | 详情: 所有字段校验通过
2026-02-26 18:02:43,668 - INFO - CaseID:639 - 整体结果: PASS | 详情: 所有字段校验通过
2026-02-26 18:02:45,721 - INFO - CaseID:640 - 整体结果: FAILED | 详情: QUERY语义不匹配：预期[表达专业一点应该怎么称它]，实际[当前摄像头捕捉到的内容是什么？]
2026-02-26 18:02:47,764 - INFO - CaseID:641 - 整体结果: PASS | 详情: 所有字段校验通过
2026-02-26 18:02:50,017 - INFO - CaseID:642 - 整体结果: FAILED | 详情: QUERY语义不匹配：预期[识别当前摄像头画面中的花卉种类]，实际[这个花一般种下多久可以开花]
2026-02-26 18:02:52,019 - INFO - CaseID:643 - 整体结果: FAILED | 详情: QUERY语义不匹配：预期[桃花真的好好看啊]，实际[当前摄像头画面中是否有桃花？]
2026-02-26 18:02:54,041 - INFO - CaseID:644 - 整体结果: FAILED | 详情: QUERY语义不匹配：预期[识别当前摄像头画面中的主要物体]，实际[当前摄像头捕捉到的物体或场景是什么？]
2026-02-26 18:02:56,164 - INFO - CaseID:645 - 整体结果: FAILED | 详情: QUERY语义不匹配：预期[该怎么用正式的语言称这个呢]，实际[当前画面中的主要物体是什么？]
2026-02-26 18:02:58,005 - INFO - CaseID:646 - 整体结果: PASS | 详情: 所有字段校验通过
2026-02-26 18:02:59,989 - INFO - CaseID:647 - 整体结果: PASS | 详情: 所有字段校验通过
2026-02-26 18:03:01,899 - INFO - CaseID:648 - 整体结果: PASS | 详情: 所有字段校验通过
2026-02-26 18:03:04,372 - INFO - CaseID:649 - 整体结果: PASS | 详情: 所有字段校验通过
2026-02-26 18:03:06,309 - INFO - CaseID:650 - 整体结果: PASS | 详情: 所有字段校验通过
2026-02-26 18:03:08,309 - INFO - CaseID:651 - 整体结果: FAILED | 详情: QUERY语义不匹配：预期[这棵树的种类是什么？]，实际[这棵树能活多久呢]
2026-02-26 18:03:10,329 - INFO - CaseID:652 - 整体结果: FAILED | 详情: QUERY语义不匹配：预期[这是]，实际[这是什么]
2026-02-26 18:03:12,127 - INFO - CaseID:653 - 整体结果: PASS | 详情: 所有字段校验通过
2026-02-26 18:03:14,663 - INFO - CaseID:654 - 整体结果: PASS | 详情: 所有字段校验通过
2026-02-26 18:03:16,493 - INFO - CaseID:655 - 整体结果: PASS | 详情: 所有字段校验通过
2026-02-26 18:03:18,887 - INFO - CaseID:656 - 整体结果: PASS | 详情: 所有字段校验通过
2026-02-26 18:03:20,901 - INFO - CaseID:657 - 整体结果: PASS | 详情: 所有字段校验通过
2026-02-26 18:03:23,468 - INFO - CaseID:658 - 整体结果: PASS | 详情: 所有字段校验通过
2026-02-26 18:03:25,408 - INFO - CaseID:659 - 整体结果: PASS | 详情: 所有字段校验通过
2026-02-26 18:03:27,228 - INFO - CaseID:660 - 整体结果: PASS | 详情: 所有字段校验通过
2026-02-26 18:03:29,204 - INFO - CaseID:661 - 整体结果: PASS | 详情: 所有字段校验通过
2026-02-26 18:03:31,183 - INFO - CaseID:662 - 整体结果: FAILED | 详情: QUERY语义不匹配：预期[满山遍野都是这个]，实际[满山遍野都是什么？]
2026-02-26 18:03:33,224 - INFO - CaseID:663 - 整体结果: PASS | 详情: 所有字段校验通过
2026-02-26 18:03:35,281 - INFO - CaseID:664 - 整体结果: PASS | 详情: 所有字段校验通过
2026-02-26 18:03:38,145 - INFO - CaseID:665 - 整体结果: PASS | 详情: 所有字段校验通过
2026-02-26 18:03:40,000 - INFO - CaseID:666 - 整体结果: PASS | 详情: 所有字段校验通过
2026-02-26 18:03:41,990 - INFO - CaseID:667 - 整体结果: PASS | 详情: 所有字段校验通过
2026-02-26 18:03:44,685 - INFO - CaseID:668 - 整体结果: PASS | 详情: 所有字段校验通过
2026-02-26 18:03:46,429 - INFO - CaseID:669 - 整体结果: PASS | 详情: 所有字段校验通过
2026-02-26 18:03:48,561 - INFO - CaseID:670 - 整体结果: PASS | 详情: 所有字段校验通过
2026-02-26 18:03:50,639 - INFO - CaseID:671 - 整体结果: PASS | 详情: 所有字段校验通过
2026-02-26 18:03:52,890 - INFO - CaseID:672 - 整体结果: PASS | 详情: 所有字段校验通过
2026-02-26 18:03:54,939 - INFO - CaseID:673 - 整体结果: PASS | 详情: 所有字段校验通过
2026-02-26 18:03:57,159 - INFO - CaseID:674 - 整体结果: PASS | 详情: 所有字段校验通过
2026-02-26 18:03:59,147 - INFO - CaseID:675 - 整体结果: PASS | 详情: 所有字段校验通过
2026-02-26 18:04:01,239 - INFO - CaseID:676 - 整体结果: PASS | 详情: 所有字段校验通过
2026-02-26 18:04:03,337 - INFO - CaseID:677 - 整体结果: PASS | 详情: 所有字段校验通过
2026-02-26 18:04:05,292 - INFO - CaseID:678 - 整体结果: PASS | 详情: 所有字段校验通过
2026-02-26 18:04:07,274 - INFO - CaseID:679 - 整体结果: PASS | 详情: 所有字段校验通过
2026-02-26 18:04:09,187 - INFO - CaseID:680 - 整体结果: PASS | 详情: 所有字段校验通过
2026-02-26 18:04:10,915 - INFO - CaseID:681 - 整体结果: PASS | 详情: 所有字段校验通过
2026-02-26 18:04:12,963 - INFO - CaseID:682 - 整体结果: PASS | 详情: 所有字段校验通过
2026-02-26 18:04:14,742 - INFO - CaseID:683 - 整体结果: PASS | 详情: 所有字段校验通过
2026-02-26 18:04:16,856 - INFO - CaseID:684 - 整体结果: PASS | 详情: 所有字段校验通过
2026-02-26 18:04:19,313 - INFO - CaseID:685 - 整体结果: PASS | 详情: 所有字段校验通过
2026-02-26 18:04:21,364 - INFO - CaseID:686 - 整体结果: PASS | 详情: 所有字段校验通过
2026-02-26 18:04:23,284 - INFO - CaseID:687 - 整体结果: PASS | 详情: 所有字段校验通过
2026-02-26 18:04:25,118 - INFO - CaseID:688 - 整体结果: PASS | 详情: 所有字段校验通过
2026-02-26 18:04:27,299 - INFO - CaseID:689 - 整体结果: PASS | 详情: 所有字段校验通过
2026-02-26 18:04:29,347 - INFO - CaseID:690 - 整体结果: PASS | 详情: 所有字段校验通过
2026-02-26 18:04:31,763 - INFO - CaseID:691 - 整体结果: PASS | 详情: 所有字段校验通过
2026-02-26 18:04:34,062 - INFO - CaseID:692 - 整体结果: PASS | 详情: 所有字段校验通过
2026-02-26 18:04:36,311 - INFO - CaseID:693 - 整体结果: PASS | 详情: 所有字段校验通过
2026-02-26 18:04:39,638 - INFO - CaseID:694 - 整体结果: PASS | 详情: 所有字段校验通过
2026-02-26 18:04:41,467 - INFO - CaseID:695 - 整体结果: PASS | 详情: 所有字段校验通过
2026-02-26 18:04:43,433 - INFO - CaseID:696 - 整体结果: PASS | 详情: 所有字段校验通过
2026-02-26 18:04:45,249 - INFO - CaseID:697 - 整体结果: PASS | 详情: 所有字段校验通过
2026-02-26 18:04:47,224 - INFO - CaseID:698 - 整体结果: FAILED | 详情: QUERY语义不匹配：预期[帮我看下这个是什么呢]，实际[识别当前摄像头画面中的物体或场景]
2026-02-26 18:04:49,418 - INFO - CaseID:699 - 整体结果: PASS | 详情: 所有字段校验通过
2026-02-26 18:04:49,419 - INFO - 已处理700行，休眠5秒降低压力...
2026-02-26 18:04:55,327 - INFO - CaseID:700 - 整体结果: PASS | 详情: 所有字段校验通过
2026-02-26 18:04:57,242 - INFO - CaseID:701 - 整体结果: PASS | 详情: 所有字段校验通过
2026-02-26 18:04:59,308 - INFO - CaseID:702 - 整体结果: PASS | 详情: 所有字段校验通过
2026-02-26 18:05:01,257 - INFO - CaseID:703 - 整体结果: PASS | 详情: 所有字段校验通过
2026-02-26 18:05:03,137 - INFO - CaseID:704 - 整体结果: PASS | 详情: 所有字段校验通过
2026-02-26 18:05:05,187 - INFO - CaseID:705 - 整体结果: PASS | 详情: 所有字段校验通过
2026-02-26 18:05:07,474 - INFO - CaseID:706 - 整体结果: PASS | 详情: 所有字段校验通过
2026-02-26 18:05:09,415 - INFO - CaseID:707 - 整体结果: PASS | 详情: 所有字段校验通过
2026-02-26 18:05:11,559 - INFO - CaseID:708 - 整体结果: PASS | 详情: 所有字段校验通过
2026-02-26 18:05:13,784 - INFO - CaseID:709 - 整体结果: PASS | 详情: 所有字段校验通过
2026-02-26 18:05:15,939 - INFO - CaseID:710 - 整体结果: PASS | 详情: 所有字段校验通过
2026-02-26 18:05:17,807 - INFO - CaseID:711 - 整体结果: PASS | 详情: 所有字段校验通过
2026-02-26 18:05:19,728 - INFO - CaseID:712 - 整体结果: PASS | 详情: 所有字段校验通过
2026-02-26 18:05:21,618 - INFO - CaseID:713 - 整体结果: FAILED | 详情: QUERY语义不匹配：预期[识别当前摄像头画面中的物体或场景是什么]，实际[这是什么？]
2026-02-26 18:05:23,541 - INFO - CaseID:714 - 整体结果: FAILED | 详情: QUERY语义不匹配：预期[这花好好看啊]，实际[这是什么花？]
2026-02-26 18:05:25,479 - INFO - CaseID:715 - 整体结果: PASS | 详情: 所有字段校验通过
2026-02-26 18:05:27,306 - INFO - CaseID:716 - 整体结果: PASS | 详情: 所有字段校验通过
2026-02-26 18:05:29,560 - INFO - CaseID:717 - 整体结果: PASS | 详情: 所有字段校验通过
2026-02-26 18:05:31,384 - INFO - CaseID:718 - 整体结果: PASS | 详情: 所有字段校验通过
2026-02-26 18:05:33,450 - INFO - CaseID:719 - 整体结果: PASS | 详情: 所有字段校验通过
2026-02-26 18:05:35,490 - INFO - CaseID:720 - 整体结果: PASS | 详情: 所有字段校验通过
2026-02-26 18:05:37,461 - INFO - CaseID:721 - 整体结果: PASS | 详情: 所有字段校验通过
2026-02-26 18:05:39,326 - INFO - CaseID:722 - 整体结果: PASS | 详情: 所有字段校验通过
2026-02-26 18:05:41,233 - INFO - CaseID:723 - 整体结果: PASS | 详情: 所有字段校验通过
2026-02-26 18:05:43,407 - INFO - CaseID:724 - 整体结果: PASS | 详情: 所有字段校验通过
2026-02-26 18:05:45,255 - INFO - CaseID:725 - 整体结果: PASS | 详情: 所有字段校验通过
2026-02-26 18:05:47,581 - INFO - CaseID:726 - 整体结果: PASS | 详情: 所有字段校验通过
2026-02-26 18:05:49,636 - INFO - CaseID:727 - 整体结果: PASS | 详情: 所有字段校验通过
2026-02-26 18:05:52,703 - INFO - CaseID:728 - 整体结果: PASS | 详情: 所有字段校验通过
2026-02-26 18:05:54,869 - INFO - CaseID:729 - 整体结果: PASS | 详情: 所有字段校验通过
2026-02-26 18:05:56,594 - INFO - CaseID:730 - 整体结果: PASS | 详情: 所有字段校验通过
2026-02-26 18:05:58,408 - INFO - CaseID:731 - 整体结果: PASS | 详情: 所有字段校验通过
2026-02-26 18:06:00,205 - INFO - CaseID:732 - 整体结果: PASS | 详情: 所有字段校验通过
2026-02-26 18:06:02,593 - INFO - CaseID:733 - 整体结果: PASS | 详情: 所有字段校验通过
2026-02-26 18:06:04,639 - INFO - CaseID:734 - 整体结果: FAILED | 详情: QUERY语义不匹配：预期[识别当前摄像头画面中的物体并获取其学名]，实际[当前摄像头画面中的物体是什么？]
2026-02-26 18:06:06,791 - INFO - CaseID:735 - 整体结果: PASS | 详情: 所有字段校验通过
2026-02-26 18:06:08,881 - INFO - CaseID:736 - 整体结果: PASS | 详情: 所有字段校验通过
2026-02-26 18:06:10,812 - INFO - CaseID:737 - 整体结果: PASS | 详情: 所有字段校验通过
2026-02-26 18:06:12,876 - INFO - CaseID:738 - 整体结果: PASS | 详情: 所有字段校验通过
2026-02-26 18:06:14,820 - INFO - CaseID:739 - 整体结果: PASS | 详情: 所有字段校验通过
2026-02-26 18:06:17,068 - INFO - CaseID:740 - 整体结果: PASS | 详情: 所有字段校验通过
2026-02-26 18:06:19,537 - INFO - CaseID:741 - 整体结果: PASS | 详情: 所有字段校验通过
2026-02-26 18:06:21,502 - INFO - CaseID:742 - 整体结果: PASS | 详情: 所有字段校验通过
2026-02-26 18:06:23,451 - INFO - CaseID:743 - 整体结果: PASS | 详情: 所有字段校验通过
2026-02-26 18:06:25,190 - INFO - CaseID:744 - 整体结果: PASS | 详情: 所有字段校验通过
2026-02-26 18:06:27,149 - INFO - CaseID:745 - 整体结果: PASS | 详情: 所有字段校验通过
2026-02-26 18:06:28,998 - INFO - CaseID:746 - 整体结果: PASS | 详情: 所有字段校验通过
2026-02-26 18:06:31,218 - INFO - CaseID:747 - 整体结果: PASS | 详情: 所有字段校验通过
2026-02-26 18:06:33,212 - INFO - CaseID:748 - 整体结果: PASS | 详情: 所有字段校验通过
2026-02-26 18:06:35,155 - INFO - CaseID:749 - 整体结果: PASS | 详情: 所有字段校验通过
2026-02-26 18:06:37,189 - INFO - CaseID:750 - 整体结果: PASS | 详情: 所有字段校验通过
2026-02-26 18:06:39,667 - INFO - CaseID:751 - 整体结果: FAILED | 详情: QUERY语义不匹配：预期[识别当前摄像头画面中的车辆品牌和型号]，实际[识别当前摄像头画面中的车辆具体型号]
2026-02-26 18:06:41,854 - INFO - CaseID:752 - 整体结果: PASS | 详情: 所有字段校验通过
2026-02-26 18:06:43,558 - INFO - CaseID:753 - 整体结果: PASS | 详情: 所有字段校验通过
2026-02-26 18:06:45,519 - INFO - CaseID:754 - 整体结果: PASS | 详情: 所有字段校验通过
2026-02-26 18:06:47,794 - INFO - CaseID:755 - 整体结果: PASS | 详情: 所有字段校验通过
2026-02-26 18:06:49,861 - INFO - CaseID:756 - 整体结果: PASS | 详情: 所有字段校验通过
2026-02-26 18:06:52,120 - INFO - CaseID:757 - 整体结果: PASS | 详情: 所有字段校验通过
2026-02-26 18:06:53,937 - INFO - CaseID:758 - 整体结果: PASS | 详情: 所有字段校验通过
2026-02-26 18:06:55,919 - INFO - CaseID:759 - 整体结果: PASS | 详情: 所有字段校验通过
2026-02-26 18:06:58,152 - INFO - CaseID:760 - 整体结果: PASS | 详情: 所有字段校验通过
2026-02-26 18:07:00,699 - INFO - CaseID:761 - 整体结果: PASS | 详情: 所有字段校验通过
2026-02-26 18:07:02,750 - INFO - CaseID:762 - 整体结果: PASS | 详情: 所有字段校验通过
2026-02-26 18:07:04,880 - INFO - CaseID:763 - 整体结果: PASS | 详情: 所有字段校验通过
2026-02-26 18:07:07,529 - INFO - CaseID:764 - 整体结果: PASS | 详情: 所有字段校验通过
2026-02-26 18:07:09,731 - INFO - CaseID:765 - 整体结果: PASS | 详情: 所有字段校验通过
2026-02-26 18:07:11,760 - INFO - CaseID:766 - 整体结果: PASS | 详情: 所有字段校验通过
2026-02-26 18:07:13,423 - INFO - CaseID:767 - 整体结果: PASS | 详情: 所有字段校验通过
2026-02-26 18:07:15,442 - INFO - CaseID:768 - 整体结果: PASS | 详情: 所有字段校验通过
2026-02-26 18:07:17,696 - INFO - CaseID:769 - 整体结果: PASS | 详情: 所有字段校验通过
2026-02-26 18:07:20,095 - INFO - CaseID:770 - 整体结果: PASS | 详情: 所有字段校验通过
2026-02-26 18:07:22,353 - INFO - CaseID:771 - 整体结果: PASS | 详情: 所有字段校验通过
2026-02-26 18:07:24,043 - INFO - CaseID:772 - 整体结果: FAILED | 详情: QUERY语义不匹配：预期[识别当前摄像头画面中的植物或生物]，实际[识别当前摄像头画面中的物品并分析其养护方法]
2026-02-26 18:07:26,696 - INFO - CaseID:773 - 整体结果: PASS | 详情: 所有字段校验通过
2026-02-26 18:07:28,515 - INFO - CaseID:774 - 整体结果: PASS | 详情: 所有字段校验通过
2026-02-26 18:07:30,582 - INFO - CaseID:775 - 整体结果: PASS | 详情: 所有字段校验通过
2026-02-26 18:07:32,645 - INFO - CaseID:776 - 整体结果: PASS | 详情: 所有字段校验通过
2026-02-26 18:07:34,693 - INFO - CaseID:777 - 整体结果: FAILED | 详情: QUERY语义不匹配：预期[识别当前摄像头画面中的物品品牌]，实际[它是什么牌子的]
2026-02-26 18:07:36,743 - INFO - CaseID:778 - 整体结果: PASS | 详情: 所有字段校验通过
2026-02-26 18:07:38,460 - INFO - CaseID:779 - 整体结果: PASS | 详情: 所有字段校验通过
2026-02-26 18:07:40,472 - INFO - CaseID:780 - 整体结果: PASS | 详情: 所有字段校验通过
2026-02-26 18:07:42,467 - INFO - CaseID:781 - 整体结果: PASS | 详情: 所有字段校验通过
2026-02-26 18:07:44,587 - INFO - CaseID:782 - 整体结果: PASS | 详情: 所有字段校验通过
2026-02-26 18:07:46,468 - INFO - CaseID:783 - 整体结果: PASS | 详情: 所有字段校验通过
2026-02-26 18:07:48,620 - INFO - CaseID:784 - 整体结果: PASS | 详情: 所有字段校验通过
2026-02-26 18:07:51,079 - INFO - CaseID:785 - 整体结果: PASS | 详情: 所有字段校验通过
2026-02-26 18:07:52,923 - INFO - CaseID:786 - 整体结果: PASS | 详情: 所有字段校验通过
2026-02-26 18:07:55,092 - INFO - CaseID:787 - 整体结果: PASS | 详情: 所有字段校验通过
2026-02-26 18:07:57,019 - INFO - CaseID:788 - 整体结果: FAILED | 详情: QUERY语义不匹配：预期[帮我看下这个是哪个牌子的]，实际[识别当前摄像头画面中的物品品牌]
2026-02-26 18:07:59,035 - INFO - CaseID:789 - 整体结果: PASS | 详情: 所有字段校验通过
2026-02-26 18:08:01,115 - INFO - CaseID:790 - 整体结果: PASS | 详情: 所有字段校验通过
2026-02-26 18:08:03,165 - INFO - CaseID:791 - 整体结果: FAILED | 详情: QUERY语义不匹配：预期[这个能好喝吗]，实际[识别当前摄像头中的物品并判断是否可饮用]
2026-02-26 18:08:05,212 - INFO - CaseID:792 - 整体结果: FAILED | 详情: QUERY语义不匹配：预期[帮我看下这个是什么饮料]，实际[识别当前摄像头画面中的饮料品牌和类型]
2026-02-26 18:08:07,786 - INFO - CaseID:793 - 整体结果: PASS | 详情: 所有字段校验通过
2026-02-26 18:08:09,920 - INFO - CaseID:794 - 整体结果: PASS | 详情: 所有字段校验通过
2026-02-26 18:08:11,680 - INFO - CaseID:795 - 整体结果: FAILED | 详情: QUERY语义不匹配：预期[识别当前摄像头画面中的物品是什么]，实际[识别当前摄像头中的物品并分析其味道特征]
2026-02-26 18:08:13,648 - INFO - CaseID:796 - 整体结果: FAILED | 详情: QUERY语义不匹配：预期[识别当前摄像头画面中的物体是什么]，实际[这是什么东西]
2026-02-26 18:08:15,654 - INFO - CaseID:797 - 整体结果: PASS | 详情: 所有字段校验通过
2026-02-26 18:08:17,702 - INFO - CaseID:798 - 整体结果: FAILED | 详情: QUERY语义不匹配：预期[这个喝了应该不会胖吧]，实际[识别当前摄像头中的饮品并分析其热量或成分]
2026-02-26 18:08:20,295 - INFO - CaseID:799 - 整体结果: PASS | 详情: 所有字段校验通过
2026-02-26 18:08:20,296 - INFO - 已处理800行，休眠5秒降低压力...
2026-02-26 18:08:26,099 - INFO - CaseID:800 - 整体结果: PASS | 详情: 所有字段校验通过
2026-02-26 18:08:26,100 - INFO - 已处理800条用例，当前通过数：690
2026-02-26 18:08:28,243 - INFO - CaseID:801 - 整体结果: FAILED | 详情: QUERY语义不匹配：预期[识别用户当前展示的物品（如饮料、药品等）]，实际[识别当前摄像头中的物品或饮品]
2026-02-26 18:08:29,991 - INFO - CaseID:802 - 整体结果: FAILED | 详情: QUERY语义不匹配：预期[我还蛮喜欢这个的]，实际[识别当前摄像头画面中用户所指的物体]
2026-02-26 18:08:31,936 - INFO - CaseID:803 - 整体结果: PASS | 详情: 所有字段校验通过
2026-02-26 18:08:33,883 - INFO - CaseID:804 - 整体结果: PASS | 详情: 所有字段校验通过
2026-02-26 18:08:35,932 - INFO - CaseID:805 - 整体结果: FAILED | 详情: QUERY语义不匹配：预期[你喜不喜欢这个]，实际[当前摄像头画面中有什么物体或场景？]
2026-02-26 18:08:37,952 - INFO - CaseID:806 - 整体结果: PASS | 详情: 所有字段校验通过
2026-02-26 18:08:39,636 - INFO - CaseID:807 - 整体结果: PASS | 详情: 所有字段校验通过
2026-02-26 18:08:41,868 - INFO - CaseID:808 - 整体结果: PASS | 详情: 所有字段校验通过
2026-02-26 18:08:43,643 - INFO - CaseID:809 - 整体结果: PASS | 详情: 所有字段校验通过
2026-02-26 18:08:45,557 - INFO - CaseID:810 - 整体结果: PASS | 详情: 所有字段校验通过
2026-02-26 18:08:47,603 - INFO - CaseID:811 - 整体结果: FAILED | 详情: QUERY语义不匹配：预期[识别当前摄像头画面中的物体是什么]，实际[识别当前摄像头画面中的物体或场景]
2026-02-26 18:08:49,684 - INFO - CaseID:812 - 整体结果: PASS | 详情: 所有字段校验通过
2026-02-26 18:08:51,699 - INFO - CaseID:813 - 整体结果: PASS | 详情: 所有字段校验通过
2026-02-26 18:08:53,952 - INFO - CaseID:814 - 整体结果: FAILED | 详情: QUERY语义不匹配：预期[这个太甜了吧]，实际[用户当前摄像头捕捉到的物品是什么？]
2026-02-26 18:08:55,928 - INFO - CaseID:815 - 整体结果: PASS | 详情: 所有字段校验通过
2026-02-26 18:08:57,846 - INFO - CaseID:816 - 整体结果: PASS | 详情: 所有字段校验通过
2026-02-26 18:08:59,894 - INFO - CaseID:817 - 整体结果: PASS | 详情: 所有字段校验通过
2026-02-26 18:09:01,789 - INFO - CaseID:818 - 整体结果: PASS | 详情: 所有字段校验通过
2026-02-26 18:09:03,754 - INFO - CaseID:819 - 整体结果: PASS | 详情: 所有字段校验通过
2026-02-26 18:09:05,583 - INFO - CaseID:820 - 整体结果: PASS | 详情: 所有字段校验通过
2026-02-26 18:09:07,413 - INFO - CaseID:821 - 整体结果: FAILED | 详情: QUERY语义不匹配：预期[这个和酸奶哪个好喝]，实际[识别当前摄像头中的物品是什么]
2026-02-26 18:09:09,365 - INFO - CaseID:822 - 整体结果: PASS | 详情: 所有字段校验通过
2026-02-26 18:09:11,090 - INFO - CaseID:823 - 整体结果: PASS | 详情: 所有字段校验通过
2026-02-26 18:09:13,037 - INFO - CaseID:824 - 整体结果: FAILED | 详情: QUERY语义不匹配：预期[你喜欢喝这个吗]，实际[用户当前展示的物品是什么？]
2026-02-26 18:09:15,026 - INFO - CaseID:825 - 整体结果: PASS | 详情: 所有字段校验通过
2026-02-26 18:09:17,864 - INFO - CaseID:826 - 整体结果: PASS | 详情: 所有字段校验通过
2026-02-26 18:09:20,221 - INFO - CaseID:827 - 整体结果: PASS | 详情: 所有字段校验通过
2026-02-26 18:09:22,344 - INFO - CaseID:828 - 整体结果: PASS | 详情: 所有字段校验通过
2026-02-26 18:09:24,340 - INFO - CaseID:829 - 整体结果: PASS | 详情: 所有字段校验通过
2026-02-26 18:09:26,106 - INFO - CaseID:830 - 整体结果: PASS | 详情: 所有字段校验通过
2026-02-26 18:09:28,156 - INFO - CaseID:831 - 整体结果: FAILED | 详情: QUERY语义不匹配：预期[这里好像添加了一些红薯好奇怪啊]，实际[识别当前摄像头画面中是否添加了红薯]
2026-02-26 18:09:30,202 - INFO - CaseID:832 - 整体结果: PASS | 详情: 所有字段校验通过
2026-02-26 18:09:32,251 - INFO - CaseID:833 - 整体结果: FAILED | 详情: QUERY语义不匹配：预期[这是什么？]，实际[识别当前摄像头画面中的物体或场景]
2026-02-26 18:09:34,180 - INFO - CaseID:834 - 整体结果: PASS | 详情: 所有字段校验通过
2026-02-26 18:09:36,142 - INFO - CaseID:835 - 整体结果: PASS | 详情: 所有字段校验通过
2026-02-26 18:09:38,720 - INFO - CaseID:836 - 整体结果: PASS | 详情: 所有字段校验通过
2026-02-26 18:09:40,647 - INFO - CaseID:837 - 整体结果: PASS | 详情: 所有字段校验通过
2026-02-26 18:09:44,065 - INFO - CaseID:838 - 整体结果: PASS | 详情: 所有字段校验通过
2026-02-26 18:09:46,022 - INFO - CaseID:839 - 整体结果: PASS | 详情: 所有字段校验通过
2026-02-26 18:09:47,993 - INFO - CaseID:840 - 整体结果: PASS | 详情: 所有字段校验通过
2026-02-26 18:09:49,870 - INFO - CaseID:841 - 整体结果: PASS | 详情: 所有字段校验通过
2026-02-26 18:09:51,707 - INFO - CaseID:842 - 整体结果: PASS | 详情: 所有字段校验通过
2026-02-26 18:09:53,763 - INFO - CaseID:843 - 整体结果: FAILED | 详情: QUERY语义不匹配：预期[你喜不喜欢喝这个呢]，实际[用户当前展示的物品是什么？]
2026-02-26 18:09:55,440 - INFO - CaseID:844 - 整体结果: FAILED | 详情: QUERY语义不匹配：预期[识别当前摄像头画面中的瓶子容量和用户一天的饮用量]，实际[识别当前摄像头画面中的瓶子容量或体积]
2026-02-26 18:09:57,967 - INFO - CaseID:845 - 整体结果: PASS | 详情: 所有字段校验通过
2026-02-26 18:09:59,899 - INFO - CaseID:846 - 整体结果: PASS | 详情: 所有字段校验通过
2026-02-26 18:10:01,853 - INFO - CaseID:847 - 整体结果: PASS | 详情: 所有字段校验通过
2026-02-26 18:10:03,763 - INFO - CaseID:848 - 整体结果: PASS | 详情: 所有字段校验通过
2026-02-26 18:10:05,449 - INFO - CaseID:849 - 整体结果: FAILED | 详情: QUERY语义不匹配：预期[你觉得这个会不会苦]，实际[识别当前摄像头画面中的物品]
2026-02-26 18:10:07,863 - INFO - CaseID:850 - 整体结果: FAILED | 详情: QUERY语义不匹配：预期[识别当前摄像头画面中的物体或场景是什么]，实际[你能告诉我这是什么吗]
2026-02-26 18:10:10,066 - INFO - CaseID:851 - 整体结果: FAILED | 详情: QUERY语义不匹配：预期[用户当前所指的饮品是什么？]，实际[识别当前物品并判断糖尿病患者是否可以饮用]
2026-02-26 18:10:12,578 - INFO - CaseID:852 - 整体结果: PASS | 详情: 所有字段校验通过
2026-02-26 18:10:14,503 - INFO - CaseID:853 - 整体结果: FAILED | 详情: QUERY语义不匹配：预期[你觉得这个喝起来是甜的吗]，实际[识别当前摄像头画面中的饮品，并分析其甜度]
2026-02-26 18:10:16,566 - INFO - CaseID:854 - 整体结果: PASS | 详情: 所有字段校验通过
2026-02-26 18:10:18,516 - INFO - CaseID:855 - 整体结果: PASS | 详情: 所有字段校验通过
2026-02-26 18:10:20,218 - INFO - CaseID:856 - 整体结果: FAILED | 详情: QUERY语义不匹配：预期[你觉得这是什么]，实际[识别当前摄像头画面中的内容]
2026-02-26 18:10:22,312 - INFO - CaseID:857 - 整体结果: PASS | 详情: 所有字段校验通过
2026-02-26 18:10:24,681 - INFO - CaseID:858 - 整体结果: FAILED | 详情: QUERY语义不匹配：预期[这个一点都不好喝]，实际[用户当前展示的是什么饮品或食品？]
2026-02-26 18:10:26,934 - INFO - CaseID:859 - 整体结果: PASS | 详情: 所有字段校验通过
2026-02-26 18:10:29,062 - INFO - CaseID:860 - 整体结果: PASS | 详情: 所有字段校验通过
2026-02-26 18:10:32,230 - INFO - CaseID:861 - 整体结果: PASS | 详情: 所有字段校验通过
2026-02-26 18:10:34,188 - INFO - CaseID:862 - 整体结果: PASS | 详情: 所有字段校验通过
2026-02-26 18:10:36,152 - INFO - CaseID:863 - 整体结果: PASS | 详情: 所有字段校验通过
2026-02-26 18:10:38,200 - INFO - CaseID:864 - 整体结果: PASS | 详情: 所有字段校验通过
2026-02-26 18:10:39,885 - INFO - CaseID:865 - 整体结果: PASS | 详情: 所有字段校验通过
2026-02-26 18:10:41,887 - INFO - CaseID:866 - 整体结果: PASS | 详情: 所有字段校验通过
2026-02-26 18:10:44,137 - INFO - CaseID:867 - 整体结果: FAILED | 详情: QUERY语义不匹配：预期[这句话代表什么啊]，实际[当前摄像头捕捉到的句子内容是什么？]
2026-02-26 18:10:46,065 - INFO - CaseID:868 - 整体结果: FAILED | 详情: QUERY语义不匹配：预期[这个是啥意思呢]，实际[当前摄像头捕捉到的内容是什么？]
2026-02-26 18:10:47,933 - INFO - CaseID:869 - 整体结果: PASS | 详情: 所有字段校验通过
2026-02-26 18:10:49,667 - INFO - CaseID:870 - 整体结果: PASS | 详情: 所有字段校验通过
2026-02-26 18:10:51,655 - INFO - CaseID:871 - 整体结果: PASS | 详情: 所有字段校验通过
2026-02-26 18:10:53,763 - INFO - CaseID:872 - 整体结果: PASS | 详情: 所有字段校验通过
2026-02-26 18:10:55,810 - INFO - CaseID:873 - 整体结果: FAILED | 详情: QUERY语义不匹配：预期[你能说说这是什么意思吗]，实际[当前摄像头捕捉到的内容是什么？]
2026-02-26 18:10:57,762 - INFO - CaseID:874 - 整体结果: PASS | 详情: 所有字段校验通过
2026-02-26 18:10:59,701 - INFO - CaseID:875 - 整体结果: FAILED | 详情: QUERY语义不匹配：预期[这个数字是什么意思]，实际[识别当前摄像头画面中的数字]
2026-02-26 18:11:01,689 - INFO - CaseID:876 - 整体结果: PASS | 详情: 所有字段校验通过
2026-02-26 18:11:03,385 - INFO - CaseID:877 - 整体结果: PASS | 详情: 所有字段校验通过
2026-02-26 18:11:05,437 - INFO - CaseID:878 - 整体结果: PASS | 详情: 所有字段校验通过
2026-02-26 18:11:07,259 - INFO - CaseID:879 - 整体结果: PASS | 详情: 所有字段校验通过
2026-02-26 18:11:09,225 - INFO - CaseID:880 - 整体结果: FAILED | 详情: QUERY语义不匹配：预期[能详细解释一下这是什么吗]，实际[请识别并详细解释当前摄像头画面中的物体或场景是什么]
2026-02-26 18:11:11,356 - INFO - CaseID:881 - 整体结果: FAILED | 详情: QUERY语义不匹配：预期[当前摄像头捕捉到的内容是什么？请解释其可能含义。]，实际[当前摄像头捕捉到的内容是什么？]
2026-02-26 18:11:13,353 - INFO - CaseID:882 - 整体结果: PASS | 详情: 所有字段校验通过
2026-02-26 18:11:15,472 - INFO - CaseID:883 - 整体结果: FAILED | 详情: QUERY语义不匹配：预期[这是什么意思来着]，实际[当前摄像头捕捉到的内容是什么？]
2026-02-26 18:11:17,148 - INFO - CaseID:884 - 整体结果: PASS | 详情: 所有字段校验通过
2026-02-26 18:11:19,512 - INFO - CaseID:885 - 整体结果: PASS | 详情: 所有字段校验通过
2026-02-26 18:11:21,196 - INFO - CaseID:886 - 整体结果: FAILED | 详情: QUERY语义不匹配：预期[当前摄像头画面中的内容是什么？请解释其可能含义。]，实际[当前摄像头画面中的内容是什么？]
2026-02-26 18:11:23,460 - INFO - CaseID:887 - 整体结果: PASS | 详情: 所有字段校验通过
2026-02-26 18:11:25,438 - INFO - CaseID:888 - 整体结果: PASS | 详情: 所有字段校验通过
2026-02-26 18:11:28,170 - INFO - CaseID:889 - 整体结果: PASS | 详情: 所有字段校验通过
2026-02-26 18:11:30,217 - INFO - CaseID:890 - 整体结果: PASS | 详情: 所有字段校验通过
2026-02-26 18:11:32,061 - INFO - CaseID:891 - 整体结果: PASS | 详情: 所有字段校验通过
2026-02-26 18:11:33,980 - INFO - CaseID:892 - 整体结果: PASS | 详情: 所有字段校验通过
2026-02-26 18:11:35,660 - INFO - CaseID:893 - 整体结果: FAILED | 详情: QUERY语义不匹配：预期[摄像头捕捉到的画面中有什么人或物体？当前场景是什么？]，实际[摄像头捕捉到的画面中的人物或物体状态是什么？]
2026-02-26 18:11:38,081 - INFO - CaseID:894 - 整体结果: PASS | 详情: 所有字段校验通过
2026-02-26 18:11:40,181 - INFO - CaseID:895 - 整体结果: PASS | 详情: 所有字段校验通过
2026-02-26 18:11:42,300 - INFO - CaseID:896 - 整体结果: PASS | 详情: 所有字段校验通过
2026-02-26 18:11:44,110 - INFO - CaseID:897 - 整体结果: PASS | 详情: 所有字段校验通过
2026-02-26 18:11:46,139 - INFO - CaseID:898 - 整体结果: PASS | 详情: 所有字段校验通过
2026-02-26 18:11:48,239 - INFO - CaseID:899 - 整体结果: PASS | 详情: 所有字段校验通过
2026-02-26 18:11:48,240 - INFO - 已处理900行，休眠5秒降低压力...
2026-02-26 18:11:54,386 - INFO - CaseID:900 - 整体结果: PASS | 详情: 所有字段校验通过
2026-02-26 18:11:56,325 - INFO - CaseID:901 - 整体结果: PASS | 详情: 所有字段校验通过
2026-02-26 18:11:58,658 - INFO - CaseID:902 - 整体结果: PASS | 详情: 所有字段校验通过
2026-02-26 18:12:00,734 - INFO - CaseID:903 - 整体结果: PASS | 详情: 所有字段校验通过
2026-02-26 18:12:02,782 - INFO - CaseID:904 - 整体结果: FAILED | 详情: QUERY语义不匹配：预期[分析当前摄像头画面中人物的性格特征]，实际[她是什么性格的]
2026-02-26 18:12:04,876 - INFO - CaseID:905 - 整体结果: PASS | 详情: 所有字段校验通过
2026-02-26 18:12:07,065 - INFO - CaseID:906 - 整体结果: PASS | 详情: 所有字段校验通过
2026-02-26 18:12:08,893 - INFO - CaseID:907 - 整体结果: FAILED | 详情: QUERY语义不匹配：预期[这本书叫什么名字]，实际[识别当前摄像头画面中的这本书的名称]
2026-02-26 18:12:10,976 - INFO - CaseID:908 - 整体结果: PASS | 详情: 所有字段校验通过
2026-02-26 18:12:13,023 - INFO - CaseID:909 - 整体结果: PASS | 详情: 所有字段校验通过
2026-02-26 18:12:16,624 - INFO - CaseID:910 - 整体结果: PASS | 详情: 所有字段校验通过
2026-02-26 18:12:18,645 - INFO - CaseID:911 - 整体结果: PASS | 详情: 所有字段校验通过
2026-02-26 18:12:20,418 - INFO - CaseID:912 - 整体结果: PASS | 详情: 所有字段校验通过
2026-02-26 18:12:23,050 - INFO - CaseID:913 - 整体结果: PASS | 详情: 所有字段校验通过
2026-02-26 18:12:24,738 - INFO - CaseID:914 - 整体结果: PASS | 详情: 所有字段校验通过
2026-02-26 18:12:26,743 - INFO - CaseID:915 - 整体结果: PASS | 详情: 所有字段校验通过
2026-02-26 18:12:28,677 - INFO - CaseID:916 - 整体结果: PASS | 详情: 所有字段校验通过
2026-02-26 18:12:31,045 - INFO - CaseID:917 - 整体结果: PASS | 详情: 所有字段校验通过
2026-02-26 18:12:33,091 - INFO - CaseID:918 - 整体结果: PASS | 详情: 所有字段校验通过
2026-02-26 18:12:35,141 - INFO - CaseID:919 - 整体结果: FAILED | 详情: QUERY语义不匹配：预期[识别当前摄像头画面中的书籍名称和内容]，实际[识别当前摄像头画面中的书籍名称或内容]
2026-02-26 18:12:37,394 - INFO - CaseID:920 - 整体结果: PASS | 详情: 所有字段校验通过
2026-02-26 18:12:39,852 - INFO - CaseID:921 - 整体结果: PASS | 详情: 所有字段校验通过
2026-02-26 18:12:41,887 - INFO - CaseID:922 - 整体结果: PASS | 详情: 所有字段校验通过
2026-02-26 18:12:43,834 - INFO - CaseID:923 - 整体结果: PASS | 详情: 所有字段校验通过
2026-02-26 18:12:45,996 - INFO - CaseID:924 - 整体结果: PASS | 详情: 所有字段校验通过
2026-02-26 18:12:49,049 - INFO - CaseID:925 - 整体结果: PASS | 详情: 所有字段校验通过
2026-02-26 18:12:50,870 - INFO - CaseID:926 - 整体结果: PASS | 详情: 所有字段校验通过
2026-02-26 18:12:53,574 - INFO - CaseID:927 - 整体结果: FAILED | 详情: QUERY语义不匹配：预期[识别当前摄像头画面中的书籍名称和作者]，实际[请识别当前摄像头画面中的书籍并返回其详细信息]
2026-02-26 18:12:55,622 - INFO - CaseID:928 - 整体结果: PASS | 详情: 所有字段校验通过
2026-02-26 18:12:57,561 - INFO - CaseID:929 - 整体结果: PASS | 详情: 所有字段校验通过
2026-02-26 18:13:00,744 - INFO - CaseID:930 - 整体结果: PASS | 详情: 所有字段校验通过
2026-02-26 18:13:02,791 - INFO - CaseID:931 - 整体结果: PASS | 详情: 所有字段校验通过
2026-02-26 18:13:04,679 - INFO - CaseID:932 - 整体结果: FAILED | 详情: QUERY语义不匹配：预期[识别当前摄像头画面中的书籍名称及作者]，实际[请识别当前摄像头画面中的书籍并介绍其内容]
2026-02-26 18:13:06,431 - INFO - CaseID:933 - 整体结果: PASS | 详情: 所有字段校验通过
2026-02-26 18:13:08,467 - INFO - CaseID:934 - 整体结果: PASS | 详情: 所有字段校验通过
2026-02-26 18:13:10,297 - INFO - CaseID:935 - 整体结果: FAILED | 详情: QUERY语义不匹配：预期[识别当前摄像头画面中的书籍名称及内容]，实际[识别当前摄像头中的书籍名称或内容]
2026-02-26 18:13:12,795 - INFO - CaseID:936 - 整体结果: PASS | 详情: 所有字段校验通过
2026-02-26 18:13:14,700 - INFO - CaseID:937 - 整体结果: PASS | 详情: 所有字段校验通过
2026-02-26 18:13:16,906 - INFO - CaseID:938 - 整体结果: PASS | 详情: 所有字段校验通过
2026-02-26 18:13:19,026 - INFO - CaseID:939 - 整体结果: PASS | 详情: 所有字段校验通过
2026-02-26 18:13:21,222 - INFO - CaseID:940 - 整体结果: FAILED | 详情: QUERY语义不匹配：预期[识别当前摄像头画面中的书籍名称和作者]，实际[请识别当前摄像头画面中的书籍并返回其基本信息]
2026-02-26 18:13:23,480 - INFO - CaseID:941 - 整体结果: PASS | 详情: 所有字段校验通过
2026-02-26 18:13:25,204 - INFO - CaseID:942 - 整体结果: PASS | 详情: 所有字段校验通过
2026-02-26 18:13:27,775 - INFO - CaseID:943 - 整体结果: PASS | 详情: 所有字段校验通过
2026-02-26 18:13:29,821 - INFO - CaseID:944 - 整体结果: PASS | 详情: 所有字段校验通过
2026-02-26 18:13:31,963 - INFO - CaseID:945 - 整体结果: PASS | 详情: 所有字段校验通过
2026-02-26 18:13:34,080 - INFO - CaseID:946 - 整体结果: FAILED | 详情: QUERY语义不匹配：预期[识别当前摄像头画面中的书籍名称或ISBN]，实际[这个书在哪里能买到呀]
2026-02-26 18:13:35,968 - INFO - CaseID:947 - 整体结果: FAILED | 详情: QUERY语义不匹配：预期[识别当前摄像头画面中的书籍名称]，实际[这本书的简介是什么]
2026-02-26 18:13:38,632 - INFO - CaseID:948 - 整体结果: PASS | 详情: 所有字段校验通过
2026-02-26 18:13:40,273 - INFO - CaseID:949 - 整体结果: FAILED | 详情: QUERY语义不匹配：预期[你觉得这本书怎么样]，实际[识别当前摄像头画面中的书籍名称或内容]
2026-02-26 18:13:42,319 - INFO - CaseID:950 - 整体结果: FAILED | 详情: QUERY语义不匹配：预期[识别当前摄像头画面中的书名和作者]，实际[这本书是谁写的]
2026-02-26 18:13:44,439 - INFO - CaseID:951 - 整体结果: PASS | 详情: 所有字段校验通过
2026-02-26 18:13:46,349 - INFO - CaseID:952 - 整体结果: FAILED | 详情: QUERY语义不匹配：预期[这本书有意思吗]，实际[这本书的书名和作者是什么？]
2026-02-26 18:13:48,317 - INFO - CaseID:953 - 整体结果: PASS | 详情: 所有字段校验通过
2026-02-26 18:13:50,039 - INFO - CaseID:954 - 整体结果: PASS | 详情: 所有字段校验通过
2026-02-26 18:13:52,148 - INFO - CaseID:955 - 整体结果: PASS | 详情: 所有字段校验通过
2026-02-26 18:13:53,903 - INFO - CaseID:956 - 整体结果: FAILED | 详情: QUERY语义不匹配：预期[这书好看吗]，实际[识别当前摄像头画面中的书籍名称或内容]
2026-02-26 18:13:55,971 - INFO - CaseID:957 - 整体结果: PASS | 详情: 所有字段校验通过
2026-02-26 18:13:57,884 - INFO - CaseID:958 - 整体结果: FAILED | 详情: QUERY语义不匹配：预期[你喜欢这本书吗]，实际[当前摄像头画面中是否有书？]
2026-02-26 18:14:00,446 - INFO - CaseID:959 - 整体结果: FAILED | 详情: QUERY语义不匹配：预期[识别当前摄像头画面中的书籍名称或封面信息]，实际[这本书的作者是谁]
2026-02-26 18:14:02,392 - INFO - CaseID:960 - 整体结果: PASS | 详情: 所有字段校验通过
2026-02-26 18:14:04,435 - INFO - CaseID:961 - 整体结果: FAILED | 详情: QUERY语义不匹配：预期[你觉得这书好不好看]，实际[识别当前摄像头中的书籍名称或内容]
2026-02-26 18:14:06,687 - INFO - CaseID:962 - 整体结果: PASS | 详情: 所有字段校验通过
2026-02-26 18:14:08,346 - INFO - CaseID:963 - 整体结果: FAILED | 详情: QUERY语义不匹配：预期[这本书的书名和作者是什么？]，实际[这本书的书名或作者是什么？]
2026-02-26 18:14:10,332 - INFO - CaseID:964 - 整体结果: PASS | 详情: 所有字段校验通过
2026-02-26 18:14:12,833 - INFO - CaseID:965 - 整体结果: FAILED | 详情: QUERY语义不匹配：预期[识别当前摄像头画面中的书名和作者]，实际[识别当前摄像头画面中的书籍名称或ISBN码]
2026-02-26 18:14:15,055 - INFO - CaseID:966 - 整体结果: FAILED | 详情: QUERY语义不匹配：预期[识别当前摄像头画面中的书籍名称或ISBN]，实际[识别当前摄像头画面中的书籍名称或相关信息]
2026-02-26 18:14:16,947 - INFO - CaseID:967 - 整体结果: PASS | 详情: 所有字段校验通过
2026-02-26 18:14:18,646 - INFO - CaseID:968 - 整体结果: PASS | 详情: 所有字段校验通过
2026-02-26 18:14:20,821 - INFO - CaseID:969 - 整体结果: PASS | 详情: 所有字段校验通过
2026-02-26 18:14:22,664 - INFO - CaseID:970 - 整体结果: PASS | 详情: 所有字段校验通过
2026-02-26 18:14:24,694 - INFO - CaseID:971 - 整体结果: PASS | 详情: 所有字段校验通过
2026-02-26 18:14:26,762 - INFO - CaseID:972 - 整体结果: FAILED | 详情: QUERY语义不匹配：预期[识别当前摄像头画面中的物品]，实际[这东西在那可以买到]
2026-02-26 18:14:28,668 - INFO - CaseID:973 - 整体结果: FAILED | 详情: QUERY语义不匹配：预期[识别当前摄像头画面中的衣服款式、品牌或特征]，实际[这件衣服是什么样子的？]
2026-02-26 18:14:30,712 - INFO - CaseID:974 - 整体结果: FAILED | 详情: QUERY语义不匹配：预期[这个真暖和]，实际[识别当前摄像头画面中的物品或场景]
2026-02-26 18:14:32,697 - INFO - CaseID:975 - 整体结果: FAILED | 详情: QUERY语义不匹配：预期[识别当前摄像头画面中的穿着或服装]，实际[识别当前摄像头画面中用户所指的“穿着”是什么]
2026-02-26 18:14:34,689 - INFO - CaseID:976 - 整体结果: PASS | 详情: 所有字段校验通过
2026-02-26 18:14:36,591 - INFO - CaseID:977 - 整体结果: PASS | 详情: 所有字段校验通过
2026-02-26 18:14:38,660 - INFO - CaseID:978 - 整体结果: FAILED | 详情: QUERY语义不匹配：预期[这件衣服的款式、颜色和设计细节是什么？]，实际[这件衣服的款式、颜色和品牌是什么？]
2026-02-26 18:14:40,891 - INFO - CaseID:979 - 整体结果: PASS | 详情: 所有字段校验通过
2026-02-26 18:14:42,998 - INFO - CaseID:980 - 整体结果: FAILED | 详情: QUERY语义不匹配：预期[这件衣服的款式和细节是什么？]，实际[这件衣服的细节和质量如何？]
2026-02-26 18:14:44,988 - INFO - CaseID:981 - 整体结果: FAILED | 详情: QUERY语义不匹配：预期[这件衣服的颜色和你的肤色对比是否显白？]，实际[这件衣服的颜色和款式是否显白？]
2026-02-26 18:14:47,035 - INFO - CaseID:982 - 整体结果: FAILED | 详情: QUERY语义不匹配：预期[这衣服真显腿长]，实际[这件衣服的款式和颜色是什么？]
2026-02-26 18:14:49,493 - INFO - CaseID:983 - 整体结果: FAILED | 详情: QUERY语义不匹配：预期[分析用户当前穿着的衣服款式、颜色搭配等视觉信息]，实际[这件衣服我穿着好看吗]
2026-02-26 18:14:51,541 - INFO - CaseID:984 - 整体结果: PASS | 详情: 所有字段校验通过
2026-02-26 18:14:53,588 - INFO - CaseID:985 - 整体结果: PASS | 详情: 所有字段校验通过
2026-02-26 18:14:55,470 - INFO - CaseID:986 - 整体结果: FAILED | 详情: QUERY语义不匹配：预期[你喜欢这个电影吗]，实际[当前画面中是否有电影相关的信息？]
2026-02-26 18:14:57,378 - INFO - CaseID:987 - 整体结果: PASS | 详情: 所有字段校验通过
2026-02-26 18:14:59,734 - INFO - CaseID:988 - 整体结果: FAILED | 详情: QUERY语义不匹配：预期[识别当前摄像头画面中的绘画内容是什么]，实际[你看得出来这画的是什么吗]
2026-02-26 18:15:02,807 - INFO - CaseID:989 - 整体结果: PASS | 详情: 所有字段校验通过
2026-02-26 18:15:04,845 - INFO - CaseID:990 - 整体结果: PASS | 详情: 所有字段校验通过
2026-02-26 18:15:06,637 - INFO - CaseID:991 - 整体结果: PASS | 详情: 所有字段校验通过
2026-02-26 18:15:08,952 - INFO - CaseID:992 - 整体结果: PASS | 详情: 所有字段校验通过
2026-02-26 18:15:11,201 - INFO - CaseID:993 - 整体结果: PASS | 详情: 所有字段校验通过
2026-02-26 18:15:13,158 - INFO - CaseID:994 - 整体结果: FAILED | 详情: QUERY语义不匹配：预期[分析当前摄像头捕捉到的画作内容（主题、风格、色彩等）]，实际[这个画的内容是否符合某部电影的情节或主题]
2026-02-26 18:15:15,181 - INFO - CaseID:995 - 整体结果: PASS | 详情: 所有字段校验通过
2026-02-26 18:15:17,339 - INFO - CaseID:996 - 整体结果: PASS | 详情: 所有字段校验通过
2026-02-26 18:15:19,313 - INFO - CaseID:997 - 整体结果: PASS | 详情: 所有字段校验通过
2026-02-26 18:15:21,045 - INFO - CaseID:998 - 整体结果: FAILED | 详情: QUERY语义不匹配：预期[这是谁的书法]，实际[识别当前摄像头画面中的书法作者]
2026-02-26 18:15:23,524 - INFO - CaseID:999 - 整体结果: PASS | 详情: 所有字段校验通过
2026-02-26 18:15:23,524 - INFO - 已处理1000行，休眠5秒降低压力...
2026-02-26 18:15:29,835 - INFO - CaseID:1000 - 整体结果: PASS | 详情: 所有字段校验通过
2026-02-26 18:15:29,836 - INFO - 已处理1000条用例，当前通过数：832
2026-02-26 18:15:31,889 - INFO - CaseID:1001 - 整体结果: PASS | 详情: 所有字段校验通过
2026-02-26 18:15:33,928 - INFO - CaseID:1002 - 整体结果: FAILED | 详情: QUERY语义不匹配：预期[当前摄像头捕捉到的内容是什么？请解释其可能含义。]，实际[当前摄像头捕捉到的内容是什么？]
2026-02-26 18:15:35,778 - INFO - CaseID:1003 - 整体结果: PASS | 详情: 所有字段校验通过
2026-02-26 18:15:37,777 - INFO - CaseID:1004 - 整体结果: PASS | 详情: 所有字段校验通过
2026-02-26 18:15:40,024 - INFO - CaseID:1005 - 整体结果: PASS | 详情: 所有字段校验通过
2026-02-26 18:15:42,090 - INFO - CaseID:1006 - 整体结果: PASS | 详情: 所有字段校验通过
2026-02-26 18:15:44,202 - INFO - CaseID:1007 - 整体结果: PASS | 详情: 所有字段校验通过
2026-02-26 18:15:46,181 - INFO - CaseID:1008 - 整体结果: PASS | 详情: 所有字段校验通过
2026-02-26 18:15:48,103 - INFO - CaseID:1009 - 整体结果: PASS | 详情: 所有字段校验通过
2026-02-26 18:15:50,115 - INFO - CaseID:1010 - 整体结果: PASS | 详情: 所有字段校验通过
2026-02-26 18:15:52,217 - INFO - CaseID:1011 - 整体结果: PASS | 详情: 所有字段校验通过
2026-02-26 18:15:54,415 - INFO - CaseID:1012 - 整体结果: PASS | 详情: 所有字段校验通过
2026-02-26 18:15:56,815 - INFO - CaseID:1013 - 整体结果: PASS | 详情: 所有字段校验通过
2026-02-26 18:15:59,070 - INFO - CaseID:1014 - 整体结果: PASS | 详情: 所有字段校验通过
2026-02-26 18:16:00,997 - INFO - CaseID:1015 - 整体结果: PASS | 详情: 所有字段校验通过
2026-02-26 18:16:03,207 - INFO - CaseID:1016 - 整体结果: PASS | 详情: 所有字段校验通过
2026-02-26 18:16:05,072 - INFO - CaseID:1017 - 整体结果: PASS | 详情: 所有字段校验通过
2026-02-26 18:16:07,057 - INFO - CaseID:1018 - 整体结果: PASS | 详情: 所有字段校验通过
2026-02-26 18:16:08,851 - INFO - CaseID:1019 - 整体结果: PASS | 详情: 所有字段校验通过
2026-02-26 18:16:10,801 - INFO - CaseID:1020 - 整体结果: FAILED | 详情: QUERY语义不匹配：预期[识别当前摄像头画面中的物体或场景是什么]，实际[这是什么玩意儿]
2026-02-26 18:16:12,849 - INFO - CaseID:1021 - 整体结果: FAILED | 详情: QUERY语义不匹配：预期[识别当前摄像头画面中的物体或场景是什么]，实际[识别当前摄像头画面中的物体是什么]
2026-02-26 18:16:14,843 - INFO - CaseID:1022 - 整体结果: PASS | 详情: 所有字段校验通过
2026-02-26 18:16:16,954 - INFO - CaseID:1023 - 整体结果: PASS | 详情: 所有字段校验通过
2026-02-26 18:16:18,672 - INFO - CaseID:1024 - 整体结果: PASS | 详情: 所有字段校验通过
2026-02-26 18:16:21,246 - INFO - CaseID:1025 - 整体结果: PASS | 详情: 所有字段校验通过
2026-02-26 18:16:23,057 - INFO - CaseID:1026 - 整体结果: PASS | 详情: 所有字段校验通过
2026-02-26 18:16:25,139 - INFO - CaseID:1027 - 整体结果: PASS | 详情: 所有字段校验通过
2026-02-26 18:16:27,032 - INFO - CaseID:1028 - 整体结果: PASS | 详情: 所有字段校验通过
2026-02-26 18:16:28,982 - INFO - CaseID:1029 - 整体结果: FAILED | 详情: QUERY语义不匹配：预期[识别当前摄像头画面中的品牌标志或文字]，实际[这是什么牌子？]
2026-02-26 18:16:31,297 - INFO - CaseID:1030 - 整体结果: FAILED | 详情: QUERY语义不匹配：预期[识别当前摄像头画面中的物体或场景是什么]，实际[这是什么？]
2026-02-26 18:16:33,104 - INFO - CaseID:1031 - 整体结果: PASS | 详情: 所有字段校验通过
2026-02-26 18:16:35,172 - INFO - CaseID:1032 - 整体结果: PASS | 详情: 所有字段校验通过
2026-02-26 18:16:37,674 - INFO - CaseID:1033 - 整体结果: PASS | 详情: 所有字段校验通过
2026-02-26 18:16:39,586 - INFO - CaseID:1034 - 整体结果: PASS | 详情: 所有字段校验通过
2026-02-26 18:16:41,931 - INFO - CaseID:1035 - 整体结果: FAILED | 详情: QUERY语义不匹配：预期[这是什么牌子？]，实际[识别当前摄像头画面中的品牌标志或名称]
2026-02-26 18:16:44,071 - INFO - CaseID:1036 - 整体结果: PASS | 详情: 所有字段校验通过
2026-02-26 18:16:46,015 - INFO - CaseID:1037 - 整体结果: PASS | 详情: 所有字段校验通过
2026-02-26 18:16:47,870 - INFO - CaseID:1038 - 整体结果: FAILED | 详情: QUERY语义不匹配：预期[这个好]，实际[当前摄像头画面中用户称赞“这个好”的具体对象是什么？]
2026-02-26 18:16:50,126 - INFO - CaseID:1039 - 整体结果: PASS | 详情: 所有字段校验通过
2026-02-26 18:16:51,967 - INFO - CaseID:1040 - 整体结果: FAILED | 详情: QUERY语义不匹配：预期[这个和百事、可口比起来哪个好喝]，实际[识别当前摄像头中的饮料品牌及类型]
2026-02-26 18:16:54,075 - INFO - CaseID:1041 - 整体结果: PASS | 详情: 所有字段校验通过
2026-02-26 18:16:56,268 - INFO - CaseID:1042 - 整体结果: PASS | 详情: 所有字段校验通过
2026-02-26 18:16:58,643 - INFO - CaseID:1043 - 整体结果: FAILED | 详情: QUERY语义不匹配：预期[这些人很严谨吧]，实际[画面中的人物是谁？他们的行为或表现是否显得严谨？]
2026-02-26 18:17:00,773 - INFO - CaseID:1044 - 整体结果: PASS | 详情: 所有字段校验通过
2026-02-26 18:17:02,616 - INFO - CaseID:1045 - 整体结果: PASS | 详情: 所有字段校验通过
2026-02-26 18:17:04,868 - INFO - CaseID:1046 - 整体结果: PASS | 详情: 所有字段校验通过
2026-02-26 18:17:06,854 - INFO - CaseID:1047 - 整体结果: PASS | 详情: 所有字段校验通过
2026-02-26 18:17:09,035 - INFO - CaseID:1048 - 整体结果: PASS | 详情: 所有字段校验通过
2026-02-26 18:17:11,014 - INFO - CaseID:1049 - 整体结果: FAILED | 详情: QUERY语义不匹配：预期[分析当前摄像头画面中人物的面部表情、肢体语言等非语言特征，判断其性格是否内向]，实际[分析当前摄像头画面中人物的性格是否内向]
2026-02-26 18:17:12,953 - INFO - CaseID:1050 - 整体结果: PASS | 详情: 所有字段校验通过
2026-02-26 18:17:14,899 - INFO - CaseID:1051 - 整体结果: PASS | 详情: 所有字段校验通过
2026-02-26 18:17:16,613 - INFO - CaseID:1052 - 整体结果: PASS | 详情: 所有字段校验通过
2026-02-26 18:17:18,612 - INFO - CaseID:1053 - 整体结果: PASS | 详情: 所有字段校验通过
2026-02-26 18:17:20,418 - INFO - CaseID:1054 - 整体结果: PASS | 详情: 所有字段校验通过
2026-02-26 18:17:22,839 - INFO - CaseID:1055 - 整体结果: PASS | 详情: 所有字段校验通过
2026-02-26 18:17:24,996 - INFO - CaseID:1056 - 整体结果: PASS | 详情: 所有字段校验通过
2026-02-26 18:17:26,987 - INFO - CaseID:1057 - 整体结果: FAILED | 详情: QUERY语义不匹配：预期[你觉的他在干什么]，实际[当前摄像头画面中的人物在做什么]
2026-02-26 18:17:28,895 - INFO - CaseID:1058 - 整体结果: PASS | 详情: 所有字段校验通过
2026-02-26 18:17:30,881 - INFO - CaseID:1059 - 整体结果: PASS | 详情: 所有字段校验通过
2026-02-26 18:17:32,930 - INFO - CaseID:1060 - 整体结果: PASS | 详情: 所有字段校验通过
2026-02-26 18:17:34,698 - INFO - CaseID:1061 - 整体结果: PASS | 详情: 所有字段校验通过
2026-02-26 18:17:36,820 - INFO - CaseID:1062 - 整体结果: PASS | 详情: 所有字段校验通过
2026-02-26 18:17:39,113 - INFO - CaseID:1063 - 整体结果: PASS | 详情: 所有字段校验通过
2026-02-26 18:17:41,155 - INFO - CaseID:1064 - 整体结果: PASS | 详情: 所有字段校验通过
2026-02-26 18:17:43,265 - INFO - CaseID:1065 - 整体结果: PASS | 详情: 所有字段校验通过
2026-02-26 18:17:45,105 - INFO - CaseID:1066 - 整体结果: FAILED | 详情: QUERY语义不匹配：预期[分析当前摄像头画面中人物的面部表情、肢体语言和互动方式，判断其性格是否和蔼]，实际[她的性格是不是很和蔼]
2026-02-26 18:17:47,196 - INFO - CaseID:1067 - 整体结果: FAILED | 详情: QUERY语义不匹配：预期[我觉得他好帅呀你觉得呢]，实际[识别当前摄像头画面中的人物外貌特征]
2026-02-26 18:17:48,992 - INFO - CaseID:1068 - 整体结果: PASS | 详情: 所有字段校验通过
2026-02-26 18:17:51,566 - INFO - CaseID:1069 - 整体结果: FAILED | 详情: QUERY语义不匹配：预期[你觉的她漂亮不]，实际[请分析当前摄像头画面中人物的外貌特征]
2026-02-26 18:17:53,614 - INFO - CaseID:1070 - 整体结果: FAILED | 详情: QUERY语义不匹配：预期[她好开心啊]，实际[当前摄像头画面中的人物是谁？为什么她显得很开心？]
2026-02-26 18:17:55,661 - INFO - CaseID:1071 - 整体结果: FAILED | 详情: QUERY语义不匹配：预期[分析当前摄像头画面中女性的体型、肤色、风格等特征，以推荐适合的服装]，实际[她适合穿啥样的衣服呀]
2026-02-26 18:17:57,697 - INFO - CaseID:1072 - 整体结果: PASS | 详情: 所有字段校验通过
2026-02-26 18:17:59,759 - INFO - CaseID:1073 - 整体结果: FAILED | 详情: QUERY语义不匹配：预期[你觉的她年轻吗]，实际[请分析当前摄像头画面中人物的年龄特征]
2026-02-26 18:18:01,742 - INFO - CaseID:1074 - 整体结果: FAILED | 详情: QUERY语义不匹配：预期[他好惬意啊]，实际[当前摄像头捕捉到的画面是什么？]
2026-02-26 18:18:03,648 - INFO - CaseID:1075 - 整体结果: PASS | 详情: 所有字段校验通过
2026-02-26 18:18:06,107 - INFO - CaseID:1076 - 整体结果: PASS | 详情: 所有字段校验通过
2026-02-26 18:18:08,063 - INFO - CaseID:1077 - 整体结果: PASS | 详情: 所有字段校验通过
2026-02-26 18:18:10,115 - INFO - CaseID:1078 - 整体结果: FAILED | 详情: QUERY语义不匹配：预期[识别用户当前穿着的衣服款式、颜色、材质等特征]，实际[我这衣服适合什么季节穿]
2026-02-26 18:18:12,013 - INFO - CaseID:1079 - 整体结果: PASS | 详情: 所有字段校验通过
2026-02-26 18:18:13,684 - INFO - CaseID:1080 - 整体结果: PASS | 详情: 所有字段校验通过
2026-02-26 18:18:15,733 - INFO - CaseID:1081 - 整体结果: PASS | 详情: 所有字段校验通过
2026-02-26 18:18:19,074 - INFO - CaseID:1082 - 整体结果: PASS | 详情: 所有字段校验通过
2026-02-26 18:18:21,876 - INFO - CaseID:1083 - 整体结果: PASS | 详情: 所有字段校验通过
2026-02-26 18:18:23,892 - INFO - CaseID:1084 - 整体结果: PASS | 详情: 所有字段校验通过
2026-02-26 18:18:26,178 - INFO - CaseID:1085 - 整体结果: PASS | 详情: 所有字段校验通过
2026-02-26 18:18:28,225 - INFO - CaseID:1086 - 整体结果: PASS | 详情: 所有字段校验通过
2026-02-26 18:18:30,105 - INFO - CaseID:1087 - 整体结果: PASS | 详情: 所有字段校验通过
2026-02-26 18:18:32,130 - INFO - CaseID:1088 - 整体结果: PASS | 详情: 所有字段校验通过
2026-02-26 18:18:34,065 - INFO - CaseID:1089 - 整体结果: PASS | 详情: 所有字段校验通过
2026-02-26 18:18:36,008 - INFO - CaseID:1090 - 整体结果: PASS | 详情: 所有字段校验通过
2026-02-26 18:18:38,876 - INFO - CaseID:1091 - 整体结果: PASS | 详情: 所有字段校验通过
2026-02-26 18:18:40,922 - INFO - CaseID:1092 - 整体结果: PASS | 详情: 所有字段校验通过
2026-02-26 18:18:42,858 - INFO - CaseID:1093 - 整体结果: PASS | 详情: 所有字段校验通过
2026-02-26 18:18:44,687 - INFO - CaseID:1094 - 整体结果: FAILED | 详情: QUERY语义不匹配：预期[在你面前第一个是什么呀]，实际[识别摄像头画面中最近的物体是什么]
2026-02-26 18:18:47,144 - INFO - CaseID:1095 - 整体结果: PASS | 详情: 所有字段校验通过
2026-02-26 18:18:49,319 - INFO - CaseID:1096 - 整体结果: FAILED | 详情: QUERY语义不匹配：预期[你觉得这道菜味道如何]，实际[识别当前摄像头画面中的菜肴]
2026-02-26 18:18:52,156 - INFO - CaseID:1097 - 整体结果: PASS | 详情: 所有字段校验通过
2026-02-26 18:18:54,022 - INFO - CaseID:1098 - 整体结果: PASS | 详情: 所有字段校验通过
2026-02-26 18:18:56,078 - INFO - CaseID:1099 - 整体结果: PASS | 详情: 所有字段校验通过
2026-02-26 18:18:56,079 - INFO - 已处理1100行，休眠5秒降低压力...
2026-02-26 18:19:01,985 - INFO - CaseID:1100 - 整体结果: FAILED | 详情: QUERY语义不匹配：预期[你对这个关东煮有啥看法]，实际[请分析当前摄像头画面中的关东煮（外观、配料、品牌等）]
2026-02-26 18:19:03,689 - INFO - CaseID:1101 - 整体结果: PASS | 详情: 所有字段校验通过
2026-02-26 18:19:06,321 - INFO - CaseID:1102 - 整体结果: FAILED | 详情: QUERY语义不匹配：预期[这道菜的外观和摆盘是否看起来美味？]，实际[这道菜的外观如何？]
2026-02-26 18:19:08,394 - INFO - CaseID:1103 - 整体结果: PASS | 详情: 所有字段校验通过
2026-02-26 18:19:11,030 - INFO - CaseID:1104 - 整体结果: PASS | 详情: 所有字段校验通过
2026-02-26 18:19:13,080 - INFO - CaseID:1105 - 整体结果: FAILED | 详情: QUERY语义不匹配：预期[识别当前摄像头画面中的菜肴名称]，实际[这道菜叫什么名字]
2026-02-26 18:19:15,578 - INFO - CaseID:1106 - 整体结果: PASS | 详情: 所有字段校验通过
2026-02-26 18:19:17,820 - INFO - CaseID:1107 - 整体结果: PASS | 详情: 所有字段校验通过
2026-02-26 18:19:19,634 - INFO - CaseID:1108 - 整体结果: PASS | 详情: 所有字段校验通过
2026-02-26 18:19:21,608 - INFO - CaseID:1109 - 整体结果: PASS | 详情: 所有字段校验通过
2026-02-26 18:19:23,318 - INFO - CaseID:1110 - 整体结果: PASS | 详情: 所有字段校验通过
2026-02-26 18:19:25,780 - INFO - CaseID:1111 - 整体结果: PASS | 详情: 所有字段校验通过
2026-02-26 18:19:27,800 - INFO - CaseID:1112 - 整体结果: PASS | 详情: 所有字段校验通过
2026-02-26 18:19:29,873 - INFO - CaseID:1113 - 整体结果: PASS | 详情: 所有字段校验通过
2026-02-26 18:19:31,775 - INFO - CaseID:1114 - 整体结果: PASS | 详情: 所有字段校验通过
2026-02-26 18:19:33,558 - INFO - CaseID:1115 - 整体结果: FAILED | 详情: QUERY语义不匹配：预期[看这道菜你觉得会好吃吗]，实际[这道菜的外观、颜色和摆盘如何？]
2026-02-26 18:19:36,149 - INFO - CaseID:1116 - 整体结果: FAILED | 详情: QUERY语义不匹配：预期[我好喜欢这个口味呀]，实际[用户当前展示的是什么食物或物品？]
2026-02-26 18:19:37,898 - INFO - CaseID:1117 - 整体结果: FAILED | 详情: QUERY语义不匹配：预期[识别当前摄像头画面中的食物]，实际[用户当前展示的食物是什么？]
2026-02-26 18:19:40,117 - INFO - CaseID:1118 - 整体结果: PASS | 详情: 所有字段校验通过
2026-02-26 18:19:42,322 - INFO - CaseID:1119 - 整体结果: PASS | 详情: 所有字段校验通过
2026-02-26 18:19:44,618 - INFO - CaseID:1120 - 整体结果: PASS | 详情: 所有字段校验通过
2026-02-26 18:19:46,666 - INFO - CaseID:1121 - 整体结果: FAILED | 详情: QUERY语义不匹配：预期[你喜欢吃这个吗]，实际[识别当前摄像头画面中的物品是什么]
2026-02-26 18:19:48,326 - INFO - CaseID:1122 - 整体结果: FAILED | 详情: QUERY语义不匹配：预期[你吃火锅喜欢吃这个吗]，实际[当前摄像头画面中的火锅食材是什么？]
2026-02-26 18:19:50,290 - INFO - CaseID:1123 - 整体结果: FAILED | 详情: QUERY语义不匹配：预期[你喜欢吃这个还是川味的火锅]，实际[当前摄像头画面中的火锅是哪种类型？]
2026-02-26 18:19:52,078 - INFO - CaseID:1124 - 整体结果: PASS | 详情: 所有字段校验通过
2026-02-26 18:19:53,965 - INFO - CaseID:1125 - 整体结果: PASS | 详情: 所有字段校验通过
2026-02-26 18:19:55,881 - INFO - CaseID:1126 - 整体结果: PASS | 详情: 所有字段校验通过
2026-02-26 18:19:57,839 - INFO - CaseID:1127 - 整体结果: PASS | 详情: 所有字段校验通过
2026-02-26 18:19:59,740 - INFO - CaseID:1128 - 整体结果: PASS | 详情: 所有字段校验通过
2026-02-26 18:20:01,616 - INFO - CaseID:1129 - 整体结果: FAILED | 详情: QUERY语义不匹配：预期[识别当前摄像头捕捉到的内容是什么]，实际[你看得出来这是什么吗]
2026-02-26 18:20:03,544 - INFO - CaseID:1130 - 整体结果: PASS | 详情: 所有字段校验通过
2026-02-26 18:20:06,098 - INFO - CaseID:1131 - 整体结果: PASS | 详情: 所有字段校验通过
2026-02-26 18:20:08,580 - INFO - CaseID:1132 - 整体结果: PASS | 详情: 所有字段校验通过
2026-02-26 18:20:10,835 - INFO - CaseID:1133 - 整体结果: PASS | 详情: 所有字段校验通过
2026-02-26 18:20:12,831 - INFO - CaseID:1134 - 整体结果: PASS | 详情: 所有字段校验通过
2026-02-26 18:20:14,950 - INFO - CaseID:1135 - 整体结果: PASS | 详情: 所有字段校验通过
2026-02-26 18:20:16,978 - INFO - CaseID:1136 - 整体结果: FAILED | 详情: QUERY语义不匹配：预期[这书看着不错啊]，实际[识别当前摄像头画面中的书籍名称、作者或封面内容]
2026-02-26 18:20:19,136 - INFO - CaseID:1137 - 整体结果: PASS | 详情: 所有字段校验通过
2026-02-26 18:20:21,075 - INFO - CaseID:1138 - 整体结果: FAILED | 详情: QUERY语义不匹配：预期[这书应该很好看]，实际[识别当前摄像头画面中的书籍名称或内容]
2026-02-26 18:20:23,050 - INFO - CaseID:1139 - 整体结果: PASS | 详情: 所有字段校验通过
2026-02-26 18:20:24,955 - INFO - CaseID:1140 - 整体结果: FAILED | 详情: QUERY语义不匹配：预期[这书挺实用啊]，实际[这是什么书？]
2026-02-26 18:20:26,925 - INFO - CaseID:1141 - 整体结果: FAILED | 详情: QUERY语义不匹配：预期[这书好啊正能量满满]，实际[这是什么书？]
2026-02-26 18:20:28,865 - INFO - CaseID:1142 - 整体结果: FAILED | 详情: QUERY语义不匹配：预期[这书挺好的]，实际[这是什么书？]
2026-02-26 18:20:30,744 - INFO - CaseID:1143 - 整体结果: PASS | 详情: 所有字段校验通过
2026-02-26 18:20:33,360 - INFO - CaseID:1144 - 整体结果: FAILED | 详情: QUERY语义不匹配：预期[识别当前摄像头画面中的物品]，实际[这个东西得多少钱]
2026-02-26 18:20:35,156 - INFO - CaseID:1145 - 整体结果: PASS | 详情: 所有字段校验通过
2026-02-26 18:20:37,110 - INFO - CaseID:1146 - 整体结果: PASS | 详情: 所有字段校验通过
2026-02-26 18:20:39,520 - INFO - CaseID:1147 - 整体结果: PASS | 详情: 所有字段校验通过
2026-02-26 18:20:41,460 - INFO - CaseID:1148 - 整体结果: PASS | 详情: 所有字段校验通过
2026-02-26 18:20:43,398 - INFO - CaseID:1149 - 整体结果: PASS | 详情: 所有字段校验通过
2026-02-26 18:20:45,254 - INFO - CaseID:1150 - 整体结果: FAILED | 详情: QUERY语义不匹配：预期[识别当前摄像头画面中的数码产品名称或型号]，实际[识别当前摄像头中的数码产品]
2026-02-26 18:20:47,701 - INFO - CaseID:1151 - 整体结果: PASS | 详情: 所有字段校验通过
2026-02-26 18:20:49,555 - INFO - CaseID:1152 - 整体结果: PASS | 详情: 所有字段校验通过
2026-02-26 18:20:51,796 - INFO - CaseID:1153 - 整体结果: FAILED | 详情: QUERY语义不匹配：预期[识别当前摄像头画面中的手表品牌和型号]，实际[这个手表的大概价格你知道不]
2026-02-26 18:20:53,700 - INFO - CaseID:1154 - 整体结果: PASS | 详情: 所有字段校验通过
2026-02-26 18:20:55,708 - INFO - CaseID:1155 - 整体结果: PASS | 详情: 所有字段校验通过
2026-02-26 18:20:57,732 - INFO - CaseID:1156 - 整体结果: PASS | 详情: 所有字段校验通过
2026-02-26 18:20:59,677 - INFO - CaseID:1157 - 整体结果: PASS | 详情: 所有字段校验通过
2026-02-26 18:21:01,913 - INFO - CaseID:1158 - 整体结果: PASS | 详情: 所有字段校验通过
2026-02-26 18:21:03,766 - INFO - CaseID:1159 - 整体结果: PASS | 详情: 所有字段校验通过
2026-02-26 18:21:05,712 - INFO - CaseID:1160 - 整体结果: PASS | 详情: 所有字段校验通过
2026-02-26 18:21:07,603 - INFO - CaseID:1161 - 整体结果: PASS | 详情: 所有字段校验通过
2026-02-26 18:21:09,611 - INFO - CaseID:1162 - 整体结果: PASS | 详情: 所有字段校验通过
2026-02-26 18:21:11,433 - INFO - CaseID:1163 - 整体结果: PASS | 详情: 所有字段校验通过
2026-02-26 18:21:13,138 - INFO - CaseID:1164 - 整体结果: PASS | 详情: 所有字段校验通过
2026-02-26 18:21:15,142 - INFO - CaseID:1165 - 整体结果: PASS | 详情: 所有字段校验通过
2026-02-26 18:21:17,108 - INFO - CaseID:1166 - 整体结果: FAILED | 详情: QUERY语义不匹配：预期[识别当前摄像头画面中的数码产品名称和型号]，实际[识别当前摄像头画面中的数码产品]
2026-02-26 18:21:19,851 - INFO - CaseID:1167 - 整体结果: PASS | 详情: 所有字段校验通过
2026-02-26 18:21:21,899 - INFO - CaseID:1168 - 整体结果: PASS | 详情: 所有字段校验通过
2026-02-26 18:21:23,891 - INFO - CaseID:1169 - 整体结果: PASS | 详情: 所有字段校验通过
2026-02-26 18:21:25,997 - INFO - CaseID:1170 - 整体结果: PASS | 详情: 所有字段校验通过
2026-02-26 18:21:27,760 - INFO - CaseID:1171 - 整体结果: PASS | 详情: 所有字段校验通过
2026-02-26 18:21:30,092 - INFO - CaseID:1172 - 整体结果: PASS | 详情: 所有字段校验通过
2026-02-26 18:21:32,346 - INFO - CaseID:1173 - 整体结果: FAILED | 详情: QUERY语义不匹配：预期[识别当前摄像头画面中的物品及其品牌]，实际[识别当前摄像头画面中的物品品牌]
2026-02-26 18:21:34,305 - INFO - CaseID:1174 - 整体结果: PASS | 详情: 所有字段校验通过
2026-02-26 18:21:36,235 - INFO - CaseID:1175 - 整体结果: PASS | 详情: 所有字段校验通过
2026-02-26 18:21:38,275 - INFO - CaseID:1176 - 整体结果: PASS | 详情: 所有字段校验通过
2026-02-26 18:21:40,443 - INFO - CaseID:1177 - 整体结果: FAILED | 详情: QUERY语义不匹配：预期[识别当前摄像头画面中的物品或场景]，实际[识别当前摄像头画面中的物品并分析其质量]
2026-02-26 18:21:42,506 - INFO - CaseID:1178 - 整体结果: PASS | 详情: 所有字段校验通过
2026-02-26 18:21:44,788 - INFO - CaseID:1179 - 整体结果: FAILED | 详情: QUERY语义不匹配：预期[识别当前摄像头画面中的相机品牌和型号]，实际[这个相机新的大概什么价钱]
2026-02-26 18:21:46,722 - INFO - CaseID:1180 - 整体结果: PASS | 详情: 所有字段校验通过
2026-02-26 18:21:48,916 - INFO - CaseID:1181 - 整体结果: PASS | 详情: 所有字段校验通过
2026-02-26 18:21:52,008 - INFO - CaseID:1182 - 整体结果: FAILED | 详情: QUERY语义不匹配：预期[这玩意真贵呀]，实际[识别当前摄像头画面中的物品]
2026-02-26 18:21:54,055 - INFO - CaseID:1183 - 整体结果: PASS | 详情: 所有字段校验通过
2026-02-26 18:21:56,909 - INFO - CaseID:1184 - 整体结果: PASS | 详情: 所有字段校验通过
2026-02-26 18:21:58,766 - INFO - CaseID:1185 - 整体结果: PASS | 详情: 所有字段校验通过
2026-02-26 18:22:00,686 - INFO - CaseID:1186 - 整体结果: PASS | 详情: 所有字段校验通过
2026-02-26 18:22:02,660 - INFO - CaseID:1187 - 整体结果: PASS | 详情: 所有字段校验通过
2026-02-26 18:22:04,583 - INFO - CaseID:1188 - 整体结果: FAILED | 详情: QUERY语义不匹配：预期[识别当前摄像头画面中的耳机品牌和型号]，实际[这个耳机可以在电脑上使用吗]
2026-02-26 18:22:07,019 - INFO - CaseID:1189 - 整体结果: PASS | 详情: 所有字段校验通过
2026-02-26 18:22:09,029 - INFO - CaseID:1190 - 整体结果: PASS | 详情: 所有字段校验通过
2026-02-26 18:22:11,056 - INFO - CaseID:1191 - 整体结果: FAILED | 详情: QUERY语义不匹配：预期[这是什么品牌的耳机？]，实际[识别当前摄像头画面中的耳机品牌和型号]
2026-02-26 18:22:13,328 - INFO - CaseID:1192 - 整体结果: PASS | 详情: 所有字段校验通过
2026-02-26 18:22:15,256 - INFO - CaseID:1193 - 整体结果: PASS | 详情: 所有字段校验通过
2026-02-26 18:22:17,172 - INFO - CaseID:1194 - 整体结果: PASS | 详情: 所有字段校验通过
2026-02-26 18:22:19,478 - INFO - CaseID:1195 - 整体结果: FAILED | 详情: QUERY语义不匹配：预期[识别当前摄像头画面中的有线耳机品牌和型号]，实际[识别当前摄像头中的有线耳机品牌或型号]
2026-02-26 18:22:22,071 - INFO - CaseID:1196 - 整体结果: PASS | 详情: 所有字段校验通过
2026-02-26 18:22:24,162 - INFO - CaseID:1197 - 整体结果: PASS | 详情: 所有字段校验通过
2026-02-26 18:22:26,101 - INFO - CaseID:1198 - 整体结果: FAILED | 详情: QUERY语义不匹配：预期[这东西数码城卖吗]，实际[识别当前摄像头画面中的物品]
2026-02-26 18:22:27,734 - INFO - CaseID:1199 - 整体结果: FAILED | 详情: QUERY语义不匹配：预期[识别当前摄像头画面中的物体是什么]，实际[这是什么东西]
2026-02-26 18:22:27,734 - INFO - 已处理1200行，休眠5秒降低压力...
2026-02-26 18:22:33,819 - INFO - CaseID:1200 - 整体结果: PASS | 详情: 所有字段校验通过
2026-02-26 18:22:33,820 - INFO - 已处理1200条用例，当前通过数：983
2026-02-26 18:22:35,615 - INFO - CaseID:1201 - 整体结果: FAILED | 详情: QUERY语义不匹配：预期[识别当前摄像头画面中的物体名称]，实际[这个东西的名字叫什么]
2026-02-26 18:22:37,991 - INFO - CaseID:1202 - 整体结果: PASS | 详情: 所有字段校验通过
2026-02-26 18:22:40,138 - INFO - CaseID:1203 - 整体结果: FAILED | 详情: QUERY语义不匹配：预期[识别当前摄像头画面中的黑色物体是什么]，实际[这个黑色的什么定西]
2026-02-26 18:22:42,201 - INFO - CaseID:1204 - 整体结果: PASS | 详情: 所有字段校验通过
2026-02-26 18:22:44,106 - INFO - CaseID:1205 - 整体结果: PASS | 详情: 所有字段校验通过
2026-02-26 18:22:46,069 - INFO - CaseID:1206 - 整体结果: PASS | 详情: 所有字段校验通过
2026-02-26 18:22:48,128 - INFO - CaseID:1207 - 整体结果: PASS | 详情: 所有字段校验通过
2026-02-26 18:22:49,862 - INFO - CaseID:1208 - 整体结果: PASS | 详情: 所有字段校验通过
2026-02-26 18:22:51,811 - INFO - CaseID:1209 - 整体结果: PASS | 详情: 所有字段校验通过
2026-02-26 18:22:53,858 - INFO - CaseID:1210 - 整体结果: FAILED | 详情: QUERY语义不匹配：预期[识别当前摄像头画面中的物体是什么]，实际[你认识它是什么东西吗]
2026-02-26 18:22:55,796 - INFO - CaseID:1211 - 整体结果: FAILED | 详情: QUERY语义不匹配：预期[识别当前摄像头画面中的物品]，实际[这个在哪里可以买到]
2026-02-26 18:22:57,751 - INFO - CaseID:1212 - 整体结果: PASS | 详情: 所有字段校验通过
2026-02-26 18:22:59,396 - INFO - CaseID:1213 - 整体结果: FAILED | 详情: QUERY语义不匹配：预期[识别当前摄像头画面中的设备（如打印机）型号或品牌]，实际[它可以打印彩色文档吗]
2026-02-26 18:23:01,439 - INFO - CaseID:1214 - 整体结果: PASS | 详情: 所有字段校验通过
2026-02-26 18:23:03,295 - INFO - CaseID:1215 - 整体结果: FAILED | 详情: QUERY语义不匹配：预期[识别当前摄像头画面中的设备或物品]，实际[这个可以远程使用吗]
2026-02-26 18:23:05,532 - INFO - CaseID:1216 - 整体结果: PASS | 详情: 所有字段校验通过
2026-02-26 18:23:08,808 - INFO - CaseID:1217 - 整体结果: PASS | 详情: 所有字段校验通过
2026-02-26 18:23:10,861 - INFO - CaseID:1218 - 整体结果: PASS | 详情: 所有字段校验通过
2026-02-26 18:23:12,905 - INFO - CaseID:1219 - 整体结果: PASS | 详情: 所有字段校验通过
2026-02-26 18:23:14,749 - INFO - CaseID:1220 - 整体结果: PASS | 详情: 所有字段校验通过
2026-02-26 18:23:17,187 - INFO - CaseID:1221 - 整体结果: PASS | 详情: 所有字段校验通过
2026-02-26 18:23:19,231 - INFO - CaseID:1222 - 整体结果: PASS | 详情: 所有字段校验通过
2026-02-26 18:23:21,510 - INFO - CaseID:1223 - 整体结果: PASS | 详情: 所有字段校验通过
2026-02-26 18:23:23,556 - INFO - CaseID:1224 - 整体结果: PASS | 详情: 所有字段校验通过
2026-02-26 18:23:25,809 - INFO - CaseID:1225 - 整体结果: FAILED | 详情: QUERY语义不匹配：预期[识别当前摄像头画面中的物品]，实际[这个在哪里可以买到]
2026-02-26 18:23:27,857 - INFO - CaseID:1226 - 整体结果: PASS | 详情: 所有字段校验通过
2026-02-26 18:23:29,700 - INFO - CaseID:1227 - 整体结果: PASS | 详情: 所有字段校验通过
2026-02-26 18:23:31,690 - INFO - CaseID:1228 - 整体结果: FAILED | 详情: QUERY语义不匹配：预期[识别当前摄像头画面中的电脑品牌、型号或设计特点]，实际[识别当前摄像头画面中的电脑品牌和型号]
2026-02-26 18:23:33,592 - INFO - CaseID:1229 - 整体结果: PASS | 详情: 所有字段校验通过
2026-02-26 18:23:35,640 - INFO - CaseID:1230 - 整体结果: PASS | 详情: 所有字段校验通过
2026-02-26 18:23:37,840 - INFO - CaseID:1231 - 整体结果: FAILED | 详情: QUERY语义不匹配：预期[识别当前摄像头画面中的物品]，实际[当前摄像头画面中的物品价格是多少？]
2026-02-26 18:23:39,884 - INFO - CaseID:1232 - 整体结果: PASS | 详情: 所有字段校验通过
2026-02-26 18:23:42,345 - INFO - CaseID:1233 - 整体结果: FAILED | 详情: QUERY语义不匹配：预期[识别当前摄像头画面中的书法作品，并分析其风格特征]，实际[请识别当前摄像头画面中的书法风格]
2026-02-26 18:23:44,018 - INFO - CaseID:1234 - 整体结果: PASS | 详情: 所有字段校验通过
2026-02-26 18:23:46,069 - INFO - CaseID:1235 - 整体结果: PASS | 详情: 所有字段校验通过
2026-02-26 18:23:48,133 - INFO - CaseID:1236 - 整体结果: FAILED | 详情: QUERY语义不匹配：预期[这本书的封面或内容图片是什么？]，实际[请识别当前摄像头画面中的书籍名称或文字内容]
2026-02-26 18:23:50,588 - INFO - CaseID:1237 - 整体结果: PASS | 详情: 所有字段校验通过
2026-02-26 18:23:53,268 - INFO - CaseID:1238 - 整体结果: PASS | 详情: 所有字段校验通过
2026-02-26 18:23:55,300 - INFO - CaseID:1239 - 整体结果: PASS | 详情: 所有字段校验通过
2026-02-26 18:23:57,253 - INFO - CaseID:1240 - 整体结果: PASS | 详情: 所有字段校验通过
2026-02-26 18:23:59,037 - INFO - CaseID:1241 - 整体结果: PASS | 详情: 所有字段校验通过
2026-02-26 18:24:01,689 - INFO - CaseID:1242 - 整体结果: PASS | 详情: 所有字段校验通过
2026-02-26 18:24:03,696 - INFO - CaseID:1243 - 整体结果: FAILED | 详情: QUERY语义不匹配：预期[你觉得这个写得好不好]，实际[请展示需要评价的文本内容]
2026-02-26 18:24:05,950 - INFO - CaseID:1244 - 整体结果: FAILED | 详情: QUERY语义不匹配：预期[这写得怎么样啊]，实际[请展示当前需要评价的文本内容]
2026-02-26 18:24:07,927 - INFO - CaseID:1245 - 整体结果: FAILED | 详情: QUERY语义不匹配：预期[这篇写得如何]，实际[请展示需要评价的文本内容]
2026-02-26 18:24:10,048 - INFO - CaseID:1246 - 整体结果: FAILED | 详情: QUERY语义不匹配：预期[这段内容写得怎么样]，实际[请展示需要评价的文本内容]
2026-02-26 18:24:12,067 - INFO - CaseID:1247 - 整体结果: PASS | 详情: 所有字段校验通过
2026-02-26 18:24:14,081 - INFO - CaseID:1248 - 整体结果: FAILED | 详情: QUERY语义不匹配：预期[这个写得怎么样]，实际[请展示当前摄像头捕捉到的文字内容]
2026-02-26 18:24:16,267 - INFO - CaseID:1249 - 整体结果: PASS | 详情: 所有字段校验通过
2026-02-26 18:24:18,487 - INFO - CaseID:1250 - 整体结果: FAILED | 详情: QUERY语义不匹配：预期[你看这写得咋样]，实际[请展示当前摄像头捕捉到的文字内容]
2026-02-26 18:24:20,698 - INFO - CaseID:1251 - 整体结果: PASS | 详情: 所有字段校验通过
2026-02-26 18:24:23,082 - INFO - CaseID:1252 - 整体结果: FAILED | 详情: QUERY语义不匹配：预期[这段写得可圈可点吗]，实际[请提供需要评价的文本内容]
2026-02-26 18:24:25,816 - INFO - CaseID:1253 - 整体结果: FAILED | 详情: QUERY语义不匹配：预期[你觉得这段写得怎么样]，实际[请识别并分析摄像头捕捉到的文本内容]
2026-02-26 18:24:27,659 - INFO - CaseID:1254 - 整体结果: FAILED | 详情: QUERY语义不匹配：预期[这写得是不是挺不错]，实际[请展示需要评价的文本或相关内容]
2026-02-26 18:24:29,455 - INFO - CaseID:1255 - 整体结果: PASS | 详情: 所有字段校验通过
2026-02-26 18:24:31,402 - INFO - CaseID:1256 - 整体结果: FAILED | 详情: QUERY语义不匹配：预期[这写得你觉得行不行]，实际[请展示当前需要评价的文本内容]
2026-02-26 18:24:33,519 - INFO - CaseID:1257 - 整体结果: PASS | 详情: 所有字段校验通过
2026-02-26 18:24:35,645 - INFO - CaseID:1258 - 整体结果: FAILED | 详情: QUERY语义不匹配：预期[这段你觉得写得好吗]，实际[请提供需要评价的文本内容]
2026-02-26 18:24:37,683 - INFO - CaseID:1259 - 整体结果: PASS | 详情: 所有字段校验通过
2026-02-26 18:24:39,948 - INFO - CaseID:1260 - 整体结果: PASS | 详情: 所有字段校验通过
2026-02-26 18:24:41,793 - INFO - CaseID:1261 - 整体结果: FAILED | 详情: QUERY语义不匹配：预期[这段写得还好吗]，实际[请展示需要评价的文本内容]
2026-02-26 18:24:44,044 - INFO - CaseID:1262 - 整体结果: FAILED | 详情: QUERY语义不匹配：预期[文章整体写得怎么样]，实际[请展示需要评价的文章内容]
2026-02-26 18:24:46,015 - INFO - CaseID:1263 - 整体结果: PASS | 详情: 所有字段校验通过
2026-02-26 18:24:48,140 - INFO - CaseID:1264 - 整体结果: PASS | 详情: 所有字段校验通过
2026-02-26 18:24:50,189 - INFO - CaseID:1265 - 整体结果: PASS | 详情: 所有字段校验通过
2026-02-26 18:24:52,441 - INFO - CaseID:1266 - 整体结果: PASS | 详情: 所有字段校验通过
2026-02-26 18:24:54,648 - INFO - CaseID:1267 - 整体结果: PASS | 详情: 所有字段校验通过
2026-02-26 18:24:57,423 - INFO - CaseID:1268 - 整体结果: PASS | 详情: 所有字段校验通过
2026-02-26 18:24:59,158 - INFO - CaseID:1269 - 整体结果: PASS | 详情: 所有字段校验通过
2026-02-26 18:25:01,453 - INFO - CaseID:1270 - 整体结果: PASS | 详情: 所有字段校验通过
2026-02-26 18:25:03,186 - INFO - CaseID:1271 - 整体结果: PASS | 详情: 所有字段校验通过
2026-02-26 18:25:05,958 - INFO - CaseID:1272 - 整体结果: PASS | 详情: 所有字段校验通过
2026-02-26 18:25:08,044 - INFO - CaseID:1273 - 整体结果: PASS | 详情: 所有字段校验通过
2026-02-26 18:25:09,963 - INFO - CaseID:1274 - 整体结果: PASS | 详情: 所有字段校验通过
2026-02-26 18:25:12,101 - INFO - CaseID:1275 - 整体结果: PASS | 详情: 所有字段校验通过
2026-02-26 18:25:13,946 - INFO - CaseID:1276 - 整体结果: PASS | 详情: 所有字段校验通过
2026-02-26 18:25:15,996 - INFO - CaseID:1277 - 整体结果: PASS | 详情: 所有字段校验通过
2026-02-26 18:25:17,969 - INFO - CaseID:1278 - 整体结果: PASS | 详情: 所有字段校验通过
2026-02-26 18:25:19,993 - INFO - CaseID:1279 - 整体结果: PASS | 详情: 所有字段校验通过
2026-02-26 18:25:21,933 - INFO - CaseID:1280 - 整体结果: PASS | 详情: 所有字段校验通过
2026-02-26 18:25:23,981 - INFO - CaseID:1281 - 整体结果: PASS | 详情: 所有字段校验通过
2026-02-26 18:25:26,031 - INFO - CaseID:1282 - 整体结果: FAILED | 详情: QUERY语义不匹配：预期[第二行第三个字是什么]，实际[识别当前摄像头画面中的文字内容]
2026-02-26 18:25:27,874 - INFO - CaseID:1283 - 整体结果: FAILED | 详情: QUERY语义不匹配：预期[你喜欢这段文字么]，实际[请识别并展示当前摄像头捕捉到的文字内容]
2026-02-26 18:25:29,922 - INFO - CaseID:1284 - 整体结果: FAILED | 详情: QUERY语义不匹配：预期[这字写的还不错哦]，实际[识别当前摄像头画面中的文字内容]
2026-02-26 18:25:31,642 - INFO - CaseID:1285 - 整体结果: PASS | 详情: 所有字段校验通过
2026-02-26 18:25:34,425 - INFO - CaseID:1286 - 整体结果: FAILED | 详情: QUERY语义不匹配：预期[这些字写的真好太厉害了]，实际[识别并分析当前摄像头画面中的文字内容]
2026-02-26 18:25:36,478 - INFO - CaseID:1287 - 整体结果: FAILED | 详情: QUERY语义不匹配：预期[你喜欢这个风格的书法么]，实际[识别当前摄像头中的书法风格]
2026-02-26 18:25:38,421 - INFO - CaseID:1288 - 整体结果: PASS | 详情: 所有字段校验通过
2026-02-26 18:25:40,570 - INFO - CaseID:1289 - 整体结果: FAILED | 详情: QUERY语义不匹配：预期[你觉得这俩般配吗]，实际[识别当前摄像头画面中的两个人或对象]
2026-02-26 18:25:42,413 - INFO - CaseID:1290 - 整体结果: PASS | 详情: 所有字段校验通过
2026-02-26 18:25:44,512 - INFO - CaseID:1291 - 整体结果: FAILED | 详情: QUERY语义不匹配：预期[这里面谁最帅]，实际[识别当前摄像头画面中的人物并分析谁最帅]
2026-02-26 18:25:46,121 - INFO - CaseID:1292 - 整体结果: FAILED | 详情: QUERY语义不匹配：预期[用这个作一首诗]，实际[请描述当前摄像头捕捉到的画面内容]
2026-02-26 18:25:48,148 - INFO - CaseID:1293 - 整体结果: FAILED | 详情: QUERY语义不匹配：预期[分析当前摄像头捕捉到的海报构图元素（如主体位置、色彩分布、文字排版等）]，实际[这个海报的构图如何]
2026-02-26 18:25:50,311 - INFO - CaseID:1294 - 整体结果: PASS | 详情: 所有字段校验通过
2026-02-26 18:25:52,341 - INFO - CaseID:1295 - 整体结果: PASS | 详情: 所有字段校验通过
2026-02-26 18:25:54,331 - INFO - CaseID:1296 - 整体结果: FAILED | 详情: QUERY语义不匹配：预期[识别当前摄像头画面中的物品或场景，并判断哪个最好看]，实际[识别当前摄像头画面中的物品或场景]
2026-02-26 18:25:56,547 - INFO - CaseID:1297 - 整体结果: PASS | 详情: 所有字段校验通过
2026-02-26 18:25:58,595 - INFO - CaseID:1298 - 整体结果: PASS | 详情: 所有字段校验通过
2026-02-26 18:26:01,049 - INFO - CaseID:1299 - 整体结果: PASS | 详情: 所有字段校验通过
2026-02-26 18:26:01,049 - INFO - 已处理1300行，休眠5秒降低压力...
2026-02-26 18:26:07,048 - INFO - CaseID:1300 - 整体结果: FAILED | 详情: QUERY语义不匹配：预期[这个表达的是什么样的意境]，实际[当前摄像头捕捉到的图像表达的意境是什么]
2026-02-26 18:26:09,338 - INFO - CaseID:1301 - 整体结果: PASS | 详情: 所有字段校验通过
2026-02-26 18:26:11,496 - INFO - CaseID:1302 - 整体结果: FAILED | 详情: QUERY语义不匹配：预期[请分析用户提供的绘画作品，评估其艺术天赋]，实际[请分析当前摄像头画面中的绘画作品，评估其艺术天赋]
2026-02-26 18:26:13,544 - INFO - CaseID:1303 - 整体结果: PASS | 详情: 所有字段校验通过
2026-02-26 18:26:15,271 - INFO - CaseID:1304 - 整体结果: PASS | 详情: 所有字段校验通过
2026-02-26 18:26:17,435 - INFO - CaseID:1305 - 整体结果: PASS | 详情: 所有字段校验通过
2026-02-26 18:26:19,231 - INFO - CaseID:1306 - 整体结果: FAILED | 详情: QUERY语义不匹配：预期[识别当前摄像头画面中的绘画内容是什么]，实际[你看得出来这画的是什么吗]
2026-02-26 18:26:21,737 - INFO - CaseID:1307 - 整体结果: PASS | 详情: 所有字段校验通过
2026-02-26 18:26:23,683 - INFO - CaseID:1308 - 整体结果: FAILED | 详情: QUERY语义不匹配：预期[用这个做首诗]，实际[当前摄像头捕捉到的内容是什么？]
2026-02-26 18:26:26,452 - INFO - CaseID:1309 - 整体结果: PASS | 详情: 所有字段校验通过
2026-02-26 18:26:28,493 - INFO - CaseID:1310 - 整体结果: FAILED | 详情: QUERY语义不匹配：预期[我这画有天赋吗你觉得]，实际[这幅画在构图、色彩、技法等方面的表现如何]
2026-02-26 18:26:30,511 - INFO - CaseID:1311 - 整体结果: PASS | 详情: 所有字段校验通过
2026-02-26 18:26:32,637 - INFO - CaseID:1312 - 整体结果: PASS | 详情: 所有字段校验通过
2026-02-26 18:26:34,172 - INFO - CaseID:1313 - 整体结果: PASS | 详情: 所有字段校验通过
2026-02-26 18:26:36,686 - INFO - CaseID:1314 - 整体结果: PASS | 详情: 所有字段校验通过
2026-02-26 18:26:38,734 - INFO - CaseID:1315 - 整体结果: PASS | 详情: 所有字段校验通过
2026-02-26 18:26:40,744 - INFO - CaseID:1316 - 整体结果: FAILED | 详情: QUERY语义不匹配：预期[看着这幅画用一首诗来表达他的内容]，实际[请描述当前摄像头捕捉到的这幅画的内容]
2026-02-26 18:26:42,644 - INFO - CaseID:1317 - 整体结果: FAILED | 详情: QUERY语义不匹配：预期[分析用户画作的技巧、创意和表现力，评估是否有艺术天赋]，实际[分析当前摄像头画面中的绘画作品，评估其艺术天赋]
2026-02-26 18:26:44,337 - INFO - CaseID:1318 - 整体结果: PASS | 详情: 所有字段校验通过
2026-02-26 18:26:46,295 - INFO - CaseID:1319 - 整体结果: PASS | 详情: 所有字段校验通过
2026-02-26 18:26:47,915 - INFO - CaseID:1320 - 整体结果: PASS | 详情: 所有字段校验通过
2026-02-26 18:26:49,998 - INFO - CaseID:1321 - 整体结果: FAILED | 详情: QUERY语义不匹配：预期[这画得如何还不错吗]，实际[这幅画的评价如何？]
2026-02-26 18:26:51,963 - INFO - CaseID:1322 - 整体结果: PASS | 详情: 所有字段校验通过
2026-02-26 18:26:53,970 - INFO - CaseID:1323 - 整体结果: FAILED | 详情: QUERY语义不匹配：预期[这幅画中的动物是什么？]，实际[用一个成语来形容下这幅画里面的动物]
2026-02-26 18:26:56,583 - INFO - CaseID:1324 - 整体结果: PASS | 详情: 所有字段校验通过
2026-02-26 18:26:58,600 - INFO - CaseID:1325 - 整体结果: FAILED | 详情: QUERY语义不匹配：预期[啥感觉这个画的还行吗]，实际[这幅画的风格和内容是什么？]
2026-02-26 18:27:01,263 - INFO - CaseID:1326 - 整体结果: PASS | 详情: 所有字段校验通过
2026-02-26 18:27:03,026 - INFO - CaseID:1327 - 整体结果: PASS | 详情: 所有字段校验通过
2026-02-26 18:27:05,118 - INFO - CaseID:1328 - 整体结果: PASS | 详情: 所有字段校验通过
2026-02-26 18:27:06,981 - INFO - CaseID:1329 - 整体结果: FAILED | 详情: QUERY语义不匹配：预期[这画的内容是什么？可以描述一下吗？]，实际[这幅画的主题和风格是什么？]
2026-02-26 18:27:08,918 - INFO - CaseID:1330 - 整体结果: PASS | 详情: 所有字段校验通过
2026-02-26 18:27:10,887 - INFO - CaseID:1331 - 整体结果: PASS | 详情: 所有字段校验通过
2026-02-26 18:27:12,841 - INFO - CaseID:1332 - 整体结果: PASS | 详情: 所有字段校验通过
2026-02-26 18:27:14,780 - INFO - CaseID:1333 - 整体结果: FAILED | 详情: QUERY语义不匹配：预期[分析这幅画的技巧、创意和艺术表现力，评估绘画天赋]，实际[请分析当前摄像头画面中的绘画作品，评价其艺术水平并判断是否有天赋]
2026-02-26 18:27:16,380 - INFO - CaseID:1334 - 整体结果: FAILED | 详情: QUERY语义不匹配：预期[看看我这个花画的怎么样]，实际[请分析用户绘制的花在构图、色彩、细节等方面的艺术表现]
2026-02-26 18:27:19,111 - INFO - CaseID:1335 - 整体结果: PASS | 详情: 所有字段校验通过
2026-02-26 18:27:20,974 - INFO - CaseID:1336 - 整体结果: PASS | 详情: 所有字段校验通过
2026-02-26 18:27:22,889 - INFO - CaseID:1337 - 整体结果: PASS | 详情: 所有字段校验通过
2026-02-26 18:27:24,801 - INFO - CaseID:1338 - 整体结果: PASS | 详情: 所有字段校验通过
2026-02-26 18:27:26,660 - INFO - CaseID:1339 - 整体结果: PASS | 详情: 所有字段校验通过
2026-02-26 18:27:28,900 - INFO - CaseID:1340 - 整体结果: PASS | 详情: 所有字段校验通过
2026-02-26 18:27:30,800 - INFO - CaseID:1341 - 整体结果: PASS | 详情: 所有字段校验通过
2026-02-26 18:27:32,700 - INFO - CaseID:1342 - 整体结果: FAILED | 详情: QUERY语义不匹配：预期[分析这幅画的构图、色彩、技巧等元素，评估艺术天赋]，实际[请分析当前摄像头画面中的绘画作品，评估其艺术天赋]
2026-02-26 18:27:34,613 - INFO - CaseID:1343 - 整体结果: PASS | 详情: 所有字段校验通过
2026-02-26 18:27:37,771 - INFO - CaseID:1344 - 整体结果: PASS | 详情: 所有字段校验通过
2026-02-26 18:27:39,765 - INFO - CaseID:1345 - 整体结果: FAILED | 详情: QUERY语义不匹配：预期[评估用户展示的细节画作质量]，实际[请展示你绘制的细节图片]
2026-02-26 18:27:41,655 - INFO - CaseID:1346 - 整体结果: FAILED | 详情: QUERY语义不匹配：预期[给我评评这个画咋样]，实际[请分析当前摄像头画面中的绘画内容（构图、色彩、技法等）]
2026-02-26 18:27:43,654 - INFO - CaseID:1347 - 整体结果: PASS | 详情: 所有字段校验通过
2026-02-26 18:27:45,240 - INFO - CaseID:1348 - 整体结果: PASS | 详情: 所有字段校验通过
2026-02-26 18:27:47,138 - INFO - CaseID:1349 - 整体结果: PASS | 详情: 所有字段校验通过
2026-02-26 18:27:49,394 - INFO - CaseID:1350 - 整体结果: FAILED | 详情: QUERY语义不匹配：预期[看看我画的这个还行吧]，实际[评价用户画作的质量和风格]
2026-02-26 18:27:52,173 - INFO - CaseID:1351 - 整体结果: PASS | 详情: 所有字段校验通过
2026-02-26 18:27:54,065 - INFO - CaseID:1352 - 整体结果: PASS | 详情: 所有字段校验通过
2026-02-26 18:27:56,149 - INFO - CaseID:1353 - 整体结果: PASS | 详情: 所有字段校验通过
2026-02-26 18:27:58,155 - INFO - CaseID:1354 - 整体结果: FAILED | 详情: QUERY语义不匹配：预期[分析这幅画的内容、风格和技巧，评估艺术天赋]，实际[分析这幅画的技术水平、创意表现和艺术风格]
2026-02-26 18:28:00,225 - INFO - CaseID:1355 - 整体结果: PASS | 详情: 所有字段校验通过
2026-02-26 18:28:02,149 - INFO - CaseID:1356 - 整体结果: FAILED | 详情: QUERY语义不匹配：预期[看见这个就觉得格外的宁静]，实际[当前摄像头画面中是什么场景或物体？]
2026-02-26 18:28:04,137 - INFO - CaseID:1357 - 整体结果: PASS | 详情: 所有字段校验通过
2026-02-26 18:28:06,185 - INFO - CaseID:1358 - 整体结果: PASS | 详情: 所有字段校验通过
2026-02-26 18:28:08,083 - INFO - CaseID:1359 - 整体结果: PASS | 详情: 所有字段校验通过
2026-02-26 18:28:09,777 - INFO - CaseID:1360 - 整体结果: PASS | 详情: 所有字段校验通过
2026-02-26 18:28:11,970 - INFO - CaseID:1361 - 整体结果: PASS | 详情: 所有字段校验通过
2026-02-26 18:28:13,763 - INFO - CaseID:1362 - 整体结果: PASS | 详情: 所有字段校验通过
2026-02-26 18:28:15,778 - INFO - CaseID:1363 - 整体结果: PASS | 详情: 所有字段校验通过
2026-02-26 18:28:17,696 - INFO - CaseID:1364 - 整体结果: PASS | 详情: 所有字段校验通过
2026-02-26 18:28:19,654 - INFO - CaseID:1365 - 整体结果: FAILED | 详情: QUERY语义不匹配：预期[这幅画的水平如何？请分析其构图、色彩、技法等艺术表现力。]，实际[这幅画的水平如何？]
2026-02-26 18:28:21,665 - INFO - CaseID:1366 - 整体结果: PASS | 详情: 所有字段校验通过
2026-02-26 18:28:23,352 - INFO - CaseID:1367 - 整体结果: PASS | 详情: 所有字段校验通过
2026-02-26 18:28:25,501 - INFO - CaseID:1368 - 整体结果: PASS | 详情: 所有字段校验通过
2026-02-26 18:28:27,171 - INFO - CaseID:1369 - 整体结果: PASS | 详情: 所有字段校验通过
2026-02-26 18:28:29,630 - INFO - CaseID:1370 - 整体结果: FAILED | 详情: QUERY语义不匹配：预期[这个是不是很威严]，实际[当前摄像头画面中的对象是什么？]
2026-02-26 18:28:31,525 - INFO - CaseID:1371 - 整体结果: FAILED | 详情: QUERY语义不匹配：预期[分析这幅画的构图、色彩、技法等元素，评估艺术天赋]，实际[分析当前摄像头画面中的绘画作品，评估其艺术天赋]
2026-02-26 18:28:33,517 - INFO - CaseID:1372 - 整体结果: FAILED | 详情: QUERY语义不匹配：预期[我喜欢这个]，实际[用户当前摄像头画面中主要显示的物体或场景是什么？]
2026-02-26 18:28:35,473 - INFO - CaseID:1373 - 整体结果: PASS | 详情: 所有字段校验通过
2026-02-26 18:28:37,254 - INFO - CaseID:1374 - 整体结果: PASS | 详情: 所有字段校验通过
2026-02-26 18:28:39,212 - INFO - CaseID:1375 - 整体结果: PASS | 详情: 所有字段校验通过
2026-02-26 18:28:41,224 - INFO - CaseID:1376 - 整体结果: FAILED | 详情: QUERY语义不匹配：预期[请分析当前摄像头捕捉到的画作内容（构图、色彩、主题等）]，实际[请分析当前摄像头画面中的这幅画的内容、风格和艺术特点]
2026-02-26 18:28:43,115 - INFO - CaseID:1377 - 整体结果: FAILED | 详情: QUERY语义不匹配：预期[这画给你什么印象]，实际[这画给我什么印象]
2026-02-26 18:28:45,882 - INFO - CaseID:1378 - 整体结果: FAILED | 详情: QUERY语义不匹配：预期[识别当前摄像头画面中的绘画内容是什么]，实际[你看得出来这画的是什么吗]
2026-02-26 18:28:47,884 - INFO - CaseID:1379 - 整体结果: FAILED | 详情: QUERY语义不匹配：预期[请分析当前摄像头捕捉到的画作内容（主题、色彩、风格等）]，实际[请描述当前摄像头捕捉到的这幅画的内容和风格]
2026-02-26 18:28:49,738 - INFO - CaseID:1380 - 整体结果: PASS | 详情: 所有字段校验通过
2026-02-26 18:28:51,487 - INFO - CaseID:1381 - 整体结果: PASS | 详情: 所有字段校验通过
2026-02-26 18:28:53,374 - INFO - CaseID:1382 - 整体结果: FAILED | 详情: QUERY语义不匹配：预期[你觉得还行吗]，实际[当前摄像头捕捉到的内容是什么？]
2026-02-26 18:28:55,079 - INFO - CaseID:1383 - 整体结果: PASS | 详情: 所有字段校验通过
2026-02-26 18:28:57,053 - INFO - CaseID:1384 - 整体结果: PASS | 详情: 所有字段校验通过
2026-02-26 18:28:58,952 - INFO - CaseID:1385 - 整体结果: PASS | 详情: 所有字段校验通过
2026-02-26 18:29:00,893 - INFO - CaseID:1386 - 整体结果: PASS | 详情: 所有字段校验通过
2026-02-26 18:29:02,765 - INFO - CaseID:1387 - 整体结果: FAILED | 详情: QUERY语义不匹配：预期[识别当前摄像头画面中的产品标签信息，特别是每100毫升原生蛋白含量]，实际[这里面的每100毫升原生蛋白有多少]
2026-02-26 18:29:04,423 - INFO - CaseID:1388 - 整体结果: FAILED | 详情: QUERY语义不匹配：预期[我超级喜欢这个]，实际[用户正在通过摄像头展示什么物品或场景？]
2026-02-26 18:29:06,455 - INFO - CaseID:1389 - 整体结果: PASS | 详情: 所有字段校验通过
2026-02-26 18:29:08,677 - INFO - CaseID:1390 - 整体结果: FAILED | 详情: QUERY语义不匹配：预期[识别当前摄像头画面中的饮品是什么]，实际[这个好喝还是特仑苏好喝]
2026-02-26 18:29:10,619 - INFO - CaseID:1391 - 整体结果: PASS | 详情: 所有字段校验通过
2026-02-26 18:29:12,643 - INFO - CaseID:1392 - 整体结果: PASS | 详情: 所有字段校验通过
2026-02-26 18:29:15,000 - INFO - CaseID:1393 - 整体结果: PASS | 详情: 所有字段校验通过
2026-02-26 18:29:16,991 - INFO - CaseID:1394 - 整体结果: PASS | 详情: 所有字段校验通过
2026-02-26 18:29:18,660 - INFO - CaseID:1395 - 整体结果: PASS | 详情: 所有字段校验通过
2026-02-26 18:29:20,534 - INFO - CaseID:1396 - 整体结果: PASS | 详情: 所有字段校验通过
2026-02-26 18:29:22,320 - INFO - CaseID:1397 - 整体结果: FAILED | 详情: QUERY语义不匹配：预期[识别当前摄像头画面中的物体或场景是什么]，实际[识别当前摄像头画面中的物体是什么]
2026-02-26 18:29:24,214 - INFO - CaseID:1398 - 整体结果: PASS | 详情: 所有字段校验通过
2026-02-26 18:29:26,104 - INFO - CaseID:1399 - 整体结果: PASS | 详情: 所有字段校验通过
2026-02-26 18:29:26,105 - INFO - 已处理1400行，休眠5秒降低压力...
2026-02-26 18:29:32,285 - INFO - CaseID:1400 - 整体结果: PASS | 详情: 所有字段校验通过
2026-02-26 18:29:32,286 - INFO - 已处理1400条用例，当前通过数：1117
2026-02-26 18:29:34,662 - INFO - CaseID:1401 - 整体结果: PASS | 详情: 所有字段校验通过
2026-02-26 18:29:36,409 - INFO - CaseID:1402 - 整体结果: PASS | 详情: 所有字段校验通过
2026-02-26 18:29:38,683 - INFO - CaseID:1403 - 整体结果: PASS | 详情: 所有字段校验通过
2026-02-26 18:29:40,849 - INFO - CaseID:1404 - 整体结果: PASS | 详情: 所有字段校验通过
2026-02-26 18:29:43,262 - INFO - CaseID:1405 - 整体结果: PASS | 详情: 所有字段校验通过
2026-02-26 18:29:45,324 - INFO - CaseID:1406 - 整体结果: PASS | 详情: 所有字段校验通过
2026-02-26 18:29:47,340 - INFO - CaseID:1407 - 整体结果: PASS | 详情: 所有字段校验通过
2026-02-26 18:29:49,254 - INFO - CaseID:1408 - 整体结果: FAILED | 详情: QUERY语义不匹配：预期[识别当前摄像头画面中的菜单文字内容]，实际[请提供需要翻译的菜单图片]
2026-02-26 18:29:51,468 - INFO - CaseID:1409 - 整体结果: PASS | 详情: 所有字段校验通过
2026-02-26 18:29:53,599 - INFO - CaseID:1410 - 整体结果: PASS | 详情: 所有字段校验通过
2026-02-26 18:29:55,783 - INFO - CaseID:1411 - 整体结果: PASS | 详情: 所有字段校验通过
2026-02-26 18:29:57,797 - INFO - CaseID:1412 - 整体结果: FAILED | 详情: QUERY语义不匹配：预期[请提供当前摄像头拍摄到的菜单内容]，实际[请提供需要翻译的菜单图片]
2026-02-26 18:29:59,815 - INFO - CaseID:1413 - 整体结果: PASS | 详情: 所有字段校验通过
2026-02-26 18:30:02,940 - INFO - CaseID:1414 - 整体结果: PASS | 详情: 所有字段校验通过
2026-02-26 18:30:02,941 - INFO - CaseID:1415 - CATEGORY字段：模型输出含「其他问答」，该字段通过
2026-02-26 18:30:04,971 - INFO - CaseID:1415 - 整体结果: FAILED | 详情: APINAME不匹配：预期[visual_search]，实际[QASearch]; TAG不匹配：一方为空 - 预期[]，实际[水煮牛肉&价格]
2026-02-26 18:30:07,243 - INFO - CaseID:1416 - 整体结果: PASS | 详情: 所有字段校验通过
2026-02-26 18:30:09,371 - INFO - CaseID:1417 - 整体结果: PASS | 详情: 所有字段校验通过
2026-02-26 18:30:11,027 - INFO - CaseID:1418 - 整体结果: PASS | 详情: 所有字段校验通过
2026-02-26 18:30:13,235 - INFO - CaseID:1419 - 整体结果: FAILED | 详情: QUERY语义不匹配：预期[请提供当前摄像头拍摄到的菜单内容]，实际[请提供需要翻译的菜单图片]
2026-02-26 18:30:15,181 - INFO - CaseID:1420 - 整体结果: PASS | 详情: 所有字段校验通过
2026-02-26 18:30:17,239 - INFO - CaseID:1421 - 整体结果: PASS | 详情: 所有字段校验通过
2026-02-26 18:30:19,169 - INFO - CaseID:1422 - 整体结果: PASS | 详情: 所有字段校验通过
2026-02-26 18:30:20,896 - INFO - CaseID:1423 - 整体结果: PASS | 详情: 所有字段校验通过
2026-02-26 18:30:22,991 - INFO - CaseID:1424 - 整体结果: PASS | 详情: 所有字段校验通过
2026-02-26 18:30:24,721 - INFO - CaseID:1425 - 整体结果: PASS | 详情: 所有字段校验通过
2026-02-26 18:30:26,789 - INFO - CaseID:1426 - 整体结果: PASS | 详情: 所有字段校验通过
2026-02-26 18:30:28,728 - INFO - CaseID:1427 - 整体结果: PASS | 详情: 所有字段校验通过
2026-02-26 18:30:30,938 - INFO - CaseID:1428 - 整体结果: PASS | 详情: 所有字段校验通过
2026-02-26 18:30:33,091 - INFO - CaseID:1429 - 整体结果: FAILED | 详情: QUERY语义不匹配：预期[这里面有回锅肉这个菜么]，实际[识别当前摄像头画面中的菜品，判断是否有回锅肉]
2026-02-26 18:30:34,872 - INFO - CaseID:1430 - 整体结果: PASS | 详情: 所有字段校验通过
2026-02-26 18:30:36,974 - INFO - CaseID:1431 - 整体结果: FAILED | 详情: QUERY语义不匹配：预期[请识别并提取当前摄像头画面中的菜单文字内容]，实际[请提供需要翻译的菜单图片]
2026-02-26 18:30:38,968 - INFO - CaseID:1432 - 整体结果: PASS | 详情: 所有字段校验通过
2026-02-26 18:30:41,018 - INFO - CaseID:1433 - 整体结果: PASS | 详情: 所有字段校验通过
2026-02-26 18:30:43,221 - INFO - CaseID:1434 - 整体结果: PASS | 详情: 所有字段校验通过
2026-02-26 18:30:45,204 - INFO - CaseID:1435 - 整体结果: PASS | 详情: 所有字段校验通过
2026-02-26 18:30:47,160 - INFO - CaseID:1436 - 整体结果: PASS | 详情: 所有字段校验通过
2026-02-26 18:30:48,888 - INFO - CaseID:1437 - 整体结果: PASS | 详情: 所有字段校验通过
2026-02-26 18:30:50,893 - INFO - CaseID:1438 - 整体结果: FAILED | 详情: QUERY语义不匹配：预期[请提供当前摄像头拍摄到的菜单内容]，实际[请提供需要翻译的菜单图片]
2026-02-26 18:30:52,691 - INFO - CaseID:1439 - 整体结果: FAILED | 详情: QUERY语义不匹配：预期[帮我把它翻译成中文呗]，实际[请识别摄像头捕捉到的内容]
2026-02-26 18:30:55,210 - INFO - CaseID:1440 - 整体结果: PASS | 详情: 所有字段校验通过
2026-02-26 18:30:57,540 - INFO - CaseID:1441 - 整体结果: PASS | 详情: 所有字段校验通过
2026-02-26 18:30:59,656 - INFO - CaseID:1442 - 整体结果: PASS | 详情: 所有字段校验通过
2026-02-26 18:31:01,704 - INFO - CaseID:1443 - 整体结果: FAILED | 详情: QUERY语义不匹配：预期[帮我翻译一下中文谢谢]，实际[请识别并翻译摄像头中的中文文字]
2026-02-26 18:31:03,751 - INFO - CaseID:1444 - 整体结果: PASS | 详情: 所有字段校验通过
2026-02-26 18:31:06,003 - INFO - CaseID:1445 - 整体结果: FAILED | 详情: QUERY语义不匹配：预期[你可以把菜单翻译成中文吗]，实际[请提供需要翻译的菜单图片]
2026-02-26 18:31:07,641 - INFO - CaseID:1446 - 整体结果: PASS | 详情: 所有字段校验通过
2026-02-26 18:31:09,667 - INFO - CaseID:1447 - 整体结果: FAILED | 详情: QUERY语义不匹配：预期[请识别并翻译当前摄像头捕捉到的菜单文字内容]，实际[请提供需要翻译的菜单图片]
2026-02-26 18:31:13,374 - INFO - CaseID:1448 - 整体结果: PASS | 详情: 所有字段校验通过
2026-02-26 18:31:15,423 - INFO - CaseID:1449 - 整体结果: FAILED | 详情: QUERY语义不匹配：预期[请提供当前摄像头拍摄到的菜单内容]，实际[请提供需要翻译的菜单图片]
2026-02-26 18:31:17,288 - INFO - CaseID:1450 - 整体结果: PASS | 详情: 所有字段校验通过
2026-02-26 18:31:20,438 - INFO - CaseID:1451 - 整体结果: FAILED | 详情: QUERY语义不匹配：预期[请识别并翻译这份菜单的中文版本]，实际[请提供需要翻译的菜单图片]
2026-02-26 18:31:22,440 - INFO - CaseID:1452 - 整体结果: PASS | 详情: 所有字段校验通过
2026-02-26 18:31:24,229 - INFO - CaseID:1453 - 整体结果: PASS | 详情: 所有字段校验通过
2026-02-26 18:31:27,096 - INFO - CaseID:1454 - 整体结果: FAILED | 详情: QUERY语义不匹配：预期[请识别并翻译当前摄像头画面中的菜单内容]，实际[请提供需要翻译的菜单图片]
2026-02-26 18:31:28,998 - INFO - CaseID:1455 - 整体结果: PASS | 详情: 所有字段校验通过
2026-02-26 18:31:30,971 - INFO - CaseID:1456 - 整体结果: FAILED | 详情: QUERY语义不匹配：预期[请识别并提取当前摄像头画面中的菜单文字内容]，实际[请提供需要翻译的菜单图片]
2026-02-26 18:31:33,448 - INFO - CaseID:1457 - 整体结果: PASS | 详情: 所有字段校验通过
2026-02-26 18:31:36,523 - INFO - CaseID:1458 - 整体结果: PASS | 详情: 所有字段校验通过
2026-02-26 18:31:38,515 - INFO - CaseID:1459 - 整体结果: FAILED | 详情: QUERY语义不匹配：预期[请提供当前摄像头拍摄到的菜单内容]，实际[请提供需要翻译的菜单图片]
2026-02-26 18:31:40,300 - INFO - CaseID:1460 - 整体结果: FAILED | 详情: QUERY语义不匹配：预期[请提供当前摄像头拍摄到的菜单内容]，实际[请提供需要翻译的菜单图片]
2026-02-26 18:31:42,866 - INFO - CaseID:1461 - 整体结果: PASS | 详情: 所有字段校验通过
2026-02-26 18:31:44,792 - INFO - CaseID:1462 - 整体结果: PASS | 详情: 所有字段校验通过
2026-02-26 18:31:47,577 - INFO - CaseID:1463 - 整体结果: PASS | 详情: 所有字段校验通过
2026-02-26 18:31:49,503 - INFO - CaseID:1464 - 整体结果: PASS | 详情: 所有字段校验通过
2026-02-26 18:31:51,208 - INFO - CaseID:1465 - 整体结果: FAILED | 详情: QUERY语义不匹配：预期[可以帮我把它翻译成英文么]，实际[请识别摄像头捕捉到的文本内容]
2026-02-26 18:31:53,618 - INFO - CaseID:1466 - 整体结果: PASS | 详情: 所有字段校验通过
2026-02-26 18:31:55,197 - INFO - CaseID:1467 - 整体结果: PASS | 详情: 所有字段校验通过
2026-02-26 18:31:57,942 - INFO - CaseID:1468 - 整体结果: PASS | 详情: 所有字段校验通过
2026-02-26 18:31:59,826 - INFO - CaseID:1469 - 整体结果: PASS | 详情: 所有字段校验通过
2026-02-26 18:32:01,876 - INFO - CaseID:1470 - 整体结果: PASS | 详情: 所有字段校验通过
2026-02-26 18:32:03,738 - INFO - CaseID:1471 - 整体结果: FAILED | 详情: QUERY语义不匹配：预期[这个是没鸭力吗]，实际[当前摄像头画面中是否有“没鸭力”相关的内容（如图片、文字或符号）？]
2026-02-26 18:32:05,601 - INFO - CaseID:1472 - 整体结果: PASS | 详情: 所有字段校验通过
2026-02-26 18:32:07,541 - INFO - CaseID:1473 - 整体结果: FAILED | 详情: QUERY语义不匹配：预期[识别当前摄像头画面中的“理想同学”相关对象]，实际[这个是理想同学哪一个]
2026-02-26 18:32:09,133 - INFO - CaseID:1474 - 整体结果: PASS | 详情: 所有字段校验通过
2026-02-26 18:32:11,127 - INFO - CaseID:1475 - 整体结果: PASS | 详情: 所有字段校验通过
2026-02-26 18:32:13,006 - INFO - CaseID:1476 - 整体结果: PASS | 详情: 所有字段校验通过
2026-02-26 18:32:15,378 - INFO - CaseID:1477 - 整体结果: PASS | 详情: 所有字段校验通过
2026-02-26 18:32:17,194 - INFO - CaseID:1478 - 整体结果: PASS | 详情: 所有字段校验通过
2026-02-26 18:32:19,320 - INFO - CaseID:1479 - 整体结果: PASS | 详情: 所有字段校验通过
2026-02-26 18:32:21,360 - INFO - CaseID:1480 - 整体结果: PASS | 详情: 所有字段校验通过
2026-02-26 18:32:23,005 - INFO - CaseID:1481 - 整体结果: FAILED | 详情: QUERY语义不匹配：预期[这个有用吗]，实际[当前摄像头画面中的物品或场景是什么？]
2026-02-26 18:32:25,820 - INFO - CaseID:1482 - 整体结果: FAILED | 详情: QUERY语义不匹配：预期[这个好帅]，实际[识别当前摄像头画面中的人物或物体]
2026-02-26 18:32:27,685 - INFO - CaseID:1483 - 整体结果: PASS | 详情: 所有字段校验通过
2026-02-26 18:32:30,409 - INFO - CaseID:1484 - 整体结果: PASS | 详情: 所有字段校验通过
2026-02-26 18:32:32,260 - INFO - CaseID:1485 - 整体结果: PASS | 详情: 所有字段校验通过
2026-02-26 18:32:34,125 - INFO - CaseID:1486 - 整体结果: PASS | 详情: 所有字段校验通过
2026-02-26 18:32:36,114 - INFO - CaseID:1487 - 整体结果: PASS | 详情: 所有字段校验通过
2026-02-26 18:32:38,016 - INFO - CaseID:1488 - 整体结果: PASS | 详情: 所有字段校验通过
2026-02-26 18:32:40,006 - INFO - CaseID:1489 - 整体结果: PASS | 详情: 所有字段校验通过
2026-02-26 18:32:41,970 - INFO - CaseID:1490 - 整体结果: PASS | 详情: 所有字段校验通过
2026-02-26 18:32:43,893 - INFO - CaseID:1491 - 整体结果: PASS | 详情: 所有字段校验通过
2026-02-26 18:32:45,792 - INFO - CaseID:1492 - 整体结果: PASS | 详情: 所有字段校验通过
2026-02-26 18:32:47,621 - INFO - CaseID:1493 - 整体结果: PASS | 详情: 所有字段校验通过
2026-02-26 18:32:49,543 - INFO - CaseID:1494 - 整体结果: FAILED | 详情: QUERY语义不匹配：预期[他的故事是什么]，实际[当前画面中的人物是谁？]
2026-02-26 18:32:51,514 - INFO - CaseID:1495 - 整体结果: PASS | 详情: 所有字段校验通过
2026-02-26 18:32:53,440 - INFO - CaseID:1496 - 整体结果: PASS | 详情: 所有字段校验通过
2026-02-26 18:32:55,757 - INFO - CaseID:1497 - 整体结果: PASS | 详情: 所有字段校验通过
2026-02-26 18:32:58,045 - INFO - CaseID:1498 - 整体结果: PASS | 详情: 所有字段校验通过
2026-02-26 18:33:00,302 - INFO - CaseID:1499 - 整体结果: PASS | 详情: 所有字段校验通过
2026-02-26 18:33:00,303 - INFO - 已处理1500行，休眠5秒降低压力...
2026-02-26 18:33:06,494 - INFO - CaseID:1500 - 整体结果: PASS | 详情: 所有字段校验通过
2026-02-26 18:33:08,597 - INFO - CaseID:1501 - 整体结果: FAILED | 详情: QUERY语义不匹配：预期[你喜欢他吗]，实际[当前画面中是否有明确的“他”指代对象？]
2026-02-26 18:33:10,384 - INFO - CaseID:1502 - 整体结果: PASS | 详情: 所有字段校验通过
2026-02-26 18:33:12,476 - INFO - CaseID:1503 - 整体结果: PASS | 详情: 所有字段校验通过
2026-02-26 18:33:14,400 - INFO - CaseID:1504 - 整体结果: PASS | 详情: 所有字段校验通过
2026-02-26 18:33:17,117 - INFO - CaseID:1505 - 整体结果: PASS | 详情: 所有字段校验通过
2026-02-26 18:33:18,938 - INFO - CaseID:1506 - 整体结果: PASS | 详情: 所有字段校验通过
2026-02-26 18:33:20,700 - INFO - CaseID:1507 - 整体结果: PASS | 详情: 所有字段校验通过
2026-02-26 18:33:22,645 - INFO - CaseID:1508 - 整体结果: FAILED | 详情: QUERY语义不匹配：预期[这是猪爸]，实际[识别当前摄像头画面中的“猪爸”是什么]
2026-02-26 18:33:22,646 - INFO - CaseID:1509 - 整体结果: FAILED | 详情: 模型输出核心字段全为空，判定不通过; APINAME不匹配：预期[visual_search]，实际[]; QUERY语义不匹配：预期[这个穿绿色衣服的是猪爸吗]，实际[]
2026-02-26 18:33:24,373 - INFO - CaseID:1510 - 整体结果: PASS | 详情: 所有字段校验通过
2026-02-26 18:33:26,531 - INFO - CaseID:1511 - 整体结果: PASS | 详情: 所有字段校验通过
2026-02-26 18:33:28,483 - INFO - CaseID:1512 - 整体结果: PASS | 详情: 所有字段校验通过
2026-02-26 18:33:30,456 - INFO - CaseID:1513 - 整体结果: PASS | 详情: 所有字段校验通过
2026-02-26 18:33:32,361 - INFO - CaseID:1514 - 整体结果: PASS | 详情: 所有字段校验通过
2026-02-26 18:33:34,093 - INFO - CaseID:1515 - 整体结果: PASS | 详情: 所有字段校验通过
2026-02-26 18:33:36,368 - INFO - CaseID:1516 - 整体结果: FAILED | 详情: QUERY语义不匹配：预期[这个小狗是谁啊]，实际[识别当前摄像头画面中的小狗品种或特征]
2026-02-26 18:33:38,151 - INFO - CaseID:1517 - 整体结果: FAILED | 详情: QUERY语义不匹配：预期[你觉得这个好看吗]，实际[当前摄像头画面中的主要物体或场景是什么？]
2026-02-26 18:33:40,548 - INFO - CaseID:1518 - 整体结果: PASS | 详情: 所有字段校验通过
2026-02-26 18:33:42,424 - INFO - CaseID:1519 - 整体结果: PASS | 详情: 所有字段校验通过
2026-02-26 18:33:45,151 - INFO - CaseID:1520 - 整体结果: PASS | 详情: 所有字段校验通过
2026-02-26 18:33:47,078 - INFO - CaseID:1521 - 整体结果: PASS | 详情: 所有字段校验通过
2026-02-26 18:33:48,827 - INFO - CaseID:1522 - 整体结果: FAILED | 详情: QUERY语义不匹配：预期[他在想什么]，实际[当前摄像头画面中的人物在想什么]
2026-02-26 18:33:51,009 - INFO - CaseID:1523 - 整体结果: PASS | 详情: 所有字段校验通过
2026-02-26 18:33:52,849 - INFO - CaseID:1524 - 整体结果: PASS | 详情: 所有字段校验通过
2026-02-26 18:33:54,933 - INFO - CaseID:1525 - 整体结果: PASS | 详情: 所有字段校验通过
2026-02-26 18:33:56,834 - INFO - CaseID:1526 - 整体结果: PASS | 详情: 所有字段校验通过
2026-02-26 18:33:59,399 - INFO - CaseID:1527 - 整体结果: PASS | 详情: 所有字段校验通过
2026-02-26 18:34:02,354 - INFO - CaseID:1528 - 整体结果: PASS | 详情: 所有字段校验通过
2026-02-26 18:34:04,088 - INFO - CaseID:1529 - 整体结果: PASS | 详情: 所有字段校验通过
2026-02-26 18:34:06,255 - INFO - CaseID:1530 - 整体结果: PASS | 详情: 所有字段校验通过
2026-02-26 18:34:08,262 - INFO - CaseID:1531 - 整体结果: PASS | 详情: 所有字段校验通过
2026-02-26 18:34:10,173 - INFO - CaseID:1532 - 整体结果: PASS | 详情: 所有字段校验通过
2026-02-26 18:34:12,526 - INFO - CaseID:1533 - 整体结果: PASS | 详情: 所有字段校验通过
2026-02-26 18:34:14,702 - INFO - CaseID:1534 - 整体结果: PASS | 详情: 所有字段校验通过
2026-02-26 18:34:16,572 - INFO - CaseID:1535 - 整体结果: PASS | 详情: 所有字段校验通过
2026-02-26 18:34:18,256 - INFO - CaseID:1536 - 整体结果: FAILED | 详情: QUERY语义不匹配：预期[你觉得他是个坏人吗]，实际[当前摄像头画面中的人物是谁？]
2026-02-26 18:34:20,243 - INFO - CaseID:1537 - 整体结果: PASS | 详情: 所有字段校验通过
2026-02-26 18:34:21,914 - INFO - CaseID:1538 - 整体结果: PASS | 详情: 所有字段校验通过
2026-02-26 18:34:24,524 - INFO - CaseID:1539 - 整体结果: FAILED | 详情: QUERY语义不匹配：预期[识别当前摄像头画面中的玩偶并获取其详细名字]，实际[这个玩偶的详细名字是什么]
2026-02-26 18:34:26,453 - INFO - CaseID:1540 - 整体结果: PASS | 详情: 所有字段校验通过
2026-02-26 18:34:28,403 - INFO - CaseID:1541 - 整体结果: PASS | 详情: 所有字段校验通过
2026-02-26 18:34:31,134 - INFO - CaseID:1542 - 整体结果: FAILED | 详情: QUERY语义不匹配：预期[识别当前摄像头画面中的公仔形象]，实际[你认不认识这些可爱的公仔]
2026-02-26 18:34:32,822 - INFO - CaseID:1543 - 整体结果: FAILED | 详情: QUERY语义不匹配：预期[你爱吃这个吗]，实际[识别当前摄像头画面中的食物]
2026-02-26 18:34:35,290 - INFO - CaseID:1544 - 整体结果: FAILED | 详情: QUERY语义不匹配：预期[我超级爱吃这个东西]，实际[识别用户所指的物品是什么]
2026-02-26 18:34:36,915 - INFO - CaseID:1545 - 整体结果: FAILED | 详情: QUERY语义不匹配：预期[识别当前摄像头画面中的食物或物品]，实际[识别当前摄像头画面中的食物]
2026-02-26 18:34:39,243 - INFO - CaseID:1546 - 整体结果: FAILED | 详情: QUERY语义不匹配：预期[吃这个需要用特定的工具么]，实际[识别当前摄像头画面中的食物或物品]
2026-02-26 18:34:41,117 - INFO - CaseID:1547 - 整体结果: FAILED | 详情: QUERY语义不匹配：预期[你喜欢这个味道吗]，实际[当前摄像头捕捉到的食物或物品是什么？]
2026-02-26 18:34:43,108 - INFO - CaseID:1548 - 整体结果: PASS | 详情: 所有字段校验通过
2026-02-26 18:34:44,971 - INFO - CaseID:1549 - 整体结果: FAILED | 详情: QUERY语义不匹配：预期[识别当前摄像头捕捉到的食物或物品]，实际[吃完这个需要刷牙么]
2026-02-26 18:34:46,681 - INFO - CaseID:1550 - 整体结果: FAILED | 详情: QUERY语义不匹配：预期[你喜欢这样的食物吗]，实际[当前画面中的食物是什么？]
2026-02-26 18:34:48,685 - INFO - CaseID:1551 - 整体结果: FAILED | 详情: QUERY语义不匹配：预期[我对这东西情有独钟。]，实际[用户当前摄像头画面中主要的物体是什么？]
2026-02-26 18:34:50,668 - INFO - CaseID:1552 - 整体结果: FAILED | 详情: QUERY语义不匹配：预期[你觉得这个食物你喜欢吗]，实际[当前画面中的食物是什么？]
2026-02-26 18:34:52,558 - INFO - CaseID:1553 - 整体结果: FAILED | 详情: QUERY语义不匹配：预期[我每次都特意找这个吃。]，实际[用户当前摄像头捕捉到的食物是什么？]
2026-02-26 18:34:54,498 - INFO - CaseID:1554 - 整体结果: FAILED | 详情: QUERY语义不匹配：预期[有口腔溃疡可以吃这个么]，实际[这是什么食物？]
2026-02-26 18:34:56,943 - INFO - CaseID:1555 - 整体结果: FAILED | 详情: QUERY语义不匹配：预期[它和花生哪个好吃]，实际[识别当前摄像头中的物品]
2026-02-26 18:34:58,800 - INFO - CaseID:1556 - 整体结果: FAILED | 详情: QUERY语义不匹配：预期[这是什么品牌的方便面？]，实际[识别当前摄像头画面中的方便面品牌及口味]
2026-02-26 18:35:00,490 - INFO - CaseID:1557 - 整体结果: PASS | 详情: 所有字段校验通过
2026-02-26 18:35:02,547 - INFO - CaseID:1558 - 整体结果: FAILED | 详情: QUERY语义不匹配：预期[实在太喜欢吃这个了。]，实际[识别用户当前正在吃的食物]
2026-02-26 18:35:04,094 - INFO - CaseID:1559 - 整体结果: FAILED | 详情: QUERY语义不匹配：预期[这个方便面很有名你喜欢吃么]，实际[这是什么品牌的方便面？]
2026-02-26 18:35:06,029 - INFO - CaseID:1560 - 整体结果: FAILED | 详情: QUERY语义不匹配：预期[识别当前摄像头画面中的物品或商品]，实际[这个多少钱呢]
2026-02-26 18:35:07,962 - INFO - CaseID:1561 - 整体结果: FAILED | 详情: QUERY语义不匹配：预期[这个粉色的东西是什么？]，实际[这个粉色的东西好吃么]
2026-02-26 18:35:10,671 - INFO - CaseID:1562 - 整体结果: FAILED | 详情: QUERY语义不匹配：预期[这是什么品牌的肉干？]，实际[这是什么肉干？]
2026-02-26 18:35:12,587 - INFO - CaseID:1563 - 整体结果: PASS | 详情: 所有字段校验通过
2026-02-26 18:35:14,339 - INFO - CaseID:1564 - 整体结果: FAILED | 详情: QUERY语义不匹配：预期[识别当前摄像头画面中的食物]，实际[这是什么食物？]
2026-02-26 18:35:16,283 - INFO - CaseID:1565 - 整体结果: FAILED | 详情: QUERY语义不匹配：预期[用户正在展示的食物是什么？]，实际[识别用户当前所指的物品是什么]
2026-02-26 18:35:18,157 - INFO - CaseID:1566 - 整体结果: FAILED | 详情: QUERY语义不匹配：预期[你尝过这个吗感觉如何]，实际[识别当前摄像头画面中的物品是什么]
2026-02-26 18:35:20,539 - INFO - CaseID:1567 - 整体结果: PASS | 详情: 所有字段校验通过
2026-02-26 18:35:22,508 - INFO - CaseID:1568 - 整体结果: PASS | 详情: 所有字段校验通过
2026-02-26 18:35:24,514 - INFO - CaseID:1569 - 整体结果: PASS | 详情: 所有字段校验通过
2026-02-26 18:35:26,404 - INFO - CaseID:1570 - 整体结果: PASS | 详情: 所有字段校验通过
2026-02-26 18:35:28,093 - INFO - CaseID:1571 - 整体结果: PASS | 详情: 所有字段校验通过
2026-02-26 18:35:30,183 - INFO - CaseID:1572 - 整体结果: PASS | 详情: 所有字段校验通过
2026-02-26 18:35:31,780 - INFO - CaseID:1573 - 整体结果: PASS | 详情: 所有字段校验通过
2026-02-26 18:35:34,181 - INFO - CaseID:1574 - 整体结果: PASS | 详情: 所有字段校验通过
2026-02-26 18:35:36,127 - INFO - CaseID:1575 - 整体结果: PASS | 详情: 所有字段校验通过
2026-02-26 18:35:38,095 - INFO - CaseID:1576 - 整体结果: FAILED | 详情: QUERY语义不匹配：预期[识别当前摄像头画面中的物体是什么]，实际[这是什么东西]
2026-02-26 18:35:40,062 - INFO - CaseID:1577 - 整体结果: PASS | 详情: 所有字段校验通过
2026-02-26 18:35:41,737 - INFO - CaseID:1578 - 整体结果: FAILED | 详情: QUERY语义不匹配：预期[你对这个感兴趣吗]，实际[当前摄像头捕捉到的内容是什么？]
2026-02-26 18:35:43,691 - INFO - CaseID:1579 - 整体结果: PASS | 详情: 所有字段校验通过
2026-02-26 18:35:45,499 - INFO - CaseID:1580 - 整体结果: FAILED | 详情: QUERY语义不匹配：预期[我总是忍不住想吃这个。]，实际[用户当前指向或展示的食物是什么？]
2026-02-26 18:35:48,425 - INFO - CaseID:1581 - 整体结果: FAILED | 详情: QUERY语义不匹配：预期[你觉得这是什么]，实际[识别当前摄像头画面中的物体或场景]
2026-02-26 18:35:50,371 - INFO - CaseID:1582 - 整体结果: PASS | 详情: 所有字段校验通过
2026-02-26 18:35:53,150 - INFO - CaseID:1583 - 整体结果: FAILED | 详情: QUERY语义不匹配：预期[瞧瞧这是什么东西。]，实际[识别当前摄像头画面中的物体是什么]
2026-02-26 18:35:55,007 - INFO - CaseID:1584 - 整体结果: PASS | 详情: 所有字段校验通过
2026-02-26 18:35:56,748 - INFO - CaseID:1585 - 整体结果: PASS | 详情: 所有字段校验通过
2026-02-26 18:35:58,686 - INFO - CaseID:1586 - 整体结果: PASS | 详情: 所有字段校验通过
2026-02-26 18:36:00,750 - INFO - CaseID:1587 - 整体结果: PASS | 详情: 所有字段校验通过
2026-02-26 18:36:02,795 - INFO - CaseID:1588 - 整体结果: PASS | 详情: 所有字段校验通过
2026-02-26 18:36:04,733 - INFO - CaseID:1589 - 整体结果: PASS | 详情: 所有字段校验通过
2026-02-26 18:36:06,751 - INFO - CaseID:1590 - 整体结果: PASS | 详情: 所有字段校验通过
2026-02-26 18:36:08,685 - INFO - CaseID:1591 - 整体结果: PASS | 详情: 所有字段校验通过
2026-02-26 18:36:10,394 - INFO - CaseID:1592 - 整体结果: PASS | 详情: 所有字段校验通过
2026-02-26 18:36:12,347 - INFO - CaseID:1593 - 整体结果: FAILED | 详情: QUERY语义不匹配：预期[识别当前摄像头画面中的物品]，实际[这个东西得花多少钱]
2026-02-26 18:36:14,023 - INFO - CaseID:1594 - 整体结果: PASS | 详情: 所有字段校验通过
2026-02-26 18:36:16,010 - INFO - CaseID:1595 - 整体结果: FAILED | 详情: QUERY语义不匹配：预期[识别当前摄像头画面中的品牌名称]，实际[这个品牌是什么]
2026-02-26 18:36:18,077 - INFO - CaseID:1596 - 整体结果: PASS | 详情: 所有字段校验通过
2026-02-26 18:36:20,034 - INFO - CaseID:1597 - 整体结果: FAILED | 详情: QUERY语义不匹配：预期[识别这是什么牌子]，实际[识别当前摄像头画面中的品牌标志]
2026-02-26 18:36:22,175 - INFO - CaseID:1598 - 整体结果: PASS | 详情: 所有字段校验通过
2026-02-26 18:36:24,059 - INFO - CaseID:1599 - 整体结果: PASS | 详情: 所有字段校验通过
2026-02-26 18:36:24,059 - INFO - 已处理1600行，休眠5秒降低压力...
2026-02-26 18:36:30,201 - INFO - CaseID:1600 - 整体结果: FAILED | 详情: QUERY语义不匹配：预期[你喜欢这个味道吗]，实际[当前摄像头捕捉到的食物是什么？]
2026-02-26 18:36:30,202 - INFO - 已处理1600条用例，当前通过数：1255
2026-02-26 18:36:32,197 - INFO - CaseID:1601 - 整体结果: PASS | 详情: 所有字段校验通过
2026-02-26 18:36:34,707 - INFO - CaseID:1602 - 整体结果: FAILED | 详情: QUERY语义不匹配：预期[喝完酒能吃这个么]，实际[识别当前摄像头中的物品]
2026-02-26 18:36:36,725 - INFO - CaseID:1603 - 整体结果: FAILED | 详情: QUERY语义不匹配：预期[识别当前摄像头画面中的品牌标志或名称]，实际[这是什么品牌？]
2026-02-26 18:36:38,798 - INFO - CaseID:1604 - 整体结果: FAILED | 详情: QUERY语义不匹配：预期[识别当前摄像头画面中的品牌标志或文字信息]，实际[这是哪个牌子？]
2026-02-26 18:36:40,768 - INFO - CaseID:1605 - 整体结果: FAILED | 详情: QUERY语义不匹配：预期[识别当前摄像头画面中的物体或场景是什么]，实际[识别当前摄像头画面中的物体是什么]
2026-02-26 18:36:42,698 - INFO - CaseID:1606 - 整体结果: FAILED | 详情: QUERY语义不匹配：预期[我对这款食品喜爱有加。]，实际[识别当前摄像头画面中的食品品牌或名称]
2026-02-26 18:36:45,247 - INFO - CaseID:1607 - 整体结果: PASS | 详情: 所有字段校验通过
2026-02-26 18:36:47,299 - INFO - CaseID:1608 - 整体结果: PASS | 详情: 所有字段校验通过
2026-02-26 18:36:49,191 - INFO - CaseID:1609 - 整体结果: FAILED | 详情: QUERY语义不匹配：预期[识别当前摄像头画面中的品牌标志或文字信息]，实际[这是什么牌子？]
2026-02-26 18:36:51,211 - INFO - CaseID:1610 - 整体结果: PASS | 详情: 所有字段校验通过
2026-02-26 18:36:54,164 - INFO - CaseID:1611 - 整体结果: PASS | 详情: 所有字段校验通过
2026-02-26 18:36:56,214 - INFO - CaseID:1612 - 整体结果: FAILED | 详情: QUERY语义不匹配：预期[这是啥你能看下吗]，实际[识别当前摄像头画面中的内容]
2026-02-26 18:36:58,810 - INFO - CaseID:1613 - 整体结果: PASS | 详情: 所有字段校验通过
2026-02-26 18:37:00,923 - INFO - CaseID:1614 - 整体结果: PASS | 详情: 所有字段校验通过
2026-02-26 18:37:02,562 - INFO - CaseID:1615 - 整体结果: FAILED | 详情: QUERY语义不匹配：预期[知道这是什么吗]，实际[识别当前摄像头画面中的物体是什么]
2026-02-26 18:37:04,491 - INFO - CaseID:1616 - 整体结果: FAILED | 详情: QUERY语义不匹配：预期[你的口味跟这个合得来吗]，实际[当前画面中是否有食物或饮品？]
2026-02-26 18:37:08,056 - INFO - CaseID:1617 - 整体结果: PASS | 详情: 所有字段校验通过
2026-02-26 18:37:10,030 - INFO - CaseID:1618 - 整体结果: PASS | 详情: 所有字段校验通过
2026-02-26 18:37:11,968 - INFO - CaseID:1619 - 整体结果: PASS | 详情: 所有字段校验通过
2026-02-26 18:37:13,706 - INFO - CaseID:1620 - 整体结果: PASS | 详情: 所有字段校验通过
2026-02-26 18:37:16,787 - INFO - CaseID:1621 - 整体结果: FAILED | 详情: QUERY语义不匹配：预期[识别当前摄像头画面中的物品或服务]，实际[这个大概要多少钱]
2026-02-26 18:37:19,192 - INFO - CaseID:1622 - 整体结果: PASS | 详情: 所有字段校验通过
2026-02-26 18:37:21,303 - INFO - CaseID:1623 - 整体结果: PASS | 详情: 所有字段校验通过
2026-02-26 18:37:23,246 - INFO - CaseID:1624 - 整体结果: PASS | 详情: 所有字段校验通过
2026-02-26 18:37:25,294 - INFO - CaseID:1625 - 整体结果: PASS | 详情: 所有字段校验通过
2026-02-26 18:37:27,091 - INFO - CaseID:1626 - 整体结果: FAILED | 详情: QUERY语义不匹配：预期[识别当前摄像头画面中的物体或场景是什么]，实际[你能解释一下这是什么吗]
2026-02-26 18:37:28,893 - INFO - CaseID:1627 - 整体结果: PASS | 详情: 所有字段校验通过
2026-02-26 18:37:30,976 - INFO - CaseID:1628 - 整体结果: FAILED | 详情: QUERY语义不匹配：预期[识别当前摄像头画面中的品牌名称]，实际[识别当前摄像头画面中的品牌信息]
2026-02-26 18:37:32,906 - INFO - CaseID:1629 - 整体结果: PASS | 详情: 所有字段校验通过
2026-02-26 18:37:35,321 - INFO - CaseID:1630 - 整体结果: FAILED | 详情: QUERY语义不匹配：预期[这奶茶特别对我胃口。]，实际[这是什么奶茶？]
2026-02-26 18:37:37,704 - INFO - CaseID:1631 - 整体结果: PASS | 详情: 所有字段校验通过
2026-02-26 18:37:39,718 - INFO - CaseID:1632 - 整体结果: PASS | 详情: 所有字段校验通过
2026-02-26 18:37:42,137 - INFO - CaseID:1633 - 整体结果: FAILED | 详情: QUERY语义不匹配：预期[这个东西味道好么]，实际[这个东西是什么？]
2026-02-26 18:37:43,931 - INFO - CaseID:1634 - 整体结果: PASS | 详情: 所有字段校验通过
2026-02-26 18:37:45,920 - INFO - CaseID:1635 - 整体结果: PASS | 详情: 所有字段校验通过
2026-02-26 18:37:48,027 - INFO - CaseID:1636 - 整体结果: PASS | 详情: 所有字段校验通过
2026-02-26 18:37:50,429 - INFO - CaseID:1637 - 整体结果: FAILED | 详情: QUERY语义不匹配：预期[你享受吃这种东西吗]，实际[识别用户当前展示的物品是什么]
2026-02-26 18:37:52,342 - INFO - CaseID:1638 - 整体结果: PASS | 详情: 所有字段校验通过
2026-02-26 18:37:54,264 - INFO - CaseID:1639 - 整体结果: PASS | 详情: 所有字段校验通过
2026-02-26 18:37:56,701 - INFO - CaseID:1640 - 整体结果: PASS | 详情: 所有字段校验通过
2026-02-26 18:37:58,602 - INFO - CaseID:1641 - 整体结果: PASS | 详情: 所有字段校验通过
2026-02-26 18:38:00,598 - INFO - CaseID:1642 - 整体结果: PASS | 详情: 所有字段校验通过
2026-02-26 18:38:02,242 - INFO - CaseID:1643 - 整体结果: PASS | 详情: 所有字段校验通过
2026-02-26 18:38:04,249 - INFO - CaseID:1644 - 整体结果: PASS | 详情: 所有字段校验通过
2026-02-26 18:38:06,192 - INFO - CaseID:1645 - 整体结果: FAILED | 详情: QUERY语义不匹配：预期[你尝过这个吗好吃吗]，实际[识别当前摄像头画面中的食物]
2026-02-26 18:38:08,207 - INFO - CaseID:1646 - 整体结果: PASS | 详情: 所有字段校验通过
2026-02-26 18:38:10,175 - INFO - CaseID:1647 - 整体结果: FAILED | 详情: QUERY语义不匹配：预期[她哭的好伤心啊]，实际[分析当前摄像头画面中的人物表情或情绪状态]
2026-02-26 18:38:11,998 - INFO - CaseID:1648 - 整体结果: PASS | 详情: 所有字段校验通过
2026-02-26 18:38:14,037 - INFO - CaseID:1649 - 整体结果: FAILED | 详情: QUERY语义不匹配：预期[她看起来是不是很开心呀]，实际[分析当前摄像头画面中人物的表情是否开心]
2026-02-26 18:38:17,377 - INFO - CaseID:1650 - 整体结果: PASS | 详情: 所有字段校验通过
2026-02-26 18:38:19,264 - INFO - CaseID:1651 - 整体结果: FAILED | 详情: QUERY语义不匹配：预期[哈哈他看起来挺尴尬的]，实际[当前摄像头画面中的人物为什么看起来尴尬？]
2026-02-26 18:38:21,132 - INFO - CaseID:1652 - 整体结果: PASS | 详情: 所有字段校验通过
2026-02-26 18:38:23,254 - INFO - CaseID:1653 - 整体结果: PASS | 详情: 所有字段校验通过
2026-02-26 18:38:25,296 - INFO - CaseID:1654 - 整体结果: FAILED | 详情: QUERY语义不匹配：预期[分析当前摄像头画面中人物的面部表情和肢体语言，判断她是否不高兴]，实际[她看起来是不是不高兴]
2026-02-26 18:38:27,145 - INFO - CaseID:1655 - 整体结果: FAILED | 详情: QUERY语义不匹配：预期[分析当前摄像头画面中人物的面部表情和肢体语言，判断她是否开心]，实际[分析当前摄像头画面中人物的表情或肢体语言，判断她是否开心]
2026-02-26 18:38:29,101 - INFO - CaseID:1656 - 整体结果: FAILED | 详情: QUERY语义不匹配：预期[太胖了吧]，实际[用户提到的“太胖了吧”是指画面中的什么内容？]
2026-02-26 18:38:31,131 - INFO - CaseID:1657 - 整体结果: PASS | 详情: 所有字段校验通过
2026-02-26 18:38:33,082 - INFO - CaseID:1658 - 整体结果: PASS | 详情: 所有字段校验通过
2026-02-26 18:38:34,966 - INFO - CaseID:1659 - 整体结果: FAILED | 详情: QUERY语义不匹配：预期[分析当前摄像头画面中女性的体型、肤色、风格等特征，推荐适合的服装]，实际[她适合穿什么衣服好看]
2026-02-26 18:38:36,975 - INFO - CaseID:1660 - 整体结果: PASS | 详情: 所有字段校验通过
2026-02-26 18:38:38,781 - INFO - CaseID:1661 - 整体结果: PASS | 详情: 所有字段校验通过
2026-02-26 18:38:40,661 - INFO - CaseID:1662 - 整体结果: PASS | 详情: 所有字段校验通过
2026-02-26 18:38:42,609 - INFO - CaseID:1663 - 整体结果: PASS | 详情: 所有字段校验通过
2026-02-26 18:38:44,333 - INFO - CaseID:1664 - 整体结果: PASS | 详情: 所有字段校验通过
2026-02-26 18:38:46,660 - INFO - CaseID:1665 - 整体结果: PASS | 详情: 所有字段校验通过
2026-02-26 18:38:48,653 - INFO - CaseID:1666 - 整体结果: PASS | 详情: 所有字段校验通过
2026-02-26 18:38:50,889 - INFO - CaseID:1667 - 整体结果: FAILED | 详情: QUERY语义不匹配：预期[这个衣服适合我穿不]，实际[这件衣服的款式、颜色和尺寸是否适合用户当前的穿着和体型]
2026-02-26 18:38:52,842 - INFO - CaseID:1668 - 整体结果: PASS | 详情: 所有字段校验通过
2026-02-26 18:38:54,539 - INFO - CaseID:1669 - 整体结果: FAILED | 详情: QUERY语义不匹配：预期[识别当前摄像头画面中的耐克标志或产品特征]，实际[这是耐克吗？]
2026-02-26 18:38:57,208 - INFO - CaseID:1670 - 整体结果: PASS | 详情: 所有字段校验通过
2026-02-26 18:38:59,259 - INFO - CaseID:1671 - 整体结果: PASS | 详情: 所有字段校验通过
2026-02-26 18:39:02,078 - INFO - CaseID:1672 - 整体结果: PASS | 详情: 所有字段校验通过
2026-02-26 18:39:03,948 - INFO - CaseID:1673 - 整体结果: PASS | 详情: 所有字段校验通过
2026-02-26 18:39:06,032 - INFO - CaseID:1674 - 整体结果: FAILED | 详情: QUERY语义不匹配：预期[识别当前摄像头画面中的衣服类型和款式]，实际[识别当前摄像头画面中的衣服是什么]
2026-02-26 18:39:08,083 - INFO - CaseID:1675 - 整体结果: PASS | 详情: 所有字段校验通过
2026-02-26 18:39:09,744 - INFO - CaseID:1676 - 整体结果: PASS | 详情: 所有字段校验通过
2026-02-26 18:39:12,407 - INFO - CaseID:1677 - 整体结果: PASS | 详情: 所有字段校验通过
2026-02-26 18:39:14,143 - INFO - CaseID:1678 - 整体结果: PASS | 详情: 所有字段校验通过
2026-02-26 18:39:16,113 - INFO - CaseID:1679 - 整体结果: PASS | 详情: 所有字段校验通过
2026-02-26 18:39:18,123 - INFO - CaseID:1680 - 整体结果: PASS | 详情: 所有字段校验通过
2026-02-26 18:39:20,862 - INFO - CaseID:1681 - 整体结果: FAILED | 详情: QUERY语义不匹配：预期[识别用户上身穿的衣服款式、颜色、品牌等信息]，实际[请识别并介绍用户上身穿的衣服]
2026-02-26 18:39:22,796 - INFO - CaseID:1682 - 整体结果: PASS | 详情: 所有字段校验通过
2026-02-26 18:39:25,104 - INFO - CaseID:1683 - 整体结果: PASS | 详情: 所有字段校验通过
2026-02-26 18:39:27,129 - INFO - CaseID:1684 - 整体结果: PASS | 详情: 所有字段校验通过
2026-02-26 18:39:28,856 - INFO - CaseID:1685 - 整体结果: FAILED | 详情: QUERY语义不匹配：预期[我上身穿的这个白色的衣服是什么品牌或款式？]，实际[我上身穿的这个白色的衣服是]
2026-02-26 18:39:31,042 - INFO - CaseID:1686 - 整体结果: PASS | 详情: 所有字段校验通过
2026-02-26 18:39:33,024 - INFO - CaseID:1687 - 整体结果: FAILED | 详情: QUERY语义不匹配：预期[识别用户上身黑色短袖衣服的品牌和款式]，实际[识别用户上身黑色衣服的品牌和款式]
2026-02-26 18:39:35,548 - INFO - CaseID:1688 - 整体结果: PASS | 详情: 所有字段校验通过
2026-02-26 18:39:38,632 - INFO - CaseID:1689 - 整体结果: PASS | 详情: 所有字段校验通过
2026-02-26 18:39:40,296 - INFO - CaseID:1690 - 整体结果: PASS | 详情: 所有字段校验通过
2026-02-26 18:39:42,694 - INFO - CaseID:1691 - 整体结果: PASS | 详情: 所有字段校验通过
2026-02-26 18:39:44,458 - INFO - CaseID:1692 - 整体结果: FAILED | 详情: QUERY语义不匹配：预期[这个是啥衣服呢]，实际[这件衣服是什么品牌或款式？]
2026-02-26 18:39:46,452 - INFO - CaseID:1693 - 整体结果: PASS | 详情: 所有字段校验通过
2026-02-26 18:39:48,327 - INFO - CaseID:1694 - 整体结果: PASS | 详情: 所有字段校验通过
2026-02-26 18:39:50,567 - INFO - CaseID:1695 - 整体结果: PASS | 详情: 所有字段校验通过
2026-02-26 18:39:52,416 - INFO - CaseID:1696 - 整体结果: FAILED | 详情: QUERY语义不匹配：预期[分析用户当前穿着的款式、颜色搭配等视觉信息]，实际[我穿这个衣服帅气不]
2026-02-26 18:39:54,542 - INFO - CaseID:1697 - 整体结果: PASS | 详情: 所有字段校验通过
2026-02-26 18:39:56,560 - INFO - CaseID:1698 - 整体结果: FAILED | 详情: QUERY语义不匹配：预期[当前摄像头捕捉到的物品或服装是什么？]，实际[识别当前摄像头中的物品并分析其适合运动风穿搭的原因]
2026-02-26 18:39:58,384 - INFO - CaseID:1699 - 整体结果: PASS | 详情: 所有字段校验通过
2026-02-26 18:39:58,385 - INFO - 已处理1700行，休眠5秒降低压力...
2026-02-26 18:40:04,573 - INFO - CaseID:1700 - 整体结果: PASS | 详情: 所有字段校验通过
2026-02-26 18:40:06,560 - INFO - CaseID:1701 - 整体结果: PASS | 详情: 所有字段校验通过
2026-02-26 18:40:08,657 - INFO - CaseID:1702 - 整体结果: PASS | 详情: 所有字段校验通过
2026-02-26 18:40:10,529 - INFO - CaseID:1703 - 整体结果: PASS | 详情: 所有字段校验通过
2026-02-26 18:40:12,606 - INFO - CaseID:1704 - 整体结果: PASS | 详情: 所有字段校验通过
2026-02-26 18:40:14,514 - INFO - CaseID:1705 - 整体结果: FAILED | 详情: QUERY语义不匹配：预期[识别当前摄像头画面中的物品]，实际[识别当前摄像头中的物品并判断是否适合运动风穿搭]
2026-02-26 18:40:16,100 - INFO - CaseID:1706 - 整体结果: PASS | 详情: 所有字段校验通过
2026-02-26 18:40:18,045 - INFO - CaseID:1707 - 整体结果: PASS | 详情: 所有字段校验通过
2026-02-26 18:40:20,339 - INFO - CaseID:1708 - 整体结果: FAILED | 详情: QUERY语义不匹配：预期[我穿这个衣服帅气吧]，实际[分析用户当前穿着的衣服款式、颜色搭配等视觉信息]
2026-02-26 18:40:23,266 - INFO - CaseID:1709 - 整体结果: PASS | 详情: 所有字段校验通过
2026-02-26 18:40:25,149 - INFO - CaseID:1710 - 整体结果: FAILED | 详情: QUERY语义不匹配：预期[这个白色的衣服适合搭配什么外套]，实际[这件白色衣服的款式和颜色细节是什么？]
2026-02-26 18:40:26,936 - INFO - CaseID:1711 - 整体结果: PASS | 详情: 所有字段校验通过
2026-02-26 18:40:29,113 - INFO - CaseID:1712 - 整体结果: PASS | 详情: 所有字段校验通过
2026-02-26 18:40:30,843 - INFO - CaseID:1713 - 整体结果: PASS | 详情: 所有字段校验通过
2026-02-26 18:40:33,097 - INFO - CaseID:1714 - 整体结果: PASS | 详情: 所有字段校验通过
2026-02-26 18:40:35,761 - INFO - CaseID:1715 - 整体结果: PASS | 详情: 所有字段校验通过
2026-02-26 18:40:37,709 - INFO - CaseID:1716 - 整体结果: FAILED | 详情: QUERY语义不匹配：预期[这双鞋的款式、颜色和风格是什么？]，实际[这双鞋搭配什么衣服合适]
2026-02-26 18:40:39,650 - INFO - CaseID:1717 - 整体结果: PASS | 详情: 所有字段校验通过
2026-02-26 18:40:41,708 - INFO - CaseID:1718 - 整体结果: PASS | 详情: 所有字段校验通过
2026-02-26 18:40:44,514 - INFO - CaseID:1719 - 整体结果: PASS | 详情: 所有字段校验通过
2026-02-26 18:40:46,353 - INFO - CaseID:1720 - 整体结果: PASS | 详情: 所有字段校验通过
2026-02-26 18:40:48,767 - INFO - CaseID:1721 - 整体结果: PASS | 详情: 所有字段校验通过
2026-02-26 18:40:50,913 - INFO - CaseID:1722 - 整体结果: FAILED | 详情: QUERY语义不匹配：预期[识别当前穿着的鞋子款式、颜色和设计特点]，实际[识别当前展示的鞋子款式、颜色和材质]
2026-02-26 18:40:52,859 - INFO - CaseID:1723 - 整体结果: FAILED | 详情: QUERY语义不匹配：预期[这双鞋的品牌是什么？]，实际[这双鞋是耐克的吗？]
2026-02-26 18:40:54,807 - INFO - CaseID:1724 - 整体结果: PASS | 详情: 所有字段校验通过
2026-02-26 18:40:56,532 - INFO - CaseID:1725 - 整体结果: PASS | 详情: 所有字段校验通过
2026-02-26 18:40:59,108 - INFO - CaseID:1726 - 整体结果: PASS | 详情: 所有字段校验通过
2026-02-26 18:41:01,154 - INFO - CaseID:1727 - 整体结果: PASS | 详情: 所有字段校验通过
2026-02-26 18:41:03,137 - INFO - CaseID:1728 - 整体结果: PASS | 详情: 所有字段校验通过
2026-02-26 18:41:05,295 - INFO - CaseID:1729 - 整体结果: PASS | 详情: 所有字段校验通过
2026-02-26 18:41:07,746 - INFO - CaseID:1730 - 整体结果: PASS | 详情: 所有字段校验通过
2026-02-26 18:41:09,656 - INFO - CaseID:1731 - 整体结果: PASS | 详情: 所有字段校验通过
2026-02-26 18:41:11,428 - INFO - CaseID:1732 - 整体结果: PASS | 详情: 所有字段校验通过
2026-02-26 18:41:13,354 - INFO - CaseID:1733 - 整体结果: PASS | 详情: 所有字段校验通过
2026-02-26 18:41:15,081 - INFO - CaseID:1734 - 整体结果: PASS | 详情: 所有字段校验通过
2026-02-26 18:41:17,445 - INFO - CaseID:1735 - 整体结果: PASS | 详情: 所有字段校验通过
2026-02-26 18:41:19,383 - INFO - CaseID:1736 - 整体结果: FAILED | 详情: QUERY语义不匹配：预期[分析用户当前穿着的鞋子款式、颜色搭配等视觉信息]，实际[我穿这鞋好看不]
2026-02-26 18:41:21,338 - INFO - CaseID:1737 - 整体结果: PASS | 详情: 所有字段校验通过
2026-02-26 18:41:23,273 - INFO - CaseID:1738 - 整体结果: PASS | 详情: 所有字段校验通过
2026-02-26 18:41:25,117 - INFO - CaseID:1739 - 整体结果: FAILED | 详情: QUERY语义不匹配：预期[识别当前鞋子的款式、颜色和风格]，实际[这鞋搭配什么一个合适一点]
2026-02-26 18:41:27,165 - INFO - CaseID:1740 - 整体结果: PASS | 详情: 所有字段校验通过
2026-02-26 18:41:28,984 - INFO - CaseID:1741 - 整体结果: PASS | 详情: 所有字段校验通过
2026-02-26 18:41:31,040 - INFO - CaseID:1742 - 整体结果: PASS | 详情: 所有字段校验通过
2026-02-26 18:41:33,806 - INFO - CaseID:1743 - 整体结果: PASS | 详情: 所有字段校验通过
2026-02-26 18:41:35,768 - INFO - CaseID:1744 - 整体结果: PASS | 详情: 所有字段校验通过
2026-02-26 18:41:37,718 - INFO - CaseID:1745 - 整体结果: FAILED | 详情: QUERY语义不匹配：预期[这鞋真不错啊]，实际[识别当前摄像头画面中的鞋子品牌和型号]
2026-02-26 18:41:39,850 - INFO - CaseID:1746 - 整体结果: PASS | 详情: 所有字段校验通过
2026-02-26 18:41:41,897 - INFO - CaseID:1747 - 整体结果: PASS | 详情: 所有字段校验通过
2026-02-26 18:41:43,713 - INFO - CaseID:1748 - 整体结果: PASS | 详情: 所有字段校验通过
2026-02-26 18:41:45,707 - INFO - CaseID:1749 - 整体结果: PASS | 详情: 所有字段校验通过
2026-02-26 18:41:47,645 - INFO - CaseID:1750 - 整体结果: PASS | 详情: 所有字段校验通过
2026-02-26 18:41:49,692 - INFO - CaseID:1751 - 整体结果: FAILED | 详情: QUERY语义不匹配：预期[这双鞋的品牌是耐克吗？请识别鞋上的品牌标志或文字。]，实际[这双鞋的品牌标志是什么？]
2026-02-26 18:41:52,033 - INFO - CaseID:1752 - 整体结果: PASS | 详情: 所有字段校验通过
2026-02-26 18:41:54,713 - INFO - CaseID:1753 - 整体结果: FAILED | 详情: QUERY语义不匹配：预期[这双鞋的图片中有哪些特征表明它是亚瑟士（Asics）品牌？]，实际[这双鞋的标识或特征是什么？]
2026-02-26 18:41:56,722 - INFO - CaseID:1754 - 整体结果: PASS | 详情: 所有字段校验通过
2026-02-26 18:41:58,247 - INFO - CaseID:1755 - 整体结果: PASS | 详情: 所有字段校验通过
2026-02-26 18:42:00,250 - INFO - CaseID:1756 - 整体结果: PASS | 详情: 所有字段校验通过
2026-02-26 18:42:02,480 - INFO - CaseID:1757 - 整体结果: PASS | 详情: 所有字段校验通过
2026-02-26 18:42:04,451 - INFO - CaseID:1758 - 整体结果: FAILED | 详情: QUERY语义不匹配：预期[这双白色的运动鞋你怎么知道是耐克]，实际[这双白色的运动鞋的标识或特征是什么？]
2026-02-26 18:42:06,367 - INFO - CaseID:1759 - 整体结果: FAILED | 详情: QUERY语义不匹配：预期[挺结实的鞋]，实际[识别当前摄像头画面中的鞋子，并分析其结实程度]
2026-02-26 18:42:08,973 - INFO - CaseID:1760 - 整体结果: FAILED | 详情: QUERY语义不匹配：预期[当前摄像头捕捉到的物品是什么？]，实际[识别当前摄像头中的物品或服装]
2026-02-26 18:42:11,165 - INFO - CaseID:1761 - 整体结果: PASS | 详情: 所有字段校验通过
2026-02-26 18:42:12,750 - INFO - CaseID:1762 - 整体结果: PASS | 详情: 所有字段校验通过
2026-02-26 18:42:15,411 - INFO - CaseID:1763 - 整体结果: FAILED | 详情: QUERY语义不匹配：预期[你认为这双鞋好看吗]，实际[这双鞋的外观是什么样的？]
2026-02-26 18:42:17,306 - INFO - CaseID:1764 - 整体结果: PASS | 详情: 所有字段校验通过
2026-02-26 18:42:19,265 - INFO - CaseID:1765 - 整体结果: FAILED | 详情: QUERY语义不匹配：预期[这鞋真高级]，实际[识别当前摄像头画面中的鞋子品牌和型号]
2026-02-26 18:42:21,115 - INFO - CaseID:1766 - 整体结果: PASS | 详情: 所有字段校验通过
2026-02-26 18:42:23,202 - INFO - CaseID:1767 - 整体结果: PASS | 详情: 所有字段校验通过
2026-02-26 18:42:25,446 - INFO - CaseID:1768 - 整体结果: FAILED | 详情: QUERY语义不匹配：预期[这些质量真不错]，实际[当前摄像头画面中用户所指的“质量真不错”具体是什么物品或场景？]
2026-02-26 18:42:27,176 - INFO - CaseID:1769 - 整体结果: FAILED | 详情: QUERY语义不匹配：预期[这鞋质感真不错]，实际[这双鞋的质感如何？]
2026-02-26 18:42:29,562 - INFO - CaseID:1770 - 整体结果: PASS | 详情: 所有字段校验通过
2026-02-26 18:42:31,402 - INFO - CaseID:1771 - 整体结果: FAILED | 详情: QUERY语义不匹配：预期[这鞋挺结实呀]，实际[识别当前摄像头画面中的鞋子品牌和型号]
2026-02-26 18:42:33,374 - INFO - CaseID:1772 - 整体结果: FAILED | 详情: QUERY语义不匹配：预期[这鞋穿着真舒服]，实际[识别当前摄像头画面中的鞋子品牌和型号]
2026-02-26 18:42:35,277 - INFO - CaseID:1773 - 整体结果: FAILED | 详情: QUERY语义不匹配：预期[这鞋穿着得劲呀]，实际[识别当前摄像头画面中的鞋子品牌和型号]
2026-02-26 18:42:37,135 - INFO - CaseID:1774 - 整体结果: PASS | 详情: 所有字段校验通过
2026-02-26 18:42:39,122 - INFO - CaseID:1775 - 整体结果: FAILED | 详情: QUERY语义不匹配：预期[识别当前摄像头画面中物品的品牌名称]，实际[识别当前摄像头画面中食物的品牌]
2026-02-26 18:42:40,728 - INFO - CaseID:1776 - 整体结果: PASS | 详情: 所有字段校验通过
2026-02-26 18:42:42,708 - INFO - CaseID:1777 - 整体结果: PASS | 详情: 所有字段校验通过
2026-02-26 18:42:45,004 - INFO - CaseID:1778 - 整体结果: PASS | 详情: 所有字段校验通过
2026-02-26 18:42:46,972 - INFO - CaseID:1779 - 整体结果: PASS | 详情: 所有字段校验通过
2026-02-26 18:42:49,177 - INFO - CaseID:1780 - 整体结果: PASS | 详情: 所有字段校验通过
2026-02-26 18:42:50,935 - INFO - CaseID:1781 - 整体结果: PASS | 详情: 所有字段校验通过
2026-02-26 18:42:52,975 - INFO - CaseID:1782 - 整体结果: PASS | 详情: 所有字段校验通过
2026-02-26 18:42:54,542 - INFO - CaseID:1783 - 整体结果: PASS | 详情: 所有字段校验通过
2026-02-26 18:42:56,479 - INFO - CaseID:1784 - 整体结果: FAILED | 详情: QUERY语义不匹配：预期[你觉得这是什么东西]，实际[识别当前摄像头画面中的物体是什么]
2026-02-26 18:42:58,540 - INFO - CaseID:1785 - 整体结果: PASS | 详情: 所有字段校验通过
2026-02-26 18:43:00,492 - INFO - CaseID:1786 - 整体结果: FAILED | 详情: QUERY语义不匹配：预期[这东西吃起来怎么样]，实际[这东西是什么？]
2026-02-26 18:43:02,471 - INFO - CaseID:1787 - 整体结果: PASS | 详情: 所有字段校验通过
2026-02-26 18:43:04,237 - INFO - CaseID:1788 - 整体结果: PASS | 详情: 所有字段校验通过
2026-02-26 18:43:06,204 - INFO - CaseID:1789 - 整体结果: PASS | 详情: 所有字段校验通过
2026-02-26 18:43:08,020 - INFO - CaseID:1790 - 整体结果: PASS | 详情: 所有字段校验通过
2026-02-26 18:43:10,178 - INFO - CaseID:1791 - 整体结果: PASS | 详情: 所有字段校验通过
2026-02-26 18:43:12,145 - INFO - CaseID:1792 - 整体结果: PASS | 详情: 所有字段校验通过
2026-02-26 18:43:14,089 - INFO - CaseID:1793 - 整体结果: PASS | 详情: 所有字段校验通过
2026-02-26 18:43:16,134 - INFO - CaseID:1794 - 整体结果: PASS | 详情: 所有字段校验通过
2026-02-26 18:43:18,934 - INFO - CaseID:1795 - 整体结果: PASS | 详情: 所有字段校验通过
2026-02-26 18:43:20,892 - INFO - CaseID:1796 - 整体结果: FAILED | 详情: QUERY语义不匹配：预期[这个热量应该不少吧你觉得有多高]，实际[当前画面中的食物或物品是什么？]
2026-02-26 18:43:22,739 - INFO - CaseID:1797 - 整体结果: PASS | 详情: 所有字段校验通过
2026-02-26 18:43:25,144 - INFO - CaseID:1798 - 整体结果: PASS | 详情: 所有字段校验通过
2026-02-26 18:43:27,151 - INFO - CaseID:1799 - 整体结果: PASS | 详情: 所有字段校验通过
2026-02-26 18:43:27,152 - INFO - 已处理1800行，休眠5秒降低压力...
2026-02-26 18:43:33,163 - INFO - CaseID:1800 - 整体结果: PASS | 详情: 所有字段校验通过
2026-02-26 18:43:33,164 - INFO - 已处理1800条用例，当前通过数：1398
2026-02-26 18:43:35,070 - INFO - CaseID:1801 - 整体结果: FAILED | 详情: QUERY语义不匹配：预期[识别当前摄像头画面中的食品名称]，实际[这是什么食品？]
2026-02-26 18:43:37,112 - INFO - CaseID:1802 - 整体结果: PASS | 详情: 所有字段校验通过
2026-02-26 18:43:39,134 - INFO - CaseID:1803 - 整体结果: PASS | 详情: 所有字段校验通过
2026-02-26 18:43:41,143 - INFO - CaseID:1804 - 整体结果: PASS | 详情: 所有字段校验通过
2026-02-26 18:43:43,059 - INFO - CaseID:1805 - 整体结果: PASS | 详情: 所有字段校验通过
2026-02-26 18:43:47,246 - INFO - CaseID:1806 - 整体结果: PASS | 详情: 所有字段校验通过
2026-02-26 18:43:49,263 - INFO - CaseID:1807 - 整体结果: PASS | 详情: 所有字段校验通过
2026-02-26 18:43:51,473 - INFO - CaseID:1808 - 整体结果: PASS | 详情: 所有字段校验通过
2026-02-26 18:43:53,185 - INFO - CaseID:1809 - 整体结果: PASS | 详情: 所有字段校验通过
2026-02-26 18:43:55,142 - INFO - CaseID:1810 - 整体结果: FAILED | 详情: QUERY语义不匹配：预期[这把椅子是什么品牌或款式？]，实际[这把椅子是什么]
2026-02-26 18:43:56,709 - INFO - CaseID:1811 - 整体结果: FAILED | 详情: QUERY语义不匹配：预期[识别当前摄像头画面中的物品或商品]，实际[这个得多少钱]
2026-02-26 18:43:58,651 - INFO - CaseID:1812 - 整体结果: PASS | 详情: 所有字段校验通过
2026-02-26 18:44:00,525 - INFO - CaseID:1813 - 整体结果: PASS | 详情: 所有字段校验通过
2026-02-26 18:44:02,528 - INFO - CaseID:1814 - 整体结果: PASS | 详情: 所有字段校验通过
2026-02-26 18:44:04,336 - INFO - CaseID:1815 - 整体结果: FAILED | 详情: QUERY语义不匹配：预期[这笔记本质量真好]，实际[识别当前摄像头画面中的笔记本品牌或型号]
2026-02-26 18:44:06,160 - INFO - CaseID:1816 - 整体结果: PASS | 详情: 所有字段校验通过
2026-02-26 18:44:08,160 - INFO - CaseID:1817 - 整体结果: FAILED | 详情: QUERY语义不匹配：预期[这电脑的品牌和型号是什么？]，实际[这电脑可以在哪里买到]
2026-02-26 18:44:10,174 - INFO - CaseID:1818 - 整体结果: PASS | 详情: 所有字段校验通过
2026-02-26 18:44:12,146 - INFO - CaseID:1819 - 整体结果: PASS | 详情: 所有字段校验通过
2026-02-26 18:44:14,011 - INFO - CaseID:1820 - 整体结果: PASS | 详情: 所有字段校验通过
2026-02-26 18:44:16,293 - INFO - CaseID:1821 - 整体结果: PASS | 详情: 所有字段校验通过
2026-02-26 18:44:18,222 - INFO - CaseID:1822 - 整体结果: PASS | 详情: 所有字段校验通过
2026-02-26 18:44:20,248 - INFO - CaseID:1823 - 整体结果: FAILED | 详情: QUERY语义不匹配：预期[这小东西真方便]，实际[识别当前摄像头画面中的“小东西”是什么]
2026-02-26 18:44:22,841 - INFO - CaseID:1824 - 整体结果: PASS | 详情: 所有字段校验通过
2026-02-26 18:44:24,605 - INFO - CaseID:1825 - 整体结果: FAILED | 详情: QUERY语义不匹配：预期[识别当前摄像头画面中的转接器型号或品牌]，实际[这些转接器都多少钱呢]
2026-02-26 18:44:27,564 - INFO - CaseID:1826 - 整体结果: PASS | 详情: 所有字段校验通过
2026-02-26 18:44:29,504 - INFO - CaseID:1827 - 整体结果: PASS | 详情: 所有字段校验通过
2026-02-26 18:44:31,502 - INFO - CaseID:1828 - 整体结果: FAILED | 详情: QUERY语义不匹配：预期[识别当前摄像头画面中的键盘品牌和型号]，实际[这键盘多少钱呀]
2026-02-26 18:44:33,429 - INFO - CaseID:1829 - 整体结果: PASS | 详情: 所有字段校验通过
2026-02-26 18:44:35,437 - INFO - CaseID:1830 - 整体结果: FAILED | 详情: QUERY语义不匹配：预期[这键盘的品牌和型号是什么]，实际[这键盘可以在网上买得到吗]
2026-02-26 18:44:37,628 - INFO - CaseID:1831 - 整体结果: PASS | 详情: 所有字段校验通过
2026-02-26 18:44:39,675 - INFO - CaseID:1832 - 整体结果: PASS | 详情: 所有字段校验通过
2026-02-26 18:44:41,613 - INFO - CaseID:1833 - 整体结果: PASS | 详情: 所有字段校验通过
2026-02-26 18:44:43,519 - INFO - CaseID:1834 - 整体结果: PASS | 详情: 所有字段校验通过
2026-02-26 18:44:45,485 - INFO - CaseID:1835 - 整体结果: PASS | 详情: 所有字段校验通过
2026-02-26 18:44:47,377 - INFO - CaseID:1836 - 整体结果: PASS | 详情: 所有字段校验通过
2026-02-26 18:44:49,149 - INFO - CaseID:1837 - 整体结果: PASS | 详情: 所有字段校验通过
2026-02-26 18:44:51,555 - INFO - CaseID:1838 - 整体结果: PASS | 详情: 所有字段校验通过
2026-02-26 18:44:53,399 - INFO - CaseID:1839 - 整体结果: PASS | 详情: 所有字段校验通过
2026-02-26 18:44:55,760 - INFO - CaseID:1840 - 整体结果: PASS | 详情: 所有字段校验通过
2026-02-26 18:44:57,698 - INFO - CaseID:1841 - 整体结果: PASS | 详情: 所有字段校验通过
2026-02-26 18:44:59,659 - INFO - CaseID:1842 - 整体结果: PASS | 详情: 所有字段校验通过
2026-02-26 18:45:01,592 - INFO - CaseID:1843 - 整体结果: FAILED | 详情: QUERY语义不匹配：预期[识别当前摄像头画面中的鼠标品牌和型号]，实际[这鼠标在哪里可以买得到]
2026-02-26 18:45:03,433 - INFO - CaseID:1844 - 整体结果: PASS | 详情: 所有字段校验通过
2026-02-26 18:45:05,686 - INFO - CaseID:1845 - 整体结果: PASS | 详情: 所有字段校验通过
2026-02-26 18:45:07,553 - INFO - CaseID:1846 - 整体结果: PASS | 详情: 所有字段校验通过
2026-02-26 18:45:10,003 - INFO - CaseID:1847 - 整体结果: PASS | 详情: 所有字段校验通过
2026-02-26 18:45:11,964 - INFO - CaseID:1848 - 整体结果: PASS | 详情: 所有字段校验通过
2026-02-26 18:45:13,926 - INFO - CaseID:1849 - 整体结果: FAILED | 详情: QUERY语义不匹配：预期[识别当前摄像头画面中的鼠标品牌和型号]，实际[这个鼠标大概得多少钱]
2026-02-26 18:45:15,812 - INFO - CaseID:1850 - 整体结果: PASS | 详情: 所有字段校验通过
2026-02-26 18:45:17,734 - INFO - CaseID:1851 - 整体结果: PASS | 详情: 所有字段校验通过
2026-02-26 18:45:20,152 - INFO - CaseID:1852 - 整体结果: PASS | 详情: 所有字段校验通过
2026-02-26 18:45:21,841 - INFO - CaseID:1853 - 整体结果: PASS | 详情: 所有字段校验通过
2026-02-26 18:45:24,115 - INFO - CaseID:1854 - 整体结果: PASS | 详情: 所有字段校验通过
2026-02-26 18:45:26,167 - INFO - CaseID:1855 - 整体结果: PASS | 详情: 所有字段校验通过
2026-02-26 18:45:28,093 - INFO - CaseID:1856 - 整体结果: PASS | 详情: 所有字段校验通过
2026-02-26 18:45:30,108 - INFO - CaseID:1857 - 整体结果: FAILED | 详情: QUERY语义不匹配：预期[我太喜欢这个了]，实际[用户当前展示的物品或场景是什么？]
2026-02-26 18:45:31,838 - INFO - CaseID:1858 - 整体结果: FAILED | 详情: QUERY语义不匹配：预期[海报里这个人长得帅不帅]，实际[海报中的人物形象是什么？]
2026-02-26 18:45:33,802 - INFO - CaseID:1859 - 整体结果: FAILED | 详情: QUERY语义不匹配：预期[请分析当前摄像头捕捉到的海报设计元素（如色彩、排版、视觉焦点等）]，实际[请分析当前摄像头画面中的海报设计元素（如色彩、排版、图形等）]
2026-02-26 18:45:35,421 - INFO - CaseID:1860 - 整体结果: PASS | 详情: 所有字段校验通过
2026-02-26 18:45:37,767 - INFO - CaseID:1861 - 整体结果: PASS | 详情: 所有字段校验通过
2026-02-26 18:45:40,008 - INFO - CaseID:1862 - 整体结果: PASS | 详情: 所有字段校验通过
2026-02-26 18:45:42,072 - INFO - CaseID:1863 - 整体结果: FAILED | 详情: QUERY语义不匹配：预期[识别当前摄像头画面中的物体或场景是什么]，实际[你看得出来这是什么吗]
2026-02-26 18:45:43,964 - INFO - CaseID:1864 - 整体结果: PASS | 详情: 所有字段校验通过
2026-02-26 18:45:45,681 - INFO - CaseID:1865 - 整体结果: PASS | 详情: 所有字段校验通过
2026-02-26 18:45:47,770 - INFO - CaseID:1866 - 整体结果: PASS | 详情: 所有字段校验通过
2026-02-26 18:45:49,528 - INFO - CaseID:1867 - 整体结果: PASS | 详情: 所有字段校验通过
2026-02-26 18:45:51,403 - INFO - CaseID:1868 - 整体结果: PASS | 详情: 所有字段校验通过
2026-02-26 18:45:53,216 - INFO - CaseID:1869 - 整体结果: PASS | 详情: 所有字段校验通过
2026-02-26 18:45:55,322 - INFO - CaseID:1870 - 整体结果: PASS | 详情: 所有字段校验通过
2026-02-26 18:45:57,221 - INFO - CaseID:1871 - 整体结果: PASS | 详情: 所有字段校验通过
2026-02-26 18:45:59,289 - INFO - CaseID:1872 - 整体结果: PASS | 详情: 所有字段校验通过
2026-02-26 18:46:01,396 - INFO - CaseID:1873 - 整体结果: PASS | 详情: 所有字段校验通过
2026-02-26 18:46:03,631 - INFO - CaseID:1874 - 整体结果: PASS | 详情: 所有字段校验通过
2026-02-26 18:46:05,604 - INFO - CaseID:1875 - 整体结果: PASS | 详情: 所有字段校验通过
2026-02-26 18:46:07,545 - INFO - CaseID:1876 - 整体结果: PASS | 详情: 所有字段校验通过
2026-02-26 18:46:09,508 - INFO - CaseID:1877 - 整体结果: FAILED | 详情: QUERY语义不匹配：预期[写十个成语来夸一下海报里的人]，实际[海报中的人物形象或特征是什么？]
2026-02-26 18:46:11,465 - INFO - CaseID:1878 - 整体结果: PASS | 详情: 所有字段校验通过
2026-02-26 18:46:14,089 - INFO - CaseID:1879 - 整体结果: PASS | 详情: 所有字段校验通过
2026-02-26 18:46:16,093 - INFO - CaseID:1880 - 整体结果: PASS | 详情: 所有字段校验通过
2026-02-26 18:46:17,980 - INFO - CaseID:1881 - 整体结果: FAILED | 详情: QUERY语义不匹配：预期[啊他好帅]，实际[识别当前摄像头画面中的人物外貌特征]
2026-02-26 18:46:20,307 - INFO - CaseID:1882 - 整体结果: PASS | 详情: 所有字段校验通过
2026-02-26 18:46:22,232 - INFO - CaseID:1883 - 整体结果: PASS | 详情: 所有字段校验通过
2026-02-26 18:46:24,976 - INFO - CaseID:1884 - 整体结果: PASS | 详情: 所有字段校验通过
2026-02-26 18:46:26,832 - INFO - CaseID:1885 - 整体结果: FAILED | 详情: QUERY语义不匹配：预期[你觉得这些怎么样]，实际[当前摄像头捕捉到的内容是什么？]
2026-02-26 18:46:28,520 - INFO - CaseID:1886 - 整体结果: PASS | 详情: 所有字段校验通过
2026-02-26 18:46:30,494 - INFO - CaseID:1887 - 整体结果: PASS | 详情: 所有字段校验通过
2026-02-26 18:46:32,075 - INFO - CaseID:1888 - 整体结果: PASS | 详情: 所有字段校验通过
2026-02-26 18:46:34,051 - INFO - CaseID:1889 - 整体结果: PASS | 详情: 所有字段校验通过
2026-02-26 18:46:36,163 - INFO - CaseID:1890 - 整体结果: PASS | 详情: 所有字段校验通过
2026-02-26 18:46:38,122 - INFO - CaseID:1891 - 整体结果: PASS | 详情: 所有字段校验通过
2026-02-26 18:46:40,085 - INFO - CaseID:1892 - 整体结果: FAILED | 详情: QUERY语义不匹配：预期[帮我看下这些咋样]，实际[请展示当前摄像头捕捉到的内容]
2026-02-26 18:46:42,072 - INFO - CaseID:1893 - 整体结果: FAILED | 详情: QUERY语义不匹配：预期[基于这个写一个爱情故事]，实际[请描述当前摄像头捕捉到的画面内容]
2026-02-26 18:46:44,400 - INFO - CaseID:1894 - 整体结果: FAILED | 详情: QUERY语义不匹配：预期[这个你看的出来是想要表达什么吗]，实际[当前摄像头画面中的内容是什么？]
2026-02-26 18:46:46,021 - INFO - CaseID:1895 - 整体结果: PASS | 详情: 所有字段校验通过
2026-02-26 18:46:48,013 - INFO - CaseID:1896 - 整体结果: PASS | 详情: 所有字段校验通过
2026-02-26 18:46:49,928 - INFO - CaseID:1897 - 整体结果: FAILED | 详情: QUERY语义不匹配：预期[用最上面那个一男一女将一个故事]，实际[识别当前画面中最上方的一男一女形象及其互动场景]
2026-02-26 18:46:51,978 - INFO - CaseID:1898 - 整体结果: FAILED | 详情: QUERY语义不匹配：预期[请分析当前摄像头捕捉到的设计内容（如图案、布局、色彩搭配等），并给出专业评价]，实际[请分析当前摄像头捕捉到的设计元素（如构图、色彩、排版等）并评估其视觉效果]
2026-02-26 18:46:54,333 - INFO - CaseID:1899 - 整体结果: PASS | 详情: 所有字段校验通过
2026-02-26 18:46:54,334 - INFO - 已处理1900行，休眠5秒降低压力...
2026-02-26 18:46:59,995 - INFO - CaseID:1900 - 整体结果: FAILED | 详情: QUERY语义不匹配：预期[这些画的内容是什么？可以描述一下吗？]，实际[这些画的内容和风格是什么？]
2026-02-26 18:47:01,991 - INFO - CaseID:1901 - 整体结果: PASS | 详情: 所有字段校验通过
2026-02-26 18:47:03,856 - INFO - CaseID:1902 - 整体结果: PASS | 详情: 所有字段校验通过
2026-02-26 18:47:06,235 - INFO - CaseID:1903 - 整体结果: PASS | 详情: 所有字段校验通过
2026-02-26 18:47:08,256 - INFO - CaseID:1904 - 整体结果: FAILED | 详情: QUERY语义不匹配：预期[请分析当前摄像头画面中的设计元素（如颜色、布局、风格等）并给出专业评价]，实际[请分析当前摄像头画面中的设计元素（如布局、色彩、功能等）并给出专业评价]
2026-02-26 18:47:10,255 - INFO - CaseID:1905 - 整体结果: PASS | 详情: 所有字段校验通过
2026-02-26 18:47:12,233 - INFO - CaseID:1906 - 整体结果: PASS | 详情: 所有字段校验通过
2026-02-26 18:47:14,450 - INFO - CaseID:1907 - 整体结果: PASS | 详情: 所有字段校验通过
2026-02-26 18:47:16,406 - INFO - CaseID:1908 - 整体结果: PASS | 详情: 所有字段校验通过
2026-02-26 18:47:18,160 - INFO - CaseID:1909 - 整体结果: PASS | 详情: 所有字段校验通过
2026-02-26 18:47:20,100 - INFO - CaseID:1910 - 整体结果: PASS | 详情: 所有字段校验通过
2026-02-26 18:47:22,515 - INFO - CaseID:1911 - 整体结果: PASS | 详情: 所有字段校验通过
2026-02-26 18:47:24,411 - INFO - CaseID:1912 - 整体结果: PASS | 详情: 所有字段校验通过
2026-02-26 18:47:26,706 - INFO - CaseID:1913 - 整体结果: PASS | 详情: 所有字段校验通过
2026-02-26 18:47:28,725 - INFO - CaseID:1914 - 整体结果: PASS | 详情: 所有字段校验通过
2026-02-26 18:47:30,876 - INFO - CaseID:1915 - 整体结果: PASS | 详情: 所有字段校验通过
2026-02-26 18:47:32,584 - INFO - CaseID:1916 - 整体结果: PASS | 详情: 所有字段校验通过
2026-02-26 18:47:34,604 - INFO - CaseID:1917 - 整体结果: PASS | 详情: 所有字段校验通过
2026-02-26 18:47:36,881 - INFO - CaseID:1918 - 整体结果: FAILED | 详情: QUERY语义不匹配：预期[你看这个颜色喜欢么]，实际[当前摄像头画面中的颜色是什么？]
2026-02-26 18:47:39,566 - INFO - CaseID:1919 - 整体结果: FAILED | 详情: QUERY语义不匹配：预期[你觉得这个披萨你喜欢吃么]，实际[识别当前摄像头画面中的披萨种类或特征]
2026-02-26 18:47:41,428 - INFO - CaseID:1920 - 整体结果: PASS | 详情: 所有字段校验通过
2026-02-26 18:47:43,430 - INFO - CaseID:1921 - 整体结果: FAILED | 详情: QUERY语义不匹配：预期[分析一下吃一个的热量是多少]，实际[识别当前摄像头中的食物并分析其热量]
2026-02-26 18:47:45,526 - INFO - CaseID:1922 - 整体结果: PASS | 详情: 所有字段校验通过
2026-02-26 18:47:47,276 - INFO - CaseID:1923 - 整体结果: FAILED | 详情: QUERY语义不匹配：预期[识别用户当前所指的食物或物品]，实际[识别当前摄像头中的食物]
2026-02-26 18:47:49,138 - INFO - CaseID:1924 - 整体结果: FAILED | 详情: QUERY语义不匹配：预期[用户当前展示的食物是什么？]，实际[用户当前所指的物品是什么？]
2026-02-26 18:47:51,056 - INFO - CaseID:1925 - 整体结果: PASS | 详情: 所有字段校验通过
2026-02-26 18:47:53,475 - INFO - CaseID:1926 - 整体结果: FAILED | 详情: QUERY语义不匹配：预期[识别当前摄像头画面中的食物或物品]，实际[识别当前摄像头画面中的物品并分析其热量高低]
2026-02-26 18:47:55,385 - INFO - CaseID:1927 - 整体结果: PASS | 详情: 所有字段校验通过
2026-02-26 18:47:57,821 - INFO - CaseID:1928 - 整体结果: PASS | 详情: 所有字段校验通过
2026-02-26 18:48:00,012 - INFO - CaseID:1929 - 整体结果: FAILED | 详情: QUERY语义不匹配：预期[识别当前摄像头画面中的食物名称]，实际[这吃的叫啥名？]
2026-02-26 18:48:01,841 - INFO - CaseID:1930 - 整体结果: PASS | 详情: 所有字段校验通过
2026-02-26 18:48:03,847 - INFO - CaseID:1931 - 整体结果: PASS | 详情: 所有字段校验通过
2026-02-26 18:48:05,887 - INFO - CaseID:1932 - 整体结果: PASS | 详情: 所有字段校验通过
2026-02-26 18:48:08,661 - INFO - CaseID:1933 - 整体结果: PASS | 详情: 所有字段校验通过
2026-02-26 18:48:10,534 - INFO - CaseID:1934 - 整体结果: PASS | 详情: 所有字段校验通过
2026-02-26 18:48:12,212 - INFO - CaseID:1935 - 整体结果: FAILED | 详情: QUERY语义不匹配：预期[识别当前摄像头画面中的食物名称]，实际[请问如何称呼这个吃的]
2026-02-26 18:48:14,193 - INFO - CaseID:1936 - 整体结果: PASS | 详情: 所有字段校验通过
2026-02-26 18:48:15,739 - INFO - CaseID:1937 - 整体结果: PASS | 详情: 所有字段校验通过
2026-02-26 18:48:18,079 - INFO - CaseID:1938 - 整体结果: FAILED | 详情: QUERY语义不匹配：预期[识别当前摄像头画面中的食物名称]，实际[这吃的名字是什么]
2026-02-26 18:48:21,368 - INFO - CaseID:1939 - 整体结果: PASS | 详情: 所有字段校验通过
2026-02-26 18:48:23,378 - INFO - CaseID:1940 - 整体结果: PASS | 详情: 所有字段校验通过
2026-02-26 18:48:25,280 - INFO - CaseID:1941 - 整体结果: PASS | 详情: 所有字段校验通过
2026-02-26 18:48:27,211 - INFO - CaseID:1942 - 整体结果: PASS | 详情: 所有字段校验通过
2026-02-26 18:48:29,166 - INFO - CaseID:1943 - 整体结果: PASS | 详情: 所有字段校验通过
2026-02-26 18:48:30,898 - INFO - CaseID:1944 - 整体结果: PASS | 详情: 所有字段校验通过
2026-02-26 18:48:32,945 - INFO - CaseID:1945 - 整体结果: FAILED | 详情: QUERY语义不匹配：预期[当前摄像头捕捉到的内容是什么？请解释其可能含义。]，实际[当前摄像头捕捉到的内容是什么？]
2026-02-26 18:48:35,225 - INFO - CaseID:1946 - 整体结果: PASS | 详情: 所有字段校验通过
2026-02-26 18:48:37,209 - INFO - CaseID:1947 - 整体结果: PASS | 详情: 所有字段校验通过
2026-02-26 18:48:39,187 - INFO - CaseID:1948 - 整体结果: FAILED | 详情: QUERY语义不匹配：预期[能不能把这上面的东西翻译一下]，实际[请识别并翻译摄像头捕捉到的文字内容]
2026-02-26 18:48:41,354 - INFO - CaseID:1949 - 整体结果: FAILED | 详情: QUERY语义不匹配：预期[请识别并获取用户所指的“这段话”的具体内容]，实际[请识别摄像头捕捉到的文本内容]
2026-02-26 18:48:43,512 - INFO - CaseID:1950 - 整体结果: PASS | 详情: 所有字段校验通过
2026-02-26 18:48:45,056 - INFO - CaseID:1951 - 整体结果: PASS | 详情: 所有字段校验通过
2026-02-26 18:48:47,018 - INFO - CaseID:1952 - 整体结果: FAILED | 详情: QUERY语义不匹配：预期[请识别并翻译摄像头中的文字内容]，实际[请识别并翻译摄像头捕捉到的内容]
2026-02-26 18:48:49,315 - INFO - CaseID:1953 - 整体结果: PASS | 详情: 所有字段校验通过
2026-02-26 18:48:51,771 - INFO - CaseID:1954 - 整体结果: PASS | 详情: 所有字段校验通过
2026-02-26 18:48:53,699 - INFO - CaseID:1955 - 整体结果: PASS | 详情: 所有字段校验通过
2026-02-26 18:48:55,566 - INFO - CaseID:1956 - 整体结果: PASS | 详情: 所有字段校验通过
2026-02-26 18:48:57,575 - INFO - CaseID:1957 - 整体结果: PASS | 详情: 所有字段校验通过
2026-02-26 18:48:59,694 - INFO - CaseID:1958 - 整体结果: PASS | 详情: 所有字段校验通过
2026-02-26 18:49:01,747 - INFO - CaseID:1959 - 整体结果: PASS | 详情: 所有字段校验通过
2026-02-26 18:49:03,680 - INFO - CaseID:1960 - 整体结果: PASS | 详情: 所有字段校验通过
2026-02-26 18:49:05,690 - INFO - CaseID:1961 - 整体结果: FAILED | 详情: QUERY语义不匹配：预期[你可以翻译一下这里的内容吗]，实际[请识别并翻译摄像头捕捉到的文字内容]
2026-02-26 18:49:08,071 - INFO - CaseID:1962 - 整体结果: PASS | 详情: 所有字段校验通过
2026-02-26 18:49:10,084 - INFO - CaseID:1963 - 整体结果: PASS | 详情: 所有字段校验通过
2026-02-26 18:49:12,087 - INFO - CaseID:1964 - 整体结果: PASS | 详情: 所有字段校验通过
2026-02-26 18:49:13,918 - INFO - CaseID:1965 - 整体结果: PASS | 详情: 所有字段校验通过
2026-02-26 18:49:16,154 - INFO - CaseID:1966 - 整体结果: PASS | 详情: 所有字段校验通过
2026-02-26 18:49:18,026 - INFO - CaseID:1967 - 整体结果: FAILED | 详情: QUERY语义不匹配：预期[识别当前摄像头画面中牌子上的文字内容]，实际[能看看这牌子上面是啥吗]
2026-02-26 18:49:20,001 - INFO - CaseID:1968 - 整体结果: PASS | 详情: 所有字段校验通过
2026-02-26 18:49:21,868 - INFO - CaseID:1969 - 整体结果: PASS | 详情: 所有字段校验通过
2026-02-26 18:49:23,964 - INFO - CaseID:1970 - 整体结果: PASS | 详情: 所有字段校验通过
2026-02-26 18:49:25,901 - INFO - CaseID:1971 - 整体结果: PASS | 详情: 所有字段校验通过
2026-02-26 18:49:27,728 - INFO - CaseID:1972 - 整体结果: PASS | 详情: 所有字段校验通过
2026-02-26 18:49:29,642 - INFO - CaseID:1973 - 整体结果: PASS | 详情: 所有字段校验通过
2026-02-26 18:49:31,622 - INFO - CaseID:1974 - 整体结果: PASS | 详情: 所有字段校验通过
2026-02-26 18:49:33,554 - INFO - CaseID:1975 - 整体结果: PASS | 详情: 所有字段校验通过
2026-02-26 18:49:35,422 - INFO - CaseID:1976 - 整体结果: PASS | 详情: 所有字段校验通过
2026-02-26 18:49:37,091 - INFO - CaseID:1977 - 整体结果: PASS | 详情: 所有字段校验通过
2026-02-26 18:49:39,171 - INFO - CaseID:1978 - 整体结果: PASS | 详情: 所有字段校验通过
2026-02-26 18:49:41,164 - INFO - CaseID:1979 - 整体结果: FAILED | 详情: QUERY语义不匹配：预期[帮我翻译一下]，实际[请识别并翻译摄像头中的文字内容]
2026-02-26 18:49:43,060 - INFO - CaseID:1980 - 整体结果: PASS | 详情: 所有字段校验通过
2026-02-26 18:49:44,906 - INFO - CaseID:1981 - 整体结果: FAILED | 详情: QUERY语义不匹配：预期[解读当前摄像头画面中的品牌信息]，实际[解读一下这牌子]
2026-02-26 18:49:47,084 - INFO - CaseID:1982 - 整体结果: PASS | 详情: 所有字段校验通过
2026-02-26 18:49:49,009 - INFO - CaseID:1983 - 整体结果: PASS | 详情: 所有字段校验通过
2026-02-26 18:49:50,667 - INFO - CaseID:1984 - 整体结果: PASS | 详情: 所有字段校验通过
2026-02-26 18:49:52,607 - INFO - CaseID:1985 - 整体结果: PASS | 详情: 所有字段校验通过
2026-02-26 18:49:54,253 - INFO - CaseID:1986 - 整体结果: PASS | 详情: 所有字段校验通过
2026-02-26 18:49:56,711 - INFO - CaseID:1987 - 整体结果: PASS | 详情: 所有字段校验通过
2026-02-26 18:49:59,955 - INFO - CaseID:1988 - 整体结果: PASS | 详情: 所有字段校验通过
2026-02-26 18:50:02,653 - INFO - CaseID:1989 - 整体结果: PASS | 详情: 所有字段校验通过
2026-02-26 18:50:05,108 - INFO - CaseID:1990 - 整体结果: PASS | 详情: 所有字段校验通过
2026-02-26 18:50:06,884 - INFO - CaseID:1991 - 整体结果: PASS | 详情: 所有字段校验通过
2026-02-26 18:50:09,178 - INFO - CaseID:1992 - 整体结果: PASS | 详情: 所有字段校验通过
2026-02-26 18:50:10,908 - INFO - CaseID:1993 - 整体结果: PASS | 详情: 所有字段校验通过
2026-02-26 18:50:12,835 - INFO - CaseID:1994 - 整体结果: PASS | 详情: 所有字段校验通过
2026-02-26 18:50:14,825 - INFO - CaseID:1995 - 整体结果: PASS | 详情: 所有字段校验通过
2026-02-26 18:50:17,171 - INFO - CaseID:1996 - 整体结果: FAILED | 详情: QUERY语义不匹配：预期[识别并翻译当前摄像头画面中的牌子文字]，实际[这个牌子给翻译下什么意思]
2026-02-26 18:50:19,476 - INFO - CaseID:1997 - 整体结果: FAILED | 详情: QUERY语义不匹配：预期[识别当前摄像头画面中的品牌标志或文字]，实际[识别当前摄像头画面中的品牌标志]
2026-02-26 18:50:21,291 - INFO - CaseID:1998 - 整体结果: FAILED | 详情: QUERY语义不匹配：预期[识别并翻译当前摄像头画面中的文字内容]，实际[当前摄像头画面中的文字内容是什么？]
2026-02-26 18:50:23,334 - INFO - CaseID:1999 - 整体结果: PASS | 详情: 所有字段校验通过
2026-02-26 18:50:23,334 - INFO - 已处理2000行，休眠5秒降低压力...
2026-02-26 18:50:29,062 - INFO - CaseID:2000 - 整体结果: PASS | 详情: 所有字段校验通过
2026-02-26 18:50:29,064 - INFO - 已处理2000条用例，当前通过数：1553
2026-02-26 18:50:31,454 - INFO - CaseID:2001 - 整体结果: PASS | 详情: 所有字段校验通过
2026-02-26 18:50:33,953 - INFO - CaseID:2002 - 整体结果: PASS | 详情: 所有字段校验通过
2026-02-26 18:50:36,702 - INFO - CaseID:2003 - 整体结果: PASS | 详情: 所有字段校验通过
2026-02-26 18:50:38,709 - INFO - CaseID:2004 - 整体结果: PASS | 详情: 所有字段校验通过
2026-02-26 18:50:40,621 - INFO - CaseID:2005 - 整体结果: PASS | 详情: 所有字段校验通过
2026-02-26 18:50:42,530 - INFO - CaseID:2006 - 整体结果: PASS | 详情: 所有字段校验通过
2026-02-26 18:50:44,057 - INFO - CaseID:2007 - 整体结果: PASS | 详情: 所有字段校验通过
2026-02-26 18:50:46,344 - INFO - CaseID:2008 - 整体结果: FAILED | 详情: QUERY语义不匹配：预期[识别当前摄像头画面中的符号]，实际[请识别并解释当前摄像头画面中的符号含义]
2026-02-26 18:50:48,465 - INFO - CaseID:2009 - 整体结果: PASS | 详情: 所有字段校验通过
2026-02-26 18:50:50,480 - INFO - CaseID:2010 - 整体结果: FAILED | 详情: QUERY语义不匹配：预期[识别当前摄像头画面中的符号并解释其含义]，实际[这些符号代表什么]
2026-02-26 18:50:52,751 - INFO - CaseID:2011 - 整体结果: FAILED | 详情: QUERY语义不匹配：预期[你能跟我说说这是什么意思吗]，实际[当前摄像头画面中的内容是什么？请解释其可能含义。]
2026-02-26 18:50:54,437 - INFO - CaseID:2012 - 整体结果: PASS | 详情: 所有字段校验通过
2026-02-26 18:50:56,529 - INFO - CaseID:2013 - 整体结果: PASS | 详情: 所有字段校验通过
2026-02-26 18:50:58,338 - INFO - CaseID:2014 - 整体结果: PASS | 详情: 所有字段校验通过
2026-02-26 18:51:00,718 - INFO - CaseID:2015 - 整体结果: PASS | 详情: 所有字段校验通过
2026-02-26 18:51:02,785 - INFO - CaseID:2016 - 整体结果: PASS | 详情: 所有字段校验通过
2026-02-26 18:51:04,754 - INFO - CaseID:2017 - 整体结果: PASS | 详情: 所有字段校验通过
2026-02-26 18:51:06,721 - INFO - CaseID:2018 - 整体结果: PASS | 详情: 所有字段校验通过
2026-02-26 18:51:08,921 - INFO - CaseID:2019 - 整体结果: PASS | 详情: 所有字段校验通过
2026-02-26 18:51:10,862 - INFO - CaseID:2020 - 整体结果: PASS | 详情: 所有字段校验通过
2026-02-26 18:51:12,898 - INFO - CaseID:2021 - 整体结果: PASS | 详情: 所有字段校验通过
2026-02-26 18:51:14,846 - INFO - CaseID:2022 - 整体结果: PASS | 详情: 所有字段校验通过
2026-02-26 18:51:16,802 - INFO - CaseID:2023 - 整体结果: PASS | 详情: 所有字段校验通过
2026-02-26 18:51:19,963 - INFO - CaseID:2024 - 整体结果: PASS | 详情: 所有字段校验通过
2026-02-26 18:51:22,109 - INFO - CaseID:2025 - 整体结果: PASS | 详情: 所有字段校验通过
2026-02-26 18:51:24,161 - INFO - CaseID:2026 - 整体结果: PASS | 详情: 所有字段校验通过
2026-02-26 18:51:26,079 - INFO - CaseID:2027 - 整体结果: PASS | 详情: 所有字段校验通过
2026-02-26 18:51:27,643 - INFO - CaseID:2028 - 整体结果: PASS | 详情: 所有字段校验通过
2026-02-26 18:51:29,686 - INFO - CaseID:2029 - 整体结果: PASS | 详情: 所有字段校验通过
2026-02-26 18:51:32,353 - INFO - CaseID:2030 - 整体结果: PASS | 详情: 所有字段校验通过
2026-02-26 18:51:34,402 - INFO - CaseID:2031 - 整体结果: PASS | 详情: 所有字段校验通过
2026-02-26 18:51:36,295 - INFO - CaseID:2032 - 整体结果: PASS | 详情: 所有字段校验通过
2026-02-26 18:51:38,344 - INFO - CaseID:2033 - 整体结果: PASS | 详情: 所有字段校验通过
2026-02-26 18:51:40,499 - INFO - CaseID:2034 - 整体结果: PASS | 详情: 所有字段校验通过
2026-02-26 18:51:42,139 - INFO - CaseID:2035 - 整体结果: PASS | 详情: 所有字段校验通过
2026-02-26 18:51:44,903 - INFO - CaseID:2036 - 整体结果: PASS | 详情: 所有字段校验通过
2026-02-26 18:51:46,793 - INFO - CaseID:2037 - 整体结果: FAILED | 详情: QUERY语义不匹配：预期[当前摄像头画面中有什么内容？请解释用户可能不理解的部分。]，实际[当前摄像头捕捉到的内容是什么？]
2026-02-26 18:51:48,880 - INFO - CaseID:2038 - 整体结果: PASS | 详情: 所有字段校验通过
2026-02-26 18:51:50,764 - INFO - CaseID:2039 - 整体结果: PASS | 详情: 所有字段校验通过
2026-02-26 18:51:52,830 - INFO - CaseID:2040 - 整体结果: PASS | 详情: 所有字段校验通过
2026-02-26 18:51:54,748 - INFO - CaseID:2041 - 整体结果: FAILED | 详情: QUERY语义不匹配：预期[识别并翻译当前摄像头画面中的文字内容]，实际[翻译一下这是什么]
2026-02-26 18:51:56,520 - INFO - CaseID:2042 - 整体结果: PASS | 详情: 所有字段校验通过
2026-02-26 18:51:58,569 - INFO - CaseID:2043 - 整体结果: FAILED | 详情: QUERY语义不匹配：预期[识别当前摄像头画面中牌子上的文字内容]，实际[你看得出来这牌子上写了什么吗]
2026-02-26 18:52:00,466 - INFO - CaseID:2044 - 整体结果: PASS | 详情: 所有字段校验通过
2026-02-26 18:52:02,461 - INFO - CaseID:2045 - 整体结果: PASS | 详情: 所有字段校验通过
2026-02-26 18:52:05,046 - INFO - CaseID:2046 - 整体结果: PASS | 详情: 所有字段校验通过
2026-02-26 18:52:06,840 - INFO - CaseID:2047 - 整体结果: PASS | 详情: 所有字段校验通过
2026-02-26 18:52:09,249 - INFO - CaseID:2048 - 整体结果: FAILED | 详情: QUERY语义不匹配：预期[这些符号是什么意思]，实际[识别当前摄像头画面中的符号并解释其含义]
2026-02-26 18:52:10,917 - INFO - CaseID:2049 - 整体结果: FAILED | 详情: QUERY语义不匹配：预期[识别当前摄像头画面中的物体或文字]，实际[这上面是什么]
2026-02-26 18:52:13,566 - INFO - CaseID:2050 - 整体结果: PASS | 详情: 所有字段校验通过
2026-02-26 18:52:15,466 - INFO - CaseID:2051 - 整体结果: PASS | 详情: 所有字段校验通过
2026-02-26 18:52:17,407 - INFO - CaseID:2052 - 整体结果: PASS | 详情: 所有字段校验通过
2026-02-26 18:52:19,552 - INFO - CaseID:2053 - 整体结果: PASS | 详情: 所有字段校验通过
2026-02-26 18:52:21,303 - INFO - CaseID:2054 - 整体结果: FAILED | 详情: QUERY语义不匹配：预期[识别当前摄像头画面中的符号并解释其含义]，实际[这些符号是什么意思]
2026-02-26 18:52:24,169 - INFO - CaseID:2055 - 整体结果: PASS | 详情: 所有字段校验通过
2026-02-26 18:52:25,965 - INFO - CaseID:2056 - 整体结果: FAILED | 详情: QUERY语义不匹配：预期[识别当前摄像头画面中的符号及其可能的意义]，实际[这些符号有什么意义]
2026-02-26 18:52:27,874 - INFO - CaseID:2057 - 整体结果: PASS | 详情: 所有字段校验通过
2026-02-26 18:52:29,748 - INFO - CaseID:2058 - 整体结果: PASS | 详情: 所有字段校验通过
2026-02-26 18:52:32,054 - INFO - CaseID:2059 - 整体结果: PASS | 详情: 所有字段校验通过
2026-02-26 18:52:34,246 - INFO - CaseID:2060 - 整体结果: PASS | 详情: 所有字段校验通过
2026-02-26 18:52:36,047 - INFO - CaseID:2061 - 整体结果: PASS | 详情: 所有字段校验通过
2026-02-26 18:52:38,079 - INFO - CaseID:2062 - 整体结果: PASS | 详情: 所有字段校验通过
2026-02-26 18:52:39,732 - INFO - CaseID:2063 - 整体结果: FAILED | 详情: QUERY语义不匹配：预期[能请你翻译一下这个吗]，实际[请识别并翻译摄像头中的文字内容]
2026-02-26 18:52:43,060 - INFO - CaseID:2064 - 整体结果: PASS | 详情: 所有字段校验通过
2026-02-26 18:52:45,387 - INFO - CaseID:2065 - 整体结果: FAILED | 详情: QUERY语义不匹配：预期[请识别并翻译摄像头当前捕捉到的文字内容]，实际[请识别并翻译摄像头捕捉到的内容]
2026-02-26 18:52:47,314 - INFO - CaseID:2066 - 整体结果: PASS | 详情: 所有字段校验通过
2026-02-26 18:52:49,204 - INFO - CaseID:2067 - 整体结果: PASS | 详情: 所有字段校验通过
2026-02-26 18:52:50,933 - INFO - CaseID:2068 - 整体结果: PASS | 详情: 所有字段校验通过
2026-02-26 18:52:53,046 - INFO - CaseID:2069 - 整体结果: PASS | 详情: 所有字段校验通过
2026-02-26 18:52:55,175 - INFO - CaseID:2070 - 整体结果: PASS | 详情: 所有字段校验通过
2026-02-26 18:52:57,241 - INFO - CaseID:2071 - 整体结果: PASS | 详情: 所有字段校验通过
2026-02-26 18:52:59,230 - INFO - CaseID:2072 - 整体结果: PASS | 详情: 所有字段校验通过
2026-02-26 18:53:01,184 - INFO - CaseID:2073 - 整体结果: PASS | 详情: 所有字段校验通过
2026-02-26 18:53:03,075 - INFO - CaseID:2074 - 整体结果: PASS | 详情: 所有字段校验通过
2026-02-26 18:53:05,141 - INFO - CaseID:2075 - 整体结果: FAILED | 详情: QUERY语义不匹配：预期[识别当前摄像头画面中的物体或场景，并说明其用途]，实际[这个是干什么的]
2026-02-26 18:53:07,095 - INFO - CaseID:2076 - 整体结果: FAILED | 详情: QUERY语义不匹配：预期[这个英语是什么意思]，实际[当前摄像头画面中的英语内容是什么？]
2026-02-26 18:53:09,137 - INFO - CaseID:2077 - 整体结果: PASS | 详情: 所有字段校验通过
2026-02-26 18:53:11,074 - INFO - CaseID:2078 - 整体结果: FAILED | 详情: QUERY语义不匹配：预期[当前摄像头画面中的内容是什么？请解释画面中显示的所有信息或符号的含义。]，实际[当前摄像头捕捉到的内容是什么？]
2026-02-26 18:53:13,034 - INFO - CaseID:2079 - 整体结果: FAILED | 详情: QUERY语义不匹配：预期[洗手间怎么走]，实际[通过当前摄像头画面识别附近洗手间的位置或方向指示]
2026-02-26 18:53:15,162 - INFO - CaseID:2080 - 整体结果: PASS | 详情: 所有字段校验通过
2026-02-26 18:53:17,161 - INFO - CaseID:2081 - 整体结果: PASS | 详情: 所有字段校验通过
2026-02-26 18:53:18,842 - INFO - CaseID:2082 - 整体结果: FAILED | 详情: QUERY语义不匹配：预期[识别当前环境中的楼层指示牌或相关信息，以确定口腔科所在的楼层]，实际[识别当前环境中与“口腔科”或“牙科”相关的楼层指引信息]
2026-02-26 18:53:20,794 - INFO - CaseID:2083 - 整体结果: PASS | 详情: 所有字段校验通过
2026-02-26 18:53:22,766 - INFO - CaseID:2084 - 整体结果: PASS | 详情: 所有字段校验通过
2026-02-26 18:53:25,242 - INFO - CaseID:2085 - 整体结果: PASS | 详情: 所有字段校验通过
2026-02-26 18:53:27,212 - INFO - CaseID:2086 - 整体结果: FAILED | 详情: QUERY语义不匹配：预期[根据当前摄像头画面，识别最近的地铁站位置及行走路线]，实际[识别当前摄像头画面中的地铁站位置及方向指示]
2026-02-26 18:53:29,142 - INFO - CaseID:2087 - 整体结果: FAILED | 详情: QUERY语义不匹配：预期[当前所在建筑物的餐饮楼层分布]，实际[识别当前环境中的楼层指示牌或相关信息]
2026-02-26 18:53:31,339 - INFO - CaseID:2088 - 整体结果: PASS | 详情: 所有字段校验通过
2026-02-26 18:53:33,026 - INFO - CaseID:2089 - 整体结果: FAILED | 详情: QUERY语义不匹配：预期[用户当前位置附近的电影院]，实际[电影院要怎么走]
2026-02-26 18:53:35,052 - INFO - CaseID:2090 - 整体结果: PASS | 详情: 所有字段校验通过
2026-02-26 18:53:36,947 - INFO - CaseID:2091 - 整体结果: PASS | 详情: 所有字段校验通过
2026-02-26 18:53:39,307 - INFO - CaseID:2092 - 整体结果: PASS | 详情: 所有字段校验通过
2026-02-26 18:53:41,792 - INFO - CaseID:2093 - 整体结果: FAILED | 详情: QUERY语义不匹配：预期[故宫怎么走]，实际[故宫的步行或公共交通路线导航]
2026-02-26 18:53:44,475 - INFO - CaseID:2094 - 整体结果: FAILED | 详情: QUERY语义不匹配：预期[帮我看下这个是干什么的]，实际[识别当前摄像头画面中的物品并说明其用途]
2026-02-26 18:53:46,583 - INFO - CaseID:2095 - 整体结果: PASS | 详情: 所有字段校验通过
2026-02-26 18:53:48,348 - INFO - CaseID:2096 - 整体结果: PASS | 详情: 所有字段校验通过
2026-02-26 18:53:50,356 - INFO - CaseID:2097 - 整体结果: PASS | 详情: 所有字段校验通过
2026-02-26 18:53:51,969 - INFO - CaseID:2098 - 整体结果: PASS | 详情: 所有字段校验通过
2026-02-26 18:53:53,855 - INFO - CaseID:2099 - 整体结果: FAILED | 详情: QUERY语义不匹配：预期[就把要往哪个方向走]，实际[根据当前环境判断应该往哪个方向走]
2026-02-26 18:53:53,856 - INFO - 已处理2100行，休眠5秒降低压力...
2026-02-26 18:54:00,249 - INFO - CaseID:2100 - 整体结果: PASS | 详情: 所有字段校验通过
2026-02-26 18:54:03,471 - INFO - CaseID:2101 - 整体结果: PASS | 详情: 所有字段校验通过
2026-02-26 18:54:05,354 - INFO - CaseID:2102 - 整体结果: PASS | 详情: 所有字段校验通过
2026-02-26 18:54:07,307 - INFO - CaseID:2103 - 整体结果: PASS | 详情: 所有字段校验通过
2026-02-26 18:54:09,205 - INFO - CaseID:2104 - 整体结果: PASS | 详情: 所有字段校验通过
2026-02-26 18:54:11,164 - INFO - CaseID:2105 - 整体结果: PASS | 详情: 所有字段校验通过
2026-02-26 18:54:13,166 - INFO - CaseID:2106 - 整体结果: PASS | 详情: 所有字段校验通过
2026-02-26 18:54:15,196 - INFO - CaseID:2107 - 整体结果: PASS | 详情: 所有字段校验通过
2026-02-26 18:54:17,149 - INFO - CaseID:2108 - 整体结果: PASS | 详情: 所有字段校验通过
2026-02-26 18:54:19,203 - INFO - CaseID:2109 - 整体结果: PASS | 详情: 所有字段校验通过
2026-02-26 18:54:21,316 - INFO - CaseID:2110 - 整体结果: FAILED | 详情: QUERY语义不匹配：预期[这里是叫什么湖]，实际[识别图片中的湖泊名称]
2026-02-26 18:54:23,275 - INFO - CaseID:2111 - 整体结果: PASS | 详情: 所有字段校验通过
2026-02-26 18:54:24,872 - INFO - CaseID:2112 - 整体结果: PASS | 详情: 所有字段校验通过
2026-02-26 18:54:26,794 - INFO - CaseID:2113 - 整体结果: PASS | 详情: 所有字段校验通过
2026-02-26 18:54:28,795 - INFO - CaseID:2114 - 整体结果: PASS | 详情: 所有字段校验通过
2026-02-26 18:54:30,722 - INFO - CaseID:2115 - 整体结果: FAILED | 详情: QUERY语义不匹配：预期[识别当前环境中的“17号”位置或方向指示]，实际[17号指的是什么路线（地铁、公交、公路等）？]
2026-02-26 18:54:32,685 - INFO - CaseID:2116 - 整体结果: PASS | 详情: 所有字段校验通过
2026-02-26 18:54:34,398 - INFO - CaseID:2117 - 整体结果: PASS | 详情: 所有字段校验通过
2026-02-26 18:54:36,377 - INFO - CaseID:2118 - 整体结果: PASS | 详情: 所有字段校验通过
2026-02-26 18:54:38,134 - INFO - CaseID:2119 - 整体结果: FAILED | 详情: QUERY语义不匹配：预期[当前摄像头画面中的内容是什么？请解释这些内容的含义。]，实际[当前摄像头捕捉到的内容是什么？]
2026-02-26 18:54:40,160 - INFO - CaseID:2120 - 整体结果: PASS | 详情: 所有字段校验通过
2026-02-26 18:54:42,039 - INFO - CaseID:2121 - 整体结果: FAILED | 详情: QUERY语义不匹配：预期[这个是啥]，实际[摄像头当前捕捉到的物体或场景是什么]
2026-02-26 18:54:43,969 - INFO - CaseID:2122 - 整体结果: PASS | 详情: 所有字段校验通过
2026-02-26 18:54:46,102 - INFO - CaseID:2123 - 整体结果: FAILED | 详情: QUERY语义不匹配：预期[当前摄像头画面中的内容是什么？请解释其可能含义。]，实际[当前摄像头画面中的内容是什么？]
2026-02-26 18:54:48,214 - INFO - CaseID:2124 - 整体结果: PASS | 详情: 所有字段校验通过
2026-02-26 18:54:50,180 - INFO - CaseID:2125 - 整体结果: PASS | 详情: 所有字段校验通过
2026-02-26 18:54:52,748 - INFO - CaseID:2126 - 整体结果: PASS | 详情: 所有字段校验通过
2026-02-26 18:54:54,638 - INFO - CaseID:2127 - 整体结果: PASS | 详情: 所有字段校验通过
2026-02-26 18:54:56,793 - INFO - CaseID:2128 - 整体结果: PASS | 详情: 所有字段校验通过
2026-02-26 18:54:58,761 - INFO - CaseID:2129 - 整体结果: PASS | 详情: 所有字段校验通过
2026-02-26 18:55:00,676 - INFO - CaseID:2130 - 整体结果: PASS | 详情: 所有字段校验通过
2026-02-26 18:55:02,368 - INFO - CaseID:2131 - 整体结果: PASS | 详情: 所有字段校验通过
2026-02-26 18:55:04,358 - INFO - CaseID:2132 - 整体结果: PASS | 详情: 所有字段校验通过
2026-02-26 18:55:05,997 - INFO - CaseID:2133 - 整体结果: FAILED | 详情: QUERY语义不匹配：预期[这样看起来好热闹]，实际[当前摄像头捕捉到的画面内容是什么？]
2026-02-26 18:55:07,934 - INFO - CaseID:2134 - 整体结果: PASS | 详情: 所有字段校验通过
2026-02-26 18:55:09,869 - INFO - CaseID:2135 - 整体结果: PASS | 详情: 所有字段校验通过
2026-02-26 18:55:11,833 - INFO - CaseID:2136 - 整体结果: PASS | 详情: 所有字段校验通过
2026-02-26 18:55:13,667 - INFO - CaseID:2137 - 整体结果: FAILED | 详情: QUERY语义不匹配：预期[当前摄像头画面中有什么物体或场景？]，实际[放这个的目的是什么]
2026-02-26 18:55:15,440 - INFO - CaseID:2138 - 整体结果: PASS | 详情: 所有字段校验通过
2026-02-26 18:55:17,565 - INFO - CaseID:2139 - 整体结果: PASS | 详情: 所有字段校验通过
2026-02-26 18:55:19,246 - INFO - CaseID:2140 - 整体结果: PASS | 详情: 所有字段校验通过
2026-02-26 18:55:21,197 - INFO - CaseID:2141 - 整体结果: PASS | 详情: 所有字段校验通过
2026-02-26 18:55:23,142 - INFO - CaseID:2142 - 整体结果: PASS | 详情: 所有字段校验通过
2026-02-26 18:55:25,848 - INFO - CaseID:2143 - 整体结果: FAILED | 详情: QUERY语义不匹配：预期[看着这幅画想出一个下联]，实际[这幅画的主题或内容是什么？]
2026-02-26 18:55:27,904 - INFO - CaseID:2144 - 整体结果: PASS | 详情: 所有字段校验通过
2026-02-26 18:55:30,021 - INFO - CaseID:2145 - 整体结果: FAILED | 详情: QUERY语义不匹配：预期[识别当前摄像头画面中的灯谜内容]，实际[这个灯谜的答案是什么呀]
2026-02-26 18:55:32,077 - INFO - CaseID:2146 - 整体结果: PASS | 详情: 所有字段校验通过
2026-02-26 18:55:33,845 - INFO - CaseID:2147 - 整体结果: FAILED | 详情: QUERY语义不匹配：预期[这个灯谜的答案是什么]，实际[请识别当前摄像头画面中的灯谜内容]
2026-02-26 18:55:35,814 - INFO - CaseID:2148 - 整体结果: PASS | 详情: 所有字段校验通过
2026-02-26 18:55:37,713 - INFO - CaseID:2149 - 整体结果: PASS | 详情: 所有字段校验通过
2026-02-26 18:55:40,335 - INFO - CaseID:2150 - 整体结果: PASS | 详情: 所有字段校验通过
2026-02-26 18:55:42,854 - INFO - CaseID:2151 - 整体结果: PASS | 详情: 所有字段校验通过
2026-02-26 18:55:44,698 - INFO - CaseID:2152 - 整体结果: PASS | 详情: 所有字段校验通过
2026-02-26 18:55:46,955 - INFO - CaseID:2153 - 整体结果: PASS | 详情: 所有字段校验通过
2026-02-26 18:55:49,042 - INFO - CaseID:2154 - 整体结果: FAILED | 详情: QUERY语义不匹配：预期[大家一起这样很热闹吧]，实际[当前摄像头捕捉到的画面中是否有群体活动或热闹的场景？]
2026-02-26 18:55:50,945 - INFO - CaseID:2155 - 整体结果: PASS | 详情: 所有字段校验通过
2026-02-26 18:55:52,918 - INFO - CaseID:2156 - 整体结果: PASS | 详情: 所有字段校验通过
2026-02-26 18:55:54,941 - INFO - CaseID:2157 - 整体结果: FAILED | 详情: QUERY语义不匹配：预期[识别当前摄像头画面中的主体对象]，实际[这个的起源是什么]
2026-02-26 18:55:56,933 - INFO - CaseID:2158 - 整体结果: FAILED | 详情: QUERY语义不匹配：预期[按照这图来对个对联]，实际[请描述当前摄像头捕捉到的图片内容]
2026-02-26 18:55:59,037 - INFO - CaseID:2159 - 整体结果: PASS | 详情: 所有字段校验通过
2026-02-26 18:56:00,986 - INFO - CaseID:2160 - 整体结果: FAILED | 详情: QUERY语义不匹配：预期[依这幅图试着对个对联]，实际[请描述当前摄像头捕捉到的图像内容]
2026-02-26 18:56:02,927 - INFO - CaseID:2161 - 整体结果: PASS | 详情: 所有字段校验通过
2026-02-26 18:56:05,310 - INFO - CaseID:2162 - 整体结果: PASS | 详情: 所有字段校验通过
2026-02-26 18:56:07,598 - INFO - CaseID:2163 - 整体结果: FAILED | 详情: QUERY语义不匹配：预期[参照这图你能对个对联吗]，实际[请描述当前摄像头捕捉到的图片内容]
2026-02-26 18:56:09,787 - INFO - CaseID:2164 - 整体结果: PASS | 详情: 所有字段校验通过
2026-02-26 18:56:11,710 - INFO - CaseID:2165 - 整体结果: PASS | 详情: 所有字段校验通过
2026-02-26 18:56:13,409 - INFO - CaseID:2166 - 整体结果: PASS | 详情: 所有字段校验通过
2026-02-26 18:56:15,562 - INFO - CaseID:2167 - 整体结果: FAILED | 详情: QUERY语义不匹配：预期[识别当前画面中的元素或场景]，实际[当前画面内容是什么？]
2026-02-26 18:56:17,330 - INFO - CaseID:2168 - 整体结果: FAILED | 详情: QUERY语义不匹配：预期[这个有什么寓意]，实际[当前摄像头画面中的物品或场景是什么？]
2026-02-26 18:56:19,925 - INFO - CaseID:2169 - 整体结果: PASS | 详情: 所有字段校验通过
2026-02-26 18:56:21,974 - INFO - CaseID:2170 - 整体结果: PASS | 详情: 所有字段校验通过
2026-02-26 18:56:24,011 - INFO - CaseID:2171 - 整体结果: PASS | 详情: 所有字段校验通过
2026-02-26 18:56:25,973 - INFO - CaseID:2172 - 整体结果: PASS | 详情: 所有字段校验通过
2026-02-26 18:56:27,708 - INFO - CaseID:2173 - 整体结果: PASS | 详情: 所有字段校验通过
2026-02-26 18:56:29,694 - INFO - CaseID:2174 - 整体结果: PASS | 详情: 所有字段校验通过
2026-02-26 18:56:31,290 - INFO - CaseID:2175 - 整体结果: PASS | 详情: 所有字段校验通过
2026-02-26 18:56:33,857 - INFO - CaseID:2176 - 整体结果: PASS | 详情: 所有字段校验通过
2026-02-26 18:56:35,901 - INFO - CaseID:2177 - 整体结果: PASS | 详情: 所有字段校验通过
2026-02-26 18:56:38,589 - INFO - CaseID:2178 - 整体结果: PASS | 详情: 所有字段校验通过
2026-02-26 18:56:40,496 - INFO - CaseID:2179 - 整体结果: FAILED | 详情: QUERY语义不匹配：预期[这到底是什么啊]，实际[摄像头当前捕捉到的物体或场景是什么]
2026-02-26 18:56:42,538 - INFO - CaseID:2180 - 整体结果: PASS | 详情: 所有字段校验通过
2026-02-26 18:56:44,535 - INFO - CaseID:2181 - 整体结果: PASS | 详情: 所有字段校验通过
2026-02-26 18:56:46,195 - INFO - CaseID:2182 - 整体结果: FAILED | 详情: QUERY语义不匹配：预期[这对联你觉得写的还可以吗]，实际[这对联的内容是什么？]
2026-02-26 18:56:48,139 - INFO - CaseID:2183 - 整体结果: PASS | 详情: 所有字段校验通过
2026-02-26 18:56:50,240 - INFO - CaseID:2184 - 整体结果: PASS | 详情: 所有字段校验通过
2026-02-26 18:56:52,992 - INFO - CaseID:2185 - 整体结果: PASS | 详情: 所有字段校验通过
2026-02-26 18:56:54,910 - INFO - CaseID:2186 - 整体结果: PASS | 详情: 所有字段校验通过
2026-02-26 18:56:56,790 - INFO - CaseID:2187 - 整体结果: PASS | 详情: 所有字段校验通过
2026-02-26 18:56:58,977 - INFO - CaseID:2188 - 整体结果: PASS | 详情: 所有字段校验通过
2026-02-26 18:57:00,589 - INFO - CaseID:2189 - 整体结果: FAILED | 详情: QUERY语义不匹配：预期[这究竟是什么呢]，实际[摄像头当前捕捉到的内容是什么]
2026-02-26 18:57:02,535 - INFO - CaseID:2190 - 整体结果: PASS | 详情: 所有字段校验通过
2026-02-26 18:57:04,743 - INFO - CaseID:2191 - 整体结果: PASS | 详情: 所有字段校验通过
2026-02-26 18:57:06,866 - INFO - CaseID:2192 - 整体结果: PASS | 详情: 所有字段校验通过
2026-02-26 18:57:08,786 - INFO - CaseID:2193 - 整体结果: PASS | 详情: 所有字段校验通过
2026-02-26 18:57:10,526 - INFO - CaseID:2194 - 整体结果: PASS | 详情: 所有字段校验通过
2026-02-26 18:57:12,434 - INFO - CaseID:2195 - 整体结果: PASS | 详情: 所有字段校验通过
2026-02-26 18:57:14,005 - INFO - CaseID:2196 - 整体结果: PASS | 详情: 所有字段校验通过
2026-02-26 18:57:16,445 - INFO - CaseID:2197 - 整体结果: PASS | 详情: 所有字段校验通过
2026-02-26 18:57:18,399 - INFO - CaseID:2198 - 整体结果: PASS | 详情: 所有字段校验通过
2026-02-26 18:57:21,115 - INFO - CaseID:2199 - 整体结果: PASS | 详情: 所有字段校验通过
2026-02-26 18:57:21,115 - INFO - 已处理2200行，休眠5秒降低压力...
2026-02-26 18:57:27,201 - INFO - CaseID:2200 - 整体结果: PASS | 详情: 所有字段校验通过
2026-02-26 18:57:27,201 - INFO - 已处理2200条用例，当前通过数：1710
2026-02-26 18:57:29,248 - INFO - CaseID:2201 - 整体结果: FAILED | 详情: QUERY语义不匹配：预期[我这字写的怎么样]，实际[请分析当前摄像头画面中的文字书写质量（包括字形结构、笔画工整度、布局美观度等）]
2026-02-26 18:57:31,273 - INFO - CaseID:2202 - 整体结果: PASS | 详情: 所有字段校验通过
2026-02-26 18:57:34,064 - INFO - CaseID:2203 - 整体结果: PASS | 详情: 所有字段校验通过
2026-02-26 18:57:36,429 - INFO - CaseID:2204 - 整体结果: FAILED | 详情: QUERY语义不匹配：预期[我这个写的怎样]，实际[请展示当前需要评价的文本或内容]
2026-02-26 18:57:38,385 - INFO - CaseID:2205 - 整体结果: FAILED | 详情: QUERY语义不匹配：预期[我这个样子贴可以不]，实际[用户当前的外貌或状态是什么样子？]
2026-02-26 18:57:40,335 - INFO - CaseID:2206 - 整体结果: PASS | 详情: 所有字段校验通过
2026-02-26 18:57:42,501 - INFO - CaseID:2207 - 整体结果: PASS | 详情: 所有字段校验通过
2026-02-26 18:57:44,172 - INFO - CaseID:2208 - 整体结果: FAILED | 详情: QUERY语义不匹配：预期[这玩意是啥来着]，实际[识别当前摄像头画面中的物体是什么]
2026-02-26 18:57:46,097 - INFO - CaseID:2209 - 整体结果: PASS | 详情: 所有字段校验通过
2026-02-26 18:57:47,766 - INFO - CaseID:2210 - 整体结果: PASS | 详情: 所有字段校验通过
2026-02-26 18:57:49,659 - INFO - CaseID:2211 - 整体结果: PASS | 详情: 所有字段校验通过
2026-02-26 18:57:51,520 - INFO - CaseID:2212 - 整体结果: PASS | 详情: 所有字段校验通过
2026-02-26 18:57:53,556 - INFO - CaseID:2213 - 整体结果: FAILED | 详情: QUERY语义不匹配：预期[这到底是啥东东]，实际[摄像头当前捕捉到的物体或场景是什么]
2026-02-26 18:57:55,396 - INFO - CaseID:2214 - 整体结果: PASS | 详情: 所有字段校验通过
2026-02-26 18:57:57,823 - INFO - CaseID:2215 - 整体结果: PASS | 详情: 所有字段校验通过
2026-02-26 18:57:59,784 - INFO - CaseID:2216 - 整体结果: PASS | 详情: 所有字段校验通过
2026-02-26 18:58:01,400 - INFO - CaseID:2217 - 整体结果: PASS | 详情: 所有字段校验通过
2026-02-26 18:58:03,336 - INFO - CaseID:2218 - 整体结果: PASS | 详情: 所有字段校验通过
2026-02-26 18:58:05,259 - INFO - CaseID:2219 - 整体结果: FAILED | 详情: QUERY语义不匹配：预期[看着这个觉得很有安全感呀]，实际[当前摄像头捕捉到的内容是什么？]
2026-02-26 18:58:07,223 - INFO - CaseID:2220 - 整体结果: PASS | 详情: 所有字段校验通过
2026-02-26 18:58:09,165 - INFO - CaseID:2221 - 整体结果: PASS | 详情: 所有字段校验通过
2026-02-26 18:58:11,483 - INFO - CaseID:2222 - 整体结果: PASS | 详情: 所有字段校验通过
2026-02-26 18:58:13,592 - INFO - CaseID:2223 - 整体结果: PASS | 详情: 所有字段校验通过
2026-02-26 18:58:15,336 - INFO - CaseID:2224 - 整体结果: FAILED | 详情: QUERY语义不匹配：预期[过年这么吃咋样]，实际[识别当前摄像头中的食物内容]
2026-02-26 18:58:18,268 - INFO - CaseID:2225 - 整体结果: PASS | 详情: 所有字段校验通过
2026-02-26 18:58:20,201 - INFO - CaseID:2226 - 整体结果: PASS | 详情: 所有字段校验通过
2026-02-26 18:58:22,110 - INFO - CaseID:2227 - 整体结果: PASS | 详情: 所有字段校验通过
2026-02-26 18:58:24,036 - INFO - CaseID:2228 - 整体结果: FAILED | 详情: QUERY语义不匹配：预期[你们那儿过年吃这个不]，实际[这是什么食物？]
2026-02-26 18:58:26,058 - INFO - CaseID:2229 - 整体结果: FAILED | 详情: QUERY语义不匹配：预期[识别当前摄像头画面中的物体或场景是什么]，实际[识别当前摄像头画面中的物体是什么]
2026-02-26 18:58:27,987 - INFO - CaseID:2230 - 整体结果: PASS | 详情: 所有字段校验通过
2026-02-26 18:58:29,675 - INFO - CaseID:2231 - 整体结果: PASS | 详情: 所有字段校验通过
2026-02-26 18:58:32,066 - INFO - CaseID:2232 - 整体结果: FAILED | 详情: QUERY语义不匹配：预期[看这图里的上联给个下联吧]，实际[这图里的上联是什么？]
2026-02-26 18:58:34,003 - INFO - CaseID:2233 - 整体结果: PASS | 详情: 所有字段校验通过
2026-02-26 18:58:36,654 - INFO - CaseID:2234 - 整体结果: PASS | 详情: 所有字段校验通过
2026-02-26 18:58:38,786 - INFO - CaseID:2235 - 整体结果: FAILED | 详情: QUERY语义不匹配：预期[根据图上这上联写个下联吧]，实际[识别图上的上联内容]
2026-02-26 18:58:40,832 - INFO - CaseID:2236 - 整体结果: PASS | 详情: 所有字段校验通过
2026-02-26 18:58:42,777 - INFO - CaseID:2237 - 整体结果: FAILED | 详情: QUERY语义不匹配：预期[照图里的上联试着对个下联]，实际[图里的上联是什么？]
2026-02-26 18:58:44,721 - INFO - CaseID:2238 - 整体结果: PASS | 详情: 所有字段校验通过
2026-02-26 18:58:46,769 - INFO - CaseID:2239 - 整体结果: FAILED | 详情: QUERY语义不匹配：预期[识别当前摄像头画面中的上联内容]，实际[请提供上联的图片内容]
2026-02-26 18:58:48,617 - INFO - CaseID:2240 - 整体结果: FAILED | 详情: QUERY语义不匹配：预期[看着图上右边的上联写个下联吧]，实际[图上右边的上联是什么？]
2026-02-26 18:58:50,661 - INFO - CaseID:2241 - 整体结果: FAILED | 详情: QUERY语义不匹配：预期[依照图里的上联来对下联]，实际[图里的上联是什么？]
2026-02-26 18:58:52,977 - INFO - CaseID:2242 - 整体结果: FAILED | 详情: QUERY语义不匹配：预期[识别并翻译图片中的对联文字]，实际[这里面的对联写的什么]
2026-02-26 18:58:55,456 - INFO - CaseID:2243 - 整体结果: FAILED | 详情: QUERY语义不匹配：预期[帮我把这里面的字都写出来]，实际[请识别当前摄像头画面中的文字内容]
2026-02-26 18:58:57,498 - INFO - CaseID:2244 - 整体结果: PASS | 详情: 所有字段校验通过
2026-02-26 18:58:59,257 - INFO - CaseID:2245 - 整体结果: PASS | 详情: 所有字段校验通过
2026-02-26 18:59:01,720 - INFO - CaseID:2246 - 整体结果: PASS | 详情: 所有字段校验通过
2026-02-26 18:59:03,627 - INFO - CaseID:2247 - 整体结果: FAILED | 详情: QUERY语义不匹配：预期[这个灯谜的最终答案是什么]，实际[请识别当前摄像头画面中的灯谜内容]
2026-02-26 18:59:06,885 - INFO - CaseID:2248 - 整体结果: PASS | 详情: 所有字段校验通过
2026-02-26 18:59:08,839 - INFO - CaseID:2249 - 整体结果: FAILED | 详情: QUERY语义不匹配：预期[你能说说这个灯谜的谜底吗]，实际[请识别当前摄像头画面中的灯谜内容]
2026-02-26 18:59:10,514 - INFO - CaseID:2250 - 整体结果: PASS | 详情: 所有字段校验通过
2026-02-26 18:59:12,484 - INFO - CaseID:2251 - 整体结果: PASS | 详情: 所有字段校验通过
2026-02-26 18:59:14,461 - INFO - CaseID:2252 - 整体结果: PASS | 详情: 所有字段校验通过
2026-02-26 18:59:16,363 - INFO - CaseID:2253 - 整体结果: PASS | 详情: 所有字段校验通过
2026-02-26 18:59:18,251 - INFO - CaseID:2254 - 整体结果: PASS | 详情: 所有字段校验通过
2026-02-26 18:59:20,337 - INFO - CaseID:2255 - 整体结果: FAILED | 详情: QUERY语义不匹配：预期[这个谜题最后的答案是什么]，实际[请识别并展示当前摄像头捕捉到的谜题内容]
2026-02-26 18:59:22,355 - INFO - CaseID:2256 - 整体结果: PASS | 详情: 所有字段校验通过
2026-02-26 18:59:24,236 - INFO - CaseID:2257 - 整体结果: PASS | 详情: 所有字段校验通过
2026-02-26 18:59:28,133 - INFO - CaseID:2258 - 整体结果: PASS | 详情: 所有字段校验通过
2026-02-26 18:59:29,749 - INFO - CaseID:2259 - 整体结果: PASS | 详情: 所有字段校验通过
2026-02-26 18:59:31,814 - INFO - CaseID:2260 - 整体结果: FAILED | 详情: QUERY语义不匹配：预期[你喜欢看他的节目吗]，实际[识别当前摄像头画面中的人物或节目内容]
2026-02-26 18:59:33,721 - INFO - CaseID:2261 - 整体结果: PASS | 详情: 所有字段校验通过
2026-02-26 18:59:35,718 - INFO - CaseID:2262 - 整体结果: PASS | 详情: 所有字段校验通过
2026-02-26 18:59:37,618 - INFO - CaseID:2263 - 整体结果: PASS | 详情: 所有字段校验通过
2026-02-26 18:59:39,310 - INFO - CaseID:2264 - 整体结果: PASS | 详情: 所有字段校验通过
2026-02-26 18:59:41,863 - INFO - CaseID:2265 - 整体结果: FAILED | 详情: QUERY语义不匹配：预期[识别当前摄像头画面中的央视主持人是谁]，实际[识别当前摄像头画面中的主持人是谁]
2026-02-26 18:59:43,705 - INFO - CaseID:2266 - 整体结果: PASS | 详情: 所有字段校验通过
2026-02-26 18:59:45,753 - INFO - CaseID:2267 - 整体结果: FAILED | 详情: QUERY语义不匹配：预期[他是谁啊]，实际[识别当前摄像头画面中的人物是谁]
2026-02-26 18:59:47,567 - INFO - CaseID:2268 - 整体结果: FAILED | 详情: QUERY语义不匹配：预期[你喜欢他不]，实际[当前摄像头画面中是否有可识别的人物或对象？]
2026-02-26 18:59:49,713 - INFO - CaseID:2269 - 整体结果: PASS | 详情: 所有字段校验通过
2026-02-26 18:59:51,920 - INFO - CaseID:2270 - 整体结果: FAILED | 详情: QUERY语义不匹配：预期[我很喜欢他的电视机]，实际[识别当前画面中用户所指的电视机品牌或型号]
2026-02-26 18:59:54,150 - INFO - CaseID:2271 - 整体结果: PASS | 详情: 所有字段校验通过
2026-02-26 18:59:56,628 - INFO - CaseID:2272 - 整体结果: FAILED | 详情: QUERY语义不匹配：预期[他唱歌怎么样]，实际[识别当前摄像头画面中的人物是谁]
2026-02-26 18:59:58,196 - INFO - CaseID:2273 - 整体结果: PASS | 详情: 所有字段校验通过
2026-02-26 19:00:00,096 - INFO - CaseID:2274 - 整体结果: FAILED | 详情: QUERY语义不匹配：预期[这位是谁呀]，实际[识别当前摄像头画面中的人物是谁]
2026-02-26 19:00:02,145 - INFO - CaseID:2275 - 整体结果: PASS | 详情: 所有字段校验通过
2026-02-26 19:00:04,870 - INFO - CaseID:2276 - 整体结果: PASS | 详情: 所有字段校验通过
2026-02-26 19:00:06,894 - INFO - CaseID:2277 - 整体结果: PASS | 详情: 所有字段校验通过
2026-02-26 19:00:08,587 - INFO - CaseID:2278 - 整体结果: PASS | 详情: 所有字段校验通过
2026-02-26 19:00:10,572 - INFO - CaseID:2279 - 整体结果: PASS | 详情: 所有字段校验通过
2026-02-26 19:00:12,377 - INFO - CaseID:2280 - 整体结果: FAILED | 详情: QUERY语义不匹配：预期[他的演技好吗]，实际[当前画面中的人物是谁？]
2026-02-26 19:00:14,358 - INFO - CaseID:2281 - 整体结果: FAILED | 详情: QUERY语义不匹配：预期[他是什么人]，实际[识别当前摄像头画面中的人物身份或特征]
2026-02-26 19:00:16,238 - INFO - CaseID:2282 - 整体结果: PASS | 详情: 所有字段校验通过
2026-02-26 19:00:19,061 - INFO - CaseID:2283 - 整体结果: PASS | 详情: 所有字段校验通过
2026-02-26 19:00:20,980 - INFO - CaseID:2284 - 整体结果: PASS | 详情: 所有字段校验通过
2026-02-26 19:00:22,836 - INFO - CaseID:2285 - 整体结果: PASS | 详情: 所有字段校验通过
2026-02-26 19:00:24,865 - INFO - CaseID:2286 - 整体结果: PASS | 详情: 所有字段校验通过
2026-02-26 19:00:26,664 - INFO - CaseID:2287 - 整体结果: PASS | 详情: 所有字段校验通过
2026-02-26 19:00:29,230 - INFO - CaseID:2288 - 整体结果: PASS | 详情: 所有字段校验通过
2026-02-26 19:00:31,315 - INFO - CaseID:2289 - 整体结果: PASS | 详情: 所有字段校验通过
2026-02-26 19:00:34,138 - INFO - CaseID:2290 - 整体结果: PASS | 详情: 所有字段校验通过
2026-02-26 19:00:36,340 - INFO - CaseID:2291 - 整体结果: PASS | 详情: 所有字段校验通过
2026-02-26 19:00:38,182 - INFO - CaseID:2292 - 整体结果: FAILED | 详情: QUERY语义不匹配：预期[识别当前摄像头画面中最前面的人物是谁]，实际[你知道上面最前面那是谁吗]
2026-02-26 19:00:40,578 - INFO - CaseID:2293 - 整体结果: PASS | 详情: 所有字段校验通过
2026-02-26 19:00:42,483 - INFO - CaseID:2294 - 整体结果: PASS | 详情: 所有字段校验通过
2026-02-26 19:00:44,421 - INFO - CaseID:2295 - 整体结果: FAILED | 详情: QUERY语义不匹配：预期[识别当前摄像头画面中的主人公形象]，实际[介绍一下这个主人公]
2026-02-26 19:00:46,382 - INFO - CaseID:2296 - 整体结果: PASS | 详情: 所有字段校验通过
2026-02-26 19:00:48,386 - INFO - CaseID:2297 - 整体结果: FAILED | 详情: QUERY语义不匹配：预期[上面那位是谁啊]，实际[识别当前摄像头画面中“上面那位”是谁]
2026-02-26 19:00:50,269 - INFO - CaseID:2298 - 整体结果: PASS | 详情: 所有字段校验通过
2026-02-26 19:00:52,724 - INFO - CaseID:2299 - 整体结果: FAILED | 详情: QUERY语义不匹配：预期[你喜不喜欢那个穿白色西服的人]，实际[识别当前画面中穿白色西服的人]
2026-02-26 19:00:52,725 - INFO - 已处理2300行，休眠5秒降低压力...
2026-02-26 19:00:59,936 - INFO - CaseID:2300 - 整体结果: PASS | 详情: 所有字段校验通过
2026-02-26 19:01:01,531 - INFO - CaseID:2301 - 整体结果: FAILED | 详情: QUERY语义不匹配：预期[他是谁]，实际[识别当前摄像头画面中的人物是谁]
2026-02-26 19:01:03,508 - INFO - CaseID:2302 - 整体结果: PASS | 详情: 所有字段校验通过
2026-02-26 19:01:05,371 - INFO - CaseID:2303 - 整体结果: FAILED | 详情: QUERY语义不匹配：预期[识别当前摄像头画面中的人物]，实际[介绍一下这个人]
2026-02-26 19:01:07,399 - INFO - CaseID:2304 - 整体结果: PASS | 详情: 所有字段校验通过
2026-02-26 19:01:09,271 - INFO - CaseID:2305 - 整体结果: PASS | 详情: 所有字段校验通过
2026-02-26 19:01:10,953 - INFO - CaseID:2306 - 整体结果: PASS | 详情: 所有字段校验通过
2026-02-26 19:01:13,000 - INFO - CaseID:2307 - 整体结果: FAILED | 详情: QUERY语义不匹配：预期[识别当前画面中的人物或电影相关元素]，实际[识别当前摄像头画面中的人物是谁]
2026-02-26 19:01:14,709 - INFO - CaseID:2308 - 整体结果: PASS | 详情: 所有字段校验通过
2026-02-26 19:01:17,127 - INFO - CaseID:2309 - 整体结果: PASS | 详情: 所有字段校验通过
2026-02-26 19:01:19,161 - INFO - CaseID:2310 - 整体结果: PASS | 详情: 所有字段校验通过
2026-02-26 19:01:21,167 - INFO - CaseID:2311 - 整体结果: PASS | 详情: 所有字段校验通过
2026-02-26 19:01:23,203 - INFO - CaseID:2312 - 整体结果: PASS | 详情: 所有字段校验通过
2026-02-26 19:01:25,083 - INFO - CaseID:2313 - 整体结果: PASS | 详情: 所有字段校验通过
2026-02-26 19:01:27,063 - INFO - CaseID:2314 - 整体结果: FAILED | 详情: QUERY语义不匹配：预期[我挺佩服他的]，实际[当前摄像头捕捉到的内容是什么？]
2026-02-26 19:01:29,721 - INFO - CaseID:2315 - 整体结果: PASS | 详情: 所有字段校验通过
2026-02-26 19:01:31,795 - INFO - CaseID:2316 - 整体结果: PASS | 详情: 所有字段校验通过
2026-02-26 19:01:33,775 - INFO - CaseID:2317 - 整体结果: PASS | 详情: 所有字段校验通过
2026-02-26 19:01:35,701 - INFO - CaseID:2318 - 整体结果: PASS | 详情: 所有字段校验通过
2026-02-26 19:01:37,925 - INFO - CaseID:2319 - 整体结果: PASS | 详情: 所有字段校验通过
2026-02-26 19:01:39,635 - INFO - CaseID:2320 - 整体结果: PASS | 详情: 所有字段校验通过
2026-02-26 19:01:41,630 - INFO - CaseID:2321 - 整体结果: PASS | 详情: 所有字段校验通过
2026-02-26 19:01:43,559 - INFO - CaseID:2322 - 整体结果: FAILED | 详情: QUERY语义不匹配：预期[这家伙是谁]，实际[识别当前摄像头画面中的人物是谁]
2026-02-26 19:01:45,908 - INFO - CaseID:2323 - 整体结果: FAILED | 详情: QUERY语义不匹配：预期[这位是谁啊]，实际[识别当前摄像头画面中的人物是谁]
2026-02-26 19:01:48,200 - INFO - CaseID:2324 - 整体结果: FAILED | 详情: QUERY语义不匹配：预期[识别当前摄像头画面中的人物是谁]，实际[这位是谁呢]
2026-02-26 19:01:50,206 - INFO - CaseID:2325 - 整体结果: PASS | 详情: 所有字段校验通过
2026-02-26 19:01:52,088 - INFO - CaseID:2326 - 整体结果: FAILED | 详情: QUERY语义不匹配：预期[这个人是哪位啊]，实际[识别当前摄像头画面中的人物是谁]
2026-02-26 19:01:53,803 - INFO - CaseID:2327 - 整体结果: FAILED | 详情: QUERY语义不匹配：预期[识别当前摄像头画面中的人物是谁]，实际[这是谁？]
2026-02-26 19:01:55,710 - INFO - CaseID:2328 - 整体结果: FAILED | 详情: QUERY语义不匹配：预期[这是个啥人]，实际[识别当前摄像头画面中的人物]
2026-02-26 19:01:57,987 - INFO - CaseID:2329 - 整体结果: PASS | 详情: 所有字段校验通过
2026-02-26 19:02:00,140 - INFO - CaseID:2330 - 整体结果: PASS | 详情: 所有字段校验通过
2026-02-26 19:02:02,051 - INFO - CaseID:2331 - 整体结果: FAILED | 详情: QUERY语义不匹配：预期[可以给我介绍一下这个人不]，实际[识别当前摄像头画面中的人物并返回相关信息]
2026-02-26 19:02:04,109 - INFO - CaseID:2332 - 整体结果: PASS | 详情: 所有字段校验通过
2026-02-26 19:02:06,883 - INFO - CaseID:2333 - 整体结果: PASS | 详情: 所有字段校验通过
2026-02-26 19:02:08,796 - INFO - CaseID:2334 - 整体结果: FAILED | 详情: QUERY语义不匹配：预期[他最近主持过哪些节目]，实际[画面中的人物是谁？]
2026-02-26 19:02:10,769 - INFO - CaseID:2335 - 整体结果: FAILED | 详情: QUERY语义不匹配：预期[他看这挺严谨呀]，实际[当前摄像头画面中的人物或场景是什么？]
2026-02-26 19:02:12,383 - INFO - CaseID:2336 - 整体结果: FAILED | 详情: QUERY语义不匹配：预期[这到底是谁啊]，实际[识别当前摄像头画面中的人物是谁]
2026-02-26 19:02:14,442 - INFO - CaseID:2337 - 整体结果: FAILED | 详情: QUERY语义不匹配：预期[如和评价他]，实际[当前摄像头画面中的人物是谁？]
2026-02-26 19:02:16,398 - INFO - CaseID:2338 - 整体结果: PASS | 详情: 所有字段校验通过
2026-02-26 19:02:18,351 - INFO - CaseID:2339 - 整体结果: FAILED | 详情: QUERY语义不匹配：预期[这家伙是谁呀]，实际[识别当前摄像头画面中的人物是谁]
2026-02-26 19:02:20,341 - INFO - CaseID:2340 - 整体结果: PASS | 详情: 所有字段校验通过
2026-02-26 19:02:22,061 - INFO - CaseID:2341 - 整体结果: PASS | 详情: 所有字段校验通过
2026-02-26 19:02:24,091 - INFO - CaseID:2342 - 整体结果: FAILED | 详情: QUERY语义不匹配：预期[这个到底是谁]，实际[识别当前摄像头画面中的人物是谁]
2026-02-26 19:02:25,910 - INFO - CaseID:2343 - 整体结果: FAILED | 详情: QUERY语义不匹配：预期[请问这是谁啊]，实际[识别当前摄像头画面中的人物是谁]
2026-02-26 19:02:28,368 - INFO - CaseID:2344 - 整体结果: FAILED | 详情: QUERY语义不匹配：预期[这会是谁呢]，实际[摄像头捕捉到的人物是谁]
2026-02-26 19:02:31,030 - INFO - CaseID:2345 - 整体结果: FAILED | 详情: QUERY语义不匹配：预期[最近又没有关于他的新闻]，实际[识别当前摄像头画面中的人物]
2026-02-26 19:02:33,063 - INFO - CaseID:2346 - 整体结果: PASS | 详情: 所有字段校验通过
2026-02-26 19:02:35,029 - INFO - CaseID:2347 - 整体结果: PASS | 详情: 所有字段校验通过
2026-02-26 19:02:36,765 - INFO - CaseID:2348 - 整体结果: FAILED | 详情: QUERY语义不匹配：预期[他什么时候加入理想的]，实际[识别当前摄像头画面中的人物是谁]
2026-02-26 19:02:38,906 - INFO - CaseID:2349 - 整体结果: PASS | 详情: 所有字段校验通过
2026-02-26 19:02:40,969 - INFO - CaseID:2350 - 整体结果: FAILED | 详情: QUERY语义不匹配：预期[这人是谁来着]，实际[识别当前摄像头画面中的人物是谁]
2026-02-26 19:02:43,033 - INFO - CaseID:2351 - 整体结果: PASS | 详情: 所有字段校验通过
2026-02-26 19:02:44,886 - INFO - CaseID:2352 - 整体结果: FAILED | 详情: QUERY语义不匹配：预期[他什么时候加入理想的大家庭的]，实际[识别当前摄像头画面中的人物是谁]
2026-02-26 19:02:47,831 - INFO - CaseID:2353 - 整体结果: PASS | 详情: 所有字段校验通过
2026-02-26 19:02:49,899 - INFO - CaseID:2354 - 整体结果: FAILED | 详情: QUERY语义不匹配：预期[他是哪号人物]，实际[识别当前摄像头画面中的人物身份]
2026-02-26 19:02:51,718 - INFO - CaseID:2355 - 整体结果: PASS | 详情: 所有字段校验通过
2026-02-26 19:02:53,718 - INFO - CaseID:2356 - 整体结果: FAILED | 详情: QUERY语义不匹配：预期[这个人好敬业啊]，实际[当前摄像头画面中的人物是谁？他们在做什么？]
2026-02-26 19:02:55,984 - INFO - CaseID:2357 - 整体结果: FAILED | 详情: QUERY语义不匹配：预期[大家都怎么评价他]，实际[识别当前摄像头画面中的人物或对象]
2026-02-26 19:02:58,642 - INFO - CaseID:2358 - 整体结果: FAILED | 详情: QUERY语义不匹配：预期[他是什么人]，实际[识别当前摄像头画面中的人物身份]
2026-02-26 19:03:00,587 - INFO - CaseID:2359 - 整体结果: FAILED | 详情: QUERY语义不匹配：预期[他啥时候大学毕业的]，实际[识别当前摄像头画面中的人物是谁]
2026-02-26 19:03:03,728 - INFO - CaseID:2360 - 整体结果: FAILED | 详情: QUERY语义不匹配：预期[他是谁来着]，实际[识别当前摄像头画面中的人物是谁]
2026-02-26 19:03:05,682 - INFO - CaseID:2361 - 整体结果: PASS | 详情: 所有字段校验通过
2026-02-26 19:03:08,192 - INFO - CaseID:2362 - 整体结果: FAILED | 详情: QUERY语义不匹配：预期[他是哪一位]，实际[识别当前摄像头画面中的人物是谁]
2026-02-26 19:03:10,176 - INFO - CaseID:2363 - 整体结果: PASS | 详情: 所有字段校验通过
2026-02-26 19:03:12,129 - INFO - CaseID:2364 - 整体结果: FAILED | 详情: QUERY语义不匹配：预期[你知道他是谁吗]，实际[识别当前摄像头画面中的人物是谁]
2026-02-26 19:03:14,078 - INFO - CaseID:2365 - 整体结果: FAILED | 详情: QUERY语义不匹配：预期[他最近有什么新闻吗]，实际[识别摄像头中的人物是谁]
2026-02-26 19:03:16,184 - INFO - CaseID:2366 - 整体结果: PASS | 详情: 所有字段校验通过
2026-02-26 19:03:18,946 - INFO - CaseID:2367 - 整体结果: FAILED | 详情: QUERY语义不匹配：预期[这位是谁呀]，实际[识别当前摄像头画面中的人物是谁]
2026-02-26 19:03:22,259 - INFO - CaseID:2368 - 整体结果: PASS | 详情: 所有字段校验通过
2026-02-26 19:03:24,278 - INFO - CaseID:2369 - 整体结果: FAILED | 详情: QUERY语义不匹配：预期[识别当前摄像头画面中的物体或场景是什么]，实际[能看出来这是什么吗]
2026-02-26 19:03:26,220 - INFO - CaseID:2370 - 整体结果: PASS | 详情: 所有字段校验通过
2026-02-26 19:03:27,965 - INFO - CaseID:2371 - 整体结果: PASS | 详情: 所有字段校验通过
2026-02-26 19:03:29,879 - INFO - CaseID:2372 - 整体结果: PASS | 详情: 所有字段校验通过
2026-02-26 19:03:32,156 - INFO - CaseID:2373 - 整体结果: PASS | 详情: 所有字段校验通过
2026-02-26 19:03:34,971 - INFO - CaseID:2374 - 整体结果: PASS | 详情: 所有字段校验通过
2026-02-26 19:03:36,896 - INFO - CaseID:2375 - 整体结果: FAILED | 详情: QUERY语义不匹配：预期[过年吃这个显得热热闹闹的]，实际[识别当前摄像头中的食物或物品]
2026-02-26 19:03:39,034 - INFO - CaseID:2376 - 整体结果: PASS | 详情: 所有字段校验通过
2026-02-26 19:03:41,224 - INFO - CaseID:2377 - 整体结果: PASS | 详情: 所有字段校验通过
2026-02-26 19:03:43,132 - INFO - CaseID:2378 - 整体结果: PASS | 详情: 所有字段校验通过
2026-02-26 19:03:45,069 - INFO - CaseID:2379 - 整体结果: PASS | 详情: 所有字段校验通过
2026-02-26 19:03:47,122 - INFO - CaseID:2380 - 整体结果: PASS | 详情: 所有字段校验通过
2026-02-26 19:03:49,096 - INFO - CaseID:2381 - 整体结果: PASS | 详情: 所有字段校验通过
2026-02-26 19:03:51,071 - INFO - CaseID:2382 - 整体结果: PASS | 详情: 所有字段校验通过
2026-02-26 19:03:52,769 - INFO - CaseID:2383 - 整体结果: PASS | 详情: 所有字段校验通过
2026-02-26 19:03:55,001 - INFO - CaseID:2384 - 整体结果: PASS | 详情: 所有字段校验通过
2026-02-26 19:03:56,588 - INFO - CaseID:2385 - 整体结果: PASS | 详情: 所有字段校验通过
2026-02-26 19:03:58,494 - INFO - CaseID:2386 - 整体结果: PASS | 详情: 所有字段校验通过
2026-02-26 19:04:00,518 - INFO - CaseID:2387 - 整体结果: PASS | 详情: 所有字段校验通过
2026-02-26 19:04:03,744 - INFO - CaseID:2388 - 整体结果: PASS | 详情: 所有字段校验通过
2026-02-26 19:04:05,650 - INFO - CaseID:2389 - 整体结果: PASS | 详情: 所有字段校验通过
2026-02-26 19:04:09,957 - INFO - CaseID:2390 - 整体结果: FAILED | 详情: QUERY语义不匹配：预期[识别当前摄像头画面中的女性人物]，实际[识别当前摄像头画面中的人物是谁]
2026-02-26 19:04:11,999 - INFO - CaseID:2391 - 整体结果: PASS | 详情: 所有字段校验通过
2026-02-26 19:04:13,842 - INFO - CaseID:2392 - 整体结果: FAILED | 详情: QUERY语义不匹配：预期[她的代表作]，实际[当前画面中的人物是谁？]
2026-02-26 19:04:15,893 - INFO - CaseID:2393 - 整体结果: FAILED | 详情: QUERY语义不匹配：预期[识别当前摄像头画面中的人物或对象]，实际[识别当前摄像头画面中的人物是谁]
2026-02-26 19:04:15,894 - INFO - CaseID:2394 - 整体结果: FAILED | 详情: APINAME不匹配：预期[visionqa]，实际[visual_search]; QUERY语义不匹配：预期[]，实际[她背的帆布包是什么品牌的]
2026-02-26 19:04:15,894 - INFO - CaseID:2395 - APINAME字段：QASearch对应worthbuy，判定通过
2026-02-26 19:04:18,182 - INFO - CaseID:2395 - 整体结果: FAILED | 详情: CATEGORY不匹配：无交集 - 预期[生物,其他问答]，实际[商品评价]; TAG不匹配：互不包含 - 预期[文蛤&具有售卖价值]，实际[文蛤&售卖价值]
2026-02-26 19:04:18,183 - INFO - CaseID:2396 - 整体结果: FAILED | 详情: APINAME不匹配：预期[visionqa]，实际[visual_search]; QUERY语义不匹配：预期[]，实际[这只螃蟹是什么品种的]
2026-02-26 19:04:18,184 - INFO - CaseID:2397 - 整体结果: FAILED | 详情: APINAME不匹配：预期[visionqa]，实际[visual_search]; QUERY语义不匹配：预期[]，实际[这只白色鸽子是什么品种的鸽子]
2026-02-26 19:04:20,267 - INFO - CaseID:2398 - 整体结果: PASS | 详情: 所有字段校验通过
2026-02-26 19:04:22,181 - INFO - CaseID:2399 - 整体结果: PASS | 详情: 所有字段校验通过
2026-02-26 19:04:22,181 - INFO - 已处理2400行，休眠5秒降低压力...
2026-02-26 19:04:27,187 - INFO - CaseID:2400 - 整体结果: FAILED | 详情: APINAME不匹配：预期[visionqa]，实际[QASearch]; CATEGORY不匹配：一方为空 - 预期[]，实际[生物]; QUERY语义不匹配：预期[]，实际[猕猴的毛色]; TAG不匹配：一方为空 - 预期[]，实际[猕猴&毛色]
2026-02-26 19:04:27,187 - INFO - 已处理2400条用例，当前通过数：1834
2026-02-26 19:04:27,975 - INFO - CaseID:2401 - 整体结果: FAILED | 详情: QUERY语义不匹配：预期[奶牛的主要食物是什么]，实际[荷斯坦牛的主要食物]; TAG不匹配：互不包含 - 预期[奶牛&主要食物]，实际[荷斯坦牛&主要食物]
2026-02-26 19:04:29,959 - INFO - CaseID:2402 - 整体结果: FAILED | 详情: CATEGORY不匹配：无交集 - 预期[生物,其他问答]，实际[健康]
2026-02-26 19:04:31,780 - INFO - CaseID:2403 - 整体结果: FAILED | 详情: QUERY语义不匹配：预期[奶牛的来源地]，实际[奶牛通常生活的地区]; TAG不匹配：互不包含 - 预期[奶牛&来源地]，实际[奶牛&通常生活&地区]
2026-02-26 19:04:34,322 - INFO - CaseID:2404 - 整体结果: FAILED | 详情: TAG不匹配：互不包含 - 预期[螳螂虾&生活水域]，实际[螳螂虾&生活环境]
2026-02-26 19:04:36,780 - INFO - CaseID:2405 - 整体结果: FAILED | 详情: TAG不匹配：互不包含 - 预期[溪蟹&河蟹&能够食用]，实际[淡水蟹&能够食用]
2026-02-26 19:04:38,830 - INFO - CaseID:2406 - 整体结果: FAILED | 详情: TAG不匹配：互不包含 - 预期[大闸蟹&最简单&烹饪方法]，实际[中华绒螯蟹&最简单的烹饪方法]
2026-02-26 19:04:40,876 - INFO - CaseID:2407 - 整体结果: PASS | 详情: 所有字段校验通过
2026-02-26 19:04:42,606 - INFO - CaseID:2408 - 整体结果: PASS | 详情: 所有字段校验通过
2026-02-26 19:04:44,767 - INFO - CaseID:2409 - 整体结果: PASS | 详情: 所有字段校验通过
2026-02-26 19:04:46,611 - INFO - CaseID:2410 - 整体结果: PASS | 详情: 所有字段校验通过
2026-02-26 19:04:48,660 - INFO - CaseID:2411 - 整体结果: PASS | 详情: 所有字段校验通过
2026-02-26 19:04:50,707 - INFO - CaseID:2412 - 整体结果: FAILED | 详情: TAG不匹配：互不包含 - 预期[凤尾鱼&名字&来源]，实际[凤尾鱼&名字&由来]
2026-02-26 19:04:52,663 - INFO - CaseID:2413 - 整体结果: FAILED | 详情: TAG不匹配：互不包含 - 预期[比目鱼&其他别称]，实际[比目鱼&别名]
2026-02-26 19:04:54,600 - INFO - CaseID:2414 - 整体结果: PASS | 详情: 所有字段校验通过
2026-02-26 19:04:54,601 - INFO - CaseID:2415 - CATEGORY字段：标准答案为「其他问答」，模型输出任意值通过
2026-02-26 19:04:56,356 - INFO - CaseID:2415 - 整体结果: PASS | 详情: 所有字段校验通过
2026-02-26 19:04:58,488 - INFO - CaseID:2416 - 整体结果: PASS | 详情: 所有字段校验通过
2026-02-26 19:05:00,024 - INFO - CaseID:2417 - 整体结果: PASS | 详情: 所有字段校验通过
2026-02-26 19:05:01,971 - INFO - CaseID:2418 - 整体结果: PASS | 详情: 所有字段校验通过
2026-02-26 19:05:04,020 - INFO - CaseID:2419 - 整体结果: FAILED | 详情: CATEGORY不匹配：无交集 - 预期[人物]，实际[影视]; TAG不匹配：互不包含 - 预期[小猪佩奇&动画片&国籍]，实际[小猪佩奇&制片地区]
2026-02-26 19:05:04,021 - INFO - CaseID:2420 - APINAME字段：QASearch对应worthbuy，判定通过
2026-02-26 19:05:04,021 - INFO - CaseID:2420 - CATEGORY字段：标准答案为「其他问答」，模型输出任意值通过
2026-02-26 19:05:06,067 - INFO - CaseID:2420 - 整体结果: PASS | 详情: 所有字段校验通过
2026-02-26 19:05:06,067 - INFO - CaseID:2421 - APINAME字段：QASearch对应worthbuy，判定通过
2026-02-26 19:05:06,068 - INFO - CaseID:2421 - CATEGORY字段：标准答案为「其他问答」，模型输出任意值通过
2026-02-26 19:05:08,061 - INFO - CaseID:2421 - 整体结果: PASS | 详情: 所有字段校验通过
2026-02-26 19:05:09,961 - INFO - CaseID:2422 - 整体结果: FAILED | 详情: TAG不匹配：互不包含 - 预期[小猪佩奇&上映时间]，实际[小猪佩奇&出品时间]
2026-02-26 19:05:12,623 - INFO - CaseID:2423 - 整体结果: PASS | 详情: 所有字段校验通过
2026-02-26 19:05:12,623 - INFO - CaseID:2424 - APINAME字段：QASearch对应worthbuy，判定通过
2026-02-26 19:05:12,624 - INFO - CaseID:2424 - CATEGORY字段：标准答案为「其他问答」，模型输出任意值通过
2026-02-26 19:05:14,270 - INFO - CaseID:2424 - 整体结果: PASS | 详情: 所有字段校验通过
2026-02-26 19:05:14,270 - INFO - CaseID:2425 - 整体结果: FAILED | 详情: APINAME不匹配：预期[visionqa]，实际[visual_search]; QUERY语义不匹配：预期[]，实际[这个小猪佩奇的玩偶的材质是什么]
2026-02-26 19:05:14,271 - INFO - CaseID:2426 - 整体结果: FAILED | 详情: APINAME不匹配：预期[visionqa]，实际[visual_search]; QUERY语义不匹配：预期[]，实际[这个猪爸的玩偶是什么颜色的]
2026-02-26 19:05:14,271 - INFO - CaseID:2427 - 整体结果: FAILED | 详情: APINAME不匹配：预期[visionqa]，实际[visual_search]; QUERY语义不匹配：预期[]，实际[这只粉红色的卡通猪玩偶的尺寸]
2026-02-26 19:05:14,271 - INFO - CaseID:2428 - 整体结果: FAILED | 详情: APINAME不匹配：预期[visionqa]，实际[visual_search]; QUERY语义不匹配：预期[]，实际[这个小猪玩偶的材质是什么]
2026-02-26 19:05:14,271 - INFO - CaseID:2429 - 整体结果: FAILED | 详情: APINAME不匹配：预期[visionqa]，实际[visual_search]; QUERY语义不匹配：预期[]，实际[这个粉红色的卡通猪玩偶是哪部动画片的角色]
2026-02-26 19:05:16,217 - INFO - CaseID:2430 - 整体结果: FAILED | 详情: CATEGORY不匹配：无交集 - 预期[人物]，实际[影视]
2026-02-26 19:05:16,218 - INFO - CaseID:2431 - CATEGORY字段：标准答案为「其他问答」，模型输出任意值通过
2026-02-26 19:05:18,209 - INFO - CaseID:2431 - 整体结果: FAILED | 详情: QUERY语义不匹配：预期[毛绒玩具的别名]，实际[穿着粉色衣服的小狗毛绒玩具的别名]; TAG不匹配：互不包含 - 预期[毛绒玩具&别名]，实际[穿着粉色衣服&小狗毛绒玩具&别名]
2026-02-26 19:05:20,608 - INFO - CaseID:2432 - 整体结果: PASS | 详情: 所有字段校验通过
2026-02-26 19:05:20,609 - INFO - CaseID:2433 - 整体结果: FAILED | 详情: APINAME不匹配：预期[visionqa]，实际[visual_search]; QUERY语义不匹配：预期[]，实际[这只公仔的衣服是什么颜色的]
2026-02-26 19:05:20,609 - INFO - CaseID:2434 - 整体结果: FAILED | 详情: APINAME不匹配：预期[visionqa]，实际[visual_search]; QUERY语义不匹配：预期[]，实际[这个小砾公仔是什么颜色的]
2026-02-26 19:05:20,610 - INFO - CaseID:2435 - 整体结果: FAILED | 详情: APINAME不匹配：预期[visionqa]，实际[visual_search]; QUERY语义不匹配：预期[]，实际[这个玩具小狗的材质是什么]
2026-02-26 19:05:20,610 - INFO - CaseID:2436 - 整体结果: FAILED | 详情: APINAME不匹配：预期[visionqa]，实际[visual_search]; QUERY语义不匹配：预期[]，实际[这个穿着消防员制服的小狗叫什么名字]
2026-02-26 19:05:22,529 - INFO - CaseID:2437 - 整体结果: FAILED | 详情: TAG不匹配：互不包含 - 预期[汪汪队立大功&季数&时效性]，实际[汪汪队立大功&当前&集数&时效性]
2026-02-26 19:05:22,530 - INFO - CaseID:2438 - APINAME字段：QASearch对应worthbuy，判定通过
2026-02-26 19:05:22,530 - INFO - CaseID:2438 - CATEGORY字段：标准答案为「其他问答」，模型输出任意值通过
2026-02-26 19:05:24,704 - INFO - CaseID:2438 - 整体结果: FAILED | 详情: QUERY语义不匹配：预期[汪汪队立大功的购买渠道有哪些]，实际[汪汪队立大功的毛绒玩具的购买渠道]
2026-02-26 19:05:24,704 - INFO - CaseID:2439 - 整体结果: FAILED | 详情: APINAME不匹配：预期[visionqa]，实际[visual_search]; QUERY语义不匹配：预期[]，实际[这个公仔穿着什么制服]
2026-02-26 19:05:26,959 - INFO - CaseID:2440 - 整体结果: FAILED | 详情: APINAME不匹配：预期[QASearch]，实际[AUTOSearch]; CATEGORY不匹配：无交集 - 预期[人物]，实际[汽车]
2026-02-26 19:05:26,960 - INFO - CaseID:2441 - CATEGORY字段：标准答案为「其他问答」，模型输出任意值通过
2026-02-26 19:05:28,801 - INFO - CaseID:2441 - 整体结果: PASS | 详情: 所有字段校验通过
2026-02-26 19:05:28,802 - INFO - CaseID:2442 - CATEGORY字段：标准答案为「其他问答」，模型输出任意值通过
2026-02-26 19:05:30,788 - INFO - CaseID:2442 - 整体结果: FAILED | 详情: TAG不匹配：互不包含 - 预期[灰灰公仔&购买地点]，实际[灰灰公仔&购买位置]
2026-02-26 19:05:30,789 - INFO - CaseID:2443 - 整体结果: FAILED | 详情: APINAME不匹配：预期[visionqa]，实际[visual_search]; QUERY语义不匹配：预期[]，实际[这个无线耳机的充电盒是什么品牌的]
2026-02-26 19:05:30,789 - INFO - CaseID:2444 - CATEGORY字段：标准答案为「其他问答」，模型输出任意值通过
2026-02-26 19:05:32,658 - INFO - CaseID:2444 - 整体结果: PASS | 详情: 所有字段校验通过
2026-02-26 19:05:32,659 - INFO - CaseID:2445 - CATEGORY字段：标准答案为「其他问答」，模型输出任意值通过
2026-02-26 19:05:35,357 - INFO - CaseID:2445 - 整体结果: PASS | 详情: 所有字段校验通过
2026-02-26 19:05:35,357 - INFO - CaseID:2446 - 整体结果: FAILED | 详情: APINAME不匹配：预期[visionqa]，实际[visual_search]; QUERY语义不匹配：预期[]，实际[这副无线蓝牙耳机是什么颜色的]
2026-02-26 19:05:35,358 - INFO - CaseID:2447 - APINAME字段：QASearch对应worthbuy，判定通过
2026-02-26 19:05:35,358 - INFO - CaseID:2447 - CATEGORY字段：标准答案为「其他问答」，模型输出任意值通过
2026-02-26 19:05:37,340 - INFO - CaseID:2447 - 整体结果: PASS | 详情: 所有字段校验通过
2026-02-26 19:05:37,341 - INFO - CaseID:2448 - 整体结果: FAILED | 详情: APINAME不匹配：预期[visionqa]，实际[visual_search]; QUERY语义不匹配：预期[]，实际[这副华为的无线耳机是白色的吗]
2026-02-26 19:05:37,342 - INFO - CaseID:2449 - 整体结果: FAILED | 详情: APINAME不匹配：预期[visionqa]，实际[visual_search]; QUERY语义不匹配：预期[]，实际[这款空调遥控器的空调品牌是什么？]
2026-02-26 19:05:37,342 - INFO - CaseID:2450 - CATEGORY字段：标准答案为「其他问答」，模型输出任意值通过
2026-02-26 19:05:39,235 - INFO - CaseID:2450 - 整体结果: FAILED | 详情: APINAME不匹配：预期[QASearch]，实际[AUTOSearch]; QUERY语义不匹配：预期[遥控器的用途是什么]，实际[遥控器的简介]; TAG不匹配：互不包含 - 预期[遥控器&用途]，实际[遥控器&简介]
2026-02-26 19:05:39,236 - INFO - CaseID:2451 - CATEGORY字段：标准答案为「其他问答」，模型输出任意值通过
2026-02-26 19:05:41,223 - INFO - CaseID:2451 - 整体结果: FAILED | 详情: APINAME不匹配：预期[QASearch]，实际[AUTOSearch]; TAG不匹配：互不包含 - 预期[遥控器&控制&机器]，实际[遥控器&控制机器]
2026-02-26 19:05:41,224 - INFO - CaseID:2452 - 整体结果: FAILED | 详情: APINAME不匹配：预期[visionqa]，实际[visual_search]; QUERY语义不匹配：预期[]，实际[这个遥控器是什么颜色的]
2026-02-26 19:05:41,224 - INFO - CaseID:2453 - CATEGORY字段：标准答案为「其他问答」，模型输出任意值通过
2026-02-26 19:05:43,136 - INFO - CaseID:2453 - 整体结果: FAILED | 详情: APINAME不匹配：预期[QASearch]，实际[AUTOSearch]
2026-02-26 19:05:43,137 - INFO - CaseID:2454 - 整体结果: FAILED | 详情: APINAME不匹配：预期[visionqa]，实际[visual_search]; QUERY语义不匹配：预期[]，实际[这个麦克风是什么品牌]
2026-02-26 19:05:43,137 - INFO - CaseID:2455 - 整体结果: FAILED | 详情: APINAME不匹配：预期[visionqa]，实际[visual_search]; QUERY语义不匹配：预期[]，实际[这个麦克风是什么颜色的]
2026-02-26 19:05:43,138 - INFO - CaseID:2456 - CATEGORY字段：标准答案为「其他问答」，模型输出任意值通过
2026-02-26 19:05:45,130 - INFO - CaseID:2456 - 整体结果: FAILED | 详情: APINAME不匹配：预期[QASearch]，实际[AUTOSearch]
2026-02-26 19:05:45,131 - INFO - CaseID:2457 - CATEGORY字段：标准答案为「其他问答」，模型输出任意值通过
2026-02-26 19:05:47,055 - INFO - CaseID:2457 - 整体结果: FAILED | 详情: APINAME不匹配：预期[QASearch]，实际[AUTOSearch]
2026-02-26 19:05:47,056 - INFO - CaseID:2458 - CATEGORY字段：标准答案为「其他问答」，模型输出任意值通过
2026-02-26 19:05:49,077 - INFO - CaseID:2458 - 整体结果: PASS | 详情: 所有字段校验通过
2026-02-26 19:05:49,078 - INFO - CaseID:2459 - 整体结果: FAILED | 详情: APINAME不匹配：预期[visionqa]，实际[visual_search]; QUERY语义不匹配：预期[]，实际[这个发夹是什么颜色的]
2026-02-26 19:05:49,078 - INFO - CaseID:2460 - 整体结果: FAILED | 详情: APINAME不匹配：预期[visionqa]，实际[visual_search]; QUERY语义不匹配：预期[]，实际[这个紫色的发夹是什么图案的]
2026-02-26 19:05:49,078 - INFO - CaseID:2461 - APINAME字段：QASearch对应worthbuy，判定通过
2026-02-26 19:05:49,079 - INFO - CaseID:2461 - CATEGORY字段：标准答案为「其他问答」，模型输出任意值通过
2026-02-26 19:05:51,124 - INFO - CaseID:2461 - 整体结果: PASS | 详情: 所有字段校验通过
2026-02-26 19:05:51,125 - INFO - CaseID:2462 - APINAME字段：QASearch对应worthbuy，判定通过
2026-02-26 19:05:51,125 - INFO - CaseID:2462 - CATEGORY字段：标准答案为「其他问答」，模型输出任意值通过
2026-02-26 19:05:52,968 - INFO - CaseID:2462 - 整体结果: FAILED | 详情: QUERY语义不匹配：预期[拉链袋的分类有哪些]，实际[牛仔布拉链袋的分类]; TAG不匹配：互不包含 - 预期[拉链袋&分类]，实际[牛仔布拉链袋&分类]
2026-02-26 19:05:52,969 - INFO - CaseID:2463 - 整体结果: FAILED | 详情: APINAME不匹配：预期[visionqa]，实际[visual_search]; QUERY语义不匹配：预期[]，实际[这个腰果零食是什么品牌的]
2026-02-26 19:05:52,969 - INFO - CaseID:2464 - CATEGORY字段：标准答案为「其他问答」，模型输出任意值通过
2026-02-26 19:05:55,017 - INFO - CaseID:2464 - 整体结果: FAILED | 详情: APINAME不匹配：预期[QASearch]，实际[visual_search]; TAG不匹配：一方为空 - 预期[混合坚果&品牌]，实际[]
2026-02-26 19:05:56,858 - INFO - CaseID:2465 - 整体结果: FAILED | 详情: QUERY语义不匹配：预期[腰果的生长环境]，实际[腰果是长在树上的吗]
2026-02-26 19:05:58,907 - INFO - CaseID:2466 - 整体结果: PASS | 详情: 所有字段校验通过
2026-02-26 19:05:58,907 - INFO - CaseID:2467 - CATEGORY字段：标准答案为「其他问答」，模型输出任意值通过
2026-02-26 19:06:00,745 - INFO - CaseID:2467 - 整体结果: PASS | 详情: 所有字段校验通过
2026-02-26 19:06:00,746 - INFO - CaseID:2468 - 整体结果: FAILED | 详情: APINAME不匹配：预期[visionqa]，实际[visual_search]; QUERY语义不匹配：预期[]，实际[这杯星巴克的饮料是中杯的还是大杯的]
2026-02-26 19:06:00,746 - INFO - CaseID:2469 - APINAME字段：QASearch对应worthbuy，判定通过
2026-02-26 19:06:00,747 - INFO - CaseID:2469 - CATEGORY字段：标准答案为「其他问答」，模型输出任意值通过
2026-02-26 19:06:04,888 - INFO - CaseID:2469 - 整体结果: FAILED | 详情: TAG不匹配：互不包含 - 预期[星巴克&热饮推荐]，实际[星巴克&热饮&推荐]
2026-02-26 19:06:04,889 - INFO - CaseID:2470 - 整体结果: FAILED | 详情: APINAME不匹配：预期[visionqa]，实际[visual_search]; QUERY语义不匹配：预期[]，实际[这个咖啡杯是什么颜色的]
2026-02-26 19:06:04,889 - INFO - CaseID:2471 - 整体结果: FAILED | 详情: APINAME不匹配：预期[visionqa]，实际[visual_search]; QUERY语义不匹配：预期[]，实际[这杯星巴克的饮料杯壁颜色是什么]
2026-02-26 19:06:04,890 - INFO - CaseID:2472 - 整体结果: FAILED | 详情: APINAME不匹配：预期[visionqa]，实际[visual_search]; QUERY语义不匹配：预期[]，实际[这瓶竹香乌龙茶饮料是什么品牌的]
2026-02-26 19:06:04,890 - INFO - CaseID:2473 - 整体结果: FAILED | 详情: APINAME不匹配：预期[visionqa]，实际[worthbuy]; CATEGORY不匹配：一方为空 - 预期[]，实际[商品查询-确定商品]; QUERY语义不匹配：预期[]，实际[竹香乌龙茶的售价是多少]; TAG不匹配：一方为空 - 预期[]，实际[竹香乌龙茶&售价]
2026-02-26 19:06:06,893 - INFO - CaseID:2474 - 整体结果: PASS | 详情: 所有字段校验通过
2026-02-26 19:06:06,894 - INFO - CaseID:2475 - 整体结果: FAILED | 详情: APINAME不匹配：预期[visionqa]，实际[visual_search]; QUERY语义不匹配：预期[]，实际[这盒牛奶饮品的容量是多少？]
2026-02-26 19:06:06,894 - INFO - CaseID:2476 - 整体结果: FAILED | 详情: APINAME不匹配：预期[visionqa]，实际[visual_search]; QUERY语义不匹配：预期[]，实际[这个牛奶包装盒上面有什么图案]
2026-02-26 19:06:06,895 - INFO - CaseID:2477 - APINAME字段：QASearch对应worthbuy，判定通过
2026-02-26 19:06:06,895 - INFO - CaseID:2477 - CATEGORY字段：标准答案为「其他问答」，模型输出任意值通过
2026-02-26 19:06:08,603 - INFO - CaseID:2477 - 整体结果: PASS | 详情: 所有字段校验通过
2026-02-26 19:06:08,604 - INFO - CaseID:2478 - 整体结果: FAILED | 详情: APINAME不匹配：预期[visionqa]，实际[visual_search]; QUERY语义不匹配：预期[]，实际[这盒牛奶的品牌是什么？]
2026-02-26 19:06:11,195 - INFO - CaseID:2479 - 整体结果: PASS | 详情: 所有字段校验通过
2026-02-26 19:06:13,085 - INFO - CaseID:2480 - 整体结果: PASS | 详情: 所有字段校验通过
2026-02-26 19:06:13,086 - INFO - CaseID:2481 - CATEGORY字段：标准答案为「其他问答」，模型输出任意值通过
2026-02-26 19:06:15,086 - INFO - CaseID:2481 - 整体结果: FAILED | 详情: TAG不匹配：互不包含 - 预期[布偶猫&主要&饮食习惯]，实际[布偶猫&主要饮食习惯]
2026-02-26 19:06:15,086 - INFO - CaseID:2482 - APINAME字段：QASearch对应worthbuy，判定通过
2026-02-26 19:06:17,134 - INFO - CaseID:2482 - 整体结果: FAILED | 详情: CATEGORY不匹配：无交集 - 预期[生物,其他问答]，实际[商品查询-确定商品]
2026-02-26 19:06:19,182 - INFO - CaseID:2483 - 整体结果: FAILED | 详情: TAG不匹配：互不包含 - 预期[土耳其安哥拉猫&来源地]，实际[土耳其安哥拉猫&起源地]
2026-02-26 19:06:21,231 - INFO - CaseID:2484 - 整体结果: FAILED | 详情: QUERY语义不匹配：预期[波斯猫是一种什么动物]，实际[波斯猫的简介]; TAG不匹配：互不包含 - 预期[波斯猫&动物]，实际[波斯猫&简介]
2026-02-26 19:06:23,073 - INFO - CaseID:2485 - 整体结果: PASS | 详情: 所有字段校验通过
2026-02-26 19:06:23,074 - INFO - CaseID:2486 - 整体结果: FAILED | 详情: APINAME不匹配：预期[visionqa]，实际[visual_search]; QUERY语义不匹配：预期[]，实际[这只白色长毛猫的眼睛颜色]
2026-02-26 19:06:25,122 - INFO - CaseID:2487 - 整体结果: FAILED | 详情: TAG不匹配：互不包含 - 预期[波斯猫&培养&国家]，实际[波斯猫&来源地]
2026-02-26 19:06:27,169 - INFO - CaseID:2488 - 整体结果: FAILED | 详情: TAG不匹配：互不包含 - 预期[黄色&玫瑰花&培育&特点]，实际[黄色玫瑰花&培育&特别之处]
2026-02-26 19:06:29,191 - INFO - CaseID:2489 - 整体结果: FAILED | 详情: TAG不匹配：互不包含 - 预期[黄色月季花&科属]，实际[月季&科属]
2026-02-26 19:06:31,211 - INFO - CaseID:2490 - 整体结果: PASS | 详情: 所有字段校验通过
2026-02-26 19:06:33,665 - INFO - CaseID:2491 - 整体结果: FAILED | 详情: CATEGORY不匹配：无交集 - 预期[生物]，实际[健康]
2026-02-26 19:06:35,771 - INFO - CaseID:2492 - 整体结果: PASS | 详情: 所有字段校验通过
2026-02-26 19:06:37,898 - INFO - CaseID:2493 - 整体结果: FAILED | 详情: TAG不匹配：互不包含 - 预期[木芙蓉&适宜&生存环境]，实际[木芙蓉&适宜生存环境]
2026-02-26 19:06:40,074 - INFO - CaseID:2494 - 整体结果: FAILED | 详情: TAG不匹配：互不包含 - 预期[柚子树&生长城市]，实际[柚子树&一般生长&中国&城市]
2026-02-26 19:06:41,662 - INFO - CaseID:2495 - 整体结果: PASS | 详情: 所有字段校验通过
2026-02-26 19:06:41,662 - INFO - CaseID:2496 - CATEGORY字段：标准答案为「其他问答」，模型输出任意值通过
2026-02-26 19:06:43,759 - INFO - CaseID:2496 - 整体结果: FAILED | 详情: TAG不匹配：互不包含 - 预期[百合科&花卉&通常在&几月&开花]，实际[百合科&花卉&开花时间]
2026-02-26 19:06:45,652 - INFO - CaseID:2497 - 整体结果: PASS | 详情: 所有字段校验通过
2026-02-26 19:06:48,673 - INFO - CaseID:2498 - 整体结果: PASS | 详情: 所有字段校验通过
2026-02-26 19:06:50,565 - INFO - CaseID:2499 - 整体结果: FAILED | 详情: TAG不匹配：互不包含 - 预期[落羽杉&通常&能长&高度]，实际[落羽杉&通常&能长到&身高]
2026-02-26 19:06:50,565 - INFO - 已处理2500行，休眠5秒降低压力...
2026-02-26 19:06:57,482 - INFO - CaseID:2500 - 整体结果: FAILED | 详情: TAG不匹配：互不包含 - 预期[水杉&中国保护等级]，实际[水杉&中国&保护等级]
2026-02-26 19:07:00,962 - INFO - CaseID:2501 - 整体结果: PASS | 详情: 所有字段校验通过
2026-02-26 19:07:03,009 - INFO - CaseID:2502 - 整体结果: PASS | 详情: 所有字段校验通过
2026-02-26 19:07:05,058 - INFO - CaseID:2503 - 整体结果: FAILED | 详情: CATEGORY不匹配：无交集 - 预期[生物]，实际[健康]
2026-02-26 19:07:07,010 - INFO - CaseID:2504 - 整体结果: FAILED | 详情: CATEGORY不匹配：无交集 - 预期[生物]，实际[健康]
2026-02-26 19:07:09,154 - INFO - CaseID:2505 - 整体结果: PASS | 详情: 所有字段校验通过
2026-02-26 19:07:11,054 - INFO - CaseID:2506 - 整体结果: PASS | 详情: 所有字段校验通过
2026-02-26 19:07:12,764 - INFO - CaseID:2507 - 整体结果: FAILED | 详情: TAG不匹配：互不包含 - 预期[叶子&病斑&植物&清理&病斑]，实际[叶子上有病斑&植物&清理病斑&方法]
2026-02-26 19:07:14,734 - INFO - CaseID:2508 - 整体结果: PASS | 详情: 所有字段校验通过
2026-02-26 19:07:16,537 - INFO - CaseID:2509 - 整体结果: FAILED | 详情: TAG不匹配：互不包含 - 预期[玉兰树&最高能长到&高度]，实际[玉兰树&最高&能长到&高度]
2026-02-26 19:07:18,492 - INFO - CaseID:2510 - 整体结果: PASS | 详情: 所有字段校验通过
2026-02-26 19:07:20,419 - INFO - CaseID:2511 - 整体结果: PASS | 详情: 所有字段校验通过
2026-02-26 19:07:20,419 - INFO - CaseID:2512 - 整体结果: FAILED | 详情: APINAME不匹配：预期[visionqa]，实际[worthbuy]; CATEGORY不匹配：一方为空 - 预期[]，实际[商品查询-确定商品]; QUERY语义不匹配：预期[]，实际[黑色T恤的材质]; TAG不匹配：一方为空 - 预期[]，实际[黑色T恤&材质]
2026-02-26 19:07:20,420 - INFO - CaseID:2513 - 整体结果: FAILED | 详情: APINAME不匹配：预期[visionqa]，实际[visual_search]; QUERY语义不匹配：预期[]，实际[这件黑色T恤的材质是什么]
2026-02-26 19:07:20,420 - INFO - CaseID:2514 - 整体结果: FAILED | 详情: APINAME不匹配：预期[visionqa]，实际[visual_search]; QUERY语义不匹配：预期[]，实际[这件T恤的品牌是什么？]
2026-02-26 19:07:20,420 - INFO - CaseID:2515 - 整体结果: FAILED | 详情: APINAME不匹配：预期[visionqa]，实际[visual_search]; QUERY语义不匹配：预期[]，实际[这件衣服的品牌是什么]
2026-02-26 19:07:22,464 - INFO - CaseID:2516 - 整体结果: FAILED | 详情: CATEGORY不匹配：无交集 - 预期[地理]，实际[地理通用]
2026-02-26 19:07:22,465 - INFO - CaseID:2517 - 整体结果: FAILED | 详情: APINAME不匹配：预期[visionqa]，实际[visual_search]; QUERY语义不匹配：预期[]，实际[这件黑色的衣服上有什么图案]
2026-02-26 19:07:22,465 - INFO - CaseID:2518 - 整体结果: FAILED | 详情: APINAME不匹配：预期[visionqa]，实际[worthbuy]; CATEGORY不匹配：一方为空 - 预期[]，实际[商品推荐]; QUERY语义不匹配：预期[]，实际[黑色防风防水夹克的款式]; TAG不匹配：一方为空 - 预期[]，实际[黑色&防风防水夹克&款式]
2026-02-26 19:07:22,465 - INFO - CaseID:2519 - 整体结果: FAILED | 详情: APINAME不匹配：预期[visionqa]，实际[visual_search]; QUERY语义不匹配：预期[]，实际[这件黑色外套的品牌是什么]
2026-02-26 19:07:22,465 - INFO - CaseID:2520 - APINAME字段：QASearch对应worthbuy，判定通过
2026-02-26 19:07:22,465 - INFO - CaseID:2520 - CATEGORY字段：标准答案为「其他问答」，模型输出任意值通过
2026-02-26 19:07:24,442 - INFO - CaseID:2520 - 整体结果: FAILED | 详情: TAG不匹配：互不包含 - 预期[适合搭配&牛仔裤&类型推荐]，实际[适合&搭配&牛仔裤&类型]
2026-02-26 19:07:24,443 - INFO - CaseID:2521 - APINAME字段：QASearch对应worthbuy，判定通过
2026-02-26 19:07:24,443 - INFO - CaseID:2521 - CATEGORY字段：标准答案为「其他问答」，模型输出任意值通过
2026-02-26 19:07:26,535 - INFO - CaseID:2521 - 整体结果: FAILED | 详情: TAG不匹配：互不包含 - 预期[灰色休闲服&购买渠道]，实际[灰色休闲服&购买地点]
2026-02-26 19:07:26,536 - INFO - CaseID:2522 - 整体结果: FAILED | 详情: APINAME不匹配：预期[visionqa]，实际[visual_search]; QUERY语义不匹配：预期[]，实际[这件衣服是什么品牌的]
2026-02-26 19:07:26,536 - INFO - CaseID:2523 - APINAME字段：QASearch对应worthbuy，判定通过
2026-02-26 19:07:26,536 - INFO - CaseID:2523 - CATEGORY字段：标准答案为「其他问答」，模型输出任意值通过
2026-02-26 19:07:28,497 - INFO - CaseID:2523 - 整体结果: PASS | 详情: 所有字段校验通过
2026-02-26 19:07:28,498 - INFO - CaseID:2524 - APINAME字段：QASearch对应worthbuy，判定通过
2026-02-26 19:07:28,498 - INFO - CaseID:2524 - CATEGORY字段：标准答案为「其他问答」，模型输出任意值通过
2026-02-26 19:07:30,282 - INFO - CaseID:2524 - 整体结果: FAILED | 详情: TAG不匹配：互不包含 - 预期[选择外套时&版型重要&材质重要]，实际[选择外套&版型&材质&重要]
2026-02-26 19:07:30,282 - INFO - CaseID:2525 - CATEGORY字段：模型输出含「其他问答」，该字段通过
2026-02-26 19:07:30,283 - INFO - CaseID:2525 - 整体结果: FAILED | 详情: APINAME不匹配：预期[visionqa]，实际[QASearch]; QUERY语义不匹配：预期[]，实际[拼色毛衣的编织方法]; TAG不匹配：一方为空 - 预期[]，实际[拼色毛衣&编织方法]
2026-02-26 19:07:30,283 - INFO - CaseID:2526 - 整体结果: FAILED | 详情: APINAME不匹配：预期[visionqa]，实际[visual_search]; QUERY语义不匹配：预期[]，实际[这件衣服是什么颜色的]
2026-02-26 19:07:30,283 - INFO - CaseID:2527 - 整体结果: FAILED | 详情: APINAME不匹配：预期[visionqa]，实际[visual_search]; QUERY语义不匹配：预期[]，实际[这件灰色和深蓝色的搭配的衣服是国内的品牌吗]
2026-02-26 19:07:30,283 - INFO - CaseID:2528 - 整体结果: FAILED | 详情: APINAME不匹配：预期[visionqa]，实际[worthbuy]; CATEGORY不匹配：一方为空 - 预期[]，实际[商品推荐]; QUERY语义不匹配：预期[]，实际[红白格纹外套搭配的包包]; TAG不匹配：一方为空 - 预期[]，实际[红白格纹外套&搭配&包包]
2026-02-26 19:07:30,284 - INFO - CaseID:2529 - 整体结果: FAILED | 详情: APINAME不匹配：预期[visionqa]，实际[visual_search]; QUERY语义不匹配：预期[]，实际[这件衣服的材质是什么]
2026-02-26 19:07:30,284 - INFO - CaseID:2530 - 整体结果: FAILED | 详情: APINAME不匹配：预期[visionqa]，实际[visual_search]; QUERY语义不匹配：预期[]，实际[这件牛仔夹克的品牌是什么]
2026-02-26 19:07:30,284 - INFO - CaseID:2531 - 整体结果: FAILED | 详情: APINAME不匹配：预期[visionqa]，实际[visual_search]; QUERY语义不匹配：预期[]，实际[这个衣服是什么颜色的]
2026-02-26 19:07:30,284 - INFO - CaseID:2532 - 整体结果: FAILED | 详情: APINAME不匹配：预期[visionqa]，实际[visual_search]; QUERY语义不匹配：预期[]，实际[这件衣服适合什么场合]
2026-02-26 19:07:30,285 - INFO - CaseID:2533 - CATEGORY字段：标准答案为「其他问答」，模型输出任意值通过
2026-02-26 19:07:32,706 - INFO - CaseID:2533 - 整体结果: FAILED | 详情: APINAME不匹配：预期[QASearch]，实际[visual_search]; TAG不匹配：一方为空 - 预期[羽绒服&价格]，实际[]
2026-02-26 19:07:32,706 - INFO - CaseID:2534 - APINAME字段：QASearch对应worthbuy，判定通过
2026-02-26 19:07:32,706 - INFO - CaseID:2534 - CATEGORY字段：标准答案为「其他问答」，模型输出任意值通过
2026-02-26 19:07:34,687 - INFO - CaseID:2534 - 整体结果: PASS | 详情: 所有字段校验通过
2026-02-26 19:07:34,688 - INFO - CaseID:2535 - 整体结果: FAILED | 详情: APINAME不匹配：预期[visionqa]，实际[visual_search]; QUERY语义不匹配：预期[]，实际[这件浅色羽绒服是短款还是长款]
2026-02-26 19:07:34,688 - INFO - CaseID:2536 - 整体结果: FAILED | 详情: APINAME不匹配：预期[visionqa]，实际[visual_search]; QUERY语义不匹配：预期[]，实际[这件羽绒服是什么颜色的]
2026-02-26 19:07:34,689 - INFO - CaseID:2537 - 整体结果: FAILED | 详情: APINAME不匹配：预期[visionqa]，实际[worthbuy]; CATEGORY不匹配：一方为空 - 预期[]，实际[商品查询-不确定商品]; QUERY语义不匹配：预期[]，实际[条纹衬衫的材质]; TAG不匹配：一方为空 - 预期[]，实际[条纹衬衫&材质]
2026-02-26 19:07:34,689 - INFO - CaseID:2538 - 整体结果: FAILED | 详情: APINAME不匹配：预期[visionqa]，实际[visual_search]; QUERY语义不匹配：预期[]，实际[这件衬衫是什么颜色的]
2026-02-26 19:07:34,689 - INFO - CaseID:2539 - 整体结果: FAILED | 详情: APINAME不匹配：预期[visionqa]，实际[visual_search]; QUERY语义不匹配：预期[]，实际[这件格子衬衫的款式如何]
2026-02-26 19:07:34,689 - INFO - CaseID:2540 - 整体结果: FAILED | 详情: APINAME不匹配：预期[visionqa]，实际[worthbuy]; CATEGORY不匹配：一方为空 - 预期[]，实际[商品推荐]; QUERY语义不匹配：预期[]，实际[蓝色条纹衬衫适合的穿着年龄]; TAG不匹配：一方为空 - 预期[]，实际[蓝色条纹衬衫&适合&穿着年龄]
2026-02-26 19:07:36,847 - INFO - CaseID:2541 - 整体结果: FAILED | 详情: CATEGORY不匹配：无交集 - 预期[人物]，实际[影视]; QUERY语义不匹配：预期[Rocky的中文名字]，实际[汪汪队立大功Rocky的中文名字]; TAG不匹配：互不包含 - 预期[Rocky&中文名字]，实际[汪汪队立大功&Rocky&中文名]
2026-02-26 19:07:39,563 - INFO - CaseID:2542 - 整体结果: FAILED | 详情: CATEGORY不匹配：无交集 - 预期[人物]，实际[影视]; TAG不匹配：互不包含 - 预期[小克&动画&人物性格]，实际[小克&动画&性格]
2026-02-26 19:07:52,969 - INFO - 
=== 执行完成（总耗时：5256.18秒）===
2026-02-26 19:07:52,970 - INFO - 总用例数：2542 | 通过：1876（73.80%） | 失败：666
