2026-03-10 16:30:59,552 - INFO - === 必过集泛化工具启动 ===
2026-03-10 16:31:03,007 - INFO - 泛化比例：1 → 20
2026-03-10 16:31:58,120 - INFO - 正在连接源文档：https://li.feishu.cn/sheets/KLEusATRlh1BuktstdUcZHwun8b?sheet=AEVkmu
2026-03-10 16:31:58,278 - INFO - 成功加载源飞书表格
2026-03-10 16:31:59,665 - INFO - 已读取100行数据
2026-03-10 16:31:59,666 - INFO - 表格读取完成，共199行有效数据
2026-03-10 16:31:59,666 - INFO - 源表格可用列名：['ID', 'query', '预期APIINFO', None]
2026-03-10 16:31:59,666 - INFO - 第1行：ID=1，query=离车泊入...
2026-03-10 16:31:59,666 - INFO - 第2行：ID=1，query=开启离车泊入...
2026-03-10 16:31:59,666 - INFO - 第3行：ID=1，query=继续离车泊入...
2026-03-10 16:31:59,666 - INFO - 第4行：ID=2，query=泊车...
2026-03-10 16:31:59,667 - INFO - 第5行：ID=2，query=自己泊车吧...
2026-03-10 16:31:59,667 - INFO - 第6行：ID=2，query=我要泊车...
2026-03-10 16:31:59,667 - INFO - 第7行：ID=2，query=把车泊进去...
2026-03-10 16:31:59,667 - WARNING - 第8行：ID为空，跳过
2026-03-10 16:31:59,667 - WARNING - 第9行：ID为空，跳过
2026-03-10 16:31:59,667 - WARNING - 第10行：ID为空，跳过
2026-03-10 16:31:59,667 - WARNING - 第11行：ID为空，跳过
2026-03-10 16:31:59,667 - WARNING - 第12行：ID为空，跳过
2026-03-10 16:31:59,667 - WARNING - 第13行：ID为空，跳过
2026-03-10 16:31:59,667 - WARNING - 第14行：ID为空，跳过
2026-03-10 16:31:59,668 - WARNING - 第15行：ID为空，跳过
2026-03-10 16:31:59,668 - WARNING - 第16行：ID为空，跳过
2026-03-10 16:31:59,668 - WARNING - 第17行：ID为空，跳过
2026-03-10 16:31:59,668 - WARNING - 第18行：ID为空，跳过
2026-03-10 16:31:59,668 - WARNING - 第19行：ID为空，跳过
2026-03-10 16:31:59,668 - WARNING - 第20行：ID为空，跳过
2026-03-10 16:31:59,668 - WARNING - 第21行：ID为空，跳过
2026-03-10 16:31:59,668 - WARNING - 第22行：ID为空，跳过
2026-03-10 16:31:59,668 - WARNING - 第23行：ID为空，跳过
2026-03-10 16:31:59,668 - WARNING - 第24行：ID为空，跳过
2026-03-10 16:31:59,668 - WARNING - 第25行：ID为空，跳过
2026-03-10 16:31:59,668 - WARNING - 第26行：ID为空，跳过
2026-03-10 16:31:59,668 - WARNING - 第27行：ID为空，跳过
2026-03-10 16:31:59,668 - WARNING - 第28行：ID为空，跳过
2026-03-10 16:31:59,669 - WARNING - 第29行：ID为空，跳过
2026-03-10 16:31:59,669 - WARNING - 第30行：ID为空，跳过
2026-03-10 16:31:59,669 - WARNING - 第31行：ID为空，跳过
2026-03-10 16:31:59,669 - WARNING - 第32行：ID为空，跳过
2026-03-10 16:31:59,669 - WARNING - 第33行：ID为空，跳过
2026-03-10 16:31:59,669 - WARNING - 第34行：ID为空，跳过
2026-03-10 16:31:59,669 - WARNING - 第35行：ID为空，跳过
2026-03-10 16:31:59,669 - WARNING - 第36行：ID为空，跳过
2026-03-10 16:31:59,669 - WARNING - 第37行：ID为空，跳过
2026-03-10 16:31:59,669 - WARNING - 第38行：ID为空，跳过
2026-03-10 16:31:59,669 - WARNING - 第39行：ID为空，跳过
2026-03-10 16:31:59,669 - WARNING - 第40行：ID为空，跳过
2026-03-10 16:31:59,669 - WARNING - 第41行：ID为空，跳过
2026-03-10 16:31:59,669 - WARNING - 第42行：ID为空，跳过
2026-03-10 16:31:59,670 - WARNING - 第43行：ID为空，跳过
2026-03-10 16:31:59,670 - WARNING - 第44行：ID为空，跳过
2026-03-10 16:31:59,670 - WARNING - 第45行：ID为空，跳过
2026-03-10 16:31:59,670 - WARNING - 第46行：ID为空，跳过
2026-03-10 16:31:59,670 - WARNING - 第47行：ID为空，跳过
2026-03-10 16:31:59,670 - WARNING - 第48行：ID为空，跳过
2026-03-10 16:31:59,670 - WARNING - 第49行：ID为空，跳过
2026-03-10 16:31:59,670 - WARNING - 第50行：ID为空，跳过
2026-03-10 16:31:59,670 - WARNING - 第51行：ID为空，跳过
2026-03-10 16:31:59,670 - WARNING - 第52行：ID为空，跳过
2026-03-10 16:31:59,670 - WARNING - 第53行：ID为空，跳过
2026-03-10 16:31:59,670 - WARNING - 第54行：ID为空，跳过
2026-03-10 16:31:59,670 - WARNING - 第55行：ID为空，跳过
2026-03-10 16:31:59,670 - WARNING - 第56行：ID为空，跳过
2026-03-10 16:31:59,671 - WARNING - 第57行：ID为空，跳过
2026-03-10 16:31:59,671 - WARNING - 第58行：ID为空，跳过
2026-03-10 16:31:59,671 - WARNING - 第59行：ID为空，跳过
2026-03-10 16:31:59,671 - WARNING - 第60行：ID为空，跳过
2026-03-10 16:31:59,671 - WARNING - 第61行：ID为空，跳过
2026-03-10 16:31:59,671 - WARNING - 第62行：ID为空，跳过
2026-03-10 16:31:59,671 - WARNING - 第63行：ID为空，跳过
2026-03-10 16:31:59,671 - WARNING - 第64行：ID为空，跳过
2026-03-10 16:31:59,671 - WARNING - 第65行：ID为空，跳过
2026-03-10 16:31:59,671 - WARNING - 第66行：ID为空，跳过
2026-03-10 16:31:59,671 - WARNING - 第67行：ID为空，跳过
2026-03-10 16:31:59,671 - WARNING - 第68行：ID为空，跳过
2026-03-10 16:31:59,671 - WARNING - 第69行：ID为空，跳过
2026-03-10 16:31:59,671 - WARNING - 第70行：ID为空，跳过
2026-03-10 16:31:59,672 - WARNING - 第71行：ID为空，跳过
2026-03-10 16:31:59,672 - WARNING - 第72行：ID为空，跳过
2026-03-10 16:31:59,672 - WARNING - 第73行：ID为空，跳过
2026-03-10 16:31:59,672 - WARNING - 第74行：ID为空，跳过
2026-03-10 16:31:59,672 - WARNING - 第75行：ID为空，跳过
2026-03-10 16:31:59,672 - WARNING - 第76行：ID为空，跳过
2026-03-10 16:31:59,672 - WARNING - 第77行：ID为空，跳过
2026-03-10 16:31:59,672 - WARNING - 第78行：ID为空，跳过
2026-03-10 16:31:59,672 - WARNING - 第79行：ID为空，跳过
2026-03-10 16:31:59,672 - WARNING - 第80行：ID为空，跳过
2026-03-10 16:31:59,672 - WARNING - 第81行：ID为空，跳过
2026-03-10 16:31:59,672 - WARNING - 第82行：ID为空，跳过
2026-03-10 16:31:59,672 - WARNING - 第83行：ID为空，跳过
2026-03-10 16:31:59,672 - WARNING - 第84行：ID为空，跳过
2026-03-10 16:31:59,672 - WARNING - 第85行：ID为空，跳过
2026-03-10 16:31:59,672 - WARNING - 第86行：ID为空，跳过
2026-03-10 16:31:59,673 - WARNING - 第87行：ID为空，跳过
2026-03-10 16:31:59,673 - WARNING - 第88行：ID为空，跳过
2026-03-10 16:31:59,673 - WARNING - 第89行：ID为空，跳过
2026-03-10 16:31:59,673 - WARNING - 第90行：ID为空，跳过
2026-03-10 16:31:59,673 - WARNING - 第91行：ID为空，跳过
2026-03-10 16:31:59,673 - WARNING - 第92行：ID为空，跳过
2026-03-10 16:31:59,673 - WARNING - 第93行：ID为空，跳过
2026-03-10 16:31:59,673 - WARNING - 第94行：ID为空，跳过
2026-03-10 16:31:59,673 - WARNING - 第95行：ID为空，跳过
2026-03-10 16:31:59,673 - WARNING - 第96行：ID为空，跳过
2026-03-10 16:31:59,673 - WARNING - 第97行：ID为空，跳过
2026-03-10 16:31:59,673 - WARNING - 第98行：ID为空，跳过
2026-03-10 16:31:59,673 - WARNING - 第99行：ID为空，跳过
2026-03-10 16:31:59,673 - WARNING - 第100行：ID为空，跳过
2026-03-10 16:31:59,673 - WARNING - 第101行：ID为空，跳过
2026-03-10 16:31:59,674 - WARNING - 第102行：ID为空，跳过
2026-03-10 16:31:59,674 - WARNING - 第103行：ID为空，跳过
2026-03-10 16:31:59,674 - WARNING - 第104行：ID为空，跳过
2026-03-10 16:31:59,674 - WARNING - 第105行：ID为空，跳过
2026-03-10 16:31:59,674 - WARNING - 第106行：ID为空，跳过
2026-03-10 16:31:59,674 - WARNING - 第107行：ID为空，跳过
2026-03-10 16:31:59,674 - WARNING - 第108行：ID为空，跳过
2026-03-10 16:31:59,674 - WARNING - 第109行：ID为空，跳过
2026-03-10 16:31:59,674 - WARNING - 第110行：ID为空，跳过
2026-03-10 16:31:59,674 - WARNING - 第111行：ID为空，跳过
2026-03-10 16:31:59,674 - WARNING - 第112行：ID为空，跳过
2026-03-10 16:31:59,674 - WARNING - 第113行：ID为空，跳过
2026-03-10 16:31:59,674 - WARNING - 第114行：ID为空，跳过
2026-03-10 16:31:59,674 - WARNING - 第115行：ID为空，跳过
2026-03-10 16:31:59,674 - WARNING - 第116行：ID为空，跳过
2026-03-10 16:31:59,675 - WARNING - 第117行：ID为空，跳过
2026-03-10 16:31:59,675 - WARNING - 第118行：ID为空，跳过
2026-03-10 16:31:59,675 - WARNING - 第119行：ID为空，跳过
2026-03-10 16:31:59,675 - WARNING - 第120行：ID为空，跳过
2026-03-10 16:31:59,675 - WARNING - 第121行：ID为空，跳过
2026-03-10 16:31:59,675 - WARNING - 第122行：ID为空，跳过
2026-03-10 16:31:59,675 - WARNING - 第123行：ID为空，跳过
2026-03-10 16:31:59,675 - WARNING - 第124行：ID为空，跳过
2026-03-10 16:31:59,675 - WARNING - 第125行：ID为空，跳过
2026-03-10 16:31:59,675 - WARNING - 第126行：ID为空，跳过
2026-03-10 16:31:59,675 - WARNING - 第127行：ID为空，跳过
2026-03-10 16:31:59,675 - WARNING - 第128行：ID为空，跳过
2026-03-10 16:31:59,675 - WARNING - 第129行：ID为空，跳过
2026-03-10 16:31:59,675 - WARNING - 第130行：ID为空，跳过
2026-03-10 16:31:59,675 - WARNING - 第131行：ID为空，跳过
2026-03-10 16:31:59,676 - WARNING - 第132行：ID为空，跳过
2026-03-10 16:31:59,676 - WARNING - 第133行：ID为空，跳过
2026-03-10 16:31:59,676 - WARNING - 第134行：ID为空，跳过
2026-03-10 16:31:59,676 - WARNING - 第135行：ID为空，跳过
2026-03-10 16:31:59,676 - WARNING - 第136行：ID为空，跳过
2026-03-10 16:31:59,676 - WARNING - 第137行：ID为空，跳过
2026-03-10 16:31:59,676 - WARNING - 第138行：ID为空，跳过
2026-03-10 16:31:59,676 - WARNING - 第139行：ID为空，跳过
2026-03-10 16:31:59,676 - WARNING - 第140行：ID为空，跳过
2026-03-10 16:31:59,676 - WARNING - 第141行：ID为空，跳过
2026-03-10 16:31:59,676 - WARNING - 第142行：ID为空，跳过
2026-03-10 16:31:59,676 - WARNING - 第143行：ID为空，跳过
2026-03-10 16:31:59,676 - WARNING - 第144行：ID为空，跳过
2026-03-10 16:31:59,676 - WARNING - 第145行：ID为空，跳过
2026-03-10 16:31:59,676 - WARNING - 第146行：ID为空，跳过
2026-03-10 16:31:59,676 - WARNING - 第147行：ID为空，跳过
2026-03-10 16:31:59,677 - WARNING - 第148行：ID为空，跳过
2026-03-10 16:31:59,677 - WARNING - 第149行：ID为空，跳过
2026-03-10 16:31:59,677 - WARNING - 第150行：ID为空，跳过
2026-03-10 16:31:59,677 - WARNING - 第151行：ID为空，跳过
2026-03-10 16:31:59,677 - WARNING - 第152行：ID为空，跳过
2026-03-10 16:31:59,677 - WARNING - 第153行：ID为空，跳过
2026-03-10 16:31:59,677 - WARNING - 第154行：ID为空，跳过
2026-03-10 16:31:59,677 - WARNING - 第155行：ID为空，跳过
2026-03-10 16:31:59,677 - WARNING - 第156行：ID为空，跳过
2026-03-10 16:31:59,677 - WARNING - 第157行：ID为空，跳过
2026-03-10 16:31:59,677 - WARNING - 第158行：ID为空，跳过
2026-03-10 16:31:59,677 - WARNING - 第159行：ID为空，跳过
2026-03-10 16:31:59,677 - WARNING - 第160行：ID为空，跳过
2026-03-10 16:31:59,677 - WARNING - 第161行：ID为空，跳过
2026-03-10 16:31:59,677 - WARNING - 第162行：ID为空，跳过
2026-03-10 16:31:59,678 - WARNING - 第163行：ID为空，跳过
2026-03-10 16:31:59,678 - WARNING - 第164行：ID为空，跳过
2026-03-10 16:31:59,678 - WARNING - 第165行：ID为空，跳过
2026-03-10 16:31:59,678 - WARNING - 第166行：ID为空，跳过
2026-03-10 16:31:59,678 - WARNING - 第167行：ID为空，跳过
2026-03-10 16:31:59,678 - WARNING - 第168行：ID为空，跳过
2026-03-10 16:31:59,678 - WARNING - 第169行：ID为空，跳过
2026-03-10 16:31:59,678 - WARNING - 第170行：ID为空，跳过
2026-03-10 16:31:59,678 - WARNING - 第171行：ID为空，跳过
2026-03-10 16:31:59,678 - WARNING - 第172行：ID为空，跳过
2026-03-10 16:31:59,678 - WARNING - 第173行：ID为空，跳过
2026-03-10 16:31:59,678 - WARNING - 第174行：ID为空，跳过
2026-03-10 16:31:59,678 - WARNING - 第175行：ID为空，跳过
2026-03-10 16:31:59,678 - WARNING - 第176行：ID为空，跳过
2026-03-10 16:31:59,678 - WARNING - 第177行：ID为空，跳过
2026-03-10 16:31:59,678 - WARNING - 第178行：ID为空，跳过
2026-03-10 16:31:59,678 - WARNING - 第179行：ID为空，跳过
2026-03-10 16:31:59,679 - WARNING - 第180行：ID为空，跳过
2026-03-10 16:31:59,679 - WARNING - 第181行：ID为空，跳过
2026-03-10 16:31:59,679 - WARNING - 第182行：ID为空，跳过
2026-03-10 16:31:59,679 - WARNING - 第183行：ID为空，跳过
2026-03-10 16:31:59,679 - WARNING - 第184行：ID为空，跳过
2026-03-10 16:31:59,679 - WARNING - 第185行：ID为空，跳过
2026-03-10 16:31:59,679 - WARNING - 第186行：ID为空，跳过
2026-03-10 16:31:59,679 - WARNING - 第187行：ID为空，跳过
2026-03-10 16:31:59,679 - WARNING - 第188行：ID为空，跳过
2026-03-10 16:31:59,679 - WARNING - 第189行：ID为空，跳过
2026-03-10 16:31:59,679 - WARNING - 第190行：ID为空，跳过
2026-03-10 16:31:59,679 - WARNING - 第191行：ID为空，跳过
2026-03-10 16:31:59,679 - WARNING - 第192行：ID为空，跳过
2026-03-10 16:31:59,679 - WARNING - 第193行：ID为空，跳过
2026-03-10 16:31:59,679 - WARNING - 第194行：ID为空，跳过
2026-03-10 16:31:59,679 - WARNING - 第195行：ID为空，跳过
2026-03-10 16:31:59,679 - WARNING - 第196行：ID为空，跳过
2026-03-10 16:31:59,680 - WARNING - 第197行：ID为空，跳过
2026-03-10 16:31:59,680 - WARNING - 第198行：ID为空，跳过
2026-03-10 16:31:59,680 - WARNING - 第199行：ID为空，跳过
2026-03-10 16:31:59,680 - INFO - 数据分组完成：共2个ID组
2026-03-10 16:31:59,680 - INFO - 正在处理ID组 1/2：ID=1
2026-03-10 16:31:59,680 - INFO - 该ID组有3个原始query：['离车泊入', '开启离车泊入', '继续离车泊入']
2026-03-10 16:31:59,680 - INFO - 对应function：{"name":"vla_control", "arguments":{"action":"geto...
2026-03-10 16:31:59,680 - INFO - 该ID组需要新生成：20个泛化query（比例1:20）
2026-03-10 16:31:59,680 - INFO - 调用LLM泛化query：离车泊入
2026-03-10 16:32:00,775 - INFO - LLM泛化成功，生成1个有效变体（过滤后）
2026-03-10 16:32:00,775 - INFO -   已生成 1/20：帮我离车泊入...
2026-03-10 16:32:00,775 - INFO - 调用LLM泛化query：开启离车泊入
2026-03-10 16:32:03,158 - INFO - LLM泛化成功，生成1个有效变体（过滤后）
2026-03-10 16:32:03,158 - INFO -   已生成 2/20：启动离车泊入...
2026-03-10 16:32:03,158 - INFO - 调用LLM泛化query：继续离车泊入
2026-03-10 16:32:04,534 - INFO - LLM泛化成功，生成1个有效变体（过滤后）
2026-03-10 16:32:04,537 - INFO -   已生成 3/20：帮我继续离车泊入...
2026-03-10 16:32:04,537 - INFO - 调用LLM泛化query：离车泊入
2026-03-10 16:32:04,537 - INFO - LLM泛化成功，生成1个有效变体（过滤后）
2026-03-10 16:32:04,537 - INFO -   跳过重复query：帮我离车泊入...
2026-03-10 16:32:04,537 - INFO - 调用LLM泛化query：开启离车泊入
2026-03-10 16:32:04,537 - INFO - LLM泛化成功，生成1个有效变体（过滤后）
2026-03-10 16:32:04,537 - INFO -   跳过重复query：启动离车泊入...
2026-03-10 16:32:04,538 - INFO - 调用LLM泛化query：继续离车泊入
2026-03-10 16:32:04,538 - INFO - LLM泛化成功，生成1个有效变体（过滤后）
2026-03-10 16:32:04,538 - INFO -   跳过重复query：帮我继续离车泊入...
2026-03-10 16:32:04,538 - INFO - 调用LLM泛化query：离车泊入
2026-03-10 16:32:04,538 - INFO - LLM泛化成功，生成1个有效变体（过滤后）
2026-03-10 16:32:04,538 - INFO -   跳过重复query：帮我离车泊入...
2026-03-10 16:32:04,538 - INFO - 调用LLM泛化query：开启离车泊入
2026-03-10 16:32:04,538 - INFO - LLM泛化成功，生成1个有效变体（过滤后）
2026-03-10 16:32:04,538 - INFO -   跳过重复query：启动离车泊入...
2026-03-10 16:32:04,538 - INFO - 调用LLM泛化query：继续离车泊入
2026-03-10 16:32:04,538 - INFO - LLM泛化成功，生成1个有效变体（过滤后）
2026-03-10 16:32:04,538 - INFO -   跳过重复query：帮我继续离车泊入...
2026-03-10 16:32:04,538 - INFO - 调用LLM泛化query：离车泊入
2026-03-10 16:32:04,538 - INFO - LLM泛化成功，生成1个有效变体（过滤后）
2026-03-10 16:32:04,538 - INFO -   跳过重复query：帮我离车泊入...
2026-03-10 16:32:04,538 - INFO - 调用LLM泛化query：开启离车泊入
2026-03-10 16:32:04,538 - INFO - LLM泛化成功，生成1个有效变体（过滤后）
2026-03-10 16:32:04,538 - INFO -   跳过重复query：启动离车泊入...
2026-03-10 16:32:04,538 - INFO - 调用LLM泛化query：继续离车泊入
2026-03-10 16:32:04,539 - INFO - LLM泛化成功，生成1个有效变体（过滤后）
2026-03-10 16:32:04,540 - INFO -   跳过重复query：帮我继续离车泊入...
2026-03-10 16:32:04,545 - INFO - 调用LLM泛化query：离车泊入
2026-03-10 16:32:04,546 - INFO - LLM泛化成功，生成1个有效变体（过滤后）
2026-03-10 16:32:04,546 - INFO -   跳过重复query：帮我离车泊入...
2026-03-10 16:32:04,546 - INFO - 调用LLM泛化query：开启离车泊入
2026-03-10 16:32:04,546 - INFO - LLM泛化成功，生成1个有效变体（过滤后）
2026-03-10 16:32:04,546 - INFO -   跳过重复query：启动离车泊入...
2026-03-10 16:32:04,546 - INFO - 调用LLM泛化query：继续离车泊入
2026-03-10 16:32:04,546 - INFO - LLM泛化成功，生成1个有效变体（过滤后）
2026-03-10 16:32:04,546 - INFO -   跳过重复query：帮我继续离车泊入...
2026-03-10 16:32:04,546 - INFO - 调用LLM泛化query：离车泊入
2026-03-10 16:32:04,546 - INFO - LLM泛化成功，生成1个有效变体（过滤后）
2026-03-10 16:32:04,546 - INFO -   跳过重复query：帮我离车泊入...
2026-03-10 16:32:04,546 - INFO - 调用LLM泛化query：开启离车泊入
2026-03-10 16:32:04,546 - INFO - LLM泛化成功，生成1个有效变体（过滤后）
2026-03-10 16:32:04,546 - INFO -   跳过重复query：启动离车泊入...
2026-03-10 16:32:04,547 - INFO - 调用LLM泛化query：继续离车泊入
2026-03-10 16:32:04,547 - INFO - LLM泛化成功，生成1个有效变体（过滤后）
2026-03-10 16:32:04,547 - INFO -   跳过重复query：帮我继续离车泊入...
2026-03-10 16:32:04,547 - INFO - 调用LLM泛化query：离车泊入
2026-03-10 16:32:04,547 - INFO - LLM泛化成功，生成1个有效变体（过滤后）
2026-03-10 16:32:04,547 - INFO -   跳过重复query：帮我离车泊入...
2026-03-10 16:32:04,547 - INFO - 调用LLM泛化query：开启离车泊入
2026-03-10 16:32:04,547 - INFO - LLM泛化成功，生成1个有效变体（过滤后）
2026-03-10 16:32:04,547 - INFO -   跳过重复query：启动离车泊入...
2026-03-10 16:32:04,547 - INFO - 调用LLM泛化query：继续离车泊入
2026-03-10 16:32:04,547 - INFO - LLM泛化成功，生成1个有效变体（过滤后）
2026-03-10 16:32:04,547 - INFO -   跳过重复query：帮我继续离车泊入...
2026-03-10 16:32:04,547 - INFO - 调用LLM泛化query：离车泊入
2026-03-10 16:32:04,547 - INFO - LLM泛化成功，生成1个有效变体（过滤后）
2026-03-10 16:32:04,547 - INFO -   跳过重复query：帮我离车泊入...
2026-03-10 16:32:04,547 - INFO - 调用LLM泛化query：开启离车泊入
2026-03-10 16:32:04,547 - INFO - LLM泛化成功，生成1个有效变体（过滤后）
2026-03-10 16:32:04,547 - INFO -   跳过重复query：启动离车泊入...
2026-03-10 16:32:04,547 - INFO - 调用LLM泛化query：继续离车泊入
2026-03-10 16:32:04,547 - INFO - LLM泛化成功，生成1个有效变体（过滤后）
2026-03-10 16:32:04,547 - INFO -   跳过重复query：帮我继续离车泊入...
2026-03-10 16:32:04,547 - INFO - 调用LLM泛化query：离车泊入
2026-03-10 16:32:04,547 - INFO - LLM泛化成功，生成1个有效变体（过滤后）
2026-03-10 16:32:04,547 - INFO -   跳过重复query：帮我离车泊入...
2026-03-10 16:32:04,547 - INFO - 调用LLM泛化query：开启离车泊入
2026-03-10 16:32:04,547 - INFO - LLM泛化成功，生成1个有效变体（过滤后）
2026-03-10 16:32:04,547 - INFO -   跳过重复query：启动离车泊入...
2026-03-10 16:32:04,547 - INFO - 调用LLM泛化query：继续离车泊入
2026-03-10 16:32:04,547 - INFO - LLM泛化成功，生成1个有效变体（过滤后）
2026-03-10 16:32:04,547 - INFO -   跳过重复query：帮我继续离车泊入...
2026-03-10 16:32:04,547 - INFO - 调用LLM泛化query：离车泊入
2026-03-10 16:32:04,547 - INFO - LLM泛化成功，生成1个有效变体（过滤后）
2026-03-10 16:32:04,547 - INFO -   跳过重复query：帮我离车泊入...
2026-03-10 16:32:04,547 - INFO - 调用LLM泛化query：开启离车泊入
2026-03-10 16:32:04,547 - INFO - LLM泛化成功，生成1个有效变体（过滤后）
2026-03-10 16:32:04,547 - INFO -   跳过重复query：启动离车泊入...
2026-03-10 16:32:04,547 - INFO - 调用LLM泛化query：继续离车泊入
2026-03-10 16:32:04,547 - INFO - LLM泛化成功，生成1个有效变体（过滤后）
2026-03-10 16:32:04,547 - INFO -   跳过重复query：帮我继续离车泊入...
2026-03-10 16:32:04,547 - INFO - 调用LLM泛化query：离车泊入
2026-03-10 16:32:04,549 - INFO - LLM泛化成功，生成1个有效变体（过滤后）
2026-03-10 16:32:04,549 - INFO -   跳过重复query：帮我离车泊入...
2026-03-10 16:32:04,549 - INFO - 调用LLM泛化query：开启离车泊入
2026-03-10 16:32:04,549 - INFO - LLM泛化成功，生成1个有效变体（过滤后）
2026-03-10 16:32:04,549 - INFO -   跳过重复query：启动离车泊入...
2026-03-10 16:32:04,549 - INFO - 调用LLM泛化query：继续离车泊入
2026-03-10 16:32:04,551 - INFO - LLM泛化成功，生成1个有效变体（过滤后）
2026-03-10 16:32:04,551 - INFO -   跳过重复query：帮我继续离车泊入...
2026-03-10 16:32:04,551 - INFO - 调用LLM泛化query：离车泊入
2026-03-10 16:32:04,551 - INFO - LLM泛化成功，生成1个有效变体（过滤后）
2026-03-10 16:32:04,551 - INFO -   跳过重复query：帮我离车泊入...
2026-03-10 16:32:04,551 - INFO - 调用LLM泛化query：开启离车泊入
2026-03-10 16:32:04,551 - INFO - LLM泛化成功，生成1个有效变体（过滤后）
2026-03-10 16:32:04,551 - INFO -   跳过重复query：启动离车泊入...
2026-03-10 16:32:04,552 - INFO - 调用LLM泛化query：继续离车泊入
2026-03-10 16:32:04,552 - INFO - LLM泛化成功，生成1个有效变体（过滤后）
2026-03-10 16:32:04,552 - INFO -   跳过重复query：帮我继续离车泊入...
2026-03-10 16:32:04,552 - INFO - 调用LLM泛化query：离车泊入
2026-03-10 16:32:04,552 - INFO - LLM泛化成功，生成1个有效变体（过滤后）
2026-03-10 16:32:04,552 - INFO -   跳过重复query：帮我离车泊入...
2026-03-10 16:32:04,552 - INFO - 调用LLM泛化query：开启离车泊入
2026-03-10 16:32:04,552 - INFO - LLM泛化成功，生成1个有效变体（过滤后）
2026-03-10 16:32:04,552 - INFO -   跳过重复query：启动离车泊入...
2026-03-10 16:32:04,552 - INFO - 调用LLM泛化query：继续离车泊入
2026-03-10 16:32:04,553 - INFO - LLM泛化成功，生成1个有效变体（过滤后）
2026-03-10 16:32:04,553 - INFO -   跳过重复query：帮我继续离车泊入...
2026-03-10 16:32:04,553 - INFO - 调用LLM泛化query：离车泊入
2026-03-10 16:32:04,553 - INFO - LLM泛化成功，生成1个有效变体（过滤后）
2026-03-10 16:32:04,553 - INFO -   跳过重复query：帮我离车泊入...
2026-03-10 16:32:04,554 - INFO - 调用LLM泛化query：开启离车泊入
2026-03-10 16:32:04,554 - INFO - LLM泛化成功，生成1个有效变体（过滤后）
2026-03-10 16:32:04,554 - INFO -   跳过重复query：启动离车泊入...
2026-03-10 16:32:04,554 - INFO - 调用LLM泛化query：继续离车泊入
2026-03-10 16:32:04,554 - INFO - LLM泛化成功，生成1个有效变体（过滤后）
2026-03-10 16:32:04,554 - INFO -   跳过重复query：帮我继续离车泊入...
2026-03-10 16:32:04,555 - INFO - 调用LLM泛化query：离车泊入
2026-03-10 16:32:04,555 - INFO - LLM泛化成功，生成1个有效变体（过滤后）
2026-03-10 16:32:04,555 - INFO -   跳过重复query：帮我离车泊入...
2026-03-10 16:32:04,555 - INFO - 调用LLM泛化query：开启离车泊入
2026-03-10 16:32:04,555 - INFO - LLM泛化成功，生成1个有效变体（过滤后）
2026-03-10 16:32:04,555 - INFO -   跳过重复query：启动离车泊入...
2026-03-10 16:32:04,555 - INFO - 调用LLM泛化query：继续离车泊入
2026-03-10 16:32:04,555 - INFO - LLM泛化成功，生成1个有效变体（过滤后）
2026-03-10 16:32:04,555 - INFO -   跳过重复query：帮我继续离车泊入...
2026-03-10 16:32:04,555 - INFO - 调用LLM泛化query：离车泊入
2026-03-10 16:32:04,555 - INFO - LLM泛化成功，生成1个有效变体（过滤后）
2026-03-10 16:32:04,555 - INFO -   跳过重复query：帮我离车泊入...
2026-03-10 16:32:04,555 - INFO - 调用LLM泛化query：开启离车泊入
2026-03-10 16:32:04,555 - INFO - LLM泛化成功，生成1个有效变体（过滤后）
2026-03-10 16:32:04,555 - INFO -   跳过重复query：启动离车泊入...
2026-03-10 16:32:04,555 - INFO - 调用LLM泛化query：继续离车泊入
2026-03-10 16:32:04,555 - INFO - LLM泛化成功，生成1个有效变体（过滤后）
2026-03-10 16:32:04,555 - INFO -   跳过重复query：帮我继续离车泊入...
2026-03-10 16:32:04,555 - INFO - 调用LLM泛化query：离车泊入
2026-03-10 16:32:04,555 - INFO - LLM泛化成功，生成1个有效变体（过滤后）
2026-03-10 16:32:04,555 - INFO -   跳过重复query：帮我离车泊入...
2026-03-10 16:32:04,555 - INFO - 调用LLM泛化query：开启离车泊入
2026-03-10 16:32:04,555 - INFO - LLM泛化成功，生成1个有效变体（过滤后）
2026-03-10 16:32:04,555 - INFO -   跳过重复query：启动离车泊入...
2026-03-10 16:32:04,555 - INFO - 调用LLM泛化query：继续离车泊入
2026-03-10 16:32:04,555 - INFO - LLM泛化成功，生成1个有效变体（过滤后）
2026-03-10 16:32:04,555 - INFO -   跳过重复query：帮我继续离车泊入...
2026-03-10 16:32:04,555 - INFO - 调用LLM泛化query：离车泊入
2026-03-10 16:32:04,555 - INFO - LLM泛化成功，生成1个有效变体（过滤后）
2026-03-10 16:32:04,556 - INFO -   跳过重复query：帮我离车泊入...
2026-03-10 16:32:04,556 - INFO - 调用LLM泛化query：开启离车泊入
2026-03-10 16:32:04,556 - INFO - LLM泛化成功，生成1个有效变体（过滤后）
2026-03-10 16:32:04,556 - INFO -   跳过重复query：启动离车泊入...
2026-03-10 16:32:04,556 - INFO - 调用LLM泛化query：继续离车泊入
2026-03-10 16:32:04,556 - INFO - LLM泛化成功，生成1个有效变体（过滤后）
2026-03-10 16:32:04,556 - INFO -   跳过重复query：帮我继续离车泊入...
2026-03-10 16:32:04,556 - INFO - 调用LLM泛化query：离车泊入
2026-03-10 16:32:04,556 - INFO - LLM泛化成功，生成1个有效变体（过滤后）
2026-03-10 16:32:04,556 - INFO -   跳过重复query：帮我离车泊入...
2026-03-10 16:32:04,556 - INFO - 调用LLM泛化query：开启离车泊入
2026-03-10 16:32:04,557 - INFO - LLM泛化成功，生成1个有效变体（过滤后）
2026-03-10 16:32:04,557 - INFO -   跳过重复query：启动离车泊入...
2026-03-10 16:32:04,557 - INFO - 调用LLM泛化query：继续离车泊入
2026-03-10 16:32:04,557 - INFO - LLM泛化成功，生成1个有效变体（过滤后）
2026-03-10 16:32:04,557 - INFO -   跳过重复query：帮我继续离车泊入...
2026-03-10 16:32:04,557 - INFO - 调用LLM泛化query：离车泊入
2026-03-10 16:32:04,557 - INFO - LLM泛化成功，生成1个有效变体（过滤后）
2026-03-10 16:32:04,557 - INFO -   跳过重复query：帮我离车泊入...
2026-03-10 16:32:04,557 - INFO - 调用LLM泛化query：开启离车泊入
2026-03-10 16:32:04,557 - INFO - LLM泛化成功，生成1个有效变体（过滤后）
2026-03-10 16:32:04,557 - INFO -   跳过重复query：启动离车泊入...
2026-03-10 16:32:04,557 - INFO - 调用LLM泛化query：继续离车泊入
2026-03-10 16:32:04,557 - INFO - LLM泛化成功，生成1个有效变体（过滤后）
2026-03-10 16:32:04,558 - INFO -   跳过重复query：帮我继续离车泊入...
2026-03-10 16:32:04,558 - INFO - 调用LLM泛化query：离车泊入
2026-03-10 16:32:04,558 - INFO - LLM泛化成功，生成1个有效变体（过滤后）
2026-03-10 16:32:04,558 - INFO -   跳过重复query：帮我离车泊入...
2026-03-10 16:32:04,558 - INFO - 调用LLM泛化query：开启离车泊入
2026-03-10 16:32:04,558 - INFO - LLM泛化成功，生成1个有效变体（过滤后）
2026-03-10 16:32:04,558 - INFO -   跳过重复query：启动离车泊入...
2026-03-10 16:32:04,558 - INFO - 调用LLM泛化query：继续离车泊入
2026-03-10 16:32:04,558 - INFO - LLM泛化成功，生成1个有效变体（过滤后）
2026-03-10 16:32:04,558 - INFO -   跳过重复query：帮我继续离车泊入...
2026-03-10 16:32:04,558 - INFO - 调用LLM泛化query：离车泊入
2026-03-10 16:32:04,558 - INFO - LLM泛化成功，生成1个有效变体（过滤后）
2026-03-10 16:32:04,558 - INFO -   跳过重复query：帮我离车泊入...
2026-03-10 16:32:04,558 - INFO - 调用LLM泛化query：开启离车泊入
2026-03-10 16:32:04,558 - INFO - LLM泛化成功，生成1个有效变体（过滤后）
2026-03-10 16:32:04,558 - INFO -   跳过重复query：启动离车泊入...
2026-03-10 16:32:04,558 - INFO - 调用LLM泛化query：继续离车泊入
2026-03-10 16:32:04,558 - INFO - LLM泛化成功，生成1个有效变体（过滤后）
2026-03-10 16:32:04,558 - INFO -   跳过重复query：帮我继续离车泊入...
2026-03-10 16:32:04,558 - INFO - 调用LLM泛化query：离车泊入
2026-03-10 16:32:04,558 - INFO - LLM泛化成功，生成1个有效变体（过滤后）
2026-03-10 16:32:04,558 - INFO -   跳过重复query：帮我离车泊入...
2026-03-10 16:32:04,558 - INFO - 调用LLM泛化query：开启离车泊入
2026-03-10 16:32:04,558 - INFO - LLM泛化成功，生成1个有效变体（过滤后）
2026-03-10 16:32:04,558 - INFO -   跳过重复query：启动离车泊入...
2026-03-10 16:32:04,558 - INFO - 调用LLM泛化query：继续离车泊入
2026-03-10 16:32:04,558 - INFO - LLM泛化成功，生成1个有效变体（过滤后）
2026-03-10 16:32:04,558 - INFO -   跳过重复query：帮我继续离车泊入...
2026-03-10 16:32:04,558 - INFO - 调用LLM泛化query：离车泊入
2026-03-10 16:32:04,558 - INFO - LLM泛化成功，生成1个有效变体（过滤后）
2026-03-10 16:32:04,558 - INFO -   跳过重复query：帮我离车泊入...
2026-03-10 16:32:04,558 - INFO - 调用LLM泛化query：开启离车泊入
2026-03-10 16:32:04,558 - INFO - LLM泛化成功，生成1个有效变体（过滤后）
2026-03-10 16:32:04,558 - INFO -   跳过重复query：启动离车泊入...
2026-03-10 16:32:04,558 - INFO - 调用LLM泛化query：继续离车泊入
2026-03-10 16:32:04,558 - INFO - LLM泛化成功，生成1个有效变体（过滤后）
2026-03-10 16:32:04,558 - INFO -   跳过重复query：帮我继续离车泊入...
2026-03-10 16:32:04,559 - INFO - 调用LLM泛化query：离车泊入
2026-03-10 16:32:04,559 - INFO - LLM泛化成功，生成1个有效变体（过滤后）
2026-03-10 16:32:04,559 - INFO -   跳过重复query：帮我离车泊入...
2026-03-10 16:32:04,559 - INFO - 调用LLM泛化query：开启离车泊入
2026-03-10 16:32:04,559 - INFO - LLM泛化成功，生成1个有效变体（过滤后）
2026-03-10 16:32:04,559 - INFO -   跳过重复query：启动离车泊入...
2026-03-10 16:32:04,559 - INFO - 调用LLM泛化query：继续离车泊入
2026-03-10 16:32:04,559 - INFO - LLM泛化成功，生成1个有效变体（过滤后）
2026-03-10 16:32:04,559 - INFO -   跳过重复query：帮我继续离车泊入...
2026-03-10 16:32:04,559 - INFO - 调用LLM泛化query：离车泊入
2026-03-10 16:32:04,559 - INFO - LLM泛化成功，生成1个有效变体（过滤后）
2026-03-10 16:32:04,559 - INFO -   跳过重复query：帮我离车泊入...
2026-03-10 16:32:04,559 - INFO - 调用LLM泛化query：开启离车泊入
2026-03-10 16:32:04,559 - INFO - LLM泛化成功，生成1个有效变体（过滤后）
2026-03-10 16:32:04,559 - INFO -   跳过重复query：启动离车泊入...
2026-03-10 16:32:04,559 - INFO - 调用LLM泛化query：继续离车泊入
2026-03-10 16:32:04,559 - INFO - LLM泛化成功，生成1个有效变体（过滤后）
2026-03-10 16:32:04,559 - INFO -   跳过重复query：帮我继续离车泊入...
2026-03-10 16:32:04,559 - INFO - 调用LLM泛化query：离车泊入
2026-03-10 16:32:04,559 - INFO - LLM泛化成功，生成1个有效变体（过滤后）
2026-03-10 16:32:04,559 - INFO -   跳过重复query：帮我离车泊入...
2026-03-10 16:32:04,559 - INFO - 调用LLM泛化query：开启离车泊入
2026-03-10 16:32:04,559 - INFO - LLM泛化成功，生成1个有效变体（过滤后）
2026-03-10 16:32:04,559 - INFO -   跳过重复query：启动离车泊入...
2026-03-10 16:32:04,559 - INFO - 调用LLM泛化query：继续离车泊入
2026-03-10 16:32:04,559 - INFO - LLM泛化成功，生成1个有效变体（过滤后）
2026-03-10 16:32:04,559 - INFO -   跳过重复query：帮我继续离车泊入...
2026-03-10 16:32:04,559 - INFO - 调用LLM泛化query：离车泊入
2026-03-10 16:32:04,559 - INFO - LLM泛化成功，生成1个有效变体（过滤后）
2026-03-10 16:32:04,560 - INFO -   跳过重复query：帮我离车泊入...
2026-03-10 16:32:04,560 - INFO - 调用LLM泛化query：开启离车泊入
2026-03-10 16:32:04,560 - INFO - LLM泛化成功，生成1个有效变体（过滤后）
2026-03-10 16:32:04,560 - INFO -   跳过重复query：启动离车泊入...
2026-03-10 16:32:04,560 - INFO - 调用LLM泛化query：继续离车泊入
2026-03-10 16:32:04,560 - INFO - LLM泛化成功，生成1个有效变体（过滤后）
2026-03-10 16:32:04,560 - INFO -   跳过重复query：帮我继续离车泊入...
2026-03-10 16:32:04,560 - INFO - 调用LLM泛化query：离车泊入
2026-03-10 16:32:04,560 - INFO - LLM泛化成功，生成1个有效变体（过滤后）
2026-03-10 16:32:04,561 - INFO -   跳过重复query：帮我离车泊入...
2026-03-10 16:32:04,561 - INFO - 调用LLM泛化query：开启离车泊入
2026-03-10 16:32:04,561 - INFO - LLM泛化成功，生成1个有效变体（过滤后）
2026-03-10 16:32:04,561 - INFO -   跳过重复query：启动离车泊入...
2026-03-10 16:32:04,561 - INFO - 调用LLM泛化query：继续离车泊入
2026-03-10 16:32:04,561 - INFO - LLM泛化成功，生成1个有效变体（过滤后）
2026-03-10 16:32:04,561 - INFO -   跳过重复query：帮我继续离车泊入...
2026-03-10 16:32:04,561 - INFO - 调用LLM泛化query：离车泊入
2026-03-10 16:32:04,561 - INFO - LLM泛化成功，生成1个有效变体（过滤后）
2026-03-10 16:32:04,561 - INFO -   跳过重复query：帮我离车泊入...
2026-03-10 16:32:04,561 - INFO - 调用LLM泛化query：开启离车泊入
2026-03-10 16:32:04,561 - INFO - LLM泛化成功，生成1个有效变体（过滤后）
2026-03-10 16:32:04,561 - INFO -   跳过重复query：启动离车泊入...
2026-03-10 16:32:04,561 - INFO - 调用LLM泛化query：继续离车泊入
2026-03-10 16:32:04,561 - INFO - LLM泛化成功，生成1个有效变体（过滤后）
2026-03-10 16:32:04,561 - INFO -   跳过重复query：帮我继续离车泊入...
2026-03-10 16:32:04,561 - INFO - 调用LLM泛化query：离车泊入
2026-03-10 16:32:04,561 - INFO - LLM泛化成功，生成1个有效变体（过滤后）
2026-03-10 16:32:04,561 - INFO -   跳过重复query：帮我离车泊入...
2026-03-10 16:32:04,561 - INFO - 调用LLM泛化query：开启离车泊入
2026-03-10 16:32:04,561 - INFO - LLM泛化成功，生成1个有效变体（过滤后）
2026-03-10 16:32:04,561 - INFO -   跳过重复query：启动离车泊入...
2026-03-10 16:32:04,561 - INFO - 调用LLM泛化query：继续离车泊入
2026-03-10 16:32:04,561 - INFO - LLM泛化成功，生成1个有效变体（过滤后）
2026-03-10 16:32:04,561 - INFO -   跳过重复query：帮我继续离车泊入...
2026-03-10 16:32:04,561 - INFO - 调用LLM泛化query：离车泊入
2026-03-10 16:32:04,561 - INFO - LLM泛化成功，生成1个有效变体（过滤后）
2026-03-10 16:32:04,561 - INFO -   跳过重复query：帮我离车泊入...
2026-03-10 16:32:04,561 - INFO - 调用LLM泛化query：开启离车泊入
2026-03-10 16:32:04,561 - INFO - LLM泛化成功，生成1个有效变体（过滤后）
2026-03-10 16:32:04,562 - INFO -   跳过重复query：启动离车泊入...
2026-03-10 16:32:04,562 - INFO - 调用LLM泛化query：继续离车泊入
2026-03-10 16:32:04,562 - INFO - LLM泛化成功，生成1个有效变体（过滤后）
2026-03-10 16:32:04,562 - INFO -   跳过重复query：帮我继续离车泊入...
2026-03-10 16:32:04,562 - INFO - 调用LLM泛化query：离车泊入
2026-03-10 16:32:04,562 - INFO - LLM泛化成功，生成1个有效变体（过滤后）
2026-03-10 16:32:04,562 - INFO -   跳过重复query：帮我离车泊入...
2026-03-10 16:32:04,562 - INFO - 调用LLM泛化query：开启离车泊入
2026-03-10 16:32:04,562 - INFO - LLM泛化成功，生成1个有效变体（过滤后）
2026-03-10 16:32:04,562 - INFO -   跳过重复query：启动离车泊入...
2026-03-10 16:32:04,562 - INFO - 调用LLM泛化query：继续离车泊入
2026-03-10 16:32:04,562 - INFO - LLM泛化成功，生成1个有效变体（过滤后）
2026-03-10 16:32:04,562 - INFO -   跳过重复query：帮我继续离车泊入...
2026-03-10 16:32:04,562 - INFO - 调用LLM泛化query：离车泊入
2026-03-10 16:32:04,562 - INFO - LLM泛化成功，生成1个有效变体（过滤后）
2026-03-10 16:32:04,562 - INFO -   跳过重复query：帮我离车泊入...
2026-03-10 16:32:04,562 - INFO - 调用LLM泛化query：开启离车泊入
2026-03-10 16:32:04,562 - INFO - LLM泛化成功，生成1个有效变体（过滤后）
2026-03-10 16:32:04,562 - INFO -   跳过重复query：启动离车泊入...
2026-03-10 16:32:04,562 - INFO - 调用LLM泛化query：继续离车泊入
2026-03-10 16:32:04,562 - INFO - LLM泛化成功，生成1个有效变体（过滤后）
2026-03-10 16:32:04,562 - INFO -   跳过重复query：帮我继续离车泊入...
2026-03-10 16:32:04,562 - INFO - 调用LLM泛化query：离车泊入
2026-03-10 16:32:04,562 - INFO - LLM泛化成功，生成1个有效变体（过滤后）
2026-03-10 16:32:04,562 - INFO -   跳过重复query：帮我离车泊入...
2026-03-10 16:32:04,562 - INFO - 调用LLM泛化query：开启离车泊入
2026-03-10 16:32:04,562 - INFO - LLM泛化成功，生成1个有效变体（过滤后）
2026-03-10 16:32:04,562 - INFO -   跳过重复query：启动离车泊入...
2026-03-10 16:32:04,562 - INFO - 调用LLM泛化query：继续离车泊入
2026-03-10 16:32:04,562 - INFO - LLM泛化成功，生成1个有效变体（过滤后）
2026-03-10 16:32:04,562 - INFO -   跳过重复query：帮我继续离车泊入...
2026-03-10 16:32:04,562 - INFO - 调用LLM泛化query：离车泊入
2026-03-10 16:32:04,562 - INFO - LLM泛化成功，生成1个有效变体（过滤后）
2026-03-10 16:32:04,562 - INFO -   跳过重复query：帮我离车泊入...
2026-03-10 16:32:04,563 - INFO - 调用LLM泛化query：开启离车泊入
2026-03-10 16:32:04,563 - INFO - LLM泛化成功，生成1个有效变体（过滤后）
2026-03-10 16:32:04,563 - INFO -   跳过重复query：启动离车泊入...
2026-03-10 16:32:04,563 - INFO - 调用LLM泛化query：继续离车泊入
2026-03-10 16:32:04,563 - INFO - LLM泛化成功，生成1个有效变体（过滤后）
2026-03-10 16:32:04,563 - INFO -   跳过重复query：帮我继续离车泊入...
2026-03-10 16:32:04,563 - INFO - 调用LLM泛化query：离车泊入
2026-03-10 16:32:04,563 - INFO - LLM泛化成功，生成1个有效变体（过滤后）
2026-03-10 16:32:04,563 - INFO -   跳过重复query：帮我离车泊入...
2026-03-10 16:32:04,563 - INFO - 调用LLM泛化query：开启离车泊入
2026-03-10 16:32:04,563 - INFO - LLM泛化成功，生成1个有效变体（过滤后）
2026-03-10 16:32:04,563 - INFO -   跳过重复query：启动离车泊入...
2026-03-10 16:32:04,563 - INFO - 调用LLM泛化query：继续离车泊入
2026-03-10 16:32:04,563 - INFO - LLM泛化成功，生成1个有效变体（过滤后）
2026-03-10 16:32:04,563 - INFO -   跳过重复query：帮我继续离车泊入...
2026-03-10 16:32:04,563 - INFO - 调用LLM泛化query：离车泊入
2026-03-10 16:32:04,563 - INFO - LLM泛化成功，生成1个有效变体（过滤后）
2026-03-10 16:32:04,564 - INFO -   跳过重复query：帮我离车泊入...
2026-03-10 16:32:04,564 - INFO - 调用LLM泛化query：开启离车泊入
2026-03-10 16:32:04,564 - INFO - LLM泛化成功，生成1个有效变体（过滤后）
2026-03-10 16:32:04,564 - INFO -   跳过重复query：启动离车泊入...
2026-03-10 16:32:04,564 - INFO - 调用LLM泛化query：继续离车泊入
2026-03-10 16:32:04,564 - INFO - LLM泛化成功，生成1个有效变体（过滤后）
2026-03-10 16:32:04,564 - INFO -   跳过重复query：帮我继续离车泊入...
2026-03-10 16:32:04,564 - INFO - 调用LLM泛化query：离车泊入
2026-03-10 16:32:04,564 - INFO - LLM泛化成功，生成1个有效变体（过滤后）
2026-03-10 16:32:04,564 - INFO -   跳过重复query：帮我离车泊入...
2026-03-10 16:32:04,564 - INFO - 调用LLM泛化query：开启离车泊入
2026-03-10 16:32:04,564 - INFO - LLM泛化成功，生成1个有效变体（过滤后）
2026-03-10 16:32:04,564 - INFO -   跳过重复query：启动离车泊入...
2026-03-10 16:32:04,564 - INFO - 调用LLM泛化query：继续离车泊入
2026-03-10 16:32:04,564 - INFO - LLM泛化成功，生成1个有效变体（过滤后）
2026-03-10 16:32:04,564 - INFO -   跳过重复query：帮我继续离车泊入...
2026-03-10 16:32:04,564 - INFO - 调用LLM泛化query：离车泊入
2026-03-10 16:32:04,564 - INFO - LLM泛化成功，生成1个有效变体（过滤后）
2026-03-10 16:32:04,564 - INFO -   跳过重复query：帮我离车泊入...
2026-03-10 16:32:04,564 - INFO - 调用LLM泛化query：开启离车泊入
2026-03-10 16:32:04,564 - INFO - LLM泛化成功，生成1个有效变体（过滤后）
2026-03-10 16:32:04,564 - INFO -   跳过重复query：启动离车泊入...
2026-03-10 16:32:04,564 - INFO - 调用LLM泛化query：继续离车泊入
2026-03-10 16:32:04,564 - INFO - LLM泛化成功，生成1个有效变体（过滤后）
2026-03-10 16:32:04,564 - INFO -   跳过重复query：帮我继续离车泊入...
2026-03-10 16:32:04,564 - INFO - 调用LLM泛化query：离车泊入
2026-03-10 16:32:04,564 - INFO - LLM泛化成功，生成1个有效变体（过滤后）
2026-03-10 16:32:04,564 - INFO -   跳过重复query：帮我离车泊入...
2026-03-10 16:32:04,564 - INFO - 调用LLM泛化query：开启离车泊入
2026-03-10 16:32:04,564 - INFO - LLM泛化成功，生成1个有效变体（过滤后）
2026-03-10 16:32:04,564 - INFO -   跳过重复query：启动离车泊入...
2026-03-10 16:32:04,564 - INFO - 调用LLM泛化query：继续离车泊入
2026-03-10 16:32:04,564 - INFO - LLM泛化成功，生成1个有效变体（过滤后）
2026-03-10 16:32:04,564 - INFO -   跳过重复query：帮我继续离车泊入...
2026-03-10 16:32:04,564 - INFO - 调用LLM泛化query：离车泊入
2026-03-10 16:32:04,564 - INFO - LLM泛化成功，生成1个有效变体（过滤后）
2026-03-10 16:32:04,565 - INFO -   跳过重复query：帮我离车泊入...
2026-03-10 16:32:04,565 - INFO - 调用LLM泛化query：开启离车泊入
2026-03-10 16:32:04,565 - INFO - LLM泛化成功，生成1个有效变体（过滤后）
2026-03-10 16:32:04,565 - INFO -   跳过重复query：启动离车泊入...
2026-03-10 16:32:04,565 - INFO - 调用LLM泛化query：继续离车泊入
2026-03-10 16:32:04,565 - INFO - LLM泛化成功，生成1个有效变体（过滤后）
2026-03-10 16:32:04,565 - INFO -   跳过重复query：帮我继续离车泊入...
2026-03-10 16:32:04,565 - INFO - 调用LLM泛化query：离车泊入
2026-03-10 16:32:04,565 - INFO - LLM泛化成功，生成1个有效变体（过滤后）
2026-03-10 16:32:04,565 - INFO -   跳过重复query：帮我离车泊入...
2026-03-10 16:32:04,565 - INFO - 调用LLM泛化query：开启离车泊入
2026-03-10 16:32:04,565 - INFO - LLM泛化成功，生成1个有效变体（过滤后）
2026-03-10 16:32:04,565 - INFO -   跳过重复query：启动离车泊入...
2026-03-10 16:32:04,565 - INFO - 调用LLM泛化query：继续离车泊入
2026-03-10 16:32:04,565 - INFO - LLM泛化成功，生成1个有效变体（过滤后）
2026-03-10 16:32:04,565 - INFO -   跳过重复query：帮我继续离车泊入...
2026-03-10 16:32:04,565 - INFO - 调用LLM泛化query：离车泊入
2026-03-10 16:32:04,565 - INFO - LLM泛化成功，生成1个有效变体（过滤后）
2026-03-10 16:32:04,565 - INFO -   跳过重复query：帮我离车泊入...
2026-03-10 16:32:04,565 - INFO - 调用LLM泛化query：开启离车泊入
2026-03-10 16:32:04,565 - INFO - LLM泛化成功，生成1个有效变体（过滤后）
2026-03-10 16:32:04,565 - INFO -   跳过重复query：启动离车泊入...
2026-03-10 16:32:04,565 - INFO - 调用LLM泛化query：继续离车泊入
2026-03-10 16:32:04,565 - INFO - LLM泛化成功，生成1个有效变体（过滤后）
2026-03-10 16:32:04,565 - INFO -   跳过重复query：帮我继续离车泊入...
2026-03-10 16:32:04,565 - INFO - 调用LLM泛化query：离车泊入
2026-03-10 16:32:04,565 - INFO - LLM泛化成功，生成1个有效变体（过滤后）
2026-03-10 16:32:04,565 - INFO -   跳过重复query：帮我离车泊入...
2026-03-10 16:32:04,565 - INFO - 调用LLM泛化query：开启离车泊入
2026-03-10 16:32:04,566 - INFO - LLM泛化成功，生成1个有效变体（过滤后）
2026-03-10 16:32:04,566 - INFO -   跳过重复query：启动离车泊入...
2026-03-10 16:32:04,566 - INFO - 调用LLM泛化query：继续离车泊入
2026-03-10 16:32:04,566 - INFO - LLM泛化成功，生成1个有效变体（过滤后）
2026-03-10 16:32:04,566 - INFO -   跳过重复query：帮我继续离车泊入...
2026-03-10 16:32:04,566 - INFO - 调用LLM泛化query：离车泊入
2026-03-10 16:32:04,566 - INFO - LLM泛化成功，生成1个有效变体（过滤后）
2026-03-10 16:32:04,566 - INFO -   跳过重复query：帮我离车泊入...
2026-03-10 16:32:04,566 - INFO - 调用LLM泛化query：开启离车泊入
2026-03-10 16:32:04,566 - INFO - LLM泛化成功，生成1个有效变体（过滤后）
2026-03-10 16:32:04,566 - INFO -   跳过重复query：启动离车泊入...
2026-03-10 16:32:04,566 - INFO - 调用LLM泛化query：继续离车泊入
2026-03-10 16:32:04,566 - INFO - LLM泛化成功，生成1个有效变体（过滤后）
2026-03-10 16:32:04,566 - INFO -   跳过重复query：帮我继续离车泊入...
2026-03-10 16:32:04,566 - INFO - 调用LLM泛化query：离车泊入
2026-03-10 16:32:04,566 - INFO - LLM泛化成功，生成1个有效变体（过滤后）
2026-03-10 16:32:04,566 - INFO -   跳过重复query：帮我离车泊入...
2026-03-10 16:32:04,566 - INFO - 调用LLM泛化query：开启离车泊入
2026-03-10 16:32:04,566 - INFO - LLM泛化成功，生成1个有效变体（过滤后）
2026-03-10 16:32:04,566 - INFO -   跳过重复query：启动离车泊入...
2026-03-10 16:32:04,566 - INFO - 调用LLM泛化query：继续离车泊入
2026-03-10 16:32:04,566 - INFO - LLM泛化成功，生成1个有效变体（过滤后）
2026-03-10 16:32:04,567 - INFO -   跳过重复query：帮我继续离车泊入...
2026-03-10 16:32:04,567 - INFO - 调用LLM泛化query：离车泊入
2026-03-10 16:32:04,567 - INFO - LLM泛化成功，生成1个有效变体（过滤后）
2026-03-10 16:32:04,567 - INFO -   跳过重复query：帮我离车泊入...
2026-03-10 16:32:04,567 - INFO - 调用LLM泛化query：开启离车泊入
2026-03-10 16:32:04,567 - INFO - LLM泛化成功，生成1个有效变体（过滤后）
2026-03-10 16:32:04,567 - INFO -   跳过重复query：启动离车泊入...
2026-03-10 16:32:04,567 - INFO - 调用LLM泛化query：继续离车泊入
2026-03-10 16:32:04,567 - INFO - LLM泛化成功，生成1个有效变体（过滤后）
2026-03-10 16:32:04,567 - INFO -   跳过重复query：帮我继续离车泊入...
2026-03-10 16:32:04,567 - INFO - 调用LLM泛化query：离车泊入
2026-03-10 16:32:04,567 - INFO - LLM泛化成功，生成1个有效变体（过滤后）
2026-03-10 16:32:04,567 - INFO -   跳过重复query：帮我离车泊入...
2026-03-10 16:32:04,567 - INFO - 调用LLM泛化query：开启离车泊入
2026-03-10 16:32:04,567 - INFO - LLM泛化成功，生成1个有效变体（过滤后）
2026-03-10 16:32:04,567 - INFO -   跳过重复query：启动离车泊入...
2026-03-10 16:32:04,567 - INFO - 调用LLM泛化query：继续离车泊入
2026-03-10 16:32:04,567 - INFO - LLM泛化成功，生成1个有效变体（过滤后）
2026-03-10 16:32:04,567 - INFO -   跳过重复query：帮我继续离车泊入...
2026-03-10 16:32:04,567 - INFO - 调用LLM泛化query：离车泊入
2026-03-10 16:32:04,567 - INFO - LLM泛化成功，生成1个有效变体（过滤后）
2026-03-10 16:32:04,567 - INFO -   跳过重复query：帮我离车泊入...
2026-03-10 16:32:04,567 - INFO - 调用LLM泛化query：开启离车泊入
2026-03-10 16:32:04,567 - INFO - LLM泛化成功，生成1个有效变体（过滤后）
2026-03-10 16:32:04,567 - INFO -   跳过重复query：启动离车泊入...
2026-03-10 16:32:04,567 - INFO - 调用LLM泛化query：继续离车泊入
2026-03-10 16:32:04,567 - INFO - LLM泛化成功，生成1个有效变体（过滤后）
2026-03-10 16:32:04,567 - INFO -   跳过重复query：帮我继续离车泊入...
2026-03-10 16:32:04,567 - INFO - 调用LLM泛化query：离车泊入
2026-03-10 16:32:04,567 - INFO - LLM泛化成功，生成1个有效变体（过滤后）
2026-03-10 16:32:04,567 - INFO -   跳过重复query：帮我离车泊入...
2026-03-10 16:32:04,567 - INFO - 调用LLM泛化query：开启离车泊入
2026-03-10 16:32:04,567 - INFO - LLM泛化成功，生成1个有效变体（过滤后）
2026-03-10 16:32:04,567 - INFO -   跳过重复query：启动离车泊入...
2026-03-10 16:32:04,568 - INFO - 调用LLM泛化query：继续离车泊入
2026-03-10 16:32:04,568 - INFO - LLM泛化成功，生成1个有效变体（过滤后）
2026-03-10 16:32:04,568 - INFO -   跳过重复query：帮我继续离车泊入...
2026-03-10 16:32:04,568 - INFO - 调用LLM泛化query：离车泊入
2026-03-10 16:32:04,568 - INFO - LLM泛化成功，生成1个有效变体（过滤后）
2026-03-10 16:32:04,568 - INFO -   跳过重复query：帮我离车泊入...
2026-03-10 16:32:04,568 - INFO - 调用LLM泛化query：开启离车泊入
2026-03-10 16:32:04,568 - INFO - LLM泛化成功，生成1个有效变体（过滤后）
2026-03-10 16:32:04,568 - INFO -   跳过重复query：启动离车泊入...
2026-03-10 16:32:04,568 - INFO - 调用LLM泛化query：继续离车泊入
2026-03-10 16:32:04,568 - INFO - LLM泛化成功，生成1个有效变体（过滤后）
2026-03-10 16:32:04,569 - INFO -   跳过重复query：帮我继续离车泊入...
2026-03-10 16:32:04,569 - INFO - 调用LLM泛化query：离车泊入
2026-03-10 16:32:04,569 - INFO - LLM泛化成功，生成1个有效变体（过滤后）
2026-03-10 16:32:04,569 - INFO -   跳过重复query：帮我离车泊入...
2026-03-10 16:32:04,569 - INFO - 调用LLM泛化query：开启离车泊入
2026-03-10 16:32:04,569 - INFO - LLM泛化成功，生成1个有效变体（过滤后）
2026-03-10 16:32:04,569 - INFO -   跳过重复query：启动离车泊入...
2026-03-10 16:32:04,569 - INFO - 调用LLM泛化query：继续离车泊入
2026-03-10 16:32:04,569 - INFO - LLM泛化成功，生成1个有效变体（过滤后）
2026-03-10 16:32:04,569 - INFO -   跳过重复query：帮我继续离车泊入...
2026-03-10 16:32:04,569 - INFO - 调用LLM泛化query：离车泊入
2026-03-10 16:32:04,570 - INFO - LLM泛化成功，生成1个有效变体（过滤后）
2026-03-10 16:32:04,570 - INFO -   跳过重复query：帮我离车泊入...
2026-03-10 16:32:04,570 - INFO - 调用LLM泛化query：开启离车泊入
2026-03-10 16:32:04,570 - INFO - LLM泛化成功，生成1个有效变体（过滤后）
2026-03-10 16:32:04,570 - INFO -   跳过重复query：启动离车泊入...
2026-03-10 16:32:04,570 - INFO - 调用LLM泛化query：继续离车泊入
2026-03-10 16:32:04,570 - INFO - LLM泛化成功，生成1个有效变体（过滤后）
2026-03-10 16:32:04,570 - INFO -   跳过重复query：帮我继续离车泊入...
2026-03-10 16:32:04,570 - INFO - 调用LLM泛化query：离车泊入
2026-03-10 16:32:04,570 - INFO - LLM泛化成功，生成1个有效变体（过滤后）
2026-03-10 16:32:04,570 - INFO -   跳过重复query：帮我离车泊入...
2026-03-10 16:32:04,570 - INFO - 调用LLM泛化query：开启离车泊入
2026-03-10 16:32:04,570 - INFO - LLM泛化成功，生成1个有效变体（过滤后）
2026-03-10 16:32:04,570 - INFO -   跳过重复query：启动离车泊入...
2026-03-10 16:32:04,570 - INFO - 调用LLM泛化query：继续离车泊入
2026-03-10 16:32:04,570 - INFO - LLM泛化成功，生成1个有效变体（过滤后）
2026-03-10 16:32:04,570 - INFO -   跳过重复query：帮我继续离车泊入...
2026-03-10 16:32:04,570 - INFO - 调用LLM泛化query：离车泊入
2026-03-10 16:32:04,570 - INFO - LLM泛化成功，生成1个有效变体（过滤后）
2026-03-10 16:32:04,570 - INFO -   跳过重复query：帮我离车泊入...
2026-03-10 16:32:04,570 - INFO - 调用LLM泛化query：开启离车泊入
2026-03-10 16:32:04,570 - INFO - LLM泛化成功，生成1个有效变体（过滤后）
2026-03-10 16:32:04,570 - INFO -   跳过重复query：启动离车泊入...
2026-03-10 16:32:04,570 - INFO - 调用LLM泛化query：继续离车泊入
2026-03-10 16:32:04,570 - INFO - LLM泛化成功，生成1个有效变体（过滤后）
2026-03-10 16:32:04,570 - INFO -   跳过重复query：帮我继续离车泊入...
2026-03-10 16:32:04,570 - INFO - 调用LLM泛化query：离车泊入
2026-03-10 16:32:04,570 - INFO - LLM泛化成功，生成1个有效变体（过滤后）
2026-03-10 16:32:04,570 - INFO -   跳过重复query：帮我离车泊入...
2026-03-10 16:32:04,570 - INFO - 调用LLM泛化query：开启离车泊入
2026-03-10 16:32:04,570 - INFO - LLM泛化成功，生成1个有效变体（过滤后）
2026-03-10 16:32:04,570 - INFO -   跳过重复query：启动离车泊入...
2026-03-10 16:32:04,570 - INFO - 调用LLM泛化query：继续离车泊入
2026-03-10 16:32:04,570 - INFO - LLM泛化成功，生成1个有效变体（过滤后）
2026-03-10 16:32:04,570 - INFO -   跳过重复query：帮我继续离车泊入...
2026-03-10 16:32:04,570 - INFO - 调用LLM泛化query：离车泊入
2026-03-10 16:32:04,570 - INFO - LLM泛化成功，生成1个有效变体（过滤后）
2026-03-10 16:32:04,570 - INFO -   跳过重复query：帮我离车泊入...
2026-03-10 16:32:04,570 - INFO - 调用LLM泛化query：开启离车泊入
2026-03-10 16:32:04,570 - INFO - LLM泛化成功，生成1个有效变体（过滤后）
2026-03-10 16:32:04,571 - INFO -   跳过重复query：启动离车泊入...
2026-03-10 16:32:04,571 - INFO - 调用LLM泛化query：继续离车泊入
2026-03-10 16:32:04,571 - INFO - LLM泛化成功，生成1个有效变体（过滤后）
2026-03-10 16:32:04,571 - INFO -   跳过重复query：帮我继续离车泊入...
2026-03-10 16:32:04,571 - INFO - 调用LLM泛化query：离车泊入
2026-03-10 16:32:04,571 - INFO - LLM泛化成功，生成1个有效变体（过滤后）
2026-03-10 16:32:04,571 - INFO -   跳过重复query：帮我离车泊入...
2026-03-10 16:32:04,571 - INFO - 调用LLM泛化query：开启离车泊入
2026-03-10 16:32:04,571 - INFO - LLM泛化成功，生成1个有效变体（过滤后）
2026-03-10 16:32:04,571 - INFO -   跳过重复query：启动离车泊入...
2026-03-10 16:32:04,571 - INFO - 调用LLM泛化query：继续离车泊入
2026-03-10 16:32:04,571 - INFO - LLM泛化成功，生成1个有效变体（过滤后）
2026-03-10 16:32:04,571 - INFO -   跳过重复query：帮我继续离车泊入...
2026-03-10 16:32:04,571 - INFO - 调用LLM泛化query：离车泊入
2026-03-10 16:32:04,571 - INFO - LLM泛化成功，生成1个有效变体（过滤后）
2026-03-10 16:32:04,571 - INFO -   跳过重复query：帮我离车泊入...
2026-03-10 16:32:04,571 - INFO - 调用LLM泛化query：开启离车泊入
2026-03-10 16:32:04,571 - INFO - LLM泛化成功，生成1个有效变体（过滤后）
2026-03-10 16:32:04,571 - INFO -   跳过重复query：启动离车泊入...
2026-03-10 16:32:04,571 - INFO - 调用LLM泛化query：继续离车泊入
2026-03-10 16:32:04,571 - INFO - LLM泛化成功，生成1个有效变体（过滤后）
2026-03-10 16:32:04,571 - INFO -   跳过重复query：帮我继续离车泊入...
2026-03-10 16:32:04,571 - INFO - 调用LLM泛化query：离车泊入
2026-03-10 16:32:04,571 - INFO - LLM泛化成功，生成1个有效变体（过滤后）
2026-03-10 16:32:04,571 - INFO -   跳过重复query：帮我离车泊入...
2026-03-10 16:32:04,571 - INFO - 调用LLM泛化query：开启离车泊入
2026-03-10 16:32:04,571 - INFO - LLM泛化成功，生成1个有效变体（过滤后）
2026-03-10 16:32:04,571 - INFO -   跳过重复query：启动离车泊入...
2026-03-10 16:32:04,571 - INFO - 调用LLM泛化query：继续离车泊入
2026-03-10 16:32:04,571 - INFO - LLM泛化成功，生成1个有效变体（过滤后）
2026-03-10 16:32:04,571 - INFO -   跳过重复query：帮我继续离车泊入...
2026-03-10 16:32:04,572 - INFO - 调用LLM泛化query：离车泊入
2026-03-10 16:32:04,572 - INFO - LLM泛化成功，生成1个有效变体（过滤后）
2026-03-10 16:32:04,572 - INFO -   跳过重复query：帮我离车泊入...
2026-03-10 16:32:04,572 - INFO - 调用LLM泛化query：开启离车泊入
2026-03-10 16:32:04,572 - INFO - LLM泛化成功，生成1个有效变体（过滤后）
2026-03-10 16:32:04,572 - INFO -   跳过重复query：启动离车泊入...
2026-03-10 16:32:04,572 - INFO - 调用LLM泛化query：继续离车泊入
2026-03-10 16:32:04,572 - INFO - LLM泛化成功，生成1个有效变体（过滤后）
2026-03-10 16:32:04,572 - INFO -   跳过重复query：帮我继续离车泊入...
2026-03-10 16:32:04,572 - INFO - 调用LLM泛化query：离车泊入
2026-03-10 16:32:04,572 - INFO - LLM泛化成功，生成1个有效变体（过滤后）
2026-03-10 16:32:04,572 - INFO -   跳过重复query：帮我离车泊入...
2026-03-10 16:32:04,572 - INFO - 调用LLM泛化query：开启离车泊入
2026-03-10 16:32:04,572 - INFO - LLM泛化成功，生成1个有效变体（过滤后）
2026-03-10 16:32:04,572 - INFO -   跳过重复query：启动离车泊入...
2026-03-10 16:32:04,572 - INFO - 调用LLM泛化query：继续离车泊入
2026-03-10 16:32:04,572 - INFO - LLM泛化成功，生成1个有效变体（过滤后）
2026-03-10 16:32:04,572 - INFO -   跳过重复query：帮我继续离车泊入...
2026-03-10 16:32:04,572 - INFO - 调用LLM泛化query：离车泊入
2026-03-10 16:32:04,572 - INFO - LLM泛化成功，生成1个有效变体（过滤后）
2026-03-10 16:32:04,572 - INFO -   跳过重复query：帮我离车泊入...
2026-03-10 16:32:04,572 - INFO - 调用LLM泛化query：开启离车泊入
2026-03-10 16:32:04,572 - INFO - LLM泛化成功，生成1个有效变体（过滤后）
2026-03-10 16:32:04,572 - INFO -   跳过重复query：启动离车泊入...
2026-03-10 16:32:04,572 - INFO - 调用LLM泛化query：继续离车泊入
2026-03-10 16:32:04,572 - INFO - LLM泛化成功，生成1个有效变体（过滤后）
2026-03-10 16:32:04,572 - INFO -   跳过重复query：帮我继续离车泊入...
2026-03-10 16:32:04,572 - INFO - 调用LLM泛化query：离车泊入
2026-03-10 16:32:04,572 - INFO - LLM泛化成功，生成1个有效变体（过滤后）
2026-03-10 16:32:04,572 - INFO -   跳过重复query：帮我离车泊入...
2026-03-10 16:32:04,572 - INFO - 调用LLM泛化query：开启离车泊入
2026-03-10 16:32:04,572 - INFO - LLM泛化成功，生成1个有效变体（过滤后）
2026-03-10 16:32:04,572 - INFO -   跳过重复query：启动离车泊入...
2026-03-10 16:32:04,572 - INFO - 调用LLM泛化query：继续离车泊入
2026-03-10 16:32:04,572 - INFO - LLM泛化成功，生成1个有效变体（过滤后）
2026-03-10 16:32:04,572 - INFO -   跳过重复query：帮我继续离车泊入...
2026-03-10 16:32:04,572 - INFO - 调用LLM泛化query：离车泊入
2026-03-10 16:32:04,572 - INFO - LLM泛化成功，生成1个有效变体（过滤后）
2026-03-10 16:32:04,572 - INFO -   跳过重复query：帮我离车泊入...
2026-03-10 16:32:04,572 - INFO - 调用LLM泛化query：开启离车泊入
2026-03-10 16:32:04,573 - INFO - LLM泛化成功，生成1个有效变体（过滤后）
2026-03-10 16:32:04,573 - INFO -   跳过重复query：启动离车泊入...
2026-03-10 16:32:04,573 - INFO - 调用LLM泛化query：继续离车泊入
2026-03-10 16:32:04,573 - INFO - LLM泛化成功，生成1个有效变体（过滤后）
2026-03-10 16:32:04,573 - INFO -   跳过重复query：帮我继续离车泊入...
2026-03-10 16:32:04,573 - INFO - 调用LLM泛化query：离车泊入
2026-03-10 16:32:04,573 - INFO - LLM泛化成功，生成1个有效变体（过滤后）
2026-03-10 16:32:04,573 - INFO -   跳过重复query：帮我离车泊入...
2026-03-10 16:32:04,573 - INFO - 调用LLM泛化query：开启离车泊入
2026-03-10 16:32:04,573 - INFO - LLM泛化成功，生成1个有效变体（过滤后）
2026-03-10 16:32:04,573 - INFO -   跳过重复query：启动离车泊入...
2026-03-10 16:32:04,573 - INFO - 调用LLM泛化query：继续离车泊入
2026-03-10 16:32:04,573 - INFO - LLM泛化成功，生成1个有效变体（过滤后）
2026-03-10 16:32:04,573 - INFO -   跳过重复query：帮我继续离车泊入...
2026-03-10 16:32:04,573 - INFO - 调用LLM泛化query：离车泊入
2026-03-10 16:32:04,573 - INFO - LLM泛化成功，生成1个有效变体（过滤后）
2026-03-10 16:32:04,573 - INFO -   跳过重复query：帮我离车泊入...
2026-03-10 16:32:04,573 - INFO - 调用LLM泛化query：开启离车泊入
2026-03-10 16:32:04,573 - INFO - LLM泛化成功，生成1个有效变体（过滤后）
2026-03-10 16:32:04,573 - INFO -   跳过重复query：启动离车泊入...
2026-03-10 16:32:04,573 - INFO - 调用LLM泛化query：继续离车泊入
2026-03-10 16:32:04,573 - INFO - LLM泛化成功，生成1个有效变体（过滤后）
2026-03-10 16:32:04,573 - INFO -   跳过重复query：帮我继续离车泊入...
2026-03-10 16:32:04,573 - INFO - 调用LLM泛化query：离车泊入
2026-03-10 16:32:04,573 - INFO - LLM泛化成功，生成1个有效变体（过滤后）
2026-03-10 16:32:04,573 - INFO -   跳过重复query：帮我离车泊入...
2026-03-10 16:32:04,573 - INFO - 调用LLM泛化query：开启离车泊入
2026-03-10 16:32:04,573 - INFO - LLM泛化成功，生成1个有效变体（过滤后）
2026-03-10 16:32:04,573 - INFO -   跳过重复query：启动离车泊入...
2026-03-10 16:32:04,573 - INFO - 调用LLM泛化query：继续离车泊入
2026-03-10 16:32:04,573 - INFO - LLM泛化成功，生成1个有效变体（过滤后）
2026-03-10 16:32:04,573 - INFO -   跳过重复query：帮我继续离车泊入...
2026-03-10 16:32:04,573 - INFO - 调用LLM泛化query：离车泊入
2026-03-10 16:32:04,573 - INFO - LLM泛化成功，生成1个有效变体（过滤后）
2026-03-10 16:32:04,573 - INFO -   跳过重复query：帮我离车泊入...
2026-03-10 16:32:04,573 - INFO - 调用LLM泛化query：开启离车泊入
2026-03-10 16:32:04,573 - INFO - LLM泛化成功，生成1个有效变体（过滤后）
2026-03-10 16:32:04,573 - INFO -   跳过重复query：启动离车泊入...
2026-03-10 16:32:04,573 - INFO - 调用LLM泛化query：继续离车泊入
2026-03-10 16:32:04,573 - INFO - LLM泛化成功，生成1个有效变体（过滤后）
2026-03-10 16:32:04,573 - INFO -   跳过重复query：帮我继续离车泊入...
2026-03-10 16:32:04,574 - INFO - 调用LLM泛化query：离车泊入
2026-03-10 16:32:04,574 - INFO - LLM泛化成功，生成1个有效变体（过滤后）
2026-03-10 16:32:04,574 - INFO -   跳过重复query：帮我离车泊入...
2026-03-10 16:32:04,574 - INFO - 调用LLM泛化query：开启离车泊入
2026-03-10 16:32:04,574 - INFO - LLM泛化成功，生成1个有效变体（过滤后）
2026-03-10 16:32:04,574 - INFO -   跳过重复query：启动离车泊入...
2026-03-10 16:32:04,574 - INFO - 调用LLM泛化query：继续离车泊入
2026-03-10 16:32:04,574 - INFO - LLM泛化成功，生成1个有效变体（过滤后）
2026-03-10 16:32:04,574 - INFO -   跳过重复query：帮我继续离车泊入...
2026-03-10 16:32:04,574 - INFO - 调用LLM泛化query：离车泊入
2026-03-10 16:32:04,574 - INFO - LLM泛化成功，生成1个有效变体（过滤后）
2026-03-10 16:32:04,574 - INFO -   跳过重复query：帮我离车泊入...
2026-03-10 16:32:04,574 - INFO - 调用LLM泛化query：开启离车泊入
2026-03-10 16:32:04,574 - INFO - LLM泛化成功，生成1个有效变体（过滤后）
2026-03-10 16:32:04,574 - INFO -   跳过重复query：启动离车泊入...
2026-03-10 16:32:04,574 - INFO - 调用LLM泛化query：继续离车泊入
2026-03-10 16:32:04,574 - INFO - LLM泛化成功，生成1个有效变体（过滤后）
2026-03-10 16:32:04,574 - INFO -   跳过重复query：帮我继续离车泊入...
2026-03-10 16:32:04,574 - INFO - 调用LLM泛化query：离车泊入
2026-03-10 16:32:04,574 - INFO - LLM泛化成功，生成1个有效变体（过滤后）
2026-03-10 16:32:04,574 - INFO -   跳过重复query：帮我离车泊入...
2026-03-10 16:32:04,574 - INFO - 调用LLM泛化query：开启离车泊入
2026-03-10 16:32:04,574 - INFO - LLM泛化成功，生成1个有效变体（过滤后）
2026-03-10 16:32:04,574 - INFO -   跳过重复query：启动离车泊入...
2026-03-10 16:32:04,574 - INFO - 调用LLM泛化query：继续离车泊入
2026-03-10 16:32:04,574 - INFO - LLM泛化成功，生成1个有效变体（过滤后）
2026-03-10 16:32:04,574 - INFO -   跳过重复query：帮我继续离车泊入...
2026-03-10 16:32:04,574 - INFO - 调用LLM泛化query：离车泊入
2026-03-10 16:32:04,574 - INFO - LLM泛化成功，生成1个有效变体（过滤后）
2026-03-10 16:32:04,574 - INFO -   跳过重复query：帮我离车泊入...
2026-03-10 16:32:04,574 - INFO - 调用LLM泛化query：开启离车泊入
2026-03-10 16:32:04,574 - INFO - LLM泛化成功，生成1个有效变体（过滤后）
2026-03-10 16:32:04,574 - INFO -   跳过重复query：启动离车泊入...
2026-03-10 16:32:04,574 - INFO - 调用LLM泛化query：继续离车泊入
2026-03-10 16:32:04,574 - INFO - LLM泛化成功，生成1个有效变体（过滤后）
2026-03-10 16:32:04,574 - INFO -   跳过重复query：帮我继续离车泊入...
2026-03-10 16:32:04,574 - INFO - 调用LLM泛化query：离车泊入
2026-03-10 16:32:04,574 - INFO - LLM泛化成功，生成1个有效变体（过滤后）
2026-03-10 16:32:04,574 - INFO -   跳过重复query：帮我离车泊入...
2026-03-10 16:32:04,574 - INFO - 调用LLM泛化query：开启离车泊入
2026-03-10 16:32:04,574 - INFO - LLM泛化成功，生成1个有效变体（过滤后）
2026-03-10 16:32:04,575 - INFO -   跳过重复query：启动离车泊入...
2026-03-10 16:32:04,575 - INFO - 调用LLM泛化query：继续离车泊入
2026-03-10 16:32:04,575 - INFO - LLM泛化成功，生成1个有效变体（过滤后）
2026-03-10 16:32:04,575 - INFO -   跳过重复query：帮我继续离车泊入...
2026-03-10 16:32:04,575 - INFO - 调用LLM泛化query：离车泊入
2026-03-10 16:32:04,575 - INFO - LLM泛化成功，生成1个有效变体（过滤后）
2026-03-10 16:32:04,575 - INFO -   跳过重复query：帮我离车泊入...
2026-03-10 16:32:04,575 - INFO - 调用LLM泛化query：开启离车泊入
2026-03-10 16:32:04,576 - INFO - LLM泛化成功，生成1个有效变体（过滤后）
2026-03-10 16:32:04,576 - INFO -   跳过重复query：启动离车泊入...
2026-03-10 16:32:04,576 - INFO - 调用LLM泛化query：继续离车泊入
2026-03-10 16:32:04,576 - INFO - LLM泛化成功，生成1个有效变体（过滤后）
2026-03-10 16:32:04,576 - INFO -   跳过重复query：帮我继续离车泊入...
2026-03-10 16:32:04,576 - INFO - 调用LLM泛化query：离车泊入
2026-03-10 16:32:04,576 - INFO - LLM泛化成功，生成1个有效变体（过滤后）
2026-03-10 16:32:04,576 - INFO -   跳过重复query：帮我离车泊入...
2026-03-10 16:32:04,576 - INFO - 调用LLM泛化query：开启离车泊入
2026-03-10 16:32:04,576 - INFO - LLM泛化成功，生成1个有效变体（过滤后）
2026-03-10 16:32:04,576 - INFO -   跳过重复query：启动离车泊入...
2026-03-10 16:32:04,576 - INFO - 调用LLM泛化query：继续离车泊入
2026-03-10 16:32:04,576 - INFO - LLM泛化成功，生成1个有效变体（过滤后）
2026-03-10 16:32:04,576 - INFO -   跳过重复query：帮我继续离车泊入...
2026-03-10 16:32:04,576 - INFO - 调用LLM泛化query：离车泊入
2026-03-10 16:32:04,576 - INFO - LLM泛化成功，生成1个有效变体（过滤后）
2026-03-10 16:32:04,577 - INFO -   跳过重复query：帮我离车泊入...
2026-03-10 16:32:04,577 - INFO - 调用LLM泛化query：开启离车泊入
2026-03-10 16:32:04,577 - INFO - LLM泛化成功，生成1个有效变体（过滤后）
2026-03-10 16:32:04,577 - INFO -   跳过重复query：启动离车泊入...
2026-03-10 16:32:04,577 - INFO - 调用LLM泛化query：继续离车泊入
2026-03-10 16:32:04,577 - INFO - LLM泛化成功，生成1个有效变体（过滤后）
2026-03-10 16:32:04,577 - INFO -   跳过重复query：帮我继续离车泊入...
2026-03-10 16:32:04,578 - INFO - 调用LLM泛化query：离车泊入
2026-03-10 16:32:04,578 - INFO - LLM泛化成功，生成1个有效变体（过滤后）
2026-03-10 16:32:04,578 - INFO -   跳过重复query：帮我离车泊入...
2026-03-10 16:32:04,578 - INFO - 调用LLM泛化query：开启离车泊入
2026-03-10 16:32:04,578 - INFO - LLM泛化成功，生成1个有效变体（过滤后）
2026-03-10 16:32:04,578 - INFO -   跳过重复query：启动离车泊入...
2026-03-10 16:32:04,578 - INFO - 调用LLM泛化query：继续离车泊入
2026-03-10 16:32:04,578 - INFO - LLM泛化成功，生成1个有效变体（过滤后）
2026-03-10 16:32:04,578 - INFO -   跳过重复query：帮我继续离车泊入...
2026-03-10 16:32:04,578 - INFO - 调用LLM泛化query：离车泊入
2026-03-10 16:32:04,578 - INFO - LLM泛化成功，生成1个有效变体（过滤后）
2026-03-10 16:32:04,578 - INFO -   跳过重复query：帮我离车泊入...
2026-03-10 16:32:04,578 - INFO - 调用LLM泛化query：开启离车泊入
2026-03-10 16:32:04,578 - INFO - LLM泛化成功，生成1个有效变体（过滤后）
2026-03-10 16:32:04,578 - INFO -   跳过重复query：启动离车泊入...
2026-03-10 16:32:04,578 - INFO - 调用LLM泛化query：继续离车泊入
2026-03-10 16:32:04,578 - INFO - LLM泛化成功，生成1个有效变体（过滤后）
2026-03-10 16:32:04,578 - INFO -   跳过重复query：帮我继续离车泊入...
2026-03-10 16:32:04,578 - INFO - 调用LLM泛化query：离车泊入
2026-03-10 16:32:04,578 - INFO - LLM泛化成功，生成1个有效变体（过滤后）
2026-03-10 16:32:04,579 - INFO -   跳过重复query：帮我离车泊入...
2026-03-10 16:32:04,579 - INFO - 调用LLM泛化query：开启离车泊入
2026-03-10 16:32:04,579 - INFO - LLM泛化成功，生成1个有效变体（过滤后）
2026-03-10 16:32:04,579 - INFO -   跳过重复query：启动离车泊入...
2026-03-10 16:32:04,579 - INFO - 调用LLM泛化query：继续离车泊入
2026-03-10 16:32:04,579 - INFO - LLM泛化成功，生成1个有效变体（过滤后）
2026-03-10 16:32:04,579 - INFO -   跳过重复query：帮我继续离车泊入...
2026-03-10 16:32:04,579 - INFO - 调用LLM泛化query：离车泊入
2026-03-10 16:32:04,579 - INFO - LLM泛化成功，生成1个有效变体（过滤后）
2026-03-10 16:32:04,579 - INFO -   跳过重复query：帮我离车泊入...
2026-03-10 16:32:04,579 - INFO - 调用LLM泛化query：开启离车泊入
2026-03-10 16:32:04,579 - INFO - LLM泛化成功，生成1个有效变体（过滤后）
2026-03-10 16:32:04,579 - INFO -   跳过重复query：启动离车泊入...
2026-03-10 16:32:04,579 - INFO - 调用LLM泛化query：继续离车泊入
2026-03-10 16:32:04,579 - INFO - LLM泛化成功，生成1个有效变体（过滤后）
2026-03-10 16:32:04,579 - INFO -   跳过重复query：帮我继续离车泊入...
2026-03-10 16:32:04,579 - INFO - 调用LLM泛化query：离车泊入
2026-03-10 16:32:04,579 - INFO - LLM泛化成功，生成1个有效变体（过滤后）
2026-03-10 16:32:04,579 - INFO -   跳过重复query：帮我离车泊入...
2026-03-10 16:32:04,579 - INFO - 调用LLM泛化query：开启离车泊入
2026-03-10 16:32:04,579 - INFO - LLM泛化成功，生成1个有效变体（过滤后）
2026-03-10 16:32:04,579 - INFO -   跳过重复query：启动离车泊入...
2026-03-10 16:32:04,580 - INFO - 调用LLM泛化query：继续离车泊入
2026-03-10 16:32:04,580 - INFO - LLM泛化成功，生成1个有效变体（过滤后）
2026-03-10 16:32:04,580 - INFO -   跳过重复query：帮我继续离车泊入...
2026-03-10 16:32:04,580 - INFO - 调用LLM泛化query：离车泊入
2026-03-10 16:32:04,580 - INFO - LLM泛化成功，生成1个有效变体（过滤后）
2026-03-10 16:32:04,580 - INFO -   跳过重复query：帮我离车泊入...
2026-03-10 16:32:04,580 - INFO - 调用LLM泛化query：开启离车泊入
2026-03-10 16:32:04,580 - INFO - LLM泛化成功，生成1个有效变体（过滤后）
2026-03-10 16:32:04,580 - INFO -   跳过重复query：启动离车泊入...
2026-03-10 16:32:04,580 - INFO - 调用LLM泛化query：继续离车泊入
2026-03-10 16:32:04,580 - INFO - LLM泛化成功，生成1个有效变体（过滤后）
2026-03-10 16:32:04,580 - INFO -   跳过重复query：帮我继续离车泊入...
2026-03-10 16:32:04,580 - INFO - 调用LLM泛化query：离车泊入
2026-03-10 16:32:04,580 - INFO - LLM泛化成功，生成1个有效变体（过滤后）
2026-03-10 16:32:04,580 - INFO -   跳过重复query：帮我离车泊入...
2026-03-10 16:32:04,580 - INFO - 调用LLM泛化query：开启离车泊入
2026-03-10 16:32:04,580 - INFO - LLM泛化成功，生成1个有效变体（过滤后）
2026-03-10 16:32:04,580 - INFO -   跳过重复query：启动离车泊入...
2026-03-10 16:32:04,580 - INFO - 调用LLM泛化query：继续离车泊入
2026-03-10 16:32:04,580 - INFO - LLM泛化成功，生成1个有效变体（过滤后）
2026-03-10 16:32:04,580 - INFO -   跳过重复query：帮我继续离车泊入...
2026-03-10 16:32:04,580 - INFO - 调用LLM泛化query：离车泊入
2026-03-10 16:32:04,580 - INFO - LLM泛化成功，生成1个有效变体（过滤后）
2026-03-10 16:32:04,580 - INFO -   跳过重复query：帮我离车泊入...
2026-03-10 16:32:04,580 - INFO - 调用LLM泛化query：开启离车泊入
2026-03-10 16:32:04,580 - INFO - LLM泛化成功，生成1个有效变体（过滤后）
2026-03-10 16:32:04,580 - INFO -   跳过重复query：启动离车泊入...
2026-03-10 16:32:04,580 - INFO - 调用LLM泛化query：继续离车泊入
2026-03-10 16:32:04,580 - INFO - LLM泛化成功，生成1个有效变体（过滤后）
2026-03-10 16:32:04,580 - INFO -   跳过重复query：帮我继续离车泊入...
2026-03-10 16:32:04,580 - INFO - 调用LLM泛化query：离车泊入
2026-03-10 16:32:04,580 - INFO - LLM泛化成功，生成1个有效变体（过滤后）
2026-03-10 16:32:04,580 - INFO -   跳过重复query：帮我离车泊入...
2026-03-10 16:32:04,580 - INFO - 调用LLM泛化query：开启离车泊入
2026-03-10 16:32:04,580 - INFO - LLM泛化成功，生成1个有效变体（过滤后）
2026-03-10 16:32:04,580 - INFO -   跳过重复query：启动离车泊入...
2026-03-10 16:32:04,580 - INFO - 调用LLM泛化query：继续离车泊入
2026-03-10 16:32:04,580 - INFO - LLM泛化成功，生成1个有效变体（过滤后）
2026-03-10 16:32:04,580 - INFO -   跳过重复query：帮我继续离车泊入...
2026-03-10 16:32:04,580 - INFO - 调用LLM泛化query：离车泊入
2026-03-10 16:32:04,581 - INFO - LLM泛化成功，生成1个有效变体（过滤后）
2026-03-10 16:32:04,581 - INFO -   跳过重复query：帮我离车泊入...
2026-03-10 16:32:04,581 - INFO - 调用LLM泛化query：开启离车泊入
2026-03-10 16:32:04,581 - INFO - LLM泛化成功，生成1个有效变体（过滤后）
2026-03-10 16:32:04,581 - INFO -   跳过重复query：启动离车泊入...
2026-03-10 16:32:04,581 - INFO - 调用LLM泛化query：继续离车泊入
2026-03-10 16:32:04,581 - INFO - LLM泛化成功，生成1个有效变体（过滤后）
2026-03-10 16:32:04,581 - INFO -   跳过重复query：帮我继续离车泊入...
2026-03-10 16:32:04,581 - INFO - 调用LLM泛化query：离车泊入
2026-03-10 16:32:04,581 - INFO - LLM泛化成功，生成1个有效变体（过滤后）
2026-03-10 16:32:04,581 - INFO -   跳过重复query：帮我离车泊入...
2026-03-10 16:32:04,581 - INFO - 调用LLM泛化query：开启离车泊入
2026-03-10 16:32:04,581 - INFO - LLM泛化成功，生成1个有效变体（过滤后）
2026-03-10 16:32:04,581 - INFO -   跳过重复query：启动离车泊入...
2026-03-10 16:32:04,581 - INFO - 调用LLM泛化query：继续离车泊入
2026-03-10 16:32:04,581 - INFO - LLM泛化成功，生成1个有效变体（过滤后）
2026-03-10 16:32:04,581 - INFO -   跳过重复query：帮我继续离车泊入...
2026-03-10 16:32:04,581 - INFO - 调用LLM泛化query：离车泊入
2026-03-10 16:32:04,581 - INFO - LLM泛化成功，生成1个有效变体（过滤后）
2026-03-10 16:32:04,581 - INFO -   跳过重复query：帮我离车泊入...
2026-03-10 16:32:04,581 - INFO - 调用LLM泛化query：开启离车泊入
2026-03-10 16:32:04,581 - INFO - LLM泛化成功，生成1个有效变体（过滤后）
2026-03-10 16:32:04,581 - INFO -   跳过重复query：启动离车泊入...
2026-03-10 16:32:04,581 - INFO - 调用LLM泛化query：继续离车泊入
2026-03-10 16:32:04,581 - INFO - LLM泛化成功，生成1个有效变体（过滤后）
2026-03-10 16:32:04,582 - INFO -   跳过重复query：帮我继续离车泊入...
2026-03-10 16:32:04,582 - INFO - 调用LLM泛化query：离车泊入
2026-03-10 16:32:04,582 - INFO - LLM泛化成功，生成1个有效变体（过滤后）
2026-03-10 16:32:04,582 - INFO -   跳过重复query：帮我离车泊入...
2026-03-10 16:32:04,582 - INFO - 调用LLM泛化query：开启离车泊入
2026-03-10 16:32:04,582 - INFO - LLM泛化成功，生成1个有效变体（过滤后）
2026-03-10 16:32:04,582 - INFO -   跳过重复query：启动离车泊入...
2026-03-10 16:32:04,582 - INFO - 调用LLM泛化query：继续离车泊入
2026-03-10 16:32:04,582 - INFO - LLM泛化成功，生成1个有效变体（过滤后）
2026-03-10 16:32:04,582 - INFO -   跳过重复query：帮我继续离车泊入...
2026-03-10 16:32:04,582 - INFO - 调用LLM泛化query：离车泊入
2026-03-10 16:32:04,582 - INFO - LLM泛化成功，生成1个有效变体（过滤后）
2026-03-10 16:32:04,582 - INFO -   跳过重复query：帮我离车泊入...
2026-03-10 16:32:04,582 - INFO - 调用LLM泛化query：开启离车泊入
2026-03-10 16:32:04,583 - INFO - LLM泛化成功，生成1个有效变体（过滤后）
2026-03-10 16:32:04,583 - INFO -   跳过重复query：启动离车泊入...
2026-03-10 16:32:04,583 - INFO - 调用LLM泛化query：继续离车泊入
2026-03-10 16:32:04,584 - INFO - LLM泛化成功，生成1个有效变体（过滤后）
2026-03-10 16:32:04,584 - INFO -   跳过重复query：帮我继续离车泊入...
2026-03-10 16:32:04,584 - INFO - 调用LLM泛化query：离车泊入
2026-03-10 16:32:04,584 - INFO - LLM泛化成功，生成1个有效变体（过滤后）
2026-03-10 16:32:04,584 - INFO -   跳过重复query：帮我离车泊入...
2026-03-10 16:32:04,584 - INFO - 调用LLM泛化query：开启离车泊入
2026-03-10 16:32:04,584 - INFO - LLM泛化成功，生成1个有效变体（过滤后）
2026-03-10 16:32:04,584 - INFO -   跳过重复query：启动离车泊入...
2026-03-10 16:32:04,584 - INFO - 调用LLM泛化query：继续离车泊入
2026-03-10 16:32:04,584 - INFO - LLM泛化成功，生成1个有效变体（过滤后）
2026-03-10 16:32:04,584 - INFO -   跳过重复query：帮我继续离车泊入...
2026-03-10 16:32:04,584 - INFO - 调用LLM泛化query：离车泊入
2026-03-10 16:32:04,584 - INFO - LLM泛化成功，生成1个有效变体（过滤后）
2026-03-10 16:32:04,584 - INFO -   跳过重复query：帮我离车泊入...
2026-03-10 16:32:04,584 - INFO - 调用LLM泛化query：开启离车泊入
2026-03-10 16:32:04,585 - INFO - LLM泛化成功，生成1个有效变体（过滤后）
2026-03-10 16:32:04,585 - INFO -   跳过重复query：启动离车泊入...
2026-03-10 16:32:04,585 - INFO - 调用LLM泛化query：继续离车泊入
2026-03-10 16:32:04,585 - INFO - LLM泛化成功，生成1个有效变体（过滤后）
2026-03-10 16:32:04,585 - INFO -   跳过重复query：帮我继续离车泊入...
2026-03-10 16:32:04,585 - INFO - 调用LLM泛化query：离车泊入
2026-03-10 16:32:04,585 - INFO - LLM泛化成功，生成1个有效变体（过滤后）
2026-03-10 16:32:04,585 - INFO -   跳过重复query：帮我离车泊入...
2026-03-10 16:32:04,585 - INFO - 调用LLM泛化query：开启离车泊入
2026-03-10 16:32:04,585 - INFO - LLM泛化成功，生成1个有效变体（过滤后）
2026-03-10 16:32:04,585 - INFO -   跳过重复query：启动离车泊入...
2026-03-10 16:32:04,585 - INFO - 调用LLM泛化query：继续离车泊入
2026-03-10 16:32:04,585 - INFO - LLM泛化成功，生成1个有效变体（过滤后）
2026-03-10 16:32:04,585 - INFO -   跳过重复query：帮我继续离车泊入...
2026-03-10 16:32:04,585 - INFO - 调用LLM泛化query：离车泊入
2026-03-10 16:32:04,585 - INFO - LLM泛化成功，生成1个有效变体（过滤后）
2026-03-10 16:32:04,585 - INFO -   跳过重复query：帮我离车泊入...
2026-03-10 16:32:04,585 - INFO - 调用LLM泛化query：开启离车泊入
2026-03-10 16:32:04,585 - INFO - LLM泛化成功，生成1个有效变体（过滤后）
2026-03-10 16:32:04,585 - INFO -   跳过重复query：启动离车泊入...
2026-03-10 16:32:04,585 - INFO - 调用LLM泛化query：继续离车泊入
2026-03-10 16:32:04,585 - INFO - LLM泛化成功，生成1个有效变体（过滤后）
2026-03-10 16:32:04,585 - INFO -   跳过重复query：帮我继续离车泊入...
2026-03-10 16:32:04,585 - INFO - 调用LLM泛化query：离车泊入
2026-03-10 16:32:04,585 - INFO - LLM泛化成功，生成1个有效变体（过滤后）
2026-03-10 16:32:04,586 - INFO -   跳过重复query：帮我离车泊入...
2026-03-10 16:32:04,586 - INFO - 调用LLM泛化query：开启离车泊入
2026-03-10 16:32:04,586 - INFO - LLM泛化成功，生成1个有效变体（过滤后）
2026-03-10 16:32:04,586 - INFO -   跳过重复query：启动离车泊入...
2026-03-10 16:32:04,586 - INFO - 调用LLM泛化query：继续离车泊入
2026-03-10 16:32:04,586 - INFO - LLM泛化成功，生成1个有效变体（过滤后）
2026-03-10 16:32:04,586 - INFO -   跳过重复query：帮我继续离车泊入...
2026-03-10 16:32:04,586 - INFO - 调用LLM泛化query：离车泊入
2026-03-10 16:32:04,586 - INFO - LLM泛化成功，生成1个有效变体（过滤后）
2026-03-10 16:32:04,586 - INFO -   跳过重复query：帮我离车泊入...
2026-03-10 16:32:04,586 - INFO - 调用LLM泛化query：开启离车泊入
2026-03-10 16:32:04,586 - INFO - LLM泛化成功，生成1个有效变体（过滤后）
2026-03-10 16:32:04,586 - INFO -   跳过重复query：启动离车泊入...
2026-03-10 16:32:04,586 - INFO - 调用LLM泛化query：继续离车泊入
2026-03-10 16:32:04,586 - INFO - LLM泛化成功，生成1个有效变体（过滤后）
2026-03-10 16:32:04,586 - INFO -   跳过重复query：帮我继续离车泊入...
2026-03-10 16:32:04,586 - INFO - 调用LLM泛化query：离车泊入
2026-03-10 16:32:04,586 - INFO - LLM泛化成功，生成1个有效变体（过滤后）
2026-03-10 16:32:04,586 - INFO -   跳过重复query：帮我离车泊入...
2026-03-10 16:32:04,586 - INFO - 调用LLM泛化query：开启离车泊入
2026-03-10 16:32:04,586 - INFO - LLM泛化成功，生成1个有效变体（过滤后）
2026-03-10 16:32:04,586 - INFO -   跳过重复query：启动离车泊入...
2026-03-10 16:32:04,586 - INFO - 调用LLM泛化query：继续离车泊入
2026-03-10 16:32:04,587 - INFO - LLM泛化成功，生成1个有效变体（过滤后）
2026-03-10 16:32:04,587 - INFO -   跳过重复query：帮我继续离车泊入...
2026-03-10 16:32:04,587 - INFO - 调用LLM泛化query：离车泊入
2026-03-10 16:32:04,587 - INFO - LLM泛化成功，生成1个有效变体（过滤后）
2026-03-10 16:32:04,587 - INFO -   跳过重复query：帮我离车泊入...
2026-03-10 16:32:04,587 - INFO - 调用LLM泛化query：开启离车泊入
2026-03-10 16:32:04,587 - INFO - LLM泛化成功，生成1个有效变体（过滤后）
2026-03-10 16:32:04,588 - INFO -   跳过重复query：启动离车泊入...
2026-03-10 16:32:04,588 - INFO - 调用LLM泛化query：继续离车泊入
2026-03-10 16:32:04,588 - INFO - LLM泛化成功，生成1个有效变体（过滤后）
2026-03-10 16:32:04,588 - INFO -   跳过重复query：帮我继续离车泊入...
2026-03-10 16:32:04,588 - INFO - 调用LLM泛化query：离车泊入
2026-03-10 16:32:04,588 - INFO - LLM泛化成功，生成1个有效变体（过滤后）
2026-03-10 16:32:04,588 - INFO -   跳过重复query：帮我离车泊入...
2026-03-10 16:32:04,589 - INFO - 调用LLM泛化query：开启离车泊入
2026-03-10 16:32:04,589 - INFO - LLM泛化成功，生成1个有效变体（过滤后）
2026-03-10 16:32:04,589 - INFO -   跳过重复query：启动离车泊入...
2026-03-10 16:32:04,589 - INFO - 调用LLM泛化query：继续离车泊入
2026-03-10 16:32:04,589 - INFO - LLM泛化成功，生成1个有效变体（过滤后）
2026-03-10 16:32:04,589 - INFO -   跳过重复query：帮我继续离车泊入...
2026-03-10 16:32:04,589 - INFO - 调用LLM泛化query：离车泊入
2026-03-10 16:32:04,589 - INFO - LLM泛化成功，生成1个有效变体（过滤后）
2026-03-10 16:32:04,589 - INFO -   跳过重复query：帮我离车泊入...
2026-03-10 16:32:04,589 - INFO - 调用LLM泛化query：开启离车泊入
2026-03-10 16:32:04,590 - INFO - LLM泛化成功，生成1个有效变体（过滤后）
2026-03-10 16:32:04,590 - INFO -   跳过重复query：启动离车泊入...
2026-03-10 16:32:04,590 - INFO - 调用LLM泛化query：继续离车泊入
2026-03-10 16:32:04,590 - INFO - LLM泛化成功，生成1个有效变体（过滤后）
2026-03-10 16:32:04,590 - INFO -   跳过重复query：帮我继续离车泊入...
2026-03-10 16:32:04,590 - INFO - 调用LLM泛化query：离车泊入
2026-03-10 16:32:04,590 - INFO - LLM泛化成功，生成1个有效变体（过滤后）
2026-03-10 16:32:04,590 - INFO -   跳过重复query：帮我离车泊入...
2026-03-10 16:32:04,590 - INFO - 调用LLM泛化query：开启离车泊入
2026-03-10 16:32:04,590 - INFO - LLM泛化成功，生成1个有效变体（过滤后）
2026-03-10 16:32:04,590 - INFO -   跳过重复query：启动离车泊入...
2026-03-10 16:32:04,590 - INFO - 调用LLM泛化query：继续离车泊入
2026-03-10 16:32:04,590 - INFO - LLM泛化成功，生成1个有效变体（过滤后）
2026-03-10 16:32:04,590 - INFO -   跳过重复query：帮我继续离车泊入...
2026-03-10 16:32:04,590 - INFO - 调用LLM泛化query：离车泊入
2026-03-10 16:32:04,590 - INFO - LLM泛化成功，生成1个有效变体（过滤后）
2026-03-10 16:32:04,590 - INFO -   跳过重复query：帮我离车泊入...
2026-03-10 16:32:04,590 - INFO - 调用LLM泛化query：开启离车泊入
2026-03-10 16:32:04,590 - INFO - LLM泛化成功，生成1个有效变体（过滤后）
2026-03-10 16:32:04,590 - INFO -   跳过重复query：启动离车泊入...
2026-03-10 16:32:04,590 - INFO - 调用LLM泛化query：继续离车泊入
2026-03-10 16:32:04,590 - INFO - LLM泛化成功，生成1个有效变体（过滤后）
2026-03-10 16:32:04,590 - INFO -   跳过重复query：帮我继续离车泊入...
2026-03-10 16:32:04,590 - INFO - 调用LLM泛化query：离车泊入
2026-03-10 16:32:04,590 - INFO - LLM泛化成功，生成1个有效变体（过滤后）
2026-03-10 16:32:04,590 - INFO -   跳过重复query：帮我离车泊入...
2026-03-10 16:32:04,590 - INFO - 调用LLM泛化query：开启离车泊入
2026-03-10 16:32:04,590 - INFO - LLM泛化成功，生成1个有效变体（过滤后）
2026-03-10 16:32:04,590 - INFO -   跳过重复query：启动离车泊入...
2026-03-10 16:32:04,590 - INFO - 调用LLM泛化query：继续离车泊入
2026-03-10 16:32:04,590 - INFO - LLM泛化成功，生成1个有效变体（过滤后）
2026-03-10 16:32:04,590 - INFO -   跳过重复query：帮我继续离车泊入...
2026-03-10 16:32:04,590 - INFO - 调用LLM泛化query：离车泊入
2026-03-10 16:32:04,590 - INFO - LLM泛化成功，生成1个有效变体（过滤后）
2026-03-10 16:32:04,590 - INFO -   跳过重复query：帮我离车泊入...
2026-03-10 16:32:04,591 - INFO - 调用LLM泛化query：开启离车泊入
2026-03-10 16:32:04,591 - INFO - LLM泛化成功，生成1个有效变体（过滤后）
2026-03-10 16:32:04,591 - INFO -   跳过重复query：启动离车泊入...
2026-03-10 16:32:04,591 - INFO - 调用LLM泛化query：继续离车泊入
2026-03-10 16:32:04,591 - INFO - LLM泛化成功，生成1个有效变体（过滤后）
2026-03-10 16:32:04,591 - INFO -   跳过重复query：帮我继续离车泊入...
2026-03-10 16:32:04,591 - INFO - 调用LLM泛化query：离车泊入
2026-03-10 16:32:04,591 - INFO - LLM泛化成功，生成1个有效变体（过滤后）
2026-03-10 16:32:04,591 - INFO -   跳过重复query：帮我离车泊入...
2026-03-10 16:32:04,591 - INFO - 调用LLM泛化query：开启离车泊入
2026-03-10 16:32:04,591 - INFO - LLM泛化成功，生成1个有效变体（过滤后）
2026-03-10 16:32:04,592 - INFO -   跳过重复query：启动离车泊入...
2026-03-10 16:32:04,592 - INFO - 调用LLM泛化query：继续离车泊入
2026-03-10 16:32:04,592 - INFO - LLM泛化成功，生成1个有效变体（过滤后）
2026-03-10 16:32:04,592 - INFO -   跳过重复query：帮我继续离车泊入...
2026-03-10 16:32:04,592 - INFO - 调用LLM泛化query：离车泊入
2026-03-10 16:32:04,592 - INFO - LLM泛化成功，生成1个有效变体（过滤后）
2026-03-10 16:32:04,592 - INFO -   跳过重复query：帮我离车泊入...
2026-03-10 16:32:04,592 - INFO - 调用LLM泛化query：开启离车泊入
2026-03-10 16:32:04,592 - INFO - LLM泛化成功，生成1个有效变体（过滤后）
2026-03-10 16:32:04,592 - INFO -   跳过重复query：启动离车泊入...
2026-03-10 16:32:04,592 - INFO - 调用LLM泛化query：继续离车泊入
2026-03-10 16:32:04,592 - INFO - LLM泛化成功，生成1个有效变体（过滤后）
2026-03-10 16:32:04,592 - INFO -   跳过重复query：帮我继续离车泊入...
2026-03-10 16:32:04,593 - INFO - 调用LLM泛化query：离车泊入
2026-03-10 16:32:04,593 - INFO - LLM泛化成功，生成1个有效变体（过滤后）
2026-03-10 16:32:04,593 - INFO -   跳过重复query：帮我离车泊入...
2026-03-10 16:32:04,593 - INFO - 调用LLM泛化query：开启离车泊入
2026-03-10 16:32:04,593 - INFO - LLM泛化成功，生成1个有效变体（过滤后）
2026-03-10 16:32:04,593 - INFO -   跳过重复query：启动离车泊入...
2026-03-10 16:32:04,593 - INFO - 调用LLM泛化query：继续离车泊入
2026-03-10 16:32:04,593 - INFO - LLM泛化成功，生成1个有效变体（过滤后）
2026-03-10 16:32:04,593 - INFO -   跳过重复query：帮我继续离车泊入...
2026-03-10 16:32:04,593 - INFO - 调用LLM泛化query：离车泊入
2026-03-10 16:32:04,593 - INFO - LLM泛化成功，生成1个有效变体（过滤后）
2026-03-10 16:32:04,593 - INFO -   跳过重复query：帮我离车泊入...
2026-03-10 16:32:04,593 - INFO - 调用LLM泛化query：开启离车泊入
2026-03-10 16:32:04,593 - INFO - LLM泛化成功，生成1个有效变体（过滤后）
2026-03-10 16:32:04,593 - INFO -   跳过重复query：启动离车泊入...
2026-03-10 16:32:04,593 - INFO - 调用LLM泛化query：继续离车泊入
2026-03-10 16:32:04,593 - INFO - LLM泛化成功，生成1个有效变体（过滤后）
2026-03-10 16:32:04,593 - INFO -   跳过重复query：帮我继续离车泊入...
2026-03-10 16:32:04,593 - INFO - 调用LLM泛化query：离车泊入
2026-03-10 16:32:04,593 - INFO - LLM泛化成功，生成1个有效变体（过滤后）
2026-03-10 16:32:04,593 - INFO -   跳过重复query：帮我离车泊入...
2026-03-10 16:32:04,593 - INFO - 调用LLM泛化query：开启离车泊入
2026-03-10 16:32:04,593 - INFO - LLM泛化成功，生成1个有效变体（过滤后）
2026-03-10 16:32:04,594 - INFO -   跳过重复query：启动离车泊入...
2026-03-10 16:32:04,594 - INFO - 调用LLM泛化query：继续离车泊入
2026-03-10 16:32:04,594 - INFO - LLM泛化成功，生成1个有效变体（过滤后）
2026-03-10 16:32:04,594 - INFO -   跳过重复query：帮我继续离车泊入...
2026-03-10 16:32:04,594 - INFO - 调用LLM泛化query：离车泊入
2026-03-10 16:32:04,594 - INFO - LLM泛化成功，生成1个有效变体（过滤后）
2026-03-10 16:32:04,594 - INFO -   跳过重复query：帮我离车泊入...
2026-03-10 16:32:04,594 - INFO - 调用LLM泛化query：开启离车泊入
2026-03-10 16:32:04,594 - INFO - LLM泛化成功，生成1个有效变体（过滤后）
2026-03-10 16:32:04,594 - INFO -   跳过重复query：启动离车泊入...
2026-03-10 16:32:04,594 - INFO - 调用LLM泛化query：继续离车泊入
2026-03-10 16:32:04,594 - INFO - LLM泛化成功，生成1个有效变体（过滤后）
2026-03-10 16:32:04,595 - INFO -   跳过重复query：帮我继续离车泊入...
2026-03-10 16:32:04,595 - INFO - 调用LLM泛化query：离车泊入
2026-03-10 16:32:04,595 - INFO - LLM泛化成功，生成1个有效变体（过滤后）
2026-03-10 16:32:04,595 - INFO -   跳过重复query：帮我离车泊入...
2026-03-10 16:32:04,595 - INFO - 调用LLM泛化query：开启离车泊入
2026-03-10 16:32:04,595 - INFO - LLM泛化成功，生成1个有效变体（过滤后）
2026-03-10 16:32:04,595 - INFO -   跳过重复query：启动离车泊入...
2026-03-10 16:32:04,595 - INFO - 调用LLM泛化query：继续离车泊入
2026-03-10 16:32:04,595 - INFO - LLM泛化成功，生成1个有效变体（过滤后）
2026-03-10 16:32:04,595 - INFO -   跳过重复query：帮我继续离车泊入...
2026-03-10 16:32:04,595 - INFO - 调用LLM泛化query：离车泊入
2026-03-10 16:32:04,595 - INFO - LLM泛化成功，生成1个有效变体（过滤后）
2026-03-10 16:32:04,595 - INFO -   跳过重复query：帮我离车泊入...
2026-03-10 16:32:04,595 - INFO - 调用LLM泛化query：开启离车泊入
2026-03-10 16:32:04,595 - INFO - LLM泛化成功，生成1个有效变体（过滤后）
2026-03-10 16:32:04,595 - INFO -   跳过重复query：启动离车泊入...
2026-03-10 16:32:04,595 - INFO - 调用LLM泛化query：继续离车泊入
2026-03-10 16:32:04,595 - INFO - LLM泛化成功，生成1个有效变体（过滤后）
2026-03-10 16:32:04,596 - INFO -   跳过重复query：帮我继续离车泊入...
2026-03-10 16:32:04,596 - INFO - 调用LLM泛化query：离车泊入
2026-03-10 16:32:04,596 - INFO - LLM泛化成功，生成1个有效变体（过滤后）
2026-03-10 16:32:04,596 - INFO -   跳过重复query：帮我离车泊入...
2026-03-10 16:32:04,596 - INFO - 调用LLM泛化query：开启离车泊入
2026-03-10 16:32:04,596 - INFO - LLM泛化成功，生成1个有效变体（过滤后）
2026-03-10 16:32:04,596 - INFO -   跳过重复query：启动离车泊入...
2026-03-10 16:32:04,596 - INFO - 调用LLM泛化query：继续离车泊入
2026-03-10 16:32:04,596 - INFO - LLM泛化成功，生成1个有效变体（过滤后）
2026-03-10 16:32:04,596 - INFO -   跳过重复query：帮我继续离车泊入...
2026-03-10 16:32:04,597 - INFO - 调用LLM泛化query：离车泊入
2026-03-10 16:32:04,597 - INFO - LLM泛化成功，生成1个有效变体（过滤后）
2026-03-10 16:32:04,597 - INFO -   跳过重复query：帮我离车泊入...
2026-03-10 16:32:04,597 - INFO - 调用LLM泛化query：开启离车泊入
2026-03-10 16:32:04,597 - INFO - LLM泛化成功，生成1个有效变体（过滤后）
2026-03-10 16:32:04,597 - INFO -   跳过重复query：启动离车泊入...
2026-03-10 16:32:04,597 - INFO - 调用LLM泛化query：继续离车泊入
2026-03-10 16:32:04,597 - INFO - LLM泛化成功，生成1个有效变体（过滤后）
2026-03-10 16:32:04,597 - INFO -   跳过重复query：帮我继续离车泊入...
2026-03-10 16:32:04,597 - INFO - 调用LLM泛化query：离车泊入
2026-03-10 16:32:04,598 - INFO - LLM泛化成功，生成1个有效变体（过滤后）
2026-03-10 16:32:04,598 - INFO -   跳过重复query：帮我离车泊入...
2026-03-10 16:32:04,598 - INFO - 调用LLM泛化query：开启离车泊入
2026-03-10 16:32:04,598 - INFO - LLM泛化成功，生成1个有效变体（过滤后）
2026-03-10 16:32:04,598 - INFO -   跳过重复query：启动离车泊入...
2026-03-10 16:32:04,598 - INFO - 调用LLM泛化query：继续离车泊入
2026-03-10 16:32:04,598 - INFO - LLM泛化成功，生成1个有效变体（过滤后）
2026-03-10 16:32:04,598 - INFO -   跳过重复query：帮我继续离车泊入...
2026-03-10 16:32:04,598 - INFO - 调用LLM泛化query：离车泊入
2026-03-10 16:32:04,598 - INFO - LLM泛化成功，生成1个有效变体（过滤后）
2026-03-10 16:32:04,598 - INFO -   跳过重复query：帮我离车泊入...
2026-03-10 16:32:04,598 - INFO - 调用LLM泛化query：开启离车泊入
2026-03-10 16:32:04,599 - INFO - LLM泛化成功，生成1个有效变体（过滤后）
2026-03-10 16:32:04,599 - INFO -   跳过重复query：启动离车泊入...
2026-03-10 16:32:04,599 - INFO - 调用LLM泛化query：继续离车泊入
2026-03-10 16:32:04,599 - INFO - LLM泛化成功，生成1个有效变体（过滤后）
2026-03-10 16:32:04,599 - INFO -   跳过重复query：帮我继续离车泊入...
2026-03-10 16:32:04,599 - INFO - 调用LLM泛化query：离车泊入
2026-03-10 16:32:04,599 - INFO - LLM泛化成功，生成1个有效变体（过滤后）
2026-03-10 16:32:04,599 - INFO -   跳过重复query：帮我离车泊入...
2026-03-10 16:32:04,599 - INFO - 调用LLM泛化query：开启离车泊入
2026-03-10 16:32:04,599 - INFO - LLM泛化成功，生成1个有效变体（过滤后）
2026-03-10 16:32:04,599 - INFO -   跳过重复query：启动离车泊入...
2026-03-10 16:32:04,600 - INFO - 调用LLM泛化query：继续离车泊入
2026-03-10 16:32:04,600 - INFO - LLM泛化成功，生成1个有效变体（过滤后）
2026-03-10 16:32:04,600 - INFO -   跳过重复query：帮我继续离车泊入...
2026-03-10 16:32:04,600 - INFO - 调用LLM泛化query：离车泊入
2026-03-10 16:32:04,600 - INFO - LLM泛化成功，生成1个有效变体（过滤后）
2026-03-10 16:32:04,600 - INFO -   跳过重复query：帮我离车泊入...
2026-03-10 16:32:04,600 - INFO - 调用LLM泛化query：开启离车泊入
2026-03-10 16:32:04,600 - INFO - LLM泛化成功，生成1个有效变体（过滤后）
2026-03-10 16:32:04,601 - INFO -   跳过重复query：启动离车泊入...
2026-03-10 16:32:04,601 - INFO - 调用LLM泛化query：继续离车泊入
2026-03-10 16:32:04,601 - INFO - LLM泛化成功，生成1个有效变体（过滤后）
2026-03-10 16:32:04,601 - INFO -   跳过重复query：帮我继续离车泊入...
2026-03-10 16:32:04,601 - INFO - 调用LLM泛化query：离车泊入
2026-03-10 16:32:04,601 - INFO - LLM泛化成功，生成1个有效变体（过滤后）
2026-03-10 16:32:04,601 - INFO -   跳过重复query：帮我离车泊入...
2026-03-10 16:32:04,601 - INFO - 调用LLM泛化query：开启离车泊入
2026-03-10 16:32:04,601 - INFO - LLM泛化成功，生成1个有效变体（过滤后）
2026-03-10 16:32:04,601 - INFO -   跳过重复query：启动离车泊入...
2026-03-10 16:32:04,601 - INFO - 调用LLM泛化query：继续离车泊入
2026-03-10 16:32:04,601 - INFO - LLM泛化成功，生成1个有效变体（过滤后）
2026-03-10 16:32:04,601 - INFO -   跳过重复query：帮我继续离车泊入...
2026-03-10 16:32:04,601 - INFO - 调用LLM泛化query：离车泊入
2026-03-10 16:32:04,601 - INFO - LLM泛化成功，生成1个有效变体（过滤后）
2026-03-10 16:32:04,601 - INFO -   跳过重复query：帮我离车泊入...
2026-03-10 16:32:04,601 - INFO - 调用LLM泛化query：开启离车泊入
2026-03-10 16:32:04,601 - INFO - LLM泛化成功，生成1个有效变体（过滤后）
2026-03-10 16:32:04,601 - INFO -   跳过重复query：启动离车泊入...
2026-03-10 16:32:04,601 - INFO - 调用LLM泛化query：继续离车泊入
2026-03-10 16:32:04,601 - INFO - LLM泛化成功，生成1个有效变体（过滤后）
2026-03-10 16:32:04,602 - INFO -   跳过重复query：帮我继续离车泊入...
2026-03-10 16:32:04,602 - INFO - 调用LLM泛化query：离车泊入
2026-03-10 16:32:04,602 - INFO - LLM泛化成功，生成1个有效变体（过滤后）
2026-03-10 16:32:04,602 - INFO -   跳过重复query：帮我离车泊入...
2026-03-10 16:32:04,602 - INFO - 调用LLM泛化query：开启离车泊入
2026-03-10 16:32:04,602 - INFO - LLM泛化成功，生成1个有效变体（过滤后）
2026-03-10 16:32:04,602 - INFO -   跳过重复query：启动离车泊入...
2026-03-10 16:32:04,602 - INFO - 调用LLM泛化query：继续离车泊入
2026-03-10 16:32:04,602 - INFO - LLM泛化成功，生成1个有效变体（过滤后）
2026-03-10 16:32:04,602 - INFO -   跳过重复query：帮我继续离车泊入...
2026-03-10 16:32:04,602 - INFO - 调用LLM泛化query：离车泊入
2026-03-10 16:32:04,602 - INFO - LLM泛化成功，生成1个有效变体（过滤后）
2026-03-10 16:32:04,602 - INFO -   跳过重复query：帮我离车泊入...
2026-03-10 16:32:04,602 - INFO - 调用LLM泛化query：开启离车泊入
2026-03-10 16:32:04,602 - INFO - LLM泛化成功，生成1个有效变体（过滤后）
2026-03-10 16:32:04,602 - INFO -   跳过重复query：启动离车泊入...
2026-03-10 16:32:04,602 - INFO - 调用LLM泛化query：继续离车泊入
2026-03-10 16:32:04,602 - INFO - LLM泛化成功，生成1个有效变体（过滤后）
2026-03-10 16:32:04,602 - INFO -   跳过重复query：帮我继续离车泊入...
2026-03-10 16:32:04,602 - INFO - 调用LLM泛化query：离车泊入
2026-03-10 16:32:04,602 - INFO - LLM泛化成功，生成1个有效变体（过滤后）
2026-03-10 16:32:04,602 - INFO -   跳过重复query：帮我离车泊入...
2026-03-10 16:32:04,602 - INFO - 调用LLM泛化query：开启离车泊入
2026-03-10 16:32:04,602 - INFO - LLM泛化成功，生成1个有效变体（过滤后）
2026-03-10 16:32:04,602 - INFO -   跳过重复query：启动离车泊入...
2026-03-10 16:32:04,602 - INFO - 调用LLM泛化query：继续离车泊入
2026-03-10 16:32:04,602 - INFO - LLM泛化成功，生成1个有效变体（过滤后）
2026-03-10 16:32:04,602 - INFO -   跳过重复query：帮我继续离车泊入...
2026-03-10 16:32:04,602 - INFO - 调用LLM泛化query：离车泊入
2026-03-10 16:32:04,602 - INFO - LLM泛化成功，生成1个有效变体（过滤后）
2026-03-10 16:32:04,602 - INFO -   跳过重复query：帮我离车泊入...
2026-03-10 16:32:04,602 - INFO - 调用LLM泛化query：开启离车泊入
2026-03-10 16:32:04,602 - INFO - LLM泛化成功，生成1个有效变体（过滤后）
2026-03-10 16:32:04,602 - INFO -   跳过重复query：启动离车泊入...
2026-03-10 16:32:04,602 - INFO - 调用LLM泛化query：继续离车泊入
2026-03-10 16:32:04,603 - INFO - LLM泛化成功，生成1个有效变体（过滤后）
2026-03-10 16:32:04,603 - INFO -   跳过重复query：帮我继续离车泊入...
2026-03-10 16:32:04,603 - INFO - 调用LLM泛化query：离车泊入
2026-03-10 16:32:04,603 - INFO - LLM泛化成功，生成1个有效变体（过滤后）
2026-03-10 16:32:04,603 - INFO -   跳过重复query：帮我离车泊入...
2026-03-10 16:32:04,603 - INFO - 调用LLM泛化query：开启离车泊入
2026-03-10 16:32:04,603 - INFO - LLM泛化成功，生成1个有效变体（过滤后）
2026-03-10 16:32:04,603 - INFO -   跳过重复query：启动离车泊入...
2026-03-10 16:32:04,603 - INFO - 调用LLM泛化query：继续离车泊入
2026-03-10 16:32:04,603 - INFO - LLM泛化成功，生成1个有效变体（过滤后）
2026-03-10 16:32:04,603 - INFO -   跳过重复query：帮我继续离车泊入...
2026-03-10 16:32:04,603 - INFO - 调用LLM泛化query：离车泊入
2026-03-10 16:32:04,603 - INFO - LLM泛化成功，生成1个有效变体（过滤后）
2026-03-10 16:32:04,603 - INFO -   跳过重复query：帮我离车泊入...
2026-03-10 16:32:04,603 - INFO - 调用LLM泛化query：开启离车泊入
2026-03-10 16:32:04,603 - INFO - LLM泛化成功，生成1个有效变体（过滤后）
2026-03-10 16:32:04,603 - INFO -   跳过重复query：启动离车泊入...
2026-03-10 16:32:04,603 - INFO - 调用LLM泛化query：继续离车泊入
2026-03-10 16:32:04,603 - INFO - LLM泛化成功，生成1个有效变体（过滤后）
2026-03-10 16:32:04,603 - INFO -   跳过重复query：帮我继续离车泊入...
2026-03-10 16:32:04,603 - INFO - 调用LLM泛化query：离车泊入
2026-03-10 16:32:04,603 - INFO - LLM泛化成功，生成1个有效变体（过滤后）
2026-03-10 16:32:04,603 - INFO -   跳过重复query：帮我离车泊入...
2026-03-10 16:32:04,603 - INFO - 调用LLM泛化query：开启离车泊入
2026-03-10 16:32:04,603 - INFO - LLM泛化成功，生成1个有效变体（过滤后）
2026-03-10 16:32:04,603 - INFO -   跳过重复query：启动离车泊入...
2026-03-10 16:32:04,603 - INFO - 调用LLM泛化query：继续离车泊入
2026-03-10 16:32:04,603 - INFO - LLM泛化成功，生成1个有效变体（过滤后）
2026-03-10 16:32:04,603 - INFO -   跳过重复query：帮我继续离车泊入...
2026-03-10 16:32:04,603 - INFO - 调用LLM泛化query：离车泊入
2026-03-10 16:32:04,603 - INFO - LLM泛化成功，生成1个有效变体（过滤后）
2026-03-10 16:32:04,603 - INFO -   跳过重复query：帮我离车泊入...
2026-03-10 16:32:04,603 - INFO - 调用LLM泛化query：开启离车泊入
2026-03-10 16:32:04,603 - INFO - LLM泛化成功，生成1个有效变体（过滤后）
2026-03-10 16:32:04,603 - INFO -   跳过重复query：启动离车泊入...
2026-03-10 16:32:04,603 - INFO - 调用LLM泛化query：继续离车泊入
2026-03-10 16:32:04,603 - INFO - LLM泛化成功，生成1个有效变体（过滤后）
2026-03-10 16:32:04,603 - INFO -   跳过重复query：帮我继续离车泊入...
2026-03-10 16:32:04,603 - INFO - 调用LLM泛化query：离车泊入
2026-03-10 16:32:04,603 - INFO - LLM泛化成功，生成1个有效变体（过滤后）
2026-03-10 16:32:04,603 - INFO -   跳过重复query：帮我离车泊入...
2026-03-10 16:32:04,603 - INFO - 调用LLM泛化query：开启离车泊入
2026-03-10 16:32:04,603 - INFO - LLM泛化成功，生成1个有效变体（过滤后）
2026-03-10 16:32:04,604 - INFO -   跳过重复query：启动离车泊入...
2026-03-10 16:32:04,604 - INFO - 调用LLM泛化query：继续离车泊入
2026-03-10 16:32:04,604 - INFO - LLM泛化成功，生成1个有效变体（过滤后）
2026-03-10 16:32:04,604 - INFO -   跳过重复query：帮我继续离车泊入...
2026-03-10 16:32:04,604 - INFO - 调用LLM泛化query：离车泊入
2026-03-10 16:32:04,604 - INFO - LLM泛化成功，生成1个有效变体（过滤后）
2026-03-10 16:32:04,604 - INFO -   跳过重复query：帮我离车泊入...
2026-03-10 16:32:04,604 - INFO - 调用LLM泛化query：开启离车泊入
2026-03-10 16:32:04,604 - INFO - LLM泛化成功，生成1个有效变体（过滤后）
2026-03-10 16:32:04,604 - INFO -   跳过重复query：启动离车泊入...
2026-03-10 16:32:04,604 - INFO - 调用LLM泛化query：继续离车泊入
2026-03-10 16:32:04,604 - INFO - LLM泛化成功，生成1个有效变体（过滤后）
2026-03-10 16:32:04,604 - INFO -   跳过重复query：帮我继续离车泊入...
2026-03-10 16:32:04,604 - INFO - 调用LLM泛化query：离车泊入
2026-03-10 16:32:04,604 - INFO - LLM泛化成功，生成1个有效变体（过滤后）
2026-03-10 16:32:04,604 - INFO -   跳过重复query：帮我离车泊入...
2026-03-10 16:32:04,604 - INFO - 调用LLM泛化query：开启离车泊入
2026-03-10 16:32:04,604 - INFO - LLM泛化成功，生成1个有效变体（过滤后）
2026-03-10 16:32:04,604 - INFO -   跳过重复query：启动离车泊入...
2026-03-10 16:32:04,604 - INFO - 调用LLM泛化query：继续离车泊入
2026-03-10 16:32:04,604 - INFO - LLM泛化成功，生成1个有效变体（过滤后）
2026-03-10 16:32:04,604 - INFO -   跳过重复query：帮我继续离车泊入...
2026-03-10 16:32:04,604 - INFO - 调用LLM泛化query：离车泊入
2026-03-10 16:32:04,604 - INFO - LLM泛化成功，生成1个有效变体（过滤后）
2026-03-10 16:32:04,604 - INFO -   跳过重复query：帮我离车泊入...
2026-03-10 16:32:04,604 - INFO - 调用LLM泛化query：开启离车泊入
2026-03-10 16:32:04,604 - INFO - LLM泛化成功，生成1个有效变体（过滤后）
2026-03-10 16:32:04,604 - INFO -   跳过重复query：启动离车泊入...
2026-03-10 16:32:04,604 - WARNING - 泛化次数过多，停止该ID组的泛化
2026-03-10 16:32:04,604 - INFO - ID组 1 完成：基于3个原始query，新生成3个泛化query
2026-03-10 16:32:04,604 - INFO - 正在处理ID组 2/2：ID=2
2026-03-10 16:32:04,604 - INFO - 该ID组有4个原始query：['泊车', '自己泊车吧', '我要泊车', '把车泊进去']
2026-03-10 16:32:04,604 - INFO - 对应function：{"name":"vla_control", "arguments":{"action":"park...
2026-03-10 16:32:04,604 - INFO - 该ID组需要新生成：20个泛化query（比例1:20）
2026-03-10 16:32:04,604 - INFO - 调用LLM泛化query：泊车
2026-03-10 16:32:07,999 - INFO - LLM泛化成功，生成1个有效变体（过滤后）
2026-03-10 16:32:07,999 - INFO -   已生成 1/20：帮我泊车...
2026-03-10 16:32:07,999 - INFO - 调用LLM泛化query：自己泊车吧
2026-03-10 16:32:09,194 - INFO - LLM泛化成功，生成1个有效变体（过滤后）
2026-03-10 16:32:09,194 - INFO -   已生成 2/20：自己泊车...
2026-03-10 16:32:09,194 - INFO - 调用LLM泛化query：我要泊车
2026-03-10 16:32:11,006 - INFO - LLM泛化成功，生成1个有效变体（过滤后）
2026-03-10 16:32:11,007 - INFO -   跳过重复query：帮我泊车...
2026-03-10 16:32:11,008 - INFO - 调用LLM泛化query：把车泊进去
2026-03-10 16:32:12,319 - INFO - LLM泛化成功，生成1个有效变体（过滤后）
2026-03-10 16:32:12,320 - INFO -   已生成 3/20：泊进去吧...
2026-03-10 16:32:12,320 - INFO - 调用LLM泛化query：泊车
2026-03-10 16:32:12,320 - INFO - LLM泛化成功，生成1个有效变体（过滤后）
2026-03-10 16:32:12,320 - INFO -   跳过重复query：帮我泊车...
2026-03-10 16:32:12,320 - INFO - 调用LLM泛化query：自己泊车吧
2026-03-10 16:32:12,320 - INFO - LLM泛化成功，生成1个有效变体（过滤后）
2026-03-10 16:32:12,320 - INFO -   跳过重复query：自己泊车...
2026-03-10 16:32:12,320 - INFO - 调用LLM泛化query：我要泊车
2026-03-10 16:32:12,321 - INFO - LLM泛化成功，生成1个有效变体（过滤后）
2026-03-10 16:32:12,321 - INFO -   跳过重复query：帮我泊车...
2026-03-10 16:32:12,321 - INFO - 调用LLM泛化query：把车泊进去
2026-03-10 16:32:12,321 - INFO - LLM泛化成功，生成1个有效变体（过滤后）
2026-03-10 16:32:12,321 - INFO -   跳过重复query：泊进去吧...
2026-03-10 16:32:12,321 - INFO - 调用LLM泛化query：泊车
2026-03-10 16:32:12,321 - INFO - LLM泛化成功，生成1个有效变体（过滤后）
2026-03-10 16:32:12,321 - INFO -   跳过重复query：帮我泊车...
2026-03-10 16:32:12,321 - INFO - 调用LLM泛化query：自己泊车吧
2026-03-10 16:32:12,321 - INFO - LLM泛化成功，生成1个有效变体（过滤后）
2026-03-10 16:32:12,321 - INFO -   跳过重复query：自己泊车...
2026-03-10 16:32:12,322 - INFO - 调用LLM泛化query：我要泊车
2026-03-10 16:32:12,322 - INFO - LLM泛化成功，生成1个有效变体（过滤后）
2026-03-10 16:32:12,322 - INFO -   跳过重复query：帮我泊车...
2026-03-10 16:32:12,322 - INFO - 调用LLM泛化query：把车泊进去
2026-03-10 16:32:12,322 - INFO - LLM泛化成功，生成1个有效变体（过滤后）
2026-03-10 16:32:12,323 - INFO -   跳过重复query：泊进去吧...
2026-03-10 16:32:12,323 - INFO - 调用LLM泛化query：泊车
2026-03-10 16:32:12,323 - INFO - LLM泛化成功，生成1个有效变体（过滤后）
2026-03-10 16:32:12,323 - INFO -   跳过重复query：帮我泊车...
2026-03-10 16:32:12,323 - INFO - 调用LLM泛化query：自己泊车吧
2026-03-10 16:32:12,323 - INFO - LLM泛化成功，生成1个有效变体（过滤后）
2026-03-10 16:32:12,323 - INFO -   跳过重复query：自己泊车...
2026-03-10 16:32:12,323 - INFO - 调用LLM泛化query：我要泊车
2026-03-10 16:32:12,323 - INFO - LLM泛化成功，生成1个有效变体（过滤后）
2026-03-10 16:32:12,323 - INFO -   跳过重复query：帮我泊车...
2026-03-10 16:32:12,324 - INFO - 调用LLM泛化query：把车泊进去
2026-03-10 16:32:12,324 - INFO - LLM泛化成功，生成1个有效变体（过滤后）
2026-03-10 16:32:12,324 - INFO -   跳过重复query：泊进去吧...
2026-03-10 16:32:12,324 - INFO - 调用LLM泛化query：泊车
2026-03-10 16:32:12,324 - INFO - LLM泛化成功，生成1个有效变体（过滤后）
2026-03-10 16:32:12,324 - INFO -   跳过重复query：帮我泊车...
2026-03-10 16:32:12,324 - INFO - 调用LLM泛化query：自己泊车吧
2026-03-10 16:32:12,324 - INFO - LLM泛化成功，生成1个有效变体（过滤后）
2026-03-10 16:32:12,325 - INFO -   跳过重复query：自己泊车...
2026-03-10 16:32:12,325 - INFO - 调用LLM泛化query：我要泊车
2026-03-10 16:32:12,325 - INFO - LLM泛化成功，生成1个有效变体（过滤后）
2026-03-10 16:32:12,325 - INFO -   跳过重复query：帮我泊车...
2026-03-10 16:32:12,325 - INFO - 调用LLM泛化query：把车泊进去
2026-03-10 16:32:12,325 - INFO - LLM泛化成功，生成1个有效变体（过滤后）
2026-03-10 16:32:12,326 - INFO -   跳过重复query：泊进去吧...
2026-03-10 16:32:12,326 - INFO - 调用LLM泛化query：泊车
2026-03-10 16:32:12,326 - INFO - LLM泛化成功，生成1个有效变体（过滤后）
2026-03-10 16:32:12,326 - INFO -   跳过重复query：帮我泊车...
2026-03-10 16:32:12,326 - INFO - 调用LLM泛化query：自己泊车吧
2026-03-10 16:32:12,326 - INFO - LLM泛化成功，生成1个有效变体（过滤后）
2026-03-10 16:32:12,326 - INFO -   跳过重复query：自己泊车...
2026-03-10 16:32:12,326 - INFO - 调用LLM泛化query：我要泊车
2026-03-10 16:32:12,326 - INFO - LLM泛化成功，生成1个有效变体（过滤后）
2026-03-10 16:32:12,326 - INFO -   跳过重复query：帮我泊车...
2026-03-10 16:32:12,327 - INFO - 调用LLM泛化query：把车泊进去
2026-03-10 16:32:12,327 - INFO - LLM泛化成功，生成1个有效变体（过滤后）
2026-03-10 16:32:12,327 - INFO -   跳过重复query：泊进去吧...
2026-03-10 16:32:12,327 - INFO - 调用LLM泛化query：泊车
2026-03-10 16:32:12,327 - INFO - LLM泛化成功，生成1个有效变体（过滤后）
2026-03-10 16:32:12,327 - INFO -   跳过重复query：帮我泊车...
2026-03-10 16:32:12,327 - INFO - 调用LLM泛化query：自己泊车吧
2026-03-10 16:32:12,327 - INFO - LLM泛化成功，生成1个有效变体（过滤后）
2026-03-10 16:32:12,327 - INFO -   跳过重复query：自己泊车...
2026-03-10 16:32:12,327 - INFO - 调用LLM泛化query：我要泊车
2026-03-10 16:32:12,327 - INFO - LLM泛化成功，生成1个有效变体（过滤后）
2026-03-10 16:32:12,327 - INFO -   跳过重复query：帮我泊车...
2026-03-10 16:32:12,327 - INFO - 调用LLM泛化query：把车泊进去
2026-03-10 16:32:12,327 - INFO - LLM泛化成功，生成1个有效变体（过滤后）
2026-03-10 16:32:12,328 - INFO -   跳过重复query：泊进去吧...
2026-03-10 16:32:12,328 - INFO - 调用LLM泛化query：泊车
2026-03-10 16:32:12,328 - INFO - LLM泛化成功，生成1个有效变体（过滤后）
2026-03-10 16:32:12,328 - INFO -   跳过重复query：帮我泊车...
2026-03-10 16:32:12,328 - INFO - 调用LLM泛化query：自己泊车吧
2026-03-10 16:32:12,328 - INFO - LLM泛化成功，生成1个有效变体（过滤后）
2026-03-10 16:32:12,328 - INFO -   跳过重复query：自己泊车...
2026-03-10 16:32:12,328 - INFO - 调用LLM泛化query：我要泊车
2026-03-10 16:32:12,328 - INFO - LLM泛化成功，生成1个有效变体（过滤后）
2026-03-10 16:32:12,328 - INFO -   跳过重复query：帮我泊车...
2026-03-10 16:32:12,328 - INFO - 调用LLM泛化query：把车泊进去
2026-03-10 16:32:12,328 - INFO - LLM泛化成功，生成1个有效变体（过滤后）
2026-03-10 16:32:12,328 - INFO -   跳过重复query：泊进去吧...
2026-03-10 16:32:12,328 - INFO - 调用LLM泛化query：泊车
2026-03-10 16:32:12,329 - INFO - LLM泛化成功，生成1个有效变体（过滤后）
2026-03-10 16:32:12,329 - INFO -   跳过重复query：帮我泊车...
2026-03-10 16:32:12,329 - INFO - 调用LLM泛化query：自己泊车吧
2026-03-10 16:32:12,329 - INFO - LLM泛化成功，生成1个有效变体（过滤后）
2026-03-10 16:32:12,329 - INFO -   跳过重复query：自己泊车...
2026-03-10 16:32:12,329 - INFO - 调用LLM泛化query：我要泊车
2026-03-10 16:32:12,329 - INFO - LLM泛化成功，生成1个有效变体（过滤后）
2026-03-10 16:32:12,329 - INFO -   跳过重复query：帮我泊车...
2026-03-10 16:32:12,329 - INFO - 调用LLM泛化query：把车泊进去
2026-03-10 16:32:12,329 - INFO - LLM泛化成功，生成1个有效变体（过滤后）
2026-03-10 16:32:12,329 - INFO -   跳过重复query：泊进去吧...
2026-03-10 16:32:12,330 - INFO - 调用LLM泛化query：泊车
2026-03-10 16:32:12,330 - INFO - LLM泛化成功，生成1个有效变体（过滤后）
2026-03-10 16:32:12,330 - INFO -   跳过重复query：帮我泊车...
2026-03-10 16:32:12,330 - INFO - 调用LLM泛化query：自己泊车吧
2026-03-10 16:32:12,330 - INFO - LLM泛化成功，生成1个有效变体（过滤后）
2026-03-10 16:32:12,330 - INFO -   跳过重复query：自己泊车...
2026-03-10 16:32:12,330 - INFO - 调用LLM泛化query：我要泊车
2026-03-10 16:32:12,330 - INFO - LLM泛化成功，生成1个有效变体（过滤后）
2026-03-10 16:32:12,330 - INFO -   跳过重复query：帮我泊车...
2026-03-10 16:32:12,330 - INFO - 调用LLM泛化query：把车泊进去
2026-03-10 16:32:12,330 - INFO - LLM泛化成功，生成1个有效变体（过滤后）
2026-03-10 16:32:12,330 - INFO -   跳过重复query：泊进去吧...
2026-03-10 16:32:12,330 - INFO - 调用LLM泛化query：泊车
2026-03-10 16:32:12,330 - INFO - LLM泛化成功，生成1个有效变体（过滤后）
2026-03-10 16:32:12,331 - INFO -   跳过重复query：帮我泊车...
2026-03-10 16:32:12,331 - INFO - 调用LLM泛化query：自己泊车吧
2026-03-10 16:32:12,331 - INFO - LLM泛化成功，生成1个有效变体（过滤后）
2026-03-10 16:32:12,331 - INFO -   跳过重复query：自己泊车...
2026-03-10 16:32:12,331 - INFO - 调用LLM泛化query：我要泊车
2026-03-10 16:32:12,331 - INFO - LLM泛化成功，生成1个有效变体（过滤后）
2026-03-10 16:32:12,331 - INFO -   跳过重复query：帮我泊车...
2026-03-10 16:32:12,331 - INFO - 调用LLM泛化query：把车泊进去
2026-03-10 16:32:12,331 - INFO - LLM泛化成功，生成1个有效变体（过滤后）
2026-03-10 16:32:12,331 - INFO -   跳过重复query：泊进去吧...
2026-03-10 16:32:12,331 - INFO - 调用LLM泛化query：泊车
2026-03-10 16:32:12,331 - INFO - LLM泛化成功，生成1个有效变体（过滤后）
2026-03-10 16:32:12,331 - INFO -   跳过重复query：帮我泊车...
2026-03-10 16:32:12,331 - INFO - 调用LLM泛化query：自己泊车吧
2026-03-10 16:32:12,332 - INFO - LLM泛化成功，生成1个有效变体（过滤后）
2026-03-10 16:32:12,332 - INFO -   跳过重复query：自己泊车...
2026-03-10 16:32:12,332 - INFO - 调用LLM泛化query：我要泊车
2026-03-10 16:32:12,332 - INFO - LLM泛化成功，生成1个有效变体（过滤后）
2026-03-10 16:32:12,332 - INFO -   跳过重复query：帮我泊车...
2026-03-10 16:32:12,332 - INFO - 调用LLM泛化query：把车泊进去
2026-03-10 16:32:12,332 - INFO - LLM泛化成功，生成1个有效变体（过滤后）
2026-03-10 16:32:12,332 - INFO -   跳过重复query：泊进去吧...
2026-03-10 16:32:12,332 - INFO - 调用LLM泛化query：泊车
2026-03-10 16:32:12,332 - INFO - LLM泛化成功，生成1个有效变体（过滤后）
2026-03-10 16:32:12,332 - INFO -   跳过重复query：帮我泊车...
2026-03-10 16:32:12,332 - INFO - 调用LLM泛化query：自己泊车吧
2026-03-10 16:32:12,332 - INFO - LLM泛化成功，生成1个有效变体（过滤后）
2026-03-10 16:32:12,332 - INFO -   跳过重复query：自己泊车...
2026-03-10 16:32:12,333 - INFO - 调用LLM泛化query：我要泊车
2026-03-10 16:32:12,333 - INFO - LLM泛化成功，生成1个有效变体（过滤后）
2026-03-10 16:32:12,333 - INFO -   跳过重复query：帮我泊车...
2026-03-10 16:32:12,333 - INFO - 调用LLM泛化query：把车泊进去
2026-03-10 16:32:12,333 - INFO - LLM泛化成功，生成1个有效变体（过滤后）
2026-03-10 16:32:12,333 - INFO -   跳过重复query：泊进去吧...
2026-03-10 16:32:12,333 - INFO - 调用LLM泛化query：泊车
2026-03-10 16:32:12,333 - INFO - LLM泛化成功，生成1个有效变体（过滤后）
2026-03-10 16:32:12,333 - INFO -   跳过重复query：帮我泊车...
2026-03-10 16:32:12,333 - INFO - 调用LLM泛化query：自己泊车吧
2026-03-10 16:32:12,333 - INFO - LLM泛化成功，生成1个有效变体（过滤后）
2026-03-10 16:32:12,333 - INFO -   跳过重复query：自己泊车...
2026-03-10 16:32:12,334 - INFO - 调用LLM泛化query：我要泊车
2026-03-10 16:32:12,334 - INFO - LLM泛化成功，生成1个有效变体（过滤后）
2026-03-10 16:32:12,334 - INFO -   跳过重复query：帮我泊车...
2026-03-10 16:32:12,334 - INFO - 调用LLM泛化query：把车泊进去
2026-03-10 16:32:12,334 - INFO - LLM泛化成功，生成1个有效变体（过滤后）
2026-03-10 16:32:12,334 - INFO -   跳过重复query：泊进去吧...
2026-03-10 16:32:12,334 - INFO - 调用LLM泛化query：泊车
2026-03-10 16:32:12,334 - INFO - LLM泛化成功，生成1个有效变体（过滤后）
2026-03-10 16:32:12,335 - INFO -   跳过重复query：帮我泊车...
2026-03-10 16:32:12,335 - INFO - 调用LLM泛化query：自己泊车吧
2026-03-10 16:32:12,335 - INFO - LLM泛化成功，生成1个有效变体（过滤后）
2026-03-10 16:32:12,335 - INFO -   跳过重复query：自己泊车...
2026-03-10 16:32:12,335 - INFO - 调用LLM泛化query：我要泊车
2026-03-10 16:32:12,335 - INFO - LLM泛化成功，生成1个有效变体（过滤后）
2026-03-10 16:32:12,335 - INFO -   跳过重复query：帮我泊车...
2026-03-10 16:32:12,335 - INFO - 调用LLM泛化query：把车泊进去
2026-03-10 16:32:12,335 - INFO - LLM泛化成功，生成1个有效变体（过滤后）
2026-03-10 16:32:12,335 - INFO -   跳过重复query：泊进去吧...
2026-03-10 16:32:12,335 - INFO - 调用LLM泛化query：泊车
2026-03-10 16:32:12,335 - INFO - LLM泛化成功，生成1个有效变体（过滤后）
2026-03-10 16:32:12,335 - INFO -   跳过重复query：帮我泊车...
2026-03-10 16:32:12,335 - INFO - 调用LLM泛化query：自己泊车吧
2026-03-10 16:32:12,335 - INFO - LLM泛化成功，生成1个有效变体（过滤后）
2026-03-10 16:32:12,335 - INFO -   跳过重复query：自己泊车...
2026-03-10 16:32:12,335 - INFO - 调用LLM泛化query：我要泊车
2026-03-10 16:32:12,336 - INFO - LLM泛化成功，生成1个有效变体（过滤后）
2026-03-10 16:32:12,336 - INFO -   跳过重复query：帮我泊车...
2026-03-10 16:32:12,336 - INFO - 调用LLM泛化query：把车泊进去
2026-03-10 16:32:12,336 - INFO - LLM泛化成功，生成1个有效变体（过滤后）
2026-03-10 16:32:12,336 - INFO -   跳过重复query：泊进去吧...
2026-03-10 16:32:12,336 - INFO - 调用LLM泛化query：泊车
2026-03-10 16:32:12,336 - INFO - LLM泛化成功，生成1个有效变体（过滤后）
2026-03-10 16:32:12,336 - INFO -   跳过重复query：帮我泊车...
2026-03-10 16:32:12,336 - INFO - 调用LLM泛化query：自己泊车吧
2026-03-10 16:32:12,336 - INFO - LLM泛化成功，生成1个有效变体（过滤后）
2026-03-10 16:32:12,336 - INFO -   跳过重复query：自己泊车...
2026-03-10 16:32:12,336 - INFO - 调用LLM泛化query：我要泊车
2026-03-10 16:32:12,336 - INFO - LLM泛化成功，生成1个有效变体（过滤后）
2026-03-10 16:32:12,336 - INFO -   跳过重复query：帮我泊车...
2026-03-10 16:32:12,337 - INFO - 调用LLM泛化query：把车泊进去
2026-03-10 16:32:12,337 - INFO - LLM泛化成功，生成1个有效变体（过滤后）
2026-03-10 16:32:12,337 - INFO -   跳过重复query：泊进去吧...
2026-03-10 16:32:12,337 - INFO - 调用LLM泛化query：泊车
2026-03-10 16:32:12,337 - INFO - LLM泛化成功，生成1个有效变体（过滤后）
2026-03-10 16:32:12,337 - INFO -   跳过重复query：帮我泊车...
2026-03-10 16:32:12,337 - INFO - 调用LLM泛化query：自己泊车吧
2026-03-10 16:32:12,337 - INFO - LLM泛化成功，生成1个有效变体（过滤后）
2026-03-10 16:32:12,337 - INFO -   跳过重复query：自己泊车...
2026-03-10 16:32:12,337 - INFO - 调用LLM泛化query：我要泊车
2026-03-10 16:32:12,337 - INFO - LLM泛化成功，生成1个有效变体（过滤后）
2026-03-10 16:32:12,337 - INFO -   跳过重复query：帮我泊车...
2026-03-10 16:32:12,337 - INFO - 调用LLM泛化query：把车泊进去
2026-03-10 16:32:12,337 - INFO - LLM泛化成功，生成1个有效变体（过滤后）
2026-03-10 16:32:12,337 - INFO -   跳过重复query：泊进去吧...
2026-03-10 16:32:12,337 - INFO - 调用LLM泛化query：泊车
2026-03-10 16:32:12,338 - INFO - LLM泛化成功，生成1个有效变体（过滤后）
2026-03-10 16:32:12,338 - INFO -   跳过重复query：帮我泊车...
2026-03-10 16:32:12,338 - INFO - 调用LLM泛化query：自己泊车吧
2026-03-10 16:32:12,338 - INFO - LLM泛化成功，生成1个有效变体（过滤后）
2026-03-10 16:32:12,338 - INFO -   跳过重复query：自己泊车...
2026-03-10 16:32:12,338 - INFO - 调用LLM泛化query：我要泊车
2026-03-10 16:32:12,338 - INFO - LLM泛化成功，生成1个有效变体（过滤后）
2026-03-10 16:32:12,338 - INFO -   跳过重复query：帮我泊车...
2026-03-10 16:32:12,338 - INFO - 调用LLM泛化query：把车泊进去
2026-03-10 16:32:12,338 - INFO - LLM泛化成功，生成1个有效变体（过滤后）
2026-03-10 16:32:12,338 - INFO -   跳过重复query：泊进去吧...
2026-03-10 16:32:12,338 - INFO - 调用LLM泛化query：泊车
2026-03-10 16:32:12,338 - INFO - LLM泛化成功，生成1个有效变体（过滤后）
2026-03-10 16:32:12,338 - INFO -   跳过重复query：帮我泊车...
2026-03-10 16:32:12,338 - INFO - 调用LLM泛化query：自己泊车吧
2026-03-10 16:32:12,338 - INFO - LLM泛化成功，生成1个有效变体（过滤后）
2026-03-10 16:32:12,338 - INFO -   跳过重复query：自己泊车...
2026-03-10 16:32:12,339 - INFO - 调用LLM泛化query：我要泊车
2026-03-10 16:32:12,339 - INFO - LLM泛化成功，生成1个有效变体（过滤后）
2026-03-10 16:32:12,339 - INFO -   跳过重复query：帮我泊车...
2026-03-10 16:32:12,339 - INFO - 调用LLM泛化query：把车泊进去
2026-03-10 16:32:12,339 - INFO - LLM泛化成功，生成1个有效变体（过滤后）
2026-03-10 16:32:12,339 - INFO -   跳过重复query：泊进去吧...
2026-03-10 16:32:12,339 - INFO - 调用LLM泛化query：泊车
2026-03-10 16:32:12,339 - INFO - LLM泛化成功，生成1个有效变体（过滤后）
2026-03-10 16:32:12,339 - INFO -   跳过重复query：帮我泊车...
2026-03-10 16:32:12,339 - INFO - 调用LLM泛化query：自己泊车吧
2026-03-10 16:32:12,339 - INFO - LLM泛化成功，生成1个有效变体（过滤后）
2026-03-10 16:32:12,339 - INFO -   跳过重复query：自己泊车...
2026-03-10 16:32:12,339 - INFO - 调用LLM泛化query：我要泊车
2026-03-10 16:32:12,340 - INFO - LLM泛化成功，生成1个有效变体（过滤后）
2026-03-10 16:32:12,340 - INFO -   跳过重复query：帮我泊车...
2026-03-10 16:32:12,340 - INFO - 调用LLM泛化query：把车泊进去
2026-03-10 16:32:12,340 - INFO - LLM泛化成功，生成1个有效变体（过滤后）
2026-03-10 16:32:12,340 - INFO -   跳过重复query：泊进去吧...
2026-03-10 16:32:12,340 - INFO - 调用LLM泛化query：泊车
2026-03-10 16:32:12,340 - INFO - LLM泛化成功，生成1个有效变体（过滤后）
2026-03-10 16:32:12,340 - INFO -   跳过重复query：帮我泊车...
2026-03-10 16:32:12,340 - INFO - 调用LLM泛化query：自己泊车吧
2026-03-10 16:32:12,340 - INFO - LLM泛化成功，生成1个有效变体（过滤后）
2026-03-10 16:32:12,340 - INFO -   跳过重复query：自己泊车...
2026-03-10 16:32:12,340 - INFO - 调用LLM泛化query：我要泊车
2026-03-10 16:32:12,340 - INFO - LLM泛化成功，生成1个有效变体（过滤后）
2026-03-10 16:32:12,340 - INFO -   跳过重复query：帮我泊车...
2026-03-10 16:32:12,340 - INFO - 调用LLM泛化query：把车泊进去
2026-03-10 16:32:12,340 - INFO - LLM泛化成功，生成1个有效变体（过滤后）
2026-03-10 16:32:12,340 - INFO -   跳过重复query：泊进去吧...
2026-03-10 16:32:12,340 - INFO - 调用LLM泛化query：泊车
2026-03-10 16:32:12,340 - INFO - LLM泛化成功，生成1个有效变体（过滤后）
2026-03-10 16:32:12,340 - INFO -   跳过重复query：帮我泊车...
2026-03-10 16:32:12,340 - INFO - 调用LLM泛化query：自己泊车吧
2026-03-10 16:32:12,340 - INFO - LLM泛化成功，生成1个有效变体（过滤后）
2026-03-10 16:32:12,340 - INFO -   跳过重复query：自己泊车...
2026-03-10 16:32:12,340 - INFO - 调用LLM泛化query：我要泊车
2026-03-10 16:32:12,340 - INFO - LLM泛化成功，生成1个有效变体（过滤后）
2026-03-10 16:32:12,340 - INFO -   跳过重复query：帮我泊车...
2026-03-10 16:32:12,340 - INFO - 调用LLM泛化query：把车泊进去
2026-03-10 16:32:12,340 - INFO - LLM泛化成功，生成1个有效变体（过滤后）
2026-03-10 16:32:12,340 - INFO -   跳过重复query：泊进去吧...
2026-03-10 16:32:12,340 - INFO - 调用LLM泛化query：泊车
2026-03-10 16:32:12,340 - INFO - LLM泛化成功，生成1个有效变体（过滤后）
2026-03-10 16:32:12,340 - INFO -   跳过重复query：帮我泊车...
2026-03-10 16:32:12,340 - INFO - 调用LLM泛化query：自己泊车吧
2026-03-10 16:32:12,340 - INFO - LLM泛化成功，生成1个有效变体（过滤后）
2026-03-10 16:32:12,340 - INFO -   跳过重复query：自己泊车...
2026-03-10 16:32:12,340 - INFO - 调用LLM泛化query：我要泊车
2026-03-10 16:32:12,340 - INFO - LLM泛化成功，生成1个有效变体（过滤后）
2026-03-10 16:32:12,340 - INFO -   跳过重复query：帮我泊车...
2026-03-10 16:32:12,341 - INFO - 调用LLM泛化query：把车泊进去
2026-03-10 16:32:12,341 - INFO - LLM泛化成功，生成1个有效变体（过滤后）
2026-03-10 16:32:12,341 - INFO -   跳过重复query：泊进去吧...
2026-03-10 16:32:12,341 - INFO - 调用LLM泛化query：泊车
2026-03-10 16:32:12,341 - INFO - LLM泛化成功，生成1个有效变体（过滤后）
2026-03-10 16:32:12,341 - INFO -   跳过重复query：帮我泊车...
2026-03-10 16:32:12,341 - INFO - 调用LLM泛化query：自己泊车吧
2026-03-10 16:32:12,341 - INFO - LLM泛化成功，生成1个有效变体（过滤后）
2026-03-10 16:32:12,341 - INFO -   跳过重复query：自己泊车...
2026-03-10 16:32:12,341 - INFO - 调用LLM泛化query：我要泊车
2026-03-10 16:32:12,341 - INFO - LLM泛化成功，生成1个有效变体（过滤后）
2026-03-10 16:32:12,341 - INFO -   跳过重复query：帮我泊车...
2026-03-10 16:32:12,341 - INFO - 调用LLM泛化query：把车泊进去
2026-03-10 16:32:12,341 - INFO - LLM泛化成功，生成1个有效变体（过滤后）
2026-03-10 16:32:12,341 - INFO -   跳过重复query：泊进去吧...
2026-03-10 16:32:12,341 - INFO - 调用LLM泛化query：泊车
2026-03-10 16:32:12,341 - INFO - LLM泛化成功，生成1个有效变体（过滤后）
2026-03-10 16:32:12,341 - INFO -   跳过重复query：帮我泊车...
2026-03-10 16:32:12,341 - INFO - 调用LLM泛化query：自己泊车吧
2026-03-10 16:32:12,341 - INFO - LLM泛化成功，生成1个有效变体（过滤后）
2026-03-10 16:32:12,341 - INFO -   跳过重复query：自己泊车...
2026-03-10 16:32:12,341 - INFO - 调用LLM泛化query：我要泊车
2026-03-10 16:32:12,341 - INFO - LLM泛化成功，生成1个有效变体（过滤后）
2026-03-10 16:32:12,341 - INFO -   跳过重复query：帮我泊车...
2026-03-10 16:32:12,341 - INFO - 调用LLM泛化query：把车泊进去
2026-03-10 16:32:12,341 - INFO - LLM泛化成功，生成1个有效变体（过滤后）
2026-03-10 16:32:12,341 - INFO -   跳过重复query：泊进去吧...
2026-03-10 16:32:12,341 - INFO - 调用LLM泛化query：泊车
2026-03-10 16:32:12,341 - INFO - LLM泛化成功，生成1个有效变体（过滤后）
2026-03-10 16:32:12,341 - INFO -   跳过重复query：帮我泊车...
2026-03-10 16:32:12,341 - INFO - 调用LLM泛化query：自己泊车吧
2026-03-10 16:32:12,341 - INFO - LLM泛化成功，生成1个有效变体（过滤后）
2026-03-10 16:32:12,341 - INFO -   跳过重复query：自己泊车...
2026-03-10 16:32:12,341 - INFO - 调用LLM泛化query：我要泊车
2026-03-10 16:32:12,341 - INFO - LLM泛化成功，生成1个有效变体（过滤后）
2026-03-10 16:32:12,341 - INFO -   跳过重复query：帮我泊车...
2026-03-10 16:32:12,341 - INFO - 调用LLM泛化query：把车泊进去
2026-03-10 16:32:12,341 - INFO - LLM泛化成功，生成1个有效变体（过滤后）
2026-03-10 16:32:12,342 - INFO -   跳过重复query：泊进去吧...
2026-03-10 16:32:12,342 - INFO - 调用LLM泛化query：泊车
2026-03-10 16:32:12,342 - INFO - LLM泛化成功，生成1个有效变体（过滤后）
2026-03-10 16:32:12,342 - INFO -   跳过重复query：帮我泊车...
2026-03-10 16:32:12,342 - INFO - 调用LLM泛化query：自己泊车吧
2026-03-10 16:32:12,342 - INFO - LLM泛化成功，生成1个有效变体（过滤后）
2026-03-10 16:32:12,342 - INFO -   跳过重复query：自己泊车...
2026-03-10 16:32:12,342 - INFO - 调用LLM泛化query：我要泊车
2026-03-10 16:32:12,342 - INFO - LLM泛化成功，生成1个有效变体（过滤后）
2026-03-10 16:32:12,342 - INFO -   跳过重复query：帮我泊车...
2026-03-10 16:32:12,342 - INFO - 调用LLM泛化query：把车泊进去
2026-03-10 16:32:12,342 - INFO - LLM泛化成功，生成1个有效变体（过滤后）
2026-03-10 16:32:12,342 - INFO -   跳过重复query：泊进去吧...
2026-03-10 16:32:12,342 - INFO - 调用LLM泛化query：泊车
2026-03-10 16:32:12,342 - INFO - LLM泛化成功，生成1个有效变体（过滤后）
2026-03-10 16:32:12,342 - INFO -   跳过重复query：帮我泊车...
2026-03-10 16:32:12,342 - INFO - 调用LLM泛化query：自己泊车吧
2026-03-10 16:32:12,342 - INFO - LLM泛化成功，生成1个有效变体（过滤后）
2026-03-10 16:32:12,342 - INFO -   跳过重复query：自己泊车...
2026-03-10 16:32:12,342 - INFO - 调用LLM泛化query：我要泊车
2026-03-10 16:32:12,342 - INFO - LLM泛化成功，生成1个有效变体（过滤后）
2026-03-10 16:32:12,342 - INFO -   跳过重复query：帮我泊车...
2026-03-10 16:32:12,342 - INFO - 调用LLM泛化query：把车泊进去
2026-03-10 16:32:12,342 - INFO - LLM泛化成功，生成1个有效变体（过滤后）
2026-03-10 16:32:12,342 - INFO -   跳过重复query：泊进去吧...
2026-03-10 16:32:12,342 - INFO - 调用LLM泛化query：泊车
2026-03-10 16:32:12,342 - INFO - LLM泛化成功，生成1个有效变体（过滤后）
2026-03-10 16:32:12,342 - INFO -   跳过重复query：帮我泊车...
2026-03-10 16:32:12,342 - INFO - 调用LLM泛化query：自己泊车吧
2026-03-10 16:32:12,342 - INFO - LLM泛化成功，生成1个有效变体（过滤后）
2026-03-10 16:32:12,342 - INFO -   跳过重复query：自己泊车...
2026-03-10 16:32:12,342 - INFO - 调用LLM泛化query：我要泊车
2026-03-10 16:32:12,342 - INFO - LLM泛化成功，生成1个有效变体（过滤后）
2026-03-10 16:32:12,342 - INFO -   跳过重复query：帮我泊车...
2026-03-10 16:32:12,342 - INFO - 调用LLM泛化query：把车泊进去
2026-03-10 16:32:12,342 - INFO - LLM泛化成功，生成1个有效变体（过滤后）
2026-03-10 16:32:12,342 - INFO -   跳过重复query：泊进去吧...
2026-03-10 16:32:12,342 - INFO - 调用LLM泛化query：泊车
2026-03-10 16:32:12,342 - INFO - LLM泛化成功，生成1个有效变体（过滤后）
2026-03-10 16:32:12,342 - INFO -   跳过重复query：帮我泊车...
2026-03-10 16:32:12,342 - INFO - 调用LLM泛化query：自己泊车吧
2026-03-10 16:32:12,343 - INFO - LLM泛化成功，生成1个有效变体（过滤后）
2026-03-10 16:32:12,343 - INFO -   跳过重复query：自己泊车...
2026-03-10 16:32:12,343 - INFO - 调用LLM泛化query：我要泊车
2026-03-10 16:32:12,343 - INFO - LLM泛化成功，生成1个有效变体（过滤后）
2026-03-10 16:32:12,343 - INFO -   跳过重复query：帮我泊车...
2026-03-10 16:32:12,343 - INFO - 调用LLM泛化query：把车泊进去
2026-03-10 16:32:12,343 - INFO - LLM泛化成功，生成1个有效变体（过滤后）
2026-03-10 16:32:12,343 - INFO -   跳过重复query：泊进去吧...
2026-03-10 16:32:12,343 - INFO - 调用LLM泛化query：泊车
2026-03-10 16:32:12,343 - INFO - LLM泛化成功，生成1个有效变体（过滤后）
2026-03-10 16:32:12,343 - INFO -   跳过重复query：帮我泊车...
2026-03-10 16:32:12,343 - INFO - 调用LLM泛化query：自己泊车吧
2026-03-10 16:32:12,343 - INFO - LLM泛化成功，生成1个有效变体（过滤后）
2026-03-10 16:32:12,343 - INFO -   跳过重复query：自己泊车...
2026-03-10 16:32:12,343 - INFO - 调用LLM泛化query：我要泊车
2026-03-10 16:32:12,343 - INFO - LLM泛化成功，生成1个有效变体（过滤后）
2026-03-10 16:32:12,343 - INFO -   跳过重复query：帮我泊车...
2026-03-10 16:32:12,343 - INFO - 调用LLM泛化query：把车泊进去
2026-03-10 16:32:12,343 - INFO - LLM泛化成功，生成1个有效变体（过滤后）
2026-03-10 16:32:12,343 - INFO -   跳过重复query：泊进去吧...
2026-03-10 16:32:12,343 - INFO - 调用LLM泛化query：泊车
2026-03-10 16:32:12,343 - INFO - LLM泛化成功，生成1个有效变体（过滤后）
2026-03-10 16:32:12,343 - INFO -   跳过重复query：帮我泊车...
2026-03-10 16:32:12,343 - INFO - 调用LLM泛化query：自己泊车吧
2026-03-10 16:32:12,343 - INFO - LLM泛化成功，生成1个有效变体（过滤后）
2026-03-10 16:32:12,343 - INFO -   跳过重复query：自己泊车...
2026-03-10 16:32:12,343 - INFO - 调用LLM泛化query：我要泊车
2026-03-10 16:32:12,343 - INFO - LLM泛化成功，生成1个有效变体（过滤后）
2026-03-10 16:32:12,343 - INFO -   跳过重复query：帮我泊车...
2026-03-10 16:32:12,343 - INFO - 调用LLM泛化query：把车泊进去
2026-03-10 16:32:12,343 - INFO - LLM泛化成功，生成1个有效变体（过滤后）
2026-03-10 16:32:12,343 - INFO -   跳过重复query：泊进去吧...
2026-03-10 16:32:12,343 - INFO - 调用LLM泛化query：泊车
2026-03-10 16:32:12,343 - INFO - LLM泛化成功，生成1个有效变体（过滤后）
2026-03-10 16:32:12,343 - INFO -   跳过重复query：帮我泊车...
2026-03-10 16:32:12,343 - INFO - 调用LLM泛化query：自己泊车吧
2026-03-10 16:32:12,343 - INFO - LLM泛化成功，生成1个有效变体（过滤后）
2026-03-10 16:32:12,343 - INFO -   跳过重复query：自己泊车...
2026-03-10 16:32:12,343 - INFO - 调用LLM泛化query：我要泊车
2026-03-10 16:32:12,343 - INFO - LLM泛化成功，生成1个有效变体（过滤后）
2026-03-10 16:32:12,344 - INFO -   跳过重复query：帮我泊车...
2026-03-10 16:32:12,344 - INFO - 调用LLM泛化query：把车泊进去
2026-03-10 16:32:12,344 - INFO - LLM泛化成功，生成1个有效变体（过滤后）
2026-03-10 16:32:12,344 - INFO -   跳过重复query：泊进去吧...
2026-03-10 16:32:12,344 - INFO - 调用LLM泛化query：泊车
2026-03-10 16:32:12,344 - INFO - LLM泛化成功，生成1个有效变体（过滤后）
2026-03-10 16:32:12,344 - INFO -   跳过重复query：帮我泊车...
2026-03-10 16:32:12,344 - INFO - 调用LLM泛化query：自己泊车吧
2026-03-10 16:32:12,344 - INFO - LLM泛化成功，生成1个有效变体（过滤后）
2026-03-10 16:32:12,344 - INFO -   跳过重复query：自己泊车...
2026-03-10 16:32:12,344 - INFO - 调用LLM泛化query：我要泊车
2026-03-10 16:32:12,344 - INFO - LLM泛化成功，生成1个有效变体（过滤后）
2026-03-10 16:32:12,344 - INFO -   跳过重复query：帮我泊车...
2026-03-10 16:32:12,344 - INFO - 调用LLM泛化query：把车泊进去
2026-03-10 16:32:12,344 - INFO - LLM泛化成功，生成1个有效变体（过滤后）
2026-03-10 16:32:12,344 - INFO -   跳过重复query：泊进去吧...
2026-03-10 16:32:12,344 - INFO - 调用LLM泛化query：泊车
2026-03-10 16:32:12,344 - INFO - LLM泛化成功，生成1个有效变体（过滤后）
2026-03-10 16:32:12,344 - INFO -   跳过重复query：帮我泊车...
2026-03-10 16:32:12,344 - INFO - 调用LLM泛化query：自己泊车吧
2026-03-10 16:32:12,344 - INFO - LLM泛化成功，生成1个有效变体（过滤后）
2026-03-10 16:32:12,344 - INFO -   跳过重复query：自己泊车...
2026-03-10 16:32:12,344 - INFO - 调用LLM泛化query：我要泊车
2026-03-10 16:32:12,344 - INFO - LLM泛化成功，生成1个有效变体（过滤后）
2026-03-10 16:32:12,344 - INFO -   跳过重复query：帮我泊车...
2026-03-10 16:32:12,344 - INFO - 调用LLM泛化query：把车泊进去
2026-03-10 16:32:12,344 - INFO - LLM泛化成功，生成1个有效变体（过滤后）
2026-03-10 16:32:12,344 - INFO -   跳过重复query：泊进去吧...
2026-03-10 16:32:12,344 - INFO - 调用LLM泛化query：泊车
2026-03-10 16:32:12,344 - INFO - LLM泛化成功，生成1个有效变体（过滤后）
2026-03-10 16:32:12,344 - INFO -   跳过重复query：帮我泊车...
2026-03-10 16:32:12,344 - INFO - 调用LLM泛化query：自己泊车吧
2026-03-10 16:32:12,344 - INFO - LLM泛化成功，生成1个有效变体（过滤后）
2026-03-10 16:32:12,344 - INFO -   跳过重复query：自己泊车...
2026-03-10 16:32:12,344 - INFO - 调用LLM泛化query：我要泊车
2026-03-10 16:32:12,344 - INFO - LLM泛化成功，生成1个有效变体（过滤后）
2026-03-10 16:32:12,344 - INFO -   跳过重复query：帮我泊车...
2026-03-10 16:32:12,344 - INFO - 调用LLM泛化query：把车泊进去
2026-03-10 16:32:12,344 - INFO - LLM泛化成功，生成1个有效变体（过滤后）
2026-03-10 16:32:12,344 - INFO -   跳过重复query：泊进去吧...
2026-03-10 16:32:12,345 - INFO - 调用LLM泛化query：泊车
2026-03-10 16:32:12,345 - INFO - LLM泛化成功，生成1个有效变体（过滤后）
2026-03-10 16:32:12,345 - INFO -   跳过重复query：帮我泊车...
2026-03-10 16:32:12,345 - INFO - 调用LLM泛化query：自己泊车吧
2026-03-10 16:32:12,345 - INFO - LLM泛化成功，生成1个有效变体（过滤后）
2026-03-10 16:32:12,345 - INFO -   跳过重复query：自己泊车...
2026-03-10 16:32:12,345 - INFO - 调用LLM泛化query：我要泊车
2026-03-10 16:32:12,345 - INFO - LLM泛化成功，生成1个有效变体（过滤后）
2026-03-10 16:32:12,345 - INFO -   跳过重复query：帮我泊车...
2026-03-10 16:32:12,345 - INFO - 调用LLM泛化query：把车泊进去
2026-03-10 16:32:12,345 - INFO - LLM泛化成功，生成1个有效变体（过滤后）
2026-03-10 16:32:12,345 - INFO -   跳过重复query：泊进去吧...
2026-03-10 16:32:12,345 - INFO - 调用LLM泛化query：泊车
2026-03-10 16:32:12,345 - INFO - LLM泛化成功，生成1个有效变体（过滤后）
2026-03-10 16:32:12,345 - INFO -   跳过重复query：帮我泊车...
2026-03-10 16:32:12,345 - INFO - 调用LLM泛化query：自己泊车吧
2026-03-10 16:32:12,345 - INFO - LLM泛化成功，生成1个有效变体（过滤后）
2026-03-10 16:32:12,345 - INFO -   跳过重复query：自己泊车...
2026-03-10 16:32:12,345 - INFO - 调用LLM泛化query：我要泊车
2026-03-10 16:32:12,345 - INFO - LLM泛化成功，生成1个有效变体（过滤后）
2026-03-10 16:32:12,345 - INFO -   跳过重复query：帮我泊车...
2026-03-10 16:32:12,345 - INFO - 调用LLM泛化query：把车泊进去
2026-03-10 16:32:12,345 - INFO - LLM泛化成功，生成1个有效变体（过滤后）
2026-03-10 16:32:12,345 - INFO -   跳过重复query：泊进去吧...
2026-03-10 16:32:12,345 - INFO - 调用LLM泛化query：泊车
2026-03-10 16:32:12,345 - INFO - LLM泛化成功，生成1个有效变体（过滤后）
2026-03-10 16:32:12,345 - INFO -   跳过重复query：帮我泊车...
2026-03-10 16:32:12,345 - INFO - 调用LLM泛化query：自己泊车吧
2026-03-10 16:32:12,345 - INFO - LLM泛化成功，生成1个有效变体（过滤后）
2026-03-10 16:32:12,345 - INFO -   跳过重复query：自己泊车...
2026-03-10 16:32:12,345 - INFO - 调用LLM泛化query：我要泊车
2026-03-10 16:32:12,345 - INFO - LLM泛化成功，生成1个有效变体（过滤后）
2026-03-10 16:32:12,345 - INFO -   跳过重复query：帮我泊车...
2026-03-10 16:32:12,345 - INFO - 调用LLM泛化query：把车泊进去
2026-03-10 16:32:12,345 - INFO - LLM泛化成功，生成1个有效变体（过滤后）
2026-03-10 16:32:12,345 - INFO -   跳过重复query：泊进去吧...
2026-03-10 16:32:12,345 - INFO - 调用LLM泛化query：泊车
2026-03-10 16:32:12,345 - INFO - LLM泛化成功，生成1个有效变体（过滤后）
2026-03-10 16:32:12,345 - INFO -   跳过重复query：帮我泊车...
2026-03-10 16:32:12,346 - INFO - 调用LLM泛化query：自己泊车吧
2026-03-10 16:32:12,346 - INFO - LLM泛化成功，生成1个有效变体（过滤后）
2026-03-10 16:32:12,346 - INFO -   跳过重复query：自己泊车...
2026-03-10 16:32:12,346 - INFO - 调用LLM泛化query：我要泊车
2026-03-10 16:32:12,346 - INFO - LLM泛化成功，生成1个有效变体（过滤后）
2026-03-10 16:32:12,346 - INFO -   跳过重复query：帮我泊车...
2026-03-10 16:32:12,346 - INFO - 调用LLM泛化query：把车泊进去
2026-03-10 16:32:12,346 - INFO - LLM泛化成功，生成1个有效变体（过滤后）
2026-03-10 16:32:12,346 - INFO -   跳过重复query：泊进去吧...
2026-03-10 16:32:12,346 - INFO - 调用LLM泛化query：泊车
2026-03-10 16:32:12,346 - INFO - LLM泛化成功，生成1个有效变体（过滤后）
2026-03-10 16:32:12,346 - INFO -   跳过重复query：帮我泊车...
2026-03-10 16:32:12,346 - INFO - 调用LLM泛化query：自己泊车吧
2026-03-10 16:32:12,346 - INFO - LLM泛化成功，生成1个有效变体（过滤后）
2026-03-10 16:32:12,346 - INFO -   跳过重复query：自己泊车...
2026-03-10 16:32:12,346 - INFO - 调用LLM泛化query：我要泊车
2026-03-10 16:32:12,346 - INFO - LLM泛化成功，生成1个有效变体（过滤后）
2026-03-10 16:32:12,346 - INFO -   跳过重复query：帮我泊车...
2026-03-10 16:32:12,346 - INFO - 调用LLM泛化query：把车泊进去
2026-03-10 16:32:12,346 - INFO - LLM泛化成功，生成1个有效变体（过滤后）
2026-03-10 16:32:12,346 - INFO -   跳过重复query：泊进去吧...
2026-03-10 16:32:12,346 - INFO - 调用LLM泛化query：泊车
2026-03-10 16:32:12,346 - INFO - LLM泛化成功，生成1个有效变体（过滤后）
2026-03-10 16:32:12,346 - INFO -   跳过重复query：帮我泊车...
2026-03-10 16:32:12,346 - INFO - 调用LLM泛化query：自己泊车吧
2026-03-10 16:32:12,346 - INFO - LLM泛化成功，生成1个有效变体（过滤后）
2026-03-10 16:32:12,346 - INFO -   跳过重复query：自己泊车...
2026-03-10 16:32:12,346 - INFO - 调用LLM泛化query：我要泊车
2026-03-10 16:32:12,346 - INFO - LLM泛化成功，生成1个有效变体（过滤后）
2026-03-10 16:32:12,346 - INFO -   跳过重复query：帮我泊车...
2026-03-10 16:32:12,346 - INFO - 调用LLM泛化query：把车泊进去
2026-03-10 16:32:12,346 - INFO - LLM泛化成功，生成1个有效变体（过滤后）
2026-03-10 16:32:12,346 - INFO -   跳过重复query：泊进去吧...
2026-03-10 16:32:12,346 - INFO - 调用LLM泛化query：泊车
2026-03-10 16:32:12,346 - INFO - LLM泛化成功，生成1个有效变体（过滤后）
2026-03-10 16:32:12,347 - INFO -   跳过重复query：帮我泊车...
2026-03-10 16:32:12,347 - INFO - 调用LLM泛化query：自己泊车吧
2026-03-10 16:32:12,347 - INFO - LLM泛化成功，生成1个有效变体（过滤后）
2026-03-10 16:32:12,347 - INFO -   跳过重复query：自己泊车...
2026-03-10 16:32:12,347 - INFO - 调用LLM泛化query：我要泊车
2026-03-10 16:32:12,347 - INFO - LLM泛化成功，生成1个有效变体（过滤后）
2026-03-10 16:32:12,347 - INFO -   跳过重复query：帮我泊车...
2026-03-10 16:32:12,347 - INFO - 调用LLM泛化query：把车泊进去
2026-03-10 16:32:12,347 - INFO - LLM泛化成功，生成1个有效变体（过滤后）
2026-03-10 16:32:12,347 - INFO -   跳过重复query：泊进去吧...
2026-03-10 16:32:12,347 - INFO - 调用LLM泛化query：泊车
2026-03-10 16:32:12,347 - INFO - LLM泛化成功，生成1个有效变体（过滤后）
2026-03-10 16:32:12,347 - INFO -   跳过重复query：帮我泊车...
2026-03-10 16:32:12,347 - INFO - 调用LLM泛化query：自己泊车吧
2026-03-10 16:32:12,347 - INFO - LLM泛化成功，生成1个有效变体（过滤后）
2026-03-10 16:32:12,347 - INFO -   跳过重复query：自己泊车...
2026-03-10 16:32:12,348 - INFO - 调用LLM泛化query：我要泊车
2026-03-10 16:32:12,348 - INFO - LLM泛化成功，生成1个有效变体（过滤后）
2026-03-10 16:32:12,348 - INFO -   跳过重复query：帮我泊车...
2026-03-10 16:32:12,348 - INFO - 调用LLM泛化query：把车泊进去
2026-03-10 16:32:12,348 - INFO - LLM泛化成功，生成1个有效变体（过滤后）
2026-03-10 16:32:12,348 - INFO -   跳过重复query：泊进去吧...
2026-03-10 16:32:12,348 - INFO - 调用LLM泛化query：泊车
2026-03-10 16:32:12,348 - INFO - LLM泛化成功，生成1个有效变体（过滤后）
2026-03-10 16:32:12,348 - INFO -   跳过重复query：帮我泊车...
2026-03-10 16:32:12,348 - INFO - 调用LLM泛化query：自己泊车吧
2026-03-10 16:32:12,348 - INFO - LLM泛化成功，生成1个有效变体（过滤后）
2026-03-10 16:32:12,348 - INFO -   跳过重复query：自己泊车...
2026-03-10 16:32:12,348 - INFO - 调用LLM泛化query：我要泊车
2026-03-10 16:32:12,348 - INFO - LLM泛化成功，生成1个有效变体（过滤后）
2026-03-10 16:32:12,348 - INFO -   跳过重复query：帮我泊车...
2026-03-10 16:32:12,348 - INFO - 调用LLM泛化query：把车泊进去
2026-03-10 16:32:12,348 - INFO - LLM泛化成功，生成1个有效变体（过滤后）
2026-03-10 16:32:12,348 - INFO -   跳过重复query：泊进去吧...
2026-03-10 16:32:12,348 - INFO - 调用LLM泛化query：泊车
2026-03-10 16:32:12,348 - INFO - LLM泛化成功，生成1个有效变体（过滤后）
2026-03-10 16:32:12,348 - INFO -   跳过重复query：帮我泊车...
2026-03-10 16:32:12,348 - INFO - 调用LLM泛化query：自己泊车吧
2026-03-10 16:32:12,348 - INFO - LLM泛化成功，生成1个有效变体（过滤后）
2026-03-10 16:32:12,348 - INFO -   跳过重复query：自己泊车...
2026-03-10 16:32:12,348 - INFO - 调用LLM泛化query：我要泊车
2026-03-10 16:32:12,348 - INFO - LLM泛化成功，生成1个有效变体（过滤后）
2026-03-10 16:32:12,348 - INFO -   跳过重复query：帮我泊车...
2026-03-10 16:32:12,348 - INFO - 调用LLM泛化query：把车泊进去
2026-03-10 16:32:12,348 - INFO - LLM泛化成功，生成1个有效变体（过滤后）
2026-03-10 16:32:12,349 - INFO -   跳过重复query：泊进去吧...
2026-03-10 16:32:12,349 - INFO - 调用LLM泛化query：泊车
2026-03-10 16:32:12,349 - INFO - LLM泛化成功，生成1个有效变体（过滤后）
2026-03-10 16:32:12,349 - INFO -   跳过重复query：帮我泊车...
2026-03-10 16:32:12,349 - INFO - 调用LLM泛化query：自己泊车吧
2026-03-10 16:32:12,349 - INFO - LLM泛化成功，生成1个有效变体（过滤后）
2026-03-10 16:32:12,349 - INFO -   跳过重复query：自己泊车...
2026-03-10 16:32:12,349 - INFO - 调用LLM泛化query：我要泊车
2026-03-10 16:32:12,349 - INFO - LLM泛化成功，生成1个有效变体（过滤后）
2026-03-10 16:32:12,349 - INFO -   跳过重复query：帮我泊车...
2026-03-10 16:32:12,349 - INFO - 调用LLM泛化query：把车泊进去
2026-03-10 16:32:12,349 - INFO - LLM泛化成功，生成1个有效变体（过滤后）
2026-03-10 16:32:12,349 - INFO -   跳过重复query：泊进去吧...
2026-03-10 16:32:12,349 - INFO - 调用LLM泛化query：泊车
2026-03-10 16:32:12,349 - INFO - LLM泛化成功，生成1个有效变体（过滤后）
2026-03-10 16:32:12,349 - INFO -   跳过重复query：帮我泊车...
2026-03-10 16:32:12,349 - INFO - 调用LLM泛化query：自己泊车吧
2026-03-10 16:32:12,349 - INFO - LLM泛化成功，生成1个有效变体（过滤后）
2026-03-10 16:32:12,349 - INFO -   跳过重复query：自己泊车...
2026-03-10 16:32:12,349 - INFO - 调用LLM泛化query：我要泊车
2026-03-10 16:32:12,349 - INFO - LLM泛化成功，生成1个有效变体（过滤后）
2026-03-10 16:32:12,350 - INFO -   跳过重复query：帮我泊车...
2026-03-10 16:32:12,350 - INFO - 调用LLM泛化query：把车泊进去
2026-03-10 16:32:12,350 - INFO - LLM泛化成功，生成1个有效变体（过滤后）
2026-03-10 16:32:12,350 - INFO -   跳过重复query：泊进去吧...
2026-03-10 16:32:12,350 - INFO - 调用LLM泛化query：泊车
2026-03-10 16:32:12,350 - INFO - LLM泛化成功，生成1个有效变体（过滤后）
2026-03-10 16:32:12,350 - INFO -   跳过重复query：帮我泊车...
2026-03-10 16:32:12,350 - INFO - 调用LLM泛化query：自己泊车吧
2026-03-10 16:32:12,350 - INFO - LLM泛化成功，生成1个有效变体（过滤后）
2026-03-10 16:32:12,351 - INFO -   跳过重复query：自己泊车...
2026-03-10 16:32:12,351 - INFO - 调用LLM泛化query：我要泊车
2026-03-10 16:32:12,351 - INFO - LLM泛化成功，生成1个有效变体（过滤后）
2026-03-10 16:32:12,351 - INFO -   跳过重复query：帮我泊车...
2026-03-10 16:32:12,351 - INFO - 调用LLM泛化query：把车泊进去
2026-03-10 16:32:12,352 - INFO - LLM泛化成功，生成1个有效变体（过滤后）
2026-03-10 16:32:12,352 - INFO -   跳过重复query：泊进去吧...
2026-03-10 16:32:12,352 - INFO - 调用LLM泛化query：泊车
2026-03-10 16:32:12,352 - INFO - LLM泛化成功，生成1个有效变体（过滤后）
2026-03-10 16:32:12,352 - INFO -   跳过重复query：帮我泊车...
2026-03-10 16:32:12,353 - INFO - 调用LLM泛化query：自己泊车吧
2026-03-10 16:32:12,353 - INFO - LLM泛化成功，生成1个有效变体（过滤后）
2026-03-10 16:32:12,353 - INFO -   跳过重复query：自己泊车...
2026-03-10 16:32:12,353 - INFO - 调用LLM泛化query：我要泊车
2026-03-10 16:32:12,353 - INFO - LLM泛化成功，生成1个有效变体（过滤后）
2026-03-10 16:32:12,353 - INFO -   跳过重复query：帮我泊车...
2026-03-10 16:32:12,353 - INFO - 调用LLM泛化query：把车泊进去
2026-03-10 16:32:12,353 - INFO - LLM泛化成功，生成1个有效变体（过滤后）
2026-03-10 16:32:12,353 - INFO -   跳过重复query：泊进去吧...
2026-03-10 16:32:12,353 - INFO - 调用LLM泛化query：泊车
2026-03-10 16:32:12,353 - INFO - LLM泛化成功，生成1个有效变体（过滤后）
2026-03-10 16:32:12,353 - INFO -   跳过重复query：帮我泊车...
2026-03-10 16:32:12,353 - INFO - 调用LLM泛化query：自己泊车吧
2026-03-10 16:32:12,353 - INFO - LLM泛化成功，生成1个有效变体（过滤后）
2026-03-10 16:32:12,353 - INFO -   跳过重复query：自己泊车...
2026-03-10 16:32:12,353 - INFO - 调用LLM泛化query：我要泊车
2026-03-10 16:32:12,353 - INFO - LLM泛化成功，生成1个有效变体（过滤后）
2026-03-10 16:32:12,353 - INFO -   跳过重复query：帮我泊车...
2026-03-10 16:32:12,353 - INFO - 调用LLM泛化query：把车泊进去
2026-03-10 16:32:12,353 - INFO - LLM泛化成功，生成1个有效变体（过滤后）
2026-03-10 16:32:12,353 - INFO -   跳过重复query：泊进去吧...
2026-03-10 16:32:12,353 - INFO - 调用LLM泛化query：泊车
2026-03-10 16:32:12,353 - INFO - LLM泛化成功，生成1个有效变体（过滤后）
2026-03-10 16:32:12,353 - INFO -   跳过重复query：帮我泊车...
2026-03-10 16:32:12,353 - INFO - 调用LLM泛化query：自己泊车吧
2026-03-10 16:32:12,353 - INFO - LLM泛化成功，生成1个有效变体（过滤后）
2026-03-10 16:32:12,353 - INFO -   跳过重复query：自己泊车...
2026-03-10 16:32:12,353 - INFO - 调用LLM泛化query：我要泊车
2026-03-10 16:32:12,353 - INFO - LLM泛化成功，生成1个有效变体（过滤后）
2026-03-10 16:32:12,353 - INFO -   跳过重复query：帮我泊车...
2026-03-10 16:32:12,353 - INFO - 调用LLM泛化query：把车泊进去
2026-03-10 16:32:12,353 - INFO - LLM泛化成功，生成1个有效变体（过滤后）
2026-03-10 16:32:12,353 - INFO -   跳过重复query：泊进去吧...
2026-03-10 16:32:12,353 - INFO - 调用LLM泛化query：泊车
2026-03-10 16:32:12,353 - INFO - LLM泛化成功，生成1个有效变体（过滤后）
2026-03-10 16:32:12,353 - INFO -   跳过重复query：帮我泊车...
2026-03-10 16:32:12,353 - INFO - 调用LLM泛化query：自己泊车吧
2026-03-10 16:32:12,354 - INFO - LLM泛化成功，生成1个有效变体（过滤后）
2026-03-10 16:32:12,354 - INFO -   跳过重复query：自己泊车...
2026-03-10 16:32:12,354 - INFO - 调用LLM泛化query：我要泊车
2026-03-10 16:32:12,354 - INFO - LLM泛化成功，生成1个有效变体（过滤后）
2026-03-10 16:32:12,354 - INFO -   跳过重复query：帮我泊车...
2026-03-10 16:32:12,354 - INFO - 调用LLM泛化query：把车泊进去
2026-03-10 16:32:12,354 - INFO - LLM泛化成功，生成1个有效变体（过滤后）
2026-03-10 16:32:12,354 - INFO -   跳过重复query：泊进去吧...
2026-03-10 16:32:12,354 - INFO - 调用LLM泛化query：泊车
2026-03-10 16:32:12,354 - INFO - LLM泛化成功，生成1个有效变体（过滤后）
2026-03-10 16:32:12,354 - INFO -   跳过重复query：帮我泊车...
2026-03-10 16:32:12,354 - INFO - 调用LLM泛化query：自己泊车吧
2026-03-10 16:32:12,354 - INFO - LLM泛化成功，生成1个有效变体（过滤后）
2026-03-10 16:32:12,354 - INFO -   跳过重复query：自己泊车...
2026-03-10 16:32:12,354 - INFO - 调用LLM泛化query：我要泊车
2026-03-10 16:32:12,354 - INFO - LLM泛化成功，生成1个有效变体（过滤后）
2026-03-10 16:32:12,354 - INFO -   跳过重复query：帮我泊车...
2026-03-10 16:32:12,354 - INFO - 调用LLM泛化query：把车泊进去
2026-03-10 16:32:12,354 - INFO - LLM泛化成功，生成1个有效变体（过滤后）
2026-03-10 16:32:12,354 - INFO -   跳过重复query：泊进去吧...
2026-03-10 16:32:12,354 - INFO - 调用LLM泛化query：泊车
2026-03-10 16:32:12,354 - INFO - LLM泛化成功，生成1个有效变体（过滤后）
2026-03-10 16:32:12,354 - INFO -   跳过重复query：帮我泊车...
2026-03-10 16:32:12,354 - INFO - 调用LLM泛化query：自己泊车吧
2026-03-10 16:32:12,354 - INFO - LLM泛化成功，生成1个有效变体（过滤后）
2026-03-10 16:32:12,354 - INFO -   跳过重复query：自己泊车...
2026-03-10 16:32:12,354 - INFO - 调用LLM泛化query：我要泊车
2026-03-10 16:32:12,354 - INFO - LLM泛化成功，生成1个有效变体（过滤后）
2026-03-10 16:32:12,354 - INFO -   跳过重复query：帮我泊车...
2026-03-10 16:32:12,354 - INFO - 调用LLM泛化query：把车泊进去
2026-03-10 16:32:12,354 - INFO - LLM泛化成功，生成1个有效变体（过滤后）
2026-03-10 16:32:12,354 - INFO -   跳过重复query：泊进去吧...
2026-03-10 16:32:12,354 - INFO - 调用LLM泛化query：泊车
2026-03-10 16:32:12,354 - INFO - LLM泛化成功，生成1个有效变体（过滤后）
2026-03-10 16:32:12,354 - INFO -   跳过重复query：帮我泊车...
2026-03-10 16:32:12,354 - INFO - 调用LLM泛化query：自己泊车吧
2026-03-10 16:32:12,354 - INFO - LLM泛化成功，生成1个有效变体（过滤后）
2026-03-10 16:32:12,354 - INFO -   跳过重复query：自己泊车...
2026-03-10 16:32:12,354 - INFO - 调用LLM泛化query：我要泊车
2026-03-10 16:32:12,354 - INFO - LLM泛化成功，生成1个有效变体（过滤后）
2026-03-10 16:32:12,354 - INFO -   跳过重复query：帮我泊车...
2026-03-10 16:32:12,354 - INFO - 调用LLM泛化query：把车泊进去
2026-03-10 16:32:12,354 - INFO - LLM泛化成功，生成1个有效变体（过滤后）
2026-03-10 16:32:12,355 - INFO -   跳过重复query：泊进去吧...
2026-03-10 16:32:12,355 - INFO - 调用LLM泛化query：泊车
2026-03-10 16:32:12,355 - INFO - LLM泛化成功，生成1个有效变体（过滤后）
2026-03-10 16:32:12,355 - INFO -   跳过重复query：帮我泊车...
2026-03-10 16:32:12,355 - INFO - 调用LLM泛化query：自己泊车吧
2026-03-10 16:32:12,355 - INFO - LLM泛化成功，生成1个有效变体（过滤后）
2026-03-10 16:32:12,355 - INFO -   跳过重复query：自己泊车...
2026-03-10 16:32:12,355 - INFO - 调用LLM泛化query：我要泊车
2026-03-10 16:32:12,355 - INFO - LLM泛化成功，生成1个有效变体（过滤后）
2026-03-10 16:32:12,355 - INFO -   跳过重复query：帮我泊车...
2026-03-10 16:32:12,355 - INFO - 调用LLM泛化query：把车泊进去
2026-03-10 16:32:12,355 - INFO - LLM泛化成功，生成1个有效变体（过滤后）
2026-03-10 16:32:12,355 - INFO -   跳过重复query：泊进去吧...
2026-03-10 16:32:12,355 - INFO - 调用LLM泛化query：泊车
2026-03-10 16:32:12,355 - INFO - LLM泛化成功，生成1个有效变体（过滤后）
2026-03-10 16:32:12,355 - INFO -   跳过重复query：帮我泊车...
2026-03-10 16:32:12,355 - INFO - 调用LLM泛化query：自己泊车吧
2026-03-10 16:32:12,355 - INFO - LLM泛化成功，生成1个有效变体（过滤后）
2026-03-10 16:32:12,355 - INFO -   跳过重复query：自己泊车...
2026-03-10 16:32:12,355 - INFO - 调用LLM泛化query：我要泊车
2026-03-10 16:32:12,355 - INFO - LLM泛化成功，生成1个有效变体（过滤后）
2026-03-10 16:32:12,355 - INFO -   跳过重复query：帮我泊车...
2026-03-10 16:32:12,355 - INFO - 调用LLM泛化query：把车泊进去
2026-03-10 16:32:12,355 - INFO - LLM泛化成功，生成1个有效变体（过滤后）
2026-03-10 16:32:12,355 - INFO -   跳过重复query：泊进去吧...
2026-03-10 16:32:12,355 - INFO - 调用LLM泛化query：泊车
2026-03-10 16:32:12,355 - INFO - LLM泛化成功，生成1个有效变体（过滤后）
2026-03-10 16:32:12,355 - INFO -   跳过重复query：帮我泊车...
2026-03-10 16:32:12,355 - INFO - 调用LLM泛化query：自己泊车吧
2026-03-10 16:32:12,355 - INFO - LLM泛化成功，生成1个有效变体（过滤后）
2026-03-10 16:32:12,355 - INFO -   跳过重复query：自己泊车...
2026-03-10 16:32:12,355 - INFO - 调用LLM泛化query：我要泊车
2026-03-10 16:32:12,355 - INFO - LLM泛化成功，生成1个有效变体（过滤后）
2026-03-10 16:32:12,355 - INFO -   跳过重复query：帮我泊车...
2026-03-10 16:32:12,355 - INFO - 调用LLM泛化query：把车泊进去
2026-03-10 16:32:12,355 - INFO - LLM泛化成功，生成1个有效变体（过滤后）
2026-03-10 16:32:12,355 - INFO -   跳过重复query：泊进去吧...
2026-03-10 16:32:12,355 - INFO - 调用LLM泛化query：泊车
2026-03-10 16:32:12,355 - INFO - LLM泛化成功，生成1个有效变体（过滤后）
2026-03-10 16:32:12,356 - INFO -   跳过重复query：帮我泊车...
2026-03-10 16:32:12,356 - INFO - 调用LLM泛化query：自己泊车吧
2026-03-10 16:32:12,356 - INFO - LLM泛化成功，生成1个有效变体（过滤后）
2026-03-10 16:32:12,356 - INFO -   跳过重复query：自己泊车...
2026-03-10 16:32:12,356 - INFO - 调用LLM泛化query：我要泊车
2026-03-10 16:32:12,356 - INFO - LLM泛化成功，生成1个有效变体（过滤后）
2026-03-10 16:32:12,356 - INFO -   跳过重复query：帮我泊车...
2026-03-10 16:32:12,356 - INFO - 调用LLM泛化query：把车泊进去
2026-03-10 16:32:12,356 - INFO - LLM泛化成功，生成1个有效变体（过滤后）
2026-03-10 16:32:12,356 - INFO -   跳过重复query：泊进去吧...
2026-03-10 16:32:12,356 - INFO - 调用LLM泛化query：泊车
2026-03-10 16:32:12,356 - INFO - LLM泛化成功，生成1个有效变体（过滤后）
2026-03-10 16:32:12,356 - INFO -   跳过重复query：帮我泊车...
2026-03-10 16:32:12,356 - INFO - 调用LLM泛化query：自己泊车吧
2026-03-10 16:32:12,356 - INFO - LLM泛化成功，生成1个有效变体（过滤后）
2026-03-10 16:32:12,356 - INFO -   跳过重复query：自己泊车...
2026-03-10 16:32:12,356 - INFO - 调用LLM泛化query：我要泊车
2026-03-10 16:32:12,356 - INFO - LLM泛化成功，生成1个有效变体（过滤后）
2026-03-10 16:32:12,356 - INFO -   跳过重复query：帮我泊车...
2026-03-10 16:32:12,356 - INFO - 调用LLM泛化query：把车泊进去
2026-03-10 16:32:12,356 - INFO - LLM泛化成功，生成1个有效变体（过滤后）
2026-03-10 16:32:12,356 - INFO -   跳过重复query：泊进去吧...
2026-03-10 16:32:12,356 - INFO - 调用LLM泛化query：泊车
2026-03-10 16:32:12,356 - INFO - LLM泛化成功，生成1个有效变体（过滤后）
2026-03-10 16:32:12,356 - INFO -   跳过重复query：帮我泊车...
2026-03-10 16:32:12,356 - INFO - 调用LLM泛化query：自己泊车吧
2026-03-10 16:32:12,356 - INFO - LLM泛化成功，生成1个有效变体（过滤后）
2026-03-10 16:32:12,356 - INFO -   跳过重复query：自己泊车...
2026-03-10 16:32:12,356 - INFO - 调用LLM泛化query：我要泊车
2026-03-10 16:32:12,356 - INFO - LLM泛化成功，生成1个有效变体（过滤后）
2026-03-10 16:32:12,356 - INFO -   跳过重复query：帮我泊车...
2026-03-10 16:32:12,356 - INFO - 调用LLM泛化query：把车泊进去
2026-03-10 16:32:12,356 - INFO - LLM泛化成功，生成1个有效变体（过滤后）
2026-03-10 16:32:12,356 - INFO -   跳过重复query：泊进去吧...
2026-03-10 16:32:12,356 - INFO - 调用LLM泛化query：泊车
2026-03-10 16:32:12,356 - INFO - LLM泛化成功，生成1个有效变体（过滤后）
2026-03-10 16:32:12,356 - INFO -   跳过重复query：帮我泊车...
2026-03-10 16:32:12,356 - INFO - 调用LLM泛化query：自己泊车吧
2026-03-10 16:32:12,356 - INFO - LLM泛化成功，生成1个有效变体（过滤后）
2026-03-10 16:32:12,356 - INFO -   跳过重复query：自己泊车...
2026-03-10 16:32:12,356 - INFO - 调用LLM泛化query：我要泊车
2026-03-10 16:32:12,357 - INFO - LLM泛化成功，生成1个有效变体（过滤后）
2026-03-10 16:32:12,357 - INFO -   跳过重复query：帮我泊车...
2026-03-10 16:32:12,357 - INFO - 调用LLM泛化query：把车泊进去
2026-03-10 16:32:12,357 - INFO - LLM泛化成功，生成1个有效变体（过滤后）
2026-03-10 16:32:12,357 - INFO -   跳过重复query：泊进去吧...
2026-03-10 16:32:12,357 - INFO - 调用LLM泛化query：泊车
2026-03-10 16:32:12,357 - INFO - LLM泛化成功，生成1个有效变体（过滤后）
2026-03-10 16:32:12,357 - INFO -   跳过重复query：帮我泊车...
2026-03-10 16:32:12,357 - INFO - 调用LLM泛化query：自己泊车吧
2026-03-10 16:32:12,357 - INFO - LLM泛化成功，生成1个有效变体（过滤后）
2026-03-10 16:32:12,357 - INFO -   跳过重复query：自己泊车...
2026-03-10 16:32:12,357 - INFO - 调用LLM泛化query：我要泊车
2026-03-10 16:32:12,357 - INFO - LLM泛化成功，生成1个有效变体（过滤后）
2026-03-10 16:32:12,357 - INFO -   跳过重复query：帮我泊车...
2026-03-10 16:32:12,357 - INFO - 调用LLM泛化query：把车泊进去
2026-03-10 16:32:12,357 - INFO - LLM泛化成功，生成1个有效变体（过滤后）
2026-03-10 16:32:12,357 - INFO -   跳过重复query：泊进去吧...
2026-03-10 16:32:12,357 - INFO - 调用LLM泛化query：泊车
2026-03-10 16:32:12,357 - INFO - LLM泛化成功，生成1个有效变体（过滤后）
2026-03-10 16:32:12,357 - INFO -   跳过重复query：帮我泊车...
2026-03-10 16:32:12,357 - INFO - 调用LLM泛化query：自己泊车吧
2026-03-10 16:32:12,357 - INFO - LLM泛化成功，生成1个有效变体（过滤后）
2026-03-10 16:32:12,357 - INFO -   跳过重复query：自己泊车...
2026-03-10 16:32:12,357 - INFO - 调用LLM泛化query：我要泊车
2026-03-10 16:32:12,357 - INFO - LLM泛化成功，生成1个有效变体（过滤后）
2026-03-10 16:32:12,357 - INFO -   跳过重复query：帮我泊车...
2026-03-10 16:32:12,357 - INFO - 调用LLM泛化query：把车泊进去
2026-03-10 16:32:12,357 - INFO - LLM泛化成功，生成1个有效变体（过滤后）
2026-03-10 16:32:12,357 - INFO -   跳过重复query：泊进去吧...
2026-03-10 16:32:12,357 - INFO - 调用LLM泛化query：泊车
2026-03-10 16:32:12,357 - INFO - LLM泛化成功，生成1个有效变体（过滤后）
2026-03-10 16:32:12,357 - INFO -   跳过重复query：帮我泊车...
2026-03-10 16:32:12,357 - INFO - 调用LLM泛化query：自己泊车吧
2026-03-10 16:32:12,357 - INFO - LLM泛化成功，生成1个有效变体（过滤后）
2026-03-10 16:32:12,357 - INFO -   跳过重复query：自己泊车...
2026-03-10 16:32:12,357 - INFO - 调用LLM泛化query：我要泊车
2026-03-10 16:32:12,357 - INFO - LLM泛化成功，生成1个有效变体（过滤后）
2026-03-10 16:32:12,357 - INFO -   跳过重复query：帮我泊车...
2026-03-10 16:32:12,357 - INFO - 调用LLM泛化query：把车泊进去
2026-03-10 16:32:12,357 - INFO - LLM泛化成功，生成1个有效变体（过滤后）
2026-03-10 16:32:12,357 - INFO -   跳过重复query：泊进去吧...
2026-03-10 16:32:12,358 - INFO - 调用LLM泛化query：泊车
2026-03-10 16:32:12,358 - INFO - LLM泛化成功，生成1个有效变体（过滤后）
2026-03-10 16:32:12,358 - INFO -   跳过重复query：帮我泊车...
2026-03-10 16:32:12,358 - INFO - 调用LLM泛化query：自己泊车吧
2026-03-10 16:32:12,358 - INFO - LLM泛化成功，生成1个有效变体（过滤后）
2026-03-10 16:32:12,358 - INFO -   跳过重复query：自己泊车...
2026-03-10 16:32:12,358 - INFO - 调用LLM泛化query：我要泊车
2026-03-10 16:32:12,358 - INFO - LLM泛化成功，生成1个有效变体（过滤后）
2026-03-10 16:32:12,358 - INFO -   跳过重复query：帮我泊车...
2026-03-10 16:32:12,358 - INFO - 调用LLM泛化query：把车泊进去
2026-03-10 16:32:12,358 - INFO - LLM泛化成功，生成1个有效变体（过滤后）
2026-03-10 16:32:12,358 - INFO -   跳过重复query：泊进去吧...
2026-03-10 16:32:12,358 - INFO - 调用LLM泛化query：泊车
2026-03-10 16:32:12,358 - INFO - LLM泛化成功，生成1个有效变体（过滤后）
2026-03-10 16:32:12,358 - INFO -   跳过重复query：帮我泊车...
2026-03-10 16:32:12,358 - INFO - 调用LLM泛化query：自己泊车吧
2026-03-10 16:32:12,358 - INFO - LLM泛化成功，生成1个有效变体（过滤后）
2026-03-10 16:32:12,358 - INFO -   跳过重复query：自己泊车...
2026-03-10 16:32:12,358 - INFO - 调用LLM泛化query：我要泊车
2026-03-10 16:32:12,358 - INFO - LLM泛化成功，生成1个有效变体（过滤后）
2026-03-10 16:32:12,358 - INFO -   跳过重复query：帮我泊车...
2026-03-10 16:32:12,358 - INFO - 调用LLM泛化query：把车泊进去
2026-03-10 16:32:12,358 - INFO - LLM泛化成功，生成1个有效变体（过滤后）
2026-03-10 16:32:12,358 - INFO -   跳过重复query：泊进去吧...
2026-03-10 16:32:12,358 - INFO - 调用LLM泛化query：泊车
2026-03-10 16:32:12,358 - INFO - LLM泛化成功，生成1个有效变体（过滤后）
2026-03-10 16:32:12,358 - INFO -   跳过重复query：帮我泊车...
2026-03-10 16:32:12,358 - INFO - 调用LLM泛化query：自己泊车吧
2026-03-10 16:32:12,358 - INFO - LLM泛化成功，生成1个有效变体（过滤后）
2026-03-10 16:32:12,358 - INFO -   跳过重复query：自己泊车...
2026-03-10 16:32:12,358 - INFO - 调用LLM泛化query：我要泊车
2026-03-10 16:32:12,358 - INFO - LLM泛化成功，生成1个有效变体（过滤后）
2026-03-10 16:32:12,358 - INFO -   跳过重复query：帮我泊车...
2026-03-10 16:32:12,358 - INFO - 调用LLM泛化query：把车泊进去
2026-03-10 16:32:12,358 - INFO - LLM泛化成功，生成1个有效变体（过滤后）
2026-03-10 16:32:12,358 - INFO -   跳过重复query：泊进去吧...
2026-03-10 16:32:12,358 - INFO - 调用LLM泛化query：泊车
2026-03-10 16:32:12,358 - INFO - LLM泛化成功，生成1个有效变体（过滤后）
2026-03-10 16:32:12,358 - INFO -   跳过重复query：帮我泊车...
2026-03-10 16:32:12,359 - INFO - 调用LLM泛化query：自己泊车吧
2026-03-10 16:32:12,359 - INFO - LLM泛化成功，生成1个有效变体（过滤后）
2026-03-10 16:32:12,359 - INFO -   跳过重复query：自己泊车...
2026-03-10 16:32:12,359 - INFO - 调用LLM泛化query：我要泊车
2026-03-10 16:32:12,359 - INFO - LLM泛化成功，生成1个有效变体（过滤后）
2026-03-10 16:32:12,359 - INFO -   跳过重复query：帮我泊车...
2026-03-10 16:32:12,359 - INFO - 调用LLM泛化query：把车泊进去
2026-03-10 16:32:12,359 - INFO - LLM泛化成功，生成1个有效变体（过滤后）
2026-03-10 16:32:12,359 - INFO -   跳过重复query：泊进去吧...
2026-03-10 16:32:12,359 - INFO - 调用LLM泛化query：泊车
2026-03-10 16:32:12,359 - INFO - LLM泛化成功，生成1个有效变体（过滤后）
2026-03-10 16:32:12,359 - INFO -   跳过重复query：帮我泊车...
2026-03-10 16:32:12,359 - INFO - 调用LLM泛化query：自己泊车吧
2026-03-10 16:32:12,359 - INFO - LLM泛化成功，生成1个有效变体（过滤后）
2026-03-10 16:32:12,359 - INFO -   跳过重复query：自己泊车...
2026-03-10 16:32:12,359 - INFO - 调用LLM泛化query：我要泊车
2026-03-10 16:32:12,359 - INFO - LLM泛化成功，生成1个有效变体（过滤后）
2026-03-10 16:32:12,359 - INFO -   跳过重复query：帮我泊车...
2026-03-10 16:32:12,359 - INFO - 调用LLM泛化query：把车泊进去
2026-03-10 16:32:12,359 - INFO - LLM泛化成功，生成1个有效变体（过滤后）
2026-03-10 16:32:12,359 - INFO -   跳过重复query：泊进去吧...
2026-03-10 16:32:12,359 - INFO - 调用LLM泛化query：泊车
2026-03-10 16:32:12,359 - INFO - LLM泛化成功，生成1个有效变体（过滤后）
2026-03-10 16:32:12,359 - INFO -   跳过重复query：帮我泊车...
2026-03-10 16:32:12,359 - INFO - 调用LLM泛化query：自己泊车吧
2026-03-10 16:32:12,359 - INFO - LLM泛化成功，生成1个有效变体（过滤后）
2026-03-10 16:32:12,359 - INFO -   跳过重复query：自己泊车...
2026-03-10 16:32:12,359 - INFO - 调用LLM泛化query：我要泊车
2026-03-10 16:32:12,359 - INFO - LLM泛化成功，生成1个有效变体（过滤后）
2026-03-10 16:32:12,359 - INFO -   跳过重复query：帮我泊车...
2026-03-10 16:32:12,359 - INFO - 调用LLM泛化query：把车泊进去
2026-03-10 16:32:12,359 - INFO - LLM泛化成功，生成1个有效变体（过滤后）
2026-03-10 16:32:12,359 - INFO -   跳过重复query：泊进去吧...
2026-03-10 16:32:12,359 - INFO - 调用LLM泛化query：泊车
2026-03-10 16:32:12,359 - INFO - LLM泛化成功，生成1个有效变体（过滤后）
2026-03-10 16:32:12,359 - INFO -   跳过重复query：帮我泊车...
2026-03-10 16:32:12,359 - INFO - 调用LLM泛化query：自己泊车吧
2026-03-10 16:32:12,359 - INFO - LLM泛化成功，生成1个有效变体（过滤后）
2026-03-10 16:32:12,359 - INFO -   跳过重复query：自己泊车...
2026-03-10 16:32:12,360 - INFO - 调用LLM泛化query：我要泊车
2026-03-10 16:32:12,360 - INFO - LLM泛化成功，生成1个有效变体（过滤后）
2026-03-10 16:32:12,360 - INFO -   跳过重复query：帮我泊车...
2026-03-10 16:32:12,360 - INFO - 调用LLM泛化query：把车泊进去
2026-03-10 16:32:12,360 - INFO - LLM泛化成功，生成1个有效变体（过滤后）
2026-03-10 16:32:12,360 - INFO -   跳过重复query：泊进去吧...
2026-03-10 16:32:12,360 - INFO - 调用LLM泛化query：泊车
2026-03-10 16:32:12,360 - INFO - LLM泛化成功，生成1个有效变体（过滤后）
2026-03-10 16:32:12,360 - INFO -   跳过重复query：帮我泊车...
2026-03-10 16:32:12,360 - INFO - 调用LLM泛化query：自己泊车吧
2026-03-10 16:32:12,360 - INFO - LLM泛化成功，生成1个有效变体（过滤后）
2026-03-10 16:32:12,360 - INFO -   跳过重复query：自己泊车...
2026-03-10 16:32:12,360 - INFO - 调用LLM泛化query：我要泊车
2026-03-10 16:32:12,360 - INFO - LLM泛化成功，生成1个有效变体（过滤后）
2026-03-10 16:32:12,360 - INFO -   跳过重复query：帮我泊车...
2026-03-10 16:32:12,360 - INFO - 调用LLM泛化query：把车泊进去
2026-03-10 16:32:12,360 - INFO - LLM泛化成功，生成1个有效变体（过滤后）
2026-03-10 16:32:12,360 - INFO -   跳过重复query：泊进去吧...
2026-03-10 16:32:12,360 - INFO - 调用LLM泛化query：泊车
2026-03-10 16:32:12,360 - INFO - LLM泛化成功，生成1个有效变体（过滤后）
2026-03-10 16:32:12,360 - INFO -   跳过重复query：帮我泊车...
2026-03-10 16:32:12,360 - INFO - 调用LLM泛化query：自己泊车吧
2026-03-10 16:32:12,360 - INFO - LLM泛化成功，生成1个有效变体（过滤后）
2026-03-10 16:32:12,360 - INFO -   跳过重复query：自己泊车...
2026-03-10 16:32:12,360 - INFO - 调用LLM泛化query：我要泊车
2026-03-10 16:32:12,360 - INFO - LLM泛化成功，生成1个有效变体（过滤后）
2026-03-10 16:32:12,360 - INFO -   跳过重复query：帮我泊车...
2026-03-10 16:32:12,360 - INFO - 调用LLM泛化query：把车泊进去
2026-03-10 16:32:12,360 - INFO - LLM泛化成功，生成1个有效变体（过滤后）
2026-03-10 16:32:12,360 - INFO -   跳过重复query：泊进去吧...
2026-03-10 16:32:12,360 - INFO - 调用LLM泛化query：泊车
2026-03-10 16:32:12,360 - INFO - LLM泛化成功，生成1个有效变体（过滤后）
2026-03-10 16:32:12,360 - INFO -   跳过重复query：帮我泊车...
2026-03-10 16:32:12,360 - INFO - 调用LLM泛化query：自己泊车吧
2026-03-10 16:32:12,360 - INFO - LLM泛化成功，生成1个有效变体（过滤后）
2026-03-10 16:32:12,360 - INFO -   跳过重复query：自己泊车...
2026-03-10 16:32:12,360 - INFO - 调用LLM泛化query：我要泊车
2026-03-10 16:32:12,360 - INFO - LLM泛化成功，生成1个有效变体（过滤后）
2026-03-10 16:32:12,360 - INFO -   跳过重复query：帮我泊车...
2026-03-10 16:32:12,360 - INFO - 调用LLM泛化query：把车泊进去
2026-03-10 16:32:12,360 - INFO - LLM泛化成功，生成1个有效变体（过滤后）
2026-03-10 16:32:12,361 - INFO -   跳过重复query：泊进去吧...
2026-03-10 16:32:12,361 - INFO - 调用LLM泛化query：泊车
2026-03-10 16:32:12,361 - INFO - LLM泛化成功，生成1个有效变体（过滤后）
2026-03-10 16:32:12,361 - INFO -   跳过重复query：帮我泊车...
2026-03-10 16:32:12,361 - INFO - 调用LLM泛化query：自己泊车吧
2026-03-10 16:32:12,361 - INFO - LLM泛化成功，生成1个有效变体（过滤后）
2026-03-10 16:32:12,361 - INFO -   跳过重复query：自己泊车...
2026-03-10 16:32:12,361 - INFO - 调用LLM泛化query：我要泊车
2026-03-10 16:32:12,361 - INFO - LLM泛化成功，生成1个有效变体（过滤后）
2026-03-10 16:32:12,361 - INFO -   跳过重复query：帮我泊车...
2026-03-10 16:32:12,361 - INFO - 调用LLM泛化query：把车泊进去
2026-03-10 16:32:12,361 - INFO - LLM泛化成功，生成1个有效变体（过滤后）
2026-03-10 16:32:12,361 - INFO -   跳过重复query：泊进去吧...
2026-03-10 16:32:12,361 - INFO - 调用LLM泛化query：泊车
2026-03-10 16:32:12,361 - INFO - LLM泛化成功，生成1个有效变体（过滤后）
2026-03-10 16:32:12,361 - INFO -   跳过重复query：帮我泊车...
2026-03-10 16:32:12,361 - INFO - 调用LLM泛化query：自己泊车吧
2026-03-10 16:32:12,361 - INFO - LLM泛化成功，生成1个有效变体（过滤后）
2026-03-10 16:32:12,361 - INFO -   跳过重复query：自己泊车...
2026-03-10 16:32:12,361 - INFO - 调用LLM泛化query：我要泊车
2026-03-10 16:32:12,361 - INFO - LLM泛化成功，生成1个有效变体（过滤后）
2026-03-10 16:32:12,361 - INFO -   跳过重复query：帮我泊车...
2026-03-10 16:32:12,361 - INFO - 调用LLM泛化query：把车泊进去
2026-03-10 16:32:12,361 - INFO - LLM泛化成功，生成1个有效变体（过滤后）
2026-03-10 16:32:12,361 - INFO -   跳过重复query：泊进去吧...
2026-03-10 16:32:12,361 - INFO - 调用LLM泛化query：泊车
2026-03-10 16:32:12,361 - INFO - LLM泛化成功，生成1个有效变体（过滤后）
2026-03-10 16:32:12,361 - INFO -   跳过重复query：帮我泊车...
2026-03-10 16:32:12,361 - INFO - 调用LLM泛化query：自己泊车吧
2026-03-10 16:32:12,361 - INFO - LLM泛化成功，生成1个有效变体（过滤后）
2026-03-10 16:32:12,361 - INFO -   跳过重复query：自己泊车...
2026-03-10 16:32:12,361 - INFO - 调用LLM泛化query：我要泊车
2026-03-10 16:32:12,361 - INFO - LLM泛化成功，生成1个有效变体（过滤后）
2026-03-10 16:32:12,361 - INFO -   跳过重复query：帮我泊车...
2026-03-10 16:32:12,361 - INFO - 调用LLM泛化query：把车泊进去
2026-03-10 16:32:12,361 - INFO - LLM泛化成功，生成1个有效变体（过滤后）
2026-03-10 16:32:12,361 - INFO -   跳过重复query：泊进去吧...
2026-03-10 16:32:12,361 - INFO - 调用LLM泛化query：泊车
2026-03-10 16:32:12,362 - INFO - LLM泛化成功，生成1个有效变体（过滤后）
2026-03-10 16:32:12,362 - INFO -   跳过重复query：帮我泊车...
2026-03-10 16:32:12,362 - INFO - 调用LLM泛化query：自己泊车吧
2026-03-10 16:32:12,362 - INFO - LLM泛化成功，生成1个有效变体（过滤后）
2026-03-10 16:32:12,362 - INFO -   跳过重复query：自己泊车...
2026-03-10 16:32:12,362 - INFO - 调用LLM泛化query：我要泊车
2026-03-10 16:32:12,362 - INFO - LLM泛化成功，生成1个有效变体（过滤后）
2026-03-10 16:32:12,362 - INFO -   跳过重复query：帮我泊车...
2026-03-10 16:32:12,362 - INFO - 调用LLM泛化query：把车泊进去
2026-03-10 16:32:12,362 - INFO - LLM泛化成功，生成1个有效变体（过滤后）
2026-03-10 16:32:12,362 - INFO -   跳过重复query：泊进去吧...
2026-03-10 16:32:12,362 - INFO - 调用LLM泛化query：泊车
2026-03-10 16:32:12,362 - INFO - LLM泛化成功，生成1个有效变体（过滤后）
2026-03-10 16:32:12,362 - INFO -   跳过重复query：帮我泊车...
2026-03-10 16:32:12,362 - INFO - 调用LLM泛化query：自己泊车吧
2026-03-10 16:32:12,362 - INFO - LLM泛化成功，生成1个有效变体（过滤后）
2026-03-10 16:32:12,362 - INFO -   跳过重复query：自己泊车...
2026-03-10 16:32:12,362 - INFO - 调用LLM泛化query：我要泊车
2026-03-10 16:32:12,362 - INFO - LLM泛化成功，生成1个有效变体（过滤后）
2026-03-10 16:32:12,362 - INFO -   跳过重复query：帮我泊车...
2026-03-10 16:32:12,362 - INFO - 调用LLM泛化query：把车泊进去
2026-03-10 16:32:12,362 - INFO - LLM泛化成功，生成1个有效变体（过滤后）
2026-03-10 16:32:12,362 - INFO -   跳过重复query：泊进去吧...
2026-03-10 16:32:12,362 - INFO - 调用LLM泛化query：泊车
2026-03-10 16:32:12,362 - INFO - LLM泛化成功，生成1个有效变体（过滤后）
2026-03-10 16:32:12,362 - INFO -   跳过重复query：帮我泊车...
2026-03-10 16:32:12,362 - INFO - 调用LLM泛化query：自己泊车吧
2026-03-10 16:32:12,362 - INFO - LLM泛化成功，生成1个有效变体（过滤后）
2026-03-10 16:32:12,362 - INFO -   跳过重复query：自己泊车...
2026-03-10 16:32:12,362 - INFO - 调用LLM泛化query：我要泊车
2026-03-10 16:32:12,362 - INFO - LLM泛化成功，生成1个有效变体（过滤后）
2026-03-10 16:32:12,362 - INFO -   跳过重复query：帮我泊车...
2026-03-10 16:32:12,362 - INFO - 调用LLM泛化query：把车泊进去
2026-03-10 16:32:12,362 - INFO - LLM泛化成功，生成1个有效变体（过滤后）
2026-03-10 16:32:12,362 - INFO -   跳过重复query：泊进去吧...
2026-03-10 16:32:12,362 - INFO - 调用LLM泛化query：泊车
2026-03-10 16:32:12,362 - INFO - LLM泛化成功，生成1个有效变体（过滤后）
2026-03-10 16:32:12,362 - INFO -   跳过重复query：帮我泊车...
2026-03-10 16:32:12,363 - INFO - 调用LLM泛化query：自己泊车吧
2026-03-10 16:32:12,363 - INFO - LLM泛化成功，生成1个有效变体（过滤后）
2026-03-10 16:32:12,363 - INFO -   跳过重复query：自己泊车...
2026-03-10 16:32:12,363 - INFO - 调用LLM泛化query：我要泊车
2026-03-10 16:32:12,363 - INFO - LLM泛化成功，生成1个有效变体（过滤后）
2026-03-10 16:32:12,363 - INFO -   跳过重复query：帮我泊车...
2026-03-10 16:32:12,363 - INFO - 调用LLM泛化query：把车泊进去
2026-03-10 16:32:12,363 - INFO - LLM泛化成功，生成1个有效变体（过滤后）
2026-03-10 16:32:12,363 - INFO -   跳过重复query：泊进去吧...
2026-03-10 16:32:12,363 - INFO - 调用LLM泛化query：泊车
2026-03-10 16:32:12,363 - INFO - LLM泛化成功，生成1个有效变体（过滤后）
2026-03-10 16:32:12,363 - INFO -   跳过重复query：帮我泊车...
2026-03-10 16:32:12,363 - INFO - 调用LLM泛化query：自己泊车吧
2026-03-10 16:32:12,363 - INFO - LLM泛化成功，生成1个有效变体（过滤后）
2026-03-10 16:32:12,363 - INFO -   跳过重复query：自己泊车...
2026-03-10 16:32:12,363 - INFO - 调用LLM泛化query：我要泊车
2026-03-10 16:32:12,363 - INFO - LLM泛化成功，生成1个有效变体（过滤后）
2026-03-10 16:32:12,363 - INFO -   跳过重复query：帮我泊车...
2026-03-10 16:32:12,363 - INFO - 调用LLM泛化query：把车泊进去
2026-03-10 16:32:12,363 - INFO - LLM泛化成功，生成1个有效变体（过滤后）
2026-03-10 16:32:12,363 - INFO -   跳过重复query：泊进去吧...
2026-03-10 16:32:12,363 - INFO - 调用LLM泛化query：泊车
2026-03-10 16:32:12,363 - INFO - LLM泛化成功，生成1个有效变体（过滤后）
2026-03-10 16:32:12,363 - INFO -   跳过重复query：帮我泊车...
2026-03-10 16:32:12,363 - INFO - 调用LLM泛化query：自己泊车吧
2026-03-10 16:32:12,363 - INFO - LLM泛化成功，生成1个有效变体（过滤后）
2026-03-10 16:32:12,363 - INFO -   跳过重复query：自己泊车...
2026-03-10 16:32:12,363 - INFO - 调用LLM泛化query：我要泊车
2026-03-10 16:32:12,363 - INFO - LLM泛化成功，生成1个有效变体（过滤后）
2026-03-10 16:32:12,363 - INFO -   跳过重复query：帮我泊车...
2026-03-10 16:32:12,363 - INFO - 调用LLM泛化query：把车泊进去
2026-03-10 16:32:12,363 - INFO - LLM泛化成功，生成1个有效变体（过滤后）
2026-03-10 16:32:12,363 - INFO -   跳过重复query：泊进去吧...
2026-03-10 16:32:12,363 - INFO - 调用LLM泛化query：泊车
2026-03-10 16:32:12,363 - INFO - LLM泛化成功，生成1个有效变体（过滤后）
2026-03-10 16:32:12,364 - INFO -   跳过重复query：帮我泊车...
2026-03-10 16:32:12,364 - INFO - 调用LLM泛化query：自己泊车吧
2026-03-10 16:32:12,364 - INFO - LLM泛化成功，生成1个有效变体（过滤后）
2026-03-10 16:32:12,364 - INFO -   跳过重复query：自己泊车...
2026-03-10 16:32:12,364 - INFO - 调用LLM泛化query：我要泊车
2026-03-10 16:32:12,364 - INFO - LLM泛化成功，生成1个有效变体（过滤后）
2026-03-10 16:32:12,364 - INFO -   跳过重复query：帮我泊车...
2026-03-10 16:32:12,364 - INFO - 调用LLM泛化query：把车泊进去
2026-03-10 16:32:12,364 - INFO - LLM泛化成功，生成1个有效变体（过滤后）
2026-03-10 16:32:12,364 - INFO -   跳过重复query：泊进去吧...
2026-03-10 16:32:12,364 - INFO - 调用LLM泛化query：泊车
2026-03-10 16:32:12,364 - INFO - LLM泛化成功，生成1个有效变体（过滤后）
2026-03-10 16:32:12,364 - INFO -   跳过重复query：帮我泊车...
2026-03-10 16:32:12,364 - INFO - 调用LLM泛化query：自己泊车吧
2026-03-10 16:32:12,364 - INFO - LLM泛化成功，生成1个有效变体（过滤后）
2026-03-10 16:32:12,364 - INFO -   跳过重复query：自己泊车...
2026-03-10 16:32:12,364 - INFO - 调用LLM泛化query：我要泊车
2026-03-10 16:32:12,364 - INFO - LLM泛化成功，生成1个有效变体（过滤后）
2026-03-10 16:32:12,364 - INFO -   跳过重复query：帮我泊车...
2026-03-10 16:32:12,364 - INFO - 调用LLM泛化query：把车泊进去
2026-03-10 16:32:12,364 - INFO - LLM泛化成功，生成1个有效变体（过滤后）
2026-03-10 16:32:12,364 - INFO -   跳过重复query：泊进去吧...
2026-03-10 16:32:12,364 - INFO - 调用LLM泛化query：泊车
2026-03-10 16:32:12,364 - INFO - LLM泛化成功，生成1个有效变体（过滤后）
2026-03-10 16:32:12,364 - INFO -   跳过重复query：帮我泊车...
2026-03-10 16:32:12,364 - INFO - 调用LLM泛化query：自己泊车吧
2026-03-10 16:32:12,364 - INFO - LLM泛化成功，生成1个有效变体（过滤后）
2026-03-10 16:32:12,364 - INFO -   跳过重复query：自己泊车...
2026-03-10 16:32:12,364 - INFO - 调用LLM泛化query：我要泊车
2026-03-10 16:32:12,364 - INFO - LLM泛化成功，生成1个有效变体（过滤后）
2026-03-10 16:32:12,364 - INFO -   跳过重复query：帮我泊车...
2026-03-10 16:32:12,364 - INFO - 调用LLM泛化query：把车泊进去
2026-03-10 16:32:12,364 - INFO - LLM泛化成功，生成1个有效变体（过滤后）
2026-03-10 16:32:12,364 - INFO -   跳过重复query：泊进去吧...
2026-03-10 16:32:12,364 - INFO - 调用LLM泛化query：泊车
2026-03-10 16:32:12,364 - INFO - LLM泛化成功，生成1个有效变体（过滤后）
2026-03-10 16:32:12,364 - INFO -   跳过重复query：帮我泊车...
2026-03-10 16:32:12,364 - INFO - 调用LLM泛化query：自己泊车吧
2026-03-10 16:32:12,364 - INFO - LLM泛化成功，生成1个有效变体（过滤后）
2026-03-10 16:32:12,364 - INFO -   跳过重复query：自己泊车...
2026-03-10 16:32:12,364 - INFO - 调用LLM泛化query：我要泊车
2026-03-10 16:32:12,365 - INFO - LLM泛化成功，生成1个有效变体（过滤后）
2026-03-10 16:32:12,365 - INFO -   跳过重复query：帮我泊车...
2026-03-10 16:32:12,365 - INFO - 调用LLM泛化query：把车泊进去
2026-03-10 16:32:12,365 - INFO - LLM泛化成功，生成1个有效变体（过滤后）
2026-03-10 16:32:12,365 - INFO -   跳过重复query：泊进去吧...
2026-03-10 16:32:12,365 - INFO - 调用LLM泛化query：泊车
2026-03-10 16:32:12,365 - INFO - LLM泛化成功，生成1个有效变体（过滤后）
2026-03-10 16:32:12,365 - INFO -   跳过重复query：帮我泊车...
2026-03-10 16:32:12,365 - INFO - 调用LLM泛化query：自己泊车吧
2026-03-10 16:32:12,365 - INFO - LLM泛化成功，生成1个有效变体（过滤后）
2026-03-10 16:32:12,365 - INFO -   跳过重复query：自己泊车...
2026-03-10 16:32:12,365 - INFO - 调用LLM泛化query：我要泊车
2026-03-10 16:32:12,365 - INFO - LLM泛化成功，生成1个有效变体（过滤后）
2026-03-10 16:32:12,365 - INFO -   跳过重复query：帮我泊车...
2026-03-10 16:32:12,365 - INFO - 调用LLM泛化query：把车泊进去
2026-03-10 16:32:12,365 - INFO - LLM泛化成功，生成1个有效变体（过滤后）
2026-03-10 16:32:12,365 - INFO -   跳过重复query：泊进去吧...
2026-03-10 16:32:12,365 - INFO - 调用LLM泛化query：泊车
2026-03-10 16:32:12,365 - INFO - LLM泛化成功，生成1个有效变体（过滤后）
2026-03-10 16:32:12,365 - INFO -   跳过重复query：帮我泊车...
2026-03-10 16:32:12,365 - INFO - 调用LLM泛化query：自己泊车吧
2026-03-10 16:32:12,365 - INFO - LLM泛化成功，生成1个有效变体（过滤后）
2026-03-10 16:32:12,365 - INFO -   跳过重复query：自己泊车...
2026-03-10 16:32:12,365 - INFO - 调用LLM泛化query：我要泊车
2026-03-10 16:32:12,365 - INFO - LLM泛化成功，生成1个有效变体（过滤后）
2026-03-10 16:32:12,365 - INFO -   跳过重复query：帮我泊车...
2026-03-10 16:32:12,365 - INFO - 调用LLM泛化query：把车泊进去
2026-03-10 16:32:12,365 - INFO - LLM泛化成功，生成1个有效变体（过滤后）
2026-03-10 16:32:12,365 - INFO -   跳过重复query：泊进去吧...
2026-03-10 16:32:12,365 - INFO - 调用LLM泛化query：泊车
2026-03-10 16:32:12,365 - INFO - LLM泛化成功，生成1个有效变体（过滤后）
2026-03-10 16:32:12,365 - INFO -   跳过重复query：帮我泊车...
2026-03-10 16:32:12,365 - INFO - 调用LLM泛化query：自己泊车吧
2026-03-10 16:32:12,365 - INFO - LLM泛化成功，生成1个有效变体（过滤后）
2026-03-10 16:32:12,365 - INFO -   跳过重复query：自己泊车...
2026-03-10 16:32:12,365 - INFO - 调用LLM泛化query：我要泊车
2026-03-10 16:32:12,365 - INFO - LLM泛化成功，生成1个有效变体（过滤后）
2026-03-10 16:32:12,365 - INFO -   跳过重复query：帮我泊车...
2026-03-10 16:32:12,365 - INFO - 调用LLM泛化query：把车泊进去
2026-03-10 16:32:12,365 - INFO - LLM泛化成功，生成1个有效变体（过滤后）
2026-03-10 16:32:12,365 - INFO -   跳过重复query：泊进去吧...
2026-03-10 16:32:12,366 - INFO - 调用LLM泛化query：泊车
2026-03-10 16:32:12,366 - INFO - LLM泛化成功，生成1个有效变体（过滤后）
2026-03-10 16:32:12,366 - INFO -   跳过重复query：帮我泊车...
2026-03-10 16:32:12,366 - INFO - 调用LLM泛化query：自己泊车吧
2026-03-10 16:32:12,366 - INFO - LLM泛化成功，生成1个有效变体（过滤后）
2026-03-10 16:32:12,366 - INFO -   跳过重复query：自己泊车...
2026-03-10 16:32:12,366 - INFO - 调用LLM泛化query：我要泊车
2026-03-10 16:32:12,366 - INFO - LLM泛化成功，生成1个有效变体（过滤后）
2026-03-10 16:32:12,366 - INFO -   跳过重复query：帮我泊车...
2026-03-10 16:32:12,366 - INFO - 调用LLM泛化query：把车泊进去
2026-03-10 16:32:12,366 - INFO - LLM泛化成功，生成1个有效变体（过滤后）
2026-03-10 16:32:12,366 - INFO -   跳过重复query：泊进去吧...
2026-03-10 16:32:12,366 - INFO - 调用LLM泛化query：泊车
2026-03-10 16:32:12,366 - INFO - LLM泛化成功，生成1个有效变体（过滤后）
2026-03-10 16:32:12,366 - INFO -   跳过重复query：帮我泊车...
2026-03-10 16:32:12,366 - INFO - 调用LLM泛化query：自己泊车吧
2026-03-10 16:32:12,366 - INFO - LLM泛化成功，生成1个有效变体（过滤后）
2026-03-10 16:32:12,366 - INFO -   跳过重复query：自己泊车...
2026-03-10 16:32:12,366 - INFO - 调用LLM泛化query：我要泊车
2026-03-10 16:32:12,366 - INFO - LLM泛化成功，生成1个有效变体（过滤后）
2026-03-10 16:32:12,366 - INFO -   跳过重复query：帮我泊车...
2026-03-10 16:32:12,366 - INFO - 调用LLM泛化query：把车泊进去
2026-03-10 16:32:12,366 - INFO - LLM泛化成功，生成1个有效变体（过滤后）
2026-03-10 16:32:12,366 - INFO -   跳过重复query：泊进去吧...
2026-03-10 16:32:12,366 - INFO - 调用LLM泛化query：泊车
2026-03-10 16:32:12,366 - INFO - LLM泛化成功，生成1个有效变体（过滤后）
2026-03-10 16:32:12,366 - INFO -   跳过重复query：帮我泊车...
2026-03-10 16:32:12,366 - INFO - 调用LLM泛化query：自己泊车吧
2026-03-10 16:32:12,366 - INFO - LLM泛化成功，生成1个有效变体（过滤后）
2026-03-10 16:32:12,366 - INFO -   跳过重复query：自己泊车...
2026-03-10 16:32:12,366 - INFO - 调用LLM泛化query：我要泊车
2026-03-10 16:32:12,366 - INFO - LLM泛化成功，生成1个有效变体（过滤后）
2026-03-10 16:32:12,366 - INFO -   跳过重复query：帮我泊车...
2026-03-10 16:32:12,366 - INFO - 调用LLM泛化query：把车泊进去
2026-03-10 16:32:12,366 - INFO - LLM泛化成功，生成1个有效变体（过滤后）
2026-03-10 16:32:12,366 - INFO -   跳过重复query：泊进去吧...
2026-03-10 16:32:12,366 - INFO - 调用LLM泛化query：泊车
2026-03-10 16:32:12,366 - INFO - LLM泛化成功，生成1个有效变体（过滤后）
2026-03-10 16:32:12,366 - INFO -   跳过重复query：帮我泊车...
2026-03-10 16:32:12,366 - INFO - 调用LLM泛化query：自己泊车吧
2026-03-10 16:32:12,366 - INFO - LLM泛化成功，生成1个有效变体（过滤后）
2026-03-10 16:32:12,367 - INFO -   跳过重复query：自己泊车...
2026-03-10 16:32:12,367 - INFO - 调用LLM泛化query：我要泊车
2026-03-10 16:32:12,367 - INFO - LLM泛化成功，生成1个有效变体（过滤后）
2026-03-10 16:32:12,367 - INFO -   跳过重复query：帮我泊车...
2026-03-10 16:32:12,367 - INFO - 调用LLM泛化query：把车泊进去
2026-03-10 16:32:12,367 - INFO - LLM泛化成功，生成1个有效变体（过滤后）
2026-03-10 16:32:12,367 - INFO -   跳过重复query：泊进去吧...
2026-03-10 16:32:12,367 - INFO - 调用LLM泛化query：泊车
2026-03-10 16:32:12,367 - INFO - LLM泛化成功，生成1个有效变体（过滤后）
2026-03-10 16:32:12,367 - INFO -   跳过重复query：帮我泊车...
2026-03-10 16:32:12,367 - INFO - 调用LLM泛化query：自己泊车吧
2026-03-10 16:32:12,367 - INFO - LLM泛化成功，生成1个有效变体（过滤后）
2026-03-10 16:32:12,367 - INFO -   跳过重复query：自己泊车...
2026-03-10 16:32:12,367 - INFO - 调用LLM泛化query：我要泊车
2026-03-10 16:32:12,367 - INFO - LLM泛化成功，生成1个有效变体（过滤后）
2026-03-10 16:32:12,367 - INFO -   跳过重复query：帮我泊车...
2026-03-10 16:32:12,367 - INFO - 调用LLM泛化query：把车泊进去
2026-03-10 16:32:12,367 - INFO - LLM泛化成功，生成1个有效变体（过滤后）
2026-03-10 16:32:12,367 - INFO -   跳过重复query：泊进去吧...
2026-03-10 16:32:12,367 - INFO - 调用LLM泛化query：泊车
2026-03-10 16:32:12,367 - INFO - LLM泛化成功，生成1个有效变体（过滤后）
2026-03-10 16:32:12,367 - INFO -   跳过重复query：帮我泊车...
2026-03-10 16:32:12,367 - INFO - 调用LLM泛化query：自己泊车吧
2026-03-10 16:32:12,368 - INFO - LLM泛化成功，生成1个有效变体（过滤后）
2026-03-10 16:32:12,368 - INFO -   跳过重复query：自己泊车...
2026-03-10 16:32:12,368 - INFO - 调用LLM泛化query：我要泊车
2026-03-10 16:32:12,368 - INFO - LLM泛化成功，生成1个有效变体（过滤后）
2026-03-10 16:32:12,368 - INFO -   跳过重复query：帮我泊车...
2026-03-10 16:32:12,368 - INFO - 调用LLM泛化query：把车泊进去
2026-03-10 16:32:12,368 - INFO - LLM泛化成功，生成1个有效变体（过滤后）
2026-03-10 16:32:12,368 - INFO -   跳过重复query：泊进去吧...
2026-03-10 16:32:12,368 - INFO - 调用LLM泛化query：泊车
2026-03-10 16:32:12,368 - INFO - LLM泛化成功，生成1个有效变体（过滤后）
2026-03-10 16:32:12,368 - INFO -   跳过重复query：帮我泊车...
2026-03-10 16:32:12,368 - INFO - 调用LLM泛化query：自己泊车吧
2026-03-10 16:32:12,368 - INFO - LLM泛化成功，生成1个有效变体（过滤后）
2026-03-10 16:32:12,368 - INFO -   跳过重复query：自己泊车...
2026-03-10 16:32:12,368 - INFO - 调用LLM泛化query：我要泊车
2026-03-10 16:32:12,368 - INFO - LLM泛化成功，生成1个有效变体（过滤后）
2026-03-10 16:32:12,368 - INFO -   跳过重复query：帮我泊车...
2026-03-10 16:32:12,368 - INFO - 调用LLM泛化query：把车泊进去
2026-03-10 16:32:12,368 - INFO - LLM泛化成功，生成1个有效变体（过滤后）
2026-03-10 16:32:12,368 - INFO -   跳过重复query：泊进去吧...
2026-03-10 16:32:12,368 - INFO - 调用LLM泛化query：泊车
2026-03-10 16:32:12,368 - INFO - LLM泛化成功，生成1个有效变体（过滤后）
2026-03-10 16:32:12,368 - INFO -   跳过重复query：帮我泊车...
2026-03-10 16:32:12,368 - WARNING - 泛化次数过多，停止该ID组的泛化
2026-03-10 16:32:12,368 - INFO - ID组 2 完成：基于4个原始query，新生成3个泛化query
2026-03-10 16:32:12,368 - INFO - 数据泛化完成：从199行原始数据中提取7个query，基于2个ID组，共生成6个新query（仅泛化数据）
2026-03-10 16:32:12,369 - INFO - 正在连接目标文档：https://li.feishu.cn/sheets/KLEusATRlh1BuktstdUcZHwun8b?sheet=fOfmbL
2026-03-10 16:32:12,495 - INFO - 成功加载目标飞书表格
2026-03-10 16:32:12,495 - INFO - 开始写入目标文档...
2026-03-10 16:32:15,882 - INFO - 
=== 执行完成 ===
2026-03-10 16:32:15,882 - INFO - 总耗时：76.33s ≈ 1.3min
2026-03-10 16:32:15,882 - INFO - 原始数据：199行，包含7个query，2个ID组
2026-03-10 16:32:15,882 - INFO - 泛化后：生成6条新query（泛化比例 1:20，仅输出泛化数据）
