2026-03-10 15:45:01,016 - INFO - === 必过集泛化工具启动 ===
2026-03-10 15:45:05,074 - INFO - 泛化比例：1 → 20
2026-03-10 15:45:19,703 - INFO - 正在连接源文档：https://li.feishu.cn/sheets/KLEusATRlh1BuktstdUcZHwun8b?sheet=OiHT1s
2026-03-10 15:45:19,978 - INFO - 成功加载源飞书表格
2026-03-10 15:45:21,119 - INFO - 已读取100行数据
2026-03-10 15:45:21,119 - INFO - 已读取200行数据
2026-03-10 15:45:21,120 - INFO - 已读取300行数据
2026-03-10 15:45:21,120 - INFO - 已读取400行数据
2026-03-10 15:45:21,120 - INFO - 表格读取完成，共415行有效数据
2026-03-10 15:45:21,120 - INFO - 源表格可用列名：['ID', 'query', '预期APIINFO', None]
2026-03-10 15:45:21,120 - INFO - 第1行：ID=1，从必过集query中拆分出1个query
2026-03-10 15:45:21,120 - INFO - 第2行：ID=1，从必过集query中拆分出1个query
2026-03-10 15:45:21,120 - INFO - 第3行：ID=1，从必过集query中拆分出1个query
2026-03-10 15:45:21,120 - INFO - 第4行：ID=2，从必过集query中拆分出1个query
2026-03-10 15:45:21,120 - INFO - 第5行：ID=2，从必过集query中拆分出1个query
2026-03-10 15:45:21,120 - INFO - 第6行：ID=2，从必过集query中拆分出1个query
2026-03-10 15:45:21,120 - INFO - 第7行：ID=2，从必过集query中拆分出1个query
2026-03-10 15:45:21,120 - INFO - 第8行：ID=109，从必过集query中拆分出1个query
2026-03-10 15:45:21,120 - INFO - 第9行：ID=109，从必过集query中拆分出1个query
2026-03-10 15:45:21,120 - INFO - 第10行：ID=3，从必过集query中拆分出1个query
2026-03-10 15:45:21,120 - INFO - 第11行：ID=106，从必过集query中拆分出1个query
2026-03-10 15:45:21,120 - INFO - 第12行：ID=107，从必过集query中拆分出1个query
2026-03-10 15:45:21,120 - INFO - 第13行：ID=4，从必过集query中拆分出1个query
2026-03-10 15:45:21,120 - INFO - 第14行：ID=4，从必过集query中拆分出1个query
2026-03-10 15:45:21,120 - INFO - 第15行：ID=4，从必过集query中拆分出1个query
2026-03-10 15:45:21,120 - INFO - 第16行：ID=4，从必过集query中拆分出1个query
2026-03-10 15:45:21,120 - INFO - 第17行：ID=4，从必过集query中拆分出1个query
2026-03-10 15:45:21,120 - INFO - 第18行：ID=4，从必过集query中拆分出1个query
2026-03-10 15:45:21,120 - INFO - 第19行：ID=5，从必过集query中拆分出1个query
2026-03-10 15:45:21,120 - INFO - 第20行：ID=6，从必过集query中拆分出1个query
2026-03-10 15:45:21,120 - INFO - 第21行：ID=6，从必过集query中拆分出1个query
2026-03-10 15:45:21,120 - INFO - 第22行：ID=6，从必过集query中拆分出1个query
2026-03-10 15:45:21,120 - INFO - 第23行：ID=7，从必过集query中拆分出1个query
2026-03-10 15:45:21,120 - INFO - 第24行：ID=7，从必过集query中拆分出1个query
2026-03-10 15:45:21,120 - INFO - 第25行：ID=7，从必过集query中拆分出1个query
2026-03-10 15:45:21,120 - INFO - 第26行：ID=7，从必过集query中拆分出1个query
2026-03-10 15:45:21,121 - INFO - 第27行：ID=8，从必过集query中拆分出1个query
2026-03-10 15:45:21,121 - INFO - 第28行：ID=9，从必过集query中拆分出1个query
2026-03-10 15:45:21,121 - INFO - 第29行：ID=10，从必过集query中拆分出1个query
2026-03-10 15:45:21,121 - INFO - 第30行：ID=11，从必过集query中拆分出1个query
2026-03-10 15:45:21,121 - INFO - 第31行：ID=11，从必过集query中拆分出1个query
2026-03-10 15:45:21,121 - INFO - 第32行：ID=11，从必过集query中拆分出1个query
2026-03-10 15:45:21,121 - INFO - 第33行：ID=11，从必过集query中拆分出1个query
2026-03-10 15:45:21,121 - INFO - 第34行：ID=11，从必过集query中拆分出1个query
2026-03-10 15:45:21,121 - INFO - 第35行：ID=11，从必过集query中拆分出1个query
2026-03-10 15:45:21,121 - INFO - 第36行：ID=12，从必过集query中拆分出1个query
2026-03-10 15:45:21,121 - INFO - 第37行：ID=13，从必过集query中拆分出1个query
2026-03-10 15:45:21,121 - INFO - 第38行：ID=13，从必过集query中拆分出1个query
2026-03-10 15:45:21,121 - INFO - 第39行：ID=13，从必过集query中拆分出1个query
2026-03-10 15:45:21,121 - INFO - 第40行：ID=14，从必过集query中拆分出1个query
2026-03-10 15:45:21,121 - INFO - 第41行：ID=14，从必过集query中拆分出1个query
2026-03-10 15:45:21,121 - INFO - 第42行：ID=14，从必过集query中拆分出1个query
2026-03-10 15:45:21,121 - INFO - 第43行：ID=14，从必过集query中拆分出1个query
2026-03-10 15:45:21,121 - INFO - 第44行：ID=14，从必过集query中拆分出1个query
2026-03-10 15:45:21,121 - INFO - 第45行：ID=14，从必过集query中拆分出1个query
2026-03-10 15:45:21,121 - INFO - 第46行：ID=14，从必过集query中拆分出1个query
2026-03-10 15:45:21,121 - INFO - 第47行：ID=15，从必过集query中拆分出1个query
2026-03-10 15:45:21,121 - INFO - 第48行：ID=15，从必过集query中拆分出1个query
2026-03-10 15:45:21,121 - INFO - 第49行：ID=16，从必过集query中拆分出1个query
2026-03-10 15:45:21,121 - INFO - 第50行：ID=16，从必过集query中拆分出1个query
2026-03-10 15:45:21,121 - INFO - 第51行：ID=17，从必过集query中拆分出1个query
2026-03-10 15:45:21,121 - INFO - 第52行：ID=17，从必过集query中拆分出1个query
2026-03-10 15:45:21,121 - INFO - 第53行：ID=18，从必过集query中拆分出1个query
2026-03-10 15:45:21,121 - INFO - 第54行：ID=18，从必过集query中拆分出1个query
2026-03-10 15:45:21,121 - INFO - 第55行：ID=18，从必过集query中拆分出1个query
2026-03-10 15:45:21,121 - INFO - 第56行：ID=18，从必过集query中拆分出1个query
2026-03-10 15:45:21,121 - INFO - 第57行：ID=19，从必过集query中拆分出1个query
2026-03-10 15:45:21,121 - INFO - 第58行：ID=19，从必过集query中拆分出1个query
2026-03-10 15:45:21,121 - INFO - 第59行：ID=20，从必过集query中拆分出1个query
2026-03-10 15:45:21,121 - INFO - 第60行：ID=20，从必过集query中拆分出1个query
2026-03-10 15:45:21,121 - INFO - 第61行：ID=20，从必过集query中拆分出1个query
2026-03-10 15:45:21,121 - INFO - 第62行：ID=21，从必过集query中拆分出1个query
2026-03-10 15:45:21,121 - INFO - 第63行：ID=21，从必过集query中拆分出1个query
2026-03-10 15:45:21,121 - INFO - 第64行：ID=21，从必过集query中拆分出1个query
2026-03-10 15:45:21,122 - INFO - 第65行：ID=21，从必过集query中拆分出1个query
2026-03-10 15:45:21,122 - INFO - 第66行：ID=21，从必过集query中拆分出1个query
2026-03-10 15:45:21,122 - INFO - 第67行：ID=21，从必过集query中拆分出1个query
2026-03-10 15:45:21,122 - INFO - 第68行：ID=21，从必过集query中拆分出1个query
2026-03-10 15:45:21,122 - INFO - 第69行：ID=22，从必过集query中拆分出1个query
2026-03-10 15:45:21,122 - INFO - 第70行：ID=22，从必过集query中拆分出1个query
2026-03-10 15:45:21,122 - INFO - 第71行：ID=23，从必过集query中拆分出1个query
2026-03-10 15:45:21,122 - INFO - 第72行：ID=23，从必过集query中拆分出1个query
2026-03-10 15:45:21,122 - INFO - 第73行：ID=24，从必过集query中拆分出1个query
2026-03-10 15:45:21,122 - INFO - 第74行：ID=24，从必过集query中拆分出1个query
2026-03-10 15:45:21,122 - INFO - 第75行：ID=25，从必过集query中拆分出1个query
2026-03-10 15:45:21,122 - INFO - 第76行：ID=25，从必过集query中拆分出1个query
2026-03-10 15:45:21,122 - INFO - 第77行：ID=25，从必过集query中拆分出1个query
2026-03-10 15:45:21,122 - INFO - 第78行：ID=25，从必过集query中拆分出1个query
2026-03-10 15:45:21,122 - INFO - 第79行：ID=26，从必过集query中拆分出1个query
2026-03-10 15:45:21,122 - INFO - 第80行：ID=26，从必过集query中拆分出1个query
2026-03-10 15:45:21,122 - INFO - 第81行：ID=27，从必过集query中拆分出1个query
2026-03-10 15:45:21,122 - INFO - 第82行：ID=27，从必过集query中拆分出1个query
2026-03-10 15:45:21,122 - INFO - 第83行：ID=27，从必过集query中拆分出1个query
2026-03-10 15:45:21,122 - INFO - 第84行：ID=27，从必过集query中拆分出1个query
2026-03-10 15:45:21,122 - INFO - 第85行：ID=28，从必过集query中拆分出1个query
2026-03-10 15:45:21,122 - INFO - 第86行：ID=28，从必过集query中拆分出1个query
2026-03-10 15:45:21,122 - INFO - 第87行：ID=28，从必过集query中拆分出1个query
2026-03-10 15:45:21,122 - INFO - 第88行：ID=28，从必过集query中拆分出1个query
2026-03-10 15:45:21,122 - INFO - 第89行：ID=28，从必过集query中拆分出1个query
2026-03-10 15:45:21,122 - INFO - 第90行：ID=29，从必过集query中拆分出1个query
2026-03-10 15:45:21,122 - INFO - 第91行：ID=29，从必过集query中拆分出1个query
2026-03-10 15:45:21,122 - INFO - 第92行：ID=30，从必过集query中拆分出1个query
2026-03-10 15:45:21,122 - INFO - 第93行：ID=30，从必过集query中拆分出1个query
2026-03-10 15:45:21,122 - INFO - 第94行：ID=31，从必过集query中拆分出1个query
2026-03-10 15:45:21,122 - INFO - 第95行：ID=31，从必过集query中拆分出1个query
2026-03-10 15:45:21,122 - INFO - 第96行：ID=32，从必过集query中拆分出1个query
2026-03-10 15:45:21,122 - INFO - 第97行：ID=32，从必过集query中拆分出1个query
2026-03-10 15:45:21,122 - INFO - 第98行：ID=32，从必过集query中拆分出1个query
2026-03-10 15:45:21,122 - INFO - 第99行：ID=110，从必过集query中拆分出1个query
2026-03-10 15:45:21,122 - INFO - 第100行：ID=33，从必过集query中拆分出1个query
2026-03-10 15:45:21,122 - INFO - 第101行：ID=33，从必过集query中拆分出1个query
2026-03-10 15:45:21,122 - INFO - 第102行：ID=33，从必过集query中拆分出1个query
2026-03-10 15:45:21,122 - INFO - 第103行：ID=33，从必过集query中拆分出1个query
2026-03-10 15:45:21,122 - INFO - 第104行：ID=33，从必过集query中拆分出1个query
2026-03-10 15:45:21,122 - INFO - 第105行：ID=34，从必过集query中拆分出1个query
2026-03-10 15:45:21,122 - INFO - 第106行：ID=34，从必过集query中拆分出1个query
2026-03-10 15:45:21,123 - INFO - 第107行：ID=34，从必过集query中拆分出1个query
2026-03-10 15:45:21,123 - INFO - 第108行：ID=34，从必过集query中拆分出1个query
2026-03-10 15:45:21,123 - INFO - 第109行：ID=34，从必过集query中拆分出1个query
2026-03-10 15:45:21,123 - INFO - 第110行：ID=35，从必过集query中拆分出1个query
2026-03-10 15:45:21,123 - INFO - 第111行：ID=35，从必过集query中拆分出1个query
2026-03-10 15:45:21,123 - INFO - 第112行：ID=35，从必过集query中拆分出1个query
2026-03-10 15:45:21,123 - INFO - 第113行：ID=36，从必过集query中拆分出1个query
2026-03-10 15:45:21,123 - INFO - 第114行：ID=36，从必过集query中拆分出1个query
2026-03-10 15:45:21,123 - INFO - 第115行：ID=37，从必过集query中拆分出1个query
2026-03-10 15:45:21,123 - INFO - 第116行：ID=37，从必过集query中拆分出1个query
2026-03-10 15:45:21,123 - INFO - 第117行：ID=38，从必过集query中拆分出1个query
2026-03-10 15:45:21,123 - INFO - 第118行：ID=38，从必过集query中拆分出1个query
2026-03-10 15:45:21,123 - INFO - 第119行：ID=38，从必过集query中拆分出1个query
2026-03-10 15:45:21,123 - INFO - 第120行：ID=38，从必过集query中拆分出1个query
2026-03-10 15:45:21,123 - INFO - 第121行：ID=39，从必过集query中拆分出1个query
2026-03-10 15:45:21,123 - INFO - 第122行：ID=40，从必过集query中拆分出1个query
2026-03-10 15:45:21,123 - INFO - 第123行：ID=40，从必过集query中拆分出1个query
2026-03-10 15:45:21,123 - INFO - 第124行：ID=40，从必过集query中拆分出1个query
2026-03-10 15:45:21,123 - INFO - 第125行：ID=40，从必过集query中拆分出1个query
2026-03-10 15:45:21,123 - INFO - 第126行：ID=40，从必过集query中拆分出1个query
2026-03-10 15:45:21,123 - INFO - 第127行：ID=40，从必过集query中拆分出1个query
2026-03-10 15:45:21,123 - INFO - 第128行：ID=40，从必过集query中拆分出1个query
2026-03-10 15:45:21,123 - INFO - 第129行：ID=41，从必过集query中拆分出1个query
2026-03-10 15:45:21,123 - INFO - 第130行：ID=41，从必过集query中拆分出1个query
2026-03-10 15:45:21,123 - INFO - 第131行：ID=42，从必过集query中拆分出1个query
2026-03-10 15:45:21,123 - INFO - 第132行：ID=42，从必过集query中拆分出1个query
2026-03-10 15:45:21,123 - INFO - 第133行：ID=42，从必过集query中拆分出1个query
2026-03-10 15:45:21,123 - INFO - 第134行：ID=43，从必过集query中拆分出1个query
2026-03-10 15:45:21,123 - INFO - 第135行：ID=43，从必过集query中拆分出1个query
2026-03-10 15:45:21,123 - INFO - 第136行：ID=43，从必过集query中拆分出1个query
2026-03-10 15:45:21,123 - INFO - 第137行：ID=43，从必过集query中拆分出1个query
2026-03-10 15:45:21,123 - INFO - 第138行：ID=44，从必过集query中拆分出1个query
2026-03-10 15:45:21,123 - INFO - 第139行：ID=44，从必过集query中拆分出1个query
2026-03-10 15:45:21,123 - INFO - 第140行：ID=44，从必过集query中拆分出1个query
2026-03-10 15:45:21,123 - INFO - 第141行：ID=44，从必过集query中拆分出1个query
2026-03-10 15:45:21,123 - INFO - 第142行：ID=44，从必过集query中拆分出1个query
2026-03-10 15:45:21,123 - INFO - 第143行：ID=44，从必过集query中拆分出1个query
2026-03-10 15:45:21,123 - INFO - 第144行：ID=44，从必过集query中拆分出1个query
2026-03-10 15:45:21,123 - INFO - 第145行：ID=45，从必过集query中拆分出1个query
2026-03-10 15:45:21,123 - INFO - 第146行：ID=45，从必过集query中拆分出1个query
2026-03-10 15:45:21,123 - INFO - 第147行：ID=46，从必过集query中拆分出1个query
2026-03-10 15:45:21,123 - INFO - 第148行：ID=46，从必过集query中拆分出1个query
2026-03-10 15:45:21,124 - INFO - 第149行：ID=46，从必过集query中拆分出1个query
2026-03-10 15:45:21,124 - INFO - 第150行：ID=112，从必过集query中拆分出1个query
2026-03-10 15:45:21,124 - INFO - 第151行：ID=112，从必过集query中拆分出1个query
2026-03-10 15:45:21,124 - INFO - 第152行：ID=112，从必过集query中拆分出1个query
2026-03-10 15:45:21,124 - INFO - 第153行：ID=112，从必过集query中拆分出1个query
2026-03-10 15:45:21,124 - INFO - 第154行：ID=47，从必过集query中拆分出1个query
2026-03-10 15:45:21,124 - INFO - 第155行：ID=47，从必过集query中拆分出1个query
2026-03-10 15:45:21,124 - INFO - 第156行：ID=47，从必过集query中拆分出1个query
2026-03-10 15:45:21,124 - INFO - 第157行：ID=47，从必过集query中拆分出1个query
2026-03-10 15:45:21,124 - INFO - 第158行：ID=47，从必过集query中拆分出1个query
2026-03-10 15:45:21,124 - INFO - 第159行：ID=48，从必过集query中拆分出1个query
2026-03-10 15:45:21,124 - INFO - 第160行：ID=48，从必过集query中拆分出1个query
2026-03-10 15:45:21,124 - INFO - 第161行：ID=48，从必过集query中拆分出1个query
2026-03-10 15:45:21,124 - INFO - 第162行：ID=49，从必过集query中拆分出1个query
2026-03-10 15:45:21,124 - INFO - 第163行：ID=49，从必过集query中拆分出1个query
2026-03-10 15:45:21,124 - INFO - 第164行：ID=49，从必过集query中拆分出1个query
2026-03-10 15:45:21,124 - INFO - 第165行：ID=50，从必过集query中拆分出1个query
2026-03-10 15:45:21,124 - INFO - 第166行：ID=50，从必过集query中拆分出1个query
2026-03-10 15:45:21,124 - INFO - 第167行：ID=50，从必过集query中拆分出1个query
2026-03-10 15:45:21,124 - INFO - 第168行：ID=51，从必过集query中拆分出1个query
2026-03-10 15:45:21,124 - INFO - 第169行：ID=51，从必过集query中拆分出1个query
2026-03-10 15:45:21,124 - INFO - 第170行：ID=51，从必过集query中拆分出1个query
2026-03-10 15:45:21,124 - INFO - 第171行：ID=51，从必过集query中拆分出1个query
2026-03-10 15:45:21,124 - INFO - 第172行：ID=51，从必过集query中拆分出1个query
2026-03-10 15:45:21,124 - INFO - 第173行：ID=51，从必过集query中拆分出1个query
2026-03-10 15:45:21,124 - INFO - 第174行：ID=51，从必过集query中拆分出1个query
2026-03-10 15:45:21,124 - INFO - 第175行：ID=52，从必过集query中拆分出1个query
2026-03-10 15:45:21,124 - INFO - 第176行：ID=52，从必过集query中拆分出1个query
2026-03-10 15:45:21,124 - INFO - 第177行：ID=52，从必过集query中拆分出1个query
2026-03-10 15:45:21,124 - INFO - 第178行：ID=53，从必过集query中拆分出1个query
2026-03-10 15:45:21,124 - INFO - 第179行：ID=53，从必过集query中拆分出1个query
2026-03-10 15:45:21,124 - INFO - 第180行：ID=53，从必过集query中拆分出1个query
2026-03-10 15:45:21,124 - INFO - 第181行：ID=54，从必过集query中拆分出1个query
2026-03-10 15:45:21,124 - INFO - 第182行：ID=54，从必过集query中拆分出1个query
2026-03-10 15:45:21,124 - INFO - 第183行：ID=54，从必过集query中拆分出1个query
2026-03-10 15:45:21,124 - INFO - 第184行：ID=54，从必过集query中拆分出1个query
2026-03-10 15:45:21,124 - INFO - 第185行：ID=55，从必过集query中拆分出1个query
2026-03-10 15:45:21,124 - INFO - 第186行：ID=55，从必过集query中拆分出1个query
2026-03-10 15:45:21,124 - INFO - 第187行：ID=56，从必过集query中拆分出1个query
2026-03-10 15:45:21,124 - INFO - 第188行：ID=56，从必过集query中拆分出1个query
2026-03-10 15:45:21,124 - INFO - 第189行：ID=56，从必过集query中拆分出1个query
2026-03-10 15:45:21,125 - INFO - 第190行：ID=57，从必过集query中拆分出1个query
2026-03-10 15:45:21,125 - INFO - 第191行：ID=57，从必过集query中拆分出1个query
2026-03-10 15:45:21,125 - INFO - 第192行：ID=57，从必过集query中拆分出1个query
2026-03-10 15:45:21,125 - INFO - 第193行：ID=108，从必过集query中拆分出1个query
2026-03-10 15:45:21,125 - INFO - 第194行：ID=108，从必过集query中拆分出1个query
2026-03-10 15:45:21,125 - INFO - 第195行：ID=108，从必过集query中拆分出1个query
2026-03-10 15:45:21,125 - INFO - 第196行：ID=108，从必过集query中拆分出1个query
2026-03-10 15:45:21,125 - INFO - 第197行：ID=58，从必过集query中拆分出1个query
2026-03-10 15:45:21,125 - INFO - 第198行：ID=58，从必过集query中拆分出1个query
2026-03-10 15:45:21,125 - INFO - 第199行：ID=58，从必过集query中拆分出1个query
2026-03-10 15:45:21,125 - INFO - 第200行：ID=59，从必过集query中拆分出1个query
2026-03-10 15:45:21,125 - INFO - 第201行：ID=60，从必过集query中拆分出1个query
2026-03-10 15:45:21,125 - INFO - 第202行：ID=61，从必过集query中拆分出1个query
2026-03-10 15:45:21,125 - INFO - 第203行：ID=62，从必过集query中拆分出1个query
2026-03-10 15:45:21,125 - INFO - 第204行：ID=63，从必过集query中拆分出1个query
2026-03-10 15:45:21,125 - INFO - 第205行：ID=63，从必过集query中拆分出1个query
2026-03-10 15:45:21,125 - INFO - 第206行：ID=64，从必过集query中拆分出1个query
2026-03-10 15:45:21,125 - INFO - 第207行：ID=65，从必过集query中拆分出1个query
2026-03-10 15:45:21,125 - INFO - 第208行：ID=66，从必过集query中拆分出1个query
2026-03-10 15:45:21,125 - INFO - 第209行：ID=66，从必过集query中拆分出1个query
2026-03-10 15:45:21,125 - INFO - 第210行：ID=67，从必过集query中拆分出1个query
2026-03-10 15:45:21,125 - INFO - 第211行：ID=67，从必过集query中拆分出1个query
2026-03-10 15:45:21,125 - INFO - 第212行：ID=68，从必过集query中拆分出1个query
2026-03-10 15:45:21,125 - INFO - 第213行：ID=69，从必过集query中拆分出1个query
2026-03-10 15:45:21,125 - INFO - 第214行：ID=69，从必过集query中拆分出1个query
2026-03-10 15:45:21,125 - INFO - 第215行：ID=70，从必过集query中拆分出1个query
2026-03-10 15:45:21,125 - INFO - 第216行：ID=70，从必过集query中拆分出1个query
2026-03-10 15:45:21,125 - INFO - 第217行：ID=71，从必过集query中拆分出1个query
2026-03-10 15:45:21,125 - INFO - 第218行：ID=72，从必过集query中拆分出1个query
2026-03-10 15:45:21,125 - INFO - 第219行：ID=72，从必过集query中拆分出1个query
2026-03-10 15:45:21,125 - INFO - 第220行：ID=73，从必过集query中拆分出1个query
2026-03-10 15:45:21,125 - INFO - 第221行：ID=73，从必过集query中拆分出1个query
2026-03-10 15:45:21,125 - INFO - 第222行：ID=111，从必过集query中拆分出1个query
2026-03-10 15:45:21,125 - INFO - 第223行：ID=111，从必过集query中拆分出1个query
2026-03-10 15:45:21,125 - INFO - 第224行：ID=111，从必过集query中拆分出1个query
2026-03-10 15:45:21,125 - INFO - 第225行：ID=111，从必过集query中拆分出1个query
2026-03-10 15:45:21,125 - INFO - 第226行：ID=111，从必过集query中拆分出1个query
2026-03-10 15:45:21,125 - INFO - 第227行：ID=74，从必过集query中拆分出1个query
2026-03-10 15:45:21,125 - INFO - 第228行：ID=74，从必过集query中拆分出1个query
2026-03-10 15:45:21,125 - INFO - 第229行：ID=74，从必过集query中拆分出1个query
2026-03-10 15:45:21,125 - INFO - 第230行：ID=75，从必过集query中拆分出1个query
2026-03-10 15:45:21,126 - INFO - 第231行：ID=75，从必过集query中拆分出1个query
2026-03-10 15:45:21,126 - INFO - 第232行：ID=75，从必过集query中拆分出1个query
2026-03-10 15:45:21,126 - INFO - 第233行：ID=75，从必过集query中拆分出1个query
2026-03-10 15:45:21,126 - INFO - 第234行：ID=76，从必过集query中拆分出1个query
2026-03-10 15:45:21,126 - INFO - 第235行：ID=76，从必过集query中拆分出1个query
2026-03-10 15:45:21,126 - INFO - 第236行：ID=76，从必过集query中拆分出1个query
2026-03-10 15:45:21,126 - INFO - 第237行：ID=77，从必过集query中拆分出1个query
2026-03-10 15:45:21,126 - INFO - 第238行：ID=77，从必过集query中拆分出1个query
2026-03-10 15:45:21,126 - INFO - 第239行：ID=77，从必过集query中拆分出1个query
2026-03-10 15:45:21,126 - INFO - 第240行：ID=77，从必过集query中拆分出1个query
2026-03-10 15:45:21,126 - INFO - 第241行：ID=77，从必过集query中拆分出1个query
2026-03-10 15:45:21,126 - INFO - 第242行：ID=77，从必过集query中拆分出1个query
2026-03-10 15:45:21,126 - INFO - 第243行：ID=78，从必过集query中拆分出1个query
2026-03-10 15:45:21,126 - INFO - 第244行：ID=78，从必过集query中拆分出1个query
2026-03-10 15:45:21,126 - INFO - 第245行：ID=78，从必过集query中拆分出1个query
2026-03-10 15:45:21,126 - INFO - 第246行：ID=78，从必过集query中拆分出1个query
2026-03-10 15:45:21,126 - INFO - 第247行：ID=78，从必过集query中拆分出1个query
2026-03-10 15:45:21,126 - INFO - 第248行：ID=79，从必过集query中拆分出1个query
2026-03-10 15:45:21,126 - INFO - 第249行：ID=79，从必过集query中拆分出1个query
2026-03-10 15:45:21,126 - INFO - 第250行：ID=79，从必过集query中拆分出1个query
2026-03-10 15:45:21,126 - INFO - 第251行：ID=79，从必过集query中拆分出1个query
2026-03-10 15:45:21,126 - INFO - 第252行：ID=79，从必过集query中拆分出1个query
2026-03-10 15:45:21,126 - INFO - 第253行：ID=79，从必过集query中拆分出1个query
2026-03-10 15:45:21,126 - INFO - 第254行：ID=79，从必过集query中拆分出1个query
2026-03-10 15:45:21,126 - INFO - 第255行：ID=79，从必过集query中拆分出1个query
2026-03-10 15:45:21,126 - INFO - 第256行：ID=80，从必过集query中拆分出1个query
2026-03-10 15:45:21,126 - INFO - 第257行：ID=80，从必过集query中拆分出1个query
2026-03-10 15:45:21,126 - INFO - 第258行：ID=80，从必过集query中拆分出1个query
2026-03-10 15:45:21,126 - INFO - 第259行：ID=80，从必过集query中拆分出1个query
2026-03-10 15:45:21,126 - INFO - 第260行：ID=80，从必过集query中拆分出1个query
2026-03-10 15:45:21,126 - INFO - 第261行：ID=80，从必过集query中拆分出1个query
2026-03-10 15:45:21,126 - INFO - 第262行：ID=80，从必过集query中拆分出1个query
2026-03-10 15:45:21,126 - INFO - 第263行：ID=80，从必过集query中拆分出1个query
2026-03-10 15:45:21,126 - INFO - 第264行：ID=80，从必过集query中拆分出1个query
2026-03-10 15:45:21,126 - INFO - 第265行：ID=81，从必过集query中拆分出1个query
2026-03-10 15:45:21,126 - INFO - 第266行：ID=81，从必过集query中拆分出1个query
2026-03-10 15:45:21,126 - INFO - 第267行：ID=81，从必过集query中拆分出1个query
2026-03-10 15:45:21,126 - INFO - 第268行：ID=82，从必过集query中拆分出1个query
2026-03-10 15:45:21,126 - INFO - 第269行：ID=82，从必过集query中拆分出1个query
2026-03-10 15:45:21,127 - INFO - 第270行：ID=83，从必过集query中拆分出1个query
2026-03-10 15:45:21,127 - INFO - 第271行：ID=83，从必过集query中拆分出1个query
2026-03-10 15:45:21,127 - INFO - 第272行：ID=83，从必过集query中拆分出1个query
2026-03-10 15:45:21,127 - INFO - 第273行：ID=83，从必过集query中拆分出1个query
2026-03-10 15:45:21,127 - INFO - 第274行：ID=83，从必过集query中拆分出1个query
2026-03-10 15:45:21,127 - INFO - 第275行：ID=83，从必过集query中拆分出1个query
2026-03-10 15:45:21,127 - INFO - 第276行：ID=83，从必过集query中拆分出1个query
2026-03-10 15:45:21,127 - INFO - 第277行：ID=83，从必过集query中拆分出1个query
2026-03-10 15:45:21,127 - INFO - 第278行：ID=83，从必过集query中拆分出1个query
2026-03-10 15:45:21,127 - INFO - 第279行：ID=83，从必过集query中拆分出1个query
2026-03-10 15:45:21,127 - INFO - 第280行：ID=83，从必过集query中拆分出1个query
2026-03-10 15:45:21,127 - INFO - 第281行：ID=83，从必过集query中拆分出1个query
2026-03-10 15:45:21,127 - INFO - 第282行：ID=83，从必过集query中拆分出1个query
2026-03-10 15:45:21,127 - INFO - 第283行：ID=84，从必过集query中拆分出1个query
2026-03-10 15:45:21,127 - INFO - 第284行：ID=84，从必过集query中拆分出1个query
2026-03-10 15:45:21,127 - INFO - 第285行：ID=84，从必过集query中拆分出1个query
2026-03-10 15:45:21,127 - INFO - 第286行：ID=84，从必过集query中拆分出1个query
2026-03-10 15:45:21,127 - INFO - 第287行：ID=85，从必过集query中拆分出1个query
2026-03-10 15:45:21,127 - INFO - 第288行：ID=85，从必过集query中拆分出1个query
2026-03-10 15:45:21,127 - INFO - 第289行：ID=86，从必过集query中拆分出1个query
2026-03-10 15:45:21,127 - INFO - 第290行：ID=86，从必过集query中拆分出1个query
2026-03-10 15:45:21,127 - INFO - 第291行：ID=87，从必过集query中拆分出1个query
2026-03-10 15:45:21,127 - INFO - 第292行：ID=87，从必过集query中拆分出1个query
2026-03-10 15:45:21,127 - WARNING - 第293行：query或function为空，跳过
2026-03-10 15:45:21,127 - INFO - 第294行：ID=89，从必过集query中拆分出1个query
2026-03-10 15:45:21,127 - INFO - 第295行：ID=89，从必过集query中拆分出1个query
2026-03-10 15:45:21,127 - INFO - 第296行：ID=90，从必过集query中拆分出1个query
2026-03-10 15:45:21,127 - INFO - 第297行：ID=90，从必过集query中拆分出1个query
2026-03-10 15:45:21,127 - INFO - 第298行：ID=90，从必过集query中拆分出1个query
2026-03-10 15:45:21,127 - INFO - 第299行：ID=90，从必过集query中拆分出1个query
2026-03-10 15:45:21,127 - INFO - 第300行：ID=90，从必过集query中拆分出1个query
2026-03-10 15:45:21,127 - INFO - 第301行：ID=91，从必过集query中拆分出1个query
2026-03-10 15:45:21,127 - INFO - 第302行：ID=91，从必过集query中拆分出1个query
2026-03-10 15:45:21,127 - INFO - 第303行：ID=91，从必过集query中拆分出1个query
2026-03-10 15:45:21,127 - INFO - 第304行：ID=91，从必过集query中拆分出1个query
2026-03-10 15:45:21,127 - INFO - 第305行：ID=92，从必过集query中拆分出1个query
2026-03-10 15:45:21,127 - INFO - 第306行：ID=92，从必过集query中拆分出1个query
2026-03-10 15:45:21,127 - INFO - 第307行：ID=92，从必过集query中拆分出1个query
2026-03-10 15:45:21,127 - INFO - 第308行：ID=93，从必过集query中拆分出1个query
2026-03-10 15:45:21,127 - INFO - 第309行：ID=93，从必过集query中拆分出1个query
2026-03-10 15:45:21,127 - INFO - 第310行：ID=93，从必过集query中拆分出1个query
2026-03-10 15:45:21,128 - INFO - 第311行：ID=94，从必过集query中拆分出1个query
2026-03-10 15:45:21,128 - INFO - 第312行：ID=94，从必过集query中拆分出1个query
2026-03-10 15:45:21,128 - INFO - 第313行：ID=94，从必过集query中拆分出1个query
2026-03-10 15:45:21,128 - INFO - 第314行：ID=94，从必过集query中拆分出1个query
2026-03-10 15:45:21,128 - INFO - 第315行：ID=94，从必过集query中拆分出1个query
2026-03-10 15:45:21,128 - INFO - 第316行：ID=94，从必过集query中拆分出1个query
2026-03-10 15:45:21,128 - INFO - 第317行：ID=94，从必过集query中拆分出1个query
2026-03-10 15:45:21,128 - INFO - 第318行：ID=94，从必过集query中拆分出1个query
2026-03-10 15:45:21,128 - INFO - 第319行：ID=94，从必过集query中拆分出1个query
2026-03-10 15:45:21,128 - INFO - 第320行：ID=94，从必过集query中拆分出1个query
2026-03-10 15:45:21,128 - INFO - 第321行：ID=95，从必过集query中拆分出1个query
2026-03-10 15:45:21,128 - INFO - 第322行：ID=95，从必过集query中拆分出1个query
2026-03-10 15:45:21,128 - INFO - 第323行：ID=95，从必过集query中拆分出1个query
2026-03-10 15:45:21,128 - INFO - 第324行：ID=95，从必过集query中拆分出1个query
2026-03-10 15:45:21,128 - INFO - 第325行：ID=95，从必过集query中拆分出1个query
2026-03-10 15:45:21,128 - INFO - 第326行：ID=95，从必过集query中拆分出1个query
2026-03-10 15:45:21,128 - INFO - 第327行：ID=95，从必过集query中拆分出1个query
2026-03-10 15:45:21,128 - INFO - 第328行：ID=95，从必过集query中拆分出1个query
2026-03-10 15:45:21,128 - INFO - 第329行：ID=95，从必过集query中拆分出1个query
2026-03-10 15:45:21,128 - INFO - 第330行：ID=95，从必过集query中拆分出1个query
2026-03-10 15:45:21,128 - INFO - 第331行：ID=96，从必过集query中拆分出1个query
2026-03-10 15:45:21,128 - INFO - 第332行：ID=96，从必过集query中拆分出1个query
2026-03-10 15:45:21,128 - INFO - 第333行：ID=96，从必过集query中拆分出1个query
2026-03-10 15:45:21,128 - INFO - 第334行：ID=96，从必过集query中拆分出1个query
2026-03-10 15:45:21,128 - INFO - 第335行：ID=96，从必过集query中拆分出1个query
2026-03-10 15:45:21,128 - INFO - 第336行：ID=96，从必过集query中拆分出1个query
2026-03-10 15:45:21,128 - INFO - 第337行：ID=96，从必过集query中拆分出1个query
2026-03-10 15:45:21,128 - INFO - 第338行：ID=96，从必过集query中拆分出1个query
2026-03-10 15:45:21,128 - INFO - 第339行：ID=96，从必过集query中拆分出1个query
2026-03-10 15:45:21,128 - INFO - 第340行：ID=96，从必过集query中拆分出1个query
2026-03-10 15:45:21,128 - INFO - 第341行：ID=97，从必过集query中拆分出1个query
2026-03-10 15:45:21,128 - INFO - 第342行：ID=97，从必过集query中拆分出1个query
2026-03-10 15:45:21,128 - INFO - 第343行：ID=97，从必过集query中拆分出1个query
2026-03-10 15:45:21,128 - INFO - 第344行：ID=97，从必过集query中拆分出1个query
2026-03-10 15:45:21,128 - INFO - 第345行：ID=97，从必过集query中拆分出1个query
2026-03-10 15:45:21,128 - INFO - 第346行：ID=97，从必过集query中拆分出1个query
2026-03-10 15:45:21,128 - INFO - 第347行：ID=97，从必过集query中拆分出1个query
2026-03-10 15:45:21,128 - INFO - 第348行：ID=97，从必过集query中拆分出1个query
2026-03-10 15:45:21,128 - INFO - 第349行：ID=97，从必过集query中拆分出1个query
2026-03-10 15:45:21,128 - INFO - 第350行：ID=97，从必过集query中拆分出1个query
2026-03-10 15:45:21,128 - INFO - 第351行：ID=98，从必过集query中拆分出1个query
2026-03-10 15:45:21,128 - INFO - 第352行：ID=98，从必过集query中拆分出1个query
2026-03-10 15:45:21,129 - INFO - 第353行：ID=98，从必过集query中拆分出1个query
2026-03-10 15:45:21,129 - INFO - 第354行：ID=98，从必过集query中拆分出1个query
2026-03-10 15:45:21,129 - INFO - 第355行：ID=98，从必过集query中拆分出1个query
2026-03-10 15:45:21,129 - INFO - 第356行：ID=98，从必过集query中拆分出1个query
2026-03-10 15:45:21,129 - INFO - 第357行：ID=98，从必过集query中拆分出1个query
2026-03-10 15:45:21,129 - INFO - 第358行：ID=98，从必过集query中拆分出1个query
2026-03-10 15:45:21,129 - INFO - 第359行：ID=98，从必过集query中拆分出1个query
2026-03-10 15:45:21,129 - INFO - 第360行：ID=99，从必过集query中拆分出1个query
2026-03-10 15:45:21,129 - INFO - 第361行：ID=99，从必过集query中拆分出1个query
2026-03-10 15:45:21,129 - INFO - 第362行：ID=99，从必过集query中拆分出1个query
2026-03-10 15:45:21,129 - INFO - 第363行：ID=99，从必过集query中拆分出1个query
2026-03-10 15:45:21,129 - INFO - 第364行：ID=99，从必过集query中拆分出1个query
2026-03-10 15:45:21,129 - INFO - 第365行：ID=99，从必过集query中拆分出1个query
2026-03-10 15:45:21,129 - INFO - 第366行：ID=99，从必过集query中拆分出1个query
2026-03-10 15:45:21,129 - INFO - 第367行：ID=99，从必过集query中拆分出1个query
2026-03-10 15:45:21,129 - INFO - 第368行：ID=99，从必过集query中拆分出1个query
2026-03-10 15:45:21,129 - INFO - 第369行：ID=99，从必过集query中拆分出1个query
2026-03-10 15:45:21,129 - INFO - 第370行：ID=100，从必过集query中拆分出1个query
2026-03-10 15:45:21,129 - INFO - 第371行：ID=100，从必过集query中拆分出1个query
2026-03-10 15:45:21,129 - INFO - 第372行：ID=100，从必过集query中拆分出1个query
2026-03-10 15:45:21,129 - INFO - 第373行：ID=100，从必过集query中拆分出1个query
2026-03-10 15:45:21,129 - INFO - 第374行：ID=100，从必过集query中拆分出1个query
2026-03-10 15:45:21,129 - INFO - 第375行：ID=100，从必过集query中拆分出1个query
2026-03-10 15:45:21,129 - INFO - 第376行：ID=100，从必过集query中拆分出1个query
2026-03-10 15:45:21,129 - INFO - 第377行：ID=100，从必过集query中拆分出1个query
2026-03-10 15:45:21,129 - INFO - 第378行：ID=100，从必过集query中拆分出1个query
2026-03-10 15:45:21,129 - INFO - 第379行：ID=100，从必过集query中拆分出1个query
2026-03-10 15:45:21,129 - INFO - 第380行：ID=101，从必过集query中拆分出1个query
2026-03-10 15:45:21,129 - INFO - 第381行：ID=101，从必过集query中拆分出1个query
2026-03-10 15:45:21,129 - INFO - 第382行：ID=101，从必过集query中拆分出1个query
2026-03-10 15:45:21,129 - INFO - 第383行：ID=101，从必过集query中拆分出1个query
2026-03-10 15:45:21,129 - INFO - 第384行：ID=102，从必过集query中拆分出1个query
2026-03-10 15:45:21,129 - INFO - 第385行：ID=102，从必过集query中拆分出1个query
2026-03-10 15:45:21,129 - INFO - 第386行：ID=102，从必过集query中拆分出1个query
2026-03-10 15:45:21,129 - INFO - 第387行：ID=102，从必过集query中拆分出1个query
2026-03-10 15:45:21,129 - INFO - 第388行：ID=103，从必过集query中拆分出1个query
2026-03-10 15:45:21,129 - INFO - 第389行：ID=103，从必过集query中拆分出1个query
2026-03-10 15:45:21,129 - INFO - 第390行：ID=103，从必过集query中拆分出1个query
2026-03-10 15:45:21,129 - INFO - 第391行：ID=104，从必过集query中拆分出1个query
2026-03-10 15:45:21,129 - INFO - 第392行：ID=104，从必过集query中拆分出1个query
2026-03-10 15:45:21,129 - INFO - 第393行：ID=104，从必过集query中拆分出1个query
2026-03-10 15:45:21,130 - INFO - 第394行：ID=105，从必过集query中拆分出1个query
2026-03-10 15:45:21,130 - INFO - 第395行：ID=105，从必过集query中拆分出1个query
2026-03-10 15:45:21,130 - INFO - 第396行：ID=105，从必过集query中拆分出1个query
2026-03-10 15:45:21,130 - INFO - 第397行：ID=105，从必过集query中拆分出1个query
2026-03-10 15:45:21,130 - INFO - 第398行：ID=105，从必过集query中拆分出1个query
2026-03-10 15:45:21,130 - INFO - 第399行：ID=105，从必过集query中拆分出1个query
2026-03-10 15:45:21,130 - INFO - 第400行：ID=105，从必过集query中拆分出1个query
2026-03-10 15:45:21,130 - INFO - 第401行：ID=105，从必过集query中拆分出1个query
2026-03-10 15:45:21,130 - INFO - 第402行：ID=105，从必过集query中拆分出1个query
2026-03-10 15:45:21,130 - INFO - 第403行：ID=105，从必过集query中拆分出1个query
2026-03-10 15:45:21,130 - INFO - 第404行：ID=105，从必过集query中拆分出1个query
2026-03-10 15:45:21,130 - INFO - 第405行：ID=105，从必过集query中拆分出1个query
2026-03-10 15:45:21,130 - INFO - 第406行：ID=105，从必过集query中拆分出1个query
2026-03-10 15:45:21,130 - INFO - 第407行：ID=105，从必过集query中拆分出1个query
2026-03-10 15:45:21,130 - INFO - 第408行：ID=105，从必过集query中拆分出1个query
2026-03-10 15:45:21,130 - INFO - 第409行：ID=105，从必过集query中拆分出1个query
2026-03-10 15:45:21,130 - INFO - 第410行：ID=105，从必过集query中拆分出1个query
2026-03-10 15:45:21,130 - INFO - 第411行：ID=105，从必过集query中拆分出1个query
2026-03-10 15:45:21,130 - INFO - 第412行：ID=105，从必过集query中拆分出1个query
2026-03-10 15:45:21,130 - INFO - 第413行：ID=105，从必过集query中拆分出1个query
2026-03-10 15:45:21,130 - INFO - 第414行：ID=105，从必过集query中拆分出1个query
2026-03-10 15:45:21,130 - INFO - 第415行：ID=105，从必过集query中拆分出1个query
2026-03-10 15:45:21,130 - INFO - 数据分组完成：共111个ID组
2026-03-10 15:45:21,130 - INFO - 正在处理ID组 1/111：ID=1
2026-03-10 15:45:21,130 - INFO - 该ID组有3个原始query
2026-03-10 15:45:21,130 - INFO - 对应function：{"name":"vla_control", "arguments":{"action":"geto...
2026-03-10 15:45:21,130 - INFO - 该ID组需要新生成：20个泛化query（比例1:20）
2026-03-10 15:45:21,130 - INFO - 调用LLM泛化query：离车泊入
2026-03-10 15:45:22,234 - INFO - LLM泛化成功，生成1个变体
2026-03-10 15:45:22,234 - INFO -   已生成 1/20：麻烦帮我离车泊入吧，我得先去拿个东西。...
2026-03-10 15:45:22,234 - INFO - 调用LLM泛化query：开启离车泊入
2026-03-10 15:45:23,520 - INFO - LLM泛化成功，生成1个变体
2026-03-10 15:45:23,521 - INFO -   已生成 2/20：帮我开启离车泊入吧，车位太窄了（礼貌型，带原因）...
2026-03-10 15:45:23,521 - INFO - 调用LLM泛化query：继续离车泊入
2026-03-10 15:45:26,030 - INFO - LLM泛化成功，生成1个变体
2026-03-10 15:45:26,031 - INFO -   已生成 3/20：麻烦继续离车泊入吧，我一会儿还得赶时间去开会。...
2026-03-10 15:45:26,031 - INFO - 调用LLM泛化query：离车泊入
2026-03-10 15:45:26,031 - INFO - LLM泛化成功，生成1个变体
2026-03-10 15:45:26,031 - INFO -   已生成 4/20：麻烦帮我离车泊入吧，我得先去拿个东西。...
2026-03-10 15:45:26,031 - INFO - 调用LLM泛化query：开启离车泊入
2026-03-10 15:45:26,031 - INFO - LLM泛化成功，生成1个变体
2026-03-10 15:45:26,031 - INFO -   已生成 5/20：帮我开启离车泊入吧，车位太窄了（礼貌型，带原因）...
2026-03-10 15:45:26,031 - INFO - 调用LLM泛化query：继续离车泊入
2026-03-10 15:45:26,031 - INFO - LLM泛化成功，生成1个变体
2026-03-10 15:45:26,031 - INFO -   已生成 6/20：麻烦继续离车泊入吧，我一会儿还得赶时间去开会。...
2026-03-10 15:45:26,031 - INFO - 调用LLM泛化query：离车泊入
2026-03-10 15:45:26,031 - INFO - LLM泛化成功，生成1个变体
2026-03-10 15:45:26,031 - INFO -   已生成 7/20：麻烦帮我离车泊入吧，我得先去拿个东西。...
2026-03-10 15:45:26,031 - INFO - 调用LLM泛化query：开启离车泊入
2026-03-10 15:45:26,031 - INFO - LLM泛化成功，生成1个变体
2026-03-10 15:45:26,031 - INFO -   已生成 8/20：帮我开启离车泊入吧，车位太窄了（礼貌型，带原因）...
2026-03-10 15:45:26,031 - INFO - 调用LLM泛化query：继续离车泊入
2026-03-10 15:45:26,031 - INFO - LLM泛化成功，生成1个变体
2026-03-10 15:45:26,031 - INFO -   已生成 9/20：麻烦继续离车泊入吧，我一会儿还得赶时间去开会。...
2026-03-10 15:45:26,031 - INFO - 调用LLM泛化query：离车泊入
2026-03-10 15:45:26,031 - INFO - LLM泛化成功，生成1个变体
2026-03-10 15:45:26,031 - INFO -   已生成 10/20：麻烦帮我离车泊入吧，我得先去拿个东西。...
2026-03-10 15:45:26,031 - INFO - 调用LLM泛化query：开启离车泊入
2026-03-10 15:45:26,031 - INFO - LLM泛化成功，生成1个变体
2026-03-10 15:45:26,031 - INFO -   已生成 11/20：帮我开启离车泊入吧，车位太窄了（礼貌型，带原因）...
2026-03-10 15:45:26,031 - INFO - 调用LLM泛化query：继续离车泊入
2026-03-10 15:45:26,031 - INFO - LLM泛化成功，生成1个变体
2026-03-10 15:45:26,031 - INFO -   已生成 12/20：麻烦继续离车泊入吧，我一会儿还得赶时间去开会。...
2026-03-10 15:45:26,031 - INFO - 调用LLM泛化query：离车泊入
2026-03-10 15:45:26,031 - INFO - LLM泛化成功，生成1个变体
2026-03-10 15:45:26,032 - INFO -   已生成 13/20：麻烦帮我离车泊入吧，我得先去拿个东西。...
2026-03-10 15:45:26,032 - INFO - 调用LLM泛化query：开启离车泊入
2026-03-10 15:45:26,032 - INFO - LLM泛化成功，生成1个变体
2026-03-10 15:45:26,032 - INFO -   已生成 14/20：帮我开启离车泊入吧，车位太窄了（礼貌型，带原因）...
2026-03-10 15:45:26,032 - INFO - 调用LLM泛化query：继续离车泊入
2026-03-10 15:45:26,032 - INFO - LLM泛化成功，生成1个变体
2026-03-10 15:45:26,032 - INFO -   已生成 15/20：麻烦继续离车泊入吧，我一会儿还得赶时间去开会。...
2026-03-10 15:45:26,032 - INFO - 调用LLM泛化query：离车泊入
2026-03-10 15:45:26,032 - INFO - LLM泛化成功，生成1个变体
2026-03-10 15:45:26,032 - INFO -   已生成 16/20：麻烦帮我离车泊入吧，我得先去拿个东西。...
2026-03-10 15:45:26,032 - INFO - 调用LLM泛化query：开启离车泊入
2026-03-10 15:45:26,032 - INFO - LLM泛化成功，生成1个变体
2026-03-10 15:45:26,032 - INFO -   已生成 17/20：帮我开启离车泊入吧，车位太窄了（礼貌型，带原因）...
2026-03-10 15:45:26,032 - INFO - 调用LLM泛化query：继续离车泊入
2026-03-10 15:45:26,032 - INFO - LLM泛化成功，生成1个变体
2026-03-10 15:45:26,032 - INFO -   已生成 18/20：麻烦继续离车泊入吧，我一会儿还得赶时间去开会。...
2026-03-10 15:45:26,032 - INFO - 调用LLM泛化query：离车泊入
2026-03-10 15:45:26,032 - INFO - LLM泛化成功，生成1个变体
2026-03-10 15:45:26,032 - INFO -   已生成 19/20：麻烦帮我离车泊入吧，我得先去拿个东西。...
2026-03-10 15:45:26,032 - INFO - 调用LLM泛化query：开启离车泊入
2026-03-10 15:45:26,032 - INFO - LLM泛化成功，生成1个变体
2026-03-10 15:45:26,032 - INFO -   已生成 20/20：帮我开启离车泊入吧，车位太窄了（礼貌型，带原因）...
2026-03-10 15:45:26,032 - INFO - ID组 1 完成：基于3个原始query，新生成20个泛化query
2026-03-10 15:45:26,032 - INFO - 正在处理ID组 2/111：ID=2
2026-03-10 15:45:26,032 - INFO - 该ID组有4个原始query
2026-03-10 15:45:26,032 - INFO - 对应function：{"name":"vla_control", "arguments":{"action":"park...
2026-03-10 15:45:26,032 - INFO - 该ID组需要新生成：20个泛化query（比例1:20）
2026-03-10 15:45:26,032 - INFO - 调用LLM泛化query：泊车
2026-03-10 15:45:29,277 - INFO - LLM泛化成功，生成1个变体
2026-03-10 15:45:29,278 - INFO -   已生成 1/20：帮我泊车一下吧，我手里拿着东西不好操作...
2026-03-10 15:45:29,278 - INFO - 调用LLM泛化query：自己泊车吧
2026-03-10 15:45:31,320 - INFO - LLM泛化成功，生成1个变体
2026-03-10 15:45:31,321 - INFO -   已生成 2/20：那就自己泊车好了。...
2026-03-10 15:45:31,321 - INFO - 调用LLM泛化query：我要泊车
2026-03-10 15:45:32,915 - INFO - LLM泛化成功，生成1个变体
2026-03-10 15:45:32,916 - INFO -   已生成 3/20：帮我找个地方泊车吧，我刚买完东西不想走太远（带原因+礼貌型）...
2026-03-10 15:45:32,916 - INFO - 调用LLM泛化query：把车泊进去
2026-03-10 15:45:37,245 - INFO - LLM泛化成功，生成1个变体
2026-03-10 15:45:37,247 - INFO -   已生成 4/20：麻烦把车泊进去吧。...
2026-03-10 15:45:37,247 - INFO - 调用LLM泛化query：泊车
2026-03-10 15:45:37,247 - INFO - LLM泛化成功，生成1个变体
2026-03-10 15:45:37,247 - INFO -   已生成 5/20：帮我泊车一下吧，我手里拿着东西不好操作...
2026-03-10 15:45:37,248 - INFO - 调用LLM泛化query：自己泊车吧
2026-03-10 15:45:37,248 - INFO - LLM泛化成功，生成1个变体
2026-03-10 15:45:37,248 - INFO -   已生成 6/20：那就自己泊车好了。...
2026-03-10 15:45:37,248 - INFO - 调用LLM泛化query：我要泊车
2026-03-10 15:45:37,248 - INFO - LLM泛化成功，生成1个变体
2026-03-10 15:45:37,248 - INFO -   已生成 7/20：帮我找个地方泊车吧，我刚买完东西不想走太远（带原因+礼貌型）...
2026-03-10 15:45:37,248 - INFO - 调用LLM泛化query：把车泊进去
2026-03-10 15:45:37,249 - INFO - LLM泛化成功，生成1个变体
2026-03-10 15:45:37,249 - INFO -   已生成 8/20：麻烦把车泊进去吧。...
2026-03-10 15:45:37,249 - INFO - 调用LLM泛化query：泊车
2026-03-10 15:45:37,249 - INFO - LLM泛化成功，生成1个变体
2026-03-10 15:45:37,249 - INFO -   已生成 9/20：帮我泊车一下吧，我手里拿着东西不好操作...
2026-03-10 15:45:37,249 - INFO - 调用LLM泛化query：自己泊车吧
2026-03-10 15:45:37,250 - INFO - LLM泛化成功，生成1个变体
2026-03-10 15:45:37,250 - INFO -   已生成 10/20：那就自己泊车好了。...
2026-03-10 15:45:37,250 - INFO - 调用LLM泛化query：我要泊车
2026-03-10 15:45:37,250 - INFO - LLM泛化成功，生成1个变体
2026-03-10 15:45:37,250 - INFO -   已生成 11/20：帮我找个地方泊车吧，我刚买完东西不想走太远（带原因+礼貌型）...
2026-03-10 15:45:37,250 - INFO - 调用LLM泛化query：把车泊进去
2026-03-10 15:45:37,250 - INFO - LLM泛化成功，生成1个变体
2026-03-10 15:45:37,250 - INFO -   已生成 12/20：麻烦把车泊进去吧。...
2026-03-10 15:45:37,251 - INFO - 调用LLM泛化query：泊车
2026-03-10 15:45:37,251 - INFO - LLM泛化成功，生成1个变体
2026-03-10 15:45:37,251 - INFO -   已生成 13/20：帮我泊车一下吧，我手里拿着东西不好操作...
2026-03-10 15:45:37,251 - INFO - 调用LLM泛化query：自己泊车吧
2026-03-10 15:45:37,251 - INFO - LLM泛化成功，生成1个变体
2026-03-10 15:45:37,251 - INFO -   已生成 14/20：那就自己泊车好了。...
2026-03-10 15:45:37,251 - INFO - 调用LLM泛化query：我要泊车
2026-03-10 15:45:37,251 - INFO - LLM泛化成功，生成1个变体
2026-03-10 15:45:37,251 - INFO -   已生成 15/20：帮我找个地方泊车吧，我刚买完东西不想走太远（带原因+礼貌型）...
2026-03-10 15:45:37,251 - INFO - 调用LLM泛化query：把车泊进去
2026-03-10 15:45:37,252 - INFO - LLM泛化成功，生成1个变体
2026-03-10 15:45:37,252 - INFO -   已生成 16/20：麻烦把车泊进去吧。...
2026-03-10 15:45:37,252 - INFO - 调用LLM泛化query：泊车
2026-03-10 15:45:37,252 - INFO - LLM泛化成功，生成1个变体
2026-03-10 15:45:37,252 - INFO -   已生成 17/20：帮我泊车一下吧，我手里拿着东西不好操作...
2026-03-10 15:45:37,252 - INFO - 调用LLM泛化query：自己泊车吧
2026-03-10 15:45:37,252 - INFO - LLM泛化成功，生成1个变体
2026-03-10 15:45:37,252 - INFO -   已生成 18/20：那就自己泊车好了。...
2026-03-10 15:45:37,253 - INFO - 调用LLM泛化query：我要泊车
2026-03-10 15:45:37,253 - INFO - LLM泛化成功，生成1个变体
2026-03-10 15:45:37,253 - INFO -   已生成 19/20：帮我找个地方泊车吧，我刚买完东西不想走太远（带原因+礼貌型）...
2026-03-10 15:45:37,253 - INFO - 调用LLM泛化query：把车泊进去
2026-03-10 15:45:37,253 - INFO - LLM泛化成功，生成1个变体
2026-03-10 15:45:37,253 - INFO -   已生成 20/20：麻烦把车泊进去吧。...
2026-03-10 15:45:37,253 - INFO - ID组 2 完成：基于4个原始query，新生成20个泛化query
2026-03-10 15:45:37,253 - INFO - 正在处理ID组 3/111：ID=109
2026-03-10 15:45:37,253 - INFO - 该ID组有2个原始query
2026-03-10 15:45:37,253 - INFO - 对应function：{"name":"vla_control", "arguments":{"action":"park...
2026-03-10 15:45:37,253 - INFO - 该ID组需要新生成：20个泛化query（比例1:20）
2026-03-10 15:45:37,253 - INFO - 调用LLM泛化query：寻找车位
2026-03-10 15:45:39,250 - INFO - LLM泛化成功，生成1个变体
2026-03-10 15:45:39,250 - INFO -   已生成 1/20：前面有没有车位，帮我找一下吧...
2026-03-10 15:45:39,251 - INFO - 调用LLM泛化query：搜索车位
2026-03-10 15:45:40,871 - INFO - LLM泛化成功，生成1个变体
2026-03-10 15:45:40,871 - INFO -   已生成 2/20：附近有没有空车位啊，帮我搜一下吧（询问型，带情境和语气词）...
2026-03-10 15:45:40,871 - INFO - 调用LLM泛化query：寻找车位
2026-03-10 15:45:40,872 - INFO - LLM泛化成功，生成1个变体
2026-03-10 15:45:40,872 - INFO -   已生成 3/20：前面有没有车位，帮我找一下吧...
2026-03-10 15:45:40,872 - INFO - 调用LLM泛化query：搜索车位
2026-03-10 15:45:40,873 - INFO - LLM泛化成功，生成1个变体
2026-03-10 15:45:40,873 - INFO -   已生成 4/20：附近有没有空车位啊，帮我搜一下吧（询问型，带情境和语气词）...
2026-03-10 15:45:40,873 - INFO - 调用LLM泛化query：寻找车位
2026-03-10 15:45:40,873 - INFO - LLM泛化成功，生成1个变体
2026-03-10 15:45:40,873 - INFO -   已生成 5/20：前面有没有车位，帮我找一下吧...
2026-03-10 15:45:40,873 - INFO - 调用LLM泛化query：搜索车位
2026-03-10 15:45:40,873 - INFO - LLM泛化成功，生成1个变体
2026-03-10 15:45:40,874 - INFO -   已生成 6/20：附近有没有空车位啊，帮我搜一下吧（询问型，带情境和语气词）...
2026-03-10 15:45:40,874 - INFO - 调用LLM泛化query：寻找车位
2026-03-10 15:45:40,874 - INFO - LLM泛化成功，生成1个变体
2026-03-10 15:45:40,874 - INFO -   已生成 7/20：前面有没有车位，帮我找一下吧...
2026-03-10 15:45:40,874 - INFO - 调用LLM泛化query：搜索车位
2026-03-10 15:45:40,874 - INFO - LLM泛化成功，生成1个变体
2026-03-10 15:45:40,874 - INFO -   已生成 8/20：附近有没有空车位啊，帮我搜一下吧（询问型，带情境和语气词）...
2026-03-10 15:45:40,875 - INFO - 调用LLM泛化query：寻找车位
2026-03-10 15:45:40,875 - INFO - LLM泛化成功，生成1个变体
2026-03-10 15:45:40,875 - INFO -   已生成 9/20：前面有没有车位，帮我找一下吧...
2026-03-10 15:45:40,875 - INFO - 调用LLM泛化query：搜索车位
2026-03-10 15:45:40,875 - INFO - LLM泛化成功，生成1个变体
2026-03-10 15:45:40,875 - INFO -   已生成 10/20：附近有没有空车位啊，帮我搜一下吧（询问型，带情境和语气词）...
2026-03-10 15:45:40,875 - INFO - 调用LLM泛化query：寻找车位
2026-03-10 15:45:40,875 - INFO - LLM泛化成功，生成1个变体
2026-03-10 15:45:40,875 - INFO -   已生成 11/20：前面有没有车位，帮我找一下吧...
2026-03-10 15:45:40,875 - INFO - 调用LLM泛化query：搜索车位
2026-03-10 15:45:40,876 - INFO - LLM泛化成功，生成1个变体
2026-03-10 15:45:40,876 - INFO -   已生成 12/20：附近有没有空车位啊，帮我搜一下吧（询问型，带情境和语气词）...
2026-03-10 15:45:40,876 - INFO - 调用LLM泛化query：寻找车位
2026-03-10 15:45:40,876 - INFO - LLM泛化成功，生成1个变体
2026-03-10 15:45:40,876 - INFO -   已生成 13/20：前面有没有车位，帮我找一下吧...
2026-03-10 15:45:40,876 - INFO - 调用LLM泛化query：搜索车位
2026-03-10 15:45:40,876 - INFO - LLM泛化成功，生成1个变体
2026-03-10 15:45:40,876 - INFO -   已生成 14/20：附近有没有空车位啊，帮我搜一下吧（询问型，带情境和语气词）...
2026-03-10 15:45:40,876 - INFO - 调用LLM泛化query：寻找车位
2026-03-10 15:45:40,877 - INFO - LLM泛化成功，生成1个变体
2026-03-10 15:45:40,877 - INFO -   已生成 15/20：前面有没有车位，帮我找一下吧...
2026-03-10 15:45:40,877 - INFO - 调用LLM泛化query：搜索车位
2026-03-10 15:45:40,877 - INFO - LLM泛化成功，生成1个变体
2026-03-10 15:45:40,877 - INFO -   已生成 16/20：附近有没有空车位啊，帮我搜一下吧（询问型，带情境和语气词）...
2026-03-10 15:45:40,877 - INFO - 调用LLM泛化query：寻找车位
2026-03-10 15:45:40,877 - INFO - LLM泛化成功，生成1个变体
2026-03-10 15:45:40,877 - INFO -   已生成 17/20：前面有没有车位，帮我找一下吧...
2026-03-10 15:45:40,877 - INFO - 调用LLM泛化query：搜索车位
2026-03-10 15:45:40,877 - INFO - LLM泛化成功，生成1个变体
2026-03-10 15:45:40,877 - INFO -   已生成 18/20：附近有没有空车位啊，帮我搜一下吧（询问型，带情境和语气词）...
2026-03-10 15:45:40,878 - INFO - 调用LLM泛化query：寻找车位
2026-03-10 15:45:40,878 - INFO - LLM泛化成功，生成1个变体
2026-03-10 15:45:40,878 - INFO -   已生成 19/20：前面有没有车位，帮我找一下吧...
2026-03-10 15:45:40,878 - INFO - 调用LLM泛化query：搜索车位
2026-03-10 15:45:40,878 - INFO - LLM泛化成功，生成1个变体
2026-03-10 15:45:40,878 - INFO -   已生成 20/20：附近有没有空车位啊，帮我搜一下吧（询问型，带情境和语气词）...
2026-03-10 15:45:40,878 - INFO - ID组 3 完成：基于2个原始query，新生成20个泛化query
2026-03-10 15:45:40,878 - INFO - 正在处理ID组 4/111：ID=3
2026-03-10 15:45:40,878 - INFO - 该ID组有1个原始query
2026-03-10 15:45:40,878 - INFO - 对应function：{"name":"vla_control", "arguments":{"action":"park...
2026-03-10 15:45:40,878 - INFO - 该ID组需要新生成：20个泛化query（比例1:20）
2026-03-10 15:45:40,878 - INFO - 调用LLM泛化query：把车停到车位里
2026-03-10 15:45:43,095 - INFO - LLM泛化成功，生成1个变体
2026-03-10 15:45:43,095 - INFO -   已生成 1/20：停进车位里吧，快点，我赶时间！...
2026-03-10 15:45:43,095 - INFO - 调用LLM泛化query：把车停到车位里
2026-03-10 15:45:43,095 - INFO - LLM泛化成功，生成1个变体
2026-03-10 15:45:43,095 - INFO -   已生成 2/20：停进车位里吧，快点，我赶时间！...
2026-03-10 15:45:43,095 - INFO - 调用LLM泛化query：把车停到车位里
2026-03-10 15:45:43,095 - INFO - LLM泛化成功，生成1个变体
2026-03-10 15:45:43,096 - INFO -   已生成 3/20：停进车位里吧，快点，我赶时间！...
2026-03-10 15:45:43,096 - INFO - 调用LLM泛化query：把车停到车位里
2026-03-10 15:45:43,096 - INFO - LLM泛化成功，生成1个变体
2026-03-10 15:45:43,096 - INFO -   已生成 4/20：停进车位里吧，快点，我赶时间！...
2026-03-10 15:45:43,096 - INFO - 调用LLM泛化query：把车停到车位里
2026-03-10 15:45:43,096 - INFO - LLM泛化成功，生成1个变体
2026-03-10 15:45:43,096 - INFO -   已生成 5/20：停进车位里吧，快点，我赶时间！...
2026-03-10 15:45:43,096 - INFO - 调用LLM泛化query：把车停到车位里
2026-03-10 15:45:43,096 - INFO - LLM泛化成功，生成1个变体
2026-03-10 15:45:43,096 - INFO -   已生成 6/20：停进车位里吧，快点，我赶时间！...
2026-03-10 15:45:43,097 - INFO - 调用LLM泛化query：把车停到车位里
2026-03-10 15:45:43,097 - INFO - LLM泛化成功，生成1个变体
2026-03-10 15:45:43,097 - INFO -   已生成 7/20：停进车位里吧，快点，我赶时间！...
2026-03-10 15:45:43,097 - INFO - 调用LLM泛化query：把车停到车位里
2026-03-10 15:45:43,097 - INFO - LLM泛化成功，生成1个变体
2026-03-10 15:45:43,097 - INFO -   已生成 8/20：停进车位里吧，快点，我赶时间！...
2026-03-10 15:45:43,097 - INFO - 调用LLM泛化query：把车停到车位里
2026-03-10 15:45:43,097 - INFO - LLM泛化成功，生成1个变体
2026-03-10 15:45:43,097 - INFO -   已生成 9/20：停进车位里吧，快点，我赶时间！...
2026-03-10 15:45:43,097 - INFO - 调用LLM泛化query：把车停到车位里
2026-03-10 15:45:43,097 - INFO - LLM泛化成功，生成1个变体
2026-03-10 15:45:43,098 - INFO -   已生成 10/20：停进车位里吧，快点，我赶时间！...
2026-03-10 15:45:43,098 - INFO - 调用LLM泛化query：把车停到车位里
2026-03-10 15:45:43,098 - INFO - LLM泛化成功，生成1个变体
2026-03-10 15:45:43,098 - INFO -   已生成 11/20：停进车位里吧，快点，我赶时间！...
2026-03-10 15:45:43,098 - INFO - 调用LLM泛化query：把车停到车位里
2026-03-10 15:45:43,098 - INFO - LLM泛化成功，生成1个变体
2026-03-10 15:45:43,098 - INFO -   已生成 12/20：停进车位里吧，快点，我赶时间！...
2026-03-10 15:45:43,098 - INFO - 调用LLM泛化query：把车停到车位里
2026-03-10 15:45:43,098 - INFO - LLM泛化成功，生成1个变体
2026-03-10 15:45:43,098 - INFO -   已生成 13/20：停进车位里吧，快点，我赶时间！...
2026-03-10 15:45:43,099 - INFO - 调用LLM泛化query：把车停到车位里
2026-03-10 15:45:43,099 - INFO - LLM泛化成功，生成1个变体
2026-03-10 15:45:43,099 - INFO -   已生成 14/20：停进车位里吧，快点，我赶时间！...
2026-03-10 15:45:43,099 - INFO - 调用LLM泛化query：把车停到车位里
2026-03-10 15:45:43,099 - INFO - LLM泛化成功，生成1个变体
2026-03-10 15:45:43,099 - INFO -   已生成 15/20：停进车位里吧，快点，我赶时间！...
2026-03-10 15:45:43,099 - INFO - 调用LLM泛化query：把车停到车位里
2026-03-10 15:45:43,099 - INFO - LLM泛化成功，生成1个变体
2026-03-10 15:45:43,099 - INFO -   已生成 16/20：停进车位里吧，快点，我赶时间！...
2026-03-10 15:45:43,099 - INFO - 调用LLM泛化query：把车停到车位里
2026-03-10 15:45:43,100 - INFO - LLM泛化成功，生成1个变体
2026-03-10 15:45:43,100 - INFO -   已生成 17/20：停进车位里吧，快点，我赶时间！...
2026-03-10 15:45:43,100 - INFO - 调用LLM泛化query：把车停到车位里
2026-03-10 15:45:43,100 - INFO - LLM泛化成功，生成1个变体
2026-03-10 15:45:43,100 - INFO -   已生成 18/20：停进车位里吧，快点，我赶时间！...
2026-03-10 15:45:43,100 - INFO - 调用LLM泛化query：把车停到车位里
2026-03-10 15:45:43,100 - INFO - LLM泛化成功，生成1个变体
2026-03-10 15:45:43,100 - INFO -   已生成 19/20：停进车位里吧，快点，我赶时间！...
2026-03-10 15:45:43,100 - INFO - 调用LLM泛化query：把车停到车位里
2026-03-10 15:45:43,100 - INFO - LLM泛化成功，生成1个变体
2026-03-10 15:45:43,100 - INFO -   已生成 20/20：停进车位里吧，快点，我赶时间！...
2026-03-10 15:45:43,101 - INFO - ID组 4 完成：基于1个原始query，新生成20个泛化query
2026-03-10 15:45:43,101 - INFO - 正在处理ID组 5/111：ID=106
2026-03-10 15:45:43,101 - INFO - 该ID组有1个原始query
2026-03-10 15:45:43,101 - INFO - 对应function：{"name":"vla_control", "arguments":{"action":"park...
2026-03-10 15:45:43,101 - INFO - 该ID组需要新生成：20个泛化query（比例1:20）
2026-03-10 15:45:43,101 - INFO - 调用LLM泛化query：把车泊到车位里
2026-03-10 15:45:46,008 - INFO - LLM泛化成功，生成1个变体
2026-03-10 15:45:46,012 - INFO -   已生成 1/20：帮我把车泊到车位里吧，孩子还在车上呢...
2026-03-10 15:45:46,013 - INFO - 调用LLM泛化query：把车泊到车位里
2026-03-10 15:45:46,013 - INFO - LLM泛化成功，生成1个变体
2026-03-10 15:45:46,013 - INFO -   已生成 2/20：帮我把车泊到车位里吧，孩子还在车上呢...
2026-03-10 15:45:46,013 - INFO - 调用LLM泛化query：把车泊到车位里
2026-03-10 15:45:46,013 - INFO - LLM泛化成功，生成1个变体
2026-03-10 15:45:46,013 - INFO -   已生成 3/20：帮我把车泊到车位里吧，孩子还在车上呢...
2026-03-10 15:45:46,013 - INFO - 调用LLM泛化query：把车泊到车位里
2026-03-10 15:45:46,013 - INFO - LLM泛化成功，生成1个变体
2026-03-10 15:45:46,013 - INFO -   已生成 4/20：帮我把车泊到车位里吧，孩子还在车上呢...
2026-03-10 15:45:46,013 - INFO - 调用LLM泛化query：把车泊到车位里
2026-03-10 15:45:46,014 - INFO - LLM泛化成功，生成1个变体
2026-03-10 15:45:46,014 - INFO -   已生成 5/20：帮我把车泊到车位里吧，孩子还在车上呢...
2026-03-10 15:45:46,014 - INFO - 调用LLM泛化query：把车泊到车位里
2026-03-10 15:45:46,014 - INFO - LLM泛化成功，生成1个变体
2026-03-10 15:45:46,014 - INFO -   已生成 6/20：帮我把车泊到车位里吧，孩子还在车上呢...
2026-03-10 15:45:46,014 - INFO - 调用LLM泛化query：把车泊到车位里
2026-03-10 15:45:46,015 - INFO - LLM泛化成功，生成1个变体
2026-03-10 15:45:46,015 - INFO -   已生成 7/20：帮我把车泊到车位里吧，孩子还在车上呢...
2026-03-10 15:45:46,015 - INFO - 调用LLM泛化query：把车泊到车位里
2026-03-10 15:45:46,015 - INFO - LLM泛化成功，生成1个变体
2026-03-10 15:45:46,015 - INFO -   已生成 8/20：帮我把车泊到车位里吧，孩子还在车上呢...
2026-03-10 15:45:46,015 - INFO - 调用LLM泛化query：把车泊到车位里
2026-03-10 15:45:46,015 - INFO - LLM泛化成功，生成1个变体
2026-03-10 15:45:46,015 - INFO -   已生成 9/20：帮我把车泊到车位里吧，孩子还在车上呢...
2026-03-10 15:45:46,015 - INFO - 调用LLM泛化query：把车泊到车位里
2026-03-10 15:45:46,015 - INFO - LLM泛化成功，生成1个变体
2026-03-10 15:45:46,015 - INFO -   已生成 10/20：帮我把车泊到车位里吧，孩子还在车上呢...
2026-03-10 15:45:46,016 - INFO - 调用LLM泛化query：把车泊到车位里
2026-03-10 15:45:46,016 - INFO - LLM泛化成功，生成1个变体
2026-03-10 15:45:46,016 - INFO -   已生成 11/20：帮我把车泊到车位里吧，孩子还在车上呢...
2026-03-10 15:45:46,016 - INFO - 调用LLM泛化query：把车泊到车位里
2026-03-10 15:45:46,016 - INFO - LLM泛化成功，生成1个变体
2026-03-10 15:45:46,016 - INFO -   已生成 12/20：帮我把车泊到车位里吧，孩子还在车上呢...
2026-03-10 15:45:46,016 - INFO - 调用LLM泛化query：把车泊到车位里
2026-03-10 15:45:46,016 - INFO - LLM泛化成功，生成1个变体
2026-03-10 15:45:46,016 - INFO -   已生成 13/20：帮我把车泊到车位里吧，孩子还在车上呢...
2026-03-10 15:45:46,016 - INFO - 调用LLM泛化query：把车泊到车位里
2026-03-10 15:45:46,016 - INFO - LLM泛化成功，生成1个变体
2026-03-10 15:45:46,016 - INFO -   已生成 14/20：帮我把车泊到车位里吧，孩子还在车上呢...
2026-03-10 15:45:46,016 - INFO - 调用LLM泛化query：把车泊到车位里
2026-03-10 15:45:46,016 - INFO - LLM泛化成功，生成1个变体
2026-03-10 15:45:46,016 - INFO -   已生成 15/20：帮我把车泊到车位里吧，孩子还在车上呢...
2026-03-10 15:45:46,016 - INFO - 调用LLM泛化query：把车泊到车位里
2026-03-10 15:45:46,016 - INFO - LLM泛化成功，生成1个变体
2026-03-10 15:45:46,016 - INFO -   已生成 16/20：帮我把车泊到车位里吧，孩子还在车上呢...
2026-03-10 15:45:46,016 - INFO - 调用LLM泛化query：把车泊到车位里
2026-03-10 15:45:46,016 - INFO - LLM泛化成功，生成1个变体
2026-03-10 15:45:46,016 - INFO -   已生成 17/20：帮我把车泊到车位里吧，孩子还在车上呢...
2026-03-10 15:45:46,016 - INFO - 调用LLM泛化query：把车泊到车位里
2026-03-10 15:45:46,016 - INFO - LLM泛化成功，生成1个变体
2026-03-10 15:45:46,017 - INFO -   已生成 18/20：帮我把车泊到车位里吧，孩子还在车上呢...
2026-03-10 15:45:46,017 - INFO - 调用LLM泛化query：把车泊到车位里
2026-03-10 15:45:46,017 - INFO - LLM泛化成功，生成1个变体
2026-03-10 15:45:46,017 - INFO -   已生成 19/20：帮我把车泊到车位里吧，孩子还在车上呢...
2026-03-10 15:45:46,017 - INFO - 调用LLM泛化query：把车泊到车位里
2026-03-10 15:45:46,017 - INFO - LLM泛化成功，生成1个变体
2026-03-10 15:45:46,017 - INFO -   已生成 20/20：帮我把车泊到车位里吧，孩子还在车上呢...
2026-03-10 15:45:46,017 - INFO - ID组 5 完成：基于1个原始query，新生成20个泛化query
2026-03-10 15:45:46,017 - INFO - 正在处理ID组 6/111：ID=107
2026-03-10 15:45:46,017 - INFO - 该ID组有1个原始query
2026-03-10 15:45:46,017 - INFO - 对应function：{"name":"vla_control", "arguments":{"action":"navi...
2026-03-10 15:45:46,017 - INFO - 该ID组需要新生成：20个泛化query（比例1:20）
2026-03-10 15:45:46,017 - INFO - 调用LLM泛化query：把车开到车位里
2026-03-10 15:45:47,668 - INFO - LLM泛化成功，生成1个变体
2026-03-10 15:45:47,669 - INFO -   已生成 1/20：帮我把车开到车位里吧，我着急去办事呢...
2026-03-10 15:45:47,669 - INFO - 调用LLM泛化query：把车开到车位里
2026-03-10 15:45:47,669 - INFO - LLM泛化成功，生成1个变体
2026-03-10 15:45:47,669 - INFO -   已生成 2/20：帮我把车开到车位里吧，我着急去办事呢...
2026-03-10 15:45:47,669 - INFO - 调用LLM泛化query：把车开到车位里
2026-03-10 15:45:47,669 - INFO - LLM泛化成功，生成1个变体
2026-03-10 15:45:47,669 - INFO -   已生成 3/20：帮我把车开到车位里吧，我着急去办事呢...
2026-03-10 15:45:47,669 - INFO - 调用LLM泛化query：把车开到车位里
2026-03-10 15:45:47,669 - INFO - LLM泛化成功，生成1个变体
2026-03-10 15:45:47,669 - INFO -   已生成 4/20：帮我把车开到车位里吧，我着急去办事呢...
2026-03-10 15:45:47,669 - INFO - 调用LLM泛化query：把车开到车位里
2026-03-10 15:45:47,670 - INFO - LLM泛化成功，生成1个变体
2026-03-10 15:45:47,670 - INFO -   已生成 5/20：帮我把车开到车位里吧，我着急去办事呢...
2026-03-10 15:45:47,670 - INFO - 调用LLM泛化query：把车开到车位里
2026-03-10 15:45:47,670 - INFO - LLM泛化成功，生成1个变体
2026-03-10 15:45:47,670 - INFO -   已生成 6/20：帮我把车开到车位里吧，我着急去办事呢...
2026-03-10 15:45:47,670 - INFO - 调用LLM泛化query：把车开到车位里
2026-03-10 15:45:47,670 - INFO - LLM泛化成功，生成1个变体
2026-03-10 15:45:47,670 - INFO -   已生成 7/20：帮我把车开到车位里吧，我着急去办事呢...
2026-03-10 15:45:47,670 - INFO - 调用LLM泛化query：把车开到车位里
2026-03-10 15:45:47,670 - INFO - LLM泛化成功，生成1个变体
2026-03-10 15:45:47,670 - INFO -   已生成 8/20：帮我把车开到车位里吧，我着急去办事呢...
2026-03-10 15:45:47,670 - INFO - 调用LLM泛化query：把车开到车位里
2026-03-10 15:45:47,671 - INFO - LLM泛化成功，生成1个变体
2026-03-10 15:45:47,671 - INFO -   已生成 9/20：帮我把车开到车位里吧，我着急去办事呢...
2026-03-10 15:45:47,671 - INFO - 调用LLM泛化query：把车开到车位里
2026-03-10 15:45:47,671 - INFO - LLM泛化成功，生成1个变体
2026-03-10 15:45:47,671 - INFO -   已生成 10/20：帮我把车开到车位里吧，我着急去办事呢...
2026-03-10 15:45:47,671 - INFO - 调用LLM泛化query：把车开到车位里
2026-03-10 15:45:47,671 - INFO - LLM泛化成功，生成1个变体
2026-03-10 15:45:47,671 - INFO -   已生成 11/20：帮我把车开到车位里吧，我着急去办事呢...
2026-03-10 15:45:47,671 - INFO - 调用LLM泛化query：把车开到车位里
2026-03-10 15:45:47,671 - INFO - LLM泛化成功，生成1个变体
2026-03-10 15:45:47,672 - INFO -   已生成 12/20：帮我把车开到车位里吧，我着急去办事呢...
2026-03-10 15:45:47,672 - INFO - 调用LLM泛化query：把车开到车位里
2026-03-10 15:45:47,672 - INFO - LLM泛化成功，生成1个变体
2026-03-10 15:45:47,672 - INFO -   已生成 13/20：帮我把车开到车位里吧，我着急去办事呢...
2026-03-10 15:45:47,672 - INFO - 调用LLM泛化query：把车开到车位里
2026-03-10 15:45:47,672 - INFO - LLM泛化成功，生成1个变体
2026-03-10 15:45:47,672 - INFO -   已生成 14/20：帮我把车开到车位里吧，我着急去办事呢...
2026-03-10 15:45:47,672 - INFO - 调用LLM泛化query：把车开到车位里
2026-03-10 15:45:47,672 - INFO - LLM泛化成功，生成1个变体
2026-03-10 15:45:47,672 - INFO -   已生成 15/20：帮我把车开到车位里吧，我着急去办事呢...
2026-03-10 15:45:47,672 - INFO - 调用LLM泛化query：把车开到车位里
2026-03-10 15:45:47,673 - INFO - LLM泛化成功，生成1个变体
2026-03-10 15:45:47,673 - INFO -   已生成 16/20：帮我把车开到车位里吧，我着急去办事呢...
2026-03-10 15:45:47,673 - INFO - 调用LLM泛化query：把车开到车位里
2026-03-10 15:45:47,673 - INFO - LLM泛化成功，生成1个变体
2026-03-10 15:45:47,673 - INFO -   已生成 17/20：帮我把车开到车位里吧，我着急去办事呢...
2026-03-10 15:45:47,673 - INFO - 调用LLM泛化query：把车开到车位里
2026-03-10 15:45:47,673 - INFO - LLM泛化成功，生成1个变体
2026-03-10 15:45:47,673 - INFO -   已生成 18/20：帮我把车开到车位里吧，我着急去办事呢...
2026-03-10 15:45:47,673 - INFO - 调用LLM泛化query：把车开到车位里
2026-03-10 15:45:47,673 - INFO - LLM泛化成功，生成1个变体
2026-03-10 15:45:47,674 - INFO -   已生成 19/20：帮我把车开到车位里吧，我着急去办事呢...
2026-03-10 15:45:47,674 - INFO - 调用LLM泛化query：把车开到车位里
2026-03-10 15:45:47,674 - INFO - LLM泛化成功，生成1个变体
2026-03-10 15:45:47,674 - INFO -   已生成 20/20：帮我把车开到车位里吧，我着急去办事呢...
2026-03-10 15:45:47,674 - INFO - ID组 6 完成：基于1个原始query，新生成20个泛化query
2026-03-10 15:45:47,674 - INFO - 正在处理ID组 7/111：ID=4
2026-03-10 15:45:47,674 - INFO - 该ID组有6个原始query
2026-03-10 15:45:47,674 - INFO - 对应function：{"name":"vla_control", "arguments":{"action":"park...
2026-03-10 15:45:47,674 - INFO - 该ID组需要新生成：20个泛化query（比例1:20）
2026-03-10 15:45:47,675 - INFO - 调用LLM泛化query：停车
2026-03-10 15:45:48,993 - INFO - LLM泛化成功，生成1个变体
2026-03-10 15:45:48,994 - INFO -   已生成 1/20：帮我停一下车吧，前面好像有空位。...
2026-03-10 15:45:48,994 - INFO - 调用LLM泛化query：我要停车
2026-03-10 15:45:51,078 - INFO - LLM泛化成功，生成1个变体
2026-03-10 15:45:51,078 - INFO -   已生成 2/20：帮我停车一下，前面好像有空位呢。...
2026-03-10 15:45:51,078 - INFO - 调用LLM泛化query：帮我停车
2026-03-10 15:45:53,254 - INFO - LLM泛化成功，生成1个变体
2026-03-10 15:45:53,255 - INFO -   已生成 3/20：快点帮我停车吧，我着急下车（着急型，带原因）...
2026-03-10 15:45:53,255 - INFO - 调用LLM泛化query：开始停车
2026-03-10 15:45:54,542 - INFO - LLM泛化成功，生成1个变体
2026-03-10 15:45:54,543 - INFO -   已生成 4/20：帮我开始停车吧，我要下车了...
2026-03-10 15:45:54,543 - INFO - 调用LLM泛化query：继续停车
2026-03-10 15:45:56,059 - INFO - LLM泛化成功，生成1个变体
2026-03-10 15:45:56,060 - INFO -   已生成 5/20：那就继续停车吧...
2026-03-10 15:45:56,060 - INFO - 调用LLM泛化query：立即停车
2026-03-10 15:45:58,278 - INFO - LLM泛化成功，生成1个变体
2026-03-10 15:45:58,278 - INFO -   已生成 6/20：赶紧停车吧，我有点急...
2026-03-10 15:45:58,278 - INFO - 调用LLM泛化query：停车
2026-03-10 15:45:58,279 - INFO - LLM泛化成功，生成1个变体
2026-03-10 15:45:58,279 - INFO -   已生成 7/20：帮我停一下车吧，前面好像有空位。...
2026-03-10 15:45:58,279 - INFO - 调用LLM泛化query：我要停车
2026-03-10 15:45:58,280 - INFO - LLM泛化成功，生成1个变体
2026-03-10 15:45:58,280 - INFO -   已生成 8/20：帮我停车一下，前面好像有空位呢。...
2026-03-10 15:45:58,280 - INFO - 调用LLM泛化query：帮我停车
2026-03-10 15:45:58,282 - INFO - LLM泛化成功，生成1个变体
2026-03-10 15:45:58,283 - INFO -   已生成 9/20：快点帮我停车吧，我着急下车（着急型，带原因）...
2026-03-10 15:45:58,283 - INFO - 调用LLM泛化query：开始停车
2026-03-10 15:45:58,283 - INFO - LLM泛化成功，生成1个变体
2026-03-10 15:45:58,283 - INFO -   已生成 10/20：帮我开始停车吧，我要下车了...
2026-03-10 15:45:58,283 - INFO - 调用LLM泛化query：继续停车
2026-03-10 15:45:58,283 - INFO - LLM泛化成功，生成1个变体
2026-03-10 15:45:58,283 - INFO -   已生成 11/20：那就继续停车吧...
2026-03-10 15:45:58,283 - INFO - 调用LLM泛化query：立即停车
2026-03-10 15:45:58,284 - INFO - LLM泛化成功，生成1个变体
2026-03-10 15:45:58,284 - INFO -   已生成 12/20：赶紧停车吧，我有点急...
2026-03-10 15:45:58,284 - INFO - 调用LLM泛化query：停车
2026-03-10 15:45:58,284 - INFO - LLM泛化成功，生成1个变体
2026-03-10 15:45:58,284 - INFO -   已生成 13/20：帮我停一下车吧，前面好像有空位。...
2026-03-10 15:45:58,284 - INFO - 调用LLM泛化query：我要停车
2026-03-10 15:45:58,284 - INFO - LLM泛化成功，生成1个变体
2026-03-10 15:45:58,284 - INFO -   已生成 14/20：帮我停车一下，前面好像有空位呢。...
2026-03-10 15:45:58,284 - INFO - 调用LLM泛化query：帮我停车
2026-03-10 15:45:58,285 - INFO - LLM泛化成功，生成1个变体
2026-03-10 15:45:58,285 - INFO -   已生成 15/20：快点帮我停车吧，我着急下车（着急型，带原因）...
2026-03-10 15:45:58,285 - INFO - 调用LLM泛化query：开始停车
2026-03-10 15:45:58,285 - INFO - LLM泛化成功，生成1个变体
2026-03-10 15:45:58,285 - INFO -   已生成 16/20：帮我开始停车吧，我要下车了...
2026-03-10 15:45:58,285 - INFO - 调用LLM泛化query：继续停车
2026-03-10 15:45:58,285 - INFO - LLM泛化成功，生成1个变体
2026-03-10 15:45:58,285 - INFO -   已生成 17/20：那就继续停车吧...
2026-03-10 15:45:58,285 - INFO - 调用LLM泛化query：立即停车
2026-03-10 15:45:58,285 - INFO - LLM泛化成功，生成1个变体
2026-03-10 15:45:58,285 - INFO -   已生成 18/20：赶紧停车吧，我有点急...
2026-03-10 15:45:58,285 - INFO - 调用LLM泛化query：停车
2026-03-10 15:45:58,286 - INFO - LLM泛化成功，生成1个变体
2026-03-10 15:45:58,286 - INFO -   已生成 19/20：帮我停一下车吧，前面好像有空位。...
2026-03-10 15:45:58,286 - INFO - 调用LLM泛化query：我要停车
2026-03-10 15:45:58,286 - INFO - LLM泛化成功，生成1个变体
2026-03-10 15:45:58,286 - INFO -   已生成 20/20：帮我停车一下，前面好像有空位呢。...
2026-03-10 15:45:58,286 - INFO - ID组 7 完成：基于6个原始query，新生成20个泛化query
2026-03-10 15:45:58,286 - INFO - 正在处理ID组 8/111：ID=5
2026-03-10 15:45:58,287 - INFO - 该ID组有1个原始query
2026-03-10 15:45:58,287 - INFO - 对应function：{"name":"vla_control", "arguments":{"action":"park...
2026-03-10 15:45:58,287 - INFO - 该ID组需要新生成：20个泛化query（比例1:20）
2026-03-10 15:45:58,287 - INFO - 调用LLM泛化query：在这停车
2026-03-10 15:46:00,396 - INFO - LLM泛化成功，生成1个变体
2026-03-10 15:46:00,397 - INFO -   已生成 1/20：帮我在这停车吧，我东西太多了（礼貌型，带原因）...
2026-03-10 15:46:00,397 - INFO - 调用LLM泛化query：在这停车
2026-03-10 15:46:00,397 - INFO - LLM泛化成功，生成1个变体
2026-03-10 15:46:00,397 - INFO -   已生成 2/20：帮我在这停车吧，我东西太多了（礼貌型，带原因）...
2026-03-10 15:46:00,397 - INFO - 调用LLM泛化query：在这停车
2026-03-10 15:46:00,397 - INFO - LLM泛化成功，生成1个变体
2026-03-10 15:46:00,397 - INFO -   已生成 3/20：帮我在这停车吧，我东西太多了（礼貌型，带原因）...
2026-03-10 15:46:00,397 - INFO - 调用LLM泛化query：在这停车
2026-03-10 15:46:00,397 - INFO - LLM泛化成功，生成1个变体
2026-03-10 15:46:00,398 - INFO -   已生成 4/20：帮我在这停车吧，我东西太多了（礼貌型，带原因）...
2026-03-10 15:46:00,398 - INFO - 调用LLM泛化query：在这停车
2026-03-10 15:46:00,398 - INFO - LLM泛化成功，生成1个变体
2026-03-10 15:46:00,398 - INFO -   已生成 5/20：帮我在这停车吧，我东西太多了（礼貌型，带原因）...
2026-03-10 15:46:00,398 - INFO - 调用LLM泛化query：在这停车
2026-03-10 15:46:00,398 - INFO - LLM泛化成功，生成1个变体
2026-03-10 15:46:00,398 - INFO -   已生成 6/20：帮我在这停车吧，我东西太多了（礼貌型，带原因）...
2026-03-10 15:46:00,398 - INFO - 调用LLM泛化query：在这停车
2026-03-10 15:46:00,398 - INFO - LLM泛化成功，生成1个变体
2026-03-10 15:46:00,398 - INFO -   已生成 7/20：帮我在这停车吧，我东西太多了（礼貌型，带原因）...
2026-03-10 15:46:00,398 - INFO - 调用LLM泛化query：在这停车
2026-03-10 15:46:00,398 - INFO - LLM泛化成功，生成1个变体
2026-03-10 15:46:00,399 - INFO -   已生成 8/20：帮我在这停车吧，我东西太多了（礼貌型，带原因）...
2026-03-10 15:46:00,399 - INFO - 调用LLM泛化query：在这停车
2026-03-10 15:46:00,399 - INFO - LLM泛化成功，生成1个变体
2026-03-10 15:46:00,399 - INFO -   已生成 9/20：帮我在这停车吧，我东西太多了（礼貌型，带原因）...
2026-03-10 15:46:00,399 - INFO - 调用LLM泛化query：在这停车
2026-03-10 15:46:00,399 - INFO - LLM泛化成功，生成1个变体
2026-03-10 15:46:00,399 - INFO -   已生成 10/20：帮我在这停车吧，我东西太多了（礼貌型，带原因）...
2026-03-10 15:46:00,399 - INFO - 调用LLM泛化query：在这停车
2026-03-10 15:46:00,399 - INFO - LLM泛化成功，生成1个变体
2026-03-10 15:46:00,399 - INFO -   已生成 11/20：帮我在这停车吧，我东西太多了（礼貌型，带原因）...
2026-03-10 15:46:00,399 - INFO - 调用LLM泛化query：在这停车
2026-03-10 15:46:00,399 - INFO - LLM泛化成功，生成1个变体
2026-03-10 15:46:00,400 - INFO -   已生成 12/20：帮我在这停车吧，我东西太多了（礼貌型，带原因）...
2026-03-10 15:46:00,400 - INFO - 调用LLM泛化query：在这停车
2026-03-10 15:46:00,400 - INFO - LLM泛化成功，生成1个变体
2026-03-10 15:46:00,400 - INFO -   已生成 13/20：帮我在这停车吧，我东西太多了（礼貌型，带原因）...
2026-03-10 15:46:00,400 - INFO - 调用LLM泛化query：在这停车
2026-03-10 15:46:00,400 - INFO - LLM泛化成功，生成1个变体
2026-03-10 15:46:00,400 - INFO -   已生成 14/20：帮我在这停车吧，我东西太多了（礼貌型，带原因）...
2026-03-10 15:46:00,400 - INFO - 调用LLM泛化query：在这停车
2026-03-10 15:46:00,400 - INFO - LLM泛化成功，生成1个变体
2026-03-10 15:46:00,401 - INFO -   已生成 15/20：帮我在这停车吧，我东西太多了（礼貌型，带原因）...
2026-03-10 15:46:00,401 - INFO - 调用LLM泛化query：在这停车
2026-03-10 15:46:00,401 - INFO - LLM泛化成功，生成1个变体
2026-03-10 15:46:00,401 - INFO -   已生成 16/20：帮我在这停车吧，我东西太多了（礼貌型，带原因）...
2026-03-10 15:46:00,401 - INFO - 调用LLM泛化query：在这停车
2026-03-10 15:46:00,401 - INFO - LLM泛化成功，生成1个变体
2026-03-10 15:46:00,401 - INFO -   已生成 17/20：帮我在这停车吧，我东西太多了（礼貌型，带原因）...
2026-03-10 15:46:00,401 - INFO - 调用LLM泛化query：在这停车
2026-03-10 15:46:00,401 - INFO - LLM泛化成功，生成1个变体
2026-03-10 15:46:00,401 - INFO -   已生成 18/20：帮我在这停车吧，我东西太多了（礼貌型，带原因）...
2026-03-10 15:46:00,402 - INFO - 调用LLM泛化query：在这停车
2026-03-10 15:46:00,402 - INFO - LLM泛化成功，生成1个变体
2026-03-10 15:46:00,402 - INFO -   已生成 19/20：帮我在这停车吧，我东西太多了（礼貌型，带原因）...
2026-03-10 15:46:00,402 - INFO - 调用LLM泛化query：在这停车
2026-03-10 15:46:00,402 - INFO - LLM泛化成功，生成1个变体
2026-03-10 15:46:00,402 - INFO -   已生成 20/20：帮我在这停车吧，我东西太多了（礼貌型，带原因）...
2026-03-10 15:46:00,402 - INFO - ID组 8 完成：基于1个原始query，新生成20个泛化query
2026-03-10 15:46:00,402 - INFO - 正在处理ID组 9/111：ID=6
2026-03-10 15:46:00,402 - INFO - 该ID组有3个原始query
2026-03-10 15:46:00,402 - INFO - 对应function：{"name":"vla_control", "arguments":{"action":"geto...
2026-03-10 15:46:00,402 - INFO - 该ID组需要新生成：20个泛化query（比例1:20）
2026-03-10 15:46:00,402 - INFO - 调用LLM泛化query：靠左离车泊入
2026-03-10 15:46:02,189 - INFO - LLM泛化成功，生成1个变体
2026-03-10 15:46:02,189 - INFO -   已生成 1/20：麻烦靠左离车泊入吧，我带着孩子不方便直接停车。...
2026-03-10 15:46:02,189 - INFO - 调用LLM泛化query：靠右开启离车泊入
2026-03-10 15:46:04,480 - INFO - LLM泛化成功，生成1个变体
2026-03-10 15:46:04,480 - INFO -   已生成 2/20：麻烦靠右启用离车泊入吧，车不好停。...
2026-03-10 15:46:04,481 - INFO - 调用LLM泛化query：继续居中离车泊入
2026-03-10 15:46:07,182 - INFO - LLM泛化成功，生成1个变体
2026-03-10 15:46:07,183 - INFO -   已生成 3/20：麻烦继续帮我居中离车泊入吧...
2026-03-10 15:46:07,183 - INFO - 调用LLM泛化query：靠左离车泊入
2026-03-10 15:46:07,183 - INFO - LLM泛化成功，生成1个变体
2026-03-10 15:46:07,184 - INFO -   已生成 4/20：麻烦靠左离车泊入吧，我带着孩子不方便直接停车。...
2026-03-10 15:46:07,184 - INFO - 调用LLM泛化query：靠右开启离车泊入
2026-03-10 15:46:07,184 - INFO - LLM泛化成功，生成1个变体
2026-03-10 15:46:07,184 - INFO -   已生成 5/20：麻烦靠右启用离车泊入吧，车不好停。...
2026-03-10 15:46:07,184 - INFO - 调用LLM泛化query：继续居中离车泊入
2026-03-10 15:46:07,184 - INFO - LLM泛化成功，生成1个变体
2026-03-10 15:46:07,185 - INFO -   已生成 6/20：麻烦继续帮我居中离车泊入吧...
2026-03-10 15:46:07,185 - INFO - 调用LLM泛化query：靠左离车泊入
2026-03-10 15:46:07,185 - INFO - LLM泛化成功，生成1个变体
2026-03-10 15:46:07,185 - INFO -   已生成 7/20：麻烦靠左离车泊入吧，我带着孩子不方便直接停车。...
2026-03-10 15:46:07,185 - INFO - 调用LLM泛化query：靠右开启离车泊入
2026-03-10 15:46:07,185 - INFO - LLM泛化成功，生成1个变体
2026-03-10 15:46:07,185 - INFO -   已生成 8/20：麻烦靠右启用离车泊入吧，车不好停。...
2026-03-10 15:46:07,186 - INFO - 调用LLM泛化query：继续居中离车泊入
2026-03-10 15:46:07,186 - INFO - LLM泛化成功，生成1个变体
2026-03-10 15:46:07,186 - INFO -   已生成 9/20：麻烦继续帮我居中离车泊入吧...
2026-03-10 15:46:07,186 - INFO - 调用LLM泛化query：靠左离车泊入
2026-03-10 15:46:07,186 - INFO - LLM泛化成功，生成1个变体
2026-03-10 15:46:07,186 - INFO -   已生成 10/20：麻烦靠左离车泊入吧，我带着孩子不方便直接停车。...
2026-03-10 15:46:07,186 - INFO - 调用LLM泛化query：靠右开启离车泊入
2026-03-10 15:46:07,186 - INFO - LLM泛化成功，生成1个变体
2026-03-10 15:46:07,186 - INFO -   已生成 11/20：麻烦靠右启用离车泊入吧，车不好停。...
2026-03-10 15:46:07,187 - INFO - 调用LLM泛化query：继续居中离车泊入
2026-03-10 15:46:07,187 - INFO - LLM泛化成功，生成1个变体
2026-03-10 15:46:07,187 - INFO -   已生成 12/20：麻烦继续帮我居中离车泊入吧...
2026-03-10 15:46:07,187 - INFO - 调用LLM泛化query：靠左离车泊入
2026-03-10 15:46:07,187 - INFO - LLM泛化成功，生成1个变体
2026-03-10 15:46:07,187 - INFO -   已生成 13/20：麻烦靠左离车泊入吧，我带着孩子不方便直接停车。...
2026-03-10 15:46:07,187 - INFO - 调用LLM泛化query：靠右开启离车泊入
2026-03-10 15:46:07,187 - INFO - LLM泛化成功，生成1个变体
2026-03-10 15:46:07,188 - INFO -   已生成 14/20：麻烦靠右启用离车泊入吧，车不好停。...
2026-03-10 15:46:07,188 - INFO - 调用LLM泛化query：继续居中离车泊入
2026-03-10 15:46:07,188 - INFO - LLM泛化成功，生成1个变体
2026-03-10 15:46:07,188 - INFO -   已生成 15/20：麻烦继续帮我居中离车泊入吧...
2026-03-10 15:46:07,188 - INFO - 调用LLM泛化query：靠左离车泊入
2026-03-10 15:46:07,188 - INFO - LLM泛化成功，生成1个变体
2026-03-10 15:46:07,188 - INFO -   已生成 16/20：麻烦靠左离车泊入吧，我带着孩子不方便直接停车。...
2026-03-10 15:46:07,188 - INFO - 调用LLM泛化query：靠右开启离车泊入
2026-03-10 15:46:07,189 - INFO - LLM泛化成功，生成1个变体
2026-03-10 15:46:07,189 - INFO -   已生成 17/20：麻烦靠右启用离车泊入吧，车不好停。...
2026-03-10 15:46:07,189 - INFO - 调用LLM泛化query：继续居中离车泊入
2026-03-10 15:46:07,189 - INFO - LLM泛化成功，生成1个变体
2026-03-10 15:46:07,189 - INFO -   已生成 18/20：麻烦继续帮我居中离车泊入吧...
2026-03-10 15:46:07,189 - INFO - 调用LLM泛化query：靠左离车泊入
2026-03-10 15:46:07,189 - INFO - LLM泛化成功，生成1个变体
2026-03-10 15:46:07,189 - INFO -   已生成 19/20：麻烦靠左离车泊入吧，我带着孩子不方便直接停车。...
2026-03-10 15:46:07,189 - INFO - 调用LLM泛化query：靠右开启离车泊入
2026-03-10 15:46:07,189 - INFO - LLM泛化成功，生成1个变体
2026-03-10 15:46:07,190 - INFO -   已生成 20/20：麻烦靠右启用离车泊入吧，车不好停。...
2026-03-10 15:46:07,190 - INFO - ID组 9 完成：基于3个原始query，新生成20个泛化query
2026-03-10 15:46:07,190 - INFO - 正在处理ID组 10/111：ID=7
2026-03-10 15:46:07,190 - INFO - 该ID组有4个原始query
2026-03-10 15:46:07,190 - INFO - 对应function：{"name":"vla_control", "arguments":{"action":"park...
2026-03-10 15:46:07,190 - INFO - 该ID组需要新生成：20个泛化query（比例1:20）
2026-03-10 15:46:07,190 - INFO - 调用LLM泛化query：靠左泊车
2026-03-10 15:46:08,825 - INFO - LLM泛化成功，生成1个变体
2026-03-10 15:46:08,826 - INFO -   已生成 1/20：往左边泊车吧，我带着孩子不方便下车（带原因+语气词）...
2026-03-10 15:46:08,826 - INFO - 调用LLM泛化query：自己靠右泊车吧
2026-03-10 15:46:10,265 - INFO - LLM泛化成功，生成1个变体
2026-03-10 15:46:10,267 - INFO -   已生成 2/20：自己泊车到右边一下吧...
2026-03-10 15:46:10,267 - INFO - 调用LLM泛化query：我要居中泊车
2026-03-10 15:46:13,559 - INFO - LLM泛化成功，生成1个变体
2026-03-10 15:46:13,559 - INFO -   已生成 3/20：帮我居中泊车吧，车停得整齐点（礼貌型，带要求）...
2026-03-10 15:46:13,559 - INFO - 调用LLM泛化query：把车靠左泊进去
2026-03-10 15:46:15,236 - INFO - LLM泛化成功，生成1个变体
2026-03-10 15:46:15,236 - INFO -   已生成 4/20：麻烦把车往左边泊进去，我这边不好下车...
2026-03-10 15:46:15,236 - INFO - 调用LLM泛化query：靠左泊车
2026-03-10 15:46:15,236 - INFO - LLM泛化成功，生成1个变体
2026-03-10 15:46:15,236 - INFO -   已生成 5/20：往左边泊车吧，我带着孩子不方便下车（带原因+语气词）...
2026-03-10 15:46:15,236 - INFO - 调用LLM泛化query：自己靠右泊车吧
2026-03-10 15:46:15,236 - INFO - LLM泛化成功，生成1个变体
2026-03-10 15:46:15,236 - INFO -   已生成 6/20：自己泊车到右边一下吧...
2026-03-10 15:46:15,236 - INFO - 调用LLM泛化query：我要居中泊车
2026-03-10 15:46:15,236 - INFO - LLM泛化成功，生成1个变体
2026-03-10 15:46:15,236 - INFO -   已生成 7/20：帮我居中泊车吧，车停得整齐点（礼貌型，带要求）...
2026-03-10 15:46:15,236 - INFO - 调用LLM泛化query：把车靠左泊进去
2026-03-10 15:46:15,236 - INFO - LLM泛化成功，生成1个变体
2026-03-10 15:46:15,236 - INFO -   已生成 8/20：麻烦把车往左边泊进去，我这边不好下车...
2026-03-10 15:46:15,236 - INFO - 调用LLM泛化query：靠左泊车
2026-03-10 15:46:15,236 - INFO - LLM泛化成功，生成1个变体
2026-03-10 15:46:15,236 - INFO -   已生成 9/20：往左边泊车吧，我带着孩子不方便下车（带原因+语气词）...
2026-03-10 15:46:15,236 - INFO - 调用LLM泛化query：自己靠右泊车吧
2026-03-10 15:46:15,236 - INFO - LLM泛化成功，生成1个变体
2026-03-10 15:46:15,236 - INFO -   已生成 10/20：自己泊车到右边一下吧...
2026-03-10 15:46:15,236 - INFO - 调用LLM泛化query：我要居中泊车
2026-03-10 15:46:15,236 - INFO - LLM泛化成功，生成1个变体
2026-03-10 15:46:15,236 - INFO -   已生成 11/20：帮我居中泊车吧，车停得整齐点（礼貌型，带要求）...
2026-03-10 15:46:15,237 - INFO - 调用LLM泛化query：把车靠左泊进去
2026-03-10 15:46:15,237 - INFO - LLM泛化成功，生成1个变体
2026-03-10 15:46:15,237 - INFO -   已生成 12/20：麻烦把车往左边泊进去，我这边不好下车...
2026-03-10 15:46:15,237 - INFO - 调用LLM泛化query：靠左泊车
2026-03-10 15:46:15,237 - INFO - LLM泛化成功，生成1个变体
2026-03-10 15:46:15,237 - INFO -   已生成 13/20：往左边泊车吧，我带着孩子不方便下车（带原因+语气词）...
2026-03-10 15:46:15,237 - INFO - 调用LLM泛化query：自己靠右泊车吧
2026-03-10 15:46:15,237 - INFO - LLM泛化成功，生成1个变体
2026-03-10 15:46:15,237 - INFO -   已生成 14/20：自己泊车到右边一下吧...
2026-03-10 15:46:15,237 - INFO - 调用LLM泛化query：我要居中泊车
2026-03-10 15:46:15,237 - INFO - LLM泛化成功，生成1个变体
2026-03-10 15:46:15,237 - INFO -   已生成 15/20：帮我居中泊车吧，车停得整齐点（礼貌型，带要求）...
2026-03-10 15:46:15,237 - INFO - 调用LLM泛化query：把车靠左泊进去
2026-03-10 15:46:15,237 - INFO - LLM泛化成功，生成1个变体
2026-03-10 15:46:15,237 - INFO -   已生成 16/20：麻烦把车往左边泊进去，我这边不好下车...
2026-03-10 15:46:15,237 - INFO - 调用LLM泛化query：靠左泊车
2026-03-10 15:46:15,237 - INFO - LLM泛化成功，生成1个变体
2026-03-10 15:46:15,237 - INFO -   已生成 17/20：往左边泊车吧，我带着孩子不方便下车（带原因+语气词）...
2026-03-10 15:46:15,237 - INFO - 调用LLM泛化query：自己靠右泊车吧
2026-03-10 15:46:15,237 - INFO - LLM泛化成功，生成1个变体
2026-03-10 15:46:15,237 - INFO -   已生成 18/20：自己泊车到右边一下吧...
2026-03-10 15:46:15,237 - INFO - 调用LLM泛化query：我要居中泊车
2026-03-10 15:46:15,237 - INFO - LLM泛化成功，生成1个变体
2026-03-10 15:46:15,237 - INFO -   已生成 19/20：帮我居中泊车吧，车停得整齐点（礼貌型，带要求）...
2026-03-10 15:46:15,237 - INFO - 调用LLM泛化query：把车靠左泊进去
2026-03-10 15:46:15,237 - INFO - LLM泛化成功，生成1个变体
2026-03-10 15:46:15,237 - INFO -   已生成 20/20：麻烦把车往左边泊进去，我这边不好下车...
2026-03-10 15:46:15,237 - INFO - ID组 10 完成：基于4个原始query，新生成20个泛化query
2026-03-10 15:46:15,237 - INFO - 正在处理ID组 11/111：ID=8
2026-03-10 15:46:15,237 - INFO - 该ID组有1个原始query
2026-03-10 15:46:15,237 - INFO - 对应function：{"name":"vla_control", "arguments":{"action":"park...
2026-03-10 15:46:15,237 - INFO - 该ID组需要新生成：20个泛化query（比例1:20）
2026-03-10 15:46:15,237 - INFO - 调用LLM泛化query：把车停到车位里
2026-03-10 15:46:15,237 - INFO - LLM泛化成功，生成1个变体
2026-03-10 15:46:15,237 - INFO -   已生成 1/20：停进车位里吧，快点，我赶时间！...
2026-03-10 15:46:15,237 - INFO - 调用LLM泛化query：把车停到车位里
2026-03-10 15:46:15,237 - INFO - LLM泛化成功，生成1个变体
2026-03-10 15:46:15,237 - INFO -   已生成 2/20：停进车位里吧，快点，我赶时间！...
2026-03-10 15:46:15,237 - INFO - 调用LLM泛化query：把车停到车位里
2026-03-10 15:46:15,238 - INFO - LLM泛化成功，生成1个变体
2026-03-10 15:46:15,238 - INFO -   已生成 3/20：停进车位里吧，快点，我赶时间！...
2026-03-10 15:46:15,238 - INFO - 调用LLM泛化query：把车停到车位里
2026-03-10 15:46:15,238 - INFO - LLM泛化成功，生成1个变体
2026-03-10 15:46:15,238 - INFO -   已生成 4/20：停进车位里吧，快点，我赶时间！...
2026-03-10 15:46:15,238 - INFO - 调用LLM泛化query：把车停到车位里
2026-03-10 15:46:15,238 - INFO - LLM泛化成功，生成1个变体
2026-03-10 15:46:15,238 - INFO -   已生成 5/20：停进车位里吧，快点，我赶时间！...
2026-03-10 15:46:15,238 - INFO - 调用LLM泛化query：把车停到车位里
2026-03-10 15:46:15,238 - INFO - LLM泛化成功，生成1个变体
2026-03-10 15:46:15,238 - INFO -   已生成 6/20：停进车位里吧，快点，我赶时间！...
2026-03-10 15:46:15,238 - INFO - 调用LLM泛化query：把车停到车位里
2026-03-10 15:46:15,238 - INFO - LLM泛化成功，生成1个变体
2026-03-10 15:46:15,238 - INFO -   已生成 7/20：停进车位里吧，快点，我赶时间！...
2026-03-10 15:46:15,238 - INFO - 调用LLM泛化query：把车停到车位里
2026-03-10 15:46:15,238 - INFO - LLM泛化成功，生成1个变体
2026-03-10 15:46:15,238 - INFO -   已生成 8/20：停进车位里吧，快点，我赶时间！...
2026-03-10 15:46:15,238 - INFO - 调用LLM泛化query：把车停到车位里
2026-03-10 15:46:15,238 - INFO - LLM泛化成功，生成1个变体
2026-03-10 15:46:15,238 - INFO -   已生成 9/20：停进车位里吧，快点，我赶时间！...
2026-03-10 15:46:15,238 - INFO - 调用LLM泛化query：把车停到车位里
2026-03-10 15:46:15,238 - INFO - LLM泛化成功，生成1个变体
2026-03-10 15:46:15,238 - INFO -   已生成 10/20：停进车位里吧，快点，我赶时间！...
2026-03-10 15:46:15,238 - INFO - 调用LLM泛化query：把车停到车位里
2026-03-10 15:46:15,238 - INFO - LLM泛化成功，生成1个变体
2026-03-10 15:46:15,238 - INFO -   已生成 11/20：停进车位里吧，快点，我赶时间！...
2026-03-10 15:46:15,238 - INFO - 调用LLM泛化query：把车停到车位里
2026-03-10 15:46:15,238 - INFO - LLM泛化成功，生成1个变体
2026-03-10 15:46:15,238 - INFO -   已生成 12/20：停进车位里吧，快点，我赶时间！...
2026-03-10 15:46:15,238 - INFO - 调用LLM泛化query：把车停到车位里
2026-03-10 15:46:15,238 - INFO - LLM泛化成功，生成1个变体
2026-03-10 15:46:15,238 - INFO -   已生成 13/20：停进车位里吧，快点，我赶时间！...
2026-03-10 15:46:15,238 - INFO - 调用LLM泛化query：把车停到车位里
2026-03-10 15:46:15,238 - INFO - LLM泛化成功，生成1个变体
2026-03-10 15:46:15,238 - INFO -   已生成 14/20：停进车位里吧，快点，我赶时间！...
2026-03-10 15:46:15,238 - INFO - 调用LLM泛化query：把车停到车位里
2026-03-10 15:46:15,238 - INFO - LLM泛化成功，生成1个变体
2026-03-10 15:46:15,238 - INFO -   已生成 15/20：停进车位里吧，快点，我赶时间！...
2026-03-10 15:46:15,238 - INFO - 调用LLM泛化query：把车停到车位里
2026-03-10 15:46:15,238 - INFO - LLM泛化成功，生成1个变体
2026-03-10 15:46:15,239 - INFO -   已生成 16/20：停进车位里吧，快点，我赶时间！...
2026-03-10 15:46:15,239 - INFO - 调用LLM泛化query：把车停到车位里
2026-03-10 15:46:15,239 - INFO - LLM泛化成功，生成1个变体
2026-03-10 15:46:15,239 - INFO -   已生成 17/20：停进车位里吧，快点，我赶时间！...
2026-03-10 15:46:15,239 - INFO - 调用LLM泛化query：把车停到车位里
2026-03-10 15:46:15,239 - INFO - LLM泛化成功，生成1个变体
2026-03-10 15:46:15,239 - INFO -   已生成 18/20：停进车位里吧，快点，我赶时间！...
2026-03-10 15:46:15,239 - INFO - 调用LLM泛化query：把车停到车位里
2026-03-10 15:46:15,239 - INFO - LLM泛化成功，生成1个变体
2026-03-10 15:46:15,239 - INFO -   已生成 19/20：停进车位里吧，快点，我赶时间！...
2026-03-10 15:46:15,239 - INFO - 调用LLM泛化query：把车停到车位里
2026-03-10 15:46:15,239 - INFO - LLM泛化成功，生成1个变体
2026-03-10 15:46:15,239 - INFO -   已生成 20/20：停进车位里吧，快点，我赶时间！...
2026-03-10 15:46:15,239 - INFO - ID组 11 完成：基于1个原始query，新生成20个泛化query
2026-03-10 15:46:15,239 - INFO - 正在处理ID组 12/111：ID=9
2026-03-10 15:46:15,239 - INFO - 该ID组有1个原始query
2026-03-10 15:46:15,239 - INFO - 对应function：{"name":"vla_control", "arguments":{"action":"park...
2026-03-10 15:46:15,239 - INFO - 该ID组需要新生成：20个泛化query（比例1:20）
2026-03-10 15:46:15,239 - INFO - 调用LLM泛化query：把车泊到车位里
2026-03-10 15:46:15,239 - INFO - LLM泛化成功，生成1个变体
2026-03-10 15:46:15,239 - INFO -   已生成 1/20：帮我把车泊到车位里吧，孩子还在车上呢...
2026-03-10 15:46:15,239 - INFO - 调用LLM泛化query：把车泊到车位里
2026-03-10 15:46:15,239 - INFO - LLM泛化成功，生成1个变体
2026-03-10 15:46:15,239 - INFO -   已生成 2/20：帮我把车泊到车位里吧，孩子还在车上呢...
2026-03-10 15:46:15,239 - INFO - 调用LLM泛化query：把车泊到车位里
2026-03-10 15:46:15,239 - INFO - LLM泛化成功，生成1个变体
2026-03-10 15:46:15,239 - INFO -   已生成 3/20：帮我把车泊到车位里吧，孩子还在车上呢...
2026-03-10 15:46:15,239 - INFO - 调用LLM泛化query：把车泊到车位里
2026-03-10 15:46:15,239 - INFO - LLM泛化成功，生成1个变体
2026-03-10 15:46:15,239 - INFO -   已生成 4/20：帮我把车泊到车位里吧，孩子还在车上呢...
2026-03-10 15:46:15,239 - INFO - 调用LLM泛化query：把车泊到车位里
2026-03-10 15:46:15,239 - INFO - LLM泛化成功，生成1个变体
2026-03-10 15:46:15,239 - INFO -   已生成 5/20：帮我把车泊到车位里吧，孩子还在车上呢...
2026-03-10 15:46:15,239 - INFO - 调用LLM泛化query：把车泊到车位里
2026-03-10 15:46:15,239 - INFO - LLM泛化成功，生成1个变体
2026-03-10 15:46:15,239 - INFO -   已生成 6/20：帮我把车泊到车位里吧，孩子还在车上呢...
2026-03-10 15:46:15,239 - INFO - 调用LLM泛化query：把车泊到车位里
2026-03-10 15:46:15,239 - INFO - LLM泛化成功，生成1个变体
2026-03-10 15:46:15,239 - INFO -   已生成 7/20：帮我把车泊到车位里吧，孩子还在车上呢...
2026-03-10 15:46:15,240 - INFO - 调用LLM泛化query：把车泊到车位里
2026-03-10 15:46:15,240 - INFO - LLM泛化成功，生成1个变体
2026-03-10 15:46:15,240 - INFO -   已生成 8/20：帮我把车泊到车位里吧，孩子还在车上呢...
2026-03-10 15:46:15,240 - INFO - 调用LLM泛化query：把车泊到车位里
2026-03-10 15:46:15,240 - INFO - LLM泛化成功，生成1个变体
2026-03-10 15:46:15,240 - INFO -   已生成 9/20：帮我把车泊到车位里吧，孩子还在车上呢...
2026-03-10 15:46:15,240 - INFO - 调用LLM泛化query：把车泊到车位里
2026-03-10 15:46:15,240 - INFO - LLM泛化成功，生成1个变体
2026-03-10 15:46:15,240 - INFO -   已生成 10/20：帮我把车泊到车位里吧，孩子还在车上呢...
2026-03-10 15:46:15,240 - INFO - 调用LLM泛化query：把车泊到车位里
2026-03-10 15:46:15,240 - INFO - LLM泛化成功，生成1个变体
2026-03-10 15:46:15,240 - INFO -   已生成 11/20：帮我把车泊到车位里吧，孩子还在车上呢...
2026-03-10 15:46:15,240 - INFO - 调用LLM泛化query：把车泊到车位里
2026-03-10 15:46:15,240 - INFO - LLM泛化成功，生成1个变体
2026-03-10 15:46:15,240 - INFO -   已生成 12/20：帮我把车泊到车位里吧，孩子还在车上呢...
2026-03-10 15:46:15,240 - INFO - 调用LLM泛化query：把车泊到车位里
2026-03-10 15:46:15,240 - INFO - LLM泛化成功，生成1个变体
2026-03-10 15:46:15,240 - INFO -   已生成 13/20：帮我把车泊到车位里吧，孩子还在车上呢...
2026-03-10 15:46:15,240 - INFO - 调用LLM泛化query：把车泊到车位里
2026-03-10 15:46:15,240 - INFO - LLM泛化成功，生成1个变体
2026-03-10 15:46:15,240 - INFO -   已生成 14/20：帮我把车泊到车位里吧，孩子还在车上呢...
2026-03-10 15:46:15,240 - INFO - 调用LLM泛化query：把车泊到车位里
2026-03-10 15:46:15,240 - INFO - LLM泛化成功，生成1个变体
2026-03-10 15:46:15,240 - INFO -   已生成 15/20：帮我把车泊到车位里吧，孩子还在车上呢...
2026-03-10 15:46:15,240 - INFO - 调用LLM泛化query：把车泊到车位里
2026-03-10 15:46:15,240 - INFO - LLM泛化成功，生成1个变体
2026-03-10 15:46:15,240 - INFO -   已生成 16/20：帮我把车泊到车位里吧，孩子还在车上呢...
2026-03-10 15:46:15,240 - INFO - 调用LLM泛化query：把车泊到车位里
2026-03-10 15:46:15,240 - INFO - LLM泛化成功，生成1个变体
2026-03-10 15:46:15,240 - INFO -   已生成 17/20：帮我把车泊到车位里吧，孩子还在车上呢...
2026-03-10 15:46:15,240 - INFO - 调用LLM泛化query：把车泊到车位里
2026-03-10 15:46:15,240 - INFO - LLM泛化成功，生成1个变体
2026-03-10 15:46:15,240 - INFO -   已生成 18/20：帮我把车泊到车位里吧，孩子还在车上呢...
2026-03-10 15:46:15,240 - INFO - 调用LLM泛化query：把车泊到车位里
2026-03-10 15:46:15,240 - INFO - LLM泛化成功，生成1个变体
2026-03-10 15:46:15,240 - INFO -   已生成 19/20：帮我把车泊到车位里吧，孩子还在车上呢...
2026-03-10 15:46:15,240 - INFO - 调用LLM泛化query：把车泊到车位里
2026-03-10 15:46:15,240 - INFO - LLM泛化成功，生成1个变体
2026-03-10 15:46:15,240 - INFO -   已生成 20/20：帮我把车泊到车位里吧，孩子还在车上呢...
2026-03-10 15:46:15,240 - INFO - ID组 12 完成：基于1个原始query，新生成20个泛化query
2026-03-10 15:46:15,240 - INFO - 正在处理ID组 13/111：ID=10
2026-03-10 15:46:15,241 - INFO - 该ID组有1个原始query
2026-03-10 15:46:15,241 - INFO - 对应function：{"name":"vla_control", "arguments":{"action":"navi...
2026-03-10 15:46:15,241 - INFO - 该ID组需要新生成：20个泛化query（比例1:20）
2026-03-10 15:46:15,241 - INFO - 调用LLM泛化query：把车开到车位里
2026-03-10 15:46:15,241 - INFO - LLM泛化成功，生成1个变体
2026-03-10 15:46:15,241 - INFO -   已生成 1/20：帮我把车开到车位里吧，我着急去办事呢...
2026-03-10 15:46:15,241 - INFO - 调用LLM泛化query：把车开到车位里
2026-03-10 15:46:15,241 - INFO - LLM泛化成功，生成1个变体
2026-03-10 15:46:15,241 - INFO -   已生成 2/20：帮我把车开到车位里吧，我着急去办事呢...
2026-03-10 15:46:15,241 - INFO - 调用LLM泛化query：把车开到车位里
2026-03-10 15:46:15,241 - INFO - LLM泛化成功，生成1个变体
2026-03-10 15:46:15,241 - INFO -   已生成 3/20：帮我把车开到车位里吧，我着急去办事呢...
2026-03-10 15:46:15,241 - INFO - 调用LLM泛化query：把车开到车位里
2026-03-10 15:46:15,241 - INFO - LLM泛化成功，生成1个变体
2026-03-10 15:46:15,241 - INFO -   已生成 4/20：帮我把车开到车位里吧，我着急去办事呢...
2026-03-10 15:46:15,241 - INFO - 调用LLM泛化query：把车开到车位里
2026-03-10 15:46:15,241 - INFO - LLM泛化成功，生成1个变体
2026-03-10 15:46:15,241 - INFO -   已生成 5/20：帮我把车开到车位里吧，我着急去办事呢...
2026-03-10 15:46:15,241 - INFO - 调用LLM泛化query：把车开到车位里
2026-03-10 15:46:15,241 - INFO - LLM泛化成功，生成1个变体
2026-03-10 15:46:15,241 - INFO -   已生成 6/20：帮我把车开到车位里吧，我着急去办事呢...
2026-03-10 15:46:15,241 - INFO - 调用LLM泛化query：把车开到车位里
2026-03-10 15:46:15,241 - INFO - LLM泛化成功，生成1个变体
2026-03-10 15:46:15,241 - INFO -   已生成 7/20：帮我把车开到车位里吧，我着急去办事呢...
2026-03-10 15:46:15,241 - INFO - 调用LLM泛化query：把车开到车位里
2026-03-10 15:46:15,241 - INFO - LLM泛化成功，生成1个变体
2026-03-10 15:46:15,241 - INFO -   已生成 8/20：帮我把车开到车位里吧，我着急去办事呢...
2026-03-10 15:46:15,241 - INFO - 调用LLM泛化query：把车开到车位里
2026-03-10 15:46:15,241 - INFO - LLM泛化成功，生成1个变体
2026-03-10 15:46:15,241 - INFO -   已生成 9/20：帮我把车开到车位里吧，我着急去办事呢...
2026-03-10 15:46:15,241 - INFO - 调用LLM泛化query：把车开到车位里
2026-03-10 15:46:15,241 - INFO - LLM泛化成功，生成1个变体
2026-03-10 15:46:15,241 - INFO -   已生成 10/20：帮我把车开到车位里吧，我着急去办事呢...
2026-03-10 15:46:15,241 - INFO - 调用LLM泛化query：把车开到车位里
2026-03-10 15:46:15,241 - INFO - LLM泛化成功，生成1个变体
2026-03-10 15:46:15,241 - INFO -   已生成 11/20：帮我把车开到车位里吧，我着急去办事呢...
2026-03-10 15:46:15,241 - INFO - 调用LLM泛化query：把车开到车位里
2026-03-10 15:46:15,241 - INFO - LLM泛化成功，生成1个变体
2026-03-10 15:46:15,241 - INFO -   已生成 12/20：帮我把车开到车位里吧，我着急去办事呢...
2026-03-10 15:46:15,241 - INFO - 调用LLM泛化query：把车开到车位里
2026-03-10 15:46:15,242 - INFO - LLM泛化成功，生成1个变体
2026-03-10 15:46:15,242 - INFO -   已生成 13/20：帮我把车开到车位里吧，我着急去办事呢...
2026-03-10 15:46:15,242 - INFO - 调用LLM泛化query：把车开到车位里
2026-03-10 15:46:15,242 - INFO - LLM泛化成功，生成1个变体
2026-03-10 15:46:15,242 - INFO -   已生成 14/20：帮我把车开到车位里吧，我着急去办事呢...
2026-03-10 15:46:15,242 - INFO - 调用LLM泛化query：把车开到车位里
2026-03-10 15:46:15,242 - INFO - LLM泛化成功，生成1个变体
2026-03-10 15:46:15,242 - INFO -   已生成 15/20：帮我把车开到车位里吧，我着急去办事呢...
2026-03-10 15:46:15,242 - INFO - 调用LLM泛化query：把车开到车位里
2026-03-10 15:46:15,242 - INFO - LLM泛化成功，生成1个变体
2026-03-10 15:46:15,242 - INFO -   已生成 16/20：帮我把车开到车位里吧，我着急去办事呢...
2026-03-10 15:46:15,242 - INFO - 调用LLM泛化query：把车开到车位里
2026-03-10 15:46:15,242 - INFO - LLM泛化成功，生成1个变体
2026-03-10 15:46:15,242 - INFO -   已生成 17/20：帮我把车开到车位里吧，我着急去办事呢...
2026-03-10 15:46:15,242 - INFO - 调用LLM泛化query：把车开到车位里
2026-03-10 15:46:15,242 - INFO - LLM泛化成功，生成1个变体
2026-03-10 15:46:15,242 - INFO -   已生成 18/20：帮我把车开到车位里吧，我着急去办事呢...
2026-03-10 15:46:15,242 - INFO - 调用LLM泛化query：把车开到车位里
2026-03-10 15:46:15,242 - INFO - LLM泛化成功，生成1个变体
2026-03-10 15:46:15,242 - INFO -   已生成 19/20：帮我把车开到车位里吧，我着急去办事呢...
2026-03-10 15:46:15,242 - INFO - 调用LLM泛化query：把车开到车位里
2026-03-10 15:46:15,242 - INFO - LLM泛化成功，生成1个变体
2026-03-10 15:46:15,242 - INFO -   已生成 20/20：帮我把车开到车位里吧，我着急去办事呢...
2026-03-10 15:46:15,242 - INFO - ID组 13 完成：基于1个原始query，新生成20个泛化query
2026-03-10 15:46:15,242 - INFO - 正在处理ID组 14/111：ID=11
2026-03-10 15:46:15,242 - INFO - 该ID组有6个原始query
2026-03-10 15:46:15,242 - INFO - 对应function：{"name":"vla_control", "arguments":{"action":"park...
2026-03-10 15:46:15,242 - INFO - 该ID组需要新生成：20个泛化query（比例1:20）
2026-03-10 15:46:15,242 - INFO - 调用LLM泛化query：靠左停车
2026-03-10 15:46:16,983 - INFO - LLM泛化成功，生成1个变体
2026-03-10 15:46:16,983 - INFO -   已生成 1/20：往左边停一下吧...
2026-03-10 15:46:16,984 - INFO - 调用LLM泛化query：我要靠右停车
2026-03-10 15:46:19,919 - INFO - LLM泛化成功，生成1个变体
2026-03-10 15:46:19,920 - INFO -   已生成 2/20：帮我靠右停车吧，前面位置好像方便一点。...
2026-03-10 15:46:19,920 - INFO - 调用LLM泛化query：帮我靠右停车
2026-03-10 15:46:22,476 - INFO - LLM泛化成功，生成1个变体
2026-03-10 15:46:22,477 - INFO -   已生成 3/20：靠右停一下吧，我下车。...
2026-03-10 15:46:22,477 - INFO - 调用LLM泛化query：开始靠右停车
2026-03-10 15:46:23,868 - INFO - LLM泛化成功，生成1个变体
2026-03-10 15:46:23,869 - INFO -   已生成 4/20：麻烦靠右边停一下车吧，我要下车了（礼貌型，带原因）...
2026-03-10 15:46:23,870 - INFO - 调用LLM泛化query：继续居中停车
2026-03-10 15:46:25,430 - INFO - LLM泛化成功，生成1个变体
2026-03-10 15:46:25,430 - INFO -   已生成 5/20：再帮我居中停车一下吧...
2026-03-10 15:46:25,431 - INFO - 调用LLM泛化query：立即居中停车
2026-03-10 15:46:27,778 - INFO - LLM泛化成功，生成1个变体
2026-03-10 15:46:27,778 - INFO -   已生成 6/20：马上帮我居中停车吧，我着急呢...
2026-03-10 15:46:27,779 - INFO - 调用LLM泛化query：靠左停车
2026-03-10 15:46:27,779 - INFO - LLM泛化成功，生成1个变体
2026-03-10 15:46:27,779 - INFO -   已生成 7/20：往左边停一下吧...
2026-03-10 15:46:27,779 - INFO - 调用LLM泛化query：我要靠右停车
2026-03-10 15:46:27,779 - INFO - LLM泛化成功，生成1个变体
2026-03-10 15:46:27,780 - INFO -   已生成 8/20：帮我靠右停车吧，前面位置好像方便一点。...
2026-03-10 15:46:27,780 - INFO - 调用LLM泛化query：帮我靠右停车
2026-03-10 15:46:27,780 - INFO - LLM泛化成功，生成1个变体
2026-03-10 15:46:27,780 - INFO -   已生成 9/20：靠右停一下吧，我下车。...
2026-03-10 15:46:27,780 - INFO - 调用LLM泛化query：开始靠右停车
2026-03-10 15:46:27,780 - INFO - LLM泛化成功，生成1个变体
2026-03-10 15:46:27,780 - INFO -   已生成 10/20：麻烦靠右边停一下车吧，我要下车了（礼貌型，带原因）...
2026-03-10 15:46:27,780 - INFO - 调用LLM泛化query：继续居中停车
2026-03-10 15:46:27,781 - INFO - LLM泛化成功，生成1个变体
2026-03-10 15:46:27,781 - INFO -   已生成 11/20：再帮我居中停车一下吧...
2026-03-10 15:46:27,781 - INFO - 调用LLM泛化query：立即居中停车
2026-03-10 15:46:27,781 - INFO - LLM泛化成功，生成1个变体
2026-03-10 15:46:27,781 - INFO -   已生成 12/20：马上帮我居中停车吧，我着急呢...
2026-03-10 15:46:27,781 - INFO - 调用LLM泛化query：靠左停车
2026-03-10 15:46:27,781 - INFO - LLM泛化成功，生成1个变体
2026-03-10 15:46:27,781 - INFO -   已生成 13/20：往左边停一下吧...
2026-03-10 15:46:27,781 - INFO - 调用LLM泛化query：我要靠右停车
2026-03-10 15:46:27,781 - INFO - LLM泛化成功，生成1个变体
2026-03-10 15:46:27,782 - INFO -   已生成 14/20：帮我靠右停车吧，前面位置好像方便一点。...
2026-03-10 15:46:27,782 - INFO - 调用LLM泛化query：帮我靠右停车
2026-03-10 15:46:27,782 - INFO - LLM泛化成功，生成1个变体
2026-03-10 15:46:27,782 - INFO -   已生成 15/20：靠右停一下吧，我下车。...
2026-03-10 15:46:27,782 - INFO - 调用LLM泛化query：开始靠右停车
2026-03-10 15:46:27,782 - INFO - LLM泛化成功，生成1个变体
2026-03-10 15:46:27,782 - INFO -   已生成 16/20：麻烦靠右边停一下车吧，我要下车了（礼貌型，带原因）...
2026-03-10 15:46:27,783 - INFO - 调用LLM泛化query：继续居中停车
2026-03-10 15:46:27,783 - INFO - LLM泛化成功，生成1个变体
2026-03-10 15:46:27,783 - INFO -   已生成 17/20：再帮我居中停车一下吧...
2026-03-10 15:46:27,783 - INFO - 调用LLM泛化query：立即居中停车
2026-03-10 15:46:27,783 - INFO - LLM泛化成功，生成1个变体
2026-03-10 15:46:27,783 - INFO -   已生成 18/20：马上帮我居中停车吧，我着急呢...
2026-03-10 15:46:27,783 - INFO - 调用LLM泛化query：靠左停车
2026-03-10 15:46:27,783 - INFO - LLM泛化成功，生成1个变体
2026-03-10 15:46:27,783 - INFO -   已生成 19/20：往左边停一下吧...
2026-03-10 15:46:27,784 - INFO - 调用LLM泛化query：我要靠右停车
2026-03-10 15:46:27,784 - INFO - LLM泛化成功，生成1个变体
2026-03-10 15:46:27,784 - INFO -   已生成 20/20：帮我靠右停车吧，前面位置好像方便一点。...
2026-03-10 15:46:27,784 - INFO - ID组 14 完成：基于6个原始query，新生成20个泛化query
2026-03-10 15:46:27,784 - INFO - 正在处理ID组 15/111：ID=12
2026-03-10 15:46:27,784 - INFO - 该ID组有1个原始query
2026-03-10 15:46:27,784 - INFO - 对应function：{"name":"vla_control", "arguments":{"action":"park...
2026-03-10 15:46:27,784 - INFO - 该ID组需要新生成：20个泛化query（比例1:20）
2026-03-10 15:46:27,784 - INFO - 调用LLM泛化query：在这靠左停车
2026-03-10 15:46:29,812 - INFO - LLM泛化成功，生成1个变体
2026-03-10 15:46:29,812 - INFO -   已生成 1/20：麻烦在这儿靠左停一下吧，我带着孩子不方便走太远。...
2026-03-10 15:46:29,812 - INFO - 调用LLM泛化query：在这靠左停车
2026-03-10 15:46:29,812 - INFO - LLM泛化成功，生成1个变体
2026-03-10 15:46:29,813 - INFO -   已生成 2/20：麻烦在这儿靠左停一下吧，我带着孩子不方便走太远。...
2026-03-10 15:46:29,813 - INFO - 调用LLM泛化query：在这靠左停车
2026-03-10 15:46:29,813 - INFO - LLM泛化成功，生成1个变体
2026-03-10 15:46:29,813 - INFO -   已生成 3/20：麻烦在这儿靠左停一下吧，我带着孩子不方便走太远。...
2026-03-10 15:46:29,813 - INFO - 调用LLM泛化query：在这靠左停车
2026-03-10 15:46:29,813 - INFO - LLM泛化成功，生成1个变体
2026-03-10 15:46:29,813 - INFO -   已生成 4/20：麻烦在这儿靠左停一下吧，我带着孩子不方便走太远。...
2026-03-10 15:46:29,814 - INFO - 调用LLM泛化query：在这靠左停车
2026-03-10 15:46:29,814 - INFO - LLM泛化成功，生成1个变体
2026-03-10 15:46:29,814 - INFO -   已生成 5/20：麻烦在这儿靠左停一下吧，我带着孩子不方便走太远。...
2026-03-10 15:46:29,814 - INFO - 调用LLM泛化query：在这靠左停车
2026-03-10 15:46:29,814 - INFO - LLM泛化成功，生成1个变体
2026-03-10 15:46:29,814 - INFO -   已生成 6/20：麻烦在这儿靠左停一下吧，我带着孩子不方便走太远。...
2026-03-10 15:46:29,815 - INFO - 调用LLM泛化query：在这靠左停车
2026-03-10 15:46:29,815 - INFO - LLM泛化成功，生成1个变体
2026-03-10 15:46:29,815 - INFO -   已生成 7/20：麻烦在这儿靠左停一下吧，我带着孩子不方便走太远。...
2026-03-10 15:46:29,815 - INFO - 调用LLM泛化query：在这靠左停车
2026-03-10 15:46:29,815 - INFO - LLM泛化成功，生成1个变体
2026-03-10 15:46:29,815 - INFO -   已生成 8/20：麻烦在这儿靠左停一下吧，我带着孩子不方便走太远。...
2026-03-10 15:46:29,815 - INFO - 调用LLM泛化query：在这靠左停车
2026-03-10 15:46:29,815 - INFO - LLM泛化成功，生成1个变体
2026-03-10 15:46:29,815 - INFO -   已生成 9/20：麻烦在这儿靠左停一下吧，我带着孩子不方便走太远。...
2026-03-10 15:46:29,816 - INFO - 调用LLM泛化query：在这靠左停车
2026-03-10 15:46:29,816 - INFO - LLM泛化成功，生成1个变体
2026-03-10 15:46:29,816 - INFO -   已生成 10/20：麻烦在这儿靠左停一下吧，我带着孩子不方便走太远。...
2026-03-10 15:46:29,816 - INFO - 调用LLM泛化query：在这靠左停车
2026-03-10 15:46:29,816 - INFO - LLM泛化成功，生成1个变体
2026-03-10 15:46:29,816 - INFO -   已生成 11/20：麻烦在这儿靠左停一下吧，我带着孩子不方便走太远。...
2026-03-10 15:46:29,816 - INFO - 调用LLM泛化query：在这靠左停车
2026-03-10 15:46:29,816 - INFO - LLM泛化成功，生成1个变体
2026-03-10 15:46:29,816 - INFO -   已生成 12/20：麻烦在这儿靠左停一下吧，我带着孩子不方便走太远。...
2026-03-10 15:46:29,816 - INFO - 调用LLM泛化query：在这靠左停车
2026-03-10 15:46:29,817 - INFO - LLM泛化成功，生成1个变体
2026-03-10 15:46:29,817 - INFO -   已生成 13/20：麻烦在这儿靠左停一下吧，我带着孩子不方便走太远。...
2026-03-10 15:46:29,817 - INFO - 调用LLM泛化query：在这靠左停车
2026-03-10 15:46:29,817 - INFO - LLM泛化成功，生成1个变体
2026-03-10 15:46:29,817 - INFO -   已生成 14/20：麻烦在这儿靠左停一下吧，我带着孩子不方便走太远。...
2026-03-10 15:46:29,817 - INFO - 调用LLM泛化query：在这靠左停车
2026-03-10 15:46:29,817 - INFO - LLM泛化成功，生成1个变体
2026-03-10 15:46:29,817 - INFO -   已生成 15/20：麻烦在这儿靠左停一下吧，我带着孩子不方便走太远。...
2026-03-10 15:46:29,817 - INFO - 调用LLM泛化query：在这靠左停车
2026-03-10 15:46:29,817 - INFO - LLM泛化成功，生成1个变体
2026-03-10 15:46:29,817 - INFO -   已生成 16/20：麻烦在这儿靠左停一下吧，我带着孩子不方便走太远。...
2026-03-10 15:46:29,818 - INFO - 调用LLM泛化query：在这靠左停车
2026-03-10 15:46:29,818 - INFO - LLM泛化成功，生成1个变体
2026-03-10 15:46:29,818 - INFO -   已生成 17/20：麻烦在这儿靠左停一下吧，我带着孩子不方便走太远。...
2026-03-10 15:46:29,818 - INFO - 调用LLM泛化query：在这靠左停车
2026-03-10 15:46:29,818 - INFO - LLM泛化成功，生成1个变体
2026-03-10 15:46:29,818 - INFO -   已生成 18/20：麻烦在这儿靠左停一下吧，我带着孩子不方便走太远。...
2026-03-10 15:46:29,818 - INFO - 调用LLM泛化query：在这靠左停车
2026-03-10 15:46:29,818 - INFO - LLM泛化成功，生成1个变体
2026-03-10 15:46:29,818 - INFO -   已生成 19/20：麻烦在这儿靠左停一下吧，我带着孩子不方便走太远。...
2026-03-10 15:46:29,818 - INFO - 调用LLM泛化query：在这靠左停车
2026-03-10 15:46:29,818 - INFO - LLM泛化成功，生成1个变体
2026-03-10 15:46:29,819 - INFO -   已生成 20/20：麻烦在这儿靠左停一下吧，我带着孩子不方便走太远。...
2026-03-10 15:46:29,819 - INFO - ID组 15 完成：基于1个原始query，新生成20个泛化query
2026-03-10 15:46:29,819 - INFO - 正在处理ID组 16/111：ID=13
2026-03-10 15:46:29,819 - INFO - 该ID组有3个原始query
2026-03-10 15:46:29,819 - INFO - 对应function：{"name":"vla_control", "arguments":{"action":"paus...
2026-03-10 15:46:29,819 - INFO - 该ID组需要新生成：20个泛化query（比例1:20）
2026-03-10 15:46:29,819 - INFO - 调用LLM泛化query：暂停离车泊入
2026-03-10 15:46:31,261 - INFO - LLM泛化成功，生成1个变体
2026-03-10 15:46:31,262 - INFO -   已生成 1/20：麻烦暂停一下离车泊入吧，我有东西忘拿了。...
2026-03-10 15:46:31,262 - INFO - 调用LLM泛化query：离车泊入停一下
2026-03-10 15:46:34,444 - INFO - LLM泛化成功，生成1个变体
2026-03-10 15:46:34,444 - INFO -   已生成 2/20：麻烦离车泊入一下吧，我要去拿个快递（礼貌型，带原因）...
2026-03-10 15:46:34,444 - INFO - 调用LLM泛化query：离车泊入暂停下
2026-03-10 15:46:35,774 - INFO - LLM泛化成功，生成1个变体
2026-03-10 15:46:35,774 - INFO -   已生成 3/20：麻烦离车泊入先停一下吧...
2026-03-10 15:46:35,775 - INFO - 调用LLM泛化query：暂停离车泊入
2026-03-10 15:46:35,775 - INFO - LLM泛化成功，生成1个变体
2026-03-10 15:46:35,775 - INFO -   已生成 4/20：麻烦暂停一下离车泊入吧，我有东西忘拿了。...
2026-03-10 15:46:35,775 - INFO - 调用LLM泛化query：离车泊入停一下
2026-03-10 15:46:35,775 - INFO - LLM泛化成功，生成1个变体
2026-03-10 15:46:35,775 - INFO -   已生成 5/20：麻烦离车泊入一下吧，我要去拿个快递（礼貌型，带原因）...
2026-03-10 15:46:35,775 - INFO - 调用LLM泛化query：离车泊入暂停下
2026-03-10 15:46:35,775 - INFO - LLM泛化成功，生成1个变体
2026-03-10 15:46:35,776 - INFO -   已生成 6/20：麻烦离车泊入先停一下吧...
2026-03-10 15:46:35,776 - INFO - 调用LLM泛化query：暂停离车泊入
2026-03-10 15:46:35,776 - INFO - LLM泛化成功，生成1个变体
2026-03-10 15:46:35,776 - INFO -   已生成 7/20：麻烦暂停一下离车泊入吧，我有东西忘拿了。...
2026-03-10 15:46:35,776 - INFO - 调用LLM泛化query：离车泊入停一下
2026-03-10 15:46:35,776 - INFO - LLM泛化成功，生成1个变体
2026-03-10 15:46:35,776 - INFO -   已生成 8/20：麻烦离车泊入一下吧，我要去拿个快递（礼貌型，带原因）...
2026-03-10 15:46:35,776 - INFO - 调用LLM泛化query：离车泊入暂停下
2026-03-10 15:46:35,776 - INFO - LLM泛化成功，生成1个变体
2026-03-10 15:46:35,777 - INFO -   已生成 9/20：麻烦离车泊入先停一下吧...
2026-03-10 15:46:35,777 - INFO - 调用LLM泛化query：暂停离车泊入
2026-03-10 15:46:35,777 - INFO - LLM泛化成功，生成1个变体
2026-03-10 15:46:35,777 - INFO -   已生成 10/20：麻烦暂停一下离车泊入吧，我有东西忘拿了。...
2026-03-10 15:46:35,777 - INFO - 调用LLM泛化query：离车泊入停一下
2026-03-10 15:46:35,777 - INFO - LLM泛化成功，生成1个变体
2026-03-10 15:46:35,777 - INFO -   已生成 11/20：麻烦离车泊入一下吧，我要去拿个快递（礼貌型，带原因）...
2026-03-10 15:46:35,777 - INFO - 调用LLM泛化query：离车泊入暂停下
2026-03-10 15:46:35,777 - INFO - LLM泛化成功，生成1个变体
2026-03-10 15:46:35,777 - INFO -   已生成 12/20：麻烦离车泊入先停一下吧...
2026-03-10 15:46:35,777 - INFO - 调用LLM泛化query：暂停离车泊入
2026-03-10 15:46:35,777 - INFO - LLM泛化成功，生成1个变体
2026-03-10 15:46:35,777 - INFO -   已生成 13/20：麻烦暂停一下离车泊入吧，我有东西忘拿了。...
2026-03-10 15:46:35,777 - INFO - 调用LLM泛化query：离车泊入停一下
2026-03-10 15:46:35,777 - INFO - LLM泛化成功，生成1个变体
2026-03-10 15:46:35,777 - INFO -   已生成 14/20：麻烦离车泊入一下吧，我要去拿个快递（礼貌型，带原因）...
2026-03-10 15:46:35,778 - INFO - 调用LLM泛化query：离车泊入暂停下
2026-03-10 15:46:35,778 - INFO - LLM泛化成功，生成1个变体
2026-03-10 15:46:35,778 - INFO -   已生成 15/20：麻烦离车泊入先停一下吧...
2026-03-10 15:46:35,778 - INFO - 调用LLM泛化query：暂停离车泊入
2026-03-10 15:46:35,778 - INFO - LLM泛化成功，生成1个变体
2026-03-10 15:46:35,778 - INFO -   已生成 16/20：麻烦暂停一下离车泊入吧，我有东西忘拿了。...
2026-03-10 15:46:35,778 - INFO - 调用LLM泛化query：离车泊入停一下
2026-03-10 15:46:35,778 - INFO - LLM泛化成功，生成1个变体
2026-03-10 15:46:35,778 - INFO -   已生成 17/20：麻烦离车泊入一下吧，我要去拿个快递（礼貌型，带原因）...
2026-03-10 15:46:35,778 - INFO - 调用LLM泛化query：离车泊入暂停下
2026-03-10 15:46:35,778 - INFO - LLM泛化成功，生成1个变体
2026-03-10 15:46:35,778 - INFO -   已生成 18/20：麻烦离车泊入先停一下吧...
2026-03-10 15:46:35,778 - INFO - 调用LLM泛化query：暂停离车泊入
2026-03-10 15:46:35,778 - INFO - LLM泛化成功，生成1个变体
2026-03-10 15:46:35,778 - INFO -   已生成 19/20：麻烦暂停一下离车泊入吧，我有东西忘拿了。...
2026-03-10 15:46:35,778 - INFO - 调用LLM泛化query：离车泊入停一下
2026-03-10 15:46:35,778 - INFO - LLM泛化成功，生成1个变体
2026-03-10 15:46:35,778 - INFO -   已生成 20/20：麻烦离车泊入一下吧，我要去拿个快递（礼貌型，带原因）...
2026-03-10 15:46:35,778 - INFO - ID组 16 完成：基于3个原始query，新生成20个泛化query
2026-03-10 15:46:35,778 - INFO - 正在处理ID组 17/111：ID=14
2026-03-10 15:46:35,778 - INFO - 该ID组有7个原始query
2026-03-10 15:46:35,778 - INFO - 对应function：{"name":"vla_control", "arguments":{"action":"paus...
2026-03-10 15:46:35,778 - INFO - 该ID组需要新生成：20个泛化query（比例1:20）
2026-03-10 15:46:35,778 - INFO - 调用LLM泛化query：暂停泊车
2026-03-10 15:46:38,104 - INFO - LLM泛化成功，生成1个变体
2026-03-10 15:46:38,105 - INFO -   已生成 1/20：先停一下泊车吧，我有点事要处理（带原因+语气词）...
2026-03-10 15:46:38,105 - INFO - 调用LLM泛化query：我要暂停泊车
2026-03-10 15:46:40,402 - INFO - LLM泛化成功，生成1个变体
2026-03-10 15:46:40,403 - INFO -   已生成 2/20：先暂停一下泊车吧。...
2026-03-10 15:46:40,403 - INFO - 调用LLM泛化query：把车泊进去停一下
2026-03-10 15:46:42,814 - INFO - LLM泛化成功，生成1个变体
2026-03-10 15:46:42,815 - INFO -   已生成 3/20：麻烦把车泊进去吧，我这边拿东西方便一点。...
2026-03-10 15:46:42,815 - INFO - 调用LLM泛化query：暂停智能泊车
2026-03-10 15:46:45,189 - INFO - LLM泛化成功，生成1个变体
2026-03-10 15:46:45,189 - INFO -   已生成 4/20：先暂停一下智能泊车吧（随意型，带语气词）...
2026-03-10 15:46:45,189 - INFO - 调用LLM泛化query：暂停辅助泊车
2026-03-10 15:46:46,685 - INFO - LLM泛化成功，生成1个变体
2026-03-10 15:46:46,685 - INFO -   已生成 5/20：停一下辅助泊车吧，我还没选好车位呢...
2026-03-10 15:46:46,685 - INFO - 调用LLM泛化query：暂停智能停车
2026-03-10 15:46:48,418 - INFO - LLM泛化成功，生成1个变体
2026-03-10 15:46:48,418 - INFO -   已生成 6/20：先暂停一下智能停车吧...
2026-03-10 15:46:48,419 - INFO - 调用LLM泛化query：停止泊车
2026-03-10 15:46:50,544 - INFO - LLM泛化成功，生成1个变体
2026-03-10 15:46:50,545 - INFO -   已生成 7/20：先别泊车了，停一下吧（随意型，带语气词）...
2026-03-10 15:46:50,545 - INFO - 调用LLM泛化query：暂停泊车
2026-03-10 15:46:50,545 - INFO - LLM泛化成功，生成1个变体
2026-03-10 15:46:50,546 - INFO -   已生成 8/20：先停一下泊车吧，我有点事要处理（带原因+语气词）...
2026-03-10 15:46:50,546 - INFO - 调用LLM泛化query：我要暂停泊车
2026-03-10 15:46:50,546 - INFO - LLM泛化成功，生成1个变体
2026-03-10 15:46:50,546 - INFO -   已生成 9/20：先暂停一下泊车吧。...
2026-03-10 15:46:50,546 - INFO - 调用LLM泛化query：把车泊进去停一下
2026-03-10 15:46:50,546 - INFO - LLM泛化成功，生成1个变体
2026-03-10 15:46:50,546 - INFO -   已生成 10/20：麻烦把车泊进去吧，我这边拿东西方便一点。...
2026-03-10 15:46:50,547 - INFO - 调用LLM泛化query：暂停智能泊车
2026-03-10 15:46:50,547 - INFO - LLM泛化成功，生成1个变体
2026-03-10 15:46:50,547 - INFO -   已生成 11/20：先暂停一下智能泊车吧（随意型，带语气词）...
2026-03-10 15:46:50,547 - INFO - 调用LLM泛化query：暂停辅助泊车
2026-03-10 15:46:50,547 - INFO - LLM泛化成功，生成1个变体
2026-03-10 15:46:50,547 - INFO -   已生成 12/20：停一下辅助泊车吧，我还没选好车位呢...
2026-03-10 15:46:50,547 - INFO - 调用LLM泛化query：暂停智能停车
2026-03-10 15:46:50,547 - INFO - LLM泛化成功，生成1个变体
2026-03-10 15:46:50,548 - INFO -   已生成 13/20：先暂停一下智能停车吧...
2026-03-10 15:46:50,548 - INFO - 调用LLM泛化query：停止泊车
2026-03-10 15:46:50,548 - INFO - LLM泛化成功，生成1个变体
2026-03-10 15:46:50,548 - INFO -   已生成 14/20：先别泊车了，停一下吧（随意型，带语气词）...
2026-03-10 15:46:50,548 - INFO - 调用LLM泛化query：暂停泊车
2026-03-10 15:46:50,548 - INFO - LLM泛化成功，生成1个变体
2026-03-10 15:46:50,548 - INFO -   已生成 15/20：先停一下泊车吧，我有点事要处理（带原因+语气词）...
2026-03-10 15:46:50,548 - INFO - 调用LLM泛化query：我要暂停泊车
2026-03-10 15:46:50,548 - INFO - LLM泛化成功，生成1个变体
2026-03-10 15:46:50,549 - INFO -   已生成 16/20：先暂停一下泊车吧。...
2026-03-10 15:46:50,549 - INFO - 调用LLM泛化query：把车泊进去停一下
2026-03-10 15:46:50,549 - INFO - LLM泛化成功，生成1个变体
2026-03-10 15:46:50,549 - INFO -   已生成 17/20：麻烦把车泊进去吧，我这边拿东西方便一点。...
2026-03-10 15:46:50,549 - INFO - 调用LLM泛化query：暂停智能泊车
2026-03-10 15:46:50,549 - INFO - LLM泛化成功，生成1个变体
2026-03-10 15:46:50,549 - INFO -   已生成 18/20：先暂停一下智能泊车吧（随意型，带语气词）...
2026-03-10 15:46:50,549 - INFO - 调用LLM泛化query：暂停辅助泊车
2026-03-10 15:46:50,549 - INFO - LLM泛化成功，生成1个变体
2026-03-10 15:46:50,550 - INFO -   已生成 19/20：停一下辅助泊车吧，我还没选好车位呢...
2026-03-10 15:46:50,550 - INFO - 调用LLM泛化query：暂停智能停车
2026-03-10 15:46:50,550 - INFO - LLM泛化成功，生成1个变体
2026-03-10 15:46:50,550 - INFO -   已生成 20/20：先暂停一下智能停车吧...
2026-03-10 15:46:50,550 - INFO - ID组 17 完成：基于7个原始query，新生成20个泛化query
2026-03-10 15:46:50,550 - INFO - 正在处理ID组 18/111：ID=15
2026-03-10 15:46:50,550 - INFO - 该ID组有2个原始query
2026-03-10 15:46:50,550 - INFO - 对应function：{"name":"vla_control", "arguments":{"action":"paus...
2026-03-10 15:46:50,550 - INFO - 该ID组需要新生成：20个泛化query（比例1:20）
2026-03-10 15:46:50,551 - INFO - 调用LLM泛化query：暂停把车停到车位里
2026-03-10 15:46:52,090 - INFO - LLM泛化成功，生成1个变体
2026-03-10 15:46:52,090 - INFO -   已生成 1/20：麻烦先暂停一下，把车停进车位吧（礼貌型，带语气词）...
2026-03-10 15:46:52,090 - INFO - 调用LLM泛化query：暂时不把车停到车位里了
2026-03-10 15:46:53,514 - INFO - LLM泛化成功，生成1个变体
2026-03-10 15:46:53,514 - INFO -   已生成 2/20：那就先别停进车位了吧...
2026-03-10 15:46:53,514 - INFO - 调用LLM泛化query：暂停把车停到车位里
2026-03-10 15:46:53,514 - INFO - LLM泛化成功，生成1个变体
2026-03-10 15:46:53,515 - INFO -   已生成 3/20：麻烦先暂停一下，把车停进车位吧（礼貌型，带语气词）...
2026-03-10 15:46:53,515 - INFO - 调用LLM泛化query：暂时不把车停到车位里了
2026-03-10 15:46:53,515 - INFO - LLM泛化成功，生成1个变体
2026-03-10 15:46:53,515 - INFO -   已生成 4/20：那就先别停进车位了吧...
2026-03-10 15:46:53,516 - INFO - 调用LLM泛化query：暂停把车停到车位里
2026-03-10 15:46:53,516 - INFO - LLM泛化成功，生成1个变体
2026-03-10 15:46:53,516 - INFO -   已生成 5/20：麻烦先暂停一下，把车停进车位吧（礼貌型，带语气词）...
2026-03-10 15:46:53,516 - INFO - 调用LLM泛化query：暂时不把车停到车位里了
2026-03-10 15:46:53,516 - INFO - LLM泛化成功，生成1个变体
2026-03-10 15:46:53,516 - INFO -   已生成 6/20：那就先别停进车位了吧...
2026-03-10 15:46:53,516 - INFO - 调用LLM泛化query：暂停把车停到车位里
2026-03-10 15:46:53,517 - INFO - LLM泛化成功，生成1个变体
2026-03-10 15:46:53,517 - INFO -   已生成 7/20：麻烦先暂停一下，把车停进车位吧（礼貌型，带语气词）...
2026-03-10 15:46:53,517 - INFO - 调用LLM泛化query：暂时不把车停到车位里了
2026-03-10 15:46:53,517 - INFO - LLM泛化成功，生成1个变体
2026-03-10 15:46:53,517 - INFO -   已生成 8/20：那就先别停进车位了吧...
2026-03-10 15:46:53,517 - INFO - 调用LLM泛化query：暂停把车停到车位里
2026-03-10 15:46:53,517 - INFO - LLM泛化成功，生成1个变体
2026-03-10 15:46:53,518 - INFO -   已生成 9/20：麻烦先暂停一下，把车停进车位吧（礼貌型，带语气词）...
2026-03-10 15:46:53,518 - INFO - 调用LLM泛化query：暂时不把车停到车位里了
2026-03-10 15:46:53,518 - INFO - LLM泛化成功，生成1个变体
2026-03-10 15:46:53,518 - INFO -   已生成 10/20：那就先别停进车位了吧...
2026-03-10 15:46:53,518 - INFO - 调用LLM泛化query：暂停把车停到车位里
2026-03-10 15:46:53,518 - INFO - LLM泛化成功，生成1个变体
2026-03-10 15:46:53,518 - INFO -   已生成 11/20：麻烦先暂停一下，把车停进车位吧（礼貌型，带语气词）...
2026-03-10 15:46:53,518 - INFO - 调用LLM泛化query：暂时不把车停到车位里了
2026-03-10 15:46:53,518 - INFO - LLM泛化成功，生成1个变体
2026-03-10 15:46:53,519 - INFO -   已生成 12/20：那就先别停进车位了吧...
2026-03-10 15:46:53,519 - INFO - 调用LLM泛化query：暂停把车停到车位里
2026-03-10 15:46:53,519 - INFO - LLM泛化成功，生成1个变体
2026-03-10 15:46:53,519 - INFO -   已生成 13/20：麻烦先暂停一下，把车停进车位吧（礼貌型，带语气词）...
2026-03-10 15:46:53,519 - INFO - 调用LLM泛化query：暂时不把车停到车位里了
2026-03-10 15:46:53,519 - INFO - LLM泛化成功，生成1个变体
2026-03-10 15:46:53,519 - INFO -   已生成 14/20：那就先别停进车位了吧...
2026-03-10 15:46:53,519 - INFO - 调用LLM泛化query：暂停把车停到车位里
2026-03-10 15:46:53,519 - INFO - LLM泛化成功，生成1个变体
2026-03-10 15:46:53,519 - INFO -   已生成 15/20：麻烦先暂停一下，把车停进车位吧（礼貌型，带语气词）...
2026-03-10 15:46:53,520 - INFO - 调用LLM泛化query：暂时不把车停到车位里了
2026-03-10 15:46:53,520 - INFO - LLM泛化成功，生成1个变体
2026-03-10 15:46:53,520 - INFO -   已生成 16/20：那就先别停进车位了吧...
2026-03-10 15:46:53,520 - INFO - 调用LLM泛化query：暂停把车停到车位里
2026-03-10 15:46:53,520 - INFO - LLM泛化成功，生成1个变体
2026-03-10 15:46:53,520 - INFO -   已生成 17/20：麻烦先暂停一下，把车停进车位吧（礼貌型，带语气词）...
2026-03-10 15:46:53,520 - INFO - 调用LLM泛化query：暂时不把车停到车位里了
2026-03-10 15:46:53,520 - INFO - LLM泛化成功，生成1个变体
2026-03-10 15:46:53,520 - INFO -   已生成 18/20：那就先别停进车位了吧...
2026-03-10 15:46:53,520 - INFO - 调用LLM泛化query：暂停把车停到车位里
2026-03-10 15:46:53,520 - INFO - LLM泛化成功，生成1个变体
2026-03-10 15:46:53,520 - INFO -   已生成 19/20：麻烦先暂停一下，把车停进车位吧（礼貌型，带语气词）...
2026-03-10 15:46:53,521 - INFO - 调用LLM泛化query：暂时不把车停到车位里了
2026-03-10 15:46:53,521 - INFO - LLM泛化成功，生成1个变体
2026-03-10 15:46:53,521 - INFO -   已生成 20/20：那就先别停进车位了吧...
2026-03-10 15:46:53,521 - INFO - ID组 18 完成：基于2个原始query，新生成20个泛化query
2026-03-10 15:46:53,521 - INFO - 正在处理ID组 19/111：ID=16
2026-03-10 15:46:53,521 - INFO - 该ID组有2个原始query
2026-03-10 15:46:53,521 - INFO - 对应function：{"name":"vla_control", "arguments":{"action":"paus...
2026-03-10 15:46:53,521 - INFO - 该ID组需要新生成：20个泛化query（比例1:20）
2026-03-10 15:46:53,521 - INFO - 调用LLM泛化query：暂停把车泊到车位里
2026-03-10 15:46:56,065 - INFO - LLM泛化成功，生成1个变体
2026-03-10 15:46:56,066 - INFO -   已生成 1/20：先暂停一下，把车泊进车位吧。...
2026-03-10 15:46:56,066 - INFO - 调用LLM泛化query：暂时不要把车泊到车位里
2026-03-10 15:46:58,190 - INFO - LLM泛化成功，生成1个变体
2026-03-10 15:46:58,190 - INFO -   已生成 2/20：车先别泊进去，我等会儿再说。...
2026-03-10 15:46:58,190 - INFO - 调用LLM泛化query：暂停把车泊到车位里
2026-03-10 15:46:58,191 - INFO - LLM泛化成功，生成1个变体
2026-03-10 15:46:58,191 - INFO -   已生成 3/20：先暂停一下，把车泊进车位吧。...
2026-03-10 15:46:58,191 - INFO - 调用LLM泛化query：暂时不要把车泊到车位里
2026-03-10 15:46:58,191 - INFO - LLM泛化成功，生成1个变体
2026-03-10 15:46:58,191 - INFO -   已生成 4/20：车先别泊进去，我等会儿再说。...
2026-03-10 15:46:58,192 - INFO - 调用LLM泛化query：暂停把车泊到车位里
2026-03-10 15:46:58,192 - INFO - LLM泛化成功，生成1个变体
2026-03-10 15:46:58,192 - INFO -   已生成 5/20：先暂停一下，把车泊进车位吧。...
2026-03-10 15:46:58,192 - INFO - 调用LLM泛化query：暂时不要把车泊到车位里
2026-03-10 15:46:58,192 - INFO - LLM泛化成功，生成1个变体
2026-03-10 15:46:58,192 - INFO -   已生成 6/20：车先别泊进去，我等会儿再说。...
2026-03-10 15:46:58,193 - INFO - 调用LLM泛化query：暂停把车泊到车位里
2026-03-10 15:46:58,193 - INFO - LLM泛化成功，生成1个变体
2026-03-10 15:46:58,193 - INFO -   已生成 7/20：先暂停一下，把车泊进车位吧。...
2026-03-10 15:46:58,193 - INFO - 调用LLM泛化query：暂时不要把车泊到车位里
2026-03-10 15:46:58,193 - INFO - LLM泛化成功，生成1个变体
2026-03-10 15:46:58,193 - INFO -   已生成 8/20：车先别泊进去，我等会儿再说。...
2026-03-10 15:46:58,193 - INFO - 调用LLM泛化query：暂停把车泊到车位里
2026-03-10 15:46:58,194 - INFO - LLM泛化成功，生成1个变体
2026-03-10 15:46:58,194 - INFO -   已生成 9/20：先暂停一下，把车泊进车位吧。...
2026-03-10 15:46:58,194 - INFO - 调用LLM泛化query：暂时不要把车泊到车位里
2026-03-10 15:46:58,194 - INFO - LLM泛化成功，生成1个变体
2026-03-10 15:46:58,194 - INFO -   已生成 10/20：车先别泊进去，我等会儿再说。...
2026-03-10 15:46:58,194 - INFO - 调用LLM泛化query：暂停把车泊到车位里
2026-03-10 15:46:58,194 - INFO - LLM泛化成功，生成1个变体
2026-03-10 15:46:58,194 - INFO -   已生成 11/20：先暂停一下，把车泊进车位吧。...
2026-03-10 15:46:58,195 - INFO - 调用LLM泛化query：暂时不要把车泊到车位里
2026-03-10 15:46:58,195 - INFO - LLM泛化成功，生成1个变体
2026-03-10 15:46:58,195 - INFO -   已生成 12/20：车先别泊进去，我等会儿再说。...
2026-03-10 15:46:58,195 - INFO - 调用LLM泛化query：暂停把车泊到车位里
2026-03-10 15:46:58,195 - INFO - LLM泛化成功，生成1个变体
2026-03-10 15:46:58,195 - INFO -   已生成 13/20：先暂停一下，把车泊进车位吧。...
2026-03-10 15:46:58,195 - INFO - 调用LLM泛化query：暂时不要把车泊到车位里
2026-03-10 15:46:58,195 - INFO - LLM泛化成功，生成1个变体
2026-03-10 15:46:58,195 - INFO -   已生成 14/20：车先别泊进去，我等会儿再说。...
2026-03-10 15:46:58,195 - INFO - 调用LLM泛化query：暂停把车泊到车位里
2026-03-10 15:46:58,196 - INFO - LLM泛化成功，生成1个变体
2026-03-10 15:46:58,196 - INFO -   已生成 15/20：先暂停一下，把车泊进车位吧。...
2026-03-10 15:46:58,196 - INFO - 调用LLM泛化query：暂时不要把车泊到车位里
2026-03-10 15:46:58,196 - INFO - LLM泛化成功，生成1个变体
2026-03-10 15:46:58,196 - INFO -   已生成 16/20：车先别泊进去，我等会儿再说。...
2026-03-10 15:46:58,196 - INFO - 调用LLM泛化query：暂停把车泊到车位里
2026-03-10 15:46:58,196 - INFO - LLM泛化成功，生成1个变体
2026-03-10 15:46:58,196 - INFO -   已生成 17/20：先暂停一下，把车泊进车位吧。...
2026-03-10 15:46:58,196 - INFO - 调用LLM泛化query：暂时不要把车泊到车位里
2026-03-10 15:46:58,197 - INFO - LLM泛化成功，生成1个变体
2026-03-10 15:46:58,197 - INFO -   已生成 18/20：车先别泊进去，我等会儿再说。...
2026-03-10 15:46:58,197 - INFO - 调用LLM泛化query：暂停把车泊到车位里
2026-03-10 15:46:58,197 - INFO - LLM泛化成功，生成1个变体
2026-03-10 15:46:58,197 - INFO -   已生成 19/20：先暂停一下，把车泊进车位吧。...
2026-03-10 15:46:58,197 - INFO - 调用LLM泛化query：暂时不要把车泊到车位里
2026-03-10 15:46:58,197 - INFO - LLM泛化成功，生成1个变体
2026-03-10 15:46:58,197 - INFO -   已生成 20/20：车先别泊进去，我等会儿再说。...
2026-03-10 15:46:58,197 - INFO - ID组 19 完成：基于2个原始query，新生成20个泛化query
2026-03-10 15:46:58,197 - INFO - 正在处理ID组 20/111：ID=17
2026-03-10 15:46:58,197 - INFO - 该ID组有2个原始query
2026-03-10 15:46:58,198 - INFO - 对应function：{"name":"vla_control", "arguments":{"action":"paus...
2026-03-10 15:46:58,198 - INFO - 该ID组需要新生成：20个泛化query（比例1:20）
2026-03-10 15:46:58,198 - INFO - 调用LLM泛化query：暂停把车开到车位里
2026-03-10 15:47:00,024 - INFO - LLM泛化成功，生成1个变体
2026-03-10 15:47:00,025 - INFO -   已生成 1/20：先停一下，别开进车位呢，我有点事要处理。...
2026-03-10 15:47:00,025 - INFO - 调用LLM泛化query：停止把车开到车位里
2026-03-10 15:47:01,851 - INFO - LLM泛化成功，生成1个变体
2026-03-10 15:47:01,852 - INFO -   已生成 2/20：别往车位开了，停一下吧。...
2026-03-10 15:47:01,852 - INFO - 调用LLM泛化query：暂停把车开到车位里
2026-03-10 15:47:01,852 - INFO - LLM泛化成功，生成1个变体
2026-03-10 15:47:01,852 - INFO -   已生成 3/20：先停一下，别开进车位呢，我有点事要处理。...
2026-03-10 15:47:01,852 - INFO - 调用LLM泛化query：停止把车开到车位里
2026-03-10 15:47:01,852 - INFO - LLM泛化成功，生成1个变体
2026-03-10 15:47:01,852 - INFO -   已生成 4/20：别往车位开了，停一下吧。...
2026-03-10 15:47:01,852 - INFO - 调用LLM泛化query：暂停把车开到车位里
2026-03-10 15:47:01,853 - INFO - LLM泛化成功，生成1个变体
2026-03-10 15:47:01,853 - INFO -   已生成 5/20：先停一下，别开进车位呢，我有点事要处理。...
2026-03-10 15:47:01,853 - INFO - 调用LLM泛化query：停止把车开到车位里
2026-03-10 15:47:01,853 - INFO - LLM泛化成功，生成1个变体
2026-03-10 15:47:01,853 - INFO -   已生成 6/20：别往车位开了，停一下吧。...
2026-03-10 15:47:01,853 - INFO - 调用LLM泛化query：暂停把车开到车位里
2026-03-10 15:47:01,853 - INFO - LLM泛化成功，生成1个变体
2026-03-10 15:47:01,853 - INFO -   已生成 7/20：先停一下，别开进车位呢，我有点事要处理。...
2026-03-10 15:47:01,853 - INFO - 调用LLM泛化query：停止把车开到车位里
2026-03-10 15:47:01,853 - INFO - LLM泛化成功，生成1个变体
2026-03-10 15:47:01,853 - INFO -   已生成 8/20：别往车位开了，停一下吧。...
2026-03-10 15:47:01,853 - INFO - 调用LLM泛化query：暂停把车开到车位里
2026-03-10 15:47:01,854 - INFO - LLM泛化成功，生成1个变体
2026-03-10 15:47:01,854 - INFO -   已生成 9/20：先停一下，别开进车位呢，我有点事要处理。...
2026-03-10 15:47:01,854 - INFO - 调用LLM泛化query：停止把车开到车位里
2026-03-10 15:47:01,854 - INFO - LLM泛化成功，生成1个变体
2026-03-10 15:47:01,854 - INFO -   已生成 10/20：别往车位开了，停一下吧。...
2026-03-10 15:47:01,854 - INFO - 调用LLM泛化query：暂停把车开到车位里
2026-03-10 15:47:01,854 - INFO - LLM泛化成功，生成1个变体
2026-03-10 15:47:01,854 - INFO -   已生成 11/20：先停一下，别开进车位呢，我有点事要处理。...
2026-03-10 15:47:01,854 - INFO - 调用LLM泛化query：停止把车开到车位里
2026-03-10 15:47:01,855 - INFO - LLM泛化成功，生成1个变体
2026-03-10 15:47:01,855 - INFO -   已生成 12/20：别往车位开了，停一下吧。...
2026-03-10 15:47:01,855 - INFO - 调用LLM泛化query：暂停把车开到车位里
2026-03-10 15:47:01,855 - INFO - LLM泛化成功，生成1个变体
2026-03-10 15:47:01,855 - INFO -   已生成 13/20：先停一下，别开进车位呢，我有点事要处理。...
2026-03-10 15:47:01,855 - INFO - 调用LLM泛化query：停止把车开到车位里
2026-03-10 15:47:01,855 - INFO - LLM泛化成功，生成1个变体
2026-03-10 15:47:01,855 - INFO -   已生成 14/20：别往车位开了，停一下吧。...
2026-03-10 15:47:01,855 - INFO - 调用LLM泛化query：暂停把车开到车位里
2026-03-10 15:47:01,856 - INFO - LLM泛化成功，生成1个变体
2026-03-10 15:47:01,856 - INFO -   已生成 15/20：先停一下，别开进车位呢，我有点事要处理。...
2026-03-10 15:47:01,856 - INFO - 调用LLM泛化query：停止把车开到车位里
2026-03-10 15:47:01,856 - INFO - LLM泛化成功，生成1个变体
2026-03-10 15:47:01,856 - INFO -   已生成 16/20：别往车位开了，停一下吧。...
2026-03-10 15:47:01,856 - INFO - 调用LLM泛化query：暂停把车开到车位里
2026-03-10 15:47:01,856 - INFO - LLM泛化成功，生成1个变体
2026-03-10 15:47:01,856 - INFO -   已生成 17/20：先停一下，别开进车位呢，我有点事要处理。...
2026-03-10 15:47:01,856 - INFO - 调用LLM泛化query：停止把车开到车位里
2026-03-10 15:47:01,856 - INFO - LLM泛化成功，生成1个变体
2026-03-10 15:47:01,856 - INFO -   已生成 18/20：别往车位开了，停一下吧。...
2026-03-10 15:47:01,856 - INFO - 调用LLM泛化query：暂停把车开到车位里
2026-03-10 15:47:01,857 - INFO - LLM泛化成功，生成1个变体
2026-03-10 15:47:01,857 - INFO -   已生成 19/20：先停一下，别开进车位呢，我有点事要处理。...
2026-03-10 15:47:01,857 - INFO - 调用LLM泛化query：停止把车开到车位里
2026-03-10 15:47:01,857 - INFO - LLM泛化成功，生成1个变体
2026-03-10 15:47:01,857 - INFO -   已生成 20/20：别往车位开了，停一下吧。...
2026-03-10 15:47:01,857 - INFO - ID组 20 完成：基于2个原始query，新生成20个泛化query
2026-03-10 15:47:01,857 - INFO - 正在处理ID组 21/111：ID=18
2026-03-10 15:47:01,857 - INFO - 该ID组有4个原始query
2026-03-10 15:47:01,857 - INFO - 对应function：{"name":"vla_control", "arguments":{"action":"paus...
2026-03-10 15:47:01,857 - INFO - 该ID组需要新生成：20个泛化query（比例1:20）
2026-03-10 15:47:01,858 - INFO - 调用LLM泛化query：暂停停车
2026-03-10 15:47:03,154 - INFO - LLM泛化成功，生成1个变体
2026-03-10 15:47:03,154 - INFO -   已生成 1/20：先别停，暂停一下停车吧。...
2026-03-10 15:47:03,154 - INFO - 调用LLM泛化query：停车停一下
2026-03-10 15:47:04,939 - INFO - LLM泛化成功，生成1个变体
2026-03-10 15:47:04,939 - INFO -   已生成 2/20：帮我停一下车吧，前面位置挺合适的（礼貌型，带地点和场景）...
2026-03-10 15:47:04,939 - INFO - 调用LLM泛化query：立即暂停停车
2026-03-10 15:47:06,674 - INFO - LLM泛化成功，生成1个变体
2026-03-10 15:47:06,674 - INFO -   已生成 3/20：赶紧暂停停车吧，我有点急...
2026-03-10 15:47:06,674 - INFO - 调用LLM泛化query：停止停车
2026-03-10 15:47:08,235 - INFO - LLM泛化成功，生成1个变体
2026-03-10 15:47:08,235 - INFO -   已生成 4/20：停一下停车吧...
2026-03-10 15:47:08,235 - INFO - 调用LLM泛化query：暂停停车
2026-03-10 15:47:08,236 - INFO - LLM泛化成功，生成1个变体
2026-03-10 15:47:08,236 - INFO -   已生成 5/20：先别停，暂停一下停车吧。...
2026-03-10 15:47:08,236 - INFO - 调用LLM泛化query：停车停一下
2026-03-10 15:47:08,236 - INFO - LLM泛化成功，生成1个变体
2026-03-10 15:47:08,236 - INFO -   已生成 6/20：帮我停一下车吧，前面位置挺合适的（礼貌型，带地点和场景）...
2026-03-10 15:47:08,237 - INFO - 调用LLM泛化query：立即暂停停车
2026-03-10 15:47:08,237 - INFO - LLM泛化成功，生成1个变体
2026-03-10 15:47:08,237 - INFO -   已生成 7/20：赶紧暂停停车吧，我有点急...
2026-03-10 15:47:08,237 - INFO - 调用LLM泛化query：停止停车
2026-03-10 15:47:08,237 - INFO - LLM泛化成功，生成1个变体
2026-03-10 15:47:08,238 - INFO -   已生成 8/20：停一下停车吧...
2026-03-10 15:47:08,238 - INFO - 调用LLM泛化query：暂停停车
2026-03-10 15:47:08,238 - INFO - LLM泛化成功，生成1个变体
2026-03-10 15:47:08,238 - INFO -   已生成 9/20：先别停，暂停一下停车吧。...
2026-03-10 15:47:08,238 - INFO - 调用LLM泛化query：停车停一下
2026-03-10 15:47:08,238 - INFO - LLM泛化成功，生成1个变体
2026-03-10 15:47:08,238 - INFO -   已生成 10/20：帮我停一下车吧，前面位置挺合适的（礼貌型，带地点和场景）...
2026-03-10 15:47:08,239 - INFO - 调用LLM泛化query：立即暂停停车
2026-03-10 15:47:08,239 - INFO - LLM泛化成功，生成1个变体
2026-03-10 15:47:08,239 - INFO -   已生成 11/20：赶紧暂停停车吧，我有点急...
2026-03-10 15:47:08,239 - INFO - 调用LLM泛化query：停止停车
2026-03-10 15:47:08,239 - INFO - LLM泛化成功，生成1个变体
2026-03-10 15:47:08,239 - INFO -   已生成 12/20：停一下停车吧...
2026-03-10 15:47:08,239 - INFO - 调用LLM泛化query：暂停停车
2026-03-10 15:47:08,239 - INFO - LLM泛化成功，生成1个变体
2026-03-10 15:47:08,239 - INFO -   已生成 13/20：先别停，暂停一下停车吧。...
2026-03-10 15:47:08,239 - INFO - 调用LLM泛化query：停车停一下
2026-03-10 15:47:08,240 - INFO - LLM泛化成功，生成1个变体
2026-03-10 15:47:08,240 - INFO -   已生成 14/20：帮我停一下车吧，前面位置挺合适的（礼貌型，带地点和场景）...
2026-03-10 15:47:08,240 - INFO - 调用LLM泛化query：立即暂停停车
2026-03-10 15:47:08,240 - INFO - LLM泛化成功，生成1个变体
2026-03-10 15:47:08,240 - INFO -   已生成 15/20：赶紧暂停停车吧，我有点急...
2026-03-10 15:47:08,240 - INFO - 调用LLM泛化query：停止停车
2026-03-10 15:47:08,240 - INFO - LLM泛化成功，生成1个变体
2026-03-10 15:47:08,240 - INFO -   已生成 16/20：停一下停车吧...
2026-03-10 15:47:08,240 - INFO - 调用LLM泛化query：暂停停车
2026-03-10 15:47:08,241 - INFO - LLM泛化成功，生成1个变体
2026-03-10 15:47:08,241 - INFO -   已生成 17/20：先别停，暂停一下停车吧。...
2026-03-10 15:47:08,241 - INFO - 调用LLM泛化query：停车停一下
2026-03-10 15:47:08,241 - INFO - LLM泛化成功，生成1个变体
2026-03-10 15:47:08,241 - INFO -   已生成 18/20：帮我停一下车吧，前面位置挺合适的（礼貌型，带地点和场景）...
2026-03-10 15:47:08,241 - INFO - 调用LLM泛化query：立即暂停停车
2026-03-10 15:47:08,241 - INFO - LLM泛化成功，生成1个变体
2026-03-10 15:47:08,241 - INFO -   已生成 19/20：赶紧暂停停车吧，我有点急...
2026-03-10 15:47:08,241 - INFO - 调用LLM泛化query：停止停车
2026-03-10 15:47:08,241 - INFO - LLM泛化成功，生成1个变体
2026-03-10 15:47:08,241 - INFO -   已生成 20/20：停一下停车吧...
2026-03-10 15:47:08,241 - INFO - ID组 21 完成：基于4个原始query，新生成20个泛化query
2026-03-10 15:47:08,241 - INFO - 正在处理ID组 22/111：ID=19
2026-03-10 15:47:08,241 - INFO - 该ID组有2个原始query
2026-03-10 15:47:08,241 - INFO - 对应function：{"name":"vla_control", "arguments":{"action":"canc...
2026-03-10 15:47:08,241 - INFO - 该ID组需要新生成：20个泛化query（比例1:20）
2026-03-10 15:47:08,241 - INFO - 调用LLM泛化query：暂停在这停车
2026-03-10 15:47:09,845 - INFO - LLM泛化成功，生成1个变体
2026-03-10 15:47:09,845 - INFO -   已生成 1/20：停在这里吧，别动了（随意型，语气口语化）...
2026-03-10 15:47:09,845 - INFO - 调用LLM泛化query：停止在这停车
2026-03-10 15:47:11,434 - INFO - LLM泛化成功，生成1个变体
2026-03-10 15:47:11,435 - INFO -   已生成 2/20：麻烦停在这里吧，我要下车（礼貌型，带原因）...
2026-03-10 15:47:11,435 - INFO - 调用LLM泛化query：暂停在这停车
2026-03-10 15:47:11,435 - INFO - LLM泛化成功，生成1个变体
2026-03-10 15:47:11,435 - INFO -   已生成 3/20：停在这里吧，别动了（随意型，语气口语化）...
2026-03-10 15:47:11,435 - INFO - 调用LLM泛化query：停止在这停车
2026-03-10 15:47:11,435 - INFO - LLM泛化成功，生成1个变体
2026-03-10 15:47:11,435 - INFO -   已生成 4/20：麻烦停在这里吧，我要下车（礼貌型，带原因）...
2026-03-10 15:47:11,436 - INFO - 调用LLM泛化query：暂停在这停车
2026-03-10 15:47:11,436 - INFO - LLM泛化成功，生成1个变体
2026-03-10 15:47:11,436 - INFO -   已生成 5/20：停在这里吧，别动了（随意型，语气口语化）...
2026-03-10 15:47:11,436 - INFO - 调用LLM泛化query：停止在这停车
2026-03-10 15:47:11,436 - INFO - LLM泛化成功，生成1个变体
2026-03-10 15:47:11,436 - INFO -   已生成 6/20：麻烦停在这里吧，我要下车（礼貌型，带原因）...
2026-03-10 15:47:11,436 - INFO - 调用LLM泛化query：暂停在这停车
2026-03-10 15:47:11,436 - INFO - LLM泛化成功，生成1个变体
2026-03-10 15:47:11,436 - INFO -   已生成 7/20：停在这里吧，别动了（随意型，语气口语化）...
2026-03-10 15:47:11,436 - INFO - 调用LLM泛化query：停止在这停车
2026-03-10 15:47:11,437 - INFO - LLM泛化成功，生成1个变体
2026-03-10 15:47:11,437 - INFO -   已生成 8/20：麻烦停在这里吧，我要下车（礼貌型，带原因）...
2026-03-10 15:47:11,437 - INFO - 调用LLM泛化query：暂停在这停车
2026-03-10 15:47:11,437 - INFO - LLM泛化成功，生成1个变体
2026-03-10 15:47:11,437 - INFO -   已生成 9/20：停在这里吧，别动了（随意型，语气口语化）...
2026-03-10 15:47:11,437 - INFO - 调用LLM泛化query：停止在这停车
2026-03-10 15:47:11,437 - INFO - LLM泛化成功，生成1个变体
2026-03-10 15:47:11,437 - INFO -   已生成 10/20：麻烦停在这里吧，我要下车（礼貌型，带原因）...
2026-03-10 15:47:11,437 - INFO - 调用LLM泛化query：暂停在这停车
2026-03-10 15:47:11,437 - INFO - LLM泛化成功，生成1个变体
2026-03-10 15:47:11,438 - INFO -   已生成 11/20：停在这里吧，别动了（随意型，语气口语化）...
2026-03-10 15:47:11,438 - INFO - 调用LLM泛化query：停止在这停车
2026-03-10 15:47:11,438 - INFO - LLM泛化成功，生成1个变体
2026-03-10 15:47:11,438 - INFO -   已生成 12/20：麻烦停在这里吧，我要下车（礼貌型，带原因）...
2026-03-10 15:47:11,438 - INFO - 调用LLM泛化query：暂停在这停车
2026-03-10 15:47:11,438 - INFO - LLM泛化成功，生成1个变体
2026-03-10 15:47:11,438 - INFO -   已生成 13/20：停在这里吧，别动了（随意型，语气口语化）...
2026-03-10 15:47:11,438 - INFO - 调用LLM泛化query：停止在这停车
2026-03-10 15:47:11,438 - INFO - LLM泛化成功，生成1个变体
2026-03-10 15:47:11,438 - INFO -   已生成 14/20：麻烦停在这里吧，我要下车（礼貌型，带原因）...
2026-03-10 15:47:11,438 - INFO - 调用LLM泛化query：暂停在这停车
2026-03-10 15:47:11,439 - INFO - LLM泛化成功，生成1个变体
2026-03-10 15:47:11,439 - INFO -   已生成 15/20：停在这里吧，别动了（随意型，语气口语化）...
2026-03-10 15:47:11,439 - INFO - 调用LLM泛化query：停止在这停车
2026-03-10 15:47:11,439 - INFO - LLM泛化成功，生成1个变体
2026-03-10 15:47:11,439 - INFO -   已生成 16/20：麻烦停在这里吧，我要下车（礼貌型，带原因）...
2026-03-10 15:47:11,439 - INFO - 调用LLM泛化query：暂停在这停车
2026-03-10 15:47:11,439 - INFO - LLM泛化成功，生成1个变体
2026-03-10 15:47:11,439 - INFO -   已生成 17/20：停在这里吧，别动了（随意型，语气口语化）...
2026-03-10 15:47:11,439 - INFO - 调用LLM泛化query：停止在这停车
2026-03-10 15:47:11,439 - INFO - LLM泛化成功，生成1个变体
2026-03-10 15:47:11,439 - INFO -   已生成 18/20：麻烦停在这里吧，我要下车（礼貌型，带原因）...
2026-03-10 15:47:11,439 - INFO - 调用LLM泛化query：暂停在这停车
2026-03-10 15:47:11,440 - INFO - LLM泛化成功，生成1个变体
2026-03-10 15:47:11,440 - INFO -   已生成 19/20：停在这里吧，别动了（随意型，语气口语化）...
2026-03-10 15:47:11,440 - INFO - 调用LLM泛化query：停止在这停车
2026-03-10 15:47:11,440 - INFO - LLM泛化成功，生成1个变体
2026-03-10 15:47:11,440 - INFO -   已生成 20/20：麻烦停在这里吧，我要下车（礼貌型，带原因）...
2026-03-10 15:47:11,440 - INFO - ID组 22 完成：基于2个原始query，新生成20个泛化query
2026-03-10 15:47:11,440 - INFO - 正在处理ID组 23/111：ID=20
2026-03-10 15:47:11,440 - INFO - 该ID组有3个原始query
2026-03-10 15:47:11,440 - INFO - 对应function：{"name":"vla_control", "arguments":{"action":"canc...
2026-03-10 15:47:11,440 - INFO - 该ID组需要新生成：20个泛化query（比例1:20）
2026-03-10 15:47:11,440 - INFO - 调用LLM泛化query：取消离车泊入
2026-03-10 15:47:13,239 - INFO - LLM泛化成功，生成1个变体
2026-03-10 15:47:13,239 - INFO -   已生成 1/20：帮我取消离车泊入吧...
2026-03-10 15:47:13,239 - INFO - 调用LLM泛化query：离车泊入退出
2026-03-10 15:47:15,188 - INFO - LLM泛化成功，生成1个变体
2026-03-10 15:47:15,188 - INFO -   已生成 2/20：麻烦帮我退出离车泊入吧，我要走了...
2026-03-10 15:47:15,188 - INFO - 调用LLM泛化query：关闭离车泊入
2026-03-10 15:47:16,518 - INFO - LLM泛化成功，生成1个变体
2026-03-10 15:47:16,530 - INFO -   已生成 3/20：麻烦关闭一下离车泊入吧，我不开这个功能了。...
2026-03-10 15:47:16,530 - INFO - 调用LLM泛化query：取消离车泊入
2026-03-10 15:47:16,530 - INFO - LLM泛化成功，生成1个变体
2026-03-10 15:47:16,530 - INFO -   已生成 4/20：帮我取消离车泊入吧...
2026-03-10 15:47:16,530 - INFO - 调用LLM泛化query：离车泊入退出
2026-03-10 15:47:16,530 - INFO - LLM泛化成功，生成1个变体
2026-03-10 15:47:16,531 - INFO -   已生成 5/20：麻烦帮我退出离车泊入吧，我要走了...
2026-03-10 15:47:16,531 - INFO - 调用LLM泛化query：关闭离车泊入
2026-03-10 15:47:16,531 - INFO - LLM泛化成功，生成1个变体
2026-03-10 15:47:16,531 - INFO -   已生成 6/20：麻烦关闭一下离车泊入吧，我不开这个功能了。...
2026-03-10 15:47:16,531 - INFO - 调用LLM泛化query：取消离车泊入
2026-03-10 15:47:16,531 - INFO - LLM泛化成功，生成1个变体
2026-03-10 15:47:16,531 - INFO -   已生成 7/20：帮我取消离车泊入吧...
2026-03-10 15:47:16,531 - INFO - 调用LLM泛化query：离车泊入退出
2026-03-10 15:47:16,531 - INFO - LLM泛化成功，生成1个变体
2026-03-10 15:47:16,531 - INFO -   已生成 8/20：麻烦帮我退出离车泊入吧，我要走了...
2026-03-10 15:47:16,531 - INFO - 调用LLM泛化query：关闭离车泊入
2026-03-10 15:47:16,532 - INFO - LLM泛化成功，生成1个变体
2026-03-10 15:47:16,532 - INFO -   已生成 9/20：麻烦关闭一下离车泊入吧，我不开这个功能了。...
2026-03-10 15:47:16,532 - INFO - 调用LLM泛化query：取消离车泊入
2026-03-10 15:47:16,532 - INFO - LLM泛化成功，生成1个变体
2026-03-10 15:47:16,532 - INFO -   已生成 10/20：帮我取消离车泊入吧...
2026-03-10 15:47:16,532 - INFO - 调用LLM泛化query：离车泊入退出
2026-03-10 15:47:16,532 - INFO - LLM泛化成功，生成1个变体
2026-03-10 15:47:16,532 - INFO -   已生成 11/20：麻烦帮我退出离车泊入吧，我要走了...
2026-03-10 15:47:16,532 - INFO - 调用LLM泛化query：关闭离车泊入
2026-03-10 15:47:16,533 - INFO - LLM泛化成功，生成1个变体
2026-03-10 15:47:16,533 - INFO -   已生成 12/20：麻烦关闭一下离车泊入吧，我不开这个功能了。...
2026-03-10 15:47:16,533 - INFO - 调用LLM泛化query：取消离车泊入
2026-03-10 15:47:16,533 - INFO - LLM泛化成功，生成1个变体
2026-03-10 15:47:16,533 - INFO -   已生成 13/20：帮我取消离车泊入吧...
2026-03-10 15:47:16,533 - INFO - 调用LLM泛化query：离车泊入退出
2026-03-10 15:47:16,533 - INFO - LLM泛化成功，生成1个变体
2026-03-10 15:47:16,533 - INFO -   已生成 14/20：麻烦帮我退出离车泊入吧，我要走了...
2026-03-10 15:47:16,533 - INFO - 调用LLM泛化query：关闭离车泊入
2026-03-10 15:47:16,533 - INFO - LLM泛化成功，生成1个变体
2026-03-10 15:47:16,533 - INFO -   已生成 15/20：麻烦关闭一下离车泊入吧，我不开这个功能了。...
2026-03-10 15:47:16,534 - INFO - 调用LLM泛化query：取消离车泊入
2026-03-10 15:47:16,534 - INFO - LLM泛化成功，生成1个变体
2026-03-10 15:47:16,534 - INFO -   已生成 16/20：帮我取消离车泊入吧...
2026-03-10 15:47:16,534 - INFO - 调用LLM泛化query：离车泊入退出
2026-03-10 15:47:16,534 - INFO - LLM泛化成功，生成1个变体
2026-03-10 15:47:16,534 - INFO -   已生成 17/20：麻烦帮我退出离车泊入吧，我要走了...
2026-03-10 15:47:16,534 - INFO - 调用LLM泛化query：关闭离车泊入
2026-03-10 15:47:16,534 - INFO - LLM泛化成功，生成1个变体
2026-03-10 15:47:16,534 - INFO -   已生成 18/20：麻烦关闭一下离车泊入吧，我不开这个功能了。...
2026-03-10 15:47:16,534 - INFO - 调用LLM泛化query：取消离车泊入
2026-03-10 15:47:16,534 - INFO - LLM泛化成功，生成1个变体
2026-03-10 15:47:16,534 - INFO -   已生成 19/20：帮我取消离车泊入吧...
2026-03-10 15:47:16,534 - INFO - 调用LLM泛化query：离车泊入退出
2026-03-10 15:47:16,534 - INFO - LLM泛化成功，生成1个变体
2026-03-10 15:47:16,534 - INFO -   已生成 20/20：麻烦帮我退出离车泊入吧，我要走了...
2026-03-10 15:47:16,534 - INFO - ID组 23 完成：基于3个原始query，新生成20个泛化query
2026-03-10 15:47:16,534 - INFO - 正在处理ID组 24/111：ID=21
2026-03-10 15:47:16,534 - INFO - 该ID组有7个原始query
2026-03-10 15:47:16,534 - INFO - 对应function：{"name":"vla_control", "arguments":{"action":"canc...
2026-03-10 15:47:16,534 - INFO - 该ID组需要新生成：20个泛化query（比例1:20）
2026-03-10 15:47:16,534 - INFO - 调用LLM泛化query：取消泊车
2026-03-10 15:47:18,366 - INFO - LLM泛化成功，生成1个变体
2026-03-10 15:47:18,366 - INFO -   已生成 1/20：别泊车了，取消一下吧。...
2026-03-10 15:47:18,366 - INFO - 调用LLM泛化query：我要退出泊车
2026-03-10 15:47:20,167 - INFO - LLM泛化成功，生成1个变体
2026-03-10 15:47:20,167 - INFO -   已生成 2/20：帮我退出泊车吧，车停好了。...
2026-03-10 15:47:20,167 - INFO - 调用LLM泛化query：不要把车泊进去了
2026-03-10 15:47:22,756 - INFO - LLM泛化成功，生成1个变体
2026-03-10 15:47:22,756 - INFO -   已生成 3/20：别泊进去啊，我还要用车（带原因+口语化）...
2026-03-10 15:47:22,756 - INFO - 调用LLM泛化query：关闭智能泊车
2026-03-10 15:47:24,300 - INFO - LLM泛化成功，生成1个变体
2026-03-10 15:47:24,301 - INFO -   已生成 4/20：麻烦帮我关一下智能泊车吧，准备自己停车了。...
2026-03-10 15:47:24,302 - INFO - 调用LLM泛化query：取消辅助泊车
2026-03-10 15:47:26,212 - INFO - LLM泛化成功，生成1个变体
2026-03-10 15:47:26,213 - INFO -   已生成 5/20：帮我把辅助泊车取消了吧...
2026-03-10 15:47:26,213 - INFO - 调用LLM泛化query：关闭智能停车
2026-03-10 15:47:27,577 - INFO - LLM泛化成功，生成1个变体
2026-03-10 15:47:27,578 - INFO -   已生成 6/20：麻烦把智能停车关了吧...
2026-03-10 15:47:27,578 - INFO - 调用LLM泛化query：泊车退出
2026-03-10 15:47:28,878 - INFO - LLM泛化成功，生成1个变体
2026-03-10 15:47:28,879 - INFO -   已生成 7/20：帮我退出泊车吧，我要走了（带背景+语气词）...
2026-03-10 15:47:28,879 - INFO - 调用LLM泛化query：取消泊车
2026-03-10 15:47:28,879 - INFO - LLM泛化成功，生成1个变体
2026-03-10 15:47:28,879 - INFO -   已生成 8/20：别泊车了，取消一下吧。...
2026-03-10 15:47:28,879 - INFO - 调用LLM泛化query：我要退出泊车
2026-03-10 15:47:28,879 - INFO - LLM泛化成功，生成1个变体
2026-03-10 15:47:28,879 - INFO -   已生成 9/20：帮我退出泊车吧，车停好了。...
2026-03-10 15:47:28,879 - INFO - 调用LLM泛化query：不要把车泊进去了
2026-03-10 15:47:28,879 - INFO - LLM泛化成功，生成1个变体
2026-03-10 15:47:28,880 - INFO -   已生成 10/20：别泊进去啊，我还要用车（带原因+口语化）...
2026-03-10 15:47:28,880 - INFO - 调用LLM泛化query：关闭智能泊车
2026-03-10 15:47:28,880 - INFO - LLM泛化成功，生成1个变体
2026-03-10 15:47:28,880 - INFO -   已生成 11/20：麻烦帮我关一下智能泊车吧，准备自己停车了。...
2026-03-10 15:47:28,880 - INFO - 调用LLM泛化query：取消辅助泊车
2026-03-10 15:47:28,880 - INFO - LLM泛化成功，生成1个变体
2026-03-10 15:47:28,880 - INFO -   已生成 12/20：帮我把辅助泊车取消了吧...
2026-03-10 15:47:28,880 - INFO - 调用LLM泛化query：关闭智能停车
2026-03-10 15:47:28,880 - INFO - LLM泛化成功，生成1个变体
2026-03-10 15:47:28,880 - INFO -   已生成 13/20：麻烦把智能停车关了吧...
2026-03-10 15:47:28,881 - INFO - 调用LLM泛化query：泊车退出
2026-03-10 15:47:28,881 - INFO - LLM泛化成功，生成1个变体
2026-03-10 15:47:28,881 - INFO -   已生成 14/20：帮我退出泊车吧，我要走了（带背景+语气词）...
2026-03-10 15:47:28,881 - INFO - 调用LLM泛化query：取消泊车
2026-03-10 15:47:28,881 - INFO - LLM泛化成功，生成1个变体
2026-03-10 15:47:28,881 - INFO -   已生成 15/20：别泊车了，取消一下吧。...
2026-03-10 15:47:28,881 - INFO - 调用LLM泛化query：我要退出泊车
2026-03-10 15:47:28,881 - INFO - LLM泛化成功，生成1个变体
2026-03-10 15:47:28,881 - INFO -   已生成 16/20：帮我退出泊车吧，车停好了。...
2026-03-10 15:47:28,881 - INFO - 调用LLM泛化query：不要把车泊进去了
2026-03-10 15:47:28,881 - INFO - LLM泛化成功，生成1个变体
2026-03-10 15:47:28,881 - INFO -   已生成 17/20：别泊进去啊，我还要用车（带原因+口语化）...
2026-03-10 15:47:28,882 - INFO - 调用LLM泛化query：关闭智能泊车
2026-03-10 15:47:28,882 - INFO - LLM泛化成功，生成1个变体
2026-03-10 15:47:28,882 - INFO -   已生成 18/20：麻烦帮我关一下智能泊车吧，准备自己停车了。...
2026-03-10 15:47:28,882 - INFO - 调用LLM泛化query：取消辅助泊车
2026-03-10 15:47:28,882 - INFO - LLM泛化成功，生成1个变体
2026-03-10 15:47:28,882 - INFO -   已生成 19/20：帮我把辅助泊车取消了吧...
2026-03-10 15:47:28,882 - INFO - 调用LLM泛化query：关闭智能停车
2026-03-10 15:47:28,882 - INFO - LLM泛化成功，生成1个变体
2026-03-10 15:47:28,882 - INFO -   已生成 20/20：麻烦把智能停车关了吧...
2026-03-10 15:47:28,883 - INFO - ID组 24 完成：基于7个原始query，新生成20个泛化query
2026-03-10 15:47:28,883 - INFO - 正在处理ID组 25/111：ID=22
2026-03-10 15:47:28,883 - INFO - 该ID组有2个原始query
2026-03-10 15:47:28,883 - INFO - 对应function：{"name":"vla_control", "arguments":{"action":"canc...
2026-03-10 15:47:28,883 - INFO - 该ID组需要新生成：20个泛化query（比例1:20）
2026-03-10 15:47:28,883 - INFO - 调用LLM泛化query：取消把车停到车位里
2026-03-10 15:47:30,477 - INFO - LLM泛化成功，生成1个变体
2026-03-10 15:47:30,478 - INFO -   已生成 1/20：别把车停进车位了。...
2026-03-10 15:47:30,478 - INFO - 调用LLM泛化query：不用把车停到车位里了
2026-03-10 15:47:32,821 - INFO - LLM泛化成功，生成1个变体
2026-03-10 15:47:32,822 - INFO -   已生成 2/20：不用停进车位了，直接停这儿吧...
2026-03-10 15:47:32,822 - INFO - 调用LLM泛化query：取消把车停到车位里
2026-03-10 15:47:32,822 - INFO - LLM泛化成功，生成1个变体
2026-03-10 15:47:32,822 - INFO -   已生成 3/20：别把车停进车位了。...
2026-03-10 15:47:32,822 - INFO - 调用LLM泛化query：不用把车停到车位里了
2026-03-10 15:47:32,822 - INFO - LLM泛化成功，生成1个变体
2026-03-10 15:47:32,822 - INFO -   已生成 4/20：不用停进车位了，直接停这儿吧...
2026-03-10 15:47:32,823 - INFO - 调用LLM泛化query：取消把车停到车位里
2026-03-10 15:47:32,823 - INFO - LLM泛化成功，生成1个变体
2026-03-10 15:47:32,823 - INFO -   已生成 5/20：别把车停进车位了。...
2026-03-10 15:47:32,823 - INFO - 调用LLM泛化query：不用把车停到车位里了
2026-03-10 15:47:32,823 - INFO - LLM泛化成功，生成1个变体
2026-03-10 15:47:32,823 - INFO -   已生成 6/20：不用停进车位了，直接停这儿吧...
2026-03-10 15:47:32,823 - INFO - 调用LLM泛化query：取消把车停到车位里
2026-03-10 15:47:32,823 - INFO - LLM泛化成功，生成1个变体
2026-03-10 15:47:32,823 - INFO -   已生成 7/20：别把车停进车位了。...
2026-03-10 15:47:32,823 - INFO - 调用LLM泛化query：不用把车停到车位里了
2026-03-10 15:47:32,823 - INFO - LLM泛化成功，生成1个变体
2026-03-10 15:47:32,824 - INFO -   已生成 8/20：不用停进车位了，直接停这儿吧...
2026-03-10 15:47:32,824 - INFO - 调用LLM泛化query：取消把车停到车位里
2026-03-10 15:47:32,824 - INFO - LLM泛化成功，生成1个变体
2026-03-10 15:47:32,824 - INFO -   已生成 9/20：别把车停进车位了。...
2026-03-10 15:47:32,824 - INFO - 调用LLM泛化query：不用把车停到车位里了
2026-03-10 15:47:32,824 - INFO - LLM泛化成功，生成1个变体
2026-03-10 15:47:32,824 - INFO -   已生成 10/20：不用停进车位了，直接停这儿吧...
2026-03-10 15:47:32,824 - INFO - 调用LLM泛化query：取消把车停到车位里
2026-03-10 15:47:32,824 - INFO - LLM泛化成功，生成1个变体
2026-03-10 15:47:32,824 - INFO -   已生成 11/20：别把车停进车位了。...
2026-03-10 15:47:32,824 - INFO - 调用LLM泛化query：不用把车停到车位里了
2026-03-10 15:47:32,825 - INFO - LLM泛化成功，生成1个变体
2026-03-10 15:47:32,825 - INFO -   已生成 12/20：不用停进车位了，直接停这儿吧...
2026-03-10 15:47:32,825 - INFO - 调用LLM泛化query：取消把车停到车位里
2026-03-10 15:47:32,825 - INFO - LLM泛化成功，生成1个变体
2026-03-10 15:47:32,825 - INFO -   已生成 13/20：别把车停进车位了。...
2026-03-10 15:47:32,825 - INFO - 调用LLM泛化query：不用把车停到车位里了
2026-03-10 15:47:32,825 - INFO - LLM泛化成功，生成1个变体
2026-03-10 15:47:32,825 - INFO -   已生成 14/20：不用停进车位了，直接停这儿吧...
2026-03-10 15:47:32,825 - INFO - 调用LLM泛化query：取消把车停到车位里
2026-03-10 15:47:32,825 - INFO - LLM泛化成功，生成1个变体
2026-03-10 15:47:32,826 - INFO -   已生成 15/20：别把车停进车位了。...
2026-03-10 15:47:32,826 - INFO - 调用LLM泛化query：不用把车停到车位里了
2026-03-10 15:47:32,826 - INFO - LLM泛化成功，生成1个变体
2026-03-10 15:47:32,826 - INFO -   已生成 16/20：不用停进车位了，直接停这儿吧...
2026-03-10 15:47:32,826 - INFO - 调用LLM泛化query：取消把车停到车位里
2026-03-10 15:47:32,826 - INFO - LLM泛化成功，生成1个变体
2026-03-10 15:47:32,826 - INFO -   已生成 17/20：别把车停进车位了。...
2026-03-10 15:47:32,826 - INFO - 调用LLM泛化query：不用把车停到车位里了
2026-03-10 15:47:32,826 - INFO - LLM泛化成功，生成1个变体
2026-03-10 15:47:32,827 - INFO -   已生成 18/20：不用停进车位了，直接停这儿吧...
2026-03-10 15:47:32,827 - INFO - 调用LLM泛化query：取消把车停到车位里
2026-03-10 15:47:32,827 - INFO - LLM泛化成功，生成1个变体
2026-03-10 15:47:32,827 - INFO -   已生成 19/20：别把车停进车位了。...
2026-03-10 15:47:32,827 - INFO - 调用LLM泛化query：不用把车停到车位里了
2026-03-10 15:47:32,827 - INFO - LLM泛化成功，生成1个变体
2026-03-10 15:47:32,827 - INFO -   已生成 20/20：不用停进车位了，直接停这儿吧...
2026-03-10 15:47:32,827 - INFO - ID组 25 完成：基于2个原始query，新生成20个泛化query
2026-03-10 15:47:32,828 - INFO - 正在处理ID组 26/111：ID=23
2026-03-10 15:47:32,828 - INFO - 该ID组有2个原始query
2026-03-10 15:47:32,828 - INFO - 对应function：{"name":"vla_control", "arguments":{"action":"canc...
2026-03-10 15:47:32,828 - INFO - 该ID组需要新生成：20个泛化query（比例1:20）
2026-03-10 15:47:32,828 - INFO - 调用LLM泛化query：取消把车泊到车位里
2026-03-10 15:47:34,360 - INFO - LLM泛化成功，生成1个变体
2026-03-10 15:47:34,360 - INFO -   已生成 1/20：别泊车了，取消泊入车位吧。...
2026-03-10 15:47:34,360 - INFO - 调用LLM泛化query：不要把车泊到车位里
2026-03-10 15:47:36,129 - INFO - LLM泛化成功，生成1个变体
2026-03-10 15:47:36,130 - INFO -   已生成 2/20：车位就先别泊了，停外面吧（随意型，带场景化语气词）...
2026-03-10 15:47:36,130 - INFO - 调用LLM泛化query：取消把车泊到车位里
2026-03-10 15:47:36,130 - INFO - LLM泛化成功，生成1个变体
2026-03-10 15:47:36,130 - INFO -   已生成 3/20：别泊车了，取消泊入车位吧。...
2026-03-10 15:47:36,130 - INFO - 调用LLM泛化query：不要把车泊到车位里
2026-03-10 15:47:36,130 - INFO - LLM泛化成功，生成1个变体
2026-03-10 15:47:36,130 - INFO -   已生成 4/20：车位就先别泊了，停外面吧（随意型，带场景化语气词）...
2026-03-10 15:47:36,130 - INFO - 调用LLM泛化query：取消把车泊到车位里
2026-03-10 15:47:36,130 - INFO - LLM泛化成功，生成1个变体
2026-03-10 15:47:36,131 - INFO -   已生成 5/20：别泊车了，取消泊入车位吧。...
2026-03-10 15:47:36,131 - INFO - 调用LLM泛化query：不要把车泊到车位里
2026-03-10 15:47:36,131 - INFO - LLM泛化成功，生成1个变体
2026-03-10 15:47:36,131 - INFO -   已生成 6/20：车位就先别泊了，停外面吧（随意型，带场景化语气词）...
2026-03-10 15:47:36,131 - INFO - 调用LLM泛化query：取消把车泊到车位里
2026-03-10 15:47:36,131 - INFO - LLM泛化成功，生成1个变体
2026-03-10 15:47:36,131 - INFO -   已生成 7/20：别泊车了，取消泊入车位吧。...
2026-03-10 15:47:36,131 - INFO - 调用LLM泛化query：不要把车泊到车位里
2026-03-10 15:47:36,132 - INFO - LLM泛化成功，生成1个变体
2026-03-10 15:47:36,132 - INFO -   已生成 8/20：车位就先别泊了，停外面吧（随意型，带场景化语气词）...
2026-03-10 15:47:36,132 - INFO - 调用LLM泛化query：取消把车泊到车位里
2026-03-10 15:47:36,132 - INFO - LLM泛化成功，生成1个变体
2026-03-10 15:47:36,132 - INFO -   已生成 9/20：别泊车了，取消泊入车位吧。...
2026-03-10 15:47:36,132 - INFO - 调用LLM泛化query：不要把车泊到车位里
2026-03-10 15:47:36,132 - INFO - LLM泛化成功，生成1个变体
2026-03-10 15:47:36,132 - INFO -   已生成 10/20：车位就先别泊了，停外面吧（随意型，带场景化语气词）...
2026-03-10 15:47:36,132 - INFO - 调用LLM泛化query：取消把车泊到车位里
2026-03-10 15:47:36,132 - INFO - LLM泛化成功，生成1个变体
2026-03-10 15:47:36,132 - INFO -   已生成 11/20：别泊车了，取消泊入车位吧。...
2026-03-10 15:47:36,132 - INFO - 调用LLM泛化query：不要把车泊到车位里
2026-03-10 15:47:36,133 - INFO - LLM泛化成功，生成1个变体
2026-03-10 15:47:36,133 - INFO -   已生成 12/20：车位就先别泊了，停外面吧（随意型，带场景化语气词）...
2026-03-10 15:47:36,133 - INFO - 调用LLM泛化query：取消把车泊到车位里
2026-03-10 15:47:36,133 - INFO - LLM泛化成功，生成1个变体
2026-03-10 15:47:36,133 - INFO -   已生成 13/20：别泊车了，取消泊入车位吧。...
2026-03-10 15:47:36,133 - INFO - 调用LLM泛化query：不要把车泊到车位里
2026-03-10 15:47:36,133 - INFO - LLM泛化成功，生成1个变体
2026-03-10 15:47:36,133 - INFO -   已生成 14/20：车位就先别泊了，停外面吧（随意型，带场景化语气词）...
2026-03-10 15:47:36,133 - INFO - 调用LLM泛化query：取消把车泊到车位里
2026-03-10 15:47:36,133 - INFO - LLM泛化成功，生成1个变体
2026-03-10 15:47:36,134 - INFO -   已生成 15/20：别泊车了，取消泊入车位吧。...
2026-03-10 15:47:36,134 - INFO - 调用LLM泛化query：不要把车泊到车位里
2026-03-10 15:47:36,134 - INFO - LLM泛化成功，生成1个变体
2026-03-10 15:47:36,134 - INFO -   已生成 16/20：车位就先别泊了，停外面吧（随意型，带场景化语气词）...
2026-03-10 15:47:36,134 - INFO - 调用LLM泛化query：取消把车泊到车位里
2026-03-10 15:47:36,134 - INFO - LLM泛化成功，生成1个变体
2026-03-10 15:47:36,134 - INFO -   已生成 17/20：别泊车了，取消泊入车位吧。...
2026-03-10 15:47:36,134 - INFO - 调用LLM泛化query：不要把车泊到车位里
2026-03-10 15:47:36,134 - INFO - LLM泛化成功，生成1个变体
2026-03-10 15:47:36,134 - INFO -   已生成 18/20：车位就先别泊了，停外面吧（随意型，带场景化语气词）...
2026-03-10 15:47:36,134 - INFO - 调用LLM泛化query：取消把车泊到车位里
2026-03-10 15:47:36,134 - INFO - LLM泛化成功，生成1个变体
2026-03-10 15:47:36,135 - INFO -   已生成 19/20：别泊车了，取消泊入车位吧。...
2026-03-10 15:47:36,135 - INFO - 调用LLM泛化query：不要把车泊到车位里
2026-03-10 15:47:36,135 - INFO - LLM泛化成功，生成1个变体
2026-03-10 15:47:36,135 - INFO -   已生成 20/20：车位就先别泊了，停外面吧（随意型，带场景化语气词）...
2026-03-10 15:47:36,135 - INFO - ID组 26 完成：基于2个原始query，新生成20个泛化query
2026-03-10 15:47:36,135 - INFO - 正在处理ID组 27/111：ID=24
2026-03-10 15:47:36,135 - INFO - 该ID组有2个原始query
2026-03-10 15:47:36,135 - INFO - 对应function：{"name":"vla_control", "arguments":{"action":"canc...
2026-03-10 15:47:36,135 - INFO - 该ID组需要新生成：20个泛化query（比例1:20）
2026-03-10 15:47:36,135 - INFO - 调用LLM泛化query：取消把车开到车位里
2026-03-10 15:47:38,463 - INFO - LLM泛化成功，生成1个变体
2026-03-10 15:47:38,464 - INFO -   已生成 1/20：别把车开到车位里了。...
2026-03-10 15:47:38,464 - INFO - 调用LLM泛化query：退出把车开到车位里
2026-03-10 15:47:41,378 - INFO - LLM泛化成功，生成1个变体
2026-03-10 15:47:41,378 - INFO -   已生成 2/20：麻烦你退出后把车开进车位里吧...
2026-03-10 15:47:41,378 - INFO - 调用LLM泛化query：取消把车开到车位里
2026-03-10 15:47:41,379 - INFO - LLM泛化成功，生成1个变体
2026-03-10 15:47:41,379 - INFO -   已生成 3/20：别把车开到车位里了。...
2026-03-10 15:47:41,379 - INFO - 调用LLM泛化query：退出把车开到车位里
2026-03-10 15:47:41,379 - INFO - LLM泛化成功，生成1个变体
2026-03-10 15:47:41,379 - INFO -   已生成 4/20：麻烦你退出后把车开进车位里吧...
2026-03-10 15:47:41,379 - INFO - 调用LLM泛化query：取消把车开到车位里
2026-03-10 15:47:41,380 - INFO - LLM泛化成功，生成1个变体
2026-03-10 15:47:41,380 - INFO -   已生成 5/20：别把车开到车位里了。...
2026-03-10 15:47:41,380 - INFO - 调用LLM泛化query：退出把车开到车位里
2026-03-10 15:47:41,380 - INFO - LLM泛化成功，生成1个变体
2026-03-10 15:47:41,380 - INFO -   已生成 6/20：麻烦你退出后把车开进车位里吧...
2026-03-10 15:47:41,380 - INFO - 调用LLM泛化query：取消把车开到车位里
2026-03-10 15:47:41,380 - INFO - LLM泛化成功，生成1个变体
2026-03-10 15:47:41,381 - INFO -   已生成 7/20：别把车开到车位里了。...
2026-03-10 15:47:41,381 - INFO - 调用LLM泛化query：退出把车开到车位里
2026-03-10 15:47:41,381 - INFO - LLM泛化成功，生成1个变体
2026-03-10 15:47:41,381 - INFO -   已生成 8/20：麻烦你退出后把车开进车位里吧...
2026-03-10 15:47:41,381 - INFO - 调用LLM泛化query：取消把车开到车位里
2026-03-10 15:47:41,381 - INFO - LLM泛化成功，生成1个变体
2026-03-10 15:47:41,381 - INFO -   已生成 9/20：别把车开到车位里了。...
2026-03-10 15:47:41,381 - INFO - 调用LLM泛化query：退出把车开到车位里
2026-03-10 15:47:41,382 - INFO - LLM泛化成功，生成1个变体
2026-03-10 15:47:41,382 - INFO -   已生成 10/20：麻烦你退出后把车开进车位里吧...
2026-03-10 15:47:41,382 - INFO - 调用LLM泛化query：取消把车开到车位里
2026-03-10 15:47:41,382 - INFO - LLM泛化成功，生成1个变体
2026-03-10 15:47:41,382 - INFO -   已生成 11/20：别把车开到车位里了。...
2026-03-10 15:47:41,382 - INFO - 调用LLM泛化query：退出把车开到车位里
2026-03-10 15:47:41,382 - INFO - LLM泛化成功，生成1个变体
2026-03-10 15:47:41,382 - INFO -   已生成 12/20：麻烦你退出后把车开进车位里吧...
2026-03-10 15:47:41,382 - INFO - 调用LLM泛化query：取消把车开到车位里
2026-03-10 15:47:41,383 - INFO - LLM泛化成功，生成1个变体
2026-03-10 15:47:41,383 - INFO -   已生成 13/20：别把车开到车位里了。...
2026-03-10 15:47:41,383 - INFO - 调用LLM泛化query：退出把车开到车位里
2026-03-10 15:47:41,383 - INFO - LLM泛化成功，生成1个变体
2026-03-10 15:47:41,383 - INFO -   已生成 14/20：麻烦你退出后把车开进车位里吧...
2026-03-10 15:47:41,383 - INFO - 调用LLM泛化query：取消把车开到车位里
2026-03-10 15:47:41,383 - INFO - LLM泛化成功，生成1个变体
2026-03-10 15:47:41,383 - INFO -   已生成 15/20：别把车开到车位里了。...
2026-03-10 15:47:41,383 - INFO - 调用LLM泛化query：退出把车开到车位里
2026-03-10 15:47:41,384 - INFO - LLM泛化成功，生成1个变体
2026-03-10 15:47:41,384 - INFO -   已生成 16/20：麻烦你退出后把车开进车位里吧...
2026-03-10 15:47:41,384 - INFO - 调用LLM泛化query：取消把车开到车位里
2026-03-10 15:47:41,384 - INFO - LLM泛化成功，生成1个变体
2026-03-10 15:47:41,384 - INFO -   已生成 17/20：别把车开到车位里了。...
2026-03-10 15:47:41,384 - INFO - 调用LLM泛化query：退出把车开到车位里
2026-03-10 15:47:41,384 - INFO - LLM泛化成功，生成1个变体
2026-03-10 15:47:41,384 - INFO -   已生成 18/20：麻烦你退出后把车开进车位里吧...
2026-03-10 15:47:41,384 - INFO - 调用LLM泛化query：取消把车开到车位里
2026-03-10 15:47:41,384 - INFO - LLM泛化成功，生成1个变体
2026-03-10 15:47:41,384 - INFO -   已生成 19/20：别把车开到车位里了。...
2026-03-10 15:47:41,384 - INFO - 调用LLM泛化query：退出把车开到车位里
2026-03-10 15:47:41,385 - INFO - LLM泛化成功，生成1个变体
2026-03-10 15:47:41,385 - INFO -   已生成 20/20：麻烦你退出后把车开进车位里吧...
2026-03-10 15:47:41,385 - INFO - ID组 27 完成：基于2个原始query，新生成20个泛化query
2026-03-10 15:47:41,385 - INFO - 正在处理ID组 28/111：ID=25
2026-03-10 15:47:41,385 - INFO - 该ID组有4个原始query
2026-03-10 15:47:41,385 - INFO - 对应function：{"name":"vla_control", "arguments":{"action":"canc...
2026-03-10 15:47:41,385 - INFO - 该ID组需要新生成：20个泛化query（比例1:20）
2026-03-10 15:47:41,385 - INFO - 调用LLM泛化query：取消停车
2026-03-10 15:47:43,017 - INFO - LLM泛化成功，生成1个变体
2026-03-10 15:47:43,019 - INFO -   已生成 1/20：别停了，直接取消停车吧（随意型，带语气词，贴近用户口语化表达...
2026-03-10 15:47:43,026 - INFO - 调用LLM泛化query：停车退出
2026-03-10 15:47:44,964 - INFO - LLM泛化成功，生成1个变体
2026-03-10 15:47:44,966 - INFO -   已生成 2/20：帮我退出停车吧...
2026-03-10 15:47:44,966 - INFO - 调用LLM泛化query：立即退出停车
2026-03-10 15:47:46,675 - INFO - LLM泛化成功，生成1个变体
2026-03-10 15:47:46,675 - INFO -   已生成 3/20：赶紧退出停车吧，我有点着急...
2026-03-10 15:47:46,675 - INFO - 调用LLM泛化query：退出停车
2026-03-10 15:47:48,807 - INFO - LLM泛化成功，生成1个变体
2026-03-10 15:47:48,807 - INFO -   已生成 4/20：麻烦帮我退出停车吧，我得赶紧走了（着急型，带原因）...
2026-03-10 15:47:48,808 - INFO - 调用LLM泛化query：取消停车
2026-03-10 15:47:48,808 - INFO - LLM泛化成功，生成1个变体
2026-03-10 15:47:48,808 - INFO -   已生成 5/20：别停了，直接取消停车吧（随意型，带语气词，贴近用户口语化表达...
2026-03-10 15:47:48,808 - INFO - 调用LLM泛化query：停车退出
2026-03-10 15:47:48,808 - INFO - LLM泛化成功，生成1个变体
2026-03-10 15:47:48,808 - INFO -   已生成 6/20：帮我退出停车吧...
2026-03-10 15:47:48,808 - INFO - 调用LLM泛化query：立即退出停车
2026-03-10 15:47:48,809 - INFO - LLM泛化成功，生成1个变体
2026-03-10 15:47:48,809 - INFO -   已生成 7/20：赶紧退出停车吧，我有点着急...
2026-03-10 15:47:48,809 - INFO - 调用LLM泛化query：退出停车
2026-03-10 15:47:48,809 - INFO - LLM泛化成功，生成1个变体
2026-03-10 15:47:48,809 - INFO -   已生成 8/20：麻烦帮我退出停车吧，我得赶紧走了（着急型，带原因）...
2026-03-10 15:47:48,809 - INFO - 调用LLM泛化query：取消停车
2026-03-10 15:47:48,809 - INFO - LLM泛化成功，生成1个变体
2026-03-10 15:47:48,810 - INFO -   已生成 9/20：别停了，直接取消停车吧（随意型，带语气词，贴近用户口语化表达...
2026-03-10 15:47:48,810 - INFO - 调用LLM泛化query：停车退出
2026-03-10 15:47:48,810 - INFO - LLM泛化成功，生成1个变体
2026-03-10 15:47:48,810 - INFO -   已生成 10/20：帮我退出停车吧...
2026-03-10 15:47:48,810 - INFO - 调用LLM泛化query：立即退出停车
2026-03-10 15:47:48,810 - INFO - LLM泛化成功，生成1个变体
2026-03-10 15:47:48,810 - INFO -   已生成 11/20：赶紧退出停车吧，我有点着急...
2026-03-10 15:47:48,810 - INFO - 调用LLM泛化query：退出停车
2026-03-10 15:47:48,811 - INFO - LLM泛化成功，生成1个变体
2026-03-10 15:47:48,811 - INFO -   已生成 12/20：麻烦帮我退出停车吧，我得赶紧走了（着急型，带原因）...
2026-03-10 15:47:48,811 - INFO - 调用LLM泛化query：取消停车
2026-03-10 15:47:48,811 - INFO - LLM泛化成功，生成1个变体
2026-03-10 15:47:48,811 - INFO -   已生成 13/20：别停了，直接取消停车吧（随意型，带语气词，贴近用户口语化表达...
2026-03-10 15:47:48,811 - INFO - 调用LLM泛化query：停车退出
2026-03-10 15:47:48,811 - INFO - LLM泛化成功，生成1个变体
2026-03-10 15:47:48,811 - INFO -   已生成 14/20：帮我退出停车吧...
2026-03-10 15:47:48,811 - INFO - 调用LLM泛化query：立即退出停车
2026-03-10 15:47:48,811 - INFO - LLM泛化成功，生成1个变体
2026-03-10 15:47:48,812 - INFO -   已生成 15/20：赶紧退出停车吧，我有点着急...
2026-03-10 15:47:48,812 - INFO - 调用LLM泛化query：退出停车
2026-03-10 15:47:48,812 - INFO - LLM泛化成功，生成1个变体
2026-03-10 15:47:48,812 - INFO -   已生成 16/20：麻烦帮我退出停车吧，我得赶紧走了（着急型，带原因）...
2026-03-10 15:47:48,812 - INFO - 调用LLM泛化query：取消停车
2026-03-10 15:47:48,812 - INFO - LLM泛化成功，生成1个变体
2026-03-10 15:47:48,812 - INFO -   已生成 17/20：别停了，直接取消停车吧（随意型，带语气词，贴近用户口语化表达...
2026-03-10 15:47:48,812 - INFO - 调用LLM泛化query：停车退出
2026-03-10 15:47:48,812 - INFO - LLM泛化成功，生成1个变体
2026-03-10 15:47:48,812 - INFO -   已生成 18/20：帮我退出停车吧...
2026-03-10 15:47:48,812 - INFO - 调用LLM泛化query：立即退出停车
2026-03-10 15:47:48,813 - INFO - LLM泛化成功，生成1个变体
2026-03-10 15:47:48,813 - INFO -   已生成 19/20：赶紧退出停车吧，我有点着急...
2026-03-10 15:47:48,813 - INFO - 调用LLM泛化query：退出停车
2026-03-10 15:47:48,813 - INFO - LLM泛化成功，生成1个变体
2026-03-10 15:47:48,813 - INFO -   已生成 20/20：麻烦帮我退出停车吧，我得赶紧走了（着急型，带原因）...
2026-03-10 15:47:48,813 - INFO - ID组 28 完成：基于4个原始query，新生成20个泛化query
2026-03-10 15:47:48,813 - INFO - 正在处理ID组 29/111：ID=26
2026-03-10 15:47:48,813 - INFO - 该ID组有2个原始query
2026-03-10 15:47:48,813 - INFO - 对应function：{"name":"vla_control", "arguments":{"action":"canc...
2026-03-10 15:47:48,813 - INFO - 该ID组需要新生成：20个泛化query（比例1:20）
2026-03-10 15:47:48,813 - INFO - 调用LLM泛化query：取消在这停车
2026-03-10 15:47:50,113 - INFO - LLM泛化成功，生成1个变体
2026-03-10 15:47:50,113 - INFO -   已生成 1/20：别在这停车了，取消吧。...
2026-03-10 15:47:50,113 - INFO - 调用LLM泛化query：不要在这停车
2026-03-10 15:47:51,869 - INFO - LLM泛化成功，生成1个变体
2026-03-10 15:47:51,869 - INFO -   已生成 2/20：别停在这里啊...
2026-03-10 15:47:51,869 - INFO - 调用LLM泛化query：取消在这停车
2026-03-10 15:47:51,869 - INFO - LLM泛化成功，生成1个变体
2026-03-10 15:47:51,869 - INFO -   已生成 3/20：别在这停车了，取消吧。...
2026-03-10 15:47:51,870 - INFO - 调用LLM泛化query：不要在这停车
2026-03-10 15:47:51,870 - INFO - LLM泛化成功，生成1个变体
2026-03-10 15:47:51,870 - INFO -   已生成 4/20：别停在这里啊...
2026-03-10 15:47:51,870 - INFO - 调用LLM泛化query：取消在这停车
2026-03-10 15:47:51,870 - INFO - LLM泛化成功，生成1个变体
2026-03-10 15:47:51,870 - INFO -   已生成 5/20：别在这停车了，取消吧。...
2026-03-10 15:47:51,870 - INFO - 调用LLM泛化query：不要在这停车
2026-03-10 15:47:51,870 - INFO - LLM泛化成功，生成1个变体
2026-03-10 15:47:51,871 - INFO -   已生成 6/20：别停在这里啊...
2026-03-10 15:47:51,871 - INFO - 调用LLM泛化query：取消在这停车
2026-03-10 15:47:51,872 - INFO - LLM泛化成功，生成1个变体
2026-03-10 15:47:51,872 - INFO -   已生成 7/20：别在这停车了，取消吧。...
2026-03-10 15:47:51,872 - INFO - 调用LLM泛化query：不要在这停车
2026-03-10 15:47:51,872 - INFO - LLM泛化成功，生成1个变体
2026-03-10 15:47:51,872 - INFO -   已生成 8/20：别停在这里啊...
2026-03-10 15:47:51,872 - INFO - 调用LLM泛化query：取消在这停车
2026-03-10 15:47:51,872 - INFO - LLM泛化成功，生成1个变体
2026-03-10 15:47:51,872 - INFO -   已生成 9/20：别在这停车了，取消吧。...
2026-03-10 15:47:51,872 - INFO - 调用LLM泛化query：不要在这停车
2026-03-10 15:47:51,873 - INFO - LLM泛化成功，生成1个变体
2026-03-10 15:47:51,873 - INFO -   已生成 10/20：别停在这里啊...
2026-03-10 15:47:51,873 - INFO - 调用LLM泛化query：取消在这停车
2026-03-10 15:47:51,873 - INFO - LLM泛化成功，生成1个变体
2026-03-10 15:47:51,873 - INFO -   已生成 11/20：别在这停车了，取消吧。...
2026-03-10 15:47:51,873 - INFO - 调用LLM泛化query：不要在这停车
2026-03-10 15:47:51,873 - INFO - LLM泛化成功，生成1个变体
2026-03-10 15:47:51,873 - INFO -   已生成 12/20：别停在这里啊...
2026-03-10 15:47:51,873 - INFO - 调用LLM泛化query：取消在这停车
2026-03-10 15:47:51,873 - INFO - LLM泛化成功，生成1个变体
2026-03-10 15:47:51,874 - INFO -   已生成 13/20：别在这停车了，取消吧。...
2026-03-10 15:47:51,874 - INFO - 调用LLM泛化query：不要在这停车
2026-03-10 15:47:51,874 - INFO - LLM泛化成功，生成1个变体
2026-03-10 15:47:51,874 - INFO -   已生成 14/20：别停在这里啊...
2026-03-10 15:47:51,874 - INFO - 调用LLM泛化query：取消在这停车
2026-03-10 15:47:51,874 - INFO - LLM泛化成功，生成1个变体
2026-03-10 15:47:51,874 - INFO -   已生成 15/20：别在这停车了，取消吧。...
2026-03-10 15:47:51,874 - INFO - 调用LLM泛化query：不要在这停车
2026-03-10 15:47:51,874 - INFO - LLM泛化成功，生成1个变体
2026-03-10 15:47:51,874 - INFO -   已生成 16/20：别停在这里啊...
2026-03-10 15:47:51,875 - INFO - 调用LLM泛化query：取消在这停车
2026-03-10 15:47:51,875 - INFO - LLM泛化成功，生成1个变体
2026-03-10 15:47:51,875 - INFO -   已生成 17/20：别在这停车了，取消吧。...
2026-03-10 15:47:51,875 - INFO - 调用LLM泛化query：不要在这停车
2026-03-10 15:47:51,875 - INFO - LLM泛化成功，生成1个变体
2026-03-10 15:47:51,875 - INFO -   已生成 18/20：别停在这里啊...
2026-03-10 15:47:51,875 - INFO - 调用LLM泛化query：取消在这停车
2026-03-10 15:47:51,875 - INFO - LLM泛化成功，生成1个变体
2026-03-10 15:47:51,875 - INFO -   已生成 19/20：别在这停车了，取消吧。...
2026-03-10 15:47:51,875 - INFO - 调用LLM泛化query：不要在这停车
2026-03-10 15:47:51,875 - INFO - LLM泛化成功，生成1个变体
2026-03-10 15:47:51,876 - INFO -   已生成 20/20：别停在这里啊...
2026-03-10 15:47:51,876 - INFO - ID组 29 完成：基于2个原始query，新生成20个泛化query
2026-03-10 15:47:51,876 - INFO - 正在处理ID组 30/111：ID=27
2026-03-10 15:47:51,876 - INFO - 该ID组有4个原始query
2026-03-10 15:47:51,876 - INFO - 对应function：{"name":"vla_control", "arguments":{"action":"paus...
2026-03-10 15:47:51,876 - INFO - 该ID组需要新生成：20个泛化query（比例1:20）
2026-03-10 15:47:51,876 - INFO - 调用LLM泛化query：暂停偏左离车泊入
2026-03-10 15:47:53,695 - INFO - LLM泛化成功，生成1个变体
2026-03-10 15:47:53,700 - INFO -   已生成 1/20：稍微往左一点，暂停离车泊入吧...
2026-03-10 15:47:53,700 - INFO - 调用LLM泛化query：停止靠右离车泊入
2026-03-10 15:47:55,254 - INFO - LLM泛化成功，生成1个变体
2026-03-10 15:47:55,255 - INFO -   已生成 2/20：麻烦停止靠右离车泊入吧，我要下车了（礼貌型，带原因）...
2026-03-10 15:47:55,255 - INFO - 调用LLM泛化query：靠左离车泊入停一下
2026-03-10 15:47:56,951 - INFO - LLM泛化成功，生成1个变体
2026-03-10 15:47:56,952 - INFO -   已生成 3/20：麻烦靠左离车泊入停一下吧，我拿个东西就回来。...
2026-03-10 15:47:56,952 - INFO - 调用LLM泛化query：居中离车泊入暂停下
2026-03-10 15:47:58,966 - INFO - LLM泛化成功，生成1个变体
2026-03-10 15:47:58,967 - INFO -   已生成 4/20：离车泊入帮我暂停一下，我要中途办点事。...
2026-03-10 15:47:58,967 - INFO - 调用LLM泛化query：暂停偏左离车泊入
2026-03-10 15:47:58,967 - INFO - LLM泛化成功，生成1个变体
2026-03-10 15:47:58,967 - INFO -   已生成 5/20：稍微往左一点，暂停离车泊入吧...
2026-03-10 15:47:58,967 - INFO - 调用LLM泛化query：停止靠右离车泊入
2026-03-10 15:47:58,967 - INFO - LLM泛化成功，生成1个变体
2026-03-10 15:47:58,967 - INFO -   已生成 6/20：麻烦停止靠右离车泊入吧，我要下车了（礼貌型，带原因）...
2026-03-10 15:47:58,967 - INFO - 调用LLM泛化query：靠左离车泊入停一下
2026-03-10 15:47:58,967 - INFO - LLM泛化成功，生成1个变体
2026-03-10 15:47:58,968 - INFO -   已生成 7/20：麻烦靠左离车泊入停一下吧，我拿个东西就回来。...
2026-03-10 15:47:58,968 - INFO - 调用LLM泛化query：居中离车泊入暂停下
2026-03-10 15:47:58,968 - INFO - LLM泛化成功，生成1个变体
2026-03-10 15:47:58,968 - INFO -   已生成 8/20：离车泊入帮我暂停一下，我要中途办点事。...
2026-03-10 15:47:58,968 - INFO - 调用LLM泛化query：暂停偏左离车泊入
2026-03-10 15:47:58,968 - INFO - LLM泛化成功，生成1个变体
2026-03-10 15:47:58,968 - INFO -   已生成 9/20：稍微往左一点，暂停离车泊入吧...
2026-03-10 15:47:58,968 - INFO - 调用LLM泛化query：停止靠右离车泊入
2026-03-10 15:47:58,968 - INFO - LLM泛化成功，生成1个变体
2026-03-10 15:47:58,969 - INFO -   已生成 10/20：麻烦停止靠右离车泊入吧，我要下车了（礼貌型，带原因）...
2026-03-10 15:47:58,969 - INFO - 调用LLM泛化query：靠左离车泊入停一下
2026-03-10 15:47:58,969 - INFO - LLM泛化成功，生成1个变体
2026-03-10 15:47:58,969 - INFO -   已生成 11/20：麻烦靠左离车泊入停一下吧，我拿个东西就回来。...
2026-03-10 15:47:58,969 - INFO - 调用LLM泛化query：居中离车泊入暂停下
2026-03-10 15:47:58,969 - INFO - LLM泛化成功，生成1个变体
2026-03-10 15:47:58,969 - INFO -   已生成 12/20：离车泊入帮我暂停一下，我要中途办点事。...
2026-03-10 15:47:58,969 - INFO - 调用LLM泛化query：暂停偏左离车泊入
2026-03-10 15:47:58,969 - INFO - LLM泛化成功，生成1个变体
2026-03-10 15:47:58,969 - INFO -   已生成 13/20：稍微往左一点，暂停离车泊入吧...
2026-03-10 15:47:58,969 - INFO - 调用LLM泛化query：停止靠右离车泊入
2026-03-10 15:47:58,970 - INFO - LLM泛化成功，生成1个变体
2026-03-10 15:47:58,970 - INFO -   已生成 14/20：麻烦停止靠右离车泊入吧，我要下车了（礼貌型，带原因）...
2026-03-10 15:47:58,970 - INFO - 调用LLM泛化query：靠左离车泊入停一下
2026-03-10 15:47:58,970 - INFO - LLM泛化成功，生成1个变体
2026-03-10 15:47:58,970 - INFO -   已生成 15/20：麻烦靠左离车泊入停一下吧，我拿个东西就回来。...
2026-03-10 15:47:58,970 - INFO - 调用LLM泛化query：居中离车泊入暂停下
2026-03-10 15:47:58,970 - INFO - LLM泛化成功，生成1个变体
2026-03-10 15:47:58,970 - INFO -   已生成 16/20：离车泊入帮我暂停一下，我要中途办点事。...
2026-03-10 15:47:58,970 - INFO - 调用LLM泛化query：暂停偏左离车泊入
2026-03-10 15:47:58,970 - INFO - LLM泛化成功，生成1个变体
2026-03-10 15:47:58,971 - INFO -   已生成 17/20：稍微往左一点，暂停离车泊入吧...
2026-03-10 15:47:58,971 - INFO - 调用LLM泛化query：停止靠右离车泊入
2026-03-10 15:47:58,971 - INFO - LLM泛化成功，生成1个变体
2026-03-10 15:47:58,971 - INFO -   已生成 18/20：麻烦停止靠右离车泊入吧，我要下车了（礼貌型，带原因）...
2026-03-10 15:47:58,971 - INFO - 调用LLM泛化query：靠左离车泊入停一下
2026-03-10 15:47:58,971 - INFO - LLM泛化成功，生成1个变体
2026-03-10 15:47:58,971 - INFO -   已生成 19/20：麻烦靠左离车泊入停一下吧，我拿个东西就回来。...
2026-03-10 15:47:58,971 - INFO - 调用LLM泛化query：居中离车泊入暂停下
2026-03-10 15:47:58,971 - INFO - LLM泛化成功，生成1个变体
2026-03-10 15:47:58,971 - INFO -   已生成 20/20：离车泊入帮我暂停一下，我要中途办点事。...
2026-03-10 15:47:58,971 - INFO - ID组 30 完成：基于4个原始query，新生成20个泛化query
2026-03-10 15:47:58,971 - INFO - 正在处理ID组 31/111：ID=28
2026-03-10 15:47:58,972 - INFO - 该ID组有5个原始query
2026-03-10 15:47:58,972 - INFO - 对应function：{"name":"vla_control", "arguments":{"action":"paus...
2026-03-10 15:47:58,972 - INFO - 该ID组需要新生成：20个泛化query（比例1:20）
2026-03-10 15:47:58,972 - INFO - 调用LLM泛化query：暂停靠左泊车
2026-03-10 15:48:00,387 - INFO - LLM泛化成功，生成1个变体
2026-03-10 15:48:00,387 - INFO -   已生成 1/20：麻烦暂停一下，靠左边泊车吧。...
2026-03-10 15:48:00,387 - INFO - 调用LLM泛化query：暂停居中泊车吧
2026-03-10 15:48:01,853 - INFO - LLM泛化成功，生成1个变体
2026-03-10 15:48:01,853 - INFO -   已生成 2/20：稍等一下，先暂停居中泊车哦，我有点事要处理。...
2026-03-10 15:48:01,854 - INFO - 调用LLM泛化query：我要暂停靠右泊车
2026-03-10 15:48:03,985 - INFO - LLM泛化成功，生成1个变体
2026-03-10 15:48:03,985 - INFO -   已生成 3/20：麻烦暂停一下，靠右泊车吧。...
2026-03-10 15:48:03,985 - INFO - 调用LLM泛化query：把车靠右泊进去停一下
2026-03-10 15:48:06,609 - INFO - LLM泛化成功，生成1个变体
2026-03-10 15:48:06,610 - INFO -   已生成 4/20：靠右边泊进去停一下吧，前面位置挺合适的。...
2026-03-10 15:48:06,610 - INFO - 调用LLM泛化query：暂停靠右泊车了
2026-03-10 15:48:08,098 - INFO - LLM泛化成功，生成1个变体
2026-03-10 15:48:08,098 - INFO -   已生成 5/20：麻烦靠右暂停泊车一下吧（礼貌型，带语气词）...
2026-03-10 15:48:08,098 - INFO - 调用LLM泛化query：暂停靠左泊车
2026-03-10 15:48:08,099 - INFO - LLM泛化成功，生成1个变体
2026-03-10 15:48:08,099 - INFO -   已生成 6/20：麻烦暂停一下，靠左边泊车吧。...
2026-03-10 15:48:08,099 - INFO - 调用LLM泛化query：暂停居中泊车吧
2026-03-10 15:48:08,099 - INFO - LLM泛化成功，生成1个变体
2026-03-10 15:48:08,099 - INFO -   已生成 7/20：稍等一下，先暂停居中泊车哦，我有点事要处理。...
2026-03-10 15:48:08,100 - INFO - 调用LLM泛化query：我要暂停靠右泊车
2026-03-10 15:48:08,100 - INFO - LLM泛化成功，生成1个变体
2026-03-10 15:48:08,100 - INFO -   已生成 8/20：麻烦暂停一下，靠右泊车吧。...
2026-03-10 15:48:08,100 - INFO - 调用LLM泛化query：把车靠右泊进去停一下
2026-03-10 15:48:08,100 - INFO - LLM泛化成功，生成1个变体
2026-03-10 15:48:08,101 - INFO -   已生成 9/20：靠右边泊进去停一下吧，前面位置挺合适的。...
2026-03-10 15:48:08,101 - INFO - 调用LLM泛化query：暂停靠右泊车了
2026-03-10 15:48:08,101 - INFO - LLM泛化成功，生成1个变体
2026-03-10 15:48:08,101 - INFO -   已生成 10/20：麻烦靠右暂停泊车一下吧（礼貌型，带语气词）...
2026-03-10 15:48:08,101 - INFO - 调用LLM泛化query：暂停靠左泊车
2026-03-10 15:48:08,101 - INFO - LLM泛化成功，生成1个变体
2026-03-10 15:48:08,101 - INFO -   已生成 11/20：麻烦暂停一下，靠左边泊车吧。...
2026-03-10 15:48:08,101 - INFO - 调用LLM泛化query：暂停居中泊车吧
2026-03-10 15:48:08,102 - INFO - LLM泛化成功，生成1个变体
2026-03-10 15:48:08,102 - INFO -   已生成 12/20：稍等一下，先暂停居中泊车哦，我有点事要处理。...
2026-03-10 15:48:08,102 - INFO - 调用LLM泛化query：我要暂停靠右泊车
2026-03-10 15:48:08,102 - INFO - LLM泛化成功，生成1个变体
2026-03-10 15:48:08,102 - INFO -   已生成 13/20：麻烦暂停一下，靠右泊车吧。...
2026-03-10 15:48:08,102 - INFO - 调用LLM泛化query：把车靠右泊进去停一下
2026-03-10 15:48:08,102 - INFO - LLM泛化成功，生成1个变体
2026-03-10 15:48:08,102 - INFO -   已生成 14/20：靠右边泊进去停一下吧，前面位置挺合适的。...
2026-03-10 15:48:08,102 - INFO - 调用LLM泛化query：暂停靠右泊车了
2026-03-10 15:48:08,102 - INFO - LLM泛化成功，生成1个变体
2026-03-10 15:48:08,103 - INFO -   已生成 15/20：麻烦靠右暂停泊车一下吧（礼貌型，带语气词）...
2026-03-10 15:48:08,103 - INFO - 调用LLM泛化query：暂停靠左泊车
2026-03-10 15:48:08,103 - INFO - LLM泛化成功，生成1个变体
2026-03-10 15:48:08,103 - INFO -   已生成 16/20：麻烦暂停一下，靠左边泊车吧。...
2026-03-10 15:48:08,103 - INFO - 调用LLM泛化query：暂停居中泊车吧
2026-03-10 15:48:08,103 - INFO - LLM泛化成功，生成1个变体
2026-03-10 15:48:08,103 - INFO -   已生成 17/20：稍等一下，先暂停居中泊车哦，我有点事要处理。...
2026-03-10 15:48:08,103 - INFO - 调用LLM泛化query：我要暂停靠右泊车
2026-03-10 15:48:08,103 - INFO - LLM泛化成功，生成1个变体
2026-03-10 15:48:08,104 - INFO -   已生成 18/20：麻烦暂停一下，靠右泊车吧。...
2026-03-10 15:48:08,104 - INFO - 调用LLM泛化query：把车靠右泊进去停一下
2026-03-10 15:48:08,104 - INFO - LLM泛化成功，生成1个变体
2026-03-10 15:48:08,104 - INFO -   已生成 19/20：靠右边泊进去停一下吧，前面位置挺合适的。...
2026-03-10 15:48:08,104 - INFO - 调用LLM泛化query：暂停靠右泊车了
2026-03-10 15:48:08,104 - INFO - LLM泛化成功，生成1个变体
2026-03-10 15:48:08,104 - INFO -   已生成 20/20：麻烦靠右暂停泊车一下吧（礼貌型，带语气词）...
2026-03-10 15:48:08,104 - INFO - ID组 31 完成：基于5个原始query，新生成20个泛化query
2026-03-10 15:48:08,104 - INFO - 正在处理ID组 32/111：ID=29
2026-03-10 15:48:08,104 - INFO - 该ID组有2个原始query
2026-03-10 15:48:08,104 - INFO - 对应function：{"name":"vla_control", "arguments":{"action":"paus...
2026-03-10 15:48:08,105 - INFO - 该ID组需要新生成：20个泛化query（比例1:20）
2026-03-10 15:48:08,105 - INFO - 调用LLM泛化query：暂停靠左把车停到车位里
2026-03-10 15:48:09,874 - INFO - LLM泛化成功，生成1个变体
2026-03-10 15:48:09,874 - INFO -   已生成 1/20：靠边停一下，把车停进左边的车位里吧...
2026-03-10 15:48:09,875 - INFO - 调用LLM泛化query：暂停把车居中停到车位里
2026-03-10 15:48:12,887 - INFO - LLM泛化成功，生成1个变体
2026-03-10 15:48:12,887 - INFO -   已生成 2/20：先暂停一下，把车停到车位中间吧。...
2026-03-10 15:48:12,888 - INFO - 调用LLM泛化query：暂停靠左把车停到车位里
2026-03-10 15:48:12,888 - INFO - LLM泛化成功，生成1个变体
2026-03-10 15:48:12,888 - INFO -   已生成 3/20：靠边停一下，把车停进左边的车位里吧...
2026-03-10 15:48:12,888 - INFO - 调用LLM泛化query：暂停把车居中停到车位里
2026-03-10 15:48:12,889 - INFO - LLM泛化成功，生成1个变体
2026-03-10 15:48:12,889 - INFO -   已生成 4/20：先暂停一下，把车停到车位中间吧。...
2026-03-10 15:48:12,889 - INFO - 调用LLM泛化query：暂停靠左把车停到车位里
2026-03-10 15:48:12,889 - INFO - LLM泛化成功，生成1个变体
2026-03-10 15:48:12,889 - INFO -   已生成 5/20：靠边停一下，把车停进左边的车位里吧...
2026-03-10 15:48:12,889 - INFO - 调用LLM泛化query：暂停把车居中停到车位里
2026-03-10 15:48:12,890 - INFO - LLM泛化成功，生成1个变体
2026-03-10 15:48:12,890 - INFO -   已生成 6/20：先暂停一下，把车停到车位中间吧。...
2026-03-10 15:48:12,890 - INFO - 调用LLM泛化query：暂停靠左把车停到车位里
2026-03-10 15:48:12,890 - INFO - LLM泛化成功，生成1个变体
2026-03-10 15:48:12,890 - INFO -   已生成 7/20：靠边停一下，把车停进左边的车位里吧...
2026-03-10 15:48:12,890 - INFO - 调用LLM泛化query：暂停把车居中停到车位里
2026-03-10 15:48:12,890 - INFO - LLM泛化成功，生成1个变体
2026-03-10 15:48:12,891 - INFO -   已生成 8/20：先暂停一下，把车停到车位中间吧。...
2026-03-10 15:48:12,891 - INFO - 调用LLM泛化query：暂停靠左把车停到车位里
2026-03-10 15:48:12,891 - INFO - LLM泛化成功，生成1个变体
2026-03-10 15:48:12,891 - INFO -   已生成 9/20：靠边停一下，把车停进左边的车位里吧...
2026-03-10 15:48:12,891 - INFO - 调用LLM泛化query：暂停把车居中停到车位里
2026-03-10 15:48:12,891 - INFO - LLM泛化成功，生成1个变体
2026-03-10 15:48:12,891 - INFO -   已生成 10/20：先暂停一下，把车停到车位中间吧。...
2026-03-10 15:48:12,891 - INFO - 调用LLM泛化query：暂停靠左把车停到车位里
2026-03-10 15:48:12,891 - INFO - LLM泛化成功，生成1个变体
2026-03-10 15:48:12,892 - INFO -   已生成 11/20：靠边停一下，把车停进左边的车位里吧...
2026-03-10 15:48:12,892 - INFO - 调用LLM泛化query：暂停把车居中停到车位里
2026-03-10 15:48:12,892 - INFO - LLM泛化成功，生成1个变体
2026-03-10 15:48:12,892 - INFO -   已生成 12/20：先暂停一下，把车停到车位中间吧。...
2026-03-10 15:48:12,892 - INFO - 调用LLM泛化query：暂停靠左把车停到车位里
2026-03-10 15:48:12,892 - INFO - LLM泛化成功，生成1个变体
2026-03-10 15:48:12,892 - INFO -   已生成 13/20：靠边停一下，把车停进左边的车位里吧...
2026-03-10 15:48:12,892 - INFO - 调用LLM泛化query：暂停把车居中停到车位里
2026-03-10 15:48:12,892 - INFO - LLM泛化成功，生成1个变体
2026-03-10 15:48:12,893 - INFO -   已生成 14/20：先暂停一下，把车停到车位中间吧。...
2026-03-10 15:48:12,893 - INFO - 调用LLM泛化query：暂停靠左把车停到车位里
2026-03-10 15:48:12,893 - INFO - LLM泛化成功，生成1个变体
2026-03-10 15:48:12,893 - INFO -   已生成 15/20：靠边停一下，把车停进左边的车位里吧...
2026-03-10 15:48:12,893 - INFO - 调用LLM泛化query：暂停把车居中停到车位里
2026-03-10 15:48:12,893 - INFO - LLM泛化成功，生成1个变体
2026-03-10 15:48:12,893 - INFO -   已生成 16/20：先暂停一下，把车停到车位中间吧。...
2026-03-10 15:48:12,893 - INFO - 调用LLM泛化query：暂停靠左把车停到车位里
2026-03-10 15:48:12,893 - INFO - LLM泛化成功，生成1个变体
2026-03-10 15:48:12,893 - INFO -   已生成 17/20：靠边停一下，把车停进左边的车位里吧...
2026-03-10 15:48:12,893 - INFO - 调用LLM泛化query：暂停把车居中停到车位里
2026-03-10 15:48:12,893 - INFO - LLM泛化成功，生成1个变体
2026-03-10 15:48:12,894 - INFO -   已生成 18/20：先暂停一下，把车停到车位中间吧。...
2026-03-10 15:48:12,894 - INFO - 调用LLM泛化query：暂停靠左把车停到车位里
2026-03-10 15:48:12,894 - INFO - LLM泛化成功，生成1个变体
2026-03-10 15:48:12,894 - INFO -   已生成 19/20：靠边停一下，把车停进左边的车位里吧...
2026-03-10 15:48:12,894 - INFO - 调用LLM泛化query：暂停把车居中停到车位里
2026-03-10 15:48:12,894 - INFO - LLM泛化成功，生成1个变体
2026-03-10 15:48:12,894 - INFO -   已生成 20/20：先暂停一下，把车停到车位中间吧。...
2026-03-10 15:48:12,894 - INFO - ID组 32 完成：基于2个原始query，新生成20个泛化query
2026-03-10 15:48:12,894 - INFO - 正在处理ID组 33/111：ID=30
2026-03-10 15:48:12,894 - INFO - 该ID组有2个原始query
2026-03-10 15:48:12,894 - INFO - 对应function：{"name":"vla_control", "arguments":{"action":"paus...
2026-03-10 15:48:12,894 - INFO - 该ID组需要新生成：20个泛化query（比例1:20）
2026-03-10 15:48:12,895 - INFO - 调用LLM泛化query：暂停把车偏左泊到车位里
2026-03-10 15:48:16,142 - INFO - LLM泛化成功，生成1个变体
2026-03-10 15:48:16,143 - INFO -   已生成 1/20：稍微停一下，把车往左挪泊进车位吧（随意型，带语气词）...
2026-03-10 15:48:16,143 - INFO - 调用LLM泛化query：暂停把车偏右泊到车位里
2026-03-10 15:48:18,970 - INFO - LLM泛化成功，生成1个变体
2026-03-10 15:48:18,971 - INFO -   已生成 2/20：把车稍微往右停进车位吧，我先暂停一下（随意型，带语气词和场景...
2026-03-10 15:48:18,971 - INFO - 调用LLM泛化query：暂停把车偏左泊到车位里
2026-03-10 15:48:18,971 - INFO - LLM泛化成功，生成1个变体
2026-03-10 15:48:18,971 - INFO -   已生成 3/20：稍微停一下，把车往左挪泊进车位吧（随意型，带语气词）...
2026-03-10 15:48:18,971 - INFO - 调用LLM泛化query：暂停把车偏右泊到车位里
2026-03-10 15:48:18,972 - INFO - LLM泛化成功，生成1个变体
2026-03-10 15:48:18,972 - INFO -   已生成 4/20：把车稍微往右停进车位吧，我先暂停一下（随意型，带语气词和场景...
2026-03-10 15:48:18,972 - INFO - 调用LLM泛化query：暂停把车偏左泊到车位里
2026-03-10 15:48:18,972 - INFO - LLM泛化成功，生成1个变体
2026-03-10 15:48:18,972 - INFO -   已生成 5/20：稍微停一下，把车往左挪泊进车位吧（随意型，带语气词）...
2026-03-10 15:48:18,972 - INFO - 调用LLM泛化query：暂停把车偏右泊到车位里
2026-03-10 15:48:18,972 - INFO - LLM泛化成功，生成1个变体
2026-03-10 15:48:18,972 - INFO -   已生成 6/20：把车稍微往右停进车位吧，我先暂停一下（随意型，带语气词和场景...
2026-03-10 15:48:18,973 - INFO - 调用LLM泛化query：暂停把车偏左泊到车位里
2026-03-10 15:48:18,973 - INFO - LLM泛化成功，生成1个变体
2026-03-10 15:48:18,973 - INFO -   已生成 7/20：稍微停一下，把车往左挪泊进车位吧（随意型，带语气词）...
2026-03-10 15:48:18,973 - INFO - 调用LLM泛化query：暂停把车偏右泊到车位里
2026-03-10 15:48:18,973 - INFO - LLM泛化成功，生成1个变体
2026-03-10 15:48:18,973 - INFO -   已生成 8/20：把车稍微往右停进车位吧，我先暂停一下（随意型，带语气词和场景...
2026-03-10 15:48:18,973 - INFO - 调用LLM泛化query：暂停把车偏左泊到车位里
2026-03-10 15:48:18,973 - INFO - LLM泛化成功，生成1个变体
2026-03-10 15:48:18,973 - INFO -   已生成 9/20：稍微停一下，把车往左挪泊进车位吧（随意型，带语气词）...
2026-03-10 15:48:18,973 - INFO - 调用LLM泛化query：暂停把车偏右泊到车位里
2026-03-10 15:48:18,974 - INFO - LLM泛化成功，生成1个变体
2026-03-10 15:48:18,974 - INFO -   已生成 10/20：把车稍微往右停进车位吧，我先暂停一下（随意型，带语气词和场景...
2026-03-10 15:48:18,974 - INFO - 调用LLM泛化query：暂停把车偏左泊到车位里
2026-03-10 15:48:18,974 - INFO - LLM泛化成功，生成1个变体
2026-03-10 15:48:18,974 - INFO -   已生成 11/20：稍微停一下，把车往左挪泊进车位吧（随意型，带语气词）...
2026-03-10 15:48:18,974 - INFO - 调用LLM泛化query：暂停把车偏右泊到车位里
2026-03-10 15:48:18,974 - INFO - LLM泛化成功，生成1个变体
2026-03-10 15:48:18,974 - INFO -   已生成 12/20：把车稍微往右停进车位吧，我先暂停一下（随意型，带语气词和场景...
2026-03-10 15:48:18,974 - INFO - 调用LLM泛化query：暂停把车偏左泊到车位里
2026-03-10 15:48:18,974 - INFO - LLM泛化成功，生成1个变体
2026-03-10 15:48:18,975 - INFO -   已生成 13/20：稍微停一下，把车往左挪泊进车位吧（随意型，带语气词）...
2026-03-10 15:48:18,975 - INFO - 调用LLM泛化query：暂停把车偏右泊到车位里
2026-03-10 15:48:18,975 - INFO - LLM泛化成功，生成1个变体
2026-03-10 15:48:18,975 - INFO -   已生成 14/20：把车稍微往右停进车位吧，我先暂停一下（随意型，带语气词和场景...
2026-03-10 15:48:18,975 - INFO - 调用LLM泛化query：暂停把车偏左泊到车位里
2026-03-10 15:48:18,975 - INFO - LLM泛化成功，生成1个变体
2026-03-10 15:48:18,975 - INFO -   已生成 15/20：稍微停一下，把车往左挪泊进车位吧（随意型，带语气词）...
2026-03-10 15:48:18,975 - INFO - 调用LLM泛化query：暂停把车偏右泊到车位里
2026-03-10 15:48:18,975 - INFO - LLM泛化成功，生成1个变体
2026-03-10 15:48:18,975 - INFO -   已生成 16/20：把车稍微往右停进车位吧，我先暂停一下（随意型，带语气词和场景...
2026-03-10 15:48:18,976 - INFO - 调用LLM泛化query：暂停把车偏左泊到车位里
2026-03-10 15:48:18,976 - INFO - LLM泛化成功，生成1个变体
2026-03-10 15:48:18,976 - INFO -   已生成 17/20：稍微停一下，把车往左挪泊进车位吧（随意型，带语气词）...
2026-03-10 15:48:18,976 - INFO - 调用LLM泛化query：暂停把车偏右泊到车位里
2026-03-10 15:48:18,976 - INFO - LLM泛化成功，生成1个变体
2026-03-10 15:48:18,976 - INFO -   已生成 18/20：把车稍微往右停进车位吧，我先暂停一下（随意型，带语气词和场景...
2026-03-10 15:48:18,976 - INFO - 调用LLM泛化query：暂停把车偏左泊到车位里
2026-03-10 15:48:18,976 - INFO - LLM泛化成功，生成1个变体
2026-03-10 15:48:18,976 - INFO -   已生成 19/20：稍微停一下，把车往左挪泊进车位吧（随意型，带语气词）...
2026-03-10 15:48:18,976 - INFO - 调用LLM泛化query：暂停把车偏右泊到车位里
2026-03-10 15:48:18,976 - INFO - LLM泛化成功，生成1个变体
2026-03-10 15:48:18,976 - INFO -   已生成 20/20：把车稍微往右停进车位吧，我先暂停一下（随意型，带语气词和场景...
2026-03-10 15:48:18,977 - INFO - ID组 33 完成：基于2个原始query，新生成20个泛化query
2026-03-10 15:48:18,977 - INFO - 正在处理ID组 34/111：ID=31
2026-03-10 15:48:18,977 - INFO - 该ID组有2个原始query
2026-03-10 15:48:18,977 - INFO - 对应function：{"name":"vla_control", "arguments":{"action":"paus...
2026-03-10 15:48:18,977 - INFO - 该ID组需要新生成：20个泛化query（比例1:20）
2026-03-10 15:48:18,977 - INFO - 调用LLM泛化query：暂停把车偏左开到车位里
2026-03-10 15:48:20,852 - INFO - LLM泛化成功，生成1个变体
2026-03-10 15:48:20,852 - INFO -   已生成 1/20：稍微停一下，把车往左偏点开进车位里吧...
2026-03-10 15:48:20,852 - INFO - 调用LLM泛化query：暂停把车偏右开到车位里
2026-03-10 15:48:22,678 - INFO - LLM泛化成功，生成1个变体
2026-03-10 15:48:22,678 - INFO -   已生成 2/20：稍微停一下，把车往右边开进车位吧...
2026-03-10 15:48:22,678 - INFO - 调用LLM泛化query：暂停把车偏左开到车位里
2026-03-10 15:48:22,678 - INFO - LLM泛化成功，生成1个变体
2026-03-10 15:48:22,678 - INFO -   已生成 3/20：稍微停一下，把车往左偏点开进车位里吧...
2026-03-10 15:48:22,678 - INFO - 调用LLM泛化query：暂停把车偏右开到车位里
2026-03-10 15:48:22,678 - INFO - LLM泛化成功，生成1个变体
2026-03-10 15:48:22,679 - INFO -   已生成 4/20：稍微停一下，把车往右边开进车位吧...
2026-03-10 15:48:22,679 - INFO - 调用LLM泛化query：暂停把车偏左开到车位里
2026-03-10 15:48:22,679 - INFO - LLM泛化成功，生成1个变体
2026-03-10 15:48:22,679 - INFO -   已生成 5/20：稍微停一下，把车往左偏点开进车位里吧...
2026-03-10 15:48:22,679 - INFO - 调用LLM泛化query：暂停把车偏右开到车位里
2026-03-10 15:48:22,679 - INFO - LLM泛化成功，生成1个变体
2026-03-10 15:48:22,679 - INFO -   已生成 6/20：稍微停一下，把车往右边开进车位吧...
2026-03-10 15:48:22,679 - INFO - 调用LLM泛化query：暂停把车偏左开到车位里
2026-03-10 15:48:22,679 - INFO - LLM泛化成功，生成1个变体
2026-03-10 15:48:22,680 - INFO -   已生成 7/20：稍微停一下，把车往左偏点开进车位里吧...
2026-03-10 15:48:22,680 - INFO - 调用LLM泛化query：暂停把车偏右开到车位里
2026-03-10 15:48:22,680 - INFO - LLM泛化成功，生成1个变体
2026-03-10 15:48:22,680 - INFO -   已生成 8/20：稍微停一下，把车往右边开进车位吧...
2026-03-10 15:48:22,680 - INFO - 调用LLM泛化query：暂停把车偏左开到车位里
2026-03-10 15:48:22,680 - INFO - LLM泛化成功，生成1个变体
2026-03-10 15:48:22,680 - INFO -   已生成 9/20：稍微停一下，把车往左偏点开进车位里吧...
2026-03-10 15:48:22,680 - INFO - 调用LLM泛化query：暂停把车偏右开到车位里
2026-03-10 15:48:22,680 - INFO - LLM泛化成功，生成1个变体
2026-03-10 15:48:22,680 - INFO -   已生成 10/20：稍微停一下，把车往右边开进车位吧...
2026-03-10 15:48:22,680 - INFO - 调用LLM泛化query：暂停把车偏左开到车位里
2026-03-10 15:48:22,681 - INFO - LLM泛化成功，生成1个变体
2026-03-10 15:48:22,681 - INFO -   已生成 11/20：稍微停一下，把车往左偏点开进车位里吧...
2026-03-10 15:48:22,681 - INFO - 调用LLM泛化query：暂停把车偏右开到车位里
2026-03-10 15:48:22,681 - INFO - LLM泛化成功，生成1个变体
2026-03-10 15:48:22,681 - INFO -   已生成 12/20：稍微停一下，把车往右边开进车位吧...
2026-03-10 15:48:22,681 - INFO - 调用LLM泛化query：暂停把车偏左开到车位里
2026-03-10 15:48:22,681 - INFO - LLM泛化成功，生成1个变体
2026-03-10 15:48:22,681 - INFO -   已生成 13/20：稍微停一下，把车往左偏点开进车位里吧...
2026-03-10 15:48:22,681 - INFO - 调用LLM泛化query：暂停把车偏右开到车位里
2026-03-10 15:48:22,682 - INFO - LLM泛化成功，生成1个变体
2026-03-10 15:48:22,682 - INFO -   已生成 14/20：稍微停一下，把车往右边开进车位吧...
2026-03-10 15:48:22,682 - INFO - 调用LLM泛化query：暂停把车偏左开到车位里
2026-03-10 15:48:22,682 - INFO - LLM泛化成功，生成1个变体
2026-03-10 15:48:22,682 - INFO -   已生成 15/20：稍微停一下，把车往左偏点开进车位里吧...
2026-03-10 15:48:22,682 - INFO - 调用LLM泛化query：暂停把车偏右开到车位里
2026-03-10 15:48:22,683 - INFO - LLM泛化成功，生成1个变体
2026-03-10 15:48:22,683 - INFO -   已生成 16/20：稍微停一下，把车往右边开进车位吧...
2026-03-10 15:48:22,683 - INFO - 调用LLM泛化query：暂停把车偏左开到车位里
2026-03-10 15:48:22,683 - INFO - LLM泛化成功，生成1个变体
2026-03-10 15:48:22,683 - INFO -   已生成 17/20：稍微停一下，把车往左偏点开进车位里吧...
2026-03-10 15:48:22,683 - INFO - 调用LLM泛化query：暂停把车偏右开到车位里
2026-03-10 15:48:22,684 - INFO - LLM泛化成功，生成1个变体
2026-03-10 15:48:22,685 - INFO -   已生成 18/20：稍微停一下，把车往右边开进车位吧...
2026-03-10 15:48:22,685 - INFO - 调用LLM泛化query：暂停把车偏左开到车位里
2026-03-10 15:48:22,685 - INFO - LLM泛化成功，生成1个变体
2026-03-10 15:48:22,686 - INFO -   已生成 19/20：稍微停一下，把车往左偏点开进车位里吧...
2026-03-10 15:48:22,687 - INFO - 调用LLM泛化query：暂停把车偏右开到车位里
2026-03-10 15:48:22,687 - INFO - LLM泛化成功，生成1个变体
2026-03-10 15:48:22,687 - INFO -   已生成 20/20：稍微停一下，把车往右边开进车位吧...
2026-03-10 15:48:22,687 - INFO - ID组 34 完成：基于2个原始query，新生成20个泛化query
2026-03-10 15:48:22,689 - INFO - 正在处理ID组 35/111：ID=32
2026-03-10 15:48:22,693 - INFO - 该ID组有3个原始query
2026-03-10 15:48:22,701 - INFO - 对应function：{"name":"vla_control", "arguments":{"action":"paus...
2026-03-10 15:48:22,701 - INFO - 该ID组需要新生成：20个泛化query（比例1:20）
2026-03-10 15:48:22,701 - INFO - 调用LLM泛化query：暂停靠左停车
2026-03-10 15:48:24,161 - INFO - LLM泛化成功，生成1个变体
2026-03-10 15:48:24,162 - INFO -   已生成 1/20：麻烦靠左停一下车吧，我要下车（礼貌型，带原因）...
2026-03-10 15:48:24,162 - INFO - 调用LLM泛化query：暂停居中停车
2026-03-10 15:48:25,664 - INFO - LLM泛化成功，生成1个变体
2026-03-10 15:48:25,665 - INFO -   已生成 2/20：麻烦暂停一下居中停车吧...
2026-03-10 15:48:25,665 - INFO - 调用LLM泛化query：立即停止靠左停车
2026-03-10 15:48:27,866 - INFO - LLM泛化成功，生成1个变体
2026-03-10 15:48:27,867 - INFO -   已生成 3/20：马上停下，靠左边停车吧...
2026-03-10 15:48:27,867 - INFO - 调用LLM泛化query：暂停靠左停车
2026-03-10 15:48:27,867 - INFO - LLM泛化成功，生成1个变体
2026-03-10 15:48:27,868 - INFO -   已生成 4/20：麻烦靠左停一下车吧，我要下车（礼貌型，带原因）...
2026-03-10 15:48:27,868 - INFO - 调用LLM泛化query：暂停居中停车
2026-03-10 15:48:27,868 - INFO - LLM泛化成功，生成1个变体
2026-03-10 15:48:27,868 - INFO -   已生成 5/20：麻烦暂停一下居中停车吧...
2026-03-10 15:48:27,868 - INFO - 调用LLM泛化query：立即停止靠左停车
2026-03-10 15:48:27,868 - INFO - LLM泛化成功，生成1个变体
2026-03-10 15:48:27,869 - INFO -   已生成 6/20：马上停下，靠左边停车吧...
2026-03-10 15:48:27,869 - INFO - 调用LLM泛化query：暂停靠左停车
2026-03-10 15:48:27,869 - INFO - LLM泛化成功，生成1个变体
2026-03-10 15:48:27,869 - INFO -   已生成 7/20：麻烦靠左停一下车吧，我要下车（礼貌型，带原因）...
2026-03-10 15:48:27,869 - INFO - 调用LLM泛化query：暂停居中停车
2026-03-10 15:48:27,869 - INFO - LLM泛化成功，生成1个变体
2026-03-10 15:48:27,869 - INFO -   已生成 8/20：麻烦暂停一下居中停车吧...
2026-03-10 15:48:27,869 - INFO - 调用LLM泛化query：立即停止靠左停车
2026-03-10 15:48:27,870 - INFO - LLM泛化成功，生成1个变体
2026-03-10 15:48:27,870 - INFO -   已生成 9/20：马上停下，靠左边停车吧...
2026-03-10 15:48:27,870 - INFO - 调用LLM泛化query：暂停靠左停车
2026-03-10 15:48:27,870 - INFO - LLM泛化成功，生成1个变体
2026-03-10 15:48:27,870 - INFO -   已生成 10/20：麻烦靠左停一下车吧，我要下车（礼貌型，带原因）...
2026-03-10 15:48:27,870 - INFO - 调用LLM泛化query：暂停居中停车
2026-03-10 15:48:27,870 - INFO - LLM泛化成功，生成1个变体
2026-03-10 15:48:27,871 - INFO -   已生成 11/20：麻烦暂停一下居中停车吧...
2026-03-10 15:48:27,871 - INFO - 调用LLM泛化query：立即停止靠左停车
2026-03-10 15:48:27,871 - INFO - LLM泛化成功，生成1个变体
2026-03-10 15:48:27,871 - INFO -   已生成 12/20：马上停下，靠左边停车吧...
2026-03-10 15:48:27,871 - INFO - 调用LLM泛化query：暂停靠左停车
2026-03-10 15:48:27,871 - INFO - LLM泛化成功，生成1个变体
2026-03-10 15:48:27,871 - INFO -   已生成 13/20：麻烦靠左停一下车吧，我要下车（礼貌型，带原因）...
2026-03-10 15:48:27,871 - INFO - 调用LLM泛化query：暂停居中停车
2026-03-10 15:48:27,871 - INFO - LLM泛化成功，生成1个变体
2026-03-10 15:48:27,871 - INFO -   已生成 14/20：麻烦暂停一下居中停车吧...
2026-03-10 15:48:27,872 - INFO - 调用LLM泛化query：立即停止靠左停车
2026-03-10 15:48:27,872 - INFO - LLM泛化成功，生成1个变体
2026-03-10 15:48:27,872 - INFO -   已生成 15/20：马上停下，靠左边停车吧...
2026-03-10 15:48:27,872 - INFO - 调用LLM泛化query：暂停靠左停车
2026-03-10 15:48:27,872 - INFO - LLM泛化成功，生成1个变体
2026-03-10 15:48:27,872 - INFO -   已生成 16/20：麻烦靠左停一下车吧，我要下车（礼貌型，带原因）...
2026-03-10 15:48:27,872 - INFO - 调用LLM泛化query：暂停居中停车
2026-03-10 15:48:27,872 - INFO - LLM泛化成功，生成1个变体
2026-03-10 15:48:27,872 - INFO -   已生成 17/20：麻烦暂停一下居中停车吧...
2026-03-10 15:48:27,872 - INFO - 调用LLM泛化query：立即停止靠左停车
2026-03-10 15:48:27,872 - INFO - LLM泛化成功，生成1个变体
2026-03-10 15:48:27,873 - INFO -   已生成 18/20：马上停下，靠左边停车吧...
2026-03-10 15:48:27,873 - INFO - 调用LLM泛化query：暂停靠左停车
2026-03-10 15:48:27,873 - INFO - LLM泛化成功，生成1个变体
2026-03-10 15:48:27,873 - INFO -   已生成 19/20：麻烦靠左停一下车吧，我要下车（礼貌型，带原因）...
2026-03-10 15:48:27,873 - INFO - 调用LLM泛化query：暂停居中停车
2026-03-10 15:48:27,873 - INFO - LLM泛化成功，生成1个变体
2026-03-10 15:48:27,873 - INFO -   已生成 20/20：麻烦暂停一下居中停车吧...
2026-03-10 15:48:27,873 - INFO - ID组 35 完成：基于3个原始query，新生成20个泛化query
2026-03-10 15:48:27,873 - INFO - 正在处理ID组 36/111：ID=110
2026-03-10 15:48:27,873 - INFO - 该ID组有1个原始query
2026-03-10 15:48:27,873 - INFO - 对应function：{"name":"vla_control", "arguments":{"action":"paus...
2026-03-10 15:48:27,873 - INFO - 该ID组需要新生成：20个泛化query（比例1:20）
2026-03-10 15:48:27,873 - INFO - 调用LLM泛化query：暂停在这靠左停车
2026-03-10 15:48:29,496 - INFO - LLM泛化成功，生成1个变体
2026-03-10 15:48:29,496 - INFO -   已生成 1/20：靠左停一下吧，我下车拿个东西（带原因+语气词）...
2026-03-10 15:48:29,497 - INFO - 调用LLM泛化query：暂停在这靠左停车
2026-03-10 15:48:29,497 - INFO - LLM泛化成功，生成1个变体
2026-03-10 15:48:29,497 - INFO -   已生成 2/20：靠左停一下吧，我下车拿个东西（带原因+语气词）...
2026-03-10 15:48:29,497 - INFO - 调用LLM泛化query：暂停在这靠左停车
2026-03-10 15:48:29,497 - INFO - LLM泛化成功，生成1个变体
2026-03-10 15:48:29,497 - INFO -   已生成 3/20：靠左停一下吧，我下车拿个东西（带原因+语气词）...
2026-03-10 15:48:29,497 - INFO - 调用LLM泛化query：暂停在这靠左停车
2026-03-10 15:48:29,497 - INFO - LLM泛化成功，生成1个变体
2026-03-10 15:48:29,497 - INFO -   已生成 4/20：靠左停一下吧，我下车拿个东西（带原因+语气词）...
2026-03-10 15:48:29,497 - INFO - 调用LLM泛化query：暂停在这靠左停车
2026-03-10 15:48:29,498 - INFO - LLM泛化成功，生成1个变体
2026-03-10 15:48:29,498 - INFO -   已生成 5/20：靠左停一下吧，我下车拿个东西（带原因+语气词）...
2026-03-10 15:48:29,498 - INFO - 调用LLM泛化query：暂停在这靠左停车
2026-03-10 15:48:29,498 - INFO - LLM泛化成功，生成1个变体
2026-03-10 15:48:29,498 - INFO -   已生成 6/20：靠左停一下吧，我下车拿个东西（带原因+语气词）...
2026-03-10 15:48:29,498 - INFO - 调用LLM泛化query：暂停在这靠左停车
2026-03-10 15:48:29,498 - INFO - LLM泛化成功，生成1个变体
2026-03-10 15:48:29,498 - INFO -   已生成 7/20：靠左停一下吧，我下车拿个东西（带原因+语气词）...
2026-03-10 15:48:29,498 - INFO - 调用LLM泛化query：暂停在这靠左停车
2026-03-10 15:48:29,498 - INFO - LLM泛化成功，生成1个变体
2026-03-10 15:48:29,499 - INFO -   已生成 8/20：靠左停一下吧，我下车拿个东西（带原因+语气词）...
2026-03-10 15:48:29,499 - INFO - 调用LLM泛化query：暂停在这靠左停车
2026-03-10 15:48:29,499 - INFO - LLM泛化成功，生成1个变体
2026-03-10 15:48:29,499 - INFO -   已生成 9/20：靠左停一下吧，我下车拿个东西（带原因+语气词）...
2026-03-10 15:48:29,499 - INFO - 调用LLM泛化query：暂停在这靠左停车
2026-03-10 15:48:29,499 - INFO - LLM泛化成功，生成1个变体
2026-03-10 15:48:29,499 - INFO -   已生成 10/20：靠左停一下吧，我下车拿个东西（带原因+语气词）...
2026-03-10 15:48:29,499 - INFO - 调用LLM泛化query：暂停在这靠左停车
2026-03-10 15:48:29,499 - INFO - LLM泛化成功，生成1个变体
2026-03-10 15:48:29,499 - INFO -   已生成 11/20：靠左停一下吧，我下车拿个东西（带原因+语气词）...
2026-03-10 15:48:29,500 - INFO - 调用LLM泛化query：暂停在这靠左停车
2026-03-10 15:48:29,500 - INFO - LLM泛化成功，生成1个变体
2026-03-10 15:48:29,500 - INFO -   已生成 12/20：靠左停一下吧，我下车拿个东西（带原因+语气词）...
2026-03-10 15:48:29,500 - INFO - 调用LLM泛化query：暂停在这靠左停车
2026-03-10 15:48:29,500 - INFO - LLM泛化成功，生成1个变体
2026-03-10 15:48:29,500 - INFO -   已生成 13/20：靠左停一下吧，我下车拿个东西（带原因+语气词）...
2026-03-10 15:48:29,500 - INFO - 调用LLM泛化query：暂停在这靠左停车
2026-03-10 15:48:29,500 - INFO - LLM泛化成功，生成1个变体
2026-03-10 15:48:29,500 - INFO -   已生成 14/20：靠左停一下吧，我下车拿个东西（带原因+语气词）...
2026-03-10 15:48:29,500 - INFO - 调用LLM泛化query：暂停在这靠左停车
2026-03-10 15:48:29,501 - INFO - LLM泛化成功，生成1个变体
2026-03-10 15:48:29,501 - INFO -   已生成 15/20：靠左停一下吧，我下车拿个东西（带原因+语气词）...
2026-03-10 15:48:29,501 - INFO - 调用LLM泛化query：暂停在这靠左停车
2026-03-10 15:48:29,501 - INFO - LLM泛化成功，生成1个变体
2026-03-10 15:48:29,501 - INFO -   已生成 16/20：靠左停一下吧，我下车拿个东西（带原因+语气词）...
2026-03-10 15:48:29,501 - INFO - 调用LLM泛化query：暂停在这靠左停车
2026-03-10 15:48:29,501 - INFO - LLM泛化成功，生成1个变体
2026-03-10 15:48:29,501 - INFO -   已生成 17/20：靠左停一下吧，我下车拿个东西（带原因+语气词）...
2026-03-10 15:48:29,501 - INFO - 调用LLM泛化query：暂停在这靠左停车
2026-03-10 15:48:29,501 - INFO - LLM泛化成功，生成1个变体
2026-03-10 15:48:29,501 - INFO -   已生成 18/20：靠左停一下吧，我下车拿个东西（带原因+语气词）...
2026-03-10 15:48:29,502 - INFO - 调用LLM泛化query：暂停在这靠左停车
2026-03-10 15:48:29,502 - INFO - LLM泛化成功，生成1个变体
2026-03-10 15:48:29,502 - INFO -   已生成 19/20：靠左停一下吧，我下车拿个东西（带原因+语气词）...
2026-03-10 15:48:29,502 - INFO - 调用LLM泛化query：暂停在这靠左停车
2026-03-10 15:48:29,502 - INFO - LLM泛化成功，生成1个变体
2026-03-10 15:48:29,502 - INFO -   已生成 20/20：靠左停一下吧，我下车拿个东西（带原因+语气词）...
2026-03-10 15:48:29,502 - INFO - ID组 36 完成：基于1个原始query，新生成20个泛化query
2026-03-10 15:48:29,502 - INFO - 正在处理ID组 37/111：ID=33
2026-03-10 15:48:29,503 - INFO - 该ID组有5个原始query
2026-03-10 15:48:29,503 - INFO - 对应function：{"name":"vla_control", "arguments":{"action":"canc...
2026-03-10 15:48:29,503 - INFO - 该ID组需要新生成：20个泛化query（比例1:20）
2026-03-10 15:48:29,503 - INFO - 调用LLM泛化query：取消偏左离车泊入
2026-03-10 15:48:30,947 - INFO - LLM泛化成功，生成1个变体
2026-03-10 15:48:30,948 - INFO -   已生成 1/20：偏左的不合适，帮我取消离车泊入吧...
2026-03-10 15:48:30,948 - INFO - 调用LLM泛化query：退出靠右离车泊入
2026-03-10 15:48:32,838 - INFO - LLM泛化成功，生成1个变体
2026-03-10 15:48:32,839 - INFO -   已生成 2/20：麻烦退出靠右离车泊入吧，我带着孩子不方便。...
2026-03-10 15:48:32,839 - INFO - 调用LLM泛化query：靠左离车泊入关闭
2026-03-10 15:48:35,509 - INFO - LLM泛化成功，生成1个变体
2026-03-10 15:48:35,509 - INFO -   已生成 3/20：靠左离车泊入关掉吧...
2026-03-10 15:48:35,510 - INFO - 调用LLM泛化query：居中离车泊入取消下
2026-03-10 15:48:37,024 - INFO - LLM泛化成功，生成1个变体
2026-03-10 15:48:37,024 - INFO -   已生成 4/20：取消居中离车泊入吧，我刚刚想到要换个地方停...
2026-03-10 15:48:37,024 - INFO - 调用LLM泛化query：不靠左离车泊入了
2026-03-10 15:48:38,886 - INFO - LLM泛化成功，生成1个变体
2026-03-10 15:48:38,887 - INFO -   已生成 5/20：别靠左边了，直接离车泊入吧。...
2026-03-10 15:48:38,887 - INFO - 调用LLM泛化query：取消偏左离车泊入
2026-03-10 15:48:38,887 - INFO - LLM泛化成功，生成1个变体
2026-03-10 15:48:38,887 - INFO -   已生成 6/20：偏左的不合适，帮我取消离车泊入吧...
2026-03-10 15:48:38,888 - INFO - 调用LLM泛化query：退出靠右离车泊入
2026-03-10 15:48:38,888 - INFO - LLM泛化成功，生成1个变体
2026-03-10 15:48:38,888 - INFO -   已生成 7/20：麻烦退出靠右离车泊入吧，我带着孩子不方便。...
2026-03-10 15:48:38,888 - INFO - 调用LLM泛化query：靠左离车泊入关闭
2026-03-10 15:48:38,888 - INFO - LLM泛化成功，生成1个变体
2026-03-10 15:48:38,889 - INFO -   已生成 8/20：靠左离车泊入关掉吧...
2026-03-10 15:48:38,889 - INFO - 调用LLM泛化query：居中离车泊入取消下
2026-03-10 15:48:38,889 - INFO - LLM泛化成功，生成1个变体
2026-03-10 15:48:38,889 - INFO -   已生成 9/20：取消居中离车泊入吧，我刚刚想到要换个地方停...
2026-03-10 15:48:38,889 - INFO - 调用LLM泛化query：不靠左离车泊入了
2026-03-10 15:48:38,889 - INFO - LLM泛化成功，生成1个变体
2026-03-10 15:48:38,890 - INFO -   已生成 10/20：别靠左边了，直接离车泊入吧。...
2026-03-10 15:48:38,890 - INFO - 调用LLM泛化query：取消偏左离车泊入
2026-03-10 15:48:38,890 - INFO - LLM泛化成功，生成1个变体
2026-03-10 15:48:38,890 - INFO -   已生成 11/20：偏左的不合适，帮我取消离车泊入吧...
2026-03-10 15:48:38,890 - INFO - 调用LLM泛化query：退出靠右离车泊入
2026-03-10 15:48:38,890 - INFO - LLM泛化成功，生成1个变体
2026-03-10 15:48:38,891 - INFO -   已生成 12/20：麻烦退出靠右离车泊入吧，我带着孩子不方便。...
2026-03-10 15:48:38,891 - INFO - 调用LLM泛化query：靠左离车泊入关闭
2026-03-10 15:48:38,891 - INFO - LLM泛化成功，生成1个变体
2026-03-10 15:48:38,891 - INFO -   已生成 13/20：靠左离车泊入关掉吧...
2026-03-10 15:48:38,891 - INFO - 调用LLM泛化query：居中离车泊入取消下
2026-03-10 15:48:38,891 - INFO - LLM泛化成功，生成1个变体
2026-03-10 15:48:38,891 - INFO -   已生成 14/20：取消居中离车泊入吧，我刚刚想到要换个地方停...
2026-03-10 15:48:38,891 - INFO - 调用LLM泛化query：不靠左离车泊入了
2026-03-10 15:48:38,891 - INFO - LLM泛化成功，生成1个变体
2026-03-10 15:48:38,892 - INFO -   已生成 15/20：别靠左边了，直接离车泊入吧。...
2026-03-10 15:48:38,892 - INFO - 调用LLM泛化query：取消偏左离车泊入
2026-03-10 15:48:38,892 - INFO - LLM泛化成功，生成1个变体
2026-03-10 15:48:38,892 - INFO -   已生成 16/20：偏左的不合适，帮我取消离车泊入吧...
2026-03-10 15:48:38,892 - INFO - 调用LLM泛化query：退出靠右离车泊入
2026-03-10 15:48:38,892 - INFO - LLM泛化成功，生成1个变体
2026-03-10 15:48:38,892 - INFO -   已生成 17/20：麻烦退出靠右离车泊入吧，我带着孩子不方便。...
2026-03-10 15:48:38,892 - INFO - 调用LLM泛化query：靠左离车泊入关闭
2026-03-10 15:48:38,892 - INFO - LLM泛化成功，生成1个变体
2026-03-10 15:48:38,893 - INFO -   已生成 18/20：靠左离车泊入关掉吧...
2026-03-10 15:48:38,893 - INFO - 调用LLM泛化query：居中离车泊入取消下
2026-03-10 15:48:38,893 - INFO - LLM泛化成功，生成1个变体
2026-03-10 15:48:38,893 - INFO -   已生成 19/20：取消居中离车泊入吧，我刚刚想到要换个地方停...
2026-03-10 15:48:38,893 - INFO - 调用LLM泛化query：不靠左离车泊入了
2026-03-10 15:48:38,893 - INFO - LLM泛化成功，生成1个变体
2026-03-10 15:48:38,893 - INFO -   已生成 20/20：别靠左边了，直接离车泊入吧。...
2026-03-10 15:48:38,893 - INFO - ID组 37 完成：基于5个原始query，新生成20个泛化query
2026-03-10 15:48:38,893 - INFO - 正在处理ID组 38/111：ID=34
2026-03-10 15:48:38,893 - INFO - 该ID组有5个原始query
2026-03-10 15:48:38,893 - INFO - 对应function：{"name":"vla_control", "arguments":{"action":"canc...
2026-03-10 15:48:38,894 - INFO - 该ID组需要新生成：20个泛化query（比例1:20）
2026-03-10 15:48:38,894 - INFO - 调用LLM泛化query：取消靠左泊车
2026-03-10 15:48:41,078 - INFO - LLM泛化成功，生成1个变体
2026-03-10 15:48:41,079 - INFO -   已生成 1/20：靠左泊车不用了，取消一下吧。...
2026-03-10 15:48:41,080 - INFO - 调用LLM泛化query：取消居中泊车吧
2026-03-10 15:48:42,612 - INFO - LLM泛化成功，生成1个变体
2026-03-10 15:48:42,612 - INFO -   已生成 2/20：居中泊车太麻烦了，帮我取消吧（带原因+口语化）...
2026-03-10 15:48:42,612 - INFO - 调用LLM泛化query：我要取消靠右泊车
2026-03-10 15:48:43,918 - INFO - LLM泛化成功，生成1个变体
2026-03-10 15:48:43,919 - INFO -   已生成 3/20：帮我取消靠右泊车吧，我不需要了。...
2026-03-10 15:48:43,919 - INFO - 调用LLM泛化query：把车靠右泊进去退出
2026-03-10 15:48:45,873 - INFO - LLM泛化成功，生成1个变体
2026-03-10 15:48:45,874 - INFO -   已生成 4/20：靠右泊进去然后退出吧，麻烦了。...
2026-03-10 15:48:45,874 - INFO - 调用LLM泛化query：不靠右泊车了
2026-03-10 15:48:47,709 - INFO - LLM泛化成功，生成1个变体
2026-03-10 15:48:47,709 - INFO -   已生成 5/20：不用靠右泊车了，停在这边吧。...
2026-03-10 15:48:47,709 - INFO - 调用LLM泛化query：取消靠左泊车
2026-03-10 15:48:47,710 - INFO - LLM泛化成功，生成1个变体
2026-03-10 15:48:47,710 - INFO -   已生成 6/20：靠左泊车不用了，取消一下吧。...
2026-03-10 15:48:47,710 - INFO - 调用LLM泛化query：取消居中泊车吧
2026-03-10 15:48:47,710 - INFO - LLM泛化成功，生成1个变体
2026-03-10 15:48:47,710 - INFO -   已生成 7/20：居中泊车太麻烦了，帮我取消吧（带原因+口语化）...
2026-03-10 15:48:47,710 - INFO - 调用LLM泛化query：我要取消靠右泊车
2026-03-10 15:48:47,710 - INFO - LLM泛化成功，生成1个变体
2026-03-10 15:48:47,710 - INFO -   已生成 8/20：帮我取消靠右泊车吧，我不需要了。...
2026-03-10 15:48:47,710 - INFO - 调用LLM泛化query：把车靠右泊进去退出
2026-03-10 15:48:47,710 - INFO - LLM泛化成功，生成1个变体
2026-03-10 15:48:47,711 - INFO -   已生成 9/20：靠右泊进去然后退出吧，麻烦了。...
2026-03-10 15:48:47,711 - INFO - 调用LLM泛化query：不靠右泊车了
2026-03-10 15:48:47,711 - INFO - LLM泛化成功，生成1个变体
2026-03-10 15:48:47,711 - INFO -   已生成 10/20：不用靠右泊车了，停在这边吧。...
2026-03-10 15:48:47,711 - INFO - 调用LLM泛化query：取消靠左泊车
2026-03-10 15:48:47,711 - INFO - LLM泛化成功，生成1个变体
2026-03-10 15:48:47,711 - INFO -   已生成 11/20：靠左泊车不用了，取消一下吧。...
2026-03-10 15:48:47,711 - INFO - 调用LLM泛化query：取消居中泊车吧
2026-03-10 15:48:47,711 - INFO - LLM泛化成功，生成1个变体
2026-03-10 15:48:47,711 - INFO -   已生成 12/20：居中泊车太麻烦了，帮我取消吧（带原因+口语化）...
2026-03-10 15:48:47,711 - INFO - 调用LLM泛化query：我要取消靠右泊车
2026-03-10 15:48:47,711 - INFO - LLM泛化成功，生成1个变体
2026-03-10 15:48:47,712 - INFO -   已生成 13/20：帮我取消靠右泊车吧，我不需要了。...
2026-03-10 15:48:47,712 - INFO - 调用LLM泛化query：把车靠右泊进去退出
2026-03-10 15:48:47,712 - INFO - LLM泛化成功，生成1个变体
2026-03-10 15:48:47,712 - INFO -   已生成 14/20：靠右泊进去然后退出吧，麻烦了。...
2026-03-10 15:48:47,712 - INFO - 调用LLM泛化query：不靠右泊车了
2026-03-10 15:48:47,712 - INFO - LLM泛化成功，生成1个变体
2026-03-10 15:48:47,712 - INFO -   已生成 15/20：不用靠右泊车了，停在这边吧。...
2026-03-10 15:48:47,712 - INFO - 调用LLM泛化query：取消靠左泊车
2026-03-10 15:48:47,712 - INFO - LLM泛化成功，生成1个变体
2026-03-10 15:48:47,712 - INFO -   已生成 16/20：靠左泊车不用了，取消一下吧。...
2026-03-10 15:48:47,713 - INFO - 调用LLM泛化query：取消居中泊车吧
2026-03-10 15:48:47,713 - INFO - LLM泛化成功，生成1个变体
2026-03-10 15:48:47,713 - INFO -   已生成 17/20：居中泊车太麻烦了，帮我取消吧（带原因+口语化）...
2026-03-10 15:48:47,713 - INFO - 调用LLM泛化query：我要取消靠右泊车
2026-03-10 15:48:47,713 - INFO - LLM泛化成功，生成1个变体
2026-03-10 15:48:47,714 - INFO -   已生成 18/20：帮我取消靠右泊车吧，我不需要了。...
2026-03-10 15:48:47,714 - INFO - 调用LLM泛化query：把车靠右泊进去退出
2026-03-10 15:48:47,714 - INFO - LLM泛化成功，生成1个变体
2026-03-10 15:48:47,714 - INFO -   已生成 19/20：靠右泊进去然后退出吧，麻烦了。...
2026-03-10 15:48:47,714 - INFO - 调用LLM泛化query：不靠右泊车了
2026-03-10 15:48:47,714 - INFO - LLM泛化成功，生成1个变体
2026-03-10 15:48:47,714 - INFO -   已生成 20/20：不用靠右泊车了，停在这边吧。...
2026-03-10 15:48:47,715 - INFO - ID组 38 完成：基于5个原始query，新生成20个泛化query
2026-03-10 15:48:47,715 - INFO - 正在处理ID组 39/111：ID=35
2026-03-10 15:48:47,715 - INFO - 该ID组有3个原始query
2026-03-10 15:48:47,715 - INFO - 对应function：{"name":"vla_control", "arguments":{"action":"canc...
2026-03-10 15:48:47,715 - INFO - 该ID组需要新生成：20个泛化query（比例1:20）
2026-03-10 15:48:47,715 - INFO - 调用LLM泛化query：取消靠左把车停到车位里
2026-03-10 15:48:49,050 - INFO - LLM泛化成功，生成1个变体
2026-03-10 15:48:49,050 - INFO -   已生成 1/20：帮我取消靠左，把车停进车位吧（礼貌型，带语气词）...
2026-03-10 15:48:49,050 - INFO - 调用LLM泛化query：不把车偏右停到车位里了
2026-03-10 15:48:50,429 - INFO - LLM泛化成功，生成1个变体
2026-03-10 15:48:50,429 - INFO -   已生成 2/20：稍微把车往右停进车位里吧...
2026-03-10 15:48:50,430 - INFO - 调用LLM泛化query：退出把车居中停到车位里
2026-03-10 15:48:52,369 - INFO - LLM泛化成功，生成1个变体
2026-03-10 15:48:52,370 - INFO -   已生成 3/20：麻烦退出后把车停到车位正中间吧。...
2026-03-10 15:48:52,370 - INFO - 调用LLM泛化query：取消靠左把车停到车位里
2026-03-10 15:48:52,370 - INFO - LLM泛化成功，生成1个变体
2026-03-10 15:48:52,370 - INFO -   已生成 4/20：帮我取消靠左，把车停进车位吧（礼貌型，带语气词）...
2026-03-10 15:48:52,370 - INFO - 调用LLM泛化query：不把车偏右停到车位里了
2026-03-10 15:48:52,370 - INFO - LLM泛化成功，生成1个变体
2026-03-10 15:48:52,370 - INFO -   已生成 5/20：稍微把车往右停进车位里吧...
2026-03-10 15:48:52,370 - INFO - 调用LLM泛化query：退出把车居中停到车位里
2026-03-10 15:48:52,370 - INFO - LLM泛化成功，生成1个变体
2026-03-10 15:48:52,370 - INFO -   已生成 6/20：麻烦退出后把车停到车位正中间吧。...
2026-03-10 15:48:52,371 - INFO - 调用LLM泛化query：取消靠左把车停到车位里
2026-03-10 15:48:52,371 - INFO - LLM泛化成功，生成1个变体
2026-03-10 15:48:52,371 - INFO -   已生成 7/20：帮我取消靠左，把车停进车位吧（礼貌型，带语气词）...
2026-03-10 15:48:52,371 - INFO - 调用LLM泛化query：不把车偏右停到车位里了
2026-03-10 15:48:52,371 - INFO - LLM泛化成功，生成1个变体
2026-03-10 15:48:52,371 - INFO -   已生成 8/20：稍微把车往右停进车位里吧...
2026-03-10 15:48:52,371 - INFO - 调用LLM泛化query：退出把车居中停到车位里
2026-03-10 15:48:52,371 - INFO - LLM泛化成功，生成1个变体
2026-03-10 15:48:52,371 - INFO -   已生成 9/20：麻烦退出后把车停到车位正中间吧。...
2026-03-10 15:48:52,371 - INFO - 调用LLM泛化query：取消靠左把车停到车位里
2026-03-10 15:48:52,371 - INFO - LLM泛化成功，生成1个变体
2026-03-10 15:48:52,372 - INFO -   已生成 10/20：帮我取消靠左，把车停进车位吧（礼貌型，带语气词）...
2026-03-10 15:48:52,372 - INFO - 调用LLM泛化query：不把车偏右停到车位里了
2026-03-10 15:48:52,372 - INFO - LLM泛化成功，生成1个变体
2026-03-10 15:48:52,372 - INFO -   已生成 11/20：稍微把车往右停进车位里吧...
2026-03-10 15:48:52,372 - INFO - 调用LLM泛化query：退出把车居中停到车位里
2026-03-10 15:48:52,372 - INFO - LLM泛化成功，生成1个变体
2026-03-10 15:48:52,372 - INFO -   已生成 12/20：麻烦退出后把车停到车位正中间吧。...
2026-03-10 15:48:52,372 - INFO - 调用LLM泛化query：取消靠左把车停到车位里
2026-03-10 15:48:52,372 - INFO - LLM泛化成功，生成1个变体
2026-03-10 15:48:52,372 - INFO -   已生成 13/20：帮我取消靠左，把车停进车位吧（礼貌型，带语气词）...
2026-03-10 15:48:52,372 - INFO - 调用LLM泛化query：不把车偏右停到车位里了
2026-03-10 15:48:52,372 - INFO - LLM泛化成功，生成1个变体
2026-03-10 15:48:52,373 - INFO -   已生成 14/20：稍微把车往右停进车位里吧...
2026-03-10 15:48:52,373 - INFO - 调用LLM泛化query：退出把车居中停到车位里
2026-03-10 15:48:52,373 - INFO - LLM泛化成功，生成1个变体
2026-03-10 15:48:52,373 - INFO -   已生成 15/20：麻烦退出后把车停到车位正中间吧。...
2026-03-10 15:48:52,373 - INFO - 调用LLM泛化query：取消靠左把车停到车位里
2026-03-10 15:48:52,373 - INFO - LLM泛化成功，生成1个变体
2026-03-10 15:48:52,373 - INFO -   已生成 16/20：帮我取消靠左，把车停进车位吧（礼貌型，带语气词）...
2026-03-10 15:48:52,373 - INFO - 调用LLM泛化query：不把车偏右停到车位里了
2026-03-10 15:48:52,373 - INFO - LLM泛化成功，生成1个变体
2026-03-10 15:48:52,373 - INFO -   已生成 17/20：稍微把车往右停进车位里吧...
2026-03-10 15:48:52,373 - INFO - 调用LLM泛化query：退出把车居中停到车位里
2026-03-10 15:48:52,373 - INFO - LLM泛化成功，生成1个变体
2026-03-10 15:48:52,374 - INFO -   已生成 18/20：麻烦退出后把车停到车位正中间吧。...
2026-03-10 15:48:52,374 - INFO - 调用LLM泛化query：取消靠左把车停到车位里
2026-03-10 15:48:52,374 - INFO - LLM泛化成功，生成1个变体
2026-03-10 15:48:52,374 - INFO -   已生成 19/20：帮我取消靠左，把车停进车位吧（礼貌型，带语气词）...
2026-03-10 15:48:52,374 - INFO - 调用LLM泛化query：不把车偏右停到车位里了
2026-03-10 15:48:52,374 - INFO - LLM泛化成功，生成1个变体
2026-03-10 15:48:52,374 - INFO -   已生成 20/20：稍微把车往右停进车位里吧...
2026-03-10 15:48:52,374 - INFO - ID组 39 完成：基于3个原始query，新生成20个泛化query
2026-03-10 15:48:52,374 - INFO - 正在处理ID组 40/111：ID=36
2026-03-10 15:48:52,375 - INFO - 该ID组有2个原始query
2026-03-10 15:48:52,375 - INFO - 对应function：{"name":"vla_control", "arguments":{"action":"canc...
2026-03-10 15:48:52,375 - INFO - 该ID组需要新生成：20个泛化query（比例1:20）
2026-03-10 15:48:52,375 - INFO - 调用LLM泛化query：取消把车偏左泊到车位里
2026-03-10 15:48:53,853 - INFO - LLM泛化成功，生成1个变体
2026-03-10 15:48:53,854 - INFO -   已生成 1/20：别偏左泊车了，直接取消吧...
2026-03-10 15:48:53,854 - INFO - 调用LLM泛化query：取消把车偏右泊到车位里
2026-03-10 15:48:55,173 - INFO - LLM泛化成功，生成1个变体
2026-03-10 15:48:55,173 - INFO -   已生成 2/20：麻烦取消一下把车往右边泊进去的操作吧...
2026-03-10 15:48:55,174 - INFO - 调用LLM泛化query：取消把车偏左泊到车位里
2026-03-10 15:48:55,174 - INFO - LLM泛化成功，生成1个变体
2026-03-10 15:48:55,174 - INFO -   已生成 3/20：别偏左泊车了，直接取消吧...
2026-03-10 15:48:55,174 - INFO - 调用LLM泛化query：取消把车偏右泊到车位里
2026-03-10 15:48:55,174 - INFO - LLM泛化成功，生成1个变体
2026-03-10 15:48:55,174 - INFO -   已生成 4/20：麻烦取消一下把车往右边泊进去的操作吧...
2026-03-10 15:48:55,174 - INFO - 调用LLM泛化query：取消把车偏左泊到车位里
2026-03-10 15:48:55,174 - INFO - LLM泛化成功，生成1个变体
2026-03-10 15:48:55,174 - INFO -   已生成 5/20：别偏左泊车了，直接取消吧...
2026-03-10 15:48:55,174 - INFO - 调用LLM泛化query：取消把车偏右泊到车位里
2026-03-10 15:48:55,175 - INFO - LLM泛化成功，生成1个变体
2026-03-10 15:48:55,175 - INFO -   已生成 6/20：麻烦取消一下把车往右边泊进去的操作吧...
2026-03-10 15:48:55,175 - INFO - 调用LLM泛化query：取消把车偏左泊到车位里
2026-03-10 15:48:55,175 - INFO - LLM泛化成功，生成1个变体
2026-03-10 15:48:55,175 - INFO -   已生成 7/20：别偏左泊车了，直接取消吧...
2026-03-10 15:48:55,175 - INFO - 调用LLM泛化query：取消把车偏右泊到车位里
2026-03-10 15:48:55,175 - INFO - LLM泛化成功，生成1个变体
2026-03-10 15:48:55,175 - INFO -   已生成 8/20：麻烦取消一下把车往右边泊进去的操作吧...
2026-03-10 15:48:55,175 - INFO - 调用LLM泛化query：取消把车偏左泊到车位里
2026-03-10 15:48:55,175 - INFO - LLM泛化成功，生成1个变体
2026-03-10 15:48:55,175 - INFO -   已生成 9/20：别偏左泊车了，直接取消吧...
2026-03-10 15:48:55,175 - INFO - 调用LLM泛化query：取消把车偏右泊到车位里
2026-03-10 15:48:55,175 - INFO - LLM泛化成功，生成1个变体
2026-03-10 15:48:55,175 - INFO -   已生成 10/20：麻烦取消一下把车往右边泊进去的操作吧...
2026-03-10 15:48:55,175 - INFO - 调用LLM泛化query：取消把车偏左泊到车位里
2026-03-10 15:48:55,175 - INFO - LLM泛化成功，生成1个变体
2026-03-10 15:48:55,175 - INFO -   已生成 11/20：别偏左泊车了，直接取消吧...
2026-03-10 15:48:55,175 - INFO - 调用LLM泛化query：取消把车偏右泊到车位里
2026-03-10 15:48:55,175 - INFO - LLM泛化成功，生成1个变体
2026-03-10 15:48:55,175 - INFO -   已生成 12/20：麻烦取消一下把车往右边泊进去的操作吧...
2026-03-10 15:48:55,175 - INFO - 调用LLM泛化query：取消把车偏左泊到车位里
2026-03-10 15:48:55,175 - INFO - LLM泛化成功，生成1个变体
2026-03-10 15:48:55,175 - INFO -   已生成 13/20：别偏左泊车了，直接取消吧...
2026-03-10 15:48:55,175 - INFO - 调用LLM泛化query：取消把车偏右泊到车位里
2026-03-10 15:48:55,175 - INFO - LLM泛化成功，生成1个变体
2026-03-10 15:48:55,175 - INFO -   已生成 14/20：麻烦取消一下把车往右边泊进去的操作吧...
2026-03-10 15:48:55,175 - INFO - 调用LLM泛化query：取消把车偏左泊到车位里
2026-03-10 15:48:55,175 - INFO - LLM泛化成功，生成1个变体
2026-03-10 15:48:55,175 - INFO -   已生成 15/20：别偏左泊车了，直接取消吧...
2026-03-10 15:48:55,175 - INFO - 调用LLM泛化query：取消把车偏右泊到车位里
2026-03-10 15:48:55,175 - INFO - LLM泛化成功，生成1个变体
2026-03-10 15:48:55,175 - INFO -   已生成 16/20：麻烦取消一下把车往右边泊进去的操作吧...
2026-03-10 15:48:55,175 - INFO - 调用LLM泛化query：取消把车偏左泊到车位里
2026-03-10 15:48:55,175 - INFO - LLM泛化成功，生成1个变体
2026-03-10 15:48:55,175 - INFO -   已生成 17/20：别偏左泊车了，直接取消吧...
2026-03-10 15:48:55,176 - INFO - 调用LLM泛化query：取消把车偏右泊到车位里
2026-03-10 15:48:55,176 - INFO - LLM泛化成功，生成1个变体
2026-03-10 15:48:55,176 - INFO -   已生成 18/20：麻烦取消一下把车往右边泊进去的操作吧...
2026-03-10 15:48:55,176 - INFO - 调用LLM泛化query：取消把车偏左泊到车位里
2026-03-10 15:48:55,176 - INFO - LLM泛化成功，生成1个变体
2026-03-10 15:48:55,176 - INFO -   已生成 19/20：别偏左泊车了，直接取消吧...
2026-03-10 15:48:55,176 - INFO - 调用LLM泛化query：取消把车偏右泊到车位里
2026-03-10 15:48:55,176 - INFO - LLM泛化成功，生成1个变体
2026-03-10 15:48:55,176 - INFO -   已生成 20/20：麻烦取消一下把车往右边泊进去的操作吧...
2026-03-10 15:48:55,176 - INFO - ID组 40 完成：基于2个原始query，新生成20个泛化query
2026-03-10 15:48:55,176 - INFO - 正在处理ID组 41/111：ID=37
2026-03-10 15:48:55,176 - INFO - 该ID组有2个原始query
2026-03-10 15:48:55,176 - INFO - 对应function：{"name":"vla_control", "arguments":{"action":"canc...
2026-03-10 15:48:55,176 - INFO - 该ID组需要新生成：20个泛化query（比例1:20）
2026-03-10 15:48:55,176 - INFO - 调用LLM泛化query：退出把车偏左开到车位里
2026-03-10 15:48:57,798 - INFO - LLM泛化成功，生成1个变体
2026-03-10 15:48:57,799 - INFO -   已生成 1/20：帮我退出，把车往左挪一点停进车位里吧...
2026-03-10 15:48:57,799 - INFO - 调用LLM泛化query：取消把车偏右开到车位里
2026-03-10 15:48:59,994 - INFO - LLM泛化成功，生成1个变体
2026-03-10 15:48:59,994 - INFO -   已生成 2/20：麻烦取消一下把车偏右开进车位吧...
2026-03-10 15:48:59,994 - INFO - 调用LLM泛化query：退出把车偏左开到车位里
2026-03-10 15:48:59,995 - INFO - LLM泛化成功，生成1个变体
2026-03-10 15:48:59,995 - INFO -   已生成 3/20：帮我退出，把车往左挪一点停进车位里吧...
2026-03-10 15:48:59,995 - INFO - 调用LLM泛化query：取消把车偏右开到车位里
2026-03-10 15:48:59,995 - INFO - LLM泛化成功，生成1个变体
2026-03-10 15:48:59,995 - INFO -   已生成 4/20：麻烦取消一下把车偏右开进车位吧...
2026-03-10 15:48:59,995 - INFO - 调用LLM泛化query：退出把车偏左开到车位里
2026-03-10 15:48:59,995 - INFO - LLM泛化成功，生成1个变体
2026-03-10 15:48:59,995 - INFO -   已生成 5/20：帮我退出，把车往左挪一点停进车位里吧...
2026-03-10 15:48:59,996 - INFO - 调用LLM泛化query：取消把车偏右开到车位里
2026-03-10 15:48:59,996 - INFO - LLM泛化成功，生成1个变体
2026-03-10 15:48:59,996 - INFO -   已生成 6/20：麻烦取消一下把车偏右开进车位吧...
2026-03-10 15:48:59,996 - INFO - 调用LLM泛化query：退出把车偏左开到车位里
2026-03-10 15:48:59,996 - INFO - LLM泛化成功，生成1个变体
2026-03-10 15:48:59,996 - INFO -   已生成 7/20：帮我退出，把车往左挪一点停进车位里吧...
2026-03-10 15:48:59,996 - INFO - 调用LLM泛化query：取消把车偏右开到车位里
2026-03-10 15:48:59,996 - INFO - LLM泛化成功，生成1个变体
2026-03-10 15:48:59,996 - INFO -   已生成 8/20：麻烦取消一下把车偏右开进车位吧...
2026-03-10 15:48:59,997 - INFO - 调用LLM泛化query：退出把车偏左开到车位里
2026-03-10 15:48:59,997 - INFO - LLM泛化成功，生成1个变体
2026-03-10 15:48:59,997 - INFO -   已生成 9/20：帮我退出，把车往左挪一点停进车位里吧...
2026-03-10 15:48:59,997 - INFO - 调用LLM泛化query：取消把车偏右开到车位里
2026-03-10 15:48:59,997 - INFO - LLM泛化成功，生成1个变体
2026-03-10 15:48:59,997 - INFO -   已生成 10/20：麻烦取消一下把车偏右开进车位吧...
2026-03-10 15:48:59,997 - INFO - 调用LLM泛化query：退出把车偏左开到车位里
2026-03-10 15:48:59,997 - INFO - LLM泛化成功，生成1个变体
2026-03-10 15:48:59,997 - INFO -   已生成 11/20：帮我退出，把车往左挪一点停进车位里吧...
2026-03-10 15:48:59,998 - INFO - 调用LLM泛化query：取消把车偏右开到车位里
2026-03-10 15:48:59,998 - INFO - LLM泛化成功，生成1个变体
2026-03-10 15:48:59,998 - INFO -   已生成 12/20：麻烦取消一下把车偏右开进车位吧...
2026-03-10 15:48:59,998 - INFO - 调用LLM泛化query：退出把车偏左开到车位里
2026-03-10 15:48:59,998 - INFO - LLM泛化成功，生成1个变体
2026-03-10 15:48:59,998 - INFO -   已生成 13/20：帮我退出，把车往左挪一点停进车位里吧...
2026-03-10 15:48:59,998 - INFO - 调用LLM泛化query：取消把车偏右开到车位里
2026-03-10 15:48:59,998 - INFO - LLM泛化成功，生成1个变体
2026-03-10 15:48:59,998 - INFO -   已生成 14/20：麻烦取消一下把车偏右开进车位吧...
2026-03-10 15:48:59,998 - INFO - 调用LLM泛化query：退出把车偏左开到车位里
2026-03-10 15:48:59,998 - INFO - LLM泛化成功，生成1个变体
2026-03-10 15:48:59,998 - INFO -   已生成 15/20：帮我退出，把车往左挪一点停进车位里吧...
2026-03-10 15:48:59,999 - INFO - 调用LLM泛化query：取消把车偏右开到车位里
2026-03-10 15:48:59,999 - INFO - LLM泛化成功，生成1个变体
2026-03-10 15:48:59,999 - INFO -   已生成 16/20：麻烦取消一下把车偏右开进车位吧...
2026-03-10 15:48:59,999 - INFO - 调用LLM泛化query：退出把车偏左开到车位里
2026-03-10 15:48:59,999 - INFO - LLM泛化成功，生成1个变体
2026-03-10 15:48:59,999 - INFO -   已生成 17/20：帮我退出，把车往左挪一点停进车位里吧...
2026-03-10 15:48:59,999 - INFO - 调用LLM泛化query：取消把车偏右开到车位里
2026-03-10 15:48:59,999 - INFO - LLM泛化成功，生成1个变体
2026-03-10 15:49:00,000 - INFO -   已生成 18/20：麻烦取消一下把车偏右开进车位吧...
2026-03-10 15:49:00,000 - INFO - 调用LLM泛化query：退出把车偏左开到车位里
2026-03-10 15:49:00,000 - INFO - LLM泛化成功，生成1个变体
2026-03-10 15:49:00,000 - INFO -   已生成 19/20：帮我退出，把车往左挪一点停进车位里吧...
2026-03-10 15:49:00,000 - INFO - 调用LLM泛化query：取消把车偏右开到车位里
2026-03-10 15:49:00,000 - INFO - LLM泛化成功，生成1个变体
2026-03-10 15:49:00,000 - INFO -   已生成 20/20：麻烦取消一下把车偏右开进车位吧...
2026-03-10 15:49:00,000 - INFO - ID组 41 完成：基于2个原始query，新生成20个泛化query
2026-03-10 15:49:00,000 - INFO - 正在处理ID组 42/111：ID=38
2026-03-10 15:49:00,000 - INFO - 该ID组有4个原始query
2026-03-10 15:49:00,000 - INFO - 对应function：{"name":"vla_control", "arguments":{"action":"canc...
2026-03-10 15:49:00,000 - INFO - 该ID组需要新生成：20个泛化query（比例1:20）
2026-03-10 15:49:00,000 - INFO - 调用LLM泛化query：取消靠左停车
2026-03-10 15:49:01,390 - INFO - LLM泛化成功，生成1个变体
2026-03-10 15:49:01,390 - INFO -   已生成 1/20：别靠左停车了，取消吧（随意型，带语气词）...
2026-03-10 15:49:01,390 - INFO - 调用LLM泛化query：我不要偏右停车了
2026-03-10 15:49:02,855 - INFO - LLM泛化成功，生成1个变体
2026-03-10 15:49:02,856 - INFO -   已生成 2/20：别停右边了。...
2026-03-10 15:49:02,856 - INFO - 调用LLM泛化query：别帮我靠右停车了
2026-03-10 15:49:05,531 - INFO - LLM泛化成功，生成1个变体
2026-03-10 15:49:05,532 - INFO -   已生成 3/20：别靠右停车了，停别的地方吧...
2026-03-10 15:49:05,532 - INFO - 调用LLM泛化query：立即取消靠左停车
2026-03-10 15:49:07,191 - INFO - LLM泛化成功，生成1个变体
2026-03-10 15:49:07,192 - INFO -   已生成 4/20：麻烦帮我取消靠左停车吧，我着急离开呢...
2026-03-10 15:49:07,192 - INFO - 调用LLM泛化query：取消靠左停车
2026-03-10 15:49:07,192 - INFO - LLM泛化成功，生成1个变体
2026-03-10 15:49:07,192 - INFO -   已生成 5/20：别靠左停车了，取消吧（随意型，带语气词）...
2026-03-10 15:49:07,192 - INFO - 调用LLM泛化query：我不要偏右停车了
2026-03-10 15:49:07,192 - INFO - LLM泛化成功，生成1个变体
2026-03-10 15:49:07,192 - INFO -   已生成 6/20：别停右边了。...
2026-03-10 15:49:07,193 - INFO - 调用LLM泛化query：别帮我靠右停车了
2026-03-10 15:49:07,193 - INFO - LLM泛化成功，生成1个变体
2026-03-10 15:49:07,193 - INFO -   已生成 7/20：别靠右停车了，停别的地方吧...
2026-03-10 15:49:07,193 - INFO - 调用LLM泛化query：立即取消靠左停车
2026-03-10 15:49:07,193 - INFO - LLM泛化成功，生成1个变体
2026-03-10 15:49:07,193 - INFO -   已生成 8/20：麻烦帮我取消靠左停车吧，我着急离开呢...
2026-03-10 15:49:07,193 - INFO - 调用LLM泛化query：取消靠左停车
2026-03-10 15:49:07,194 - INFO - LLM泛化成功，生成1个变体
2026-03-10 15:49:07,194 - INFO -   已生成 9/20：别靠左停车了，取消吧（随意型，带语气词）...
2026-03-10 15:49:07,194 - INFO - 调用LLM泛化query：我不要偏右停车了
2026-03-10 15:49:07,194 - INFO - LLM泛化成功，生成1个变体
2026-03-10 15:49:07,194 - INFO -   已生成 10/20：别停右边了。...
2026-03-10 15:49:07,194 - INFO - 调用LLM泛化query：别帮我靠右停车了
2026-03-10 15:49:07,194 - INFO - LLM泛化成功，生成1个变体
2026-03-10 15:49:07,194 - INFO -   已生成 11/20：别靠右停车了，停别的地方吧...
2026-03-10 15:49:07,194 - INFO - 调用LLM泛化query：立即取消靠左停车
2026-03-10 15:49:07,195 - INFO - LLM泛化成功，生成1个变体
2026-03-10 15:49:07,195 - INFO -   已生成 12/20：麻烦帮我取消靠左停车吧，我着急离开呢...
2026-03-10 15:49:07,195 - INFO - 调用LLM泛化query：取消靠左停车
2026-03-10 15:49:07,195 - INFO - LLM泛化成功，生成1个变体
2026-03-10 15:49:07,195 - INFO -   已生成 13/20：别靠左停车了，取消吧（随意型，带语气词）...
2026-03-10 15:49:07,195 - INFO - 调用LLM泛化query：我不要偏右停车了
2026-03-10 15:49:07,195 - INFO - LLM泛化成功，生成1个变体
2026-03-10 15:49:07,195 - INFO -   已生成 14/20：别停右边了。...
2026-03-10 15:49:07,195 - INFO - 调用LLM泛化query：别帮我靠右停车了
2026-03-10 15:49:07,195 - INFO - LLM泛化成功，生成1个变体
2026-03-10 15:49:07,196 - INFO -   已生成 15/20：别靠右停车了，停别的地方吧...
2026-03-10 15:49:07,196 - INFO - 调用LLM泛化query：立即取消靠左停车
2026-03-10 15:49:07,196 - INFO - LLM泛化成功，生成1个变体
2026-03-10 15:49:07,196 - INFO -   已生成 16/20：麻烦帮我取消靠左停车吧，我着急离开呢...
2026-03-10 15:49:07,196 - INFO - 调用LLM泛化query：取消靠左停车
2026-03-10 15:49:07,196 - INFO - LLM泛化成功，生成1个变体
2026-03-10 15:49:07,196 - INFO -   已生成 17/20：别靠左停车了，取消吧（随意型，带语气词）...
2026-03-10 15:49:07,196 - INFO - 调用LLM泛化query：我不要偏右停车了
2026-03-10 15:49:07,196 - INFO - LLM泛化成功，生成1个变体
2026-03-10 15:49:07,197 - INFO -   已生成 18/20：别停右边了。...
2026-03-10 15:49:07,197 - INFO - 调用LLM泛化query：别帮我靠右停车了
2026-03-10 15:49:07,197 - INFO - LLM泛化成功，生成1个变体
2026-03-10 15:49:07,197 - INFO -   已生成 19/20：别靠右停车了，停别的地方吧...
2026-03-10 15:49:07,197 - INFO - 调用LLM泛化query：立即取消靠左停车
2026-03-10 15:49:07,197 - INFO - LLM泛化成功，生成1个变体
2026-03-10 15:49:07,197 - INFO -   已生成 20/20：麻烦帮我取消靠左停车吧，我着急离开呢...
2026-03-10 15:49:07,197 - INFO - ID组 42 完成：基于4个原始query，新生成20个泛化query
2026-03-10 15:49:07,197 - INFO - 正在处理ID组 43/111：ID=39
2026-03-10 15:49:07,197 - INFO - 该ID组有1个原始query
2026-03-10 15:49:07,197 - INFO - 对应function：{"name":"vla_control", "arguments":{"action":"canc...
2026-03-10 15:49:07,198 - INFO - 该ID组需要新生成：20个泛化query（比例1:20）
2026-03-10 15:49:07,198 - INFO - 调用LLM泛化query：取消在这靠左停车
2026-03-10 15:49:08,459 - INFO - LLM泛化成功，生成1个变体
2026-03-10 15:49:08,459 - INFO -   已生成 1/20：别在这里靠左停车了，取消一下吧。...
2026-03-10 15:49:08,459 - INFO - 调用LLM泛化query：取消在这靠左停车
2026-03-10 15:49:08,459 - INFO - LLM泛化成功，生成1个变体
2026-03-10 15:49:08,459 - INFO -   已生成 2/20：别在这里靠左停车了，取消一下吧。...
2026-03-10 15:49:08,459 - INFO - 调用LLM泛化query：取消在这靠左停车
2026-03-10 15:49:08,459 - INFO - LLM泛化成功，生成1个变体
2026-03-10 15:49:08,460 - INFO -   已生成 3/20：别在这里靠左停车了，取消一下吧。...
2026-03-10 15:49:08,460 - INFO - 调用LLM泛化query：取消在这靠左停车
2026-03-10 15:49:08,460 - INFO - LLM泛化成功，生成1个变体
2026-03-10 15:49:08,460 - INFO -   已生成 4/20：别在这里靠左停车了，取消一下吧。...
2026-03-10 15:49:08,460 - INFO - 调用LLM泛化query：取消在这靠左停车
2026-03-10 15:49:08,460 - INFO - LLM泛化成功，生成1个变体
2026-03-10 15:49:08,460 - INFO -   已生成 5/20：别在这里靠左停车了，取消一下吧。...
2026-03-10 15:49:08,460 - INFO - 调用LLM泛化query：取消在这靠左停车
2026-03-10 15:49:08,460 - INFO - LLM泛化成功，生成1个变体
2026-03-10 15:49:08,460 - INFO -   已生成 6/20：别在这里靠左停车了，取消一下吧。...
2026-03-10 15:49:08,461 - INFO - 调用LLM泛化query：取消在这靠左停车
2026-03-10 15:49:08,461 - INFO - LLM泛化成功，生成1个变体
2026-03-10 15:49:08,461 - INFO -   已生成 7/20：别在这里靠左停车了，取消一下吧。...
2026-03-10 15:49:08,461 - INFO - 调用LLM泛化query：取消在这靠左停车
2026-03-10 15:49:08,461 - INFO - LLM泛化成功，生成1个变体
2026-03-10 15:49:08,461 - INFO -   已生成 8/20：别在这里靠左停车了，取消一下吧。...
2026-03-10 15:49:08,461 - INFO - 调用LLM泛化query：取消在这靠左停车
2026-03-10 15:49:08,461 - INFO - LLM泛化成功，生成1个变体
2026-03-10 15:49:08,461 - INFO -   已生成 9/20：别在这里靠左停车了，取消一下吧。...
2026-03-10 15:49:08,462 - INFO - 调用LLM泛化query：取消在这靠左停车
2026-03-10 15:49:08,462 - INFO - LLM泛化成功，生成1个变体
2026-03-10 15:49:08,462 - INFO -   已生成 10/20：别在这里靠左停车了，取消一下吧。...
2026-03-10 15:49:08,462 - INFO - 调用LLM泛化query：取消在这靠左停车
2026-03-10 15:49:08,462 - INFO - LLM泛化成功，生成1个变体
2026-03-10 15:49:08,462 - INFO -   已生成 11/20：别在这里靠左停车了，取消一下吧。...
2026-03-10 15:49:08,462 - INFO - 调用LLM泛化query：取消在这靠左停车
2026-03-10 15:49:08,462 - INFO - LLM泛化成功，生成1个变体
2026-03-10 15:49:08,462 - INFO -   已生成 12/20：别在这里靠左停车了，取消一下吧。...
2026-03-10 15:49:08,462 - INFO - 调用LLM泛化query：取消在这靠左停车
2026-03-10 15:49:08,463 - INFO - LLM泛化成功，生成1个变体
2026-03-10 15:49:08,463 - INFO -   已生成 13/20：别在这里靠左停车了，取消一下吧。...
2026-03-10 15:49:08,463 - INFO - 调用LLM泛化query：取消在这靠左停车
2026-03-10 15:49:08,463 - INFO - LLM泛化成功，生成1个变体
2026-03-10 15:49:08,463 - INFO -   已生成 14/20：别在这里靠左停车了，取消一下吧。...
2026-03-10 15:49:08,463 - INFO - 调用LLM泛化query：取消在这靠左停车
2026-03-10 15:49:08,463 - INFO - LLM泛化成功，生成1个变体
2026-03-10 15:49:08,463 - INFO -   已生成 15/20：别在这里靠左停车了，取消一下吧。...
2026-03-10 15:49:08,463 - INFO - 调用LLM泛化query：取消在这靠左停车
2026-03-10 15:49:08,463 - INFO - LLM泛化成功，生成1个变体
2026-03-10 15:49:08,464 - INFO -   已生成 16/20：别在这里靠左停车了，取消一下吧。...
2026-03-10 15:49:08,464 - INFO - 调用LLM泛化query：取消在这靠左停车
2026-03-10 15:49:08,464 - INFO - LLM泛化成功，生成1个变体
2026-03-10 15:49:08,464 - INFO -   已生成 17/20：别在这里靠左停车了，取消一下吧。...
2026-03-10 15:49:08,464 - INFO - 调用LLM泛化query：取消在这靠左停车
2026-03-10 15:49:08,464 - INFO - LLM泛化成功，生成1个变体
2026-03-10 15:49:08,464 - INFO -   已生成 18/20：别在这里靠左停车了，取消一下吧。...
2026-03-10 15:49:08,464 - INFO - 调用LLM泛化query：取消在这靠左停车
2026-03-10 15:49:08,464 - INFO - LLM泛化成功，生成1个变体
2026-03-10 15:49:08,464 - INFO -   已生成 19/20：别在这里靠左停车了，取消一下吧。...
2026-03-10 15:49:08,465 - INFO - 调用LLM泛化query：取消在这靠左停车
2026-03-10 15:49:08,465 - INFO - LLM泛化成功，生成1个变体
2026-03-10 15:49:08,465 - INFO -   已生成 20/20：别在这里靠左停车了，取消一下吧。...
2026-03-10 15:49:08,465 - INFO - ID组 43 完成：基于1个原始query，新生成20个泛化query
2026-03-10 15:49:08,465 - INFO - 正在处理ID组 44/111：ID=40
2026-03-10 15:49:08,465 - INFO - 该ID组有7个原始query
2026-03-10 15:49:08,465 - INFO - 对应function：{"name":"vla_control", "arguments":{"action":"navi...
2026-03-10 15:49:08,465 - INFO - 该ID组需要新生成：20个泛化query（比例1:20）
2026-03-10 15:49:08,465 - INFO - 调用LLM泛化query：将车辆驶出
2026-03-10 15:49:10,434 - INFO - LLM泛化成功，生成1个变体
2026-03-10 15:49:10,434 - INFO -   已生成 1/20：麻烦把车开出来吧，我要用车。...
2026-03-10 15:49:10,434 - INFO - 调用LLM泛化query：智能驶出
2026-03-10 15:49:12,111 - INFO - LLM泛化成功，生成1个变体
2026-03-10 15:49:12,112 - INFO -   已生成 2/20：麻烦帮我智能驶出吧，我这边着急用车。...
2026-03-10 15:49:12,112 - INFO - 调用LLM泛化query：自动驶出
2026-03-10 15:49:13,278 - INFO - LLM泛化成功，生成1个变体
2026-03-10 15:49:13,278 - INFO -   已生成 3/20：帮我自动驶出来吧，我赶时间...
2026-03-10 15:49:13,278 - INFO - 调用LLM泛化query：帮我把车开出来
2026-03-10 15:49:14,771 - INFO - LLM泛化成功，生成1个变体
2026-03-10 15:49:14,772 - INFO -   已生成 4/20：快点把车开出来吧，我赶时间了...
2026-03-10 15:49:14,772 - INFO - 调用LLM泛化query：把车开出来
2026-03-10 15:49:16,954 - INFO - LLM泛化成功，生成1个变体
2026-03-10 15:49:16,954 - INFO -   已生成 5/20：帮我把车开出来吧，我要走了...
2026-03-10 15:49:16,954 - INFO - 调用LLM泛化query：继续自动驶出
2026-03-10 15:49:19,776 - INFO - LLM泛化成功，生成1个变体
2026-03-10 15:49:19,777 - INFO -   已生成 6/20：继续自动驶出来吧，我赶时间了（着急型，带语气词和原因）...
2026-03-10 15:49:19,777 - INFO - 调用LLM泛化query：继续把车开出来
2026-03-10 15:49:21,181 - INFO - LLM泛化成功，生成1个变体
2026-03-10 15:49:21,181 - INFO -   已生成 7/20：麻烦帮我把车开出来吧，我要赶时间了（着急型，带原因）...
2026-03-10 15:49:21,181 - INFO - 调用LLM泛化query：将车辆驶出
2026-03-10 15:49:21,181 - INFO - LLM泛化成功，生成1个变体
2026-03-10 15:49:21,181 - INFO -   已生成 8/20：麻烦把车开出来吧，我要用车。...
2026-03-10 15:49:21,181 - INFO - 调用LLM泛化query：智能驶出
2026-03-10 15:49:21,181 - INFO - LLM泛化成功，生成1个变体
2026-03-10 15:49:21,181 - INFO -   已生成 9/20：麻烦帮我智能驶出吧，我这边着急用车。...
2026-03-10 15:49:21,182 - INFO - 调用LLM泛化query：自动驶出
2026-03-10 15:49:21,182 - INFO - LLM泛化成功，生成1个变体
2026-03-10 15:49:21,182 - INFO -   已生成 10/20：帮我自动驶出来吧，我赶时间...
2026-03-10 15:49:21,182 - INFO - 调用LLM泛化query：帮我把车开出来
2026-03-10 15:49:21,182 - INFO - LLM泛化成功，生成1个变体
2026-03-10 15:49:21,182 - INFO -   已生成 11/20：快点把车开出来吧，我赶时间了...
2026-03-10 15:49:21,182 - INFO - 调用LLM泛化query：把车开出来
2026-03-10 15:49:21,182 - INFO - LLM泛化成功，生成1个变体
2026-03-10 15:49:21,182 - INFO -   已生成 12/20：帮我把车开出来吧，我要走了...
2026-03-10 15:49:21,182 - INFO - 调用LLM泛化query：继续自动驶出
2026-03-10 15:49:21,182 - INFO - LLM泛化成功，生成1个变体
2026-03-10 15:49:21,183 - INFO -   已生成 13/20：继续自动驶出来吧，我赶时间了（着急型，带语气词和原因）...
2026-03-10 15:49:21,183 - INFO - 调用LLM泛化query：继续把车开出来
2026-03-10 15:49:21,183 - INFO - LLM泛化成功，生成1个变体
2026-03-10 15:49:21,183 - INFO -   已生成 14/20：麻烦帮我把车开出来吧，我要赶时间了（着急型，带原因）...
2026-03-10 15:49:21,183 - INFO - 调用LLM泛化query：将车辆驶出
2026-03-10 15:49:21,183 - INFO - LLM泛化成功，生成1个变体
2026-03-10 15:49:21,183 - INFO -   已生成 15/20：麻烦把车开出来吧，我要用车。...
2026-03-10 15:49:21,183 - INFO - 调用LLM泛化query：智能驶出
2026-03-10 15:49:21,183 - INFO - LLM泛化成功，生成1个变体
2026-03-10 15:49:21,183 - INFO -   已生成 16/20：麻烦帮我智能驶出吧，我这边着急用车。...
2026-03-10 15:49:21,184 - INFO - 调用LLM泛化query：自动驶出
2026-03-10 15:49:21,184 - INFO - LLM泛化成功，生成1个变体
2026-03-10 15:49:21,184 - INFO -   已生成 17/20：帮我自动驶出来吧，我赶时间...
2026-03-10 15:49:21,184 - INFO - 调用LLM泛化query：帮我把车开出来
2026-03-10 15:49:21,184 - INFO - LLM泛化成功，生成1个变体
2026-03-10 15:49:21,184 - INFO -   已生成 18/20：快点把车开出来吧，我赶时间了...
2026-03-10 15:49:21,184 - INFO - 调用LLM泛化query：把车开出来
2026-03-10 15:49:21,184 - INFO - LLM泛化成功，生成1个变体
2026-03-10 15:49:21,184 - INFO -   已生成 19/20：帮我把车开出来吧，我要走了...
2026-03-10 15:49:21,184 - INFO - 调用LLM泛化query：继续自动驶出
2026-03-10 15:49:21,185 - INFO - LLM泛化成功，生成1个变体
2026-03-10 15:49:21,185 - INFO -   已生成 20/20：继续自动驶出来吧，我赶时间了（着急型，带语气词和原因）...
2026-03-10 15:49:21,185 - INFO - ID组 44 完成：基于7个原始query，新生成20个泛化query
2026-03-10 15:49:21,185 - INFO - 正在处理ID组 45/111：ID=41
2026-03-10 15:49:21,185 - INFO - 该ID组有2个原始query
2026-03-10 15:49:21,185 - INFO - 对应function：{"name":"vla_control", "arguments":{"action":"park...
2026-03-10 15:49:21,185 - INFO - 该ID组需要新生成：20个泛化query（比例1:20）
2026-03-10 15:49:21,185 - INFO - 调用LLM泛化query：智能泊出
2026-03-10 15:49:23,140 - INFO - LLM泛化成功，生成1个变体
2026-03-10 15:49:23,140 - INFO -   已生成 1/20：麻烦帮我智能泊出吧，我着急用车。...
2026-03-10 15:49:23,140 - INFO - 调用LLM泛化query：自动泊出
2026-03-10 15:49:25,099 - INFO - LLM泛化成功，生成1个变体
2026-03-10 15:49:25,099 - INFO -   已生成 2/20：帮我自动泊出吧，我着急用车（着急型，带原因）...
2026-03-10 15:49:25,099 - INFO - 调用LLM泛化query：智能泊出
2026-03-10 15:49:25,100 - INFO - LLM泛化成功，生成1个变体
2026-03-10 15:49:25,100 - INFO -   已生成 3/20：麻烦帮我智能泊出吧，我着急用车。...
2026-03-10 15:49:25,100 - INFO - 调用LLM泛化query：自动泊出
2026-03-10 15:49:25,100 - INFO - LLM泛化成功，生成1个变体
2026-03-10 15:49:25,100 - INFO -   已生成 4/20：帮我自动泊出吧，我着急用车（着急型，带原因）...
2026-03-10 15:49:25,101 - INFO - 调用LLM泛化query：智能泊出
2026-03-10 15:49:25,101 - INFO - LLM泛化成功，生成1个变体
2026-03-10 15:49:25,101 - INFO -   已生成 5/20：麻烦帮我智能泊出吧，我着急用车。...
2026-03-10 15:49:25,101 - INFO - 调用LLM泛化query：自动泊出
2026-03-10 15:49:25,101 - INFO - LLM泛化成功，生成1个变体
2026-03-10 15:49:25,101 - INFO -   已生成 6/20：帮我自动泊出吧，我着急用车（着急型，带原因）...
2026-03-10 15:49:25,102 - INFO - 调用LLM泛化query：智能泊出
2026-03-10 15:49:25,102 - INFO - LLM泛化成功，生成1个变体
2026-03-10 15:49:25,102 - INFO -   已生成 7/20：麻烦帮我智能泊出吧，我着急用车。...
2026-03-10 15:49:25,102 - INFO - 调用LLM泛化query：自动泊出
2026-03-10 15:49:25,102 - INFO - LLM泛化成功，生成1个变体
2026-03-10 15:49:25,102 - INFO -   已生成 8/20：帮我自动泊出吧，我着急用车（着急型，带原因）...
2026-03-10 15:49:25,102 - INFO - 调用LLM泛化query：智能泊出
2026-03-10 15:49:25,102 - INFO - LLM泛化成功，生成1个变体
2026-03-10 15:49:25,103 - INFO -   已生成 9/20：麻烦帮我智能泊出吧，我着急用车。...
2026-03-10 15:49:25,103 - INFO - 调用LLM泛化query：自动泊出
2026-03-10 15:49:25,103 - INFO - LLM泛化成功，生成1个变体
2026-03-10 15:49:25,103 - INFO -   已生成 10/20：帮我自动泊出吧，我着急用车（着急型，带原因）...
2026-03-10 15:49:25,103 - INFO - 调用LLM泛化query：智能泊出
2026-03-10 15:49:25,103 - INFO - LLM泛化成功，生成1个变体
2026-03-10 15:49:25,103 - INFO -   已生成 11/20：麻烦帮我智能泊出吧，我着急用车。...
2026-03-10 15:49:25,104 - INFO - 调用LLM泛化query：自动泊出
2026-03-10 15:49:25,104 - INFO - LLM泛化成功，生成1个变体
2026-03-10 15:49:25,104 - INFO -   已生成 12/20：帮我自动泊出吧，我着急用车（着急型，带原因）...
2026-03-10 15:49:25,104 - INFO - 调用LLM泛化query：智能泊出
2026-03-10 15:49:25,104 - INFO - LLM泛化成功，生成1个变体
2026-03-10 15:49:25,104 - INFO -   已生成 13/20：麻烦帮我智能泊出吧，我着急用车。...
2026-03-10 15:49:25,104 - INFO - 调用LLM泛化query：自动泊出
2026-03-10 15:49:25,104 - INFO - LLM泛化成功，生成1个变体
2026-03-10 15:49:25,104 - INFO -   已生成 14/20：帮我自动泊出吧，我着急用车（着急型，带原因）...
2026-03-10 15:49:25,104 - INFO - 调用LLM泛化query：智能泊出
2026-03-10 15:49:25,105 - INFO - LLM泛化成功，生成1个变体
2026-03-10 15:49:25,105 - INFO -   已生成 15/20：麻烦帮我智能泊出吧，我着急用车。...
2026-03-10 15:49:25,105 - INFO - 调用LLM泛化query：自动泊出
2026-03-10 15:49:25,105 - INFO - LLM泛化成功，生成1个变体
2026-03-10 15:49:25,105 - INFO -   已生成 16/20：帮我自动泊出吧，我着急用车（着急型，带原因）...
2026-03-10 15:49:25,105 - INFO - 调用LLM泛化query：智能泊出
2026-03-10 15:49:25,105 - INFO - LLM泛化成功，生成1个变体
2026-03-10 15:49:25,105 - INFO -   已生成 17/20：麻烦帮我智能泊出吧，我着急用车。...
2026-03-10 15:49:25,105 - INFO - 调用LLM泛化query：自动泊出
2026-03-10 15:49:25,105 - INFO - LLM泛化成功，生成1个变体
2026-03-10 15:49:25,106 - INFO -   已生成 18/20：帮我自动泊出吧，我着急用车（着急型，带原因）...
2026-03-10 15:49:25,106 - INFO - 调用LLM泛化query：智能泊出
2026-03-10 15:49:25,106 - INFO - LLM泛化成功，生成1个变体
2026-03-10 15:49:25,106 - INFO -   已生成 19/20：麻烦帮我智能泊出吧，我着急用车。...
2026-03-10 15:49:25,106 - INFO - 调用LLM泛化query：自动泊出
2026-03-10 15:49:25,106 - INFO - LLM泛化成功，生成1个变体
2026-03-10 15:49:25,106 - INFO -   已生成 20/20：帮我自动泊出吧，我着急用车（着急型，带原因）...
2026-03-10 15:49:25,106 - INFO - ID组 45 完成：基于2个原始query，新生成20个泛化query
2026-03-10 15:49:25,106 - INFO - 正在处理ID组 46/111：ID=42
2026-03-10 15:49:25,106 - INFO - 该ID组有3个原始query
2026-03-10 15:49:25,107 - INFO - 对应function：{"name":"vla_control", "arguments":{"action":"navi...
2026-03-10 15:49:25,107 - INFO - 该ID组需要新生成：20个泛化query（比例1:20）
2026-03-10 15:49:25,107 - INFO - 调用LLM泛化query：驶出车位
2026-03-10 15:49:26,790 - INFO - LLM泛化成功，生成1个变体
2026-03-10 15:49:26,791 - INFO -   已生成 1/20：麻烦帮我把车驶出车位吧，我要赶时间了（着急型，礼貌+带原因）...
2026-03-10 15:49:26,791 - INFO - 调用LLM泛化query：把车开出车位
2026-03-10 15:49:28,323 - INFO - LLM泛化成功，生成1个变体
2026-03-10 15:49:28,324 - INFO -   已生成 2/20：帮我把车从车位开出来吧...
2026-03-10 15:49:28,324 - INFO - 调用LLM泛化query：从车位里开出来
2026-03-10 15:49:29,883 - INFO - LLM泛化成功，生成1个变体
2026-03-10 15:49:29,884 - INFO -   已生成 3/20：帮我把车从车位里开出来吧...
2026-03-10 15:49:29,884 - INFO - 调用LLM泛化query：驶出车位
2026-03-10 15:49:29,885 - INFO - LLM泛化成功，生成1个变体
2026-03-10 15:49:29,885 - INFO -   已生成 4/20：麻烦帮我把车驶出车位吧，我要赶时间了（着急型，礼貌+带原因）...
2026-03-10 15:49:29,885 - INFO - 调用LLM泛化query：把车开出车位
2026-03-10 15:49:29,885 - INFO - LLM泛化成功，生成1个变体
2026-03-10 15:49:29,885 - INFO -   已生成 5/20：帮我把车从车位开出来吧...
2026-03-10 15:49:29,885 - INFO - 调用LLM泛化query：从车位里开出来
2026-03-10 15:49:29,886 - INFO - LLM泛化成功，生成1个变体
2026-03-10 15:49:29,886 - INFO -   已生成 6/20：帮我把车从车位里开出来吧...
2026-03-10 15:49:29,886 - INFO - 调用LLM泛化query：驶出车位
2026-03-10 15:49:29,886 - INFO - LLM泛化成功，生成1个变体
2026-03-10 15:49:29,886 - INFO -   已生成 7/20：麻烦帮我把车驶出车位吧，我要赶时间了（着急型，礼貌+带原因）...
2026-03-10 15:49:29,886 - INFO - 调用LLM泛化query：把车开出车位
2026-03-10 15:49:29,886 - INFO - LLM泛化成功，生成1个变体
2026-03-10 15:49:29,887 - INFO -   已生成 8/20：帮我把车从车位开出来吧...
2026-03-10 15:49:29,887 - INFO - 调用LLM泛化query：从车位里开出来
2026-03-10 15:49:29,887 - INFO - LLM泛化成功，生成1个变体
2026-03-10 15:49:29,887 - INFO -   已生成 9/20：帮我把车从车位里开出来吧...
2026-03-10 15:49:29,887 - INFO - 调用LLM泛化query：驶出车位
2026-03-10 15:49:29,887 - INFO - LLM泛化成功，生成1个变体
2026-03-10 15:49:29,887 - INFO -   已生成 10/20：麻烦帮我把车驶出车位吧，我要赶时间了（着急型，礼貌+带原因）...
2026-03-10 15:49:29,887 - INFO - 调用LLM泛化query：把车开出车位
2026-03-10 15:49:29,888 - INFO - LLM泛化成功，生成1个变体
2026-03-10 15:49:29,889 - INFO -   已生成 11/20：帮我把车从车位开出来吧...
2026-03-10 15:49:29,889 - INFO - 调用LLM泛化query：从车位里开出来
2026-03-10 15:49:29,889 - INFO - LLM泛化成功，生成1个变体
2026-03-10 15:49:29,889 - INFO -   已生成 12/20：帮我把车从车位里开出来吧...
2026-03-10 15:49:29,889 - INFO - 调用LLM泛化query：驶出车位
2026-03-10 15:49:29,889 - INFO - LLM泛化成功，生成1个变体
2026-03-10 15:49:29,889 - INFO -   已生成 13/20：麻烦帮我把车驶出车位吧，我要赶时间了（着急型，礼貌+带原因）...
2026-03-10 15:49:29,893 - INFO - 调用LLM泛化query：把车开出车位
2026-03-10 15:49:29,893 - INFO - LLM泛化成功，生成1个变体
2026-03-10 15:49:29,893 - INFO -   已生成 14/20：帮我把车从车位开出来吧...
2026-03-10 15:49:29,894 - INFO - 调用LLM泛化query：从车位里开出来
2026-03-10 15:49:29,894 - INFO - LLM泛化成功，生成1个变体
2026-03-10 15:49:29,894 - INFO -   已生成 15/20：帮我把车从车位里开出来吧...
2026-03-10 15:49:29,894 - INFO - 调用LLM泛化query：驶出车位
2026-03-10 15:49:29,894 - INFO - LLM泛化成功，生成1个变体
2026-03-10 15:49:29,894 - INFO -   已生成 16/20：麻烦帮我把车驶出车位吧，我要赶时间了（着急型，礼貌+带原因）...
2026-03-10 15:49:29,894 - INFO - 调用LLM泛化query：把车开出车位
2026-03-10 15:49:29,894 - INFO - LLM泛化成功，生成1个变体
2026-03-10 15:49:29,894 - INFO -   已生成 17/20：帮我把车从车位开出来吧...
2026-03-10 15:49:29,894 - INFO - 调用LLM泛化query：从车位里开出来
2026-03-10 15:49:29,894 - INFO - LLM泛化成功，生成1个变体
2026-03-10 15:49:29,895 - INFO -   已生成 18/20：帮我把车从车位里开出来吧...
2026-03-10 15:49:29,895 - INFO - 调用LLM泛化query：驶出车位
2026-03-10 15:49:29,895 - INFO - LLM泛化成功，生成1个变体
2026-03-10 15:49:29,895 - INFO -   已生成 19/20：麻烦帮我把车驶出车位吧，我要赶时间了（着急型，礼貌+带原因）...
2026-03-10 15:49:29,895 - INFO - 调用LLM泛化query：把车开出车位
2026-03-10 15:49:29,895 - INFO - LLM泛化成功，生成1个变体
2026-03-10 15:49:29,895 - INFO -   已生成 20/20：帮我把车从车位开出来吧...
2026-03-10 15:49:29,895 - INFO - ID组 46 完成：基于3个原始query，新生成20个泛化query
2026-03-10 15:49:29,895 - INFO - 正在处理ID组 47/111：ID=43
2026-03-10 15:49:29,895 - INFO - 该ID组有4个原始query
2026-03-10 15:49:29,896 - INFO - 对应function：{"name":"vla_control", "arguments":{"action":"park...
2026-03-10 15:49:29,896 - INFO - 该ID组需要新生成：20个泛化query（比例1:20）
2026-03-10 15:49:29,896 - INFO - 调用LLM泛化query：泊出车位
2026-03-10 15:49:31,429 - INFO - LLM泛化成功，生成1个变体
2026-03-10 15:49:31,429 - INFO -   已生成 1/20：麻烦帮我把车从车位泊出来吧...
2026-03-10 15:49:31,429 - INFO - 调用LLM泛化query：泊出停车位
2026-03-10 15:49:33,224 - INFO - LLM泛化成功，生成1个变体
2026-03-10 15:49:33,224 - INFO -   已生成 2/20：带孩子的，变体：帮我泊出停车位吧，车后面别挡着了，孩子等着呢...
2026-03-10 15:49:33,224 - INFO - 调用LLM泛化query：帮我泊出车位
2026-03-10 15:49:35,067 - INFO - LLM泛化成功，生成1个变体
2026-03-10 15:49:35,067 - INFO -   已生成 3/20：麻烦快帮我泊出车位吧，我赶时间。...
2026-03-10 15:49:35,068 - INFO - 调用LLM泛化query：从车位泊出
2026-03-10 15:49:36,734 - INFO - LLM泛化成功，生成1个变体
2026-03-10 15:49:36,734 - INFO -   已生成 4/20：麻烦从车位泊出来吧（礼貌型，带语气词）...
2026-03-10 15:49:36,734 - INFO - 调用LLM泛化query：泊出车位
2026-03-10 15:49:36,735 - INFO - LLM泛化成功，生成1个变体
2026-03-10 15:49:36,735 - INFO -   已生成 5/20：麻烦帮我把车从车位泊出来吧...
2026-03-10 15:49:36,735 - INFO - 调用LLM泛化query：泊出停车位
2026-03-10 15:49:36,735 - INFO - LLM泛化成功，生成1个变体
2026-03-10 15:49:36,735 - INFO -   已生成 6/20：带孩子的，变体：帮我泊出停车位吧，车后面别挡着了，孩子等着呢...
2026-03-10 15:49:36,735 - INFO - 调用LLM泛化query：帮我泊出车位
2026-03-10 15:49:36,735 - INFO - LLM泛化成功，生成1个变体
2026-03-10 15:49:36,736 - INFO -   已生成 7/20：麻烦快帮我泊出车位吧，我赶时间。...
2026-03-10 15:49:36,736 - INFO - 调用LLM泛化query：从车位泊出
2026-03-10 15:49:36,736 - INFO - LLM泛化成功，生成1个变体
2026-03-10 15:49:36,736 - INFO -   已生成 8/20：麻烦从车位泊出来吧（礼貌型，带语气词）...
2026-03-10 15:49:36,736 - INFO - 调用LLM泛化query：泊出车位
2026-03-10 15:49:36,736 - INFO - LLM泛化成功，生成1个变体
2026-03-10 15:49:36,736 - INFO -   已生成 9/20：麻烦帮我把车从车位泊出来吧...
2026-03-10 15:49:36,737 - INFO - 调用LLM泛化query：泊出停车位
2026-03-10 15:49:36,737 - INFO - LLM泛化成功，生成1个变体
2026-03-10 15:49:36,737 - INFO -   已生成 10/20：带孩子的，变体：帮我泊出停车位吧，车后面别挡着了，孩子等着呢...
2026-03-10 15:49:36,737 - INFO - 调用LLM泛化query：帮我泊出车位
2026-03-10 15:49:36,737 - INFO - LLM泛化成功，生成1个变体
2026-03-10 15:49:36,737 - INFO -   已生成 11/20：麻烦快帮我泊出车位吧，我赶时间。...
2026-03-10 15:49:36,737 - INFO - 调用LLM泛化query：从车位泊出
2026-03-10 15:49:36,737 - INFO - LLM泛化成功，生成1个变体
2026-03-10 15:49:36,737 - INFO -   已生成 12/20：麻烦从车位泊出来吧（礼貌型，带语气词）...
2026-03-10 15:49:36,737 - INFO - 调用LLM泛化query：泊出车位
2026-03-10 15:49:36,738 - INFO - LLM泛化成功，生成1个变体
2026-03-10 15:49:36,738 - INFO -   已生成 13/20：麻烦帮我把车从车位泊出来吧...
2026-03-10 15:49:36,738 - INFO - 调用LLM泛化query：泊出停车位
2026-03-10 15:49:36,738 - INFO - LLM泛化成功，生成1个变体
2026-03-10 15:49:36,738 - INFO -   已生成 14/20：带孩子的，变体：帮我泊出停车位吧，车后面别挡着了，孩子等着呢...
2026-03-10 15:49:36,738 - INFO - 调用LLM泛化query：帮我泊出车位
2026-03-10 15:49:36,738 - INFO - LLM泛化成功，生成1个变体
2026-03-10 15:49:36,738 - INFO -   已生成 15/20：麻烦快帮我泊出车位吧，我赶时间。...
2026-03-10 15:49:36,738 - INFO - 调用LLM泛化query：从车位泊出
2026-03-10 15:49:36,738 - INFO - LLM泛化成功，生成1个变体
2026-03-10 15:49:36,739 - INFO -   已生成 16/20：麻烦从车位泊出来吧（礼貌型，带语气词）...
2026-03-10 15:49:36,739 - INFO - 调用LLM泛化query：泊出车位
2026-03-10 15:49:36,739 - INFO - LLM泛化成功，生成1个变体
2026-03-10 15:49:36,739 - INFO -   已生成 17/20：麻烦帮我把车从车位泊出来吧...
2026-03-10 15:49:36,739 - INFO - 调用LLM泛化query：泊出停车位
2026-03-10 15:49:36,739 - INFO - LLM泛化成功，生成1个变体
2026-03-10 15:49:36,739 - INFO -   已生成 18/20：带孩子的，变体：帮我泊出停车位吧，车后面别挡着了，孩子等着呢...
2026-03-10 15:49:36,739 - INFO - 调用LLM泛化query：帮我泊出车位
2026-03-10 15:49:36,739 - INFO - LLM泛化成功，生成1个变体
2026-03-10 15:49:36,739 - INFO -   已生成 19/20：麻烦快帮我泊出车位吧，我赶时间。...
2026-03-10 15:49:36,739 - INFO - 调用LLM泛化query：从车位泊出
2026-03-10 15:49:36,739 - INFO - LLM泛化成功，生成1个变体
2026-03-10 15:49:36,740 - INFO -   已生成 20/20：麻烦从车位泊出来吧（礼貌型，带语气词）...
2026-03-10 15:49:36,740 - INFO - ID组 47 完成：基于4个原始query，新生成20个泛化query
2026-03-10 15:49:36,740 - INFO - 正在处理ID组 48/111：ID=44
2026-03-10 15:49:36,740 - INFO - 该ID组有7个原始query
2026-03-10 15:49:36,740 - INFO - 对应function：{"name":"vla_control", "arguments":{"action":"navi...
2026-03-10 15:49:36,740 - INFO - 该ID组需要新生成：20个泛化query（比例1:20）
2026-03-10 15:49:36,740 - INFO - 调用LLM泛化query：将车辆向左驶出
2026-03-10 15:49:38,265 - INFO - LLM泛化成功，生成1个变体
2026-03-10 15:49:38,265 - INFO -   已生成 1/20：往左开出去吧，我这边要走了（随意型，带原因）...
2026-03-10 15:49:38,265 - INFO - 调用LLM泛化query：智能向右驶出
2026-03-10 15:49:39,857 - INFO - LLM泛化成功，生成1个变体
2026-03-10 15:49:39,858 - INFO -   已生成 2/20：麻烦智能往右开出去吧。...
2026-03-10 15:49:39,858 - INFO - 调用LLM泛化query：自动向左前方驶出
2026-03-10 15:49:41,587 - INFO - LLM泛化成功，生成1个变体
2026-03-10 15:49:41,587 - INFO -   已生成 3/20：麻烦自动往左前方开出去吧...
2026-03-10 15:49:41,587 - INFO - 调用LLM泛化query：帮我把车向右前方开出来
2026-03-10 15:49:43,160 - INFO - LLM泛化成功，生成1个变体
2026-03-10 15:49:43,160 - INFO -   已生成 4/20：麻烦把车往右前方开出来吧，我赶时间了...
2026-03-10 15:49:43,161 - INFO - 调用LLM泛化query：把车向左前方开出来
2026-03-10 15:49:45,001 - INFO - LLM泛化成功，生成1个变体
2026-03-10 15:49:45,002 - INFO -   已生成 5/20：麻烦把车往左前面开出来吧，我要走了（礼貌型，带背景）...
2026-03-10 15:49:45,002 - INFO - 调用LLM泛化query：继续向左前方自动驶出
2026-03-10 15:49:47,621 - INFO - LLM泛化成功，生成1个变体
2026-03-10 15:49:47,621 - INFO -   已生成 6/20：往左前方继续自动驶出去吧...
2026-03-10 15:49:47,621 - INFO - 调用LLM泛化query：继续往左把车开出来
2026-03-10 15:49:49,351 - INFO - LLM泛化成功，生成1个变体
2026-03-10 15:49:49,351 - INFO -   已生成 7/20：再往左开一点，把车挪出来吧...
2026-03-10 15:49:49,351 - INFO - 调用LLM泛化query：将车辆向左驶出
2026-03-10 15:49:49,352 - INFO - LLM泛化成功，生成1个变体
2026-03-10 15:49:49,352 - INFO -   已生成 8/20：往左开出去吧，我这边要走了（随意型，带原因）...
2026-03-10 15:49:49,352 - INFO - 调用LLM泛化query：智能向右驶出
2026-03-10 15:49:49,352 - INFO - LLM泛化成功，生成1个变体
2026-03-10 15:49:49,352 - INFO -   已生成 9/20：麻烦智能往右开出去吧。...
2026-03-10 15:49:49,353 - INFO - 调用LLM泛化query：自动向左前方驶出
2026-03-10 15:49:49,353 - INFO - LLM泛化成功，生成1个变体
2026-03-10 15:49:49,353 - INFO -   已生成 10/20：麻烦自动往左前方开出去吧...
2026-03-10 15:49:49,353 - INFO - 调用LLM泛化query：帮我把车向右前方开出来
2026-03-10 15:49:49,353 - INFO - LLM泛化成功，生成1个变体
2026-03-10 15:49:49,353 - INFO -   已生成 11/20：麻烦把车往右前方开出来吧，我赶时间了...
2026-03-10 15:49:49,353 - INFO - 调用LLM泛化query：把车向左前方开出来
2026-03-10 15:49:49,354 - INFO - LLM泛化成功，生成1个变体
2026-03-10 15:49:49,354 - INFO -   已生成 12/20：麻烦把车往左前面开出来吧，我要走了（礼貌型，带背景）...
2026-03-10 15:49:49,354 - INFO - 调用LLM泛化query：继续向左前方自动驶出
2026-03-10 15:49:49,354 - INFO - LLM泛化成功，生成1个变体
2026-03-10 15:49:49,354 - INFO -   已生成 13/20：往左前方继续自动驶出去吧...
2026-03-10 15:49:49,354 - INFO - 调用LLM泛化query：继续往左把车开出来
2026-03-10 15:49:49,354 - INFO - LLM泛化成功，生成1个变体
2026-03-10 15:49:49,355 - INFO -   已生成 14/20：再往左开一点，把车挪出来吧...
2026-03-10 15:49:49,355 - INFO - 调用LLM泛化query：将车辆向左驶出
2026-03-10 15:49:49,355 - INFO - LLM泛化成功，生成1个变体
2026-03-10 15:49:49,355 - INFO -   已生成 15/20：往左开出去吧，我这边要走了（随意型，带原因）...
2026-03-10 15:49:49,355 - INFO - 调用LLM泛化query：智能向右驶出
2026-03-10 15:49:49,355 - INFO - LLM泛化成功，生成1个变体
2026-03-10 15:49:49,355 - INFO -   已生成 16/20：麻烦智能往右开出去吧。...
2026-03-10 15:49:49,355 - INFO - 调用LLM泛化query：自动向左前方驶出
2026-03-10 15:49:49,356 - INFO - LLM泛化成功，生成1个变体
2026-03-10 15:49:49,356 - INFO -   已生成 17/20：麻烦自动往左前方开出去吧...
2026-03-10 15:49:49,356 - INFO - 调用LLM泛化query：帮我把车向右前方开出来
2026-03-10 15:49:49,356 - INFO - LLM泛化成功，生成1个变体
2026-03-10 15:49:49,356 - INFO -   已生成 18/20：麻烦把车往右前方开出来吧，我赶时间了...
2026-03-10 15:49:49,356 - INFO - 调用LLM泛化query：把车向左前方开出来
2026-03-10 15:49:49,356 - INFO - LLM泛化成功，生成1个变体
2026-03-10 15:49:49,356 - INFO -   已生成 19/20：麻烦把车往左前面开出来吧，我要走了（礼貌型，带背景）...
2026-03-10 15:49:49,356 - INFO - 调用LLM泛化query：继续向左前方自动驶出
2026-03-10 15:49:49,356 - INFO - LLM泛化成功，生成1个变体
2026-03-10 15:49:49,357 - INFO -   已生成 20/20：往左前方继续自动驶出去吧...
2026-03-10 15:49:49,357 - INFO - ID组 48 完成：基于7个原始query，新生成20个泛化query
2026-03-10 15:49:49,357 - INFO - 正在处理ID组 49/111：ID=45
2026-03-10 15:49:49,357 - INFO - 该ID组有2个原始query
2026-03-10 15:49:49,357 - INFO - 对应function：{"name":"vla_control", "arguments":{"action":"park...
2026-03-10 15:49:49,357 - INFO - 该ID组需要新生成：20个泛化query（比例1:20）
2026-03-10 15:49:49,357 - INFO - 调用LLM泛化query：智能向左泊出
2026-03-10 15:49:50,793 - INFO - LLM泛化成功，生成1个变体
2026-03-10 15:49:50,794 - INFO -   已生成 1/20：麻烦智能往左泊出一下吧，我得赶紧走了（着急型，带原因）...
2026-03-10 15:49:50,794 - INFO - 调用LLM泛化query：自动向右泊出
2026-03-10 15:49:52,339 - INFO - LLM泛化成功，生成1个变体
2026-03-10 15:49:52,339 - INFO -   已生成 2/20：麻烦自动往右泊出去吧...
2026-03-10 15:49:52,339 - INFO - 调用LLM泛化query：智能向左泊出
2026-03-10 15:49:52,339 - INFO - LLM泛化成功，生成1个变体
2026-03-10 15:49:52,339 - INFO -   已生成 3/20：麻烦智能往左泊出一下吧，我得赶紧走了（着急型，带原因）...
2026-03-10 15:49:52,340 - INFO - 调用LLM泛化query：自动向右泊出
2026-03-10 15:49:52,340 - INFO - LLM泛化成功，生成1个变体
2026-03-10 15:49:52,340 - INFO -   已生成 4/20：麻烦自动往右泊出去吧...
2026-03-10 15:49:52,340 - INFO - 调用LLM泛化query：智能向左泊出
2026-03-10 15:49:52,340 - INFO - LLM泛化成功，生成1个变体
2026-03-10 15:49:52,340 - INFO -   已生成 5/20：麻烦智能往左泊出一下吧，我得赶紧走了（着急型，带原因）...
2026-03-10 15:49:52,341 - INFO - 调用LLM泛化query：自动向右泊出
2026-03-10 15:49:52,341 - INFO - LLM泛化成功，生成1个变体
2026-03-10 15:49:52,341 - INFO -   已生成 6/20：麻烦自动往右泊出去吧...
2026-03-10 15:49:52,341 - INFO - 调用LLM泛化query：智能向左泊出
2026-03-10 15:49:52,341 - INFO - LLM泛化成功，生成1个变体
2026-03-10 15:49:52,341 - INFO -   已生成 7/20：麻烦智能往左泊出一下吧，我得赶紧走了（着急型，带原因）...
2026-03-10 15:49:52,342 - INFO - 调用LLM泛化query：自动向右泊出
2026-03-10 15:49:52,342 - INFO - LLM泛化成功，生成1个变体
2026-03-10 15:49:52,342 - INFO -   已生成 8/20：麻烦自动往右泊出去吧...
2026-03-10 15:49:52,342 - INFO - 调用LLM泛化query：智能向左泊出
2026-03-10 15:49:52,342 - INFO - LLM泛化成功，生成1个变体
2026-03-10 15:49:52,342 - INFO -   已生成 9/20：麻烦智能往左泊出一下吧，我得赶紧走了（着急型，带原因）...
2026-03-10 15:49:52,342 - INFO - 调用LLM泛化query：自动向右泊出
2026-03-10 15:49:52,342 - INFO - LLM泛化成功，生成1个变体
2026-03-10 15:49:52,343 - INFO -   已生成 10/20：麻烦自动往右泊出去吧...
2026-03-10 15:49:52,343 - INFO - 调用LLM泛化query：智能向左泊出
2026-03-10 15:49:52,343 - INFO - LLM泛化成功，生成1个变体
2026-03-10 15:49:52,343 - INFO -   已生成 11/20：麻烦智能往左泊出一下吧，我得赶紧走了（着急型，带原因）...
2026-03-10 15:49:52,343 - INFO - 调用LLM泛化query：自动向右泊出
2026-03-10 15:49:52,343 - INFO - LLM泛化成功，生成1个变体
2026-03-10 15:49:52,343 - INFO -   已生成 12/20：麻烦自动往右泊出去吧...
2026-03-10 15:49:52,343 - INFO - 调用LLM泛化query：智能向左泊出
2026-03-10 15:49:52,344 - INFO - LLM泛化成功，生成1个变体
2026-03-10 15:49:52,344 - INFO -   已生成 13/20：麻烦智能往左泊出一下吧，我得赶紧走了（着急型，带原因）...
2026-03-10 15:49:52,344 - INFO - 调用LLM泛化query：自动向右泊出
2026-03-10 15:49:52,344 - INFO - LLM泛化成功，生成1个变体
2026-03-10 15:49:52,344 - INFO -   已生成 14/20：麻烦自动往右泊出去吧...
2026-03-10 15:49:52,344 - INFO - 调用LLM泛化query：智能向左泊出
2026-03-10 15:49:52,344 - INFO - LLM泛化成功，生成1个变体
2026-03-10 15:49:52,344 - INFO -   已生成 15/20：麻烦智能往左泊出一下吧，我得赶紧走了（着急型，带原因）...
2026-03-10 15:49:52,344 - INFO - 调用LLM泛化query：自动向右泊出
2026-03-10 15:49:52,344 - INFO - LLM泛化成功，生成1个变体
2026-03-10 15:49:52,345 - INFO -   已生成 16/20：麻烦自动往右泊出去吧...
2026-03-10 15:49:52,345 - INFO - 调用LLM泛化query：智能向左泊出
2026-03-10 15:49:52,345 - INFO - LLM泛化成功，生成1个变体
2026-03-10 15:49:52,345 - INFO -   已生成 17/20：麻烦智能往左泊出一下吧，我得赶紧走了（着急型，带原因）...
2026-03-10 15:49:52,345 - INFO - 调用LLM泛化query：自动向右泊出
2026-03-10 15:49:52,345 - INFO - LLM泛化成功，生成1个变体
2026-03-10 15:49:52,345 - INFO -   已生成 18/20：麻烦自动往右泊出去吧...
2026-03-10 15:49:52,345 - INFO - 调用LLM泛化query：智能向左泊出
2026-03-10 15:49:52,345 - INFO - LLM泛化成功，生成1个变体
2026-03-10 15:49:52,345 - INFO -   已生成 19/20：麻烦智能往左泊出一下吧，我得赶紧走了（着急型，带原因）...
2026-03-10 15:49:52,346 - INFO - 调用LLM泛化query：自动向右泊出
2026-03-10 15:49:52,346 - INFO - LLM泛化成功，生成1个变体
2026-03-10 15:49:52,346 - INFO -   已生成 20/20：麻烦自动往右泊出去吧...
2026-03-10 15:49:52,346 - INFO - ID组 49 完成：基于2个原始query，新生成20个泛化query
2026-03-10 15:49:52,346 - INFO - 正在处理ID组 50/111：ID=46
2026-03-10 15:49:52,346 - INFO - 该ID组有3个原始query
2026-03-10 15:49:52,346 - INFO - 对应function：{"name":"vla_control", "arguments":{"action":"navi...
2026-03-10 15:49:52,346 - INFO - 该ID组需要新生成：20个泛化query（比例1:20）
2026-03-10 15:49:52,346 - INFO - 调用LLM泛化query：向左前驶出车位
2026-03-10 15:49:54,739 - INFO - LLM泛化成功，生成1个变体
2026-03-10 15:49:54,740 - INFO -   已生成 1/20：稍微往左前开出车位吧...
2026-03-10 15:49:54,740 - INFO - 调用LLM泛化query：把车向右开出车位
2026-03-10 15:49:56,601 - INFO - LLM泛化成功，生成1个变体
2026-03-10 15:49:56,601 - INFO -   已生成 2/20：往右边把车开出来吧，我要走了（随意型，带原因）...
2026-03-10 15:49:56,601 - INFO - 调用LLM泛化query：从车位里往左前方开出来
2026-03-10 15:49:58,287 - INFO - LLM泛化成功，生成1个变体
2026-03-10 15:49:58,287 - INFO -   已生成 3/20：麻烦从车位里往左前面开一下，我要走了（礼貌型，带原因）...
2026-03-10 15:49:58,287 - INFO - 调用LLM泛化query：向左前驶出车位
2026-03-10 15:49:58,287 - INFO - LLM泛化成功，生成1个变体
2026-03-10 15:49:58,287 - INFO -   已生成 4/20：稍微往左前开出车位吧...
2026-03-10 15:49:58,288 - INFO - 调用LLM泛化query：把车向右开出车位
2026-03-10 15:49:58,288 - INFO - LLM泛化成功，生成1个变体
2026-03-10 15:49:58,288 - INFO -   已生成 5/20：往右边把车开出来吧，我要走了（随意型，带原因）...
2026-03-10 15:49:58,288 - INFO - 调用LLM泛化query：从车位里往左前方开出来
2026-03-10 15:49:58,288 - INFO - LLM泛化成功，生成1个变体
2026-03-10 15:49:58,288 - INFO -   已生成 6/20：麻烦从车位里往左前面开一下，我要走了（礼貌型，带原因）...
2026-03-10 15:49:58,288 - INFO - 调用LLM泛化query：向左前驶出车位
2026-03-10 15:49:58,289 - INFO - LLM泛化成功，生成1个变体
2026-03-10 15:49:58,289 - INFO -   已生成 7/20：稍微往左前开出车位吧...
2026-03-10 15:49:58,289 - INFO - 调用LLM泛化query：把车向右开出车位
2026-03-10 15:49:58,289 - INFO - LLM泛化成功，生成1个变体
2026-03-10 15:49:58,289 - INFO -   已生成 8/20：往右边把车开出来吧，我要走了（随意型，带原因）...
2026-03-10 15:49:58,289 - INFO - 调用LLM泛化query：从车位里往左前方开出来
2026-03-10 15:49:58,289 - INFO - LLM泛化成功，生成1个变体
2026-03-10 15:49:58,289 - INFO -   已生成 9/20：麻烦从车位里往左前面开一下，我要走了（礼貌型，带原因）...
2026-03-10 15:49:58,289 - INFO - 调用LLM泛化query：向左前驶出车位
2026-03-10 15:49:58,290 - INFO - LLM泛化成功，生成1个变体
2026-03-10 15:49:58,290 - INFO -   已生成 10/20：稍微往左前开出车位吧...
2026-03-10 15:49:58,290 - INFO - 调用LLM泛化query：把车向右开出车位
2026-03-10 15:49:58,290 - INFO - LLM泛化成功，生成1个变体
2026-03-10 15:49:58,290 - INFO -   已生成 11/20：往右边把车开出来吧，我要走了（随意型，带原因）...
2026-03-10 15:49:58,290 - INFO - 调用LLM泛化query：从车位里往左前方开出来
2026-03-10 15:49:58,290 - INFO - LLM泛化成功，生成1个变体
2026-03-10 15:49:58,290 - INFO -   已生成 12/20：麻烦从车位里往左前面开一下，我要走了（礼貌型，带原因）...
2026-03-10 15:49:58,291 - INFO - 调用LLM泛化query：向左前驶出车位
2026-03-10 15:49:58,291 - INFO - LLM泛化成功，生成1个变体
2026-03-10 15:49:58,291 - INFO -   已生成 13/20：稍微往左前开出车位吧...
2026-03-10 15:49:58,291 - INFO - 调用LLM泛化query：把车向右开出车位
2026-03-10 15:49:58,291 - INFO - LLM泛化成功，生成1个变体
2026-03-10 15:49:58,291 - INFO -   已生成 14/20：往右边把车开出来吧，我要走了（随意型，带原因）...
2026-03-10 15:49:58,291 - INFO - 调用LLM泛化query：从车位里往左前方开出来
2026-03-10 15:49:58,291 - INFO - LLM泛化成功，生成1个变体
2026-03-10 15:49:58,291 - INFO -   已生成 15/20：麻烦从车位里往左前面开一下，我要走了（礼貌型，带原因）...
2026-03-10 15:49:58,291 - INFO - 调用LLM泛化query：向左前驶出车位
2026-03-10 15:49:58,291 - INFO - LLM泛化成功，生成1个变体
2026-03-10 15:49:58,291 - INFO -   已生成 16/20：稍微往左前开出车位吧...
2026-03-10 15:49:58,292 - INFO - 调用LLM泛化query：把车向右开出车位
2026-03-10 15:49:58,292 - INFO - LLM泛化成功，生成1个变体
2026-03-10 15:49:58,292 - INFO -   已生成 17/20：往右边把车开出来吧，我要走了（随意型，带原因）...
2026-03-10 15:49:58,292 - INFO - 调用LLM泛化query：从车位里往左前方开出来
2026-03-10 15:49:58,292 - INFO - LLM泛化成功，生成1个变体
2026-03-10 15:49:58,292 - INFO -   已生成 18/20：麻烦从车位里往左前面开一下，我要走了（礼貌型，带原因）...
2026-03-10 15:49:58,292 - INFO - 调用LLM泛化query：向左前驶出车位
2026-03-10 15:49:58,292 - INFO - LLM泛化成功，生成1个变体
2026-03-10 15:49:58,292 - INFO -   已生成 19/20：稍微往左前开出车位吧...
2026-03-10 15:49:58,292 - INFO - 调用LLM泛化query：把车向右开出车位
2026-03-10 15:49:58,292 - INFO - LLM泛化成功，生成1个变体
2026-03-10 15:49:58,292 - INFO -   已生成 20/20：往右边把车开出来吧，我要走了（随意型，带原因）...
2026-03-10 15:49:58,292 - INFO - ID组 50 完成：基于3个原始query，新生成20个泛化query
2026-03-10 15:49:58,293 - INFO - 正在处理ID组 51/111：ID=112
2026-03-10 15:49:58,293 - INFO - 该ID组有4个原始query
2026-03-10 15:49:58,293 - INFO - 对应function：{"name":"vla_control", "arguments":{"action":"park...
2026-03-10 15:49:58,293 - INFO - 该ID组需要新生成：20个泛化query（比例1:20）
2026-03-10 15:49:58,293 - INFO - 调用LLM泛化query：往右泊出车位
2026-03-10 15:50:00,192 - INFO - LLM泛化成功，生成1个变体
2026-03-10 15:50:00,193 - INFO -   已生成 1/20：麻烦往右边泊出车位吧，我赶时间了。...
2026-03-10 15:50:00,193 - INFO - 调用LLM泛化query：往左前方泊出停车位
2026-03-10 15:50:02,026 - INFO - LLM泛化成功，生成1个变体
2026-03-10 15:50:02,026 - INFO -   已生成 2/20：稍微往左前方泊出停车位吧，我着急出去。...
2026-03-10 15:50:02,027 - INFO - 调用LLM泛化query：往左帮我泊出车位
2026-03-10 15:50:03,511 - INFO - LLM泛化成功，生成1个变体
2026-03-10 15:50:03,512 - INFO -   已生成 3/20：往左稍微泊出车位吧，我这边有点急...
2026-03-10 15:50:03,512 - INFO - 调用LLM泛化query：从车位向右泊出
2026-03-10 15:50:05,299 - INFO - LLM泛化成功，生成1个变体
2026-03-10 15:50:05,299 - INFO -   已生成 4/20：麻烦从车位往右边泊出去吧...
2026-03-10 15:50:05,300 - INFO - 调用LLM泛化query：往右泊出车位
2026-03-10 15:50:05,300 - INFO - LLM泛化成功，生成1个变体
2026-03-10 15:50:05,300 - INFO -   已生成 5/20：麻烦往右边泊出车位吧，我赶时间了。...
2026-03-10 15:50:05,300 - INFO - 调用LLM泛化query：往左前方泊出停车位
2026-03-10 15:50:05,300 - INFO - LLM泛化成功，生成1个变体
2026-03-10 15:50:05,301 - INFO -   已生成 6/20：稍微往左前方泊出停车位吧，我着急出去。...
2026-03-10 15:50:05,301 - INFO - 调用LLM泛化query：往左帮我泊出车位
2026-03-10 15:50:05,301 - INFO - LLM泛化成功，生成1个变体
2026-03-10 15:50:05,301 - INFO -   已生成 7/20：往左稍微泊出车位吧，我这边有点急...
2026-03-10 15:50:05,301 - INFO - 调用LLM泛化query：从车位向右泊出
2026-03-10 15:50:05,301 - INFO - LLM泛化成功，生成1个变体
2026-03-10 15:50:05,302 - INFO -   已生成 8/20：麻烦从车位往右边泊出去吧...
2026-03-10 15:50:05,302 - INFO - 调用LLM泛化query：往右泊出车位
2026-03-10 15:50:05,302 - INFO - LLM泛化成功，生成1个变体
2026-03-10 15:50:05,302 - INFO -   已生成 9/20：麻烦往右边泊出车位吧，我赶时间了。...
2026-03-10 15:50:05,302 - INFO - 调用LLM泛化query：往左前方泊出停车位
2026-03-10 15:50:05,302 - INFO - LLM泛化成功，生成1个变体
2026-03-10 15:50:05,302 - INFO -   已生成 10/20：稍微往左前方泊出停车位吧，我着急出去。...
2026-03-10 15:50:05,302 - INFO - 调用LLM泛化query：往左帮我泊出车位
2026-03-10 15:50:05,303 - INFO - LLM泛化成功，生成1个变体
2026-03-10 15:50:05,303 - INFO -   已生成 11/20：往左稍微泊出车位吧，我这边有点急...
2026-03-10 15:50:05,303 - INFO - 调用LLM泛化query：从车位向右泊出
2026-03-10 15:50:05,303 - INFO - LLM泛化成功，生成1个变体
2026-03-10 15:50:05,303 - INFO -   已生成 12/20：麻烦从车位往右边泊出去吧...
2026-03-10 15:50:05,303 - INFO - 调用LLM泛化query：往右泊出车位
2026-03-10 15:50:05,303 - INFO - LLM泛化成功，生成1个变体
2026-03-10 15:50:05,303 - INFO -   已生成 13/20：麻烦往右边泊出车位吧，我赶时间了。...
2026-03-10 15:50:05,304 - INFO - 调用LLM泛化query：往左前方泊出停车位
2026-03-10 15:50:05,304 - INFO - LLM泛化成功，生成1个变体
2026-03-10 15:50:05,304 - INFO -   已生成 14/20：稍微往左前方泊出停车位吧，我着急出去。...
2026-03-10 15:50:05,304 - INFO - 调用LLM泛化query：往左帮我泊出车位
2026-03-10 15:50:05,304 - INFO - LLM泛化成功，生成1个变体
2026-03-10 15:50:05,304 - INFO -   已生成 15/20：往左稍微泊出车位吧，我这边有点急...
2026-03-10 15:50:05,304 - INFO - 调用LLM泛化query：从车位向右泊出
2026-03-10 15:50:05,304 - INFO - LLM泛化成功，生成1个变体
2026-03-10 15:50:05,304 - INFO -   已生成 16/20：麻烦从车位往右边泊出去吧...
2026-03-10 15:50:05,305 - INFO - 调用LLM泛化query：往右泊出车位
2026-03-10 15:50:05,305 - INFO - LLM泛化成功，生成1个变体
2026-03-10 15:50:05,305 - INFO -   已生成 17/20：麻烦往右边泊出车位吧，我赶时间了。...
2026-03-10 15:50:05,305 - INFO - 调用LLM泛化query：往左前方泊出停车位
2026-03-10 15:50:05,305 - INFO - LLM泛化成功，生成1个变体
2026-03-10 15:50:05,305 - INFO -   已生成 18/20：稍微往左前方泊出停车位吧，我着急出去。...
2026-03-10 15:50:05,305 - INFO - 调用LLM泛化query：往左帮我泊出车位
2026-03-10 15:50:05,305 - INFO - LLM泛化成功，生成1个变体
2026-03-10 15:50:05,305 - INFO -   已生成 19/20：往左稍微泊出车位吧，我这边有点急...
2026-03-10 15:50:05,306 - INFO - 调用LLM泛化query：从车位向右泊出
2026-03-10 15:50:05,306 - INFO - LLM泛化成功，生成1个变体
2026-03-10 15:50:05,306 - INFO -   已生成 20/20：麻烦从车位往右边泊出去吧...
2026-03-10 15:50:05,306 - INFO - ID组 51 完成：基于4个原始query，新生成20个泛化query
2026-03-10 15:50:05,306 - INFO - 正在处理ID组 52/111：ID=47
2026-03-10 15:50:05,306 - INFO - 该ID组有5个原始query
2026-03-10 15:50:05,306 - INFO - 对应function：{"name":"vla_control", "arguments":{"action":"canc...
2026-03-10 15:50:05,306 - INFO - 该ID组需要新生成：20个泛化query（比例1:20）
2026-03-10 15:50:05,306 - INFO - 调用LLM泛化query：暂停将车辆驶出
2026-03-10 15:50:06,995 - INFO - LLM泛化成功，生成1个变体
2026-03-10 15:50:06,995 - INFO -   已生成 1/20：先别把车开出去，暂停一下吧...
2026-03-10 15:50:06,995 - INFO - 调用LLM泛化query：暂停智能驶出
2026-03-10 15:50:08,529 - INFO - LLM泛化成功，生成1个变体
2026-03-10 15:50:08,530 - INFO -   已生成 2/20：麻烦先暂停一下智能驶出吧（礼貌型，带语气词）...
2026-03-10 15:50:08,530 - INFO - 调用LLM泛化query：自动驶出停一下
2026-03-10 15:50:09,806 - INFO - LLM泛化成功，生成1个变体
2026-03-10 15:50:09,806 - INFO -   已生成 3/20：帮我自动驶出，停一下吧（礼貌型，带语气词）...
2026-03-10 15:50:09,807 - INFO - 调用LLM泛化query：自动驶出先暂停
2026-03-10 15:50:11,864 - INFO - LLM泛化成功，生成1个变体
2026-03-10 15:50:11,865 - INFO -   已生成 4/20：先暂停一下自动驶出吧，我等下再用（随意型，带语气词和情境）。...
2026-03-10 15:50:11,865 - INFO - 调用LLM泛化query：把车开出来暂停
2026-03-10 15:50:13,393 - INFO - LLM泛化成功，生成1个变体
2026-03-10 15:50:13,394 - INFO -   已生成 5/20：麻烦把车开出来先停一下吧...
2026-03-10 15:50:13,394 - INFO - 调用LLM泛化query：暂停将车辆驶出
2026-03-10 15:50:13,394 - INFO - LLM泛化成功，生成1个变体
2026-03-10 15:50:13,394 - INFO -   已生成 6/20：先别把车开出去，暂停一下吧...
2026-03-10 15:50:13,394 - INFO - 调用LLM泛化query：暂停智能驶出
2026-03-10 15:50:13,394 - INFO - LLM泛化成功，生成1个变体
2026-03-10 15:50:13,394 - INFO -   已生成 7/20：麻烦先暂停一下智能驶出吧（礼貌型，带语气词）...
2026-03-10 15:50:13,395 - INFO - 调用LLM泛化query：自动驶出停一下
2026-03-10 15:50:13,395 - INFO - LLM泛化成功，生成1个变体
2026-03-10 15:50:13,395 - INFO -   已生成 8/20：帮我自动驶出，停一下吧（礼貌型，带语气词）...
2026-03-10 15:50:13,395 - INFO - 调用LLM泛化query：自动驶出先暂停
2026-03-10 15:50:13,395 - INFO - LLM泛化成功，生成1个变体
2026-03-10 15:50:13,395 - INFO -   已生成 9/20：先暂停一下自动驶出吧，我等下再用（随意型，带语气词和情境）。...
2026-03-10 15:50:13,395 - INFO - 调用LLM泛化query：把车开出来暂停
2026-03-10 15:50:13,395 - INFO - LLM泛化成功，生成1个变体
2026-03-10 15:50:13,395 - INFO -   已生成 10/20：麻烦把车开出来先停一下吧...
2026-03-10 15:50:13,395 - INFO - 调用LLM泛化query：暂停将车辆驶出
2026-03-10 15:50:13,396 - INFO - LLM泛化成功，生成1个变体
2026-03-10 15:50:13,396 - INFO -   已生成 11/20：先别把车开出去，暂停一下吧...
2026-03-10 15:50:13,396 - INFO - 调用LLM泛化query：暂停智能驶出
2026-03-10 15:50:13,396 - INFO - LLM泛化成功，生成1个变体
2026-03-10 15:50:13,396 - INFO -   已生成 12/20：麻烦先暂停一下智能驶出吧（礼貌型，带语气词）...
2026-03-10 15:50:13,396 - INFO - 调用LLM泛化query：自动驶出停一下
2026-03-10 15:50:13,396 - INFO - LLM泛化成功，生成1个变体
2026-03-10 15:50:13,396 - INFO -   已生成 13/20：帮我自动驶出，停一下吧（礼貌型，带语气词）...
2026-03-10 15:50:13,396 - INFO - 调用LLM泛化query：自动驶出先暂停
2026-03-10 15:50:13,396 - INFO - LLM泛化成功，生成1个变体
2026-03-10 15:50:13,397 - INFO -   已生成 14/20：先暂停一下自动驶出吧，我等下再用（随意型，带语气词和情境）。...
2026-03-10 15:50:13,397 - INFO - 调用LLM泛化query：把车开出来暂停
2026-03-10 15:50:13,397 - INFO - LLM泛化成功，生成1个变体
2026-03-10 15:50:13,397 - INFO -   已生成 15/20：麻烦把车开出来先停一下吧...
2026-03-10 15:50:13,397 - INFO - 调用LLM泛化query：暂停将车辆驶出
2026-03-10 15:50:13,397 - INFO - LLM泛化成功，生成1个变体
2026-03-10 15:50:13,397 - INFO -   已生成 16/20：先别把车开出去，暂停一下吧...
2026-03-10 15:50:13,397 - INFO - 调用LLM泛化query：暂停智能驶出
2026-03-10 15:50:13,397 - INFO - LLM泛化成功，生成1个变体
2026-03-10 15:50:13,397 - INFO -   已生成 17/20：麻烦先暂停一下智能驶出吧（礼貌型，带语气词）...
2026-03-10 15:50:13,398 - INFO - 调用LLM泛化query：自动驶出停一下
2026-03-10 15:50:13,398 - INFO - LLM泛化成功，生成1个变体
2026-03-10 15:50:13,398 - INFO -   已生成 18/20：帮我自动驶出，停一下吧（礼貌型，带语气词）...
2026-03-10 15:50:13,398 - INFO - 调用LLM泛化query：自动驶出先暂停
2026-03-10 15:50:13,398 - INFO - LLM泛化成功，生成1个变体
2026-03-10 15:50:13,398 - INFO -   已生成 19/20：先暂停一下自动驶出吧，我等下再用（随意型，带语气词和情境）。...
2026-03-10 15:50:13,398 - INFO - 调用LLM泛化query：把车开出来暂停
2026-03-10 15:50:13,398 - INFO - LLM泛化成功，生成1个变体
2026-03-10 15:50:13,398 - INFO -   已生成 20/20：麻烦把车开出来先停一下吧...
2026-03-10 15:50:13,398 - INFO - ID组 52 完成：基于5个原始query，新生成20个泛化query
2026-03-10 15:50:13,398 - INFO - 正在处理ID组 53/111：ID=48
2026-03-10 15:50:13,398 - INFO - 该ID组有3个原始query
2026-03-10 15:50:13,398 - INFO - 对应function：{"name":"vla_control", "arguments":{"action":"paus...
2026-03-10 15:50:13,398 - INFO - 该ID组需要新生成：20个泛化query（比例1:20）
2026-03-10 15:50:13,398 - INFO - 调用LLM泛化query：暂停智能泊出
2026-03-10 15:50:14,582 - INFO - LLM泛化成功，生成1个变体
2026-03-10 15:50:14,583 - INFO -   已生成 1/20：先暂停一下智能泊出吧...
2026-03-10 15:50:14,583 - INFO - 调用LLM泛化query：暂停自动泊出
2026-03-10 15:50:16,013 - INFO - LLM泛化成功，生成1个变体
2026-03-10 15:50:16,013 - INFO -   已生成 2/20：停一下自动泊出吧...
2026-03-10 15:50:16,013 - INFO - 调用LLM泛化query：停止泊出
2026-03-10 15:50:19,399 - INFO - LLM泛化成功，生成1个变体
2026-03-10 15:50:19,399 - INFO -   已生成 3/20：先别泊出了，停一下吧（带原因+语气词）...
2026-03-10 15:50:19,399 - INFO - 调用LLM泛化query：暂停智能泊出
2026-03-10 15:50:19,399 - INFO - LLM泛化成功，生成1个变体
2026-03-10 15:50:19,399 - INFO -   已生成 4/20：先暂停一下智能泊出吧...
2026-03-10 15:50:19,399 - INFO - 调用LLM泛化query：暂停自动泊出
2026-03-10 15:50:19,399 - INFO - LLM泛化成功，生成1个变体
2026-03-10 15:50:19,399 - INFO -   已生成 5/20：停一下自动泊出吧...
2026-03-10 15:50:19,399 - INFO - 调用LLM泛化query：停止泊出
2026-03-10 15:50:19,400 - INFO - LLM泛化成功，生成1个变体
2026-03-10 15:50:19,400 - INFO -   已生成 6/20：先别泊出了，停一下吧（带原因+语气词）...
2026-03-10 15:50:19,400 - INFO - 调用LLM泛化query：暂停智能泊出
2026-03-10 15:50:19,400 - INFO - LLM泛化成功，生成1个变体
2026-03-10 15:50:19,400 - INFO -   已生成 7/20：先暂停一下智能泊出吧...
2026-03-10 15:50:19,400 - INFO - 调用LLM泛化query：暂停自动泊出
2026-03-10 15:50:19,400 - INFO - LLM泛化成功，生成1个变体
2026-03-10 15:50:19,400 - INFO -   已生成 8/20：停一下自动泊出吧...
2026-03-10 15:50:19,400 - INFO - 调用LLM泛化query：停止泊出
2026-03-10 15:50:19,400 - INFO - LLM泛化成功，生成1个变体
2026-03-10 15:50:19,400 - INFO -   已生成 9/20：先别泊出了，停一下吧（带原因+语气词）...
2026-03-10 15:50:19,400 - INFO - 调用LLM泛化query：暂停智能泊出
2026-03-10 15:50:19,400 - INFO - LLM泛化成功，生成1个变体
2026-03-10 15:50:19,400 - INFO -   已生成 10/20：先暂停一下智能泊出吧...
2026-03-10 15:50:19,400 - INFO - 调用LLM泛化query：暂停自动泊出
2026-03-10 15:50:19,400 - INFO - LLM泛化成功，生成1个变体
2026-03-10 15:50:19,400 - INFO -   已生成 11/20：停一下自动泊出吧...
2026-03-10 15:50:19,400 - INFO - 调用LLM泛化query：停止泊出
2026-03-10 15:50:19,400 - INFO - LLM泛化成功，生成1个变体
2026-03-10 15:50:19,400 - INFO -   已生成 12/20：先别泊出了，停一下吧（带原因+语气词）...
2026-03-10 15:50:19,400 - INFO - 调用LLM泛化query：暂停智能泊出
2026-03-10 15:50:19,400 - INFO - LLM泛化成功，生成1个变体
2026-03-10 15:50:19,400 - INFO -   已生成 13/20：先暂停一下智能泊出吧...
2026-03-10 15:50:19,400 - INFO - 调用LLM泛化query：暂停自动泊出
2026-03-10 15:50:19,400 - INFO - LLM泛化成功，生成1个变体
2026-03-10 15:50:19,400 - INFO -   已生成 14/20：停一下自动泊出吧...
2026-03-10 15:50:19,400 - INFO - 调用LLM泛化query：停止泊出
2026-03-10 15:50:19,400 - INFO - LLM泛化成功，生成1个变体
2026-03-10 15:50:19,400 - INFO -   已生成 15/20：先别泊出了，停一下吧（带原因+语气词）...
2026-03-10 15:50:19,400 - INFO - 调用LLM泛化query：暂停智能泊出
2026-03-10 15:50:19,400 - INFO - LLM泛化成功，生成1个变体
2026-03-10 15:50:19,400 - INFO -   已生成 16/20：先暂停一下智能泊出吧...
2026-03-10 15:50:19,400 - INFO - 调用LLM泛化query：暂停自动泊出
2026-03-10 15:50:19,400 - INFO - LLM泛化成功，生成1个变体
2026-03-10 15:50:19,400 - INFO -   已生成 17/20：停一下自动泊出吧...
2026-03-10 15:50:19,400 - INFO - 调用LLM泛化query：停止泊出
2026-03-10 15:50:19,400 - INFO - LLM泛化成功，生成1个变体
2026-03-10 15:50:19,400 - INFO -   已生成 18/20：先别泊出了，停一下吧（带原因+语气词）...
2026-03-10 15:50:19,400 - INFO - 调用LLM泛化query：暂停智能泊出
2026-03-10 15:50:19,400 - INFO - LLM泛化成功，生成1个变体
2026-03-10 15:50:19,401 - INFO -   已生成 19/20：先暂停一下智能泊出吧...
2026-03-10 15:50:19,401 - INFO - 调用LLM泛化query：暂停自动泊出
2026-03-10 15:50:19,401 - INFO - LLM泛化成功，生成1个变体
2026-03-10 15:50:19,401 - INFO -   已生成 20/20：停一下自动泊出吧...
2026-03-10 15:50:19,401 - INFO - ID组 53 完成：基于3个原始query，新生成20个泛化query
2026-03-10 15:50:19,401 - INFO - 正在处理ID组 54/111：ID=49
2026-03-10 15:50:19,401 - INFO - 该ID组有3个原始query
2026-03-10 15:50:19,401 - INFO - 对应function：{"name":"vla_control", "arguments":{"action":"canc...
2026-03-10 15:50:19,401 - INFO - 该ID组需要新生成：20个泛化query（比例1:20）
2026-03-10 15:50:19,401 - INFO - 调用LLM泛化query：停止驶出车位
2026-03-10 15:50:21,521 - INFO - LLM泛化成功，生成1个变体
2026-03-10 15:50:21,521 - INFO -   已生成 1/20：别驶出车位了，停一下吧。...
2026-03-10 15:50:21,521 - INFO - 调用LLM泛化query：暂停把车开出车位
2026-03-10 15:50:22,917 - INFO - LLM泛化成功，生成1个变体
2026-03-10 15:50:22,918 - INFO -   已生成 2/20：麻烦先暂停一下，把车开出车位吧（礼貌型，语气词）...
2026-03-10 15:50:22,919 - INFO - 调用LLM泛化query：从车位里开出来暂停
2026-03-10 15:50:25,852 - INFO - LLM泛化成功，生成1个变体
2026-03-10 15:50:25,852 - INFO -   已生成 3/20：帮我把车从车位里开出来先停一下吧...
2026-03-10 15:50:25,852 - INFO - 调用LLM泛化query：停止驶出车位
2026-03-10 15:50:25,852 - INFO - LLM泛化成功，生成1个变体
2026-03-10 15:50:25,852 - INFO -   已生成 4/20：别驶出车位了，停一下吧。...
2026-03-10 15:50:25,852 - INFO - 调用LLM泛化query：暂停把车开出车位
2026-03-10 15:50:25,852 - INFO - LLM泛化成功，生成1个变体
2026-03-10 15:50:25,852 - INFO -   已生成 5/20：麻烦先暂停一下，把车开出车位吧（礼貌型，语气词）...
2026-03-10 15:50:25,852 - INFO - 调用LLM泛化query：从车位里开出来暂停
2026-03-10 15:50:25,852 - INFO - LLM泛化成功，生成1个变体
2026-03-10 15:50:25,852 - INFO -   已生成 6/20：帮我把车从车位里开出来先停一下吧...
2026-03-10 15:50:25,852 - INFO - 调用LLM泛化query：停止驶出车位
2026-03-10 15:50:25,852 - INFO - LLM泛化成功，生成1个变体
2026-03-10 15:50:25,852 - INFO -   已生成 7/20：别驶出车位了，停一下吧。...
2026-03-10 15:50:25,852 - INFO - 调用LLM泛化query：暂停把车开出车位
2026-03-10 15:50:25,852 - INFO - LLM泛化成功，生成1个变体
2026-03-10 15:50:25,853 - INFO -   已生成 8/20：麻烦先暂停一下，把车开出车位吧（礼貌型，语气词）...
2026-03-10 15:50:25,853 - INFO - 调用LLM泛化query：从车位里开出来暂停
2026-03-10 15:50:25,853 - INFO - LLM泛化成功，生成1个变体
2026-03-10 15:50:25,853 - INFO -   已生成 9/20：帮我把车从车位里开出来先停一下吧...
2026-03-10 15:50:25,853 - INFO - 调用LLM泛化query：停止驶出车位
2026-03-10 15:50:25,853 - INFO - LLM泛化成功，生成1个变体
2026-03-10 15:50:25,853 - INFO -   已生成 10/20：别驶出车位了，停一下吧。...
2026-03-10 15:50:25,853 - INFO - 调用LLM泛化query：暂停把车开出车位
2026-03-10 15:50:25,853 - INFO - LLM泛化成功，生成1个变体
2026-03-10 15:50:25,853 - INFO -   已生成 11/20：麻烦先暂停一下，把车开出车位吧（礼貌型，语气词）...
2026-03-10 15:50:25,853 - INFO - 调用LLM泛化query：从车位里开出来暂停
2026-03-10 15:50:25,853 - INFO - LLM泛化成功，生成1个变体
2026-03-10 15:50:25,853 - INFO -   已生成 12/20：帮我把车从车位里开出来先停一下吧...
2026-03-10 15:50:25,853 - INFO - 调用LLM泛化query：停止驶出车位
2026-03-10 15:50:25,853 - INFO - LLM泛化成功，生成1个变体
2026-03-10 15:50:25,853 - INFO -   已生成 13/20：别驶出车位了，停一下吧。...
2026-03-10 15:50:25,853 - INFO - 调用LLM泛化query：暂停把车开出车位
2026-03-10 15:50:25,853 - INFO - LLM泛化成功，生成1个变体
2026-03-10 15:50:25,853 - INFO -   已生成 14/20：麻烦先暂停一下，把车开出车位吧（礼貌型，语气词）...
2026-03-10 15:50:25,853 - INFO - 调用LLM泛化query：从车位里开出来暂停
2026-03-10 15:50:25,853 - INFO - LLM泛化成功，生成1个变体
2026-03-10 15:50:25,853 - INFO -   已生成 15/20：帮我把车从车位里开出来先停一下吧...
2026-03-10 15:50:25,853 - INFO - 调用LLM泛化query：停止驶出车位
2026-03-10 15:50:25,853 - INFO - LLM泛化成功，生成1个变体
2026-03-10 15:50:25,853 - INFO -   已生成 16/20：别驶出车位了，停一下吧。...
2026-03-10 15:50:25,853 - INFO - 调用LLM泛化query：暂停把车开出车位
2026-03-10 15:50:25,853 - INFO - LLM泛化成功，生成1个变体
2026-03-10 15:50:25,853 - INFO -   已生成 17/20：麻烦先暂停一下，把车开出车位吧（礼貌型，语气词）...
2026-03-10 15:50:25,853 - INFO - 调用LLM泛化query：从车位里开出来暂停
2026-03-10 15:50:25,853 - INFO - LLM泛化成功，生成1个变体
2026-03-10 15:50:25,853 - INFO -   已生成 18/20：帮我把车从车位里开出来先停一下吧...
2026-03-10 15:50:25,853 - INFO - 调用LLM泛化query：停止驶出车位
2026-03-10 15:50:25,853 - INFO - LLM泛化成功，生成1个变体
2026-03-10 15:50:25,853 - INFO -   已生成 19/20：别驶出车位了，停一下吧。...
2026-03-10 15:50:25,853 - INFO - 调用LLM泛化query：暂停把车开出车位
2026-03-10 15:50:25,853 - INFO - LLM泛化成功，生成1个变体
2026-03-10 15:50:25,853 - INFO -   已生成 20/20：麻烦先暂停一下，把车开出车位吧（礼貌型，语气词）...
2026-03-10 15:50:25,853 - INFO - ID组 54 完成：基于3个原始query，新生成20个泛化query
2026-03-10 15:50:25,854 - INFO - 正在处理ID组 55/111：ID=50
2026-03-10 15:50:25,854 - INFO - 该ID组有3个原始query
2026-03-10 15:50:25,854 - INFO - 对应function：{"name":"vla_control", "arguments":{"action":"paus...
2026-03-10 15:50:25,854 - INFO - 该ID组需要新生成：20个泛化query（比例1:20）
2026-03-10 15:50:25,854 - INFO - 调用LLM泛化query：暂停泊出车位
2026-03-10 15:50:27,098 - INFO - LLM泛化成功，生成1个变体
2026-03-10 15:50:27,099 - INFO -   已生成 1/20：先别泊出车位了。...
2026-03-10 15:50:27,099 - INFO - 调用LLM泛化query：泊出停车位暂停
2026-03-10 15:50:29,326 - INFO - LLM泛化成功，生成1个变体
2026-03-10 15:50:29,326 - INFO -   已生成 2/20：帮我泊出车位暂停一下吧（礼貌型+语气词）...
2026-03-10 15:50:29,326 - INFO - 调用LLM泛化query：从车位泊出停止
2026-03-10 15:50:30,853 - INFO - LLM泛化成功，生成1个变体
2026-03-10 15:50:30,853 - INFO -   已生成 3/20：帮我从车位泊出来，停在这边吧...
2026-03-10 15:50:30,853 - INFO - 调用LLM泛化query：暂停泊出车位
2026-03-10 15:50:30,853 - INFO - LLM泛化成功，生成1个变体
2026-03-10 15:50:30,853 - INFO -   已生成 4/20：先别泊出车位了。...
2026-03-10 15:50:30,853 - INFO - 调用LLM泛化query：泊出停车位暂停
2026-03-10 15:50:30,853 - INFO - LLM泛化成功，生成1个变体
2026-03-10 15:50:30,853 - INFO -   已生成 5/20：帮我泊出车位暂停一下吧（礼貌型+语气词）...
2026-03-10 15:50:30,853 - INFO - 调用LLM泛化query：从车位泊出停止
2026-03-10 15:50:30,853 - INFO - LLM泛化成功，生成1个变体
2026-03-10 15:50:30,853 - INFO -   已生成 6/20：帮我从车位泊出来，停在这边吧...
2026-03-10 15:50:30,853 - INFO - 调用LLM泛化query：暂停泊出车位
2026-03-10 15:50:30,853 - INFO - LLM泛化成功，生成1个变体
2026-03-10 15:50:30,853 - INFO -   已生成 7/20：先别泊出车位了。...
2026-03-10 15:50:30,853 - INFO - 调用LLM泛化query：泊出停车位暂停
2026-03-10 15:50:30,853 - INFO - LLM泛化成功，生成1个变体
2026-03-10 15:50:30,853 - INFO -   已生成 8/20：帮我泊出车位暂停一下吧（礼貌型+语气词）...
2026-03-10 15:50:30,853 - INFO - 调用LLM泛化query：从车位泊出停止
2026-03-10 15:50:30,853 - INFO - LLM泛化成功，生成1个变体
2026-03-10 15:50:30,853 - INFO -   已生成 9/20：帮我从车位泊出来，停在这边吧...
2026-03-10 15:50:30,853 - INFO - 调用LLM泛化query：暂停泊出车位
2026-03-10 15:50:30,853 - INFO - LLM泛化成功，生成1个变体
2026-03-10 15:50:30,853 - INFO -   已生成 10/20：先别泊出车位了。...
2026-03-10 15:50:30,853 - INFO - 调用LLM泛化query：泊出停车位暂停
2026-03-10 15:50:30,853 - INFO - LLM泛化成功，生成1个变体
2026-03-10 15:50:30,853 - INFO -   已生成 11/20：帮我泊出车位暂停一下吧（礼貌型+语气词）...
2026-03-10 15:50:30,853 - INFO - 调用LLM泛化query：从车位泊出停止
2026-03-10 15:50:30,853 - INFO - LLM泛化成功，生成1个变体
2026-03-10 15:50:30,853 - INFO -   已生成 12/20：帮我从车位泊出来，停在这边吧...
2026-03-10 15:50:30,854 - INFO - 调用LLM泛化query：暂停泊出车位
2026-03-10 15:50:30,854 - INFO - LLM泛化成功，生成1个变体
2026-03-10 15:50:30,854 - INFO -   已生成 13/20：先别泊出车位了。...
2026-03-10 15:50:30,854 - INFO - 调用LLM泛化query：泊出停车位暂停
2026-03-10 15:50:30,854 - INFO - LLM泛化成功，生成1个变体
2026-03-10 15:50:30,854 - INFO -   已生成 14/20：帮我泊出车位暂停一下吧（礼貌型+语气词）...
2026-03-10 15:50:30,854 - INFO - 调用LLM泛化query：从车位泊出停止
2026-03-10 15:50:30,854 - INFO - LLM泛化成功，生成1个变体
2026-03-10 15:50:30,854 - INFO -   已生成 15/20：帮我从车位泊出来，停在这边吧...
2026-03-10 15:50:30,854 - INFO - 调用LLM泛化query：暂停泊出车位
2026-03-10 15:50:30,854 - INFO - LLM泛化成功，生成1个变体
2026-03-10 15:50:30,854 - INFO -   已生成 16/20：先别泊出车位了。...
2026-03-10 15:50:30,854 - INFO - 调用LLM泛化query：泊出停车位暂停
2026-03-10 15:50:30,854 - INFO - LLM泛化成功，生成1个变体
2026-03-10 15:50:30,854 - INFO -   已生成 17/20：帮我泊出车位暂停一下吧（礼貌型+语气词）...
2026-03-10 15:50:30,854 - INFO - 调用LLM泛化query：从车位泊出停止
2026-03-10 15:50:30,854 - INFO - LLM泛化成功，生成1个变体
2026-03-10 15:50:30,854 - INFO -   已生成 18/20：帮我从车位泊出来，停在这边吧...
2026-03-10 15:50:30,854 - INFO - 调用LLM泛化query：暂停泊出车位
2026-03-10 15:50:30,854 - INFO - LLM泛化成功，生成1个变体
2026-03-10 15:50:30,854 - INFO -   已生成 19/20：先别泊出车位了。...
2026-03-10 15:50:30,854 - INFO - 调用LLM泛化query：泊出停车位暂停
2026-03-10 15:50:30,854 - INFO - LLM泛化成功，生成1个变体
2026-03-10 15:50:30,854 - INFO -   已生成 20/20：帮我泊出车位暂停一下吧（礼貌型+语气词）...
2026-03-10 15:50:30,854 - INFO - ID组 55 完成：基于3个原始query，新生成20个泛化query
2026-03-10 15:50:30,854 - INFO - 正在处理ID组 56/111：ID=51
2026-03-10 15:50:30,854 - INFO - 该ID组有7个原始query
2026-03-10 15:50:30,854 - INFO - 对应function：{"name":"vla_control", "arguments":{"action":"canc...
2026-03-10 15:50:30,854 - INFO - 该ID组需要新生成：20个泛化query（比例1:20）
2026-03-10 15:50:30,854 - INFO - 调用LLM泛化query：取消将车辆驶出
2026-03-10 15:50:33,147 - INFO - LLM泛化成功，生成1个变体
2026-03-10 15:50:33,147 - INFO -   已生成 1/20：不用把车开出来了，取消吧。...
2026-03-10 15:50:33,148 - INFO - 调用LLM泛化query：取消智能驶出
2026-03-10 15:50:34,761 - INFO - LLM泛化成功，生成1个变体
2026-03-10 15:50:34,762 - INFO -   已生成 2/20：智能驶出不用了，帮我取消吧（随意型，带语气词）...
2026-03-10 15:50:34,762 - INFO - 调用LLM泛化query：退出自动驶出
2026-03-10 15:50:36,312 - INFO - LLM泛化成功，生成1个变体
2026-03-10 15:50:36,313 - INFO -   已生成 3/20：麻烦退出一下自动驶出吧，我要自己开...
2026-03-10 15:50:36,313 - INFO - 调用LLM泛化query：不用帮我把车开出来
2026-03-10 15:50:38,298 - INFO - LLM泛化成功，生成1个变体
2026-03-10 15:50:38,298 - INFO -   已生成 4/20：不用了，我自己开车出来吧。...
2026-03-10 15:50:38,298 - INFO - 调用LLM泛化query：别把车开出来了
2026-03-10 15:50:39,584 - INFO - LLM泛化成功，生成1个变体
2026-03-10 15:50:39,584 - INFO -   已生成 5/20：先别把车开出来...
2026-03-10 15:50:39,584 - INFO - 调用LLM泛化query：取消自动驶出
2026-03-10 15:50:42,032 - INFO - LLM泛化成功，生成1个变体
2026-03-10 15:50:42,033 - INFO -   已生成 6/20：自动驶出先别开了，我暂时不需要...
2026-03-10 15:50:42,033 - INFO - 调用LLM泛化query：把车开出来取消
2026-03-10 15:50:43,540 - INFO - LLM泛化成功，生成1个变体
2026-03-10 15:50:43,540 - INFO -   已生成 7/20：麻烦把车开出来吧，我要走了...
2026-03-10 15:50:43,540 - INFO - 调用LLM泛化query：取消将车辆驶出
2026-03-10 15:50:43,540 - INFO - LLM泛化成功，生成1个变体
2026-03-10 15:50:43,540 - INFO -   已生成 8/20：不用把车开出来了，取消吧。...
2026-03-10 15:50:43,540 - INFO - 调用LLM泛化query：取消智能驶出
2026-03-10 15:50:43,540 - INFO - LLM泛化成功，生成1个变体
2026-03-10 15:50:43,540 - INFO -   已生成 9/20：智能驶出不用了，帮我取消吧（随意型，带语气词）...
2026-03-10 15:50:43,540 - INFO - 调用LLM泛化query：退出自动驶出
2026-03-10 15:50:43,540 - INFO - LLM泛化成功，生成1个变体
2026-03-10 15:50:43,540 - INFO -   已生成 10/20：麻烦退出一下自动驶出吧，我要自己开...
2026-03-10 15:50:43,540 - INFO - 调用LLM泛化query：不用帮我把车开出来
2026-03-10 15:50:43,540 - INFO - LLM泛化成功，生成1个变体
2026-03-10 15:50:43,540 - INFO -   已生成 11/20：不用了，我自己开车出来吧。...
2026-03-10 15:50:43,540 - INFO - 调用LLM泛化query：别把车开出来了
2026-03-10 15:50:43,540 - INFO - LLM泛化成功，生成1个变体
2026-03-10 15:50:43,540 - INFO -   已生成 12/20：先别把车开出来...
2026-03-10 15:50:43,540 - INFO - 调用LLM泛化query：取消自动驶出
2026-03-10 15:50:43,540 - INFO - LLM泛化成功，生成1个变体
2026-03-10 15:50:43,540 - INFO -   已生成 13/20：自动驶出先别开了，我暂时不需要...
2026-03-10 15:50:43,540 - INFO - 调用LLM泛化query：把车开出来取消
2026-03-10 15:50:43,540 - INFO - LLM泛化成功，生成1个变体
2026-03-10 15:50:43,541 - INFO -   已生成 14/20：麻烦把车开出来吧，我要走了...
2026-03-10 15:50:43,541 - INFO - 调用LLM泛化query：取消将车辆驶出
2026-03-10 15:50:43,541 - INFO - LLM泛化成功，生成1个变体
2026-03-10 15:50:43,541 - INFO -   已生成 15/20：不用把车开出来了，取消吧。...
2026-03-10 15:50:43,541 - INFO - 调用LLM泛化query：取消智能驶出
2026-03-10 15:50:43,541 - INFO - LLM泛化成功，生成1个变体
2026-03-10 15:50:43,541 - INFO -   已生成 16/20：智能驶出不用了，帮我取消吧（随意型，带语气词）...
2026-03-10 15:50:43,541 - INFO - 调用LLM泛化query：退出自动驶出
2026-03-10 15:50:43,541 - INFO - LLM泛化成功，生成1个变体
2026-03-10 15:50:43,541 - INFO -   已生成 17/20：麻烦退出一下自动驶出吧，我要自己开...
2026-03-10 15:50:43,541 - INFO - 调用LLM泛化query：不用帮我把车开出来
2026-03-10 15:50:43,541 - INFO - LLM泛化成功，生成1个变体
2026-03-10 15:50:43,541 - INFO -   已生成 18/20：不用了，我自己开车出来吧。...
2026-03-10 15:50:43,541 - INFO - 调用LLM泛化query：别把车开出来了
2026-03-10 15:50:43,541 - INFO - LLM泛化成功，生成1个变体
2026-03-10 15:50:43,541 - INFO -   已生成 19/20：先别把车开出来...
2026-03-10 15:50:43,541 - INFO - 调用LLM泛化query：取消自动驶出
2026-03-10 15:50:43,541 - INFO - LLM泛化成功，生成1个变体
2026-03-10 15:50:43,541 - INFO -   已生成 20/20：自动驶出先别开了，我暂时不需要...
2026-03-10 15:50:43,541 - INFO - ID组 56 完成：基于7个原始query，新生成20个泛化query
2026-03-10 15:50:43,541 - INFO - 正在处理ID组 57/111：ID=52
2026-03-10 15:50:43,541 - INFO - 该ID组有3个原始query
2026-03-10 15:50:43,541 - INFO - 对应function：{"name":"vla_control", "arguments":{"action":"canc...
2026-03-10 15:50:43,541 - INFO - 该ID组需要新生成：20个泛化query（比例1:20）
2026-03-10 15:50:43,541 - INFO - 调用LLM泛化query：取消智能泊出
2026-03-10 15:50:45,878 - INFO - LLM泛化成功，生成1个变体
2026-03-10 15:50:45,878 - INFO -   已生成 1/20：麻烦帮我把智能泊出取消了吧...
2026-03-10 15:50:45,879 - INFO - 调用LLM泛化query：退出自动泊出
2026-03-10 15:50:47,483 - INFO - LLM泛化成功，生成1个变体
2026-03-10 15:50:47,483 - INFO -   已生成 2/20：麻烦帮我退出自动泊出吧，我想自己倒车出去（礼貌型，带原因）...
2026-03-10 15:50:47,484 - INFO - 调用LLM泛化query：退出泊出
2026-03-10 15:50:49,098 - INFO - LLM泛化成功，生成1个变体
2026-03-10 15:50:49,098 - INFO -   已生成 3/20：麻烦帮我退出泊出吧，我赶着去开会呢。...
2026-03-10 15:50:49,098 - INFO - 调用LLM泛化query：取消智能泊出
2026-03-10 15:50:49,098 - INFO - LLM泛化成功，生成1个变体
2026-03-10 15:50:49,099 - INFO -   已生成 4/20：麻烦帮我把智能泊出取消了吧...
2026-03-10 15:50:49,099 - INFO - 调用LLM泛化query：退出自动泊出
2026-03-10 15:50:49,099 - INFO - LLM泛化成功，生成1个变体
2026-03-10 15:50:49,099 - INFO -   已生成 5/20：麻烦帮我退出自动泊出吧，我想自己倒车出去（礼貌型，带原因）...
2026-03-10 15:50:49,099 - INFO - 调用LLM泛化query：退出泊出
2026-03-10 15:50:49,099 - INFO - LLM泛化成功，生成1个变体
2026-03-10 15:50:49,099 - INFO -   已生成 6/20：麻烦帮我退出泊出吧，我赶着去开会呢。...
2026-03-10 15:50:49,099 - INFO - 调用LLM泛化query：取消智能泊出
2026-03-10 15:50:49,099 - INFO - LLM泛化成功，生成1个变体
2026-03-10 15:50:49,099 - INFO -   已生成 7/20：麻烦帮我把智能泊出取消了吧...
2026-03-10 15:50:49,099 - INFO - 调用LLM泛化query：退出自动泊出
2026-03-10 15:50:49,099 - INFO - LLM泛化成功，生成1个变体
2026-03-10 15:50:49,099 - INFO -   已生成 8/20：麻烦帮我退出自动泊出吧，我想自己倒车出去（礼貌型，带原因）...
2026-03-10 15:50:49,099 - INFO - 调用LLM泛化query：退出泊出
2026-03-10 15:50:49,099 - INFO - LLM泛化成功，生成1个变体
2026-03-10 15:50:49,099 - INFO -   已生成 9/20：麻烦帮我退出泊出吧，我赶着去开会呢。...
2026-03-10 15:50:49,099 - INFO - 调用LLM泛化query：取消智能泊出
2026-03-10 15:50:49,099 - INFO - LLM泛化成功，生成1个变体
2026-03-10 15:50:49,099 - INFO -   已生成 10/20：麻烦帮我把智能泊出取消了吧...
2026-03-10 15:50:49,099 - INFO - 调用LLM泛化query：退出自动泊出
2026-03-10 15:50:49,099 - INFO - LLM泛化成功，生成1个变体
2026-03-10 15:50:49,099 - INFO -   已生成 11/20：麻烦帮我退出自动泊出吧，我想自己倒车出去（礼貌型，带原因）...
2026-03-10 15:50:49,099 - INFO - 调用LLM泛化query：退出泊出
2026-03-10 15:50:49,099 - INFO - LLM泛化成功，生成1个变体
2026-03-10 15:50:49,099 - INFO -   已生成 12/20：麻烦帮我退出泊出吧，我赶着去开会呢。...
2026-03-10 15:50:49,099 - INFO - 调用LLM泛化query：取消智能泊出
2026-03-10 15:50:49,099 - INFO - LLM泛化成功，生成1个变体
2026-03-10 15:50:49,099 - INFO -   已生成 13/20：麻烦帮我把智能泊出取消了吧...
2026-03-10 15:50:49,099 - INFO - 调用LLM泛化query：退出自动泊出
2026-03-10 15:50:49,099 - INFO - LLM泛化成功，生成1个变体
2026-03-10 15:50:49,099 - INFO -   已生成 14/20：麻烦帮我退出自动泊出吧，我想自己倒车出去（礼貌型，带原因）...
2026-03-10 15:50:49,099 - INFO - 调用LLM泛化query：退出泊出
2026-03-10 15:50:49,099 - INFO - LLM泛化成功，生成1个变体
2026-03-10 15:50:49,099 - INFO -   已生成 15/20：麻烦帮我退出泊出吧，我赶着去开会呢。...
2026-03-10 15:50:49,099 - INFO - 调用LLM泛化query：取消智能泊出
2026-03-10 15:50:49,099 - INFO - LLM泛化成功，生成1个变体
2026-03-10 15:50:49,100 - INFO -   已生成 16/20：麻烦帮我把智能泊出取消了吧...
2026-03-10 15:50:49,100 - INFO - 调用LLM泛化query：退出自动泊出
2026-03-10 15:50:49,100 - INFO - LLM泛化成功，生成1个变体
2026-03-10 15:50:49,100 - INFO -   已生成 17/20：麻烦帮我退出自动泊出吧，我想自己倒车出去（礼貌型，带原因）...
2026-03-10 15:50:49,100 - INFO - 调用LLM泛化query：退出泊出
2026-03-10 15:50:49,100 - INFO - LLM泛化成功，生成1个变体
2026-03-10 15:50:49,100 - INFO -   已生成 18/20：麻烦帮我退出泊出吧，我赶着去开会呢。...
2026-03-10 15:50:49,100 - INFO - 调用LLM泛化query：取消智能泊出
2026-03-10 15:50:49,100 - INFO - LLM泛化成功，生成1个变体
2026-03-10 15:50:49,100 - INFO -   已生成 19/20：麻烦帮我把智能泊出取消了吧...
2026-03-10 15:50:49,100 - INFO - 调用LLM泛化query：退出自动泊出
2026-03-10 15:50:49,100 - INFO - LLM泛化成功，生成1个变体
2026-03-10 15:50:49,100 - INFO -   已生成 20/20：麻烦帮我退出自动泊出吧，我想自己倒车出去（礼貌型，带原因）...
2026-03-10 15:50:49,100 - INFO - ID组 57 完成：基于3个原始query，新生成20个泛化query
2026-03-10 15:50:49,100 - INFO - 正在处理ID组 58/111：ID=53
2026-03-10 15:50:49,100 - INFO - 该ID组有3个原始query
2026-03-10 15:50:49,100 - INFO - 对应function：{"name":"vla_control", "arguments":{"action":"canc...
2026-03-10 15:50:49,100 - INFO - 该ID组需要新生成：20个泛化query（比例1:20）
2026-03-10 15:50:49,100 - INFO - 调用LLM泛化query：取消驶出车位
2026-03-10 15:50:51,304 - INFO - LLM泛化成功，生成1个变体
2026-03-10 15:50:51,305 - INFO -   已生成 1/20：别驶出车位了，取消一下吧...
2026-03-10 15:50:51,306 - INFO - 调用LLM泛化query：取消把车开出车位
2026-03-10 15:50:53,008 - INFO - LLM泛化成功，生成1个变体
2026-03-10 15:50:53,008 - INFO -   已生成 2/20：不用把车开出车位了。...
2026-03-10 15:50:53,008 - INFO - 调用LLM泛化query：退出从车位里开出来
2026-03-10 15:50:54,228 - INFO - LLM泛化成功，生成1个变体
2026-03-10 15:50:54,229 - INFO -   已生成 3/20：麻烦帮我从车位里开出来吧，我赶时间了。...
2026-03-10 15:50:54,229 - INFO - 调用LLM泛化query：取消驶出车位
2026-03-10 15:50:54,229 - INFO - LLM泛化成功，生成1个变体
2026-03-10 15:50:54,229 - INFO -   已生成 4/20：别驶出车位了，取消一下吧...
2026-03-10 15:50:54,229 - INFO - 调用LLM泛化query：取消把车开出车位
2026-03-10 15:50:54,229 - INFO - LLM泛化成功，生成1个变体
2026-03-10 15:50:54,229 - INFO -   已生成 5/20：不用把车开出车位了。...
2026-03-10 15:50:54,229 - INFO - 调用LLM泛化query：退出从车位里开出来
2026-03-10 15:50:54,230 - INFO - LLM泛化成功，生成1个变体
2026-03-10 15:50:54,230 - INFO -   已生成 6/20：麻烦帮我从车位里开出来吧，我赶时间了。...
2026-03-10 15:50:54,230 - INFO - 调用LLM泛化query：取消驶出车位
2026-03-10 15:50:54,230 - INFO - LLM泛化成功，生成1个变体
2026-03-10 15:50:54,230 - INFO -   已生成 7/20：别驶出车位了，取消一下吧...
2026-03-10 15:50:54,230 - INFO - 调用LLM泛化query：取消把车开出车位
2026-03-10 15:50:54,230 - INFO - LLM泛化成功，生成1个变体
2026-03-10 15:50:54,230 - INFO -   已生成 8/20：不用把车开出车位了。...
2026-03-10 15:50:54,230 - INFO - 调用LLM泛化query：退出从车位里开出来
2026-03-10 15:50:54,230 - INFO - LLM泛化成功，生成1个变体
2026-03-10 15:50:54,230 - INFO -   已生成 9/20：麻烦帮我从车位里开出来吧，我赶时间了。...
2026-03-10 15:50:54,230 - INFO - 调用LLM泛化query：取消驶出车位
2026-03-10 15:50:54,231 - INFO - LLM泛化成功，生成1个变体
2026-03-10 15:50:54,231 - INFO -   已生成 10/20：别驶出车位了，取消一下吧...
2026-03-10 15:50:54,231 - INFO - 调用LLM泛化query：取消把车开出车位
2026-03-10 15:50:54,231 - INFO - LLM泛化成功，生成1个变体
2026-03-10 15:50:54,231 - INFO -   已生成 11/20：不用把车开出车位了。...
2026-03-10 15:50:54,231 - INFO - 调用LLM泛化query：退出从车位里开出来
2026-03-10 15:50:54,231 - INFO - LLM泛化成功，生成1个变体
2026-03-10 15:50:54,231 - INFO -   已生成 12/20：麻烦帮我从车位里开出来吧，我赶时间了。...
2026-03-10 15:50:54,231 - INFO - 调用LLM泛化query：取消驶出车位
2026-03-10 15:50:54,232 - INFO - LLM泛化成功，生成1个变体
2026-03-10 15:50:54,232 - INFO -   已生成 13/20：别驶出车位了，取消一下吧...
2026-03-10 15:50:54,232 - INFO - 调用LLM泛化query：取消把车开出车位
2026-03-10 15:50:54,232 - INFO - LLM泛化成功，生成1个变体
2026-03-10 15:50:54,232 - INFO -   已生成 14/20：不用把车开出车位了。...
2026-03-10 15:50:54,232 - INFO - 调用LLM泛化query：退出从车位里开出来
2026-03-10 15:50:54,232 - INFO - LLM泛化成功，生成1个变体
2026-03-10 15:50:54,232 - INFO -   已生成 15/20：麻烦帮我从车位里开出来吧，我赶时间了。...
2026-03-10 15:50:54,232 - INFO - 调用LLM泛化query：取消驶出车位
2026-03-10 15:50:54,232 - INFO - LLM泛化成功，生成1个变体
2026-03-10 15:50:54,232 - INFO -   已生成 16/20：别驶出车位了，取消一下吧...
2026-03-10 15:50:54,232 - INFO - 调用LLM泛化query：取消把车开出车位
2026-03-10 15:50:54,232 - INFO - LLM泛化成功，生成1个变体
2026-03-10 15:50:54,232 - INFO -   已生成 17/20：不用把车开出车位了。...
2026-03-10 15:50:54,232 - INFO - 调用LLM泛化query：退出从车位里开出来
2026-03-10 15:50:54,232 - INFO - LLM泛化成功，生成1个变体
2026-03-10 15:50:54,232 - INFO -   已生成 18/20：麻烦帮我从车位里开出来吧，我赶时间了。...
2026-03-10 15:50:54,232 - INFO - 调用LLM泛化query：取消驶出车位
2026-03-10 15:50:54,232 - INFO - LLM泛化成功，生成1个变体
2026-03-10 15:50:54,232 - INFO -   已生成 19/20：别驶出车位了，取消一下吧...
2026-03-10 15:50:54,232 - INFO - 调用LLM泛化query：取消把车开出车位
2026-03-10 15:50:54,232 - INFO - LLM泛化成功，生成1个变体
2026-03-10 15:50:54,232 - INFO -   已生成 20/20：不用把车开出车位了。...
2026-03-10 15:50:54,232 - INFO - ID组 58 完成：基于3个原始query，新生成20个泛化query
2026-03-10 15:50:54,232 - INFO - 正在处理ID组 59/111：ID=54
2026-03-10 15:50:54,232 - INFO - 该ID组有4个原始query
2026-03-10 15:50:54,232 - INFO - 对应function：{"name":"vla_control", "arguments":{"action":"canc...
2026-03-10 15:50:54,232 - INFO - 该ID组需要新生成：20个泛化query（比例1:20）
2026-03-10 15:50:54,232 - INFO - 调用LLM泛化query：取消泊出车位
2026-03-10 15:50:55,730 - INFO - LLM泛化成功，生成1个变体
2026-03-10 15:50:55,731 - INFO -   已生成 1/20：算了，不泊出了，取消吧...
2026-03-10 15:50:55,731 - INFO - 调用LLM泛化query：退出泊出停车位
2026-03-10 15:50:57,304 - INFO - LLM泛化成功，生成1个变体
2026-03-10 15:50:57,304 - INFO -   已生成 2/20：麻烦帮我退出泊出车位吧，我赶时间了。...
2026-03-10 15:50:57,305 - INFO - 调用LLM泛化query：不需要帮我泊出车位了
2026-03-10 15:50:59,731 - INFO - LLM泛化成功，生成1个变体
2026-03-10 15:50:59,731 - INFO -   已生成 3/20：不用帮我泊出车位了，我自己开出去吧。...
2026-03-10 15:50:59,731 - INFO - 调用LLM泛化query：从车位泊出取消
2026-03-10 15:51:01,408 - INFO - LLM泛化成功，生成1个变体
2026-03-10 15:51:01,409 - INFO -   已生成 4/20：麻烦从车位泊出来吧，刚刚不需要了（礼貌型，带背景）...
2026-03-10 15:51:01,409 - INFO - 调用LLM泛化query：取消泊出车位
2026-03-10 15:51:01,410 - INFO - LLM泛化成功，生成1个变体
2026-03-10 15:51:01,410 - INFO -   已生成 5/20：算了，不泊出了，取消吧...
2026-03-10 15:51:01,410 - INFO - 调用LLM泛化query：退出泊出停车位
2026-03-10 15:51:01,410 - INFO - LLM泛化成功，生成1个变体
2026-03-10 15:51:01,410 - INFO -   已生成 6/20：麻烦帮我退出泊出车位吧，我赶时间了。...
2026-03-10 15:51:01,410 - INFO - 调用LLM泛化query：不需要帮我泊出车位了
2026-03-10 15:51:01,410 - INFO - LLM泛化成功，生成1个变体
2026-03-10 15:51:01,411 - INFO -   已生成 7/20：不用帮我泊出车位了，我自己开出去吧。...
2026-03-10 15:51:01,411 - INFO - 调用LLM泛化query：从车位泊出取消
2026-03-10 15:51:01,411 - INFO - LLM泛化成功，生成1个变体
2026-03-10 15:51:01,411 - INFO -   已生成 8/20：麻烦从车位泊出来吧，刚刚不需要了（礼貌型，带背景）...
2026-03-10 15:51:01,411 - INFO - 调用LLM泛化query：取消泊出车位
2026-03-10 15:51:01,411 - INFO - LLM泛化成功，生成1个变体
2026-03-10 15:51:01,411 - INFO -   已生成 9/20：算了，不泊出了，取消吧...
2026-03-10 15:51:01,412 - INFO - 调用LLM泛化query：退出泊出停车位
2026-03-10 15:51:01,412 - INFO - LLM泛化成功，生成1个变体
2026-03-10 15:51:01,412 - INFO -   已生成 10/20：麻烦帮我退出泊出车位吧，我赶时间了。...
2026-03-10 15:51:01,412 - INFO - 调用LLM泛化query：不需要帮我泊出车位了
2026-03-10 15:51:01,412 - INFO - LLM泛化成功，生成1个变体
2026-03-10 15:51:01,412 - INFO -   已生成 11/20：不用帮我泊出车位了，我自己开出去吧。...
2026-03-10 15:51:01,412 - INFO - 调用LLM泛化query：从车位泊出取消
2026-03-10 15:51:01,412 - INFO - LLM泛化成功，生成1个变体
2026-03-10 15:51:01,412 - INFO -   已生成 12/20：麻烦从车位泊出来吧，刚刚不需要了（礼貌型，带背景）...
2026-03-10 15:51:01,412 - INFO - 调用LLM泛化query：取消泊出车位
2026-03-10 15:51:01,413 - INFO - LLM泛化成功，生成1个变体
2026-03-10 15:51:01,413 - INFO -   已生成 13/20：算了，不泊出了，取消吧...
2026-03-10 15:51:01,413 - INFO - 调用LLM泛化query：退出泊出停车位
2026-03-10 15:51:01,413 - INFO - LLM泛化成功，生成1个变体
2026-03-10 15:51:01,413 - INFO -   已生成 14/20：麻烦帮我退出泊出车位吧，我赶时间了。...
2026-03-10 15:51:01,413 - INFO - 调用LLM泛化query：不需要帮我泊出车位了
2026-03-10 15:51:01,413 - INFO - LLM泛化成功，生成1个变体
2026-03-10 15:51:01,413 - INFO -   已生成 15/20：不用帮我泊出车位了，我自己开出去吧。...
2026-03-10 15:51:01,413 - INFO - 调用LLM泛化query：从车位泊出取消
2026-03-10 15:51:01,414 - INFO - LLM泛化成功，生成1个变体
2026-03-10 15:51:01,414 - INFO -   已生成 16/20：麻烦从车位泊出来吧，刚刚不需要了（礼貌型，带背景）...
2026-03-10 15:51:01,414 - INFO - 调用LLM泛化query：取消泊出车位
2026-03-10 15:51:01,414 - INFO - LLM泛化成功，生成1个变体
2026-03-10 15:51:01,414 - INFO -   已生成 17/20：算了，不泊出了，取消吧...
2026-03-10 15:51:01,414 - INFO - 调用LLM泛化query：退出泊出停车位
2026-03-10 15:51:01,414 - INFO - LLM泛化成功，生成1个变体
2026-03-10 15:51:01,414 - INFO -   已生成 18/20：麻烦帮我退出泊出车位吧，我赶时间了。...
2026-03-10 15:51:01,414 - INFO - 调用LLM泛化query：不需要帮我泊出车位了
2026-03-10 15:51:01,414 - INFO - LLM泛化成功，生成1个变体
2026-03-10 15:51:01,414 - INFO -   已生成 19/20：不用帮我泊出车位了，我自己开出去吧。...
2026-03-10 15:51:01,414 - INFO - 调用LLM泛化query：从车位泊出取消
2026-03-10 15:51:01,415 - INFO - LLM泛化成功，生成1个变体
2026-03-10 15:51:01,415 - INFO -   已生成 20/20：麻烦从车位泊出来吧，刚刚不需要了（礼貌型，带背景）...
2026-03-10 15:51:01,415 - INFO - ID组 59 完成：基于4个原始query，新生成20个泛化query
2026-03-10 15:51:01,415 - INFO - 正在处理ID组 60/111：ID=55
2026-03-10 15:51:01,415 - INFO - 该ID组有2个原始query
2026-03-10 15:51:01,415 - INFO - 对应function：{"name":"vla_control", "arguments":{"action":"canc...
2026-03-10 15:51:01,415 - INFO - 该ID组需要新生成：20个泛化query（比例1:20）
2026-03-10 15:51:01,415 - INFO - 调用LLM泛化query：暂停将车辆向左驶出 取消智能向右驶出 停止帮我把车向右前方开出来 取消把车向左前方开出来
2026-03-10 15:51:04,414 - INFO - LLM泛化成功，生成1个变体
2026-03-10 15:51:04,415 - INFO -   已生成 1/20：先暂停往左开的操作，取消刚才智能往右的动作，停一下，帮我把车...
2026-03-10 15:51:04,415 - INFO - 调用LLM泛化query：暂停往左把车开出来 暂停右驶出
2026-03-10 15:51:06,853 - INFO - LLM泛化成功，生成1个变体
2026-03-10 15:51:06,853 - INFO -   已生成 2/20：麻烦暂停一下，往左开出来，再往右开出去吧...
2026-03-10 15:51:06,854 - INFO - 调用LLM泛化query：暂停将车辆向左驶出 取消智能向右驶出 停止帮我把车向右前方开出来 取消把车向左前方开出来
2026-03-10 15:51:06,854 - INFO - LLM泛化成功，生成1个变体
2026-03-10 15:51:06,854 - INFO -   已生成 3/20：先暂停往左开的操作，取消刚才智能往右的动作，停一下，帮我把车...
2026-03-10 15:51:06,854 - INFO - 调用LLM泛化query：暂停往左把车开出来 暂停右驶出
2026-03-10 15:51:06,854 - INFO - LLM泛化成功，生成1个变体
2026-03-10 15:51:06,854 - INFO -   已生成 4/20：麻烦暂停一下，往左开出来，再往右开出去吧...
2026-03-10 15:51:06,855 - INFO - 调用LLM泛化query：暂停将车辆向左驶出 取消智能向右驶出 停止帮我把车向右前方开出来 取消把车向左前方开出来
2026-03-10 15:51:06,855 - INFO - LLM泛化成功，生成1个变体
2026-03-10 15:51:06,855 - INFO -   已生成 5/20：先暂停往左开的操作，取消刚才智能往右的动作，停一下，帮我把车...
2026-03-10 15:51:06,855 - INFO - 调用LLM泛化query：暂停往左把车开出来 暂停右驶出
2026-03-10 15:51:06,855 - INFO - LLM泛化成功，生成1个变体
2026-03-10 15:51:06,855 - INFO -   已生成 6/20：麻烦暂停一下，往左开出来，再往右开出去吧...
2026-03-10 15:51:06,856 - INFO - 调用LLM泛化query：暂停将车辆向左驶出 取消智能向右驶出 停止帮我把车向右前方开出来 取消把车向左前方开出来
2026-03-10 15:51:06,856 - INFO - LLM泛化成功，生成1个变体
2026-03-10 15:51:06,856 - INFO -   已生成 7/20：先暂停往左开的操作，取消刚才智能往右的动作，停一下，帮我把车...
2026-03-10 15:51:06,856 - INFO - 调用LLM泛化query：暂停往左把车开出来 暂停右驶出
2026-03-10 15:51:06,856 - INFO - LLM泛化成功，生成1个变体
2026-03-10 15:51:06,856 - INFO -   已生成 8/20：麻烦暂停一下，往左开出来，再往右开出去吧...
2026-03-10 15:51:06,856 - INFO - 调用LLM泛化query：暂停将车辆向左驶出 取消智能向右驶出 停止帮我把车向右前方开出来 取消把车向左前方开出来
2026-03-10 15:51:06,857 - INFO - LLM泛化成功，生成1个变体
2026-03-10 15:51:06,857 - INFO -   已生成 9/20：先暂停往左开的操作，取消刚才智能往右的动作，停一下，帮我把车...
2026-03-10 15:51:06,857 - INFO - 调用LLM泛化query：暂停往左把车开出来 暂停右驶出
2026-03-10 15:51:06,857 - INFO - LLM泛化成功，生成1个变体
2026-03-10 15:51:06,857 - INFO -   已生成 10/20：麻烦暂停一下，往左开出来，再往右开出去吧...
2026-03-10 15:51:06,857 - INFO - 调用LLM泛化query：暂停将车辆向左驶出 取消智能向右驶出 停止帮我把车向右前方开出来 取消把车向左前方开出来
2026-03-10 15:51:06,857 - INFO - LLM泛化成功，生成1个变体
2026-03-10 15:51:06,857 - INFO -   已生成 11/20：先暂停往左开的操作，取消刚才智能往右的动作，停一下，帮我把车...
2026-03-10 15:51:06,857 - INFO - 调用LLM泛化query：暂停往左把车开出来 暂停右驶出
2026-03-10 15:51:06,857 - INFO - LLM泛化成功，生成1个变体
2026-03-10 15:51:06,858 - INFO -   已生成 12/20：麻烦暂停一下，往左开出来，再往右开出去吧...
2026-03-10 15:51:06,858 - INFO - 调用LLM泛化query：暂停将车辆向左驶出 取消智能向右驶出 停止帮我把车向右前方开出来 取消把车向左前方开出来
2026-03-10 15:51:06,858 - INFO - LLM泛化成功，生成1个变体
2026-03-10 15:51:06,858 - INFO -   已生成 13/20：先暂停往左开的操作，取消刚才智能往右的动作，停一下，帮我把车...
2026-03-10 15:51:06,858 - INFO - 调用LLM泛化query：暂停往左把车开出来 暂停右驶出
2026-03-10 15:51:06,858 - INFO - LLM泛化成功，生成1个变体
2026-03-10 15:51:06,858 - INFO -   已生成 14/20：麻烦暂停一下，往左开出来，再往右开出去吧...
2026-03-10 15:51:06,858 - INFO - 调用LLM泛化query：暂停将车辆向左驶出 取消智能向右驶出 停止帮我把车向右前方开出来 取消把车向左前方开出来
2026-03-10 15:51:06,858 - INFO - LLM泛化成功，生成1个变体
2026-03-10 15:51:06,859 - INFO -   已生成 15/20：先暂停往左开的操作，取消刚才智能往右的动作，停一下，帮我把车...
2026-03-10 15:51:06,859 - INFO - 调用LLM泛化query：暂停往左把车开出来 暂停右驶出
2026-03-10 15:51:06,859 - INFO - LLM泛化成功，生成1个变体
2026-03-10 15:51:06,859 - INFO -   已生成 16/20：麻烦暂停一下，往左开出来，再往右开出去吧...
2026-03-10 15:51:06,859 - INFO - 调用LLM泛化query：暂停将车辆向左驶出 取消智能向右驶出 停止帮我把车向右前方开出来 取消把车向左前方开出来
2026-03-10 15:51:06,859 - INFO - LLM泛化成功，生成1个变体
2026-03-10 15:51:06,859 - INFO -   已生成 17/20：先暂停往左开的操作，取消刚才智能往右的动作，停一下，帮我把车...
2026-03-10 15:51:06,859 - INFO - 调用LLM泛化query：暂停往左把车开出来 暂停右驶出
2026-03-10 15:51:06,859 - INFO - LLM泛化成功，生成1个变体
2026-03-10 15:51:06,859 - INFO -   已生成 18/20：麻烦暂停一下，往左开出来，再往右开出去吧...
2026-03-10 15:51:06,859 - INFO - 调用LLM泛化query：暂停将车辆向左驶出 取消智能向右驶出 停止帮我把车向右前方开出来 取消把车向左前方开出来
2026-03-10 15:51:06,860 - INFO - LLM泛化成功，生成1个变体
2026-03-10 15:51:06,860 - INFO -   已生成 19/20：先暂停往左开的操作，取消刚才智能往右的动作，停一下，帮我把车...
2026-03-10 15:51:06,860 - INFO - 调用LLM泛化query：暂停往左把车开出来 暂停右驶出
2026-03-10 15:51:06,860 - INFO - LLM泛化成功，生成1个变体
2026-03-10 15:51:06,860 - INFO -   已生成 20/20：麻烦暂停一下，往左开出来，再往右开出去吧...
2026-03-10 15:51:06,860 - INFO - ID组 60 完成：基于2个原始query，新生成20个泛化query
2026-03-10 15:51:06,860 - INFO - 正在处理ID组 61/111：ID=56
2026-03-10 15:51:06,860 - INFO - 该ID组有3个原始query
2026-03-10 15:51:06,860 - INFO - 对应function：{"name":"vla_control", "arguments":{"action":"canc...
2026-03-10 15:51:06,860 - INFO - 该ID组需要新生成：20个泛化query（比例1:20）
2026-03-10 15:51:06,860 - INFO - 调用LLM泛化query：暂停智能向左泊出
2026-03-10 15:51:08,207 - INFO - LLM泛化成功，生成1个变体
2026-03-10 15:51:08,208 - INFO -   已生成 1/20：麻烦暂停一下智能向左泊出吧，我要看看周围情况。...
2026-03-10 15:51:08,208 - INFO - 调用LLM泛化query：暂停自动向右泊出
2026-03-10 15:51:10,007 - INFO - LLM泛化成功，生成1个变体
2026-03-10 15:51:10,008 - INFO -   已生成 2/20：麻烦暂停一下自动向右泊出吧。...
2026-03-10 15:51:10,008 - INFO - 调用LLM泛化query：暂停左泊出
2026-03-10 15:51:12,812 - INFO - LLM泛化成功，生成1个变体
2026-03-10 15:51:12,813 - INFO -   已生成 3/20：稍等，先暂停左泊出吧。...
2026-03-10 15:51:12,813 - INFO - 调用LLM泛化query：暂停智能向左泊出
2026-03-10 15:51:12,813 - INFO - LLM泛化成功，生成1个变体
2026-03-10 15:51:12,813 - INFO -   已生成 4/20：麻烦暂停一下智能向左泊出吧，我要看看周围情况。...
2026-03-10 15:51:12,813 - INFO - 调用LLM泛化query：暂停自动向右泊出
2026-03-10 15:51:12,813 - INFO - LLM泛化成功，生成1个变体
2026-03-10 15:51:12,814 - INFO -   已生成 5/20：麻烦暂停一下自动向右泊出吧。...
2026-03-10 15:51:12,814 - INFO - 调用LLM泛化query：暂停左泊出
2026-03-10 15:51:12,814 - INFO - LLM泛化成功，生成1个变体
2026-03-10 15:51:12,814 - INFO -   已生成 6/20：稍等，先暂停左泊出吧。...
2026-03-10 15:51:12,814 - INFO - 调用LLM泛化query：暂停智能向左泊出
2026-03-10 15:51:12,814 - INFO - LLM泛化成功，生成1个变体
2026-03-10 15:51:12,814 - INFO -   已生成 7/20：麻烦暂停一下智能向左泊出吧，我要看看周围情况。...
2026-03-10 15:51:12,814 - INFO - 调用LLM泛化query：暂停自动向右泊出
2026-03-10 15:51:12,815 - INFO - LLM泛化成功，生成1个变体
2026-03-10 15:51:12,815 - INFO -   已生成 8/20：麻烦暂停一下自动向右泊出吧。...
2026-03-10 15:51:12,815 - INFO - 调用LLM泛化query：暂停左泊出
2026-03-10 15:51:12,815 - INFO - LLM泛化成功，生成1个变体
2026-03-10 15:51:12,815 - INFO -   已生成 9/20：稍等，先暂停左泊出吧。...
2026-03-10 15:51:12,815 - INFO - 调用LLM泛化query：暂停智能向左泊出
2026-03-10 15:51:12,815 - INFO - LLM泛化成功，生成1个变体
2026-03-10 15:51:12,815 - INFO -   已生成 10/20：麻烦暂停一下智能向左泊出吧，我要看看周围情况。...
2026-03-10 15:51:12,816 - INFO - 调用LLM泛化query：暂停自动向右泊出
2026-03-10 15:51:12,816 - INFO - LLM泛化成功，生成1个变体
2026-03-10 15:51:12,816 - INFO -   已生成 11/20：麻烦暂停一下自动向右泊出吧。...
2026-03-10 15:51:12,816 - INFO - 调用LLM泛化query：暂停左泊出
2026-03-10 15:51:12,816 - INFO - LLM泛化成功，生成1个变体
2026-03-10 15:51:12,816 - INFO -   已生成 12/20：稍等，先暂停左泊出吧。...
2026-03-10 15:51:12,816 - INFO - 调用LLM泛化query：暂停智能向左泊出
2026-03-10 15:51:12,817 - INFO - LLM泛化成功，生成1个变体
2026-03-10 15:51:12,817 - INFO -   已生成 13/20：麻烦暂停一下智能向左泊出吧，我要看看周围情况。...
2026-03-10 15:51:12,817 - INFO - 调用LLM泛化query：暂停自动向右泊出
2026-03-10 15:51:12,817 - INFO - LLM泛化成功，生成1个变体
2026-03-10 15:51:12,817 - INFO -   已生成 14/20：麻烦暂停一下自动向右泊出吧。...
2026-03-10 15:51:12,817 - INFO - 调用LLM泛化query：暂停左泊出
2026-03-10 15:51:12,817 - INFO - LLM泛化成功，生成1个变体
2026-03-10 15:51:12,817 - INFO -   已生成 15/20：稍等，先暂停左泊出吧。...
2026-03-10 15:51:12,817 - INFO - 调用LLM泛化query：暂停智能向左泊出
2026-03-10 15:51:12,817 - INFO - LLM泛化成功，生成1个变体
2026-03-10 15:51:12,817 - INFO -   已生成 16/20：麻烦暂停一下智能向左泊出吧，我要看看周围情况。...
2026-03-10 15:51:12,817 - INFO - 调用LLM泛化query：暂停自动向右泊出
2026-03-10 15:51:12,818 - INFO - LLM泛化成功，生成1个变体
2026-03-10 15:51:12,818 - INFO -   已生成 17/20：麻烦暂停一下自动向右泊出吧。...
2026-03-10 15:51:12,818 - INFO - 调用LLM泛化query：暂停左泊出
2026-03-10 15:51:12,818 - INFO - LLM泛化成功，生成1个变体
2026-03-10 15:51:12,818 - INFO -   已生成 18/20：稍等，先暂停左泊出吧。...
2026-03-10 15:51:12,818 - INFO - 调用LLM泛化query：暂停智能向左泊出
2026-03-10 15:51:12,818 - INFO - LLM泛化成功，生成1个变体
2026-03-10 15:51:12,818 - INFO -   已生成 19/20：麻烦暂停一下智能向左泊出吧，我要看看周围情况。...
2026-03-10 15:51:12,818 - INFO - 调用LLM泛化query：暂停自动向右泊出
2026-03-10 15:51:12,818 - INFO - LLM泛化成功，生成1个变体
2026-03-10 15:51:12,818 - INFO -   已生成 20/20：麻烦暂停一下自动向右泊出吧。...
2026-03-10 15:51:12,818 - INFO - ID组 61 完成：基于3个原始query，新生成20个泛化query
2026-03-10 15:51:12,818 - INFO - 正在处理ID组 62/111：ID=57
2026-03-10 15:51:12,818 - INFO - 该ID组有3个原始query
2026-03-10 15:51:12,818 - INFO - 对应function：{"name":"vla_control", "arguments":{"action":"canc...
2026-03-10 15:51:12,818 - INFO - 该ID组需要新生成：20个泛化query（比例1:20）
2026-03-10 15:51:12,818 - INFO - 调用LLM泛化query：暂停向左前驶出车位
2026-03-10 15:51:14,569 - INFO - LLM泛化成功，生成1个变体
2026-03-10 15:51:14,571 - INFO -   已生成 1/20：麻烦暂停一下，往左前开出车位吧（礼貌型，带语气词）...
2026-03-10 15:51:14,571 - INFO - 调用LLM泛化query：暂停把车向右开出车位
2026-03-10 15:51:16,085 - INFO - LLM泛化成功，生成1个变体
2026-03-10 15:51:16,085 - INFO -   已生成 2/20：麻烦暂停一下，把车往右边开出车位吧（礼貌型，带语气词）...
2026-03-10 15:51:16,085 - INFO - 调用LLM泛化query：不用从车位里往左前方开出来了
2026-03-10 15:51:18,784 - INFO - LLM泛化成功，生成1个变体
2026-03-10 15:51:18,784 - INFO -   已生成 3/20：不用再从车位往左前方挪出来了。...
2026-03-10 15:51:18,784 - INFO - 调用LLM泛化query：暂停向左前驶出车位
2026-03-10 15:51:18,784 - INFO - LLM泛化成功，生成1个变体
2026-03-10 15:51:18,784 - INFO -   已生成 4/20：麻烦暂停一下，往左前开出车位吧（礼貌型，带语气词）...
2026-03-10 15:51:18,785 - INFO - 调用LLM泛化query：暂停把车向右开出车位
2026-03-10 15:51:18,785 - INFO - LLM泛化成功，生成1个变体
2026-03-10 15:51:18,785 - INFO -   已生成 5/20：麻烦暂停一下，把车往右边开出车位吧（礼貌型，带语气词）...
2026-03-10 15:51:18,785 - INFO - 调用LLM泛化query：不用从车位里往左前方开出来了
2026-03-10 15:51:18,785 - INFO - LLM泛化成功，生成1个变体
2026-03-10 15:51:18,785 - INFO -   已生成 6/20：不用再从车位往左前方挪出来了。...
2026-03-10 15:51:18,785 - INFO - 调用LLM泛化query：暂停向左前驶出车位
2026-03-10 15:51:18,785 - INFO - LLM泛化成功，生成1个变体
2026-03-10 15:51:18,785 - INFO -   已生成 7/20：麻烦暂停一下，往左前开出车位吧（礼貌型，带语气词）...
2026-03-10 15:51:18,785 - INFO - 调用LLM泛化query：暂停把车向右开出车位
2026-03-10 15:51:18,786 - INFO - LLM泛化成功，生成1个变体
2026-03-10 15:51:18,786 - INFO -   已生成 8/20：麻烦暂停一下，把车往右边开出车位吧（礼貌型，带语气词）...
2026-03-10 15:51:18,786 - INFO - 调用LLM泛化query：不用从车位里往左前方开出来了
2026-03-10 15:51:18,786 - INFO - LLM泛化成功，生成1个变体
2026-03-10 15:51:18,786 - INFO -   已生成 9/20：不用再从车位往左前方挪出来了。...
2026-03-10 15:51:18,786 - INFO - 调用LLM泛化query：暂停向左前驶出车位
2026-03-10 15:51:18,786 - INFO - LLM泛化成功，生成1个变体
2026-03-10 15:51:18,786 - INFO -   已生成 10/20：麻烦暂停一下，往左前开出车位吧（礼貌型，带语气词）...
2026-03-10 15:51:18,786 - INFO - 调用LLM泛化query：暂停把车向右开出车位
2026-03-10 15:51:18,786 - INFO - LLM泛化成功，生成1个变体
2026-03-10 15:51:18,786 - INFO -   已生成 11/20：麻烦暂停一下，把车往右边开出车位吧（礼貌型，带语气词）...
2026-03-10 15:51:18,787 - INFO - 调用LLM泛化query：不用从车位里往左前方开出来了
2026-03-10 15:51:18,787 - INFO - LLM泛化成功，生成1个变体
2026-03-10 15:51:18,787 - INFO -   已生成 12/20：不用再从车位往左前方挪出来了。...
2026-03-10 15:51:18,787 - INFO - 调用LLM泛化query：暂停向左前驶出车位
2026-03-10 15:51:18,787 - INFO - LLM泛化成功，生成1个变体
2026-03-10 15:51:18,787 - INFO -   已生成 13/20：麻烦暂停一下，往左前开出车位吧（礼貌型，带语气词）...
2026-03-10 15:51:18,787 - INFO - 调用LLM泛化query：暂停把车向右开出车位
2026-03-10 15:51:18,787 - INFO - LLM泛化成功，生成1个变体
2026-03-10 15:51:18,787 - INFO -   已生成 14/20：麻烦暂停一下，把车往右边开出车位吧（礼貌型，带语气词）...
2026-03-10 15:51:18,787 - INFO - 调用LLM泛化query：不用从车位里往左前方开出来了
2026-03-10 15:51:18,787 - INFO - LLM泛化成功，生成1个变体
2026-03-10 15:51:18,788 - INFO -   已生成 15/20：不用再从车位往左前方挪出来了。...
2026-03-10 15:51:18,788 - INFO - 调用LLM泛化query：暂停向左前驶出车位
2026-03-10 15:51:18,788 - INFO - LLM泛化成功，生成1个变体
2026-03-10 15:51:18,788 - INFO -   已生成 16/20：麻烦暂停一下，往左前开出车位吧（礼貌型，带语气词）...
2026-03-10 15:51:18,788 - INFO - 调用LLM泛化query：暂停把车向右开出车位
2026-03-10 15:51:18,788 - INFO - LLM泛化成功，生成1个变体
2026-03-10 15:51:18,788 - INFO -   已生成 17/20：麻烦暂停一下，把车往右边开出车位吧（礼貌型，带语气词）...
2026-03-10 15:51:18,788 - INFO - 调用LLM泛化query：不用从车位里往左前方开出来了
2026-03-10 15:51:18,788 - INFO - LLM泛化成功，生成1个变体
2026-03-10 15:51:18,788 - INFO -   已生成 18/20：不用再从车位往左前方挪出来了。...
2026-03-10 15:51:18,789 - INFO - 调用LLM泛化query：暂停向左前驶出车位
2026-03-10 15:51:18,789 - INFO - LLM泛化成功，生成1个变体
2026-03-10 15:51:18,789 - INFO -   已生成 19/20：麻烦暂停一下，往左前开出车位吧（礼貌型，带语气词）...
2026-03-10 15:51:18,789 - INFO - 调用LLM泛化query：暂停把车向右开出车位
2026-03-10 15:51:18,789 - INFO - LLM泛化成功，生成1个变体
2026-03-10 15:51:18,789 - INFO -   已生成 20/20：麻烦暂停一下，把车往右边开出车位吧（礼貌型，带语气词）...
2026-03-10 15:51:18,789 - INFO - ID组 62 完成：基于3个原始query，新生成20个泛化query
2026-03-10 15:51:18,789 - INFO - 正在处理ID组 63/111：ID=108
2026-03-10 15:51:18,789 - INFO - 该ID组有4个原始query
2026-03-10 15:51:18,790 - INFO - 对应function：{"name":"vla_control", "arguments":{"action":"canc...
2026-03-10 15:51:18,790 - INFO - 该ID组需要新生成：20个泛化query（比例1:20）
2026-03-10 15:51:18,790 - INFO - 调用LLM泛化query：暂停往右泊出车位
2026-03-10 15:51:20,185 - INFO - LLM泛化成功，生成1个变体
2026-03-10 15:51:20,186 - INFO -   已生成 1/20：稍等，帮我暂停一下往右泊出车位吧...
2026-03-10 15:51:20,186 - INFO - 调用LLM泛化query：暂停左前方泊出停车位
2026-03-10 15:51:21,818 - INFO - LLM泛化成功，生成1个变体
2026-03-10 15:51:21,819 - INFO -   已生成 2/20：麻烦暂停一下左前方泊出停车位吧，我要下车去拿个东西。...
2026-03-10 15:51:21,819 - INFO - 调用LLM泛化query：往左帮我泊出车位暂停下
2026-03-10 15:51:23,566 - INFO - LLM泛化成功，生成1个变体
2026-03-10 15:51:23,567 - INFO -   已生成 3/20：往左泊出车位帮我停一下吧...
2026-03-10 15:51:23,567 - INFO - 调用LLM泛化query：从车位向右泊出暂停
2026-03-10 15:51:25,557 - INFO - LLM泛化成功，生成1个变体
2026-03-10 15:51:25,558 - INFO -   已生成 4/20：从车位往右泊出后先停一下吧...
2026-03-10 15:51:25,558 - INFO - 调用LLM泛化query：暂停往右泊出车位
2026-03-10 15:51:25,558 - INFO - LLM泛化成功，生成1个变体
2026-03-10 15:51:25,558 - INFO -   已生成 5/20：稍等，帮我暂停一下往右泊出车位吧...
2026-03-10 15:51:25,559 - INFO - 调用LLM泛化query：暂停左前方泊出停车位
2026-03-10 15:51:25,559 - INFO - LLM泛化成功，生成1个变体
2026-03-10 15:51:25,559 - INFO -   已生成 6/20：麻烦暂停一下左前方泊出停车位吧，我要下车去拿个东西。...
2026-03-10 15:51:25,559 - INFO - 调用LLM泛化query：往左帮我泊出车位暂停下
2026-03-10 15:51:25,559 - INFO - LLM泛化成功，生成1个变体
2026-03-10 15:51:25,560 - INFO -   已生成 7/20：往左泊出车位帮我停一下吧...
2026-03-10 15:51:25,560 - INFO - 调用LLM泛化query：从车位向右泊出暂停
2026-03-10 15:51:25,560 - INFO - LLM泛化成功，生成1个变体
2026-03-10 15:51:25,560 - INFO -   已生成 8/20：从车位往右泊出后先停一下吧...
2026-03-10 15:51:25,560 - INFO - 调用LLM泛化query：暂停往右泊出车位
2026-03-10 15:51:25,560 - INFO - LLM泛化成功，生成1个变体
2026-03-10 15:51:25,560 - INFO -   已生成 9/20：稍等，帮我暂停一下往右泊出车位吧...
2026-03-10 15:51:25,561 - INFO - 调用LLM泛化query：暂停左前方泊出停车位
2026-03-10 15:51:25,561 - INFO - LLM泛化成功，生成1个变体
2026-03-10 15:51:25,561 - INFO -   已生成 10/20：麻烦暂停一下左前方泊出停车位吧，我要下车去拿个东西。...
2026-03-10 15:51:25,561 - INFO - 调用LLM泛化query：往左帮我泊出车位暂停下
2026-03-10 15:51:25,561 - INFO - LLM泛化成功，生成1个变体
2026-03-10 15:51:25,561 - INFO -   已生成 11/20：往左泊出车位帮我停一下吧...
2026-03-10 15:51:25,561 - INFO - 调用LLM泛化query：从车位向右泊出暂停
2026-03-10 15:51:25,561 - INFO - LLM泛化成功，生成1个变体
2026-03-10 15:51:25,562 - INFO -   已生成 12/20：从车位往右泊出后先停一下吧...
2026-03-10 15:51:25,562 - INFO - 调用LLM泛化query：暂停往右泊出车位
2026-03-10 15:51:25,562 - INFO - LLM泛化成功，生成1个变体
2026-03-10 15:51:25,562 - INFO -   已生成 13/20：稍等，帮我暂停一下往右泊出车位吧...
2026-03-10 15:51:25,562 - INFO - 调用LLM泛化query：暂停左前方泊出停车位
2026-03-10 15:51:25,562 - INFO - LLM泛化成功，生成1个变体
2026-03-10 15:51:25,562 - INFO -   已生成 14/20：麻烦暂停一下左前方泊出停车位吧，我要下车去拿个东西。...
2026-03-10 15:51:25,562 - INFO - 调用LLM泛化query：往左帮我泊出车位暂停下
2026-03-10 15:51:25,562 - INFO - LLM泛化成功，生成1个变体
2026-03-10 15:51:25,562 - INFO -   已生成 15/20：往左泊出车位帮我停一下吧...
2026-03-10 15:51:25,563 - INFO - 调用LLM泛化query：从车位向右泊出暂停
2026-03-10 15:51:25,563 - INFO - LLM泛化成功，生成1个变体
2026-03-10 15:51:25,563 - INFO -   已生成 16/20：从车位往右泊出后先停一下吧...
2026-03-10 15:51:25,563 - INFO - 调用LLM泛化query：暂停往右泊出车位
2026-03-10 15:51:25,563 - INFO - LLM泛化成功，生成1个变体
2026-03-10 15:51:25,563 - INFO -   已生成 17/20：稍等，帮我暂停一下往右泊出车位吧...
2026-03-10 15:51:25,563 - INFO - 调用LLM泛化query：暂停左前方泊出停车位
2026-03-10 15:51:25,563 - INFO - LLM泛化成功，生成1个变体
2026-03-10 15:51:25,563 - INFO -   已生成 18/20：麻烦暂停一下左前方泊出停车位吧，我要下车去拿个东西。...
2026-03-10 15:51:25,564 - INFO - 调用LLM泛化query：往左帮我泊出车位暂停下
2026-03-10 15:51:25,564 - INFO - LLM泛化成功，生成1个变体
2026-03-10 15:51:25,564 - INFO -   已生成 19/20：往左泊出车位帮我停一下吧...
2026-03-10 15:51:25,564 - INFO - 调用LLM泛化query：从车位向右泊出暂停
2026-03-10 15:51:25,564 - INFO - LLM泛化成功，生成1个变体
2026-03-10 15:51:25,564 - INFO -   已生成 20/20：从车位往右泊出后先停一下吧...
2026-03-10 15:51:25,564 - INFO - ID组 63 完成：基于4个原始query，新生成20个泛化query
2026-03-10 15:51:25,564 - INFO - 正在处理ID组 64/111：ID=58
2026-03-10 15:51:25,564 - INFO - 该ID组有3个原始query
2026-03-10 15:51:25,565 - INFO - 对应function：{"name":"vla_control", "arguments":{"action":"park...
2026-03-10 15:51:25,565 - INFO - 该ID组需要新生成：20个泛化query（比例1:20）
2026-03-10 15:51:25,565 - INFO - 调用LLM泛化query：停前面柱子旁边
2026-03-10 15:51:27,525 - INFO - LLM泛化成功，生成1个变体
2026-03-10 15:51:27,526 - INFO -   已生成 1/20：停到前面那个柱子旁边吧...
2026-03-10 15:51:27,526 - INFO - 调用LLM泛化query：前面柱子那找个车位停车
2026-03-10 15:51:28,847 - INFO - LLM泛化成功，生成1个变体
2026-03-10 15:51:28,848 - INFO -   已生成 2/20：前面柱子旁边帮我找个车位停一下吧...
2026-03-10 15:51:28,848 - INFO - 调用LLM泛化query：左前方立柱那里停一下
2026-03-10 15:51:30,706 - INFO - LLM泛化成功，生成1个变体
2026-03-10 15:51:30,706 - INFO -   已生成 3/20：就停在左前方立柱那边吧。...
2026-03-10 15:51:30,707 - INFO - 调用LLM泛化query：停前面柱子旁边
2026-03-10 15:51:30,707 - INFO - LLM泛化成功，生成1个变体
2026-03-10 15:51:30,707 - INFO -   已生成 4/20：停到前面那个柱子旁边吧...
2026-03-10 15:51:30,707 - INFO - 调用LLM泛化query：前面柱子那找个车位停车
2026-03-10 15:51:30,707 - INFO - LLM泛化成功，生成1个变体
2026-03-10 15:51:30,707 - INFO -   已生成 5/20：前面柱子旁边帮我找个车位停一下吧...
2026-03-10 15:51:30,707 - INFO - 调用LLM泛化query：左前方立柱那里停一下
2026-03-10 15:51:30,707 - INFO - LLM泛化成功，生成1个变体
2026-03-10 15:51:30,707 - INFO -   已生成 6/20：就停在左前方立柱那边吧。...
2026-03-10 15:51:30,708 - INFO - 调用LLM泛化query：停前面柱子旁边
2026-03-10 15:51:30,708 - INFO - LLM泛化成功，生成1个变体
2026-03-10 15:51:30,708 - INFO -   已生成 7/20：停到前面那个柱子旁边吧...
2026-03-10 15:51:30,708 - INFO - 调用LLM泛化query：前面柱子那找个车位停车
2026-03-10 15:51:30,708 - INFO - LLM泛化成功，生成1个变体
2026-03-10 15:51:30,708 - INFO -   已生成 8/20：前面柱子旁边帮我找个车位停一下吧...
2026-03-10 15:51:30,708 - INFO - 调用LLM泛化query：左前方立柱那里停一下
2026-03-10 15:51:30,708 - INFO - LLM泛化成功，生成1个变体
2026-03-10 15:51:30,708 - INFO -   已生成 9/20：就停在左前方立柱那边吧。...
2026-03-10 15:51:30,708 - INFO - 调用LLM泛化query：停前面柱子旁边
2026-03-10 15:51:30,709 - INFO - LLM泛化成功，生成1个变体
2026-03-10 15:51:30,709 - INFO -   已生成 10/20：停到前面那个柱子旁边吧...
2026-03-10 15:51:30,709 - INFO - 调用LLM泛化query：前面柱子那找个车位停车
2026-03-10 15:51:30,709 - INFO - LLM泛化成功，生成1个变体
2026-03-10 15:51:30,709 - INFO -   已生成 11/20：前面柱子旁边帮我找个车位停一下吧...
2026-03-10 15:51:30,709 - INFO - 调用LLM泛化query：左前方立柱那里停一下
2026-03-10 15:51:30,709 - INFO - LLM泛化成功，生成1个变体
2026-03-10 15:51:30,709 - INFO -   已生成 12/20：就停在左前方立柱那边吧。...
2026-03-10 15:51:30,709 - INFO - 调用LLM泛化query：停前面柱子旁边
2026-03-10 15:51:30,710 - INFO - LLM泛化成功，生成1个变体
2026-03-10 15:51:30,710 - INFO -   已生成 13/20：停到前面那个柱子旁边吧...
2026-03-10 15:51:30,710 - INFO - 调用LLM泛化query：前面柱子那找个车位停车
2026-03-10 15:51:30,710 - INFO - LLM泛化成功，生成1个变体
2026-03-10 15:51:30,710 - INFO -   已生成 14/20：前面柱子旁边帮我找个车位停一下吧...
2026-03-10 15:51:30,710 - INFO - 调用LLM泛化query：左前方立柱那里停一下
2026-03-10 15:51:30,710 - INFO - LLM泛化成功，生成1个变体
2026-03-10 15:51:30,710 - INFO -   已生成 15/20：就停在左前方立柱那边吧。...
2026-03-10 15:51:30,710 - INFO - 调用LLM泛化query：停前面柱子旁边
2026-03-10 15:51:30,710 - INFO - LLM泛化成功，生成1个变体
2026-03-10 15:51:30,711 - INFO -   已生成 16/20：停到前面那个柱子旁边吧...
2026-03-10 15:51:30,711 - INFO - 调用LLM泛化query：前面柱子那找个车位停车
2026-03-10 15:51:30,711 - INFO - LLM泛化成功，生成1个变体
2026-03-10 15:51:30,711 - INFO -   已生成 17/20：前面柱子旁边帮我找个车位停一下吧...
2026-03-10 15:51:30,711 - INFO - 调用LLM泛化query：左前方立柱那里停一下
2026-03-10 15:51:30,711 - INFO - LLM泛化成功，生成1个变体
2026-03-10 15:51:30,711 - INFO -   已生成 18/20：就停在左前方立柱那边吧。...
2026-03-10 15:51:30,711 - INFO - 调用LLM泛化query：停前面柱子旁边
2026-03-10 15:51:30,711 - INFO - LLM泛化成功，生成1个变体
2026-03-10 15:51:30,711 - INFO -   已生成 19/20：停到前面那个柱子旁边吧...
2026-03-10 15:51:30,712 - INFO - 调用LLM泛化query：前面柱子那找个车位停车
2026-03-10 15:51:30,712 - INFO - LLM泛化成功，生成1个变体
2026-03-10 15:51:30,712 - INFO -   已生成 20/20：前面柱子旁边帮我找个车位停一下吧...
2026-03-10 15:51:30,712 - INFO - ID组 64 完成：基于3个原始query，新生成20个泛化query
2026-03-10 15:51:30,712 - INFO - 正在处理ID组 65/111：ID=59
2026-03-10 15:51:30,712 - INFO - 该ID组有1个原始query
2026-03-10 15:51:30,712 - INFO - 对应function：{"name":"vla_control", "arguments":{"action":"navi...
2026-03-10 15:51:30,712 - INFO - 该ID组需要新生成：20个泛化query（比例1:20）
2026-03-10 15:51:30,712 - INFO - 调用LLM泛化query：开到那个大柱子那里
2026-03-10 15:51:31,947 - INFO - LLM泛化成功，生成1个变体
2026-03-10 15:51:31,947 - INFO -   已生成 1/20：开到前面那个大柱子那边吧...
2026-03-10 15:51:31,947 - INFO - 调用LLM泛化query：开到那个大柱子那里
2026-03-10 15:51:31,948 - INFO - LLM泛化成功，生成1个变体
2026-03-10 15:51:31,948 - INFO -   已生成 2/20：开到前面那个大柱子那边吧...
2026-03-10 15:51:31,948 - INFO - 调用LLM泛化query：开到那个大柱子那里
2026-03-10 15:51:31,948 - INFO - LLM泛化成功，生成1个变体
2026-03-10 15:51:31,948 - INFO -   已生成 3/20：开到前面那个大柱子那边吧...
2026-03-10 15:51:31,948 - INFO - 调用LLM泛化query：开到那个大柱子那里
2026-03-10 15:51:31,948 - INFO - LLM泛化成功，生成1个变体
2026-03-10 15:51:31,948 - INFO -   已生成 4/20：开到前面那个大柱子那边吧...
2026-03-10 15:51:31,949 - INFO - 调用LLM泛化query：开到那个大柱子那里
2026-03-10 15:51:31,949 - INFO - LLM泛化成功，生成1个变体
2026-03-10 15:51:31,949 - INFO -   已生成 5/20：开到前面那个大柱子那边吧...
2026-03-10 15:51:31,949 - INFO - 调用LLM泛化query：开到那个大柱子那里
2026-03-10 15:51:31,949 - INFO - LLM泛化成功，生成1个变体
2026-03-10 15:51:31,949 - INFO -   已生成 6/20：开到前面那个大柱子那边吧...
2026-03-10 15:51:31,949 - INFO - 调用LLM泛化query：开到那个大柱子那里
2026-03-10 15:51:31,949 - INFO - LLM泛化成功，生成1个变体
2026-03-10 15:51:31,950 - INFO -   已生成 7/20：开到前面那个大柱子那边吧...
2026-03-10 15:51:31,950 - INFO - 调用LLM泛化query：开到那个大柱子那里
2026-03-10 15:51:31,950 - INFO - LLM泛化成功，生成1个变体
2026-03-10 15:51:31,950 - INFO -   已生成 8/20：开到前面那个大柱子那边吧...
2026-03-10 15:51:31,950 - INFO - 调用LLM泛化query：开到那个大柱子那里
2026-03-10 15:51:31,950 - INFO - LLM泛化成功，生成1个变体
2026-03-10 15:51:31,950 - INFO -   已生成 9/20：开到前面那个大柱子那边吧...
2026-03-10 15:51:31,950 - INFO - 调用LLM泛化query：开到那个大柱子那里
2026-03-10 15:51:31,950 - INFO - LLM泛化成功，生成1个变体
2026-03-10 15:51:31,950 - INFO -   已生成 10/20：开到前面那个大柱子那边吧...
2026-03-10 15:51:31,951 - INFO - 调用LLM泛化query：开到那个大柱子那里
2026-03-10 15:51:31,951 - INFO - LLM泛化成功，生成1个变体
2026-03-10 15:51:31,951 - INFO -   已生成 11/20：开到前面那个大柱子那边吧...
2026-03-10 15:51:31,951 - INFO - 调用LLM泛化query：开到那个大柱子那里
2026-03-10 15:51:31,951 - INFO - LLM泛化成功，生成1个变体
2026-03-10 15:51:31,951 - INFO -   已生成 12/20：开到前面那个大柱子那边吧...
2026-03-10 15:51:31,951 - INFO - 调用LLM泛化query：开到那个大柱子那里
2026-03-10 15:51:31,951 - INFO - LLM泛化成功，生成1个变体
2026-03-10 15:51:31,952 - INFO -   已生成 13/20：开到前面那个大柱子那边吧...
2026-03-10 15:51:31,952 - INFO - 调用LLM泛化query：开到那个大柱子那里
2026-03-10 15:51:31,952 - INFO - LLM泛化成功，生成1个变体
2026-03-10 15:51:31,952 - INFO -   已生成 14/20：开到前面那个大柱子那边吧...
2026-03-10 15:51:31,952 - INFO - 调用LLM泛化query：开到那个大柱子那里
2026-03-10 15:51:31,952 - INFO - LLM泛化成功，生成1个变体
2026-03-10 15:51:31,952 - INFO -   已生成 15/20：开到前面那个大柱子那边吧...
2026-03-10 15:51:31,952 - INFO - 调用LLM泛化query：开到那个大柱子那里
2026-03-10 15:51:31,952 - INFO - LLM泛化成功，生成1个变体
2026-03-10 15:51:31,952 - INFO -   已生成 16/20：开到前面那个大柱子那边吧...
2026-03-10 15:51:31,952 - INFO - 调用LLM泛化query：开到那个大柱子那里
2026-03-10 15:51:31,952 - INFO - LLM泛化成功，生成1个变体
2026-03-10 15:51:31,952 - INFO -   已生成 17/20：开到前面那个大柱子那边吧...
2026-03-10 15:51:31,953 - INFO - 调用LLM泛化query：开到那个大柱子那里
2026-03-10 15:51:31,953 - INFO - LLM泛化成功，生成1个变体
2026-03-10 15:51:31,953 - INFO -   已生成 18/20：开到前面那个大柱子那边吧...
2026-03-10 15:51:31,953 - INFO - 调用LLM泛化query：开到那个大柱子那里
2026-03-10 15:51:31,953 - INFO - LLM泛化成功，生成1个变体
2026-03-10 15:51:31,953 - INFO -   已生成 19/20：开到前面那个大柱子那边吧...
2026-03-10 15:51:31,953 - INFO - 调用LLM泛化query：开到那个大柱子那里
2026-03-10 15:51:31,953 - INFO - LLM泛化成功，生成1个变体
2026-03-10 15:51:31,953 - INFO -   已生成 20/20：开到前面那个大柱子那边吧...
2026-03-10 15:51:31,953 - INFO - ID组 65 完成：基于1个原始query，新生成20个泛化query
2026-03-10 15:51:31,953 - INFO - 正在处理ID组 66/111：ID=60
2026-03-10 15:51:31,953 - INFO - 该ID组有1个原始query
2026-03-10 15:51:31,953 - INFO - 对应function：{"name":"vla_control", "arguments":{"action":"park...
2026-03-10 15:51:31,953 - INFO - 该ID组需要新生成：20个泛化query（比例1:20）
2026-03-10 15:51:31,953 - INFO - 调用LLM泛化query：右边的柱承重柱右边泊车
2026-03-10 15:51:33,337 - INFO - LLM泛化成功，生成1个变体
2026-03-10 15:51:33,337 - INFO -   已生成 1/20：帮我把车停在右边那个承重柱的右侧吧，靠柱子一点。...
2026-03-10 15:51:33,337 - INFO - 调用LLM泛化query：右边的柱承重柱右边泊车
2026-03-10 15:51:33,338 - INFO - LLM泛化成功，生成1个变体
2026-03-10 15:51:33,338 - INFO -   已生成 2/20：帮我把车停在右边那个承重柱的右侧吧，靠柱子一点。...
2026-03-10 15:51:33,338 - INFO - 调用LLM泛化query：右边的柱承重柱右边泊车
2026-03-10 15:51:33,338 - INFO - LLM泛化成功，生成1个变体
2026-03-10 15:51:33,338 - INFO -   已生成 3/20：帮我把车停在右边那个承重柱的右侧吧，靠柱子一点。...
2026-03-10 15:51:33,338 - INFO - 调用LLM泛化query：右边的柱承重柱右边泊车
2026-03-10 15:51:33,338 - INFO - LLM泛化成功，生成1个变体
2026-03-10 15:51:33,338 - INFO -   已生成 4/20：帮我把车停在右边那个承重柱的右侧吧，靠柱子一点。...
2026-03-10 15:51:33,339 - INFO - 调用LLM泛化query：右边的柱承重柱右边泊车
2026-03-10 15:51:33,339 - INFO - LLM泛化成功，生成1个变体
2026-03-10 15:51:33,339 - INFO -   已生成 5/20：帮我把车停在右边那个承重柱的右侧吧，靠柱子一点。...
2026-03-10 15:51:33,339 - INFO - 调用LLM泛化query：右边的柱承重柱右边泊车
2026-03-10 15:51:33,339 - INFO - LLM泛化成功，生成1个变体
2026-03-10 15:51:33,339 - INFO -   已生成 6/20：帮我把车停在右边那个承重柱的右侧吧，靠柱子一点。...
2026-03-10 15:51:33,339 - INFO - 调用LLM泛化query：右边的柱承重柱右边泊车
2026-03-10 15:51:33,339 - INFO - LLM泛化成功，生成1个变体
2026-03-10 15:51:33,339 - INFO -   已生成 7/20：帮我把车停在右边那个承重柱的右侧吧，靠柱子一点。...
2026-03-10 15:51:33,340 - INFO - 调用LLM泛化query：右边的柱承重柱右边泊车
2026-03-10 15:51:33,340 - INFO - LLM泛化成功，生成1个变体
2026-03-10 15:51:33,340 - INFO -   已生成 8/20：帮我把车停在右边那个承重柱的右侧吧，靠柱子一点。...
2026-03-10 15:51:33,340 - INFO - 调用LLM泛化query：右边的柱承重柱右边泊车
2026-03-10 15:51:33,340 - INFO - LLM泛化成功，生成1个变体
2026-03-10 15:51:33,340 - INFO -   已生成 9/20：帮我把车停在右边那个承重柱的右侧吧，靠柱子一点。...
2026-03-10 15:51:33,340 - INFO - 调用LLM泛化query：右边的柱承重柱右边泊车
2026-03-10 15:51:33,340 - INFO - LLM泛化成功，生成1个变体
2026-03-10 15:51:33,341 - INFO -   已生成 10/20：帮我把车停在右边那个承重柱的右侧吧，靠柱子一点。...
2026-03-10 15:51:33,341 - INFO - 调用LLM泛化query：右边的柱承重柱右边泊车
2026-03-10 15:51:33,341 - INFO - LLM泛化成功，生成1个变体
2026-03-10 15:51:33,341 - INFO -   已生成 11/20：帮我把车停在右边那个承重柱的右侧吧，靠柱子一点。...
2026-03-10 15:51:33,341 - INFO - 调用LLM泛化query：右边的柱承重柱右边泊车
2026-03-10 15:51:33,341 - INFO - LLM泛化成功，生成1个变体
2026-03-10 15:51:33,341 - INFO -   已生成 12/20：帮我把车停在右边那个承重柱的右侧吧，靠柱子一点。...
2026-03-10 15:51:33,341 - INFO - 调用LLM泛化query：右边的柱承重柱右边泊车
2026-03-10 15:51:33,341 - INFO - LLM泛化成功，生成1个变体
2026-03-10 15:51:33,341 - INFO -   已生成 13/20：帮我把车停在右边那个承重柱的右侧吧，靠柱子一点。...
2026-03-10 15:51:33,342 - INFO - 调用LLM泛化query：右边的柱承重柱右边泊车
2026-03-10 15:51:33,342 - INFO - LLM泛化成功，生成1个变体
2026-03-10 15:51:33,342 - INFO -   已生成 14/20：帮我把车停在右边那个承重柱的右侧吧，靠柱子一点。...
2026-03-10 15:51:33,342 - INFO - 调用LLM泛化query：右边的柱承重柱右边泊车
2026-03-10 15:51:33,342 - INFO - LLM泛化成功，生成1个变体
2026-03-10 15:51:33,342 - INFO -   已生成 15/20：帮我把车停在右边那个承重柱的右侧吧，靠柱子一点。...
2026-03-10 15:51:33,342 - INFO - 调用LLM泛化query：右边的柱承重柱右边泊车
2026-03-10 15:51:33,342 - INFO - LLM泛化成功，生成1个变体
2026-03-10 15:51:33,342 - INFO -   已生成 16/20：帮我把车停在右边那个承重柱的右侧吧，靠柱子一点。...
2026-03-10 15:51:33,342 - INFO - 调用LLM泛化query：右边的柱承重柱右边泊车
2026-03-10 15:51:33,343 - INFO - LLM泛化成功，生成1个变体
2026-03-10 15:51:33,343 - INFO -   已生成 17/20：帮我把车停在右边那个承重柱的右侧吧，靠柱子一点。...
2026-03-10 15:51:33,343 - INFO - 调用LLM泛化query：右边的柱承重柱右边泊车
2026-03-10 15:51:33,343 - INFO - LLM泛化成功，生成1个变体
2026-03-10 15:51:33,343 - INFO -   已生成 18/20：帮我把车停在右边那个承重柱的右侧吧，靠柱子一点。...
2026-03-10 15:51:33,343 - INFO - 调用LLM泛化query：右边的柱承重柱右边泊车
2026-03-10 15:51:33,343 - INFO - LLM泛化成功，生成1个变体
2026-03-10 15:51:33,343 - INFO -   已生成 19/20：帮我把车停在右边那个承重柱的右侧吧，靠柱子一点。...
2026-03-10 15:51:33,344 - INFO - 调用LLM泛化query：右边的柱承重柱右边泊车
2026-03-10 15:51:33,344 - INFO - LLM泛化成功，生成1个变体
2026-03-10 15:51:33,344 - INFO -   已生成 20/20：帮我把车停在右边那个承重柱的右侧吧，靠柱子一点。...
2026-03-10 15:51:33,344 - INFO - ID组 66 完成：基于1个原始query，新生成20个泛化query
2026-03-10 15:51:33,344 - INFO - 正在处理ID组 67/111：ID=61
2026-03-10 15:51:33,344 - INFO - 该ID组有1个原始query
2026-03-10 15:51:33,344 - INFO - 对应function：{"name":"vla_control", "arguments":{"action":"paus...
2026-03-10 15:51:33,344 - INFO - 该ID组需要新生成：20个泛化query（比例1:20）
2026-03-10 15:51:33,344 - INFO - 调用LLM泛化query：在柱子那里停一下
2026-03-10 15:51:34,794 - INFO - LLM泛化成功，生成1个变体
2026-03-10 15:51:34,795 - INFO -   已生成 1/20：就在柱子边上停一下吧...
2026-03-10 15:51:34,795 - INFO - 调用LLM泛化query：在柱子那里停一下
2026-03-10 15:51:34,795 - INFO - LLM泛化成功，生成1个变体
2026-03-10 15:51:34,795 - INFO -   已生成 2/20：就在柱子边上停一下吧...
2026-03-10 15:51:34,795 - INFO - 调用LLM泛化query：在柱子那里停一下
2026-03-10 15:51:34,796 - INFO - LLM泛化成功，生成1个变体
2026-03-10 15:51:34,796 - INFO -   已生成 3/20：就在柱子边上停一下吧...
2026-03-10 15:51:34,796 - INFO - 调用LLM泛化query：在柱子那里停一下
2026-03-10 15:51:34,796 - INFO - LLM泛化成功，生成1个变体
2026-03-10 15:51:34,796 - INFO -   已生成 4/20：就在柱子边上停一下吧...
2026-03-10 15:51:34,796 - INFO - 调用LLM泛化query：在柱子那里停一下
2026-03-10 15:51:34,796 - INFO - LLM泛化成功，生成1个变体
2026-03-10 15:51:34,797 - INFO -   已生成 5/20：就在柱子边上停一下吧...
2026-03-10 15:51:34,797 - INFO - 调用LLM泛化query：在柱子那里停一下
2026-03-10 15:51:34,797 - INFO - LLM泛化成功，生成1个变体
2026-03-10 15:51:34,797 - INFO -   已生成 6/20：就在柱子边上停一下吧...
2026-03-10 15:51:34,797 - INFO - 调用LLM泛化query：在柱子那里停一下
2026-03-10 15:51:34,797 - INFO - LLM泛化成功，生成1个变体
2026-03-10 15:51:34,797 - INFO -   已生成 7/20：就在柱子边上停一下吧...
2026-03-10 15:51:34,797 - INFO - 调用LLM泛化query：在柱子那里停一下
2026-03-10 15:51:34,797 - INFO - LLM泛化成功，生成1个变体
2026-03-10 15:51:34,798 - INFO -   已生成 8/20：就在柱子边上停一下吧...
2026-03-10 15:51:34,798 - INFO - 调用LLM泛化query：在柱子那里停一下
2026-03-10 15:51:34,798 - INFO - LLM泛化成功，生成1个变体
2026-03-10 15:51:34,798 - INFO -   已生成 9/20：就在柱子边上停一下吧...
2026-03-10 15:51:34,798 - INFO - 调用LLM泛化query：在柱子那里停一下
2026-03-10 15:51:34,798 - INFO - LLM泛化成功，生成1个变体
2026-03-10 15:51:34,798 - INFO -   已生成 10/20：就在柱子边上停一下吧...
2026-03-10 15:51:34,798 - INFO - 调用LLM泛化query：在柱子那里停一下
2026-03-10 15:51:34,798 - INFO - LLM泛化成功，生成1个变体
2026-03-10 15:51:34,799 - INFO -   已生成 11/20：就在柱子边上停一下吧...
2026-03-10 15:51:34,799 - INFO - 调用LLM泛化query：在柱子那里停一下
2026-03-10 15:51:34,799 - INFO - LLM泛化成功，生成1个变体
2026-03-10 15:51:34,799 - INFO -   已生成 12/20：就在柱子边上停一下吧...
2026-03-10 15:51:34,799 - INFO - 调用LLM泛化query：在柱子那里停一下
2026-03-10 15:51:34,799 - INFO - LLM泛化成功，生成1个变体
2026-03-10 15:51:34,799 - INFO -   已生成 13/20：就在柱子边上停一下吧...
2026-03-10 15:51:34,799 - INFO - 调用LLM泛化query：在柱子那里停一下
2026-03-10 15:51:34,799 - INFO - LLM泛化成功，生成1个变体
2026-03-10 15:51:34,799 - INFO -   已生成 14/20：就在柱子边上停一下吧...
2026-03-10 15:51:34,799 - INFO - 调用LLM泛化query：在柱子那里停一下
2026-03-10 15:51:34,799 - INFO - LLM泛化成功，生成1个变体
2026-03-10 15:51:34,800 - INFO -   已生成 15/20：就在柱子边上停一下吧...
2026-03-10 15:51:34,800 - INFO - 调用LLM泛化query：在柱子那里停一下
2026-03-10 15:51:34,800 - INFO - LLM泛化成功，生成1个变体
2026-03-10 15:51:34,800 - INFO -   已生成 16/20：就在柱子边上停一下吧...
2026-03-10 15:51:34,800 - INFO - 调用LLM泛化query：在柱子那里停一下
2026-03-10 15:51:34,800 - INFO - LLM泛化成功，生成1个变体
2026-03-10 15:51:34,800 - INFO -   已生成 17/20：就在柱子边上停一下吧...
2026-03-10 15:51:34,800 - INFO - 调用LLM泛化query：在柱子那里停一下
2026-03-10 15:51:34,800 - INFO - LLM泛化成功，生成1个变体
2026-03-10 15:51:34,800 - INFO -   已生成 18/20：就在柱子边上停一下吧...
2026-03-10 15:51:34,800 - INFO - 调用LLM泛化query：在柱子那里停一下
2026-03-10 15:51:34,801 - INFO - LLM泛化成功，生成1个变体
2026-03-10 15:51:34,801 - INFO -   已生成 19/20：就在柱子边上停一下吧...
2026-03-10 15:51:34,801 - INFO - 调用LLM泛化query：在柱子那里停一下
2026-03-10 15:51:34,801 - INFO - LLM泛化成功，生成1个变体
2026-03-10 15:51:34,801 - INFO -   已生成 20/20：就在柱子边上停一下吧...
2026-03-10 15:51:34,801 - INFO - ID组 67 完成：基于1个原始query，新生成20个泛化query
2026-03-10 15:51:34,801 - INFO - 正在处理ID组 68/111：ID=62
2026-03-10 15:51:34,801 - INFO - 该ID组有1个原始query
2026-03-10 15:51:34,801 - INFO - 对应function：{"name":"vla_control", "arguments":{"action":"park...
2026-03-10 15:51:34,801 - INFO - 该ID组需要新生成：20个泛化query（比例1:20）
2026-03-10 15:51:34,801 - INFO - 调用LLM泛化query：停墙边
2026-03-10 15:51:36,477 - INFO - LLM泛化成功，生成1个变体
2026-03-10 15:51:36,478 - INFO -   已生成 1/20：挪到墙边停一下吧...
2026-03-10 15:51:36,478 - INFO - 调用LLM泛化query：停墙边
2026-03-10 15:51:36,478 - INFO - LLM泛化成功，生成1个变体
2026-03-10 15:51:36,478 - INFO -   已生成 2/20：挪到墙边停一下吧...
2026-03-10 15:51:36,479 - INFO - 调用LLM泛化query：停墙边
2026-03-10 15:51:36,479 - INFO - LLM泛化成功，生成1个变体
2026-03-10 15:51:36,479 - INFO -   已生成 3/20：挪到墙边停一下吧...
2026-03-10 15:51:36,479 - INFO - 调用LLM泛化query：停墙边
2026-03-10 15:51:36,479 - INFO - LLM泛化成功，生成1个变体
2026-03-10 15:51:36,479 - INFO -   已生成 4/20：挪到墙边停一下吧...
2026-03-10 15:51:36,479 - INFO - 调用LLM泛化query：停墙边
2026-03-10 15:51:36,479 - INFO - LLM泛化成功，生成1个变体
2026-03-10 15:51:36,480 - INFO -   已生成 5/20：挪到墙边停一下吧...
2026-03-10 15:51:36,480 - INFO - 调用LLM泛化query：停墙边
2026-03-10 15:51:36,480 - INFO - LLM泛化成功，生成1个变体
2026-03-10 15:51:36,480 - INFO -   已生成 6/20：挪到墙边停一下吧...
2026-03-10 15:51:36,480 - INFO - 调用LLM泛化query：停墙边
2026-03-10 15:51:36,480 - INFO - LLM泛化成功，生成1个变体
2026-03-10 15:51:36,480 - INFO -   已生成 7/20：挪到墙边停一下吧...
2026-03-10 15:51:36,481 - INFO - 调用LLM泛化query：停墙边
2026-03-10 15:51:36,481 - INFO - LLM泛化成功，生成1个变体
2026-03-10 15:51:36,481 - INFO -   已生成 8/20：挪到墙边停一下吧...
2026-03-10 15:51:36,481 - INFO - 调用LLM泛化query：停墙边
2026-03-10 15:51:36,481 - INFO - LLM泛化成功，生成1个变体
2026-03-10 15:51:36,481 - INFO -   已生成 9/20：挪到墙边停一下吧...
2026-03-10 15:51:36,481 - INFO - 调用LLM泛化query：停墙边
2026-03-10 15:51:36,481 - INFO - LLM泛化成功，生成1个变体
2026-03-10 15:51:36,481 - INFO -   已生成 10/20：挪到墙边停一下吧...
2026-03-10 15:51:36,481 - INFO - 调用LLM泛化query：停墙边
2026-03-10 15:51:36,482 - INFO - LLM泛化成功，生成1个变体
2026-03-10 15:51:36,482 - INFO -   已生成 11/20：挪到墙边停一下吧...
2026-03-10 15:51:36,482 - INFO - 调用LLM泛化query：停墙边
2026-03-10 15:51:36,482 - INFO - LLM泛化成功，生成1个变体
2026-03-10 15:51:36,482 - INFO -   已生成 12/20：挪到墙边停一下吧...
2026-03-10 15:51:36,482 - INFO - 调用LLM泛化query：停墙边
2026-03-10 15:51:36,482 - INFO - LLM泛化成功，生成1个变体
2026-03-10 15:51:36,482 - INFO -   已生成 13/20：挪到墙边停一下吧...
2026-03-10 15:51:36,482 - INFO - 调用LLM泛化query：停墙边
2026-03-10 15:51:36,482 - INFO - LLM泛化成功，生成1个变体
2026-03-10 15:51:36,483 - INFO -   已生成 14/20：挪到墙边停一下吧...
2026-03-10 15:51:36,483 - INFO - 调用LLM泛化query：停墙边
2026-03-10 15:51:36,483 - INFO - LLM泛化成功，生成1个变体
2026-03-10 15:51:36,483 - INFO -   已生成 15/20：挪到墙边停一下吧...
2026-03-10 15:51:36,483 - INFO - 调用LLM泛化query：停墙边
2026-03-10 15:51:36,483 - INFO - LLM泛化成功，生成1个变体
2026-03-10 15:51:36,483 - INFO -   已生成 16/20：挪到墙边停一下吧...
2026-03-10 15:51:36,483 - INFO - 调用LLM泛化query：停墙边
2026-03-10 15:51:36,483 - INFO - LLM泛化成功，生成1个变体
2026-03-10 15:51:36,483 - INFO -   已生成 17/20：挪到墙边停一下吧...
2026-03-10 15:51:36,483 - INFO - 调用LLM泛化query：停墙边
2026-03-10 15:51:36,483 - INFO - LLM泛化成功，生成1个变体
2026-03-10 15:51:36,484 - INFO -   已生成 18/20：挪到墙边停一下吧...
2026-03-10 15:51:36,484 - INFO - 调用LLM泛化query：停墙边
2026-03-10 15:51:36,484 - INFO - LLM泛化成功，生成1个变体
2026-03-10 15:51:36,484 - INFO -   已生成 19/20：挪到墙边停一下吧...
2026-03-10 15:51:36,484 - INFO - 调用LLM泛化query：停墙边
2026-03-10 15:51:36,484 - INFO - LLM泛化成功，生成1个变体
2026-03-10 15:51:36,484 - INFO -   已生成 20/20：挪到墙边停一下吧...
2026-03-10 15:51:36,484 - INFO - ID组 68 完成：基于1个原始query，新生成20个泛化query
2026-03-10 15:51:36,484 - INFO - 正在处理ID组 69/111：ID=63
2026-03-10 15:51:36,485 - INFO - 该ID组有2个原始query
2026-03-10 15:51:36,485 - INFO - 对应function：{"name":"vla_control", "arguments":{"action":"park...
2026-03-10 15:51:36,485 - INFO - 该ID组需要新生成：20个泛化query（比例1:20）
2026-03-10 15:51:36,485 - INFO - 调用LLM泛化query：停前面车位
2026-03-10 15:51:38,462 - INFO - LLM泛化成功，生成1个变体
2026-03-10 15:51:38,463 - INFO -   已生成 1/20：停在前面的车位吧...
2026-03-10 15:51:38,463 - INFO - 调用LLM泛化query：停墙边车位
2026-03-10 15:51:40,042 - INFO - LLM泛化成功，生成1个变体
2026-03-10 15:51:40,042 - INFO -   已生成 2/20：靠边停一下车位吧，离墙近点（随意型，带语气词和方位）...
2026-03-10 15:51:40,042 - INFO - 调用LLM泛化query：停前面车位
2026-03-10 15:51:40,042 - INFO - LLM泛化成功，生成1个变体
2026-03-10 15:51:40,042 - INFO -   已生成 3/20：停在前面的车位吧...
2026-03-10 15:51:40,042 - INFO - 调用LLM泛化query：停墙边车位
2026-03-10 15:51:40,042 - INFO - LLM泛化成功，生成1个变体
2026-03-10 15:51:40,042 - INFO -   已生成 4/20：靠边停一下车位吧，离墙近点（随意型，带语气词和方位）...
2026-03-10 15:51:40,042 - INFO - 调用LLM泛化query：停前面车位
2026-03-10 15:51:40,042 - INFO - LLM泛化成功，生成1个变体
2026-03-10 15:51:40,043 - INFO -   已生成 5/20：停在前面的车位吧...
2026-03-10 15:51:40,043 - INFO - 调用LLM泛化query：停墙边车位
2026-03-10 15:51:40,043 - INFO - LLM泛化成功，生成1个变体
2026-03-10 15:51:40,043 - INFO -   已生成 6/20：靠边停一下车位吧，离墙近点（随意型，带语气词和方位）...
2026-03-10 15:51:40,043 - INFO - 调用LLM泛化query：停前面车位
2026-03-10 15:51:40,043 - INFO - LLM泛化成功，生成1个变体
2026-03-10 15:51:40,043 - INFO -   已生成 7/20：停在前面的车位吧...
2026-03-10 15:51:40,043 - INFO - 调用LLM泛化query：停墙边车位
2026-03-10 15:51:40,043 - INFO - LLM泛化成功，生成1个变体
2026-03-10 15:51:40,043 - INFO -   已生成 8/20：靠边停一下车位吧，离墙近点（随意型，带语气词和方位）...
2026-03-10 15:51:40,043 - INFO - 调用LLM泛化query：停前面车位
2026-03-10 15:51:40,043 - INFO - LLM泛化成功，生成1个变体
2026-03-10 15:51:40,043 - INFO -   已生成 9/20：停在前面的车位吧...
2026-03-10 15:51:40,043 - INFO - 调用LLM泛化query：停墙边车位
2026-03-10 15:51:40,043 - INFO - LLM泛化成功，生成1个变体
2026-03-10 15:51:40,043 - INFO -   已生成 10/20：靠边停一下车位吧，离墙近点（随意型，带语气词和方位）...
2026-03-10 15:51:40,043 - INFO - 调用LLM泛化query：停前面车位
2026-03-10 15:51:40,043 - INFO - LLM泛化成功，生成1个变体
2026-03-10 15:51:40,043 - INFO -   已生成 11/20：停在前面的车位吧...
2026-03-10 15:51:40,043 - INFO - 调用LLM泛化query：停墙边车位
2026-03-10 15:51:40,043 - INFO - LLM泛化成功，生成1个变体
2026-03-10 15:51:40,043 - INFO -   已生成 12/20：靠边停一下车位吧，离墙近点（随意型，带语气词和方位）...
2026-03-10 15:51:40,043 - INFO - 调用LLM泛化query：停前面车位
2026-03-10 15:51:40,043 - INFO - LLM泛化成功，生成1个变体
2026-03-10 15:51:40,043 - INFO -   已生成 13/20：停在前面的车位吧...
2026-03-10 15:51:40,043 - INFO - 调用LLM泛化query：停墙边车位
2026-03-10 15:51:40,043 - INFO - LLM泛化成功，生成1个变体
2026-03-10 15:51:40,043 - INFO -   已生成 14/20：靠边停一下车位吧，离墙近点（随意型，带语气词和方位）...
2026-03-10 15:51:40,043 - INFO - 调用LLM泛化query：停前面车位
2026-03-10 15:51:40,043 - INFO - LLM泛化成功，生成1个变体
2026-03-10 15:51:40,043 - INFO -   已生成 15/20：停在前面的车位吧...
2026-03-10 15:51:40,043 - INFO - 调用LLM泛化query：停墙边车位
2026-03-10 15:51:40,043 - INFO - LLM泛化成功，生成1个变体
2026-03-10 15:51:40,043 - INFO -   已生成 16/20：靠边停一下车位吧，离墙近点（随意型，带语气词和方位）...
2026-03-10 15:51:40,043 - INFO - 调用LLM泛化query：停前面车位
2026-03-10 15:51:40,043 - INFO - LLM泛化成功，生成1个变体
2026-03-10 15:51:40,044 - INFO -   已生成 17/20：停在前面的车位吧...
2026-03-10 15:51:40,044 - INFO - 调用LLM泛化query：停墙边车位
2026-03-10 15:51:40,044 - INFO - LLM泛化成功，生成1个变体
2026-03-10 15:51:40,044 - INFO -   已生成 18/20：靠边停一下车位吧，离墙近点（随意型，带语气词和方位）...
2026-03-10 15:51:40,044 - INFO - 调用LLM泛化query：停前面车位
2026-03-10 15:51:40,044 - INFO - LLM泛化成功，生成1个变体
2026-03-10 15:51:40,044 - INFO -   已生成 19/20：停在前面的车位吧...
2026-03-10 15:51:40,044 - INFO - 调用LLM泛化query：停墙边车位
2026-03-10 15:51:40,044 - INFO - LLM泛化成功，生成1个变体
2026-03-10 15:51:40,044 - INFO -   已生成 20/20：靠边停一下车位吧，离墙近点（随意型，带语气词和方位）...
2026-03-10 15:51:40,044 - INFO - ID组 69 完成：基于2个原始query，新生成20个泛化query
2026-03-10 15:51:40,044 - INFO - 正在处理ID组 70/111：ID=64
2026-03-10 15:51:40,044 - INFO - 该ID组有1个原始query
2026-03-10 15:51:40,044 - INFO - 对应function：{"name":"vla_control", "arguments":{"action":"navi...
2026-03-10 15:51:40,044 - INFO - 该ID组需要新生成：20个泛化query（比例1:20）
2026-03-10 15:51:40,044 - INFO - 调用LLM泛化query：开到墙边
2026-03-10 15:51:41,783 - INFO - LLM泛化成功，生成1个变体
2026-03-10 15:51:41,784 - INFO -   已生成 1/20：靠墙边开过去吧...
2026-03-10 15:51:41,784 - INFO - 调用LLM泛化query：开到墙边
2026-03-10 15:51:41,784 - INFO - LLM泛化成功，生成1个变体
2026-03-10 15:51:41,784 - INFO -   已生成 2/20：靠墙边开过去吧...
2026-03-10 15:51:41,785 - INFO - 调用LLM泛化query：开到墙边
2026-03-10 15:51:41,785 - INFO - LLM泛化成功，生成1个变体
2026-03-10 15:51:41,785 - INFO -   已生成 3/20：靠墙边开过去吧...
2026-03-10 15:51:41,785 - INFO - 调用LLM泛化query：开到墙边
2026-03-10 15:51:41,785 - INFO - LLM泛化成功，生成1个变体
2026-03-10 15:51:41,785 - INFO -   已生成 4/20：靠墙边开过去吧...
2026-03-10 15:51:41,786 - INFO - 调用LLM泛化query：开到墙边
2026-03-10 15:51:41,786 - INFO - LLM泛化成功，生成1个变体
2026-03-10 15:51:41,786 - INFO -   已生成 5/20：靠墙边开过去吧...
2026-03-10 15:51:41,786 - INFO - 调用LLM泛化query：开到墙边
2026-03-10 15:51:41,786 - INFO - LLM泛化成功，生成1个变体
2026-03-10 15:51:41,786 - INFO -   已生成 6/20：靠墙边开过去吧...
2026-03-10 15:51:41,786 - INFO - 调用LLM泛化query：开到墙边
2026-03-10 15:51:41,786 - INFO - LLM泛化成功，生成1个变体
2026-03-10 15:51:41,786 - INFO -   已生成 7/20：靠墙边开过去吧...
2026-03-10 15:51:41,787 - INFO - 调用LLM泛化query：开到墙边
2026-03-10 15:51:41,787 - INFO - LLM泛化成功，生成1个变体
2026-03-10 15:51:41,787 - INFO -   已生成 8/20：靠墙边开过去吧...
2026-03-10 15:51:41,787 - INFO - 调用LLM泛化query：开到墙边
2026-03-10 15:51:41,787 - INFO - LLM泛化成功，生成1个变体
2026-03-10 15:51:41,787 - INFO -   已生成 9/20：靠墙边开过去吧...
2026-03-10 15:51:41,787 - INFO - 调用LLM泛化query：开到墙边
2026-03-10 15:51:41,787 - INFO - LLM泛化成功，生成1个变体
2026-03-10 15:51:41,787 - INFO -   已生成 10/20：靠墙边开过去吧...
2026-03-10 15:51:41,787 - INFO - 调用LLM泛化query：开到墙边
2026-03-10 15:51:41,788 - INFO - LLM泛化成功，生成1个变体
2026-03-10 15:51:41,788 - INFO -   已生成 11/20：靠墙边开过去吧...
2026-03-10 15:51:41,788 - INFO - 调用LLM泛化query：开到墙边
2026-03-10 15:51:41,788 - INFO - LLM泛化成功，生成1个变体
2026-03-10 15:51:41,788 - INFO -   已生成 12/20：靠墙边开过去吧...
2026-03-10 15:51:41,788 - INFO - 调用LLM泛化query：开到墙边
2026-03-10 15:51:41,788 - INFO - LLM泛化成功，生成1个变体
2026-03-10 15:51:41,788 - INFO -   已生成 13/20：靠墙边开过去吧...
2026-03-10 15:51:41,788 - INFO - 调用LLM泛化query：开到墙边
2026-03-10 15:51:41,788 - INFO - LLM泛化成功，生成1个变体
2026-03-10 15:51:41,788 - INFO -   已生成 14/20：靠墙边开过去吧...
2026-03-10 15:51:41,788 - INFO - 调用LLM泛化query：开到墙边
2026-03-10 15:51:41,789 - INFO - LLM泛化成功，生成1个变体
2026-03-10 15:51:41,789 - INFO -   已生成 15/20：靠墙边开过去吧...
2026-03-10 15:51:41,789 - INFO - 调用LLM泛化query：开到墙边
2026-03-10 15:51:41,789 - INFO - LLM泛化成功，生成1个变体
2026-03-10 15:51:41,789 - INFO -   已生成 16/20：靠墙边开过去吧...
2026-03-10 15:51:41,789 - INFO - 调用LLM泛化query：开到墙边
2026-03-10 15:51:41,789 - INFO - LLM泛化成功，生成1个变体
2026-03-10 15:51:41,789 - INFO -   已生成 17/20：靠墙边开过去吧...
2026-03-10 15:51:41,789 - INFO - 调用LLM泛化query：开到墙边
2026-03-10 15:51:41,789 - INFO - LLM泛化成功，生成1个变体
2026-03-10 15:51:41,789 - INFO -   已生成 18/20：靠墙边开过去吧...
2026-03-10 15:51:41,790 - INFO - 调用LLM泛化query：开到墙边
2026-03-10 15:51:41,790 - INFO - LLM泛化成功，生成1个变体
2026-03-10 15:51:41,790 - INFO -   已生成 19/20：靠墙边开过去吧...
2026-03-10 15:51:41,790 - INFO - 调用LLM泛化query：开到墙边
2026-03-10 15:51:41,790 - INFO - LLM泛化成功，生成1个变体
2026-03-10 15:51:41,790 - INFO -   已生成 20/20：靠墙边开过去吧...
2026-03-10 15:51:41,790 - INFO - ID组 70 完成：基于1个原始query，新生成20个泛化query
2026-03-10 15:51:41,790 - INFO - 正在处理ID组 71/111：ID=65
2026-03-10 15:51:41,790 - INFO - 该ID组有1个原始query
2026-03-10 15:51:41,790 - INFO - 对应function：{"name":"vla_control", "arguments":{"action":"park...
2026-03-10 15:51:41,790 - INFO - 该ID组需要新生成：20个泛化query（比例1:20）
2026-03-10 15:51:41,790 - INFO - 调用LLM泛化query：在墙边泊车
2026-03-10 15:51:43,254 - INFO - LLM泛化成功，生成1个变体
2026-03-10 15:51:43,254 - INFO -   已生成 1/20：靠墙边泊车吧，方便下车。...
2026-03-10 15:51:43,254 - INFO - 调用LLM泛化query：在墙边泊车
2026-03-10 15:51:43,254 - INFO - LLM泛化成功，生成1个变体
2026-03-10 15:51:43,254 - INFO -   已生成 2/20：靠墙边泊车吧，方便下车。...
2026-03-10 15:51:43,254 - INFO - 调用LLM泛化query：在墙边泊车
2026-03-10 15:51:43,254 - INFO - LLM泛化成功，生成1个变体
2026-03-10 15:51:43,254 - INFO -   已生成 3/20：靠墙边泊车吧，方便下车。...
2026-03-10 15:51:43,254 - INFO - 调用LLM泛化query：在墙边泊车
2026-03-10 15:51:43,254 - INFO - LLM泛化成功，生成1个变体
2026-03-10 15:51:43,254 - INFO -   已生成 4/20：靠墙边泊车吧，方便下车。...
2026-03-10 15:51:43,254 - INFO - 调用LLM泛化query：在墙边泊车
2026-03-10 15:51:43,254 - INFO - LLM泛化成功，生成1个变体
2026-03-10 15:51:43,254 - INFO -   已生成 5/20：靠墙边泊车吧，方便下车。...
2026-03-10 15:51:43,254 - INFO - 调用LLM泛化query：在墙边泊车
2026-03-10 15:51:43,254 - INFO - LLM泛化成功，生成1个变体
2026-03-10 15:51:43,254 - INFO -   已生成 6/20：靠墙边泊车吧，方便下车。...
2026-03-10 15:51:43,254 - INFO - 调用LLM泛化query：在墙边泊车
2026-03-10 15:51:43,254 - INFO - LLM泛化成功，生成1个变体
2026-03-10 15:51:43,254 - INFO -   已生成 7/20：靠墙边泊车吧，方便下车。...
2026-03-10 15:51:43,254 - INFO - 调用LLM泛化query：在墙边泊车
2026-03-10 15:51:43,254 - INFO - LLM泛化成功，生成1个变体
2026-03-10 15:51:43,254 - INFO -   已生成 8/20：靠墙边泊车吧，方便下车。...
2026-03-10 15:51:43,254 - INFO - 调用LLM泛化query：在墙边泊车
2026-03-10 15:51:43,254 - INFO - LLM泛化成功，生成1个变体
2026-03-10 15:51:43,254 - INFO -   已生成 9/20：靠墙边泊车吧，方便下车。...
2026-03-10 15:51:43,254 - INFO - 调用LLM泛化query：在墙边泊车
2026-03-10 15:51:43,254 - INFO - LLM泛化成功，生成1个变体
2026-03-10 15:51:43,254 - INFO -   已生成 10/20：靠墙边泊车吧，方便下车。...
2026-03-10 15:51:43,254 - INFO - 调用LLM泛化query：在墙边泊车
2026-03-10 15:51:43,254 - INFO - LLM泛化成功，生成1个变体
2026-03-10 15:51:43,254 - INFO -   已生成 11/20：靠墙边泊车吧，方便下车。...
2026-03-10 15:51:43,254 - INFO - 调用LLM泛化query：在墙边泊车
2026-03-10 15:51:43,255 - INFO - LLM泛化成功，生成1个变体
2026-03-10 15:51:43,255 - INFO -   已生成 12/20：靠墙边泊车吧，方便下车。...
2026-03-10 15:51:43,255 - INFO - 调用LLM泛化query：在墙边泊车
2026-03-10 15:51:43,255 - INFO - LLM泛化成功，生成1个变体
2026-03-10 15:51:43,255 - INFO -   已生成 13/20：靠墙边泊车吧，方便下车。...
2026-03-10 15:51:43,255 - INFO - 调用LLM泛化query：在墙边泊车
2026-03-10 15:51:43,255 - INFO - LLM泛化成功，生成1个变体
2026-03-10 15:51:43,255 - INFO -   已生成 14/20：靠墙边泊车吧，方便下车。...
2026-03-10 15:51:43,255 - INFO - 调用LLM泛化query：在墙边泊车
2026-03-10 15:51:43,255 - INFO - LLM泛化成功，生成1个变体
2026-03-10 15:51:43,255 - INFO -   已生成 15/20：靠墙边泊车吧，方便下车。...
2026-03-10 15:51:43,255 - INFO - 调用LLM泛化query：在墙边泊车
2026-03-10 15:51:43,255 - INFO - LLM泛化成功，生成1个变体
2026-03-10 15:51:43,255 - INFO -   已生成 16/20：靠墙边泊车吧，方便下车。...
2026-03-10 15:51:43,255 - INFO - 调用LLM泛化query：在墙边泊车
2026-03-10 15:51:43,255 - INFO - LLM泛化成功，生成1个变体
2026-03-10 15:51:43,255 - INFO -   已生成 17/20：靠墙边泊车吧，方便下车。...
2026-03-10 15:51:43,255 - INFO - 调用LLM泛化query：在墙边泊车
2026-03-10 15:51:43,255 - INFO - LLM泛化成功，生成1个变体
2026-03-10 15:51:43,255 - INFO -   已生成 18/20：靠墙边泊车吧，方便下车。...
2026-03-10 15:51:43,255 - INFO - 调用LLM泛化query：在墙边泊车
2026-03-10 15:51:43,255 - INFO - LLM泛化成功，生成1个变体
2026-03-10 15:51:43,255 - INFO -   已生成 19/20：靠墙边泊车吧，方便下车。...
2026-03-10 15:51:43,255 - INFO - 调用LLM泛化query：在墙边泊车
2026-03-10 15:51:43,255 - INFO - LLM泛化成功，生成1个变体
2026-03-10 15:51:43,255 - INFO -   已生成 20/20：靠墙边泊车吧，方便下车。...
2026-03-10 15:51:43,255 - INFO - ID组 71 完成：基于1个原始query，新生成20个泛化query
2026-03-10 15:51:43,255 - INFO - 正在处理ID组 72/111：ID=66
2026-03-10 15:51:43,255 - INFO - 该ID组有2个原始query
2026-03-10 15:51:43,255 - INFO - 对应function：{"name":"vla_control", "arguments":{"action":"paus...
2026-03-10 15:51:43,255 - INFO - 该ID组需要新生成：20个泛化query（比例1:20）
2026-03-10 15:51:43,255 - INFO - 调用LLM泛化query：靠墙停一下
2026-03-10 15:51:44,503 - INFO - LLM泛化成功，生成1个变体
2026-03-10 15:51:44,504 - INFO -   已生成 1/20：靠墙停吧，我拿东西方便一点...
2026-03-10 15:51:44,504 - INFO - 调用LLM泛化query：在墙边停一下
2026-03-10 15:51:45,917 - INFO - LLM泛化成功，生成1个变体
2026-03-10 15:51:45,917 - INFO -   已生成 2/20：靠墙边停一下吧...
2026-03-10 15:51:45,917 - INFO - 调用LLM泛化query：靠墙停一下
2026-03-10 15:51:45,918 - INFO - LLM泛化成功，生成1个变体
2026-03-10 15:51:45,918 - INFO -   已生成 3/20：靠墙停吧，我拿东西方便一点...
2026-03-10 15:51:45,918 - INFO - 调用LLM泛化query：在墙边停一下
2026-03-10 15:51:45,918 - INFO - LLM泛化成功，生成1个变体
2026-03-10 15:51:45,919 - INFO -   已生成 4/20：靠墙边停一下吧...
2026-03-10 15:51:45,919 - INFO - 调用LLM泛化query：靠墙停一下
2026-03-10 15:51:45,919 - INFO - LLM泛化成功，生成1个变体
2026-03-10 15:51:45,919 - INFO -   已生成 5/20：靠墙停吧，我拿东西方便一点...
2026-03-10 15:51:45,919 - INFO - 调用LLM泛化query：在墙边停一下
2026-03-10 15:51:45,920 - INFO - LLM泛化成功，生成1个变体
2026-03-10 15:51:45,920 - INFO -   已生成 6/20：靠墙边停一下吧...
2026-03-10 15:51:45,920 - INFO - 调用LLM泛化query：靠墙停一下
2026-03-10 15:51:45,920 - INFO - LLM泛化成功，生成1个变体
2026-03-10 15:51:45,920 - INFO -   已生成 7/20：靠墙停吧，我拿东西方便一点...
2026-03-10 15:51:45,920 - INFO - 调用LLM泛化query：在墙边停一下
2026-03-10 15:51:45,920 - INFO - LLM泛化成功，生成1个变体
2026-03-10 15:51:45,920 - INFO -   已生成 8/20：靠墙边停一下吧...
2026-03-10 15:51:45,921 - INFO - 调用LLM泛化query：靠墙停一下
2026-03-10 15:51:45,921 - INFO - LLM泛化成功，生成1个变体
2026-03-10 15:51:45,921 - INFO -   已生成 9/20：靠墙停吧，我拿东西方便一点...
2026-03-10 15:51:45,921 - INFO - 调用LLM泛化query：在墙边停一下
2026-03-10 15:51:45,921 - INFO - LLM泛化成功，生成1个变体
2026-03-10 15:51:45,921 - INFO -   已生成 10/20：靠墙边停一下吧...
2026-03-10 15:51:45,921 - INFO - 调用LLM泛化query：靠墙停一下
2026-03-10 15:51:45,921 - INFO - LLM泛化成功，生成1个变体
2026-03-10 15:51:45,922 - INFO -   已生成 11/20：靠墙停吧，我拿东西方便一点...
2026-03-10 15:51:45,922 - INFO - 调用LLM泛化query：在墙边停一下
2026-03-10 15:51:45,922 - INFO - LLM泛化成功，生成1个变体
2026-03-10 15:51:45,922 - INFO -   已生成 12/20：靠墙边停一下吧...
2026-03-10 15:51:45,922 - INFO - 调用LLM泛化query：靠墙停一下
2026-03-10 15:51:45,922 - INFO - LLM泛化成功，生成1个变体
2026-03-10 15:51:45,922 - INFO -   已生成 13/20：靠墙停吧，我拿东西方便一点...
2026-03-10 15:51:45,922 - INFO - 调用LLM泛化query：在墙边停一下
2026-03-10 15:51:45,922 - INFO - LLM泛化成功，生成1个变体
2026-03-10 15:51:45,923 - INFO -   已生成 14/20：靠墙边停一下吧...
2026-03-10 15:51:45,923 - INFO - 调用LLM泛化query：靠墙停一下
2026-03-10 15:51:45,923 - INFO - LLM泛化成功，生成1个变体
2026-03-10 15:51:45,923 - INFO -   已生成 15/20：靠墙停吧，我拿东西方便一点...
2026-03-10 15:51:45,923 - INFO - 调用LLM泛化query：在墙边停一下
2026-03-10 15:51:45,923 - INFO - LLM泛化成功，生成1个变体
2026-03-10 15:51:45,923 - INFO -   已生成 16/20：靠墙边停一下吧...
2026-03-10 15:51:45,923 - INFO - 调用LLM泛化query：靠墙停一下
2026-03-10 15:51:45,923 - INFO - LLM泛化成功，生成1个变体
2026-03-10 15:51:45,923 - INFO -   已生成 17/20：靠墙停吧，我拿东西方便一点...
2026-03-10 15:51:45,923 - INFO - 调用LLM泛化query：在墙边停一下
2026-03-10 15:51:45,924 - INFO - LLM泛化成功，生成1个变体
2026-03-10 15:51:45,924 - INFO -   已生成 18/20：靠墙边停一下吧...
2026-03-10 15:51:45,924 - INFO - 调用LLM泛化query：靠墙停一下
2026-03-10 15:51:45,924 - INFO - LLM泛化成功，生成1个变体
2026-03-10 15:51:45,924 - INFO -   已生成 19/20：靠墙停吧，我拿东西方便一点...
2026-03-10 15:51:45,924 - INFO - 调用LLM泛化query：在墙边停一下
2026-03-10 15:51:45,924 - INFO - LLM泛化成功，生成1个变体
2026-03-10 15:51:45,924 - INFO -   已生成 20/20：靠墙边停一下吧...
2026-03-10 15:51:45,924 - INFO - ID组 72 完成：基于2个原始query，新生成20个泛化query
2026-03-10 15:51:45,924 - INFO - 正在处理ID组 73/111：ID=67
2026-03-10 15:51:45,924 - INFO - 该ID组有2个原始query
2026-03-10 15:51:45,924 - INFO - 对应function：{"name":"vla_control", "arguments":{"action":"park...
2026-03-10 15:51:45,925 - INFO - 该ID组需要新生成：20个泛化query（比例1:20）
2026-03-10 15:51:45,925 - INFO - 调用LLM泛化query：停到我的边上
2026-03-10 15:51:47,438 - INFO - LLM泛化成功，生成1个变体
2026-03-10 15:51:47,439 - INFO -   已生成 1/20：停我旁边吧，快点，我着急下车呢...
2026-03-10 15:51:47,439 - INFO - 调用LLM泛化query：在我们旁边停车
2026-03-10 15:51:48,798 - INFO - LLM泛化成功，生成1个变体
2026-03-10 15:51:48,798 - INFO -   已生成 2/20：就在我们旁边停一下吧...
2026-03-10 15:51:48,799 - INFO - 调用LLM泛化query：停到我的边上
2026-03-10 15:51:48,799 - INFO - LLM泛化成功，生成1个变体
2026-03-10 15:51:48,799 - INFO -   已生成 3/20：停我旁边吧，快点，我着急下车呢...
2026-03-10 15:51:48,799 - INFO - 调用LLM泛化query：在我们旁边停车
2026-03-10 15:51:48,799 - INFO - LLM泛化成功，生成1个变体
2026-03-10 15:51:48,799 - INFO -   已生成 4/20：就在我们旁边停一下吧...
2026-03-10 15:51:48,800 - INFO - 调用LLM泛化query：停到我的边上
2026-03-10 15:51:48,800 - INFO - LLM泛化成功，生成1个变体
2026-03-10 15:51:48,800 - INFO -   已生成 5/20：停我旁边吧，快点，我着急下车呢...
2026-03-10 15:51:48,801 - INFO - 调用LLM泛化query：在我们旁边停车
2026-03-10 15:51:48,801 - INFO - LLM泛化成功，生成1个变体
2026-03-10 15:51:48,801 - INFO -   已生成 6/20：就在我们旁边停一下吧...
2026-03-10 15:51:48,801 - INFO - 调用LLM泛化query：停到我的边上
2026-03-10 15:51:48,801 - INFO - LLM泛化成功，生成1个变体
2026-03-10 15:51:48,801 - INFO -   已生成 7/20：停我旁边吧，快点，我着急下车呢...
2026-03-10 15:51:48,801 - INFO - 调用LLM泛化query：在我们旁边停车
2026-03-10 15:51:48,801 - INFO - LLM泛化成功，生成1个变体
2026-03-10 15:51:48,802 - INFO -   已生成 8/20：就在我们旁边停一下吧...
2026-03-10 15:51:48,802 - INFO - 调用LLM泛化query：停到我的边上
2026-03-10 15:51:48,802 - INFO - LLM泛化成功，生成1个变体
2026-03-10 15:51:48,802 - INFO -   已生成 9/20：停我旁边吧，快点，我着急下车呢...
2026-03-10 15:51:48,802 - INFO - 调用LLM泛化query：在我们旁边停车
2026-03-10 15:51:48,802 - INFO - LLM泛化成功，生成1个变体
2026-03-10 15:51:48,802 - INFO -   已生成 10/20：就在我们旁边停一下吧...
2026-03-10 15:51:48,802 - INFO - 调用LLM泛化query：停到我的边上
2026-03-10 15:51:48,803 - INFO - LLM泛化成功，生成1个变体
2026-03-10 15:51:48,803 - INFO -   已生成 11/20：停我旁边吧，快点，我着急下车呢...
2026-03-10 15:51:48,803 - INFO - 调用LLM泛化query：在我们旁边停车
2026-03-10 15:51:48,803 - INFO - LLM泛化成功，生成1个变体
2026-03-10 15:51:48,803 - INFO -   已生成 12/20：就在我们旁边停一下吧...
2026-03-10 15:51:48,803 - INFO - 调用LLM泛化query：停到我的边上
2026-03-10 15:51:48,803 - INFO - LLM泛化成功，生成1个变体
2026-03-10 15:51:48,803 - INFO -   已生成 13/20：停我旁边吧，快点，我着急下车呢...
2026-03-10 15:51:48,803 - INFO - 调用LLM泛化query：在我们旁边停车
2026-03-10 15:51:48,804 - INFO - LLM泛化成功，生成1个变体
2026-03-10 15:51:48,804 - INFO -   已生成 14/20：就在我们旁边停一下吧...
2026-03-10 15:51:48,804 - INFO - 调用LLM泛化query：停到我的边上
2026-03-10 15:51:48,804 - INFO - LLM泛化成功，生成1个变体
2026-03-10 15:51:48,804 - INFO -   已生成 15/20：停我旁边吧，快点，我着急下车呢...
2026-03-10 15:51:48,804 - INFO - 调用LLM泛化query：在我们旁边停车
2026-03-10 15:51:48,804 - INFO - LLM泛化成功，生成1个变体
2026-03-10 15:51:48,804 - INFO -   已生成 16/20：就在我们旁边停一下吧...
2026-03-10 15:51:48,804 - INFO - 调用LLM泛化query：停到我的边上
2026-03-10 15:51:48,804 - INFO - LLM泛化成功，生成1个变体
2026-03-10 15:51:48,804 - INFO -   已生成 17/20：停我旁边吧，快点，我着急下车呢...
2026-03-10 15:51:48,805 - INFO - 调用LLM泛化query：在我们旁边停车
2026-03-10 15:51:48,805 - INFO - LLM泛化成功，生成1个变体
2026-03-10 15:51:48,805 - INFO -   已生成 18/20：就在我们旁边停一下吧...
2026-03-10 15:51:48,805 - INFO - 调用LLM泛化query：停到我的边上
2026-03-10 15:51:48,805 - INFO - LLM泛化成功，生成1个变体
2026-03-10 15:51:48,805 - INFO -   已生成 19/20：停我旁边吧，快点，我着急下车呢...
2026-03-10 15:51:48,805 - INFO - 调用LLM泛化query：在我们旁边停车
2026-03-10 15:51:48,805 - INFO - LLM泛化成功，生成1个变体
2026-03-10 15:51:48,805 - INFO -   已生成 20/20：就在我们旁边停一下吧...
2026-03-10 15:51:48,805 - INFO - ID组 73 完成：基于2个原始query，新生成20个泛化query
2026-03-10 15:51:48,806 - INFO - 正在处理ID组 74/111：ID=68
2026-03-10 15:51:48,806 - INFO - 该ID组有1个原始query
2026-03-10 15:51:48,806 - INFO - 对应function：{"name":"vla_control", "arguments":{"action":"park...
2026-03-10 15:51:48,806 - INFO - 该ID组需要新生成：20个泛化query（比例1:20）
2026-03-10 15:51:48,806 - INFO - 调用LLM泛化query：向我这泊出
2026-03-10 15:51:50,716 - INFO - LLM泛化成功，生成1个变体
2026-03-10 15:51:50,717 - INFO -   已生成 1/20：帮我往这边泊出吧（礼貌型，带语气词）...
2026-03-10 15:51:50,717 - INFO - 调用LLM泛化query：向我这泊出
2026-03-10 15:51:50,717 - INFO - LLM泛化成功，生成1个变体
2026-03-10 15:51:50,717 - INFO -   已生成 2/20：帮我往这边泊出吧（礼貌型，带语气词）...
2026-03-10 15:51:50,717 - INFO - 调用LLM泛化query：向我这泊出
2026-03-10 15:51:50,718 - INFO - LLM泛化成功，生成1个变体
2026-03-10 15:51:50,718 - INFO -   已生成 3/20：帮我往这边泊出吧（礼貌型，带语气词）...
2026-03-10 15:51:50,718 - INFO - 调用LLM泛化query：向我这泊出
2026-03-10 15:51:50,718 - INFO - LLM泛化成功，生成1个变体
2026-03-10 15:51:50,718 - INFO -   已生成 4/20：帮我往这边泊出吧（礼貌型，带语气词）...
2026-03-10 15:51:50,718 - INFO - 调用LLM泛化query：向我这泊出
2026-03-10 15:51:50,718 - INFO - LLM泛化成功，生成1个变体
2026-03-10 15:51:50,718 - INFO -   已生成 5/20：帮我往这边泊出吧（礼貌型，带语气词）...
2026-03-10 15:51:50,719 - INFO - 调用LLM泛化query：向我这泊出
2026-03-10 15:51:50,719 - INFO - LLM泛化成功，生成1个变体
2026-03-10 15:51:50,719 - INFO -   已生成 6/20：帮我往这边泊出吧（礼貌型，带语气词）...
2026-03-10 15:51:50,719 - INFO - 调用LLM泛化query：向我这泊出
2026-03-10 15:51:50,719 - INFO - LLM泛化成功，生成1个变体
2026-03-10 15:51:50,719 - INFO -   已生成 7/20：帮我往这边泊出吧（礼貌型，带语气词）...
2026-03-10 15:51:50,719 - INFO - 调用LLM泛化query：向我这泊出
2026-03-10 15:51:50,719 - INFO - LLM泛化成功，生成1个变体
2026-03-10 15:51:50,719 - INFO -   已生成 8/20：帮我往这边泊出吧（礼貌型，带语气词）...
2026-03-10 15:51:50,720 - INFO - 调用LLM泛化query：向我这泊出
2026-03-10 15:51:50,720 - INFO - LLM泛化成功，生成1个变体
2026-03-10 15:51:50,720 - INFO -   已生成 9/20：帮我往这边泊出吧（礼貌型，带语气词）...
2026-03-10 15:51:50,720 - INFO - 调用LLM泛化query：向我这泊出
2026-03-10 15:51:50,720 - INFO - LLM泛化成功，生成1个变体
2026-03-10 15:51:50,720 - INFO -   已生成 10/20：帮我往这边泊出吧（礼貌型，带语气词）...
2026-03-10 15:51:50,720 - INFO - 调用LLM泛化query：向我这泊出
2026-03-10 15:51:50,720 - INFO - LLM泛化成功，生成1个变体
2026-03-10 15:51:50,720 - INFO -   已生成 11/20：帮我往这边泊出吧（礼貌型，带语气词）...
2026-03-10 15:51:50,720 - INFO - 调用LLM泛化query：向我这泊出
2026-03-10 15:51:50,721 - INFO - LLM泛化成功，生成1个变体
2026-03-10 15:51:50,721 - INFO -   已生成 12/20：帮我往这边泊出吧（礼貌型，带语气词）...
2026-03-10 15:51:50,721 - INFO - 调用LLM泛化query：向我这泊出
2026-03-10 15:51:50,721 - INFO - LLM泛化成功，生成1个变体
2026-03-10 15:51:50,721 - INFO -   已生成 13/20：帮我往这边泊出吧（礼貌型，带语气词）...
2026-03-10 15:51:50,721 - INFO - 调用LLM泛化query：向我这泊出
2026-03-10 15:51:50,721 - INFO - LLM泛化成功，生成1个变体
2026-03-10 15:51:50,721 - INFO -   已生成 14/20：帮我往这边泊出吧（礼貌型，带语气词）...
2026-03-10 15:51:50,721 - INFO - 调用LLM泛化query：向我这泊出
2026-03-10 15:51:50,721 - INFO - LLM泛化成功，生成1个变体
2026-03-10 15:51:50,721 - INFO -   已生成 15/20：帮我往这边泊出吧（礼貌型，带语气词）...
2026-03-10 15:51:50,721 - INFO - 调用LLM泛化query：向我这泊出
2026-03-10 15:51:50,722 - INFO - LLM泛化成功，生成1个变体
2026-03-10 15:51:50,722 - INFO -   已生成 16/20：帮我往这边泊出吧（礼貌型，带语气词）...
2026-03-10 15:51:50,722 - INFO - 调用LLM泛化query：向我这泊出
2026-03-10 15:51:50,722 - INFO - LLM泛化成功，生成1个变体
2026-03-10 15:51:50,722 - INFO -   已生成 17/20：帮我往这边泊出吧（礼貌型，带语气词）...
2026-03-10 15:51:50,722 - INFO - 调用LLM泛化query：向我这泊出
2026-03-10 15:51:50,722 - INFO - LLM泛化成功，生成1个变体
2026-03-10 15:51:50,722 - INFO -   已生成 18/20：帮我往这边泊出吧（礼貌型，带语气词）...
2026-03-10 15:51:50,722 - INFO - 调用LLM泛化query：向我这泊出
2026-03-10 15:51:50,722 - INFO - LLM泛化成功，生成1个变体
2026-03-10 15:51:50,723 - INFO -   已生成 19/20：帮我往这边泊出吧（礼貌型，带语气词）...
2026-03-10 15:51:50,723 - INFO - 调用LLM泛化query：向我这泊出
2026-03-10 15:51:50,723 - INFO - LLM泛化成功，生成1个变体
2026-03-10 15:51:50,723 - INFO -   已生成 20/20：帮我往这边泊出吧（礼貌型，带语气词）...
2026-03-10 15:51:50,723 - INFO - ID组 74 完成：基于1个原始query，新生成20个泛化query
2026-03-10 15:51:50,723 - INFO - 正在处理ID组 75/111：ID=69
2026-03-10 15:51:50,723 - INFO - 该ID组有2个原始query
2026-03-10 15:51:50,723 - INFO - 对应function：{"name":"vla_control", "arguments":{"action":"park...
2026-03-10 15:51:50,723 - INFO - 该ID组需要新生成：20个泛化query（比例1:20）
2026-03-10 15:51:50,723 - INFO - 调用LLM泛化query：在我边上泊车
2026-03-10 15:51:52,638 - INFO - LLM泛化成功，生成1个变体
2026-03-10 15:51:52,639 - INFO -   已生成 1/20：就停在我旁边吧...
2026-03-10 15:51:52,639 - INFO - 调用LLM泛化query：在我右边泊车
2026-03-10 15:51:53,911 - INFO - LLM泛化成功，生成1个变体
2026-03-10 15:51:53,912 - INFO -   已生成 2/20：麻烦在右边帮我泊车吧。...
2026-03-10 15:51:53,912 - INFO - 调用LLM泛化query：在我边上泊车
2026-03-10 15:51:53,912 - INFO - LLM泛化成功，生成1个变体
2026-03-10 15:51:53,912 - INFO -   已生成 3/20：就停在我旁边吧...
2026-03-10 15:51:53,912 - INFO - 调用LLM泛化query：在我右边泊车
2026-03-10 15:51:53,913 - INFO - LLM泛化成功，生成1个变体
2026-03-10 15:51:53,913 - INFO -   已生成 4/20：麻烦在右边帮我泊车吧。...
2026-03-10 15:51:53,913 - INFO - 调用LLM泛化query：在我边上泊车
2026-03-10 15:51:53,913 - INFO - LLM泛化成功，生成1个变体
2026-03-10 15:51:53,913 - INFO -   已生成 5/20：就停在我旁边吧...
2026-03-10 15:51:53,913 - INFO - 调用LLM泛化query：在我右边泊车
2026-03-10 15:51:53,913 - INFO - LLM泛化成功，生成1个变体
2026-03-10 15:51:53,914 - INFO -   已生成 6/20：麻烦在右边帮我泊车吧。...
2026-03-10 15:51:53,914 - INFO - 调用LLM泛化query：在我边上泊车
2026-03-10 15:51:53,914 - INFO - LLM泛化成功，生成1个变体
2026-03-10 15:51:53,914 - INFO -   已生成 7/20：就停在我旁边吧...
2026-03-10 15:51:53,914 - INFO - 调用LLM泛化query：在我右边泊车
2026-03-10 15:51:53,914 - INFO - LLM泛化成功，生成1个变体
2026-03-10 15:51:53,914 - INFO -   已生成 8/20：麻烦在右边帮我泊车吧。...
2026-03-10 15:51:53,915 - INFO - 调用LLM泛化query：在我边上泊车
2026-03-10 15:51:53,915 - INFO - LLM泛化成功，生成1个变体
2026-03-10 15:51:53,915 - INFO -   已生成 9/20：就停在我旁边吧...
2026-03-10 15:51:53,915 - INFO - 调用LLM泛化query：在我右边泊车
2026-03-10 15:51:53,915 - INFO - LLM泛化成功，生成1个变体
2026-03-10 15:51:53,915 - INFO -   已生成 10/20：麻烦在右边帮我泊车吧。...
2026-03-10 15:51:53,915 - INFO - 调用LLM泛化query：在我边上泊车
2026-03-10 15:51:53,915 - INFO - LLM泛化成功，生成1个变体
2026-03-10 15:51:53,915 - INFO -   已生成 11/20：就停在我旁边吧...
2026-03-10 15:51:53,916 - INFO - 调用LLM泛化query：在我右边泊车
2026-03-10 15:51:53,916 - INFO - LLM泛化成功，生成1个变体
2026-03-10 15:51:53,916 - INFO -   已生成 12/20：麻烦在右边帮我泊车吧。...
2026-03-10 15:51:53,916 - INFO - 调用LLM泛化query：在我边上泊车
2026-03-10 15:51:53,916 - INFO - LLM泛化成功，生成1个变体
2026-03-10 15:51:53,916 - INFO -   已生成 13/20：就停在我旁边吧...
2026-03-10 15:51:53,916 - INFO - 调用LLM泛化query：在我右边泊车
2026-03-10 15:51:53,916 - INFO - LLM泛化成功，生成1个变体
2026-03-10 15:51:53,916 - INFO -   已生成 14/20：麻烦在右边帮我泊车吧。...
2026-03-10 15:51:53,916 - INFO - 调用LLM泛化query：在我边上泊车
2026-03-10 15:51:53,917 - INFO - LLM泛化成功，生成1个变体
2026-03-10 15:51:53,917 - INFO -   已生成 15/20：就停在我旁边吧...
2026-03-10 15:51:53,917 - INFO - 调用LLM泛化query：在我右边泊车
2026-03-10 15:51:53,917 - INFO - LLM泛化成功，生成1个变体
2026-03-10 15:51:53,917 - INFO -   已生成 16/20：麻烦在右边帮我泊车吧。...
2026-03-10 15:51:53,917 - INFO - 调用LLM泛化query：在我边上泊车
2026-03-10 15:51:53,917 - INFO - LLM泛化成功，生成1个变体
2026-03-10 15:51:53,917 - INFO -   已生成 17/20：就停在我旁边吧...
2026-03-10 15:51:53,917 - INFO - 调用LLM泛化query：在我右边泊车
2026-03-10 15:51:53,918 - INFO - LLM泛化成功，生成1个变体
2026-03-10 15:51:53,918 - INFO -   已生成 18/20：麻烦在右边帮我泊车吧。...
2026-03-10 15:51:53,918 - INFO - 调用LLM泛化query：在我边上泊车
2026-03-10 15:51:53,918 - INFO - LLM泛化成功，生成1个变体
2026-03-10 15:51:53,918 - INFO -   已生成 19/20：就停在我旁边吧...
2026-03-10 15:51:53,918 - INFO - 调用LLM泛化query：在我右边泊车
2026-03-10 15:51:53,918 - INFO - LLM泛化成功，生成1个变体
2026-03-10 15:51:53,918 - INFO -   已生成 20/20：麻烦在右边帮我泊车吧。...
2026-03-10 15:51:53,918 - INFO - ID组 75 完成：基于2个原始query，新生成20个泛化query
2026-03-10 15:51:53,918 - INFO - 正在处理ID组 76/111：ID=70
2026-03-10 15:51:53,918 - INFO - 该ID组有2个原始query
2026-03-10 15:51:53,918 - INFO - 对应function：{"name":"vla_control", "arguments":{"action":"navi...
2026-03-10 15:51:53,919 - INFO - 该ID组需要新生成：20个泛化query（比例1:20）
2026-03-10 15:51:53,919 - INFO - 调用LLM泛化query：开到我这里
2026-03-10 15:51:55,192 - INFO - LLM泛化成功，生成1个变体
2026-03-10 15:51:55,192 - INFO -   已生成 1/20：过来接我一下吧...
2026-03-10 15:51:55,192 - INFO - 调用LLM泛化query：开到俺这里
2026-03-10 15:51:56,781 - INFO - LLM泛化成功，生成1个变体
2026-03-10 15:51:56,781 - INFO -   已生成 2/20：开过来这边吧...
2026-03-10 15:51:56,782 - INFO - 调用LLM泛化query：开到我这里
2026-03-10 15:51:56,782 - INFO - LLM泛化成功，生成1个变体
2026-03-10 15:51:56,782 - INFO -   已生成 3/20：过来接我一下吧...
2026-03-10 15:51:56,782 - INFO - 调用LLM泛化query：开到俺这里
2026-03-10 15:51:56,782 - INFO - LLM泛化成功，生成1个变体
2026-03-10 15:51:56,782 - INFO -   已生成 4/20：开过来这边吧...
2026-03-10 15:51:56,783 - INFO - 调用LLM泛化query：开到我这里
2026-03-10 15:51:56,783 - INFO - LLM泛化成功，生成1个变体
2026-03-10 15:51:56,783 - INFO -   已生成 5/20：过来接我一下吧...
2026-03-10 15:51:56,783 - INFO - 调用LLM泛化query：开到俺这里
2026-03-10 15:51:56,783 - INFO - LLM泛化成功，生成1个变体
2026-03-10 15:51:56,783 - INFO -   已生成 6/20：开过来这边吧...
2026-03-10 15:51:56,783 - INFO - 调用LLM泛化query：开到我这里
2026-03-10 15:51:56,783 - INFO - LLM泛化成功，生成1个变体
2026-03-10 15:51:56,783 - INFO -   已生成 7/20：过来接我一下吧...
2026-03-10 15:51:56,784 - INFO - 调用LLM泛化query：开到俺这里
2026-03-10 15:51:56,784 - INFO - LLM泛化成功，生成1个变体
2026-03-10 15:51:56,784 - INFO -   已生成 8/20：开过来这边吧...
2026-03-10 15:51:56,784 - INFO - 调用LLM泛化query：开到我这里
2026-03-10 15:51:56,784 - INFO - LLM泛化成功，生成1个变体
2026-03-10 15:51:56,784 - INFO -   已生成 9/20：过来接我一下吧...
2026-03-10 15:51:56,784 - INFO - 调用LLM泛化query：开到俺这里
2026-03-10 15:51:56,784 - INFO - LLM泛化成功，生成1个变体
2026-03-10 15:51:56,784 - INFO -   已生成 10/20：开过来这边吧...
2026-03-10 15:51:56,784 - INFO - 调用LLM泛化query：开到我这里
2026-03-10 15:51:56,785 - INFO - LLM泛化成功，生成1个变体
2026-03-10 15:51:56,785 - INFO -   已生成 11/20：过来接我一下吧...
2026-03-10 15:51:56,785 - INFO - 调用LLM泛化query：开到俺这里
2026-03-10 15:51:56,785 - INFO - LLM泛化成功，生成1个变体
2026-03-10 15:51:56,785 - INFO -   已生成 12/20：开过来这边吧...
2026-03-10 15:51:56,785 - INFO - 调用LLM泛化query：开到我这里
2026-03-10 15:51:56,785 - INFO - LLM泛化成功，生成1个变体
2026-03-10 15:51:56,785 - INFO -   已生成 13/20：过来接我一下吧...
2026-03-10 15:51:56,786 - INFO - 调用LLM泛化query：开到俺这里
2026-03-10 15:51:56,786 - INFO - LLM泛化成功，生成1个变体
2026-03-10 15:51:56,786 - INFO -   已生成 14/20：开过来这边吧...
2026-03-10 15:51:56,786 - INFO - 调用LLM泛化query：开到我这里
2026-03-10 15:51:56,786 - INFO - LLM泛化成功，生成1个变体
2026-03-10 15:51:56,786 - INFO -   已生成 15/20：过来接我一下吧...
2026-03-10 15:51:56,786 - INFO - 调用LLM泛化query：开到俺这里
2026-03-10 15:51:56,786 - INFO - LLM泛化成功，生成1个变体
2026-03-10 15:51:56,786 - INFO -   已生成 16/20：开过来这边吧...
2026-03-10 15:51:56,786 - INFO - 调用LLM泛化query：开到我这里
2026-03-10 15:51:56,786 - INFO - LLM泛化成功，生成1个变体
2026-03-10 15:51:56,786 - INFO -   已生成 17/20：过来接我一下吧...
2026-03-10 15:51:56,787 - INFO - 调用LLM泛化query：开到俺这里
2026-03-10 15:51:56,787 - INFO - LLM泛化成功，生成1个变体
2026-03-10 15:51:56,787 - INFO -   已生成 18/20：开过来这边吧...
2026-03-10 15:51:56,787 - INFO - 调用LLM泛化query：开到我这里
2026-03-10 15:51:56,787 - INFO - LLM泛化成功，生成1个变体
2026-03-10 15:51:56,787 - INFO -   已生成 19/20：过来接我一下吧...
2026-03-10 15:51:56,787 - INFO - 调用LLM泛化query：开到俺这里
2026-03-10 15:51:56,787 - INFO - LLM泛化成功，生成1个变体
2026-03-10 15:51:56,787 - INFO -   已生成 20/20：开过来这边吧...
2026-03-10 15:51:56,787 - INFO - ID组 76 完成：基于2个原始query，新生成20个泛化query
2026-03-10 15:51:56,787 - INFO - 正在处理ID组 77/111：ID=71
2026-03-10 15:51:56,787 - INFO - 该ID组有1个原始query
2026-03-10 15:51:56,788 - INFO - 对应function：{"name":"vla_control", "arguments":{"action":"paus...
2026-03-10 15:51:56,788 - INFO - 该ID组需要新生成：20个泛化query（比例1:20）
2026-03-10 15:51:56,788 - INFO - 调用LLM泛化query：在我这里停一下
2026-03-10 15:51:59,526 - INFO - LLM泛化成功，生成1个变体
2026-03-10 15:51:59,526 - INFO -   已生成 1/20：就在这儿停一下吧...
2026-03-10 15:51:59,527 - INFO - 调用LLM泛化query：在我这里停一下
2026-03-10 15:51:59,527 - INFO - LLM泛化成功，生成1个变体
2026-03-10 15:51:59,527 - INFO -   已生成 2/20：就在这儿停一下吧...
2026-03-10 15:51:59,527 - INFO - 调用LLM泛化query：在我这里停一下
2026-03-10 15:51:59,527 - INFO - LLM泛化成功，生成1个变体
2026-03-10 15:51:59,528 - INFO -   已生成 3/20：就在这儿停一下吧...
2026-03-10 15:51:59,528 - INFO - 调用LLM泛化query：在我这里停一下
2026-03-10 15:51:59,528 - INFO - LLM泛化成功，生成1个变体
2026-03-10 15:51:59,528 - INFO -   已生成 4/20：就在这儿停一下吧...
2026-03-10 15:51:59,528 - INFO - 调用LLM泛化query：在我这里停一下
2026-03-10 15:51:59,529 - INFO - LLM泛化成功，生成1个变体
2026-03-10 15:51:59,529 - INFO -   已生成 5/20：就在这儿停一下吧...
2026-03-10 15:51:59,529 - INFO - 调用LLM泛化query：在我这里停一下
2026-03-10 15:51:59,529 - INFO - LLM泛化成功，生成1个变体
2026-03-10 15:51:59,529 - INFO -   已生成 6/20：就在这儿停一下吧...
2026-03-10 15:51:59,529 - INFO - 调用LLM泛化query：在我这里停一下
2026-03-10 15:51:59,530 - INFO - LLM泛化成功，生成1个变体
2026-03-10 15:51:59,530 - INFO -   已生成 7/20：就在这儿停一下吧...
2026-03-10 15:51:59,530 - INFO - 调用LLM泛化query：在我这里停一下
2026-03-10 15:51:59,530 - INFO - LLM泛化成功，生成1个变体
2026-03-10 15:51:59,530 - INFO -   已生成 8/20：就在这儿停一下吧...
2026-03-10 15:51:59,530 - INFO - 调用LLM泛化query：在我这里停一下
2026-03-10 15:51:59,531 - INFO - LLM泛化成功，生成1个变体
2026-03-10 15:51:59,531 - INFO -   已生成 9/20：就在这儿停一下吧...
2026-03-10 15:51:59,531 - INFO - 调用LLM泛化query：在我这里停一下
2026-03-10 15:51:59,531 - INFO - LLM泛化成功，生成1个变体
2026-03-10 15:51:59,531 - INFO -   已生成 10/20：就在这儿停一下吧...
2026-03-10 15:51:59,531 - INFO - 调用LLM泛化query：在我这里停一下
2026-03-10 15:51:59,532 - INFO - LLM泛化成功，生成1个变体
2026-03-10 15:51:59,532 - INFO -   已生成 11/20：就在这儿停一下吧...
2026-03-10 15:51:59,532 - INFO - 调用LLM泛化query：在我这里停一下
2026-03-10 15:51:59,532 - INFO - LLM泛化成功，生成1个变体
2026-03-10 15:51:59,532 - INFO -   已生成 12/20：就在这儿停一下吧...
2026-03-10 15:51:59,532 - INFO - 调用LLM泛化query：在我这里停一下
2026-03-10 15:51:59,533 - INFO - LLM泛化成功，生成1个变体
2026-03-10 15:51:59,533 - INFO -   已生成 13/20：就在这儿停一下吧...
2026-03-10 15:51:59,533 - INFO - 调用LLM泛化query：在我这里停一下
2026-03-10 15:51:59,533 - INFO - LLM泛化成功，生成1个变体
2026-03-10 15:51:59,533 - INFO -   已生成 14/20：就在这儿停一下吧...
2026-03-10 15:51:59,533 - INFO - 调用LLM泛化query：在我这里停一下
2026-03-10 15:51:59,533 - INFO - LLM泛化成功，生成1个变体
2026-03-10 15:51:59,533 - INFO -   已生成 15/20：就在这儿停一下吧...
2026-03-10 15:51:59,533 - INFO - 调用LLM泛化query：在我这里停一下
2026-03-10 15:51:59,533 - INFO - LLM泛化成功，生成1个变体
2026-03-10 15:51:59,533 - INFO -   已生成 16/20：就在这儿停一下吧...
2026-03-10 15:51:59,533 - INFO - 调用LLM泛化query：在我这里停一下
2026-03-10 15:51:59,533 - INFO - LLM泛化成功，生成1个变体
2026-03-10 15:51:59,533 - INFO -   已生成 17/20：就在这儿停一下吧...
2026-03-10 15:51:59,533 - INFO - 调用LLM泛化query：在我这里停一下
2026-03-10 15:51:59,533 - INFO - LLM泛化成功，生成1个变体
2026-03-10 15:51:59,533 - INFO -   已生成 18/20：就在这儿停一下吧...
2026-03-10 15:51:59,533 - INFO - 调用LLM泛化query：在我这里停一下
2026-03-10 15:51:59,533 - INFO - LLM泛化成功，生成1个变体
2026-03-10 15:51:59,533 - INFO -   已生成 19/20：就在这儿停一下吧...
2026-03-10 15:51:59,533 - INFO - 调用LLM泛化query：在我这里停一下
2026-03-10 15:51:59,533 - INFO - LLM泛化成功，生成1个变体
2026-03-10 15:51:59,533 - INFO -   已生成 20/20：就在这儿停一下吧...
2026-03-10 15:51:59,533 - INFO - ID组 77 完成：基于1个原始query，新生成20个泛化query
2026-03-10 15:51:59,533 - INFO - 正在处理ID组 78/111：ID=72
2026-03-10 15:51:59,533 - INFO - 该ID组有2个原始query
2026-03-10 15:51:59,533 - INFO - 对应function：{"name":"vla_control", "arguments":{"action":"paus...
2026-03-10 15:51:59,533 - INFO - 该ID组需要新生成：20个泛化query（比例1:20）
2026-03-10 15:51:59,534 - INFO - 调用LLM泛化query：停左边车位
2026-03-10 15:52:02,099 - INFO - LLM泛化成功，生成1个变体
2026-03-10 15:52:02,099 - INFO -   已生成 1/20：麻烦停到左边那个车位吧，我拿东西方便一点（礼貌型，带原因）...
2026-03-10 15:52:02,100 - INFO - 调用LLM泛化query：停右边车位
2026-03-10 15:52:04,012 - INFO - LLM泛化成功，生成1个变体
2026-03-10 15:52:04,012 - INFO -   已生成 2/20：麻烦停到右边的车位吧，我带着孩子不方便走太远（礼貌型，带原因...
2026-03-10 15:52:04,013 - INFO - 调用LLM泛化query：停左边车位
2026-03-10 15:52:04,013 - INFO - LLM泛化成功，生成1个变体
2026-03-10 15:52:04,013 - INFO -   已生成 3/20：麻烦停到左边那个车位吧，我拿东西方便一点（礼貌型，带原因）...
2026-03-10 15:52:04,013 - INFO - 调用LLM泛化query：停右边车位
2026-03-10 15:52:04,014 - INFO - LLM泛化成功，生成1个变体
2026-03-10 15:52:04,014 - INFO -   已生成 4/20：麻烦停到右边的车位吧，我带着孩子不方便走太远（礼貌型，带原因...
2026-03-10 15:52:04,014 - INFO - 调用LLM泛化query：停左边车位
2026-03-10 15:52:04,014 - INFO - LLM泛化成功，生成1个变体
2026-03-10 15:52:04,015 - INFO -   已生成 5/20：麻烦停到左边那个车位吧，我拿东西方便一点（礼貌型，带原因）...
2026-03-10 15:52:04,015 - INFO - 调用LLM泛化query：停右边车位
2026-03-10 15:52:04,015 - INFO - LLM泛化成功，生成1个变体
2026-03-10 15:52:04,015 - INFO -   已生成 6/20：麻烦停到右边的车位吧，我带着孩子不方便走太远（礼貌型，带原因...
2026-03-10 15:52:04,015 - INFO - 调用LLM泛化query：停左边车位
2026-03-10 15:52:04,016 - INFO - LLM泛化成功，生成1个变体
2026-03-10 15:52:04,016 - INFO -   已生成 7/20：麻烦停到左边那个车位吧，我拿东西方便一点（礼貌型，带原因）...
2026-03-10 15:52:04,016 - INFO - 调用LLM泛化query：停右边车位
2026-03-10 15:52:04,016 - INFO - LLM泛化成功，生成1个变体
2026-03-10 15:52:04,016 - INFO -   已生成 8/20：麻烦停到右边的车位吧，我带着孩子不方便走太远（礼貌型，带原因...
2026-03-10 15:52:04,016 - INFO - 调用LLM泛化query：停左边车位
2026-03-10 15:52:04,016 - INFO - LLM泛化成功，生成1个变体
2026-03-10 15:52:04,016 - INFO -   已生成 9/20：麻烦停到左边那个车位吧，我拿东西方便一点（礼貌型，带原因）...
2026-03-10 15:52:04,017 - INFO - 调用LLM泛化query：停右边车位
2026-03-10 15:52:04,017 - INFO - LLM泛化成功，生成1个变体
2026-03-10 15:52:04,017 - INFO -   已生成 10/20：麻烦停到右边的车位吧，我带着孩子不方便走太远（礼貌型，带原因...
2026-03-10 15:52:04,017 - INFO - 调用LLM泛化query：停左边车位
2026-03-10 15:52:04,017 - INFO - LLM泛化成功，生成1个变体
2026-03-10 15:52:04,017 - INFO -   已生成 11/20：麻烦停到左边那个车位吧，我拿东西方便一点（礼貌型，带原因）...
2026-03-10 15:52:04,017 - INFO - 调用LLM泛化query：停右边车位
2026-03-10 15:52:04,018 - INFO - LLM泛化成功，生成1个变体
2026-03-10 15:52:04,018 - INFO -   已生成 12/20：麻烦停到右边的车位吧，我带着孩子不方便走太远（礼貌型，带原因...
2026-03-10 15:52:04,018 - INFO - 调用LLM泛化query：停左边车位
2026-03-10 15:52:04,018 - INFO - LLM泛化成功，生成1个变体
2026-03-10 15:52:04,018 - INFO -   已生成 13/20：麻烦停到左边那个车位吧，我拿东西方便一点（礼貌型，带原因）...
2026-03-10 15:52:04,018 - INFO - 调用LLM泛化query：停右边车位
2026-03-10 15:52:04,018 - INFO - LLM泛化成功，生成1个变体
2026-03-10 15:52:04,018 - INFO -   已生成 14/20：麻烦停到右边的车位吧，我带着孩子不方便走太远（礼貌型，带原因...
2026-03-10 15:52:04,018 - INFO - 调用LLM泛化query：停左边车位
2026-03-10 15:52:04,018 - INFO - LLM泛化成功，生成1个变体
2026-03-10 15:52:04,019 - INFO -   已生成 15/20：麻烦停到左边那个车位吧，我拿东西方便一点（礼貌型，带原因）...
2026-03-10 15:52:04,019 - INFO - 调用LLM泛化query：停右边车位
2026-03-10 15:52:04,019 - INFO - LLM泛化成功，生成1个变体
2026-03-10 15:52:04,019 - INFO -   已生成 16/20：麻烦停到右边的车位吧，我带着孩子不方便走太远（礼貌型，带原因...
2026-03-10 15:52:04,019 - INFO - 调用LLM泛化query：停左边车位
2026-03-10 15:52:04,019 - INFO - LLM泛化成功，生成1个变体
2026-03-10 15:52:04,019 - INFO -   已生成 17/20：麻烦停到左边那个车位吧，我拿东西方便一点（礼貌型，带原因）...
2026-03-10 15:52:04,019 - INFO - 调用LLM泛化query：停右边车位
2026-03-10 15:52:04,019 - INFO - LLM泛化成功，生成1个变体
2026-03-10 15:52:04,019 - INFO -   已生成 18/20：麻烦停到右边的车位吧，我带着孩子不方便走太远（礼貌型，带原因...
2026-03-10 15:52:04,020 - INFO - 调用LLM泛化query：停左边车位
2026-03-10 15:52:04,020 - INFO - LLM泛化成功，生成1个变体
2026-03-10 15:52:04,020 - INFO -   已生成 19/20：麻烦停到左边那个车位吧，我拿东西方便一点（礼貌型，带原因）...
2026-03-10 15:52:04,020 - INFO - 调用LLM泛化query：停右边车位
2026-03-10 15:52:04,020 - INFO - LLM泛化成功，生成1个变体
2026-03-10 15:52:04,020 - INFO -   已生成 20/20：麻烦停到右边的车位吧，我带着孩子不方便走太远（礼貌型，带原因...
2026-03-10 15:52:04,020 - INFO - ID组 78 完成：基于2个原始query，新生成20个泛化query
2026-03-10 15:52:04,020 - INFO - 正在处理ID组 79/111：ID=73
2026-03-10 15:52:04,020 - INFO - 该ID组有2个原始query
2026-03-10 15:52:04,020 - INFO - 对应function：{"name":"vla_control", "arguments":{"action":"park...
2026-03-10 15:52:04,020 - INFO - 该ID组需要新生成：20个泛化query（比例1:20）
2026-03-10 15:52:04,020 - INFO - 调用LLM泛化query：泊左边吧
2026-03-10 15:52:06,535 - INFO - LLM泛化成功，生成1个变体
2026-03-10 15:52:06,536 - INFO -   已生成 1/20：停左边这儿吧。...
2026-03-10 15:52:06,536 - INFO - 调用LLM泛化query：在右前方泊车
2026-03-10 15:52:08,344 - INFO - LLM泛化成功，生成1个变体
2026-03-10 15:52:08,344 - INFO -   已生成 2/20：麻烦在右前方帮我泊车吧...
2026-03-10 15:52:08,345 - INFO - 调用LLM泛化query：泊左边吧
2026-03-10 15:52:08,345 - INFO - LLM泛化成功，生成1个变体
2026-03-10 15:52:08,345 - INFO -   已生成 3/20：停左边这儿吧。...
2026-03-10 15:52:08,345 - INFO - 调用LLM泛化query：在右前方泊车
2026-03-10 15:52:08,345 - INFO - LLM泛化成功，生成1个变体
2026-03-10 15:52:08,345 - INFO -   已生成 4/20：麻烦在右前方帮我泊车吧...
2026-03-10 15:52:08,345 - INFO - 调用LLM泛化query：泊左边吧
2026-03-10 15:52:08,345 - INFO - LLM泛化成功，生成1个变体
2026-03-10 15:52:08,346 - INFO -   已生成 5/20：停左边这儿吧。...
2026-03-10 15:52:08,346 - INFO - 调用LLM泛化query：在右前方泊车
2026-03-10 15:52:08,346 - INFO - LLM泛化成功，生成1个变体
2026-03-10 15:52:08,346 - INFO -   已生成 6/20：麻烦在右前方帮我泊车吧...
2026-03-10 15:52:08,346 - INFO - 调用LLM泛化query：泊左边吧
2026-03-10 15:52:08,346 - INFO - LLM泛化成功，生成1个变体
2026-03-10 15:52:08,346 - INFO -   已生成 7/20：停左边这儿吧。...
2026-03-10 15:52:08,346 - INFO - 调用LLM泛化query：在右前方泊车
2026-03-10 15:52:08,346 - INFO - LLM泛化成功，生成1个变体
2026-03-10 15:52:08,346 - INFO -   已生成 8/20：麻烦在右前方帮我泊车吧...
2026-03-10 15:52:08,347 - INFO - 调用LLM泛化query：泊左边吧
2026-03-10 15:52:08,347 - INFO - LLM泛化成功，生成1个变体
2026-03-10 15:52:08,347 - INFO -   已生成 9/20：停左边这儿吧。...
2026-03-10 15:52:08,347 - INFO - 调用LLM泛化query：在右前方泊车
2026-03-10 15:52:08,347 - INFO - LLM泛化成功，生成1个变体
2026-03-10 15:52:08,347 - INFO -   已生成 10/20：麻烦在右前方帮我泊车吧...
2026-03-10 15:52:08,347 - INFO - 调用LLM泛化query：泊左边吧
2026-03-10 15:52:08,347 - INFO - LLM泛化成功，生成1个变体
2026-03-10 15:52:08,347 - INFO -   已生成 11/20：停左边这儿吧。...
2026-03-10 15:52:08,347 - INFO - 调用LLM泛化query：在右前方泊车
2026-03-10 15:52:08,347 - INFO - LLM泛化成功，生成1个变体
2026-03-10 15:52:08,347 - INFO -   已生成 12/20：麻烦在右前方帮我泊车吧...
2026-03-10 15:52:08,347 - INFO - 调用LLM泛化query：泊左边吧
2026-03-10 15:52:08,347 - INFO - LLM泛化成功，生成1个变体
2026-03-10 15:52:08,347 - INFO -   已生成 13/20：停左边这儿吧。...
2026-03-10 15:52:08,347 - INFO - 调用LLM泛化query：在右前方泊车
2026-03-10 15:52:08,348 - INFO - LLM泛化成功，生成1个变体
2026-03-10 15:52:08,348 - INFO -   已生成 14/20：麻烦在右前方帮我泊车吧...
2026-03-10 15:52:08,348 - INFO - 调用LLM泛化query：泊左边吧
2026-03-10 15:52:08,348 - INFO - LLM泛化成功，生成1个变体
2026-03-10 15:52:08,348 - INFO -   已生成 15/20：停左边这儿吧。...
2026-03-10 15:52:08,348 - INFO - 调用LLM泛化query：在右前方泊车
2026-03-10 15:52:08,348 - INFO - LLM泛化成功，生成1个变体
2026-03-10 15:52:08,348 - INFO -   已生成 16/20：麻烦在右前方帮我泊车吧...
2026-03-10 15:52:08,348 - INFO - 调用LLM泛化query：泊左边吧
2026-03-10 15:52:08,348 - INFO - LLM泛化成功，生成1个变体
2026-03-10 15:52:08,348 - INFO -   已生成 17/20：停左边这儿吧。...
2026-03-10 15:52:08,348 - INFO - 调用LLM泛化query：在右前方泊车
2026-03-10 15:52:08,348 - INFO - LLM泛化成功，生成1个变体
2026-03-10 15:52:08,348 - INFO -   已生成 18/20：麻烦在右前方帮我泊车吧...
2026-03-10 15:52:08,348 - INFO - 调用LLM泛化query：泊左边吧
2026-03-10 15:52:08,348 - INFO - LLM泛化成功，生成1个变体
2026-03-10 15:52:08,348 - INFO -   已生成 19/20：停左边这儿吧。...
2026-03-10 15:52:08,348 - INFO - 调用LLM泛化query：在右前方泊车
2026-03-10 15:52:08,348 - INFO - LLM泛化成功，生成1个变体
2026-03-10 15:52:08,348 - INFO -   已生成 20/20：麻烦在右前方帮我泊车吧...
2026-03-10 15:52:08,348 - INFO - ID组 79 完成：基于2个原始query，新生成20个泛化query
2026-03-10 15:52:08,348 - INFO - 正在处理ID组 80/111：ID=111
2026-03-10 15:52:08,348 - INFO - 该ID组有5个原始query
2026-03-10 15:52:08,348 - INFO - 对应function：{"name":"vla_control", "arguments":{"action":"park...
2026-03-10 15:52:08,348 - INFO - 该ID组需要新生成：20个泛化query（比例1:20）
2026-03-10 15:52:08,348 - INFO - 调用LLM泛化query：在左边泊车
2026-03-10 15:52:09,763 - INFO - LLM泛化成功，生成1个变体
2026-03-10 15:52:09,764 - INFO -   已生成 1/20：麻烦在左边帮我泊车一下吧，我着急去取东西。...
2026-03-10 15:52:09,764 - INFO - 调用LLM泛化query：左侧泊车吧
2026-03-10 15:52:11,809 - INFO - LLM泛化成功，生成1个变体
2026-03-10 15:52:11,809 - INFO -   已生成 2/20：麻烦帮我在左边泊车一下。...
2026-03-10 15:52:11,809 - INFO - 调用LLM泛化query：我要在前面泊车
2026-03-10 15:52:13,358 - INFO - LLM泛化成功，生成1个变体
2026-03-10 15:52:13,358 - INFO -   已生成 3/20：帮我在前面泊车吧，快到地方了。...
2026-03-10 15:52:13,359 - INFO - 调用LLM泛化query：把车泊进右面去
2026-03-10 15:52:15,445 - INFO - LLM泛化成功，生成1个变体
2026-03-10 15:52:15,445 - INFO -   已生成 4/20：泊到右边那个位置吧，我拿东西方便一点。...
2026-03-10 15:52:15,445 - INFO - 调用LLM泛化query：左边泊车
2026-03-10 15:52:16,945 - INFO - LLM泛化成功，生成1个变体
2026-03-10 15:52:16,946 - INFO -   已生成 5/20：往左边泊车吧，我要下车了（带原因+语气词）...
2026-03-10 15:52:16,946 - INFO - 调用LLM泛化query：在左边泊车
2026-03-10 15:52:16,946 - INFO - LLM泛化成功，生成1个变体
2026-03-10 15:52:16,947 - INFO -   已生成 6/20：麻烦在左边帮我泊车一下吧，我着急去取东西。...
2026-03-10 15:52:16,947 - INFO - 调用LLM泛化query：左侧泊车吧
2026-03-10 15:52:16,947 - INFO - LLM泛化成功，生成1个变体
2026-03-10 15:52:16,947 - INFO -   已生成 7/20：麻烦帮我在左边泊车一下。...
2026-03-10 15:52:16,947 - INFO - 调用LLM泛化query：我要在前面泊车
2026-03-10 15:52:16,948 - INFO - LLM泛化成功，生成1个变体
2026-03-10 15:52:16,948 - INFO -   已生成 8/20：帮我在前面泊车吧，快到地方了。...
2026-03-10 15:52:16,948 - INFO - 调用LLM泛化query：把车泊进右面去
2026-03-10 15:52:16,948 - INFO - LLM泛化成功，生成1个变体
2026-03-10 15:52:16,948 - INFO -   已生成 9/20：泊到右边那个位置吧，我拿东西方便一点。...
2026-03-10 15:52:16,948 - INFO - 调用LLM泛化query：左边泊车
2026-03-10 15:52:16,949 - INFO - LLM泛化成功，生成1个变体
2026-03-10 15:52:16,949 - INFO -   已生成 10/20：往左边泊车吧，我要下车了（带原因+语气词）...
2026-03-10 15:52:16,949 - INFO - 调用LLM泛化query：在左边泊车
2026-03-10 15:52:16,949 - INFO - LLM泛化成功，生成1个变体
2026-03-10 15:52:16,949 - INFO -   已生成 11/20：麻烦在左边帮我泊车一下吧，我着急去取东西。...
2026-03-10 15:52:16,949 - INFO - 调用LLM泛化query：左侧泊车吧
2026-03-10 15:52:16,949 - INFO - LLM泛化成功，生成1个变体
2026-03-10 15:52:16,949 - INFO -   已生成 12/20：麻烦帮我在左边泊车一下。...
2026-03-10 15:52:16,950 - INFO - 调用LLM泛化query：我要在前面泊车
2026-03-10 15:52:16,950 - INFO - LLM泛化成功，生成1个变体
2026-03-10 15:52:16,950 - INFO -   已生成 13/20：帮我在前面泊车吧，快到地方了。...
2026-03-10 15:52:16,950 - INFO - 调用LLM泛化query：把车泊进右面去
2026-03-10 15:52:16,950 - INFO - LLM泛化成功，生成1个变体
2026-03-10 15:52:16,950 - INFO -   已生成 14/20：泊到右边那个位置吧，我拿东西方便一点。...
2026-03-10 15:52:16,950 - INFO - 调用LLM泛化query：左边泊车
2026-03-10 15:52:16,950 - INFO - LLM泛化成功，生成1个变体
2026-03-10 15:52:16,950 - INFO -   已生成 15/20：往左边泊车吧，我要下车了（带原因+语气词）...
2026-03-10 15:52:16,951 - INFO - 调用LLM泛化query：在左边泊车
2026-03-10 15:52:16,951 - INFO - LLM泛化成功，生成1个变体
2026-03-10 15:52:16,951 - INFO -   已生成 16/20：麻烦在左边帮我泊车一下吧，我着急去取东西。...
2026-03-10 15:52:16,951 - INFO - 调用LLM泛化query：左侧泊车吧
2026-03-10 15:52:16,951 - INFO - LLM泛化成功，生成1个变体
2026-03-10 15:52:16,951 - INFO -   已生成 17/20：麻烦帮我在左边泊车一下。...
2026-03-10 15:52:16,951 - INFO - 调用LLM泛化query：我要在前面泊车
2026-03-10 15:52:16,951 - INFO - LLM泛化成功，生成1个变体
2026-03-10 15:52:16,951 - INFO -   已生成 18/20：帮我在前面泊车吧，快到地方了。...
2026-03-10 15:52:16,952 - INFO - 调用LLM泛化query：把车泊进右面去
2026-03-10 15:52:16,952 - INFO - LLM泛化成功，生成1个变体
2026-03-10 15:52:16,952 - INFO -   已生成 19/20：泊到右边那个位置吧，我拿东西方便一点。...
2026-03-10 15:52:16,952 - INFO - 调用LLM泛化query：左边泊车
2026-03-10 15:52:16,952 - INFO - LLM泛化成功，生成1个变体
2026-03-10 15:52:16,952 - INFO -   已生成 20/20：往左边泊车吧，我要下车了（带原因+语气词）...
2026-03-10 15:52:16,952 - INFO - ID组 80 完成：基于5个原始query，新生成20个泛化query
2026-03-10 15:52:16,952 - INFO - 正在处理ID组 81/111：ID=74
2026-03-10 15:52:16,952 - INFO - 该ID组有3个原始query
2026-03-10 15:52:16,952 - INFO - 对应function：{"name":"vla_control", "arguments":{"action":"park...
2026-03-10 15:52:16,952 - INFO - 该ID组需要新生成：20个泛化query（比例1:20）
2026-03-10 15:52:16,953 - INFO - 调用LLM泛化query：把车停到左边的车位里
2026-03-10 15:52:18,868 - INFO - LLM泛化成功，生成1个变体
2026-03-10 15:52:18,868 - INFO -   已生成 1/20：停到左边那个车位吧，我拿东西方便一点...
2026-03-10 15:52:18,868 - INFO - 调用LLM泛化query：停到右边的车位里
2026-03-10 15:52:20,604 - INFO - LLM泛化成功，生成1个变体
2026-03-10 15:52:20,605 - INFO -   已生成 2/20：麻烦停到右边那个车位，谢谢啊...
2026-03-10 15:52:20,605 - INFO - 调用LLM泛化query：停前面车位
2026-03-10 15:52:20,605 - INFO - LLM泛化成功，生成1个变体
2026-03-10 15:52:20,606 - INFO -   已生成 3/20：停在前面的车位吧...
2026-03-10 15:52:20,606 - INFO - 调用LLM泛化query：把车停到左边的车位里
2026-03-10 15:52:20,606 - INFO - LLM泛化成功，生成1个变体
2026-03-10 15:52:20,606 - INFO -   已生成 4/20：停到左边那个车位吧，我拿东西方便一点...
2026-03-10 15:52:20,606 - INFO - 调用LLM泛化query：停到右边的车位里
2026-03-10 15:52:20,607 - INFO - LLM泛化成功，生成1个变体
2026-03-10 15:52:20,607 - INFO -   已生成 5/20：麻烦停到右边那个车位，谢谢啊...
2026-03-10 15:52:20,607 - INFO - 调用LLM泛化query：停前面车位
2026-03-10 15:52:20,607 - INFO - LLM泛化成功，生成1个变体
2026-03-10 15:52:20,607 - INFO -   已生成 6/20：停在前面的车位吧...
2026-03-10 15:52:20,607 - INFO - 调用LLM泛化query：把车停到左边的车位里
2026-03-10 15:52:20,607 - INFO - LLM泛化成功，生成1个变体
2026-03-10 15:52:20,608 - INFO -   已生成 7/20：停到左边那个车位吧，我拿东西方便一点...
2026-03-10 15:52:20,608 - INFO - 调用LLM泛化query：停到右边的车位里
2026-03-10 15:52:20,608 - INFO - LLM泛化成功，生成1个变体
2026-03-10 15:52:20,608 - INFO -   已生成 8/20：麻烦停到右边那个车位，谢谢啊...
2026-03-10 15:52:20,608 - INFO - 调用LLM泛化query：停前面车位
2026-03-10 15:52:20,608 - INFO - LLM泛化成功，生成1个变体
2026-03-10 15:52:20,608 - INFO -   已生成 9/20：停在前面的车位吧...
2026-03-10 15:52:20,608 - INFO - 调用LLM泛化query：把车停到左边的车位里
2026-03-10 15:52:20,608 - INFO - LLM泛化成功，生成1个变体
2026-03-10 15:52:20,609 - INFO -   已生成 10/20：停到左边那个车位吧，我拿东西方便一点...
2026-03-10 15:52:20,609 - INFO - 调用LLM泛化query：停到右边的车位里
2026-03-10 15:52:20,609 - INFO - LLM泛化成功，生成1个变体
2026-03-10 15:52:20,609 - INFO -   已生成 11/20：麻烦停到右边那个车位，谢谢啊...
2026-03-10 15:52:20,609 - INFO - 调用LLM泛化query：停前面车位
2026-03-10 15:52:20,609 - INFO - LLM泛化成功，生成1个变体
2026-03-10 15:52:20,609 - INFO -   已生成 12/20：停在前面的车位吧...
2026-03-10 15:52:20,609 - INFO - 调用LLM泛化query：把车停到左边的车位里
2026-03-10 15:52:20,609 - INFO - LLM泛化成功，生成1个变体
2026-03-10 15:52:20,609 - INFO -   已生成 13/20：停到左边那个车位吧，我拿东西方便一点...
2026-03-10 15:52:20,610 - INFO - 调用LLM泛化query：停到右边的车位里
2026-03-10 15:52:20,610 - INFO - LLM泛化成功，生成1个变体
2026-03-10 15:52:20,610 - INFO -   已生成 14/20：麻烦停到右边那个车位，谢谢啊...
2026-03-10 15:52:20,610 - INFO - 调用LLM泛化query：停前面车位
2026-03-10 15:52:20,610 - INFO - LLM泛化成功，生成1个变体
2026-03-10 15:52:20,610 - INFO -   已生成 15/20：停在前面的车位吧...
2026-03-10 15:52:20,610 - INFO - 调用LLM泛化query：把车停到左边的车位里
2026-03-10 15:52:20,610 - INFO - LLM泛化成功，生成1个变体
2026-03-10 15:52:20,610 - INFO -   已生成 16/20：停到左边那个车位吧，我拿东西方便一点...
2026-03-10 15:52:20,611 - INFO - 调用LLM泛化query：停到右边的车位里
2026-03-10 15:52:20,611 - INFO - LLM泛化成功，生成1个变体
2026-03-10 15:52:20,611 - INFO -   已生成 17/20：麻烦停到右边那个车位，谢谢啊...
2026-03-10 15:52:20,611 - INFO - 调用LLM泛化query：停前面车位
2026-03-10 15:52:20,611 - INFO - LLM泛化成功，生成1个变体
2026-03-10 15:52:20,611 - INFO -   已生成 18/20：停在前面的车位吧...
2026-03-10 15:52:20,611 - INFO - 调用LLM泛化query：把车停到左边的车位里
2026-03-10 15:52:20,611 - INFO - LLM泛化成功，生成1个变体
2026-03-10 15:52:20,611 - INFO -   已生成 19/20：停到左边那个车位吧，我拿东西方便一点...
2026-03-10 15:52:20,611 - INFO - 调用LLM泛化query：停到右边的车位里
2026-03-10 15:52:20,611 - INFO - LLM泛化成功，生成1个变体
2026-03-10 15:52:20,611 - INFO -   已生成 20/20：麻烦停到右边那个车位，谢谢啊...
2026-03-10 15:52:20,612 - INFO - ID组 81 完成：基于3个原始query，新生成20个泛化query
2026-03-10 15:52:20,612 - INFO - 正在处理ID组 82/111：ID=75
2026-03-10 15:52:20,612 - INFO - 该ID组有4个原始query
2026-03-10 15:52:20,612 - INFO - 对应function：{"name":"vla_control", "arguments":{"action":"park...
2026-03-10 15:52:20,612 - INFO - 该ID组需要新生成：20个泛化query（比例1:20）
2026-03-10 15:52:20,612 - INFO - 调用LLM泛化query：把车泊到左边车位里
2026-03-10 15:52:21,891 - INFO - LLM泛化成功，生成1个变体
2026-03-10 15:52:21,892 - INFO -   已生成 1/20：麻烦帮我把车停到左边的车位里吧...
2026-03-10 15:52:21,892 - INFO - 调用LLM泛化query：泊到左边的车位
2026-03-10 15:52:23,408 - INFO - LLM泛化成功，生成1个变体
2026-03-10 15:52:23,409 - INFO -   已生成 2/20：麻烦泊到左边那个车位吧。...
2026-03-10 15:52:23,410 - INFO - 调用LLM泛化query：泊右边的车位
2026-03-10 15:52:25,603 - INFO - LLM泛化成功，生成1个变体
2026-03-10 15:52:25,603 - INFO -   已生成 3/20：麻烦帮我泊到右边的车位吧...
2026-03-10 15:52:25,604 - INFO - 调用LLM泛化query：前面车位泊车
2026-03-10 15:52:27,298 - INFO - LLM泛化成功，生成1个变体
2026-03-10 15:52:27,298 - INFO -   已生成 4/20：帮我把车停到前面的车位吧，我得赶紧进去。...
2026-03-10 15:52:27,298 - INFO - 调用LLM泛化query：把车泊到左边车位里
2026-03-10 15:52:27,299 - INFO - LLM泛化成功，生成1个变体
2026-03-10 15:52:27,299 - INFO -   已生成 5/20：麻烦帮我把车停到左边的车位里吧...
2026-03-10 15:52:27,299 - INFO - 调用LLM泛化query：泊到左边的车位
2026-03-10 15:52:27,299 - INFO - LLM泛化成功，生成1个变体
2026-03-10 15:52:27,299 - INFO -   已生成 6/20：麻烦泊到左边那个车位吧。...
2026-03-10 15:52:27,299 - INFO - 调用LLM泛化query：泊右边的车位
2026-03-10 15:52:27,300 - INFO - LLM泛化成功，生成1个变体
2026-03-10 15:52:27,300 - INFO -   已生成 7/20：麻烦帮我泊到右边的车位吧...
2026-03-10 15:52:27,300 - INFO - 调用LLM泛化query：前面车位泊车
2026-03-10 15:52:27,300 - INFO - LLM泛化成功，生成1个变体
2026-03-10 15:52:27,300 - INFO -   已生成 8/20：帮我把车停到前面的车位吧，我得赶紧进去。...
2026-03-10 15:52:27,300 - INFO - 调用LLM泛化query：把车泊到左边车位里
2026-03-10 15:52:27,301 - INFO - LLM泛化成功，生成1个变体
2026-03-10 15:52:27,301 - INFO -   已生成 9/20：麻烦帮我把车停到左边的车位里吧...
2026-03-10 15:52:27,301 - INFO - 调用LLM泛化query：泊到左边的车位
2026-03-10 15:52:27,301 - INFO - LLM泛化成功，生成1个变体
2026-03-10 15:52:27,301 - INFO -   已生成 10/20：麻烦泊到左边那个车位吧。...
2026-03-10 15:52:27,301 - INFO - 调用LLM泛化query：泊右边的车位
2026-03-10 15:52:27,301 - INFO - LLM泛化成功，生成1个变体
2026-03-10 15:52:27,302 - INFO -   已生成 11/20：麻烦帮我泊到右边的车位吧...
2026-03-10 15:52:27,302 - INFO - 调用LLM泛化query：前面车位泊车
2026-03-10 15:52:27,302 - INFO - LLM泛化成功，生成1个变体
2026-03-10 15:52:27,302 - INFO -   已生成 12/20：帮我把车停到前面的车位吧，我得赶紧进去。...
2026-03-10 15:52:27,302 - INFO - 调用LLM泛化query：把车泊到左边车位里
2026-03-10 15:52:27,302 - INFO - LLM泛化成功，生成1个变体
2026-03-10 15:52:27,302 - INFO -   已生成 13/20：麻烦帮我把车停到左边的车位里吧...
2026-03-10 15:52:27,302 - INFO - 调用LLM泛化query：泊到左边的车位
2026-03-10 15:52:27,302 - INFO - LLM泛化成功，生成1个变体
2026-03-10 15:52:27,303 - INFO -   已生成 14/20：麻烦泊到左边那个车位吧。...
2026-03-10 15:52:27,303 - INFO - 调用LLM泛化query：泊右边的车位
2026-03-10 15:52:27,303 - INFO - LLM泛化成功，生成1个变体
2026-03-10 15:52:27,303 - INFO -   已生成 15/20：麻烦帮我泊到右边的车位吧...
2026-03-10 15:52:27,303 - INFO - 调用LLM泛化query：前面车位泊车
2026-03-10 15:52:27,303 - INFO - LLM泛化成功，生成1个变体
2026-03-10 15:52:27,303 - INFO -   已生成 16/20：帮我把车停到前面的车位吧，我得赶紧进去。...
2026-03-10 15:52:27,303 - INFO - 调用LLM泛化query：把车泊到左边车位里
2026-03-10 15:52:27,304 - INFO - LLM泛化成功，生成1个变体
2026-03-10 15:52:27,304 - INFO -   已生成 17/20：麻烦帮我把车停到左边的车位里吧...
2026-03-10 15:52:27,304 - INFO - 调用LLM泛化query：泊到左边的车位
2026-03-10 15:52:27,304 - INFO - LLM泛化成功，生成1个变体
2026-03-10 15:52:27,304 - INFO -   已生成 18/20：麻烦泊到左边那个车位吧。...
2026-03-10 15:52:27,304 - INFO - 调用LLM泛化query：泊右边的车位
2026-03-10 15:52:27,304 - INFO - LLM泛化成功，生成1个变体
2026-03-10 15:52:27,304 - INFO -   已生成 19/20：麻烦帮我泊到右边的车位吧...
2026-03-10 15:52:27,304 - INFO - 调用LLM泛化query：前面车位泊车
2026-03-10 15:52:27,304 - INFO - LLM泛化成功，生成1个变体
2026-03-10 15:52:27,305 - INFO -   已生成 20/20：帮我把车停到前面的车位吧，我得赶紧进去。...
2026-03-10 15:52:27,305 - INFO - ID组 82 完成：基于4个原始query，新生成20个泛化query
2026-03-10 15:52:27,305 - INFO - 正在处理ID组 83/111：ID=76
2026-03-10 15:52:27,305 - INFO - 该ID组有3个原始query
2026-03-10 15:52:27,305 - INFO - 对应function：{"name":"vla_control", "arguments":{"action":"navi...
2026-03-10 15:52:27,305 - INFO - 该ID组需要新生成：20个泛化query（比例1:20）
2026-03-10 15:52:27,305 - INFO - 调用LLM泛化query：把车开到左边车位里
2026-03-10 15:52:28,576 - INFO - LLM泛化成功，生成1个变体
2026-03-10 15:52:28,577 - INFO -   已生成 1/20：麻烦把车开到左边那个车位里吧。...
2026-03-10 15:52:28,577 - INFO - 调用LLM泛化query：开到右边车位
2026-03-10 15:52:30,358 - INFO - LLM泛化成功，生成1个变体
2026-03-10 15:52:30,359 - INFO -   已生成 2/20：麻烦开到右边那个车位吧。...
2026-03-10 15:52:30,359 - INFO - 调用LLM泛化query：开到前面车位
2026-03-10 15:52:32,433 - INFO - LLM泛化成功，生成1个变体
2026-03-10 15:52:32,433 - INFO -   已生成 3/20：往前开到车位吧，我带着孩子不方便走太远...
2026-03-10 15:52:32,434 - INFO - 调用LLM泛化query：把车开到左边车位里
2026-03-10 15:52:32,434 - INFO - LLM泛化成功，生成1个变体
2026-03-10 15:52:32,434 - INFO -   已生成 4/20：麻烦把车开到左边那个车位里吧。...
2026-03-10 15:52:32,434 - INFO - 调用LLM泛化query：开到右边车位
2026-03-10 15:52:32,434 - INFO - LLM泛化成功，生成1个变体
2026-03-10 15:52:32,435 - INFO -   已生成 5/20：麻烦开到右边那个车位吧。...
2026-03-10 15:52:32,435 - INFO - 调用LLM泛化query：开到前面车位
2026-03-10 15:52:32,435 - INFO - LLM泛化成功，生成1个变体
2026-03-10 15:52:32,435 - INFO -   已生成 6/20：往前开到车位吧，我带着孩子不方便走太远...
2026-03-10 15:52:32,435 - INFO - 调用LLM泛化query：把车开到左边车位里
2026-03-10 15:52:32,435 - INFO - LLM泛化成功，生成1个变体
2026-03-10 15:52:32,435 - INFO -   已生成 7/20：麻烦把车开到左边那个车位里吧。...
2026-03-10 15:52:32,435 - INFO - 调用LLM泛化query：开到右边车位
2026-03-10 15:52:32,436 - INFO - LLM泛化成功，生成1个变体
2026-03-10 15:52:32,436 - INFO -   已生成 8/20：麻烦开到右边那个车位吧。...
2026-03-10 15:52:32,436 - INFO - 调用LLM泛化query：开到前面车位
2026-03-10 15:52:32,436 - INFO - LLM泛化成功，生成1个变体
2026-03-10 15:52:32,436 - INFO -   已生成 9/20：往前开到车位吧，我带着孩子不方便走太远...
2026-03-10 15:52:32,436 - INFO - 调用LLM泛化query：把车开到左边车位里
2026-03-10 15:52:32,436 - INFO - LLM泛化成功，生成1个变体
2026-03-10 15:52:32,437 - INFO -   已生成 10/20：麻烦把车开到左边那个车位里吧。...
2026-03-10 15:52:32,437 - INFO - 调用LLM泛化query：开到右边车位
2026-03-10 15:52:32,437 - INFO - LLM泛化成功，生成1个变体
2026-03-10 15:52:32,437 - INFO -   已生成 11/20：麻烦开到右边那个车位吧。...
2026-03-10 15:52:32,437 - INFO - 调用LLM泛化query：开到前面车位
2026-03-10 15:52:32,437 - INFO - LLM泛化成功，生成1个变体
2026-03-10 15:52:32,437 - INFO -   已生成 12/20：往前开到车位吧，我带着孩子不方便走太远...
2026-03-10 15:52:32,437 - INFO - 调用LLM泛化query：把车开到左边车位里
2026-03-10 15:52:32,437 - INFO - LLM泛化成功，生成1个变体
2026-03-10 15:52:32,437 - INFO -   已生成 13/20：麻烦把车开到左边那个车位里吧。...
2026-03-10 15:52:32,438 - INFO - 调用LLM泛化query：开到右边车位
2026-03-10 15:52:32,438 - INFO - LLM泛化成功，生成1个变体
2026-03-10 15:52:32,438 - INFO -   已生成 14/20：麻烦开到右边那个车位吧。...
2026-03-10 15:52:32,438 - INFO - 调用LLM泛化query：开到前面车位
2026-03-10 15:52:32,438 - INFO - LLM泛化成功，生成1个变体
2026-03-10 15:52:32,438 - INFO -   已生成 15/20：往前开到车位吧，我带着孩子不方便走太远...
2026-03-10 15:52:32,438 - INFO - 调用LLM泛化query：把车开到左边车位里
2026-03-10 15:52:32,438 - INFO - LLM泛化成功，生成1个变体
2026-03-10 15:52:32,438 - INFO -   已生成 16/20：麻烦把车开到左边那个车位里吧。...
2026-03-10 15:52:32,439 - INFO - 调用LLM泛化query：开到右边车位
2026-03-10 15:52:32,439 - INFO - LLM泛化成功，生成1个变体
2026-03-10 15:52:32,439 - INFO -   已生成 17/20：麻烦开到右边那个车位吧。...
2026-03-10 15:52:32,439 - INFO - 调用LLM泛化query：开到前面车位
2026-03-10 15:52:32,439 - INFO - LLM泛化成功，生成1个变体
2026-03-10 15:52:32,439 - INFO -   已生成 18/20：往前开到车位吧，我带着孩子不方便走太远...
2026-03-10 15:52:32,439 - INFO - 调用LLM泛化query：把车开到左边车位里
2026-03-10 15:52:32,439 - INFO - LLM泛化成功，生成1个变体
2026-03-10 15:52:32,439 - INFO -   已生成 19/20：麻烦把车开到左边那个车位里吧。...
2026-03-10 15:52:32,439 - INFO - 调用LLM泛化query：开到右边车位
2026-03-10 15:52:32,439 - INFO - LLM泛化成功，生成1个变体
2026-03-10 15:52:32,439 - INFO -   已生成 20/20：麻烦开到右边那个车位吧。...
2026-03-10 15:52:32,440 - INFO - ID组 83 完成：基于3个原始query，新生成20个泛化query
2026-03-10 15:52:32,440 - INFO - 正在处理ID组 84/111：ID=77
2026-03-10 15:52:32,440 - INFO - 该ID组有6个原始query
2026-03-10 15:52:32,440 - INFO - 对应function：{"name":"vla_control", "arguments":{"action":"park...
2026-03-10 15:52:32,440 - INFO - 该ID组需要新生成：20个泛化query（比例1:20）
2026-03-10 15:52:32,440 - INFO - 调用LLM泛化query：左边停车
2026-03-10 15:52:34,206 - INFO - LLM泛化成功，生成1个变体
2026-03-10 15:52:34,207 - INFO -   已生成 1/20：往左边停一下吧，我要下车（带场景+语气词）...
2026-03-10 15:52:34,207 - INFO - 调用LLM泛化query：我要右边停车
2026-03-10 15:52:35,876 - INFO - LLM泛化成功，生成1个变体
2026-03-10 15:52:35,876 - INFO -   已生成 2/20：帮我在右边停一下车吧...
2026-03-10 15:52:35,876 - INFO - 调用LLM泛化query：帮我前面停车
2026-03-10 15:52:38,322 - INFO - LLM泛化成功，生成1个变体
2026-03-10 15:52:38,323 - INFO -   已生成 3/20：前面停一下吧，我拿点东西（带情境+语气词）...
2026-03-10 15:52:38,323 - INFO - 调用LLM泛化query：开始左边停车
2026-03-10 15:52:40,045 - INFO - LLM泛化成功，生成1个变体
2026-03-10 15:52:40,045 - INFO -   已生成 4/20：麻烦帮我在左边开始停车吧（礼貌型，带语气词）...
2026-03-10 15:52:40,045 - INFO - 调用LLM泛化query：继续右边停车
2026-03-10 15:52:41,579 - INFO - LLM泛化成功，生成1个变体
2026-03-10 15:52:41,579 - INFO -   已生成 5/20：麻烦继续往右边停一下吧（礼貌型，口语化）...
2026-03-10 15:52:41,579 - INFO - 调用LLM泛化query：立即前面停车
2026-03-10 15:52:43,456 - INFO - LLM泛化成功，生成1个变体
2026-03-10 15:52:43,456 - INFO -   已生成 6/20：赶紧在前面停一下吧，着急呢...
2026-03-10 15:52:43,456 - INFO - 调用LLM泛化query：左边停车
2026-03-10 15:52:43,456 - INFO - LLM泛化成功，生成1个变体
2026-03-10 15:52:43,456 - INFO -   已生成 7/20：往左边停一下吧，我要下车（带场景+语气词）...
2026-03-10 15:52:43,456 - INFO - 调用LLM泛化query：我要右边停车
2026-03-10 15:52:43,457 - INFO - LLM泛化成功，生成1个变体
2026-03-10 15:52:43,457 - INFO -   已生成 8/20：帮我在右边停一下车吧...
2026-03-10 15:52:43,457 - INFO - 调用LLM泛化query：帮我前面停车
2026-03-10 15:52:43,457 - INFO - LLM泛化成功，生成1个变体
2026-03-10 15:52:43,457 - INFO -   已生成 9/20：前面停一下吧，我拿点东西（带情境+语气词）...
2026-03-10 15:52:43,457 - INFO - 调用LLM泛化query：开始左边停车
2026-03-10 15:52:43,457 - INFO - LLM泛化成功，生成1个变体
2026-03-10 15:52:43,457 - INFO -   已生成 10/20：麻烦帮我在左边开始停车吧（礼貌型，带语气词）...
2026-03-10 15:52:43,457 - INFO - 调用LLM泛化query：继续右边停车
2026-03-10 15:52:43,458 - INFO - LLM泛化成功，生成1个变体
2026-03-10 15:52:43,458 - INFO -   已生成 11/20：麻烦继续往右边停一下吧（礼貌型，口语化）...
2026-03-10 15:52:43,458 - INFO - 调用LLM泛化query：立即前面停车
2026-03-10 15:52:43,458 - INFO - LLM泛化成功，生成1个变体
2026-03-10 15:52:43,458 - INFO -   已生成 12/20：赶紧在前面停一下吧，着急呢...
2026-03-10 15:52:43,458 - INFO - 调用LLM泛化query：左边停车
2026-03-10 15:52:43,458 - INFO - LLM泛化成功，生成1个变体
2026-03-10 15:52:43,458 - INFO -   已生成 13/20：往左边停一下吧，我要下车（带场景+语气词）...
2026-03-10 15:52:43,458 - INFO - 调用LLM泛化query：我要右边停车
2026-03-10 15:52:43,458 - INFO - LLM泛化成功，生成1个变体
2026-03-10 15:52:43,459 - INFO -   已生成 14/20：帮我在右边停一下车吧...
2026-03-10 15:52:43,459 - INFO - 调用LLM泛化query：帮我前面停车
2026-03-10 15:52:43,459 - INFO - LLM泛化成功，生成1个变体
2026-03-10 15:52:43,459 - INFO -   已生成 15/20：前面停一下吧，我拿点东西（带情境+语气词）...
2026-03-10 15:52:43,459 - INFO - 调用LLM泛化query：开始左边停车
2026-03-10 15:52:43,459 - INFO - LLM泛化成功，生成1个变体
2026-03-10 15:52:43,459 - INFO -   已生成 16/20：麻烦帮我在左边开始停车吧（礼貌型，带语气词）...
2026-03-10 15:52:43,459 - INFO - 调用LLM泛化query：继续右边停车
2026-03-10 15:52:43,460 - INFO - LLM泛化成功，生成1个变体
2026-03-10 15:52:43,460 - INFO -   已生成 17/20：麻烦继续往右边停一下吧（礼貌型，口语化）...
2026-03-10 15:52:43,460 - INFO - 调用LLM泛化query：立即前面停车
2026-03-10 15:52:43,460 - INFO - LLM泛化成功，生成1个变体
2026-03-10 15:52:43,460 - INFO -   已生成 18/20：赶紧在前面停一下吧，着急呢...
2026-03-10 15:52:43,460 - INFO - 调用LLM泛化query：左边停车
2026-03-10 15:52:43,460 - INFO - LLM泛化成功，生成1个变体
2026-03-10 15:52:43,460 - INFO -   已生成 19/20：往左边停一下吧，我要下车（带场景+语气词）...
2026-03-10 15:52:43,460 - INFO - 调用LLM泛化query：我要右边停车
2026-03-10 15:52:43,460 - INFO - LLM泛化成功，生成1个变体
2026-03-10 15:52:43,461 - INFO -   已生成 20/20：帮我在右边停一下车吧...
2026-03-10 15:52:43,461 - INFO - ID组 84 完成：基于6个原始query，新生成20个泛化query
2026-03-10 15:52:43,461 - INFO - 正在处理ID组 85/111：ID=78
2026-03-10 15:52:43,461 - INFO - 该ID组有5个原始query
2026-03-10 15:52:43,462 - INFO - 对应function：111...
2026-03-10 15:52:43,462 - INFO - 该ID组需要新生成：20个泛化query（比例1:20）
2026-03-10 15:52:43,462 - INFO - 调用LLM泛化query：靠左在左边离车泊入
2026-03-10 15:52:45,871 - INFO - LLM泛化成功，生成1个变体
2026-03-10 15:52:45,872 - INFO -   已生成 1/20：往左靠一点，在左边离车泊入吧...
2026-03-10 15:52:45,872 - INFO - 调用LLM泛化query：靠右开启离车泊入右边
2026-03-10 15:52:47,357 - INFO - LLM泛化成功，生成1个变体
2026-03-10 15:52:47,358 - INFO -   已生成 2/20：麻烦靠右开启离车泊入，停在右边吧（礼貌型，带语气词）...
2026-03-10 15:52:47,358 - INFO - 调用LLM泛化query：继续居中离车泊入右边
2026-03-10 15:52:49,107 - INFO - LLM泛化成功，生成1个变体
2026-03-10 15:52:49,108 - INFO -   已生成 3/20：继续居中泊入右边吧，我下车去办点事。...
2026-03-10 15:52:49,108 - INFO - 调用LLM泛化query：在左边居中离车泊入车位
2026-03-10 15:52:53,012 - INFO - LLM泛化成功，生成1个变体
2026-03-10 15:52:53,013 - INFO -   已生成 4/20：麻烦在左边居中泊入车位吧，我要下车了...
2026-03-10 15:52:53,013 - INFO - 调用LLM泛化query：居中离车泊入左边的车位
2026-03-10 15:52:55,223 - INFO - LLM泛化成功，生成1个变体
2026-03-10 15:52:55,223 - INFO -   已生成 5/20：麻烦帮我居中离车泊入左边那个车位吧，我带着孩子不方便调车...
2026-03-10 15:52:55,223 - INFO - 调用LLM泛化query：靠左在左边离车泊入
2026-03-10 15:52:55,223 - INFO - LLM泛化成功，生成1个变体
2026-03-10 15:52:55,224 - INFO -   已生成 6/20：往左靠一点，在左边离车泊入吧...
2026-03-10 15:52:55,224 - INFO - 调用LLM泛化query：靠右开启离车泊入右边
2026-03-10 15:52:55,224 - INFO - LLM泛化成功，生成1个变体
2026-03-10 15:52:55,224 - INFO -   已生成 7/20：麻烦靠右开启离车泊入，停在右边吧（礼貌型，带语气词）...
2026-03-10 15:52:55,224 - INFO - 调用LLM泛化query：继续居中离车泊入右边
2026-03-10 15:52:55,224 - INFO - LLM泛化成功，生成1个变体
2026-03-10 15:52:55,224 - INFO -   已生成 8/20：继续居中泊入右边吧，我下车去办点事。...
2026-03-10 15:52:55,224 - INFO - 调用LLM泛化query：在左边居中离车泊入车位
2026-03-10 15:52:55,224 - INFO - LLM泛化成功，生成1个变体
2026-03-10 15:52:55,224 - INFO -   已生成 9/20：麻烦在左边居中泊入车位吧，我要下车了...
2026-03-10 15:52:55,225 - INFO - 调用LLM泛化query：居中离车泊入左边的车位
2026-03-10 15:52:55,225 - INFO - LLM泛化成功，生成1个变体
2026-03-10 15:52:55,225 - INFO -   已生成 10/20：麻烦帮我居中离车泊入左边那个车位吧，我带着孩子不方便调车...
2026-03-10 15:52:55,225 - INFO - 调用LLM泛化query：靠左在左边离车泊入
2026-03-10 15:52:55,225 - INFO - LLM泛化成功，生成1个变体
2026-03-10 15:52:55,225 - INFO -   已生成 11/20：往左靠一点，在左边离车泊入吧...
2026-03-10 15:52:55,225 - INFO - 调用LLM泛化query：靠右开启离车泊入右边
2026-03-10 15:52:55,225 - INFO - LLM泛化成功，生成1个变体
2026-03-10 15:52:55,225 - INFO -   已生成 12/20：麻烦靠右开启离车泊入，停在右边吧（礼貌型，带语气词）...
2026-03-10 15:52:55,225 - INFO - 调用LLM泛化query：继续居中离车泊入右边
2026-03-10 15:52:55,226 - INFO - LLM泛化成功，生成1个变体
2026-03-10 15:52:55,226 - INFO -   已生成 13/20：继续居中泊入右边吧，我下车去办点事。...
2026-03-10 15:52:55,226 - INFO - 调用LLM泛化query：在左边居中离车泊入车位
2026-03-10 15:52:55,226 - INFO - LLM泛化成功，生成1个变体
2026-03-10 15:52:55,226 - INFO -   已生成 14/20：麻烦在左边居中泊入车位吧，我要下车了...
2026-03-10 15:52:55,226 - INFO - 调用LLM泛化query：居中离车泊入左边的车位
2026-03-10 15:52:55,226 - INFO - LLM泛化成功，生成1个变体
2026-03-10 15:52:55,226 - INFO -   已生成 15/20：麻烦帮我居中离车泊入左边那个车位吧，我带着孩子不方便调车...
2026-03-10 15:52:55,226 - INFO - 调用LLM泛化query：靠左在左边离车泊入
2026-03-10 15:52:55,227 - INFO - LLM泛化成功，生成1个变体
2026-03-10 15:52:55,227 - INFO -   已生成 16/20：往左靠一点，在左边离车泊入吧...
2026-03-10 15:52:55,227 - INFO - 调用LLM泛化query：靠右开启离车泊入右边
2026-03-10 15:52:55,227 - INFO - LLM泛化成功，生成1个变体
2026-03-10 15:52:55,227 - INFO -   已生成 17/20：麻烦靠右开启离车泊入，停在右边吧（礼貌型，带语气词）...
2026-03-10 15:52:55,227 - INFO - 调用LLM泛化query：继续居中离车泊入右边
2026-03-10 15:52:55,227 - INFO - LLM泛化成功，生成1个变体
2026-03-10 15:52:55,227 - INFO -   已生成 18/20：继续居中泊入右边吧，我下车去办点事。...
2026-03-10 15:52:55,227 - INFO - 调用LLM泛化query：在左边居中离车泊入车位
2026-03-10 15:52:55,227 - INFO - LLM泛化成功，生成1个变体
2026-03-10 15:52:55,228 - INFO -   已生成 19/20：麻烦在左边居中泊入车位吧，我要下车了...
2026-03-10 15:52:55,228 - INFO - 调用LLM泛化query：居中离车泊入左边的车位
2026-03-10 15:52:55,228 - INFO - LLM泛化成功，生成1个变体
2026-03-10 15:52:55,228 - INFO -   已生成 20/20：麻烦帮我居中离车泊入左边那个车位吧，我带着孩子不方便调车...
2026-03-10 15:52:55,228 - INFO - ID组 85 完成：基于5个原始query，新生成20个泛化query
2026-03-10 15:52:55,228 - INFO - 正在处理ID组 86/111：ID=79
2026-03-10 15:52:55,228 - INFO - 该ID组有8个原始query
2026-03-10 15:52:55,228 - INFO - 对应function：222...
2026-03-10 15:52:55,228 - INFO - 该ID组需要新生成：20个泛化query（比例1:20）
2026-03-10 15:52:55,228 - INFO - 调用LLM泛化query：靠左在右边泊车
2026-03-10 15:52:56,746 - INFO - LLM泛化成功，生成1个变体
2026-03-10 15:52:56,747 - INFO -   已生成 1/20：往左边靠点，在右侧泊车吧...
2026-03-10 15:52:56,747 - INFO - 调用LLM泛化query：自己靠右在左边泊车吧
2026-03-10 15:52:58,587 - INFO - LLM泛化成功，生成1个变体
2026-03-10 15:52:58,587 - INFO -   已生成 2/20：靠右自己在左边泊车一下吧...
2026-03-10 15:52:58,587 - INFO - 调用LLM泛化query：我要居中在左边泊车
2026-03-10 15:53:00,085 - INFO - LLM泛化成功，生成1个变体
2026-03-10 15:53:00,085 - INFO -   已生成 3/20：麻烦帮我在左边居中泊车吧。...
2026-03-10 15:53:00,086 - INFO - 调用LLM泛化query：在左边居中泊车
2026-03-10 15:53:01,651 - INFO - LLM泛化成功，生成1个变体
2026-03-10 15:53:01,651 - INFO -   已生成 4/20：麻烦在左边居中泊车一下吧，我这儿不好停（礼貌型，带原因）...
2026-03-10 15:53:01,651 - INFO - 调用LLM泛化query：左侧靠左泊车吧
2026-03-10 15:53:03,229 - INFO - LLM泛化成功，生成1个变体
2026-03-10 15:53:03,229 - INFO -   已生成 5/20：左边靠左帮我泊车一下吧...
2026-03-10 15:53:03,229 - INFO - 调用LLM泛化query：我要在前面靠右泊车
2026-03-10 15:53:05,575 - INFO - LLM泛化成功，生成1个变体
2026-03-10 15:53:05,576 - INFO -   已生成 6/20：帮我在前面靠右泊车吧，带着孩子不方便下车。...
2026-03-10 15:53:05,576 - INFO - 调用LLM泛化query：把车居中泊进右面去
2026-03-10 15:53:07,189 - INFO - LLM泛化成功，生成1个变体
2026-03-10 15:53:07,189 - INFO -   已生成 7/20：右边那个车位，帮我居中泊进去吧，谢谢...
2026-03-10 15:53:07,189 - INFO - 调用LLM泛化query：左边居中泊车
2026-03-10 15:53:08,505 - INFO - LLM泛化成功，生成1个变体
2026-03-10 15:53:08,506 - INFO -   已生成 8/20：往左边停一下，停得居中些吧。...
2026-03-10 15:53:08,506 - INFO - 调用LLM泛化query：靠左在右边泊车
2026-03-10 15:53:08,506 - INFO - LLM泛化成功，生成1个变体
2026-03-10 15:53:08,506 - INFO -   已生成 9/20：往左边靠点，在右侧泊车吧...
2026-03-10 15:53:08,506 - INFO - 调用LLM泛化query：自己靠右在左边泊车吧
2026-03-10 15:53:08,507 - INFO - LLM泛化成功，生成1个变体
2026-03-10 15:53:08,507 - INFO -   已生成 10/20：靠右自己在左边泊车一下吧...
2026-03-10 15:53:08,507 - INFO - 调用LLM泛化query：我要居中在左边泊车
2026-03-10 15:53:08,507 - INFO - LLM泛化成功，生成1个变体
2026-03-10 15:53:08,507 - INFO -   已生成 11/20：麻烦帮我在左边居中泊车吧。...
2026-03-10 15:53:08,507 - INFO - 调用LLM泛化query：在左边居中泊车
2026-03-10 15:53:08,507 - INFO - LLM泛化成功，生成1个变体
2026-03-10 15:53:08,508 - INFO -   已生成 12/20：麻烦在左边居中泊车一下吧，我这儿不好停（礼貌型，带原因）...
2026-03-10 15:53:08,508 - INFO - 调用LLM泛化query：左侧靠左泊车吧
2026-03-10 15:53:08,508 - INFO - LLM泛化成功，生成1个变体
2026-03-10 15:53:08,508 - INFO -   已生成 13/20：左边靠左帮我泊车一下吧...
2026-03-10 15:53:08,508 - INFO - 调用LLM泛化query：我要在前面靠右泊车
2026-03-10 15:53:08,508 - INFO - LLM泛化成功，生成1个变体
2026-03-10 15:53:08,508 - INFO -   已生成 14/20：帮我在前面靠右泊车吧，带着孩子不方便下车。...
2026-03-10 15:53:08,509 - INFO - 调用LLM泛化query：把车居中泊进右面去
2026-03-10 15:53:08,509 - INFO - LLM泛化成功，生成1个变体
2026-03-10 15:53:08,509 - INFO -   已生成 15/20：右边那个车位，帮我居中泊进去吧，谢谢...
2026-03-10 15:53:08,509 - INFO - 调用LLM泛化query：左边居中泊车
2026-03-10 15:53:08,509 - INFO - LLM泛化成功，生成1个变体
2026-03-10 15:53:08,509 - INFO -   已生成 16/20：往左边停一下，停得居中些吧。...
2026-03-10 15:53:08,509 - INFO - 调用LLM泛化query：靠左在右边泊车
2026-03-10 15:53:08,509 - INFO - LLM泛化成功，生成1个变体
2026-03-10 15:53:08,509 - INFO -   已生成 17/20：往左边靠点，在右侧泊车吧...
2026-03-10 15:53:08,509 - INFO - 调用LLM泛化query：自己靠右在左边泊车吧
2026-03-10 15:53:08,510 - INFO - LLM泛化成功，生成1个变体
2026-03-10 15:53:08,510 - INFO -   已生成 18/20：靠右自己在左边泊车一下吧...
2026-03-10 15:53:08,510 - INFO - 调用LLM泛化query：我要居中在左边泊车
2026-03-10 15:53:08,510 - INFO - LLM泛化成功，生成1个变体
2026-03-10 15:53:08,510 - INFO -   已生成 19/20：麻烦帮我在左边居中泊车吧。...
2026-03-10 15:53:08,510 - INFO - 调用LLM泛化query：在左边居中泊车
2026-03-10 15:53:08,510 - INFO - LLM泛化成功，生成1个变体
2026-03-10 15:53:08,510 - INFO -   已生成 20/20：麻烦在左边居中泊车一下吧，我这儿不好停（礼貌型，带原因）...
2026-03-10 15:53:08,510 - INFO - ID组 86 完成：基于8个原始query，新生成20个泛化query
2026-03-10 15:53:08,510 - INFO - 正在处理ID组 87/111：ID=80
2026-03-10 15:53:08,511 - INFO - 该ID组有9个原始query
2026-03-10 15:53:08,511 - INFO - 对应function：333...
2026-03-10 15:53:08,511 - INFO - 该ID组需要新生成：20个泛化query（比例1:20）
2026-03-10 15:53:08,511 - INFO - 调用LLM泛化query：靠左在左边停车
2026-03-10 15:53:11,645 - INFO - LLM泛化成功，生成1个变体
2026-03-10 15:53:11,645 - INFO -   已生成 1/20：往左边停一下吧，靠左停（随意型，带语气词）。...
2026-03-10 15:53:11,645 - INFO - 调用LLM泛化query：我要靠右在右边停车
2026-03-10 15:53:14,869 - INFO - LLM泛化成功，生成1个变体
2026-03-10 15:53:14,869 - INFO -   已生成 2/20：帮我靠右在右边停车吧，前面位置不错...
2026-03-10 15:53:14,870 - INFO - 调用LLM泛化query：帮我靠右在前面停车
2026-03-10 15:53:16,217 - INFO - LLM泛化成功，生成1个变体
2026-03-10 15:53:16,218 - INFO -   已生成 3/20：麻烦靠右在前面停一下吧，我要下车了（礼貌型，带原因）...
2026-03-10 15:53:16,218 - INFO - 调用LLM泛化query：开始靠右在前面停车
2026-03-10 15:53:18,844 - INFO - LLM泛化成功，生成1个变体
2026-03-10 15:53:18,845 - INFO -   已生成 4/20：麻烦靠右在前面停一下吧，我要下车。...
2026-03-10 15:53:18,846 - INFO - 调用LLM泛化query：继续居中在前面停车
2026-03-10 15:53:20,633 - INFO - LLM泛化成功，生成1个变体
2026-03-10 15:53:20,634 - INFO -   已生成 5/20：再往前一点继续居中停车吧...
2026-03-10 15:53:20,634 - INFO - 调用LLM泛化query：立即居中在右边停车
2026-03-10 15:53:22,068 - INFO - LLM泛化成功，生成1个变体
2026-03-10 15:53:22,068 - INFO -   已生成 6/20：麻烦居中停在右边吧，我着急去接人呢...
2026-03-10 15:53:22,068 - INFO - 调用LLM泛化query：把车居中停到左边的车位里
2026-03-10 15:53:23,679 - INFO - LLM泛化成功，生成1个变体
2026-03-10 15:53:23,679 - INFO -   已生成 7/20：麻烦把车停到左边车位里，居中一点哦（礼貌型，带细节）...
2026-03-10 15:53:23,680 - INFO - 调用LLM泛化query：居中停到右边的车位里
2026-03-10 15:53:25,449 - INFO - LLM泛化成功，生成1个变体
2026-03-10 15:53:25,450 - INFO -   已生成 8/20：麻烦帮我居中停进右边那个车位里吧...
2026-03-10 15:53:25,450 - INFO - 调用LLM泛化query：靠右停前面车位
2026-03-10 15:53:28,001 - INFO - LLM泛化成功，生成1个变体
2026-03-10 15:53:28,002 - INFO -   已生成 9/20：往前找个右边的车位停一下吧...
2026-03-10 15:53:28,002 - INFO - 调用LLM泛化query：靠左在左边停车
2026-03-10 15:53:28,002 - INFO - LLM泛化成功，生成1个变体
2026-03-10 15:53:28,003 - INFO -   已生成 10/20：往左边停一下吧，靠左停（随意型，带语气词）。...
2026-03-10 15:53:28,003 - INFO - 调用LLM泛化query：我要靠右在右边停车
2026-03-10 15:53:28,003 - INFO - LLM泛化成功，生成1个变体
2026-03-10 15:53:28,003 - INFO -   已生成 11/20：帮我靠右在右边停车吧，前面位置不错...
2026-03-10 15:53:28,003 - INFO - 调用LLM泛化query：帮我靠右在前面停车
2026-03-10 15:53:28,003 - INFO - LLM泛化成功，生成1个变体
2026-03-10 15:53:28,004 - INFO -   已生成 12/20：麻烦靠右在前面停一下吧，我要下车了（礼貌型，带原因）...
2026-03-10 15:53:28,004 - INFO - 调用LLM泛化query：开始靠右在前面停车
2026-03-10 15:53:28,004 - INFO - LLM泛化成功，生成1个变体
2026-03-10 15:53:28,004 - INFO -   已生成 13/20：麻烦靠右在前面停一下吧，我要下车。...
2026-03-10 15:53:28,004 - INFO - 调用LLM泛化query：继续居中在前面停车
2026-03-10 15:53:28,004 - INFO - LLM泛化成功，生成1个变体
2026-03-10 15:53:28,005 - INFO -   已生成 14/20：再往前一点继续居中停车吧...
2026-03-10 15:53:28,005 - INFO - 调用LLM泛化query：立即居中在右边停车
2026-03-10 15:53:28,005 - INFO - LLM泛化成功，生成1个变体
2026-03-10 15:53:28,005 - INFO -   已生成 15/20：麻烦居中停在右边吧，我着急去接人呢...
2026-03-10 15:53:28,005 - INFO - 调用LLM泛化query：把车居中停到左边的车位里
2026-03-10 15:53:28,005 - INFO - LLM泛化成功，生成1个变体
2026-03-10 15:53:28,005 - INFO -   已生成 16/20：麻烦把车停到左边车位里，居中一点哦（礼貌型，带细节）...
2026-03-10 15:53:28,005 - INFO - 调用LLM泛化query：居中停到右边的车位里
2026-03-10 15:53:28,005 - INFO - LLM泛化成功，生成1个变体
2026-03-10 15:53:28,006 - INFO -   已生成 17/20：麻烦帮我居中停进右边那个车位里吧...
2026-03-10 15:53:28,006 - INFO - 调用LLM泛化query：靠右停前面车位
2026-03-10 15:53:28,006 - INFO - LLM泛化成功，生成1个变体
2026-03-10 15:53:28,006 - INFO -   已生成 18/20：往前找个右边的车位停一下吧...
2026-03-10 15:53:28,006 - INFO - 调用LLM泛化query：靠左在左边停车
2026-03-10 15:53:28,006 - INFO - LLM泛化成功，生成1个变体
2026-03-10 15:53:28,006 - INFO -   已生成 19/20：往左边停一下吧，靠左停（随意型，带语气词）。...
2026-03-10 15:53:28,006 - INFO - 调用LLM泛化query：我要靠右在右边停车
2026-03-10 15:53:28,006 - INFO - LLM泛化成功，生成1个变体
2026-03-10 15:53:28,006 - INFO -   已生成 20/20：帮我靠右在右边停车吧，前面位置不错...
2026-03-10 15:53:28,007 - INFO - ID组 87 完成：基于9个原始query，新生成20个泛化query
2026-03-10 15:53:28,007 - INFO - 正在处理ID组 88/111：ID=81
2026-03-10 15:53:28,007 - INFO - 该ID组有3个原始query
2026-03-10 15:53:28,007 - INFO - 对应function：444...
2026-03-10 15:53:28,007 - INFO - 该ID组需要新生成：20个泛化query（比例1:20）
2026-03-10 15:53:28,007 - INFO - 调用LLM泛化query：我先下车,你自己去充电
2026-03-10 15:53:29,811 - INFO - LLM泛化成功，生成1个变体
2026-03-10 15:53:29,812 - INFO -   已生成 1/20：你停在这儿吧，我下车了，然后自己去充电哦（随意型，带地点+语...
2026-03-10 15:53:29,812 - INFO - 调用LLM泛化query：让我下车,你去充电
2026-03-10 15:53:31,399 - INFO - LLM泛化成功，生成1个变体
2026-03-10 15:53:31,399 - INFO -   已生成 2/20：麻烦先让我下车，然后你去充电吧。...
2026-03-10 15:53:31,400 - INFO - 调用LLM泛化query：我要下车,帮我去充电
2026-03-10 15:53:33,036 - INFO - LLM泛化成功，生成1个变体
2026-03-10 15:53:33,037 - INFO -   已生成 3/20：麻烦帮我充电，我要下车了。...
2026-03-10 15:53:33,037 - INFO - 调用LLM泛化query：我先下车,你自己去充电
2026-03-10 15:53:33,037 - INFO - LLM泛化成功，生成1个变体
2026-03-10 15:53:33,037 - INFO -   已生成 4/20：你停在这儿吧，我下车了，然后自己去充电哦（随意型，带地点+语...
2026-03-10 15:53:33,038 - INFO - 调用LLM泛化query：让我下车,你去充电
2026-03-10 15:53:33,038 - INFO - LLM泛化成功，生成1个变体
2026-03-10 15:53:33,038 - INFO -   已生成 5/20：麻烦先让我下车，然后你去充电吧。...
2026-03-10 15:53:33,038 - INFO - 调用LLM泛化query：我要下车,帮我去充电
2026-03-10 15:53:33,038 - INFO - LLM泛化成功，生成1个变体
2026-03-10 15:53:33,038 - INFO -   已生成 6/20：麻烦帮我充电，我要下车了。...
2026-03-10 15:53:33,039 - INFO - 调用LLM泛化query：我先下车,你自己去充电
2026-03-10 15:53:33,039 - INFO - LLM泛化成功，生成1个变体
2026-03-10 15:53:33,039 - INFO -   已生成 7/20：你停在这儿吧，我下车了，然后自己去充电哦（随意型，带地点+语...
2026-03-10 15:53:33,039 - INFO - 调用LLM泛化query：让我下车,你去充电
2026-03-10 15:53:33,039 - INFO - LLM泛化成功，生成1个变体
2026-03-10 15:53:33,039 - INFO -   已生成 8/20：麻烦先让我下车，然后你去充电吧。...
2026-03-10 15:53:33,040 - INFO - 调用LLM泛化query：我要下车,帮我去充电
2026-03-10 15:53:33,040 - INFO - LLM泛化成功，生成1个变体
2026-03-10 15:53:33,040 - INFO -   已生成 9/20：麻烦帮我充电，我要下车了。...
2026-03-10 15:53:33,040 - INFO - 调用LLM泛化query：我先下车,你自己去充电
2026-03-10 15:53:33,040 - INFO - LLM泛化成功，生成1个变体
2026-03-10 15:53:33,040 - INFO -   已生成 10/20：你停在这儿吧，我下车了，然后自己去充电哦（随意型，带地点+语...
2026-03-10 15:53:33,040 - INFO - 调用LLM泛化query：让我下车,你去充电
2026-03-10 15:53:33,040 - INFO - LLM泛化成功，生成1个变体
2026-03-10 15:53:33,040 - INFO -   已生成 11/20：麻烦先让我下车，然后你去充电吧。...
2026-03-10 15:53:33,040 - INFO - 调用LLM泛化query：我要下车,帮我去充电
2026-03-10 15:53:33,041 - INFO - LLM泛化成功，生成1个变体
2026-03-10 15:53:33,041 - INFO -   已生成 12/20：麻烦帮我充电，我要下车了。...
2026-03-10 15:53:33,041 - INFO - 调用LLM泛化query：我先下车,你自己去充电
2026-03-10 15:53:33,041 - INFO - LLM泛化成功，生成1个变体
2026-03-10 15:53:33,041 - INFO -   已生成 13/20：你停在这儿吧，我下车了，然后自己去充电哦（随意型，带地点+语...
2026-03-10 15:53:33,041 - INFO - 调用LLM泛化query：让我下车,你去充电
2026-03-10 15:53:33,041 - INFO - LLM泛化成功，生成1个变体
2026-03-10 15:53:33,041 - INFO -   已生成 14/20：麻烦先让我下车，然后你去充电吧。...
2026-03-10 15:53:33,041 - INFO - 调用LLM泛化query：我要下车,帮我去充电
2026-03-10 15:53:33,042 - INFO - LLM泛化成功，生成1个变体
2026-03-10 15:53:33,042 - INFO -   已生成 15/20：麻烦帮我充电，我要下车了。...
2026-03-10 15:53:33,042 - INFO - 调用LLM泛化query：我先下车,你自己去充电
2026-03-10 15:53:33,042 - INFO - LLM泛化成功，生成1个变体
2026-03-10 15:53:33,042 - INFO -   已生成 16/20：你停在这儿吧，我下车了，然后自己去充电哦（随意型，带地点+语...
2026-03-10 15:53:33,042 - INFO - 调用LLM泛化query：让我下车,你去充电
2026-03-10 15:53:33,042 - INFO - LLM泛化成功，生成1个变体
2026-03-10 15:53:33,042 - INFO -   已生成 17/20：麻烦先让我下车，然后你去充电吧。...
2026-03-10 15:53:33,042 - INFO - 调用LLM泛化query：我要下车,帮我去充电
2026-03-10 15:53:33,042 - INFO - LLM泛化成功，生成1个变体
2026-03-10 15:53:33,042 - INFO -   已生成 18/20：麻烦帮我充电，我要下车了。...
2026-03-10 15:53:33,043 - INFO - 调用LLM泛化query：我先下车,你自己去充电
2026-03-10 15:53:33,043 - INFO - LLM泛化成功，生成1个变体
2026-03-10 15:53:33,043 - INFO -   已生成 19/20：你停在这儿吧，我下车了，然后自己去充电哦（随意型，带地点+语...
2026-03-10 15:53:33,043 - INFO - 调用LLM泛化query：让我下车,你去充电
2026-03-10 15:53:33,043 - INFO - LLM泛化成功，生成1个变体
2026-03-10 15:53:33,043 - INFO -   已生成 20/20：麻烦先让我下车，然后你去充电吧。...
2026-03-10 15:53:33,043 - INFO - ID组 88 完成：基于3个原始query，新生成20个泛化query
2026-03-10 15:53:33,043 - INFO - 正在处理ID组 89/111：ID=82
2026-03-10 15:53:33,043 - INFO - 该ID组有2个原始query
2026-03-10 15:53:33,043 - INFO - 对应function：555...
2026-03-10 15:53:33,044 - INFO - 该ID组需要新生成：20个泛化query（比例1:20）
2026-03-10 15:53:33,044 - INFO - 调用LLM泛化query：先停到电梯间,再去充电
2026-03-10 15:53:35,547 - INFO - LLM泛化成功，生成1个变体
2026-03-10 15:53:35,548 - INFO -   已生成 1/20：先停在电梯口附近吧，停好后再去充电。...
2026-03-10 15:53:35,548 - INFO - 调用LLM泛化query：先把车开到B2,再去充电
2026-03-10 15:53:37,063 - INFO - LLM泛化成功，生成1个变体
2026-03-10 15:53:37,064 - INFO -   已生成 2/20：先开到B2吧，然后去充电，我着急用车呢。...
2026-03-10 15:53:37,064 - INFO - 调用LLM泛化query：先停到电梯间,再去充电
2026-03-10 15:53:37,064 - INFO - LLM泛化成功，生成1个变体
2026-03-10 15:53:37,064 - INFO -   已生成 3/20：先停在电梯口附近吧，停好后再去充电。...
2026-03-10 15:53:37,065 - INFO - 调用LLM泛化query：先把车开到B2,再去充电
2026-03-10 15:53:37,065 - INFO - LLM泛化成功，生成1个变体
2026-03-10 15:53:37,065 - INFO -   已生成 4/20：先开到B2吧，然后去充电，我着急用车呢。...
2026-03-10 15:53:37,065 - INFO - 调用LLM泛化query：先停到电梯间,再去充电
2026-03-10 15:53:37,065 - INFO - LLM泛化成功，生成1个变体
2026-03-10 15:53:37,065 - INFO -   已生成 5/20：先停在电梯口附近吧，停好后再去充电。...
2026-03-10 15:53:37,066 - INFO - 调用LLM泛化query：先把车开到B2,再去充电
2026-03-10 15:53:37,066 - INFO - LLM泛化成功，生成1个变体
2026-03-10 15:53:37,066 - INFO -   已生成 6/20：先开到B2吧，然后去充电，我着急用车呢。...
2026-03-10 15:53:37,066 - INFO - 调用LLM泛化query：先停到电梯间,再去充电
2026-03-10 15:53:37,066 - INFO - LLM泛化成功，生成1个变体
2026-03-10 15:53:37,066 - INFO -   已生成 7/20：先停在电梯口附近吧，停好后再去充电。...
2026-03-10 15:53:37,066 - INFO - 调用LLM泛化query：先把车开到B2,再去充电
2026-03-10 15:53:37,066 - INFO - LLM泛化成功，生成1个变体
2026-03-10 15:53:37,067 - INFO -   已生成 8/20：先开到B2吧，然后去充电，我着急用车呢。...
2026-03-10 15:53:37,067 - INFO - 调用LLM泛化query：先停到电梯间,再去充电
2026-03-10 15:53:37,067 - INFO - LLM泛化成功，生成1个变体
2026-03-10 15:53:37,067 - INFO -   已生成 9/20：先停在电梯口附近吧，停好后再去充电。...
2026-03-10 15:53:37,067 - INFO - 调用LLM泛化query：先把车开到B2,再去充电
2026-03-10 15:53:37,067 - INFO - LLM泛化成功，生成1个变体
2026-03-10 15:53:37,067 - INFO -   已生成 10/20：先开到B2吧，然后去充电，我着急用车呢。...
2026-03-10 15:53:37,067 - INFO - 调用LLM泛化query：先停到电梯间,再去充电
2026-03-10 15:53:37,067 - INFO - LLM泛化成功，生成1个变体
2026-03-10 15:53:37,067 - INFO -   已生成 11/20：先停在电梯口附近吧，停好后再去充电。...
2026-03-10 15:53:37,068 - INFO - 调用LLM泛化query：先把车开到B2,再去充电
2026-03-10 15:53:37,068 - INFO - LLM泛化成功，生成1个变体
2026-03-10 15:53:37,068 - INFO -   已生成 12/20：先开到B2吧，然后去充电，我着急用车呢。...
2026-03-10 15:53:37,068 - INFO - 调用LLM泛化query：先停到电梯间,再去充电
2026-03-10 15:53:37,068 - INFO - LLM泛化成功，生成1个变体
2026-03-10 15:53:37,068 - INFO -   已生成 13/20：先停在电梯口附近吧，停好后再去充电。...
2026-03-10 15:53:37,068 - INFO - 调用LLM泛化query：先把车开到B2,再去充电
2026-03-10 15:53:37,068 - INFO - LLM泛化成功，生成1个变体
2026-03-10 15:53:37,068 - INFO -   已生成 14/20：先开到B2吧，然后去充电，我着急用车呢。...
2026-03-10 15:53:37,068 - INFO - 调用LLM泛化query：先停到电梯间,再去充电
2026-03-10 15:53:37,069 - INFO - LLM泛化成功，生成1个变体
2026-03-10 15:53:37,069 - INFO -   已生成 15/20：先停在电梯口附近吧，停好后再去充电。...
2026-03-10 15:53:37,069 - INFO - 调用LLM泛化query：先把车开到B2,再去充电
2026-03-10 15:53:37,069 - INFO - LLM泛化成功，生成1个变体
2026-03-10 15:53:37,069 - INFO -   已生成 16/20：先开到B2吧，然后去充电，我着急用车呢。...
2026-03-10 15:53:37,069 - INFO - 调用LLM泛化query：先停到电梯间,再去充电
2026-03-10 15:53:37,069 - INFO - LLM泛化成功，生成1个变体
2026-03-10 15:53:37,069 - INFO -   已生成 17/20：先停在电梯口附近吧，停好后再去充电。...
2026-03-10 15:53:37,069 - INFO - 调用LLM泛化query：先把车开到B2,再去充电
2026-03-10 15:53:37,069 - INFO - LLM泛化成功，生成1个变体
2026-03-10 15:53:37,069 - INFO -   已生成 18/20：先开到B2吧，然后去充电，我着急用车呢。...
2026-03-10 15:53:37,069 - INFO - 调用LLM泛化query：先停到电梯间,再去充电
2026-03-10 15:53:37,070 - INFO - LLM泛化成功，生成1个变体
2026-03-10 15:53:37,070 - INFO -   已生成 19/20：先停在电梯口附近吧，停好后再去充电。...
2026-03-10 15:53:37,070 - INFO - 调用LLM泛化query：先把车开到B2,再去充电
2026-03-10 15:53:37,070 - INFO - LLM泛化成功，生成1个变体
2026-03-10 15:53:37,070 - INFO -   已生成 20/20：先开到B2吧，然后去充电，我着急用车呢。...
2026-03-10 15:53:37,070 - INFO - ID组 89 完成：基于2个原始query，新生成20个泛化query
2026-03-10 15:53:37,070 - INFO - 正在处理ID组 90/111：ID=83
2026-03-10 15:53:37,070 - INFO - 该ID组有13个原始query
2026-03-10 15:53:37,070 - INFO - 对应function：{"name":"vla_control", "arguments":{"action":"navi...
2026-03-10 15:53:37,070 - INFO - 该ID组需要新生成：20个泛化query（比例1:20）
2026-03-10 15:53:37,070 - INFO - 调用LLM泛化query：我要回家
2026-03-10 15:53:38,929 - INFO - LLM泛化成功，生成1个变体
2026-03-10 15:53:38,930 - INFO -   已生成 1/20：帮我导航回家吧，快点，我有点累了。...
2026-03-10 15:53:38,930 - INFO - 调用LLM泛化query：去公司
2026-03-10 15:53:40,596 - INFO - LLM泛化成功，生成1个变体
2026-03-10 15:53:40,597 - INFO -   已生成 2/20：帮我导航到公司吧，快要迟到了。...
2026-03-10 15:53:40,597 - INFO - 调用LLM泛化query：带我回家
2026-03-10 15:53:42,097 - INFO - LLM泛化成功，生成1个变体
2026-03-10 15:53:42,098 - INFO -   已生成 3/20：麻烦带我回家吧，我有点累了（礼貌型，带原因）...
2026-03-10 15:53:42,098 - INFO - 调用LLM泛化query：带我去公司
2026-03-10 15:53:43,866 - INFO - LLM泛化成功，生成1个变体
2026-03-10 15:53:43,866 - INFO -   已生成 4/20：麻烦带我去公司吧，今天有点赶时间。...
2026-03-10 15:53:43,867 - INFO - 调用LLM泛化query：我要去理想汽车研发总部
2026-03-10 15:53:45,683 - INFO - LLM泛化成功，生成1个变体
2026-03-10 15:53:45,685 - INFO -   已生成 5/20：帮我导航去理想汽车研发总部吧。...
2026-03-10 15:53:45,685 - INFO - 调用LLM泛化query：带我去万科时代中心
2026-03-10 15:53:47,750 - INFO - LLM泛化成功，生成1个变体
2026-03-10 15:53:47,750 - INFO -   已生成 6/20：帮我导航到万科时代中心吧，着急去开会呢（着急型，带原因）...
2026-03-10 15:53:47,751 - INFO - 调用LLM泛化query：带我回家
2026-03-10 15:53:47,751 - INFO - LLM泛化成功，生成1个变体
2026-03-10 15:53:47,751 - INFO -   已生成 7/20：麻烦带我回家吧，我有点累了（礼貌型，带原因）...
2026-03-10 15:53:47,751 - INFO - 调用LLM泛化query：带我去公司
2026-03-10 15:53:47,751 - INFO - LLM泛化成功，生成1个变体
2026-03-10 15:53:47,751 - INFO -   已生成 8/20：麻烦带我去公司吧，今天有点赶时间。...
2026-03-10 15:53:47,751 - INFO - 调用LLM泛化query：送我去理想汽车研发总部
2026-03-10 15:53:49,091 - INFO - LLM泛化成功，生成1个变体
2026-03-10 15:53:49,092 - INFO -   已生成 9/20：帮我导航到理想汽车研发总部吧...
2026-03-10 15:53:49,092 - INFO - 调用LLM泛化query：送我去万科时代中心
2026-03-10 15:53:51,031 - INFO - LLM泛化成功，生成1个变体
2026-03-10 15:53:51,031 - INFO -   已生成 10/20：麻烦送我去万科时代中心吧。...
2026-03-10 15:53:51,031 - INFO - 调用LLM泛化query：送我回理想汽车研发总部
2026-03-10 15:53:52,315 - INFO - LLM泛化成功，生成1个变体
2026-03-10 15:53:52,316 - INFO -   已生成 11/20：帮我导航到理想汽车研发总部吧...
2026-03-10 15:53:52,316 - INFO - 调用LLM泛化query：带我去图书馆
2026-03-10 15:53:53,907 - INFO - LLM泛化成功，生成1个变体
2026-03-10 15:53:53,908 - INFO -   已生成 12/20：麻烦带我去图书馆吧，我有书要还（礼貌型，带原因）...
2026-03-10 15:53:53,908 - INFO - 调用LLM泛化query：带我去咖啡店
2026-03-10 15:53:56,025 - INFO - LLM泛化成功，生成1个变体
2026-03-10 15:53:56,026 - INFO -   已生成 13/20：麻烦带我去咖啡店吧，我想喝杯咖啡休息一下（礼貌型，带原因）...
2026-03-10 15:53:56,026 - INFO - 调用LLM泛化query：我要回家
2026-03-10 15:53:56,026 - INFO - LLM泛化成功，生成1个变体
2026-03-10 15:53:56,026 - INFO -   已生成 14/20：帮我导航回家吧，快点，我有点累了。...
2026-03-10 15:53:56,027 - INFO - 调用LLM泛化query：去公司
2026-03-10 15:53:56,027 - INFO - LLM泛化成功，生成1个变体
2026-03-10 15:53:56,027 - INFO -   已生成 15/20：帮我导航到公司吧，快要迟到了。...
2026-03-10 15:53:56,027 - INFO - 调用LLM泛化query：带我回家
2026-03-10 15:53:56,027 - INFO - LLM泛化成功，生成1个变体
2026-03-10 15:53:56,028 - INFO -   已生成 16/20：麻烦带我回家吧，我有点累了（礼貌型，带原因）...
2026-03-10 15:53:56,028 - INFO - 调用LLM泛化query：带我去公司
2026-03-10 15:53:56,028 - INFO - LLM泛化成功，生成1个变体
2026-03-10 15:53:56,028 - INFO -   已生成 17/20：麻烦带我去公司吧，今天有点赶时间。...
2026-03-10 15:53:56,028 - INFO - 调用LLM泛化query：我要去理想汽车研发总部
2026-03-10 15:53:56,029 - INFO - LLM泛化成功，生成1个变体
2026-03-10 15:53:56,029 - INFO -   已生成 18/20：帮我导航去理想汽车研发总部吧。...
2026-03-10 15:53:56,029 - INFO - 调用LLM泛化query：带我去万科时代中心
2026-03-10 15:53:56,029 - INFO - LLM泛化成功，生成1个变体
2026-03-10 15:53:56,029 - INFO -   已生成 19/20：帮我导航到万科时代中心吧，着急去开会呢（着急型，带原因）...
2026-03-10 15:53:56,029 - INFO - 调用LLM泛化query：带我回家
2026-03-10 15:53:56,029 - INFO - LLM泛化成功，生成1个变体
2026-03-10 15:53:56,029 - INFO -   已生成 20/20：麻烦带我回家吧，我有点累了（礼貌型，带原因）...
2026-03-10 15:53:56,030 - INFO - ID组 90 完成：基于13个原始query，新生成20个泛化query
2026-03-10 15:53:56,030 - INFO - 正在处理ID组 91/111：ID=84
2026-03-10 15:53:56,030 - INFO - 该ID组有4个原始query
2026-03-10 15:53:56,030 - INFO - 对应function：{"name":"vla_control", "arguments":{"action":"navi...
2026-03-10 15:53:56,030 - INFO - 该ID组需要新生成：20个泛化query（比例1:20）
2026-03-10 15:53:56,030 - INFO - 调用LLM泛化query：导航回家
2026-03-10 15:53:58,504 - INFO - LLM泛化成功，生成1个变体
2026-03-10 15:53:58,504 - INFO -   已生成 1/20：帮我导航回家吧，天都黑了（带情境+语气词）...
2026-03-10 15:53:58,504 - INFO - 调用LLM泛化query：导航去公司
2026-03-10 15:54:00,309 - INFO - LLM泛化成功，生成1个变体
2026-03-10 15:54:00,310 - INFO -   已生成 2/20：帮我导航到公司吧，快迟到了（着急型，带原因）...
2026-03-10 15:54:00,310 - INFO - 调用LLM泛化query：导航去理想汽车研发总部
2026-03-10 15:54:01,999 - INFO - LLM泛化成功，生成1个变体
2026-03-10 15:54:02,000 - INFO -   已生成 3/20：帮我导航到理想汽车研发总部吧，我不太熟悉路（礼貌型，带原因）...
2026-03-10 15:54:02,000 - INFO - 调用LLM泛化query：导航去超市
2026-03-10 15:54:04,780 - INFO - LLM泛化成功，生成1个变体
2026-03-10 15:54:04,781 - INFO -   已生成 4/20：带我导航到超市吧...
2026-03-10 15:54:04,781 - INFO - 调用LLM泛化query：导航回家
2026-03-10 15:54:04,781 - INFO - LLM泛化成功，生成1个变体
2026-03-10 15:54:04,782 - INFO -   已生成 5/20：帮我导航回家吧，天都黑了（带情境+语气词）...
2026-03-10 15:54:04,782 - INFO - 调用LLM泛化query：导航去公司
2026-03-10 15:54:04,782 - INFO - LLM泛化成功，生成1个变体
2026-03-10 15:54:04,782 - INFO -   已生成 6/20：帮我导航到公司吧，快迟到了（着急型，带原因）...
2026-03-10 15:54:04,782 - INFO - 调用LLM泛化query：导航去理想汽车研发总部
2026-03-10 15:54:04,783 - INFO - LLM泛化成功，生成1个变体
2026-03-10 15:54:04,783 - INFO -   已生成 7/20：帮我导航到理想汽车研发总部吧，我不太熟悉路（礼貌型，带原因）...
2026-03-10 15:54:04,783 - INFO - 调用LLM泛化query：导航去超市
2026-03-10 15:54:04,783 - INFO - LLM泛化成功，生成1个变体
2026-03-10 15:54:04,783 - INFO -   已生成 8/20：带我导航到超市吧...
2026-03-10 15:54:04,783 - INFO - 调用LLM泛化query：导航回家
2026-03-10 15:54:04,783 - INFO - LLM泛化成功，生成1个变体
2026-03-10 15:54:04,783 - INFO -   已生成 9/20：帮我导航回家吧，天都黑了（带情境+语气词）...
2026-03-10 15:54:04,784 - INFO - 调用LLM泛化query：导航去公司
2026-03-10 15:54:04,784 - INFO - LLM泛化成功，生成1个变体
2026-03-10 15:54:04,784 - INFO -   已生成 10/20：帮我导航到公司吧，快迟到了（着急型，带原因）...
2026-03-10 15:54:04,784 - INFO - 调用LLM泛化query：导航去理想汽车研发总部
2026-03-10 15:54:04,784 - INFO - LLM泛化成功，生成1个变体
2026-03-10 15:54:04,784 - INFO -   已生成 11/20：帮我导航到理想汽车研发总部吧，我不太熟悉路（礼貌型，带原因）...
2026-03-10 15:54:04,784 - INFO - 调用LLM泛化query：导航去超市
2026-03-10 15:54:04,784 - INFO - LLM泛化成功，生成1个变体
2026-03-10 15:54:04,784 - INFO -   已生成 12/20：带我导航到超市吧...
2026-03-10 15:54:04,785 - INFO - 调用LLM泛化query：导航回家
2026-03-10 15:54:04,785 - INFO - LLM泛化成功，生成1个变体
2026-03-10 15:54:04,785 - INFO -   已生成 13/20：帮我导航回家吧，天都黑了（带情境+语气词）...
2026-03-10 15:54:04,785 - INFO - 调用LLM泛化query：导航去公司
2026-03-10 15:54:04,785 - INFO - LLM泛化成功，生成1个变体
2026-03-10 15:54:04,785 - INFO -   已生成 14/20：帮我导航到公司吧，快迟到了（着急型，带原因）...
2026-03-10 15:54:04,786 - INFO - 调用LLM泛化query：导航去理想汽车研发总部
2026-03-10 15:54:04,786 - INFO - LLM泛化成功，生成1个变体
2026-03-10 15:54:04,786 - INFO -   已生成 15/20：帮我导航到理想汽车研发总部吧，我不太熟悉路（礼貌型，带原因）...
2026-03-10 15:54:04,786 - INFO - 调用LLM泛化query：导航去超市
2026-03-10 15:54:04,786 - INFO - LLM泛化成功，生成1个变体
2026-03-10 15:54:04,786 - INFO -   已生成 16/20：带我导航到超市吧...
2026-03-10 15:54:04,786 - INFO - 调用LLM泛化query：导航回家
2026-03-10 15:54:04,786 - INFO - LLM泛化成功，生成1个变体
2026-03-10 15:54:04,786 - INFO -   已生成 17/20：帮我导航回家吧，天都黑了（带情境+语气词）...
2026-03-10 15:54:04,786 - INFO - 调用LLM泛化query：导航去公司
2026-03-10 15:54:04,787 - INFO - LLM泛化成功，生成1个变体
2026-03-10 15:54:04,787 - INFO -   已生成 18/20：帮我导航到公司吧，快迟到了（着急型，带原因）...
2026-03-10 15:54:04,787 - INFO - 调用LLM泛化query：导航去理想汽车研发总部
2026-03-10 15:54:04,787 - INFO - LLM泛化成功，生成1个变体
2026-03-10 15:54:04,787 - INFO -   已生成 19/20：帮我导航到理想汽车研发总部吧，我不太熟悉路（礼貌型，带原因）...
2026-03-10 15:54:04,787 - INFO - 调用LLM泛化query：导航去超市
2026-03-10 15:54:04,787 - INFO - LLM泛化成功，生成1个变体
2026-03-10 15:54:04,787 - INFO -   已生成 20/20：带我导航到超市吧...
2026-03-10 15:54:04,787 - INFO - ID组 91 完成：基于4个原始query，新生成20个泛化query
2026-03-10 15:54:04,787 - INFO - 正在处理ID组 92/111：ID=85
2026-03-10 15:54:04,787 - INFO - 该ID组有2个原始query
2026-03-10 15:54:04,787 - INFO - 对应function：{"name":"vla_control", "arguments":{"action":"paus...
2026-03-10 15:54:04,787 - INFO - 该ID组需要新生成：20个泛化query（比例1:20）
2026-03-10 15:54:04,788 - INFO - 调用LLM泛化query：“暂停无人自动充电”
2026-03-10 15:54:06,718 - INFO - LLM泛化成功，生成1个变体
2026-03-10 15:54:06,719 - INFO -   已生成 1/20：“先暂停一下无人自动充电吧”...
2026-03-10 15:54:06,719 - INFO - 调用LLM泛化query：“暂停无人充电”
2026-03-10 15:54:08,386 - INFO - LLM泛化成功，生成1个变体
2026-03-10 15:54:08,386 - INFO -   已生成 2/20：“先停一下充电吧，我有点事要处理。”...
2026-03-10 15:54:08,386 - INFO - 调用LLM泛化query：“暂停无人自动充电”
2026-03-10 15:54:08,386 - INFO - LLM泛化成功，生成1个变体
2026-03-10 15:54:08,387 - INFO -   已生成 3/20：“先暂停一下无人自动充电吧”...
2026-03-10 15:54:08,387 - INFO - 调用LLM泛化query：“暂停无人充电”
2026-03-10 15:54:08,387 - INFO - LLM泛化成功，生成1个变体
2026-03-10 15:54:08,387 - INFO -   已生成 4/20：“先停一下充电吧，我有点事要处理。”...
2026-03-10 15:54:08,387 - INFO - 调用LLM泛化query：“暂停无人自动充电”
2026-03-10 15:54:08,387 - INFO - LLM泛化成功，生成1个变体
2026-03-10 15:54:08,387 - INFO -   已生成 5/20：“先暂停一下无人自动充电吧”...
2026-03-10 15:54:08,387 - INFO - 调用LLM泛化query：“暂停无人充电”
2026-03-10 15:54:08,387 - INFO - LLM泛化成功，生成1个变体
2026-03-10 15:54:08,387 - INFO -   已生成 6/20：“先停一下充电吧，我有点事要处理。”...
2026-03-10 15:54:08,388 - INFO - 调用LLM泛化query：“暂停无人自动充电”
2026-03-10 15:54:08,388 - INFO - LLM泛化成功，生成1个变体
2026-03-10 15:54:08,388 - INFO -   已生成 7/20：“先暂停一下无人自动充电吧”...
2026-03-10 15:54:08,388 - INFO - 调用LLM泛化query：“暂停无人充电”
2026-03-10 15:54:08,388 - INFO - LLM泛化成功，生成1个变体
2026-03-10 15:54:08,388 - INFO -   已生成 8/20：“先停一下充电吧，我有点事要处理。”...
2026-03-10 15:54:08,388 - INFO - 调用LLM泛化query：“暂停无人自动充电”
2026-03-10 15:54:08,388 - INFO - LLM泛化成功，生成1个变体
2026-03-10 15:54:08,388 - INFO -   已生成 9/20：“先暂停一下无人自动充电吧”...
2026-03-10 15:54:08,389 - INFO - 调用LLM泛化query：“暂停无人充电”
2026-03-10 15:54:08,389 - INFO - LLM泛化成功，生成1个变体
2026-03-10 15:54:08,389 - INFO -   已生成 10/20：“先停一下充电吧，我有点事要处理。”...
2026-03-10 15:54:08,389 - INFO - 调用LLM泛化query：“暂停无人自动充电”
2026-03-10 15:54:08,389 - INFO - LLM泛化成功，生成1个变体
2026-03-10 15:54:08,389 - INFO -   已生成 11/20：“先暂停一下无人自动充电吧”...
2026-03-10 15:54:08,389 - INFO - 调用LLM泛化query：“暂停无人充电”
2026-03-10 15:54:08,390 - INFO - LLM泛化成功，生成1个变体
2026-03-10 15:54:08,390 - INFO -   已生成 12/20：“先停一下充电吧，我有点事要处理。”...
2026-03-10 15:54:08,390 - INFO - 调用LLM泛化query：“暂停无人自动充电”
2026-03-10 15:54:08,390 - INFO - LLM泛化成功，生成1个变体
2026-03-10 15:54:08,390 - INFO -   已生成 13/20：“先暂停一下无人自动充电吧”...
2026-03-10 15:54:08,390 - INFO - 调用LLM泛化query：“暂停无人充电”
2026-03-10 15:54:08,390 - INFO - LLM泛化成功，生成1个变体
2026-03-10 15:54:08,390 - INFO -   已生成 14/20：“先停一下充电吧，我有点事要处理。”...
2026-03-10 15:54:08,390 - INFO - 调用LLM泛化query：“暂停无人自动充电”
2026-03-10 15:54:08,390 - INFO - LLM泛化成功，生成1个变体
2026-03-10 15:54:08,391 - INFO -   已生成 15/20：“先暂停一下无人自动充电吧”...
2026-03-10 15:54:08,391 - INFO - 调用LLM泛化query：“暂停无人充电”
2026-03-10 15:54:08,391 - INFO - LLM泛化成功，生成1个变体
2026-03-10 15:54:08,391 - INFO -   已生成 16/20：“先停一下充电吧，我有点事要处理。”...
2026-03-10 15:54:08,391 - INFO - 调用LLM泛化query：“暂停无人自动充电”
2026-03-10 15:54:08,391 - INFO - LLM泛化成功，生成1个变体
2026-03-10 15:54:08,391 - INFO -   已生成 17/20：“先暂停一下无人自动充电吧”...
2026-03-10 15:54:08,391 - INFO - 调用LLM泛化query：“暂停无人充电”
2026-03-10 15:54:08,391 - INFO - LLM泛化成功，生成1个变体
2026-03-10 15:54:08,391 - INFO -   已生成 18/20：“先停一下充电吧，我有点事要处理。”...
2026-03-10 15:54:08,391 - INFO - 调用LLM泛化query：“暂停无人自动充电”
2026-03-10 15:54:08,392 - INFO - LLM泛化成功，生成1个变体
2026-03-10 15:54:08,392 - INFO -   已生成 19/20：“先暂停一下无人自动充电吧”...
2026-03-10 15:54:08,392 - INFO - 调用LLM泛化query：“暂停无人充电”
2026-03-10 15:54:08,392 - INFO - LLM泛化成功，生成1个变体
2026-03-10 15:54:08,392 - INFO -   已生成 20/20：“先停一下充电吧，我有点事要处理。”...
2026-03-10 15:54:08,392 - INFO - ID组 92 完成：基于2个原始query，新生成20个泛化query
2026-03-10 15:54:08,392 - INFO - 正在处理ID组 93/111：ID=86
2026-03-10 15:54:08,392 - INFO - 该ID组有2个原始query
2026-03-10 15:54:08,392 - INFO - 对应function：{"name":"vla_control", "arguments":{"action":"star...
2026-03-10 15:54:08,392 - INFO - 该ID组需要新生成：20个泛化query（比例1:20）
2026-03-10 15:54:08,392 - INFO - 调用LLM泛化query：“继续无人自动充电”
2026-03-10 15:54:09,997 - INFO - LLM泛化成功，生成1个变体
2026-03-10 15:54:09,997 - INFO -   已生成 1/20：“快点继续无人自动充电吧，我赶时间。”...
2026-03-10 15:54:09,997 - INFO - 调用LLM泛化query：“继续无人充电”
2026-03-10 15:54:13,189 - INFO - LLM泛化成功，生成1个变体
2026-03-10 15:54:13,190 - INFO -   已生成 2/20：“电快没了，继续无人充电吧”...
2026-03-10 15:54:13,190 - INFO - 调用LLM泛化query：“继续无人自动充电”
2026-03-10 15:54:13,190 - INFO - LLM泛化成功，生成1个变体
2026-03-10 15:54:13,190 - INFO -   已生成 3/20：“快点继续无人自动充电吧，我赶时间。”...
2026-03-10 15:54:13,190 - INFO - 调用LLM泛化query：“继续无人充电”
2026-03-10 15:54:13,191 - INFO - LLM泛化成功，生成1个变体
2026-03-10 15:54:13,191 - INFO -   已生成 4/20：“电快没了，继续无人充电吧”...
2026-03-10 15:54:13,191 - INFO - 调用LLM泛化query：“继续无人自动充电”
2026-03-10 15:54:13,191 - INFO - LLM泛化成功，生成1个变体
2026-03-10 15:54:13,191 - INFO -   已生成 5/20：“快点继续无人自动充电吧，我赶时间。”...
2026-03-10 15:54:13,192 - INFO - 调用LLM泛化query：“继续无人充电”
2026-03-10 15:54:13,192 - INFO - LLM泛化成功，生成1个变体
2026-03-10 15:54:13,192 - INFO -   已生成 6/20：“电快没了，继续无人充电吧”...
2026-03-10 15:54:13,192 - INFO - 调用LLM泛化query：“继续无人自动充电”
2026-03-10 15:54:13,193 - INFO - LLM泛化成功，生成1个变体
2026-03-10 15:54:13,193 - INFO -   已生成 7/20：“快点继续无人自动充电吧，我赶时间。”...
2026-03-10 15:54:13,193 - INFO - 调用LLM泛化query：“继续无人充电”
2026-03-10 15:54:13,193 - INFO - LLM泛化成功，生成1个变体
2026-03-10 15:54:13,193 - INFO -   已生成 8/20：“电快没了，继续无人充电吧”...
2026-03-10 15:54:13,193 - INFO - 调用LLM泛化query：“继续无人自动充电”
2026-03-10 15:54:13,194 - INFO - LLM泛化成功，生成1个变体
2026-03-10 15:54:13,194 - INFO -   已生成 9/20：“快点继续无人自动充电吧，我赶时间。”...
2026-03-10 15:54:13,194 - INFO - 调用LLM泛化query：“继续无人充电”
2026-03-10 15:54:13,194 - INFO - LLM泛化成功，生成1个变体
2026-03-10 15:54:13,194 - INFO -   已生成 10/20：“电快没了，继续无人充电吧”...
2026-03-10 15:54:13,194 - INFO - 调用LLM泛化query：“继续无人自动充电”
2026-03-10 15:54:13,195 - INFO - LLM泛化成功，生成1个变体
2026-03-10 15:54:13,195 - INFO -   已生成 11/20：“快点继续无人自动充电吧，我赶时间。”...
2026-03-10 15:54:13,195 - INFO - 调用LLM泛化query：“继续无人充电”
2026-03-10 15:54:13,195 - INFO - LLM泛化成功，生成1个变体
2026-03-10 15:54:13,195 - INFO -   已生成 12/20：“电快没了，继续无人充电吧”...
2026-03-10 15:54:13,195 - INFO - 调用LLM泛化query：“继续无人自动充电”
2026-03-10 15:54:13,195 - INFO - LLM泛化成功，生成1个变体
2026-03-10 15:54:13,195 - INFO -   已生成 13/20：“快点继续无人自动充电吧，我赶时间。”...
2026-03-10 15:54:13,196 - INFO - 调用LLM泛化query：“继续无人充电”
2026-03-10 15:54:13,196 - INFO - LLM泛化成功，生成1个变体
2026-03-10 15:54:13,196 - INFO -   已生成 14/20：“电快没了，继续无人充电吧”...
2026-03-10 15:54:13,196 - INFO - 调用LLM泛化query：“继续无人自动充电”
2026-03-10 15:54:13,196 - INFO - LLM泛化成功，生成1个变体
2026-03-10 15:54:13,196 - INFO -   已生成 15/20：“快点继续无人自动充电吧，我赶时间。”...
2026-03-10 15:54:13,196 - INFO - 调用LLM泛化query：“继续无人充电”
2026-03-10 15:54:13,196 - INFO - LLM泛化成功，生成1个变体
2026-03-10 15:54:13,196 - INFO -   已生成 16/20：“电快没了，继续无人充电吧”...
2026-03-10 15:54:13,197 - INFO - 调用LLM泛化query：“继续无人自动充电”
2026-03-10 15:54:13,197 - INFO - LLM泛化成功，生成1个变体
2026-03-10 15:54:13,197 - INFO -   已生成 17/20：“快点继续无人自动充电吧，我赶时间。”...
2026-03-10 15:54:13,197 - INFO - 调用LLM泛化query：“继续无人充电”
2026-03-10 15:54:13,197 - INFO - LLM泛化成功，生成1个变体
2026-03-10 15:54:13,197 - INFO -   已生成 18/20：“电快没了，继续无人充电吧”...
2026-03-10 15:54:13,197 - INFO - 调用LLM泛化query：“继续无人自动充电”
2026-03-10 15:54:13,197 - INFO - LLM泛化成功，生成1个变体
2026-03-10 15:54:13,197 - INFO -   已生成 19/20：“快点继续无人自动充电吧，我赶时间。”...
2026-03-10 15:54:13,197 - INFO - 调用LLM泛化query：“继续无人充电”
2026-03-10 15:54:13,198 - INFO - LLM泛化成功，生成1个变体
2026-03-10 15:54:13,198 - INFO -   已生成 20/20：“电快没了，继续无人充电吧”...
2026-03-10 15:54:13,198 - INFO - ID组 93 完成：基于2个原始query，新生成20个泛化query
2026-03-10 15:54:13,198 - INFO - 正在处理ID组 94/111：ID=87
2026-03-10 15:54:13,198 - INFO - 该ID组有2个原始query
2026-03-10 15:54:13,198 - INFO - 对应function：{"name":"vla_control", "arguments":{"action":"canc...
2026-03-10 15:54:13,198 - INFO - 该ID组需要新生成：20个泛化query（比例1:20）
2026-03-10 15:54:13,198 - INFO - 调用LLM泛化query：“取消无人自动充电”
2026-03-10 15:54:15,624 - INFO - LLM泛化成功，生成1个变体
2026-03-10 15:54:15,625 - INFO -   已生成 1/20：“自动充电不用了，取消吧”...
2026-03-10 15:54:15,625 - INFO - 调用LLM泛化query：“取消无人充电”
2026-03-10 15:54:17,057 - INFO - LLM泛化成功，生成1个变体
2026-03-10 15:54:17,059 - INFO -   已生成 2/20：“充电不用了，帮我取消吧”...
2026-03-10 15:54:17,059 - INFO - 调用LLM泛化query：“取消无人自动充电”
2026-03-10 15:54:17,059 - INFO - LLM泛化成功，生成1个变体
2026-03-10 15:54:17,059 - INFO -   已生成 3/20：“自动充电不用了，取消吧”...
2026-03-10 15:54:17,059 - INFO - 调用LLM泛化query：“取消无人充电”
2026-03-10 15:54:17,059 - INFO - LLM泛化成功，生成1个变体
2026-03-10 15:54:17,059 - INFO -   已生成 4/20：“充电不用了，帮我取消吧”...
2026-03-10 15:54:17,059 - INFO - 调用LLM泛化query：“取消无人自动充电”
2026-03-10 15:54:17,059 - INFO - LLM泛化成功，生成1个变体
2026-03-10 15:54:17,060 - INFO -   已生成 5/20：“自动充电不用了，取消吧”...
2026-03-10 15:54:17,060 - INFO - 调用LLM泛化query：“取消无人充电”
2026-03-10 15:54:17,060 - INFO - LLM泛化成功，生成1个变体
2026-03-10 15:54:17,060 - INFO -   已生成 6/20：“充电不用了，帮我取消吧”...
2026-03-10 15:54:17,060 - INFO - 调用LLM泛化query：“取消无人自动充电”
2026-03-10 15:54:17,060 - INFO - LLM泛化成功，生成1个变体
2026-03-10 15:54:17,060 - INFO -   已生成 7/20：“自动充电不用了，取消吧”...
2026-03-10 15:54:17,060 - INFO - 调用LLM泛化query：“取消无人充电”
2026-03-10 15:54:17,060 - INFO - LLM泛化成功，生成1个变体
2026-03-10 15:54:17,061 - INFO -   已生成 8/20：“充电不用了，帮我取消吧”...
2026-03-10 15:54:17,061 - INFO - 调用LLM泛化query：“取消无人自动充电”
2026-03-10 15:54:17,061 - INFO - LLM泛化成功，生成1个变体
2026-03-10 15:54:17,061 - INFO -   已生成 9/20：“自动充电不用了，取消吧”...
2026-03-10 15:54:17,061 - INFO - 调用LLM泛化query：“取消无人充电”
2026-03-10 15:54:17,061 - INFO - LLM泛化成功，生成1个变体
2026-03-10 15:54:17,061 - INFO -   已生成 10/20：“充电不用了，帮我取消吧”...
2026-03-10 15:54:17,061 - INFO - 调用LLM泛化query：“取消无人自动充电”
2026-03-10 15:54:17,061 - INFO - LLM泛化成功，生成1个变体
2026-03-10 15:54:17,061 - INFO -   已生成 11/20：“自动充电不用了，取消吧”...
2026-03-10 15:54:17,061 - INFO - 调用LLM泛化query：“取消无人充电”
2026-03-10 15:54:17,062 - INFO - LLM泛化成功，生成1个变体
2026-03-10 15:54:17,062 - INFO -   已生成 12/20：“充电不用了，帮我取消吧”...
2026-03-10 15:54:17,062 - INFO - 调用LLM泛化query：“取消无人自动充电”
2026-03-10 15:54:17,062 - INFO - LLM泛化成功，生成1个变体
2026-03-10 15:54:17,062 - INFO -   已生成 13/20：“自动充电不用了，取消吧”...
2026-03-10 15:54:17,062 - INFO - 调用LLM泛化query：“取消无人充电”
2026-03-10 15:54:17,062 - INFO - LLM泛化成功，生成1个变体
2026-03-10 15:54:17,062 - INFO -   已生成 14/20：“充电不用了，帮我取消吧”...
2026-03-10 15:54:17,062 - INFO - 调用LLM泛化query：“取消无人自动充电”
2026-03-10 15:54:17,063 - INFO - LLM泛化成功，生成1个变体
2026-03-10 15:54:17,063 - INFO -   已生成 15/20：“自动充电不用了，取消吧”...
2026-03-10 15:54:17,063 - INFO - 调用LLM泛化query：“取消无人充电”
2026-03-10 15:54:17,063 - INFO - LLM泛化成功，生成1个变体
2026-03-10 15:54:17,063 - INFO -   已生成 16/20：“充电不用了，帮我取消吧”...
2026-03-10 15:54:17,063 - INFO - 调用LLM泛化query：“取消无人自动充电”
2026-03-10 15:54:17,063 - INFO - LLM泛化成功，生成1个变体
2026-03-10 15:54:17,063 - INFO -   已生成 17/20：“自动充电不用了，取消吧”...
2026-03-10 15:54:17,063 - INFO - 调用LLM泛化query：“取消无人充电”
2026-03-10 15:54:17,063 - INFO - LLM泛化成功，生成1个变体
2026-03-10 15:54:17,064 - INFO -   已生成 18/20：“充电不用了，帮我取消吧”...
2026-03-10 15:54:17,064 - INFO - 调用LLM泛化query：“取消无人自动充电”
2026-03-10 15:54:17,064 - INFO - LLM泛化成功，生成1个变体
2026-03-10 15:54:17,064 - INFO -   已生成 19/20：“自动充电不用了，取消吧”...
2026-03-10 15:54:17,064 - INFO - 调用LLM泛化query：“取消无人充电”
2026-03-10 15:54:17,064 - INFO - LLM泛化成功，生成1个变体
2026-03-10 15:54:17,064 - INFO -   已生成 20/20：“充电不用了，帮我取消吧”...
2026-03-10 15:54:17,064 - INFO - ID组 94 完成：基于2个原始query，新生成20个泛化query
2026-03-10 15:54:17,064 - INFO - 正在处理ID组 95/111：ID=89
2026-03-10 15:54:17,064 - INFO - 该ID组有2个原始query
2026-03-10 15:54:17,064 - INFO - 对应function：{"name":"global_control", "arguments":{"action":"p...
2026-03-10 15:54:17,064 - INFO - 该ID组需要新生成：20个泛化query（比例1:20）
2026-03-10 15:54:17,064 - INFO - 调用LLM泛化query：停一下
2026-03-10 15:54:18,653 - INFO - LLM泛化成功，生成1个变体
2026-03-10 15:54:18,654 - INFO -   已生成 1/20：稍微停一下吧...
2026-03-10 15:54:18,654 - INFO - 调用LLM泛化query：暂停
2026-03-10 15:54:20,324 - INFO - LLM泛化成功，生成1个变体
2026-03-10 15:54:20,325 - INFO -   已生成 2/20：先停一下吧...
2026-03-10 15:54:20,325 - INFO - 调用LLM泛化query：停一下
2026-03-10 15:54:20,325 - INFO - LLM泛化成功，生成1个变体
2026-03-10 15:54:20,325 - INFO -   已生成 3/20：稍微停一下吧...
2026-03-10 15:54:20,325 - INFO - 调用LLM泛化query：暂停
2026-03-10 15:54:20,325 - INFO - LLM泛化成功，生成1个变体
2026-03-10 15:54:20,325 - INFO -   已生成 4/20：先停一下吧...
2026-03-10 15:54:20,325 - INFO - 调用LLM泛化query：停一下
2026-03-10 15:54:20,325 - INFO - LLM泛化成功，生成1个变体
2026-03-10 15:54:20,325 - INFO -   已生成 5/20：稍微停一下吧...
2026-03-10 15:54:20,326 - INFO - 调用LLM泛化query：暂停
2026-03-10 15:54:20,326 - INFO - LLM泛化成功，生成1个变体
2026-03-10 15:54:20,326 - INFO -   已生成 6/20：先停一下吧...
2026-03-10 15:54:20,326 - INFO - 调用LLM泛化query：停一下
2026-03-10 15:54:20,326 - INFO - LLM泛化成功，生成1个变体
2026-03-10 15:54:20,326 - INFO -   已生成 7/20：稍微停一下吧...
2026-03-10 15:54:20,326 - INFO - 调用LLM泛化query：暂停
2026-03-10 15:54:20,326 - INFO - LLM泛化成功，生成1个变体
2026-03-10 15:54:20,326 - INFO -   已生成 8/20：先停一下吧...
2026-03-10 15:54:20,327 - INFO - 调用LLM泛化query：停一下
2026-03-10 15:54:20,327 - INFO - LLM泛化成功，生成1个变体
2026-03-10 15:54:20,327 - INFO -   已生成 9/20：稍微停一下吧...
2026-03-10 15:54:20,327 - INFO - 调用LLM泛化query：暂停
2026-03-10 15:54:20,327 - INFO - LLM泛化成功，生成1个变体
2026-03-10 15:54:20,327 - INFO -   已生成 10/20：先停一下吧...
2026-03-10 15:54:20,327 - INFO - 调用LLM泛化query：停一下
2026-03-10 15:54:20,327 - INFO - LLM泛化成功，生成1个变体
2026-03-10 15:54:20,328 - INFO -   已生成 11/20：稍微停一下吧...
2026-03-10 15:54:20,328 - INFO - 调用LLM泛化query：暂停
2026-03-10 15:54:20,328 - INFO - LLM泛化成功，生成1个变体
2026-03-10 15:54:20,328 - INFO -   已生成 12/20：先停一下吧...
2026-03-10 15:54:20,328 - INFO - 调用LLM泛化query：停一下
2026-03-10 15:54:20,328 - INFO - LLM泛化成功，生成1个变体
2026-03-10 15:54:20,328 - INFO -   已生成 13/20：稍微停一下吧...
2026-03-10 15:54:20,328 - INFO - 调用LLM泛化query：暂停
2026-03-10 15:54:20,329 - INFO - LLM泛化成功，生成1个变体
2026-03-10 15:54:20,329 - INFO -   已生成 14/20：先停一下吧...
2026-03-10 15:54:20,329 - INFO - 调用LLM泛化query：停一下
2026-03-10 15:54:20,329 - INFO - LLM泛化成功，生成1个变体
2026-03-10 15:54:20,329 - INFO -   已生成 15/20：稍微停一下吧...
2026-03-10 15:54:20,329 - INFO - 调用LLM泛化query：暂停
2026-03-10 15:54:20,329 - INFO - LLM泛化成功，生成1个变体
2026-03-10 15:54:20,329 - INFO -   已生成 16/20：先停一下吧...
2026-03-10 15:54:20,329 - INFO - 调用LLM泛化query：停一下
2026-03-10 15:54:20,329 - INFO - LLM泛化成功，生成1个变体
2026-03-10 15:54:20,330 - INFO -   已生成 17/20：稍微停一下吧...
2026-03-10 15:54:20,330 - INFO - 调用LLM泛化query：暂停
2026-03-10 15:54:20,330 - INFO - LLM泛化成功，生成1个变体
2026-03-10 15:54:20,330 - INFO -   已生成 18/20：先停一下吧...
2026-03-10 15:54:20,330 - INFO - 调用LLM泛化query：停一下
2026-03-10 15:54:20,330 - INFO - LLM泛化成功，生成1个变体
2026-03-10 15:54:20,330 - INFO -   已生成 19/20：稍微停一下吧...
2026-03-10 15:54:20,330 - INFO - 调用LLM泛化query：暂停
2026-03-10 15:54:20,330 - INFO - LLM泛化成功，生成1个变体
2026-03-10 15:54:20,330 - INFO -   已生成 20/20：先停一下吧...
2026-03-10 15:54:20,331 - INFO - ID组 95 完成：基于2个原始query，新生成20个泛化query
2026-03-10 15:54:20,331 - INFO - 正在处理ID组 96/111：ID=90
2026-03-10 15:54:20,331 - INFO - 该ID组有5个原始query
2026-03-10 15:54:20,331 - INFO - 对应function：{"name":"vla_control", "arguments":{"action":"stee...
2026-03-10 15:54:20,331 - INFO - 该ID组需要新生成：20个泛化query（比例1:20）
2026-03-10 15:54:20,331 - INFO - 调用LLM泛化query："掉头"
2026-03-10 15:54:21,592 - INFO - LLM泛化成功，生成1个变体
2026-03-10 15:54:21,592 - INFO -   已生成 1/20："帮我掉个头吧，我走错路了"...
2026-03-10 15:54:21,592 - INFO - 调用LLM泛化query："请掉头"
2026-03-10 15:54:23,182 - INFO - LLM泛化成功，生成1个变体
2026-03-10 15:54:23,183 - INFO -   已生成 2/20："这里掉个头吧"...
2026-03-10 15:54:23,183 - INFO - 调用LLM泛化query："立即掉头"
2026-03-10 15:54:25,327 - INFO - LLM泛化成功，生成1个变体
2026-03-10 15:54:25,327 - INFO -   已生成 3/20："前面掉个头吧，我赶时间"...
2026-03-10 15:54:25,327 - INFO - 调用LLM泛化query："掉头返回"
2026-03-10 15:54:27,706 - INFO - LLM泛化成功，生成1个变体
2026-03-10 15:54:27,707 - INFO -   已生成 4/20："帮我掉头吧，我要回去"...
2026-03-10 15:54:27,708 - INFO - 调用LLM泛化query："原地掉头"
2026-03-10 15:54:29,350 - INFO - LLM泛化成功，生成1个变体
2026-03-10 15:54:29,350 - INFO -   已生成 5/20："在这儿帮我原地掉头吧，我不想往前开了"...
2026-03-10 15:54:29,351 - INFO - 调用LLM泛化query："掉头"
2026-03-10 15:54:29,351 - INFO - LLM泛化成功，生成1个变体
2026-03-10 15:54:29,351 - INFO -   已生成 6/20："帮我掉个头吧，我走错路了"...
2026-03-10 15:54:29,351 - INFO - 调用LLM泛化query："请掉头"
2026-03-10 15:54:29,351 - INFO - LLM泛化成功，生成1个变体
2026-03-10 15:54:29,351 - INFO -   已生成 7/20："这里掉个头吧"...
2026-03-10 15:54:29,351 - INFO - 调用LLM泛化query："立即掉头"
2026-03-10 15:54:29,351 - INFO - LLM泛化成功，生成1个变体
2026-03-10 15:54:29,351 - INFO -   已生成 8/20："前面掉个头吧，我赶时间"...
2026-03-10 15:54:29,351 - INFO - 调用LLM泛化query："掉头返回"
2026-03-10 15:54:29,351 - INFO - LLM泛化成功，生成1个变体
2026-03-10 15:54:29,352 - INFO -   已生成 9/20："帮我掉头吧，我要回去"...
2026-03-10 15:54:29,352 - INFO - 调用LLM泛化query："原地掉头"
2026-03-10 15:54:29,352 - INFO - LLM泛化成功，生成1个变体
2026-03-10 15:54:29,352 - INFO -   已生成 10/20："在这儿帮我原地掉头吧，我不想往前开了"...
2026-03-10 15:54:29,352 - INFO - 调用LLM泛化query："掉头"
2026-03-10 15:54:29,352 - INFO - LLM泛化成功，生成1个变体
2026-03-10 15:54:29,352 - INFO -   已生成 11/20："帮我掉个头吧，我走错路了"...
2026-03-10 15:54:29,352 - INFO - 调用LLM泛化query："请掉头"
2026-03-10 15:54:29,352 - INFO - LLM泛化成功，生成1个变体
2026-03-10 15:54:29,352 - INFO -   已生成 12/20："这里掉个头吧"...
2026-03-10 15:54:29,352 - INFO - 调用LLM泛化query："立即掉头"
2026-03-10 15:54:29,352 - INFO - LLM泛化成功，生成1个变体
2026-03-10 15:54:29,353 - INFO -   已生成 13/20："前面掉个头吧，我赶时间"...
2026-03-10 15:54:29,353 - INFO - 调用LLM泛化query："掉头返回"
2026-03-10 15:54:29,353 - INFO - LLM泛化成功，生成1个变体
2026-03-10 15:54:29,353 - INFO -   已生成 14/20："帮我掉头吧，我要回去"...
2026-03-10 15:54:29,353 - INFO - 调用LLM泛化query："原地掉头"
2026-03-10 15:54:29,353 - INFO - LLM泛化成功，生成1个变体
2026-03-10 15:54:29,353 - INFO -   已生成 15/20："在这儿帮我原地掉头吧，我不想往前开了"...
2026-03-10 15:54:29,353 - INFO - 调用LLM泛化query："掉头"
2026-03-10 15:54:29,353 - INFO - LLM泛化成功，生成1个变体
2026-03-10 15:54:29,353 - INFO -   已生成 16/20："帮我掉个头吧，我走错路了"...
2026-03-10 15:54:29,353 - INFO - 调用LLM泛化query："请掉头"
2026-03-10 15:54:29,353 - INFO - LLM泛化成功，生成1个变体
2026-03-10 15:54:29,354 - INFO -   已生成 17/20："这里掉个头吧"...
2026-03-10 15:54:29,354 - INFO - 调用LLM泛化query："立即掉头"
2026-03-10 15:54:29,354 - INFO - LLM泛化成功，生成1个变体
2026-03-10 15:54:29,354 - INFO -   已生成 18/20："前面掉个头吧，我赶时间"...
2026-03-10 15:54:29,354 - INFO - 调用LLM泛化query："掉头返回"
2026-03-10 15:54:29,354 - INFO - LLM泛化成功，生成1个变体
2026-03-10 15:54:29,354 - INFO -   已生成 19/20："帮我掉头吧，我要回去"...
2026-03-10 15:54:29,354 - INFO - 调用LLM泛化query："原地掉头"
2026-03-10 15:54:29,354 - INFO - LLM泛化成功，生成1个变体
2026-03-10 15:54:29,355 - INFO -   已生成 20/20："在这儿帮我原地掉头吧，我不想往前开了"...
2026-03-10 15:54:29,355 - INFO - ID组 96 完成：基于5个原始query，新生成20个泛化query
2026-03-10 15:54:29,355 - INFO - 正在处理ID组 97/111：ID=91
2026-03-10 15:54:29,355 - INFO - 该ID组有4个原始query
2026-03-10 15:54:29,355 - INFO - 对应function：{"name":"vla_control", "arguments":{"action":"stee...
2026-03-10 15:54:29,355 - INFO - 该ID组需要新生成：20个泛化query（比例1:20）
2026-03-10 15:54:29,355 - INFO - 调用LLM泛化query："倒车"
2026-03-10 15:54:31,378 - INFO - LLM泛化成功，生成1个变体
2026-03-10 15:54:31,378 - INFO -   已生成 1/20："帮我倒一下车吧"...
2026-03-10 15:54:31,378 - INFO - 调用LLM泛化query："请倒车"
2026-03-10 15:54:33,211 - INFO - LLM泛化成功，生成1个变体
2026-03-10 15:54:33,212 - INFO -   已生成 2/20："麻烦帮我倒个车吧"...
2026-03-10 15:54:33,212 - INFO - 调用LLM泛化query："往后倒"
2026-03-10 15:54:34,596 - INFO - LLM泛化成功，生成1个变体
2026-03-10 15:54:34,598 - INFO -   已生成 3/20："往后倒一点，后面空间大"...
2026-03-10 15:54:34,598 - INFO - 调用LLM泛化query："往后倒车"
2026-03-10 15:54:36,342 - INFO - LLM泛化成功，生成1个变体
2026-03-10 15:54:36,342 - INFO -   已生成 4/20："往后倒一下车吧"...
2026-03-10 15:54:36,342 - INFO - 调用LLM泛化query："倒车"
2026-03-10 15:54:36,342 - INFO - LLM泛化成功，生成1个变体
2026-03-10 15:54:36,343 - INFO -   已生成 5/20："帮我倒一下车吧"...
2026-03-10 15:54:36,343 - INFO - 调用LLM泛化query："请倒车"
2026-03-10 15:54:36,343 - INFO - LLM泛化成功，生成1个变体
2026-03-10 15:54:36,343 - INFO -   已生成 6/20："麻烦帮我倒个车吧"...
2026-03-10 15:54:36,343 - INFO - 调用LLM泛化query："往后倒"
2026-03-10 15:54:36,343 - INFO - LLM泛化成功，生成1个变体
2026-03-10 15:54:36,343 - INFO -   已生成 7/20："往后倒一点，后面空间大"...
2026-03-10 15:54:36,343 - INFO - 调用LLM泛化query："往后倒车"
2026-03-10 15:54:36,344 - INFO - LLM泛化成功，生成1个变体
2026-03-10 15:54:36,344 - INFO -   已生成 8/20："往后倒一下车吧"...
2026-03-10 15:54:36,344 - INFO - 调用LLM泛化query："倒车"
2026-03-10 15:54:36,344 - INFO - LLM泛化成功，生成1个变体
2026-03-10 15:54:36,344 - INFO -   已生成 9/20："帮我倒一下车吧"...
2026-03-10 15:54:36,344 - INFO - 调用LLM泛化query："请倒车"
2026-03-10 15:54:36,344 - INFO - LLM泛化成功，生成1个变体
2026-03-10 15:54:36,344 - INFO -   已生成 10/20："麻烦帮我倒个车吧"...
2026-03-10 15:54:36,344 - INFO - 调用LLM泛化query："往后倒"
2026-03-10 15:54:36,345 - INFO - LLM泛化成功，生成1个变体
2026-03-10 15:54:36,345 - INFO -   已生成 11/20："往后倒一点，后面空间大"...
2026-03-10 15:54:36,345 - INFO - 调用LLM泛化query："往后倒车"
2026-03-10 15:54:36,345 - INFO - LLM泛化成功，生成1个变体
2026-03-10 15:54:36,345 - INFO -   已生成 12/20："往后倒一下车吧"...
2026-03-10 15:54:36,346 - INFO - 调用LLM泛化query："倒车"
2026-03-10 15:54:36,346 - INFO - LLM泛化成功，生成1个变体
2026-03-10 15:54:36,346 - INFO -   已生成 13/20："帮我倒一下车吧"...
2026-03-10 15:54:36,346 - INFO - 调用LLM泛化query："请倒车"
2026-03-10 15:54:36,346 - INFO - LLM泛化成功，生成1个变体
2026-03-10 15:54:36,346 - INFO -   已生成 14/20："麻烦帮我倒个车吧"...
2026-03-10 15:54:36,346 - INFO - 调用LLM泛化query："往后倒"
2026-03-10 15:54:36,346 - INFO - LLM泛化成功，生成1个变体
2026-03-10 15:54:36,346 - INFO -   已生成 15/20："往后倒一点，后面空间大"...
2026-03-10 15:54:36,347 - INFO - 调用LLM泛化query："往后倒车"
2026-03-10 15:54:36,347 - INFO - LLM泛化成功，生成1个变体
2026-03-10 15:54:36,347 - INFO -   已生成 16/20："往后倒一下车吧"...
2026-03-10 15:54:36,347 - INFO - 调用LLM泛化query："倒车"
2026-03-10 15:54:36,347 - INFO - LLM泛化成功，生成1个变体
2026-03-10 15:54:36,347 - INFO -   已生成 17/20："帮我倒一下车吧"...
2026-03-10 15:54:36,347 - INFO - 调用LLM泛化query："请倒车"
2026-03-10 15:54:36,347 - INFO - LLM泛化成功，生成1个变体
2026-03-10 15:54:36,347 - INFO -   已生成 18/20："麻烦帮我倒个车吧"...
2026-03-10 15:54:36,347 - INFO - 调用LLM泛化query："往后倒"
2026-03-10 15:54:36,347 - INFO - LLM泛化成功，生成1个变体
2026-03-10 15:54:36,348 - INFO -   已生成 19/20："往后倒一点，后面空间大"...
2026-03-10 15:54:36,348 - INFO - 调用LLM泛化query："往后倒车"
2026-03-10 15:54:36,348 - INFO - LLM泛化成功，生成1个变体
2026-03-10 15:54:36,348 - INFO -   已生成 20/20："往后倒一下车吧"...
2026-03-10 15:54:36,348 - INFO - ID组 97 完成：基于4个原始query，新生成20个泛化query
2026-03-10 15:54:36,348 - INFO - 正在处理ID组 98/111：ID=92
2026-03-10 15:54:36,348 - INFO - 该ID组有3个原始query
2026-03-10 15:54:36,348 - INFO - 对应function：{"name":"vla_control", "arguments":{"action":"park...
2026-03-10 15:54:36,348 - INFO - 该ID组需要新生成：20个泛化query（比例1:20）
2026-03-10 15:54:36,348 - INFO - 调用LLM泛化query：停车
2026-03-10 15:54:36,349 - INFO - LLM泛化成功，生成1个变体
2026-03-10 15:54:36,349 - INFO -   已生成 1/20：帮我停一下车吧，前面好像有空位。...
2026-03-10 15:54:36,349 - INFO - 调用LLM泛化query：我要停车
2026-03-10 15:54:36,349 - INFO - LLM泛化成功，生成1个变体
2026-03-10 15:54:36,349 - INFO -   已生成 2/20：帮我停车一下，前面好像有空位呢。...
2026-03-10 15:54:36,349 - INFO - 调用LLM泛化query：立即停车
2026-03-10 15:54:36,349 - INFO - LLM泛化成功，生成1个变体
2026-03-10 15:54:36,349 - INFO -   已生成 3/20：赶紧停车吧，我有点急...
2026-03-10 15:54:36,349 - INFO - 调用LLM泛化query：停车
2026-03-10 15:54:36,349 - INFO - LLM泛化成功，生成1个变体
2026-03-10 15:54:36,350 - INFO -   已生成 4/20：帮我停一下车吧，前面好像有空位。...
2026-03-10 15:54:36,350 - INFO - 调用LLM泛化query：我要停车
2026-03-10 15:54:36,350 - INFO - LLM泛化成功，生成1个变体
2026-03-10 15:54:36,350 - INFO -   已生成 5/20：帮我停车一下，前面好像有空位呢。...
2026-03-10 15:54:36,350 - INFO - 调用LLM泛化query：立即停车
2026-03-10 15:54:36,350 - INFO - LLM泛化成功，生成1个变体
2026-03-10 15:54:36,350 - INFO -   已生成 6/20：赶紧停车吧，我有点急...
2026-03-10 15:54:36,350 - INFO - 调用LLM泛化query：停车
2026-03-10 15:54:36,350 - INFO - LLM泛化成功，生成1个变体
2026-03-10 15:54:36,350 - INFO -   已生成 7/20：帮我停一下车吧，前面好像有空位。...
2026-03-10 15:54:36,350 - INFO - 调用LLM泛化query：我要停车
2026-03-10 15:54:36,350 - INFO - LLM泛化成功，生成1个变体
2026-03-10 15:54:36,351 - INFO -   已生成 8/20：帮我停车一下，前面好像有空位呢。...
2026-03-10 15:54:36,351 - INFO - 调用LLM泛化query：立即停车
2026-03-10 15:54:36,351 - INFO - LLM泛化成功，生成1个变体
2026-03-10 15:54:36,351 - INFO -   已生成 9/20：赶紧停车吧，我有点急...
2026-03-10 15:54:36,351 - INFO - 调用LLM泛化query：停车
2026-03-10 15:54:36,351 - INFO - LLM泛化成功，生成1个变体
2026-03-10 15:54:36,351 - INFO -   已生成 10/20：帮我停一下车吧，前面好像有空位。...
2026-03-10 15:54:36,351 - INFO - 调用LLM泛化query：我要停车
2026-03-10 15:54:36,351 - INFO - LLM泛化成功，生成1个变体
2026-03-10 15:54:36,351 - INFO -   已生成 11/20：帮我停车一下，前面好像有空位呢。...
2026-03-10 15:54:36,351 - INFO - 调用LLM泛化query：立即停车
2026-03-10 15:54:36,351 - INFO - LLM泛化成功，生成1个变体
2026-03-10 15:54:36,351 - INFO -   已生成 12/20：赶紧停车吧，我有点急...
2026-03-10 15:54:36,352 - INFO - 调用LLM泛化query：停车
2026-03-10 15:54:36,352 - INFO - LLM泛化成功，生成1个变体
2026-03-10 15:54:36,352 - INFO -   已生成 13/20：帮我停一下车吧，前面好像有空位。...
2026-03-10 15:54:36,352 - INFO - 调用LLM泛化query：我要停车
2026-03-10 15:54:36,352 - INFO - LLM泛化成功，生成1个变体
2026-03-10 15:54:36,352 - INFO -   已生成 14/20：帮我停车一下，前面好像有空位呢。...
2026-03-10 15:54:36,352 - INFO - 调用LLM泛化query：立即停车
2026-03-10 15:54:36,352 - INFO - LLM泛化成功，生成1个变体
2026-03-10 15:54:36,352 - INFO -   已生成 15/20：赶紧停车吧，我有点急...
2026-03-10 15:54:36,352 - INFO - 调用LLM泛化query：停车
2026-03-10 15:54:36,352 - INFO - LLM泛化成功，生成1个变体
2026-03-10 15:54:36,352 - INFO -   已生成 16/20：帮我停一下车吧，前面好像有空位。...
2026-03-10 15:54:36,352 - INFO - 调用LLM泛化query：我要停车
2026-03-10 15:54:36,352 - INFO - LLM泛化成功，生成1个变体
2026-03-10 15:54:36,353 - INFO -   已生成 17/20：帮我停车一下，前面好像有空位呢。...
2026-03-10 15:54:36,353 - INFO - 调用LLM泛化query：立即停车
2026-03-10 15:54:36,353 - INFO - LLM泛化成功，生成1个变体
2026-03-10 15:54:36,353 - INFO -   已生成 18/20：赶紧停车吧，我有点急...
2026-03-10 15:54:36,353 - INFO - 调用LLM泛化query：停车
2026-03-10 15:54:36,353 - INFO - LLM泛化成功，生成1个变体
2026-03-10 15:54:36,353 - INFO -   已生成 19/20：帮我停一下车吧，前面好像有空位。...
2026-03-10 15:54:36,353 - INFO - 调用LLM泛化query：我要停车
2026-03-10 15:54:36,353 - INFO - LLM泛化成功，生成1个变体
2026-03-10 15:54:36,353 - INFO -   已生成 20/20：帮我停车一下，前面好像有空位呢。...
2026-03-10 15:54:36,353 - INFO - ID组 98 完成：基于3个原始query，新生成20个泛化query
2026-03-10 15:54:36,353 - INFO - 正在处理ID组 99/111：ID=93
2026-03-10 15:54:36,353 - INFO - 该ID组有3个原始query
2026-03-10 15:54:36,353 - INFO - 对应function：{"name":"vla_control", "arguments":{"action":"park...
2026-03-10 15:54:36,354 - INFO - 该ID组需要新生成：20个泛化query（比例1:20）
2026-03-10 15:54:36,354 - INFO - 调用LLM泛化query：泊车
2026-03-10 15:54:36,354 - INFO - LLM泛化成功，生成1个变体
2026-03-10 15:54:36,354 - INFO -   已生成 1/20：帮我泊车一下吧，我手里拿着东西不好操作...
2026-03-10 15:54:36,354 - INFO - 调用LLM泛化query：我要泊车
2026-03-10 15:54:36,354 - INFO - LLM泛化成功，生成1个变体
2026-03-10 15:54:36,354 - INFO -   已生成 2/20：帮我找个地方泊车吧，我刚买完东西不想走太远（带原因+礼貌型）...
2026-03-10 15:54:36,354 - INFO - 调用LLM泛化query：开始泊车
2026-03-10 15:54:38,563 - INFO - LLM泛化成功，生成1个变体
2026-03-10 15:54:38,564 - INFO -   已生成 3/20：那就开始泊车吧，车位就在前面。...
2026-03-10 15:54:38,564 - INFO - 调用LLM泛化query：泊车
2026-03-10 15:54:38,564 - INFO - LLM泛化成功，生成1个变体
2026-03-10 15:54:38,565 - INFO -   已生成 4/20：帮我泊车一下吧，我手里拿着东西不好操作...
2026-03-10 15:54:38,565 - INFO - 调用LLM泛化query：我要泊车
2026-03-10 15:54:38,565 - INFO - LLM泛化成功，生成1个变体
2026-03-10 15:54:38,565 - INFO -   已生成 5/20：帮我找个地方泊车吧，我刚买完东西不想走太远（带原因+礼貌型）...
2026-03-10 15:54:38,565 - INFO - 调用LLM泛化query：开始泊车
2026-03-10 15:54:38,565 - INFO - LLM泛化成功，生成1个变体
2026-03-10 15:54:38,565 - INFO -   已生成 6/20：那就开始泊车吧，车位就在前面。...
2026-03-10 15:54:38,566 - INFO - 调用LLM泛化query：泊车
2026-03-10 15:54:38,566 - INFO - LLM泛化成功，生成1个变体
2026-03-10 15:54:38,566 - INFO -   已生成 7/20：帮我泊车一下吧，我手里拿着东西不好操作...
2026-03-10 15:54:38,566 - INFO - 调用LLM泛化query：我要泊车
2026-03-10 15:54:38,566 - INFO - LLM泛化成功，生成1个变体
2026-03-10 15:54:38,566 - INFO -   已生成 8/20：帮我找个地方泊车吧，我刚买完东西不想走太远（带原因+礼貌型）...
2026-03-10 15:54:38,566 - INFO - 调用LLM泛化query：开始泊车
2026-03-10 15:54:38,567 - INFO - LLM泛化成功，生成1个变体
2026-03-10 15:54:38,567 - INFO -   已生成 9/20：那就开始泊车吧，车位就在前面。...
2026-03-10 15:54:38,567 - INFO - 调用LLM泛化query：泊车
2026-03-10 15:54:38,567 - INFO - LLM泛化成功，生成1个变体
2026-03-10 15:54:38,567 - INFO -   已生成 10/20：帮我泊车一下吧，我手里拿着东西不好操作...
2026-03-10 15:54:38,567 - INFO - 调用LLM泛化query：我要泊车
2026-03-10 15:54:38,567 - INFO - LLM泛化成功，生成1个变体
2026-03-10 15:54:38,567 - INFO -   已生成 11/20：帮我找个地方泊车吧，我刚买完东西不想走太远（带原因+礼貌型）...
2026-03-10 15:54:38,568 - INFO - 调用LLM泛化query：开始泊车
2026-03-10 15:54:38,568 - INFO - LLM泛化成功，生成1个变体
2026-03-10 15:54:38,568 - INFO -   已生成 12/20：那就开始泊车吧，车位就在前面。...
2026-03-10 15:54:38,568 - INFO - 调用LLM泛化query：泊车
2026-03-10 15:54:38,568 - INFO - LLM泛化成功，生成1个变体
2026-03-10 15:54:38,568 - INFO -   已生成 13/20：帮我泊车一下吧，我手里拿着东西不好操作...
2026-03-10 15:54:38,568 - INFO - 调用LLM泛化query：我要泊车
2026-03-10 15:54:38,568 - INFO - LLM泛化成功，生成1个变体
2026-03-10 15:54:38,568 - INFO -   已生成 14/20：帮我找个地方泊车吧，我刚买完东西不想走太远（带原因+礼貌型）...
2026-03-10 15:54:38,569 - INFO - 调用LLM泛化query：开始泊车
2026-03-10 15:54:38,569 - INFO - LLM泛化成功，生成1个变体
2026-03-10 15:54:38,569 - INFO -   已生成 15/20：那就开始泊车吧，车位就在前面。...
2026-03-10 15:54:38,569 - INFO - 调用LLM泛化query：泊车
2026-03-10 15:54:38,569 - INFO - LLM泛化成功，生成1个变体
2026-03-10 15:54:38,570 - INFO -   已生成 16/20：帮我泊车一下吧，我手里拿着东西不好操作...
2026-03-10 15:54:38,570 - INFO - 调用LLM泛化query：我要泊车
2026-03-10 15:54:38,570 - INFO - LLM泛化成功，生成1个变体
2026-03-10 15:54:38,570 - INFO -   已生成 17/20：帮我找个地方泊车吧，我刚买完东西不想走太远（带原因+礼貌型）...
2026-03-10 15:54:38,570 - INFO - 调用LLM泛化query：开始泊车
2026-03-10 15:54:38,570 - INFO - LLM泛化成功，生成1个变体
2026-03-10 15:54:38,570 - INFO -   已生成 18/20：那就开始泊车吧，车位就在前面。...
2026-03-10 15:54:38,570 - INFO - 调用LLM泛化query：泊车
2026-03-10 15:54:38,570 - INFO - LLM泛化成功，生成1个变体
2026-03-10 15:54:38,571 - INFO -   已生成 19/20：帮我泊车一下吧，我手里拿着东西不好操作...
2026-03-10 15:54:38,571 - INFO - 调用LLM泛化query：我要泊车
2026-03-10 15:54:38,571 - INFO - LLM泛化成功，生成1个变体
2026-03-10 15:54:38,571 - INFO -   已生成 20/20：帮我找个地方泊车吧，我刚买完东西不想走太远（带原因+礼貌型）...
2026-03-10 15:54:38,571 - INFO - ID组 99 完成：基于3个原始query，新生成20个泛化query
2026-03-10 15:54:38,571 - INFO - 正在处理ID组 100/111：ID=94
2026-03-10 15:54:38,571 - INFO - 该ID组有10个原始query
2026-03-10 15:54:38,571 - INFO - 对应function：{"name":"vla_control", "arguments":{"action":"park...
2026-03-10 15:54:38,571 - INFO - 该ID组需要新生成：20个泛化query（比例1:20）
2026-03-10 15:54:38,571 - INFO - 调用LLM泛化query：把车停到左边。
2026-03-10 15:54:40,204 - INFO - LLM泛化成功，生成1个变体
2026-03-10 15:54:40,205 - INFO -   已生成 1/20：停到左边那边吧，我带着孩子不方便走太远。...
2026-03-10 15:54:40,205 - INFO - 调用LLM泛化query：去右前方的车位停车。
2026-03-10 15:54:41,831 - INFO - LLM泛化成功，生成1个变体
2026-03-10 15:54:41,832 - INFO -   已生成 2/20：去右前面那个车位泊车吧，我着急去办点事。...
2026-03-10 15:54:41,832 - INFO - 调用LLM泛化query：帮我停在后面那个空位。
2026-03-10 15:54:43,649 - INFO - LLM泛化成功，生成1个变体
2026-03-10 15:54:43,649 - INFO -   已生成 3/20：停到后面那个空位吧，谢谢。...
2026-03-10 15:54:43,650 - INFO - 调用LLM泛化query：停到左后方去。
2026-03-10 15:54:45,418 - INFO - LLM泛化成功，生成1个变体
2026-03-10 15:54:45,418 - INFO -   已生成 4/20：可以麻烦停到左后方吗？...
2026-03-10 15:54:45,418 - INFO - 调用LLM泛化query：直接停在旁边。
2026-03-10 15:54:47,309 - INFO - LLM泛化成功，生成1个变体
2026-03-10 15:54:47,310 - INFO -   已生成 5/20：就停在旁边吧，别绕了。（随意型，带语气词和背景）...
2026-03-10 15:54:47,310 - INFO - 调用LLM泛化query：在附近找个地方停。
2026-03-10 15:54:50,234 - INFO - LLM泛化成功，生成1个变体
2026-03-10 15:54:50,234 - INFO -   已生成 6/20：在附近帮我找个地方停一下吧。...
2026-03-10 15:54:50,234 - INFO - 调用LLM泛化query：把车停到右侧。
2026-03-10 15:54:53,185 - INFO - LLM泛化成功，生成1个变体
2026-03-10 15:54:53,186 - INFO -   已生成 7/20：靠边停一下，停到右边吧。...
2026-03-10 15:54:53,186 - INFO - 调用LLM泛化query：去左前方停车。
2026-03-10 15:54:54,742 - INFO - LLM泛化成功，生成1个变体
2026-03-10 15:54:54,742 - INFO -   已生成 8/20：去左前面停一下吧，我着急送人。...
2026-03-10 15:54:54,742 - INFO - 调用LLM泛化query：停到右后边的位置。
2026-03-10 15:54:56,475 - INFO - LLM泛化成功，生成1个变体
2026-03-10 15:54:56,475 - INFO -   已生成 9/20：麻烦停到后面右边的位置吧，我带着孩子呢。（礼貌型，带背景）...
2026-03-10 15:54:56,475 - INFO - 调用LLM泛化query：就停在前面。
2026-03-10 15:54:58,425 - INFO - LLM泛化成功，生成1个变体
2026-03-10 15:54:58,425 - INFO -   已生成 10/20：就停在前面那儿吧。...
2026-03-10 15:54:58,426 - INFO - 调用LLM泛化query：把车停到左边。
2026-03-10 15:54:58,426 - INFO - LLM泛化成功，生成1个变体
2026-03-10 15:54:58,426 - INFO -   已生成 11/20：停到左边那边吧，我带着孩子不方便走太远。...
2026-03-10 15:54:58,426 - INFO - 调用LLM泛化query：去右前方的车位停车。
2026-03-10 15:54:58,426 - INFO - LLM泛化成功，生成1个变体
2026-03-10 15:54:58,426 - INFO -   已生成 12/20：去右前面那个车位泊车吧，我着急去办点事。...
2026-03-10 15:54:58,426 - INFO - 调用LLM泛化query：帮我停在后面那个空位。
2026-03-10 15:54:58,426 - INFO - LLM泛化成功，生成1个变体
2026-03-10 15:54:58,426 - INFO -   已生成 13/20：停到后面那个空位吧，谢谢。...
2026-03-10 15:54:58,427 - INFO - 调用LLM泛化query：停到左后方去。
2026-03-10 15:54:58,427 - INFO - LLM泛化成功，生成1个变体
2026-03-10 15:54:58,427 - INFO -   已生成 14/20：可以麻烦停到左后方吗？...
2026-03-10 15:54:58,427 - INFO - 调用LLM泛化query：直接停在旁边。
2026-03-10 15:54:58,427 - INFO - LLM泛化成功，生成1个变体
2026-03-10 15:54:58,427 - INFO -   已生成 15/20：就停在旁边吧，别绕了。（随意型，带语气词和背景）...
2026-03-10 15:54:58,427 - INFO - 调用LLM泛化query：在附近找个地方停。
2026-03-10 15:54:58,427 - INFO - LLM泛化成功，生成1个变体
2026-03-10 15:54:58,427 - INFO -   已生成 16/20：在附近帮我找个地方停一下吧。...
2026-03-10 15:54:58,427 - INFO - 调用LLM泛化query：把车停到右侧。
2026-03-10 15:54:58,427 - INFO - LLM泛化成功，生成1个变体
2026-03-10 15:54:58,427 - INFO -   已生成 17/20：靠边停一下，停到右边吧。...
2026-03-10 15:54:58,427 - INFO - 调用LLM泛化query：去左前方停车。
2026-03-10 15:54:58,427 - INFO - LLM泛化成功，生成1个变体
2026-03-10 15:54:58,427 - INFO -   已生成 18/20：去左前面停一下吧，我着急送人。...
2026-03-10 15:54:58,427 - INFO - 调用LLM泛化query：停到右后边的位置。
2026-03-10 15:54:58,427 - INFO - LLM泛化成功，生成1个变体
2026-03-10 15:54:58,427 - INFO -   已生成 19/20：麻烦停到后面右边的位置吧，我带着孩子呢。（礼貌型，带背景）...
2026-03-10 15:54:58,427 - INFO - 调用LLM泛化query：就停在前面。
2026-03-10 15:54:58,427 - INFO - LLM泛化成功，生成1个变体
2026-03-10 15:54:58,427 - INFO -   已生成 20/20：就停在前面那儿吧。...
2026-03-10 15:54:58,427 - INFO - ID组 100 完成：基于10个原始query，新生成20个泛化query
2026-03-10 15:54:58,427 - INFO - 正在处理ID组 101/111：ID=95
2026-03-10 15:54:58,427 - INFO - 该ID组有10个原始query
2026-03-10 15:54:58,427 - INFO - 对应function：{"name":"vla_control", "arguments":{"action":"park...
2026-03-10 15:54:58,427 - INFO - 该ID组需要新生成：20个泛化query（比例1:20）
2026-03-10 15:54:58,427 - INFO - 调用LLM泛化query：把车泊到左边去。
2026-03-10 15:55:01,908 - INFO - LLM泛化成功，生成1个变体
2026-03-10 15:55:01,909 - INFO -   已生成 1/20：麻烦把车停到左边那边去吧。...
2026-03-10 15:55:01,909 - INFO - 调用LLM泛化query：泊入右前方的车位。
2026-03-10 15:55:03,322 - INFO - LLM泛化成功，生成1个变体
2026-03-10 15:55:03,323 - INFO -   已生成 2/20：麻烦泊入右前面的车位吧，我着急回家呢。...
2026-03-10 15:55:03,323 - INFO - 调用LLM泛化query：帮我泊到后面。
2026-03-10 15:55:05,381 - INFO - LLM泛化成功，生成1个变体
2026-03-10 15:55:05,382 - INFO -   已生成 3/20：麻烦泊到后面去吧。...
2026-03-10 15:55:05,382 - INFO - 调用LLM泛化query：泊到左后方。
2026-03-10 15:55:07,460 - INFO - LLM泛化成功，生成1个变体
2026-03-10 15:55:07,460 - INFO -   已生成 4/20：往左后方泊一下吧，麻烦了。...
2026-03-10 15:55:07,461 - INFO - 调用LLM泛化query：去旁边泊车。
2026-03-10 15:55:09,711 - INFO - LLM泛化成功，生成1个变体
2026-03-10 15:55:09,711 - INFO -   已生成 5/20：帮我往旁边泊车一下吧，这里不好停。...
2026-03-10 15:55:09,712 - INFO - 调用LLM泛化query：泊在附近就行。
2026-03-10 15:55:11,329 - INFO - LLM泛化成功，生成1个变体
2026-03-10 15:55:11,330 - INFO -   已生成 6/20：随便找个附近的地方泊车吧。...
2026-03-10 15:55:11,330 - INFO - 调用LLM泛化query：把车泊进右边的位子。
2026-03-10 15:55:13,172 - INFO - LLM泛化成功，生成1个变体
2026-03-10 15:55:13,173 - INFO -   已生成 7/20：麻烦把车停到右边那个位子吧。...
2026-03-10 15:55:13,173 - INFO - 调用LLM泛化query：泊到左前方。
2026-03-10 15:55:15,017 - INFO - LLM泛化成功，生成1个变体
2026-03-10 15:55:15,018 - INFO -   已生成 8/20：往左前方泊一下吧。...
2026-03-10 15:55:15,018 - INFO - 调用LLM泛化query：我要泊到右后方。
2026-03-10 15:55:16,339 - INFO - LLM泛化成功，生成1个变体
2026-03-10 15:55:16,339 - INFO -   已生成 9/20：帮我泊到右后方吧，我这边不好操作。...
2026-03-10 15:55:16,339 - INFO - 调用LLM泛化query：直接泊到前面。
2026-03-10 15:55:17,881 - INFO - LLM泛化成功，生成1个变体
2026-03-10 15:55:17,882 - INFO -   已生成 10/20：就直接泊到前面吧。...
2026-03-10 15:55:17,882 - INFO - 调用LLM泛化query：把车泊到左边去。
2026-03-10 15:55:17,882 - INFO - LLM泛化成功，生成1个变体
2026-03-10 15:55:17,882 - INFO -   已生成 11/20：麻烦把车停到左边那边去吧。...
2026-03-10 15:55:17,882 - INFO - 调用LLM泛化query：泊入右前方的车位。
2026-03-10 15:55:17,882 - INFO - LLM泛化成功，生成1个变体
2026-03-10 15:55:17,882 - INFO -   已生成 12/20：麻烦泊入右前面的车位吧，我着急回家呢。...
2026-03-10 15:55:17,882 - INFO - 调用LLM泛化query：帮我泊到后面。
2026-03-10 15:55:17,882 - INFO - LLM泛化成功，生成1个变体
2026-03-10 15:55:17,883 - INFO -   已生成 13/20：麻烦泊到后面去吧。...
2026-03-10 15:55:17,883 - INFO - 调用LLM泛化query：泊到左后方。
2026-03-10 15:55:17,883 - INFO - LLM泛化成功，生成1个变体
2026-03-10 15:55:17,883 - INFO -   已生成 14/20：往左后方泊一下吧，麻烦了。...
2026-03-10 15:55:17,883 - INFO - 调用LLM泛化query：去旁边泊车。
2026-03-10 15:55:17,883 - INFO - LLM泛化成功，生成1个变体
2026-03-10 15:55:17,883 - INFO -   已生成 15/20：帮我往旁边泊车一下吧，这里不好停。...
2026-03-10 15:55:17,883 - INFO - 调用LLM泛化query：泊在附近就行。
2026-03-10 15:55:17,883 - INFO - LLM泛化成功，生成1个变体
2026-03-10 15:55:17,883 - INFO -   已生成 16/20：随便找个附近的地方泊车吧。...
2026-03-10 15:55:17,883 - INFO - 调用LLM泛化query：把车泊进右边的位子。
2026-03-10 15:55:17,883 - INFO - LLM泛化成功，生成1个变体
2026-03-10 15:55:17,884 - INFO -   已生成 17/20：麻烦把车停到右边那个位子吧。...
2026-03-10 15:55:17,884 - INFO - 调用LLM泛化query：泊到左前方。
2026-03-10 15:55:17,884 - INFO - LLM泛化成功，生成1个变体
2026-03-10 15:55:17,884 - INFO -   已生成 18/20：往左前方泊一下吧。...
2026-03-10 15:55:17,884 - INFO - 调用LLM泛化query：我要泊到右后方。
2026-03-10 15:55:17,884 - INFO - LLM泛化成功，生成1个变体
2026-03-10 15:55:17,884 - INFO -   已生成 19/20：帮我泊到右后方吧，我这边不好操作。...
2026-03-10 15:55:17,884 - INFO - 调用LLM泛化query：直接泊到前面。
2026-03-10 15:55:17,884 - INFO - LLM泛化成功，生成1个变体
2026-03-10 15:55:17,884 - INFO -   已生成 20/20：就直接泊到前面吧。...
2026-03-10 15:55:17,884 - INFO - ID组 101 完成：基于10个原始query，新生成20个泛化query
2026-03-10 15:55:17,885 - INFO - 正在处理ID组 102/111：ID=96
2026-03-10 15:55:17,885 - INFO - 该ID组有10个原始query
2026-03-10 15:55:17,885 - INFO - 对应function：{"name":"vla_control", "arguments":{"action":"navi...
2026-03-10 15:55:17,885 - INFO - 该ID组需要新生成：20个泛化query（比例1:20）
2026-03-10 15:55:17,885 - INFO - 调用LLM泛化query：把车开到左边。
2026-03-10 15:55:20,750 - INFO - LLM泛化成功，生成1个变体
2026-03-10 15:55:20,750 - INFO -   已生成 1/20：往左边开一下吧，我这边下车方便点。...
2026-03-10 15:55:20,751 - INFO - 调用LLM泛化query：往右前方开。
2026-03-10 15:55:22,784 - INFO - LLM泛化成功，生成1个变体
2026-03-10 15:55:22,785 - INFO -   已生成 2/20：往右前面开一下吧，我着急去接人呢。...
2026-03-10 15:55:22,785 - INFO - 调用LLM泛化query：开到后面去。
2026-03-10 15:55:24,201 - INFO - LLM泛化成功，生成1个变体
2026-03-10 15:55:24,201 - INFO -   已生成 3/20：麻烦开到后面一点吧，我要下车。...
2026-03-10 15:55:24,201 - INFO - 调用LLM泛化query：把车开到左后方。
2026-03-10 15:55:26,129 - INFO - LLM泛化成功，生成1个变体
2026-03-10 15:55:26,129 - INFO -   已生成 4/20：往左后方开一下车吧。...
2026-03-10 15:55:26,130 - INFO - 调用LLM泛化query：开到旁边去。
2026-03-10 15:55:28,123 - INFO - LLM泛化成功，生成1个变体
2026-03-10 15:55:28,124 - INFO -   已生成 5/20：麻烦开到旁边一下吧。...
2026-03-10 15:55:28,124 - INFO - 调用LLM泛化query：开到附近。
2026-03-10 15:55:29,761 - INFO - LLM泛化成功，生成1个变体
2026-03-10 15:55:29,761 - INFO -   已生成 6/20：开到旁边吧，我不想走太远。...
2026-03-10 15:55:29,761 - INFO - 调用LLM泛化query：往右边开。
2026-03-10 15:55:31,751 - INFO - LLM泛化成功，生成1个变体
2026-03-10 15:55:31,751 - INFO -   已生成 7/20：稍微往右边开一下吧。...
2026-03-10 15:55:31,752 - INFO - 调用LLM泛化query：行驶到左前方。
2026-03-10 15:55:34,065 - INFO - LLM泛化成功，生成1个变体
2026-03-10 15:55:34,065 - INFO -   已生成 8/20：往左前方开一下吧。...
2026-03-10 15:55:34,065 - INFO - 调用LLM泛化query：把车开到右后方。
2026-03-10 15:55:35,905 - INFO - LLM泛化成功，生成1个变体
2026-03-10 15:55:35,906 - INFO -   已生成 9/20：麻烦把车挪到右后边吧，我好下车。...
2026-03-10 15:55:35,906 - INFO - 调用LLM泛化query：直接往前开。
2026-03-10 15:55:37,107 - INFO - LLM泛化成功，生成1个变体
2026-03-10 15:55:37,107 - INFO -   已生成 10/20：再往前开一点吧。...
2026-03-10 15:55:37,107 - INFO - 调用LLM泛化query：把车开到左边。
2026-03-10 15:55:37,107 - INFO - LLM泛化成功，生成1个变体
2026-03-10 15:55:37,108 - INFO -   已生成 11/20：往左边开一下吧，我这边下车方便点。...
2026-03-10 15:55:37,108 - INFO - 调用LLM泛化query：往右前方开。
2026-03-10 15:55:37,108 - INFO - LLM泛化成功，生成1个变体
2026-03-10 15:55:37,108 - INFO -   已生成 12/20：往右前面开一下吧，我着急去接人呢。...
2026-03-10 15:55:37,109 - INFO - 调用LLM泛化query：开到后面去。
2026-03-10 15:55:37,109 - INFO - LLM泛化成功，生成1个变体
2026-03-10 15:55:37,109 - INFO -   已生成 13/20：麻烦开到后面一点吧，我要下车。...
2026-03-10 15:55:37,109 - INFO - 调用LLM泛化query：把车开到左后方。
2026-03-10 15:55:37,109 - INFO - LLM泛化成功，生成1个变体
2026-03-10 15:55:37,109 - INFO -   已生成 14/20：往左后方开一下车吧。...
2026-03-10 15:55:37,110 - INFO - 调用LLM泛化query：开到旁边去。
2026-03-10 15:55:37,110 - INFO - LLM泛化成功，生成1个变体
2026-03-10 15:55:37,110 - INFO -   已生成 15/20：麻烦开到旁边一下吧。...
2026-03-10 15:55:37,110 - INFO - 调用LLM泛化query：开到附近。
2026-03-10 15:55:37,110 - INFO - LLM泛化成功，生成1个变体
2026-03-10 15:55:37,110 - INFO -   已生成 16/20：开到旁边吧，我不想走太远。...
2026-03-10 15:55:37,110 - INFO - 调用LLM泛化query：往右边开。
2026-03-10 15:55:37,110 - INFO - LLM泛化成功，生成1个变体
2026-03-10 15:55:37,111 - INFO -   已生成 17/20：稍微往右边开一下吧。...
2026-03-10 15:55:37,111 - INFO - 调用LLM泛化query：行驶到左前方。
2026-03-10 15:55:37,111 - INFO - LLM泛化成功，生成1个变体
2026-03-10 15:55:37,111 - INFO -   已生成 18/20：往左前方开一下吧。...
2026-03-10 15:55:37,111 - INFO - 调用LLM泛化query：把车开到右后方。
2026-03-10 15:55:37,111 - INFO - LLM泛化成功，生成1个变体
2026-03-10 15:55:37,111 - INFO -   已生成 19/20：麻烦把车挪到右后边吧，我好下车。...
2026-03-10 15:55:37,111 - INFO - 调用LLM泛化query：直接往前开。
2026-03-10 15:55:37,112 - INFO - LLM泛化成功，生成1个变体
2026-03-10 15:55:37,112 - INFO -   已生成 20/20：再往前开一点吧。...
2026-03-10 15:55:37,112 - INFO - ID组 102 完成：基于10个原始query，新生成20个泛化query
2026-03-10 15:55:37,112 - INFO - 正在处理ID组 103/111：ID=97
2026-03-10 15:55:37,112 - INFO - 该ID组有10个原始query
2026-03-10 15:55:37,112 - INFO - 对应function：{"name":"vla_control", "arguments":{"action":"paus...
2026-03-10 15:55:37,112 - INFO - 该ID组需要新生成：20个泛化query（比例1:20）
2026-03-10 15:55:37,112 - INFO - 调用LLM泛化query：在前面停一下。
2026-03-10 15:55:38,977 - INFO - LLM泛化成功，生成1个变体
2026-03-10 15:55:38,978 - INFO -   已生成 1/20：稍微往前一点停吧。...
2026-03-10 15:55:38,978 - INFO - 调用LLM泛化query：靠右边停一下。
2026-03-10 15:55:40,293 - INFO - LLM泛化成功，生成1个变体
2026-03-10 15:55:40,294 - INFO -   已生成 2/20：往右边停一下吧。...
2026-03-10 15:55:40,294 - INFO - 调用LLM泛化query：去左边停一会。
2026-03-10 15:55:41,511 - INFO - LLM泛化成功，生成1个变体
2026-03-10 15:55:41,512 - INFO -   已生成 3/20：往左边停一下吧，我等会就走。...
2026-03-10 15:55:41,512 - INFO - 调用LLM泛化query：在旁边停一脚。
2026-03-10 15:55:43,082 - INFO - LLM泛化成功，生成1个变体
2026-03-10 15:55:43,082 - INFO -   已生成 4/20：就停在旁边吧。...
2026-03-10 15:55:43,083 - INFO - 调用LLM泛化query：去附近停一下。
2026-03-10 15:55:47,986 - INFO - LLM泛化成功，生成1个变体
2026-03-10 15:55:47,987 - INFO -   已生成 5/20：在附近找个地方停一下吧，快点，我赶时间。...
2026-03-10 15:55:47,987 - INFO - 调用LLM泛化query：在右前方停一下。
2026-03-10 15:55:49,626 - INFO - LLM泛化成功，生成1个变体
2026-03-10 15:55:49,627 - INFO -   已生成 6/20：麻烦在右前方停一下吧，我要下车。...
2026-03-10 15:55:49,627 - INFO - 调用LLM泛化query：靠左侧停一小会儿。
2026-03-10 15:55:51,044 - INFO - LLM泛化成功，生成1个变体
2026-03-10 15:55:51,045 - INFO -   已生成 7/20：靠左边停一下吧，我马上回来。...
2026-03-10 15:55:51,045 - INFO - 调用LLM泛化query：在前面路口停一下。
2026-03-10 15:55:52,845 - INFO - LLM泛化成功，生成1个变体
2026-03-10 15:55:52,845 - INFO -   已生成 8/20：前面路口靠边停一下吧。...
2026-03-10 15:55:52,846 - INFO - 调用LLM泛化query：往右边靠一靠,停一下。
2026-03-10 15:55:54,687 - INFO - LLM泛化成功，生成1个变体
2026-03-10 15:55:54,687 - INFO -   已生成 9/20：稍微往右靠一点，停一下吧。...
2026-03-10 15:55:54,687 - INFO - 调用LLM泛化query：在左前方那个位置停一下。
2026-03-10 15:55:56,098 - INFO - LLM泛化成功，生成1个变体
2026-03-10 15:55:56,098 - INFO -   已生成 10/20：麻烦在左前面那个位置停一下吧，我带着孩子不方便走远。...
2026-03-10 15:55:56,098 - INFO - 调用LLM泛化query：在前面停一下。
2026-03-10 15:55:56,099 - INFO - LLM泛化成功，生成1个变体
2026-03-10 15:55:56,099 - INFO -   已生成 11/20：稍微往前一点停吧。...
2026-03-10 15:55:56,099 - INFO - 调用LLM泛化query：靠右边停一下。
2026-03-10 15:55:56,099 - INFO - LLM泛化成功，生成1个变体
2026-03-10 15:55:56,099 - INFO -   已生成 12/20：往右边停一下吧。...
2026-03-10 15:55:56,100 - INFO - 调用LLM泛化query：去左边停一会。
2026-03-10 15:55:56,100 - INFO - LLM泛化成功，生成1个变体
2026-03-10 15:55:56,100 - INFO -   已生成 13/20：往左边停一下吧，我等会就走。...
2026-03-10 15:55:56,100 - INFO - 调用LLM泛化query：在旁边停一脚。
2026-03-10 15:55:56,101 - INFO - LLM泛化成功，生成1个变体
2026-03-10 15:55:56,101 - INFO -   已生成 14/20：就停在旁边吧。...
2026-03-10 15:55:56,101 - INFO - 调用LLM泛化query：去附近停一下。
2026-03-10 15:55:56,101 - INFO - LLM泛化成功，生成1个变体
2026-03-10 15:55:56,101 - INFO -   已生成 15/20：在附近找个地方停一下吧，快点，我赶时间。...
2026-03-10 15:55:56,101 - INFO - 调用LLM泛化query：在右前方停一下。
2026-03-10 15:55:56,102 - INFO - LLM泛化成功，生成1个变体
2026-03-10 15:55:56,102 - INFO -   已生成 16/20：麻烦在右前方停一下吧，我要下车。...
2026-03-10 15:55:56,102 - INFO - 调用LLM泛化query：靠左侧停一小会儿。
2026-03-10 15:55:56,102 - INFO - LLM泛化成功，生成1个变体
2026-03-10 15:55:56,102 - INFO -   已生成 17/20：靠左边停一下吧，我马上回来。...
2026-03-10 15:55:56,102 - INFO - 调用LLM泛化query：在前面路口停一下。
2026-03-10 15:55:56,102 - INFO - LLM泛化成功，生成1个变体
2026-03-10 15:55:56,102 - INFO -   已生成 18/20：前面路口靠边停一下吧。...
2026-03-10 15:55:56,103 - INFO - 调用LLM泛化query：往右边靠一靠,停一下。
2026-03-10 15:55:56,103 - INFO - LLM泛化成功，生成1个变体
2026-03-10 15:55:56,103 - INFO -   已生成 19/20：稍微往右靠一点，停一下吧。...
2026-03-10 15:55:56,103 - INFO - 调用LLM泛化query：在左前方那个位置停一下。
2026-03-10 15:55:56,103 - INFO - LLM泛化成功，生成1个变体
2026-03-10 15:55:56,103 - INFO -   已生成 20/20：麻烦在左前面那个位置停一下吧，我带着孩子不方便走远。...
2026-03-10 15:55:56,103 - INFO - ID组 103 完成：基于10个原始query，新生成20个泛化query
2026-03-10 15:55:56,103 - INFO - 正在处理ID组 104/111：ID=98
2026-03-10 15:55:56,104 - INFO - 该ID组有9个原始query
2026-03-10 15:55:56,104 - INFO - 对应function：{"name":"vla_control", "arguments":{"action":"park...
2026-03-10 15:55:56,104 - INFO - 该ID组需要新生成：20个泛化query（比例1:20）
2026-03-10 15:55:56,104 - INFO - 调用LLM泛化query：把车停到这里。
2026-03-10 15:55:57,741 - INFO - LLM泛化成功，生成1个变体
2026-03-10 15:55:57,742 - INFO -   已生成 1/20：停到这边吧，辛苦了。...
2026-03-10 15:55:57,742 - INFO - 调用LLM泛化query：就在这儿停车。
2026-03-10 15:56:00,482 - INFO - LLM泛化成功，生成1个变体
2026-03-10 15:56:00,482 - INFO -   已生成 2/20：停这儿吧，我懒得再找了。...
2026-03-10 15:56:00,483 - INFO - 调用LLM泛化query：停在这个位置。
2026-03-10 15:56:01,916 - INFO - LLM泛化成功，生成1个变体
2026-03-10 15:56:01,916 - INFO -   已生成 3/20：就停这儿吧，我带着东西不方便走远。...
2026-03-10 15:56:01,916 - INFO - 调用LLM泛化query：帮我停在这。
2026-03-10 15:56:03,348 - INFO - LLM泛化成功，生成1个变体
2026-03-10 15:56:03,348 - INFO -   已生成 4/20：麻烦停在这儿吧，我带着孩子不方便走远。...
2026-03-10 15:56:03,348 - INFO - 调用LLM泛化query：直接停这儿。
2026-03-10 15:56:05,017 - INFO - LLM泛化成功，生成1个变体
2026-03-10 15:56:05,018 - INFO -   已生成 5/20：就停在这儿吧。...
2026-03-10 15:56:05,018 - INFO - 调用LLM泛化query：车就停在这里吧。
2026-03-10 15:56:06,420 - INFO - LLM泛化成功，生成1个变体
2026-03-10 15:56:06,421 - INFO -   已生成 6/20：那就停这儿吧，别动了。...
2026-03-10 15:56:06,421 - INFO - 调用LLM泛化query：停到这。
2026-03-10 15:56:07,972 - INFO - LLM泛化成功，生成1个变体
2026-03-10 15:56:07,972 - INFO -   已生成 7/20：麻烦停到这里吧，我着急下车。...
2026-03-10 15:56:07,973 - INFO - 调用LLM泛化query：原地停车。
2026-03-10 15:56:09,615 - INFO - LLM泛化成功，生成1个变体
2026-03-10 15:56:09,615 - INFO -   已生成 8/20：就在这儿停一下吧。...
2026-03-10 15:56:09,615 - INFO - 调用LLM泛化query：把车停在当前位置。
2026-03-10 15:56:11,109 - INFO - LLM泛化成功，生成1个变体
2026-03-10 15:56:11,110 - INFO -   已生成 9/20：就在这儿停车吧。...
2026-03-10 15:56:11,110 - INFO - 调用LLM泛化query：把车停到这里。
2026-03-10 15:56:11,110 - INFO - LLM泛化成功，生成1个变体
2026-03-10 15:56:11,110 - INFO -   已生成 10/20：停到这边吧，辛苦了。...
2026-03-10 15:56:11,111 - INFO - 调用LLM泛化query：就在这儿停车。
2026-03-10 15:56:11,111 - INFO - LLM泛化成功，生成1个变体
2026-03-10 15:56:11,111 - INFO -   已生成 11/20：停这儿吧，我懒得再找了。...
2026-03-10 15:56:11,111 - INFO - 调用LLM泛化query：停在这个位置。
2026-03-10 15:56:11,111 - INFO - LLM泛化成功，生成1个变体
2026-03-10 15:56:11,111 - INFO -   已生成 12/20：就停这儿吧，我带着东西不方便走远。...
2026-03-10 15:56:11,111 - INFO - 调用LLM泛化query：帮我停在这。
2026-03-10 15:56:11,112 - INFO - LLM泛化成功，生成1个变体
2026-03-10 15:56:11,112 - INFO -   已生成 13/20：麻烦停在这儿吧，我带着孩子不方便走远。...
2026-03-10 15:56:11,112 - INFO - 调用LLM泛化query：直接停这儿。
2026-03-10 15:56:11,112 - INFO - LLM泛化成功，生成1个变体
2026-03-10 15:56:11,112 - INFO -   已生成 14/20：就停在这儿吧。...
2026-03-10 15:56:11,112 - INFO - 调用LLM泛化query：车就停在这里吧。
2026-03-10 15:56:11,112 - INFO - LLM泛化成功，生成1个变体
2026-03-10 15:56:11,113 - INFO -   已生成 15/20：那就停这儿吧，别动了。...
2026-03-10 15:56:11,113 - INFO - 调用LLM泛化query：停到这。
2026-03-10 15:56:11,113 - INFO - LLM泛化成功，生成1个变体
2026-03-10 15:56:11,113 - INFO -   已生成 16/20：麻烦停到这里吧，我着急下车。...
2026-03-10 15:56:11,113 - INFO - 调用LLM泛化query：原地停车。
2026-03-10 15:56:11,113 - INFO - LLM泛化成功，生成1个变体
2026-03-10 15:56:11,113 - INFO -   已生成 17/20：就在这儿停一下吧。...
2026-03-10 15:56:11,113 - INFO - 调用LLM泛化query：把车停在当前位置。
2026-03-10 15:56:11,113 - INFO - LLM泛化成功，生成1个变体
2026-03-10 15:56:11,114 - INFO -   已生成 18/20：就在这儿停车吧。...
2026-03-10 15:56:11,114 - INFO - 调用LLM泛化query：把车停到这里。
2026-03-10 15:56:11,114 - INFO - LLM泛化成功，生成1个变体
2026-03-10 15:56:11,114 - INFO -   已生成 19/20：停到这边吧，辛苦了。...
2026-03-10 15:56:11,114 - INFO - 调用LLM泛化query：就在这儿停车。
2026-03-10 15:56:11,114 - INFO - LLM泛化成功，生成1个变体
2026-03-10 15:56:11,114 - INFO -   已生成 20/20：停这儿吧，我懒得再找了。...
2026-03-10 15:56:11,114 - INFO - ID组 104 完成：基于9个原始query，新生成20个泛化query
2026-03-10 15:56:11,115 - INFO - 正在处理ID组 105/111：ID=99
2026-03-10 15:56:11,115 - INFO - 该ID组有10个原始query
2026-03-10 15:56:11,115 - INFO - 对应function：{"name":"vla_control", "arguments":{"action":"park...
2026-03-10 15:56:11,115 - INFO - 该ID组需要新生成：20个泛化query（比例1:20）
2026-03-10 15:56:11,115 - INFO - 调用LLM泛化query：把车泊到这里。
2026-03-10 15:56:12,622 - INFO - LLM泛化成功，生成1个变体
2026-03-10 15:56:12,623 - INFO -   已生成 1/20：帮我把车泊到这边吧，我拿东西方便一点。...
2026-03-10 15:56:12,623 - INFO - 调用LLM泛化query：就在这儿泊车。
2026-03-10 15:56:14,109 - INFO - LLM泛化成功，生成2个变体
2026-03-10 15:56:14,109 - INFO -   已生成 2/20：好，以下是基于场景化要求生成的变体：...
2026-03-10 15:56:14,109 - INFO - 调用LLM泛化query：泊入这个位置。
2026-03-10 15:56:16,005 - INFO - LLM泛化成功，生成1个变体
2026-03-10 15:56:16,005 - INFO -   已生成 3/20：帮我把车泊到这个位置吧。...
2026-03-10 15:56:16,005 - INFO - 调用LLM泛化query：帮我泊在这。
2026-03-10 15:56:19,146 - INFO - LLM泛化成功，生成1个变体
2026-03-10 15:56:19,147 - INFO -   已生成 4/20：泊在这吧，辛苦了。...
2026-03-10 15:56:19,147 - INFO - 调用LLM泛化query：直接泊到这儿。
2026-03-10 15:56:20,554 - INFO - LLM泛化成功，生成1个变体
2026-03-10 15:56:20,554 - INFO -   已生成 5/20：那就直接停这儿吧。...
2026-03-10 15:56:20,554 - INFO - 调用LLM泛化query：泊到这。
2026-03-10 15:56:21,898 - INFO - LLM泛化成功，生成1个变体
2026-03-10 15:56:21,898 - INFO -   已生成 6/20：停到这里吧。...
2026-03-10 15:56:21,899 - INFO - 调用LLM泛化query：我要在这泊车。
2026-03-10 15:56:23,626 - INFO - LLM泛化成功，生成1个变体
2026-03-10 15:56:23,626 - INFO -   已生成 7/20：帮我在这里泊车吧。...
2026-03-10 15:56:23,626 - INFO - 调用LLM泛化query：把车泊进这里。
2026-03-10 15:56:25,182 - INFO - LLM泛化成功，生成1个变体
2026-03-10 15:56:25,183 - INFO -   已生成 8/20：帮我把车泊到这里吧，我着急回家了。...
2026-03-10 15:56:25,183 - INFO - 调用LLM泛化query：泊在当前位置。
2026-03-10 15:56:26,698 - INFO - LLM泛化成功，生成1个变体
2026-03-10 15:56:26,698 - INFO -   已生成 9/20：就停在这里吧，我着急下车呢。...
2026-03-10 15:56:26,699 - INFO - 调用LLM泛化query：就泊这儿。
2026-03-10 15:56:28,477 - INFO - LLM泛化成功，生成1个变体
2026-03-10 15:56:28,477 - INFO -   已生成 10/20：就停在这里吧。...
2026-03-10 15:56:28,477 - INFO - 调用LLM泛化query：把车泊到这里。
2026-03-10 15:56:28,478 - INFO - LLM泛化成功，生成1个变体
2026-03-10 15:56:28,478 - INFO -   已生成 11/20：帮我把车泊到这边吧，我拿东西方便一点。...
2026-03-10 15:56:28,478 - INFO - 调用LLM泛化query：就在这儿泊车。
2026-03-10 15:56:28,478 - INFO - LLM泛化成功，生成2个变体
2026-03-10 15:56:28,478 - INFO -   已生成 12/20：好，以下是基于场景化要求生成的变体：...
2026-03-10 15:56:28,478 - INFO - 调用LLM泛化query：泊入这个位置。
2026-03-10 15:56:28,478 - INFO - LLM泛化成功，生成1个变体
2026-03-10 15:56:28,478 - INFO -   已生成 13/20：帮我把车泊到这个位置吧。...
2026-03-10 15:56:28,478 - INFO - 调用LLM泛化query：帮我泊在这。
2026-03-10 15:56:28,478 - INFO - LLM泛化成功，生成1个变体
2026-03-10 15:56:28,478 - INFO -   已生成 14/20：泊在这吧，辛苦了。...
2026-03-10 15:56:28,478 - INFO - 调用LLM泛化query：直接泊到这儿。
2026-03-10 15:56:28,478 - INFO - LLM泛化成功，生成1个变体
2026-03-10 15:56:28,478 - INFO -   已生成 15/20：那就直接停这儿吧。...
2026-03-10 15:56:28,478 - INFO - 调用LLM泛化query：泊到这。
2026-03-10 15:56:28,478 - INFO - LLM泛化成功，生成1个变体
2026-03-10 15:56:28,478 - INFO -   已生成 16/20：停到这里吧。...
2026-03-10 15:56:28,478 - INFO - 调用LLM泛化query：我要在这泊车。
2026-03-10 15:56:28,478 - INFO - LLM泛化成功，生成1个变体
2026-03-10 15:56:28,478 - INFO -   已生成 17/20：帮我在这里泊车吧。...
2026-03-10 15:56:28,478 - INFO - 调用LLM泛化query：把车泊进这里。
2026-03-10 15:56:28,478 - INFO - LLM泛化成功，生成1个变体
2026-03-10 15:56:28,478 - INFO -   已生成 18/20：帮我把车泊到这里吧，我着急回家了。...
2026-03-10 15:56:28,478 - INFO - 调用LLM泛化query：泊在当前位置。
2026-03-10 15:56:28,478 - INFO - LLM泛化成功，生成1个变体
2026-03-10 15:56:28,478 - INFO -   已生成 19/20：就停在这里吧，我着急下车呢。...
2026-03-10 15:56:28,478 - INFO - 调用LLM泛化query：就泊这儿。
2026-03-10 15:56:28,478 - INFO - LLM泛化成功，生成1个变体
2026-03-10 15:56:28,478 - INFO -   已生成 20/20：就停在这里吧。...
2026-03-10 15:56:28,478 - INFO - ID组 105 完成：基于10个原始query，新生成20个泛化query
2026-03-10 15:56:28,478 - INFO - 正在处理ID组 106/111：ID=100
2026-03-10 15:56:28,478 - INFO - 该ID组有10个原始query
2026-03-10 15:56:28,478 - INFO - 对应function：{"name":"vla_control", "arguments":{"action":"paus...
2026-03-10 15:56:28,478 - INFO - 该ID组需要新生成：20个泛化query（比例1:20）
2026-03-10 15:56:28,478 - INFO - 调用LLM泛化query：在这停一下。
2026-03-10 15:56:29,934 - INFO - LLM泛化成功，生成1个变体
2026-03-10 15:56:29,934 - INFO -   已生成 1/20：就停这儿吧。...
2026-03-10 15:56:29,934 - INFO - 调用LLM泛化query：就在这儿停一会。
2026-03-10 15:56:31,202 - INFO - LLM泛化成功，生成1个变体
2026-03-10 15:56:31,202 - INFO -   已生成 2/20：那就在这里停一下吧，我马上回来。...
2026-03-10 15:56:31,202 - INFO - 调用LLM泛化query：这里停一下。
2026-03-10 15:56:32,938 - INFO - LLM泛化成功，生成1个变体
2026-03-10 15:56:32,938 - INFO -   已生成 3/20：就在这儿停吧。...
2026-03-10 15:56:32,938 - INFO - 调用LLM泛化query：在这个位置停一脚。
2026-03-10 15:56:35,340 - INFO - LLM泛化成功，生成1个变体
2026-03-10 15:56:35,341 - INFO -   已生成 4/20：就在这儿停一下吧。...
2026-03-10 15:56:35,341 - INFO - 调用LLM泛化query：原地停一下。
2026-03-10 15:56:36,731 - INFO - LLM泛化成功，生成1个变体
2026-03-10 15:56:36,731 - INFO -   已生成 5/20：就在这儿停一下吧，我要下车。...
2026-03-10 15:56:36,731 - INFO - 调用LLM泛化query：就停这一下。
2026-03-10 15:56:38,573 - INFO - LLM泛化成功，生成1个变体
2026-03-10 15:56:38,574 - INFO -   已生成 6/20：那就停这里吧，别动了。...
2026-03-10 15:56:38,574 - INFO - 调用LLM泛化query：在这稍停。
2026-03-10 15:56:40,425 - INFO - LLM泛化成功，生成1个变体
2026-03-10 15:56:40,426 - INFO -   已生成 7/20：就在这里停一下吧。...
2026-03-10 15:56:40,426 - INFO - 调用LLM泛化query：靠这儿停一下。
2026-03-10 15:56:41,921 - INFO - LLM泛化成功，生成1个变体
2026-03-10 15:56:41,922 - INFO -   已生成 8/20：停在这边吧。...
2026-03-10 15:56:41,922 - INFO - 调用LLM泛化query：在这里临时停个车。
2026-03-10 15:56:43,598 - INFO - LLM泛化成功，生成1个变体
2026-03-10 15:56:43,598 - INFO -   已生成 9/20：就在这儿先临时停一下吧，我马上回来。...
2026-03-10 15:56:43,598 - INFO - 调用LLM泛化query：停一下,就在这。
2026-03-10 15:56:45,134 - INFO - LLM泛化成功，生成1个变体
2026-03-10 15:56:45,134 - INFO -   已生成 10/20：就在这里停一下吧，麻烦了。...
2026-03-10 15:56:45,135 - INFO - 调用LLM泛化query：在这停一下。
2026-03-10 15:56:45,135 - INFO - LLM泛化成功，生成1个变体
2026-03-10 15:56:45,135 - INFO -   已生成 11/20：就停这儿吧。...
2026-03-10 15:56:45,135 - INFO - 调用LLM泛化query：就在这儿停一会。
2026-03-10 15:56:45,135 - INFO - LLM泛化成功，生成1个变体
2026-03-10 15:56:45,135 - INFO -   已生成 12/20：那就在这里停一下吧，我马上回来。...
2026-03-10 15:56:45,136 - INFO - 调用LLM泛化query：这里停一下。
2026-03-10 15:56:45,136 - INFO - LLM泛化成功，生成1个变体
2026-03-10 15:56:45,136 - INFO -   已生成 13/20：就在这儿停吧。...
2026-03-10 15:56:45,136 - INFO - 调用LLM泛化query：在这个位置停一脚。
2026-03-10 15:56:45,136 - INFO - LLM泛化成功，生成1个变体
2026-03-10 15:56:45,136 - INFO -   已生成 14/20：就在这儿停一下吧。...
2026-03-10 15:56:45,136 - INFO - 调用LLM泛化query：原地停一下。
2026-03-10 15:56:45,136 - INFO - LLM泛化成功，生成1个变体
2026-03-10 15:56:45,136 - INFO -   已生成 15/20：就在这儿停一下吧，我要下车。...
2026-03-10 15:56:45,136 - INFO - 调用LLM泛化query：就停这一下。
2026-03-10 15:56:45,137 - INFO - LLM泛化成功，生成1个变体
2026-03-10 15:56:45,137 - INFO -   已生成 16/20：那就停这里吧，别动了。...
2026-03-10 15:56:45,137 - INFO - 调用LLM泛化query：在这稍停。
2026-03-10 15:56:45,137 - INFO - LLM泛化成功，生成1个变体
2026-03-10 15:56:45,137 - INFO -   已生成 17/20：就在这里停一下吧。...
2026-03-10 15:56:45,137 - INFO - 调用LLM泛化query：靠这儿停一下。
2026-03-10 15:56:45,138 - INFO - LLM泛化成功，生成1个变体
2026-03-10 15:56:45,138 - INFO -   已生成 18/20：停在这边吧。...
2026-03-10 15:56:45,138 - INFO - 调用LLM泛化query：在这里临时停个车。
2026-03-10 15:56:45,138 - INFO - LLM泛化成功，生成1个变体
2026-03-10 15:56:45,138 - INFO -   已生成 19/20：就在这儿先临时停一下吧，我马上回来。...
2026-03-10 15:56:45,138 - INFO - 调用LLM泛化query：停一下,就在这。
2026-03-10 15:56:45,138 - INFO - LLM泛化成功，生成1个变体
2026-03-10 15:56:45,139 - INFO -   已生成 20/20：就在这里停一下吧，麻烦了。...
2026-03-10 15:56:45,139 - INFO - ID组 106 完成：基于10个原始query，新生成20个泛化query
2026-03-10 15:56:45,139 - INFO - 正在处理ID组 107/111：ID=101
2026-03-10 15:56:45,139 - INFO - 该ID组有4个原始query
2026-03-10 15:56:45,139 - INFO - 对应function：{"name":"vla_control", "arguments":{"action":"park...
2026-03-10 15:56:45,139 - INFO - 该ID组需要新生成：20个泛化query（比例1:20）
2026-03-10 15:56:45,139 - INFO - 调用LLM泛化query：把车停到车位。
2026-03-10 15:56:46,531 - INFO - LLM泛化成功，生成1个变体
2026-03-10 15:56:46,531 - INFO -   已生成 1/20：帮我把车停到车位吧。...
2026-03-10 15:56:46,531 - INFO - 调用LLM泛化query：去那个空车位停车。
2026-03-10 15:56:48,610 - INFO - LLM泛化成功，生成1个变体
2026-03-10 15:56:48,610 - INFO -   已生成 2/20：帮我去那个空车位停一下车吧，我着急上班呢。...
2026-03-10 15:56:48,610 - INFO - 调用LLM泛化query：帮我停在充电车位上。
2026-03-10 15:56:50,432 - INFO - LLM泛化成功，生成1个变体
2026-03-10 15:56:50,432 - INFO -   已生成 3/20：麻烦停到充电车位吧，我车快没电了。...
2026-03-10 15:56:50,433 - INFO - 调用LLM泛化query：停到无障碍车位。
2026-03-10 15:56:52,330 - INFO - LLM泛化成功，生成1个变体
2026-03-10 15:56:52,330 - INFO -   已生成 4/20：麻烦停到无障碍车位吧，我带着老人。...
2026-03-10 15:56:52,330 - INFO - 调用LLM泛化query：把车停到车位。
2026-03-10 15:56:52,330 - INFO - LLM泛化成功，生成1个变体
2026-03-10 15:56:52,330 - INFO -   已生成 5/20：帮我把车停到车位吧。...
2026-03-10 15:56:52,331 - INFO - 调用LLM泛化query：去那个空车位停车。
2026-03-10 15:56:52,331 - INFO - LLM泛化成功，生成1个变体
2026-03-10 15:56:52,331 - INFO -   已生成 6/20：帮我去那个空车位停一下车吧，我着急上班呢。...
2026-03-10 15:56:52,331 - INFO - 调用LLM泛化query：帮我停在充电车位上。
2026-03-10 15:56:52,331 - INFO - LLM泛化成功，生成1个变体
2026-03-10 15:56:52,331 - INFO -   已生成 7/20：麻烦停到充电车位吧，我车快没电了。...
2026-03-10 15:56:52,331 - INFO - 调用LLM泛化query：停到无障碍车位。
2026-03-10 15:56:52,331 - INFO - LLM泛化成功，生成1个变体
2026-03-10 15:56:52,331 - INFO -   已生成 8/20：麻烦停到无障碍车位吧，我带着老人。...
2026-03-10 15:56:52,331 - INFO - 调用LLM泛化query：把车停到车位。
2026-03-10 15:56:52,331 - INFO - LLM泛化成功，生成1个变体
2026-03-10 15:56:52,331 - INFO -   已生成 9/20：帮我把车停到车位吧。...
2026-03-10 15:56:52,331 - INFO - 调用LLM泛化query：去那个空车位停车。
2026-03-10 15:56:52,331 - INFO - LLM泛化成功，生成1个变体
2026-03-10 15:56:52,331 - INFO -   已生成 10/20：帮我去那个空车位停一下车吧，我着急上班呢。...
2026-03-10 15:56:52,331 - INFO - 调用LLM泛化query：帮我停在充电车位上。
2026-03-10 15:56:52,331 - INFO - LLM泛化成功，生成1个变体
2026-03-10 15:56:52,331 - INFO -   已生成 11/20：麻烦停到充电车位吧，我车快没电了。...
2026-03-10 15:56:52,332 - INFO - 调用LLM泛化query：停到无障碍车位。
2026-03-10 15:56:52,332 - INFO - LLM泛化成功，生成1个变体
2026-03-10 15:56:52,332 - INFO -   已生成 12/20：麻烦停到无障碍车位吧，我带着老人。...
2026-03-10 15:56:52,332 - INFO - 调用LLM泛化query：把车停到车位。
2026-03-10 15:56:52,332 - INFO - LLM泛化成功，生成1个变体
2026-03-10 15:56:52,332 - INFO -   已生成 13/20：帮我把车停到车位吧。...
2026-03-10 15:56:52,332 - INFO - 调用LLM泛化query：去那个空车位停车。
2026-03-10 15:56:52,332 - INFO - LLM泛化成功，生成1个变体
2026-03-10 15:56:52,332 - INFO -   已生成 14/20：帮我去那个空车位停一下车吧，我着急上班呢。...
2026-03-10 15:56:52,332 - INFO - 调用LLM泛化query：帮我停在充电车位上。
2026-03-10 15:56:52,332 - INFO - LLM泛化成功，生成1个变体
2026-03-10 15:56:52,332 - INFO -   已生成 15/20：麻烦停到充电车位吧，我车快没电了。...
2026-03-10 15:56:52,332 - INFO - 调用LLM泛化query：停到无障碍车位。
2026-03-10 15:56:52,332 - INFO - LLM泛化成功，生成1个变体
2026-03-10 15:56:52,333 - INFO -   已生成 16/20：麻烦停到无障碍车位吧，我带着老人。...
2026-03-10 15:56:52,333 - INFO - 调用LLM泛化query：把车停到车位。
2026-03-10 15:56:52,333 - INFO - LLM泛化成功，生成1个变体
2026-03-10 15:56:52,333 - INFO -   已生成 17/20：帮我把车停到车位吧。...
2026-03-10 15:56:52,333 - INFO - 调用LLM泛化query：去那个空车位停车。
2026-03-10 15:56:52,333 - INFO - LLM泛化成功，生成1个变体
2026-03-10 15:56:52,333 - INFO -   已生成 18/20：帮我去那个空车位停一下车吧，我着急上班呢。...
2026-03-10 15:56:52,333 - INFO - 调用LLM泛化query：帮我停在充电车位上。
2026-03-10 15:56:52,333 - INFO - LLM泛化成功，生成1个变体
2026-03-10 15:56:52,333 - INFO -   已生成 19/20：麻烦停到充电车位吧，我车快没电了。...
2026-03-10 15:56:52,333 - INFO - 调用LLM泛化query：停到无障碍车位。
2026-03-10 15:56:52,333 - INFO - LLM泛化成功，生成1个变体
2026-03-10 15:56:52,333 - INFO -   已生成 20/20：麻烦停到无障碍车位吧，我带着老人。...
2026-03-10 15:56:52,333 - INFO - ID组 107 完成：基于4个原始query，新生成20个泛化query
2026-03-10 15:56:52,333 - INFO - 正在处理ID组 108/111：ID=102
2026-03-10 15:56:52,333 - INFO - 该ID组有4个原始query
2026-03-10 15:56:52,333 - INFO - 对应function：{"name":"vla_control", "arguments":{"action":"park...
2026-03-10 15:56:52,333 - INFO - 该ID组需要新生成：20个泛化query（比例1:20）
2026-03-10 15:56:52,333 - INFO - 调用LLM泛化query：泊入车位。
2026-03-10 15:56:53,956 - INFO - LLM泛化成功，生成1个变体
2026-03-10 15:56:53,961 - INFO -   已生成 1/20：帮我泊入车位吧，这里不好停。...
2026-03-10 15:56:53,961 - INFO - 调用LLM泛化query：帮我泊在充电车位。
2026-03-10 15:56:55,434 - INFO - LLM泛化成功，生成1个变体
2026-03-10 15:56:55,435 - INFO -   已生成 2/20：找个充电车位泊一下吧，电快没了。...
2026-03-10 15:56:55,435 - INFO - 调用LLM泛化query：泊到残疾人车位。
2026-03-10 15:56:57,094 - INFO - LLM泛化成功，生成1个变体
2026-03-10 15:56:57,094 - INFO -   已生成 3/20：帮我泊到残疾人车位吧，我带着老人呢。...
2026-03-10 15:56:57,094 - INFO - 调用LLM泛化query：自动泊车去VIP车位。
2026-03-10 15:57:00,292 - INFO - LLM泛化成功，生成1个变体
2026-03-10 15:57:00,293 - INFO -   已生成 4/20：帮我自动泊车到VIP车位吧，尽量快一点，我赶时间。...
2026-03-10 15:57:00,294 - INFO - 调用LLM泛化query：泊入车位。
2026-03-10 15:57:00,294 - INFO - LLM泛化成功，生成1个变体
2026-03-10 15:57:00,294 - INFO -   已生成 5/20：帮我泊入车位吧，这里不好停。...
2026-03-10 15:57:00,294 - INFO - 调用LLM泛化query：帮我泊在充电车位。
2026-03-10 15:57:00,294 - INFO - LLM泛化成功，生成1个变体
2026-03-10 15:57:00,295 - INFO -   已生成 6/20：找个充电车位泊一下吧，电快没了。...
2026-03-10 15:57:00,295 - INFO - 调用LLM泛化query：泊到残疾人车位。
2026-03-10 15:57:00,295 - INFO - LLM泛化成功，生成1个变体
2026-03-10 15:57:00,295 - INFO -   已生成 7/20：帮我泊到残疾人车位吧，我带着老人呢。...
2026-03-10 15:57:00,295 - INFO - 调用LLM泛化query：自动泊车去VIP车位。
2026-03-10 15:57:00,295 - INFO - LLM泛化成功，生成1个变体
2026-03-10 15:57:00,295 - INFO -   已生成 8/20：帮我自动泊车到VIP车位吧，尽量快一点，我赶时间。...
2026-03-10 15:57:00,296 - INFO - 调用LLM泛化query：泊入车位。
2026-03-10 15:57:00,296 - INFO - LLM泛化成功，生成1个变体
2026-03-10 15:57:00,296 - INFO -   已生成 9/20：帮我泊入车位吧，这里不好停。...
2026-03-10 15:57:00,296 - INFO - 调用LLM泛化query：帮我泊在充电车位。
2026-03-10 15:57:00,296 - INFO - LLM泛化成功，生成1个变体
2026-03-10 15:57:00,296 - INFO -   已生成 10/20：找个充电车位泊一下吧，电快没了。...
2026-03-10 15:57:00,296 - INFO - 调用LLM泛化query：泊到残疾人车位。
2026-03-10 15:57:00,297 - INFO - LLM泛化成功，生成1个变体
2026-03-10 15:57:00,297 - INFO -   已生成 11/20：帮我泊到残疾人车位吧，我带着老人呢。...
2026-03-10 15:57:00,297 - INFO - 调用LLM泛化query：自动泊车去VIP车位。
2026-03-10 15:57:00,297 - INFO - LLM泛化成功，生成1个变体
2026-03-10 15:57:00,297 - INFO -   已生成 12/20：帮我自动泊车到VIP车位吧，尽量快一点，我赶时间。...
2026-03-10 15:57:00,297 - INFO - 调用LLM泛化query：泊入车位。
2026-03-10 15:57:00,297 - INFO - LLM泛化成功，生成1个变体
2026-03-10 15:57:00,297 - INFO -   已生成 13/20：帮我泊入车位吧，这里不好停。...
2026-03-10 15:57:00,297 - INFO - 调用LLM泛化query：帮我泊在充电车位。
2026-03-10 15:57:00,297 - INFO - LLM泛化成功，生成1个变体
2026-03-10 15:57:00,298 - INFO -   已生成 14/20：找个充电车位泊一下吧，电快没了。...
2026-03-10 15:57:00,298 - INFO - 调用LLM泛化query：泊到残疾人车位。
2026-03-10 15:57:00,298 - INFO - LLM泛化成功，生成1个变体
2026-03-10 15:57:00,298 - INFO -   已生成 15/20：帮我泊到残疾人车位吧，我带着老人呢。...
2026-03-10 15:57:00,298 - INFO - 调用LLM泛化query：自动泊车去VIP车位。
2026-03-10 15:57:00,298 - INFO - LLM泛化成功，生成1个变体
2026-03-10 15:57:00,298 - INFO -   已生成 16/20：帮我自动泊车到VIP车位吧，尽量快一点，我赶时间。...
2026-03-10 15:57:00,298 - INFO - 调用LLM泛化query：泊入车位。
2026-03-10 15:57:00,298 - INFO - LLM泛化成功，生成1个变体
2026-03-10 15:57:00,298 - INFO -   已生成 17/20：帮我泊入车位吧，这里不好停。...
2026-03-10 15:57:00,299 - INFO - 调用LLM泛化query：帮我泊在充电车位。
2026-03-10 15:57:00,299 - INFO - LLM泛化成功，生成1个变体
2026-03-10 15:57:00,299 - INFO -   已生成 18/20：找个充电车位泊一下吧，电快没了。...
2026-03-10 15:57:00,299 - INFO - 调用LLM泛化query：泊到残疾人车位。
2026-03-10 15:57:00,299 - INFO - LLM泛化成功，生成1个变体
2026-03-10 15:57:00,299 - INFO -   已生成 19/20：帮我泊到残疾人车位吧，我带着老人呢。...
2026-03-10 15:57:00,299 - INFO - 调用LLM泛化query：自动泊车去VIP车位。
2026-03-10 15:57:00,299 - INFO - LLM泛化成功，生成1个变体
2026-03-10 15:57:00,299 - INFO -   已生成 20/20：帮我自动泊车到VIP车位吧，尽量快一点，我赶时间。...
2026-03-10 15:57:00,299 - INFO - ID组 108 完成：基于4个原始query，新生成20个泛化query
2026-03-10 15:57:00,299 - INFO - 正在处理ID组 109/111：ID=103
2026-03-10 15:57:00,300 - INFO - 该ID组有3个原始query
2026-03-10 15:57:00,300 - INFO - 对应function：{"name":"vla_control", "arguments":{"action":"navi...
2026-03-10 15:57:00,300 - INFO - 该ID组需要新生成：20个泛化query（比例1:20）
2026-03-10 15:57:00,300 - INFO - 调用LLM泛化query：直接开去那个空车位。
2026-03-10 15:57:02,139 - INFO - LLM泛化成功，生成1个变体
2026-03-10 15:57:02,139 - INFO -   已生成 1/20：帮我直接开到那个空车位吧，我着急回家了。...
2026-03-10 15:57:02,139 - INFO - 调用LLM泛化query：往充电车位开。
2026-03-10 15:57:03,533 - INFO - LLM泛化成功，生成1个变体
2026-03-10 15:57:03,534 - INFO -   已生成 2/20：帮我开到充电车位吧，电快不够了。...
2026-03-10 15:57:03,534 - INFO - 调用LLM泛化query：带我去无障碍车位。
2026-03-10 15:57:05,661 - INFO - LLM泛化成功，生成1个变体
2026-03-10 15:57:05,662 - INFO -   已生成 3/20：麻烦带我到无障碍车位吧。...
2026-03-10 15:57:05,662 - INFO - 调用LLM泛化query：直接开去那个空车位。
2026-03-10 15:57:05,662 - INFO - LLM泛化成功，生成1个变体
2026-03-10 15:57:05,662 - INFO -   已生成 4/20：帮我直接开到那个空车位吧，我着急回家了。...
2026-03-10 15:57:05,663 - INFO - 调用LLM泛化query：往充电车位开。
2026-03-10 15:57:05,663 - INFO - LLM泛化成功，生成1个变体
2026-03-10 15:57:05,663 - INFO -   已生成 5/20：帮我开到充电车位吧，电快不够了。...
2026-03-10 15:57:05,663 - INFO - 调用LLM泛化query：带我去无障碍车位。
2026-03-10 15:57:05,663 - INFO - LLM泛化成功，生成1个变体
2026-03-10 15:57:05,663 - INFO -   已生成 6/20：麻烦带我到无障碍车位吧。...
2026-03-10 15:57:05,664 - INFO - 调用LLM泛化query：直接开去那个空车位。
2026-03-10 15:57:05,664 - INFO - LLM泛化成功，生成1个变体
2026-03-10 15:57:05,664 - INFO -   已生成 7/20：帮我直接开到那个空车位吧，我着急回家了。...
2026-03-10 15:57:05,664 - INFO - 调用LLM泛化query：往充电车位开。
2026-03-10 15:57:05,664 - INFO - LLM泛化成功，生成1个变体
2026-03-10 15:57:05,664 - INFO -   已生成 8/20：帮我开到充电车位吧，电快不够了。...
2026-03-10 15:57:05,664 - INFO - 调用LLM泛化query：带我去无障碍车位。
2026-03-10 15:57:05,664 - INFO - LLM泛化成功，生成1个变体
2026-03-10 15:57:05,665 - INFO -   已生成 9/20：麻烦带我到无障碍车位吧。...
2026-03-10 15:57:05,665 - INFO - 调用LLM泛化query：直接开去那个空车位。
2026-03-10 15:57:05,665 - INFO - LLM泛化成功，生成1个变体
2026-03-10 15:57:05,665 - INFO -   已生成 10/20：帮我直接开到那个空车位吧，我着急回家了。...
2026-03-10 15:57:05,665 - INFO - 调用LLM泛化query：往充电车位开。
2026-03-10 15:57:05,665 - INFO - LLM泛化成功，生成1个变体
2026-03-10 15:57:05,665 - INFO -   已生成 11/20：帮我开到充电车位吧，电快不够了。...
2026-03-10 15:57:05,665 - INFO - 调用LLM泛化query：带我去无障碍车位。
2026-03-10 15:57:05,666 - INFO - LLM泛化成功，生成1个变体
2026-03-10 15:57:05,666 - INFO -   已生成 12/20：麻烦带我到无障碍车位吧。...
2026-03-10 15:57:05,666 - INFO - 调用LLM泛化query：直接开去那个空车位。
2026-03-10 15:57:05,666 - INFO - LLM泛化成功，生成1个变体
2026-03-10 15:57:05,666 - INFO -   已生成 13/20：帮我直接开到那个空车位吧，我着急回家了。...
2026-03-10 15:57:05,666 - INFO - 调用LLM泛化query：往充电车位开。
2026-03-10 15:57:05,666 - INFO - LLM泛化成功，生成1个变体
2026-03-10 15:57:05,666 - INFO -   已生成 14/20：帮我开到充电车位吧，电快不够了。...
2026-03-10 15:57:05,666 - INFO - 调用LLM泛化query：带我去无障碍车位。
2026-03-10 15:57:05,667 - INFO - LLM泛化成功，生成1个变体
2026-03-10 15:57:05,667 - INFO -   已生成 15/20：麻烦带我到无障碍车位吧。...
2026-03-10 15:57:05,667 - INFO - 调用LLM泛化query：直接开去那个空车位。
2026-03-10 15:57:05,667 - INFO - LLM泛化成功，生成1个变体
2026-03-10 15:57:05,667 - INFO -   已生成 16/20：帮我直接开到那个空车位吧，我着急回家了。...
2026-03-10 15:57:05,667 - INFO - 调用LLM泛化query：往充电车位开。
2026-03-10 15:57:05,667 - INFO - LLM泛化成功，生成1个变体
2026-03-10 15:57:05,667 - INFO -   已生成 17/20：帮我开到充电车位吧，电快不够了。...
2026-03-10 15:57:05,667 - INFO - 调用LLM泛化query：带我去无障碍车位。
2026-03-10 15:57:05,667 - INFO - LLM泛化成功，生成1个变体
2026-03-10 15:57:05,668 - INFO -   已生成 18/20：麻烦带我到无障碍车位吧。...
2026-03-10 15:57:05,668 - INFO - 调用LLM泛化query：直接开去那个空车位。
2026-03-10 15:57:05,668 - INFO - LLM泛化成功，生成1个变体
2026-03-10 15:57:05,668 - INFO -   已生成 19/20：帮我直接开到那个空车位吧，我着急回家了。...
2026-03-10 15:57:05,668 - INFO - 调用LLM泛化query：往充电车位开。
2026-03-10 15:57:05,668 - INFO - LLM泛化成功，生成1个变体
2026-03-10 15:57:05,668 - INFO -   已生成 20/20：帮我开到充电车位吧，电快不够了。...
2026-03-10 15:57:05,668 - INFO - ID组 109 完成：基于3个原始query，新生成20个泛化query
2026-03-10 15:57:05,668 - INFO - 正在处理ID组 110/111：ID=104
2026-03-10 15:57:05,668 - INFO - 该ID组有3个原始query
2026-03-10 15:57:05,669 - INFO - 对应function：{"name":"vla_control", "arguments":{"action":"paus...
2026-03-10 15:57:05,669 - INFO - 该ID组需要新生成：20个泛化query（比例1:20）
2026-03-10 15:57:05,669 - INFO - 调用LLM泛化query：去那个空车位停一会。
2026-03-10 15:57:08,659 - INFO - LLM泛化成功，生成1个变体
2026-03-10 15:57:08,660 - INFO -   已生成 1/20：停到那个空车位上吧，我稍微歇一会儿。...
2026-03-10 15:57:08,661 - INFO - 调用LLM泛化query：把车开到充电车位停一下
2026-03-10 15:57:09,975 - INFO - LLM泛化成功，生成1个变体
2026-03-10 15:57:09,976 - INFO -   已生成 2/20：麻烦把车开到充电车位停一下吧，我电快不够了...
2026-03-10 15:57:09,976 - INFO - 调用LLM泛化query：在VIP车位稍停。
2026-03-10 15:57:11,656 - INFO - LLM泛化成功，生成1个变体
2026-03-10 15:57:11,656 - INFO -   已生成 3/20：麻烦在VIP车位稍微停一下吧。...
2026-03-10 15:57:11,656 - INFO - 调用LLM泛化query：去那个空车位停一会。
2026-03-10 15:57:11,656 - INFO - LLM泛化成功，生成1个变体
2026-03-10 15:57:11,656 - INFO -   已生成 4/20：停到那个空车位上吧，我稍微歇一会儿。...
2026-03-10 15:57:11,656 - INFO - 调用LLM泛化query：把车开到充电车位停一下
2026-03-10 15:57:11,657 - INFO - LLM泛化成功，生成1个变体
2026-03-10 15:57:11,657 - INFO -   已生成 5/20：麻烦把车开到充电车位停一下吧，我电快不够了...
2026-03-10 15:57:11,657 - INFO - 调用LLM泛化query：在VIP车位稍停。
2026-03-10 15:57:11,657 - INFO - LLM泛化成功，生成1个变体
2026-03-10 15:57:11,657 - INFO -   已生成 6/20：麻烦在VIP车位稍微停一下吧。...
2026-03-10 15:57:11,657 - INFO - 调用LLM泛化query：去那个空车位停一会。
2026-03-10 15:57:11,657 - INFO - LLM泛化成功，生成1个变体
2026-03-10 15:57:11,657 - INFO -   已生成 7/20：停到那个空车位上吧，我稍微歇一会儿。...
2026-03-10 15:57:11,657 - INFO - 调用LLM泛化query：把车开到充电车位停一下
2026-03-10 15:57:11,657 - INFO - LLM泛化成功，生成1个变体
2026-03-10 15:57:11,657 - INFO -   已生成 8/20：麻烦把车开到充电车位停一下吧，我电快不够了...
2026-03-10 15:57:11,657 - INFO - 调用LLM泛化query：在VIP车位稍停。
2026-03-10 15:57:11,658 - INFO - LLM泛化成功，生成1个变体
2026-03-10 15:57:11,658 - INFO -   已生成 9/20：麻烦在VIP车位稍微停一下吧。...
2026-03-10 15:57:11,658 - INFO - 调用LLM泛化query：去那个空车位停一会。
2026-03-10 15:57:11,658 - INFO - LLM泛化成功，生成1个变体
2026-03-10 15:57:11,658 - INFO -   已生成 10/20：停到那个空车位上吧，我稍微歇一会儿。...
2026-03-10 15:57:11,658 - INFO - 调用LLM泛化query：把车开到充电车位停一下
2026-03-10 15:57:11,658 - INFO - LLM泛化成功，生成1个变体
2026-03-10 15:57:11,658 - INFO -   已生成 11/20：麻烦把车开到充电车位停一下吧，我电快不够了...
2026-03-10 15:57:11,658 - INFO - 调用LLM泛化query：在VIP车位稍停。
2026-03-10 15:57:11,658 - INFO - LLM泛化成功，生成1个变体
2026-03-10 15:57:11,658 - INFO -   已生成 12/20：麻烦在VIP车位稍微停一下吧。...
2026-03-10 15:57:11,658 - INFO - 调用LLM泛化query：去那个空车位停一会。
2026-03-10 15:57:11,659 - INFO - LLM泛化成功，生成1个变体
2026-03-10 15:57:11,659 - INFO -   已生成 13/20：停到那个空车位上吧，我稍微歇一会儿。...
2026-03-10 15:57:11,659 - INFO - 调用LLM泛化query：把车开到充电车位停一下
2026-03-10 15:57:11,659 - INFO - LLM泛化成功，生成1个变体
2026-03-10 15:57:11,659 - INFO -   已生成 14/20：麻烦把车开到充电车位停一下吧，我电快不够了...
2026-03-10 15:57:11,659 - INFO - 调用LLM泛化query：在VIP车位稍停。
2026-03-10 15:57:11,659 - INFO - LLM泛化成功，生成1个变体
2026-03-10 15:57:11,659 - INFO -   已生成 15/20：麻烦在VIP车位稍微停一下吧。...
2026-03-10 15:57:11,659 - INFO - 调用LLM泛化query：去那个空车位停一会。
2026-03-10 15:57:11,659 - INFO - LLM泛化成功，生成1个变体
2026-03-10 15:57:11,660 - INFO -   已生成 16/20：停到那个空车位上吧，我稍微歇一会儿。...
2026-03-10 15:57:11,660 - INFO - 调用LLM泛化query：把车开到充电车位停一下
2026-03-10 15:57:11,660 - INFO - LLM泛化成功，生成1个变体
2026-03-10 15:57:11,660 - INFO -   已生成 17/20：麻烦把车开到充电车位停一下吧，我电快不够了...
2026-03-10 15:57:11,660 - INFO - 调用LLM泛化query：在VIP车位稍停。
2026-03-10 15:57:11,660 - INFO - LLM泛化成功，生成1个变体
2026-03-10 15:57:11,660 - INFO -   已生成 18/20：麻烦在VIP车位稍微停一下吧。...
2026-03-10 15:57:11,660 - INFO - 调用LLM泛化query：去那个空车位停一会。
2026-03-10 15:57:11,660 - INFO - LLM泛化成功，生成1个变体
2026-03-10 15:57:11,660 - INFO -   已生成 19/20：停到那个空车位上吧，我稍微歇一会儿。...
2026-03-10 15:57:11,660 - INFO - 调用LLM泛化query：把车开到充电车位停一下
2026-03-10 15:57:11,661 - INFO - LLM泛化成功，生成1个变体
2026-03-10 15:57:11,661 - INFO -   已生成 20/20：麻烦把车开到充电车位停一下吧，我电快不够了...
2026-03-10 15:57:11,661 - INFO - ID组 110 完成：基于3个原始query，新生成20个泛化query
2026-03-10 15:57:11,661 - INFO - 正在处理ID组 111/111：ID=105
2026-03-10 15:57:11,661 - INFO - 该ID组有22个原始query
2026-03-10 15:57:11,661 - INFO - 对应function：{"name":"vla_control", "arguments":{"action":"resu...
2026-03-10 15:57:11,661 - INFO - 该ID组需要新生成：20个泛化query（比例1:20）
2026-03-10 15:57:11,661 - INFO - 调用LLM泛化query：继续开继续开
2026-03-10 15:57:13,808 - INFO - LLM泛化成功，生成1个变体
2026-03-10 15:57:13,809 - INFO -   已生成 1/20：接着开吧，别停。...
2026-03-10 15:57:13,809 - INFO - 调用LLM泛化query：继续开吧
2026-03-10 15:57:15,852 - INFO - LLM泛化成功，生成1个变体
2026-03-10 15:57:15,852 - INFO -   已生成 2/20：你再开一会儿吧...
2026-03-10 15:57:15,853 - INFO - 调用LLM泛化query：起步
2026-03-10 15:57:17,611 - INFO - LLM泛化成功，生成1个变体
2026-03-10 15:57:17,612 - INFO -   已生成 3/20：准备好了吗？起步吧！（随意型，带语气词）...
2026-03-10 15:57:17,612 - INFO - 调用LLM泛化query：继续走吧
2026-03-10 15:57:19,348 - INFO - LLM泛化成功，生成1个变体
2026-03-10 15:57:19,349 - INFO -   已生成 4/20：再往前开一点吧...
2026-03-10 15:57:19,349 - INFO - 调用LLM泛化query：继续走
2026-03-10 15:57:21,377 - INFO - LLM泛化成功，生成1个变体
2026-03-10 15:57:21,378 - INFO -   已生成 5/20：再往前开吧...
2026-03-10 15:57:21,378 - INFO - 调用LLM泛化query：接着开
2026-03-10 15:57:22,812 - INFO - LLM泛化成功，生成1个变体
2026-03-10 15:57:22,812 - INFO -   已生成 6/20：继续开吧，我赶时间。...
2026-03-10 15:57:22,812 - INFO - 调用LLM泛化query：起步前进
2026-03-10 15:57:24,597 - INFO - LLM泛化成功，生成1个变体
2026-03-10 15:57:24,598 - INFO -   已生成 7/20：往前开吧...
2026-03-10 15:57:24,598 - INFO - 调用LLM泛化query：启动行驶
2026-03-10 15:57:26,199 - INFO - LLM泛化成功，生成1个变体
2026-03-10 15:57:26,199 - INFO -   已生成 8/20：开始行驶吧...
2026-03-10 15:57:26,199 - INFO - 调用LLM泛化query：出发前行
2026-03-10 15:57:28,493 - INFO - LLM泛化成功，生成1个变体
2026-03-10 15:57:28,494 - INFO -   已生成 9/20：准备出发吧，开始前行（随意型，带语气词）...
2026-03-10 15:57:28,494 - INFO - 调用LLM泛化query：恢复行驶
2026-03-10 15:57:29,980 - INFO - LLM泛化成功，生成1个变体
2026-03-10 15:57:29,980 - INFO -   已生成 10/20：继续开车吧...
2026-03-10 15:57:29,980 - INFO - 调用LLM泛化query：重新起步
2026-03-10 15:57:31,661 - INFO - LLM泛化成功，生成1个变体
2026-03-10 15:57:31,661 - INFO -   已生成 11/20：再起步吧...
2026-03-10 15:57:31,661 - INFO - 调用LLM泛化query：开始移动
2026-03-10 15:57:33,870 - INFO - LLM泛化成功，生成1个变体
2026-03-10 15:57:33,870 - INFO -   已生成 12/20：动起来吧，快点！（着急型，口语化）...
2026-03-10 15:57:33,870 - INFO - 调用LLM泛化query：启动车辆
2026-03-10 15:57:35,327 - INFO - LLM泛化成功，生成1个变体
2026-03-10 15:57:35,327 - INFO -   已生成 13/20：发动一下车吧，我准备走了（随意型，带背景）...
2026-03-10 15:57:35,327 - INFO - 调用LLM泛化query：前行出发
2026-03-10 15:57:36,691 - INFO - LLM泛化成功，生成1个变体
2026-03-10 15:57:36,691 - INFO -   已生成 14/20：往前开吧...
2026-03-10 15:57:36,691 - INFO - 调用LLM泛化query：别愣着快走啊
2026-03-10 15:57:38,249 - INFO - LLM泛化成功，生成1个变体
2026-03-10 15:57:38,250 - INFO -   已生成 15/20：赶紧走吧，别磨蹭了！...
2026-03-10 15:57:38,250 - INFO - 调用LLM泛化query：赶紧动起来
2026-03-10 15:57:40,389 - INFO - LLM泛化成功，生成1个变体
2026-03-10 15:57:40,390 - INFO -   已生成 16/20：快点动起来吧，我着急呢...
2026-03-10 15:57:40,391 - INFO - 调用LLM泛化query：别停着不动
2026-03-10 15:57:41,683 - INFO - LLM泛化成功，生成1个变体
2026-03-10 15:57:41,683 - INFO -   已生成 17/20：动起来啊，别一直停着...
2026-03-10 15:57:41,683 - INFO - 调用LLM泛化query：磨蹭什么呢走
2026-03-10 15:57:43,872 - INFO - LLM泛化成功，生成1个变体
2026-03-10 15:57:43,873 - INFO -   已生成 18/20：赶紧走啊，别磨蹭了...
2026-03-10 15:57:43,873 - INFO - 调用LLM泛化query：别挡道快起步
2026-03-10 15:57:45,677 - INFO - LLM泛化成功，生成1个变体
2026-03-10 15:57:45,677 - INFO -   已生成 19/20：麻烦快点起步，别挡路了...
2026-03-10 15:57:45,677 - INFO - 调用LLM泛化query：后车催了快走
2026-03-10 15:57:47,022 - INFO - LLM泛化成功，生成1个变体
2026-03-10 15:57:47,023 - INFO -   已生成 20/20：后面的车按喇叭了，赶紧走吧...
2026-03-10 15:57:47,023 - INFO - ID组 111 完成：基于22个原始query，新生成20个泛化query
2026-03-10 15:57:47,023 - INFO - 数据泛化完成：从415行原始数据中提取414个query，基于111个ID组，共生成2220个新query（仅泛化数据）
2026-03-10 15:57:47,023 - INFO - 正在连接目标文档：https://li.feishu.cn/sheets/KLEusATRlh1BuktstdUcZHwun8b?sheet=OotNAZ
2026-03-10 15:57:47,165 - INFO - 成功加载目标飞书表格
2026-03-10 15:57:47,166 - INFO - 开始写入目标文档...
2026-03-10 16:00:08,907 - INFO - 
=== 执行完成 ===
2026-03-10 16:00:08,908 - INFO - 总耗时：907.89s ≈ 15.1min
2026-03-10 16:00:08,909 - INFO - 原始数据：415行，包含414个query，111个ID组
2026-03-10 16:00:08,909 - INFO - 泛化后：生成2220条新query（泛化比例 1:20，仅输出泛化数据）
